<?xml version="1.0" encoding="UTF-8"?>
<document>
<type>mainstream</type>
<forum>http://ndz.de//cms_media/xml/29_NeueDeister-Zeitung-ThemadesTages.xml</forum>
<forum_title>Neue Deister-Zeitung - Thema des Tages</forum_title>
<discussion_title>Empörung im Bundestag: CDU-Mann trägt Böhmermann-Gedicht vor</discussion_title>
<language>german</language>
<gmt_offset></gmt_offset>
<topic_url>http://www.ndz.de/portal/welt/thema-des-tages_Empoerung-im-Bundestag-CDU-Mann-traegt-Boehmermann-Gedicht-vor-_arid,801217.html</topic_url>
<topic_text>
Empörung im Bundestag: CDU-Mann trägt Böhmermann-Gedicht vor Preisgekrönt - und angezeigt: Jan Böhmermann bei der Verleihung des Deutschen Fernsehpreises. Foto: Rolf Vennenbernd/Archiv 
Berlin (dpa) - Mit Empörung haben zahlreiche Bundestagsabgeordnete auf einen Redebeitrag ihres CDU-Kollegen Detlef Seif in der Debatte über den Satire-Fall Böhmermann reagiert. 
Der Jurist aus dem CDU-Kreisverband Euskirchen bei Aachen hatte in seiner Entgegnung auf Grüne und Linke zur allgemeinen Verblüffung das komplette «Schmähgedicht» des ZDF-Satirikers Jan Böhmermann über den türkischen Präsidenten Recep Tayyip Erdogan vorgelesen. 
Die Oppositionsfraktionen hatten zuvor Anträge vorgelegt mit dem Ziel, den sogenannten Majestätsbeleidigungsparagrafen im Zuge der Böhmermann-Affäre umgehend zu streichen - und nicht erst, wie von Kanzlerin Angela Merkel (CDU) angestrebt, im Jahr 2018, also nach der Bundestagswahl. Seif (53), seit 2009 im Bundestag, versuchte deutlich zu machen, dass er die drastische Wortwahl Böhmermanns ebenso missbilligt wie Merkel. 
«Ich wollte es eigentlich nicht, aber ich lese Ihnen das mal vor, damit man weiß, was ist denn hier eigentlich gesagt worden», so leitete der CDU-Mann seine «Lesung» ein. Hier würden Ressentiments bedient, eine Person werde «in ihrer Ehre ganz klar angesprochen», kritisierte Seif. Ob diese Ausdrucksweise noch von der Presse- und Meinungsfreiheit gedeckt sei, müsse die Justiz entscheiden. «Aber lassen Sie das mal in Gänze auf sich wirken, ohne Ansehen der Personen.» 
Aus dem Plenum waren während Seifs Rede mehrfach empörte Zwischenrufe wie «Unglaublich!» zu hören. Die Grünen-Politikerin Renate Künast bat den CDU-Kollegen, er solle «uns nachher mal verraten, was Sie geritten hat, das Gedicht jetzt hier zum Vortrag zu bringen». Der SPD-Abgeordnete Christian Flisek schloss sich der Einschätzung der Oppositionspolitikerin Künast an: «Sie hätten sich das Zitat schlichtweg sparen können», sagte er zu Seif. 
Auch Bundesjustizminister Heiko Maas (SPD) hatte zuletzt deutlich gemacht, dass er die wegen der Böhmermann-Affäre geplante Abschaffung des «Majestätsbeleidigungsparagrafen» vorantreiben will. Hintergrund ist die - auch in der schwarz-roten Koalition heftig umstrittene - Entscheidung Merkels, die deutsche Justiz zu Ermittlungen gegen den Satiriker wegen seines Gedichts über Erdogan zu ermächtigen - wie von der türkischen Regierung offiziell verlangt. Merkel hatte zugleich die Abschaffung von Paragraf 103 Strafgesetzbuch angekündigt, der eine Beleidigung ausländischer Staatsoberhäupter bestraft. Ein Lichtblick im Unglück
</topic_text>
<spam_score>0.00</spam_score>
<post_num>1</post_num>
<post_id>post-1</post_id>
<post_url>http://www.ndz.de/portal/welt/thema-des-tages_Empoerung-im-Bundestag-CDU-Mann-traegt-Boehmermann-Gedicht-vor-_arid,801217.html</post_url>
<post_date>20160512</post_date>
<post_time>1300</post_time>
<username></username>
<post>
Empörung im Bundestag: CDU-Mann trägt Böhmermann-Gedicht vor Preisgekrönt - und angezeigt: Jan Böhmermann bei der Verleihung des Deutschen Fernsehpreises. Foto: Rolf Vennenbernd/Archiv 
Berlin (dpa) - Mit Empörung haben zahlreiche Bundestagsabgeordnete auf einen Redebeitrag ihres CDU-Kollegen Detlef Seif in der Debatte über den Satire-Fall Böhmermann reagiert. 
Der Jurist aus dem CDU-Kreisverband Euskirchen bei Aachen hatte in seiner Entgegnung auf Grüne und Linke zur allgemeinen Verblüffung das komplette «Schmähgedicht» des ZDF-Satirikers Jan Böhmermann über den türkischen Präsidenten Recep Tayyip Erdogan vorgelesen. 
Die Oppositionsfraktionen hatten zuvor Anträge vorgelegt mit dem Ziel, den sogenannten Majestätsbeleidigungsparagrafen im Zuge der Böhmermann-Affäre umgehend zu streichen - und nicht erst, wie von Kanzlerin Angela Merkel (CDU) angestrebt, im Jahr 2018, also nach der Bundestagswahl. Seif (53), seit 2009 im Bundestag, versuchte deutlich zu machen, dass er die drastische Wortwahl Böhmermanns ebenso missbilligt wie Merkel. 
«Ich wollte es eigentlich nicht, aber ich lese Ihnen das mal vor, damit man weiß, was ist denn hier eigentlich gesagt worden», so leitete der CDU-Mann seine «Lesung» ein. Hier würden Ressentiments bedient, eine Person werde «in ihrer Ehre ganz klar angesprochen», kritisierte Seif. Ob diese Ausdrucksweise noch von der Presse- und Meinungsfreiheit gedeckt sei, müsse die Justiz entscheiden. «Aber lassen Sie das mal in Gänze auf sich wirken, ohne Ansehen der Personen.» 
Aus dem Plenum waren während Seifs Rede mehrfach empörte Zwischenrufe wie «Unglaublich!» zu hören. Die Grünen-Politikerin Renate Künast bat den CDU-Kollegen, er solle «uns nachher mal verraten, was Sie geritten hat, das Gedicht jetzt hier zum Vortrag zu bringen». Der SPD-Abgeordnete Christian Flisek schloss sich der Einschätzung der Oppositionspolitikerin Künast an: «Sie hätten sich das Zitat schlichtweg sparen können», sagte er zu Seif. 
Auch Bundesjustizminister Heiko Maas (SPD) hatte zuletzt deutlich gemacht, dass er die wegen der Böhmermann-Affäre geplante Abschaffung des «Majestätsbeleidigungsparagrafen» vorantreiben will. Hintergrund ist die - auch in der schwarz-roten Koalition heftig umstrittene - Entscheidung Merkels, die deutsche Justiz zu Ermittlungen gegen den Satiriker wegen seines Gedichts über Erdogan zu ermächtigen - wie von der türkischen Regierung offiziell verlangt. Merkel hatte zugleich die Abschaffung von Paragraf 103 Strafgesetzbuch angekündigt, der eine Beleidigung ausländischer Staatsoberhäupter bestraft. Ein Lichtblick im Unglück
</post>
<signature>

</signature>
<external_links>

</external_links>
<country>DE</country>
<main_image>http://www.ndz.de/cms_media/module_bi/2827/1413949_1_articledetail_Pipeline11808615.jpg</main_image>
</document>
