<?xml version="1.0" encoding="UTF-8"?>
<document>
<type>mainstream</type>
<forum>http://www.news9.com/category/13533/international-news?clienttype=rss</forum>
<forum_title>news9.com KWTV - International - Headline</forum_title>
<discussion_title>Ukrainian hackers publish info on thousands of journalists</discussion_title>
<language>english</language>
<gmt_offset></gmt_offset>
<topic_url>http://www.news9.com/story/31957831/ukrainian-hackers-publish-info-on-thousands-of-journalists</topic_url>
<topic_text>
Ukrainian hackers publish info on thousands of journalists Posted: Updated: Thursday, May 12 2016 12:33 PM EDT 2016-05-12 16:33:02 GMT By CARLA K. JOHNSON AP Medical Writer Medical experts say the results of Prince&apos;s autopsy - particularly the toxicology report - may clarify whether prescription painkillers played any part in... More &gt;&gt; By CARLA K. JOHNSON AP Medical Writer Prince&apos;s autopsy, particularly the toxicology report, may clarify whether prescription painkillers played any part in his death. More &gt;&gt; Updated: Thursday, May 12 2016 12:32 PM EDT 2016-05-12 16:32:58 GMT The pistol former neighborhood watch volunteer George Zimmerman used in the fatal shooting of Trayvon Martin is going up for auction online. More &gt;&gt; An online auction appears to have been halted for the pistol that former Florida neighborhood watch volunteer George Zimmerman used to kill unarmed black teenager Trayvon Martin. More &gt;&gt; Updated: Thursday, May 12 2016 12:32 PM EDT 2016-05-12 16:32:48 GMT The state of Michigan will pay all Flint water bills in May to encourage the flushing of lead from old pipes and the recoating of plumbing with a corrosion chemical. More &gt;&gt; The state of Michigan will pay all Flint water bills in May to encourage the flushing of lead from old pipes and the recoating of plumbing with a corrosion chemical. More &gt;&gt; Updated: Thursday, May 12 2016 12:32 PM EDT 2016-05-12 16:32:47 GMT New Hampshire&apos;s governor is calling for a full investigation into the use of force by police after video surfaced of officers appearing to pummel a suspect who had led them on a high-speed chase from... More &gt;&gt; Governors from two states on Thursday called for a full investigation into police use of force against a suspect who was shown on videotape being beaten by officers after apparently surrendering following a long high-speed... More &gt;&gt; Updated: Thursday, May 12 2016 12:22 PM EDT 2016-05-12 16:22:50 GMT A federal appeals court on Thursday explored the question of who was in charge, the U.S. military or civilian interrogators, when four former Iraqi detainees claim they were tortured at the notorious Abu Ghraib... More &gt;&gt; A federal appeals court on Thursday explored the question of who was in charge, the U.S. military or civilian interrogators, when four former Iraqi detainees claim they were tortured at the notorious Abu Ghraib prison. More &gt;&gt; Updated: Thursday, May 12 2016 12:22 PM EDT 2016-05-12 16:22:48 GMT Works by Claude Monet, Frida Kahlo and Pablo Picasso and other perennial favorites are going on the auction block at Christie&apos;s sale of impressionist and modern art Thursday night. More &gt;&gt; Works by Claude Monet, Frida Kahlo, Pablo Picasso and other perennial favorites are going on the auction block at Christie&apos;s sale of impressionist and modern art Thursday night. More &gt;&gt; Updated: Thursday, May 12 2016 12:22 PM EDT 2016-05-12 16:22:45 GMT For the second time in less than two weeks, a once-powerful New York politician is facing sentencing in a spate of corruption cases that have roiled Albany. More &gt;&gt; A once-powerful New York politician convicted of using his position as Senate majority leader to pressure companies to provide hundreds of thousands of dollars for his son was sentenced Thursday to five years in prison,... More &gt;&gt; Updated: Thursday, May 12 2016 12:15 PM EDT 2016-05-12 16:15:34 GMT Robert Hewett says life has been &quot;terrible&quot; in the year since he was thrown from the front car of Amtrak Train 188 when it jumped the tracks in Philadelphia. More &gt;&gt; Robert Hewett says life has been &quot;terrible&quot; in the year since he was thrown from the front car of Amtrak Train 188 when it jumped the tracks in Philadelphia. More &gt;&gt; Thursday, May 12 2016 12:13 PM EDT 2016-05-12 16:13:06 GMT In cities across America, the middle class is hollowing out. More &gt;&gt; In cities across America, the middle class is hollowing out. More &gt;&gt; Updated: Thursday, May 12 2016 12:13 PM EDT 2016-05-12 16:13:05 GMT University of Texas System regents are expected to consider rules allowing concealed handguns in campus classrooms and buildings. More &gt;&gt; University of Texas System regents have postponed until July a vote on proposed rules allowing concealed handguns in campus buildings due to concerns that some might be too restrictive. More &gt;&gt; By LYNN BERRYAssociated Press 
MOSCOW (AP) - A group of Ukrainian hackers has published the names and contact information of thousands of journalists who have reported from rebel-controlled eastern Ukraine, raising concerns about the safety of the journalists, including many from international media organizations. 
The hackers said they had gained access to computers used by the Russia-backed separatists to register journalists working in the conflict zone and felt it was necessary to publish the list &quot;because these journalists collaborate with fighters from terrorist organizations.&quot; 
The New York-based Committee to Protect Journalists issued a statement on Wednesday condemning the publication of the list, which contains 7,000 entries and data on about 4,500 journalists, including their cellphone numbers and email addresses. 
&quot;Publishing journalists&apos; private contact details puts them at risk,&quot; Nina Ognianova, the CPJ Europe and Central Asia program coordinator, said in the statement. &quot;At worst this action could be read as a thinly veiled call to target them.&quot; 
Ukraine&apos;s Prosecutor General&apos;s Office said Wednesday that it has opened an investigation into the publication of the hacked data, which it said had already led to some journalists being threatened. 
A letter signed by about 40 Ukrainian and foreign journalists said some of those on the list had received threatening emails and phone calls, while a broader concern was that some Ukrainian politicians were now calling for them to be considered &quot;enemies of Ukraine&quot; and barred from working in the country. 
The letter noted that the rebels had detained nearly 80 journalists in eastern Ukraine, subjecting some of them to torture, so journalists abided by the separatists&apos; &quot;accreditation&quot; requirement to give themselves some measure of protection. 
The Associated Press was among the many media organizations whose journalists were on the list. 
&quot;Providing news coverage is not the same as supporting any one side - quite the opposite,&quot; said John Daniszewski, AP vice president for international news. &quot;News gatherers for legitimate news organizations are objective. They cover and share information that the public needs. Ukrainians who believe in freedom should forcefully defend the value of news coverage to tell Ukraine&apos;s story. These hackers apparently have misunderstood the role journalism plays in a free society.&quot; 
The hackers posted the list on a website called Myrotvorets, or Peacekeeper, on Saturday. It attracted attention after a member of Ukraine&apos;s parliament, Anton Gerashchenko, praised the hackers in a Facebook posting on Tuesday. 
Gerashchenko said the list, which also included the names of 120 people working in the separatists&apos; propaganda department, showed that Ukraine needs to do much more to counter propaganda from Russia and &quot;its puppets.&quot; 
He called for imposing controls over television content to prevent the distribution of information that could undermine Ukraine&apos;s sovereignty or territorial integrity and on the accreditation process for foreign journalists, particularly those from Russia. 
The U.S. State Department expressed concern about the hacking. 
&quot;Journalists play a critical role, particularly in countries where civil and political rights are fragile and in areas of conflict where the hazards of reporting are at their most extreme,&quot; State Department spokeswoman Elizabeth Trudeau said. &quot;So we are concerned.&quot; Copyright 2016 The Associated Press. All rights reserved. This material may not be published, broadcast, rewritten or redistributed. News 9 Oklahoma City, OK 73111 OKLAHOMA CITY&apos;S OWN TM Oklahoma&apos;s Own News9.com is proud to provide Oklahomans with timely and relevant news and information, sharing the stories, pictures and loves of Oklahomans across our great state including Oklahoma City&apos;s Own.
</topic_text>
<spam_score>0.00</spam_score>
<post_num>1</post_num>
<post_id>post-1</post_id>
<post_url>http://www.news9.com/story/31957831/ukrainian-hackers-publish-info-on-thousands-of-journalists</post_url>
<post_date>20160512</post_date>
<post_time>1603</post_time>
<username></username>
<post>
Ukrainian hackers publish info on thousands of journalists Posted: Updated: Thursday, May 12 2016 12:33 PM EDT 2016-05-12 16:33:02 GMT By CARLA K. JOHNSON AP Medical Writer Medical experts say the results of Prince&apos;s autopsy - particularly the toxicology report - may clarify whether prescription painkillers played any part in... More &gt;&gt; By CARLA K. JOHNSON AP Medical Writer Prince&apos;s autopsy, particularly the toxicology report, may clarify whether prescription painkillers played any part in his death. More &gt;&gt; Updated: Thursday, May 12 2016 12:32 PM EDT 2016-05-12 16:32:58 GMT The pistol former neighborhood watch volunteer George Zimmerman used in the fatal shooting of Trayvon Martin is going up for auction online. More &gt;&gt; An online auction appears to have been halted for the pistol that former Florida neighborhood watch volunteer George Zimmerman used to kill unarmed black teenager Trayvon Martin. More &gt;&gt; Updated: Thursday, May 12 2016 12:32 PM EDT 2016-05-12 16:32:48 GMT The state of Michigan will pay all Flint water bills in May to encourage the flushing of lead from old pipes and the recoating of plumbing with a corrosion chemical. More &gt;&gt; The state of Michigan will pay all Flint water bills in May to encourage the flushing of lead from old pipes and the recoating of plumbing with a corrosion chemical. More &gt;&gt; Updated: Thursday, May 12 2016 12:32 PM EDT 2016-05-12 16:32:47 GMT New Hampshire&apos;s governor is calling for a full investigation into the use of force by police after video surfaced of officers appearing to pummel a suspect who had led them on a high-speed chase from... More &gt;&gt; Governors from two states on Thursday called for a full investigation into police use of force against a suspect who was shown on videotape being beaten by officers after apparently surrendering following a long high-speed... More &gt;&gt; Updated: Thursday, May 12 2016 12:22 PM EDT 2016-05-12 16:22:50 GMT A federal appeals court on Thursday explored the question of who was in charge, the U.S. military or civilian interrogators, when four former Iraqi detainees claim they were tortured at the notorious Abu Ghraib... More &gt;&gt; A federal appeals court on Thursday explored the question of who was in charge, the U.S. military or civilian interrogators, when four former Iraqi detainees claim they were tortured at the notorious Abu Ghraib prison. More &gt;&gt; Updated: Thursday, May 12 2016 12:22 PM EDT 2016-05-12 16:22:48 GMT Works by Claude Monet, Frida Kahlo and Pablo Picasso and other perennial favorites are going on the auction block at Christie&apos;s sale of impressionist and modern art Thursday night. More &gt;&gt; Works by Claude Monet, Frida Kahlo, Pablo Picasso and other perennial favorites are going on the auction block at Christie&apos;s sale of impressionist and modern art Thursday night. More &gt;&gt; Updated: Thursday, May 12 2016 12:22 PM EDT 2016-05-12 16:22:45 GMT For the second time in less than two weeks, a once-powerful New York politician is facing sentencing in a spate of corruption cases that have roiled Albany. More &gt;&gt; A once-powerful New York politician convicted of using his position as Senate majority leader to pressure companies to provide hundreds of thousands of dollars for his son was sentenced Thursday to five years in prison,... More &gt;&gt; Updated: Thursday, May 12 2016 12:15 PM EDT 2016-05-12 16:15:34 GMT Robert Hewett says life has been &quot;terrible&quot; in the year since he was thrown from the front car of Amtrak Train 188 when it jumped the tracks in Philadelphia. More &gt;&gt; Robert Hewett says life has been &quot;terrible&quot; in the year since he was thrown from the front car of Amtrak Train 188 when it jumped the tracks in Philadelphia. More &gt;&gt; Thursday, May 12 2016 12:13 PM EDT 2016-05-12 16:13:06 GMT In cities across America, the middle class is hollowing out. More &gt;&gt; In cities across America, the middle class is hollowing out. More &gt;&gt; Updated: Thursday, May 12 2016 12:13 PM EDT 2016-05-12 16:13:05 GMT University of Texas System regents are expected to consider rules allowing concealed handguns in campus classrooms and buildings. More &gt;&gt; University of Texas System regents have postponed until July a vote on proposed rules allowing concealed handguns in campus buildings due to concerns that some might be too restrictive. More &gt;&gt; By LYNN BERRYAssociated Press 
MOSCOW (AP) - A group of Ukrainian hackers has published the names and contact information of thousands of journalists who have reported from rebel-controlled eastern Ukraine, raising concerns about the safety of the journalists, including many from international media organizations. 
The hackers said they had gained access to computers used by the Russia-backed separatists to register journalists working in the conflict zone and felt it was necessary to publish the list &quot;because these journalists collaborate with fighters from terrorist organizations.&quot; 
The New York-based Committee to Protect Journalists issued a statement on Wednesday condemning the publication of the list, which contains 7,000 entries and data on about 4,500 journalists, including their cellphone numbers and email addresses. 
&quot;Publishing journalists&apos; private contact details puts them at risk,&quot; Nina Ognianova, the CPJ Europe and Central Asia program coordinator, said in the statement. &quot;At worst this action could be read as a thinly veiled call to target them.&quot; 
Ukraine&apos;s Prosecutor General&apos;s Office said Wednesday that it has opened an investigation into the publication of the hacked data, which it said had already led to some journalists being threatened. 
A letter signed by about 40 Ukrainian and foreign journalists said some of those on the list had received threatening emails and phone calls, while a broader concern was that some Ukrainian politicians were now calling for them to be considered &quot;enemies of Ukraine&quot; and barred from working in the country. 
The letter noted that the rebels had detained nearly 80 journalists in eastern Ukraine, subjecting some of them to torture, so journalists abided by the separatists&apos; &quot;accreditation&quot; requirement to give themselves some measure of protection. 
The Associated Press was among the many media organizations whose journalists were on the list. 
&quot;Providing news coverage is not the same as supporting any one side - quite the opposite,&quot; said John Daniszewski, AP vice president for international news. &quot;News gatherers for legitimate news organizations are objective. They cover and share information that the public needs. Ukrainians who believe in freedom should forcefully defend the value of news coverage to tell Ukraine&apos;s story. These hackers apparently have misunderstood the role journalism plays in a free society.&quot; 
The hackers posted the list on a website called Myrotvorets, or Peacekeeper, on Saturday. It attracted attention after a member of Ukraine&apos;s parliament, Anton Gerashchenko, praised the hackers in a Facebook posting on Tuesday. 
Gerashchenko said the list, which also included the names of 120 people working in the separatists&apos; propaganda department, showed that Ukraine needs to do much more to counter propaganda from Russia and &quot;its puppets.&quot; 
He called for imposing controls over television content to prevent the distribution of information that could undermine Ukraine&apos;s sovereignty or territorial integrity and on the accreditation process for foreign journalists, particularly those from Russia. 
The U.S. State Department expressed concern about the hacking. 
&quot;Journalists play a critical role, particularly in countries where civil and political rights are fragile and in areas of conflict where the hazards of reporting are at their most extreme,&quot; State Department spokeswoman Elizabeth Trudeau said. &quot;So we are concerned.&quot; Copyright 2016 The Associated Press. All rights reserved. This material may not be published, broadcast, rewritten or redistributed. News 9 Oklahoma City, OK 73111 OKLAHOMA CITY&apos;S OWN TM Oklahoma&apos;s Own News9.com is proud to provide Oklahomans with timely and relevant news and information, sharing the stories, pictures and loves of Oklahomans across our great state including Oklahoma City&apos;s Own.
</post>
<signature>

</signature>
<external_links>

</external_links>
<country>US</country>
<main_image></main_image>
</document>
