<?xml version="1.0" encoding="UTF-8"?>
<document>
<type>mainstream</type>
<forum>http://rian.com.ua/export/rss2/index.xml</forum>
<forum_title>РИА Новости Украина Украина</forum_title>
<discussion_title>Мищенко: пять плюсов и пять минусов генпрокурора Луценко</discussion_title>
<language>russian</language>
<gmt_offset></gmt_offset>
<topic_url>http://rian.com.ua/columnist/20160512/1008269011.html</topic_url>
<topic_text>
18:34 12.05.2016 ) 742 2 2 Непрофессионализм, неопытность, отсутствие команды и политическая заангажированность являются, по мнению нардепа Сергея Мищенко, главными минусами Юрия Луценко на посту главы Генеральной прокуратуры. РИА Новости Украина Евгений Котенко 
Антон Степанов, РИА Новости Украина 
Верховная Рада Украины поддержала назначение экс-главы МВД Украины, главы фракции &quot;Блок Петра Порошенко&quot; Юрия Луценко на должность генерального прокурора. Решение о назначении Луценко главой ГПУ поддержали 264 народных депутата. На голосование парламента по данному вопросу президент Украины Петр Порошенко пришел лично . Информационное агентство &quot;Українські Новини&quot;/Youtube ВИДЕО. Перепалка Луценко с охраной Рады 
О плюсах и очевидных минусах Юрия Луценко на посту главы Генеральной прокуратуры РИА Новости Украина рассказал не понаслышке знакомый с работой силового ведомства народный депутат Сергей Мищенко. По мнению политика, очевидные минусы Юрия Луценко на посту главы Генеральной прокуратуры полностью перекрывают возможные плюсы. 
Плюсы: уважение, знание системы, честь 
01. &quot;Одним из главных преимуществ Юрия Луценко можно назвать тот факт, что он является политиком наивысшего уровня, - говорит Мищенко. Это — человек, который помимо политических успехов возглавлял еще и министерство внутренних дел, следовательно, хорошо знаком с работой системы правоохранительных органов. Пусть эти знания и не идеальны, но их хватает для более-менее успешной деятельности&quot;. 
02. &quot;Вторым несомненным плюсом является то, что Луценко уважают во многих политических кругах. Поверьте, это многого стоит и, в какой-то степени, может поспособствовать плодотворности работы Юрия Витальевича на своем посту&quot;, - уверен политик. 
03. &quot;Одной из главных претензий, которая предъявлялась предыдущим председателям Генпрокуратуры были отсутствие должных результатов в расследовании убийств на Майдане зимой 2014-го. Простой в расследовании касался и других откровенно резонансных дел, в частности, преступлений режима бывшего президента Виктора Януковича, — отмечает депутат. Учитывая, что именно Виктор Федорович был среди инициаторов посадки Юрия Луценко в тюрьму, думаю, что для последнего расследование злодеяний &quot;семьи&quot; станет чуть ли не делом чести&quot;. 
04. &quot;Я неплохо знаю Юрия Витальевича и могу охарактеризовать его как трудоголика, — признается Мищенко. - Луценко может работать чуть ли не круглосуточно, день и ночь. Не сомневаюсь, что такое рвение и трудоспособность однозначно пригодятся при руководстве таким однозначно непростым ведомством, как Генеральная прокуратура&quot;. 
05. &quot;К положительным моментам кандидатуры лидера &quot;Блока Петра Порошенко&quot; на пост в Генпрокуратуру можно отнести его публичность. При Луценко вряд ли будут какие-то секреты и замалчивание результатов&quot;, - говорит нардеп. ВИДЕО. Луценко о должности генпрокурора: не хочу, но готов 
Минусы: Отсутствие образования, неприятие в ГПУ, зависимость 
01. &quot;Среди однозначных негативов кандидатуры Луценко можно назвать то, что Луценко никогда не работал в органах прокуратуры, - считает собеседник. — Прокурорские могут просто не принять своего нового председателя. В чем это будет выражаться? Работники Генпрокуратуры могут, например, делать все для того, чтобы Луценко как можно быстрее покинул свой пост. В такой ситуации единственным выходом для Юрия Витальевича будет уволить всех и набрать новых. Хотя, не думаю, что это будет для него правильным решением. Такую же ошибку, к слову, допустил глава МВД Арсен Аваков, который выгнал всех профессионалов, а стало только хуже — преступность выросла, раскрытие преступлений на уровне нуля. Если в таком же ключе поступит Луценко, это чревато большими проблемами государству и его правоохранительной системе&quot;. 
02. &quot;Луценко не является профессионалом в области, которую ему предлагают возглавить, - считает Мищенко. — Кто бы что не говорил, а юридическое образование генеральному прокурору попросту необходимо. Зачем? А как же он будет давать указания подчиненным? Нужно понимать, генеральный прокурор — это наивысший наблюдательный орган за всеми правоохранительными органами, он выше антикоррупционного прокурора, заместителей. Если человек не расследовал ни одного уголовного дела — он не генеральный прокурор. Как Луценко собирается давать указания по Майдану или Януковичу, если он не знает ни Криминально-процессуального кодекса, ни процесса, ни следственных действий. Как в свое время обвиняемый, который читал свое уголовное дело, он, конечно, может иметь представление. Но ведь это, как говорится, совсем разные вещи&quot;. Юрий Луценко. Справка 
03. &quot;Еще одним очевидным минусом кандидатуры Луценко на посту генерального прокурора является его политическая принадлежность, ведь в ГПУ Юрий Витальевич пойдет от &quot;Блока Петра Порошенко, - отмечает депутат. — В то же время глава Генпропрокуратуры должен быть равноудаленным от всех политических сил. Это очень существенный минус, поскольку в той или иной степени генпрокурор Луценко будет зависим от &quot;Блока Петра Порошенко&quot;. 
04. &quot;Публичность Луценко, которая является плюсом, может стать его же минусом. Ведь не секрет, что многие вещи в Генеральной прокуратуре любят тишину и не должны выноситься на обозрение общественности&quot;, — считает специалист. 
05. &quot;Последний и, возможно, главный минус кандидатуры Луценко — отсутствие команды специалистов из прокурорской среды, которые могли компенсировать своим мастерством отсутсвие опыта и знаний у самого генпрокурора&quot;, — резюмировал Мищенко.
</topic_text>
<spam_score>0.00</spam_score>
<post_num>1</post_num>
<post_id>post-1</post_id>
<post_url>http://rian.com.ua/columnist/20160512/1008269011.html</post_url>
<post_date>20160512</post_date>
<post_time>1530</post_time>
<username></username>
<post>
18:34 12.05.2016 ) 742 2 2 Непрофессионализм, неопытность, отсутствие команды и политическая заангажированность являются, по мнению нардепа Сергея Мищенко, главными минусами Юрия Луценко на посту главы Генеральной прокуратуры. РИА Новости Украина Евгений Котенко 
Антон Степанов, РИА Новости Украина 
Верховная Рада Украины поддержала назначение экс-главы МВД Украины, главы фракции &quot;Блок Петра Порошенко&quot; Юрия Луценко на должность генерального прокурора. Решение о назначении Луценко главой ГПУ поддержали 264 народных депутата. На голосование парламента по данному вопросу президент Украины Петр Порошенко пришел лично . Информационное агентство &quot;Українські Новини&quot;/Youtube ВИДЕО. Перепалка Луценко с охраной Рады 
О плюсах и очевидных минусах Юрия Луценко на посту главы Генеральной прокуратуры РИА Новости Украина рассказал не понаслышке знакомый с работой силового ведомства народный депутат Сергей Мищенко. По мнению политика, очевидные минусы Юрия Луценко на посту главы Генеральной прокуратуры полностью перекрывают возможные плюсы. 
Плюсы: уважение, знание системы, честь 
01. &quot;Одним из главных преимуществ Юрия Луценко можно назвать тот факт, что он является политиком наивысшего уровня, - говорит Мищенко. Это — человек, который помимо политических успехов возглавлял еще и министерство внутренних дел, следовательно, хорошо знаком с работой системы правоохранительных органов. Пусть эти знания и не идеальны, но их хватает для более-менее успешной деятельности&quot;. 
02. &quot;Вторым несомненным плюсом является то, что Луценко уважают во многих политических кругах. Поверьте, это многого стоит и, в какой-то степени, может поспособствовать плодотворности работы Юрия Витальевича на своем посту&quot;, - уверен политик. 
03. &quot;Одной из главных претензий, которая предъявлялась предыдущим председателям Генпрокуратуры были отсутствие должных результатов в расследовании убийств на Майдане зимой 2014-го. Простой в расследовании касался и других откровенно резонансных дел, в частности, преступлений режима бывшего президента Виктора Януковича, — отмечает депутат. Учитывая, что именно Виктор Федорович был среди инициаторов посадки Юрия Луценко в тюрьму, думаю, что для последнего расследование злодеяний &quot;семьи&quot; станет чуть ли не делом чести&quot;. 
04. &quot;Я неплохо знаю Юрия Витальевича и могу охарактеризовать его как трудоголика, — признается Мищенко. - Луценко может работать чуть ли не круглосуточно, день и ночь. Не сомневаюсь, что такое рвение и трудоспособность однозначно пригодятся при руководстве таким однозначно непростым ведомством, как Генеральная прокуратура&quot;. 
05. &quot;К положительным моментам кандидатуры лидера &quot;Блока Петра Порошенко&quot; на пост в Генпрокуратуру можно отнести его публичность. При Луценко вряд ли будут какие-то секреты и замалчивание результатов&quot;, - говорит нардеп. ВИДЕО. Луценко о должности генпрокурора: не хочу, но готов 
Минусы: Отсутствие образования, неприятие в ГПУ, зависимость 
01. &quot;Среди однозначных негативов кандидатуры Луценко можно назвать то, что Луценко никогда не работал в органах прокуратуры, - считает собеседник. — Прокурорские могут просто не принять своего нового председателя. В чем это будет выражаться? Работники Генпрокуратуры могут, например, делать все для того, чтобы Луценко как можно быстрее покинул свой пост. В такой ситуации единственным выходом для Юрия Витальевича будет уволить всех и набрать новых. Хотя, не думаю, что это будет для него правильным решением. Такую же ошибку, к слову, допустил глава МВД Арсен Аваков, который выгнал всех профессионалов, а стало только хуже — преступность выросла, раскрытие преступлений на уровне нуля. Если в таком же ключе поступит Луценко, это чревато большими проблемами государству и его правоохранительной системе&quot;. 
02. &quot;Луценко не является профессионалом в области, которую ему предлагают возглавить, - считает Мищенко. — Кто бы что не говорил, а юридическое образование генеральному прокурору попросту необходимо. Зачем? А как же он будет давать указания подчиненным? Нужно понимать, генеральный прокурор — это наивысший наблюдательный орган за всеми правоохранительными органами, он выше антикоррупционного прокурора, заместителей. Если человек не расследовал ни одного уголовного дела — он не генеральный прокурор. Как Луценко собирается давать указания по Майдану или Януковичу, если он не знает ни Криминально-процессуального кодекса, ни процесса, ни следственных действий. Как в свое время обвиняемый, который читал свое уголовное дело, он, конечно, может иметь представление. Но ведь это, как говорится, совсем разные вещи&quot;. Юрий Луценко. Справка 
03. &quot;Еще одним очевидным минусом кандидатуры Луценко на посту генерального прокурора является его политическая принадлежность, ведь в ГПУ Юрий Витальевич пойдет от &quot;Блока Петра Порошенко, - отмечает депутат. — В то же время глава Генпропрокуратуры должен быть равноудаленным от всех политических сил. Это очень существенный минус, поскольку в той или иной степени генпрокурор Луценко будет зависим от &quot;Блока Петра Порошенко&quot;. 
04. &quot;Публичность Луценко, которая является плюсом, может стать его же минусом. Ведь не секрет, что многие вещи в Генеральной прокуратуре любят тишину и не должны выноситься на обозрение общественности&quot;, — считает специалист. 
05. &quot;Последний и, возможно, главный минус кандидатуры Луценко — отсутствие команды специалистов из прокурорской среды, которые могли компенсировать своим мастерством отсутсвие опыта и знаний у самого генпрокурора&quot;, — резюмировал Мищенко.
</post>
<signature>

</signature>
<external_links>

</external_links>
<country>UA</country>
<main_image>http://rian.com.ua/images/100986/46/1009864627.jpg</main_image>
</document>
