<?xml version="1.0" encoding="UTF-8"?>
<document>
<type>mainstream</type>
<forum>http://www.sturgisjournal.com/section/?template=rss_photos&amp;mime=xml</forum>
<forum_title>sturgisjournal.com</forum_title>
<discussion_title>Cinco de Mayo celebration</discussion_title>
<language>english</language>
<gmt_offset></gmt_offset>
<topic_url>http://www.sturgisjournal.com/photogallery/MI/20160512/PHOTOGALLERY/512009998/PH/326_629?rssfeed=true</topic_url>
<topic_text>
 
</topic_text>
<spam_score>0.00</spam_score>
<post_num>1</post_num>
<post_id>post-1</post_id>
<post_url>http://www.sturgisjournal.com/photogallery/MI/20160512/PHOTOGALLERY/512009998/PH/326_629?rssfeed=true</post_url>
<post_date>20160512</post_date>
<post_time>0500</post_time>
<username></username>
<post>
 
</post>
<signature>

</signature>
<external_links>

</external_links>
<country>US</country>
<main_image>http://www.sturgisjournal.com/galleryimage/MI/20160512/PHOTOGALLERY/512009998/PH/0/1/PH-512009998.jpg</main_image>
</document>
