<?xml version="1.0" encoding="UTF-8"?>
<document>
<type>mainstream</type>
<forum>http://www.dailymail.co.uk/news/articles.rss</forum>
<forum_title>News Articles | Mail Online</forum_title>
<discussion_title>Department of Homeland Security released nearly 20,000 criminal immigrants last year, it&apos;s revealed</discussion_title>
<language>english</language>
<gmt_offset></gmt_offset>
<topic_url>http://www.dailymail.co.uk/news/article-3585484/DHS-released-nearly-20-000-criminal-immigrants-year.html</topic_url>
<topic_text>
28 shares 3
View
comments
Close to 20,000 convicted criminal immigrants were released from jail by Homeland Security last year, it has been revealed.
Among the more than 19,700 convicts freed was Jean Jacques, an immigrant living in the U.S. illegally, who killed a Connecticut woman just six months after he was allowed out.
The U.S. tried repeatedly to deport Jacques, but his native Haiti wouldn&apos;t take him back after he served more than a decade in a state prison for attempted murder and committed multiple parole violations.
ICE has released tens of thousands of convicted criminals. Combined, those people have been convicted of hundreds of thousands of crimes, including murder and sexual assault (file photo)
Each time Jacques was arrested on a parole violation, he would serve a sentence in state prison and then be released to immigration custody.
At least three times, Haiti refused to take him back, so Immigration and Customs Enforcement officials in early 2015 did the same thing they do thousands of times a year — they released a violent criminal immigrant from jail.
Six months later, Jacques killed Casey Chadwick, a young Norwich, Connecticut, woman. He was convicted of murder last April and faces sentencing this summer.
Jacques is a textbook example of the kind of immigrant living in the U.S. illegally that the Obama administration says should be returned to his home country. But that&apos;s easier said than done.
Jacques&apos; release and that of more than 19,700 convicted criminal immigrants during the 2015 budget year reveal yet another complication in the country&apos;s complicated immigration system. ICE has released tens of thousands of convicted criminals. Combined, those people have been convicted of hundreds of thousands of crimes, including murder and sexual assault.
Jacques&apos; case and those of others like him show how difficult it would be to carry out proposals by some politicians, including presumptive Republican presidential nominee Donald Trump, that immigration officials simply find and deport the estimated 11 million immigrants living in the country illegally.
ICE Director Sarah Saldana told Congress recently that agents routinely have little choice but to release immigrants.
Jean Jacques (left), an immigrant living in the U.S. illegally, killed Casey Chadwick (right). He was convicted of murder last April and faces sentencing this summer. The U.S. tried repeatedly to deport him, but his native Haiti wouldn&apos;t take him back
Saldana said the agency is bound by a complex set of immigration laws and rules that govern which immigrants have to be detained and which ones can be set free while they wait for an immigration judge to rule on their case.
Add to the mix a years-long immigration court backlog of nearly half a million cases and some criminal immigrants could be free in the United States for years before being ordered out of the country.
&apos;What is unacceptable is even one (release). Why did you release even one person?&apos; Rep. Jason Chaffetz, R-Utah, asked Saldana.
Saldana also told lawmakers that an effort to develop a system to alert local authorities about a newly released criminal immigrant is underway.
But lawmakers and others say it&apos;s not enough.
&apos;They got caught committing a crime. They were convicted of the crime and instead of following the law and deporting them, you released them... and they commit more crimes,&apos; Chaffetz said. &apos;That is so wholly unacceptable.&apos;
ICE Director Sarah Saldana said the agency is bound by a complex set of immigration laws and rules that govern which immigrants have to be detained and which ones can be set free while they wait for an immigration judge to rule on their case
Chester Fairlie, the Chadwick family&apos;s lawyer, said criminal immigrants like Jacques need to stay in jail. And the government could pressure other governments to take back their citizens, he said, by cutting aid packages or reducing the number of visas available for their citizens to come to the United States.
&apos;It seems to me that our State Department should have enough leverage to say to them, you cannot arbitrarily refuse to take these people back,&apos; Fairlie said.
The House Judiciary Committee approved a bill in March 2015 that would allow the U.S. to continue to detain some criminal immigrants even if their home country won&apos;t take them back. It hasn&apos;t progressed beyond the committee.
But Chaffetz said the administration already can pressure foreign governments to take their citizens back by curbing visas. He said Homeland Security officials need to ask the State Department to impose those visa sanctions.
&apos;By U.S. law, these countries must accept deportations or we won&apos;t give any more visas,&apos; Chaffetz said. &apos;All I&apos;m asking is that the administration enforces current law.&apos;
The State Department said Wednesday it has been asked to curb visas in the past, and a meeting is planned between State and DHS officials.
It is expected that DHS officials will make a new request for some visa sanctions, but it&apos;s unclear which countries may be targeted.
Jacques&apos; case and those of others like him show how difficult it would be to carry out proposals by some politicians, including presumptive Republican presidential nominee Donald Trump, that immigration officials simply find and deport the estimated 11 million immigrants living in the country illegally
The government has briefly stopped issuing some temporary work visas for immigrants from certain countries that have refused the return of their citizens, including Guyana in 2001.
Such efforts can be a sort of signal to other nations considering blocking the return of some criminal immigrants.
&apos;You can do it in a targeted way and stop issuing certain categories of visas,&apos; said Igor Timofeyev, a former director of immigration policy and a special adviser for refugee and asylum affairs at DHS during President George W. Bush&apos;s administration.
But the effort can be fraught with political and diplomatic complications, Timofeyev said. In the case of China, for instance, a complicated political and economic relationship means that being able to send home criminal immigrants is not the only consideration for an administration.
 Next ISIS suspect&apos;s iPhone is still locked FIVE MONTHS after anti... Man who screamed ‘Allahu Akbar’ while carrying out knife... Nevertheless, Chaffetz and other Republican lawmakers have repeatedly pressed DHS officials to kick-start efforts to penalize countries whose governments have refused to cooperate with deportation efforts.
&apos;They shouldn&apos;t be getting federal aid,&apos; Chaffetz said during the hearing on the issue. &apos;And we shouldn&apos;t be giving them visas so that more people from those countries can come to the United States.&apos;
</topic_text>
<spam_score>0.00</spam_score>
<post_num>4</post_num>
<post_id>post-4</post_id>
<post_url>http://www.dailymail.co.uk/news/article-3585484/DHS-released-nearly-20-000-criminal-immigrants-year.html</post_url>
<post_date>20160512</post_date>
<post_time>1731</post_time>
<username>give-me-liberty</username>
<post>
I don&apos;t recognize my own country anymore. :-( Praying Trump can reverse the insanity - he&apos;s the only one who can.
</post>
<signature>

</signature>
<external_links>

</external_links>
<country>GB</country>
<main_image>http://i.dailymail.co.uk/i/pix/2016/05/12/15/3416068900000578-0-image-a-15_1463063558084.jpg</main_image>
</document>
