<?xml version="1.0" encoding="UTF-8"?>
<document>
<type>mainstream</type>
<forum></forum>
<forum_title></forum_title>
<discussion_title>Polo Ralph Lauren a Wimbledon 2016 - Vogue.it</discussion_title>
<language>italian</language>
<gmt_offset></gmt_offset>
<topic_url>http://www.vogue.it/l-uomo-vogue/news/2016/05/12/polo-ralph-lauren-wimbledon-2016/</topic_url>
<topic_text>
Polo Ralph Lauren a Wimbledon 2016 Ecco le nuove divise studiate per la 130°edizione del celebre torneo inglese L&apos;Uomo Vogue / News / Polo Ralph Lauren a Wimbledon 2016 May 12, 2016 3:47 PM by Redazione 
I Championships di Wimbledon si terranno quest’anno dal 27 giugno al 10 luglio. Per l’occasione, e per festeggiare la 130°edizione del celebre torneo di tennis britannico, Polo Ralph Lauren rinnova la partnership con The All England Club in qualità di fornitore ufficiale. 

Per arbitri, giudici e raccattapalle è stata studiata una linea 2016 ispirata all’heritage del brand, che resta in collegamento con la dinamicità e la potenza del tennis e, allo stesso tempo, esplora nuovi orizzonti per vestibilità, silhouette e tessuti. Le nouances dominanti sono quelle ufficiali del torneo: blu navy, verde e viola. 

Oltre alle divise, diverse fra loro e studiate per le esigenze di ogni categoria, Polo Ralph Lauren presenta anche una linea di occhiali da sole ( Umpire Official ) . L’intera collezione è disponibile in selezionati Ralph Lauren store, sul sito web e, naturalmente, presso il The Wimbledon Shop durante il torneo. More 
</topic_text>
<spam_score>0.00</spam_score>
<post_num>1</post_num>
<post_id>post-1</post_id>
<post_url>http://www.vogue.it/l-uomo-vogue/news/2016/05/12/polo-ralph-lauren-wimbledon-2016/</post_url>
<post_date>20160512</post_date>
<post_time></post_time>
<username>Elena Bara</username>
<post>
Polo Ralph Lauren a Wimbledon 2016 Ecco le nuove divise studiate per la 130°edizione del celebre torneo inglese L&apos;Uomo Vogue / News / Polo Ralph Lauren a Wimbledon 2016 May 12, 2016 3:47 PM by Redazione 
I Championships di Wimbledon si terranno quest’anno dal 27 giugno al 10 luglio. Per l’occasione, e per festeggiare la 130°edizione del celebre torneo di tennis britannico, Polo Ralph Lauren rinnova la partnership con The All England Club in qualità di fornitore ufficiale. 

Per arbitri, giudici e raccattapalle è stata studiata una linea 2016 ispirata all’heritage del brand, che resta in collegamento con la dinamicità e la potenza del tennis e, allo stesso tempo, esplora nuovi orizzonti per vestibilità, silhouette e tessuti. Le nouances dominanti sono quelle ufficiali del torneo: blu navy, verde e viola. 

Oltre alle divise, diverse fra loro e studiate per le esigenze di ogni categoria, Polo Ralph Lauren presenta anche una linea di occhiali da sole ( Umpire Official ) . L’intera collezione è disponibile in selezionati Ralph Lauren store, sul sito web e, naturalmente, presso il The Wimbledon Shop durante il torneo. More 
</post>
<signature>

</signature>
<external_links>

</external_links>
<country>IE</country>
<main_image>http://images.vogue.it/wp-content/uploads/2016/05/12172459/FinalUmpCoat-534x800.jpeg</main_image>
</document>
