<?xml version="1.0" encoding="UTF-8"?>
<document>
<type>mainstream</type>
<forum></forum>
<forum_title></forum_title>
<discussion_title>New vision - Vogue.it</discussion_title>
<language>italian</language>
<gmt_offset></gmt_offset>
<topic_url>http://www.vogue.it/moda/cover-fashion-stories/2016/05/10/new-vision/</topic_url>
<topic_text>
by Redazione 
Flashforward mood . Un vento nuovo, aspettative inedite, visioni future. Lo stile è fluido. Cambia, si evolve, si rinnova. Così lo styling. Grazie anche a trattamenti come Kérastase Nutritive che, assicurando il massimo della nutrizione alla fibra capillare, sublimano la fluidità e l’elasticità delle lunghezze. Abito lungo di organza a righe con fiori multicolor ricamati in filo di cotone e seta, Blumarine . Cappello E arly Halloween. Fashion editor Olivier Rizzo. Hair Guido for Redken. Maquillage Pat McGrath. Manicure Jin Soon Choi for JINsoon. Set design by Mary Howard. On set PRODN @ Art+Commerce. 
Vogue Italia di questo mese è in edicola da oggi a Milano e nei prossimi giorni nel resto d’Italia. More 
</topic_text>
<spam_score>0.00</spam_score>
<post_num>1</post_num>
<post_id>post-1</post_id>
<post_url>http://www.vogue.it/moda/cover-fashion-stories/2016/05/10/new-vision/</post_url>
<post_date>20160510</post_date>
<post_time></post_time>
<username>Selene Oliva</username>
<post>
by Redazione 
Flashforward mood . Un vento nuovo, aspettative inedite, visioni future. Lo stile è fluido. Cambia, si evolve, si rinnova. Così lo styling. Grazie anche a trattamenti come Kérastase Nutritive che, assicurando il massimo della nutrizione alla fibra capillare, sublimano la fluidità e l’elasticità delle lunghezze. Abito lungo di organza a righe con fiori multicolor ricamati in filo di cotone e seta, Blumarine . Cappello E arly Halloween. Fashion editor Olivier Rizzo. Hair Guido for Redken. Maquillage Pat McGrath. Manicure Jin Soon Choi for JINsoon. Set design by Mary Howard. On set PRODN @ Art+Commerce. 
Vogue Italia di questo mese è in edicola da oggi a Milano e nei prossimi giorni nel resto d’Italia. More 
</post>
<signature>

</signature>
<external_links>

</external_links>
<country>IE</country>
<main_image>http://images.vogue.it/wp-content/uploads/2016/05/09171416/a.jpg</main_image>
</document>
