<?xml version="1.0" encoding="UTF-8"?>
<document>
<type>mainstream</type>
<forum></forum>
<forum_title></forum_title>
<discussion_title>See inside the house Miranda Kerr just bought with her boyfriend Evan Spiegel - Vogue Australia</discussion_title>
<language>english</language>
<gmt_offset></gmt_offset>
<topic_url>http://www.vogue.com.au/celebrity/news/see+inside+the+house+miranda+kerr+just+bought+with+her+boyfriend+evan+spiegel,39126</topic_url>
<topic_text>
See inside the house Miranda Kerr just bought with her boyfriend Evan Spiegel Image credit: Getty Images Celebrity News This is what USD$12 million gets you. 
The supermodel has taken her relationship with Snapchat founder Evan Speigel to the next level, as they prepare to move into their new California home together. 
The pair, who have been together since mid 2015, bought the house for a cool USD$12 million... that&apos;s about AUD$16 million. 
Image credit: Westside Estate Agency 
Apart from the cost, pictures of the four bedroom house, which was once owned by Harrison Ford, reveal it to be charmingly cosy with a design that wouldn&apos;t look out of place on a European chalet. 
The property is located on almost an acre of land, featuring cottage-esq details, including exposed brick. 
Image credit: Westside Estate Agency 
Apart from ample garden space and a pool for Flynn to play in, the house boasts six bathrooms and a home gym. 
All that&apos;s left to ask is when&apos;s the housewarming? 
Image credit: Westside Estate Agency 
Image credit: Westside Estate Agency Share This 
</topic_text>
<spam_score>0.00</spam_score>
<post_num>1</post_num>
<post_id>post-1</post_id>
<post_url>http://www.vogue.com.au/celebrity/news/see+inside+the+house+miranda+kerr+just+bought+with+her+boyfriend+evan+spiegel,39126</post_url>
<post_date>20160511</post_date>
<post_time></post_time>
<username>Francesca Wallace</username>
<post>
See inside the house Miranda Kerr just bought with her boyfriend Evan Spiegel Image credit: Getty Images Celebrity News This is what USD$12 million gets you. 
The supermodel has taken her relationship with Snapchat founder Evan Speigel to the next level, as they prepare to move into their new California home together. 
The pair, who have been together since mid 2015, bought the house for a cool USD$12 million... that&apos;s about AUD$16 million. 
Image credit: Westside Estate Agency 
Apart from the cost, pictures of the four bedroom house, which was once owned by Harrison Ford, reveal it to be charmingly cosy with a design that wouldn&apos;t look out of place on a European chalet. 
The property is located on almost an acre of land, featuring cottage-esq details, including exposed brick. 
Image credit: Westside Estate Agency 
Apart from ample garden space and a pool for Flynn to play in, the house boasts six bathrooms and a home gym. 
All that&apos;s left to ask is when&apos;s the housewarming? 
Image credit: Westside Estate Agency 
Image credit: Westside Estate Agency Share This 
</post>
<signature>

</signature>
<external_links>

</external_links>
<country>AU</country>
<main_image>https://nlm-common-prod.s3-ap-southeast-2.amazonaws.com/vogue/media/articles/3/9/1/0/39126-1_og_original.jpg</main_image>
</document>
