<?xml version="1.0" encoding="UTF-8"?>
<document>
<type>mainstream</type>
<forum>http://www.ajc.com/feeds/categories/business/</forum>
<forum_title>News | Business</forum_title>
<discussion_title>Wal-Mart sharpens Amazon attack with 2-day delivery service</discussion_title>
<language>english</language>
<gmt_offset></gmt_offset>
<topic_url>http://www.ajc.com/ap/ap/business/wal-mart-sharpens-amazon-attack-with-2-day-deliver/pC9tJw/</topic_url>
<topic_text>
SUBSCRIBE FOLLOW US © 2016 Cox Media Group . By using this website, you accept the terms of our Visitor Agreement and Privacy Policy , and understand your options regarding Ad Choices . Learn about careers at Cox Media Group . Wal-Mart sharpens Amazon attack with 2-day delivery service FILE - In this Thursday, Sept. 19, 2013, file photo, reusable shopping bags are offered for sale at a Wal-Mart Neighborhood Market, in the Chinatown district of Los Angeles. Wal-Mart is sharpening its attack against Amazon. The discounter says it is changing its membership-based free shipping service test to two days from three days and is charging one dollar less for the annual membership fee. Wal-Mart began testing the service in 2015 as a way to counter Amazon’s highly successful Prime shipping. (AP Photo/Nick Ut, File) Most Read 
Need a Profile? Register Now. {* #userInformationForm *} Forgot your password? {* traditionalSignIn_password *} {* traditionalSignIn_signInButton *} {* /userInformationForm *} Sign in using your existing account {* loginWidget *} 
Need a Profile? Register Now. {* #userInformationForm *} Forgot your password? {* traditionalSignIn_password *} {* traditionalSignIn_signInButton *} {* /userInformationForm *} Sign in using your existing account {* loginWidget *} 
Need a Profile? Register Now. {* #userInformationForm *} Forgot your password? {* traditionalSignIn_password *} {* traditionalSignIn_signInButton *} {* /userInformationForm *} Sign in using your existing account {* loginWidget *} Please confirm the information below before signing in. *Required By submitting your registration information, you agree to our Visitor Agreement and Privacy Policy . {* socialRegistration_signInButton *} {* /socialRegistrationForm *} {* #registrationForm *} {* traditionalRegistration_emailAddress *} {* traditionalRegistration_password *} {* traditionalRegistration_passwordConfirm *} {* traditionalRegistration_displayName *} By submitting your registration information, you agree to our Visitor Agreement and Privacy Policy . {* createAccountButton *} {* /registrationForm *} {* #registrationFormBlank *} {* traditionalRegistration_emailAddressBlank *} {* traditionalRegistration_passwordBlank *} {* traditionalRegistration_passwordConfirmBlank *} {* traditionalRegistration_displayName *} By submitting your registration information, you agree to our Visitor Agreement and Privacy Policy . {* createAccountButton *} {* /registrationForm *} Just One More Thing... 
We have sent you a verification email. Please check your email and click on the link to activate your profile. 
If you do not receive the verification message within a few minutes of signing up, please check your Spam or Junk folder. Close Thank you for registering! 
We look forward to seeing you on [website] frequently. Visit us and sign in to update your profile, receive the latest news and keep up to date with mobile alerts. 
Click here to return to the page you were visiting. Create a new password 
Don&apos;t worry, it happens. We&apos;ll send you a link to create a new password. {* #forgotPasswordForm *} {* forgotPassword_emailAddress *} {* forgotPassword_sendButton *} {* /forgotPasswordForm *}
</topic_text>
<spam_score>0.00</spam_score>
<post_num>1</post_num>
<post_id>post-1</post_id>
<post_url>http://www.ajc.com/ap/ap/business/wal-mart-sharpens-amazon-attack-with-2-day-deliver/pC9tJw/</post_url>
<post_date>20160512</post_date>
<post_time>1437</post_time>
<username></username>
<post>
SUBSCRIBE FOLLOW US © 2016 Cox Media Group . By using this website, you accept the terms of our Visitor Agreement and Privacy Policy , and understand your options regarding Ad Choices . Learn about careers at Cox Media Group . Wal-Mart sharpens Amazon attack with 2-day delivery service FILE - In this Thursday, Sept. 19, 2013, file photo, reusable shopping bags are offered for sale at a Wal-Mart Neighborhood Market, in the Chinatown district of Los Angeles. Wal-Mart is sharpening its attack against Amazon. The discounter says it is changing its membership-based free shipping service test to two days from three days and is charging one dollar less for the annual membership fee. Wal-Mart began testing the service in 2015 as a way to counter Amazon’s highly successful Prime shipping. (AP Photo/Nick Ut, File) Most Read 
Need a Profile? Register Now. {* #userInformationForm *} Forgot your password? {* traditionalSignIn_password *} {* traditionalSignIn_signInButton *} {* /userInformationForm *} Sign in using your existing account {* loginWidget *} 
Need a Profile? Register Now. {* #userInformationForm *} Forgot your password? {* traditionalSignIn_password *} {* traditionalSignIn_signInButton *} {* /userInformationForm *} Sign in using your existing account {* loginWidget *} 
Need a Profile? Register Now. {* #userInformationForm *} Forgot your password? {* traditionalSignIn_password *} {* traditionalSignIn_signInButton *} {* /userInformationForm *} Sign in using your existing account {* loginWidget *} Please confirm the information below before signing in. *Required By submitting your registration information, you agree to our Visitor Agreement and Privacy Policy . {* socialRegistration_signInButton *} {* /socialRegistrationForm *} {* #registrationForm *} {* traditionalRegistration_emailAddress *} {* traditionalRegistration_password *} {* traditionalRegistration_passwordConfirm *} {* traditionalRegistration_displayName *} By submitting your registration information, you agree to our Visitor Agreement and Privacy Policy . {* createAccountButton *} {* /registrationForm *} {* #registrationFormBlank *} {* traditionalRegistration_emailAddressBlank *} {* traditionalRegistration_passwordBlank *} {* traditionalRegistration_passwordConfirmBlank *} {* traditionalRegistration_displayName *} By submitting your registration information, you agree to our Visitor Agreement and Privacy Policy . {* createAccountButton *} {* /registrationForm *} Just One More Thing... 
We have sent you a verification email. Please check your email and click on the link to activate your profile. 
If you do not receive the verification message within a few minutes of signing up, please check your Spam or Junk folder. Close Thank you for registering! 
We look forward to seeing you on [website] frequently. Visit us and sign in to update your profile, receive the latest news and keep up to date with mobile alerts. 
Click here to return to the page you were visiting. Create a new password 
Don&apos;t worry, it happens. We&apos;ll send you a link to create a new password. {* #forgotPasswordForm *} {* forgotPassword_emailAddress *} {* forgotPassword_sendButton *} {* /forgotPasswordForm *}
</post>
<signature>

</signature>
<external_links>

</external_links>
<country>US</country>
<main_image>http://media.cmgdigital.com/shared/img/photos/2016/05/12/93/1e/c2b1cb8b5acc43a98a4b55a49e28e445-2572a10c11d94c53a8be8fa8b7852ab0-0.jpg</main_image>
</document>
