<?xml version="1.0" encoding="UTF-8"?>
<document>
<type>mainstream</type>
<forum></forum>
<forum_title></forum_title>
<discussion_title>Onko The Woods yksi kaikkien aikojen pelottavimmista kauhuelokuvista? Katso traileri - Viihde - Voice.fi</discussion_title>
<language>finnish</language>
<gmt_offset></gmt_offset>
<topic_url>http://www.voice.fi/viihde/onko-the-woods-yksi-kaikkien-aikojen-pelottavimmista-kauhuelokuvista-katso-traileri-104204</topic_url>
<topic_text>
Onko The Woods yksi kaikkien aikojen pelottavimmista kauhuelokuvista? Katso traileri 12.05.2016 09:45 - Joose Koskiranta - Luettu 934 kertaa Saman teemaisia elokuvia on tehty aikaisemminkin, mutta Lionsgate mainostaa The Woodsin olevan yksi maailman kauhistuttavimmista leffoista. 
Kauhuelokuva The Woodsin ensimmäinen traileri on julkaistu. Adam Wingardin ohjaamassa elokuvassa seurataan metsään retkelle lähteneitä opiskelijoita, jotka huomaavat pian, etteivät he ole yksin. Joku nimittäin vaanii heitä metsän siimeksessä. 
Päärooleissa nähdään muun muassa ﻿Callie Hernandez ﻿, ﻿James Allen McCune ﻿, ﻿Wes Robinson ﻿sekä ﻿Brandon Scott ﻿. 
Saman teemaisia kauhuleffoja on tehty kymmeniä, mutta elokuvayhtiö Lionsgate lupaa The Woodsin olevan yksi elokuvahistorian karmivimmista elokuvista. Se tulee elokuvateattereihin 16. syyskuuta. 
Alla olevasta trailerista voit nähdä pientä esimakua siitä, mitä tuleman pitää. 
</topic_text>
<spam_score>0.00</spam_score>
<post_num>1</post_num>
<post_id>post-1</post_id>
<post_url>http://www.voice.fi/viihde/onko-the-woods-yksi-kaikkien-aikojen-pelottavimmista-kauhuelokuvista-katso-traileri-104204</post_url>
<post_date>20160512</post_date>
<post_time></post_time>
<username>- Joose Koskiranta</username>
<post>
Onko The Woods yksi kaikkien aikojen pelottavimmista kauhuelokuvista? Katso traileri 12.05.2016 09:45 - Joose Koskiranta - Luettu 934 kertaa Saman teemaisia elokuvia on tehty aikaisemminkin, mutta Lionsgate mainostaa The Woodsin olevan yksi maailman kauhistuttavimmista leffoista. 
Kauhuelokuva The Woodsin ensimmäinen traileri on julkaistu. Adam Wingardin ohjaamassa elokuvassa seurataan metsään retkelle lähteneitä opiskelijoita, jotka huomaavat pian, etteivät he ole yksin. Joku nimittäin vaanii heitä metsän siimeksessä. 
Päärooleissa nähdään muun muassa ﻿Callie Hernandez ﻿, ﻿James Allen McCune ﻿, ﻿Wes Robinson ﻿sekä ﻿Brandon Scott ﻿. 
Saman teemaisia kauhuleffoja on tehty kymmeniä, mutta elokuvayhtiö Lionsgate lupaa The Woodsin olevan yksi elokuvahistorian karmivimmista elokuvista. Se tulee elokuvateattereihin 16. syyskuuta. 
Alla olevasta trailerista voit nähdä pientä esimakua siitä, mitä tuleman pitää. 
</post>
<signature>

</signature>
<external_links>

</external_links>
<country>FI</country>
<main_image>http://www.voice.fi/files/media/image/2016_12_05_57341ba02413f.jpg/1000</main_image>
</document>
