<?xml version="1.0" encoding="UTF-8"?>
<document>
<type>mainstream</type>
<forum>http://www.tdg.ch/suisse/rss.html</forum>
<forum_title>Tribune de Genève Suisse</forum_title>
<discussion_title>«Le plus grand défi sera de maintenir la cohésion entre générations»</discussion_title>
<language>french</language>
<gmt_offset></gmt_offset>
<topic_url>http://www.tdg.ch/suisse/Le-plus-grand-defi-sera-de-maintenir-la-cohesion-entre-generations/story/25506108</topic_url>
<topic_text>
Description de l&apos;erreur* Veuillez SVP entrez une adresse e-mail valide 
La votation contre l&apos;immigration de masse, en 2014, n&apos;a pas modifié la tendance de fond. La population suisse continue de s&apos;accroître. La barre des 10 millions d&apos;habitants sera franchie d&apos;ici 2045. Une population toujours plus concentrée dans les grands centres urbains (Arc lémanique et Zurich) tandis que les régions périphériques verront leur population stagner. Autre mouvement qui se confirme: l&apos;inéluctable vieillissement de la population. Aujourd&apos;hui, en moyenne suisse, 18% de la population résidente a plus de 65 ans. Cette part bondira à 26,4% en 2045. Le démographe Philippe Wanner, professeur à l&apos;Université de Genève, analyse ce phénomène. 
Les derniers chiffres de l&apos;Office fédéral de la statistique vous surprennent-ils? 
Non, l&apos;OFS a décomposé les scénarios suisses à travers les différents cantons. Il a mis le focus sur le vieillissement de la population, qui est une tendance lourde qu&apos;on mesure depuis plusieurs décennies déjà. 
La Suisse romande, notamment Vaud, Genève et Fribourg, est un peu épargnée par ce phénomène de vieillissement. Pourquoi? 
L&apos;hypothèse implicite, c&apos;est que les centres urbains, notamment l&apos;Arc lémanique, attirent des populations jeunes, tandis que leurs habitants âgés veulent retourner dans leur région d&apos;origine, ou choisissent un cadre de vie plus tranquille. Cependant, si on fait une analyse plus fine dans les cantons, on voit que les personnes plus âgées s&apos;installent en ville, pour avoir un meilleur accès aux soins et aux prestations de service. 
Et Fribourg? 
Il y a un double phénomène. D&apos;abord la part de la population âgées va fortement augmenter. Cela s&apos;explique par le fait que le canton a été pris d&apos;assaut par des familles jeunes qui vont vieillir. Mais malgré tout, la part des actifs restera plus importante qu&apos;en moyenne suisse. 
Quels sont les principaux défis posés par cette évolution démographique? 
C&apos;est assurer la cohésion sociale entre générations. Les personnes âgées sont perçues comme coûtant cher car elles occasionnent davantage de frais médicaux. Mais elles produisent également de la richesse en assurant un important travail bénévole, notamment en gardant leurs petits-enfants. Il faut donc arriver à montrer qu&apos;une société vieillissante a aussi des atouts. 
Et le défi géographique? On voit que l&apos;écart se creuse entre les villes, toujours plus peuplées, et les régions périphériques qui stagnent, voire reculent. 
C&apos;est en effet préoccupant, mais des politiques économiques régionales, ou d&apos;aménagement du territoire vont peut-être corriger cette tendance. Il est difficile d&apos;assumer une désertification de certaines régions de Suisse, et une Suisse coupée en deux groupes: des régions densément peuplées, avec une population jeune et une économie florissante, face à des régions économiquement faibles et vieillissantes. Des mécanismes d&apos;harmonisation, par exemple à travers les loyers, vont peut-être se mettre en place. 
En 2014, la population a voté contre l&apos;immigration de masse. Visiblement, cela n&apos;a pas d&apos;influence sur le long terme. 
C&apos;est le moment idéal pour avoir une croissance démographique qui permet de compenser le vieillissement de la population. Freiner serait catastrophique car on ne peut pas évacuer les personnes âgées. Elles sont là. L&apos;arrivée d&apos;une population jeune permettra de payer le coût des rentes. On freinera plus tard. Je ne suis pas pour une Suisse de 15 millions d&apos;habitants, mais je rappelle qu&apos;en 1935, il y avait un grand débat autour de la Suisse à 4 millions d&apos;habitants. Cela faisait peur. On est aujourd&apos;hui à 8 millions et on ne s&apos;en tire pas si mal. La population s&apos;adapte à la capacité du pays. 
Vous voulez dire que la démographie va se réguler toute seule et qu&apos;on va tendre à un équilibre naturel? 
Mener une politique démographique est toujours dangereux. Laisser faire est une solution qui n&apos;est pas si mauvaise que cela. (TDG) (Créé: 12.05.2016, 16h27)
</topic_text>
<spam_score>0.00</spam_score>
<post_num>1</post_num>
<post_id>post-1</post_id>
<post_url>http://www.tdg.ch/suisse/Le-plus-grand-defi-sera-de-maintenir-la-cohesion-entre-generations/story/25506108</post_url>
<post_date>20160512</post_date>
<post_time>1426</post_time>
<username></username>
<post>
Description de l&apos;erreur* Veuillez SVP entrez une adresse e-mail valide 
La votation contre l&apos;immigration de masse, en 2014, n&apos;a pas modifié la tendance de fond. La population suisse continue de s&apos;accroître. La barre des 10 millions d&apos;habitants sera franchie d&apos;ici 2045. Une population toujours plus concentrée dans les grands centres urbains (Arc lémanique et Zurich) tandis que les régions périphériques verront leur population stagner. Autre mouvement qui se confirme: l&apos;inéluctable vieillissement de la population. Aujourd&apos;hui, en moyenne suisse, 18% de la population résidente a plus de 65 ans. Cette part bondira à 26,4% en 2045. Le démographe Philippe Wanner, professeur à l&apos;Université de Genève, analyse ce phénomène. 
Les derniers chiffres de l&apos;Office fédéral de la statistique vous surprennent-ils? 
Non, l&apos;OFS a décomposé les scénarios suisses à travers les différents cantons. Il a mis le focus sur le vieillissement de la population, qui est une tendance lourde qu&apos;on mesure depuis plusieurs décennies déjà. 
La Suisse romande, notamment Vaud, Genève et Fribourg, est un peu épargnée par ce phénomène de vieillissement. Pourquoi? 
L&apos;hypothèse implicite, c&apos;est que les centres urbains, notamment l&apos;Arc lémanique, attirent des populations jeunes, tandis que leurs habitants âgés veulent retourner dans leur région d&apos;origine, ou choisissent un cadre de vie plus tranquille. Cependant, si on fait une analyse plus fine dans les cantons, on voit que les personnes plus âgées s&apos;installent en ville, pour avoir un meilleur accès aux soins et aux prestations de service. 
Et Fribourg? 
Il y a un double phénomène. D&apos;abord la part de la population âgées va fortement augmenter. Cela s&apos;explique par le fait que le canton a été pris d&apos;assaut par des familles jeunes qui vont vieillir. Mais malgré tout, la part des actifs restera plus importante qu&apos;en moyenne suisse. 
Quels sont les principaux défis posés par cette évolution démographique? 
C&apos;est assurer la cohésion sociale entre générations. Les personnes âgées sont perçues comme coûtant cher car elles occasionnent davantage de frais médicaux. Mais elles produisent également de la richesse en assurant un important travail bénévole, notamment en gardant leurs petits-enfants. Il faut donc arriver à montrer qu&apos;une société vieillissante a aussi des atouts. 
Et le défi géographique? On voit que l&apos;écart se creuse entre les villes, toujours plus peuplées, et les régions périphériques qui stagnent, voire reculent. 
C&apos;est en effet préoccupant, mais des politiques économiques régionales, ou d&apos;aménagement du territoire vont peut-être corriger cette tendance. Il est difficile d&apos;assumer une désertification de certaines régions de Suisse, et une Suisse coupée en deux groupes: des régions densément peuplées, avec une population jeune et une économie florissante, face à des régions économiquement faibles et vieillissantes. Des mécanismes d&apos;harmonisation, par exemple à travers les loyers, vont peut-être se mettre en place. 
En 2014, la population a voté contre l&apos;immigration de masse. Visiblement, cela n&apos;a pas d&apos;influence sur le long terme. 
C&apos;est le moment idéal pour avoir une croissance démographique qui permet de compenser le vieillissement de la population. Freiner serait catastrophique car on ne peut pas évacuer les personnes âgées. Elles sont là. L&apos;arrivée d&apos;une population jeune permettra de payer le coût des rentes. On freinera plus tard. Je ne suis pas pour une Suisse de 15 millions d&apos;habitants, mais je rappelle qu&apos;en 1935, il y avait un grand débat autour de la Suisse à 4 millions d&apos;habitants. Cela faisait peur. On est aujourd&apos;hui à 8 millions et on ne s&apos;en tire pas si mal. La population s&apos;adapte à la capacité du pays. 
Vous voulez dire que la démographie va se réguler toute seule et qu&apos;on va tendre à un équilibre naturel? 
Mener une politique démographique est toujours dangereux. Laisser faire est une solution qui n&apos;est pas si mauvaise que cela. (TDG) (Créé: 12.05.2016, 16h27)
</post>
<signature>

</signature>
<external_links>

</external_links>
<country>CH</country>
<main_image>http://files.newsnetz.ch/story/2/5/5/25506108/teaserbreitgross.jpg</main_image>
</document>
