<?xml version="1.0" encoding="UTF-8"?>
<document>
<type>mainstream</type>
<forum>http://rssfeeds.wwltv.com/_/20/110287436/wwl/local</forum>
<forum_title>WWL - Local</forum_title>
<discussion_title>Man shot and killed in 7th Ward</discussion_title>
<language>english</language>
<gmt_offset></gmt_offset>
<topic_url>http://www.wwltv.com/news/local/orleans/man-shot-and-killed-in-7th-ward/186831134</topic_url>
<topic_text>
Man shot and killed in 7th Ward WWLTV.com , WWL 8:41 AM. CDT May 12, 2016 Police scene CONNECT TWEET LINKEDIN GOOGLE+ PINTEREST 
Police are investigating the city&apos;s latest murder in which a man was gunned down in the 7th Ward. 
Around 1:30 a.m., police responded to a shooting in the 2000 block of St. Anthony Street, according to the New Orleans Police Department. 
Officers found the victim in the backyard of a home. He had been shot multiple times and was pronounced dead on the scene. 
Anyone with information is asked to call Crimestoppers at 504-822-1111.
</topic_text>
<spam_score>0.00</spam_score>
<post_num>1</post_num>
<post_id>post-1</post_id>
<post_url>http://www.wwltv.com/news/local/orleans/man-shot-and-killed-in-7th-ward/186831134</post_url>
<post_date>20160512</post_date>
<post_time>1341</post_time>
<username></username>
<post>
Man shot and killed in 7th Ward WWLTV.com , WWL 8:41 AM. CDT May 12, 2016 Police scene CONNECT TWEET LINKEDIN GOOGLE+ PINTEREST 
Police are investigating the city&apos;s latest murder in which a man was gunned down in the 7th Ward. 
Around 1:30 a.m., police responded to a shooting in the 2000 block of St. Anthony Street, according to the New Orleans Police Department. 
Officers found the victim in the backyard of a home. He had been shot multiple times and was pronounced dead on the scene. 
Anyone with information is asked to call Crimestoppers at 504-822-1111.
</post>
<signature>

</signature>
<external_links>

</external_links>
<country>US</country>
<main_image>http://content.wfaa.com/photo/2015/09/21/635784185600050340-OIS-monica_72571_ver1.0_640_360.JPG</main_image>
</document>
