<?xml version="1.0" encoding="UTF-8"?>
<document>
<type>mainstream</type>
<forum>http://hronika.info/rss.xml</forum>
<forum_title>Хроника мировых событий</forum_title>
<discussion_title>Эти лестницы привлекают туристов со всего мира. Фото</discussion_title>
<language>russian</language>
<gmt_offset></gmt_offset>
<topic_url>http://hronika.info/fotoreportazhi/142253-eti-lestnicy-privlekayut-turistov-so-vsego-mira-foto.html</topic_url>
<topic_text>
Эти лестницы привлекают туристов со всего мира. Фото Их стоит увидеть своими глазами. Казалось бы, что интересного и красивого может быть в обыкновенных лестницах? Однако, оказывается, люди могут даже из лестницы сделать настоящий шедевр, увидеть который захочется очень многим людям с разных уголков страны. именно так и получилось с этими лестницами. Впрочем, некоторые из них – творение природы, что делает их еще более удивительными и потрясающими. Скала-камень «Гуатапе», El Penol, Colombia. Этой скале уже 70 миллионов лет. Скала «оснащена» 650 ступенями, которые позволяют побывать на самой вершине скалы (2135 метров).Лестница «Хайку», Kaneohe, Hawaii. Лестница называется «Дорога в небеса». Ее построили в 1942 году. Увы, подняться по ней нельзя. Каменная лестница в 40 ступеней в Кандагаре, Kandahar, Afghanistan. Эта конструкция ведет к вырезанной в 1522 году пещере в горе.Лестница в Пунто Пите, Zapallar, Chile. На ее создание ушел месяц работы. Лестницу открыли в 2003 году. Путь к пещере «Небесные ворота», Zhangjiajie, China. Здесь находится самая высокая пещера в мире. Добраться до нее сможет лишь человек, способный преодолеть 999 ступеней.«Гигантская лестница», Katoomba, Australia. Еще одна огромная лестница, состоящая из 800 ступенек.«Дорога гигантов», Portballintrae, Ireland – уникальное чудо природы. Застывшая лава образовала 740 000 острых геометрических шестигранных столпов из базальта Если вы нашли ошибку в тексте, выделите её мышью и нажмите Ctrl+Enter
</topic_text>
<spam_score>0.00</spam_score>
<post_num>1</post_num>
<post_id>post-1</post_id>
<post_url>http://hronika.info/fotoreportazhi/142253-eti-lestnicy-privlekayut-turistov-so-vsego-mira-foto.html</post_url>
<post_date>20160512</post_date>
<post_time>1532</post_time>
<username></username>
<post>
Эти лестницы привлекают туристов со всего мира. Фото Их стоит увидеть своими глазами. Казалось бы, что интересного и красивого может быть в обыкновенных лестницах? Однако, оказывается, люди могут даже из лестницы сделать настоящий шедевр, увидеть который захочется очень многим людям с разных уголков страны. именно так и получилось с этими лестницами. Впрочем, некоторые из них – творение природы, что делает их еще более удивительными и потрясающими. Скала-камень «Гуатапе», El Penol, Colombia. Этой скале уже 70 миллионов лет. Скала «оснащена» 650 ступенями, которые позволяют побывать на самой вершине скалы (2135 метров).Лестница «Хайку», Kaneohe, Hawaii. Лестница называется «Дорога в небеса». Ее построили в 1942 году. Увы, подняться по ней нельзя. Каменная лестница в 40 ступеней в Кандагаре, Kandahar, Afghanistan. Эта конструкция ведет к вырезанной в 1522 году пещере в горе.Лестница в Пунто Пите, Zapallar, Chile. На ее создание ушел месяц работы. Лестницу открыли в 2003 году. Путь к пещере «Небесные ворота», Zhangjiajie, China. Здесь находится самая высокая пещера в мире. Добраться до нее сможет лишь человек, способный преодолеть 999 ступеней.«Гигантская лестница», Katoomba, Australia. Еще одна огромная лестница, состоящая из 800 ступенек.«Дорога гигантов», Portballintrae, Ireland – уникальное чудо природы. Застывшая лава образовала 740 000 острых геометрических шестигранных столпов из базальта Если вы нашли ошибку в тексте, выделите её мышью и нажмите Ctrl+Enter
</post>
<signature>

</signature>
<external_links>

</external_links>
<country>DE</country>
<main_image>http://hronika.info/uploads/posts/2016-05/1463067179_krasota.jpg</main_image>
</document>
