<?xml version="1.0" encoding="UTF-8"?>
<document>
<type>mainstream</type>
<forum>http://www.ajc.com/feeds/categories/business/</forum>
<forum_title>News | Business</forum_title>
<discussion_title>Snapchat increases warnings about speed feature</discussion_title>
<language>english</language>
<gmt_offset></gmt_offset>
<topic_url>http://www.ajc.com/news/business/snapchat-increases-warnings-about-speed-feature/nrLsW/</topic_url>
<topic_text>
Explore SIGN UP FOR NEWSLETTERS 
Want more news? Sign up for free newsletters to get more of the AJC delivered to your inbox. 
Snapchat, a social media app hugely popular with teens and young adults, recently implemented more frequent warnings about avoiding use of its speed filter while driving. 
The filter allows Snapchat’s more than 100 million users to label photos and videos with the speed they are moving and then share them with other Snapchatters. 
A recent lawsuit claims a Georgia man suffered brain injuries last year after his vehicle was hit by a distracted teenage driver using the filter while going more than 100 miles per hour. The suit blames Snapchat and the teenage driver. The teen’s father said his daughter wasn’t on her phone and wasn’t at fault. A lawsuit claims a teenage driver was traveling over 100 mph when she slammed into a Georgia man in September 2015. The suit alleges the teenager was on her phone using a popular app called Snapchat. 
In March, Snapchat added a warning that appears whenever the speed filter is used while going faster than 15 mph, according to the company. Previously, a warning displayed only the first time a user tried the filter.
</topic_text>
<spam_score>0.00</spam_score>
<post_num>1</post_num>
<post_id>post-1</post_id>
<post_url>http://www.ajc.com/news/business/snapchat-increases-warnings-about-speed-feature/nrLsW/</post_url>
<post_date>20160512</post_date>
<post_time>1359</post_time>
<username></username>
<post>
Explore SIGN UP FOR NEWSLETTERS 
Want more news? Sign up for free newsletters to get more of the AJC delivered to your inbox. 
Snapchat, a social media app hugely popular with teens and young adults, recently implemented more frequent warnings about avoiding use of its speed filter while driving. 
The filter allows Snapchat’s more than 100 million users to label photos and videos with the speed they are moving and then share them with other Snapchatters. 
A recent lawsuit claims a Georgia man suffered brain injuries last year after his vehicle was hit by a distracted teenage driver using the filter while going more than 100 miles per hour. The suit blames Snapchat and the teenage driver. The teen’s father said his daughter wasn’t on her phone and wasn’t at fault. A lawsuit claims a teenage driver was traveling over 100 mph when she slammed into a Georgia man in September 2015. The suit alleges the teenager was on her phone using a popular app called Snapchat. 
In March, Snapchat added a warning that appears whenever the speed filter is used while going faster than 15 mph, according to the company. Previously, a warning displayed only the first time a user tried the filter.
</post>
<signature>

</signature>
<external_links>

</external_links>
<country>US</country>
<main_image>http://media.cmgdigital.com/shared/img/photos/2016/05/12/c6/0a/Snapchat-car-2.jpg</main_image>
</document>
