<?xml version="1.0" encoding="UTF-8"?>
<document>
<type>mainstream</type>
<forum>http://feeds.feedburner.com/Newsok/home</forum>
<forum_title>NewsOK.com RSS - home</forum_title>
<discussion_title>Tulsa band throws a party in new music video (Middle of Nowhere Debut)</discussion_title>
<language>english</language>
<gmt_offset></gmt_offset>
<topic_url>http://newsok.com/tulsa-band-throws-a-party-in-new-music-video-middle-of-nowhere-debut/article/5497691</topic_url>
<topic_text>
We Make Shapes is Damion Shade, right, and Nathan Wright. [Photo provided by artist] 
Your favorite bar is boring. 
Well, at least compared to the one in this brand new We Make Shapes music video. Here&apos;s the exclusive debut of &quot;The Metropolis (1927)&quot; and your first chance to watch the Tulsa-based electronic duo in HD action. 
The new video is the brainchild of producer and director Jeremiah Maloney and editor Dalton James who work at GitWit Creative, a digital advertising firm in Tulsa. It&apos;s also the first song on We Make Shapes&apos; debut album, &quot;Penta.&quot; 
Damion Shade and Nathan Wright make up the band, and Shade shared a few thoughts on the new video. He described the song as &quot;an exercise in stadium rock maximalism filtered through minimal trip-hop instrumentation. The song’s blown-out snare hits and Van Halen guitar licks ride atop a hypnotic 808 vamp.&quot; 
&quot;In the video Maloney and James sought to use the futuristic color and lights-cape of an actual We Make Shapes show to express the vigorous and frenetic &apos;maximalism&apos; of the song,&quot; Shade shared via email. &quot;Filmed on the evening of We Make Shapes album release in February at The Yeti in Tulsa. The concept of this video was to overexpose the light and color so powerfully that it literally crumbled and created vibrant otherworldly hues which feel as vivid as the performance itself.&quot; 
I dig the slow motion shots and when Wright struts into the crowd with the confidence of a gazelle. If you like what you hear then check out the concert information below. we make shapes live close &lt;p&gt;Your browser does not support iframes.&lt;/p&gt; &lt;figure&gt; &lt;img src=&quot;http://cdn2.newsok.biz/cache/r960-efdc4543f2b7753967e60e78c9121fc3.jpg&quot; alt=&quot;Photo - &quot; title=&quot;&quot; /&gt; &lt;figcaption&gt;&lt;/figcaption&gt; &lt;/figure&gt; &lt;figure&gt; &lt;img src=&quot;http://cdn2.newsok.biz/cache/r960-40d22a61dc02a0096d0d16669b633f26.jpg&quot; alt=&quot;Photo - We Make Shapes is Damion Shade, right, and Nathan Wright. [Photo provided by artist]&quot; title=&quot;We Make Shapes is Damion Shade, right, and Nathan Wright. [Photo provided by artist]&quot; /&gt; &lt;figcaption&gt;We Make Shapes is Damion Shade, right, and Nathan Wright. [Photo provided by artist]&lt;/figcaption&gt; &lt;/figure&gt; Nathan Poppe Entertainment Writer and LOOKatOKC Editor Nathan Poppe is a documenter of all things entertaining. The Middle of Nowhere is his blog and a... read more ›
</topic_text>
<spam_score>0.00</spam_score>
<post_num>1</post_num>
<post_id>post-1</post_id>
<post_url>http://newsok.com/tulsa-band-throws-a-party-in-new-music-video-middle-of-nowhere-debut/article/5497691</post_url>
<post_date>20160512</post_date>
<post_time>1555</post_time>
<username></username>
<post>
We Make Shapes is Damion Shade, right, and Nathan Wright. [Photo provided by artist] 
Your favorite bar is boring. 
Well, at least compared to the one in this brand new We Make Shapes music video. Here&apos;s the exclusive debut of &quot;The Metropolis (1927)&quot; and your first chance to watch the Tulsa-based electronic duo in HD action. 
The new video is the brainchild of producer and director Jeremiah Maloney and editor Dalton James who work at GitWit Creative, a digital advertising firm in Tulsa. It&apos;s also the first song on We Make Shapes&apos; debut album, &quot;Penta.&quot; 
Damion Shade and Nathan Wright make up the band, and Shade shared a few thoughts on the new video. He described the song as &quot;an exercise in stadium rock maximalism filtered through minimal trip-hop instrumentation. The song’s blown-out snare hits and Van Halen guitar licks ride atop a hypnotic 808 vamp.&quot; 
&quot;In the video Maloney and James sought to use the futuristic color and lights-cape of an actual We Make Shapes show to express the vigorous and frenetic &apos;maximalism&apos; of the song,&quot; Shade shared via email. &quot;Filmed on the evening of We Make Shapes album release in February at The Yeti in Tulsa. The concept of this video was to overexpose the light and color so powerfully that it literally crumbled and created vibrant otherworldly hues which feel as vivid as the performance itself.&quot; 
I dig the slow motion shots and when Wright struts into the crowd with the confidence of a gazelle. If you like what you hear then check out the concert information below. we make shapes live close &lt;p&gt;Your browser does not support iframes.&lt;/p&gt; &lt;figure&gt; &lt;img src=&quot;http://cdn2.newsok.biz/cache/r960-efdc4543f2b7753967e60e78c9121fc3.jpg&quot; alt=&quot;Photo - &quot; title=&quot;&quot; /&gt; &lt;figcaption&gt;&lt;/figcaption&gt; &lt;/figure&gt; &lt;figure&gt; &lt;img src=&quot;http://cdn2.newsok.biz/cache/r960-40d22a61dc02a0096d0d16669b633f26.jpg&quot; alt=&quot;Photo - We Make Shapes is Damion Shade, right, and Nathan Wright. [Photo provided by artist]&quot; title=&quot;We Make Shapes is Damion Shade, right, and Nathan Wright. [Photo provided by artist]&quot; /&gt; &lt;figcaption&gt;We Make Shapes is Damion Shade, right, and Nathan Wright. [Photo provided by artist]&lt;/figcaption&gt; &lt;/figure&gt; Nathan Poppe Entertainment Writer and LOOKatOKC Editor Nathan Poppe is a documenter of all things entertaining. The Middle of Nowhere is his blog and a... read more ›
</post>
<signature>

</signature>
<external_links>

</external_links>
<country>US</country>
<main_image>http://cdn2.newsok.biz/cache/r960-40d22a61dc02a0096d0d16669b633f26.jpg</main_image>
</document>
