<?xml version="1.0" encoding="UTF-8"?>
<document>
<type>mainstream</type>
<forum>http://www.ajc.com/feeds/categories/business/</forum>
<forum_title>News | Business</forum_title>
<discussion_title>Oil, gas industry challenges efforts to protect Western bird</discussion_title>
<language>english</language>
<gmt_offset></gmt_offset>
<topic_url>http://www.ajc.com/ap/ap/washington/oil-gas-industry-challenges-efforts-to-protect-wes/nrLtM/</topic_url>
<topic_text>
Oil, gas industry challenges efforts to protect Western bird 12:19 p.m. Thursday, May 12, 2016 | Filed in: Nation Explore SIGN UP FOR NEWSLETTERS 
Want more news? Sign up for free newsletters to get more of the AJC delivered to your inbox. 
The oil and gas industry on Thursday challenged in federal court drilling restrictions imposed by the Obama administration to protect a struggling bird that ranges across 11 Western states. 
The Western Energy Alliance and North Dakota Petroleum Council said they would ask a U.S. District judge in North Dakota to block sweeping land use plans for the region adopted in September by the Interior Department. 
The groups said local and state efforts to prop up populations of greater sage grouse have been effective. Sweeping changes to U.S. Interior Department policies were not needed to ensure the chicken-sized bird&apos;s long-term survival, they said. 
It marks the oil industry&apos;s first attempt to undo federal policies that already have drawn opposition from both ends of the debate over the bird. The challenged plans cover about 165 million acres of land in California, Colorado, Idaho, Montana, Nevada, North Dakota and Utah. 
Interior Department spokeswoman Jessica Kershaw said in response that the new land use plans strike a balance between conservation and economic development. Their adoption was considered key to keeping sage grouse off the endangered species list and avoiding even more severe restrictions on development. 
Kershaw declined to directly comment on Thursday&apos;s lawsuit, the latest in a string of lawsuits over grouse. 
Some wildlife advocates have said in an Idaho lawsuit that there are too many loopholes in new rules on oil and gas drilling, grazing and other activities blamed for the bird&apos;s long-term decline. Mining companies, ranchers and officials in Utah, Idaho and Nevada have argued the rules impede economic development. 
Western Energy Alliance Vice President Kathleen Sgamma said the group has not yet been able to quantify what harm is being done to oil and gas companies. 
Instead, Thursday&apos;s lawsuit targets the process by which the government adopted the new rules. Sgamma said officials did not allow for enough public comment before putting them into place. 
&quot;That&apos;s where they&apos;re legally vulnerable,&quot; she said. &quot;The oil and gas restrictions in the plans are based on science that overstates the threat&quot; to sage grouse. 
The Interior Department&apos;s land-use plans for Wyoming were excluded from Thursday&apos;s lawsuit. Sgamma said that was because the federal government&apos;s plan largely conformed with the state&apos;s own plan. 
The grouse population once was estimated at 16 million birds across North America. It&apos;s lost roughly half its habitat to development, livestock grazing and an invasive grass that encourages wildfires in the Great Basin of Nevada and adjoining states. There are now an estimated 200,000 to 500,000 greater sage grouse.
</topic_text>
<spam_score>0.00</spam_score>
<post_num>1</post_num>
<post_id>post-1</post_id>
<post_url>http://www.ajc.com/ap/ap/washington/oil-gas-industry-challenges-efforts-to-protect-wes/nrLtM/</post_url>
<post_date>20160512</post_date>
<post_time>1515</post_time>
<username></username>
<post>
Oil, gas industry challenges efforts to protect Western bird 12:19 p.m. Thursday, May 12, 2016 | Filed in: Nation Explore SIGN UP FOR NEWSLETTERS 
Want more news? Sign up for free newsletters to get more of the AJC delivered to your inbox. 
The oil and gas industry on Thursday challenged in federal court drilling restrictions imposed by the Obama administration to protect a struggling bird that ranges across 11 Western states. 
The Western Energy Alliance and North Dakota Petroleum Council said they would ask a U.S. District judge in North Dakota to block sweeping land use plans for the region adopted in September by the Interior Department. 
The groups said local and state efforts to prop up populations of greater sage grouse have been effective. Sweeping changes to U.S. Interior Department policies were not needed to ensure the chicken-sized bird&apos;s long-term survival, they said. 
It marks the oil industry&apos;s first attempt to undo federal policies that already have drawn opposition from both ends of the debate over the bird. The challenged plans cover about 165 million acres of land in California, Colorado, Idaho, Montana, Nevada, North Dakota and Utah. 
Interior Department spokeswoman Jessica Kershaw said in response that the new land use plans strike a balance between conservation and economic development. Their adoption was considered key to keeping sage grouse off the endangered species list and avoiding even more severe restrictions on development. 
Kershaw declined to directly comment on Thursday&apos;s lawsuit, the latest in a string of lawsuits over grouse. 
Some wildlife advocates have said in an Idaho lawsuit that there are too many loopholes in new rules on oil and gas drilling, grazing and other activities blamed for the bird&apos;s long-term decline. Mining companies, ranchers and officials in Utah, Idaho and Nevada have argued the rules impede economic development. 
Western Energy Alliance Vice President Kathleen Sgamma said the group has not yet been able to quantify what harm is being done to oil and gas companies. 
Instead, Thursday&apos;s lawsuit targets the process by which the government adopted the new rules. Sgamma said officials did not allow for enough public comment before putting them into place. 
&quot;That&apos;s where they&apos;re legally vulnerable,&quot; she said. &quot;The oil and gas restrictions in the plans are based on science that overstates the threat&quot; to sage grouse. 
The Interior Department&apos;s land-use plans for Wyoming were excluded from Thursday&apos;s lawsuit. Sgamma said that was because the federal government&apos;s plan largely conformed with the state&apos;s own plan. 
The grouse population once was estimated at 16 million birds across North America. It&apos;s lost roughly half its habitat to development, livestock grazing and an invasive grass that encourages wildfires in the Great Basin of Nevada and adjoining states. There are now an estimated 200,000 to 500,000 greater sage grouse.
</post>
<signature>

</signature>
<external_links>

</external_links>
<country>US</country>
<main_image>http://media.cmgdigital.com/shared/img/photos/2014/07/16/66/3a/AJC-OGImage200x200.jpg</main_image>
</document>
