<?xml version="1.0" encoding="UTF-8"?>
<document>
<type>mainstream</type>
<forum>http://www.sursadestiri.net/cat/rss/divertisment.html</forum>
<forum_title>SursaDeStiri.net - Divertisment</forum_title>
<discussion_title>Alina Gorghiu anunță că a născut un băiețel pe care îl cheamă Noah</discussion_title>
<language>romanian</language>
<gmt_offset></gmt_offset>
<topic_url>http://www.sursadestiri.net/alina-gorghiu-anun-a-ca-a-nascut-un-baie-el-pe-care-il-cheama-noah-s4023070346.html</topic_url>
<topic_text>
Actualizat acum 2 minute Sursa De Stiri » Divertisment » Divertisment, 12.05.2016 » Alina Gorghiu anunță că a născut un băiețel pe care îl cheamă Noah Alina Gorghiu anunță că a născut un băiețel pe care îl cheamă Noah 12 Mai 2016 Copreședintele PNL Alina Gorghiu anunță că a născut un băiețel pe care îl cheamă Noah, informeaza Agerpres.... continuare
</topic_text>
<spam_score>0.00</spam_score>
<post_num>1</post_num>
<post_id>post-1</post_id>
<post_url>http://www.sursadestiri.net/alina-gorghiu-anun-a-ca-a-nascut-un-baie-el-pe-care-il-cheama-noah-s4023070346.html</post_url>
<post_date>20160511</post_date>
<post_time>2100</post_time>
<username></username>
<post>
Actualizat acum 2 minute Sursa De Stiri » Divertisment » Divertisment, 12.05.2016 » Alina Gorghiu anunță că a născut un băiețel pe care îl cheamă Noah Alina Gorghiu anunță că a născut un băiețel pe care îl cheamă Noah 12 Mai 2016 Copreședintele PNL Alina Gorghiu anunță că a născut un băiețel pe care îl cheamă Noah, informeaza Agerpres.... continuare
</post>
<signature>

</signature>
<external_links>

</external_links>
<country>DE</country>
<main_image></main_image>
</document>
