<?xml version="1.0" encoding="UTF-8"?>
<document>
<type>mainstream</type>
<forum>http://www.informazione.it/xml/pr/0d62108b-a0c2-46f5-b8d9-9aed3a376451.xml?lng=neutral</forum>
<forum_title>I Comunicati Stampa di PR Newswire su informazione.it</forum_title>
<discussion_title>Vedanta Limited - Extension of USD 1.25bn Loan</discussion_title>
<language>english</language>
<gmt_offset></gmt_offset>
<topic_url>http://www.informazione.it/c/089FB4E3-F9DF-42F4-8A43-01EF1F526A2D/Vedanta-Limited-Extension-of-USD-1-25bn-Loan</topic_url>
<topic_text>
Vedanta Limited - Extension of USD 1.25bn Loan About Vedanta Limited (Formerly Sesa Sterlite Ltd.) MUMBAI, India, ( informazione.it - comunicati stampa - industria ) 
About Vedanta Limited (Formerly Sesa Sterlite Ltd.) 
Vedanta Limited is a diversified natural resources company, whose business primarily involves producing oil &amp; gas, zinc - lead - silver, copper, iron ore, aluminium and commercial power. The company has a presence across India , South Africa , Namibia , Australia , Ireland and Liberia . 
Vedanta Limited is the Indian subsidiary of Vedanta Resources Plc, a London -listed company. Governance and Sustainable Development are at the core of Vedanta&apos;s strategy, with a strong focus on health, safety and environment and on enhancing the lives of local communities. The company is conferred with the Confederation of Indian Industry (CII) &apos;Sustainable Plus Platinum label&apos;, ranking among the top 10 most sustainable companies in India . Vedanta Limited is listed on the Bombay Stock Exchange and the National Stock Exchange in India and has ADRs listed on the New York Stock Exchange. 
For more information please log on to www.vedantalimited.com 
Vedanta Limited (Formerly known as Sesa Sterlite Limited) Vedanta, 75, Nehru Road, 
Sesa Ghor, 20 EDC Complex, Patto, Panaji ( Goa ) - 403 001 CIN: L13209GA1965PLC000044 
Disclaimer 
This press release contains &quot;forward-looking statements&quot; – that is, statements related to future, not past, events. In this context, forward-looking statements often address our expected future business and financial performance, and often contain words such as &quot;expects,&quot;&quot;anticipates,&quot;&quot;intends,&quot;&quot;plans,&quot;&quot;believes,&quot;&quot;seeks,&quot;&quot;should&quot; or &quot;will.&quot; Forward–looking statements by their nature address matters that are, to different degrees, uncertain. For us, uncertainties arise from the behaviour of financial and metals markets including the London Metal Exchange, fluctuations in interest and or exchange rates and metal prices; from future integration of acquired businesses; and from numerous other matters of national, regional and global scale, including those of a political, economic, business, competitive or regulatory nature. These uncertainties may cause our actual future results to be materially different that those expressed in our forward-looking statements. We do not undertake to update our forward-looking statements. 
For further information, please contact: Per maggiori informazioni Non disponibili Comunicati correlati Vedanta Limited Consolidated Results for the First Quarter Ended 30 June 2015 - (/PRNewswire/) Vedanta Limited (formerly known as Sesa Sterlite Ltd./Sesa Goa Ltd) today announced its unaudited consolidated results for the first quarter ended 30 June 2015. (Logo: http://photos.prnewswire.com/prnh/20150422/740375) Financial Highlights… Merger of Vedanta Limited and Cairn India Limited - (/PRNewswire/) Vedanta Limited, Cairn India Limited (&quot;Cairn India&quot;) and Vedanta Resources plc (&quot;Vedanta plc&quot; together with its subsidiaries, the &quot;Group&quot;), today announce a merger between Vedanta Limited and Cairn India (the &quot;Transaction&quot;). (Logo:… Cairn India Limited: Results for the Fourth Quarter and Full Year Ended March 31, 2016 - (/PRNewswire/) Annual Financial Results for the period ended 31st March, 2016 Mangala EOR performance reaffirms potential in the Rajasthan block Operational Highlights Financial Highlights Corporate and Regulatory Developments Mr. Mayank Ashar, Managing… Hindustan Zinc Limited: Results for the Third Quarter Ended December 31, 2015 - (/PRNewswire/) Mr. Agnivesh Agarwal, Chairman – &quot;We are happy to report strong refined metal production with silver touching new highs. However, the current low zinc metal prices are contrary to the market fundamentals. We are carrying out a review of our high cost… Sterlite Ports to Sign MOU With Port of Mormugao - (/PRNewswire/) Vedanta Limited is the largest exporter of iron ore from Goa and this project would provide logistic integration to our iron ore business apart from handling other cargo For further information, please contact: President – Group Communications, Sustainability &amp; CSR … Segui i comunicati stampa su Approfondimenti
</topic_text>
<spam_score>0.00</spam_score>
<post_num>1</post_num>
<post_id>post-1</post_id>
<post_url>http://www.informazione.it/c/089FB4E3-F9DF-42F4-8A43-01EF1F526A2D/Vedanta-Limited-Extension-of-USD-1-25bn-Loan</post_url>
<post_date>20160512</post_date>
<post_time>1514</post_time>
<username></username>
<post>
Vedanta Limited - Extension of USD 1.25bn Loan About Vedanta Limited (Formerly Sesa Sterlite Ltd.) MUMBAI, India, ( informazione.it - comunicati stampa - industria ) 
About Vedanta Limited (Formerly Sesa Sterlite Ltd.) 
Vedanta Limited is a diversified natural resources company, whose business primarily involves producing oil &amp; gas, zinc - lead - silver, copper, iron ore, aluminium and commercial power. The company has a presence across India , South Africa , Namibia , Australia , Ireland and Liberia . 
Vedanta Limited is the Indian subsidiary of Vedanta Resources Plc, a London -listed company. Governance and Sustainable Development are at the core of Vedanta&apos;s strategy, with a strong focus on health, safety and environment and on enhancing the lives of local communities. The company is conferred with the Confederation of Indian Industry (CII) &apos;Sustainable Plus Platinum label&apos;, ranking among the top 10 most sustainable companies in India . Vedanta Limited is listed on the Bombay Stock Exchange and the National Stock Exchange in India and has ADRs listed on the New York Stock Exchange. 
For more information please log on to www.vedantalimited.com 
Vedanta Limited (Formerly known as Sesa Sterlite Limited) Vedanta, 75, Nehru Road, 
Sesa Ghor, 20 EDC Complex, Patto, Panaji ( Goa ) - 403 001 CIN: L13209GA1965PLC000044 
Disclaimer 
This press release contains &quot;forward-looking statements&quot; – that is, statements related to future, not past, events. In this context, forward-looking statements often address our expected future business and financial performance, and often contain words such as &quot;expects,&quot;&quot;anticipates,&quot;&quot;intends,&quot;&quot;plans,&quot;&quot;believes,&quot;&quot;seeks,&quot;&quot;should&quot; or &quot;will.&quot; Forward–looking statements by their nature address matters that are, to different degrees, uncertain. For us, uncertainties arise from the behaviour of financial and metals markets including the London Metal Exchange, fluctuations in interest and or exchange rates and metal prices; from future integration of acquired businesses; and from numerous other matters of national, regional and global scale, including those of a political, economic, business, competitive or regulatory nature. These uncertainties may cause our actual future results to be materially different that those expressed in our forward-looking statements. We do not undertake to update our forward-looking statements. 
For further information, please contact: Per maggiori informazioni Non disponibili Comunicati correlati Vedanta Limited Consolidated Results for the First Quarter Ended 30 June 2015 - (/PRNewswire/) Vedanta Limited (formerly known as Sesa Sterlite Ltd./Sesa Goa Ltd) today announced its unaudited consolidated results for the first quarter ended 30 June 2015. (Logo: http://photos.prnewswire.com/prnh/20150422/740375) Financial Highlights… Merger of Vedanta Limited and Cairn India Limited - (/PRNewswire/) Vedanta Limited, Cairn India Limited (&quot;Cairn India&quot;) and Vedanta Resources plc (&quot;Vedanta plc&quot; together with its subsidiaries, the &quot;Group&quot;), today announce a merger between Vedanta Limited and Cairn India (the &quot;Transaction&quot;). (Logo:… Cairn India Limited: Results for the Fourth Quarter and Full Year Ended March 31, 2016 - (/PRNewswire/) Annual Financial Results for the period ended 31st March, 2016 Mangala EOR performance reaffirms potential in the Rajasthan block Operational Highlights Financial Highlights Corporate and Regulatory Developments Mr. Mayank Ashar, Managing… Hindustan Zinc Limited: Results for the Third Quarter Ended December 31, 2015 - (/PRNewswire/) Mr. Agnivesh Agarwal, Chairman – &quot;We are happy to report strong refined metal production with silver touching new highs. However, the current low zinc metal prices are contrary to the market fundamentals. We are carrying out a review of our high cost… Sterlite Ports to Sign MOU With Port of Mormugao - (/PRNewswire/) Vedanta Limited is the largest exporter of iron ore from Goa and this project would provide logistic integration to our iron ore business apart from handling other cargo For further information, please contact: President – Group Communications, Sustainability &amp; CSR … Segui i comunicati stampa su Approfondimenti
</post>
<signature>

</signature>
<external_links>

</external_links>
<country>IT</country>
<main_image>http://imgs3.informazione.it/img/pr_def_md.jpg</main_image>
</document>
