<?xml version="1.0" encoding="UTF-8"?>
<document>
<type>mainstream</type>
<forum>http://feeds.feedburner.com/Newsok/home</forum>
<forum_title>NewsOK.com RSS - home</forum_title>
<discussion_title>Homes hit by storms in Geronimo early Thursday</discussion_title>
<language>english</language>
<gmt_offset></gmt_offset>
<topic_url>http://newsok.com/homes-hit-by-storms-in-geronimo-early-thursday/article/5497695</topic_url>
<topic_text>
Homes hit by storms in Geronimo early Thursday FROM STAFF REPORTS 0 shares 
GERONIMO -- Storms early Thursday caused damage to homes and property. 
A mobile home was destroyed by high winds about 2 a.m. A man inside of the home was able to crawl out and suffered only minor injuries. He refused medical treatment at the scene, said Ashleigh Hensch, spokeswoman for the Comanche County Emergency Management Agency. 
Several other homes sustained roof damage. Fences and other property was damaged. High winds and hail the size of tennis balls caused the damage in Geronimo, located south of Lawton off of Interstate 44. 
Hensch said the damage appears to have occurred from straight-line winds. Storm survey crews will work to determine if there was any rotation in the storm that hit between 2 a.m. and 3 a.m., she said. Subscribe to NewsOK&apos;s Breaking News Headlines Delivered: as needed any time View sample Breaking News Headlines Newsletter has been subscribed to. You have been unsubscribed from the Breaking News Headlines newsletter .
</topic_text>
<spam_score>0.00</spam_score>
<post_num>1</post_num>
<post_id>post-1</post_id>
<post_url>http://newsok.com/homes-hit-by-storms-in-geronimo-early-thursday/article/5497695</post_url>
<post_date>20160512</post_date>
<post_time>1612</post_time>
<username></username>
<post>
Homes hit by storms in Geronimo early Thursday FROM STAFF REPORTS 0 shares 
GERONIMO -- Storms early Thursday caused damage to homes and property. 
A mobile home was destroyed by high winds about 2 a.m. A man inside of the home was able to crawl out and suffered only minor injuries. He refused medical treatment at the scene, said Ashleigh Hensch, spokeswoman for the Comanche County Emergency Management Agency. 
Several other homes sustained roof damage. Fences and other property was damaged. High winds and hail the size of tennis balls caused the damage in Geronimo, located south of Lawton off of Interstate 44. 
Hensch said the damage appears to have occurred from straight-line winds. Storm survey crews will work to determine if there was any rotation in the storm that hit between 2 a.m. and 3 a.m., she said. Subscribe to NewsOK&apos;s Breaking News Headlines Delivered: as needed any time View sample Breaking News Headlines Newsletter has been subscribed to. You have been unsubscribed from the Breaking News Headlines newsletter .
</post>
<signature>

</signature>
<external_links>

</external_links>
<country>US</country>
<main_image>http://s3.amazonaws.com/content.newsok.com/newsok/images/newsok_facebook.jpg</main_image>
</document>
