<?xml version="1.0" encoding="UTF-8"?>
<document>
<type>mainstream</type>
<forum>http://www.tdg.ch/suisse/rss.html</forum>
<forum_title>Tribune de Genève Suisse</forum_title>
<discussion_title>Les saints de glace cassent l&apos;ambiance</discussion_title>
<language>french</language>
<gmt_offset></gmt_offset>
<topic_url>http://www.tdg.ch/suisse/Les-saints-de-glace-cassent-l-ambiance/story/17210354</topic_url>
<topic_text>
Images Les saints de glace cassent l&apos;ambiance Suisse Les saints de glace portent bien leur nom cette année. La neige est même attendue vers 2000 mètres. La pluie est annoncée pour le week-end. Image: Keystone Mis à jour à 16h50 0 
Vous voulez communiquer un ou vous avez repéré une erreur ? Orthographe Description de l&apos;erreur* Veuillez SVP entrez une adresse e-mail valide 
Comme en 2015 et 2013, les saints de glace emmènent avec eux des relents d&apos;hiver. Avec saint Mamert jeudi, de l&apos;air maritime polaire est annoncé par MétéoSuisse . 
Une vaste zone dépressionnaire recouvre nos régions. Une masse d&apos;air très humide se dirige vers les Alpes dans un courant du sud. À partir de vendredi, le courant en altitude s&apos;orientera au nord-ouest avec une arrivée d&apos;air maritime polaire, écrit MétéoSuisse. 
Neige à 2000 mètres 
Quinze à 20 centimètres de neige fraîche sont même annoncés vers 2000 m dans les Alpes vendredi. Et la limite des chutes de neige pourrait s&apos;abaisser jusqu&apos;à 1600 m samedi. En plaine, c&apos;est la pluie qui accompagnera le froid, avec des températures qui ne devrait pas excéder les 15 degrés, même en Valais. Seul le Tessin pourrait atteindre le seuil des 20 degrés. 
Il faudra attendre dimanche et surtout lundi pour voir des améliorations, selon MétéoSuisse. La situation devrait se détendre progressivement la semaine prochaine. 
Autrefois, les trois saints en questions - Mamert, Pancrace et Servais - étaient implorés par les agriculteurs, viticulteurs ou jardiniers pour qu&apos;ils protègent leurs plantations. Mais comme ils semblaient sourds à leurs prières, les trois bienheureux furent bientôt discrédités et soupçonnés de faire déferler une vague de froid. 
Sagesse populaire 
La sagesse populaire le confirme. Un dicton assure par exemple: «Avant saint Servais point d&apos;été, après saint Servais plus de gelée». Un autre affirme: «Quand il pleut à la saint Servais, pour le blé signe mauvais.» 
Les trois héros de la semaine ont vécu il y a fort longtemps. Saint Mamert était au 5e siècle évêque de Vienne, dans le sud de ce qui n&apos;était pas encore la France mais la Gaule. Saint Pancrace fut martyrisé à Rome en 304, alors que saint Servais fut évêque en Belgique au 4e siècle. 
A ces trois saints, les régions plus septentrionales comme l&apos;Alsace ou la Lorraine ajoutent des saints fêtés plus tardivement, les gelées étant aussi plus tardives dans ces régions. Ainsi sont aussi comptés saint Boniface, saint Yves, saint Bernardin, sainte Sophie jusqu&apos;à saint Urbain le 25 mai. (ats/nxp) (Créé: 12.05.2016, 17h00) Mis à jour à 16h50 Sponsored Content
</topic_text>
<spam_score>0.00</spam_score>
<post_num>1</post_num>
<post_id>post-1</post_id>
<post_url>http://www.tdg.ch/suisse/Les-saints-de-glace-cassent-l-ambiance/story/17210354</post_url>
<post_date>20160512</post_date>
<post_time>1450</post_time>
<username></username>
<post>
Images Les saints de glace cassent l&apos;ambiance Suisse Les saints de glace portent bien leur nom cette année. La neige est même attendue vers 2000 mètres. La pluie est annoncée pour le week-end. Image: Keystone Mis à jour à 16h50 0 
Vous voulez communiquer un ou vous avez repéré une erreur ? Orthographe Description de l&apos;erreur* Veuillez SVP entrez une adresse e-mail valide 
Comme en 2015 et 2013, les saints de glace emmènent avec eux des relents d&apos;hiver. Avec saint Mamert jeudi, de l&apos;air maritime polaire est annoncé par MétéoSuisse . 
Une vaste zone dépressionnaire recouvre nos régions. Une masse d&apos;air très humide se dirige vers les Alpes dans un courant du sud. À partir de vendredi, le courant en altitude s&apos;orientera au nord-ouest avec une arrivée d&apos;air maritime polaire, écrit MétéoSuisse. 
Neige à 2000 mètres 
Quinze à 20 centimètres de neige fraîche sont même annoncés vers 2000 m dans les Alpes vendredi. Et la limite des chutes de neige pourrait s&apos;abaisser jusqu&apos;à 1600 m samedi. En plaine, c&apos;est la pluie qui accompagnera le froid, avec des températures qui ne devrait pas excéder les 15 degrés, même en Valais. Seul le Tessin pourrait atteindre le seuil des 20 degrés. 
Il faudra attendre dimanche et surtout lundi pour voir des améliorations, selon MétéoSuisse. La situation devrait se détendre progressivement la semaine prochaine. 
Autrefois, les trois saints en questions - Mamert, Pancrace et Servais - étaient implorés par les agriculteurs, viticulteurs ou jardiniers pour qu&apos;ils protègent leurs plantations. Mais comme ils semblaient sourds à leurs prières, les trois bienheureux furent bientôt discrédités et soupçonnés de faire déferler une vague de froid. 
Sagesse populaire 
La sagesse populaire le confirme. Un dicton assure par exemple: «Avant saint Servais point d&apos;été, après saint Servais plus de gelée». Un autre affirme: «Quand il pleut à la saint Servais, pour le blé signe mauvais.» 
Les trois héros de la semaine ont vécu il y a fort longtemps. Saint Mamert était au 5e siècle évêque de Vienne, dans le sud de ce qui n&apos;était pas encore la France mais la Gaule. Saint Pancrace fut martyrisé à Rome en 304, alors que saint Servais fut évêque en Belgique au 4e siècle. 
A ces trois saints, les régions plus septentrionales comme l&apos;Alsace ou la Lorraine ajoutent des saints fêtés plus tardivement, les gelées étant aussi plus tardives dans ces régions. Ainsi sont aussi comptés saint Boniface, saint Yves, saint Bernardin, sainte Sophie jusqu&apos;à saint Urbain le 25 mai. (ats/nxp) (Créé: 12.05.2016, 17h00) Mis à jour à 16h50 Sponsored Content
</post>
<signature>

</signature>
<external_links>

</external_links>
<country>CH</country>
<main_image>http://files.newsnetz.ch/story/1/7/2/17210354/teaserbreitgross.jpg</main_image>
</document>
