<?xml version="1.0" encoding="UTF-8"?>
<document>
<type>mainstream</type>
<forum></forum>
<forum_title></forum_title>
<discussion_title>夏の準備はレースアップサンダルで！ 人気モデルたちも早速履いてます。｜海外セレブ・ゴシップ｜VOGUE JAPAN</discussion_title>
<language>japanese</language>
<gmt_offset></gmt_offset>
<topic_url>http://www.vogue.co.jp/celebrity/stylewatch/2016-05-11</topic_url>
<topic_text>
靴を新調したくなるこの時期。狙いたいのは一点投入で存在感とおしゃれ度が一気に上昇するレースアップシューズ。カジュアルに着こなすも良し、モノトーンコーデに合わせてシックに仕上げるも良し。ケンダルやジジなど、おしゃれ感度の高いモデルたちはもちろんみんな履いています！ RELATED TOPICS 
</topic_text>
<spam_score>0.00</spam_score>
<post_num>1</post_num>
<post_id>post-1</post_id>
<post_url>http://www.vogue.co.jp/celebrity/stylewatch/2016-05-11</post_url>
<post_date>20160511</post_date>
<post_time></post_time>
<username></username>
<post>
靴を新調したくなるこの時期。狙いたいのは一点投入で存在感とおしゃれ度が一気に上昇するレースアップシューズ。カジュアルに着こなすも良し、モノトーンコーデに合わせてシックに仕上げるも良し。ケンダルやジジなど、おしゃれ感度の高いモデルたちはもちろんみんな履いています！ RELATED TOPICS 
</post>
<signature>

</signature>
<external_links>

</external_links>
<country>JP</country>
<main_image>http://www.vogue.co.jp/uploads/media/2016/05/11/01_aflo_LKGG681544.jpg?1462968303</main_image>
</document>
