<?xml version="1.0" encoding="UTF-8"?>
<document>
<type>mainstream</type>
<forum>http://www.fox8live.com/category/13533/international-news?clienttype=rss</forum>
<forum_title>FOX 8 News WVUE-TV - International - Headline</forum_title>
<discussion_title>Montana, Wyoming, Idaho prepare for return of grizzly hunts</discussion_title>
<language>english</language>
<gmt_offset></gmt_offset>
<topic_url>http://www.fox8live.com/story/31953848/montana-wyoming-idaho-prepare-for-return-of-grizzly-hunts</topic_url>
<topic_text>
Montana, Wyoming, Idaho prepare for return of grizzly hunts 2016-05-12T06:32:33Z 2016-05-12T16:13:02Z (Marc Cooke/Wolves of the Rockies via AP). This Aug. 2, 2012 photo provided by Wolves of the Rockies shows a grizzly bear near the Lamar Valley in Yellowstone National Park in Wyoming. Three states, Wyoming, Montana and Idaho, are getting ready for the... (Marc Cooke/Wolves of the Rockies via AP). This Aug. 2, 2012 photo provided by Wolves of the Rockies shows a grizzly bear near the Lamar Valley in Yellowstone National Park in Wyoming. Three states, Wyoming, Montana and Idaho, are getting ready for the... By MATT VOLZAssociated Press 
HELENA, Mont. (AP) - Hunters soon could be chasing grizzly bears across the ridges of the Rocky Mountains, leaving three states to drum up plans to ensure the iconic species won&apos;t be snuffed out soon after recovering from threats to their survival. 
The Obama administration in March proposed lifting protections for the more than 700 grizzlies around Yellowstone National Park. The bears have been considered a threatened species since 1975, but federal wildlife officials say that population has sufficiently recovered to turn over management to Wyoming, Montana and Idaho. 
Before the U.S. Fish and Wildlife Service makes a final decision by March 2017, it is requiring those states to outline what their grizzly hunting seasons would look like. The states came up with a coordinated plan late last year to guide their individual proposals, including reviewing the bear population each year, stopping hunting if the grizzlies&apos; overall numbers drop below 600 and banning hunting of female bears with their young. 
&quot;This is a historic undertaking because we don&apos;t manage any other species like this,&quot; Idaho Department of Fish and Game spokesman Gregg Losinski said. 
Wyoming&apos;s Fish and Game Commission approved its grizzly management plan Wednesday, and Montana will release its first draft of what a hunting season would look like Thursday for public comment. Idaho officials plan to discuss the matter next week. 
The scrutiny is intense, with wildlife advocates insisting the bear population is still too fragile for hunting and that federal officials reverse course before it&apos;s too late. 
One advocacy group, Defenders of Wildlife, is worried the federal government is moving too quickly and with incomplete information. It should delay making a final decision until the states&apos; plans to manage the species have been completed and fully vetted, said Jamie Rappaport Clark, the organization&apos;s president and CEO who was a former director of the Fish and Wildlife Service. 
&quot;All the work of bringing back the grizzly bear from the brink of extinction should not go up in smoke because the game plan is substandard,&quot; she said. 
The only reason the plan is being created now is because federal wildlife officials are requiring one, Montana Fish, Wildlife and Parks Director Jeff Hagener said Wednesday. 
&quot;This doesn&apos;t mean that automatically we&apos;re going to start hunting grizzly bears as soon as they&apos;re de-listed,&quot; he said. 
The actual quota of grizzlies available for each state&apos;s hunt would vary from year to year, depending on the previous year&apos;s bear deaths. The three states have apportioned the bears that could be hunted according to their share of the Yellowstone area: Wyoming with 58 percent, Montana with 34 percent and Idaho with 8 percent. 
Montana officials estimated their number would be less than 10 bears in most years. 
Outside the Yellowstone area, other grizzly populations in Montana, Idaho and Washington state will remain protected. The grizzlies&apos; Alaska cousin, the brown bear, is not considered a threatened or endangered species and is hunted regularly. Copyright 2016 The Associated Press. All rights reserved. This material may not be published, broadcast, rewritten or redistributed.
</topic_text>
<spam_score>0.00</spam_score>
<post_num>1</post_num>
<post_id>post-1</post_id>
<post_url>http://www.fox8live.com/story/31953848/montana-wyoming-idaho-prepare-for-return-of-grizzly-hunts</post_url>
<post_date>20160512</post_date>
<post_time>1613</post_time>
<username></username>
<post>
Montana, Wyoming, Idaho prepare for return of grizzly hunts 2016-05-12T06:32:33Z 2016-05-12T16:13:02Z (Marc Cooke/Wolves of the Rockies via AP). This Aug. 2, 2012 photo provided by Wolves of the Rockies shows a grizzly bear near the Lamar Valley in Yellowstone National Park in Wyoming. Three states, Wyoming, Montana and Idaho, are getting ready for the... (Marc Cooke/Wolves of the Rockies via AP). This Aug. 2, 2012 photo provided by Wolves of the Rockies shows a grizzly bear near the Lamar Valley in Yellowstone National Park in Wyoming. Three states, Wyoming, Montana and Idaho, are getting ready for the... By MATT VOLZAssociated Press 
HELENA, Mont. (AP) - Hunters soon could be chasing grizzly bears across the ridges of the Rocky Mountains, leaving three states to drum up plans to ensure the iconic species won&apos;t be snuffed out soon after recovering from threats to their survival. 
The Obama administration in March proposed lifting protections for the more than 700 grizzlies around Yellowstone National Park. The bears have been considered a threatened species since 1975, but federal wildlife officials say that population has sufficiently recovered to turn over management to Wyoming, Montana and Idaho. 
Before the U.S. Fish and Wildlife Service makes a final decision by March 2017, it is requiring those states to outline what their grizzly hunting seasons would look like. The states came up with a coordinated plan late last year to guide their individual proposals, including reviewing the bear population each year, stopping hunting if the grizzlies&apos; overall numbers drop below 600 and banning hunting of female bears with their young. 
&quot;This is a historic undertaking because we don&apos;t manage any other species like this,&quot; Idaho Department of Fish and Game spokesman Gregg Losinski said. 
Wyoming&apos;s Fish and Game Commission approved its grizzly management plan Wednesday, and Montana will release its first draft of what a hunting season would look like Thursday for public comment. Idaho officials plan to discuss the matter next week. 
The scrutiny is intense, with wildlife advocates insisting the bear population is still too fragile for hunting and that federal officials reverse course before it&apos;s too late. 
One advocacy group, Defenders of Wildlife, is worried the federal government is moving too quickly and with incomplete information. It should delay making a final decision until the states&apos; plans to manage the species have been completed and fully vetted, said Jamie Rappaport Clark, the organization&apos;s president and CEO who was a former director of the Fish and Wildlife Service. 
&quot;All the work of bringing back the grizzly bear from the brink of extinction should not go up in smoke because the game plan is substandard,&quot; she said. 
The only reason the plan is being created now is because federal wildlife officials are requiring one, Montana Fish, Wildlife and Parks Director Jeff Hagener said Wednesday. 
&quot;This doesn&apos;t mean that automatically we&apos;re going to start hunting grizzly bears as soon as they&apos;re de-listed,&quot; he said. 
The actual quota of grizzlies available for each state&apos;s hunt would vary from year to year, depending on the previous year&apos;s bear deaths. The three states have apportioned the bears that could be hunted according to their share of the Yellowstone area: Wyoming with 58 percent, Montana with 34 percent and Idaho with 8 percent. 
Montana officials estimated their number would be less than 10 bears in most years. 
Outside the Yellowstone area, other grizzly populations in Montana, Idaho and Washington state will remain protected. The grizzlies&apos; Alaska cousin, the brown bear, is not considered a threatened or endangered species and is hunted regularly. Copyright 2016 The Associated Press. All rights reserved. This material may not be published, broadcast, rewritten or redistributed.
</post>
<signature>

</signature>
<external_links>

</external_links>
<country>US</country>
<main_image>http://APMOBILE.images.worldnow.com/images/10538391_G.jpg</main_image>
</document>
