<?xml version="1.0" encoding="UTF-8"?>
<document>
<type>mainstream</type>
<forum>http://hronika.info/rss.xml</forum>
<forum_title>Хроника мировых событий</forum_title>
<discussion_title>Тройное ДТП в Запорожской области: пятеро пострадавших</discussion_title>
<language>russian</language>
<gmt_offset></gmt_offset>
<topic_url>http://hronika.info/kriminal/142243-troynoe-dtp-v-zaporozhskoy-oblasti-pyatero-postradavshih.html</topic_url>
<topic_text>
Тройное ДТП в Запорожской области: пятеро пострадавших Авария произошла на трассе «Харьков-Симферополь». Вчера,11-го мая, около десяти часов утра, на 309 километре автодороги «Харьков-Симферополь» произошло ДТП. В нем пострадали пятеро человек, в том числе 9-летний ребенок.Об этом Хронике.инфо сообщили пресс-служба ГУ Национальной полиции в Запорожской области.Так, 45-летний водитель Chevrolet не справился с управлением и выехал на «встречку». Там он столкнулся с двумя автомобилями ГАЗ и ВАЗ.В результате аварии травмы получили водитель машины ВАЗ, а также двое его пассажиров, среди которых — 9-летний ребенок. Кроме того, в больницу были госпитализированы две пассажирки иномарки. Если вы нашли ошибку в тексте, выделите её мышью и нажмите Ctrl+Enter
</topic_text>
<spam_score>0.00</spam_score>
<post_num>1</post_num>
<post_id>post-1</post_id>
<post_url>http://hronika.info/kriminal/142243-troynoe-dtp-v-zaporozhskoy-oblasti-pyatero-postradavshih.html</post_url>
<post_date>20160512</post_date>
<post_time>1558</post_time>
<username></username>
<post>
Тройное ДТП в Запорожской области: пятеро пострадавших Авария произошла на трассе «Харьков-Симферополь». Вчера,11-го мая, около десяти часов утра, на 309 километре автодороги «Харьков-Симферополь» произошло ДТП. В нем пострадали пятеро человек, в том числе 9-летний ребенок.Об этом Хронике.инфо сообщили пресс-служба ГУ Национальной полиции в Запорожской области.Так, 45-летний водитель Chevrolet не справился с управлением и выехал на «встречку». Там он столкнулся с двумя автомобилями ГАЗ и ВАЗ.В результате аварии травмы получили водитель машины ВАЗ, а также двое его пассажиров, среди которых — 9-летний ребенок. Кроме того, в больницу были госпитализированы две пассажирки иномарки. Если вы нашли ошибку в тексте, выделите её мышью и нажмите Ctrl+Enter
</post>
<signature>

</signature>
<external_links>

</external_links>
<country>DE</country>
<main_image>http://hronika.info/uploads/posts/2016-05/1463064791_zapor.jpg</main_image>
</document>
