<?xml version="1.0" encoding="UTF-8"?>
<document>
<type>mainstream</type>
<forum></forum>
<forum_title></forum_title>
<discussion_title>ニナ リッチのフレグランス「レクスタス」に新たな香りが仲間入り。｜ビューティニュース（コスメ・メイク）｜VOGUE JAPAN</discussion_title>
<language>japanese</language>
<gmt_offset></gmt_offset>
<topic_url>http://www.vogue.co.jp/beauty/news/2016-05/12/ninaricci</topic_url>
<topic_text>

官能的なムスキーフローラルのオリエンタル調で、内に秘めた女性の魅力を引き出す ニナ リッチのフレグランス「レクスタス」 。昨年発売されたこのフレグランスのDNAを受け継いだ、ローズの香りが肌を伝うセンシュアルな香り「レクスタス ローズ レジェール」が誕生。2016年5月13日（金）より発売される。 「レクスタス」同様、新しい香りを手がけたのは自身のブランドも展開する調香師、フランシス・クルジャン。ブルガリアンローズのエッセンスにピオニー、ヴァイオレットノートにターキッシュローズのアブソリュートといった、ローズの扱いが絶妙。ムスクとの絡み合いも見事で、軽やかでいて魅惑的な香りに仕上がっている。 ボトルにあしらわれたゴールドのアクセサリーは、 ニナ リッチ のクリエイティブ・ディレクターを務める ギョーム・アンリ が初めて手がけたコレクションを象徴するブレスレットからインスパイア。フリンジのように揺れるチェーンをあしらうことで、ヌードピンクのボトルに繊細でいて女性らしい雰囲気が加わっている。 ニナ リッチ レクスタス ローズ レジェール オーデパルファム 30ml ￥6,400、50ml ￥9,400、80ml ￥12,800（すべて5月13日発売） 問い合わせ先／インターモード川辺 フレグランス本部 0120-000-599 
</topic_text>
<spam_score>0.00</spam_score>
<post_num>1</post_num>
<post_id>post-1</post_id>
<post_url>http://www.vogue.co.jp/beauty/news/2016-05/12/ninaricci</post_url>
<post_date>20160510</post_date>
<post_time></post_time>
<username>Text By Manami Ren</username>
<post>

官能的なムスキーフローラルのオリエンタル調で、内に秘めた女性の魅力を引き出す ニナ リッチのフレグランス「レクスタス」 。昨年発売されたこのフレグランスのDNAを受け継いだ、ローズの香りが肌を伝うセンシュアルな香り「レクスタス ローズ レジェール」が誕生。2016年5月13日（金）より発売される。 「レクスタス」同様、新しい香りを手がけたのは自身のブランドも展開する調香師、フランシス・クルジャン。ブルガリアンローズのエッセンスにピオニー、ヴァイオレットノートにターキッシュローズのアブソリュートといった、ローズの扱いが絶妙。ムスクとの絡み合いも見事で、軽やかでいて魅惑的な香りに仕上がっている。 ボトルにあしらわれたゴールドのアクセサリーは、 ニナ リッチ のクリエイティブ・ディレクターを務める ギョーム・アンリ が初めて手がけたコレクションを象徴するブレスレットからインスパイア。フリンジのように揺れるチェーンをあしらうことで、ヌードピンクのボトルに繊細でいて女性らしい雰囲気が加わっている。 ニナ リッチ レクスタス ローズ レジェール オーデパルファム 30ml ￥6,400、50ml ￥9,400、80ml ￥12,800（すべて5月13日発売） 問い合わせ先／インターモード川辺 フレグランス本部 0120-000-599 
</post>
<signature>

</signature>
<external_links>

</external_links>
<country>JP</country>
<main_image>http://www.vogue.co.jp/uploads/media/2016/05/10/ninaricci.jpg?1462875500</main_image>
</document>
