<?xml version="1.0" encoding="UTF-8"?>
<document>
<type>mainstream</type>
<forum>http://www.gutefrage.net/feed/neue/fitness</forum>
<forum_title>Neue Fragen zum Thema Fitness auf gutefrage.net</forum_title>
<discussion_title>merkt/sieht man nach 2 wochen was am bauch bei fast täglichen situps?</discussion_title>
<language>german</language>
<gmt_offset></gmt_offset>
<topic_url>http://www.gutefrage.net/frage/merktsieht-man-nach-2-wochen-was-am-bauch-bei-fast-taeglichen-situps</topic_url>
<topic_text>
32 merkt/sieht man nach 2 wochen was am bauch bei fast täglichen situps? 
ich habe meine ernährung schon seit ein paar wochen umgestellt und merke das auch im gesamten etwas. würde ich es nach 2 wochen merken bzw sehen wenn ich sit ups dazu mache oder noch nicht, habt ihr erfahrungen wie lange das etwa dauert? 
weiblich 
Also in 2 Wochen wirst du hier leider noch nichts sehen, dasmit den Bauchmuskeln ist einer der langwierigsten Themen bis hier wirklich Fortschritte ersichtlich werden. 
Aber ich pflichte meinen Vorrednern bei, mit einer einzigenÜbung (Situps) ist das nicht Optimal, denn der Bauch besteht ja nicht nur auseinem Muskel. Such einfach mal bei Youtube, hier findest du zumindest unterschiedliche Ausführungen und Übungen.  12.05.2016 13 
Ich glaube man kann nicht an einer Stelle abnehmen, nur am ganzen Körper. Also durch Situps verbrennst du nicht nur Bauchfett. 
Und es kann sein dass du ein halbes Jahr täglich Bauch trainierst und trotzdem keine Muskeln siehst, einfach weil du so gebaut bist. Grade als Frau ist es ganz normal bei einer schlanken Figur trotzdem Bauchfett zu haben. 1 Kommentar anzeigen 
ich will nicht abnehmen, sondern eher definieren. hm okay, naja mal sehen was dabei rauskommt 😂  12.05.2016 7 
Nur Situps bringen nix... nicht mal 4000 stück... mach Workouts auf Videos oder aus diesen 7 Minuten Apps!  12.05.2016 22 
In 2 Wochen merkst du da nix. Ist eine Sache von Monaten, wenn du natürlich trainierst. 1 Kommentar anzeigen 
Nichts was objektiv einen Unterschied machen würden. :)  
an sich möglich , jedoch würde ich dier ein Trainingsprogramm und nicht nur eine Übung empfehlen :) 1 Kommentar anzeigen Kommentar von SpiderPig3639 , 12.05.2016 
da gibts im internet so viel, aber ich weiss nicht was wirklich effektiv was bringt und trotzdem gesund ist Sie kennen die Antwort? Frage jetzt beantworten Auch interessant Wie kann man effektiv Muskeln aufbauen? Habt ihr Tips Muskeln aufzubauen? erstrecht die Bauchmuskeln? Und kommt jetzt bitte nicht nur mit Sit ups oder so. Sondern vllt ein Trainingsplan, Ernährung oder so. Danke schonmal für alle Antworten.:) 3 Antworten Bauchmuskeln oder was?! Hallo,ich bin die LiLi, 14 (1/2) Jahre alt und habe ein paar Fragen zu meinem Bauch. Ich kenne mich mit Muskeln nicht so besonders aus, desshalb sorry wenn ich etwas &quot;blöd&quot; frage. Also, ich bin seit 3 Wochen in der Vollesball AG unserer Schule. Die AG ist sehr aktiv und wir haben alle 2 Tage 90 min Training (wir bereiten uns auf eine Meisterschaft Ende Juli vor) und da machen wir am Anfang Partnerfitness, also einer zählt und schaut auf Haltung und der andere macht sie und zwar erst der eine Partner 50 Sit Ups (also das wo man bis ganu hoch geht) und 50 Kniebeuge, dann der andere und dann wieder der erste. Damit jeder 100 Sit Ups und 100 Kniebeugen. Das wiederholen wir dann in der Mitte (aber nur jeder 50 von beidem) und am Ende (wieder 100 von beidem). Dazwischen Spielen wir. Unsere Trainerin sagt die Muskeln brauchen wir. Jetzt zu den Fragen: Ich habe vorher auch schon viel Sport gemacht und einen flache Bauch mit so einem Streifen in der Mitte durch gehabt. Jetzt habe ich oben wo der &quot;Strich anfängt links und rechts (also parallel :D) 2 herrausstehende &quot;Teile&quot; (sind das Muskeln) und wenn ich Anspanne sieht man das darunter auch noch 2 mal links und rechts welche sind. Sind das Bauchmuskeln? Ist das schlecht oder gut? Warum sieht man sie? Ist das durch das Volleyball oder durch die Kniebeugen und Sit Ups? Die anderen Mädchen, die schon über 2 Monate dabei sind, haben diese Parallelen &quot;Teile&quot; 3 mal also insgesamt 6, ohne das sie anspannen. Wie bekomme ich das auch?Außerdem haben sie einen wahsinns &quot;Knackpo&quot;!!! Wieso haben sie einen und ich nicht und wie bekomme ich auch einen? Sorry, dass die Fragen überall sind! Hoffe ihr könnt mir helfen Danke! LiLi 7 Antworten Leichtes Sixpack hey leute... ich bin weiblich und hätte gerne ein sixpack wie bekomme ich das hin? ich mache viel sport und ernähre mich gesund ich weiß nicht, was ich noch machen soll..ich mach auch jeden abend sit-ups, aber es bringt einfach nichts..man sieht nur einen ansatz und kein wirkliches sixpack -.- 3 Antworten Wie kann ich durch kurzes aber dauerhaftes trainieren Bauchmuskeln bekommen? Hi wie kann ich Muskeln am Bauch aufbauen? ich bin nicht besonders dick und trozdem sieht man nichtmal einen ansatz von Muskeln an meinem Buach -.- ich mache jeden Abend situps und einige Liegestütz. Außerdem gehe ich öfters Inliner fahren. Was gibt es noch für methoden Bauchmuskeln aufzubauen, ohne das ich dabei viel zeit aufwenden muss? Ich komme nachmittags nämlich immer erst sehr spät von der Schule zurück und habe deshalb nur wenig zeit um mich sportlich zu betätigen. Danke für alle antworten :) 4 Antworten Six-pack kriegen mit training? Also wollte fragen ob es reicht wenn man täglich sit ups macht um nach einer längeren zeit ein six pack zu kriegen. Wenn ja wie viele sollte man täglich machen und wie oft am tag. Also ich meine ob ich vielleicht 2 mal am tag 50 sit ups machen aber 50 am mittag und 50 am abend. Also ist jz nur ein beispiel und will wissen wie viele ich machen sollte. Und wenn jemanden noch gute übungen einfallen einfach mit reinschreiben 3 Antworten Oberer Bauch : ok! Aber unterer Bauch.. Übungen Tipps? Hilfe! Mein Oberer Bauch ist eig.ganz ok. Man sieht sogar schon ein paar Muskeln aber der untere Bauch ist ein Problem denn bei den Situps wird nur der obere Bauch bei mir trainiert brauch ich da spezielle Übungen für den unteren Bauch oder muss ich mit den situps einfach nur Geduld haben? Danke an alle die Antworten :)) 3 Antworten Abgenommen, aber nicht am Bauch? Hallo, Ich bin 14Jahre alt und ca 1,88m groß und habe ca in 2-3 Monaten 9kg abgenommen (vorher 84kg jetzt 75kg) mit regelmäßigem Basketball Training und ich habe meine Ernährung umgestellt. Ich habe das nur gemacht weil ich am Bauch dünner werden wollte. Aber genau das hat nicht geklappt. Ich habe zwar kleinere Hosengrößen bekommen, aber mein Bauch ist immernoch &quot;Dick&quot;. Kommt das mit der Zeit oder was muss ich dafür tuhen? Irgendwie Situps oder so? Danke im Vorraus. 3 Antworten Wieso sieht mein Bauch in entspanntem Zustand so schlaff aus? Ich, w (15) habe eine Frage.. Wenn ich meinen Bauch anspanne, ist er relativ flach und ich habe dann auch ein sichtbares und spürbares Sixpack. Klar, etwas Speck ist da auch. Aber das stört mich nicht unbedingt. Im unangespannten Zustand jedoch sieht er meiner Meinung nach total schlaff aus. Manche Mädchen/Frauen haben einen sehr flachen Bauch, liegt das an der seitlichen Bauchmuskulatur? Oder an der Inneren? Was genau muss ich trainieren, damit mein Bauch auch im unangespannten Zustand schön flach ist? Welche Übungen kann ich machen? 1 Antwort Wie werde ich meinen Unterbauch los? Ich bin 1,71m groß und wiege ungefähr 72kg. Ich bin garnicht mal ganz so dick aber habe einen ziemlichen Unterbauch der einfach total blöd aussieht. Wie werde ich den schnell los? Bei Situps oder ähnliches trainiert man ja nur den Oberen Bereich des Bauch. 4 Antworten Bauchfett weg durch Situps+Diät? Ich wollte mal fragen, Und zwar ich bin auf diät sehe schon viele fortschritte aber mein Bauch fett bleibt. Habe mir jetzt vorgenommen Morgens und Abends Sit Ups zu machen. Bringt das was? Kann ich dadurch meinen Bauch etwas straffen ? 3 Antworten Sport, Ernährung, abnehmen? Hey, also ich bin 14 Jahre ca 168 cm groß und wiege zz 55kg. Am Gewicht liegt es mir eigentlich nicht. Ich will nur einen flacheren Bauch bekommen. Ich gehe 4-5 mal pro Woche für 30 min joggen (werde ich mit der zeit steigern) und mache täglich 30 Minuten Bauchmuskeltraining (SitUps und so was). Ich esse 1,5 Stunden vor dem joggen etwas und 30 min dannach... dann esse ich abends noch was mit wenig kh. Meine Frage ist die: Ich weiß nicht wann ich was essen soll dh ich esse meiner meinung nach ziemlich wenig. Das liegt daran das ich nicht viel hunger habe. Mein Problem ist, dass ich nicht weiß ob ich vor dem Sport oder nach dem Sport essen soll ob ich vor dem Sport Eiweis oder KH oder lieber nach dem Sport? Wie viele kcal ich pro Tag essen soll, ob ich mehr oder weniger Sport machen soll ob ich Kraftport machen soll? Kann mir jmd da helfen? Wäre nett. PS bin Vegetarier (kein Fleisch und Fisch) 3 Antworten wie trainiere ich den bauch am besten? hallo :) die frage sagt eigentlich schon alles, ich wüsste gerne welche übungen am effektivsten sind für den bauch? bitte keine crunches/sit ups, da hab ich rückenbeschwerden wenn ich das mache :( kurze angaben zu mir: weiblich, 18 jahre, 1.65m und 58-59kg. mein fett sammelt sich hauptsächlich an brust und bauch an- weshalb ich diese partien vor allem trainieren will danke! 5 Antworten Welche Übungen im Wasser straffen den Bauch? Zu Hause bin ich nicht willensstark genug um die Bauchübungen immer voll durchzuziehen. Neu ist, dass man sich bei uns im Schwimmbad diesen Gürtel leihen kann, die man auch zur Wassergymnastik verwendet. Welche Übungen damit stärken auch im Wasser meine Bauchmuskulatur?
</topic_text>
<spam_score>0.00</spam_score>
<post_num>1</post_num>
<post_id>post-1</post_id>
<post_url>http://www.gutefrage.net/frage/merktsieht-man-nach-2-wochen-was-am-bauch-bei-fast-taeglichen-situps</post_url>
<post_date>20160512</post_date>
<post_time>1551</post_time>
<username>SpiderPig3639</username>
<post>
32 merkt/sieht man nach 2 wochen was am bauch bei fast täglichen situps? 
ich habe meine ernährung schon seit ein paar wochen umgestellt und merke das auch im gesamten etwas. würde ich es nach 2 wochen merken bzw sehen wenn ich sit ups dazu mache oder noch nicht, habt ihr erfahrungen wie lange das etwa dauert? 
weiblich 
Also in 2 Wochen wirst du hier leider noch nichts sehen, dasmit den Bauchmuskeln ist einer der langwierigsten Themen bis hier wirklich Fortschritte ersichtlich werden. 
Aber ich pflichte meinen Vorrednern bei, mit einer einzigenÜbung (Situps) ist das nicht Optimal, denn der Bauch besteht ja nicht nur auseinem Muskel. Such einfach mal bei Youtube, hier findest du zumindest unterschiedliche Ausführungen und Übungen.  12.05.2016 13 
Ich glaube man kann nicht an einer Stelle abnehmen, nur am ganzen Körper. Also durch Situps verbrennst du nicht nur Bauchfett. 
Und es kann sein dass du ein halbes Jahr täglich Bauch trainierst und trotzdem keine Muskeln siehst, einfach weil du so gebaut bist. Grade als Frau ist es ganz normal bei einer schlanken Figur trotzdem Bauchfett zu haben. 1 Kommentar anzeigen 
ich will nicht abnehmen, sondern eher definieren. hm okay, naja mal sehen was dabei rauskommt 😂  12.05.2016 7 
Nur Situps bringen nix... nicht mal 4000 stück... mach Workouts auf Videos oder aus diesen 7 Minuten Apps!  12.05.2016 22 
In 2 Wochen merkst du da nix. Ist eine Sache von Monaten, wenn du natürlich trainierst. 1 Kommentar anzeigen 
Nichts was objektiv einen Unterschied machen würden. :)  
an sich möglich , jedoch würde ich dier ein Trainingsprogramm und nicht nur eine Übung empfehlen :) 1 Kommentar anzeigen Kommentar von SpiderPig3639 , 12.05.2016 
da gibts im internet so viel, aber ich weiss nicht was wirklich effektiv was bringt und trotzdem gesund ist Sie kennen die Antwort? Frage jetzt beantworten Auch interessant Wie kann man effektiv Muskeln aufbauen? Habt ihr Tips Muskeln aufzubauen? erstrecht die Bauchmuskeln? Und kommt jetzt bitte nicht nur mit Sit ups oder so. Sondern vllt ein Trainingsplan, Ernährung oder so. Danke schonmal für alle Antworten.:) 3 Antworten Bauchmuskeln oder was?! Hallo,ich bin die LiLi, 14 (1/2) Jahre alt und habe ein paar Fragen zu meinem Bauch. Ich kenne mich mit Muskeln nicht so besonders aus, desshalb sorry wenn ich etwas &quot;blöd&quot; frage. Also, ich bin seit 3 Wochen in der Vollesball AG unserer Schule. Die AG ist sehr aktiv und wir haben alle 2 Tage 90 min Training (wir bereiten uns auf eine Meisterschaft Ende Juli vor) und da machen wir am Anfang Partnerfitness, also einer zählt und schaut auf Haltung und der andere macht sie und zwar erst der eine Partner 50 Sit Ups (also das wo man bis ganu hoch geht) und 50 Kniebeuge, dann der andere und dann wieder der erste. Damit jeder 100 Sit Ups und 100 Kniebeugen. Das wiederholen wir dann in der Mitte (aber nur jeder 50 von beidem) und am Ende (wieder 100 von beidem). Dazwischen Spielen wir. Unsere Trainerin sagt die Muskeln brauchen wir. Jetzt zu den Fragen: Ich habe vorher auch schon viel Sport gemacht und einen flache Bauch mit so einem Streifen in der Mitte durch gehabt. Jetzt habe ich oben wo der &quot;Strich anfängt links und rechts (also parallel :D) 2 herrausstehende &quot;Teile&quot; (sind das Muskeln) und wenn ich Anspanne sieht man das darunter auch noch 2 mal links und rechts welche sind. Sind das Bauchmuskeln? Ist das schlecht oder gut? Warum sieht man sie? Ist das durch das Volleyball oder durch die Kniebeugen und Sit Ups? Die anderen Mädchen, die schon über 2 Monate dabei sind, haben diese Parallelen &quot;Teile&quot; 3 mal also insgesamt 6, ohne das sie anspannen. Wie bekomme ich das auch?Außerdem haben sie einen wahsinns &quot;Knackpo&quot;!!! Wieso haben sie einen und ich nicht und wie bekomme ich auch einen? Sorry, dass die Fragen überall sind! Hoffe ihr könnt mir helfen Danke! LiLi 7 Antworten Leichtes Sixpack hey leute... ich bin weiblich und hätte gerne ein sixpack wie bekomme ich das hin? ich mache viel sport und ernähre mich gesund ich weiß nicht, was ich noch machen soll..ich mach auch jeden abend sit-ups, aber es bringt einfach nichts..man sieht nur einen ansatz und kein wirkliches sixpack -.- 3 Antworten Wie kann ich durch kurzes aber dauerhaftes trainieren Bauchmuskeln bekommen? Hi wie kann ich Muskeln am Bauch aufbauen? ich bin nicht besonders dick und trozdem sieht man nichtmal einen ansatz von Muskeln an meinem Buach -.- ich mache jeden Abend situps und einige Liegestütz. Außerdem gehe ich öfters Inliner fahren. Was gibt es noch für methoden Bauchmuskeln aufzubauen, ohne das ich dabei viel zeit aufwenden muss? Ich komme nachmittags nämlich immer erst sehr spät von der Schule zurück und habe deshalb nur wenig zeit um mich sportlich zu betätigen. Danke für alle antworten :) 4 Antworten Six-pack kriegen mit training? Also wollte fragen ob es reicht wenn man täglich sit ups macht um nach einer längeren zeit ein six pack zu kriegen. Wenn ja wie viele sollte man täglich machen und wie oft am tag. Also ich meine ob ich vielleicht 2 mal am tag 50 sit ups machen aber 50 am mittag und 50 am abend. Also ist jz nur ein beispiel und will wissen wie viele ich machen sollte. Und wenn jemanden noch gute übungen einfallen einfach mit reinschreiben 3 Antworten Oberer Bauch : ok! Aber unterer Bauch.. Übungen Tipps? Hilfe! Mein Oberer Bauch ist eig.ganz ok. Man sieht sogar schon ein paar Muskeln aber der untere Bauch ist ein Problem denn bei den Situps wird nur der obere Bauch bei mir trainiert brauch ich da spezielle Übungen für den unteren Bauch oder muss ich mit den situps einfach nur Geduld haben? Danke an alle die Antworten :)) 3 Antworten Abgenommen, aber nicht am Bauch? Hallo, Ich bin 14Jahre alt und ca 1,88m groß und habe ca in 2-3 Monaten 9kg abgenommen (vorher 84kg jetzt 75kg) mit regelmäßigem Basketball Training und ich habe meine Ernährung umgestellt. Ich habe das nur gemacht weil ich am Bauch dünner werden wollte. Aber genau das hat nicht geklappt. Ich habe zwar kleinere Hosengrößen bekommen, aber mein Bauch ist immernoch &quot;Dick&quot;. Kommt das mit der Zeit oder was muss ich dafür tuhen? Irgendwie Situps oder so? Danke im Vorraus. 3 Antworten Wieso sieht mein Bauch in entspanntem Zustand so schlaff aus? Ich, w (15) habe eine Frage.. Wenn ich meinen Bauch anspanne, ist er relativ flach und ich habe dann auch ein sichtbares und spürbares Sixpack. Klar, etwas Speck ist da auch. Aber das stört mich nicht unbedingt. Im unangespannten Zustand jedoch sieht er meiner Meinung nach total schlaff aus. Manche Mädchen/Frauen haben einen sehr flachen Bauch, liegt das an der seitlichen Bauchmuskulatur? Oder an der Inneren? Was genau muss ich trainieren, damit mein Bauch auch im unangespannten Zustand schön flach ist? Welche Übungen kann ich machen? 1 Antwort Wie werde ich meinen Unterbauch los? Ich bin 1,71m groß und wiege ungefähr 72kg. Ich bin garnicht mal ganz so dick aber habe einen ziemlichen Unterbauch der einfach total blöd aussieht. Wie werde ich den schnell los? Bei Situps oder ähnliches trainiert man ja nur den Oberen Bereich des Bauch. 4 Antworten Bauchfett weg durch Situps+Diät? Ich wollte mal fragen, Und zwar ich bin auf diät sehe schon viele fortschritte aber mein Bauch fett bleibt. Habe mir jetzt vorgenommen Morgens und Abends Sit Ups zu machen. Bringt das was? Kann ich dadurch meinen Bauch etwas straffen ? 3 Antworten Sport, Ernährung, abnehmen? Hey, also ich bin 14 Jahre ca 168 cm groß und wiege zz 55kg. Am Gewicht liegt es mir eigentlich nicht. Ich will nur einen flacheren Bauch bekommen. Ich gehe 4-5 mal pro Woche für 30 min joggen (werde ich mit der zeit steigern) und mache täglich 30 Minuten Bauchmuskeltraining (SitUps und so was). Ich esse 1,5 Stunden vor dem joggen etwas und 30 min dannach... dann esse ich abends noch was mit wenig kh. Meine Frage ist die: Ich weiß nicht wann ich was essen soll dh ich esse meiner meinung nach ziemlich wenig. Das liegt daran das ich nicht viel hunger habe. Mein Problem ist, dass ich nicht weiß ob ich vor dem Sport oder nach dem Sport essen soll ob ich vor dem Sport Eiweis oder KH oder lieber nach dem Sport? Wie viele kcal ich pro Tag essen soll, ob ich mehr oder weniger Sport machen soll ob ich Kraftport machen soll? Kann mir jmd da helfen? Wäre nett. PS bin Vegetarier (kein Fleisch und Fisch) 3 Antworten wie trainiere ich den bauch am besten? hallo :) die frage sagt eigentlich schon alles, ich wüsste gerne welche übungen am effektivsten sind für den bauch? bitte keine crunches/sit ups, da hab ich rückenbeschwerden wenn ich das mache :( kurze angaben zu mir: weiblich, 18 jahre, 1.65m und 58-59kg. mein fett sammelt sich hauptsächlich an brust und bauch an- weshalb ich diese partien vor allem trainieren will danke! 5 Antworten Welche Übungen im Wasser straffen den Bauch? Zu Hause bin ich nicht willensstark genug um die Bauchübungen immer voll durchzuziehen. Neu ist, dass man sich bei uns im Schwimmbad diesen Gürtel leihen kann, die man auch zur Wassergymnastik verwendet. Welche Übungen damit stärken auch im Wasser meine Bauchmuskulatur?
</post>
<signature>

</signature>
<external_links>

</external_links>
<country>DE</country>
<main_image>//images.gutefrage.net/images/logos/fb_gf.png?1463063002</main_image>
</document>
