<?xml version="1.0" encoding="UTF-8"?>
<document>
<type>mainstream</type>
<forum>http://dealspl.us/rss/Home_Garden.xml</forum>
<forum_title>Home/Garden deals RSS Alerts - DealsPlus</forum_title>
<discussion_title>The Original Best Bamboo™ Hypoallergenic Memory Foam Pillow --&gt; $19.99 (gearxs.com)</discussion_title>
<language>english</language>
<gmt_offset></gmt_offset>
<topic_url>https://www.dealsplus.com/Bed-and-Bath_deals/p_the-original-best-bamboo-hypoallergenic-memory-foam</topic_url>
<topic_text>
$5 off this item Use coupon code 5OFF at checkout The Original Best Bamboo™ Memory Foam Hypoallergenic Pillow will provide you with years of great sleep-filled nights. This pillow is durable, and contours to your head and neck and alleviates typical neck pains. The pillow contains organic shredded memory-foam with a cooling cover. It&apos;s anti-bacterial and hypoallergenic, while helping to relieve asthma, snoring, insomnia and neck pain. If you like going into a deep-sleep and waking up feeling great - you&apos;ll love The Original Best Bamboo™ Memory Foam Hypoallergenic Pillow. Order yours today.
</topic_text>
<spam_score>0.00</spam_score>
<post_num>1</post_num>
<post_id>post-1</post_id>
<post_url>https://www.dealsplus.com/Bed-and-Bath_deals/p_the-original-best-bamboo-hypoallergenic-memory-foam</post_url>
<post_date>20160512</post_date>
<post_time>1409</post_time>
<username>DealsPlus</username>
<post>
$5 off this item Use coupon code 5OFF at checkout The Original Best Bamboo™ Memory Foam Hypoallergenic Pillow will provide you with years of great sleep-filled nights. This pillow is durable, and contours to your head and neck and alleviates typical neck pains. The pillow contains organic shredded memory-foam with a cooling cover. It&apos;s anti-bacterial and hypoallergenic, while helping to relieve asthma, snoring, insomnia and neck pain. If you like going into a deep-sleep and waking up feeling great - you&apos;ll love The Original Best Bamboo™ Memory Foam Hypoallergenic Pillow. Order yours today.
</post>
<signature>

</signature>
<external_links>

</external_links>
<country>US</country>
<main_image>https://img.dealspluscdn.com/ai/0_0/dealimage/20000/6075000/6075995_1463062198.jpg</main_image>
</document>
