<?xml version="1.0" encoding="UTF-8"?>
<document>
<type>mainstream</type>
<forum>http://www.fox8live.com/category/13533/international-news?clienttype=rss</forum>
<forum_title>FOX 8 News WVUE-TV - International - Headline</forum_title>
<discussion_title>2 Brits, Mexican are 1st foreigners on Everest in 2 years</discussion_title>
<language>english</language>
<gmt_offset></gmt_offset>
<topic_url>http://www.fox8live.com/story/31953747/2-brits-mexican-are-1st-foreigners-on-everest-in-2-years</topic_url>
<topic_text>
2 Brits, Mexican are 1st foreigners on Everest in 2 years 2016-05-12T05:52:29Z 2016-05-12T05:52:31Z (AP Photo/Tashi Sherpa, File). FILE - In this Feb. 19, 2016, file photo, trekkers make their way to Dingboche, a popular Mount Everest base camp, in Pangboche, Nepal. Officials say three foreign climbers; two British Kenton Cool, Robert Richard Lucas, ... By BINAJ GURUBACHARYAAssociated Press 
KATHMANDU, Nepal (AP) - Two British and a Mexican climber on Thursday became the first foreigners to scale Mount Everest in two years together with three Nepalese guides, officials said. 
The six climbers reached the 8,850-meter (29,035-foot) peak early Thursday and were heading to lower camps, said Ang Tshering of the Nepal Mountaineering Association. 
The Brits are Kenton Cool and Robert Richard Lucas, and the Mexican is David Liano Gonzalez. 
For Cool, 42, it was his 12th successful climb of Everest. Gonzalez, 36, is the record holder with six successful ascents of Everest from both northern side in China and southern side in Nepal in the same season. 
The Nepalese government has issued permits to 289 climbers to attempt to scale Everest. They have to do it in the next few weeks before the monsoon rains bring in bad weather. 
A group of nine Nepalese guides fixing ropes for their foreign clients reached the summit on Wednesday. 
The successful climbs this week come after two years of back-to-back disasters. 
An avalanche triggered by a powerful earthquake killed 19 climbers and injured 61 others at base camp last year. In 2014, 16 Sherpa guides were killed by an avalanche above the base camp. 
Last year&apos;s climbing season was scrubbed, and nearly all of the climbers in 2014 abandoned their attempts after the avalanche. The only team who reached the summit that year from the Nepal side was a Chinese woman and her five Sherpa guides. 
Earlier this week, two Nepalese Sherpa guides died of complications due to high altitude sickness at a lower camp on Mount Makalu, the world&apos;s fifth highest. Copyright 2016 The Associated Press. All rights reserved. This material may not be published, broadcast, rewritten or redistributed.
</topic_text>
<spam_score>0.00</spam_score>
<post_num>1</post_num>
<post_id>post-1</post_id>
<post_url>http://www.fox8live.com/story/31953747/2-brits-mexican-are-1st-foreigners-on-everest-in-2-years</post_url>
<post_date>20160512</post_date>
<post_time>0552</post_time>
<username></username>
<post>
2 Brits, Mexican are 1st foreigners on Everest in 2 years 2016-05-12T05:52:29Z 2016-05-12T05:52:31Z (AP Photo/Tashi Sherpa, File). FILE - In this Feb. 19, 2016, file photo, trekkers make their way to Dingboche, a popular Mount Everest base camp, in Pangboche, Nepal. Officials say three foreign climbers; two British Kenton Cool, Robert Richard Lucas, ... By BINAJ GURUBACHARYAAssociated Press 
KATHMANDU, Nepal (AP) - Two British and a Mexican climber on Thursday became the first foreigners to scale Mount Everest in two years together with three Nepalese guides, officials said. 
The six climbers reached the 8,850-meter (29,035-foot) peak early Thursday and were heading to lower camps, said Ang Tshering of the Nepal Mountaineering Association. 
The Brits are Kenton Cool and Robert Richard Lucas, and the Mexican is David Liano Gonzalez. 
For Cool, 42, it was his 12th successful climb of Everest. Gonzalez, 36, is the record holder with six successful ascents of Everest from both northern side in China and southern side in Nepal in the same season. 
The Nepalese government has issued permits to 289 climbers to attempt to scale Everest. They have to do it in the next few weeks before the monsoon rains bring in bad weather. 
A group of nine Nepalese guides fixing ropes for their foreign clients reached the summit on Wednesday. 
The successful climbs this week come after two years of back-to-back disasters. 
An avalanche triggered by a powerful earthquake killed 19 climbers and injured 61 others at base camp last year. In 2014, 16 Sherpa guides were killed by an avalanche above the base camp. 
Last year&apos;s climbing season was scrubbed, and nearly all of the climbers in 2014 abandoned their attempts after the avalanche. The only team who reached the summit that year from the Nepal side was a Chinese woman and her five Sherpa guides. 
Earlier this week, two Nepalese Sherpa guides died of complications due to high altitude sickness at a lower camp on Mount Makalu, the world&apos;s fifth highest. Copyright 2016 The Associated Press. All rights reserved. This material may not be published, broadcast, rewritten or redistributed.
</post>
<signature>

</signature>
<external_links>

</external_links>
<country>US</country>
<main_image>http://images.worldnow.com/AP/images/10538281_G.jpg</main_image>
</document>
