<?xml version="1.0" encoding="UTF-8"?>
<document>
<type>mainstream</type>
<forum>http://wn.com/Larry_Christenson</forum>
<forum_title>Larry Christenson</forum_title>
<discussion_title>Cast your votes for Wall of Fame inductee (Philadelphia Phillies)</discussion_title>
<language>english</language>
<gmt_offset>6</gmt_offset>
<topic_url>http://article.wn.com/view/2015/01/24/Cast_your_votes_for_Phillies_Wall_of_Fame_inductee_Philadelp/</topic_url>
<topic_text>
( Source : Philadelphia Phillies )
In alphabetical order, the 12 legends include outfielder Pat Burrell , pitcher Larry Christenson , manager Jim Fregosi , reliever Gene Garber , outfielder Tony Gonzalez , closer Jim Konstanty , first baseman
</topic_text>
<spam_score>0.00</spam_score>
<post_num>1</post_num>
<post_id>post-1</post_id>
<post_url>http://article.wn.com/view/2015/01/24/Cast_your_votes_for_Phillies_Wall_of_Fame_inductee_Philadelp/</post_url>
<post_date>20150124</post_date>
<post_time></post_time>
<username>wn.com</username>
<post>
( Source : Philadelphia Phillies )
In alphabetical order, the 12 legends include outfielder Pat Burrell , pitcher Larry Christenson , manager Jim Fregosi , reliever Gene Garber , outfielder Tony Gonzalez , closer Jim Konstanty , first baseman
</post>
<signature>

</signature>
<external_links>

</external_links>
<country>GB</country>
<main_image>http://i.ytimg.com/vi/4z2DtNW79sQ/0.jpg</main_image>
</document>
