<?xml version="1.0" encoding="UTF-8"?>
<document>
<type>mainstream</type>
<forum></forum>
<forum_title></forum_title>
<discussion_title>New York blogger reveals parking ticket errors - BBC News</discussion_title>
<language>english</language>
<gmt_offset></gmt_offset>
<topic_url>http://www.bbc.com/news/technology-36275930</topic_url>
<topic_text>
New York blogger reveals parking ticket errors By Chris Baraniuk Technology reporter 12 May 2016 Image copyright Getty Images Image caption NYPD officers had given out hundreds of parking tickets in error A blogger in New York has used public data to prove that the New York Police Department (NYPD) ticketed thousands of cars that were actually parked legally. 
Ben Wellington made the discovery after officers kept ticketing his own car, parked on a pavement ramp on the street where he lives. 
Drivers have been allowed to park on some of these spaces since 2009. 
The NYPD wrote to Mr Wellington to confirm his findings and sent a message to officers clarifying the rules. 
To discover the extent of the problem, Mr Wellington examined data published through New York City&apos;s Open Data portal, which includes information on the most common parking places in the city where tickets are issued to cars on pedestrian ramps. 
He then checked some of the locations via Google Street View to ensure that the ramps were not connected to a crosswalk - in which case the ticket would have been justified. 
At one spot in Brooklyn, $48,000 (£33,000) had been issued in erroneous fines over a two-and-a-half year period. 
Mr Wellington detailed several examples on his blog, I Quant NY, including three more spaces at each of which more than $40,000 (£27,500) in fines had been given out over the same period. Image copyright Ben Wellington Image caption Ben Wellington used open data to challenge ticketing decisions in New York 
&quot;It was a surprising find,&quot; Mr Wellington told the BBC. &quot;What I was actually most surprised by was the response from the police department who basically said, &apos;yep, that&apos;s all true&apos; - that&apos;s an unusual thing to happen when working with public data.&quot; &apos;Abstruse change&apos; 
In a statement, the NYPD said: &quot;Mr. Wellington&apos;s analysis identified errors the department made in issuing parking summonses. 
&quot;It appears to be a misunderstanding by officers on patrol of a recent, abstruse change in the parking rules. 
&quot;We appreciate Mr Wellington bringing this anomaly to our attention.&quot; 
It added that while traffic agents had been trained following the adoption of new rules in 2009, officers hadn&apos;t. 
A message has now been sent to all officers updating them on pedestrian ramp regulations. 
To allow others a means of quickly checking which pedestrian ramp parking spaces are most frequently ticketed, Mr Wellington has plotted the 1,000 most common locations on an interactive map. 
&quot;I think all those spots got eight or more tickets in the last two-and-a-half years,&quot; said Mr Wellington. &quot;The list of five or more tickets had about 2,000 spots.&quot; Image copyright Thinkstock Image caption Traffic laws in New York changed in 2009 to allow cars to park on some pavement ramps 
Mr Wellington has used open data in the past to challenge ticketing decisions in the city. 
He said he hopes his latest success will help to empower fellow citizens. 
&quot;I see it as a sign of what the future of government could look like as more data gets out and more citizens have the ability to look through that data and make recommendations for how cities could run better,&quot; he said. 
Mr Wellington added that he plans to do a follow-up analysis six months or a year from now, to check whether the number of erroneously issued tickets at pedestrian ramps has fallen. Open cities 
Use of public data in cities around the world has increased in recent years. 
The Future Spaces Foundation think tank, based in London, recently reported on how much transport data had been made openly available in various cities around the world. 
For example, there are now more than 460 apps powered by Transport for London data while, in Singapore, commuters are able to access information on the current levels of standing room and seating available on public transport. 
The city&apos;s Land Transport Authority app also includes data on the availability of parking spaces near to a passenger&apos;s destination. Share this story About sharing More on this story 
</topic_text>
<spam_score>0.00</spam_score>
<post_num>1</post_num>
<post_id>post-1</post_id>
<post_url>http://www.bbc.com/news/technology-36275930</post_url>
<post_date>20160512</post_date>
<post_time></post_time>
<username>Chris Baraniuk Technology Reporter</username>
<post>
New York blogger reveals parking ticket errors By Chris Baraniuk Technology reporter 12 May 2016 Image copyright Getty Images Image caption NYPD officers had given out hundreds of parking tickets in error A blogger in New York has used public data to prove that the New York Police Department (NYPD) ticketed thousands of cars that were actually parked legally. 
Ben Wellington made the discovery after officers kept ticketing his own car, parked on a pavement ramp on the street where he lives. 
Drivers have been allowed to park on some of these spaces since 2009. 
The NYPD wrote to Mr Wellington to confirm his findings and sent a message to officers clarifying the rules. 
To discover the extent of the problem, Mr Wellington examined data published through New York City&apos;s Open Data portal, which includes information on the most common parking places in the city where tickets are issued to cars on pedestrian ramps. 
He then checked some of the locations via Google Street View to ensure that the ramps were not connected to a crosswalk - in which case the ticket would have been justified. 
At one spot in Brooklyn, $48,000 (£33,000) had been issued in erroneous fines over a two-and-a-half year period. 
Mr Wellington detailed several examples on his blog, I Quant NY, including three more spaces at each of which more than $40,000 (£27,500) in fines had been given out over the same period. Image copyright Ben Wellington Image caption Ben Wellington used open data to challenge ticketing decisions in New York 
&quot;It was a surprising find,&quot; Mr Wellington told the BBC. &quot;What I was actually most surprised by was the response from the police department who basically said, &apos;yep, that&apos;s all true&apos; - that&apos;s an unusual thing to happen when working with public data.&quot; &apos;Abstruse change&apos; 
In a statement, the NYPD said: &quot;Mr. Wellington&apos;s analysis identified errors the department made in issuing parking summonses. 
&quot;It appears to be a misunderstanding by officers on patrol of a recent, abstruse change in the parking rules. 
&quot;We appreciate Mr Wellington bringing this anomaly to our attention.&quot; 
It added that while traffic agents had been trained following the adoption of new rules in 2009, officers hadn&apos;t. 
A message has now been sent to all officers updating them on pedestrian ramp regulations. 
To allow others a means of quickly checking which pedestrian ramp parking spaces are most frequently ticketed, Mr Wellington has plotted the 1,000 most common locations on an interactive map. 
&quot;I think all those spots got eight or more tickets in the last two-and-a-half years,&quot; said Mr Wellington. &quot;The list of five or more tickets had about 2,000 spots.&quot; Image copyright Thinkstock Image caption Traffic laws in New York changed in 2009 to allow cars to park on some pavement ramps 
Mr Wellington has used open data in the past to challenge ticketing decisions in the city. 
He said he hopes his latest success will help to empower fellow citizens. 
&quot;I see it as a sign of what the future of government could look like as more data gets out and more citizens have the ability to look through that data and make recommendations for how cities could run better,&quot; he said. 
Mr Wellington added that he plans to do a follow-up analysis six months or a year from now, to check whether the number of erroneously issued tickets at pedestrian ramps has fallen. Open cities 
Use of public data in cities around the world has increased in recent years. 
The Future Spaces Foundation think tank, based in London, recently reported on how much transport data had been made openly available in various cities around the world. 
For example, there are now more than 460 apps powered by Transport for London data while, in Singapore, commuters are able to access information on the current levels of standing room and seating available on public transport. 
The city&apos;s Land Transport Authority app also includes data on the availability of parking spaces near to a passenger&apos;s destination. Share this story About sharing More on this story 
</post>
<signature>

</signature>
<external_links>

</external_links>
<country>GB</country>
<main_image>http://ichef-1.bbci.co.uk/news/1024/cpsprodpb/37ED/production/_89671341_gettyimages-516530008.jpg</main_image>
</document>
