<?xml version="1.0" encoding="UTF-8"?>
<document>
<type>mainstream</type>
<forum></forum>
<forum_title></forum_title>
<discussion_title>Xi’an ChinWon Biotech Inc comes up with new variety of natural ingredients for industrial use | Madison Headlines</discussion_title>
<language>english</language>
<gmt_offset></gmt_offset>
<topic_url>http://www.madisonheadlines.com/story/87463/xian-chinwon-biotech-inc-comes-up-with-new-variety-of-natural-ingredients-for-industrial-use.html</topic_url>
<topic_text>
Xi’an ChinWon Biotech Inc comes up with new variety of natural ingredients for industrial use May 12 Share it With Friends Xi’an ChinWon Biotech Inc offers different types of natural ingredients that have surplus demands in various industries. All its ingredients meet the standard international norms. Industries such as beverages, cosmetics, food and pharmaceuticals always have to rely on the utilization superior quality of natural ingredients. Use of such organic ingredients helps them to manufacture different types of finished products for the customers that are good for health. There are many agencies that supply wide range of natural ingredients to these industries. Xi’an ChinWon Biotech Inc is one such company that provides varieties of natural ingredients that have been obtained from plant extracts using latest technology of synthesis process. All its ingredients do not contain impurities or toxic chemical components and fully meet the requirement of USP/BP/EP standard. For more information, clients can log to the URL address of www.chinwonbio.com Among its major ingredients, low calorie Artifical Sweeteners Neohesperidin dihydrochalcone is worth mentioning. It is derived from natural sources like grapefruit, bitter orange and other citrus fruit peel and pulp. The sweetness of this ingredient is about 1500-1800 times more than sucrose and 20 times than saccharin. It is mainly used as an artificial sweetener of low calorie to mask the bitter taste of beverages and drinking fruit juices and to raise the level of sweetness without affecting the health of the customers. It can easily compensate the loss of sugar in tea and coffee for diabetic patients. It is soluble in hot water around 45 degrees centigrade and does not contain any side-effect. The company also supplies Epimedium Extract icariin which is commonly known as Horny Goat Weed. It is well known in traditional Chinese herbal medicine for its aphrodisiac properties and libido enhancement in men and women. Apart from sexual enhancement, it was also used in immunity improvement, anti-cancer and anti-aging treatments. The epimedium extract sources of this company are usually harvested from the foot of the old ‘qinling’ mountain which is known for comprising of various rich herbal species and clean water source without any poison. Presently, it is used for treating angina, increasing coronal vein blood flux and having therapeutic effect on sexual disorder and immunologic inadequacy. The company is a trustworthy manufacturer of high quality weight loss ingredients Synephrine that have good demand in pharmaceuticals, functional food and beverage industries. As a fat burner, it achieves the weight loss results through stimulating fat dissolution together with fat oxidation and improved metabolic rate. The ingredient is also used for nerve protection and preventing diseases of degeneration of nerve, relieving menopausal symptoms of women, improving bone metabolism and protecting cardiovascular system. The company ensures time bound product delivery without compromising on quality aspect of its products. About Xi’an Chinwon Biotech Inc Xi’an ChinWon Biotech Inc was established in the year of 2009. Since its inception, the company has been a trustworthy manufacturer of high quality natural ingredients that contain no side-effects. For more info, clients can contact company official. Media Contact Company Name: Xi’an Chinwon Biotech Inc Contact Person: Bonnie Ype 
</topic_text>
<spam_score>0.00</spam_score>
<post_num>1</post_num>
<post_id>post-1</post_id>
<post_url>http://www.madisonheadlines.com/story/87463/xian-chinwon-biotech-inc-comes-up-with-new-variety-of-natural-ingredients-for-industrial-use.html</post_url>
<post_date>20160512</post_date>
<post_time></post_time>
<username></username>
<post>
Xi’an ChinWon Biotech Inc comes up with new variety of natural ingredients for industrial use May 12 Share it With Friends Xi’an ChinWon Biotech Inc offers different types of natural ingredients that have surplus demands in various industries. All its ingredients meet the standard international norms. Industries such as beverages, cosmetics, food and pharmaceuticals always have to rely on the utilization superior quality of natural ingredients. Use of such organic ingredients helps them to manufacture different types of finished products for the customers that are good for health. There are many agencies that supply wide range of natural ingredients to these industries. Xi’an ChinWon Biotech Inc is one such company that provides varieties of natural ingredients that have been obtained from plant extracts using latest technology of synthesis process. All its ingredients do not contain impurities or toxic chemical components and fully meet the requirement of USP/BP/EP standard. For more information, clients can log to the URL address of www.chinwonbio.com Among its major ingredients, low calorie Artifical Sweeteners Neohesperidin dihydrochalcone is worth mentioning. It is derived from natural sources like grapefruit, bitter orange and other citrus fruit peel and pulp. The sweetness of this ingredient is about 1500-1800 times more than sucrose and 20 times than saccharin. It is mainly used as an artificial sweetener of low calorie to mask the bitter taste of beverages and drinking fruit juices and to raise the level of sweetness without affecting the health of the customers. It can easily compensate the loss of sugar in tea and coffee for diabetic patients. It is soluble in hot water around 45 degrees centigrade and does not contain any side-effect. The company also supplies Epimedium Extract icariin which is commonly known as Horny Goat Weed. It is well known in traditional Chinese herbal medicine for its aphrodisiac properties and libido enhancement in men and women. Apart from sexual enhancement, it was also used in immunity improvement, anti-cancer and anti-aging treatments. The epimedium extract sources of this company are usually harvested from the foot of the old ‘qinling’ mountain which is known for comprising of various rich herbal species and clean water source without any poison. Presently, it is used for treating angina, increasing coronal vein blood flux and having therapeutic effect on sexual disorder and immunologic inadequacy. The company is a trustworthy manufacturer of high quality weight loss ingredients Synephrine that have good demand in pharmaceuticals, functional food and beverage industries. As a fat burner, it achieves the weight loss results through stimulating fat dissolution together with fat oxidation and improved metabolic rate. The ingredient is also used for nerve protection and preventing diseases of degeneration of nerve, relieving menopausal symptoms of women, improving bone metabolism and protecting cardiovascular system. The company ensures time bound product delivery without compromising on quality aspect of its products. About Xi’an Chinwon Biotech Inc Xi’an ChinWon Biotech Inc was established in the year of 2009. Since its inception, the company has been a trustworthy manufacturer of high quality natural ingredients that contain no side-effects. For more info, clients can contact company official. Media Contact Company Name: Xi’an Chinwon Biotech Inc Contact Person: Bonnie Ype 
</post>
<signature>

</signature>
<external_links>

</external_links>
<country>US</country>
<main_image></main_image>
</document>
