<?xml version="1.0" encoding="UTF-8"?>
<document>
<type>mainstream</type>
<forum>http://www.ideal.es/sociedad/?reducido=1&amp;pag=660</forum>
<forum_title></forum_title>
<discussion_title>El pianista chino de 10 años que podría ser el nuevo Chopin</discussion_title>
<language>spanish</language>
<gmt_offset></gmt_offset>
<topic_url>http://www.ideal.es/sociedad/201506/08/pianista-chino-anos-podria-20150608101814.html</topic_url>
<topic_text>
Se llama Alasdair Howell , su nombre quizás no les suene todavía mucho, pero quédense con él porque según los expertos va a dar mucho que hablar. Se trata de una joven promesa cuyo talento causa admiración entre las primeras figuras del piano.
Su historia es similar a la de otros niños prodigio. Desde su infancia demostró una especial capacidad delante del piano. Empezó a tocar con tan solo tres años , con seis tocaba en el Royal Festival Hall de Londres y con 10 se dice que podría suceder a Chopin.
Para el joven ponerse frente al piano es un mero hobby , pero pronto tendrá que acostumbrarse a acaparar la atención, hacer frente a la presión, o dar prioridad a cuidar sus manos en los juegos infantiles.
La futura estrella ha cautivado no solo al público, sino al mismísimo Lang Lang. &quot;Vi a este niño sentado frente al piano. Tenía un pelo parecido al de Chopin. Tocó para mí, aunque era muy joven... y pensé, qué niño más inteligente, tiene potencial&quot;, confesó en una entrevista a la CNN.
El famoso y excéntrico artista trata de transmitir su entusiasmo por la música a las nuevas generaciones como embajador de UNICEF. Y se mostró dispuesto a apoyar a este chico, cuyo desarrollo como músico será vital en los próximos diez años.
Lo Más lo más 50
</topic_text>
<spam_score>0.00</spam_score>
<post_num>1</post_num>
<post_id>post-1</post_id>
<post_url>http://www.ideal.es/sociedad/201506/08/pianista-chino-anos-podria-20150608101814.html</post_url>
<post_date>20150608</post_date>
<post_time>1022</post_time>
<username>IDEAL GENTE</username>
<post>
Se llama Alasdair Howell , su nombre quizás no les suene todavía mucho, pero quédense con él porque según los expertos va a dar mucho que hablar. Se trata de una joven promesa cuyo talento causa admiración entre las primeras figuras del piano.
Su historia es similar a la de otros niños prodigio. Desde su infancia demostró una especial capacidad delante del piano. Empezó a tocar con tan solo tres años , con seis tocaba en el Royal Festival Hall de Londres y con 10 se dice que podría suceder a Chopin.
Para el joven ponerse frente al piano es un mero hobby , pero pronto tendrá que acostumbrarse a acaparar la atención, hacer frente a la presión, o dar prioridad a cuidar sus manos en los juegos infantiles.
La futura estrella ha cautivado no solo al público, sino al mismísimo Lang Lang. &quot;Vi a este niño sentado frente al piano. Tenía un pelo parecido al de Chopin. Tocó para mí, aunque era muy joven... y pensé, qué niño más inteligente, tiene potencial&quot;, confesó en una entrevista a la CNN.
El famoso y excéntrico artista trata de transmitir su entusiasmo por la música a las nuevas generaciones como embajador de UNICEF. Y se mostró dispuesto a apoyar a este chico, cuyo desarrollo como músico será vital en los próximos diez años.
Lo Más lo más 50
</post>
<signature>

</signature>
<external_links>

</external_links>
<country>ES</country>
<main_image>http://www.ideal.es/noticias/201506/08/media/cortadas/chopin--575x323.jpg</main_image>
</document>
