<?xml version="1.0" encoding="UTF-8"?>
<document>
<type>mainstream</type>
<forum>http://canarias24horas.com//component/k2/itemlist?format=feed&amp;moduleID=236</forum>
<forum_title>Canarias24Horas.com  - Canarias24Horas.com  - Últimas Noticias</forum_title>
<discussion_title>El Circuito Insular Promesas arrancó en Playa del Hombre</discussion_title>
<language>spanish</language>
<gmt_offset></gmt_offset>
<topic_url>http://www.canarias24horas.com/deportes/item/51453-el-circuito-insular-promesas-arranco-en-playa-del-hombre</topic_url>
<topic_text>
El Circuito Insular Promesas arrancó en Playa del Hombre Publicidad El Circuito Insular Promesas arrancó en Playa del Hombre   Escribir un comentario Telde/ El municipio grancanario de Telde abrió el pasado fin de semana el Circuito Insular Promesas 2016. El Club Deportivo Costa Este, que este año cumple su decimoquinto aniversario como uno de los organizadores más importantes de eventos de surf en Canarias, desarrolló la prueba con sobresaliente. Más de 60 inscritos en las distintas modalidades tomaron la famosa Playa del Hombre, con olas de hasta metro y medio y ausencia total de viento. Esta prueba era clasificatoria para el Circuito Insular de Gran Canaria, para el Circuito Autonómico y para las finales del Campeonato de España en bodyboard. Por su parte, en surf, la prueba clasificatoria era para el Circuito Insular de Gran Canaria. La modalidad de bodyboard premió al público asistente con bonitos duelos por llevarse el cetro de ganador. David Pérez batió y Armide Soliveres en infantil mixto, mientras que Zidane Gil superó a Carlos Suárez en cadete mixto. Teresa Padilla y Lionel Medina se coronaron en juvenil femenino y masculino, respectivamente. Lejos de quedarse atrás, los deportistas participantes en las diferentes categorías de surf también brindaron un gran fin de semana a los amantes de este deporte. Entre los más pequeños, fue Liam Dunkerbeck quien venció en alevín. Moisés Domínguez fue el mejor en la categoría infantil masculina, mientras que en cadetes la victoria fue para Marco Martín. Patricia Ramos y Jose Carlos Ramos brillaron con luz propio, imponiéndose en categoría juvenil a sus rivales y alzándose con la victoria en la primera prueba del Circuito Insular Promesa. Éxito de organización en un evento que contó con el patrocinio del Instituto Insular de Deportes del Cabildo de Gran Canaria y Federación Canaria de Surf; y la colaboración del Ilustre Ayuntamiento de Telde, Eidetesa, Rock Island y Deportes &quot;La Estrella&quot; de Arucas.  
</topic_text>
<spam_score>0.00</spam_score>
<post_num>1</post_num>
<post_id>post-1</post_id>
<post_url>http://www.canarias24horas.com/deportes/item/51453-el-circuito-insular-promesas-arranco-en-playa-del-hombre</post_url>
<post_date>20160512</post_date>
<post_time>1542</post_time>
<username>prueba@canarias24horas.com (Redacción)</username>
<post>
El Circuito Insular Promesas arrancó en Playa del Hombre Publicidad El Circuito Insular Promesas arrancó en Playa del Hombre   Escribir un comentario Telde/ El municipio grancanario de Telde abrió el pasado fin de semana el Circuito Insular Promesas 2016. El Club Deportivo Costa Este, que este año cumple su decimoquinto aniversario como uno de los organizadores más importantes de eventos de surf en Canarias, desarrolló la prueba con sobresaliente. Más de 60 inscritos en las distintas modalidades tomaron la famosa Playa del Hombre, con olas de hasta metro y medio y ausencia total de viento. Esta prueba era clasificatoria para el Circuito Insular de Gran Canaria, para el Circuito Autonómico y para las finales del Campeonato de España en bodyboard. Por su parte, en surf, la prueba clasificatoria era para el Circuito Insular de Gran Canaria. La modalidad de bodyboard premió al público asistente con bonitos duelos por llevarse el cetro de ganador. David Pérez batió y Armide Soliveres en infantil mixto, mientras que Zidane Gil superó a Carlos Suárez en cadete mixto. Teresa Padilla y Lionel Medina se coronaron en juvenil femenino y masculino, respectivamente. Lejos de quedarse atrás, los deportistas participantes en las diferentes categorías de surf también brindaron un gran fin de semana a los amantes de este deporte. Entre los más pequeños, fue Liam Dunkerbeck quien venció en alevín. Moisés Domínguez fue el mejor en la categoría infantil masculina, mientras que en cadetes la victoria fue para Marco Martín. Patricia Ramos y Jose Carlos Ramos brillaron con luz propio, imponiéndose en categoría juvenil a sus rivales y alzándose con la victoria en la primera prueba del Circuito Insular Promesa. Éxito de organización en un evento que contó con el patrocinio del Instituto Insular de Deportes del Cabildo de Gran Canaria y Federación Canaria de Surf; y la colaboración del Ilustre Ayuntamiento de Telde, Eidetesa, Rock Island y Deportes &quot;La Estrella&quot; de Arucas.  
</post>
<signature>

</signature>
<external_links>

</external_links>
<country>ES</country>
<main_image>http://www.canarias24horas.com/media/k2/items/cache/2a26d778026097c0cdfc0ad64618e565_M.jpg</main_image>
</document>
