<?xml version="1.0" encoding="UTF-8"?>
<document>
<type>mainstream</type>
<forum></forum>
<forum_title></forum_title>
<discussion_title>Michael Kors’ Instagram takeover is a lesson in style | Vogue India | Beauty | Insider</discussion_title>
<language>english</language>
<gmt_offset></gmt_offset>
<topic_url>http://www.vogue.in/content/michael-kors-instagram-takeover-is-a-lesson-in-style/</topic_url>
<topic_text>
Michael Kors | May 12, 2016 Take cues Next 
The Michael Kors aesthetic can roughly be categorised under ‘minimalist contemporary’. Clean lines and reinvented classics with just the right amount of glamour, Kors’ clothes are for the urban sophisticate. As Vogue India’s guest digital editor, he took over our Instagram account today, highlighting everyday essentials that make a difference to your style. As a designer, he consciously chooses the women he works with and how each one embodies a certain aspect of his work. Go through the Instagrams to know more: 1 /11 Hi Vogue India! Stay tuned this month as I share some of my favourite moments and must-haves from the season. 
Image: Instagram.com/vogueindia K is for Kendall and Kors. This is from our Fall runway show. I love that she’s laid-back, chic, sophisticated and youthful all at the same time. 
Image: Instagram.com/vogueindia It was so nice to have not only Blake at my latest runway show, but her mom too. 
Image: Instagram.com/vogueindia I always say accessories are the exclamation point of a woman’s outfit. These pairs from my Fall show sparkle as you go. 
Image: Instagram.com/vogueindia I consider aviators a year-round essential. But when the weather is warmer, they’re more important than ever. 
Image: Instagram.com/vogueindia The sky’s the limit when it comes to spring style. A blue suede messenger is chic and fun at the same time. 
Image: Instagram.com/vogueindia I love working with Lily Aldridge. She’s smart, she’s funny and she’s a great mom. This is a shot of her from our Jet Set 6 campaign. 
Image: Instagram.com/vogueindia You can’t build a wardrobe without black and white. It’s sporty but still polished, and you can’t beat that. 
Image: Instagram.com/vogueindia I love that these oversized cat-eye sunglasses give any look a hint of old-school glamour. 
Image: Instagram.com/vogueindia We live in a casual world. A great pair of jeans and a chic leather watch should be at the top of everyone’s list this spring. 
Image: Instagram.com/vogueindia Backpacks are key when you’re living a fast life—they leave your hands free and now they’re more luxurious than ever. –xxMK 
Image: Instagram.com/vogueindia 
</topic_text>
<spam_score>0.00</spam_score>
<post_num>1</post_num>
<post_id>post-1</post_id>
<post_url>http://www.vogue.in/content/michael-kors-instagram-takeover-is-a-lesson-in-style/</post_url>
<post_date>20160512</post_date>
<post_time></post_time>
<username>Michael Kors</username>
<post>
Michael Kors | May 12, 2016 Take cues Next 
The Michael Kors aesthetic can roughly be categorised under ‘minimalist contemporary’. Clean lines and reinvented classics with just the right amount of glamour, Kors’ clothes are for the urban sophisticate. As Vogue India’s guest digital editor, he took over our Instagram account today, highlighting everyday essentials that make a difference to your style. As a designer, he consciously chooses the women he works with and how each one embodies a certain aspect of his work. Go through the Instagrams to know more: 1 /11 Hi Vogue India! Stay tuned this month as I share some of my favourite moments and must-haves from the season. 
Image: Instagram.com/vogueindia K is for Kendall and Kors. This is from our Fall runway show. I love that she’s laid-back, chic, sophisticated and youthful all at the same time. 
Image: Instagram.com/vogueindia It was so nice to have not only Blake at my latest runway show, but her mom too. 
Image: Instagram.com/vogueindia I always say accessories are the exclamation point of a woman’s outfit. These pairs from my Fall show sparkle as you go. 
Image: Instagram.com/vogueindia I consider aviators a year-round essential. But when the weather is warmer, they’re more important than ever. 
Image: Instagram.com/vogueindia The sky’s the limit when it comes to spring style. A blue suede messenger is chic and fun at the same time. 
Image: Instagram.com/vogueindia I love working with Lily Aldridge. She’s smart, she’s funny and she’s a great mom. This is a shot of her from our Jet Set 6 campaign. 
Image: Instagram.com/vogueindia You can’t build a wardrobe without black and white. It’s sporty but still polished, and you can’t beat that. 
Image: Instagram.com/vogueindia I love that these oversized cat-eye sunglasses give any look a hint of old-school glamour. 
Image: Instagram.com/vogueindia We live in a casual world. A great pair of jeans and a chic leather watch should be at the top of everyone’s list this spring. 
Image: Instagram.com/vogueindia Backpacks are key when you’re living a fast life—they leave your hands free and now they’re more luxurious than ever. –xxMK 
Image: Instagram.com/vogueindia 
</post>
<signature>

</signature>
<external_links>

</external_links>
<country>US</country>
<main_image>http://www.vogue.in/wp-content/uploads/2016/05/mk-featured.jpg</main_image>
</document>
