<?xml version="1.0" encoding="UTF-8"?>
<document>
<type>mainstream</type>
<forum>http://www.leparisien.fr/paris-75</forum>
<forum_title>Actualités Paris (75) et infos Paris en direct</forum_title>
<discussion_title>Voici les futurs kiosques à journaux de</discussion_title>
<language>french</language>
<gmt_offset></gmt_offset>
<topic_url>http://www.leparisien.fr/paris-75/voici-les-futurs-kiosques-a-journaux-de-paris-11-05-2016-5786491.php</topic_url>
<topic_text>
Changement de look pour les kiosques parisiens. La mairie va présenter un nouveau modèle la semaine prochaine en Conseil de Paris . C’est la designer Matali Crasset qui l’a imaginé « en s’inspirant des ateliers et des toits parisiens », selon les termes du dossier présenté par MédiaKiosk, le gestionnaire du réseau, et que nous nous sommes procuré.
En tout, 360 kiosques seront remplacés et 49 autres rénovés d’ici juin 2019.
Vitrines réfrigérées et écrans tactiles. Ce nouveau design s’accompagne d’une multitude de petites nouveautés : un éclairage vert ou rouge pour signaler si le kiosque est ouvert ou fermé, ou encore, pour cent d’entre eux, des écrans interactifs extérieurs accessibles 24 heures sur 24. Une vitrine réfrigérée permettra aussi la vente de boissons fraîches. Et, en partenariat avec la Poste, des boîtes aux lettres seront installées sur cent kiosques. Ce qui permettra de supprimer celles installées sur le trottoir et donc de désencombrer l’espace public.
Le confort des vendeurs amélioré. Le nouvel espace de vente a été pensé pour offrir un meilleur cadre de vie aux kiosquiers, eux qui se plaignent de leurs conditions de travail. Caisse informatisée, espace dédié où ils pourront ranger leurs effets personnels, mais aussi du chauffage avec un plancher isolant et un vitrage amovible permettant une isolation thermique et leur protection face aux intempéries : tout a été pensé pour améliorer leur confort. L’ouverture et la fermeture du kiosque ont été facilitées et devraient leur faire gagner une heure par jour dans leurs tâches.
Des cabines plus écolos. Recours aux leds pour l’éclairage, fourniture d’électricité renouvelable assurée par des certificats verts. Mais aussi utilisation de matériaux recyclables et seconde vie offerte aux kiosques en bon état. MédiaKiosk développe les bonnes pratiques écologiques. « Il doit y avoir 20 % de surface publicitaire en moins. C’est bien, apprécie-t-on au groupe EELV . Mais les publicités resteront éclairées toute la nuit, ce qui nous pose problème. »
Déjà des critiques. A la mairie, le modèle est toutefois loin de faire l’unanimité. « Le look est peut-être plus moderne mais là, on dirait des poubelles géantes », soupire-t-on dans les couloirs de l’Hôtel de Ville. « C’est plutôt moche », lâche même un élu écologiste. Il faudra s’y faire, car la délibération soumise au vote la semaine prochaine est très claire : le design ne pourra faire l’objet que « d’évolutions mineures ».
Changement de look pour les kiosques parisiens. La mairie va présenter un nouveau modèle la semaine prochaine en Conseil de Paris. C’est la designer Matali Crasset qui l’a imaginé « en...
Le Parisien
1
</topic_text>
<spam_score>0.00</spam_score>
<post_num>1</post_num>
<post_id>post-1</post_id>
<post_url>http://www.leparisien.fr/paris-75/voici-les-futurs-kiosques-a-journaux-de-paris-11-05-2016-5786491.php</post_url>
<post_date>20160511</post_date>
<post_time>1900</post_time>
<username>leparisien.fr</username>
<post>
Changement de look pour les kiosques parisiens. La mairie va présenter un nouveau modèle la semaine prochaine en Conseil de Paris . C’est la designer Matali Crasset qui l’a imaginé « en s’inspirant des ateliers et des toits parisiens », selon les termes du dossier présenté par MédiaKiosk, le gestionnaire du réseau, et que nous nous sommes procuré.
En tout, 360 kiosques seront remplacés et 49 autres rénovés d’ici juin 2019.
Vitrines réfrigérées et écrans tactiles. Ce nouveau design s’accompagne d’une multitude de petites nouveautés : un éclairage vert ou rouge pour signaler si le kiosque est ouvert ou fermé, ou encore, pour cent d’entre eux, des écrans interactifs extérieurs accessibles 24 heures sur 24. Une vitrine réfrigérée permettra aussi la vente de boissons fraîches. Et, en partenariat avec la Poste, des boîtes aux lettres seront installées sur cent kiosques. Ce qui permettra de supprimer celles installées sur le trottoir et donc de désencombrer l’espace public.
Le confort des vendeurs amélioré. Le nouvel espace de vente a été pensé pour offrir un meilleur cadre de vie aux kiosquiers, eux qui se plaignent de leurs conditions de travail. Caisse informatisée, espace dédié où ils pourront ranger leurs effets personnels, mais aussi du chauffage avec un plancher isolant et un vitrage amovible permettant une isolation thermique et leur protection face aux intempéries : tout a été pensé pour améliorer leur confort. L’ouverture et la fermeture du kiosque ont été facilitées et devraient leur faire gagner une heure par jour dans leurs tâches.
Des cabines plus écolos. Recours aux leds pour l’éclairage, fourniture d’électricité renouvelable assurée par des certificats verts. Mais aussi utilisation de matériaux recyclables et seconde vie offerte aux kiosques en bon état. MédiaKiosk développe les bonnes pratiques écologiques. « Il doit y avoir 20 % de surface publicitaire en moins. C’est bien, apprécie-t-on au groupe EELV . Mais les publicités resteront éclairées toute la nuit, ce qui nous pose problème. »
Déjà des critiques. A la mairie, le modèle est toutefois loin de faire l’unanimité. « Le look est peut-être plus moderne mais là, on dirait des poubelles géantes », soupire-t-on dans les couloirs de l’Hôtel de Ville. « C’est plutôt moche », lâche même un élu écologiste. Il faudra s’y faire, car la délibération soumise au vote la semaine prochaine est très claire : le design ne pourra faire l’objet que « d’évolutions mineures ».
Changement de look pour les kiosques parisiens. La mairie va présenter un nouveau modèle la semaine prochaine en Conseil de Paris. C’est la designer Matali Crasset qui l’a imaginé « en...
Le Parisien
1
</post>
<signature>

</signature>
<external_links>

</external_links>
<country>FR</country>
<main_image>http://s1.lprs1.fr/images/2016/05/11/5786491_d08d8976-1798-11e6-9ecd-9b90c69656d8-1.jpg</main_image>
</document>
