<?xml version="1.0" encoding="UTF-8"?>
<document>
<type>mainstream</type>
<forum>http://www.ideal.es/sociedad/?reducido=1&amp;pag=660</forum>
<forum_title></forum_title>
<discussion_title>La verdad sobre los productos light</discussion_title>
<language>spanish</language>
<gmt_offset></gmt_offset>
<topic_url>http://www.ideal.es/sociedad/201506/08/verdad-sobre-productos-light-20150601183113.html</topic_url>
<topic_text>
Los productos llamados ‘light’ son muy consumidos por la mayoría de las personas que pretenden llevar una dieta equilibrada, ya sea para perder peso o para llevar una vida sana. Sin embargo, el concepto que tenemos de estos productos está muy lejos de la realidad. “Una etiqueta no es una carta blanca para comer cantidades ingentes de un mismo alimento. Se puede ser obeso aunque tengas una dieta basada en productos de este tipo”, advierte Yolanda Allins, endocrino infantil.
relacionada
Los 10 alimentos anti-barriga para perder grasa abdominal 1. Los productos ‘light’ no adelgazan . Aunque se reduzca en un 30% las calorías de este tipo de alimentos, pueden seguir siendo altamente calóricos por su propia naturaleza. Por eso no los debemos confundir con los que realmente nos ayudan a mantener una dieta sana, como las frutas o las verduras.
2. Tipos de grasa . Algunos alimentos ‘light’ sustituyen las grasas originales por otras de otra procedencia. Debemos tener claro que las saturadas (de origen animal) y las trans (industriales) son las menos recomendadas para la salud y que la procedente del aceite de oliva es la más adecuada.
3. Cualquier alimento puede ser etiquetado como ‘light’ mientras cumpla con algunos requisitos , por lo que unos ligeros retoques bastarían para vender un producto que engorda como ‘light’.
4. El aspartame es el sustituto del azúcar en los productos ‘light’. Se trata de un edulcorante que no aporta calorías pero cuyo uso no es recomendable en absoluto, por sus efectos secundarios en enfermos de hígado o mujeres embarazadas.
5. Además del aspartame, la fructosa también se utiliza para sustituir al azúcar. Son aptas para personas diabéticas porque no estimula la secreción de insulina, pero no se debe considerar como un producto ‘light’ porque aporta las mismas calorías que la sacarosa del azúcar.
6. Algunos productos prometen mantener el sabor original aunque se reduzcan las grasas. Pero la realidad es que éstas son sustituidas por sustancias llamadas “imitadores de grasa” que dejan el producto sin sabor y con textura distinta.
7. Es mejor consumir productos ‘light’ con moderación . Algunos aditivos de estos alimentos pueden causar efectos secundarios en determinados órganos, como pueden ser los riñones. Por lo que es necesario evitar el consumo en la infancia y en la adolescencia, momento en que se requiere mayor aporte de carbohidratos, grasas y proteínas.
Lo Más lo más 50
</topic_text>
<spam_score>0.00</spam_score>
<post_num>1</post_num>
<post_id>post-1</post_id>
<post_url>http://www.ideal.es/sociedad/201506/08/verdad-sobre-productos-light-20150601183113.html</post_url>
<post_date>20150608</post_date>
<post_time>1217</post_time>
<username>IDEAL GENTE</username>
<post>
Los productos llamados ‘light’ son muy consumidos por la mayoría de las personas que pretenden llevar una dieta equilibrada, ya sea para perder peso o para llevar una vida sana. Sin embargo, el concepto que tenemos de estos productos está muy lejos de la realidad. “Una etiqueta no es una carta blanca para comer cantidades ingentes de un mismo alimento. Se puede ser obeso aunque tengas una dieta basada en productos de este tipo”, advierte Yolanda Allins, endocrino infantil.
relacionada
Los 10 alimentos anti-barriga para perder grasa abdominal 1. Los productos ‘light’ no adelgazan . Aunque se reduzca en un 30% las calorías de este tipo de alimentos, pueden seguir siendo altamente calóricos por su propia naturaleza. Por eso no los debemos confundir con los que realmente nos ayudan a mantener una dieta sana, como las frutas o las verduras.
2. Tipos de grasa . Algunos alimentos ‘light’ sustituyen las grasas originales por otras de otra procedencia. Debemos tener claro que las saturadas (de origen animal) y las trans (industriales) son las menos recomendadas para la salud y que la procedente del aceite de oliva es la más adecuada.
3. Cualquier alimento puede ser etiquetado como ‘light’ mientras cumpla con algunos requisitos , por lo que unos ligeros retoques bastarían para vender un producto que engorda como ‘light’.
4. El aspartame es el sustituto del azúcar en los productos ‘light’. Se trata de un edulcorante que no aporta calorías pero cuyo uso no es recomendable en absoluto, por sus efectos secundarios en enfermos de hígado o mujeres embarazadas.
5. Además del aspartame, la fructosa también se utiliza para sustituir al azúcar. Son aptas para personas diabéticas porque no estimula la secreción de insulina, pero no se debe considerar como un producto ‘light’ porque aporta las mismas calorías que la sacarosa del azúcar.
6. Algunos productos prometen mantener el sabor original aunque se reduzcan las grasas. Pero la realidad es que éstas son sustituidas por sustancias llamadas “imitadores de grasa” que dejan el producto sin sabor y con textura distinta.
7. Es mejor consumir productos ‘light’ con moderación . Algunos aditivos de estos alimentos pueden causar efectos secundarios en determinados órganos, como pueden ser los riñones. Por lo que es necesario evitar el consumo en la infancia y en la adolescencia, momento en que se requiere mayor aporte de carbohidratos, grasas y proteínas.
Lo Más lo más 50
</post>
<signature>

</signature>
<external_links>

</external_links>
<country>ES</country>
<main_image>http://www.ideal.es/noticias/201506/01/media/cortadas/refresco-light--575x323.jpg</main_image>
</document>
