<?xml version="1.0" encoding="UTF-8"?>
<document>
<type>mainstream</type>
<forum></forum>
<forum_title></forum_title>
<discussion_title>&amp; Other Stories capsule collection by Zana Bayne - Vogue.it</discussion_title>
<language>italian</language>
<gmt_offset></gmt_offset>
<topic_url>http://www.vogue.it/moda/news/2016/05/11/otherstories-capsule-collection-zana-bayne-news-pantano-it/</topic_url>
<topic_text>
&amp; Other Stories capsule collection by Zana Bayne La collezione sarà acquistabile dal prossimo autunno Fashion / News / &amp; Other Stories capsule collection by Zana Bayne May 11, 2016 11:55 AM 
Il brand svedese &amp; Other Stories ha annunciato la collaborazione con la leather house newyorkese Zana Bayne. 4 photos View Gallery 
Zana Bayne insieme al co-direttore creativo Todd Pendu ha lavorato al fianco del team di &amp; Other Stories per sviluppare una capsule collection per la stagione Autunno Inverno 2016 che sarà disponibile in selezionati stores e sul sito stories.com dopo l’estate. 
La collezione sarà composta da accessori e abbigliamento in pelle e cuoio e darà la possibilità a tutte le donne di avvicinarsi allo stile grafico e la qualità artigianale di Zana Bayne. 
Questa capsule collection arricchirà la già vastissima scelta di collezioni di &amp; Other Stories sottolineando il concetto di individualità che da sempre contraddistingue il marchio. 

</topic_text>
<spam_score>0.00</spam_score>
<post_num>1</post_num>
<post_id>post-1</post_id>
<post_url>http://www.vogue.it/moda/news/2016/05/11/otherstories-capsule-collection-zana-bayne-news-pantano-it/</post_url>
<post_date>20160511</post_date>
<post_time></post_time>
<username>Laura Tortora</username>
<post>
&amp; Other Stories capsule collection by Zana Bayne La collezione sarà acquistabile dal prossimo autunno Fashion / News / &amp; Other Stories capsule collection by Zana Bayne May 11, 2016 11:55 AM 
Il brand svedese &amp; Other Stories ha annunciato la collaborazione con la leather house newyorkese Zana Bayne. 4 photos View Gallery 
Zana Bayne insieme al co-direttore creativo Todd Pendu ha lavorato al fianco del team di &amp; Other Stories per sviluppare una capsule collection per la stagione Autunno Inverno 2016 che sarà disponibile in selezionati stores e sul sito stories.com dopo l’estate. 
La collezione sarà composta da accessori e abbigliamento in pelle e cuoio e darà la possibilità a tutte le donne di avvicinarsi allo stile grafico e la qualità artigianale di Zana Bayne. 
Questa capsule collection arricchirà la già vastissima scelta di collezioni di &amp; Other Stories sottolineando il concetto di individualità che da sempre contraddistingue il marchio. 

</post>
<signature>

</signature>
<external_links>

</external_links>
<country>IE</country>
<main_image>http://images.vogue.it/wp-content/uploads/2016/05/11134445/squa-Zana-Bayne-Other-Stories_May-9-534x800.jpg</main_image>
</document>
