<?xml version="1.0" encoding="UTF-8"?>
<document>
<type>mainstream</type>
<forum>http://www.news9.com/category/13533/international-news?clienttype=rss</forum>
<forum_title>news9.com KWTV - International - Headline</forum_title>
<discussion_title>WHO warns pregnant women about Zika ahead of Rio Olympics</discussion_title>
<language>english</language>
<gmt_offset></gmt_offset>
<topic_url>http://www.news9.com/story/31958055/who-warns-pregnant-women-about-zika-ahead-of-rio-olympics</topic_url>
<topic_text>
WHO warns pregnant women about Zika ahead of Rio Olympics Posted: Updated: (AP Photo/Leo Correa, File). FILE - In this Tuesday, Jan. 26, 2016 file photo, a health workers stands in the Sambadrome spraying insecticide to combat the Aedes aegypti mosquito that transmits the Zika virus in Rio de Janeiro, Brazil. The Sambadrome w... Map offers basic information on the virus.; 2c x 8 inches; 96.3 mm x 203 mm; Updated: Thursday, May 12 2016 12:32 PM EDT 2016-05-12 16:32:48 GMT The state of Michigan will pay all Flint water bills in May to encourage the flushing of lead from old pipes and the recoating of plumbing with a corrosion chemical. More &gt;&gt; The state of Michigan will pay all Flint water bills in May to encourage the flushing of lead from old pipes and the recoating of plumbing with a corrosion chemical. More &gt;&gt; Updated: Thursday, May 12 2016 12:32 PM EDT 2016-05-12 16:32:47 GMT New Hampshire&apos;s governor is calling for a full investigation into the use of force by police after video surfaced of officers appearing to pummel a suspect who had led them on a high-speed chase from... More &gt;&gt; Governors from two states on Thursday called for a full investigation into police use of force against a suspect who was shown on videotape being beaten by officers after apparently surrendering following a long high-speed... More &gt;&gt; Updated: Thursday, May 12 2016 12:23 PM EDT 2016-05-12 16:23:09 GMT By CARLA K. JOHNSON AP Medical Writer Medical experts say the results of Prince&apos;s autopsy - particularly the toxicology report - may clarify whether prescription painkillers played any part in... More &gt;&gt; By CARLA K. JOHNSON AP Medical Writer Medical experts say the results of Prince&apos;s autopsy - particularly the toxicology report - may clarify whether prescription painkillers played any part in his death. More &gt;&gt; Updated: Thursday, May 12 2016 12:22 PM EDT 2016-05-12 16:22:50 GMT A federal appeals court on Thursday explored the question of who was in charge, the U.S. military or civilian interrogators, when four former Iraqi detainees claim they were tortured at the notorious Abu Ghraib... More &gt;&gt; A federal appeals court on Thursday explored the question of who was in charge, the U.S. military or civilian interrogators, when four former Iraqi detainees claim they were tortured at the notorious Abu Ghraib prison. More &gt;&gt; Updated: Thursday, May 12 2016 12:22 PM EDT 2016-05-12 16:22:48 GMT Works by Claude Monet, Frida Kahlo and Pablo Picasso and other perennial favorites are going on the auction block at Christie&apos;s sale of impressionist and modern art Thursday night. More &gt;&gt; Works by Claude Monet, Frida Kahlo, Pablo Picasso and other perennial favorites are going on the auction block at Christie&apos;s sale of impressionist and modern art Thursday night. More &gt;&gt; Updated: Thursday, May 12 2016 12:22 PM EDT 2016-05-12 16:22:45 GMT For the second time in less than two weeks, a once-powerful New York politician is facing sentencing in a spate of corruption cases that have roiled Albany. More &gt;&gt; A once-powerful New York politician convicted of using his position as Senate majority leader to pressure companies to provide hundreds of thousands of dollars for his son was sentenced Thursday to five years in prison,... More &gt;&gt; Updated: Thursday, May 12 2016 12:15 PM EDT 2016-05-12 16:15:34 GMT Robert Hewett says life has been &quot;terrible&quot; in the year since he was thrown from the front car of Amtrak Train 188 when it jumped the tracks in Philadelphia. More &gt;&gt; Robert Hewett says life has been &quot;terrible&quot; in the year since he was thrown from the front car of Amtrak Train 188 when it jumped the tracks in Philadelphia. More &gt;&gt; Thursday, May 12 2016 12:13 PM EDT 2016-05-12 16:13:06 GMT In cities across America, the middle class is hollowing out. More &gt;&gt; In cities across America, the middle class is hollowing out. More &gt;&gt; Updated: Thursday, May 12 2016 12:13 PM EDT 2016-05-12 16:13:05 GMT University of Texas System regents are expected to consider rules allowing concealed handguns in campus classrooms and buildings. More &gt;&gt; University of Texas System regents have postponed until July a vote on proposed rules allowing concealed handguns in campus buildings due to concerns that some might be too restrictive. More &gt;&gt; Updated: Thursday, May 12 2016 12:13 PM EDT 2016-05-12 16:13:01 GMT Hunters soon could be chasing grizzly bears across the ridges of the Rocky Mountains, leaving three states to come up with plans to ensure the iconic species won&apos;t be snuffed out so soon after recovering from... More &gt;&gt; Hunters soon could be chasing grizzly bears across the ridges of the Rocky Mountains, leaving three states to drum up plans to ensure the iconic species won&apos;t be snuffed out soon after recovering from threats to their... More &gt;&gt; More &gt;&gt; 
LONDON (AP) - The World Health Organization is warning pregnant women not to travel to areas with Zika, and advising other travelers to take precautions against the mosquitoes that spread the virus ahead of the Rio de Janeiro Olympics. 
In a statement issued on Thursday, the U.N. health agency also said that since Zika can also be spread sexually, pregnant women should abstain from sex or practice safe sex with anyone who has recently returned from areas with outbreaks. Zika has now been proven to cause a range of disturbing birth defects, including babies born with abnormally small heads. 
Earlier this week, a Canadian professor called for the Olympics to be postponed or moved because of the epidemic, arguing that holding the games would result in the avoidable birth of malformed babies. Copyright 2016 The Associated Press. All rights reserved. This material may not be published, broadcast, rewritten or redistributed. News 9 Oklahoma City, OK 73111 OKLAHOMA CITY&apos;S OWN TM Oklahoma&apos;s Own News9.com is proud to provide Oklahomans with timely and relevant news and information, sharing the stories, pictures and loves of Oklahomans across our great state including Oklahoma City&apos;s Own.
</topic_text>
<spam_score>0.00</spam_score>
<post_num>1</post_num>
<post_id>post-1</post_id>
<post_url>http://www.news9.com/story/31958055/who-warns-pregnant-women-about-zika-ahead-of-rio-olympics</post_url>
<post_date>20160512</post_date>
<post_time>1553</post_time>
<username></username>
<post>
WHO warns pregnant women about Zika ahead of Rio Olympics Posted: Updated: (AP Photo/Leo Correa, File). FILE - In this Tuesday, Jan. 26, 2016 file photo, a health workers stands in the Sambadrome spraying insecticide to combat the Aedes aegypti mosquito that transmits the Zika virus in Rio de Janeiro, Brazil. The Sambadrome w... Map offers basic information on the virus.; 2c x 8 inches; 96.3 mm x 203 mm; Updated: Thursday, May 12 2016 12:32 PM EDT 2016-05-12 16:32:48 GMT The state of Michigan will pay all Flint water bills in May to encourage the flushing of lead from old pipes and the recoating of plumbing with a corrosion chemical. More &gt;&gt; The state of Michigan will pay all Flint water bills in May to encourage the flushing of lead from old pipes and the recoating of plumbing with a corrosion chemical. More &gt;&gt; Updated: Thursday, May 12 2016 12:32 PM EDT 2016-05-12 16:32:47 GMT New Hampshire&apos;s governor is calling for a full investigation into the use of force by police after video surfaced of officers appearing to pummel a suspect who had led them on a high-speed chase from... More &gt;&gt; Governors from two states on Thursday called for a full investigation into police use of force against a suspect who was shown on videotape being beaten by officers after apparently surrendering following a long high-speed... More &gt;&gt; Updated: Thursday, May 12 2016 12:23 PM EDT 2016-05-12 16:23:09 GMT By CARLA K. JOHNSON AP Medical Writer Medical experts say the results of Prince&apos;s autopsy - particularly the toxicology report - may clarify whether prescription painkillers played any part in... More &gt;&gt; By CARLA K. JOHNSON AP Medical Writer Medical experts say the results of Prince&apos;s autopsy - particularly the toxicology report - may clarify whether prescription painkillers played any part in his death. More &gt;&gt; Updated: Thursday, May 12 2016 12:22 PM EDT 2016-05-12 16:22:50 GMT A federal appeals court on Thursday explored the question of who was in charge, the U.S. military or civilian interrogators, when four former Iraqi detainees claim they were tortured at the notorious Abu Ghraib... More &gt;&gt; A federal appeals court on Thursday explored the question of who was in charge, the U.S. military or civilian interrogators, when four former Iraqi detainees claim they were tortured at the notorious Abu Ghraib prison. More &gt;&gt; Updated: Thursday, May 12 2016 12:22 PM EDT 2016-05-12 16:22:48 GMT Works by Claude Monet, Frida Kahlo and Pablo Picasso and other perennial favorites are going on the auction block at Christie&apos;s sale of impressionist and modern art Thursday night. More &gt;&gt; Works by Claude Monet, Frida Kahlo, Pablo Picasso and other perennial favorites are going on the auction block at Christie&apos;s sale of impressionist and modern art Thursday night. More &gt;&gt; Updated: Thursday, May 12 2016 12:22 PM EDT 2016-05-12 16:22:45 GMT For the second time in less than two weeks, a once-powerful New York politician is facing sentencing in a spate of corruption cases that have roiled Albany. More &gt;&gt; A once-powerful New York politician convicted of using his position as Senate majority leader to pressure companies to provide hundreds of thousands of dollars for his son was sentenced Thursday to five years in prison,... More &gt;&gt; Updated: Thursday, May 12 2016 12:15 PM EDT 2016-05-12 16:15:34 GMT Robert Hewett says life has been &quot;terrible&quot; in the year since he was thrown from the front car of Amtrak Train 188 when it jumped the tracks in Philadelphia. More &gt;&gt; Robert Hewett says life has been &quot;terrible&quot; in the year since he was thrown from the front car of Amtrak Train 188 when it jumped the tracks in Philadelphia. More &gt;&gt; Thursday, May 12 2016 12:13 PM EDT 2016-05-12 16:13:06 GMT In cities across America, the middle class is hollowing out. More &gt;&gt; In cities across America, the middle class is hollowing out. More &gt;&gt; Updated: Thursday, May 12 2016 12:13 PM EDT 2016-05-12 16:13:05 GMT University of Texas System regents are expected to consider rules allowing concealed handguns in campus classrooms and buildings. More &gt;&gt; University of Texas System regents have postponed until July a vote on proposed rules allowing concealed handguns in campus buildings due to concerns that some might be too restrictive. More &gt;&gt; Updated: Thursday, May 12 2016 12:13 PM EDT 2016-05-12 16:13:01 GMT Hunters soon could be chasing grizzly bears across the ridges of the Rocky Mountains, leaving three states to come up with plans to ensure the iconic species won&apos;t be snuffed out so soon after recovering from... More &gt;&gt; Hunters soon could be chasing grizzly bears across the ridges of the Rocky Mountains, leaving three states to drum up plans to ensure the iconic species won&apos;t be snuffed out soon after recovering from threats to their... More &gt;&gt; More &gt;&gt; 
LONDON (AP) - The World Health Organization is warning pregnant women not to travel to areas with Zika, and advising other travelers to take precautions against the mosquitoes that spread the virus ahead of the Rio de Janeiro Olympics. 
In a statement issued on Thursday, the U.N. health agency also said that since Zika can also be spread sexually, pregnant women should abstain from sex or practice safe sex with anyone who has recently returned from areas with outbreaks. Zika has now been proven to cause a range of disturbing birth defects, including babies born with abnormally small heads. 
Earlier this week, a Canadian professor called for the Olympics to be postponed or moved because of the epidemic, arguing that holding the games would result in the avoidable birth of malformed babies. Copyright 2016 The Associated Press. All rights reserved. This material may not be published, broadcast, rewritten or redistributed. News 9 Oklahoma City, OK 73111 OKLAHOMA CITY&apos;S OWN TM Oklahoma&apos;s Own News9.com is proud to provide Oklahomans with timely and relevant news and information, sharing the stories, pictures and loves of Oklahomans across our great state including Oklahoma City&apos;s Own.
</post>
<signature>

</signature>
<external_links>

</external_links>
<country>US</country>
<main_image>http://images.worldnow.com/AP/images/10541074_G.jpg</main_image>
</document>
