<?xml version="1.0" encoding="UTF-8"?>
<document>
<type>mainstream</type>
<forum></forum>
<forum_title></forum_title>
<discussion_title>(#RootsRiddim) The Whip Riddim (Luv Messenger) – EP 2016 | ReggaeWorld!</discussion_title>
<language>english</language>
<gmt_offset></gmt_offset>
<topic_url>http://reggaeworldcrew.net/rootsriddim-the-whip-riddim-luv-messenger-ep-2016/</topic_url>
<topic_text>
(#RootsRiddim) The Whip Riddim (Luv Messenger) – EP 2016 You are here: Home / 
</topic_text>
<spam_score>0.00</spam_score>
<post_num>1</post_num>
<post_id>post-1</post_id>
<post_url>http://reggaeworldcrew.net/rootsriddim-the-whip-riddim-luv-messenger-ep-2016/</post_url>
<post_date>20160512</post_date>
<post_time></post_time>
<username></username>
<post>
(#RootsRiddim) The Whip Riddim (Luv Messenger) – EP 2016 You are here: Home / 
</post>
<signature>

</signature>
<external_links>

</external_links>
<country>US</country>
<main_image>http://reggaeworldcrew.net/wp-content/uploads/2016/05/36891-thumb.jpg</main_image>
</document>
