<?xml version="1.0" encoding="UTF-8"?>
<document>
<type>mainstream</type>
<forum>http://canarias24horas.com//component/k2/itemlist?format=feed&amp;moduleID=236</forum>
<forum_title>Canarias24Horas.com  - Canarias24Horas.com  - Últimas Noticias</forum_title>
<discussion_title>Pedro Ortega promueve reforzar las relaciones comerciales entre Canarias y Latinoamérica</discussion_title>
<language>spanish</language>
<gmt_offset></gmt_offset>
<topic_url>http://www.canarias24horas.com/economia/comercio/item/51449-pedro-ortega-promueve-reforzar-las-relaciones-comerciales-entre-canarias-y-latinoamerica</topic_url>
<topic_text>
Pedro Ortega promueve reforzar las relaciones comerciales entre Canarias y Latinoamérica Publicidad Pedro Ortega promueve reforzar las relaciones comerciales entre Canarias y Latinoamérica   Escribir un comentario Canarias/ El consejero de Economía, Industria, Comercio y Conocimiento del Gobierno de Canarias asistió hoy a una jornada informativa sobre las oportunidades de negocio que se abren para las empresas canarias en Centroamérica. Pedro Ortega sostuvo que la situación geoestratégica de Canarias, entre Europa, África y América Latina, ofrece numerosas ventajas competitivas. El consejero de Economía, Industria, Comercio y Conocimiento del Gobierno de Canarias, Pedro Ortega, asistió esta mañana a una jornada informativas sobre el Acuerdo de Asociación entre Centroamérica y la Unión Europea, con el objetivo de dar a conocer al tejido empresarial canario las oportunidades de negocio que se abren en estos países a partir del mismo. La jornada fue inaugurada por el presidente de la Cámara de Comercio de Gran Canaria, José Sánchez Tinoco, y en el acto de apertura también estuvieron presentes el director Territorial del Instituto Español de Comercio Exterior en Las Palmas, Rafael Molina Petit, así como los embajadores en España de Honduras, Costa Rica, Panamá, y representantes diplomáticos de Guatemala y El Salvador. El consejero defendió que la situación geoestratégica de Canarias la sitúa en &quot; un triple espacio&quot; que le otorga una gran ventaja, &quot;la situación del archipiélago como región centro de relaciones tricontinentales le permite ocupar un lugar privilegiado entre Europa, África y América Latina, lo que facilita la inserción de las empresas canarias en los contextos geográficos a los que pertenecemos&quot;, afirmó. En este sentido, Pedro Ortega sostuvo que Canarias siempre ha mantenido importantes lazos históricos con el continente americano y expuso que &quot;este nuevo marco de cooperación entre la Unión Europea y Centroamérica debe servir también para fortalecer las relaciones con Canarias&quot;. El consejero añadió que &quot;las Islas disponen de numerosas ventajas competitivas, como la pertenencia a un mercado único, la situación geográfica estratégica, la proximidad a mercados emergentes o los vínculos históricos y culturales con los países de nuestro entorno y con América Latina, para desarrollar en todo su potencial la internacionalización de la economía canaria&quot;. Además, Pedro Ortega hizo hincapié en el hecho de que Canarias cuente con el Régimen Económico y Fiscal de menor fiscalidad directa e indirecta de toda Europa, y enumeró las diferentes ventajas que ofrece invertir en Canarias gracias al REF, especialmente a través de la Zona Especial Canaria (ZEC) que ofrece un tipo impositivo del 4%, aplicable sobre el Impuesto de Sociedades a las empresas adscritas al régimen ZEC, frente al tipo medio del 28% aplicable en el resto de España, o frente al 23% de media aplicable en el resto de estados de la Unión Europea. Asimismo, el consejero también detalló las herramientas puesta en marcha desde la Consejería de Economía, a través de PROEXCA, para facilitar el salto de empresas canarias a mercados internacionales, como el Programara Canarias Aporta, diseñado para potenciar e incrementar el número de PYMEs canarias que se internacionalizan y cuyas bases para la convocatoria de 2016 han sido publicadas esta misma semana.  
</topic_text>
<spam_score>0.00</spam_score>
<post_num>1</post_num>
<post_id>post-1</post_id>
<post_url>http://www.canarias24horas.com/economia/comercio/item/51449-pedro-ortega-promueve-reforzar-las-relaciones-comerciales-entre-canarias-y-latinoamerica</post_url>
<post_date>20160512</post_date>
<post_time>1532</post_time>
<username>prueba@canarias24horas.com (Redacción)</username>
<post>
Pedro Ortega promueve reforzar las relaciones comerciales entre Canarias y Latinoamérica Publicidad Pedro Ortega promueve reforzar las relaciones comerciales entre Canarias y Latinoamérica   Escribir un comentario Canarias/ El consejero de Economía, Industria, Comercio y Conocimiento del Gobierno de Canarias asistió hoy a una jornada informativa sobre las oportunidades de negocio que se abren para las empresas canarias en Centroamérica. Pedro Ortega sostuvo que la situación geoestratégica de Canarias, entre Europa, África y América Latina, ofrece numerosas ventajas competitivas. El consejero de Economía, Industria, Comercio y Conocimiento del Gobierno de Canarias, Pedro Ortega, asistió esta mañana a una jornada informativas sobre el Acuerdo de Asociación entre Centroamérica y la Unión Europea, con el objetivo de dar a conocer al tejido empresarial canario las oportunidades de negocio que se abren en estos países a partir del mismo. La jornada fue inaugurada por el presidente de la Cámara de Comercio de Gran Canaria, José Sánchez Tinoco, y en el acto de apertura también estuvieron presentes el director Territorial del Instituto Español de Comercio Exterior en Las Palmas, Rafael Molina Petit, así como los embajadores en España de Honduras, Costa Rica, Panamá, y representantes diplomáticos de Guatemala y El Salvador. El consejero defendió que la situación geoestratégica de Canarias la sitúa en &quot; un triple espacio&quot; que le otorga una gran ventaja, &quot;la situación del archipiélago como región centro de relaciones tricontinentales le permite ocupar un lugar privilegiado entre Europa, África y América Latina, lo que facilita la inserción de las empresas canarias en los contextos geográficos a los que pertenecemos&quot;, afirmó. En este sentido, Pedro Ortega sostuvo que Canarias siempre ha mantenido importantes lazos históricos con el continente americano y expuso que &quot;este nuevo marco de cooperación entre la Unión Europea y Centroamérica debe servir también para fortalecer las relaciones con Canarias&quot;. El consejero añadió que &quot;las Islas disponen de numerosas ventajas competitivas, como la pertenencia a un mercado único, la situación geográfica estratégica, la proximidad a mercados emergentes o los vínculos históricos y culturales con los países de nuestro entorno y con América Latina, para desarrollar en todo su potencial la internacionalización de la economía canaria&quot;. Además, Pedro Ortega hizo hincapié en el hecho de que Canarias cuente con el Régimen Económico y Fiscal de menor fiscalidad directa e indirecta de toda Europa, y enumeró las diferentes ventajas que ofrece invertir en Canarias gracias al REF, especialmente a través de la Zona Especial Canaria (ZEC) que ofrece un tipo impositivo del 4%, aplicable sobre el Impuesto de Sociedades a las empresas adscritas al régimen ZEC, frente al tipo medio del 28% aplicable en el resto de España, o frente al 23% de media aplicable en el resto de estados de la Unión Europea. Asimismo, el consejero también detalló las herramientas puesta en marcha desde la Consejería de Economía, a través de PROEXCA, para facilitar el salto de empresas canarias a mercados internacionales, como el Programara Canarias Aporta, diseñado para potenciar e incrementar el número de PYMEs canarias que se internacionalizan y cuyas bases para la convocatoria de 2016 han sido publicadas esta misma semana.  
</post>
<signature>

</signature>
<external_links>

</external_links>
<country>ES</country>
<main_image>http://www.canarias24horas.com/media/k2/items/cache/d5421a34e5092b92f5c2d290a42aab14_M.jpg</main_image>
</document>
