<?xml version="1.0" encoding="UTF-8"?>
<document>
<type>mainstream</type>
<forum></forum>
<forum_title></forum_title>
<discussion_title>Grimes: il nuovo video California - Vogue.it</discussion_title>
<language>italian</language>
<gmt_offset></gmt_offset>
<topic_url>http://www.vogue.it/news/notizie-del-giorno/2016/05/10/grimes-nuovo-video-california-pantano-it/</topic_url>
<topic_text>
Grimes: il nuovo video California California è la canzone scelta da Grimes per il suo ultimo video estratto dall&apos;album Art ... News / Notizie del giorno / Grimes: il nuovo video California May 10, 2016 3:24 PM by Italo Pantano 
California è la canzone scelta da Grimes per il suo ultimo video estratto dall’album Art Angel. 
Il video diretto in prima persona dalla cantante con l’aiuto del fratello Mac , vede Claire Boucher aka Grimes in una serie di look originalissimi . 
La cantante di Genesis (2012), folletto canadese della musica electropop, interpreta con naturalezza i panni di una perfetta cantante country americana con body di lurex stelle e strisce e bionda chioma riccia, o le vesti di una studentessa d’arte francese con basco e mini a pieghe in un laboratorio di scultura classica, attrice teatrale di uno spettacolo lirico in costume post-elisabettiano oppure danzatrice di nastro con kimono e sneakers in stile kawaii. 

</topic_text>
<spam_score>0.00</spam_score>
<post_num>1</post_num>
<post_id>post-1</post_id>
<post_url>http://www.vogue.it/news/notizie-del-giorno/2016/05/10/grimes-nuovo-video-california-pantano-it/</post_url>
<post_date>20160510</post_date>
<post_time></post_time>
<username>Francesca Ferrante</username>
<post>
Grimes: il nuovo video California California è la canzone scelta da Grimes per il suo ultimo video estratto dall&apos;album Art ... News / Notizie del giorno / Grimes: il nuovo video California May 10, 2016 3:24 PM by Italo Pantano 
California è la canzone scelta da Grimes per il suo ultimo video estratto dall’album Art Angel. 
Il video diretto in prima persona dalla cantante con l’aiuto del fratello Mac , vede Claire Boucher aka Grimes in una serie di look originalissimi . 
La cantante di Genesis (2012), folletto canadese della musica electropop, interpreta con naturalezza i panni di una perfetta cantante country americana con body di lurex stelle e strisce e bionda chioma riccia, o le vesti di una studentessa d’arte francese con basco e mini a pieghe in un laboratorio di scultura classica, attrice teatrale di uno spettacolo lirico in costume post-elisabettiano oppure danzatrice di nastro con kimono e sneakers in stile kawaii. 

</post>
<signature>

</signature>
<external_links>

</external_links>
<country>IE</country>
<main_image>http://images.vogue.it/wp-content/uploads/2016/05/10170052/squa-Schermata-2016-05-10-alle-14.05.38-copia-534x800.png</main_image>
</document>
