<?xml version="1.0" encoding="UTF-8"?>
<document>
<type>mainstream</type>
<forum></forum>
<forum_title></forum_title>
<discussion_title>Nouvelle-Zélande: le volcan du Seigneur des Anneaux en passe de se réveiller - L&apos;Express</discussion_title>
<language>french</language>
<gmt_offset></gmt_offset>
<topic_url>http://www.lexpress.fr/actualite/sciences/nouvelle-zelande-le-volcan-du-seigneur-des-anneaux-en-passe-de-se-reveiller_1791080.html#xtor=AL-447</topic_url>
<topic_text>
Le niveau d&apos;alerte a été relevé d&apos;un cran et les autorités ont interdit l&apos;accès aux randonneurs dans la zone du sommet du Mont Ruapehu. REUTERS/Stringer/File Photo Le Mordor se réveille... Le Mont Ruapehu qui sert de cadre à certaines scènes du Seigneur des Anneaux , en Nouvelle-Zélande, montre des &quot;signes de vie de plus en plus important&quot; ces dernières semaines. 
Si vous êtes fan du Seigneur des Anneaux , le Mont Ruapehu vous dira peut-être quelque chose. Le volcan néo-zélandais sert de cadre aux pérégrinations de Frodon, Sam et Gollum lors de leur approchée du Mordor. Nombreux sont les touristes qui se rendent sur ses flancs. Mais les scientifiques tirent la sonnette d&apos;alarme: le volcan situé au centre de l&apos;île du Nord serait en train de se réveiller, 9 ans après sa dernière éruption. 
&quot;Le volcan montre des signes de vie de plus en plus important&quot;, commente le vulcanologue Brad Scott dans les médias australiens . &quot;Des relevés récents ont confirmé une augmentation des émissions gazeuses&quot;, a confirmé GNS Science, l&apos;organisme chargé de surveiller l&apos;activité sismique et volcanique de l&apos;archipel. La température du lac situé dans le cratère est passée de 25°C à 46°C en moins d&apos;un mois. 
Le niveau d&apos;alerte a été relevé d&apos;un cran et les autorités ont interdit l&apos;accès aux randonneurs dans la zone du sommet et dans un rayon de 2 km autour du cratère. Le volcan avait montré quelques signes de réveil en 2012 sans aller jusqu&apos;à l&apos;éruption. Les dernières éuptions datent de 1988, 2006 et 2007. 
</topic_text>
<spam_score>0.00</spam_score>
<post_num>1</post_num>
<post_id>post-1</post_id>
<post_url>http://www.lexpress.fr/actualite/sciences/nouvelle-zelande-le-volcan-du-seigneur-des-anneaux-en-passe-de-se-reveiller_1791080.html#xtor=AL-447</post_url>
<post_date>20161105</post_date>
<post_time></post_time>
<username></username>
<post>
Le niveau d&apos;alerte a été relevé d&apos;un cran et les autorités ont interdit l&apos;accès aux randonneurs dans la zone du sommet du Mont Ruapehu. REUTERS/Stringer/File Photo Le Mordor se réveille... Le Mont Ruapehu qui sert de cadre à certaines scènes du Seigneur des Anneaux , en Nouvelle-Zélande, montre des &quot;signes de vie de plus en plus important&quot; ces dernières semaines. 
Si vous êtes fan du Seigneur des Anneaux , le Mont Ruapehu vous dira peut-être quelque chose. Le volcan néo-zélandais sert de cadre aux pérégrinations de Frodon, Sam et Gollum lors de leur approchée du Mordor. Nombreux sont les touristes qui se rendent sur ses flancs. Mais les scientifiques tirent la sonnette d&apos;alarme: le volcan situé au centre de l&apos;île du Nord serait en train de se réveiller, 9 ans après sa dernière éruption. 
&quot;Le volcan montre des signes de vie de plus en plus important&quot;, commente le vulcanologue Brad Scott dans les médias australiens . &quot;Des relevés récents ont confirmé une augmentation des émissions gazeuses&quot;, a confirmé GNS Science, l&apos;organisme chargé de surveiller l&apos;activité sismique et volcanique de l&apos;archipel. La température du lac situé dans le cratère est passée de 25°C à 46°C en moins d&apos;un mois. 
Le niveau d&apos;alerte a été relevé d&apos;un cran et les autorités ont interdit l&apos;accès aux randonneurs dans la zone du sommet et dans un rayon de 2 km autour du cratère. Le volcan avait montré quelques signes de réveil en 2012 sans aller jusqu&apos;à l&apos;éruption. Les dernières éuptions datent de 1988, 2006 et 2007. 
</post>
<signature>

</signature>
<external_links>

</external_links>
<country>FR</country>
<main_image>http://static.lexpress.fr/medias_10928/w_605,h_350,c_fill,g_north/v1462975336/nouvelle-zelande-mount-ruapehu_5595537.jpg</main_image>
</document>
