<?xml version="1.0" encoding="UTF-8"?>
<document>
<type>mainstream</type>
<forum></forum>
<forum_title></forum_title>
<discussion_title>I tatuaggi di Jaimie Alexander. Chi è la star di “Blindspot” - Vogue.it</discussion_title>
<language>italian</language>
<gmt_offset></gmt_offset>
<topic_url>http://www.vogue.it/news/notizie-del-giorno/2016/05/10/jaimie-alexander-blindspot-intervista-tatuaggi/</topic_url>
<topic_text>
News / Notizie del giorno / I tatuaggi di Jaimie Alexander. Chi è la star di “Blindspot” May 10, 2016 6:30 AM by Laura Frigerio 
Probabilmente fino a qualche tempo fa il nome di Jaimie Alexander (al secolo Jaimie Tarbush) vi diceva poco o nulla, mentre ora iniziate ad abbinarlo a una sexy fanciulla tutta tatuata con la cui immagine sono state tappezzate intere città (Milano inclusa). L’attrice è infatti protagonista di “ Blindspot ” , serie tv diventata un cult negli Stati Uniti e che è pronta a conquistare anche il pubblico italiano (da noi andrà in onda ogni martedì, dal 10 maggio, in prima serata su Italia 1 ). La trama è piuttosto intrigante e intricata, come un puzzle: non a caso tra gli sceneggiatori troviamo un esperto di enigmistica del “New York Times” . 
Tutto inizia quando a New York, per la precisione a Times Square, viene ritrovato un borsone da cui esce all’improvviso una ragazza senza memoria, completamente nuda e con il corpo ricoperto di tatuaggi. Sul caso inizierà ad indagare Kurt Weller (interpretato dall’affascinante Sullivan Stapleton), agente dell’FBI il cui nome compare tra i tatuaggi della giovane donna, e che dà il via a un puzzle che si svela pezzo pezzo, tatuaggio dopo tatuaggio. 
« La nostra serie segue uno o due tatuaggi per episodio : se parti dall’inizio, comincerai a raccogliere indizi dalla seconda o terza puntata che poi ti serviranno per capire l’episodio 15 o 16. Tutto è integrato. Ogni tatuaggio ha un doppio o un triplo significato e alcuni tatuaggi risolveranno il mistero di altri. Invece di essere una serie con un caso a settimana, tutto si collega. E tutto quello che Jane Doe (nome di prassi per le persone senza identità) ha passato viene realmente scoperto nell’episodio finale» – svela Jaimie Alexander, che per entrare nei panni della protagonista si è dovuta sottoporre a circa sei ore di trucco al giorno, per farsi applicare i 200 tatuaggi su tutto il corpo. “Blindspot” ha anche permesso a Jaimie di riprendere le nozioni apprese ai tempi in cui faceva wrestling, per le varie scene di lotta: non a caso si fa aiutare raramente delle stuntgirls. 
Di suoi l’attrice ne ha invece nove : quattro con i nomi dei suoi fratelli (Brady, David, Chance e Matt) e uno che porta le sigle “ES” che significa “Elephant Shoe”, parole che se vengono mimate con la bocca sembrano dire “I love you” (è un gioco che faceva sempre lei da bambina). 
E così, dopo Lady Sif nella saga cinematografica di “Thor” , l’attrice americana si ritrova a interpretare ancora una volta una donna con lo spirito da guerriera, ovvero un personaggio perfettamente nelle sue corde. Sarà che a Hollywood si sono finalmente accorti che lei non è la classica belloccia con un passato da modella, che si accontenta di qualche ruolo qua e là (in film come “Loosies” e “The Last Stand”, oppure in serie tv come “Kyle XY”) o di fare la bella statuina sui red carpet, magari al fianco di un fidanzato famoso (come lo è stato Peter Facinelli, con cui ha rotto nel febbraio scorso). Non a caso le era stato proposto anche il ruolo di Wonder Woman per l’omonimo film (poi andato a Gal Gadot), a cui a rinunciato proprio per “Blindspot”. More 
</topic_text>
<spam_score>0.00</spam_score>
<post_num>1</post_num>
<post_id>post-1</post_id>
<post_url>http://www.vogue.it/news/notizie-del-giorno/2016/05/10/jaimie-alexander-blindspot-intervista-tatuaggi/</post_url>
<post_date>20160510</post_date>
<post_time></post_time>
<username>Laura Tortora</username>
<post>
News / Notizie del giorno / I tatuaggi di Jaimie Alexander. Chi è la star di “Blindspot” May 10, 2016 6:30 AM by Laura Frigerio 
Probabilmente fino a qualche tempo fa il nome di Jaimie Alexander (al secolo Jaimie Tarbush) vi diceva poco o nulla, mentre ora iniziate ad abbinarlo a una sexy fanciulla tutta tatuata con la cui immagine sono state tappezzate intere città (Milano inclusa). L’attrice è infatti protagonista di “ Blindspot ” , serie tv diventata un cult negli Stati Uniti e che è pronta a conquistare anche il pubblico italiano (da noi andrà in onda ogni martedì, dal 10 maggio, in prima serata su Italia 1 ). La trama è piuttosto intrigante e intricata, come un puzzle: non a caso tra gli sceneggiatori troviamo un esperto di enigmistica del “New York Times” . 
Tutto inizia quando a New York, per la precisione a Times Square, viene ritrovato un borsone da cui esce all’improvviso una ragazza senza memoria, completamente nuda e con il corpo ricoperto di tatuaggi. Sul caso inizierà ad indagare Kurt Weller (interpretato dall’affascinante Sullivan Stapleton), agente dell’FBI il cui nome compare tra i tatuaggi della giovane donna, e che dà il via a un puzzle che si svela pezzo pezzo, tatuaggio dopo tatuaggio. 
« La nostra serie segue uno o due tatuaggi per episodio : se parti dall’inizio, comincerai a raccogliere indizi dalla seconda o terza puntata che poi ti serviranno per capire l’episodio 15 o 16. Tutto è integrato. Ogni tatuaggio ha un doppio o un triplo significato e alcuni tatuaggi risolveranno il mistero di altri. Invece di essere una serie con un caso a settimana, tutto si collega. E tutto quello che Jane Doe (nome di prassi per le persone senza identità) ha passato viene realmente scoperto nell’episodio finale» – svela Jaimie Alexander, che per entrare nei panni della protagonista si è dovuta sottoporre a circa sei ore di trucco al giorno, per farsi applicare i 200 tatuaggi su tutto il corpo. “Blindspot” ha anche permesso a Jaimie di riprendere le nozioni apprese ai tempi in cui faceva wrestling, per le varie scene di lotta: non a caso si fa aiutare raramente delle stuntgirls. 
Di suoi l’attrice ne ha invece nove : quattro con i nomi dei suoi fratelli (Brady, David, Chance e Matt) e uno che porta le sigle “ES” che significa “Elephant Shoe”, parole che se vengono mimate con la bocca sembrano dire “I love you” (è un gioco che faceva sempre lei da bambina). 
E così, dopo Lady Sif nella saga cinematografica di “Thor” , l’attrice americana si ritrova a interpretare ancora una volta una donna con lo spirito da guerriera, ovvero un personaggio perfettamente nelle sue corde. Sarà che a Hollywood si sono finalmente accorti che lei non è la classica belloccia con un passato da modella, che si accontenta di qualche ruolo qua e là (in film come “Loosies” e “The Last Stand”, oppure in serie tv come “Kyle XY”) o di fare la bella statuina sui red carpet, magari al fianco di un fidanzato famoso (come lo è stato Peter Facinelli, con cui ha rotto nel febbraio scorso). Non a caso le era stato proposto anche il ruolo di Wonder Woman per l’omonimo film (poi andato a Gal Gadot), a cui a rinunciato proprio per “Blindspot”. More 
</post>
<signature>

</signature>
<external_links>

</external_links>
<country>IE</country>
<main_image>http://images.vogue.it/wp-content/uploads/2016/05/09173635/blindspot_landscape1.jpg</main_image>
</document>
