<?xml version="1.0" encoding="UTF-8"?>
<document>
<type>mainstream</type>
<forum></forum>
<forum_title></forum_title>
<discussion_title>Kickstarter investigates Peachy Printer &quot;scam&quot;</discussion_title>
<language>english</language>
<gmt_offset></gmt_offset>
<topic_url>http://fudzilla.com/news/40667-kickstarter-investigates-peachy-printer-scam</topic_url>
<topic_text>
Kickstarter investigates Peachy Printer &quot;scam&quot; by Email 
Didn&apos;t fund tech project 
Crowdfunding website Kickstarter is investigating claims that money given to a tech project was instead used to build a house for one of its co-founders David Boe. 
The co-founder of the Peachy Printer scheme Rylan Grayston has said that Boe nicked more than $353,000 raised by the Crowdfunding project and bought himself a nice house. What is more, Boe made a &quot;confession&quot; video that proved it. Although Boe now says that the video had been filmed &quot;under duress&quot;. 
The loss came to light in 2014, but there had been no mention of it in the dozens of development updates posted to Kickstarter until now. 
The company Rinnovated Design had promised to build the first 3D printer and scanner costing $100. Most of the cash came through Kickstarter and another site. 
In a lengthy statement on the business&apos;s website, Grayston said the funds raised by the campaigns were initially put in Mr Boe&apos;s personal account and he took out. Boe &quot;came clean&quot; he agreed to repay the sum, and a decision was taken not to make this public. 
&quot;He claims to have spent the Kickstarter funds on materials for his house, but he hadn&apos;t gotten the construction far enough to get that value back out through his mortgage draws. As stated in the repayment agreement, the plan was that as David reached each stage of his build, he would payout a percentage of the draw to Peachy Printer. Boe made good on the first payment, and defaulted on the final two. 
&quot;The last of these payments was on March 2nd 2015, after which I was unable to contact him for months. When I finally did speak to him, I found that he had gotten a lawyer and quite drastically changed his tone.&quot; 
Grayston said he notified police in October 2015. A video posted to YouTube - said to have been filmed in 2014 but only made live on 10 May 2016 - appears to show Mr Boe confessing to the alleged crime.I&quot;I made a mistake, I apologise and I am trying to make it right. Everyone knows it&apos;s wrong and I&apos;m not trying to deny it,&quot; he said. 
According to the BBC Boe he was not aware that Mr Grayston had released the footage and other documents. He confirmed he appeared in the video but declined to comment about whether he had actually taken money. 
&quot;That was taken under duress, extreme duress, at that date. They actually told me exactly what they wanted said in that. I&apos;m not going to talk about [the allegations] right now.&quot; 
Kickstarter said the matter under was investigation. Anyone who abuses our system and the trust of our community exposes themselves to legal action. 
Boe (left) and Grayston in the confession video 

</topic_text>
<spam_score>0.00</spam_score>
<post_num>1</post_num>
<post_id>post-1</post_id>
<post_url>http://fudzilla.com/news/40667-kickstarter-investigates-peachy-printer-scam</post_url>
<post_date>20160512</post_date>
<post_time></post_time>
<username>Nick Farrell</username>
<post>
Kickstarter investigates Peachy Printer &quot;scam&quot; by Email 
Didn&apos;t fund tech project 
Crowdfunding website Kickstarter is investigating claims that money given to a tech project was instead used to build a house for one of its co-founders David Boe. 
The co-founder of the Peachy Printer scheme Rylan Grayston has said that Boe nicked more than $353,000 raised by the Crowdfunding project and bought himself a nice house. What is more, Boe made a &quot;confession&quot; video that proved it. Although Boe now says that the video had been filmed &quot;under duress&quot;. 
The loss came to light in 2014, but there had been no mention of it in the dozens of development updates posted to Kickstarter until now. 
The company Rinnovated Design had promised to build the first 3D printer and scanner costing $100. Most of the cash came through Kickstarter and another site. 
In a lengthy statement on the business&apos;s website, Grayston said the funds raised by the campaigns were initially put in Mr Boe&apos;s personal account and he took out. Boe &quot;came clean&quot; he agreed to repay the sum, and a decision was taken not to make this public. 
&quot;He claims to have spent the Kickstarter funds on materials for his house, but he hadn&apos;t gotten the construction far enough to get that value back out through his mortgage draws. As stated in the repayment agreement, the plan was that as David reached each stage of his build, he would payout a percentage of the draw to Peachy Printer. Boe made good on the first payment, and defaulted on the final two. 
&quot;The last of these payments was on March 2nd 2015, after which I was unable to contact him for months. When I finally did speak to him, I found that he had gotten a lawyer and quite drastically changed his tone.&quot; 
Grayston said he notified police in October 2015. A video posted to YouTube - said to have been filmed in 2014 but only made live on 10 May 2016 - appears to show Mr Boe confessing to the alleged crime.I&quot;I made a mistake, I apologise and I am trying to make it right. Everyone knows it&apos;s wrong and I&apos;m not trying to deny it,&quot; he said. 
According to the BBC Boe he was not aware that Mr Grayston had released the footage and other documents. He confirmed he appeared in the video but declined to comment about whether he had actually taken money. 
&quot;That was taken under duress, extreme duress, at that date. They actually told me exactly what they wanted said in that. I&apos;m not going to talk about [the allegations] right now.&quot; 
Kickstarter said the matter under was investigation. Anyone who abuses our system and the trust of our community exposes themselves to legal action. 
Boe (left) and Grayston in the confession video 

</post>
<signature>

</signature>
<external_links>

</external_links>
<country>NL</country>
<main_image>http://fudzilla.com/media/k2/items/cache/1874d03475774d47218cf6fb60965511_XS.jpg</main_image>
</document>
