<?xml version="1.0" encoding="UTF-8"?>
<document>
<type>mainstream</type>
<forum></forum>
<forum_title></forum_title>
<discussion_title>Camilla Vaccari: la mostra - Vogue.it</discussion_title>
<language>italian</language>
<gmt_offset></gmt_offset>
<topic_url>http://www.vogue.it/vogue-talents/news/2016/05/12/camilla-vaccari-la-mostra/</topic_url>
<topic_text>
Talents / News / Camilla Vaccari: la mostra May 12, 2016 6:25 AM by Elisa Pervinca Bellini 
Da Lucidilumi , a Piacenza, sabato 14 maggio sarà possibile conoscere da vicino il mondo incantato e fiabesco di Camilla Vaccari . La stilista presenta infatti le sue creazioni – pezzi unici attraverso gli scatti della fotografa Annamaria Belloni . Colori pastello e lavorazioni artigianali e curatissime disegnano una collezione poetica, interpretata da una musa-modella un po’ ballerina, un po’ fatina del bosco. Fiori e luci soffuse fanno da cornice al suo muoversi in punta di piedi tra i vicoli e i giardini. 
Appuntamento in via Chiapponi 48 a Piacenza: la mostra sarà aperta dalle ore 10, poi dalle 18 prenderà il via l’inaugurazione con il dj-set. More 
</topic_text>
<spam_score>0.00</spam_score>
<post_num>1</post_num>
<post_id>post-1</post_id>
<post_url>http://www.vogue.it/vogue-talents/news/2016/05/12/camilla-vaccari-la-mostra/</post_url>
<post_date>20160512</post_date>
<post_time></post_time>
<username></username>
<post>
Talents / News / Camilla Vaccari: la mostra May 12, 2016 6:25 AM by Elisa Pervinca Bellini 
Da Lucidilumi , a Piacenza, sabato 14 maggio sarà possibile conoscere da vicino il mondo incantato e fiabesco di Camilla Vaccari . La stilista presenta infatti le sue creazioni – pezzi unici attraverso gli scatti della fotografa Annamaria Belloni . Colori pastello e lavorazioni artigianali e curatissime disegnano una collezione poetica, interpretata da una musa-modella un po’ ballerina, un po’ fatina del bosco. Fiori e luci soffuse fanno da cornice al suo muoversi in punta di piedi tra i vicoli e i giardini. 
Appuntamento in via Chiapponi 48 a Piacenza: la mostra sarà aperta dalle ore 10, poi dalle 18 prenderà il via l’inaugurazione con il dj-set. More 
</post>
<signature>

</signature>
<external_links>

</external_links>
<country>IE</country>
<main_image>http://images.vogue.it/wp-content/uploads/2016/05/11144954/camillavaccari-534x800.jpg</main_image>
</document>
