<?xml version="1.0" encoding="UTF-8"?>
<document>
<type>mainstream</type>
<forum></forum>
<forum_title></forum_title>
<discussion_title>DAA Italia - Vogue.it</discussion_title>
<language>italian</language>
<gmt_offset></gmt_offset>
<topic_url>http://www.vogue.it/l-uomo-vogue/news/2016/05/10/daa-italia/</topic_url>
<topic_text>
by Redazione 
Sono aperte le candidature per la seconda edizione del “Premio Giovani Imprese – Believing in the Future” , il contest di Fondazione Altagamma, in collaborazione con Borsa Italiana, Maserati, SDA Bocconi e L’Uomo Vogue, dedicato alle giovani imprese italiane dell’industria culturale e creativa. Ma ecco chi sono i vincitori della passata edizione. 
DAA Italia , vincitore del Premio Giovani Imprese – Believing in the future 2015 per la categoria design. “L’azienda con cui lavoriamo, Alter, produce componenti per macchine movimento terra. Un settore molto lontano da quello del design”, ci spiega Bruna Taurino. “Io ho sempre avuto una passione per tutto ciò che riguarda la progettazione di interni e così, frequentando spesso l’azienda che è di proprietà di mio marito, ho avuto questa idea di utilizzare il know-how, il ferro e le attrezzature per dare vita a qualcosa di diverso”. Così, nemmeno un anno e mezzo fa, inizia a crearsi quella rete di ideazione e produzione che collega 12 studi di progettazione alle mani degli operai metalmeccanici. “ Ciò che da subito è stato apprezzato da tutti è la volontà, nonostante il periodo di crisi, di affacciarsi alla creatività, aprendosi e diversificano la produzione . Non abbiamo mai dato una specifica direzione, abbiamo il ferro: il materiale è la nostra linea guida ”. Una scelta che ha pagato sia a livello creativo che a livello aziendale. “Quando siamo arrivati al Salone del Mobile nel 2015 abbiamo presentato 40 progetti realizzati da zero in appena sei mesi. Non ci saremmo riusciti senza la passione, l’amore e la determinazione di tutto il nostro team”. Ed è stato proprio il successo dello scorso anno che ha fatto circolare il nome di DAA in giro per il mondo, portandolo direttamente al Premio di Altagamma: “Un’esperienza bellissima, un bel progetto per le nuove aziende, ognuno nei propri settori a seguire un percorso con chi, in quello stesso ambito, è leader internazionale”. Quest’anno al Fuorisalone, oltre a essere presente in Triennale con una serie di panche ideate da Lorenzo Damiani, DAA Italia ha confermato la stessa location, l’Erastudio Apartment-Gallery. “L’idea è tutt’altro che casuale, ma nasce per trasmettere il nostro consolidamento come azienda. Da oggi ci mettiamo a lavoro per raccogliere tutti i feedback e sviluppare qualche nuova idea. Da domani ci piacerebbe espanderci sul mercato globale e soddisfare anche richieste di grande portata, sia in Italia che all’estero ”. More 
</topic_text>
<spam_score>0.00</spam_score>
<post_num>1</post_num>
<post_id>post-1</post_id>
<post_url>http://www.vogue.it/l-uomo-vogue/news/2016/05/10/daa-italia/</post_url>
<post_date>20160510</post_date>
<post_time></post_time>
<username></username>
<post>
by Redazione 
Sono aperte le candidature per la seconda edizione del “Premio Giovani Imprese – Believing in the Future” , il contest di Fondazione Altagamma, in collaborazione con Borsa Italiana, Maserati, SDA Bocconi e L’Uomo Vogue, dedicato alle giovani imprese italiane dell’industria culturale e creativa. Ma ecco chi sono i vincitori della passata edizione. 
DAA Italia , vincitore del Premio Giovani Imprese – Believing in the future 2015 per la categoria design. “L’azienda con cui lavoriamo, Alter, produce componenti per macchine movimento terra. Un settore molto lontano da quello del design”, ci spiega Bruna Taurino. “Io ho sempre avuto una passione per tutto ciò che riguarda la progettazione di interni e così, frequentando spesso l’azienda che è di proprietà di mio marito, ho avuto questa idea di utilizzare il know-how, il ferro e le attrezzature per dare vita a qualcosa di diverso”. Così, nemmeno un anno e mezzo fa, inizia a crearsi quella rete di ideazione e produzione che collega 12 studi di progettazione alle mani degli operai metalmeccanici. “ Ciò che da subito è stato apprezzato da tutti è la volontà, nonostante il periodo di crisi, di affacciarsi alla creatività, aprendosi e diversificano la produzione . Non abbiamo mai dato una specifica direzione, abbiamo il ferro: il materiale è la nostra linea guida ”. Una scelta che ha pagato sia a livello creativo che a livello aziendale. “Quando siamo arrivati al Salone del Mobile nel 2015 abbiamo presentato 40 progetti realizzati da zero in appena sei mesi. Non ci saremmo riusciti senza la passione, l’amore e la determinazione di tutto il nostro team”. Ed è stato proprio il successo dello scorso anno che ha fatto circolare il nome di DAA in giro per il mondo, portandolo direttamente al Premio di Altagamma: “Un’esperienza bellissima, un bel progetto per le nuove aziende, ognuno nei propri settori a seguire un percorso con chi, in quello stesso ambito, è leader internazionale”. Quest’anno al Fuorisalone, oltre a essere presente in Triennale con una serie di panche ideate da Lorenzo Damiani, DAA Italia ha confermato la stessa location, l’Erastudio Apartment-Gallery. “L’idea è tutt’altro che casuale, ma nasce per trasmettere il nostro consolidamento come azienda. Da oggi ci mettiamo a lavoro per raccogliere tutti i feedback e sviluppare qualche nuova idea. Da domani ci piacerebbe espanderci sul mercato globale e soddisfare anche richieste di grande portata, sia in Italia che all’estero ”. More 
</post>
<signature>

</signature>
<external_links>

</external_links>
<country>IE</country>
<main_image>http://images.vogue.it/wp-content/uploads/2016/05/10150640/3462d37e-4515-4375-b634-0e2f93d0a6ca-534x800.jpg</main_image>
</document>
