<?xml version="1.0" encoding="UTF-8"?>
<document>
<type>mainstream</type>
<forum>http://rian.com.ua/export/rss2/index.xml</forum>
<forum_title>РИА Новости Украина Украина</forum_title>
<discussion_title>Фотоитоги 12 мая: Луценко-генпрокурор, приговор Коцабе, взрыв во Франции</discussion_title>
<language>russian</language>
<gmt_offset></gmt_offset>
<topic_url>http://rian.com.ua/photolents/20160512/1009864451.html</topic_url>
<topic_text>
Все фотоленты Юрий Луценко перед голосованием по его кандидатуре на пост генерального прокурора Украины. Его кандидатуру поддержали 264 народных депутата. 
Верховная Рада Украины поддержала назначение экс-главы МВД Украины, главы фракции &quot;Блок Петра Порошенко&quot; Юрия Луценко на должность генерального прокурора . 
Решение о назначении Луценко главой ГПУ поддержали 264 народных депутата. На голосование парламента по данному вопросу президент Украины Петр Порошенко пришел лично. Во время его появления в зале ряд народных депутатов, преимущественно представители &quot;Радикальной партии&quot; Олега Ляшко, выкрикивали &quot;Ганьба&quot; в сторону президента. Смотрите также: Луценко: от инженера-электроника до генпрокурора Журналист Руслан Коцаба в четверг был осужден к 3,5 годам тюрьмы за шпионаж. Он был арестован 8 февраля 2015 года по решению суда за призыв к бойкоту очередной волны мобилизации в Украине, которая проходила в связи с конфликтом в Донбассе. Сам журналист не считает свои действия противозаконными. Международная правозащитная организация Amnesty International признала Коцабу &quot;узником совести&quot;.
</topic_text>
<spam_score>0.00</spam_score>
<post_num>1</post_num>
<post_id>post-1</post_id>
<post_url>http://rian.com.ua/photolents/20160512/1009864451.html</post_url>
<post_date>20160512</post_date>
<post_time>1544</post_time>
<username></username>
<post>
Все фотоленты Юрий Луценко перед голосованием по его кандидатуре на пост генерального прокурора Украины. Его кандидатуру поддержали 264 народных депутата. 
Верховная Рада Украины поддержала назначение экс-главы МВД Украины, главы фракции &quot;Блок Петра Порошенко&quot; Юрия Луценко на должность генерального прокурора . 
Решение о назначении Луценко главой ГПУ поддержали 264 народных депутата. На голосование парламента по данному вопросу президент Украины Петр Порошенко пришел лично. Во время его появления в зале ряд народных депутатов, преимущественно представители &quot;Радикальной партии&quot; Олега Ляшко, выкрикивали &quot;Ганьба&quot; в сторону президента. Смотрите также: Луценко: от инженера-электроника до генпрокурора Журналист Руслан Коцаба в четверг был осужден к 3,5 годам тюрьмы за шпионаж. Он был арестован 8 февраля 2015 года по решению суда за призыв к бойкоту очередной волны мобилизации в Украине, которая проходила в связи с конфликтом в Донбассе. Сам журналист не считает свои действия противозаконными. Международная правозащитная организация Amnesty International признала Коцабу &quot;узником совести&quot;.
</post>
<signature>

</signature>
<external_links>

</external_links>
<country>UA</country>
<main_image>/i/ria_social.png</main_image>
</document>
