<?xml version="1.0" encoding="UTF-8"?>
<document>
<type>mainstream</type>
<forum>http://www.wunitv.com/feed/</forum>
<forum_title>Noticias Entravision</forum_title>
<discussion_title>FOTOS: Se reúnen Donald Trump y Paul Ryan en Washington</discussion_title>
<language>spanish</language>
<gmt_offset></gmt_offset>
<topic_url>http://noticias.entravision.com/nueva-inglaterra/2016/05/12/fotos-se-reunen-donald-trump-y-paul-ryan-en-washington/</topic_url>
<topic_text>
El apodo de Trump para Sanders: &quot;El loco de Bernie&quot; 
La reunión es un esfuerzo del GOP de unificar las filas del partido en torno a la polémica figura del magnate, virtual candidato republicano a la presidencia en las venideras elecciones generales de noviembre de este año. 
El encuentro pone a prueba la capacidad conciliatoria de Trump con el “ establishment ” de Washington, sobre todo cuando su campaña se ha destacado por las enfrentamientos que ha provocado con diferentes grupos. 
Para Ryan también es importante porque está en juego su futuro como líder republicano. 
Trump y Ryan emitieron una declaración conjunta al final del encuentro. 
“Mientras que fuimos honestos acerca de nuestras pocas diferencias, reconocemos que también hay muchas áreas importantes de interés común,” dice el comunicado. 
“Vamos a tener discusiones adicionales, pero permanecemos confiados en que hay una gran oportunidad para unificar nuestro partido y ganar este otoño, y estamos totalmente comprometidos a trabajar juntos para lograr ese objetivo”, agregaron Trump y Ryan. Talentos
</topic_text>
<spam_score>0.00</spam_score>
<post_num>1</post_num>
<post_id>post-1</post_id>
<post_url>http://noticias.entravision.com/nueva-inglaterra/2016/05/12/fotos-se-reunen-donald-trump-y-paul-ryan-en-washington/</post_url>
<post_date>20160512</post_date>
<post_time>1619</post_time>
<username>mfacundoentravision</username>
<post>
El apodo de Trump para Sanders: &quot;El loco de Bernie&quot; 
La reunión es un esfuerzo del GOP de unificar las filas del partido en torno a la polémica figura del magnate, virtual candidato republicano a la presidencia en las venideras elecciones generales de noviembre de este año. 
El encuentro pone a prueba la capacidad conciliatoria de Trump con el “ establishment ” de Washington, sobre todo cuando su campaña se ha destacado por las enfrentamientos que ha provocado con diferentes grupos. 
Para Ryan también es importante porque está en juego su futuro como líder republicano. 
Trump y Ryan emitieron una declaración conjunta al final del encuentro. 
“Mientras que fuimos honestos acerca de nuestras pocas diferencias, reconocemos que también hay muchas áreas importantes de interés común,” dice el comunicado. 
“Vamos a tener discusiones adicionales, pero permanecemos confiados en que hay una gran oportunidad para unificar nuestro partido y ganar este otoño, y estamos totalmente comprometidos a trabajar juntos para lograr ese objetivo”, agregaron Trump y Ryan. Talentos
</post>
<signature>

</signature>
<external_links>

</external_links>
<country>US</country>
<main_image>https://evcnoticias.files.wordpress.com/2016/05/protesta-durante-la-reunic3b3n-de-trump-y-ryan-en-washington-dc.jpg?w=1200</main_image>
</document>
