<?xml version="1.0" encoding="UTF-8"?>
<document>
<type>mainstream</type>
<forum>http://www.informazione.it/xml/pr/0d62108b-a0c2-46f5-b8d9-9aed3a376451.xml?lng=neutral</forum>
<forum_title>I Comunicati Stampa di PR Newswire su informazione.it</forum_title>
<discussion_title>U.S. Wearable Sensors Market Value of USD 100.35 Million by 2018 - Trends, Technologies &amp; Opportunities Report 2015-2020 - Research and Markets</discussion_title>
<language>english</language>
<gmt_offset></gmt_offset>
<topic_url>http://www.informazione.it/c/E2931735-7718-4E81-8752-0F40CCAC789C/U-S-Wearable-Sensors-Market-Value-of-USD-100-35-Million-by-2018-Trends-Technologies-Opportunities-Report-2015-2020-Research-and-Markets</topic_url>
<topic_text>
Modifica password U.S. Wearable Sensors Market Value of USD 100.35 Million by 2018 - Trends, Technologies &amp; Opportunities Report 2015-2020 - Research and Markets The U.S. wearable sensors market is forecast to reach a value of $100.35 million by 2018 growing at a CAGR of 46.87% over the period 2015-2020. Wearable sensors are embedded in wearable devices to monitor bodily activities which include blood pressure, body temperature and heart rate, which is driving the healthcare industry as it enables remote data access. The market is driven due to the rising awareness of health and fitness, where wearable sensors play a vital role. The falling price of the components used to manufacture the wearable sensors is making the wearable devices affordable. Increasing demand across various application sectors such as wearable technology for fitness, healthcare and security is driving the U.S. wearable sensors market to grow lucratively. DUBLIN, ( informazione.it - comunicati stampa - editoria e media ) 
The U.S. wearable sensors market is forecast to reach a value of $100.35 million by 2018 growing at a CAGR of 46.87% over the period 2015-2020. Wearable sensors are embedded in wearable devices to monitor bodily activities which include blood pressure, body temperature and heart rate, which is driving the healthcare industry as it enables remote data access. The market is driven due to the rising awareness of health and fitness, where wearable sensors play a vital role. The falling price of the components used to manufacture the wearable sensors is making the wearable devices affordable. Increasing demand across various application sectors such as wearable technology for fitness, healthcare and security is driving the U.S. wearable sensors market to grow lucratively. 
The rising market of smartphones and tablets is enabling the integration of wearable devices with the smartphones. Wrist wear segment holds the majority of the market share and is anticipated to dominate the market during the forecast period. The Introduction of smart watches from companies like Samsung, Sony and Nike among others has given a boost to this market. U.S. has the highest penetration for wearable sensors as they are the early adapters of newer technology. The dominance is due to the urge to maintain a healthy lifestyle in U.S. Rapid increase in technological advancements in this country is also contributing to the growth of U.S. wearable sensors market. 
The U.S. Wearable Sensors Market is segmented on the basis of Type (Motion, Inertial, Temperature, Pressure, Image, and Others), &amp; Industry (Healthcare, Consumer Applications, Sports/Fitness, Industrial, Entertainment &amp; Media, and Others). 
This report describes a detailed study of the Porter&apos;s five forces analysis of the market. All the five major factors in these markets have been quantified using the internal key parameters governing each of them. It also covers the market landscape of these players which includes the key growth strategies and competition analysis. 
Companies Mentioned:
</topic_text>
<spam_score>0.00</spam_score>
<post_num>1</post_num>
<post_id>post-1</post_id>
<post_url>http://www.informazione.it/c/E2931735-7718-4E81-8752-0F40CCAC789C/U-S-Wearable-Sensors-Market-Value-of-USD-100-35-Million-by-2018-Trends-Technologies-Opportunities-Report-2015-2020-Research-and-Markets</post_url>
<post_date>20160512</post_date>
<post_time>1610</post_time>
<username></username>
<post>
Modifica password U.S. Wearable Sensors Market Value of USD 100.35 Million by 2018 - Trends, Technologies &amp; Opportunities Report 2015-2020 - Research and Markets The U.S. wearable sensors market is forecast to reach a value of $100.35 million by 2018 growing at a CAGR of 46.87% over the period 2015-2020. Wearable sensors are embedded in wearable devices to monitor bodily activities which include blood pressure, body temperature and heart rate, which is driving the healthcare industry as it enables remote data access. The market is driven due to the rising awareness of health and fitness, where wearable sensors play a vital role. The falling price of the components used to manufacture the wearable sensors is making the wearable devices affordable. Increasing demand across various application sectors such as wearable technology for fitness, healthcare and security is driving the U.S. wearable sensors market to grow lucratively. DUBLIN, ( informazione.it - comunicati stampa - editoria e media ) 
The U.S. wearable sensors market is forecast to reach a value of $100.35 million by 2018 growing at a CAGR of 46.87% over the period 2015-2020. Wearable sensors are embedded in wearable devices to monitor bodily activities which include blood pressure, body temperature and heart rate, which is driving the healthcare industry as it enables remote data access. The market is driven due to the rising awareness of health and fitness, where wearable sensors play a vital role. The falling price of the components used to manufacture the wearable sensors is making the wearable devices affordable. Increasing demand across various application sectors such as wearable technology for fitness, healthcare and security is driving the U.S. wearable sensors market to grow lucratively. 
The rising market of smartphones and tablets is enabling the integration of wearable devices with the smartphones. Wrist wear segment holds the majority of the market share and is anticipated to dominate the market during the forecast period. The Introduction of smart watches from companies like Samsung, Sony and Nike among others has given a boost to this market. U.S. has the highest penetration for wearable sensors as they are the early adapters of newer technology. The dominance is due to the urge to maintain a healthy lifestyle in U.S. Rapid increase in technological advancements in this country is also contributing to the growth of U.S. wearable sensors market. 
The U.S. Wearable Sensors Market is segmented on the basis of Type (Motion, Inertial, Temperature, Pressure, Image, and Others), &amp; Industry (Healthcare, Consumer Applications, Sports/Fitness, Industrial, Entertainment &amp; Media, and Others). 
This report describes a detailed study of the Porter&apos;s five forces analysis of the market. All the five major factors in these markets have been quantified using the internal key parameters governing each of them. It also covers the market landscape of these players which includes the key growth strategies and competition analysis. 
Companies Mentioned:
</post>
<signature>

</signature>
<external_links>

</external_links>
<country>IT</country>
<main_image>http://imgs3.informazione.it/img/pr_def_md.jpg</main_image>
</document>
