<?xml version="1.0" encoding="UTF-8"?>
<document>
<type>mainstream</type>
<forum></forum>
<forum_title></forum_title>
<discussion_title>Tan plesure - Vogue.it</discussion_title>
<language>italian</language>
<gmt_offset></gmt_offset>
<topic_url>http://www.vogue.it/bellezza/tendenze-news/2016/05/11/tan-plesure/</topic_url>
<topic_text>
by Redazione 
AWARENESS . C’è una nuova consapevolezza nei confronti del sole. Una maggiore coscienza che permette di sfruttarne le potenzialità tralasciando gli effetti collaterali. Se preso nella giusta dose, fa bene, e non è vero che va evitato. Lo ha evidenziato anche l’ultimo studio del National Cancer Institute, che spiega: «Il sole delle prime ore del giorno o dopo le 16 alza i livelli di vitamina D e contrasta la depressione. Con un’adeguata protezione, non è rischioso per la salute». Pace fatta quindi. Anche con i sostenitori della Atapa Snana, il termine yogi che indica i terapeutici bagni di sole. «È stato demonizzato per troppo tempo, eppure ha mille benefici. Non tutti sanno che diminuisce i valori di colesterolo, l’eccesso di peso. Cura malattie infettive, rinforza il sistema immunitario », spiega nel blog Christina Brown, insegnante di yoga e scrittrice di numerosi libri sul tema. «I bagni di sole? Non pensate a overdose di raggi Uv. Si fanno all’alba o nel tardo pomeriggio». Ça va sans dire. 
HAIR . Se è vero che l’acqua del mare secca e rende crespi i capelli e se è vero che i raggi Uv li scoloriscono, altrettanto vero è che il calore del sole è, al contrario, terapeutico. Con temperature superiori ai 30 gradi e tassi di umidità intorno al 60 per cento, le squame che compongono la fibra capillare si aprono. Ecco perché applicare una maschera nutriente, prima delle esposizioni, ne massimizza gli effetti: i principi attivi penetreranno più a fondo. A fine giornata, però, è necessario risciacquare con acqua fredda per far richiudere le cuticole. Risultato: una capigliatura lucidissima e morbida. 
SHIELDS . Formule che in superficie sono sempre più leggere e invisibili, ma che agiscono sempre più in profondità fino a difendere il dna cellulare. Sono le ultime tecnologie messe a punto dai laboratori cosmetici. Da Lancôme arriva un solare viso spf 50 che, con polveri minerali, leviga e dà una sensazione di freschezza (Soleil Bronzer spf 50). Da La Prairie, una texture anti Uva e Uvb, impalpabile e setosa, ricca di antiossidanti (Cellular Swiss UV Protection Veil spf 50). Mentre da Vichy, un solare 3 in 1 che previene le macchie, protegge e colora in un unico gesto (Ideal Soléil Anti-Macchie 3in1 spf 50). 
DIET . Durante i periodi di esposizione al sole serve integrare l’ alimentazione con cibi che stimolino l’epidermide ad autoproteggersi (vitamina C, E), e con quelli che ristrutturino la cute (acidi grassi polinsaturi). Se ne fa il pieno con la dieta flexitarian. Ideata dalla nutrizionista Dawn Jackson Blatner, prevede un regime vegetariano, ma flessibile, visto che ammette il consumo di carne o pesce una volta a settimana. «Riducendo le proteine animali, aumenta il consumo dei superfood amici della pelle: verdure e frutta di stagione, ma anche semi, noci, avocado e cocco», spiega la nutrizionista. 
Paola Gervasio, Beauty in Vogue, Maggio 2016 More 
</topic_text>
<spam_score>0.00</spam_score>
<post_num>1</post_num>
<post_id>post-1</post_id>
<post_url>http://www.vogue.it/bellezza/tendenze-news/2016/05/11/tan-plesure/</post_url>
<post_date>20160511</post_date>
<post_time></post_time>
<username></username>
<post>
by Redazione 
AWARENESS . C’è una nuova consapevolezza nei confronti del sole. Una maggiore coscienza che permette di sfruttarne le potenzialità tralasciando gli effetti collaterali. Se preso nella giusta dose, fa bene, e non è vero che va evitato. Lo ha evidenziato anche l’ultimo studio del National Cancer Institute, che spiega: «Il sole delle prime ore del giorno o dopo le 16 alza i livelli di vitamina D e contrasta la depressione. Con un’adeguata protezione, non è rischioso per la salute». Pace fatta quindi. Anche con i sostenitori della Atapa Snana, il termine yogi che indica i terapeutici bagni di sole. «È stato demonizzato per troppo tempo, eppure ha mille benefici. Non tutti sanno che diminuisce i valori di colesterolo, l’eccesso di peso. Cura malattie infettive, rinforza il sistema immunitario », spiega nel blog Christina Brown, insegnante di yoga e scrittrice di numerosi libri sul tema. «I bagni di sole? Non pensate a overdose di raggi Uv. Si fanno all’alba o nel tardo pomeriggio». Ça va sans dire. 
HAIR . Se è vero che l’acqua del mare secca e rende crespi i capelli e se è vero che i raggi Uv li scoloriscono, altrettanto vero è che il calore del sole è, al contrario, terapeutico. Con temperature superiori ai 30 gradi e tassi di umidità intorno al 60 per cento, le squame che compongono la fibra capillare si aprono. Ecco perché applicare una maschera nutriente, prima delle esposizioni, ne massimizza gli effetti: i principi attivi penetreranno più a fondo. A fine giornata, però, è necessario risciacquare con acqua fredda per far richiudere le cuticole. Risultato: una capigliatura lucidissima e morbida. 
SHIELDS . Formule che in superficie sono sempre più leggere e invisibili, ma che agiscono sempre più in profondità fino a difendere il dna cellulare. Sono le ultime tecnologie messe a punto dai laboratori cosmetici. Da Lancôme arriva un solare viso spf 50 che, con polveri minerali, leviga e dà una sensazione di freschezza (Soleil Bronzer spf 50). Da La Prairie, una texture anti Uva e Uvb, impalpabile e setosa, ricca di antiossidanti (Cellular Swiss UV Protection Veil spf 50). Mentre da Vichy, un solare 3 in 1 che previene le macchie, protegge e colora in un unico gesto (Ideal Soléil Anti-Macchie 3in1 spf 50). 
DIET . Durante i periodi di esposizione al sole serve integrare l’ alimentazione con cibi che stimolino l’epidermide ad autoproteggersi (vitamina C, E), e con quelli che ristrutturino la cute (acidi grassi polinsaturi). Se ne fa il pieno con la dieta flexitarian. Ideata dalla nutrizionista Dawn Jackson Blatner, prevede un regime vegetariano, ma flessibile, visto che ammette il consumo di carne o pesce una volta a settimana. «Riducendo le proteine animali, aumenta il consumo dei superfood amici della pelle: verdure e frutta di stagione, ma anche semi, noci, avocado e cocco», spiega la nutrizionista. 
Paola Gervasio, Beauty in Vogue, Maggio 2016 More 
</post>
<signature>

</signature>
<external_links>

</external_links>
<country>IE</country>
<main_image>http://images.vogue.it/wp-content/uploads/2016/05/10113201/miranda960-534x800.jpg</main_image>
</document>
