<?xml version="1.0" encoding="UTF-8"?>
<document>
<type>mainstream</type>
<forum>http://www.kuzeyekspres.com.tr/rss</forum>
<forum_title>Kuzey Ekspres Gazetesi</forum_title>
<discussion_title>ALLAH’A HAVALE EDİYORUZ</discussion_title>
<language>turkish</language>
<gmt_offset></gmt_offset>
<topic_url>http://www.kuzeyekspres.com.tr/allaha-havale-ediyoruz-50650h.htm</topic_url>
<topic_text>
Hacıosmanoğlu döneminde kulübün başına, menajer olarak Metin Korkmaz musallat edilmişti. 
O dönemde yapılan her transferde Korkmaz’ın imzası vardı. 
Adam Trabzonspor’a getirdiği oyuncular sayesinde, kendi sektöründe neredeyse bir numaralı duruma gelmişti! Hatırlayın ‘dünya yıldızı’ diye alınıp sıfır katkı yapanları! 
Belli i o dönem iyi paralar kazandı Trabzonspor sayesinde! 
Şimdi bu kişi de Trabzonspor’da kalan paraları için kulüple anlaşmış, bir plana bağlamış. 
Aslında bu konuyla ilgili yazacak o kadar şey var da, yutuyoruz. 
İşin içerisinde kıble kaçığı yapanları da Allah’a havale ediyoruz. 

Arsinspor’a çok emekleri geçenlerin başında gelir; Vedat Şakar ile Muammer Şahin. 
İkili sezon başından beri ellerinden gelen tüm gayreti takımları için göstermişlerdir. 
Soğuk, sıcak, yağmur çamur demeden, Arsinspor’la yatıp Arsinspor’la kalkmışlardır. 
En büyük sevdalarıdır Arsinspor; Şakar ve Şahin’in. 
Bu kadar özverili çalışmalarına rağmen, yine de takımlarını ligde tutunduramadılar. 
Bize göre yaşanan sürecin iki ak spor adamıdır. 
Haa, diğerlerine de haksızlık etmeyelim ama bu ikilinin neler yaptıklarını bizzat şehit olmuşuzdur. 
Her kulübe böyle özverili insanlar lazım..
</topic_text>
<spam_score>0.00</spam_score>
<post_num>1</post_num>
<post_id>post-1</post_id>
<post_url>http://www.kuzeyekspres.com.tr/allaha-havale-ediyoruz-50650h.htm</post_url>
<post_date>20160512</post_date>
<post_time>0529</post_time>
<username></username>
<post>
Hacıosmanoğlu döneminde kulübün başına, menajer olarak Metin Korkmaz musallat edilmişti. 
O dönemde yapılan her transferde Korkmaz’ın imzası vardı. 
Adam Trabzonspor’a getirdiği oyuncular sayesinde, kendi sektöründe neredeyse bir numaralı duruma gelmişti! Hatırlayın ‘dünya yıldızı’ diye alınıp sıfır katkı yapanları! 
Belli i o dönem iyi paralar kazandı Trabzonspor sayesinde! 
Şimdi bu kişi de Trabzonspor’da kalan paraları için kulüple anlaşmış, bir plana bağlamış. 
Aslında bu konuyla ilgili yazacak o kadar şey var da, yutuyoruz. 
İşin içerisinde kıble kaçığı yapanları da Allah’a havale ediyoruz. 

Arsinspor’a çok emekleri geçenlerin başında gelir; Vedat Şakar ile Muammer Şahin. 
İkili sezon başından beri ellerinden gelen tüm gayreti takımları için göstermişlerdir. 
Soğuk, sıcak, yağmur çamur demeden, Arsinspor’la yatıp Arsinspor’la kalkmışlardır. 
En büyük sevdalarıdır Arsinspor; Şakar ve Şahin’in. 
Bu kadar özverili çalışmalarına rağmen, yine de takımlarını ligde tutunduramadılar. 
Bize göre yaşanan sürecin iki ak spor adamıdır. 
Haa, diğerlerine de haksızlık etmeyelim ama bu ikilinin neler yaptıklarını bizzat şehit olmuşuzdur. 
Her kulübe böyle özverili insanlar lazım..
</post>
<signature>

</signature>
<external_links>

</external_links>
<country>TR</country>
<main_image>http://d.kuzeyekspres.com.tr/news/71925.jpg</main_image>
</document>
