<?xml version="1.0" encoding="UTF-8"?>
<document>
<type>mainstream</type>
<forum>http://www.ideal.es/sociedad/?reducido=1&amp;pag=660</forum>
<forum_title></forum_title>
<discussion_title>Alquila una familia a 8 dólares la hora para celebrar con ellos su cumpleaños</discussion_title>
<language>spanish</language>
<gmt_offset></gmt_offset>
<topic_url>http://www.ideal.es/sociedad/201506/08/alquila-familia-dolares-hora-20150608105021.html</topic_url>
<topic_text>
Natalie Carson, de 19 años , ha celebrado todos sus cumpleaños hasta la fecha sin amigos con los que sonreír. Harta ya de esta situación, esta chica de Colorado publicó un anuncio en el sitio de clasificados Craiglist con el objeto de alquilar una familia que la reciba en el día de su cumpleaños, el próximo 10 de junio. Su oferta se reduce a 8 dólares por hora a cambio de una celebración casera.
&quot;Es algo que nunca tuve. Sí tuve festejos de cumpleaños, pero no han sido buenos. Por lo general, cada cumpleaños es difícil y doloroso&quot;, expresó Carson. Y parece que ya ha logrado su objetivo: &quot;Estoy contenta. Estoy en comunicación con una familia en particular. Quería tener un día en el que pudiera decir &apos;esto es para mí&apos; y es mi cumpleaños. No tengo un plan elaborado, sólo quiero que sea bonito&quot;.
Carson ha tenido una vida complicada. Creció en el estado de Georgia tras ser adoptada por una familia cuando era solo bebé. &quot;Pero no me trataban bien, así que volví al sistema de hogares de acogida a los 12 años&quot;. Por si fuera poco, tuvo que empezar a valerse por sí misma a los 18 años y logró terminar el secundaria y comenzar a estudiar informática en la Universidad.
Lo Más lo más 50
</topic_text>
<spam_score>0.00</spam_score>
<post_num>1</post_num>
<post_id>post-1</post_id>
<post_url>http://www.ideal.es/sociedad/201506/08/alquila-familia-dolares-hora-20150608105021.html</post_url>
<post_date>20150608</post_date>
<post_time>1327</post_time>
<username>IDEAL GENTE</username>
<post>
Natalie Carson, de 19 años , ha celebrado todos sus cumpleaños hasta la fecha sin amigos con los que sonreír. Harta ya de esta situación, esta chica de Colorado publicó un anuncio en el sitio de clasificados Craiglist con el objeto de alquilar una familia que la reciba en el día de su cumpleaños, el próximo 10 de junio. Su oferta se reduce a 8 dólares por hora a cambio de una celebración casera.
&quot;Es algo que nunca tuve. Sí tuve festejos de cumpleaños, pero no han sido buenos. Por lo general, cada cumpleaños es difícil y doloroso&quot;, expresó Carson. Y parece que ya ha logrado su objetivo: &quot;Estoy contenta. Estoy en comunicación con una familia en particular. Quería tener un día en el que pudiera decir &apos;esto es para mí&apos; y es mi cumpleaños. No tengo un plan elaborado, sólo quiero que sea bonito&quot;.
Carson ha tenido una vida complicada. Creció en el estado de Georgia tras ser adoptada por una familia cuando era solo bebé. &quot;Pero no me trataban bien, así que volví al sistema de hogares de acogida a los 12 años&quot;. Por si fuera poco, tuvo que empezar a valerse por sí misma a los 18 años y logró terminar el secundaria y comenzar a estudiar informática en la Universidad.
Lo Más lo más 50
</post>
<signature>

</signature>
<external_links>

</external_links>
<country>ES</country>
<main_image>http://www.ideal.es/noticias/201506/08/media/cortadas/cumple--575x323.jpg</main_image>
</document>
