<?xml version="1.0" encoding="UTF-8"?>
<document>
<type>mainstream</type>
<forum>http://www.gutefrage.net/feed/neue/fitness</forum>
<forum_title>Neue Fragen zum Thema Fitness auf gutefrage.net</forum_title>
<discussion_title>Wie oft die Woche cardio?</discussion_title>
<language>german</language>
<gmt_offset></gmt_offset>
<topic_url>http://www.gutefrage.net/frage/wie-oft-die-woche-cardio</topic_url>
<topic_text>
Wie oft die Woche cardio? 
Wie oft kann ich die Woche cardio machen, dass es nicht exzessiv und ungesund ist? Also crosstrainer oder joggen.. Und wie lange jeweils? von GuenterLeipzig , Community-Experte für Training, 12.05.2016 
Auch bei Ausdauertraining sind Regenartionstage erforderlich. 
Im Prinzip kannt Du 3 intensive Trainingseinheiten pro Woche absolvieren. 
Nach einer intensiven Trainingseinheit kommt dann immer ein Regenerationstag. 
Am Regenerationstag hast Du 2 Möglichkeiten: 
- gar nicht trainieren 
- unterhalb oder um die GA1-Schwelle trainieren. 
Günter 
Einfach nach jeder Trainingseinheit ein Tag Erholung, also nicht oder nur sehr leicht trainieren.  11 
Ich würde villeicht alle 2 Tage lieber trainieren, dafür dann halt sehr intensiv. 
Auch wenn du keine Gewichte stemmst, der Körper muss sich trotzdem von der Last durch das Training erholen.  
Kardio kannst du jeden Tag trainieren. Kommt draufan, welche Ziele du verfolgst.  12.05.2016 7 
1-3x ist ok. Aber nicht öfter als 4 würde ich sagen. Und dann jeweils 15-90 Minuten. Keine passende Antwort gefunden? Frage jetzt beantworten ... Auch interessant wie schnell sollte man so etwa laufen (jogging)? hallo zusammen habe vor einiger zeit mit dem jogging angefangen und habe mir auch runtastic installiert.. nun wollte ich ma fragen wie schnell man so etwa im durchschnitt in hügeliger ländlicher landschaft laufen sollte oder tut oder was auch immer.. sagt bitte nicht &apos;in deinem tempo&apos; ich will mich ja auch anspornen und nicht einfach so 5 kmh laufen und mir sagen das reicht auch (ich will ja auch abnehmen irgendwann ;)) heutiges beispiel: 8.25 kilometer in 58 minuten und 178 höhenmeter hoch was meint ihr? Mit freundlichen Grüssen hubi 4 Antworten Ft80 oder M400? Hallo ihr lieben! Ich hatte sehr lange den Polar Loop,jedoch war dieser mir beim Cardiotraining wie zum Beispiel auf dem Crosstrainer oder dem Fahrrad zu ungenau! Nun suche ich eine Uhr die mir eine genaue Kalorienangabe beim Krafttraining und auch auf den Cardio Geräten sowie natürlich beim Joggen gibt! In die nähere Betrachtung sind die M400 und die FT 80 gekommen! Das Problem bei der M400 ist, dass ich befürchte,dass sie beim Krafttraining und auch beim Cardiotraining genauso ungenau ist wie mein Loop. Hat jemand damit Erfahrung gemacht? Bei der FT 80 finde ich es schade, dass man beim Joggen gehen zwar durch eine zugekauften GPS Sensor dieses Tanz gemessen hat jedoch keine nachvollziehbare Strecke, habe ich das richtig verstanden? Falls es tatsächlich so sein sollte dass die M400 beim Cardio und Krafttraining ungenau die Kalorien Mist und die FT 80 nicht so gut für das Joggen ist unter anderem wegen der fehlenden nachvollziehbaren GPS -Strecke würde meine letzte Frage sein : ob es ein Uhr gibt, die beides vereint? 2 Antworten Ist Cardio wichtig fürs abnehmen? Hallo, ich mache gerne workouts (sit ups, squats usw...) und danach Yoga alles insgesamt 60min und durchschnittlich 4 mal pro woche. Damit habe ich aber erst angefangen und weiß jetzt nicht ob ich damit (+ natürlich gesunder ernährung) einen guten body bekomme. Danke im vorraus :-))) 6 Antworten Ist 2 mal Joggen ausreichend? Hallo Liebe Community, Ich w(17) mache regelmäßig Krafttraining (4-5mal die Woche 30-45 min) und will demnächst Joggen mit einbringen. Denkt ihr 1-2 mal Joggen ist ok? Da ich mehr Ausdauer haben will und zudem mein Körperfett ein wenig reduzieren möchte. Danke im vorraus :) Lg 7 Antworten 2 kg Körperfett verlieren in 3 Wochen? Die Frage steht ja schon oben. Ist das möglich? Ich mache schon jeden mindestens eine halbe Stunde muskelaufbau. Wieviel cardio müsste ich dazu noch machen / welche Übungen am besten? Ich ernähre mich sehr gesund, keine Süßigkeiten etc, bin 15 Jahre alt , wiege 56kg , 1.67 groß , weiblich. 7 Antworten Healthy Fast-Food? Wer von euch wäre für Healthy Fast-Food? Das heißt unterwegs immer eine gesunde Alternative zu haben und genau zu wissen wie viel Kohlenhydrate, Protein und Fette das jeweilige Produkt hat. Bitte viele Meinungen, würde gerne eine Statistik über dieses Thema machen! LG 9 Antworten Kennt ihr einen Sport für Einzelkämpfer? :) Also, ich gehe jeden morgen Joggen und es wird langsam immer nerviger. Ich laufe immer die selbe Strecke, da keine andere auf der man Joggen kann in meiner Nähe ist. Kennt jemand von euch vielleicht eine spaßige Sportart die ich morgends alleine machen kann um mich fit zu halten? Ich habe es auch mit Treppen steigen versucht dies wurde auf Dauer aber auch immer langweiliger. Diese Frage ist ernst gemeint bitte keine so doofen Antworten ;) Danke schon mal im Vorraus 6 Antworten Lohnt sich für den Mann ein Crosstrainer ,wie effektiv sind sie? Hallo bringt ein Crosstrainer etwas ,wie oft und wie lange sollte man in der Woche damit es was bringt ?PS ich will damit keine Muskeln aufbauen nur Körper straffen ,und ausdauer stärken ! 4 Antworten Wie fühle ich mich richtig fit? Hallo😊ich ernähre mich eigentlich schon ganz gut wie ich finde (bin veggy und esse auch wenig süßkram oder fastfood) aber ich möchte meine Ernährung so umstellen, dass ich mich Richtig gesund und fit fühle. Wie gehe ich da am besten vor? Was sollte ich meiden? Wie bekomme ich alle wichtigen Vitamine? Und ich möchte auch ein sportprogramm anfangen, was zur täglichen Routine werden soll. Was könntet ihr mir da empfehlen zum anfangen? (Ich möchte Muskeln aufbauen und meinen Körper gesund halten, das hat nichts mit abnehmen oderso zutun, bin mit meiner Figur eig schon recht zufrieden) schon mal danke im Vorraus für eure Antworten! Lg honey07 😊 5 Antworten Funktioniert der Fitness Plan wirklich? Neulich habe ich ein bisschen auf Facebook gesurft und habe einen Trainingsplan des Rappers Kollegah gesehen, welcher behauptet, dass man in nur 3 Monaten extrem durchtrainiert sein kann. Ich bin da etwas skeptisch, aber man sah ja das Resultat selbst an Kollegah und außerdem wirkt er nicht gerade als &quot;Abzocker-Typ&quot;. Er erklärt ja auch, wie er es gemacht hat und man sieht selbst an ihm, dass er sich in den letzten Jahren körperlich verbessert hat. Hier der ganze Text: Ich schaffte es, innerhalb von nur 12 Wochen , meinen Körperfettanteil von schwabbeligen 22% auf staubtrockene 7% zu senken und gleichzeitig erheblich Muskelmasse aufzubauen. Das heißt ich habe über 6kg Fett verbrannt und über 3 kg Muskelmasse aufgebaut! 80% aller Hobby-Fitness-Youtuber, “Personal Trainer”oder sonstige “Experten”predigen immer wieder, dass so etwas prinzipiell nicht wirklich möglich sei. Mein Programm ist der Beweis: Doch, mit eiserner Disziplin und einem geplanten Vorgehen nach neuestem wissenschaftlichen Stand ist es FÜR JEDEN, egal ob Schwabbel, Fettsack, Durchschnittstyp oder abgemagerter Spargeltarzan, absolut möglich, innerhalb von nur 12 Wochen die stahlharte Optik eines durchtrainierten 300-Kriegers zu erreichen. Das wichtigste ist jedoch, dass man nicht nur das Ziel vor Augen hat ,sondern auch diesen Plan, denn sonst ist so eine atemberaubende Transformation niemals möglich. und das ist das Video: http://deine.bosstransformation.com/ ich wollte mal fragen, ob ihr zu diesem Trainingsplan raten würdet? Vor allem ob er auch für Neueinsteiger sinnvoll ist? Und ob sich sonst noch jemand mit genau diesem Plan näher auskennt, bzw. gerade am testen ist?
</topic_text>
<spam_score>0.00</spam_score>
<post_num>1</post_num>
<post_id>post-1</post_id>
<post_url>http://www.gutefrage.net/frage/wie-oft-die-woche-cardio</post_url>
<post_date>20160512</post_date>
<post_time>1413</post_time>
<username>chinamina</username>
<post>
Wie oft die Woche cardio? 
Wie oft kann ich die Woche cardio machen, dass es nicht exzessiv und ungesund ist? Also crosstrainer oder joggen.. Und wie lange jeweils? von GuenterLeipzig , Community-Experte für Training, 12.05.2016 
Auch bei Ausdauertraining sind Regenartionstage erforderlich. 
Im Prinzip kannt Du 3 intensive Trainingseinheiten pro Woche absolvieren. 
Nach einer intensiven Trainingseinheit kommt dann immer ein Regenerationstag. 
Am Regenerationstag hast Du 2 Möglichkeiten: 
- gar nicht trainieren 
- unterhalb oder um die GA1-Schwelle trainieren. 
Günter 
Einfach nach jeder Trainingseinheit ein Tag Erholung, also nicht oder nur sehr leicht trainieren.  11 
Ich würde villeicht alle 2 Tage lieber trainieren, dafür dann halt sehr intensiv. 
Auch wenn du keine Gewichte stemmst, der Körper muss sich trotzdem von der Last durch das Training erholen.  
Kardio kannst du jeden Tag trainieren. Kommt draufan, welche Ziele du verfolgst.  12.05.2016 7 
1-3x ist ok. Aber nicht öfter als 4 würde ich sagen. Und dann jeweils 15-90 Minuten. Keine passende Antwort gefunden? Frage jetzt beantworten ... Auch interessant wie schnell sollte man so etwa laufen (jogging)? hallo zusammen habe vor einiger zeit mit dem jogging angefangen und habe mir auch runtastic installiert.. nun wollte ich ma fragen wie schnell man so etwa im durchschnitt in hügeliger ländlicher landschaft laufen sollte oder tut oder was auch immer.. sagt bitte nicht &apos;in deinem tempo&apos; ich will mich ja auch anspornen und nicht einfach so 5 kmh laufen und mir sagen das reicht auch (ich will ja auch abnehmen irgendwann ;)) heutiges beispiel: 8.25 kilometer in 58 minuten und 178 höhenmeter hoch was meint ihr? Mit freundlichen Grüssen hubi 4 Antworten Ft80 oder M400? Hallo ihr lieben! Ich hatte sehr lange den Polar Loop,jedoch war dieser mir beim Cardiotraining wie zum Beispiel auf dem Crosstrainer oder dem Fahrrad zu ungenau! Nun suche ich eine Uhr die mir eine genaue Kalorienangabe beim Krafttraining und auch auf den Cardio Geräten sowie natürlich beim Joggen gibt! In die nähere Betrachtung sind die M400 und die FT 80 gekommen! Das Problem bei der M400 ist, dass ich befürchte,dass sie beim Krafttraining und auch beim Cardiotraining genauso ungenau ist wie mein Loop. Hat jemand damit Erfahrung gemacht? Bei der FT 80 finde ich es schade, dass man beim Joggen gehen zwar durch eine zugekauften GPS Sensor dieses Tanz gemessen hat jedoch keine nachvollziehbare Strecke, habe ich das richtig verstanden? Falls es tatsächlich so sein sollte dass die M400 beim Cardio und Krafttraining ungenau die Kalorien Mist und die FT 80 nicht so gut für das Joggen ist unter anderem wegen der fehlenden nachvollziehbaren GPS -Strecke würde meine letzte Frage sein : ob es ein Uhr gibt, die beides vereint? 2 Antworten Ist Cardio wichtig fürs abnehmen? Hallo, ich mache gerne workouts (sit ups, squats usw...) und danach Yoga alles insgesamt 60min und durchschnittlich 4 mal pro woche. Damit habe ich aber erst angefangen und weiß jetzt nicht ob ich damit (+ natürlich gesunder ernährung) einen guten body bekomme. Danke im vorraus :-))) 6 Antworten Ist 2 mal Joggen ausreichend? Hallo Liebe Community, Ich w(17) mache regelmäßig Krafttraining (4-5mal die Woche 30-45 min) und will demnächst Joggen mit einbringen. Denkt ihr 1-2 mal Joggen ist ok? Da ich mehr Ausdauer haben will und zudem mein Körperfett ein wenig reduzieren möchte. Danke im vorraus :) Lg 7 Antworten 2 kg Körperfett verlieren in 3 Wochen? Die Frage steht ja schon oben. Ist das möglich? Ich mache schon jeden mindestens eine halbe Stunde muskelaufbau. Wieviel cardio müsste ich dazu noch machen / welche Übungen am besten? Ich ernähre mich sehr gesund, keine Süßigkeiten etc, bin 15 Jahre alt , wiege 56kg , 1.67 groß , weiblich. 7 Antworten Healthy Fast-Food? Wer von euch wäre für Healthy Fast-Food? Das heißt unterwegs immer eine gesunde Alternative zu haben und genau zu wissen wie viel Kohlenhydrate, Protein und Fette das jeweilige Produkt hat. Bitte viele Meinungen, würde gerne eine Statistik über dieses Thema machen! LG 9 Antworten Kennt ihr einen Sport für Einzelkämpfer? :) Also, ich gehe jeden morgen Joggen und es wird langsam immer nerviger. Ich laufe immer die selbe Strecke, da keine andere auf der man Joggen kann in meiner Nähe ist. Kennt jemand von euch vielleicht eine spaßige Sportart die ich morgends alleine machen kann um mich fit zu halten? Ich habe es auch mit Treppen steigen versucht dies wurde auf Dauer aber auch immer langweiliger. Diese Frage ist ernst gemeint bitte keine so doofen Antworten ;) Danke schon mal im Vorraus 6 Antworten Lohnt sich für den Mann ein Crosstrainer ,wie effektiv sind sie? Hallo bringt ein Crosstrainer etwas ,wie oft und wie lange sollte man in der Woche damit es was bringt ?PS ich will damit keine Muskeln aufbauen nur Körper straffen ,und ausdauer stärken ! 4 Antworten Wie fühle ich mich richtig fit? Hallo😊ich ernähre mich eigentlich schon ganz gut wie ich finde (bin veggy und esse auch wenig süßkram oder fastfood) aber ich möchte meine Ernährung so umstellen, dass ich mich Richtig gesund und fit fühle. Wie gehe ich da am besten vor? Was sollte ich meiden? Wie bekomme ich alle wichtigen Vitamine? Und ich möchte auch ein sportprogramm anfangen, was zur täglichen Routine werden soll. Was könntet ihr mir da empfehlen zum anfangen? (Ich möchte Muskeln aufbauen und meinen Körper gesund halten, das hat nichts mit abnehmen oderso zutun, bin mit meiner Figur eig schon recht zufrieden) schon mal danke im Vorraus für eure Antworten! Lg honey07 😊 5 Antworten Funktioniert der Fitness Plan wirklich? Neulich habe ich ein bisschen auf Facebook gesurft und habe einen Trainingsplan des Rappers Kollegah gesehen, welcher behauptet, dass man in nur 3 Monaten extrem durchtrainiert sein kann. Ich bin da etwas skeptisch, aber man sah ja das Resultat selbst an Kollegah und außerdem wirkt er nicht gerade als &quot;Abzocker-Typ&quot;. Er erklärt ja auch, wie er es gemacht hat und man sieht selbst an ihm, dass er sich in den letzten Jahren körperlich verbessert hat. Hier der ganze Text: Ich schaffte es, innerhalb von nur 12 Wochen , meinen Körperfettanteil von schwabbeligen 22% auf staubtrockene 7% zu senken und gleichzeitig erheblich Muskelmasse aufzubauen. Das heißt ich habe über 6kg Fett verbrannt und über 3 kg Muskelmasse aufgebaut! 80% aller Hobby-Fitness-Youtuber, “Personal Trainer”oder sonstige “Experten”predigen immer wieder, dass so etwas prinzipiell nicht wirklich möglich sei. Mein Programm ist der Beweis: Doch, mit eiserner Disziplin und einem geplanten Vorgehen nach neuestem wissenschaftlichen Stand ist es FÜR JEDEN, egal ob Schwabbel, Fettsack, Durchschnittstyp oder abgemagerter Spargeltarzan, absolut möglich, innerhalb von nur 12 Wochen die stahlharte Optik eines durchtrainierten 300-Kriegers zu erreichen. Das wichtigste ist jedoch, dass man nicht nur das Ziel vor Augen hat ,sondern auch diesen Plan, denn sonst ist so eine atemberaubende Transformation niemals möglich. und das ist das Video: http://deine.bosstransformation.com/ ich wollte mal fragen, ob ihr zu diesem Trainingsplan raten würdet? Vor allem ob er auch für Neueinsteiger sinnvoll ist? Und ob sich sonst noch jemand mit genau diesem Plan näher auskennt, bzw. gerade am testen ist?
</post>
<signature>

</signature>
<external_links>

</external_links>
<country>DE</country>
<main_image>//images.gutefrage.net/images/logos/fb_gf.png?1463063002</main_image>
</document>
