<?xml version="1.0" encoding="UTF-8"?>
<document>
<type>mainstream</type>
<forum>http://www.eleconomist.com/feeds/posts/default?alt=rss</forum>
<forum_title>El Economist</forum_title>
<discussion_title>Finanzas.- Hechos relevantes de la entidad: SACYR, S.A.</discussion_title>
<language>spanish</language>
<gmt_offset></gmt_offset>
<topic_url>http://www.eleconomist.com/2016/05/finanzas-hechos-relevantes-de-la_592.html</topic_url>
<topic_text>
Home / Uncategories / Finanzas.- Hechos relevantes de la entidad: SACYR, S.A. Finanzas.- Hechos relevantes de la entidad: SACYR, S.A. Información Relevante de la entidad: SACYR, S.A. 
15:33 12/05/2016 Convocatorias y acuerdos de Juntas y Asambleas generales - La sociedad remite convocatoria de la Junta General Ordinaria de Accionistas *El objetivo de esta sección es proveer de información a todo aquel usuario interesado en el ámbito financiero-empresarial. Información de calidad, esencia blogger, El Economist
</topic_text>
<spam_score>0.00</spam_score>
<post_num>1</post_num>
<post_id>post-1</post_id>
<post_url>http://www.eleconomist.com/2016/05/finanzas-hechos-relevantes-de-la_592.html</post_url>
<post_date>20160512</post_date>
<post_time>1344</post_time>
<username>noreply@blogger.com (Carlos Benjamín)</username>
<post>
Home / Uncategories / Finanzas.- Hechos relevantes de la entidad: SACYR, S.A. Finanzas.- Hechos relevantes de la entidad: SACYR, S.A. Información Relevante de la entidad: SACYR, S.A. 
15:33 12/05/2016 Convocatorias y acuerdos de Juntas y Asambleas generales - La sociedad remite convocatoria de la Junta General Ordinaria de Accionistas *El objetivo de esta sección es proveer de información a todo aquel usuario interesado en el ámbito financiero-empresarial. Información de calidad, esencia blogger, El Economist
</post>
<signature>

</signature>
<external_links>

</external_links>
<country>US</country>
<main_image>http://4.bp.blogspot.com/-nAC-lUEuKY0/Vfrbw9ZE-bI/AAAAAAAAMsM/Qnn_Kdat1FQ/w1200-h630-p-nu/Finanzas%2Bhechos%2Brelevantes.jpg</main_image>
</document>
