<?xml version="1.0" encoding="UTF-8"?>
<document>
<type>mainstream</type>
<forum>http://www.lettera43.it/primarie-usa-2016_t</forum>
<forum_title>Argomento: PRIMARIE USA 2016 - Lettera43</forum_title>
<discussion_title>Procura Ascoli,archiviazione per Tornado</discussion_title>
<language>italian</language>
<gmt_offset></gmt_offset>
<topic_url>http://www.lettera43.it/ultima/procura-ascoliarchiviazione-per-tornado_43675245560.htm</topic_url>
<topic_text>
&quot;&gt; (ANSA) - ASCOLI PICENO, 12 MAG - La Procura di Ascoli Piceno ha chiesto l&apos;archiviazione dell&apos;inchiesta su 5 ufficiali dell&apos;Aeronautica militare indagati in relazione alla tragedia del 19 agosto 2014 quando due Tornado partiti dalla base di Ghedi si scontrarono durante un&apos;esercitazione. Quel giorno morirono 4 piloti, i capitani Mariangela Valentini, Alessandro Dotto, Giuseppe Palminteri e Paolo Piero Franzese. Gli indagati sono il comandante dello Stormo, colonnello Andrea Di Pietro,il comandante del 154/o Gruppo, maggiore Bruno Di Tora, il maggiore Fabio Saccotelli, capitano Alessio Arpini, capitano Massimiliano Rizzo. Sull&apos;operato dei 5 ufficiali avevano mosso critiche i periti incaricati dalla magistratura ascolana di analizzare i resti dei due velivoli, i dati relativi al volo e alle comunicazioni.
</topic_text>
<spam_score>0.00</spam_score>
<post_num>1</post_num>
<post_id>post-1</post_id>
<post_url>http://www.lettera43.it/ultima/procura-ascoliarchiviazione-per-tornado_43675245560.htm</post_url>
<post_date>20160512</post_date>
<post_time></post_time>
<username>lettera43.it</username>
<post>
&quot;&gt; (ANSA) - ASCOLI PICENO, 12 MAG - La Procura di Ascoli Piceno ha chiesto l&apos;archiviazione dell&apos;inchiesta su 5 ufficiali dell&apos;Aeronautica militare indagati in relazione alla tragedia del 19 agosto 2014 quando due Tornado partiti dalla base di Ghedi si scontrarono durante un&apos;esercitazione. Quel giorno morirono 4 piloti, i capitani Mariangela Valentini, Alessandro Dotto, Giuseppe Palminteri e Paolo Piero Franzese. Gli indagati sono il comandante dello Stormo, colonnello Andrea Di Pietro,il comandante del 154/o Gruppo, maggiore Bruno Di Tora, il maggiore Fabio Saccotelli, capitano Alessio Arpini, capitano Massimiliano Rizzo. Sull&apos;operato dei 5 ufficiali avevano mosso critiche i periti incaricati dalla magistratura ascolana di analizzare i resti dei due velivoli, i dati relativi al volo e alle comunicazioni.
</post>
<signature>

</signature>
<external_links>

</external_links>
<country>IT</country>
<main_image></main_image>
</document>
