<?xml version="1.0" encoding="UTF-8"?>
<document>
<type>mainstream</type>
<forum>http://feeds.guardian.co.uk/theguardian/world/rss</forum>
<forum_title>World news | The Guardian</forum_title>
<discussion_title>Egyptian writer Ahmed Naji’s crime isn&apos;t what he wrote – it is that he is alive | Books</discussion_title>
<language>english</language>
<gmt_offset></gmt_offset>
<topic_url>https://www.theguardian.com/books/booksblog/2016/may/12/pleas-release-egyptian-writer-ahmed-naji</topic_url>
<topic_text>
A hmed Naji, 30, is a novelist and wide-ranging essayist. He is part of a group (a movement, maybe) of young artists who work across art forms and borders and are producing the most dynamic and innovative art coming out of Egypt. But, today, Naji is on day 86 of a two-year prison sentence.
The ostensible cause of his jailing is a striking graphic novel, The Use of Life , produced in collaboration with the artist Ayman Zorkani. It is a subtle exploration of the ennui of life in a dystopian city and shows a tremendous knowledge of the history and architecture of Cairo. It is also clearly rooted in classical Arabic literary idiom – including the classics’ straightforward descriptions of body parts and their uses.
Because the publisher – Dar al-Tanweer – is Lebanese, the book (which was published in November 2014) was scrutinised by Egypt’s official censors – and passed. But a year later, when an extract was published in the literary weekly, Akhbar al-Adab, a “citizen” who read it was so upset that he “suffered palpitations” and sued.
In January 2016 a judge acquitted Naji of offending public morality. The judge’s published reasoning is an exemplary legal discussion of art, society and the constitution. Within days, though, the public prosecutor had appealed the acquittal. On 6 February Naji insisted on attending his trial personally. The judge pronounced him guilty of “injuring public modesty” and sentenced him to two years. He was detained on the spot.
Related: Philip Roth, Patti Smith and Woody Allen join protest at jailing of Egyptian writer 
There was a flurry of solidarity in Egypt and the Arab world. Over 600 Egyptian authors signed a statement in Naji’s support ; it also speaks of their fear for Egypt’s future “in the shadow of a regime that deals with freedoms with ignorant nonchalance, that privileges a discourse of oppression, that mouths terms like ‘morality’ while emptying them – by its actions – of all meaning, that violates the constitution every day.” This week 120 writers and artists from across the world have signed PEN America’s letter of support .
The regime continues to hold, detain and disappear people. The latest, four days ago, were the “Street-Kids” : five young men who made videos – with a selfie stick – mocking the system.
“The zombies” has become one of the favoured tropes to describe the system. In a December 2015 article , Naji enumerated “the zombie general, the zombie sheikh, the zombie president, the zombie businessman, the zombie ruling party, the zombie opposition, the zombie moderate Islam and the zombie extremist Islam”. The zombie cannot tolerate life. Naji’s crime is not so much what he has written; it is more that he is alive.
</topic_text>
<spam_score>0.00</spam_score>
<post_num>1</post_num>
<post_id>post-1</post_id>
<post_url>https://www.theguardian.com/books/booksblog/2016/may/12/pleas-release-egyptian-writer-ahmed-naji</post_url>
<post_date>20160512</post_date>
<post_time></post_time>
<username>Ahdaf Soueif</username>
<post>
A hmed Naji, 30, is a novelist and wide-ranging essayist. He is part of a group (a movement, maybe) of young artists who work across art forms and borders and are producing the most dynamic and innovative art coming out of Egypt. But, today, Naji is on day 86 of a two-year prison sentence.
The ostensible cause of his jailing is a striking graphic novel, The Use of Life , produced in collaboration with the artist Ayman Zorkani. It is a subtle exploration of the ennui of life in a dystopian city and shows a tremendous knowledge of the history and architecture of Cairo. It is also clearly rooted in classical Arabic literary idiom – including the classics’ straightforward descriptions of body parts and their uses.
Because the publisher – Dar al-Tanweer – is Lebanese, the book (which was published in November 2014) was scrutinised by Egypt’s official censors – and passed. But a year later, when an extract was published in the literary weekly, Akhbar al-Adab, a “citizen” who read it was so upset that he “suffered palpitations” and sued.
In January 2016 a judge acquitted Naji of offending public morality. The judge’s published reasoning is an exemplary legal discussion of art, society and the constitution. Within days, though, the public prosecutor had appealed the acquittal. On 6 February Naji insisted on attending his trial personally. The judge pronounced him guilty of “injuring public modesty” and sentenced him to two years. He was detained on the spot.
Related: Philip Roth, Patti Smith and Woody Allen join protest at jailing of Egyptian writer 
There was a flurry of solidarity in Egypt and the Arab world. Over 600 Egyptian authors signed a statement in Naji’s support ; it also speaks of their fear for Egypt’s future “in the shadow of a regime that deals with freedoms with ignorant nonchalance, that privileges a discourse of oppression, that mouths terms like ‘morality’ while emptying them – by its actions – of all meaning, that violates the constitution every day.” This week 120 writers and artists from across the world have signed PEN America’s letter of support .
The regime continues to hold, detain and disappear people. The latest, four days ago, were the “Street-Kids” : five young men who made videos – with a selfie stick – mocking the system.
“The zombies” has become one of the favoured tropes to describe the system. In a December 2015 article , Naji enumerated “the zombie general, the zombie sheikh, the zombie president, the zombie businessman, the zombie ruling party, the zombie opposition, the zombie moderate Islam and the zombie extremist Islam”. The zombie cannot tolerate life. Naji’s crime is not so much what he has written; it is more that he is alive.
</post>
<signature>

</signature>
<external_links>

</external_links>
<country>GB</country>
<main_image>https://i.guim.co.uk/img/media/af71f345f5199b0d58e051b83ecf0448025f764f/0_287_4128_2477/4128.jpg?w=1200&amp;amp;q=55&amp;amp;auto=format&amp;amp;usm=12&amp;amp;fit=max&amp;amp;s=a1a6a99f7b546935f304eb7ec661b1a4</main_image>
</document>
