<?xml version="1.0" encoding="UTF-8"?>
<document>
<type>mainstream</type>
<forum></forum>
<forum_title></forum_title>
<discussion_title>Man sentenced to 4 years in prison and loses €25,000 in court deposits - TVM News</discussion_title>
<language>english</language>
<gmt_offset></gmt_offset>
<topic_url>http://www.tvm.com.mt/en/news/man-sentenced-to-4-years-in-prison-and-loses-e25000-in-court-deposits/</topic_url>
<topic_text>
Man sentenced to 4 years in prison and loses €25,000 in court deposits Mtella&apos; - Aġġornata 12 Ta&apos; Mejju, 2016 4:32pm 
36-year old Amadeo Grima, who admitted in Court with committing 12 thefts and being a relapser, was sentenced to four years in prison and lost €25,000 in court deposits. 
The thefts were carried out between June 2015 and last month, with the majority of them in Birżebbuġa. Grima mainly stole objects from cars, including computers, tablets, mobiles, money and also a silver watch. His theft targets also included a pharmacy, a shop selling sewing material and a pet shop. 
Presiding Magistrate Doreen Clarke while delivering the prison sentence instructed the facility’s director to assist the man to fight his drug addiction. 
Inspectors Kurt Zahra and Johann Joseph Fenech prosecuted, while Dr Patrick Valentino assisted Grima with legal aid. Aħbarijiet Oħra 
</topic_text>
<spam_score>0.00</spam_score>
<post_num>1</post_num>
<post_id>post-1</post_id>
<post_url>http://www.tvm.com.mt/en/news/man-sentenced-to-4-years-in-prison-and-loses-e25000-in-court-deposits/</post_url>
<post_date>20160512</post_date>
<post_time></post_time>
<username></username>
<post>
Man sentenced to 4 years in prison and loses €25,000 in court deposits Mtella&apos; - Aġġornata 12 Ta&apos; Mejju, 2016 4:32pm 
36-year old Amadeo Grima, who admitted in Court with committing 12 thefts and being a relapser, was sentenced to four years in prison and lost €25,000 in court deposits. 
The thefts were carried out between June 2015 and last month, with the majority of them in Birżebbuġa. Grima mainly stole objects from cars, including computers, tablets, mobiles, money and also a silver watch. His theft targets also included a pharmacy, a shop selling sewing material and a pet shop. 
Presiding Magistrate Doreen Clarke while delivering the prison sentence instructed the facility’s director to assist the man to fight his drug addiction. 
Inspectors Kurt Zahra and Johann Joseph Fenech prosecuted, while Dr Patrick Valentino assisted Grima with legal aid. Aħbarijiet Oħra 
</post>
<signature>

</signature>
<external_links>

</external_links>
<country>US</country>
<main_image>http://cdn.tvm.com.mt/wp-content/uploads/2016/05/QORTI-TRAFFIKU-PKG.transfer_frame_17831.png</main_image>
</document>
