<?xml version="1.0" encoding="UTF-8"?>
<document>
<type>mainstream</type>
<forum>http://wn.com/Adrian_McPherson</forum>
<forum_title>Adrian Mcpherson</forum_title>
<discussion_title>Michael van Gerwen will finish top of the Premier League with a win over Phil Taylor, says John Part</discussion_title>
<language>english</language>
<gmt_offset>4</gmt_offset>
<topic_url>http://article.wn.com/view/2016/05/12/Michael_van_Gerwen_will_finish_top_of_the_Premier_League_wit/</topic_url>
<topic_text>
Michael van Gerwen takes on Phil Taylor in Rotterdam on the last night of the regular Premier League season and John Part has picked his winner.
Van Gerwen leads the Premier League table on leg difference , but Taylor can snatch top spot
</topic_text>
<spam_score>0.00</spam_score>
<post_num>1</post_num>
<post_id>post-1</post_id>
<post_url>http://article.wn.com/view/2016/05/12/Michael_van_Gerwen_will_finish_top_of_the_Premier_League_wit/</post_url>
<post_date>20160512</post_date>
<post_time></post_time>
<username>wn.com</username>
<post>
Michael van Gerwen takes on Phil Taylor in Rotterdam on the last night of the regular Premier League season and John Part has picked his winner.
Van Gerwen leads the Premier League table on leg difference , but Taylor can snatch top spot
</post>
<signature>

</signature>
<external_links>

</external_links>
<country>GB</country>
<main_image>http://i.ytimg.com/vi/jVon7j4CsH4/0.jpg</main_image>
</document>
