<?xml version="1.0" encoding="UTF-8"?>
<document>
<type>mainstream</type>
<forum>http://canarias24horas.com//component/k2/itemlist?format=feed&amp;moduleID=236</forum>
<forum_title>Canarias24Horas.com  - Canarias24Horas.com  - Últimas Noticias</forum_title>
<discussion_title>El Aula de la Naturaleza de Arona inicia un proyecto para la recuperación de los caminos tradicionales del municipio</discussion_title>
<language>spanish</language>
<gmt_offset></gmt_offset>
<topic_url>http://www.canarias24horas.com/canarias/medio-ambiente/item/51455-el-aula-de-la-naturaleza-de-arona-inicia-un-proyecto-para-la-recuperacion-de-los-caminos-tradicionales-del-municipio</topic_url>
<topic_text>
Medio Ambiente / El Aula de la Naturaleza de Arona inicia un proyecto para la recuperación de los caminos tradicionales del municipio Publicidad 12 May El Aula de la Naturaleza de Arona inicia un proyecto para la recuperación de los caminos tradicionales del municipio   Escribir un comentario Arona/ El Aula de la Naturaleza de Arona, dependiente del Patronato de Cultura, ha comenzado una nueva estrategia de impulso a su labor de educación ambiental y, entre las diversas iniciativas que se van a poner en marcha, se incluye una campaña de recuperación de los caminos tradicionales del municipio y sus valores etnográficos, así como reforzar la oferta de senderos con rutas temáticas de corto y medio recorrido y que estarán especialmente diseñadas para familias, avistar aves, obtener fotografías de paisajes únicos o, incluso, adaptadas a personas con diversidad funcional. El concejal de Cultura y Educación del Ayuntamiento de Arona, Leopoldo Díaz Oda, explica que &quot;el equipo técnico del Aula trabaja ya en establecer, diseñar y recuperar una red de caminos tradicionales propia, que tenga continuidad con los municipios vecinos y que incluirá señalización y medios interpretativos en diferentes puntos. Se pretende potenciar nuestra oferta de senderismo con rutas más específicas, que tendrán un importante papel en la sensibilización y concienciación medioambiental. Debido a la progresiva degradación del medio ambiente, es preciso continuar con los apoyos educativos que generen conciencia ambiental positiva hacia la conservación de nuestros valores naturales&quot;. En este sentido, el edil señala que el Aula refuerza su programa educativo ambiental con escolares y el de senderos, que realiza desde hace años y cuentan con una gran aceptación, &quot;una propuesta que crecerá en objetivos y actuaciones, como consecuencia de una nueva estrategia y estructura de gestión&quot;. Así, además de la recuperación de los caminos tradicionales y de los elementos etnográficos asociados, se trabaja en la creación del voluntariado ambiental de Arona y la creación del espacio interpretativo de la propia Aula de la Naturaleza, además de potenciar la formación ambiental, el desarrollo de convenios de colaboración con entidades e instituciones, el desarrollo de formación especializada o la captación y gestión de ayudas y subvenciones de carácter medioambiental, con el objetivo de impulsar nuevos proyectos de forma transversal entre áreas. El concejal destaca que &quot;la larga trayectoria y buen hacer del Aula de la Naturaleza han permitido que se mantenga la experiencia educativa que se inició hace varias décadas y que se conoce por el programa &quot;Conoce tu entorno&quot;, el cual intenta dar a conocer, preferentemente a los escolares del municipio, el medio natural que nos rodea. Este conocimiento se imparte mediante charlas, exposiciones temáticas y, sobre todo, con actividades prácticas de campo, en las que se incide en el aspecto vivencial&quot;. Durante este año, ya han participado varios centros educativos en dicho programa, como son los CEIP de Parque La Reina, Valle San Lorenzo, La Camella-Chayofa y, próximamente, lo hará el CEIP Óscar Domínguez de Arona casco, todo para &quot;hacer visible el medio natural y los diferentes recursos con los que convivimos&quot;. Además, este año se apostará por desarrollar acciones ambientales dirigidas a la población adulta, coordinándolas con el programa de rutas de senderos, ya establecido desde hace años y que cuenta con una gran aceptación. Para el primer semestre de este 2016, por ejemplo, se han propuesto 13 itinerarios, de los que ya se han llevado a cabo 8.  
</topic_text>
<spam_score>0.00</spam_score>
<post_num>1</post_num>
<post_id>post-1</post_id>
<post_url>http://www.canarias24horas.com/canarias/medio-ambiente/item/51455-el-aula-de-la-naturaleza-de-arona-inicia-un-proyecto-para-la-recuperacion-de-los-caminos-tradicionales-del-municipio</post_url>
<post_date>20160512</post_date>
<post_time>1550</post_time>
<username>prueba@canarias24horas.com (Redacción)</username>
<post>
Medio Ambiente / El Aula de la Naturaleza de Arona inicia un proyecto para la recuperación de los caminos tradicionales del municipio Publicidad 12 May El Aula de la Naturaleza de Arona inicia un proyecto para la recuperación de los caminos tradicionales del municipio   Escribir un comentario Arona/ El Aula de la Naturaleza de Arona, dependiente del Patronato de Cultura, ha comenzado una nueva estrategia de impulso a su labor de educación ambiental y, entre las diversas iniciativas que se van a poner en marcha, se incluye una campaña de recuperación de los caminos tradicionales del municipio y sus valores etnográficos, así como reforzar la oferta de senderos con rutas temáticas de corto y medio recorrido y que estarán especialmente diseñadas para familias, avistar aves, obtener fotografías de paisajes únicos o, incluso, adaptadas a personas con diversidad funcional. El concejal de Cultura y Educación del Ayuntamiento de Arona, Leopoldo Díaz Oda, explica que &quot;el equipo técnico del Aula trabaja ya en establecer, diseñar y recuperar una red de caminos tradicionales propia, que tenga continuidad con los municipios vecinos y que incluirá señalización y medios interpretativos en diferentes puntos. Se pretende potenciar nuestra oferta de senderismo con rutas más específicas, que tendrán un importante papel en la sensibilización y concienciación medioambiental. Debido a la progresiva degradación del medio ambiente, es preciso continuar con los apoyos educativos que generen conciencia ambiental positiva hacia la conservación de nuestros valores naturales&quot;. En este sentido, el edil señala que el Aula refuerza su programa educativo ambiental con escolares y el de senderos, que realiza desde hace años y cuentan con una gran aceptación, &quot;una propuesta que crecerá en objetivos y actuaciones, como consecuencia de una nueva estrategia y estructura de gestión&quot;. Así, además de la recuperación de los caminos tradicionales y de los elementos etnográficos asociados, se trabaja en la creación del voluntariado ambiental de Arona y la creación del espacio interpretativo de la propia Aula de la Naturaleza, además de potenciar la formación ambiental, el desarrollo de convenios de colaboración con entidades e instituciones, el desarrollo de formación especializada o la captación y gestión de ayudas y subvenciones de carácter medioambiental, con el objetivo de impulsar nuevos proyectos de forma transversal entre áreas. El concejal destaca que &quot;la larga trayectoria y buen hacer del Aula de la Naturaleza han permitido que se mantenga la experiencia educativa que se inició hace varias décadas y que se conoce por el programa &quot;Conoce tu entorno&quot;, el cual intenta dar a conocer, preferentemente a los escolares del municipio, el medio natural que nos rodea. Este conocimiento se imparte mediante charlas, exposiciones temáticas y, sobre todo, con actividades prácticas de campo, en las que se incide en el aspecto vivencial&quot;. Durante este año, ya han participado varios centros educativos en dicho programa, como son los CEIP de Parque La Reina, Valle San Lorenzo, La Camella-Chayofa y, próximamente, lo hará el CEIP Óscar Domínguez de Arona casco, todo para &quot;hacer visible el medio natural y los diferentes recursos con los que convivimos&quot;. Además, este año se apostará por desarrollar acciones ambientales dirigidas a la población adulta, coordinándolas con el programa de rutas de senderos, ya establecido desde hace años y que cuenta con una gran aceptación. Para el primer semestre de este 2016, por ejemplo, se han propuesto 13 itinerarios, de los que ya se han llevado a cabo 8.  
</post>
<signature>

</signature>
<external_links>

</external_links>
<country>ES</country>
<main_image>http://www.canarias24horas.com/media/k2/items/cache/6128eaa0b746baf91f5e7397d2ceff99_M.jpg</main_image>
</document>
