<?xml version="1.0" encoding="UTF-8"?>
<document>
<type>mainstream</type>
<forum></forum>
<forum_title></forum_title>
<discussion_title>Nicola Costantino: un’intervista - Vogue.it</discussion_title>
<language>italian</language>
<gmt_offset></gmt_offset>
<topic_url>http://www.vogue.it/news/vogue-arte/2016/05/10/nicola-costantino-intervista/</topic_url>
<topic_text>
News / Vogue arts / Nicola Costantino: un’intervista May 10, 2016 6:30 AM 
Nicola Costantino è una signora argentina e una famosa artista. Di maschile ha solo il nome. Nel suo appartamento – laboratorio di Buenos Aires campeggiano innumerevoli autoritratti che citano i grandi maestri di pittura e fotografia, da Man Ray a Leonardo , che la mostrano nelle situazioni più disparate, da vittima a carnefice, da Narciso a Venere con ali da macelleria. Sempre lei, sempre diversa, ma sempre femmina. «La vera sfida, nonostante un’epoca in cui i generi si confondono, sarebbe rappresentare un uomo: non c’è niente di più distante di me.» Nicola Costantino Femminile al punto di decidere di fare un bambino da sola e di crearsi, anziché un compagno, o compagna, una doppia: una sua replica, ciglio per ciglio. “Lavoravo con il mio corpo, temevo che una gravidanza a 45 anni l’avrebbe devastato: la mia doppia sarebbe rimasta attraente, e mi avrebbe tenuto compagnia”. Solo che con la gravidanza Nicola ogni giorno diventava più bella, e la sua doppia andava somigliando sempre più a sua madre. “Dovetti prendere la difficile decisione di disfarmene”. Nacque così, oltre al suo bambino, il suo primo cortometraggio: Trailer . Nicola, che aveva già sbalordito critica e pubblico, oltre che con gli autoritratti, prima con la sua pelletteria umana, poi con le sue chancho bolas (sfere scolpite che calcano feti di animali) e nel 2013 alla Biennale di Venezia con una grande video – installazione su Eva Peròn (“il mio lavoro più difficile: ho dovuto confrontarmi con la pesante tradizione politica, il dogmatismo, i sessant’anni di contemporaneità di Evita: non è mai diventata parte del passato. E poi, la cosa più complicata: abbattere quel modo binario di rappresentarla, mentre lei era così molteplice”), sta preparando qualcosa di nuovo: un Giardino delle Delizie.
Nel 2016 si celebrano infatti i 500 anni dalla morte di Hyeronimus Bosch , pittore fantastico e misterioso, con una grande mostra (dal 13 febbraio all’8 maggio) nel Museo olandese di s-Hertogenbosch, la sua città natale, e poi al Prado. Saranno 65 opere, tra dipinti e disegni, attorno all’opera più celebre: il trittico del Giardino delle Delizie. A fare da contrappunto all’evento culturale dell’anno ci sarà, prima a Buenos Aires e poi anche lei a Madrid, l’opera di Nicola Costantino. “Sarà a metà tra una foto e un diorama, un lavoro che affronti i nostri temi e timori di oggi: ci sarà persino una Gerusalemme in fiamme”. Nicola, che della rappresentazione di sé ha fatto un mestiere, definisce il selfie “narcisistico e poliziesco”, e il suo modo di fotografarsi una forma di protezione: “niente di quello che mostro è lasciato al caso”. Come Cindy Sherman si svela travestendosi, con una ricerca del corpo femminile che la lega alla grande tradizione di Frida Kahlo , Francesca Woodman , Ana Mendieta . “I 500 anni dalla morte di Bosch sono un avvenimento fatidico, che mi ha dapprima intimidita. Il Giardino delle Delizie è un’opera così scura, viziosa, conturbante, cosa farò io? – pensavo. Quando ho capito che anche il mio lavoro aveva queste caratteristiche, ho sentito che avevo il permesso di accostarla. More 
</topic_text>
<spam_score>0.00</spam_score>
<post_num>1</post_num>
<post_id>post-1</post_id>
<post_url>http://www.vogue.it/news/vogue-arte/2016/05/10/nicola-costantino-intervista/</post_url>
<post_date>20160510</post_date>
<post_time></post_time>
<username></username>
<post>
News / Vogue arts / Nicola Costantino: un’intervista May 10, 2016 6:30 AM 
Nicola Costantino è una signora argentina e una famosa artista. Di maschile ha solo il nome. Nel suo appartamento – laboratorio di Buenos Aires campeggiano innumerevoli autoritratti che citano i grandi maestri di pittura e fotografia, da Man Ray a Leonardo , che la mostrano nelle situazioni più disparate, da vittima a carnefice, da Narciso a Venere con ali da macelleria. Sempre lei, sempre diversa, ma sempre femmina. «La vera sfida, nonostante un’epoca in cui i generi si confondono, sarebbe rappresentare un uomo: non c’è niente di più distante di me.» Nicola Costantino Femminile al punto di decidere di fare un bambino da sola e di crearsi, anziché un compagno, o compagna, una doppia: una sua replica, ciglio per ciglio. “Lavoravo con il mio corpo, temevo che una gravidanza a 45 anni l’avrebbe devastato: la mia doppia sarebbe rimasta attraente, e mi avrebbe tenuto compagnia”. Solo che con la gravidanza Nicola ogni giorno diventava più bella, e la sua doppia andava somigliando sempre più a sua madre. “Dovetti prendere la difficile decisione di disfarmene”. Nacque così, oltre al suo bambino, il suo primo cortometraggio: Trailer . Nicola, che aveva già sbalordito critica e pubblico, oltre che con gli autoritratti, prima con la sua pelletteria umana, poi con le sue chancho bolas (sfere scolpite che calcano feti di animali) e nel 2013 alla Biennale di Venezia con una grande video – installazione su Eva Peròn (“il mio lavoro più difficile: ho dovuto confrontarmi con la pesante tradizione politica, il dogmatismo, i sessant’anni di contemporaneità di Evita: non è mai diventata parte del passato. E poi, la cosa più complicata: abbattere quel modo binario di rappresentarla, mentre lei era così molteplice”), sta preparando qualcosa di nuovo: un Giardino delle Delizie.
Nel 2016 si celebrano infatti i 500 anni dalla morte di Hyeronimus Bosch , pittore fantastico e misterioso, con una grande mostra (dal 13 febbraio all’8 maggio) nel Museo olandese di s-Hertogenbosch, la sua città natale, e poi al Prado. Saranno 65 opere, tra dipinti e disegni, attorno all’opera più celebre: il trittico del Giardino delle Delizie. A fare da contrappunto all’evento culturale dell’anno ci sarà, prima a Buenos Aires e poi anche lei a Madrid, l’opera di Nicola Costantino. “Sarà a metà tra una foto e un diorama, un lavoro che affronti i nostri temi e timori di oggi: ci sarà persino una Gerusalemme in fiamme”. Nicola, che della rappresentazione di sé ha fatto un mestiere, definisce il selfie “narcisistico e poliziesco”, e il suo modo di fotografarsi una forma di protezione: “niente di quello che mostro è lasciato al caso”. Come Cindy Sherman si svela travestendosi, con una ricerca del corpo femminile che la lega alla grande tradizione di Frida Kahlo , Francesca Woodman , Ana Mendieta . “I 500 anni dalla morte di Bosch sono un avvenimento fatidico, che mi ha dapprima intimidita. Il Giardino delle Delizie è un’opera così scura, viziosa, conturbante, cosa farò io? – pensavo. Quando ho capito che anche il mio lavoro aveva queste caratteristiche, ho sentito che avevo il permesso di accostarla. More 
</post>
<signature>

</signature>
<external_links>

</external_links>
<country>IE</country>
<main_image>http://images.vogue.it/wp-content/uploads/2016/05/09153714/unnamed4.jpg</main_image>
</document>
