<?xml version="1.0" encoding="UTF-8"?>
<document>
<type>mainstream</type>
<forum>http://rian.com.ua/export/rss2/index.xml</forum>
<forum_title>РИА Новости Украина Украина</forum_title>
<discussion_title>Луценко готов работать на должности генпрокурора 1,5 года</discussion_title>
<language>russian</language>
<gmt_offset></gmt_offset>
<topic_url>http://rian.com.ua/politics/20160512/1009867442.html</topic_url>
<topic_text>
Луценко готов работать на должности генпрокурора 1,5 года Тема: 19:25 12.05.2016 ) 31 Луценко заявил, что принял предложение президента только с условием, что будет на этом посту около 1,5 лет. По словам Луценко, в душе и по жизни он - не прокурор. Читайте также: Мищенко: пять плюсов и пять минусов генпрокурора Луценко 
Верховная Рада Украины в четверг поддержала представление президента о назначении бывшего министра внутренних дел, главы фракции &quot;Блок Петра Порошенко&quot; Луценко на должность генерального прокурора страны . В зале Рады президент Петр Порошенко подписал указ о назначении Луценко. 
&quot;Я принял предложение Петра Алексеевича Порошенко о своем назначении и сразу сказал, что я рассматриваю это как срок (своей работы на должности — ред.) около 1,5 лет… Я ни в душе, ни по жизни не прокурор. Я, конечно, понимаю, что нужно сделать, но хотел бы не задерживаться, потому что у меня другие взгляды на жизнь. Я сделаю все, что требует народ и президент, но это 1,5 года&quot;, — заявил Луценко. 
Луценко с 2005 по 2010 год дважды занимал пост главы МВД Украины. В декабре 2010 года он был арестован по обвинению в растрате госсредств в особо крупных размерах. После почти двухлетнего следствия Луценко признали виновным и приговорили к четырем годам лишения свободы с конфискацией имущества. В апреле 2013 года он был помилован указом президента.
</topic_text>
<spam_score>0.00</spam_score>
<post_num>1</post_num>
<post_id>post-1</post_id>
<post_url>http://rian.com.ua/politics/20160512/1009867442.html</post_url>
<post_date>20160512</post_date>
<post_time>1623</post_time>
<username></username>
<post>
Луценко готов работать на должности генпрокурора 1,5 года Тема: 19:25 12.05.2016 ) 31 Луценко заявил, что принял предложение президента только с условием, что будет на этом посту около 1,5 лет. По словам Луценко, в душе и по жизни он - не прокурор. Читайте также: Мищенко: пять плюсов и пять минусов генпрокурора Луценко 
Верховная Рада Украины в четверг поддержала представление президента о назначении бывшего министра внутренних дел, главы фракции &quot;Блок Петра Порошенко&quot; Луценко на должность генерального прокурора страны . В зале Рады президент Петр Порошенко подписал указ о назначении Луценко. 
&quot;Я принял предложение Петра Алексеевича Порошенко о своем назначении и сразу сказал, что я рассматриваю это как срок (своей работы на должности — ред.) около 1,5 лет… Я ни в душе, ни по жизни не прокурор. Я, конечно, понимаю, что нужно сделать, но хотел бы не задерживаться, потому что у меня другие взгляды на жизнь. Я сделаю все, что требует народ и президент, но это 1,5 года&quot;, — заявил Луценко. 
Луценко с 2005 по 2010 год дважды занимал пост главы МВД Украины. В декабре 2010 года он был арестован по обвинению в растрате госсредств в особо крупных размерах. После почти двухлетнего следствия Луценко признали виновным и приговорили к четырем годам лишения свободы с конфискацией имущества. В апреле 2013 года он был помилован указом президента.
</post>
<signature>

</signature>
<external_links>

</external_links>
<country>UA</country>
<main_image>http://rian.com.ua/images/100986/41/1009864199.jpg</main_image>
</document>
