<?xml version="1.0" encoding="UTF-8"?>
<document>
<type>mainstream</type>
<forum>http://votreargent.lexpress.fr/retraite/</forum>
<forum_title>Retraite prévoyance - L&apos;Express Votre Argent</forum_title>
<discussion_title>Renault: contribution de 228 ME de Nissan. Votre Argent</discussion_title>
<language>french</language>
<gmt_offset></gmt_offset>
<topic_url>http://votreargent.lexpress.fr/bourse-de-paris/renault-contribution-de-228-me-de-nissan_1791557.html</topic_url>
<topic_text>
Nissan a publié aujourd&apos;hui, les résultats du 4ème trimestre de son exercice fiscal 2015/2016 (du 1er avril 2015 au 31 mars 2016).&apos;Le résultat publié par Nissan en normes comp... Nissan a publié aujourd&apos;hui, les résultats du 4ème trimestre de son exercice fiscal 2015/2016 (du 1er avril 2015 au 31 mars 2016).
&apos;Le résultat publié par Nissan en normes comptables japonaises au titre du 4ème trimestre, après retraitements, se traduira dans le résultat net du premier trimestre 2016 de Renault par une contribution positive estimée à 228 millions d&apos;euros&apos; indique le groupe.
Copyright (c) 2016 CercleFinance.com. Tous droits réservés.
+ Plus d&apos;actualité :
Impôts 2016 et épargne retraite : les versements que vous pouvez déduire de vos revenus Six pistes pour réduire son ISF... légalement Immobilier : qui peut encore acheter en Ile-de-France ? Voici la solution du moment pour faire baisser votre facture de fioul
</topic_text>
<spam_score>0.00</spam_score>
<post_num>1</post_num>
<post_id>post-1</post_id>
<post_url>http://votreargent.lexpress.fr/bourse-de-paris/renault-contribution-de-228-me-de-nissan_1791557.html</post_url>
<post_date>20160512</post_date>
<post_time>1802</post_time>
<username>lexpress.fr</username>
<post>
Nissan a publié aujourd&apos;hui, les résultats du 4ème trimestre de son exercice fiscal 2015/2016 (du 1er avril 2015 au 31 mars 2016).&apos;Le résultat publié par Nissan en normes comp... Nissan a publié aujourd&apos;hui, les résultats du 4ème trimestre de son exercice fiscal 2015/2016 (du 1er avril 2015 au 31 mars 2016).
&apos;Le résultat publié par Nissan en normes comptables japonaises au titre du 4ème trimestre, après retraitements, se traduira dans le résultat net du premier trimestre 2016 de Renault par une contribution positive estimée à 228 millions d&apos;euros&apos; indique le groupe.
Copyright (c) 2016 CercleFinance.com. Tous droits réservés.
+ Plus d&apos;actualité :
Impôts 2016 et épargne retraite : les versements que vous pouvez déduire de vos revenus Six pistes pour réduire son ISF... légalement Immobilier : qui peut encore acheter en Ile-de-France ? Voici la solution du moment pour faire baisser votre facture de fioul
</post>
<signature>

</signature>
<external_links>

</external_links>
<country>FR</country>
<main_image></main_image>
</document>
