<?xml version="1.0" encoding="UTF-8"?>
<document>
<type>mainstream</type>
<forum>http://www.dudleynews.co.uk/news/regional/worcestershire/evesham/rss/</forum>
<forum_title>Dudley News | Evesham</forum_title>
<discussion_title>Live: Antiques Roadshow at Tewkesbury Abbey today</discussion_title>
<language>english</language>
<gmt_offset></gmt_offset>
<topic_url>http://www.dudleynews.co.uk/news/regional/worcestershire/evesham/14488902.Live__Antiques_Roadshow_at_Tewkesbury_Abbey_today/?ref=rss</topic_url>
<topic_text>
©Copyright 2001-2015 This site is part of Newsquest&apos;s audited local newspaper network | A Gannett Company 
Newsquest (Midlands South) Ltd, Loudwater Mill, Station Road, High Wycombe, Buckinghamshire. HP10 9TY|3104052|Registered in England &amp; Wales Ipso regulated 
This website and associated newspapers adhere to the Independent Press Standards Organisation&apos;s Editors&apos; Code of Practice. If you have a complaint about the editorial content which relates to inaccuracy or intrusion, then please contact the editor here . If you are dissatisfied with the response provided you can contact IPSO here
</topic_text>
<spam_score>0.00</spam_score>
<post_num>1</post_num>
<post_id>post-1</post_id>
<post_url>http://www.dudleynews.co.uk/news/regional/worcestershire/evesham/14488902.Live__Antiques_Roadshow_at_Tewkesbury_Abbey_today/?ref=rss</post_url>
<post_date>20160512</post_date>
<post_time>1209</post_time>
<username></username>
<post>
©Copyright 2001-2015 This site is part of Newsquest&apos;s audited local newspaper network | A Gannett Company 
Newsquest (Midlands South) Ltd, Loudwater Mill, Station Road, High Wycombe, Buckinghamshire. HP10 9TY|3104052|Registered in England &amp; Wales Ipso regulated 
This website and associated newspapers adhere to the Independent Press Standards Organisation&apos;s Editors&apos; Code of Practice. If you have a complaint about the editorial content which relates to inaccuracy or intrusion, then please contact the editor here . If you are dissatisfied with the response provided you can contact IPSO here
</post>
<signature>

</signature>
<external_links>

</external_links>
<country>GB</country>
<main_image>http://www.dudleynews.co.uk/resources/images/5006730/</main_image>
</document>
