<?xml version="1.0" encoding="UTF-8"?>
<document>
<type>mainstream</type>
<forum>http://www.cbs8.com/category/48535/new-products-services</forum>
<forum_title>New Products &amp;amp; Services - CBS News 8 - San Diego, CA News Station - KFMB Channel 8</forum_title>
<discussion_title>Gale Expands Gale Primary Sources Program with Launch of American Fiction Archive</discussion_title>
<language>english</language>
<gmt_offset></gmt_offset>
<topic_url>http://www.cbs8.com/story/31957063/gale-expands-gale-primary-sources-program-with-launch-of-american-fiction-archive</topic_url>
<topic_text>
 Cengage Learning
New archive delivers thousands of works never before available online and affirms Gale&apos;s position as literary content leader
FARMINGTON HILLS, Mich. , May 12, Gale, a part of Cengage Learning, has released American Fiction, 1774-1920 , a new digital archive in its Gale Primary Sources program. The new archive includes more than 17,500 works of fiction, many of which have never before been available online. For students who use only e-resources in their work, this archive opens up thousands of texts for research. Through the novels, short stories, romances, travel accounts and sketches included in the archive, researchers can explore the socioeconomic, political, and religious tenor of America through centuries of radical change.
&quot;One of the things that drew me to Gale was its unparalleled collection of literary content,&quot; said Paul Gazzolo , senior vice president and general manager for Gale. &quot;Scholars delving into American literature will appreciate this suite, as well as researchers across all disciplines looking to answer questions about American history, culture and more. As an English major in college, I wish that I had access to such powerful research tools while working on my thesis.&quot;
American Fiction, 1774-1920 encompasses prose fiction from the American Revolution to World War I, and includes works from well-known authors such as Mark Twain, Harriet Beecher Stowe and James Fenimore Cooper , as well as contributions from more obscure writers. This collection is based on authoritative bibliographies including Lyle H. Wright&apos;s American Fiction: A Contribution Toward a Bibliography, widely considered the most comprehensive bibliography of American adult prose fiction of the eighteenth and nineteenth centuries, and Geoffrey D. Smith&apos;s American Fiction, 1901-1925: A Bibliography, which comprises nearly three-quarters of all adult fiction published in the United States during this time period. American Fiction , coupled with Gale&apos;s other literature resources – Literature Criticism Online , Literature Resource Center and the Dictionary of Literary Biography , puts one of the most extensive online, curated compilations of literary content at researchers&apos; fingertips.
As a part of the Gale Primary Sources program, the content within American Fiction, 1774-1920 is fueled by technology which gives researchers the ability to cross-search with other Gale digital archives, as well as analyze results using graphing and search visualization tools. In addition, all works included in the archive are fully-indexed and full-text searchable, and the metadata and data are available to support text and data mining and digital humanities research.
Available for academic and public libraries, American Fiction, 1774-1920 will support research and instruction in U.S history, English, literature and more.
For more information on Gale&apos;s American Fiction, 1774-1920 , please visit gale.com/afi or Gale&apos;s blog here .
For questions or reviewer access, please contact Kristina Massari at kristina.massari@cengage.com .
About Cengage Learning and Gale
Cengage Learning is a leading educational content, technology, and services company for the higher education and K-12, professional, library and workforce training markets worldwide. Gale, a part of Cengage Learning, has been a global provider of research resources for libraries and businesses for more than 60 years. Gale is passionate about supporting the continued innovation and evolution of libraries by providing the content, tools, and services libraries need to promote information discovery, enable learning, and support economic, cultural, and intellectual growth in their communities. For more information, visit www.cengage.com or www.gale.cengage.com .
Media Contact:
Kristina Massari
Cengage Learning
(203) 965-8694
kristina.massari@cengage.com
Logo - http://photos.prnewswire.com/prnh/20150622/224567LOGO
 releases/gale-expands-gale-primary-sources-program-with-launch-of-american-fiction-archive-300267559.html
 
</topic_text>
<spam_score>0.00</spam_score>
<post_num>1</post_num>
<post_id>post-1</post_id>
<post_url>http://www.cbs8.com/story/31957063/gale-expands-gale-primary-sources-program-with-launch-of-american-fiction-archive</post_url>
<post_date>20160512</post_date>
<post_time></post_time>
<username>cbs8</username>
<post>
 Cengage Learning
New archive delivers thousands of works never before available online and affirms Gale&apos;s position as literary content leader
FARMINGTON HILLS, Mich. , May 12, Gale, a part of Cengage Learning, has released American Fiction, 1774-1920 , a new digital archive in its Gale Primary Sources program. The new archive includes more than 17,500 works of fiction, many of which have never before been available online. For students who use only e-resources in their work, this archive opens up thousands of texts for research. Through the novels, short stories, romances, travel accounts and sketches included in the archive, researchers can explore the socioeconomic, political, and religious tenor of America through centuries of radical change.
&quot;One of the things that drew me to Gale was its unparalleled collection of literary content,&quot; said Paul Gazzolo , senior vice president and general manager for Gale. &quot;Scholars delving into American literature will appreciate this suite, as well as researchers across all disciplines looking to answer questions about American history, culture and more. As an English major in college, I wish that I had access to such powerful research tools while working on my thesis.&quot;
American Fiction, 1774-1920 encompasses prose fiction from the American Revolution to World War I, and includes works from well-known authors such as Mark Twain, Harriet Beecher Stowe and James Fenimore Cooper , as well as contributions from more obscure writers. This collection is based on authoritative bibliographies including Lyle H. Wright&apos;s American Fiction: A Contribution Toward a Bibliography, widely considered the most comprehensive bibliography of American adult prose fiction of the eighteenth and nineteenth centuries, and Geoffrey D. Smith&apos;s American Fiction, 1901-1925: A Bibliography, which comprises nearly three-quarters of all adult fiction published in the United States during this time period. American Fiction , coupled with Gale&apos;s other literature resources – Literature Criticism Online , Literature Resource Center and the Dictionary of Literary Biography , puts one of the most extensive online, curated compilations of literary content at researchers&apos; fingertips.
As a part of the Gale Primary Sources program, the content within American Fiction, 1774-1920 is fueled by technology which gives researchers the ability to cross-search with other Gale digital archives, as well as analyze results using graphing and search visualization tools. In addition, all works included in the archive are fully-indexed and full-text searchable, and the metadata and data are available to support text and data mining and digital humanities research.
Available for academic and public libraries, American Fiction, 1774-1920 will support research and instruction in U.S history, English, literature and more.
For more information on Gale&apos;s American Fiction, 1774-1920 , please visit gale.com/afi or Gale&apos;s blog here .
For questions or reviewer access, please contact Kristina Massari at kristina.massari@cengage.com .
About Cengage Learning and Gale
Cengage Learning is a leading educational content, technology, and services company for the higher education and K-12, professional, library and workforce training markets worldwide. Gale, a part of Cengage Learning, has been a global provider of research resources for libraries and businesses for more than 60 years. Gale is passionate about supporting the continued innovation and evolution of libraries by providing the content, tools, and services libraries need to promote information discovery, enable learning, and support economic, cultural, and intellectual growth in their communities. For more information, visit www.cengage.com or www.gale.cengage.com .
Media Contact:
Kristina Massari
Cengage Learning
(203) 965-8694
kristina.massari@cengage.com
Logo - http://photos.prnewswire.com/prnh/20150622/224567LOGO
 releases/gale-expands-gale-primary-sources-program-with-launch-of-american-fiction-archive-300267559.html
 
</post>
<signature>

</signature>
<external_links>
<external_link>http://www.cengage.com/</external_link><external_link>http://photos.prnewswire.com/prnvar/20150622/224567LOGO</external_link><external_link>http://www.xmlnews.org/ns/</external_link><external_link>http://www.gale.cengage.com/</external_link><external_link>http://blog.gale.com/which-potentially-unknown-american-novel-will-inspire-your-research/</external_link><external_link>http://www.prnewswire.com/news-releases/gale-expands-gale-primary-sources-program-with-launch-of-american-fiction-archive-300267559.html</external_link><external_link>http://rt.prnewswire.com/rt.gif?NewsItemId=NY96727&amp;Transmission_Id=201605121015PR_NEWS_USPR_____NY96727&amp;DateId=20160512</external_link><external_link>http://photos.prnewswire.com/prnh/20150622/224567LOGO</external_link><external_link>http://learn.cengage.com/QuoteAmerFic</external_link>
</external_links>
<country>US</country>
<main_image></main_image>
</document>
