<?xml version="1.0" encoding="UTF-8"?>
<document>
<type>mainstream</type>
<forum>http://www.ajc.com/feeds/categories/business/</forum>
<forum_title>News | Business</forum_title>
<discussion_title>The Latest: Activists give anti-corruption vow mixed welcome</discussion_title>
<language>english</language>
<gmt_offset></gmt_offset>
<topic_url>http://www.ajc.com/ap/ap/business/the-latest-activists-give-anti-corruption-vow-mixe/pC9tKn/</topic_url>
<topic_text>
{* #registrationFormBlank *} {* traditionalRegistration_emailAddressBlank *} {* traditionalRegistration_passwordBlank *} {* traditionalRegistration_passwordConfirmBlank *} {* traditionalRegistration_displayName *} By submitting your registration information, you agree to our Visitor Agreement and Privacy Policy . {* createAccountButton *} {* /registrationForm *} Just One More Thing... 
We have sent you a verification email. Please check your email and click on the link to activate your profile. 
If you do not receive the verification message within a few minutes of signing up, please check your Spam or Junk folder. Close Thank you for registering! 
We look forward to seeing you on [website] frequently. Visit us and sign in to update your profile, receive the latest news and keep up to date with mobile alerts. 
Click here to return to the page you were visiting. Create a new password 
Don&apos;t worry, it happens. We&apos;ll send you a link to create a new password. {* #forgotPasswordForm *} {* forgotPassword_emailAddress *} {* forgotPassword_sendButton *} {* /forgotPasswordForm *}
</topic_text>
<spam_score>0.00</spam_score>
<post_num>1</post_num>
<post_id>post-1</post_id>
<post_url>http://www.ajc.com/ap/ap/business/the-latest-activists-give-anti-corruption-vow-mixe/pC9tKn/</post_url>
<post_date>20160512</post_date>
<post_time>1442</post_time>
<username></username>
<post>
{* #registrationFormBlank *} {* traditionalRegistration_emailAddressBlank *} {* traditionalRegistration_passwordBlank *} {* traditionalRegistration_passwordConfirmBlank *} {* traditionalRegistration_displayName *} By submitting your registration information, you agree to our Visitor Agreement and Privacy Policy . {* createAccountButton *} {* /registrationForm *} Just One More Thing... 
We have sent you a verification email. Please check your email and click on the link to activate your profile. 
If you do not receive the verification message within a few minutes of signing up, please check your Spam or Junk folder. Close Thank you for registering! 
We look forward to seeing you on [website] frequently. Visit us and sign in to update your profile, receive the latest news and keep up to date with mobile alerts. 
Click here to return to the page you were visiting. Create a new password 
Don&apos;t worry, it happens. We&apos;ll send you a link to create a new password. {* #forgotPasswordForm *} {* forgotPassword_emailAddress *} {* forgotPassword_sendButton *} {* /forgotPasswordForm *}
</post>
<signature>

</signature>
<external_links>

</external_links>
<country>US</country>
<main_image>http://media.cmgdigital.com/shared/img/photos/2016/05/12/6e/34/dd1f084f7d714f1188af4f63b43f5ba6-48b1ea83dd2048828e0c2826d568e966-10.jpg</main_image>
</document>
