<?xml version="1.0" encoding="UTF-8"?>
<document>
<type>mainstream</type>
<forum>http://rian.com.ua/export/rss2/index.xml</forum>
<forum_title>РИА Новости Украина Украина</forum_title>
<discussion_title>Депутат: поддержали закон под Луценко — появились деньги на ресторан</discussion_title>
<language>russian</language>
<gmt_offset></gmt_offset>
<topic_url>http://rian.com.ua/politics/20160512/1009866668.html</topic_url>
<topic_text>
19:16 12.05.2016 ) 180 1 0 После того, как парламент принял законопроект о возможности занимать пост генпрокурора лицам без высшего юридического образования, что позволило Луценко возглавить ГПУ, некоторые депутаты собрались в ресторан, поделился один из парламентариев. КП в Украине / Олег Терещенко 
КИЕВ, 12 мая — РИА Новости Украина. Депутат &quot;Народного фронта&quot; и член межфракционного отделения &quot;Депутатский контроль&quot; Виктор Романюк прокомментировал голосование за закон, который позволил назначить экс-главу МВД Украины, главу фракции &quot;Блок Петра Порошенко&quot; Юрия Луценко генеральным прокурором. Об этом сообщает &quot; КП в Украине &quot; со ссылкой на фотографию, на которой зафиксирована переписка депутата с коллегами. КП в Украине / Олег Терещенко Депутат Виктор Романюк переписывается с коллегами 
&quot;Мои соседи справа проголосовали и все сразу в ресторан. Уже есть на что гулять&quot;, — написал он в мессенджере Viber. 
Голосование обсуждалось в отдельном чате под названием &quot;Мажоритарщики&quot;. Юрий Луценко. Справка 
В четверг, 12 мая, парламент принял законопроект о возможности занимать пост генерального прокурора в Украине лицам без высшего юридического образования , что позволило Луценко возглавить ГПУ. 
В этот же день на вечернем заседании Рада поддержала назначение Луценко на должность генерального прокурора. Решение о назначении Луценко главой ГПУ поддержали 264 народных депутата. 
Накануне в Раде был зарегистрирован проект закона &quot;О внесении изменений в некоторые законодательные акты относительно деятельности Генеральной прокуратуры&quot; №4645. 
В документе предлагается разрешить возглавлять ГПУ лицам, у которых есть высшее образование и стаж работы в области права либо опыт работы в законодательном или правоохранительном органе не менее пяти лет, среди требований к кандидату нет нормы о необходимости иметь высшее юридическое образование . 
Ранее сообщалось, что вечером в среду в Украину прибыл олигарх Игорь Коломойский, чтобы обсудить с группой &quot;Видродження&quot; голосование за проект закона , который бы позволил Луценко стать генпрокурором. Читайте также: Новые тарифы: олигархи в плюсе, страна и граждане в минусе 
Луценко с 2005 по 2010 год дважды занимал пост главы МВД Украины. В декабре 2010 года был арестован по обвинению в растрате государственных средств в особо крупных размерах. После почти двухлетнего следствия он был признан судом виновным и приговорен к четырем годам лишения свободы с конфискацией имущества. В апреле 2013 года был помилован указом президента.
</topic_text>
<spam_score>0.00</spam_score>
<post_num>1</post_num>
<post_id>post-1</post_id>
<post_url>http://rian.com.ua/politics/20160512/1009866668.html</post_url>
<post_date>20160512</post_date>
<post_time>1607</post_time>
<username></username>
<post>
19:16 12.05.2016 ) 180 1 0 После того, как парламент принял законопроект о возможности занимать пост генпрокурора лицам без высшего юридического образования, что позволило Луценко возглавить ГПУ, некоторые депутаты собрались в ресторан, поделился один из парламентариев. КП в Украине / Олег Терещенко 
КИЕВ, 12 мая — РИА Новости Украина. Депутат &quot;Народного фронта&quot; и член межфракционного отделения &quot;Депутатский контроль&quot; Виктор Романюк прокомментировал голосование за закон, который позволил назначить экс-главу МВД Украины, главу фракции &quot;Блок Петра Порошенко&quot; Юрия Луценко генеральным прокурором. Об этом сообщает &quot; КП в Украине &quot; со ссылкой на фотографию, на которой зафиксирована переписка депутата с коллегами. КП в Украине / Олег Терещенко Депутат Виктор Романюк переписывается с коллегами 
&quot;Мои соседи справа проголосовали и все сразу в ресторан. Уже есть на что гулять&quot;, — написал он в мессенджере Viber. 
Голосование обсуждалось в отдельном чате под названием &quot;Мажоритарщики&quot;. Юрий Луценко. Справка 
В четверг, 12 мая, парламент принял законопроект о возможности занимать пост генерального прокурора в Украине лицам без высшего юридического образования , что позволило Луценко возглавить ГПУ. 
В этот же день на вечернем заседании Рада поддержала назначение Луценко на должность генерального прокурора. Решение о назначении Луценко главой ГПУ поддержали 264 народных депутата. 
Накануне в Раде был зарегистрирован проект закона &quot;О внесении изменений в некоторые законодательные акты относительно деятельности Генеральной прокуратуры&quot; №4645. 
В документе предлагается разрешить возглавлять ГПУ лицам, у которых есть высшее образование и стаж работы в области права либо опыт работы в законодательном или правоохранительном органе не менее пяти лет, среди требований к кандидату нет нормы о необходимости иметь высшее юридическое образование . 
Ранее сообщалось, что вечером в среду в Украину прибыл олигарх Игорь Коломойский, чтобы обсудить с группой &quot;Видродження&quot; голосование за проект закона , который бы позволил Луценко стать генпрокурором. Читайте также: Новые тарифы: олигархи в плюсе, страна и граждане в минусе 
Луценко с 2005 по 2010 год дважды занимал пост главы МВД Украины. В декабре 2010 года был арестован по обвинению в растрате государственных средств в особо крупных размерах. После почти двухлетнего следствия он был признан судом виновным и приговорен к четырем годам лишения свободы с конфискацией имущества. В апреле 2013 года был помилован указом президента.
</post>
<signature>

</signature>
<external_links>

</external_links>
<country>UA</country>
<main_image>http://rian.com.ua/images/100986/60/1009866069.jpg</main_image>
</document>
