<?xml version="1.0" encoding="UTF-8"?>
<document>
<type>mainstream</type>
<forum></forum>
<forum_title></forum_title>
<discussion_title>Stephen Curry has NBA&apos;s best-selling jersey for second straight season | abc7.com</discussion_title>
<language>english</language>
<gmt_offset></gmt_offset>
<topic_url>http://espn.go.com/nba/story/_/id/15518210/stephen-curry-golden-state-warriors-finishes-nba-best-selling-jersey?ex_cid=espnapi_affiliate_abcotv</topic_url>
<topic_text>
Stephen Curry has NBA&apos;s best-selling jersey for second straight season ESPN Darren Rovell Thursday, May 12, 2016 09:22AM Golden State Warriors guard Stephen Curry not only won back-to-back league MVP awards, but he also can lay claim to the NBA&apos;s best-selling jersey for the second straight season.Curry&apos;s jersey sold more than any other player&apos;s during the 2015-16 regular season, according to sales on the NBA&apos;s official online website.Curry&apos;s was also the best-selling jersey in every U.S. state except Ohio and Oklahoma, according to Fanatics, the largest licensed sports retailer in the country. Los Angeles Lakers guard Kobe Bryant , in his final season, finished second in jersey sales, followed by Cleveland Cavaliers forward LeBron James . New York Knicks forward Kristaps Porzingis finished fourth, the highest season-ending spot on the jersey list for a rookie since James and Carmelo Anthony finished atop the jersey rankings at the end of the 2003-04 season.Two players on the list jumped to career highs: Oklahoma City Thunder guard Russell Westbrook was sixth, one spot behind teammate Kevin Durant ,and Warriors forward Draymond Green finished 13th.The Warriors finished first among team merchandising for the second straight year. The Chicago Bulls , Lakers, Cavaliers and Knicks rounded out the top five. Related Topics: 
</topic_text>
<spam_score>0.00</spam_score>
<post_num>1</post_num>
<post_id>post-1</post_id>
<post_url>http://espn.go.com/nba/story/_/id/15518210/stephen-curry-golden-state-warriors-finishes-nba-best-selling-jersey?ex_cid=espnapi_affiliate_abcotv</post_url>
<post_date>20160512</post_date>
<post_time></post_time>
<username></username>
<post>
Stephen Curry has NBA&apos;s best-selling jersey for second straight season ESPN Darren Rovell Thursday, May 12, 2016 09:22AM Golden State Warriors guard Stephen Curry not only won back-to-back league MVP awards, but he also can lay claim to the NBA&apos;s best-selling jersey for the second straight season.Curry&apos;s jersey sold more than any other player&apos;s during the 2015-16 regular season, according to sales on the NBA&apos;s official online website.Curry&apos;s was also the best-selling jersey in every U.S. state except Ohio and Oklahoma, according to Fanatics, the largest licensed sports retailer in the country. Los Angeles Lakers guard Kobe Bryant , in his final season, finished second in jersey sales, followed by Cleveland Cavaliers forward LeBron James . New York Knicks forward Kristaps Porzingis finished fourth, the highest season-ending spot on the jersey list for a rookie since James and Carmelo Anthony finished atop the jersey rankings at the end of the 2003-04 season.Two players on the list jumped to career highs: Oklahoma City Thunder guard Russell Westbrook was sixth, one spot behind teammate Kevin Durant ,and Warriors forward Draymond Green finished 13th.The Warriors finished first among team merchandising for the second straight year. The Chicago Bulls , Lakers, Cavaliers and Knicks rounded out the top five. Related Topics: 
</post>
<signature>

</signature>
<external_links>

</external_links>
<country>US</country>
<main_image>http://cdn.abclocal.go.com/assets/news/kabc/images/logos/default_800x450.jpg</main_image>
</document>
