<?xml version="1.0" encoding="UTF-8"?>
<document>
<type>mainstream</type>
<forum>http://canarias24horas.com//component/k2/itemlist?format=feed&amp;moduleID=236</forum>
<forum_title>Canarias24Horas.com  - Canarias24Horas.com  - Últimas Noticias</forum_title>
<discussion_title>El Cabildo plantará 600 plantas de arándanos, grosellas, frambuesas y moras</discussion_title>
<language>spanish</language>
<gmt_offset></gmt_offset>
<topic_url>http://www.canarias24horas.com/economia/agricultura-ganaderia-y-pesca/item/51447-el-cabildo-plantara-600-plantas-de-arandanos-grosellas-frambuesas-y-moras</topic_url>
<topic_text>
/ Un total de 146 quesos participan en el Concurso Agrocanarias, que elige la mejor producción del Archipiélago Publicidad El Cabildo plantará 600 plantas de arándanos, grosellas, frambuesas y moras   Escribir un comentario Las Palmas de Gran Canaria/ El Cabildo se ha propuesto implantar el cultivo de los cotizados frutos rojos en Gran Canaria, para lo que plantará 600 plantas de arándanos, grosellas, frambuesas y moras que le permitan determinar su viabilidad en la Isla, informó hoy el consejero de Soberanía Alimentaria, Miguel Hidalgo. El objetivo de estudiar su adaptación al clima de Gran Canaria para introducir los frutos rojos en el mercado local hortofrutícola y ganar más cotas de autonomía alimentaria, agregó. Se trata de un programa enmarcado en los proyectos en I+D+i ideados para este año que se realizará en la Finca de Osorio de Teror y en una parcela ubicada en Las Lagunetas de San Mateo, lo que permitirá analizar el comportamiento de estos cuatro frutos en las características climatológicas de ambas zonas. La Granja del Cabildo comenzará a cultivar este mismo mes las 600 plantas de los también conocidos como frutos del bosque, cuyos beneficios para el sistema cardiovascular con la reducción del colesterol y antienvejecimiento a través de sus propiedades antioxidantes hacen de ellas un producto atractivo para el consumidor. La experimentación se centrará en el agua, para buscar la cantidad exacta que necesita este tipo de cultivos y evitar su derroche, y en el abono, pues hay que encontrar el que mejor comportamiento provoque y así sacarle el máximo partido a estas plantas de ciclo rápido que producen todo el año y necesitan frío. El trabajo se llevará a cabo hasta 2018, si bien el próximo año se podrán obtener los primeros resultados sobre la viabilidad de estos cultivos de gran proyección comercial y la oportunidad de diversificar la oferta en Gran Canaria. Gran Canaria carece de cultivadores dedicados a este tipo de frutos, si bien hay un reducido número de agricultores que han probado a plantarlas, por lo que el trabajo de experimentación del Cabildo contribuirá a mejorar la práctica, detalló Hidalgo, quien manifestó la apuesta de la Institución insular por este tipo de ensayos para implantar cultivos nuevos en la Isla.  
</topic_text>
<spam_score>0.00</spam_score>
<post_num>1</post_num>
<post_id>post-1</post_id>
<post_url>http://www.canarias24horas.com/economia/agricultura-ganaderia-y-pesca/item/51447-el-cabildo-plantara-600-plantas-de-arandanos-grosellas-frambuesas-y-moras</post_url>
<post_date>20160512</post_date>
<post_time>1511</post_time>
<username>prueba@canarias24horas.com (Redacción)</username>
<post>
/ Un total de 146 quesos participan en el Concurso Agrocanarias, que elige la mejor producción del Archipiélago Publicidad El Cabildo plantará 600 plantas de arándanos, grosellas, frambuesas y moras   Escribir un comentario Las Palmas de Gran Canaria/ El Cabildo se ha propuesto implantar el cultivo de los cotizados frutos rojos en Gran Canaria, para lo que plantará 600 plantas de arándanos, grosellas, frambuesas y moras que le permitan determinar su viabilidad en la Isla, informó hoy el consejero de Soberanía Alimentaria, Miguel Hidalgo. El objetivo de estudiar su adaptación al clima de Gran Canaria para introducir los frutos rojos en el mercado local hortofrutícola y ganar más cotas de autonomía alimentaria, agregó. Se trata de un programa enmarcado en los proyectos en I+D+i ideados para este año que se realizará en la Finca de Osorio de Teror y en una parcela ubicada en Las Lagunetas de San Mateo, lo que permitirá analizar el comportamiento de estos cuatro frutos en las características climatológicas de ambas zonas. La Granja del Cabildo comenzará a cultivar este mismo mes las 600 plantas de los también conocidos como frutos del bosque, cuyos beneficios para el sistema cardiovascular con la reducción del colesterol y antienvejecimiento a través de sus propiedades antioxidantes hacen de ellas un producto atractivo para el consumidor. La experimentación se centrará en el agua, para buscar la cantidad exacta que necesita este tipo de cultivos y evitar su derroche, y en el abono, pues hay que encontrar el que mejor comportamiento provoque y así sacarle el máximo partido a estas plantas de ciclo rápido que producen todo el año y necesitan frío. El trabajo se llevará a cabo hasta 2018, si bien el próximo año se podrán obtener los primeros resultados sobre la viabilidad de estos cultivos de gran proyección comercial y la oportunidad de diversificar la oferta en Gran Canaria. Gran Canaria carece de cultivadores dedicados a este tipo de frutos, si bien hay un reducido número de agricultores que han probado a plantarlas, por lo que el trabajo de experimentación del Cabildo contribuirá a mejorar la práctica, detalló Hidalgo, quien manifestó la apuesta de la Institución insular por este tipo de ensayos para implantar cultivos nuevos en la Isla.  
</post>
<signature>

</signature>
<external_links>

</external_links>
<country>ES</country>
<main_image>http://www.canarias24horas.com/media/k2/items/cache/3982af1a10d4343053c87fb5f83263ac_M.jpg</main_image>
</document>
