<?xml version="1.0" encoding="UTF-8"?>
<document>
<type>mainstream</type>
<forum></forum>
<forum_title></forum_title>
<discussion_title>Hermès are releasing another (collectible) scarf to add to your collection - Vogue Australia</discussion_title>
<language>english</language>
<gmt_offset></gmt_offset>
<topic_url>http://www.vogue.com.au/fashion/news/hermes+are+releasing+another+collectible+scarf+to+add+to+your+collection+,39128</topic_url>
<topic_text>
Fashion News In honour of the Queen&apos;s birthday. 
In celebration of Queen Elizabeth II&apos;s 90th birthday, Hermès will release a limited edition scarf with a portion of each sale going to charity. 
The scarf features an equestrian theme, with four horses surrounding the Hermès logo, a nod to the Queen&apos;s love of horses. 
&quot;The chosen design, Tatersale, was originally created by Henri d’Origny in 1980 and has been re-edited in tribute to Her Majesty’s love of horses,&quot; a spokesperson for Hermès said. 
The final design is a mix of d’Origny&apos;s classical style, mixed in with modern shapes and silhouettes. 
Along with the horses, the scarf features a display of interlocking bridals on a chequered blanket, all adhering to a blue colour scheme. 
d’Origny is responsible for some of the company&apos;s most iconic designs, including the Eperon scarf. 
The scarf, which Hermès will donate £100 of every sale to the Queen&apos;s Trust, will be on sale at hermes.com from the 16th of May. 

</topic_text>
<spam_score>0.00</spam_score>
<post_num>1</post_num>
<post_id>post-1</post_id>
<post_url>http://www.vogue.com.au/fashion/news/hermes+are+releasing+another+collectible+scarf+to+add+to+your+collection+,39128</post_url>
<post_date>20160512</post_date>
<post_time></post_time>
<username>Francesca Wallace</username>
<post>
Fashion News In honour of the Queen&apos;s birthday. 
In celebration of Queen Elizabeth II&apos;s 90th birthday, Hermès will release a limited edition scarf with a portion of each sale going to charity. 
The scarf features an equestrian theme, with four horses surrounding the Hermès logo, a nod to the Queen&apos;s love of horses. 
&quot;The chosen design, Tatersale, was originally created by Henri d’Origny in 1980 and has been re-edited in tribute to Her Majesty’s love of horses,&quot; a spokesperson for Hermès said. 
The final design is a mix of d’Origny&apos;s classical style, mixed in with modern shapes and silhouettes. 
Along with the horses, the scarf features a display of interlocking bridals on a chequered blanket, all adhering to a blue colour scheme. 
d’Origny is responsible for some of the company&apos;s most iconic designs, including the Eperon scarf. 
The scarf, which Hermès will donate £100 of every sale to the Queen&apos;s Trust, will be on sale at hermes.com from the 16th of May. 

</post>
<signature>

</signature>
<external_links>

</external_links>
<country>AU</country>
<main_image>https://nlm-common-prod.s3-ap-southeast-2.amazonaws.com/vogue/media/articles/3/9/1/0/39128-1_og_original.jpg</main_image>
</document>
