<?xml version="1.0" encoding="UTF-8"?>
<document>
<type>mainstream</type>
<forum>http://www.niftypulse.net/feeds/posts/default</forum>
<forum_title>Market Pulse Option Interest</forum_title>
<discussion_title>Option Open Interest for 12-05-2016</discussion_title>
<language>english</language>
<gmt_offset></gmt_offset>
<topic_url>http://www.niftypulse.net/2016/05/option-open-interest-for-12-05-2016.html</topic_url>
<topic_text>
Option Open Interest for 12-  strong around 7871 and stayed positive for the entire session of trade with the only dip being bought with ease around 7850. Nifty closed above 7900 for the first time this month at 7900.40, gain of 51.55   strong with 996 advances to 543   7700-8100. Call option 7900-8400 added 5.32 lacs OI with short covering at 7800 and below strike prices. Put option 8000-7700, 7500-7100 added huge 32.75 lacs OI with profit booking at 7600 strike price. Nifty Open Interest is at 1,70,43,975 up by 3,23,625, with increase in price, most probably long build-up. Bank Nifty Open Interest is at 17,76,240 up by 1,18,620, with increase in price, most probably long build-up. FII’s bought 7573 contracts of Index Futures, which includes net 11039 contracts long build-up and 3466 contracts short build-up, with increase in net OI by 14505 contracts, includes 27805 longs to 20232   141304 Longs to 98489 Shorts, Net 42815 up by 7573 contracts. Initial strong support at 7800 , with OI of 55.89   57.16 lacs. Initial and best resistance at 8000 , with OI of 65.78 lacs and above that at 8100 with OI of 63.16   7826 - 7958 and as per VIX is 7833 - 7968 with 7889 as the Pivot. India VIX : 16.33 down by 0.63 points Call OI : 46737675 Put OI : 45048225 PCR OI : 0.964 SMR : 16.94 ( Bullish : Strong support has come up around the 7800-7700 range with the Bulls holding the range with ease, upside resistance at 8000...) Posted by
</topic_text>
<spam_score>0.00</spam_score>
<post_num>1</post_num>
<post_id>post-1</post_id>
<post_url>http://www.niftypulse.net/2016/05/option-open-interest-for-12-05-2016.html</post_url>
<post_date>20160512</post_date>
<post_time>1630</post_time>
<username>Sanjay Jaiswal (noreply@blogger.com)</username>
<post>
Option Open Interest for 12-  strong around 7871 and stayed positive for the entire session of trade with the only dip being bought with ease around 7850. Nifty closed above 7900 for the first time this month at 7900.40, gain of 51.55   strong with 996 advances to 543   7700-8100. Call option 7900-8400 added 5.32 lacs OI with short covering at 7800 and below strike prices. Put option 8000-7700, 7500-7100 added huge 32.75 lacs OI with profit booking at 7600 strike price. Nifty Open Interest is at 1,70,43,975 up by 3,23,625, with increase in price, most probably long build-up. Bank Nifty Open Interest is at 17,76,240 up by 1,18,620, with increase in price, most probably long build-up. FII’s bought 7573 contracts of Index Futures, which includes net 11039 contracts long build-up and 3466 contracts short build-up, with increase in net OI by 14505 contracts, includes 27805 longs to 20232   141304 Longs to 98489 Shorts, Net 42815 up by 7573 contracts. Initial strong support at 7800 , with OI of 55.89   57.16 lacs. Initial and best resistance at 8000 , with OI of 65.78 lacs and above that at 8100 with OI of 63.16   7826 - 7958 and as per VIX is 7833 - 7968 with 7889 as the Pivot. India VIX : 16.33 down by 0.63 points Call OI : 46737675 Put OI : 45048225 PCR OI : 0.964 SMR : 16.94 ( Bullish : Strong support has come up around the 7800-7700 range with the Bulls holding the range with ease, upside resistance at 8000...) Posted by
</post>
<signature>

</signature>
<external_links>

</external_links>
<country></country>
<main_image>https://3.bp.blogspot.com/-2K8CJpErsl0/VzSteC1mu1I/AAAAAAAA6_M/dR60RO4D2qUuxhTAk9FdYqN1zLE73UjHQCLcB/w1200-h630-p-nu/OI%2BTable.PNG</main_image>
</document>
