<?xml version="1.0" encoding="UTF-8"?>
<document>
<type>mainstream</type>
<forum></forum>
<forum_title></forum_title>
<discussion_title>NMMNHS hosts new Shark Exhibit with free lecture - Albuquerque news - NewsLocker</discussion_title>
<language>english</language>
<gmt_offset></gmt_offset>
<topic_url>http://www.newslocker.com/en-us/region/albuquerque/nmmnhs-hosts-new-shark-exhibit-with-free-lecture/</topic_url>
<topic_text>
via KRQE News 13 LAS CRUCES, N.M. (AP) – New Mexico authorities are searching for a jail inmate who escaped from a medical clinic after being accused of kidnapping a driver by gunpoint in Texas. Las Cruces police say 24-year-old Michael Derby is dangerous and ask the public for tips on his whereabouts after he fled Wednesday night from the facility where he was taken for a medical exam. Officials say Derby’s restraints had been removed for the exam and he bolted from the clinic afterward, running to 
</topic_text>
<spam_score>0.00</spam_score>
<post_num>1</post_num>
<post_id>post-1</post_id>
<post_url>http://www.newslocker.com/en-us/region/albuquerque/nmmnhs-hosts-new-shark-exhibit-with-free-lecture/</post_url>
<post_date>20160512</post_date>
<post_time></post_time>
<username></username>
<post>
via KRQE News 13 LAS CRUCES, N.M. (AP) – New Mexico authorities are searching for a jail inmate who escaped from a medical clinic after being accused of kidnapping a driver by gunpoint in Texas. Las Cruces police say 24-year-old Michael Derby is dangerous and ask the public for tips on his whereabouts after he fled Wednesday night from the facility where he was taken for a medical exam. Officials say Derby’s restraints had been removed for the exam and he bolted from the clinic afterward, running to 
</post>
<signature>

</signature>
<external_links>

</external_links>
<country>NL</country>
<main_image>http://lintvkrqe.files.wordpress.com/2016/05/ced053e7d1dc47a1ae9eeaf866f7de42.jpg?w=150</main_image>
</document>
