<?xml version="1.0" encoding="UTF-8"?>
<document>
<type>mainstream</type>
<forum>http://www.sursadestiri.net/cat/rss/divertisment.html</forum>
<forum_title>SursaDeStiri.net - Divertisment</forum_title>
<discussion_title>„Harta curcubeu” a Europei: unde se situează România în clasamentul celor mai ostile şi celor mai prietenoase ţări cu homosexualii</discussion_title>
<language>romanian</language>
<gmt_offset></gmt_offset>
<topic_url>http://www.sursadestiri.net/harta-curcubeu-a-europei-unde-se-situeaza-romania-in-clasamentul-celor-mai-ostile-si-celor-mai-prietenoase-tari-cu-homosexualii-s2003070344.html</topic_url>
<topic_text>
Actualizat acum 2 minute Sursa De Stiri » Divertisment » Divertisment, 12.05.2016 » „Harta curcubeu” a Europei: unde se situează România în clasamentul celor mai ostile şi celor mai prietenoase ţări cu homosexualii „Harta curcubeu” a Europei: unde se situează România în clasamentul celor mai ostile şi celor mai prietenoase ţări cu homosexualii 12 Mai 2016 Cea mai mare asociaţie de organizaţii LGBT din Europa, ILGA-Europe, a anunţat raportul anual referitor la... continuare
</topic_text>
<spam_score>0.00</spam_score>
<post_num>1</post_num>
<post_id>post-1</post_id>
<post_url>http://www.sursadestiri.net/harta-curcubeu-a-europei-unde-se-situeaza-romania-in-clasamentul-celor-mai-ostile-si-celor-mai-prietenoase-tari-cu-homosexualii-s2003070344.html</post_url>
<post_date>20160511</post_date>
<post_time>2100</post_time>
<username></username>
<post>
Actualizat acum 2 minute Sursa De Stiri » Divertisment » Divertisment, 12.05.2016 » „Harta curcubeu” a Europei: unde se situează România în clasamentul celor mai ostile şi celor mai prietenoase ţări cu homosexualii „Harta curcubeu” a Europei: unde se situează România în clasamentul celor mai ostile şi celor mai prietenoase ţări cu homosexualii 12 Mai 2016 Cea mai mare asociaţie de organizaţii LGBT din Europa, ILGA-Europe, a anunţat raportul anual referitor la... continuare
</post>
<signature>

</signature>
<external_links>

</external_links>
<country>DE</country>
<main_image></main_image>
</document>
