<?xml version="1.0" encoding="UTF-8"?>
<document>
<type>mainstream</type>
<forum>http://www.kuzeyekspres.com.tr/rss</forum>
<forum_title>Kuzey Ekspres Gazetesi</forum_title>
<discussion_title>Trabzonspor olmazsa Trabzon’un her ferdi kaybeder</discussion_title>
<language>turkish</language>
<gmt_offset></gmt_offset>
<topic_url>http://www.kuzeyekspres.com.tr/trabzonspor-olmazsa-trabzonun-her-ferdi-kaybeder-50647h.htm</topic_url>
<topic_text>
Müminhan Bilgin: Trabzonspor Markası Trabzon şehrinin olmazsa olmaz bir parçasıdır. 
Müminhan Bilgin kimdir? 
1964 Vakfıkebir doğumlu, KTÜ Elektronik ve Haberleşme Mühendisliği mezunu, 1992 Trabzon PTT Başmüdür Teknik Yardımcılığı ve aynı yıl Trabzon PTT Spor Kulüp Başkanlığı yaptı. 2001 yılında Trabzonspor İdareciliği, 2003 yılında Telekominikasyon Üst Kurulunda görev yaptı, 2007-2015 yılları arsında Türkiye Eskrim Federasyon Başkanlığı görevlerinde bulundu. 2012 yılında emekli oldu. 

DEVRİM İÇİN 
Her Trabzonlu gibi damarlarındaki akan kanı heyecanla akıtan, ismini duyduğumuzda gözlerimizi parlatan bir olgudur. 2000 yılında Mehmet Ali Yılmaz yönetimindeki her yönüyle zor durumda olan Trabzonspor’da bir devrim gerçekleştirmek amacıyla Özkan Sümer Başkanlığı’nda oluşturulan Yönetim Kurulu’nda “Personel ve İdari İşler Sorumlusu” olarak görev yaptım. Personel ve İdari İşler 
Sorumluluğu görevim Yönetim Kurulu’nda hiç oylanmadan tarafıma tevdi edilmiştir. 

Sokak sokak para toplandı! 
Trabzonspor’da görev yaptığım dönem, kulüp tarihinin birçok ilginç olayını içinde barındıran bir dönemdi. Kulübün içinde bulunduğu borç batağından kurtulmak için verilen hukuk mücadelesi karşısında kulübün günlük ihtiyaçlarını karşılayabilmek için Trabzon sokaklarında dükkan dükkan para toplanmıştır. Daha sonra adı Marco Aurelio ve arkadaşlarının transferi gibi birçok olayı anlatmak mümkündür. 

Gergin ama düzeyli! 
Yönetim Kurulu toplantılarımız, zaman zaman dönemin problemleri dolayısıyla gergin geçmesine rağmen, oldukça düzeyli ve faydalı geçerdi. Kulüp ekonomisini düzeltmek için herkes çok çalıştı. Kendi öz kaynaklarını harekete geçirmek, kulüp giderlerini profesyonel bir sistemde kontrol altına almak, havuz gelirlerini arttırmak için Bankalarla hukuki ve ticari işbirliğine gitmek, göğüs reklamı için Trabzonspor’un Avrupa’daki potansiyelini kullanmak gibi eylemler aracılığı ile kulüp ekonomisini iyi noktalara taşıdık. 

Çevre ilişkileri önemli 
Trabzonspor’un şehir ve ulusal dengelerden minimum etkilenen profesyonel bir yapıyla idare edilmesi gerekir. Trabzonspor gibi birçok unsurdan etkilenen bir yapının dengeli olarak yol alabilmesi için çevre faktörlerinden minimum etkilenecek mekanizmalar oluşturulması gerekir. Öyle ki çok büyük fedakarlıklar yapılarak oluşturulacak bir futbol takımının başarılı neticelere ulaşabilmesi için mutlaka istikrarlı bir döneme ihtiyacı vardır. Trabzonspor’u yönetenlerin çevre ilişkilerini çok dengeli götürmek zorunluluğu vardır. 

Trabzonspor’u sevdiğini düşünen kesimler ile sevdiğini iddia eden kesimler arasında Trabzonspor 
Merkezinde bir konsensüs oluşturulmalıdır. Trabzonspor’u büyük hedeflere taşımak amacı yerine, 
Trabzonspor üzerinden idealler oluşturmak neticesi Trabzonspor’a ve şehre hiçbir fayda getirmeyecektir. Trabzonspor üzerinden şehre yapılan saldırıların herkes farkında olmalı ve bu akılla hareket edilmelidir. Trabzonspor Markası Trabzon şehrinin olmazsa olmaz bir parçasıdır. 
Bütün Trabzon dinamikleri hesaplarını bu olgu üzerine yapmalıdır. Aksi takdirde Trabzon şehrinin her ferdi kaybeder ve dünyanın her yerindeki Trabzon sevdalılarının boynu bükülür.
</topic_text>
<spam_score>0.00</spam_score>
<post_num>1</post_num>
<post_id>post-1</post_id>
<post_url>http://www.kuzeyekspres.com.tr/trabzonspor-olmazsa-trabzonun-her-ferdi-kaybeder-50647h.htm</post_url>
<post_date>20160511</post_date>
<post_time>0633</post_time>
<username></username>
<post>
Müminhan Bilgin: Trabzonspor Markası Trabzon şehrinin olmazsa olmaz bir parçasıdır. 
Müminhan Bilgin kimdir? 
1964 Vakfıkebir doğumlu, KTÜ Elektronik ve Haberleşme Mühendisliği mezunu, 1992 Trabzon PTT Başmüdür Teknik Yardımcılığı ve aynı yıl Trabzon PTT Spor Kulüp Başkanlığı yaptı. 2001 yılında Trabzonspor İdareciliği, 2003 yılında Telekominikasyon Üst Kurulunda görev yaptı, 2007-2015 yılları arsında Türkiye Eskrim Federasyon Başkanlığı görevlerinde bulundu. 2012 yılında emekli oldu. 

DEVRİM İÇİN 
Her Trabzonlu gibi damarlarındaki akan kanı heyecanla akıtan, ismini duyduğumuzda gözlerimizi parlatan bir olgudur. 2000 yılında Mehmet Ali Yılmaz yönetimindeki her yönüyle zor durumda olan Trabzonspor’da bir devrim gerçekleştirmek amacıyla Özkan Sümer Başkanlığı’nda oluşturulan Yönetim Kurulu’nda “Personel ve İdari İşler Sorumlusu” olarak görev yaptım. Personel ve İdari İşler 
Sorumluluğu görevim Yönetim Kurulu’nda hiç oylanmadan tarafıma tevdi edilmiştir. 

Sokak sokak para toplandı! 
Trabzonspor’da görev yaptığım dönem, kulüp tarihinin birçok ilginç olayını içinde barındıran bir dönemdi. Kulübün içinde bulunduğu borç batağından kurtulmak için verilen hukuk mücadelesi karşısında kulübün günlük ihtiyaçlarını karşılayabilmek için Trabzon sokaklarında dükkan dükkan para toplanmıştır. Daha sonra adı Marco Aurelio ve arkadaşlarının transferi gibi birçok olayı anlatmak mümkündür. 

Gergin ama düzeyli! 
Yönetim Kurulu toplantılarımız, zaman zaman dönemin problemleri dolayısıyla gergin geçmesine rağmen, oldukça düzeyli ve faydalı geçerdi. Kulüp ekonomisini düzeltmek için herkes çok çalıştı. Kendi öz kaynaklarını harekete geçirmek, kulüp giderlerini profesyonel bir sistemde kontrol altına almak, havuz gelirlerini arttırmak için Bankalarla hukuki ve ticari işbirliğine gitmek, göğüs reklamı için Trabzonspor’un Avrupa’daki potansiyelini kullanmak gibi eylemler aracılığı ile kulüp ekonomisini iyi noktalara taşıdık. 

Çevre ilişkileri önemli 
Trabzonspor’un şehir ve ulusal dengelerden minimum etkilenen profesyonel bir yapıyla idare edilmesi gerekir. Trabzonspor gibi birçok unsurdan etkilenen bir yapının dengeli olarak yol alabilmesi için çevre faktörlerinden minimum etkilenecek mekanizmalar oluşturulması gerekir. Öyle ki çok büyük fedakarlıklar yapılarak oluşturulacak bir futbol takımının başarılı neticelere ulaşabilmesi için mutlaka istikrarlı bir döneme ihtiyacı vardır. Trabzonspor’u yönetenlerin çevre ilişkilerini çok dengeli götürmek zorunluluğu vardır. 

Trabzonspor’u sevdiğini düşünen kesimler ile sevdiğini iddia eden kesimler arasında Trabzonspor 
Merkezinde bir konsensüs oluşturulmalıdır. Trabzonspor’u büyük hedeflere taşımak amacı yerine, 
Trabzonspor üzerinden idealler oluşturmak neticesi Trabzonspor’a ve şehre hiçbir fayda getirmeyecektir. Trabzonspor üzerinden şehre yapılan saldırıların herkes farkında olmalı ve bu akılla hareket edilmelidir. Trabzonspor Markası Trabzon şehrinin olmazsa olmaz bir parçasıdır. 
Bütün Trabzon dinamikleri hesaplarını bu olgu üzerine yapmalıdır. Aksi takdirde Trabzon şehrinin her ferdi kaybeder ve dünyanın her yerindeki Trabzon sevdalılarının boynu bükülür.
</post>
<signature>

</signature>
<external_links>

</external_links>
<country>TR</country>
<main_image>http://d.kuzeyekspres.com.tr/news/71919.jpg</main_image>
</document>
