<?xml version="1.0" encoding="UTF-8"?>
<document>
<type>mainstream</type>
<forum></forum>
<forum_title></forum_title>
<discussion_title>Black Lapel Bell Sleeve Belted Dress | MLShop</discussion_title>
<language>english</language>
<gmt_offset></gmt_offset>
<topic_url>http://shop.musteredlady.com/black-lapel-bell-sleeve-belted-dress-2/</topic_url>
<topic_text>
Black Peter Pan Collar Half Sleeve Polyester A Line Maxi/Long Plain Fabric has no stretch Yes Summer Party Party/Cocktail Dresses, Shoulder(cm): S:36cm,M:37cm,L:38cm,XL:39cm, Bust(cm): S:84cm,M:88cm,L:92cm,XL:96cm, Length(cm): S:145cm,M:146cm,L:147cm,XL:148cm, Sleeve Length(cm): S:23cm,M:24cm,L:25cm,XL:26cm, Color: Black, Material: Polyester, Pattern Type: Plain, Size: S,M,L,XL. Price: $138.99 
</topic_text>
<spam_score>0.00</spam_score>
<post_num>1</post_num>
<post_id>post-1</post_id>
<post_url>http://shop.musteredlady.com/black-lapel-bell-sleeve-belted-dress-2/</post_url>
<post_date>20160512</post_date>
<post_time></post_time>
<username>The Musteredlady Crew</username>
<post>
Black Peter Pan Collar Half Sleeve Polyester A Line Maxi/Long Plain Fabric has no stretch Yes Summer Party Party/Cocktail Dresses, Shoulder(cm): S:36cm,M:37cm,L:38cm,XL:39cm, Bust(cm): S:84cm,M:88cm,L:92cm,XL:96cm, Length(cm): S:145cm,M:146cm,L:147cm,XL:148cm, Sleeve Length(cm): S:23cm,M:24cm,L:25cm,XL:26cm, Color: Black, Material: Polyester, Pattern Type: Plain, Size: S,M,L,XL. Price: $138.99 
</post>
<signature>

</signature>
<external_links>

</external_links>
<country>US</country>
<main_image>http://shop.musteredlady.com/wp-content/themes/fuse/library/images/nothumb.gif</main_image>
</document>
