<?xml version="1.0" encoding="UTF-8"?>
<document>
<type>mainstream</type>
<forum>http://www.informazione.it/xml/pr/0d62108b-a0c2-46f5-b8d9-9aed3a376451.xml?lng=neutral</forum>
<forum_title>I Comunicati Stampa di PR Newswire su informazione.it</forum_title>
<discussion_title>Varicose Vein Treatment Market in North America and Europe Worth 289.7 Million USD by 2021</discussion_title>
<language>english</language>
<gmt_offset></gmt_offset>
<topic_url>http://www.informazione.it/c/12072345-AC73-46D8-AB5D-52CCAB3E2E17/Varicose-Vein-Treatment-Market-in-North-America-and-Europe-Worth-289-7-Million-USD-by-2021</topic_url>
<topic_text>
Modifica password Varicose Vein Treatment Market in North America and Europe Worth 289.7 Million USD by 2021 Browse 67 market data Tables and 19 Figures spread through 149 Pages and in-depth TOC on &quot;Varicose Vein Treatment Market in North America and Europe&quot; PUNE, India, ( informazione.it - comunicati stampa - salute e benessere ) 
Browse 67 market data Tables and 19 Figures spread through 149 Pages and in-depth TOC on &quot; Varicose Vein Treatment Market in North America and Europe &quot; 
http://www.marketsandmarkets.com/Market-Reports/varicose-vein-treatment-market-22524107.html 
Early buyers will receive 10% customization on this report. 
The report provides a detailed overview of the major drivers, restraints, opportunities, and challenges impacting the varicose vein treatment market in North America and Europe along with the estimates and forecasts of the revenue and market share analysis. 
The varicose vein treatment market is poised to witness a steady growth between 2016 and 2021. Shift towards less-invasive treatment procedures, availability of advanced varicose vein treatment devices, huge burden of varicose vein cases in North America and Europe , improving patient compliance &amp; reliability, growing healthcare expenditure, and rapid growth in aging population will majorly drive the varicose vein treatment market. 
This report broadly segments the varicose vein treatment market into mode of treatment and products. The varicose vein treatment market, by products is segmented into ablation devices, venous closure products, and surgical products. The ablation devices segment is further categorized into radiofrequency ablation devices and laser ablation devices. On the basis of mode of treatment, the varicose vein treatment market is segmented into endovenous ablation, injection sclerotherapy, and surgical ligation/stripping. 
This report covers the varicose vein treatment market across two major geographies, namely, North America and Europe . In this report, the North American varicose vein treatment market is further segmented into the U.S. and Canada , while the European varicose vein treatment market is categorized into Germany , U.K., France , Italy , Spain , and Rest of Europe . In 2016, North America is expected to command the largest share of the varicose vein treatment market in North America and Europe . However, Europe is expected to register the highest growth rate during the forecast period from 2016 to 2021, due to increasing adoption of advanced treatment procedures and favorable government initiatives in this region. 
Talk to our Experts: http://www.marketsandmarkets.com/speaktoanalyst.asp?id=22524107 
Medtronic plc ( Ireland ); AngioDynamics, Inc. (U.S.); biolitec AG ( Austria ); Syneron Medical Ltd. ( Israel ); Lumenis Ltd. ( Israel ); Dornier MedTech GmbH ( Germany ); Energist Group (U.K.); Eufoton s.r.l. ( Italy ); Vascular Solutions, Inc. (U.S.); Quanta System S.p.A. ( Italy ); Sciton, Inc. (U.S.); Fotona d.o.o. ( Slovenia ); BTG plc (U.K.); and Merz Aesthetics (U.S.) are the key players in the Varicose Vein Treatment Market . 
Browse R elated R eports : 
Medical Aesthetics Market by Products (Liposuction, Cellulite Reduction, Fat Reduction, Skin Tightening, Breast Implants, Botox, Dermal Fillers), Procedures (Cosmetic &amp; Reconstructive), &amp; End-Users (Beauty center and Home) - Global Forecast to 2020
</topic_text>
<spam_score>0.00</spam_score>
<post_num>1</post_num>
<post_id>post-1</post_id>
<post_url>http://www.informazione.it/c/12072345-AC73-46D8-AB5D-52CCAB3E2E17/Varicose-Vein-Treatment-Market-in-North-America-and-Europe-Worth-289-7-Million-USD-by-2021</post_url>
<post_date>20160512</post_date>
<post_time>1430</post_time>
<username></username>
<post>
Modifica password Varicose Vein Treatment Market in North America and Europe Worth 289.7 Million USD by 2021 Browse 67 market data Tables and 19 Figures spread through 149 Pages and in-depth TOC on &quot;Varicose Vein Treatment Market in North America and Europe&quot; PUNE, India, ( informazione.it - comunicati stampa - salute e benessere ) 
Browse 67 market data Tables and 19 Figures spread through 149 Pages and in-depth TOC on &quot; Varicose Vein Treatment Market in North America and Europe &quot; 
http://www.marketsandmarkets.com/Market-Reports/varicose-vein-treatment-market-22524107.html 
Early buyers will receive 10% customization on this report. 
The report provides a detailed overview of the major drivers, restraints, opportunities, and challenges impacting the varicose vein treatment market in North America and Europe along with the estimates and forecasts of the revenue and market share analysis. 
The varicose vein treatment market is poised to witness a steady growth between 2016 and 2021. Shift towards less-invasive treatment procedures, availability of advanced varicose vein treatment devices, huge burden of varicose vein cases in North America and Europe , improving patient compliance &amp; reliability, growing healthcare expenditure, and rapid growth in aging population will majorly drive the varicose vein treatment market. 
This report broadly segments the varicose vein treatment market into mode of treatment and products. The varicose vein treatment market, by products is segmented into ablation devices, venous closure products, and surgical products. The ablation devices segment is further categorized into radiofrequency ablation devices and laser ablation devices. On the basis of mode of treatment, the varicose vein treatment market is segmented into endovenous ablation, injection sclerotherapy, and surgical ligation/stripping. 
This report covers the varicose vein treatment market across two major geographies, namely, North America and Europe . In this report, the North American varicose vein treatment market is further segmented into the U.S. and Canada , while the European varicose vein treatment market is categorized into Germany , U.K., France , Italy , Spain , and Rest of Europe . In 2016, North America is expected to command the largest share of the varicose vein treatment market in North America and Europe . However, Europe is expected to register the highest growth rate during the forecast period from 2016 to 2021, due to increasing adoption of advanced treatment procedures and favorable government initiatives in this region. 
Talk to our Experts: http://www.marketsandmarkets.com/speaktoanalyst.asp?id=22524107 
Medtronic plc ( Ireland ); AngioDynamics, Inc. (U.S.); biolitec AG ( Austria ); Syneron Medical Ltd. ( Israel ); Lumenis Ltd. ( Israel ); Dornier MedTech GmbH ( Germany ); Energist Group (U.K.); Eufoton s.r.l. ( Italy ); Vascular Solutions, Inc. (U.S.); Quanta System S.p.A. ( Italy ); Sciton, Inc. (U.S.); Fotona d.o.o. ( Slovenia ); BTG plc (U.K.); and Merz Aesthetics (U.S.) are the key players in the Varicose Vein Treatment Market . 
Browse R elated R eports : 
Medical Aesthetics Market by Products (Liposuction, Cellulite Reduction, Fat Reduction, Skin Tightening, Breast Implants, Botox, Dermal Fillers), Procedures (Cosmetic &amp; Reconstructive), &amp; End-Users (Beauty center and Home) - Global Forecast to 2020
</post>
<signature>

</signature>
<external_links>

</external_links>
<country>IT</country>
<main_image>http://imgs3.informazione.it/img/pr_def_md.jpg</main_image>
</document>
