<?xml version="1.0" encoding="UTF-8"?>
<document>
<type>mainstream</type>
<forum>http://feeds.feedburner.com/uludagsozluk/</forum>
<forum_title>uludag sozluk</forum_title>
<discussion_title>ensar vakfı</discussion_title>
<language>turkish</language>
<gmt_offset></gmt_offset>
<topic_url>http://www.uludagsozluk.com/e/32445631/</topic_url>
<topic_text>
yeni yine yeniden bir dikiş operasyonuyla gündeme gelmesin ne tarrak varmış la bunlarda.
</topic_text>
<spam_score>0.00</spam_score>
<post_num>1</post_num>
<post_id>post-1</post_id>
<post_url>http://www.uludagsozluk.com/e/32445631/</post_url>
<post_date>20160512</post_date>
<post_time>1232</post_time>
<username>james last</username>
<post>
yeni yine yeniden bir dikiş operasyonuyla gündeme gelmesin ne tarrak varmış la bunlarda.
</post>
<signature>

</signature>
<external_links>

</external_links>
<country>TR</country>
<main_image></main_image>
</document>
