<?xml version="1.0" encoding="UTF-8"?>
<document>
<type>mainstream</type>
<forum>http://www.gutefrage.net/feed/neue/fitness</forum>
<forum_title>Neue Fragen zum Thema Fitness auf gutefrage.net</forum_title>
<discussion_title>Schulter Schmerzen nach Training?</discussion_title>
<language>german</language>
<gmt_offset></gmt_offset>
<topic_url>http://www.gutefrage.net/frage/schulter-schmerzen-nach-training</topic_url>
<topic_text>
23 Schulter Schmerzen nach Training? 
Hallo, ich hatte gestern im Fitnesstudio eine Ganzkörper Einheit und jetzt habe ich in der linken Schulter Schmerzen, gestern hatte ich das aber noch nicht. Die Schmerzen treten auf wenn ich Bewegungen wie Seitheben mache. Jemand ne Idee was das sein könnte und ob ich damit zum Artzt muss? Bin 14 und trainiere schon seid 5 Monaten ... komplette Frage anzeigen 
Da scheuert die Bizepssehne am Schulterdach und entzündet sich. 
Günter 14 
Hallo Lucha, 
ich hatte die selben Probleme auch mal. Bei mir lag es dann daran, dass meine Technik beim Schrägbankdrücken mit der Langhantel nicht ganz ausgereift war. Ich hatte lange mit einem stechenden Schmerz in der Schulter zu kämpfen. Unter Belastung - sprich im Training - wurde es teilweise so schlimm, dass ich alle Übungen die die Schulter ebenfalls belasten, auslassen musste. 
Ich habe mir auf Youtube ein paar Videos zu der Thematik angeschaut und meine Technik verbessert. Und ich dehne mich vor jedem Training mit einem Theraband. 
Also ganz wichtig: vor jedem Training Schultern dehnen und aufwärmen! 
Gruß Kommentar von MatGF , 12.05.2016 
Ich will jetzt hier keine Ferndiagnose machen, da ich weder ein Personal-Trainer noch ein Arzt bin. Aber hört sich schon so an. Kann natürlich auch was ernstes sein. Im Zweifel immer zum Arzt gehen, im Internet kann dir keiner genau sagen was du hast.  12.05.2016 15 
Geh lieber zum arzt...vei meim freund war es auch so ehrlich und er musste operiert werdenWill dir keine angst machen aber lass lieber ein Arzt drüber schauen Sie kennen die Antwort? Frage jetzt beantworten Auch interessant Krafttraining für einen Left Tackle im American Football - Wie trainiere ich als Left Tackle im Fitnesstudio am besten? Wie trainiere ich als Left Tackle im Fitnesstudio am besten? **Hey Leute, ich hab vor einiger Zeit mit American Football angefangen. Meine Körpermaße sind 188cm groß und 111Kg schwer. Ich soll in der Oline als Tackle spielen. Aber 2x die Woche Training und ein Spiel reichen mir nicht. Hat einer von euch evtl. ein Paar Links, Tipps oder direkt Trainingspläne? Ich würde nämlich gerne Unterstützend zum normalen Training wieder ein paar Muskeln aufbauen. Hab schon einige Jahre Krafttraining hinter mir aber hab echt keinen Plan was ich alles trainieren soll für diese Position. Evtl. finden sich ja hier ein paar Spieler die mir weiterhelfen können!! Danke dafür!** 2 Antworten Fragen zu Trainigsplan/ 3er Split 4mal und 5 mal die woche tranieren Hey ich bin 17 Jahre alt und trainiere jetzt schon eine ganze Zeit lang. Anfangs daheim, dann im Fitnesstudio jeden zweiten Ganzkörper und nun 3er Split. Meine Frage ist folgende: Kann ich 3 Tage tranieren (typischer 3er split, beliebige aufteilung, große Muskelgruppen 4-5 Übungen kleine Muskelgruppen 3-4 Übungen) 1 Tag pause wieder 3 Tage training und darauf hin dann 2 Tage pause. Dann beginnt es wieder von vorne. Kann man das so machen oder ist das zuviel für den Körper? Bis jetzt komme ich eigentlich ganz gut damit klar. Hat damit schon jemand Erfahrung? Würde mich freuen, danke. :) Wenn ihr mehr Einzelheiten zu mir wollt dann fragt einfach :) 1 Antwort Ganzkörper Traing oder Split? Hallo, Ich trainiere schon seit 1 Jahr 2-3 mal die Woche und das immer mit Ganzkörper Training. Dadurch habe ich auch große Fortschritte gemacht. Mein Ziel ist es alles was von Natur aus bei mir an Muskelmasse möglich ist aufzubauen (wie auf dem Bild unten) doch die anderen bei mir im Studio meinen das ich dazu auf Split Training umsteigen muss weil mein Training zu lang dauert (3 Stunden) Und Split Training mehr Masse aufbaut. Was meint ihr? Sollte ich wenn ich viel Muskelmasse aufbauen will bei meinem GKT bleiben oder ein Split Training (3er Split z.b.) beginnen? So sieht mein momentaner TP aus mit genauer Reihenfolge: ! Sätze x Wiederholung ! 1.Beine/ Beinpresse :3 x 10 Bein Strecker Gerät: 3 x 10 Bein Beuger Gerät: 3 x 10 Waden Fersen heben: 3 x 10 2.Bauch/ Bein heben gestreckt: 2 x 20 Sit Ups Schräg Bank: 2 x 20 Crunshes am Kabelzug mit Seil: 3 x 15 3.Latissimus/ Latzug Brust: 3 x 15 Latzug Nacken:3 x 15 Klimmzüge Brust: 2 x 5 4.Brust/ Bankdrücken Flach: 3 x10 Bankdrücken mit Kurzhantel Schräg: 3 x 10 Butterfly: 3 x 10 5.Rücken/ Butterfly Umgekehrt: 3 x 10 Rudern sitzend: 3 x 10 Hyperextensions: 3 x 18 6.Schulter/Nacken/ Seitenheben: 3 x 10 Shrugs mit Gewicht Scheiben: 3 x 13 Rudern aufrecht: 3 x 10 7.Bizeps/ Kurzhantel Curls stehend/ sitzend: 2 x 8 Hammercurls: 2 x 6 Armcurls am Kabelzug: 3 x 10 8.Trizeps/ Kickbacks: 3 x 10 Armstrecken über Kopf mit Seil: 3 x 10 Trizepsdrücken am Kabelzug Obergriff: 3 x 10 Gewicht wird so eingestellt, dass bei der letzten Wdh. die Kraft Grenze erreicht ist !!!! Übungen (gleicher Muskelgruppe) werden manchmal durch andere ersetzt 5 Antworten Krafttraing ergebnisse nach 3 monaten Ich gehe seit ca. 3 monaten ins fitnesstudio, hauptsächlich krafttraining, ich gehe ca. 2 mal die woche und es sieht wie folgt aus, was ich schaffe: Butterfly:40KG Langhantelcourls:15-20KG (für den bizeps) Brustpresse: 25KG Rücken enges Rudern: 45KG Schulter Seitheben: 15KG Trizeps Kabelzug (stange): 25KG Dips: mit 25kg hilfsgewicht Klimmzüge: mit 25 kg hilfsgewicht Ich hoffe ihr versteht was ich damit meine, übrigens ich bin 1.79m groß, 16.5 jahre alt, und wiege 72-74KG meine frage ist, sind die ergebnisse ganz gut? bzw sind die gewichte schon schön hoch? PS: Ich mache immer 5 sätze á 10 wiederholungen :) 6 Antworten Brauche ICH ein (besonderes?) Aufwärmen? (Krafttraining) Normalerweise sollte man sich vor dem Training aufwärmen, allerdings trainiere ich zu circa 50% mit dem eigenem Körpergewicht. Mein Training sieht wie folgt aus: Zum Aufwärmen(?): Zu erst ca. 20 Liegestützte (Ich bin Ziemlich schlecht darin, deswegen nur 20, mache immer 2 weniger als max.) Dann Simuliere ich die verschiedenen Klimmzugbewegungen (einfach selbe Bewegungen machen) mit zwei leichten 2,5kg Hanteln (mir ist schon klar, dass ich andere Muskelgruppen, damit beanspruche, soll aber nur meine Gelenke leicht dehenen/ Strecken) Dann noch einmal 20 oder 15 Training: Immer hintereinander Klimmzüge, Liegestütze, Rücken sowie Bauchtraining machen, sodass eine Pause von ca. 120s ensteht, bevor die desselbige Muskelgruppe erneut beansprucht wird. Dann Hanteltraining, Bizeps Trizeps und Schulter Geht Insgesamt von 1er bis 1 1/2 Stunden. Jetzt meine Frage: Brauche ich ein Aufwärmen? Bei Kreisenden Schulterbewegungen, hab ich so ein Knacksen und ich möchte natürlich nicht meine Gelenke kaputt machen. Zur Info: Bin 17, Männlich 1 Antwort Mehr Training ok? Also ich Trainiere im Fitnessstudio momentan alle 2 tage und wollte wissen ob es schlimm wäre, wenn ich jeden Tag gehen würde? hätte es irgendwelche Folgen oder Gesundheitsrisiken? Ich trainiere in 4 Einheiten(1. Brust, Bizep 2. Rücken trizep 3. Schulter bauch 4. beine po) und Ich stoffe nicht. Danke für eure Antwort :) 9 Antworten Ausgeglichenes Masse Training Hey Leute, ich trainiere seit ca, 3 Jahren schon im Fitnessstudio. Ich bin ein Hardgainer und laut Arzt habe ich auch ungeeignete Gene, ich will mich davon aber nicht runterkriegen lassen und trotzdem breit werden ;) Doch ich habe ein weiteres Problem, auch wenn ich meinen Rücken mehr als meine Brust trainiere, habe ich vorgezogene Schulter, &quot;Gorilla Schultern&quot; ....wie kann ich diesen Fehler reduzieren oder beheben? Und was für einen Splittraining sollte ich machen und mit welchen übungen? Danke im Vorraus :) 1 Antwort Fitness nach Kreuzband op Hallo, ich wurde vor bisschen mehr als 4 monaten am rechten knie operiert, kreuzband riss, innen und außen meniskus eingerissen. Habe ein kreuzbandplastik bekomme, fange jetzt langsam an zu joggen(die ärzte gehen es langsam an) und ich trainiere schon seit zwei monaten im fitnessstudio. Montag/donnerstag brust/trizeps, Dienstag/freitag rücken/bizeps und mittwoch/samstag beine/schulter. Nun wollte ich fragen ob ich kreuzheben machen darf, habe vor einer woche kreuzheben und diverse andere übungen gemacht und hatte auch keine schmerzen im knie, nur sehr viel muskelkater was mal wieder gut tut nach einigen monaten. Soll ich einfach weiter machen mit meinem bein training, ich mache bein presse, waden drücken, kreuzheben und &quot;ausfallschritt nach vorne beugen&quot; danke im voraus 3 Antworten BITTE NUR DIE DIE AHNUNG HABEN! Ich betreibe Ganzkoerpertraining 3 mal die woche. Mein training besteht fast nur aus grunduebungen ausser beim bauch. Ich trainier zuhause und Ich habe sehr gute erfolge erziehlt bis jetzt. Trainiere schon seit 10 monaten. Meine eigentliche frage ist ob es noetig ist extra schultern zu trainieren? Bei Dips, Klimmzuegen werden die schultern ja genug mittrainiert oder nicht? Wenn Ich jetzt schulter training rausnehme werde Ich dann disbalancen haben? Weil Dips Trainieren die fordere schulter mit und Klimmzuege die hintere schulter also muessten doch keine disbalancen entstehen oder? Danke schonmal im Voraus ps. werde bald 17 jahre alt und bin maennlich und ektomorph. 4 Antworten Bein Training mehr Testosteron? Hi, Ich habe bald vor auf 3er Split Training umzusteigen, aber ein Kollege von mir meint das wenn ich an einem Tag Beine und Schulter trainiere, dass durch das Bein Training viel Testosteron ausgeschüttet wird und dadurch die Schulter mehr Masse aufbaut als die anderen Muskeln die an anderen Tagen trainiert werden. Hat er damit Recht und sollte ich mein Ganzkörper Training fortsetzen und weiterhin 3-4 Stunden im Studio trainieren? 6 Antworten Wie Training richtig einteilen? Hallo, Ich habe vor kurzem mit dem Kraftsport begonnen. Ich trainiere Bizeps,Trizeps,Beine,Rücken,Brust und Schulter. Wie soll ich das am besten einteilen? z.B an einem Tag Brust,Trizeps,Schulter am andern Bizeps,Rücken,Beine.. Oder wie würdet ihr das einteilen bzw. Wie trainiert ihr selbst? Danke für eure antworten.
</topic_text>
<spam_score>0.00</spam_score>
<post_num>1</post_num>
<post_id>post-1</post_id>
<post_url>http://www.gutefrage.net/frage/schulter-schmerzen-nach-training</post_url>
<post_date>20160512</post_date>
<post_time>1515</post_time>
<username>lucha1</username>
<post>
23 Schulter Schmerzen nach Training? 
Hallo, ich hatte gestern im Fitnesstudio eine Ganzkörper Einheit und jetzt habe ich in der linken Schulter Schmerzen, gestern hatte ich das aber noch nicht. Die Schmerzen treten auf wenn ich Bewegungen wie Seitheben mache. Jemand ne Idee was das sein könnte und ob ich damit zum Artzt muss? Bin 14 und trainiere schon seid 5 Monaten ... komplette Frage anzeigen 
Da scheuert die Bizepssehne am Schulterdach und entzündet sich. 
Günter 14 
Hallo Lucha, 
ich hatte die selben Probleme auch mal. Bei mir lag es dann daran, dass meine Technik beim Schrägbankdrücken mit der Langhantel nicht ganz ausgereift war. Ich hatte lange mit einem stechenden Schmerz in der Schulter zu kämpfen. Unter Belastung - sprich im Training - wurde es teilweise so schlimm, dass ich alle Übungen die die Schulter ebenfalls belasten, auslassen musste. 
Ich habe mir auf Youtube ein paar Videos zu der Thematik angeschaut und meine Technik verbessert. Und ich dehne mich vor jedem Training mit einem Theraband. 
Also ganz wichtig: vor jedem Training Schultern dehnen und aufwärmen! 
Gruß Kommentar von MatGF , 12.05.2016 
Ich will jetzt hier keine Ferndiagnose machen, da ich weder ein Personal-Trainer noch ein Arzt bin. Aber hört sich schon so an. Kann natürlich auch was ernstes sein. Im Zweifel immer zum Arzt gehen, im Internet kann dir keiner genau sagen was du hast.  12.05.2016 15 
Geh lieber zum arzt...vei meim freund war es auch so ehrlich und er musste operiert werdenWill dir keine angst machen aber lass lieber ein Arzt drüber schauen Sie kennen die Antwort? Frage jetzt beantworten Auch interessant Krafttraining für einen Left Tackle im American Football - Wie trainiere ich als Left Tackle im Fitnesstudio am besten? Wie trainiere ich als Left Tackle im Fitnesstudio am besten? **Hey Leute, ich hab vor einiger Zeit mit American Football angefangen. Meine Körpermaße sind 188cm groß und 111Kg schwer. Ich soll in der Oline als Tackle spielen. Aber 2x die Woche Training und ein Spiel reichen mir nicht. Hat einer von euch evtl. ein Paar Links, Tipps oder direkt Trainingspläne? Ich würde nämlich gerne Unterstützend zum normalen Training wieder ein paar Muskeln aufbauen. Hab schon einige Jahre Krafttraining hinter mir aber hab echt keinen Plan was ich alles trainieren soll für diese Position. Evtl. finden sich ja hier ein paar Spieler die mir weiterhelfen können!! Danke dafür!** 2 Antworten Fragen zu Trainigsplan/ 3er Split 4mal und 5 mal die woche tranieren Hey ich bin 17 Jahre alt und trainiere jetzt schon eine ganze Zeit lang. Anfangs daheim, dann im Fitnesstudio jeden zweiten Ganzkörper und nun 3er Split. Meine Frage ist folgende: Kann ich 3 Tage tranieren (typischer 3er split, beliebige aufteilung, große Muskelgruppen 4-5 Übungen kleine Muskelgruppen 3-4 Übungen) 1 Tag pause wieder 3 Tage training und darauf hin dann 2 Tage pause. Dann beginnt es wieder von vorne. Kann man das so machen oder ist das zuviel für den Körper? Bis jetzt komme ich eigentlich ganz gut damit klar. Hat damit schon jemand Erfahrung? Würde mich freuen, danke. :) Wenn ihr mehr Einzelheiten zu mir wollt dann fragt einfach :) 1 Antwort Ganzkörper Traing oder Split? Hallo, Ich trainiere schon seit 1 Jahr 2-3 mal die Woche und das immer mit Ganzkörper Training. Dadurch habe ich auch große Fortschritte gemacht. Mein Ziel ist es alles was von Natur aus bei mir an Muskelmasse möglich ist aufzubauen (wie auf dem Bild unten) doch die anderen bei mir im Studio meinen das ich dazu auf Split Training umsteigen muss weil mein Training zu lang dauert (3 Stunden) Und Split Training mehr Masse aufbaut. Was meint ihr? Sollte ich wenn ich viel Muskelmasse aufbauen will bei meinem GKT bleiben oder ein Split Training (3er Split z.b.) beginnen? So sieht mein momentaner TP aus mit genauer Reihenfolge: ! Sätze x Wiederholung ! 1.Beine/ Beinpresse :3 x 10 Bein Strecker Gerät: 3 x 10 Bein Beuger Gerät: 3 x 10 Waden Fersen heben: 3 x 10 2.Bauch/ Bein heben gestreckt: 2 x 20 Sit Ups Schräg Bank: 2 x 20 Crunshes am Kabelzug mit Seil: 3 x 15 3.Latissimus/ Latzug Brust: 3 x 15 Latzug Nacken:3 x 15 Klimmzüge Brust: 2 x 5 4.Brust/ Bankdrücken Flach: 3 x10 Bankdrücken mit Kurzhantel Schräg: 3 x 10 Butterfly: 3 x 10 5.Rücken/ Butterfly Umgekehrt: 3 x 10 Rudern sitzend: 3 x 10 Hyperextensions: 3 x 18 6.Schulter/Nacken/ Seitenheben: 3 x 10 Shrugs mit Gewicht Scheiben: 3 x 13 Rudern aufrecht: 3 x 10 7.Bizeps/ Kurzhantel Curls stehend/ sitzend: 2 x 8 Hammercurls: 2 x 6 Armcurls am Kabelzug: 3 x 10 8.Trizeps/ Kickbacks: 3 x 10 Armstrecken über Kopf mit Seil: 3 x 10 Trizepsdrücken am Kabelzug Obergriff: 3 x 10 Gewicht wird so eingestellt, dass bei der letzten Wdh. die Kraft Grenze erreicht ist !!!! Übungen (gleicher Muskelgruppe) werden manchmal durch andere ersetzt 5 Antworten Krafttraing ergebnisse nach 3 monaten Ich gehe seit ca. 3 monaten ins fitnesstudio, hauptsächlich krafttraining, ich gehe ca. 2 mal die woche und es sieht wie folgt aus, was ich schaffe: Butterfly:40KG Langhantelcourls:15-20KG (für den bizeps) Brustpresse: 25KG Rücken enges Rudern: 45KG Schulter Seitheben: 15KG Trizeps Kabelzug (stange): 25KG Dips: mit 25kg hilfsgewicht Klimmzüge: mit 25 kg hilfsgewicht Ich hoffe ihr versteht was ich damit meine, übrigens ich bin 1.79m groß, 16.5 jahre alt, und wiege 72-74KG meine frage ist, sind die ergebnisse ganz gut? bzw sind die gewichte schon schön hoch? PS: Ich mache immer 5 sätze á 10 wiederholungen :) 6 Antworten Brauche ICH ein (besonderes?) Aufwärmen? (Krafttraining) Normalerweise sollte man sich vor dem Training aufwärmen, allerdings trainiere ich zu circa 50% mit dem eigenem Körpergewicht. Mein Training sieht wie folgt aus: Zum Aufwärmen(?): Zu erst ca. 20 Liegestützte (Ich bin Ziemlich schlecht darin, deswegen nur 20, mache immer 2 weniger als max.) Dann Simuliere ich die verschiedenen Klimmzugbewegungen (einfach selbe Bewegungen machen) mit zwei leichten 2,5kg Hanteln (mir ist schon klar, dass ich andere Muskelgruppen, damit beanspruche, soll aber nur meine Gelenke leicht dehenen/ Strecken) Dann noch einmal 20 oder 15 Training: Immer hintereinander Klimmzüge, Liegestütze, Rücken sowie Bauchtraining machen, sodass eine Pause von ca. 120s ensteht, bevor die desselbige Muskelgruppe erneut beansprucht wird. Dann Hanteltraining, Bizeps Trizeps und Schulter Geht Insgesamt von 1er bis 1 1/2 Stunden. Jetzt meine Frage: Brauche ich ein Aufwärmen? Bei Kreisenden Schulterbewegungen, hab ich so ein Knacksen und ich möchte natürlich nicht meine Gelenke kaputt machen. Zur Info: Bin 17, Männlich 1 Antwort Mehr Training ok? Also ich Trainiere im Fitnessstudio momentan alle 2 tage und wollte wissen ob es schlimm wäre, wenn ich jeden Tag gehen würde? hätte es irgendwelche Folgen oder Gesundheitsrisiken? Ich trainiere in 4 Einheiten(1. Brust, Bizep 2. Rücken trizep 3. Schulter bauch 4. beine po) und Ich stoffe nicht. Danke für eure Antwort :) 9 Antworten Ausgeglichenes Masse Training Hey Leute, ich trainiere seit ca, 3 Jahren schon im Fitnessstudio. Ich bin ein Hardgainer und laut Arzt habe ich auch ungeeignete Gene, ich will mich davon aber nicht runterkriegen lassen und trotzdem breit werden ;) Doch ich habe ein weiteres Problem, auch wenn ich meinen Rücken mehr als meine Brust trainiere, habe ich vorgezogene Schulter, &quot;Gorilla Schultern&quot; ....wie kann ich diesen Fehler reduzieren oder beheben? Und was für einen Splittraining sollte ich machen und mit welchen übungen? Danke im Vorraus :) 1 Antwort Fitness nach Kreuzband op Hallo, ich wurde vor bisschen mehr als 4 monaten am rechten knie operiert, kreuzband riss, innen und außen meniskus eingerissen. Habe ein kreuzbandplastik bekomme, fange jetzt langsam an zu joggen(die ärzte gehen es langsam an) und ich trainiere schon seit zwei monaten im fitnessstudio. Montag/donnerstag brust/trizeps, Dienstag/freitag rücken/bizeps und mittwoch/samstag beine/schulter. Nun wollte ich fragen ob ich kreuzheben machen darf, habe vor einer woche kreuzheben und diverse andere übungen gemacht und hatte auch keine schmerzen im knie, nur sehr viel muskelkater was mal wieder gut tut nach einigen monaten. Soll ich einfach weiter machen mit meinem bein training, ich mache bein presse, waden drücken, kreuzheben und &quot;ausfallschritt nach vorne beugen&quot; danke im voraus 3 Antworten BITTE NUR DIE DIE AHNUNG HABEN! Ich betreibe Ganzkoerpertraining 3 mal die woche. Mein training besteht fast nur aus grunduebungen ausser beim bauch. Ich trainier zuhause und Ich habe sehr gute erfolge erziehlt bis jetzt. Trainiere schon seit 10 monaten. Meine eigentliche frage ist ob es noetig ist extra schultern zu trainieren? Bei Dips, Klimmzuegen werden die schultern ja genug mittrainiert oder nicht? Wenn Ich jetzt schulter training rausnehme werde Ich dann disbalancen haben? Weil Dips Trainieren die fordere schulter mit und Klimmzuege die hintere schulter also muessten doch keine disbalancen entstehen oder? Danke schonmal im Voraus ps. werde bald 17 jahre alt und bin maennlich und ektomorph. 4 Antworten Bein Training mehr Testosteron? Hi, Ich habe bald vor auf 3er Split Training umzusteigen, aber ein Kollege von mir meint das wenn ich an einem Tag Beine und Schulter trainiere, dass durch das Bein Training viel Testosteron ausgeschüttet wird und dadurch die Schulter mehr Masse aufbaut als die anderen Muskeln die an anderen Tagen trainiert werden. Hat er damit Recht und sollte ich mein Ganzkörper Training fortsetzen und weiterhin 3-4 Stunden im Studio trainieren? 6 Antworten Wie Training richtig einteilen? Hallo, Ich habe vor kurzem mit dem Kraftsport begonnen. Ich trainiere Bizeps,Trizeps,Beine,Rücken,Brust und Schulter. Wie soll ich das am besten einteilen? z.B an einem Tag Brust,Trizeps,Schulter am andern Bizeps,Rücken,Beine.. Oder wie würdet ihr das einteilen bzw. Wie trainiert ihr selbst? Danke für eure antworten.
</post>
<signature>

</signature>
<external_links>

</external_links>
<country>DE</country>
<main_image>//images.gutefrage.net/images/logos/fb_gf.png?1463063002</main_image>
</document>
