<?xml version="1.0" encoding="UTF-8"?>
<document>
<type>mainstream</type>
<forum>http://www.csmonitor.com/World</forum>
<forum_title>World - The Christian Science Monitor - CSMonitor.com</forum_title>
<discussion_title>As Fort McMurray blaze uproots residents, all of Canada offers aid</discussion_title>
<language>english</language>
<gmt_offset></gmt_offset>
<topic_url>http://www.csmonitor.com/World/Americas/2016/0509/As-Fort-McMurray-blaze-uproots-residents-all-of-Canada-offers-aid</topic_url>
<topic_text>
Ottawa — Dane Kaiser could feel the pulsing heat of Fort McMurray&apos;s ferocious wildfire as he drove up to the perimeter of the uncontrollable blaze on Saturday afternoon.
&quot;We could see plumes of smoke and balls of flames just bursting in the skies. The trees would go up in flames and there were fires to the left of us and the right of us,&quot; Mr. Kaiser says. He recalls the convoys of pick-up trucks emerging from the smoke, as families left their homes with whatever they could salvage.
&quot;The fire was getting closer and closer to us, and the water-bombers were coming in, trying to hit around the flames along the highway, because that&apos;s where the people were coming out,&quot; he said. &quot;They had to wait until the water-bombers could clear a path for them, just so they could get across the highway.&quot;
Test Your Knowledge Could you pass a US citizenship test? Find out. &quot;It was kind of terrifying to understand what they went through.&quot;
Test Your Knowledge Could you pass a US citizenship test? Find out. Day 05/10 Kaiser had taken the day off from his oilfield job in Edmonton to help out. He filled his off-road truck with donated supplies and drove 270 miles north. He&apos;s among thousands of Canadians sending money, opening their homes, and traveling hours to help the 80,000 people displaced by wildfires in northern Alberta.
It&apos;s a nationwide effort that has seen disparate communities – including Syrian refugees taken in by Canada; victims of 2013&apos;s rail disaster in Lac-Mégantic, Quebec; and even Canadians thousands of miles away who happen to have a spare room – rally together to help those languishing from an ongoing disaster that spanned 625 square miles on Sunday.
Kaiser got involved through one of a dozen Facebook groups where Canadians are offering houses and supplies to evacuees. With donations from family and friends, he filled his truck water, diapers, gasoline, and food. When Kaiser told a stranger at Costco what he was doing, the man insisted on paying the $300 bill.
Kaiser arrived at the edge of the wildfire alongside trucks full of supplies from Vancouver and Ontario, and even horse trailers and dog kennels.
Syrians pay it forward Informal volunteers like Kaiser have helped supply scores of makeshift welcoming centers between Edmonton and Fort McMurray. While these community centers, school gyms, and farm sheds offer basic essentials, some held Mother&apos;s Day brunches Sunday to try restoring a sense of normalcy for the evacuees.
And support is coming from farther afield. In Calgary, some 465 miles south of the devastation zone, a group of Syrian refugees who arrived in a recent airlift are assembling hampers for evacuees moving in with relatives and strangers.
&quot;As Syrian refugees, we have the same suffering,&quot; says Rita Kallas, who came to Canada five months ago with her husband and young son. She says the images of home being razed and convoys of families fleeing made her think of her country.
&quot;Nobody can understand the people of Fort McMurray like us, because they lost everything in a second, and we as Syrian refugees lost everything in a second. So we can understand their feeling totally,&quot; she says. &quot;We feel it in our hearts.&quot;
Ms. Kallas took to the Facebook page of 99 Hampers of Hope, an organization which assembled baskets of necessities this winter as Canada took in 25,000 Syrian refugees. Kallas suggested her fellow Syrians pay it forward by making similar baskets for people fleeing Fort McMurray.
&quot;We want to be part of this society. We want to share with Canadians everything; the happy things and the sad things,&quot; she says.
&apos;When someone&apos;s in need, we step up&apos; Some 1,700 miles from the wildfires, in the Ottawa-area town of Embrun, Freda Willcott has two spare bedrooms, a fridge full of food, and a laundry machine waiting for anyone who needs help.
&quot;Here in Ottawa, you almost feel helpless. We&apos;re so far away but if anyone&apos;s driving east, we&apos;ve got a big house,&quot; she says. &quot;If anyone needs a place to stay, we&apos;ll accommodate them with everything we&apos;ve got.&quot;
Ms. Willcott&apos;s daughter lived in Fort McMurray until last Wednesday, when she was forced to quickly evacuate and drive through roads surrounded by fire. After spending a few nights in a hotel, she connected online with a cottage resort that is now hosting dozens of evacuees free of charge.
&quot;Canada&apos;s the best country in the world, and that&apos;s what we do — we step up to the plate. Without a doubt, when someone&apos;s in need we step up,&quot; says Willcott. &quot;Fort McMurray shows that on a big scale.&quot;
Echoes of Lac-Mégantic The solidarity has extended to Quebec, despite the province&apos;s widespread environmental opposition to Alberta&apos;s oil sands, which surround Fort McMurray.
The town of Lac-Mégantic, where 47 died in a 2013 rail disaster, is organizing fundraisers for the Red Cross. Local member of Parliament Luc Berthold told reporters Thursday that no one could see pictures of Fort McMurray and fail to recall the night three years ago when a runaway crude-oil train derailed and exploded in the town center.
&quot;Three years ago, it was our population that was leveled by a tragedy, and all of Canada mobilized itself for us,&quot; he said. &quot;Now it&apos;s our turn to support this community.&quot;
For Kaiser, these outpourings of support highlight a quiet but strong sense of duty among Canadians.
&quot;If something goes wrong, we just come together so strongly that it&apos;s almost unbelievable,” he says. “You can&apos;t stop us.”
</topic_text>
<spam_score>0.00</spam_score>
<post_num>1</post_num>
<post_id>post-1</post_id>
<post_url>http://www.csmonitor.com/World/Americas/2016/0509/As-Fort-McMurray-blaze-uproots-residents-all-of-Canada-offers-aid</post_url>
<post_date>20160509</post_date>
<post_time></post_time>
<username>Dylan C. Robertson</username>
<post>
Ottawa — Dane Kaiser could feel the pulsing heat of Fort McMurray&apos;s ferocious wildfire as he drove up to the perimeter of the uncontrollable blaze on Saturday afternoon.
&quot;We could see plumes of smoke and balls of flames just bursting in the skies. The trees would go up in flames and there were fires to the left of us and the right of us,&quot; Mr. Kaiser says. He recalls the convoys of pick-up trucks emerging from the smoke, as families left their homes with whatever they could salvage.
&quot;The fire was getting closer and closer to us, and the water-bombers were coming in, trying to hit around the flames along the highway, because that&apos;s where the people were coming out,&quot; he said. &quot;They had to wait until the water-bombers could clear a path for them, just so they could get across the highway.&quot;
Test Your Knowledge Could you pass a US citizenship test? Find out. &quot;It was kind of terrifying to understand what they went through.&quot;
Test Your Knowledge Could you pass a US citizenship test? Find out. Day 05/10 Kaiser had taken the day off from his oilfield job in Edmonton to help out. He filled his off-road truck with donated supplies and drove 270 miles north. He&apos;s among thousands of Canadians sending money, opening their homes, and traveling hours to help the 80,000 people displaced by wildfires in northern Alberta.
It&apos;s a nationwide effort that has seen disparate communities – including Syrian refugees taken in by Canada; victims of 2013&apos;s rail disaster in Lac-Mégantic, Quebec; and even Canadians thousands of miles away who happen to have a spare room – rally together to help those languishing from an ongoing disaster that spanned 625 square miles on Sunday.
Kaiser got involved through one of a dozen Facebook groups where Canadians are offering houses and supplies to evacuees. With donations from family and friends, he filled his truck water, diapers, gasoline, and food. When Kaiser told a stranger at Costco what he was doing, the man insisted on paying the $300 bill.
Kaiser arrived at the edge of the wildfire alongside trucks full of supplies from Vancouver and Ontario, and even horse trailers and dog kennels.
Syrians pay it forward Informal volunteers like Kaiser have helped supply scores of makeshift welcoming centers between Edmonton and Fort McMurray. While these community centers, school gyms, and farm sheds offer basic essentials, some held Mother&apos;s Day brunches Sunday to try restoring a sense of normalcy for the evacuees.
And support is coming from farther afield. In Calgary, some 465 miles south of the devastation zone, a group of Syrian refugees who arrived in a recent airlift are assembling hampers for evacuees moving in with relatives and strangers.
&quot;As Syrian refugees, we have the same suffering,&quot; says Rita Kallas, who came to Canada five months ago with her husband and young son. She says the images of home being razed and convoys of families fleeing made her think of her country.
&quot;Nobody can understand the people of Fort McMurray like us, because they lost everything in a second, and we as Syrian refugees lost everything in a second. So we can understand their feeling totally,&quot; she says. &quot;We feel it in our hearts.&quot;
Ms. Kallas took to the Facebook page of 99 Hampers of Hope, an organization which assembled baskets of necessities this winter as Canada took in 25,000 Syrian refugees. Kallas suggested her fellow Syrians pay it forward by making similar baskets for people fleeing Fort McMurray.
&quot;We want to be part of this society. We want to share with Canadians everything; the happy things and the sad things,&quot; she says.
&apos;When someone&apos;s in need, we step up&apos; Some 1,700 miles from the wildfires, in the Ottawa-area town of Embrun, Freda Willcott has two spare bedrooms, a fridge full of food, and a laundry machine waiting for anyone who needs help.
&quot;Here in Ottawa, you almost feel helpless. We&apos;re so far away but if anyone&apos;s driving east, we&apos;ve got a big house,&quot; she says. &quot;If anyone needs a place to stay, we&apos;ll accommodate them with everything we&apos;ve got.&quot;
Ms. Willcott&apos;s daughter lived in Fort McMurray until last Wednesday, when she was forced to quickly evacuate and drive through roads surrounded by fire. After spending a few nights in a hotel, she connected online with a cottage resort that is now hosting dozens of evacuees free of charge.
&quot;Canada&apos;s the best country in the world, and that&apos;s what we do — we step up to the plate. Without a doubt, when someone&apos;s in need we step up,&quot; says Willcott. &quot;Fort McMurray shows that on a big scale.&quot;
Echoes of Lac-Mégantic The solidarity has extended to Quebec, despite the province&apos;s widespread environmental opposition to Alberta&apos;s oil sands, which surround Fort McMurray.
The town of Lac-Mégantic, where 47 died in a 2013 rail disaster, is organizing fundraisers for the Red Cross. Local member of Parliament Luc Berthold told reporters Thursday that no one could see pictures of Fort McMurray and fail to recall the night three years ago when a runaway crude-oil train derailed and exploded in the town center.
&quot;Three years ago, it was our population that was leveled by a tragedy, and all of Canada mobilized itself for us,&quot; he said. &quot;Now it&apos;s our turn to support this community.&quot;
For Kaiser, these outpourings of support highlight a quiet but strong sense of duty among Canadians.
&quot;If something goes wrong, we just come together so strongly that it&apos;s almost unbelievable,” he says. “You can&apos;t stop us.”
</post>
<signature>

</signature>
<external_links>

</external_links>
<country>US</country>
<main_image>http://images.csmonitor.com/csm/2016/05/979926_1_0509-ofires_standard.jpg?alias=standard_900x600</main_image>
</document>
