<?xml version="1.0" encoding="UTF-8"?>
<document>
<type>mainstream</type>
<forum>http://ria.ru/</forum>
<forum_title>РИА Новости</forum_title>
<discussion_title>В Липецкой области при взрыве гранаты погиб пенсионер</discussion_title>
<language>russian</language>
<gmt_offset></gmt_offset>
<topic_url>http://ria.ru/incidents/20160512/1432102921.html</topic_url>
<topic_text>
БРЯНСК, 12 мая – РИА Новости. Следственные органы проводят проверку по факту смерти 62-летнего жителя Липецкой области, тело которого было найдено после взрыва, прозвучавшего во дворе его дома, по предварительным данным, пенсионер подорвался на ручной гранате, сообщает СУ СК РФ по Липецкой области.
&quot;В следственные органы СУ СК России по Липецкой области поступило сообщение о взрыве во дворе дома по улице Коммунальная села Филатовка Добровского района, в результате которого скончался 62-летний пенсионер. На место происшествия незамедлительно выехала следственно-оперативная группа. При осмотре во дворе дома обнаружены осколки ручной гранаты. По предварительным данным, смерть пенсионера наступила в результате самоподрыва&quot;, — говорится в сообщении.
Обстоятельства происшедшего выясняются в ходе доследственной проверки, организованной Чаплыгинским межрайонным следственным отделом СУ СК России по Липецкой области.
Назначены судебно-медицинская и взрывотехническая экспертизы, результаты которых позволят установить причину смерти мужчины и тип взрывного устройства. Следствию предстоит выяснить, каким образом оно оказалось в распоряжении потерпевшего, отмечает ведомство.
</topic_text>
<spam_score>0.00</spam_score>
<post_num>1</post_num>
<post_id>post-1</post_id>
<post_url>http://ria.ru/incidents/20160512/1432102921.html</post_url>
<post_date>20160512</post_date>
<post_time>1930</post_time>
<username>ria.ru</username>
<post>
БРЯНСК, 12 мая – РИА Новости. Следственные органы проводят проверку по факту смерти 62-летнего жителя Липецкой области, тело которого было найдено после взрыва, прозвучавшего во дворе его дома, по предварительным данным, пенсионер подорвался на ручной гранате, сообщает СУ СК РФ по Липецкой области.
&quot;В следственные органы СУ СК России по Липецкой области поступило сообщение о взрыве во дворе дома по улице Коммунальная села Филатовка Добровского района, в результате которого скончался 62-летний пенсионер. На место происшествия незамедлительно выехала следственно-оперативная группа. При осмотре во дворе дома обнаружены осколки ручной гранаты. По предварительным данным, смерть пенсионера наступила в результате самоподрыва&quot;, — говорится в сообщении.
Обстоятельства происшедшего выясняются в ходе доследственной проверки, организованной Чаплыгинским межрайонным следственным отделом СУ СК России по Липецкой области.
Назначены судебно-медицинская и взрывотехническая экспертизы, результаты которых позволят установить причину смерти мужчины и тип взрывного устройства. Следствию предстоит выяснить, каким образом оно оказалось в распоряжении потерпевшего, отмечает ведомство.
</post>
<signature>

</signature>
<external_links>

</external_links>
<country>RU</country>
<main_image>http://cdn11.img22.ria.ru/images/101251/75/1012517512.jpg</main_image>
</document>
