<?xml version="1.0" encoding="UTF-8"?>
<document>
<type>mainstream</type>
<forum></forum>
<forum_title></forum_title>
<discussion_title>Montagliani, presidente de Concacaf | Radio HRN</discussion_title>
<language>spanish</language>
<gmt_offset></gmt_offset>
<topic_url>http://www.radiohrn.hn/l/deportes/montagliani-presidente-de-concacaf</topic_url>
<topic_text>
Fútbol nacional El canadiense espera llenar de confianza y cambios importantes, al fútbol de esta área. 
Víctor Montagliani fue elegido presidente de Concacaf, durante el Congreso de la FIFA que fue realizado este día en la Ciudad de México. 
Montagliani superó 25-16 al bermudeño Larry Mussenden en la votación realizada entre los miembros de la confederación. 
El canadiense tiene 50 años y ha estado desempeñándose desde 2012 como presidente de la Asociación de futbol de su país. En el pasado formó parte de Comité Ejecutivo de la Concacaf y del Comité Legal de la FIFA. 
La Concacaf estaba dirigida por un comité desde que su presidente interino Alfredo Hawitt fue arrestado en diciembre en Suiza por cargos de corrupción. 
Por: Abel Ilías. Log in to post comments Siguenos en FaceBook 
</topic_text>
<spam_score>0.00</spam_score>
<post_num>1</post_num>
<post_id>post-1</post_id>
<post_url>http://www.radiohrn.hn/l/deportes/montagliani-presidente-de-concacaf</post_url>
<post_date>20160512</post_date>
<post_time></post_time>
<username></username>
<post>
Fútbol nacional El canadiense espera llenar de confianza y cambios importantes, al fútbol de esta área. 
Víctor Montagliani fue elegido presidente de Concacaf, durante el Congreso de la FIFA que fue realizado este día en la Ciudad de México. 
Montagliani superó 25-16 al bermudeño Larry Mussenden en la votación realizada entre los miembros de la confederación. 
El canadiense tiene 50 años y ha estado desempeñándose desde 2012 como presidente de la Asociación de futbol de su país. En el pasado formó parte de Comité Ejecutivo de la Concacaf y del Comité Legal de la FIFA. 
La Concacaf estaba dirigida por un comité desde que su presidente interino Alfredo Hawitt fue arrestado en diciembre en Suiza por cargos de corrupción. 
Por: Abel Ilías. Log in to post comments Siguenos en FaceBook 
</post>
<signature>

</signature>
<external_links>

</external_links>
<country>US</country>
<main_image></main_image>
</document>
