<?xml version="1.0" encoding="UTF-8"?>
<document>
<type>mainstream</type>
<forum>http://rssfeeds.wlbz2.com/_/20/88796025/wlbz/watercooler</forum>
<forum_title>WLBZ - Weird</forum_title>
<discussion_title>New worm species discovered in Steamboat</discussion_title>
<language>english</language>
<gmt_offset></gmt_offset>
<topic_url>http://www.wlbz2.com/news/local/new-worm-species-discovered-in-steamboat/182189743</topic_url>
<topic_text>
Close New worm species discovered in Steamboat The worms are only an inch long, and they are thin like pencil lead. They&apos;re called limnodrilus sulphurensis, also known as cave worm. 9NEWS at 6 a.m. 5/9/2016. Colleen Ferreira, KUSA 1:30 PM. EST May 09, 2016 These worms discovered in Steamboat Springs, Colo. are called limnodrilus suphurensis. (CREDIT: Denver Museum of Nature and Science) CONNECT TWEET LINKEDIN GOOGLE+ PINTEREST 
STEAMBOAT SPRINGS, COLO. - A cave biologist and research assistant with the Denver Museum of Nature and Science recently discovered a new species of worms. 
When Dave Steinmann first crawled into a cave in Steamboat Springs in 2007, he saw clumps of bright, blood-red colored worms living in stream that flows through the cave. 
Right off the bat, he said knew this looked like a new species. 
The worms are only an inch long, and they are thin like pencil lead. They&apos;re called limnodrilus sulphurensis, also known as cave worm. 
These worms discovered in Steamboat Springs, Colo. are called limnodrilus sulphurensis. (CREDIT: Norm Thompson) 
It&apos;s a long process to get a new species confirmed and identified. It&apos;s almost taken a decade, but scientists from around the world recently confirmed that Steinmann&apos;s discovery is, in fact, a new species. These worms have not been found anywhere else in this world. 
This cave in Steamboat is slimy, stinky, wet and muddy. There are lethal levels of toxic gas in the cave, and acid drips from the cave ceiling that could burn a hole in anyone’s clothes. Steinmann uses a self-contained breathing apparatus and safety suit in order to enter Sulphur Cave. A rescue team also stands by outside the cave to assist in case a problem were to occur. The City of Steamboat Springs owns Sulphur Cave, and Steinmann was given permission was obtained to enter and study the cave. 
Steinmann says these worms teach us life can exist in places where we would least expect it, like in outer space. 
&quot;Caves similar to Sulphur Cave might exist on other planets and moons in our solar system, or in the Milky Way Galaxy,&quot; Steinmann said. &quot;Life could possibly occur in extra-terrestrial caves where there is volcanic activity to provide chemical food for bacteria, with those bacteria then becoming food for more complex organisms.&quot; 
These worms discovered in Steamboat Springs, Colo. are called limnodrilus sulphurensis. (CREDIT: Denver Museum of Nature and Science) 
These worms do not depend upon the sun’s energy to live. Steinmann says similar ecosystems could potentially exist on other planets like Mars, or even in other solar systems, where isolated caves may also be home to a similar species of living organisms. Further studies on these new worms are continuing in both Europe and at the Denver Museum of Nature and Science. 
The cave is so low, Steinmann had to crawl through most parts of it. Besides worms, it&apos;s filled with spiders, flies, beetles and millipedes. 
Note to readers: People should not attempt to enter Sulphur Cave. 
Copyright 2016 KUSA
</topic_text>
<spam_score>0.00</spam_score>
<post_num>1</post_num>
<post_id>post-1</post_id>
<post_url>http://www.wlbz2.com/news/local/new-worm-species-discovered-in-steamboat/182189743</post_url>
<post_date>20160509</post_date>
<post_time>1830</post_time>
<username>Colleen Ferreira</username>
<post>
Close New worm species discovered in Steamboat The worms are only an inch long, and they are thin like pencil lead. They&apos;re called limnodrilus sulphurensis, also known as cave worm. 9NEWS at 6 a.m. 5/9/2016. Colleen Ferreira, KUSA 1:30 PM. EST May 09, 2016 These worms discovered in Steamboat Springs, Colo. are called limnodrilus suphurensis. (CREDIT: Denver Museum of Nature and Science) CONNECT TWEET LINKEDIN GOOGLE+ PINTEREST 
STEAMBOAT SPRINGS, COLO. - A cave biologist and research assistant with the Denver Museum of Nature and Science recently discovered a new species of worms. 
When Dave Steinmann first crawled into a cave in Steamboat Springs in 2007, he saw clumps of bright, blood-red colored worms living in stream that flows through the cave. 
Right off the bat, he said knew this looked like a new species. 
The worms are only an inch long, and they are thin like pencil lead. They&apos;re called limnodrilus sulphurensis, also known as cave worm. 
These worms discovered in Steamboat Springs, Colo. are called limnodrilus sulphurensis. (CREDIT: Norm Thompson) 
It&apos;s a long process to get a new species confirmed and identified. It&apos;s almost taken a decade, but scientists from around the world recently confirmed that Steinmann&apos;s discovery is, in fact, a new species. These worms have not been found anywhere else in this world. 
This cave in Steamboat is slimy, stinky, wet and muddy. There are lethal levels of toxic gas in the cave, and acid drips from the cave ceiling that could burn a hole in anyone’s clothes. Steinmann uses a self-contained breathing apparatus and safety suit in order to enter Sulphur Cave. A rescue team also stands by outside the cave to assist in case a problem were to occur. The City of Steamboat Springs owns Sulphur Cave, and Steinmann was given permission was obtained to enter and study the cave. 
Steinmann says these worms teach us life can exist in places where we would least expect it, like in outer space. 
&quot;Caves similar to Sulphur Cave might exist on other planets and moons in our solar system, or in the Milky Way Galaxy,&quot; Steinmann said. &quot;Life could possibly occur in extra-terrestrial caves where there is volcanic activity to provide chemical food for bacteria, with those bacteria then becoming food for more complex organisms.&quot; 
These worms discovered in Steamboat Springs, Colo. are called limnodrilus sulphurensis. (CREDIT: Denver Museum of Nature and Science) 
These worms do not depend upon the sun’s energy to live. Steinmann says similar ecosystems could potentially exist on other planets like Mars, or even in other solar systems, where isolated caves may also be home to a similar species of living organisms. Further studies on these new worms are continuing in both Europe and at the Denver Museum of Nature and Science. 
The cave is so low, Steinmann had to crawl through most parts of it. Besides worms, it&apos;s filled with spiders, flies, beetles and millipedes. 
Note to readers: People should not attempt to enter Sulphur Cave. 
Copyright 2016 KUSA
</post>
<signature>

</signature>
<external_links>

</external_links>
<country>US</country>
<main_image>http://content.9news.com/photo/2016/05/09/worms1_1462795559070_2179413_ver1.0_640_360.jpg</main_image>
</document>
