<?xml version="1.0" encoding="UTF-8"?>
<document>
<type>mainstream</type>
<forum></forum>
<forum_title></forum_title>
<discussion_title>Cartier brings Grace Kelly’s jewellery to Sydney - Vogue Australia</discussion_title>
<language>english</language>
<gmt_offset></gmt_offset>
<topic_url>http://www.vogue.com.au/fashion/news/cartier+brings+grace+kellys+jewellery+to+sydney,39124</topic_url>
<topic_text>
Cartier brings Grace Kelly’s jewellery to Sydney Cartier brings Grace Kelly’s jewellery to Sydney Fashion News Pieces from the Palace of Monaco come to Australia. 
In a rare first, Cartier has brought three pieces from Grace Kelly’s own collection to Australia to display in the Sydney flagship store. Should you need any furthering encouragement to visit the Castlereagh boutique, these pieces are the stuff of jewellery legend. First is Grace Kelly’s engagement ring, given to her by Prince Rainier III in 1956; a platinum ring with a 10.47 carat diamond. This is accompanied by a necklace totaling 58 carats and intricate bracelet, all worn by the princess. While the pieces are on temporary loan from Kelly’s son, Prince Albert II of Monaco, Vogue spoke to Cartier’s regional managing director, Grégoire Blanche, about the iconic jeweller’s expansion in Australia, what you need to know before investing in jewellery and Cartier’s precious royal connection. 
Why was now the right time to bring these pieces to Australia? “Obviously we wanted to commemorate the opening of this boutique [in December]. I’m not a believer in ribbon cutting, that’s not really something that I think says much about who we are and I thought it was more interesting to combine several things together. At the same time bringing some exceptional high jewellery pieces so we can give the opportunity to some of our clients to actually mark that event themselves.” 
Was there anything surprising in the archives that you unearthed about the jewels from Monaco? “One of the things that is key is the importance of secrecy in everything that has to do with our clients. So we don’t expose anything! But that’s also part of the relationship... Here we are talking about pieces that are truly timeless and they are going to commemorate very important moments in life. That’s really what is about; there are strong emotions, which can only be truly valued if the jeweller with which you are working is really immersed in your personal life and therefore this level of confidence and confidentiality is essential. You can imagine a relationship of over a century with the Monaco family is obviously built on this long trust.” 
Have you had many requests from clients who want to reference the archives, or who want a replica of these pieces owned by Grace Kelly? “Yes, though we don’t obviously. We don’t replicate specifically. The principle and the value of those pieces is based on the uniqueness of those pieces. We just have to look at these auctions today, the pieces Cartier has on auction generally go to record levels on sales. That’s simply because people know the stones and the quality of the craftsmanship is the best you can get and there’s a true value and uniqueness to each one.” 
How many people would work on a single Cartier piece? “At least five or six, if you think from the designer to the sculpting phase and afterwards you have the polishing and then the setting. Then you have the jeweller themselves that will articulate some of the pieces. It’s really a transmission of craft and knowledge. I think when I was in Paris we celebrated a 40 year anniversary of one of the craftsman…so you have this huge history and everything that surrounds you, and I’m not even talking about the archives because as you know we’re the only jewellery house with complete archives since the beginning of it’s history. Sometimes one could be tempted to say the whole unofficial story of the 20th century is written in these archives. There’s a lot romances!” 
What advice do you give to clients when they are deciding to invest in a piece if jewellery? “Fall in love. I think that’s the most important. It might sound a bit corny but it’s so true. It is a committing gesture, a purchase, so you need to feel really confident with your choice... We like to say that at Cartier in terms of designs, the creations of today are often the treasures of tomorrow. That’s very true when you look at Grace Kelly’s engagement ring or necklace but it is also true with every single one of the pieces that is being purchased today in our stores worldwide.” 
And does that factor into the design process? Not having fashion-led pieces, but more timeless items? “Definitely, I think if I relate back to Grace Kelly’s pieces if you look at them you could very well be wearing them today and yet they are from 1956. It means the timelessness is a very important component into every one of our designs... If you are consistent in everything you do then you don’t look passé.” 
What has the response been like since the new Sydney store opened last December? “We’ve been extremely happy on several fronts. First of all we’re very happy with the response we’ve been getting from our regular clients who really appreciate the new setting, the new comfort and ease that we can give to them and also the much larger and broader selection of creations that we have. I’m also very happy because we get very positive feedback, because globally what it does is contributes to the permanent improvement of the retail experience here in Sydney and in Australia as a whole. As you know we’ll be opening our new boutique at the end of June, beginning of July in Melbourne, which contributes to that.” Share This 
</topic_text>
<spam_score>0.00</spam_score>
<post_num>1</post_num>
<post_id>post-1</post_id>
<post_url>http://www.vogue.com.au/fashion/news/cartier+brings+grace+kellys+jewellery+to+sydney,39124</post_url>
<post_date>20160511</post_date>
<post_time></post_time>
<username>Alice Birrell</username>
<post>
Cartier brings Grace Kelly’s jewellery to Sydney Cartier brings Grace Kelly’s jewellery to Sydney Fashion News Pieces from the Palace of Monaco come to Australia. 
In a rare first, Cartier has brought three pieces from Grace Kelly’s own collection to Australia to display in the Sydney flagship store. Should you need any furthering encouragement to visit the Castlereagh boutique, these pieces are the stuff of jewellery legend. First is Grace Kelly’s engagement ring, given to her by Prince Rainier III in 1956; a platinum ring with a 10.47 carat diamond. This is accompanied by a necklace totaling 58 carats and intricate bracelet, all worn by the princess. While the pieces are on temporary loan from Kelly’s son, Prince Albert II of Monaco, Vogue spoke to Cartier’s regional managing director, Grégoire Blanche, about the iconic jeweller’s expansion in Australia, what you need to know before investing in jewellery and Cartier’s precious royal connection. 
Why was now the right time to bring these pieces to Australia? “Obviously we wanted to commemorate the opening of this boutique [in December]. I’m not a believer in ribbon cutting, that’s not really something that I think says much about who we are and I thought it was more interesting to combine several things together. At the same time bringing some exceptional high jewellery pieces so we can give the opportunity to some of our clients to actually mark that event themselves.” 
Was there anything surprising in the archives that you unearthed about the jewels from Monaco? “One of the things that is key is the importance of secrecy in everything that has to do with our clients. So we don’t expose anything! But that’s also part of the relationship... Here we are talking about pieces that are truly timeless and they are going to commemorate very important moments in life. That’s really what is about; there are strong emotions, which can only be truly valued if the jeweller with which you are working is really immersed in your personal life and therefore this level of confidence and confidentiality is essential. You can imagine a relationship of over a century with the Monaco family is obviously built on this long trust.” 
Have you had many requests from clients who want to reference the archives, or who want a replica of these pieces owned by Grace Kelly? “Yes, though we don’t obviously. We don’t replicate specifically. The principle and the value of those pieces is based on the uniqueness of those pieces. We just have to look at these auctions today, the pieces Cartier has on auction generally go to record levels on sales. That’s simply because people know the stones and the quality of the craftsmanship is the best you can get and there’s a true value and uniqueness to each one.” 
How many people would work on a single Cartier piece? “At least five or six, if you think from the designer to the sculpting phase and afterwards you have the polishing and then the setting. Then you have the jeweller themselves that will articulate some of the pieces. It’s really a transmission of craft and knowledge. I think when I was in Paris we celebrated a 40 year anniversary of one of the craftsman…so you have this huge history and everything that surrounds you, and I’m not even talking about the archives because as you know we’re the only jewellery house with complete archives since the beginning of it’s history. Sometimes one could be tempted to say the whole unofficial story of the 20th century is written in these archives. There’s a lot romances!” 
What advice do you give to clients when they are deciding to invest in a piece if jewellery? “Fall in love. I think that’s the most important. It might sound a bit corny but it’s so true. It is a committing gesture, a purchase, so you need to feel really confident with your choice... We like to say that at Cartier in terms of designs, the creations of today are often the treasures of tomorrow. That’s very true when you look at Grace Kelly’s engagement ring or necklace but it is also true with every single one of the pieces that is being purchased today in our stores worldwide.” 
And does that factor into the design process? Not having fashion-led pieces, but more timeless items? “Definitely, I think if I relate back to Grace Kelly’s pieces if you look at them you could very well be wearing them today and yet they are from 1956. It means the timelessness is a very important component into every one of our designs... If you are consistent in everything you do then you don’t look passé.” 
What has the response been like since the new Sydney store opened last December? “We’ve been extremely happy on several fronts. First of all we’re very happy with the response we’ve been getting from our regular clients who really appreciate the new setting, the new comfort and ease that we can give to them and also the much larger and broader selection of creations that we have. I’m also very happy because we get very positive feedback, because globally what it does is contributes to the permanent improvement of the retail experience here in Sydney and in Australia as a whole. As you know we’ll be opening our new boutique at the end of June, beginning of July in Melbourne, which contributes to that.” Share This 
</post>
<signature>

</signature>
<external_links>

</external_links>
<country>AU</country>
<main_image>https://nlm-common-prod.s3-ap-southeast-2.amazonaws.com/vogue/media/articles/3/9/1/0/39124-1_og_original.jpg</main_image>
</document>
