<?xml version="1.0" encoding="UTF-8"?>
<document>
<type>mainstream</type>
<forum>http://sport.pravda.sk/rss/xml</forum>
<forum_title>Pravda.sk - Šport - Futbal - Hokej</forum_title>
<discussion_title>Vůjtek a spol. zničili aj Nórov. Zastaví ich niekto?</discussion_title>
<language>slovak</language>
<gmt_offset></gmt_offset>
<topic_url>http://hokej.pravda.sk/ms-2016/clanok/392911-vujtek-a-spol-znicili-aj-norov-zastavi-ich-niekto/</topic_url>
<topic_text>
SITA | 12.05.2016 18:02 Hokejisti favorizovaného Česka zdolali reprezentantov Nórska jednoznačne 7:0 vo štvrtkovom popoludňajšom zápase na majstrovstvách sveta v Rusku. Snímka zo zápasu Česko - Nórsko. Autor: SITA/AP 
Zverenci trénera Vladimíra Vůjtka sa opäť dostali na čelo základnej A-skupiny, v štyroch vystúpeniach si pripísali 11 bodov a majú trojbodový náskok pred Švédskom a štvorbodový pred dosiaľ tretím Švajčiarskom. Hráči Nórska zostali na 5. mieste s piatimi bodmi. 
Brankár ČR Dominik Furch si po druhý raz na tomto svetovom šampionáte udržal čisté konto. Jeho spoluhráči základ očakávaného triumfu v moskovskom Ľadovom paláci položili už v prvej tretine, v ktorej strelili severanom tri góly. V druhej dvadsaťminútovke pridali v pohode hrajúci Česi ďalšie štyri presné zásahy. Nórom nepomohla ani výmena brankára po piatom inkasovanom góle z hokejky Šimeka. 
A-skupina (Moskva): Česko – Nórsko 7:0 (3:0, 4:0, 0:0) 
Góly: 6. Červenka (Pastrňák, Kundrátek), 10. Zohorna, 20. Kousal, 23. Kašpar (Kundrátek), 29. Šimek (Birner), 35. Řepík (Jeřábek, Jan Kovář), 40. Kašpar (Zohorna, Doudera) Vylúčení: 5:6 na 2 min, navyše 34. Jordán (ČR) 10 min za nešportové správanie, presilovky: 1:0, oslabenia: 0:0, rozhodovali: Björk (Švéd.), Wiegand (Švaj.) – Chartrand-Piche (Kan.) **Tabuľka A-skupiny: **
</topic_text>
<spam_score>0.00</spam_score>
<post_num>1</post_num>
<post_id>post-1</post_id>
<post_url>http://hokej.pravda.sk/ms-2016/clanok/392911-vujtek-a-spol-znicili-aj-norov-zastavi-ich-niekto/</post_url>
<post_date>20160512</post_date>
<post_time>1602</post_time>
<username>SITA</username>
<post>
SITA | 12.05.2016 18:02 Hokejisti favorizovaného Česka zdolali reprezentantov Nórska jednoznačne 7:0 vo štvrtkovom popoludňajšom zápase na majstrovstvách sveta v Rusku. Snímka zo zápasu Česko - Nórsko. Autor: SITA/AP 
Zverenci trénera Vladimíra Vůjtka sa opäť dostali na čelo základnej A-skupiny, v štyroch vystúpeniach si pripísali 11 bodov a majú trojbodový náskok pred Švédskom a štvorbodový pred dosiaľ tretím Švajčiarskom. Hráči Nórska zostali na 5. mieste s piatimi bodmi. 
Brankár ČR Dominik Furch si po druhý raz na tomto svetovom šampionáte udržal čisté konto. Jeho spoluhráči základ očakávaného triumfu v moskovskom Ľadovom paláci položili už v prvej tretine, v ktorej strelili severanom tri góly. V druhej dvadsaťminútovke pridali v pohode hrajúci Česi ďalšie štyri presné zásahy. Nórom nepomohla ani výmena brankára po piatom inkasovanom góle z hokejky Šimeka. 
A-skupina (Moskva): Česko – Nórsko 7:0 (3:0, 4:0, 0:0) 
Góly: 6. Červenka (Pastrňák, Kundrátek), 10. Zohorna, 20. Kousal, 23. Kašpar (Kundrátek), 29. Šimek (Birner), 35. Řepík (Jeřábek, Jan Kovář), 40. Kašpar (Zohorna, Doudera) Vylúčení: 5:6 na 2 min, navyše 34. Jordán (ČR) 10 min za nešportové správanie, presilovky: 1:0, oslabenia: 0:0, rozhodovali: Björk (Švéd.), Wiegand (Švaj.) – Chartrand-Piche (Kan.) **Tabuľka A-skupiny: **
</post>
<signature>

</signature>
<external_links>

</external_links>
<country>SK</country>
<main_image>http://ipravda.sk/res/2016/05/12/thumbs/cesko-norsko-clanok.jpeg</main_image>
</document>
