<?xml version="1.0" encoding="UTF-8"?>
<document>
<type>mainstream</type>
<forum>http://www.informazione.it/xml/pr/0d62108b-a0c2-46f5-b8d9-9aed3a376451.xml?lng=neutral</forum>
<forum_title>I Comunicati Stampa di PR Newswire su informazione.it</forum_title>
<discussion_title>NComputing Launches Chromebook CX110 and Chrome app, Providing Managed Windows Desktops on Chromebooks</discussion_title>
<language>english</language>
<gmt_offset></gmt_offset>
<topic_url>http://www.informazione.it/c/6920DE3A-D155-4C16-A4C8-8B446FBB8439/NComputing-Launches-Chromebook-CX110-and-Chrome-app-Providing-Managed-Windows-Desktops-on-Chromebooks</topic_url>
<topic_text>
Modifica password NComputing Launches Chromebook CX110 and Chrome app, Providing Managed Windows Desktops on Chromebooks Today NComputing launches the Chromebook CX110 and Chrome app, giving U.S. schools the ability to easily run Windows applications on their Chromebooks. More than half of all computers used in U.S. K-12 schools are Chromebooks, and now NComputing Chromebooks - with the vSpace client - provides easy, multi-user access to the Windows, Java or Silverlight applications often necessary for learning and testing applications. SAN MATEO, California, ( informazione.it - comunicati stampa - information technology ) 
Today NComputing launches the Chromebook CX110 and Chrome app , giving U.S. schools the ability to easily run Windows applications on their Chromebooks. More than half of all computers used in U.S. K-12 schools are Chromebooks, and now NComputing Chromebooks - with the vSpace client - provides easy, multi-user access to the Windows, Java or Silverlight applications often necessary for learning and testing applications. 
vSpace software benefits schools by providing a centrally managed, reliable and scalable solution that delivers as many as one hundred individual Windows desktops from a single computer. This creates a cost-effective and easy-to-deploy solution for schools who can now use a single Chromebook device to access all their ChromeOS and Windows applications. 
The more than one million students in U.S. schools already using vSpace can now use the NComputing Chromebook CX110 with their vSpace solution. This allows teachers and students to take advantage of both ChromeOS and a Windows environment on one device. Students gain access to a greater range of educational content, while teachers have more freedom to use all of their favorite learning applications for lesson plans. 
Jim Rieflin, Supervisor of Technology and Data Management at Salem School, Virginia , comments, &quot;The Chromebook is our primary computing platform for our students. But sometimes our students need to use a program which is only available on the Windows platform. We are investigating how vSpace, from NComputing, will allow our students to access applications and content that are not normally accessible from a Chromebook. We even have staff that prefer to use the Chromebook instead of a full Windows laptop because of its simplicity and mobility, and with the ability to access a few important Windows applications so they can have the best of both worlds &quot;. 
Key features of the NComputing Chromebook CX110 with vSpace include: 
Young Song , NComputing CEO, explains: &quot; Our U.S. customers have been demanding we provide a solution that enables them to run Windows on their Chromebooks. The NComputing Chromebook CX110, together with our vSpace Client for Chromebook, means we can now deliver a Windows PC--like experience on your Chromebook - and help millions of students and teachers have a better classroom experience &quot; . 
The NComputing Chromebook CX110 is available for the North American education market through authorized NComputing resellers with an MSRP of $229 , including a one-year subscription to vSpace Client for Chromebook and Brightstorm.com. 
NComputing will begin accepting pre-orders on May 12 with product availability in June. To learn more about the NComputing Chromebook CX110, please visit http://www.ncomputing.com/chromebook 
For images, bios and further information, please visit our press pack link here: 
https://www.dropbox.com/sh/jkub9ppk7gh2n6b/AAA4MmNMBIbCJPYY0xiS78MVa?dl=0 
About vSpace 
vSpace is a fully integrated end-to-end desktop and application virtualization platform that works with NComputing technology. It delivers the features and performance equal to, or better than a dedicated PC user endpoint device. vSpace is the ideal choice for organizations looking to take full advantage of the benefits of Desktop Virtualization, but do not have large budgets or IT staff to deal with the typically high cost and complexity associated with acquiring, deploying and maintaining a desktop virtualization solution, making it a perfect fit for the SME, SMB and education markets. 
About NComputing 
NComputing Co., Ltd., founded in 2003, is a ZeroDesktop company and leader in client virtualization solutions. Removing the barriers through a unique formula of simplicity, performance and value, NComputing&apos;s integrated solutions serve global customers in key verticals such as education, healthcare and government. With over 20 million daily users in 140 countries, the company is fueling the adoption of client virtualization faster than any other in the world. To learn more, visit http://www.ncomputing.com Ufficio Stampa
</topic_text>
<spam_score>0.00</spam_score>
<post_num>1</post_num>
<post_id>post-1</post_id>
<post_url>http://www.informazione.it/c/6920DE3A-D155-4C16-A4C8-8B446FBB8439/NComputing-Launches-Chromebook-CX110-and-Chrome-app-Providing-Managed-Windows-Desktops-on-Chromebooks</post_url>
<post_date>20160512</post_date>
<post_time>1559</post_time>
<username></username>
<post>
Modifica password NComputing Launches Chromebook CX110 and Chrome app, Providing Managed Windows Desktops on Chromebooks Today NComputing launches the Chromebook CX110 and Chrome app, giving U.S. schools the ability to easily run Windows applications on their Chromebooks. More than half of all computers used in U.S. K-12 schools are Chromebooks, and now NComputing Chromebooks - with the vSpace client - provides easy, multi-user access to the Windows, Java or Silverlight applications often necessary for learning and testing applications. SAN MATEO, California, ( informazione.it - comunicati stampa - information technology ) 
Today NComputing launches the Chromebook CX110 and Chrome app , giving U.S. schools the ability to easily run Windows applications on their Chromebooks. More than half of all computers used in U.S. K-12 schools are Chromebooks, and now NComputing Chromebooks - with the vSpace client - provides easy, multi-user access to the Windows, Java or Silverlight applications often necessary for learning and testing applications. 
vSpace software benefits schools by providing a centrally managed, reliable and scalable solution that delivers as many as one hundred individual Windows desktops from a single computer. This creates a cost-effective and easy-to-deploy solution for schools who can now use a single Chromebook device to access all their ChromeOS and Windows applications. 
The more than one million students in U.S. schools already using vSpace can now use the NComputing Chromebook CX110 with their vSpace solution. This allows teachers and students to take advantage of both ChromeOS and a Windows environment on one device. Students gain access to a greater range of educational content, while teachers have more freedom to use all of their favorite learning applications for lesson plans. 
Jim Rieflin, Supervisor of Technology and Data Management at Salem School, Virginia , comments, &quot;The Chromebook is our primary computing platform for our students. But sometimes our students need to use a program which is only available on the Windows platform. We are investigating how vSpace, from NComputing, will allow our students to access applications and content that are not normally accessible from a Chromebook. We even have staff that prefer to use the Chromebook instead of a full Windows laptop because of its simplicity and mobility, and with the ability to access a few important Windows applications so they can have the best of both worlds &quot;. 
Key features of the NComputing Chromebook CX110 with vSpace include: 
Young Song , NComputing CEO, explains: &quot; Our U.S. customers have been demanding we provide a solution that enables them to run Windows on their Chromebooks. The NComputing Chromebook CX110, together with our vSpace Client for Chromebook, means we can now deliver a Windows PC--like experience on your Chromebook - and help millions of students and teachers have a better classroom experience &quot; . 
The NComputing Chromebook CX110 is available for the North American education market through authorized NComputing resellers with an MSRP of $229 , including a one-year subscription to vSpace Client for Chromebook and Brightstorm.com. 
NComputing will begin accepting pre-orders on May 12 with product availability in June. To learn more about the NComputing Chromebook CX110, please visit http://www.ncomputing.com/chromebook 
For images, bios and further information, please visit our press pack link here: 
https://www.dropbox.com/sh/jkub9ppk7gh2n6b/AAA4MmNMBIbCJPYY0xiS78MVa?dl=0 
About vSpace 
vSpace is a fully integrated end-to-end desktop and application virtualization platform that works with NComputing technology. It delivers the features and performance equal to, or better than a dedicated PC user endpoint device. vSpace is the ideal choice for organizations looking to take full advantage of the benefits of Desktop Virtualization, but do not have large budgets or IT staff to deal with the typically high cost and complexity associated with acquiring, deploying and maintaining a desktop virtualization solution, making it a perfect fit for the SME, SMB and education markets. 
About NComputing 
NComputing Co., Ltd., founded in 2003, is a ZeroDesktop company and leader in client virtualization solutions. Removing the barriers through a unique formula of simplicity, performance and value, NComputing&apos;s integrated solutions serve global customers in key verticals such as education, healthcare and government. With over 20 million daily users in 140 countries, the company is fueling the adoption of client virtualization faster than any other in the world. To learn more, visit http://www.ncomputing.com Ufficio Stampa
</post>
<signature>

</signature>
<external_links>

</external_links>
<country>IT</country>
<main_image>http://imgs3.informazione.it/img/pr_def_md.jpg</main_image>
</document>
