<?xml version="1.0" encoding="UTF-8"?>
<document>
<type>mainstream</type>
<forum>http://www.ajc.com/feeds/categories/business/</forum>
<forum_title>News | Business</forum_title>
<discussion_title>10 things highly successful people do before going to sleep</discussion_title>
<language>english</language>
<gmt_offset></gmt_offset>
<topic_url>http://www.ajc.com/feed/classifieds/jobs/10-things-highly-successful-people-do-before-going/fCMTr3/</topic_url>
<topic_text>
10 things highly successful people do before going to sleep 6:07 a.m. Thursday, May 12, 2016 by Business Insider | Filed in: Business Explore SIGN UP FOR NEWSLETTERS 
Want more news? Sign up for free newsletters to get more of the AJC delivered to your inbox. 
Before they close out the chapter on the day, successful people typically have a routine that they follow. They have a set of actions and activities that inspire, refresh and renew passion for their business plans and personal life goals. Before you go to bed, try these 10 things so that you can wake up ready to tackle the day ahead. 
There are no comments yet. Be the first to post your thoughts. Sign in or register . Most Read 
Need a Profile? Register Now. {* #userInformationForm *} Forgot your password? {* traditionalSignIn_password *} {* traditionalSignIn_signInButton *} {* /userInformationForm *} Sign in using your existing account {* loginWidget *} 
Need a Profile? Register Now. {* #userInformationForm *} Forgot your password? {* traditionalSignIn_password *} {* traditionalSignIn_signInButton *} {* /userInformationForm *} Sign in using your existing account {* loginWidget *} 
Need a Profile? Register Now. {* #userInformationForm *} Forgot your password? {* traditionalSignIn_password *} {* traditionalSignIn_signInButton *} {* /userInformationForm *} Sign in using your existing account {* loginWidget *} Please confirm the information below before signing in. *Required By submitting your registration information, you agree to our Visitor Agreement and Privacy Policy . {* socialRegistration_signInButton *} {* /socialRegistrationForm *} {* #registrationForm *} {* traditionalRegistration_emailAddress *} {* traditionalRegistration_password *} {* traditionalRegistration_passwordConfirm *} {* traditionalRegistration_displayName *} By submitting your registration information, you agree to our Visitor Agreement and Privacy Policy . {* createAccountButton *} {* /registrationForm *} {* #registrationFormBlank *} {* traditionalRegistration_emailAddressBlank *} {* traditionalRegistration_passwordBlank *} {* traditionalRegistration_passwordConfirmBlank *} {* traditionalRegistration_displayName *} By submitting your registration information, you agree to our Visitor Agreement and Privacy Policy . {* createAccountButton *} {* /registrationForm *} Just One More Thing... 
We have sent you a verification email. Please check your email and click on the link to activate your profile. 
If you do not receive the verification message within a few minutes of signing up, please check your Spam or Junk folder. Close Thank you for registering! 
We look forward to seeing you on [website] frequently. Visit us and sign in to update your profile, receive the latest news and keep up to date with mobile alerts. 
Click here to return to the page you were visiting. Create a new password 
Don&apos;t worry, it happens. We&apos;ll send you a link to create a new password. {* #forgotPasswordForm *} {* forgotPassword_emailAddress *} {* forgotPassword_sendButton *} {* /forgotPasswordForm *}
</topic_text>
<spam_score>0.00</spam_score>
<post_num>1</post_num>
<post_id>post-1</post_id>
<post_url>http://www.ajc.com/feed/classifieds/jobs/10-things-highly-successful-people-do-before-going/fCMTr3/</post_url>
<post_date>20160512</post_date>
<post_time>1402</post_time>
<username></username>
<post>
10 things highly successful people do before going to sleep 6:07 a.m. Thursday, May 12, 2016 by Business Insider | Filed in: Business Explore SIGN UP FOR NEWSLETTERS 
Want more news? Sign up for free newsletters to get more of the AJC delivered to your inbox. 
Before they close out the chapter on the day, successful people typically have a routine that they follow. They have a set of actions and activities that inspire, refresh and renew passion for their business plans and personal life goals. Before you go to bed, try these 10 things so that you can wake up ready to tackle the day ahead. 
There are no comments yet. Be the first to post your thoughts. Sign in or register . Most Read 
Need a Profile? Register Now. {* #userInformationForm *} Forgot your password? {* traditionalSignIn_password *} {* traditionalSignIn_signInButton *} {* /userInformationForm *} Sign in using your existing account {* loginWidget *} 
Need a Profile? Register Now. {* #userInformationForm *} Forgot your password? {* traditionalSignIn_password *} {* traditionalSignIn_signInButton *} {* /userInformationForm *} Sign in using your existing account {* loginWidget *} 
Need a Profile? Register Now. {* #userInformationForm *} Forgot your password? {* traditionalSignIn_password *} {* traditionalSignIn_signInButton *} {* /userInformationForm *} Sign in using your existing account {* loginWidget *} Please confirm the information below before signing in. *Required By submitting your registration information, you agree to our Visitor Agreement and Privacy Policy . {* socialRegistration_signInButton *} {* /socialRegistrationForm *} {* #registrationForm *} {* traditionalRegistration_emailAddress *} {* traditionalRegistration_password *} {* traditionalRegistration_passwordConfirm *} {* traditionalRegistration_displayName *} By submitting your registration information, you agree to our Visitor Agreement and Privacy Policy . {* createAccountButton *} {* /registrationForm *} {* #registrationFormBlank *} {* traditionalRegistration_emailAddressBlank *} {* traditionalRegistration_passwordBlank *} {* traditionalRegistration_passwordConfirmBlank *} {* traditionalRegistration_displayName *} By submitting your registration information, you agree to our Visitor Agreement and Privacy Policy . {* createAccountButton *} {* /registrationForm *} Just One More Thing... 
We have sent you a verification email. Please check your email and click on the link to activate your profile. 
If you do not receive the verification message within a few minutes of signing up, please check your Spam or Junk folder. Close Thank you for registering! 
We look forward to seeing you on [website] frequently. Visit us and sign in to update your profile, receive the latest news and keep up to date with mobile alerts. 
Click here to return to the page you were visiting. Create a new password 
Don&apos;t worry, it happens. We&apos;ll send you a link to create a new password. {* #forgotPasswordForm *} {* forgotPassword_emailAddress *} {* forgotPassword_sendButton *} {* /forgotPasswordForm *}
</post>
<signature>

</signature>
<external_links>

</external_links>
<country>US</country>
<main_image>http://media.cmgdigital.com/shared/img/photos/2016/05/12/41/1e/tmptlbh72-mdly-photo.jpg</main_image>
</document>
