<?xml version="1.0" encoding="UTF-8"?>
<document>
<type>mainstream</type>
<forum></forum>
<forum_title></forum_title>
<discussion_title>The female portrait: photography by american women - Vogue.it</discussion_title>
<language>english</language>
<gmt_offset></gmt_offset>
<topic_url>http://www.vogue.it/moda/gioielli-orologi/2016/05/12/the-female-portrait-photography-by-american-women/</topic_url>
<topic_text>
8 photos View Gallery The female portrait: photography by american women Tiffany &amp; Co., per celebrare l’apertura del nuovo flagship store nella Capitale, ospita una mostra fotografica tutta al femminile Fashion / Jewellery &amp; watches / The female portrait: photography by american women May 12, 2016 4:21 PM by Massimiliano Sortino 
Tiffany &amp; Co . ha inaugurato ieri la nuova boutique a Roma in Via dei Condotti. Per festeggiare l’evento il marchio di gioielli ha ospitato una mostra fotografica dal titolo The Female Portrait: Photography by American Women , che comprende le opere delle artiste americane pioniere nel campo della fotografia. Più di 30 opere delle più grandi artiste del Ventesimo secolo che attraverso la fotografia, hanno rotto i confini in un campo dominato dagli uomini e le cui immagini catturano uno sguardo unico della figura femminile in età moderna. Da Diane Arbus a Margaret Bourke White , da Linda McCartney a Annie Leibovitz , fino a Cindy Sherman e Nan Goldin . 
Tiffany &amp; Co . infatti, fin dalla sua fondazione, ha sempre sostenuto le attività culturali che celebrano l’arte, il design e la cultura. Questa mostra, a cura di Denis Curti , che riunisce la missione culturale di Tiffany e lo spirito di innovazione su scala globale, sarà aperta al pubblico dal 13 al 29 maggio presso Space Gallery Tiffany in Via del Babuino 118 . 
Nelle stesse date si potranno ammirare presso il nuovo store romano del marchio di alta gioielleria in Via dei Condotti anche alcune creazioni che fanno parte dell’ archivio storico di Tiffany: gioielli unici creati negli anni ’20 e ’50. More 
</topic_text>
<spam_score>0.00</spam_score>
<post_num>1</post_num>
<post_id>post-1</post_id>
<post_url>http://www.vogue.it/moda/gioielli-orologi/2016/05/12/the-female-portrait-photography-by-american-women/</post_url>
<post_date>20160512</post_date>
<post_time></post_time>
<username></username>
<post>
8 photos View Gallery The female portrait: photography by american women Tiffany &amp; Co., per celebrare l’apertura del nuovo flagship store nella Capitale, ospita una mostra fotografica tutta al femminile Fashion / Jewellery &amp; watches / The female portrait: photography by american women May 12, 2016 4:21 PM by Massimiliano Sortino 
Tiffany &amp; Co . ha inaugurato ieri la nuova boutique a Roma in Via dei Condotti. Per festeggiare l’evento il marchio di gioielli ha ospitato una mostra fotografica dal titolo The Female Portrait: Photography by American Women , che comprende le opere delle artiste americane pioniere nel campo della fotografia. Più di 30 opere delle più grandi artiste del Ventesimo secolo che attraverso la fotografia, hanno rotto i confini in un campo dominato dagli uomini e le cui immagini catturano uno sguardo unico della figura femminile in età moderna. Da Diane Arbus a Margaret Bourke White , da Linda McCartney a Annie Leibovitz , fino a Cindy Sherman e Nan Goldin . 
Tiffany &amp; Co . infatti, fin dalla sua fondazione, ha sempre sostenuto le attività culturali che celebrano l’arte, il design e la cultura. Questa mostra, a cura di Denis Curti , che riunisce la missione culturale di Tiffany e lo spirito di innovazione su scala globale, sarà aperta al pubblico dal 13 al 29 maggio presso Space Gallery Tiffany in Via del Babuino 118 . 
Nelle stesse date si potranno ammirare presso il nuovo store romano del marchio di alta gioielleria in Via dei Condotti anche alcune creazioni che fanno parte dell’ archivio storico di Tiffany: gioielli unici creati negli anni ’20 e ’50. More 
</post>
<signature>

</signature>
<external_links>

</external_links>
<country>IE</country>
<main_image>http://images.vogue.it/wp-content/uploads/2016/05/12182101/01_Eve-Arnold-Jackie6431F9squared-534x800.jpg</main_image>
</document>
