<?xml version="1.0" encoding="UTF-8"?>
<document>
<type>mainstream</type>
<forum></forum>
<forum_title></forum_title>
<discussion_title>Beauty limits - Vogue.it</discussion_title>
<language>italian</language>
<gmt_offset></gmt_offset>
<topic_url>http://www.vogue.it/bellezza/tendenze-news/2016/05/12/beauty-limits/</topic_url>
<topic_text>
by Vittoria Filippi Gabardi 
Soluzioni per ogni problema. Sopracciglia rade o too wild, discromie, rosacea, vitiligine. Un po’ di contouring e qualche trick per sublimare un difetto. «In realtà le sopracciglia folte non sono un difetto. Questo è il loro momento! Vanno molto di moda. In caso di inestetismo, però, si deve assolutamente intervenire con l’epilazione. Per chi invece non potesse, magari per questioni lavorative (penso a modelle, attrici), le sopracciglia si possono ordinare con gel trasparenti: in questo modo si riescono a modellare, a ridurre. Si può abbassarle, anche semplicemente pettinandole. In caso di problematica contraria possiamo rinfoltire ulteriormente conferendo una forma più regolare e uniforme», spiega Fabrizio Paci, coach trainer Make Up For Ever Italia . Come? «Aggiungiamo colore e aumentiamo l’effetto “liftaggio” con un punto luce nell’arco sopraccigliare. Abbiamo una matita 3-in-1 fatta apposta: serve a risaltare l’ala di gabbiano e ad alzare tutto». 4 photos View Gallery 
Questo perché dedica al contouring e allo sculpting del viso, e delle sopracciglia in particolare, parecchia attenzione. Accorgimenti tecnici? «Per correggere linee troppo folte consiglio di pulirle partendo dall’osso sopraccigliare inferiore. Avendo creato la linea sculpting abbiamo matite che hanno da una parte il colore che permette di correggere a livello cromatico e dall’altra un pettinino per ridisciplinare. A volte basta davvero un po’ di ordine e poi fissare tutto con il gel per raggiungere la perfezione». Fabrizio Paci, make-up artist. Macchie , piccole cicatrici, qualcosa che vorresti cancellare . «Il concetto della pigmentazione è abbastanza esteso: dalla profondità del pigmento capiamo quanto deve essere aggressivo il metodo per trattarlo. Più andiamo in profondità e ci avviciniamo al derma più rischiamo di fare danni. La macchia va via ma rimane un bianco discromico. Per quelle più gravi si può usare il laser, ma si tratta di una minima percentuale. Altrimenti è perfetto il peeling. Ce ne sono di vari tipi: da quello all’acido salicilico a quello con il Tca (acido tricloracetico) al 15%, o più pesante al 25%, in genere lo usiamo per cicatrici da acne e problematiche più pesanti. Ma le macchie si possono trattare anche con procedure “plexr” che stiamo utilizzando di più rispetto al laser perché meno pericolose». 
Tra le novità della medicina estetica, interventi non invasivi che riescano a correggere piccoli difetti? «Parlerei della Tecar Sin, macchinario già presente in fisioterapia, nella riabilitazione (stimola la rigenerazione tessutale, guarisce in un terzo del tempo): sfrutta tre principi e ha vari usi a seconda dei prodotti che utilizzo di volta in volta. Importantissima per la lassità, il cedimento del viso. In questo caso posso utilizzare acido ialuronico, sostanze che penetrano per via transdermica. More 
</topic_text>
<spam_score>0.00</spam_score>
<post_num>1</post_num>
<post_id>post-1</post_id>
<post_url>http://www.vogue.it/bellezza/tendenze-news/2016/05/12/beauty-limits/</post_url>
<post_date>20160512</post_date>
<post_time></post_time>
<username></username>
<post>
by Vittoria Filippi Gabardi 
Soluzioni per ogni problema. Sopracciglia rade o too wild, discromie, rosacea, vitiligine. Un po’ di contouring e qualche trick per sublimare un difetto. «In realtà le sopracciglia folte non sono un difetto. Questo è il loro momento! Vanno molto di moda. In caso di inestetismo, però, si deve assolutamente intervenire con l’epilazione. Per chi invece non potesse, magari per questioni lavorative (penso a modelle, attrici), le sopracciglia si possono ordinare con gel trasparenti: in questo modo si riescono a modellare, a ridurre. Si può abbassarle, anche semplicemente pettinandole. In caso di problematica contraria possiamo rinfoltire ulteriormente conferendo una forma più regolare e uniforme», spiega Fabrizio Paci, coach trainer Make Up For Ever Italia . Come? «Aggiungiamo colore e aumentiamo l’effetto “liftaggio” con un punto luce nell’arco sopraccigliare. Abbiamo una matita 3-in-1 fatta apposta: serve a risaltare l’ala di gabbiano e ad alzare tutto». 4 photos View Gallery 
Questo perché dedica al contouring e allo sculpting del viso, e delle sopracciglia in particolare, parecchia attenzione. Accorgimenti tecnici? «Per correggere linee troppo folte consiglio di pulirle partendo dall’osso sopraccigliare inferiore. Avendo creato la linea sculpting abbiamo matite che hanno da una parte il colore che permette di correggere a livello cromatico e dall’altra un pettinino per ridisciplinare. A volte basta davvero un po’ di ordine e poi fissare tutto con il gel per raggiungere la perfezione». Fabrizio Paci, make-up artist. Macchie , piccole cicatrici, qualcosa che vorresti cancellare . «Il concetto della pigmentazione è abbastanza esteso: dalla profondità del pigmento capiamo quanto deve essere aggressivo il metodo per trattarlo. Più andiamo in profondità e ci avviciniamo al derma più rischiamo di fare danni. La macchia va via ma rimane un bianco discromico. Per quelle più gravi si può usare il laser, ma si tratta di una minima percentuale. Altrimenti è perfetto il peeling. Ce ne sono di vari tipi: da quello all’acido salicilico a quello con il Tca (acido tricloracetico) al 15%, o più pesante al 25%, in genere lo usiamo per cicatrici da acne e problematiche più pesanti. Ma le macchie si possono trattare anche con procedure “plexr” che stiamo utilizzando di più rispetto al laser perché meno pericolose». 
Tra le novità della medicina estetica, interventi non invasivi che riescano a correggere piccoli difetti? «Parlerei della Tecar Sin, macchinario già presente in fisioterapia, nella riabilitazione (stimola la rigenerazione tessutale, guarisce in un terzo del tempo): sfrutta tre principi e ha vari usi a seconda dei prodotti che utilizzo di volta in volta. Importantissima per la lassità, il cedimento del viso. In questo caso posso utilizzare acido ialuronico, sostanze che penetrano per via transdermica. More 
</post>
<signature>

</signature>
<external_links>

</external_links>
<country>IE</country>
<main_image>http://images.vogue.it/wp-content/uploads/2016/05/10192844/frame1280.jpg</main_image>
</document>
