<?xml version="1.0" encoding="UTF-8"?>
<document>
<type>mainstream</type>
<forum>http://www.news9.com/category/13533/international-news?clienttype=rss</forum>
<forum_title>news9.com KWTV - International - Headline</forum_title>
<discussion_title>The Latest: French opposition: Reform doesn&apos;t go far enough</discussion_title>
<language>english</language>
<gmt_offset></gmt_offset>
<topic_url>http://www.news9.com/story/31956639/the-latest-french-opposition-reform-doesnt-go-far-enough</topic_url>
<topic_text>
The Latest: French opposition: Reform doesn&apos;t go far enough - News9.com - Oklahoma City, OK - News, Weather, Video and Sports | The Latest: French opposition: Reform doesn&apos;t go far enough Posted: Updated: (Christophe Petit-Tesson/Pool Photo via AP). French President Francois Hollande is welcomed by Prodways CEO Raphael Gorge, right, prior to his visit at Prodways company headquarters in Les Mureaux, outside Paris, France, Thursday, April 12, 2016. Prodw... (Christophe Petit-Tesson/Pool Photo via AP). French President Francois Hollande, left, speaks with Prodways employees during a visit at Prodways company headquarters in Les Mureaux, outside Paris, France, Thursday, April 12, 2016. Prodways is a design... Updated: Thursday, May 12 2016 12:23 PM EDT 2016-05-12 16:23:09 GMT By CARLA K. JOHNSON AP Medical Writer Medical experts say the results of Prince&apos;s autopsy - particularly the toxicology report - may clarify whether prescription painkillers played any part in... More &gt;&gt; By CARLA K. JOHNSON AP Medical Writer Medical experts say the results of Prince&apos;s autopsy - particularly the toxicology report - may clarify whether prescription painkillers played any part in his death. More &gt;&gt; Updated: Thursday, May 12 2016 12:22 PM EDT 2016-05-12 16:22:50 GMT A federal appeals court on Thursday explored the question of who was in charge, the U.S. military or civilian interrogators, when four former Iraqi detainees claim they were tortured at the notorious Abu Ghraib... More &gt;&gt; A federal appeals court on Thursday explored the question of who was in charge, the U.S. military or civilian interrogators, when four former Iraqi detainees claim they were tortured at the notorious Abu Ghraib prison. More &gt;&gt; Updated: Thursday, May 12 2016 12:22 PM EDT 2016-05-12 16:22:48 GMT Works by Claude Monet, Frida Kahlo and Pablo Picasso and other perennial favorites are going on the auction block at Christie&apos;s sale of impressionist and modern art Thursday night. More &gt;&gt; Works by Claude Monet, Frida Kahlo, Pablo Picasso and other perennial favorites are going on the auction block at Christie&apos;s sale of impressionist and modern art Thursday night. More &gt;&gt; Updated: Thursday, May 12 2016 12:22 PM EDT 2016-05-12 16:22:45 GMT For the second time in less than two weeks, a once-powerful New York politician is facing sentencing in a spate of corruption cases that have roiled Albany. More &gt;&gt; A once-powerful New York politician convicted of using his position as Senate majority leader to pressure companies to provide hundreds of thousands of dollars for his son was sentenced Thursday to five years in prison,... More &gt;&gt; Updated: Thursday, May 12 2016 12:15 PM EDT 2016-05-12 16:15:34 GMT Robert Hewett says life has been &quot;terrible&quot; in the year since he was thrown from the front car of Amtrak Train 188 when it jumped the tracks in Philadelphia. More &gt;&gt; Robert Hewett says life has been &quot;terrible&quot; in the year since he was thrown from the front car of Amtrak Train 188 when it jumped the tracks in Philadelphia. More &gt;&gt; Thursday, May 12 2016 12:13 PM EDT 2016-05-12 16:13:06 GMT In cities across America, the middle class is hollowing out. More &gt;&gt; In cities across America, the middle class is hollowing out. More &gt;&gt; Updated: Thursday, May 12 2016 12:13 PM EDT 2016-05-12 16:13:05 GMT University of Texas System regents are expected to consider rules allowing concealed handguns in campus classrooms and buildings. More &gt;&gt; University of Texas System regents have postponed until July a vote on proposed rules allowing concealed handguns in campus buildings due to concerns that some might be too restrictive. More &gt;&gt; Updated: Thursday, May 12 2016 12:13 PM EDT 2016-05-12 16:13:01 GMT Hunters soon could be chasing grizzly bears across the ridges of the Rocky Mountains, leaving three states to come up with plans to ensure the iconic species won&apos;t be snuffed out so soon after recovering from... More &gt;&gt; Hunters soon could be chasing grizzly bears across the ridges of the Rocky Mountains, leaving three states to drum up plans to ensure the iconic species won&apos;t be snuffed out soon after recovering from threats to their... More &gt;&gt; Updated: Thursday, May 12 2016 12:03 PM EDT 2016-05-12 16:03:20 GMT A federal appeals court delayed the execution of an Alabama inmate on Thursday, saying there should be more time to review his claim that he is no longer competent because of strokes and dementia. More &gt;&gt; A federal appeals court delayed the execution of an Alabama inmate on Thursday, saying there should be more time to review his claim that he is no longer competent because of strokes and dementia. More &gt;&gt; Updated: Thursday, May 12 2016 11:52 AM EDT 2016-05-12 15:52:50 GMT The Latest on a high-speed police pursuit from Massachusetts to New Hampshire caught on videotape that showed police appearing to pummel a suspect who looked to be surrendering (all times local): More &gt;&gt; The Latest on a high-speed police pursuit from Massachusetts to New Hampshire caught on video that showed police pummeling a suspect who appeared to be surrendering (all times local): More &gt;&gt; More &gt;&gt; 
PARIS (AP) - The Latest on the French government facing a no-confidence vote over labor law, and protests against the legislation (all times local): 
6:05 p.m. 
The head of the opposition conservatives in the lower house of parliament has criticized France&apos;s divisive labor reform legislation, saying it doesn&apos;t go far enough to open up the country&apos; economy. 
Christian Jacob says the bill is &quot;empty&quot; and the decision of the Socialist government to use special measure to pass it without a vote is &quot;appalling.&quot; 
Jacob spoke to lawmakers as Socialist Prime Minister Manuel Valls faces a no-confidence vote. 
Jacob says &quot;if the no-confidence vote fails, it will only remain for the French people to count the days, to feverishly count the days until the political change,&quot; in a reference to the 2017 presidential election. 
___ 
4:50 p.m. 
French police have fired tear gas to disperse protesters and quash minor clashes among crowds at demonstrations across the country against labor reforms. 
Tensions are particularly high Thursday as the government faces a no-confidence vote over the bill, which extends working hours and makes layoffs easier. 
A rain-drenched march through Paris was largely peaceful but police fired tear gas at some rowdy demonstrators. Similar scenes played out in Marseille on the Mediterranean, and Nantes on the Atlantic Coast. 
Critics of the reform have held protests for the past two months, which sometimes degenerate into violence between projectile-throwing youths and police. 
___ 
3:55 p.m. 
Tens of thousands of protesters are marching through the streets of Paris to denounce a hotly contested labor reform bill the French government is trying to force through parliament. 
The head of the FO trade union, Jean-Claude Mailly, says the government &quot;doesn&apos;t have a majority in parliament, including on Socialist benches and they say the law is about social progress. It&apos;s totally anachronistic.&quot; 
The crowd, surrounded by a large police presence, has left the Denfert-Rochereau plaza, in southern Paris, to walk toward the parliament&apos;s lower house, where the government will face a no-confidence vote later Thursday. 
The reform has prompted violent protest across the country in recent weeks. 
___ 
3:40 p.m. 
French President Francois Hollande says the government&apos;s contested labor reform aims to maintain workers&apos; rights while at the same time gives more flexibility to businesses to adapt to a globalized world. 
Hollande said the bill &quot;is designed for employees and for business leaders. I don&apos;t want to oppose them.&quot; He made the remarks during a visit to a French company specializing in 3-D printing, hours before the government faces a no-confidence vote. 
Hollande has especially advocated one of the most contested measures of the bill that would give priority to company deals over industry-wide deals to organize the working hours of employees. 
Hollande says &quot;it&apos;s better when responsible unionists and a committed management are able to lay down the working rules.&quot; 
The French president insisted that the reform wouldn&apos;t jeopardize workers protection legislation. 
___ 
9:50 a.m. 
France&apos;s government is facing a major test as lawmakers hold a no-confidence vote, prompted by a deeply divisive labor law allowing longer workdays and easier layoffs. 
Facing legislative gridlock and daily protests around the country, the Socialist government decided to force the bill through Parliament without a vote. 
The conservative opposition objected, prompting a no-confidence vote Thursday. The legislation is not technically adopted unless the government survives that vote. 
Prime Minister Manuel Valls and his government are likely to survive, but labor standoff has torn apart the Socialists and further damaged their chances at keeping the presidency in next year&apos;s elections. 
More street protests are planned Thursday. Copyright 2016 The Associated Press. All rights reserved. This material may not be published, broadcast, rewritten or redistributed. News 9 Oklahoma City, OK 73111 OKLAHOMA CITY&apos;S OWN TM Oklahoma&apos;s Own News9.com is proud to provide Oklahomans with timely and relevant news and information, sharing the stories, pictures and loves of Oklahomans across our great state including Oklahoma City&apos;s Own.
</topic_text>
<spam_score>0.00</spam_score>
<post_num>1</post_num>
<post_id>post-1</post_id>
<post_url>http://www.news9.com/story/31956639/the-latest-french-opposition-reform-doesnt-go-far-enough</post_url>
<post_date>20160512</post_date>
<post_time>1613</post_time>
<username></username>
<post>
The Latest: French opposition: Reform doesn&apos;t go far enough - News9.com - Oklahoma City, OK - News, Weather, Video and Sports | The Latest: French opposition: Reform doesn&apos;t go far enough Posted: Updated: (Christophe Petit-Tesson/Pool Photo via AP). French President Francois Hollande is welcomed by Prodways CEO Raphael Gorge, right, prior to his visit at Prodways company headquarters in Les Mureaux, outside Paris, France, Thursday, April 12, 2016. Prodw... (Christophe Petit-Tesson/Pool Photo via AP). French President Francois Hollande, left, speaks with Prodways employees during a visit at Prodways company headquarters in Les Mureaux, outside Paris, France, Thursday, April 12, 2016. Prodways is a design... Updated: Thursday, May 12 2016 12:23 PM EDT 2016-05-12 16:23:09 GMT By CARLA K. JOHNSON AP Medical Writer Medical experts say the results of Prince&apos;s autopsy - particularly the toxicology report - may clarify whether prescription painkillers played any part in... More &gt;&gt; By CARLA K. JOHNSON AP Medical Writer Medical experts say the results of Prince&apos;s autopsy - particularly the toxicology report - may clarify whether prescription painkillers played any part in his death. More &gt;&gt; Updated: Thursday, May 12 2016 12:22 PM EDT 2016-05-12 16:22:50 GMT A federal appeals court on Thursday explored the question of who was in charge, the U.S. military or civilian interrogators, when four former Iraqi detainees claim they were tortured at the notorious Abu Ghraib... More &gt;&gt; A federal appeals court on Thursday explored the question of who was in charge, the U.S. military or civilian interrogators, when four former Iraqi detainees claim they were tortured at the notorious Abu Ghraib prison. More &gt;&gt; Updated: Thursday, May 12 2016 12:22 PM EDT 2016-05-12 16:22:48 GMT Works by Claude Monet, Frida Kahlo and Pablo Picasso and other perennial favorites are going on the auction block at Christie&apos;s sale of impressionist and modern art Thursday night. More &gt;&gt; Works by Claude Monet, Frida Kahlo, Pablo Picasso and other perennial favorites are going on the auction block at Christie&apos;s sale of impressionist and modern art Thursday night. More &gt;&gt; Updated: Thursday, May 12 2016 12:22 PM EDT 2016-05-12 16:22:45 GMT For the second time in less than two weeks, a once-powerful New York politician is facing sentencing in a spate of corruption cases that have roiled Albany. More &gt;&gt; A once-powerful New York politician convicted of using his position as Senate majority leader to pressure companies to provide hundreds of thousands of dollars for his son was sentenced Thursday to five years in prison,... More &gt;&gt; Updated: Thursday, May 12 2016 12:15 PM EDT 2016-05-12 16:15:34 GMT Robert Hewett says life has been &quot;terrible&quot; in the year since he was thrown from the front car of Amtrak Train 188 when it jumped the tracks in Philadelphia. More &gt;&gt; Robert Hewett says life has been &quot;terrible&quot; in the year since he was thrown from the front car of Amtrak Train 188 when it jumped the tracks in Philadelphia. More &gt;&gt; Thursday, May 12 2016 12:13 PM EDT 2016-05-12 16:13:06 GMT In cities across America, the middle class is hollowing out. More &gt;&gt; In cities across America, the middle class is hollowing out. More &gt;&gt; Updated: Thursday, May 12 2016 12:13 PM EDT 2016-05-12 16:13:05 GMT University of Texas System regents are expected to consider rules allowing concealed handguns in campus classrooms and buildings. More &gt;&gt; University of Texas System regents have postponed until July a vote on proposed rules allowing concealed handguns in campus buildings due to concerns that some might be too restrictive. More &gt;&gt; Updated: Thursday, May 12 2016 12:13 PM EDT 2016-05-12 16:13:01 GMT Hunters soon could be chasing grizzly bears across the ridges of the Rocky Mountains, leaving three states to come up with plans to ensure the iconic species won&apos;t be snuffed out so soon after recovering from... More &gt;&gt; Hunters soon could be chasing grizzly bears across the ridges of the Rocky Mountains, leaving three states to drum up plans to ensure the iconic species won&apos;t be snuffed out soon after recovering from threats to their... More &gt;&gt; Updated: Thursday, May 12 2016 12:03 PM EDT 2016-05-12 16:03:20 GMT A federal appeals court delayed the execution of an Alabama inmate on Thursday, saying there should be more time to review his claim that he is no longer competent because of strokes and dementia. More &gt;&gt; A federal appeals court delayed the execution of an Alabama inmate on Thursday, saying there should be more time to review his claim that he is no longer competent because of strokes and dementia. More &gt;&gt; Updated: Thursday, May 12 2016 11:52 AM EDT 2016-05-12 15:52:50 GMT The Latest on a high-speed police pursuit from Massachusetts to New Hampshire caught on videotape that showed police appearing to pummel a suspect who looked to be surrendering (all times local): More &gt;&gt; The Latest on a high-speed police pursuit from Massachusetts to New Hampshire caught on video that showed police pummeling a suspect who appeared to be surrendering (all times local): More &gt;&gt; More &gt;&gt; 
PARIS (AP) - The Latest on the French government facing a no-confidence vote over labor law, and protests against the legislation (all times local): 
6:05 p.m. 
The head of the opposition conservatives in the lower house of parliament has criticized France&apos;s divisive labor reform legislation, saying it doesn&apos;t go far enough to open up the country&apos; economy. 
Christian Jacob says the bill is &quot;empty&quot; and the decision of the Socialist government to use special measure to pass it without a vote is &quot;appalling.&quot; 
Jacob spoke to lawmakers as Socialist Prime Minister Manuel Valls faces a no-confidence vote. 
Jacob says &quot;if the no-confidence vote fails, it will only remain for the French people to count the days, to feverishly count the days until the political change,&quot; in a reference to the 2017 presidential election. 
___ 
4:50 p.m. 
French police have fired tear gas to disperse protesters and quash minor clashes among crowds at demonstrations across the country against labor reforms. 
Tensions are particularly high Thursday as the government faces a no-confidence vote over the bill, which extends working hours and makes layoffs easier. 
A rain-drenched march through Paris was largely peaceful but police fired tear gas at some rowdy demonstrators. Similar scenes played out in Marseille on the Mediterranean, and Nantes on the Atlantic Coast. 
Critics of the reform have held protests for the past two months, which sometimes degenerate into violence between projectile-throwing youths and police. 
___ 
3:55 p.m. 
Tens of thousands of protesters are marching through the streets of Paris to denounce a hotly contested labor reform bill the French government is trying to force through parliament. 
The head of the FO trade union, Jean-Claude Mailly, says the government &quot;doesn&apos;t have a majority in parliament, including on Socialist benches and they say the law is about social progress. It&apos;s totally anachronistic.&quot; 
The crowd, surrounded by a large police presence, has left the Denfert-Rochereau plaza, in southern Paris, to walk toward the parliament&apos;s lower house, where the government will face a no-confidence vote later Thursday. 
The reform has prompted violent protest across the country in recent weeks. 
___ 
3:40 p.m. 
French President Francois Hollande says the government&apos;s contested labor reform aims to maintain workers&apos; rights while at the same time gives more flexibility to businesses to adapt to a globalized world. 
Hollande said the bill &quot;is designed for employees and for business leaders. I don&apos;t want to oppose them.&quot; He made the remarks during a visit to a French company specializing in 3-D printing, hours before the government faces a no-confidence vote. 
Hollande has especially advocated one of the most contested measures of the bill that would give priority to company deals over industry-wide deals to organize the working hours of employees. 
Hollande says &quot;it&apos;s better when responsible unionists and a committed management are able to lay down the working rules.&quot; 
The French president insisted that the reform wouldn&apos;t jeopardize workers protection legislation. 
___ 
9:50 a.m. 
France&apos;s government is facing a major test as lawmakers hold a no-confidence vote, prompted by a deeply divisive labor law allowing longer workdays and easier layoffs. 
Facing legislative gridlock and daily protests around the country, the Socialist government decided to force the bill through Parliament without a vote. 
The conservative opposition objected, prompting a no-confidence vote Thursday. The legislation is not technically adopted unless the government survives that vote. 
Prime Minister Manuel Valls and his government are likely to survive, but labor standoff has torn apart the Socialists and further damaged their chances at keeping the presidency in next year&apos;s elections. 
More street protests are planned Thursday. Copyright 2016 The Associated Press. All rights reserved. This material may not be published, broadcast, rewritten or redistributed. News 9 Oklahoma City, OK 73111 OKLAHOMA CITY&apos;S OWN TM Oklahoma&apos;s Own News9.com is proud to provide Oklahomans with timely and relevant news and information, sharing the stories, pictures and loves of Oklahomans across our great state including Oklahoma City&apos;s Own.
</post>
<signature>

</signature>
<external_links>

</external_links>
<country>US</country>
<main_image>http://images.worldnow.com/AP/images/10539964_G.jpg</main_image>
</document>
