<?xml version="1.0" encoding="UTF-8"?>
<document>
<type>mainstream</type>
<forum></forum>
<forum_title></forum_title>
<discussion_title>Napoli, il Giubileo degli sportivi con Perez ed altri campioni - PUPIA - Calcio - SSC Napoli notizie - NewsLocker</discussion_title>
<language>italian</language>
<gmt_offset></gmt_offset>
<topic_url>http://www.newslocker.com/it-it/sport/calcio-ssc-napoli/napoli-il-giubileo-degli-sportivi-con-perez-ed-altri-campioni-pupia/</topic_url>
<topic_text>
Napoli, il Giubileo degli sportivi con Perez ed altri campioni PUPIA Napoli – Celebrato a Napoli il Giubileo degli sportivi. Dopo l&apos;apertura, in mattinata, del Villaggio dello Sport in piazza Dante, organizzato e curato dal Coni, con campi da gioco, stand vari, tende della preghiera e delle confessioni, alle 18 è ...altro » Lettieri all&apos;AdnKronos: &quot;A Napoli porterò 600 nuovi autobus e corpo ... Adnkronos &quot;Ho presentato un programma in 10 punti, ho avuto dei gazebo in ogni quartiere. Cinque anni fa, prima della iattura de Magistris, a Napoli circolavano 600 autobus. Oggi, da quando c&apos;è de Magistris, circolano 200 autobus... La gente aspetta un&apos;ora e ...altro » Napoli, manutenzione stradale: partono i lavori in via Jannelli Il Mattino NAPOLI - Lunedì 16 maggio avranno inizio i lavori di manutenzione di via Jannelli a Napoli che prevedono, tra l&apos;altro, la riqualificazione del manto stradale mediante fresatura del tappetino e del sottofondo, risagomatura delle pendenze stradali, posa ...altro » Provveditorato alle opere pubbliche, anche a Napoli porte aperte a ... La Repubblica Provveditorato alle opere pubbliche, anche a Napoli porte aperte a &quot;Garanzia giovani&quot; Giovani al lavoro Al via il “Piano di intervento europeo per combattere la disoccupazione giovanile” al Provveditorato interregionale alle opere pubbliche di Napoli ... Napoli, effettuato il sorteggio: Valente per prima nella scheda ... Il Mattino Sarà Valeria Valente, candidata del Pd la prima nella scheda azzurra per le comunali di Napoli. Nella Commissione circondariale elettorale, dopo i controlli delle 47 liste presentate in tutto, è stato effettuato il sorteggio. A sostenere la Valente, ci ... Valente all&apos;AdnKronos: &quot;Napoli merita di più, il problema non è ...Adnkronos Elezioni Napoli, firme di mortiCorriere del Mez Napoli, crivellato di colpi in strada: riscuoteva il pizzo per il clan Il Mattino«Fate presto, fate presto, gli hanno sparato». Pochi minuti dopo le 15 una Citroen nera si ferma davanti al pronto soccorso dell&apos;ospedale San Paolo, un uomo esce velocemente e si sbraccia per attirare l&apos;attenzione degli infermieri. Nell&apos;abitacolo ... Napoli, agguato in strada Soccavo: ucciso il pregiudicato Stefano ...Crimeblog.it (Blog) Napoli, uomo ucciso da due sicari in un agguatoTGCOMtu Storici librai di Napoli, scomparso Geppino Guida Addio ai «baffi ... Corriere del Mezzogiorno Addio ai baffi sapienti di Guida Merliani. Quattro anni dopo la chiusura della sua storica libreria al Vomero, è morto nella notte tra mercoledì e giovedì Giuseppe Guida, per tutti Geppino, amatissimo dai clienti e da tutti i napoletani che avevano ...altro » &quot;Bike Sharing Napoli&quot; addio, il progetto è bloccato da sette mesi La Repubblica Abbandonate e vandalizzate le ciclostazioni. Il servizio doveva ripartire con l&apos;Anm, ma il Miur ancora non dà l&apos;approvazione finale. E nasce l&apos;hashtag #savebikesharingnapoli. di PAOLO DE LUCA. 12 maggio 2016. &quot;Bike Sharing Napoli&quot; addio, il progetto è ... Che fine ha fatto il bike sharing di Napoli?Bikeitalia.ittutte le notizie (5) » Giornata Internazionale contro l&apos;omotransfobia: le iniziative a Napoli NapoliToday Il 17 maggio Il Maschio Angioino e i colonnati di Piazza Plebiscito si illumineranno di rosa. Inoltre Arcigay Napoli promuove un&apos;intera settimana di eventi dal 15 al 22 maggio. Redazione. 12 maggio 2016 10:14. Condivisioni ...altro » San Paolo da record, il segreto del Napoli è il dodicesimo uomo La Repubblica San Paolo da record, il segreto del Napoli è il dodicesimo uomo Higuain allo stadio San Paolo (agf) La carica dei 60 mila sarà uno spettacolo nello spettacolo, come capita sempre nelle serate di gala a Fuorigrotta. Non farà eccezione quella di ... Probabili formazioni Napoli-FrosinoneStop and Goal Napoli tra Champions e record di Higuain: col Frosinone in 55milaGoal.com Napoli Napoli, tutto pronto per la Fiera della Sfogliatella: ecco dove e quando Il Mattino NAPOLI - Da Venerdì 13 a Domenica 15 Maggio si terrà a Piazza Garibaldi la Fiera della Sfogliatella per celebrare uno dei dolci più caratteristici della cucina partenopea, nato nel lontano XVIII secolo nel Monastero di Santa Rosa da Lima a Conca dei ... Fiera della sfogliatella a Piazza Garibaldi a Napoli con degustazioni ...Napoliketutte le notizie (2) » Napoli, baby-rapinatori di supermercati traditi dai loro profili Facebook Il Mattino NAPOLI - I carabinieri della compagnia di Napoli Poggioreale hanno dato esecuzione a un&apos;ordinanza di custodia cautelare (con il collocamento in comunità) emessa dal gip presso il Tribunale per i Minorenni di Napoli, su richiesta della locale Procura ...altro » L&apos;annata horror di Rafa Benitez: dall&apos;Europa col Napoli alla ... Eurosport.it Il tecnico spagnolo è protagonista di una serie di scelte e di episodi che lasciano perplessi e che portano a pensare a una sola cosa: l&apos;ultima annata solare è stata davvero un annus horribilis, decisamente da non ripetere. In principio era Rafa ...altro » Napoli, il procuratore generale Riello: &quot;Colangelo non è solo&quot; La Repubblica Napoli, il procuratore generale Riello: &quot;Colangelo non è solo&quot; Luigi Riello &quot;Giovanni Colangelo non è solo&quot;: da Luigi Riello, procuratore generale presso la Corte d&apos;Appello di Napoli &quot;incondizionata solidarietà al Procuratore della Repubblica di Napoli ... Napoli, la guerra della Polizia Stradale a WhatsApp: pioggia di multe Il Mattino NOLA. WhatsApp al volante, pericolo costante. Una cattiva e dilagante abitudine quella di chattare, scambiare foto e inviare messaggi vocali attraverso una delle applicazioni più social. Ma non solo. C&apos;è la notifica del gruppo di cucina, l&apos;appuntamento ...altro » Tritolo trovato in Puglia: «Serviva per uccidere procuratore» foto Corriere della Sera Un pentito della Sacra Corona Unita rivela il piano contro Giovanni Colangelo: la camorra progettava di ucciderlo a Gioia del Colle, dove abita. Il magistro: «Continuerò a fare il mio lavoro al servizio dello Stato» Fotostoria - I magistrati sotto ... Napoli: “Scampia è con Colangelo”Panorama Il tritolo trovato in Puglia serviva per uccider Napoli: esplosione in una palazzina in centro, morta una donna e ... Il Fatto Quotidiano L&apos;incidente, al piano terra occupato da extracomunitari, ha causato anche il crollo del pavimento degli appartamenti al primo piano dell&apos;edificio. Quando la polizia è giunta sul posto ha dovuto soccorrere alcune persone rimaste aggrappate a quello che ... Esplosione in un vicolo di Napoli: muore una donna, 4 feriti. Le ...Rai Newstutte le notizie (3) » Napoli, esplode bombola di gas Muore una donna, 6 feriti gravi video Corriere della Sera Esplode una bombola di gas in un basso dei vicoli di Napoli, muore una donna, quattro persone ferite. Persone aggrappate ai solai, panico in strada, scene di terrore. L&apos;esplosione si è infatti verificata nella notte di ieri in un appartamento occupato ... Napoli, esplosione in un palazzo del centro: quattro feriti, morta una ...Leggo.it Napoli, esplosione in una casa del centro st 
</topic_text>
<spam_score>0.00</spam_score>
<post_num>1</post_num>
<post_id>post-1</post_id>
<post_url>http://www.newslocker.com/it-it/sport/calcio-ssc-napoli/napoli-il-giubileo-degli-sportivi-con-perez-ed-altri-campioni-pupia/</post_url>
<post_date>20160512</post_date>
<post_time></post_time>
<username></username>
<post>
Napoli, il Giubileo degli sportivi con Perez ed altri campioni PUPIA Napoli – Celebrato a Napoli il Giubileo degli sportivi. Dopo l&apos;apertura, in mattinata, del Villaggio dello Sport in piazza Dante, organizzato e curato dal Coni, con campi da gioco, stand vari, tende della preghiera e delle confessioni, alle 18 è ...altro » Lettieri all&apos;AdnKronos: &quot;A Napoli porterò 600 nuovi autobus e corpo ... Adnkronos &quot;Ho presentato un programma in 10 punti, ho avuto dei gazebo in ogni quartiere. Cinque anni fa, prima della iattura de Magistris, a Napoli circolavano 600 autobus. Oggi, da quando c&apos;è de Magistris, circolano 200 autobus... La gente aspetta un&apos;ora e ...altro » Napoli, manutenzione stradale: partono i lavori in via Jannelli Il Mattino NAPOLI - Lunedì 16 maggio avranno inizio i lavori di manutenzione di via Jannelli a Napoli che prevedono, tra l&apos;altro, la riqualificazione del manto stradale mediante fresatura del tappetino e del sottofondo, risagomatura delle pendenze stradali, posa ...altro » Provveditorato alle opere pubbliche, anche a Napoli porte aperte a ... La Repubblica Provveditorato alle opere pubbliche, anche a Napoli porte aperte a &quot;Garanzia giovani&quot; Giovani al lavoro Al via il “Piano di intervento europeo per combattere la disoccupazione giovanile” al Provveditorato interregionale alle opere pubbliche di Napoli ... Napoli, effettuato il sorteggio: Valente per prima nella scheda ... Il Mattino Sarà Valeria Valente, candidata del Pd la prima nella scheda azzurra per le comunali di Napoli. Nella Commissione circondariale elettorale, dopo i controlli delle 47 liste presentate in tutto, è stato effettuato il sorteggio. A sostenere la Valente, ci ... Valente all&apos;AdnKronos: &quot;Napoli merita di più, il problema non è ...Adnkronos Elezioni Napoli, firme di mortiCorriere del Mez Napoli, crivellato di colpi in strada: riscuoteva il pizzo per il clan Il Mattino«Fate presto, fate presto, gli hanno sparato». Pochi minuti dopo le 15 una Citroen nera si ferma davanti al pronto soccorso dell&apos;ospedale San Paolo, un uomo esce velocemente e si sbraccia per attirare l&apos;attenzione degli infermieri. Nell&apos;abitacolo ... Napoli, agguato in strada Soccavo: ucciso il pregiudicato Stefano ...Crimeblog.it (Blog) Napoli, uomo ucciso da due sicari in un agguatoTGCOMtu Storici librai di Napoli, scomparso Geppino Guida Addio ai «baffi ... Corriere del Mezzogiorno Addio ai baffi sapienti di Guida Merliani. Quattro anni dopo la chiusura della sua storica libreria al Vomero, è morto nella notte tra mercoledì e giovedì Giuseppe Guida, per tutti Geppino, amatissimo dai clienti e da tutti i napoletani che avevano ...altro » &quot;Bike Sharing Napoli&quot; addio, il progetto è bloccato da sette mesi La Repubblica Abbandonate e vandalizzate le ciclostazioni. Il servizio doveva ripartire con l&apos;Anm, ma il Miur ancora non dà l&apos;approvazione finale. E nasce l&apos;hashtag #savebikesharingnapoli. di PAOLO DE LUCA. 12 maggio 2016. &quot;Bike Sharing Napoli&quot; addio, il progetto è ... Che fine ha fatto il bike sharing di Napoli?Bikeitalia.ittutte le notizie (5) » Giornata Internazionale contro l&apos;omotransfobia: le iniziative a Napoli NapoliToday Il 17 maggio Il Maschio Angioino e i colonnati di Piazza Plebiscito si illumineranno di rosa. Inoltre Arcigay Napoli promuove un&apos;intera settimana di eventi dal 15 al 22 maggio. Redazione. 12 maggio 2016 10:14. Condivisioni ...altro » San Paolo da record, il segreto del Napoli è il dodicesimo uomo La Repubblica San Paolo da record, il segreto del Napoli è il dodicesimo uomo Higuain allo stadio San Paolo (agf) La carica dei 60 mila sarà uno spettacolo nello spettacolo, come capita sempre nelle serate di gala a Fuorigrotta. Non farà eccezione quella di ... Probabili formazioni Napoli-FrosinoneStop and Goal Napoli tra Champions e record di Higuain: col Frosinone in 55milaGoal.com Napoli Napoli, tutto pronto per la Fiera della Sfogliatella: ecco dove e quando Il Mattino NAPOLI - Da Venerdì 13 a Domenica 15 Maggio si terrà a Piazza Garibaldi la Fiera della Sfogliatella per celebrare uno dei dolci più caratteristici della cucina partenopea, nato nel lontano XVIII secolo nel Monastero di Santa Rosa da Lima a Conca dei ... Fiera della sfogliatella a Piazza Garibaldi a Napoli con degustazioni ...Napoliketutte le notizie (2) » Napoli, baby-rapinatori di supermercati traditi dai loro profili Facebook Il Mattino NAPOLI - I carabinieri della compagnia di Napoli Poggioreale hanno dato esecuzione a un&apos;ordinanza di custodia cautelare (con il collocamento in comunità) emessa dal gip presso il Tribunale per i Minorenni di Napoli, su richiesta della locale Procura ...altro » L&apos;annata horror di Rafa Benitez: dall&apos;Europa col Napoli alla ... Eurosport.it Il tecnico spagnolo è protagonista di una serie di scelte e di episodi che lasciano perplessi e che portano a pensare a una sola cosa: l&apos;ultima annata solare è stata davvero un annus horribilis, decisamente da non ripetere. In principio era Rafa ...altro » Napoli, il procuratore generale Riello: &quot;Colangelo non è solo&quot; La Repubblica Napoli, il procuratore generale Riello: &quot;Colangelo non è solo&quot; Luigi Riello &quot;Giovanni Colangelo non è solo&quot;: da Luigi Riello, procuratore generale presso la Corte d&apos;Appello di Napoli &quot;incondizionata solidarietà al Procuratore della Repubblica di Napoli ... Napoli, la guerra della Polizia Stradale a WhatsApp: pioggia di multe Il Mattino NOLA. WhatsApp al volante, pericolo costante. Una cattiva e dilagante abitudine quella di chattare, scambiare foto e inviare messaggi vocali attraverso una delle applicazioni più social. Ma non solo. C&apos;è la notifica del gruppo di cucina, l&apos;appuntamento ...altro » Tritolo trovato in Puglia: «Serviva per uccidere procuratore» foto Corriere della Sera Un pentito della Sacra Corona Unita rivela il piano contro Giovanni Colangelo: la camorra progettava di ucciderlo a Gioia del Colle, dove abita. Il magistro: «Continuerò a fare il mio lavoro al servizio dello Stato» Fotostoria - I magistrati sotto ... Napoli: “Scampia è con Colangelo”Panorama Il tritolo trovato in Puglia serviva per uccider Napoli: esplosione in una palazzina in centro, morta una donna e ... Il Fatto Quotidiano L&apos;incidente, al piano terra occupato da extracomunitari, ha causato anche il crollo del pavimento degli appartamenti al primo piano dell&apos;edificio. Quando la polizia è giunta sul posto ha dovuto soccorrere alcune persone rimaste aggrappate a quello che ... Esplosione in un vicolo di Napoli: muore una donna, 4 feriti. Le ...Rai Newstutte le notizie (3) » Napoli, esplode bombola di gas Muore una donna, 6 feriti gravi video Corriere della Sera Esplode una bombola di gas in un basso dei vicoli di Napoli, muore una donna, quattro persone ferite. Persone aggrappate ai solai, panico in strada, scene di terrore. L&apos;esplosione si è infatti verificata nella notte di ieri in un appartamento occupato ... Napoli, esplosione in un palazzo del centro: quattro feriti, morta una ...Leggo.it Napoli, esplosione in una casa del centro st 
</post>
<signature>

</signature>
<external_links>

</external_links>
<country>NL</country>
<main_image>http://www.pupia.tv/wp-content/uploads/2016/05/giubileo-sport.jpg</main_image>
</document>
