<?xml version="1.0" encoding="UTF-8"?>
<document>
<type>mainstream</type>
<forum></forum>
<forum_title></forum_title>
<discussion_title>NOS: Volleybalsters nog nooit zo dicht bij Spelen als nu</discussion_title>
<language>dutch</language>
<gmt_offset></gmt_offset>
<topic_url>http://www.volleybal.nl/nieuws/nos-volleybalsters-nog-nooit-zo-dicht-bij-spelen-als-nu</topic_url>
<topic_text>
NOS: Volleybalsters nog nooit zo dicht bij Spelen als nu Dinsdag 10 mei, 15:59 uur Een voorbeschouwing op het OKT volleybal in Tokio, waar Nederland voor het eerst sinds 1996 een startbewijs voor de Olympische Spelen hoopt te bemachtigen. 
&amp;amp;amp;amp;amp;amp;lt;span id=&quot;selection-marker-1&quot; class=&quot;redactor-selection-marker&quot;&amp;amp;amp;amp;amp;amp;gt;&amp;amp;amp;amp;amp;amp;lt;/span&amp;amp;amp;amp;amp;amp;gt; 
</topic_text>
<spam_score>0.00</spam_score>
<post_num>1</post_num>
<post_id>post-1</post_id>
<post_url>http://www.volleybal.nl/nieuws/nos-volleybalsters-nog-nooit-zo-dicht-bij-spelen-als-nu</post_url>
<post_date>20160512</post_date>
<post_time></post_time>
<username></username>
<post>
NOS: Volleybalsters nog nooit zo dicht bij Spelen als nu Dinsdag 10 mei, 15:59 uur Een voorbeschouwing op het OKT volleybal in Tokio, waar Nederland voor het eerst sinds 1996 een startbewijs voor de Olympische Spelen hoopt te bemachtigen. 
&amp;amp;amp;amp;amp;amp;lt;span id=&quot;selection-marker-1&quot; class=&quot;redactor-selection-marker&quot;&amp;amp;amp;amp;amp;amp;gt;&amp;amp;amp;amp;amp;amp;lt;/span&amp;amp;amp;amp;amp;amp;gt; 
</post>
<signature>

</signature>
<external_links>

</external_links>
<country>NL</country>
<main_image>http://www.volleybal.nl/uploads/images/Oranje-volleybaldames/2016/Volkslied-OKT-Ankara-CEV.jpg</main_image>
</document>
