<?xml version="1.0" encoding="UTF-8"?>
<document>
<type>mainstream</type>
<forum>http://www.borsaitaliana.it/borsa/notizie/radiocor/economia/archivio.html</forum>
<forum_title>Notizie Radiocor - Economia - Borsa Italiana</forum_title>
<discussion_title>Ddl consumo suolo: Realacci, norma riqualifica il territorio</discussion_title>
<language>italian</language>
<gmt_offset></gmt_offset>
<topic_url>http://www.borsaitaliana.it/borsa/notizie/radiocor/economia/dettaglio/nRC_12052016_1524_529126765.html</topic_url>
<topic_text>
Ddl consumo suolo: Realacci, norma riqualifica il territorio e le citta&apos;
 Roma, 12 mag - &quot;L&apos;obiettivo e&apos; azzerare il consumo di suolo entro il 2050 e incentivare da subito anche fiscalmente la rigenerazione urbana e l&apos;edilizia di qualita&apos;, costruire sul costruito puntando su risparmio energetico, sicurezza e qualita&apos;. Per rendere piu&apos; belle e vivibili le nostre citta&apos;&quot;. Il presidente della commissione Ambiente e Lavori pubblici della Camera, Ermete Realacci, commenta cosi&apos; il primo via libera al Ddl consumo del suolo. &quot;Tra le misure piu&apos; importanti che coinvolgono tutte le istituzioni per la loro applicazione - aggiunge - la legge prevede che i proventi dei titoli abilitativi edilizi e delle sanzioni previste dal testo unico dell&apos;edilizia siano vincolati alle opere di urbanizzazione, agli interventi di riqualificazione e rigenerazione urbana, alla demolizione dei manufatti abusivi e al verde pubblico&quot;.
Bof
(RADIOCOR) 12-05-16 15:23:59 (0529)FOOD,IMM,UTY 5 NNNN
</topic_text>
<spam_score>0.00</spam_score>
<post_num>1</post_num>
<post_id>post-1</post_id>
<post_url>http://www.borsaitaliana.it/borsa/notizie/radiocor/economia/dettaglio/nRC_12052016_1524_529126765.html</post_url>
<post_date>20160512</post_date>
<post_time>1523</post_time>
<username>borsaitaliana.it</username>
<post>
Ddl consumo suolo: Realacci, norma riqualifica il territorio e le citta&apos;
 Roma, 12 mag - &quot;L&apos;obiettivo e&apos; azzerare il consumo di suolo entro il 2050 e incentivare da subito anche fiscalmente la rigenerazione urbana e l&apos;edilizia di qualita&apos;, costruire sul costruito puntando su risparmio energetico, sicurezza e qualita&apos;. Per rendere piu&apos; belle e vivibili le nostre citta&apos;&quot;. Il presidente della commissione Ambiente e Lavori pubblici della Camera, Ermete Realacci, commenta cosi&apos; il primo via libera al Ddl consumo del suolo. &quot;Tra le misure piu&apos; importanti che coinvolgono tutte le istituzioni per la loro applicazione - aggiunge - la legge prevede che i proventi dei titoli abilitativi edilizi e delle sanzioni previste dal testo unico dell&apos;edilizia siano vincolati alle opere di urbanizzazione, agli interventi di riqualificazione e rigenerazione urbana, alla demolizione dei manufatti abusivi e al verde pubblico&quot;.
Bof
(RADIOCOR) 12-05-16 15:23:59 (0529)FOOD,IMM,UTY 5 NNNN
</post>
<signature>

</signature>
<external_links>

</external_links>
<country>IT</country>
<main_image></main_image>
</document>
