<?xml version="1.0" encoding="UTF-8"?>
<document>
<type>mainstream</type>
<forum></forum>
<forum_title></forum_title>
<discussion_title>Loewe Craft Prize - Vogue.it</discussion_title>
<language>italian</language>
<gmt_offset></gmt_offset>
<topic_url>http://www.vogue.it/vogue-talents/contest-opportunities/2016/05/10/loewe-craft-prize/</topic_url>
<topic_text>
Talents / Contest &amp; opportunities / Loewe Craft Prize May 10, 2016 6:30 AM by Elisa Pervinca Bellini 
Nasce un nuovo premio, dedicato all’eccellenza creativa: prende vita Loewe Craft Prize , con cui la Maison Loewe premierà il lavoro di eccezionali talenti specializzati in diverse professioni nel campo dell’artigianato. Jonathan Anderson , direttore creativo della Maison dal 2013, ha così spiegato le ragioni dell’iniziativa: “L’artigianalità è l’essenza di Loewe. Una Maison fondata sulla tradizione artigianale nel vero senso della parola. Qui è custodita la nostra modernità, ed essa avrà per noi sempre un’importanza fondamentale. L’artigianato ha per me un’importanza immensa dal punto di vista dell’ispirazione. Per questo motivo, ho voluto creare una piattaforma capace di mettere in risalto ciò che viene realizzato a mano, da ceramisti, cestai, progettisti di mobili, gioiellieri ed altri professionisti che lavorano silenziosamente e sono spesso sottostimati. In realtà, non vi è nulla di più difficile che trovare un modo di realizzare un oggetto che abbia una sua propria formula e si esprima con lo stesso linguaggio del suo creatore, dando vita a un dialogo, prima di allora, inesistente” . 
In palio vi sono 50.000 Euro , destinati a “un’opera di egual valore funzionale ed estetico la cui realizzazione abbia richiesto la reinterpretazione di metodi tradizionali rendendoli rilevanti per i giorni nostri, dando vita a oggetti rappresentativi dell’importante contributo dell’artigianato nella cultura contemporanea” . Non solo: l’opera vincitrice, insieme ad altre 14 finaliste selezionate da un comitato di esperti farà parte di una mostra che sarà inaugurata a Madrid ad aprile 2017, per poi spostarsi successivamente in varie città di Europa, Asia e Stati Uniti. 
Per partecipare alla selezione è necessario inviare la propria candudatura entro il 7 novembre 2016 su: www.loewecraftprize.com Nella foto, Jonathan Anderson 
</topic_text>
<spam_score>0.00</spam_score>
<post_num>1</post_num>
<post_id>post-1</post_id>
<post_url>http://www.vogue.it/vogue-talents/contest-opportunities/2016/05/10/loewe-craft-prize/</post_url>
<post_date>20160510</post_date>
<post_time></post_time>
<username></username>
<post>
Talents / Contest &amp; opportunities / Loewe Craft Prize May 10, 2016 6:30 AM by Elisa Pervinca Bellini 
Nasce un nuovo premio, dedicato all’eccellenza creativa: prende vita Loewe Craft Prize , con cui la Maison Loewe premierà il lavoro di eccezionali talenti specializzati in diverse professioni nel campo dell’artigianato. Jonathan Anderson , direttore creativo della Maison dal 2013, ha così spiegato le ragioni dell’iniziativa: “L’artigianalità è l’essenza di Loewe. Una Maison fondata sulla tradizione artigianale nel vero senso della parola. Qui è custodita la nostra modernità, ed essa avrà per noi sempre un’importanza fondamentale. L’artigianato ha per me un’importanza immensa dal punto di vista dell’ispirazione. Per questo motivo, ho voluto creare una piattaforma capace di mettere in risalto ciò che viene realizzato a mano, da ceramisti, cestai, progettisti di mobili, gioiellieri ed altri professionisti che lavorano silenziosamente e sono spesso sottostimati. In realtà, non vi è nulla di più difficile che trovare un modo di realizzare un oggetto che abbia una sua propria formula e si esprima con lo stesso linguaggio del suo creatore, dando vita a un dialogo, prima di allora, inesistente” . 
In palio vi sono 50.000 Euro , destinati a “un’opera di egual valore funzionale ed estetico la cui realizzazione abbia richiesto la reinterpretazione di metodi tradizionali rendendoli rilevanti per i giorni nostri, dando vita a oggetti rappresentativi dell’importante contributo dell’artigianato nella cultura contemporanea” . Non solo: l’opera vincitrice, insieme ad altre 14 finaliste selezionate da un comitato di esperti farà parte di una mostra che sarà inaugurata a Madrid ad aprile 2017, per poi spostarsi successivamente in varie città di Europa, Asia e Stati Uniti. 
Per partecipare alla selezione è necessario inviare la propria candudatura entro il 7 novembre 2016 su: www.loewecraftprize.com Nella foto, Jonathan Anderson 
</post>
<signature>

</signature>
<external_links>

</external_links>
<country>IE</country>
<main_image>http://images.vogue.it/wp-content/uploads/2016/05/09175955/Jonathan-Anderson-2013-534x800.jpg</main_image>
</document>
