<?xml version="1.0" encoding="UTF-8"?>
<document>
<type>mainstream</type>
<forum></forum>
<forum_title></forum_title>
<discussion_title>ELI5: Does cake cook faster if the temperature is more than what is prescribed? : explainlikeimfive</discussion_title>
<language>english</language>
<gmt_offset></gmt_offset>
<topic_url>https://www.reddit.com/r/explainlikeimfive/comments/4j14g2/eli5_does_cake_cook_faster_if_the_temperature_is/</topic_url>
<topic_text>

request an explanation 
E is for explain . 
This is for concepts you&apos;d like to understand better; not for simple one word answers, walkthroughs, or personal problems. 
LI5 means friendly, simplified and layman-accessible explanations . 
Not responses aimed at literal five year olds (which can be patronizing). important information 
Read the rules before commenting or submitting. 
Search before submitting with keywords from your topic. The search box is in the upper right corner of the subreddit. You can also refer to our list of the most popular FAQ&apos;s here 
Please be neutral in your explanations, and note your personal bias in controversial topics. 
Direct replies to the original post (aka &quot;top-level comments&quot;) are for serious responses only. Jokes, anecdotes, and low effort explanations, are not permitted and subject to removal. 
Don&apos;t post just to express an opinion or argue a point of view. 
After receiving an adequate explanation, OP should mark the post Explained . Explained posts are still open to discussion! 
ELI5 isn&apos;t a guessing game; if you aren&apos;t confident in your explanation, please don&apos;t speculate. 
</topic_text>
<spam_score>0.00</spam_score>
<post_num>1</post_num>
<post_id>post-1</post_id>
<post_url>https://www.reddit.com/r/explainlikeimfive/comments/4j14g2/eli5_does_cake_cook_faster_if_the_temperature_is/</post_url>
<post_date>20160512</post_date>
<post_time></post_time>
<username></username>
<post>

request an explanation 
E is for explain . 
This is for concepts you&apos;d like to understand better; not for simple one word answers, walkthroughs, or personal problems. 
LI5 means friendly, simplified and layman-accessible explanations . 
Not responses aimed at literal five year olds (which can be patronizing). important information 
Read the rules before commenting or submitting. 
Search before submitting with keywords from your topic. The search box is in the upper right corner of the subreddit. You can also refer to our list of the most popular FAQ&apos;s here 
Please be neutral in your explanations, and note your personal bias in controversial topics. 
Direct replies to the original post (aka &quot;top-level comments&quot;) are for serious responses only. Jokes, anecdotes, and low effort explanations, are not permitted and subject to removal. 
Don&apos;t post just to express an opinion or argue a point of view. 
After receiving an adequate explanation, OP should mark the post Explained . Explained posts are still open to discussion! 
ELI5 isn&apos;t a guessing game; if you aren&apos;t confident in your explanation, please don&apos;t speculate. 
</post>
<signature>

</signature>
<external_links>

</external_links>
<country>US</country>
<main_image>https://www.redditstatic.com/icon.png</main_image>
</document>
