<?xml version="1.0" encoding="UTF-8"?>
<document>
<type>mainstream</type>
<forum></forum>
<forum_title></forum_title>
<discussion_title>Beachvolleyballers Bouter en Van Steenis &apos;lucky loser&apos; op WK onder 21</discussion_title>
<language>dutch</language>
<gmt_offset></gmt_offset>
<topic_url>http://www.volleybal.nl/nieuws/bouter-en-van-steenis-door-als-lucky-losers</topic_url>
<topic_text>
Bouter en Van Steenis als &apos;lucky losers&apos; door op WK onder 21 Woensdag 11 mei, 23:30 uur Jasper Bouter en Tom van Steenis starten morgen ook in het hoofdtoernooi van het WK onder 21 in Luzern. Ze werden in het kwalificatietoernooi uitgeschakeld door Rusland, maar mogen als &apos;lucky losers&apos; alsnog in actie komen in de poulefase. Nika Daalderop en Joy Stubbe starten morgen ook in het hoofdtoernooi. 
Bouter en Van Steenis begonnen sterk aan het kwalificatietoernooi voor het WK onder de 21 jaar in het Zwitserse Luzern. Tegen het Australische team Gray/Wakefield toonden ze aan in goede vorm te verkeren, ze serveerden sterk en gaven met hun overtuigende spel de tegenstander totaal geen kans om in het spel te komen. De talenten van Beachvolleybal Team Nederland wonnen met 21-13 en 21-13. 
In de beslissende ronde voor plaatsing voor het hoofdtoernooi van het WK, stonden Bouter en Van Steenis tegenover Rusland. Sivolap en Myskiv bleken ook grote talenten met veel kracht te zijn. De eerste set werd extreem spannend, de teams vochten hard voor elk punt. De Russen bleven koel in de slotfase en pakten de set met 22-24. Daarmee was het verzet van Nederland gebroken en de Russen konden de partij snel uitspelen: 12-21. 
Bouter en Van Steenis hadden later op de avond het geluk aan hun zijde. Als &apos;lucky losers&apos; mogen ze morgen toch verder op het WK in Zwitserland. Ze komen in poule A in actie tegen het Zwitserse team Breer/Haussener, de Finnen Siren en Määttänen en Heredia/Bustos uit Peru. Morgen spelen ze hun eerste duel tegen Zwitserland. 
Nika Daalderop en Joy Stubbe zijn op het WK rechtstreeks geplaatst, ze starten morgen ook in de poulefase. Bij de loting werden de Europees kampioenen (onder 20) van Beachvolleybal Team Nederland gekoppeld aan het Finse team Sinisalo/Ahtiainen, de Turken Nezir en Cetin en het thuisspelende duo Gerson/Marolf. Om 13.10 starten ze tegen Finland, in de avond volgt het tweede duel tegen Turkije. 
In Turkije kwam vandaag ook een talent van Beachvolleybal Team Nederland in actie. Ruben Penninga (foto onder) en zijn ervaren partner Sven Vismans slaagden er niet in zich te kwalificeren voor de Antalya Open. Ze verloren meteen in de eerste ronde van het kwalificatietoernooi met 2-0 (16-21 en 12-21) van het Poolse team Bryl/Kujawiak. Morgen starten de twee Nederlandse topteams, Nummerdor/Varenhorst en Brouwer/Meeuwsen, in het hoofdtoernooi van het World Tour evenement in de Turkse badplaats. 
</topic_text>
<spam_score>0.00</spam_score>
<post_num>1</post_num>
<post_id>post-1</post_id>
<post_url>http://www.volleybal.nl/nieuws/bouter-en-van-steenis-door-als-lucky-losers</post_url>
<post_date>20160511</post_date>
<post_time></post_time>
<username></username>
<post>
Bouter en Van Steenis als &apos;lucky losers&apos; door op WK onder 21 Woensdag 11 mei, 23:30 uur Jasper Bouter en Tom van Steenis starten morgen ook in het hoofdtoernooi van het WK onder 21 in Luzern. Ze werden in het kwalificatietoernooi uitgeschakeld door Rusland, maar mogen als &apos;lucky losers&apos; alsnog in actie komen in de poulefase. Nika Daalderop en Joy Stubbe starten morgen ook in het hoofdtoernooi. 
Bouter en Van Steenis begonnen sterk aan het kwalificatietoernooi voor het WK onder de 21 jaar in het Zwitserse Luzern. Tegen het Australische team Gray/Wakefield toonden ze aan in goede vorm te verkeren, ze serveerden sterk en gaven met hun overtuigende spel de tegenstander totaal geen kans om in het spel te komen. De talenten van Beachvolleybal Team Nederland wonnen met 21-13 en 21-13. 
In de beslissende ronde voor plaatsing voor het hoofdtoernooi van het WK, stonden Bouter en Van Steenis tegenover Rusland. Sivolap en Myskiv bleken ook grote talenten met veel kracht te zijn. De eerste set werd extreem spannend, de teams vochten hard voor elk punt. De Russen bleven koel in de slotfase en pakten de set met 22-24. Daarmee was het verzet van Nederland gebroken en de Russen konden de partij snel uitspelen: 12-21. 
Bouter en Van Steenis hadden later op de avond het geluk aan hun zijde. Als &apos;lucky losers&apos; mogen ze morgen toch verder op het WK in Zwitserland. Ze komen in poule A in actie tegen het Zwitserse team Breer/Haussener, de Finnen Siren en Määttänen en Heredia/Bustos uit Peru. Morgen spelen ze hun eerste duel tegen Zwitserland. 
Nika Daalderop en Joy Stubbe zijn op het WK rechtstreeks geplaatst, ze starten morgen ook in de poulefase. Bij de loting werden de Europees kampioenen (onder 20) van Beachvolleybal Team Nederland gekoppeld aan het Finse team Sinisalo/Ahtiainen, de Turken Nezir en Cetin en het thuisspelende duo Gerson/Marolf. Om 13.10 starten ze tegen Finland, in de avond volgt het tweede duel tegen Turkije. 
In Turkije kwam vandaag ook een talent van Beachvolleybal Team Nederland in actie. Ruben Penninga (foto onder) en zijn ervaren partner Sven Vismans slaagden er niet in zich te kwalificeren voor de Antalya Open. Ze verloren meteen in de eerste ronde van het kwalificatietoernooi met 2-0 (16-21 en 12-21) van het Poolse team Bryl/Kujawiak. Morgen starten de twee Nederlandse topteams, Nummerdor/Varenhorst en Brouwer/Meeuwsen, in het hoofdtoernooi van het World Tour evenement in de Turkse badplaats. 
</post>
<signature>

</signature>
<external_links>

</external_links>
<country>NL</country>
<main_image>http://www.volleybal.nl/uploads/images/Beachvolleybal/Bouter_VanSteenis_WKu21-2016-05-11-FIVB.jpg</main_image>
</document>
