<?xml version="1.0" encoding="UTF-8"?>
<document>
<type>mainstream</type>
<forum>http://ria.ru/</forum>
<forum_title>РИА Новости</forum_title>
<discussion_title>Оружие для спецопераций</discussion_title>
<language>russian</language>
<gmt_offset></gmt_offset>
<topic_url>http://ria.ru/photolents/20160512/1431917493.html</topic_url>
<topic_text>
Выставка вооружений и техники для подразделений сил специальных операций SOFEX-2016 начала свою работу в столице Иордании Аммане 10 мая.
0 0 Комментировать + Оружие для спецопераций 15:02 12/05/2016 Выставка вооружений и техники для подразделений сил специальных операций SOFEX-2016 начала свою работу в столице Иордании Аммане 10 мая. Подробнее »
</topic_text>
<spam_score>0.00</spam_score>
<post_num>1</post_num>
<post_id>post-1</post_id>
<post_url>http://ria.ru/photolents/20160512/1431917493.html</post_url>
<post_date>20160512</post_date>
<post_time>1502</post_time>
<username>ria.ru</username>
<post>
Выставка вооружений и техники для подразделений сил специальных операций SOFEX-2016 начала свою работу в столице Иордании Аммане 10 мая.
0 0 Комментировать + Оружие для спецопераций 15:02 12/05/2016 Выставка вооружений и техники для подразделений сил специальных операций SOFEX-2016 начала свою работу в столице Иордании Аммане 10 мая. Подробнее »
</post>
<signature>

</signature>
<external_links>
<external_link>http://www.livejournal.com/update.bml</external_link>
</external_links>
<country>RU</country>
<main_image>http://cdn14.img22.ria.ru/images/143190/75/1431907570.jpg</main_image>
</document>
