<?xml version="1.0" encoding="UTF-8"?>
<document>
<type>mainstream</type>
<forum>http://ria.ru/</forum>
<forum_title>РИА Новости</forum_title>
<discussion_title>Google обогнала Apple в рейтинге самых дорогих компаний по капитализации</discussion_title>
<language>russian</language>
<gmt_offset></gmt_offset>
<topic_url>http://ria.ru/economy/20160512/1432101055.html</topic_url>
<topic_text>
МОСКВА, 12 мая — РИА Новости. Американская корпорация Google в четверг обогнала компанию Apple и возглавила рейтинг самых дорогих компаний мира по рыночной капитализации, свидетельствуют данные торгов.
По состоянию на 18.40 мск стоимость акций класса &quot;А&quot; Alphabet (материнская компания Google) снижалась на 0,65%, до 725,8 доллара за бумагу. Капитализация компании Google составляла в среднем 497,3 миллиарда долларов. Стоимость акций Apple падала на 2,54%, до 90,16 доллара за бумагу, что является минимумом с июня 2014 года. Ее капитализация составляла в среднем 491,3 миллиарда долларов.
© AP Photo/ Eric Risberg Forbes назвал самые дорогие бренды в мире Падение акций Apple связано с сообщениями СМИ о том, что компания во второй половине года не станет наращивать выпуск iPhone в связи со слабыми продажами смартфонов. Поставщики компонентов получают значительно меньше заказов от Apple по сравнению с 2015 годом из-за снижения спроса на смартфоны и возможного отсутствия новых функций в новом iPhone 7, отмечали ранее СМИ.
Исходя из данных Московской биржи, самой дорогой российской компанией является &quot;Газпром&quot; с капитализацией в 57,6 миллиарда долларов, на следующем месте &quot;Роснефть&quot; с 51,7 миллиарда долларов.
В среду компания Apple в шестой раз подряд возглавила рейтинг самых дорогих брендов мира по версии журнала Forbes. Стоимость бренда Apple составляет, по оценке Forbes, 154,1 миллиарда долларов, что больше на 6%, чем в прошлом году. На второй строчке рейтинга оказалась корпорация Google, стоимость бренда которой оценивается в 82,5 миллиарда долларов (рост на 26% по сравнению с прошлогодним рейтингом).
</topic_text>
<spam_score>0.00</spam_score>
<post_num>1</post_num>
<post_id>post-1</post_id>
<post_url>http://ria.ru/economy/20160512/1432101055.html</post_url>
<post_date>20160512</post_date>
<post_time>1926</post_time>
<username>ria.ru</username>
<post>
МОСКВА, 12 мая — РИА Новости. Американская корпорация Google в четверг обогнала компанию Apple и возглавила рейтинг самых дорогих компаний мира по рыночной капитализации, свидетельствуют данные торгов.
По состоянию на 18.40 мск стоимость акций класса &quot;А&quot; Alphabet (материнская компания Google) снижалась на 0,65%, до 725,8 доллара за бумагу. Капитализация компании Google составляла в среднем 497,3 миллиарда долларов. Стоимость акций Apple падала на 2,54%, до 90,16 доллара за бумагу, что является минимумом с июня 2014 года. Ее капитализация составляла в среднем 491,3 миллиарда долларов.
© AP Photo/ Eric Risberg Forbes назвал самые дорогие бренды в мире Падение акций Apple связано с сообщениями СМИ о том, что компания во второй половине года не станет наращивать выпуск iPhone в связи со слабыми продажами смартфонов. Поставщики компонентов получают значительно меньше заказов от Apple по сравнению с 2015 годом из-за снижения спроса на смартфоны и возможного отсутствия новых функций в новом iPhone 7, отмечали ранее СМИ.
Исходя из данных Московской биржи, самой дорогой российской компанией является &quot;Газпром&quot; с капитализацией в 57,6 миллиарда долларов, на следующем месте &quot;Роснефть&quot; с 51,7 миллиарда долларов.
В среду компания Apple в шестой раз подряд возглавила рейтинг самых дорогих брендов мира по версии журнала Forbes. Стоимость бренда Apple составляет, по оценке Forbes, 154,1 миллиарда долларов, что больше на 6%, чем в прошлом году. На второй строчке рейтинга оказалась корпорация Google, стоимость бренда которой оценивается в 82,5 миллиарда долларов (рост на 26% по сравнению с прошлогодним рейтингом).
</post>
<signature>

</signature>
<external_links>

</external_links>
<country>RU</country>
<main_image>http://cdn12.img22.ria.ru/images/100936/80/1009368018.jpg</main_image>
</document>
