<?xml version="1.0" encoding="UTF-8"?>
<document>
<type>mainstream</type>
<forum>http://sampan.org/feed</forum>
<forum_title>Sampan.org</forum_title>
<discussion_title>First woman since 1976 to run for Register of Deeds seat</discussion_title>
<language>english</language>
<gmt_offset></gmt_offset>
<topic_url>http://sampan.org/2016/05/first-woman-since-1976-to-run-for-register-of-deeds-seat/</topic_url>
<topic_text>
By Web • 2016/05/11 Announcements 
Register of Deeds candidate Katherine “Katie” Forde is pleased to announce that she has submitted the required signatures to Secretary of State’s office to be on the ballot this September. A woman has not run for the position since 1976 and, if elected, would be the first woman to hold the position. 
In March, Forde pulled nomination papers with the goal of making the office more accessible to those in the community. “Having interacted with the Register of Deeds’ office frequently during my 10 years as a paralegal and as a homeowner,” Forde said, “I know that this office has the potential to be a tremendous resource to the community, but we need a leader who really understands this office to make it so. I strongly believe that owning a home is the most interaction people will have with government outside of voting and I am honored to have been nominated by residents of the district.” 
Forde is committed to making the office more consumer-friendly through the following initiatives: Providing a link on the front page of the Registry website that allows the public to see newly registered plans for developments with five or more units. Working as a consumer advocate to help homeowners understand the contract they sign when it comes to installing solar panels. Improving access to the Registry for all Suffolk County residents, which will reduce the amount of work residents must miss in order to attend home closings or other business with the registry. Implementing a consumer notification program much like what Worcester County has done. The Consumer Notification Service offers the ability for consumers to submit their names or business names to be monitored for potential fraudulent activity by receipt of a notification from the Registry of Deeds whenever a document containing submitted names is recorded. Working with the Secretary of the Commonwealth to ensure that constituents are able to file registry documents electronically. Partnering with cities and organizations within Suffolk County to offer home buying 101 programs. Working with the Attorney General’s Office to protect Suffolk County residents, especially seniors, from predatory lending and deed scams. Working with the Attorney General’s Office, MassHousing and other organizations, to help homebuyers avoid the unnecessary expenses that have become standard in home purchasing such as private mortgage insurance and title insurance. Advocate for the Community Preservation Act to be passed in Boston and surrounding areas. Ensuring that all homebuyers are filing homesteads when they close on their home sales so their most important and valuable asset – their home – is protected. 
The Democratic Primary is Thursday, September 8, 2016 . You can learn more about Katie Forde and her campaign by visiting www.katieforde.com . 
About Katie Forde 
As a paralegal at Todd &amp; Weld, LLP, Katie Forde has worked with the Register of Deeds’ office on a range of issues including assisting debtors facing foreclosure to coordinating property transfers between divorced spouses. Katie is an enthusiastic advocate for many progressive campaigns and causes, including the Planned Parenthood League of Massachusetts, Ayanna Pressley, Ed Markey, Elizabeth Warren, and MassEquality. Katie owns a home in Roslindale with her husband Jeff, their two dogs, and cat. About Web
</topic_text>
<spam_score>0.00</spam_score>
<post_num>1</post_num>
<post_id>post-1</post_id>
<post_url>http://sampan.org/2016/05/first-woman-since-1976-to-run-for-register-of-deeds-seat/</post_url>
<post_date>20160511</post_date>
<post_time>1824</post_time>
<username>Web</username>
<post>
By Web • 2016/05/11 Announcements 
Register of Deeds candidate Katherine “Katie” Forde is pleased to announce that she has submitted the required signatures to Secretary of State’s office to be on the ballot this September. A woman has not run for the position since 1976 and, if elected, would be the first woman to hold the position. 
In March, Forde pulled nomination papers with the goal of making the office more accessible to those in the community. “Having interacted with the Register of Deeds’ office frequently during my 10 years as a paralegal and as a homeowner,” Forde said, “I know that this office has the potential to be a tremendous resource to the community, but we need a leader who really understands this office to make it so. I strongly believe that owning a home is the most interaction people will have with government outside of voting and I am honored to have been nominated by residents of the district.” 
Forde is committed to making the office more consumer-friendly through the following initiatives: Providing a link on the front page of the Registry website that allows the public to see newly registered plans for developments with five or more units. Working as a consumer advocate to help homeowners understand the contract they sign when it comes to installing solar panels. Improving access to the Registry for all Suffolk County residents, which will reduce the amount of work residents must miss in order to attend home closings or other business with the registry. Implementing a consumer notification program much like what Worcester County has done. The Consumer Notification Service offers the ability for consumers to submit their names or business names to be monitored for potential fraudulent activity by receipt of a notification from the Registry of Deeds whenever a document containing submitted names is recorded. Working with the Secretary of the Commonwealth to ensure that constituents are able to file registry documents electronically. Partnering with cities and organizations within Suffolk County to offer home buying 101 programs. Working with the Attorney General’s Office to protect Suffolk County residents, especially seniors, from predatory lending and deed scams. Working with the Attorney General’s Office, MassHousing and other organizations, to help homebuyers avoid the unnecessary expenses that have become standard in home purchasing such as private mortgage insurance and title insurance. Advocate for the Community Preservation Act to be passed in Boston and surrounding areas. Ensuring that all homebuyers are filing homesteads when they close on their home sales so their most important and valuable asset – their home – is protected. 
The Democratic Primary is Thursday, September 8, 2016 . You can learn more about Katie Forde and her campaign by visiting www.katieforde.com . 
About Katie Forde 
As a paralegal at Todd &amp; Weld, LLP, Katie Forde has worked with the Register of Deeds’ office on a range of issues including assisting debtors facing foreclosure to coordinating property transfers between divorced spouses. Katie is an enthusiastic advocate for many progressive campaigns and causes, including the Planned Parenthood League of Massachusetts, Ayanna Pressley, Ed Markey, Elizabeth Warren, and MassEquality. Katie owns a home in Roslindale with her husband Jeff, their two dogs, and cat. About Web
</post>
<signature>

</signature>
<external_links>

</external_links>
<country>US</country>
<main_image></main_image>
</document>
