<?xml version="1.0" encoding="UTF-8"?>
<document>
<type>mainstream</type>
<forum>http://www.bignewsnetwork.com/index.php/nav/rss/59c03c16bbc9755b</forum>
<forum_title>Latest Big News Network RSS Feeds</forum_title>
<discussion_title>These motorcycles went dark, but they&apos;re not Harley-Davidson&apos;s</discussion_title>
<language>english</language>
<gmt_offset></gmt_offset>
<topic_url>http://www.bignewsnetwork.com/news/244018055/these-motorcycles-went-dark-but-theyre-not-harley-davidson</topic_url>
<topic_text>
Business Journal Thursday 12th May, 2016 Indian Motorcycle has launched the virtually all-black 2016 Chieftain Dark Horse motorcycle.
Images released by Medina, Minn.-based Polaris Industries Inc. (NYSE: PII) show black fenders, bags, fuel tank and fairing, as well as black forks, mirrors, handlebars, turn signals, gas tank, engine cover and taillight housing. 
Indian is aiming squarely at Milwaukee-based competitor Harley-Davidson Inc. (NYSE: HOG) riders with its marketing effort with the new Chieftain&apos;s strong echoes of Harley&apos;s Dark...
</topic_text>
<spam_score>0.00</spam_score>
<post_num>1</post_num>
<post_id>post-1</post_id>
<post_url>http://www.bignewsnetwork.com/news/244018055/these-motorcycles-went-dark-but-theyre-not-harley-davidson</post_url>
<post_date>20160512</post_date>
<post_time>1337</post_time>
<username></username>
<post>
Business Journal Thursday 12th May, 2016 Indian Motorcycle has launched the virtually all-black 2016 Chieftain Dark Horse motorcycle.
Images released by Medina, Minn.-based Polaris Industries Inc. (NYSE: PII) show black fenders, bags, fuel tank and fairing, as well as black forks, mirrors, handlebars, turn signals, gas tank, engine cover and taillight housing. 
Indian is aiming squarely at Milwaukee-based competitor Harley-Davidson Inc. (NYSE: HOG) riders with its marketing effort with the new Chieftain&apos;s strong echoes of Harley&apos;s Dark...
</post>
<signature>

</signature>
<external_links>

</external_links>
<country>US</country>
<main_image>http://cdn.bignewsnetwork.com/uni1463060232.jpg</main_image>
</document>
