<?xml version="1.0" encoding="UTF-8"?>
<document>
<type>mainstream</type>
<forum>http://rss.joins.com/news/joins_life_accident_list.xml</forum>
<forum_title>중앙일보 | 사건·사고</forum_title>
<discussion_title>이우환 화백 작품 위조범 구속...일본 도피 중 검거돼 송환</discussion_title>
<language>korean</language>
<gmt_offset></gmt_offset>
<topic_url>http://news.joins.com/article/20019207?cloc=rss%7Cnews%7Csociety</topic_url>
<topic_text>
이우환 화백 작품 위조범 구속...일본 도피 중 검거돼 송환 [CBS노컷] 입력 2016.05.13 01:21 한국 현대 미술을 대표하는 이우환 화백의 그림을 위조한 혐의를 받고 있는 현모씨(66)가 구속됐다.서울중앙지법 조의연 영장전담부장판사는 “범죄사실이 소명되고 도망의 우려가 있다”며현씨의 구속영장을 발부했다고 12일 밝혔다.현씨는 서울지방경찰청이 이 화백의 작품에 대한 위작여부를 수사하자 일본으로 도피했다가 일본경찰에 붙잡혀 지난 10일 국내로 송환됐다.경찰은 이 화백의 작품인 &apos;점으로부터&apos;, &apos;선으로부터&apos;의 위작들이 2012년부터 1년간 서울 인사동에 있는 일부 화랑을 통해 수십억원에 유통됐다는 첩보를 입수해 수사를 진행해왔다.국내 주요 미술품 경매에서 5억여원에 거래된 이 화백의 작품에 위조 감정서가 첨부된 것을 발견한 경찰은 해당 착품을 국립과학수사연구원에 보내 감정을 의뢰한 상태다.앞서 경찰은 지난해 12월 이 화백의 위작을 유통시킨 혐의(위조사도화행사)로 화랑 대표 2명을 불구속 입건한 바 있다.talk@cbs.co.kr저작권자 ⓒ CBS 노컷뉴스(www.nocutnews.co.kr) 무단전재 및 재배포 금지 좋아요 0
</topic_text>
<spam_score>0.00</spam_score>
<post_num>1</post_num>
<post_id>post-1</post_id>
<post_url>http://news.joins.com/article/20019207?cloc=rss%7Cnews%7Csociety</post_url>
<post_date>20160512</post_date>
<post_time>1621</post_time>
<username></username>
<post>
이우환 화백 작품 위조범 구속...일본 도피 중 검거돼 송환 [CBS노컷] 입력 2016.05.13 01:21 한국 현대 미술을 대표하는 이우환 화백의 그림을 위조한 혐의를 받고 있는 현모씨(66)가 구속됐다.서울중앙지법 조의연 영장전담부장판사는 “범죄사실이 소명되고 도망의 우려가 있다”며현씨의 구속영장을 발부했다고 12일 밝혔다.현씨는 서울지방경찰청이 이 화백의 작품에 대한 위작여부를 수사하자 일본으로 도피했다가 일본경찰에 붙잡혀 지난 10일 국내로 송환됐다.경찰은 이 화백의 작품인 &apos;점으로부터&apos;, &apos;선으로부터&apos;의 위작들이 2012년부터 1년간 서울 인사동에 있는 일부 화랑을 통해 수십억원에 유통됐다는 첩보를 입수해 수사를 진행해왔다.국내 주요 미술품 경매에서 5억여원에 거래된 이 화백의 작품에 위조 감정서가 첨부된 것을 발견한 경찰은 해당 착품을 국립과학수사연구원에 보내 감정을 의뢰한 상태다.앞서 경찰은 지난해 12월 이 화백의 위작을 유통시킨 혐의(위조사도화행사)로 화랑 대표 2명을 불구속 입건한 바 있다.talk@cbs.co.kr저작권자 ⓒ CBS 노컷뉴스(www.nocutnews.co.kr) 무단전재 및 재배포 금지 좋아요 0
</post>
<signature>

</signature>
<external_links>

</external_links>
<country>KR</country>
<main_image>http://static.joins.com/joongang_15re/profile_joongang_160.png</main_image>
</document>
