<?xml version="1.0" encoding="UTF-8"?>
<document>
<type>mainstream</type>
<forum>http://www.irishtimes.com/feeds/rss/newspaper/finance.rss</forum>
<forum_title>The Irish Times - Business</forum_title>
<discussion_title>Tripadvisor chief Stephen Kaufer sees no threat from direct hotel booking</discussion_title>
<language>english</language>
<gmt_offset></gmt_offset>
<topic_url>http://www.irishtimes.com/business/transport-and-tourism/tripadvisor-chief-stephen-kaufer-sees-no-threat-from-direct-hotel-booking-1.2645669</topic_url>
<topic_text>
  Tripadvisor chief Stephen Kaufer sees no threat from direct hotel booking Online travel agent turns focus to tourist attractions about an hour ago 
Tripadvisor this year began rolling out its instant booking system to markets beyond the US. Photograph: Cyril Byrne/The Irish Times Online travel agent Tripadvisor’s chief executive Stephen Kaufer sees no real threat to the business from individual hotel chains’ efforts take take direct bookings from customers. Tripadvisor this year began rolling out its US instant booking system to the rest of the world in a move that cut first-quarter revenues by 3 per cent to $352 million (€309m). Large hotel chains have introduced discounts to draw customers directly to their own booking websites, cutting out the need for agents such as Tripadvisor and rival Expedia . Speaking in Dublin on Thursday, Mr Kaufer indicated that his company saw no threat from the move. Leisure “Leisure travellers want to start with the website that has all the properties in the cities that they are visiting,” he said. The company’s instant booking system allows travellers to book accommodation with a single click. Tripadvisor launched the system initially in the US in 2014. More recently, it has turned its focus to offering customers the chance to book tickets for attractions and activities in the places to which they are travelling. Mr Kaufer told the Phocuswright travel technology conference in Dublin’s National Convention Centre that up to now, this market had proved difficult to crack for online travel agents.
</topic_text>
<spam_score>0.00</spam_score>
<post_num>1</post_num>
<post_id>post-1</post_id>
<post_url>http://www.irishtimes.com/business/transport-and-tourism/tripadvisor-chief-stephen-kaufer-sees-no-threat-from-direct-hotel-booking-1.2645669</post_url>
<post_date>20160512</post_date>
<post_time>1511</post_time>
<username></username>
<post>
  Tripadvisor chief Stephen Kaufer sees no threat from direct hotel booking Online travel agent turns focus to tourist attractions about an hour ago 
Tripadvisor this year began rolling out its instant booking system to markets beyond the US. Photograph: Cyril Byrne/The Irish Times Online travel agent Tripadvisor’s chief executive Stephen Kaufer sees no real threat to the business from individual hotel chains’ efforts take take direct bookings from customers. Tripadvisor this year began rolling out its US instant booking system to the rest of the world in a move that cut first-quarter revenues by 3 per cent to $352 million (€309m). Large hotel chains have introduced discounts to draw customers directly to their own booking websites, cutting out the need for agents such as Tripadvisor and rival Expedia . Speaking in Dublin on Thursday, Mr Kaufer indicated that his company saw no threat from the move. Leisure “Leisure travellers want to start with the website that has all the properties in the cities that they are visiting,” he said. The company’s instant booking system allows travellers to book accommodation with a single click. Tripadvisor launched the system initially in the US in 2014. More recently, it has turned its focus to offering customers the chance to book tickets for attractions and activities in the places to which they are travelling. Mr Kaufer told the Phocuswright travel technology conference in Dublin’s National Convention Centre that up to now, this market had proved difficult to crack for online travel agents.
</post>
<signature>

</signature>
<external_links>

</external_links>
<country>EU</country>
<main_image>http://www.irishtimes.com/polopoly_fs/1.2645668.1463065877!/image/image.jpg</main_image>
</document>
