<?xml version="1.0" encoding="UTF-8"?>
<document>
<type>mainstream</type>
<forum>http://www.sursadestiri.net/cat/rss/divertisment.html</forum>
<forum_title>SursaDeStiri.net - Divertisment</forum_title>
<discussion_title>UNIVERSITATEA NAȚIONALĂ DE ARTĂ TEATRALĂ ȘI CINEMATOGRAFICĂ “I.L. CARAGIALE” BUCUREȘTI ANIMATION WORKSHEEP 2016 LA CINETic</discussion_title>
<language>romanian</language>
<gmt_offset></gmt_offset>
<topic_url>http://www.sursadestiri.net/universitatea-na-ionala-de-arta-teatrala-i-cinematografica-i-l-caragiale-bucure-ti-animation-worksheep-2016-la-cinetic-s0503070349.html</topic_url>
<topic_text>
Actualizat acum 2 minute Sursa De Stiri » Divertisment » Divertisment, 12.05.2016 » UNIVERSITATEA NAȚIONALĂ DE ARTĂ TEATRALĂ ȘI CINEMATOGRAFICĂ “I.L. CARAGIALE” BUCUREȘTI ANIMATION WORKSHEEP 2016 LA CINETic UNIVERSITATEA NAȚIONALĂ DE ARTĂ TEATRALĂ ȘI CINEMATOGRAFICĂ “I.L. CARAGIALE” BUCUREȘTI ANIMATION WORKSHEEP 2016 LA CINETic 12 Mai 2016 În perioada 9-30 mai 2016 „CENTRUL INTERNAȚIONAL DE CERCETARE ȘI EDUCAȚIE ÎN TEHNOLOGII INOVATIV CREATIVE – CINETic” va găzdui primul atelier internațional de animație din România, realizat cu ocazia celei de-a VI-a ediții a Animation Worksheep și se dorește a fi un best of al edițiilor anterioare.Spre deosebire de anii anteriori, participarea la atelier se bazează pe selecția a șase dintre cei mai buni animatori dintr-un total de 60 de participanți ai edițiilor anterioare, alături de șase... continuare
</topic_text>
<spam_score>0.00</spam_score>
<post_num>1</post_num>
<post_id>post-1</post_id>
<post_url>http://www.sursadestiri.net/universitatea-na-ionala-de-arta-teatrala-i-cinematografica-i-l-caragiale-bucure-ti-animation-worksheep-2016-la-cinetic-s0503070349.html</post_url>
<post_date>20160511</post_date>
<post_time>2100</post_time>
<username></username>
<post>
Actualizat acum 2 minute Sursa De Stiri » Divertisment » Divertisment, 12.05.2016 » UNIVERSITATEA NAȚIONALĂ DE ARTĂ TEATRALĂ ȘI CINEMATOGRAFICĂ “I.L. CARAGIALE” BUCUREȘTI ANIMATION WORKSHEEP 2016 LA CINETic UNIVERSITATEA NAȚIONALĂ DE ARTĂ TEATRALĂ ȘI CINEMATOGRAFICĂ “I.L. CARAGIALE” BUCUREȘTI ANIMATION WORKSHEEP 2016 LA CINETic 12 Mai 2016 În perioada 9-30 mai 2016 „CENTRUL INTERNAȚIONAL DE CERCETARE ȘI EDUCAȚIE ÎN TEHNOLOGII INOVATIV CREATIVE – CINETic” va găzdui primul atelier internațional de animație din România, realizat cu ocazia celei de-a VI-a ediții a Animation Worksheep și se dorește a fi un best of al edițiilor anterioare.Spre deosebire de anii anteriori, participarea la atelier se bazează pe selecția a șase dintre cei mai buni animatori dintr-un total de 60 de participanți ai edițiilor anterioare, alături de șase... continuare
</post>
<signature>

</signature>
<external_links>

</external_links>
<country>DE</country>
<main_image></main_image>
</document>
