<?xml version="1.0" encoding="UTF-8"?>
<document>
<type>mainstream</type>
<forum></forum>
<forum_title></forum_title>
<discussion_title>Festival de Cannes 2016: os melhores looks do tapete vermelho da premiação - Vogue | Red carpet</discussion_title>
<language>portuguese</language>
<gmt_offset></gmt_offset>
<topic_url>http://vogue.globo.com/moda/red-carpet/noticia/2016/05/festival-de-cannes-2016-os-melhores-looks-do-tapete-vermelho-da-premiacao.html</topic_url>
<topic_text>
Assine já! Bianca Balti, com vestido Alberta Ferretti (Foto: Getty Images) 
O Festival de Cannes , que reúne a crème de la crème do cinema internacional na riviera francesa, teve o start da edição 2016 na quarta-feira (11.05), com a concorrida estreia do filme Café Society, de Woody Allen, Blake Lively e Kristen Stewart. Até o domingo (22.05), estrelas e tops prometem brilhar ao cruzar o tapete vermelho da premiação, bem como nas after parties badaladas que costumam agitar a França. 
Vogue mostra na galeria abaixo os melhores looks de todo o evento para você se inspirar. Acompanhe também nossa cobertura no Instagram @voguebrasil , pela hashtag #voguemcannes. saiba mais 
</topic_text>
<spam_score>0.00</spam_score>
<post_num>1</post_num>
<post_id>post-1</post_id>
<post_url>http://vogue.globo.com/moda/red-carpet/noticia/2016/05/festival-de-cannes-2016-os-melhores-looks-do-tapete-vermelho-da-premiacao.html</post_url>
<post_date>20160511</post_date>
<post_time></post_time>
<username></username>
<post>
Assine já! Bianca Balti, com vestido Alberta Ferretti (Foto: Getty Images) 
O Festival de Cannes , que reúne a crème de la crème do cinema internacional na riviera francesa, teve o start da edição 2016 na quarta-feira (11.05), com a concorrida estreia do filme Café Society, de Woody Allen, Blake Lively e Kristen Stewart. Até o domingo (22.05), estrelas e tops prometem brilhar ao cruzar o tapete vermelho da premiação, bem como nas after parties badaladas que costumam agitar a França. 
Vogue mostra na galeria abaixo os melhores looks de todo o evento para você se inspirar. Acompanhe também nossa cobertura no Instagram @voguebrasil , pela hashtag #voguemcannes. saiba mais 
</post>
<signature>

</signature>
<external_links>

</external_links>
<country>BR</country>
<main_image>http://s2.glbimg.com/KVu8kYPnHEGuldQ56zVUts5GITQ=/620x413/smart/e.glbimg.com/og/ed/f/original/2016/05/11/gettyimages-530557600.jpg</main_image>
</document>
