<?xml version="1.0" encoding="UTF-8"?>
<document>
<type>mainstream</type>
<forum>http://sport.pravda.sk/rss/xml</forum>
<forum_title>Pravda.sk - Šport - Futbal - Hokej</forum_title>
<discussion_title>Na míting P-T-S prídu aj šprintérske hviezdy</discussion_title>
<language>slovak</language>
<gmt_offset></gmt_offset>
<topic_url>http://sport.pravda.sk/ostatne-sporty/clanok/392889-na-miting-p-t-s-pridu-aj-sprinterske-hviezdy/</topic_url>
<topic_text>
#míting P-T-S Pravda.sk | 12.05.2016 14:38 Prídu medailisti z MS spred troch rokov, či ešte donedávna rekordér Juhoafrickej republiky. Prípravy 51. ročníka obnoveného chýrneho atletického mítingu Pravda - Televízia - Slovnaft, ktorý sa uskutoční v sobotu 4. júna v novom športovom komplexe X-Bionic Sphere v Šamoríne, naberajú obrátky. Henricho Bruintjies bol donedávna rekordérom Juhoafrickej republiky. Autor: SITA/AP , David J. Phillip 
Organizátori podujatia už ponúkli prvé mená popredných zahraničných pretekárov, ktorí budú na novučičkom modernom štadióne súperiť so slovenskou elitou pripravujúcou sa na júlové majstrovstvá Európy v Amsterdame a augustové OH v Riu de Janeiro. 
Na stovke si dvaja v súčasnosti najrýchlejší Slováci, mladíci Ján Volko a Jakub Matúš, zmerajú sily so šprintérmi s osobnými rekordmi pod 10 sekúnd. Na P – T – S do Šamorína príde Henricho Bruintjies, ktorý bol časom 9,97 z roku 2015 až do marca rekordérom Juhoafrickej republiky. V tomto roku vyhral oba národné šampionáty JAR – klasický aj otvorený. Jeho tohtosezónne maximum je zatiaľ 10,16 s. Favorit na víťazstvo bude i strieborný zo štafety na 4 × 100 m na MS 2013 v Moskve Američan Charles Silmon s osobným rekordom 9,98. K jeho úspechom patrí ešte zlato na 4 × 100 m a striebro na 100 m na juniorských MS 2010 a tiež titul univerzitného šampióna USA (NCAA) v roku 2013. 
Kvalitné súperky z USA budú mať v behu na 100 m i dve najrýchlejšie Slovenky Lenka Kršáková a finalistka Svetovej univerziády 2015 Alexandra Bezeková. Charonda Williamsová (os. rekord na 100 m – 11,07) je šiesta z MS 2013 v Moskve na 200 m, Alexandria Andersonová (10,91) má zasa v zbierke dve štafetové medaily na 4 × 100 m z MS (1. v Dägu 2011 a 2. v Moskve 2013). Andersonová má v tomto roku na konte veterných 10,97 z mítingu v americkom Austine. 
Víťaz Svetovej univerziády 2013 v Kazani v behu na 400 m prek. Martin Kučera sa o olympijský limit (49,40), prípadne potvrdenie limitu na ME, bude snažiť v konkurencii tohtoročného víťaza juhoafrického otvoreného šampionátu Lindsaya Hanekoma (v tomto roku 49,03). 
Prví známi súperi slovenského adepta na letenku do Ria Patrika Žeňúcha budú v oštepárskom sektore zverenec Jana Železného Jaroslav Jílek (nedávno sa v Kawasaki zlepšil na 83,19) a strieborný z OH 2012 v Londýne Ukrajinec Oleksandr Pjatnyca, ktorý v tomto roku hodil už 83,28 m. 
Program odštartuje už predpoludním o 10.00 h rôznymi aktivitami pre najmenších v rámci osláv MDD, pričom jeho súčasť bude úspešný projekt Detská atletika. O 14.00 sa uskutoční P – T – S Run, verejný beh na 4500 metrov pre všetkých záujemcov. Hlavný trojhodinový program sa začne o 16.00, vstup na míting je bezplatný.
</topic_text>
<spam_score>0.00</spam_score>
<post_num>1</post_num>
<post_id>post-1</post_id>
<post_url>http://sport.pravda.sk/ostatne-sporty/clanok/392889-na-miting-p-t-s-pridu-aj-sprinterske-hviezdy/</post_url>
<post_date>20160512</post_date>
<post_time>1238</post_time>
<username>Pravda.sk</username>
<post>
#míting P-T-S Pravda.sk | 12.05.2016 14:38 Prídu medailisti z MS spred troch rokov, či ešte donedávna rekordér Juhoafrickej republiky. Prípravy 51. ročníka obnoveného chýrneho atletického mítingu Pravda - Televízia - Slovnaft, ktorý sa uskutoční v sobotu 4. júna v novom športovom komplexe X-Bionic Sphere v Šamoríne, naberajú obrátky. Henricho Bruintjies bol donedávna rekordérom Juhoafrickej republiky. Autor: SITA/AP , David J. Phillip 
Organizátori podujatia už ponúkli prvé mená popredných zahraničných pretekárov, ktorí budú na novučičkom modernom štadióne súperiť so slovenskou elitou pripravujúcou sa na júlové majstrovstvá Európy v Amsterdame a augustové OH v Riu de Janeiro. 
Na stovke si dvaja v súčasnosti najrýchlejší Slováci, mladíci Ján Volko a Jakub Matúš, zmerajú sily so šprintérmi s osobnými rekordmi pod 10 sekúnd. Na P – T – S do Šamorína príde Henricho Bruintjies, ktorý bol časom 9,97 z roku 2015 až do marca rekordérom Juhoafrickej republiky. V tomto roku vyhral oba národné šampionáty JAR – klasický aj otvorený. Jeho tohtosezónne maximum je zatiaľ 10,16 s. Favorit na víťazstvo bude i strieborný zo štafety na 4 × 100 m na MS 2013 v Moskve Američan Charles Silmon s osobným rekordom 9,98. K jeho úspechom patrí ešte zlato na 4 × 100 m a striebro na 100 m na juniorských MS 2010 a tiež titul univerzitného šampióna USA (NCAA) v roku 2013. 
Kvalitné súperky z USA budú mať v behu na 100 m i dve najrýchlejšie Slovenky Lenka Kršáková a finalistka Svetovej univerziády 2015 Alexandra Bezeková. Charonda Williamsová (os. rekord na 100 m – 11,07) je šiesta z MS 2013 v Moskve na 200 m, Alexandria Andersonová (10,91) má zasa v zbierke dve štafetové medaily na 4 × 100 m z MS (1. v Dägu 2011 a 2. v Moskve 2013). Andersonová má v tomto roku na konte veterných 10,97 z mítingu v americkom Austine. 
Víťaz Svetovej univerziády 2013 v Kazani v behu na 400 m prek. Martin Kučera sa o olympijský limit (49,40), prípadne potvrdenie limitu na ME, bude snažiť v konkurencii tohtoročného víťaza juhoafrického otvoreného šampionátu Lindsaya Hanekoma (v tomto roku 49,03). 
Prví známi súperi slovenského adepta na letenku do Ria Patrika Žeňúcha budú v oštepárskom sektore zverenec Jana Železného Jaroslav Jílek (nedávno sa v Kawasaki zlepšil na 83,19) a strieborný z OH 2012 v Londýne Ukrajinec Oleksandr Pjatnyca, ktorý v tomto roku hodil už 83,28 m. 
Program odštartuje už predpoludním o 10.00 h rôznymi aktivitami pre najmenších v rámci osláv MDD, pričom jeho súčasť bude úspešný projekt Detská atletika. O 14.00 sa uskutoční P – T – S Run, verejný beh na 4500 metrov pre všetkých záujemcov. Hlavný trojhodinový program sa začne o 16.00, vstup na míting je bezplatný.
</post>
<signature>

</signature>
<external_links>

</external_links>
<country>SK</country>
<main_image>http://ipravda.sk/res/2016/05/12/thumbs/henricho-bruintjies-clanok.jpg</main_image>
</document>
