<?xml version="1.0" encoding="UTF-8"?>
<document>
<type>mainstream</type>
<forum>http://www.ajc.com/feeds/categories/business/</forum>
<forum_title>News | Business</forum_title>
<discussion_title>US stocks slip after unemployment claims rise; tech slumps</discussion_title>
<language>english</language>
<gmt_offset></gmt_offset>
<topic_url>http://www.ajc.com/ap/ap/business/us-stocks-slip-after-unemployment-claims-rise-tech/pC9tdQ/</topic_url>
<topic_text>
SUBSCRIBE FOLLOW US © 2016 Cox Media Group . By using this website, you accept the terms of our Visitor Agreement and Privacy Policy , and understand your options regarding Ad Choices . Learn about careers at Cox Media Group . US stocks slip after unemployment claims rise; tech slumps Trader Tommy Kalikas, center, works on the floor of the New York Stock Exchange, Thursday, May 12, 2016. Stocks are opening higher on Wall Street as traders are encouraged by talk of more deals and some better news on retail earnings. (AP Photo/Richard Drew) Most Read 
Need a Profile? Register Now. {* #userInformationForm *} Forgot your password? {* traditionalSignIn_password *} {* traditionalSignIn_signInButton *} {* /userInformationForm *} Sign in using your existing account {* loginWidget *} 
Need a Profile? Register Now. {* #userInformationForm *} Forgot your password? {* traditionalSignIn_password *} {* traditionalSignIn_signInButton *} {* /userInformationForm *} Sign in using your existing account {* loginWidget *} 
Need a Profile? Register Now. {* #userInformationForm *} Forgot your password? {* traditionalSignIn_password *} {* traditionalSignIn_signInButton *} {* /userInformationForm *} Sign in using your existing account {* loginWidget *} Please confirm the information below before signing in. *Required By submitting your registration information, you agree to our Visitor Agreement and Privacy Policy . {* socialRegistration_signInButton *} {* /socialRegistrationForm *} {* #registrationForm *} {* traditionalRegistration_emailAddress *} {* traditionalRegistration_password *} {* traditionalRegistration_passwordConfirm *} {* traditionalRegistration_displayName *} By submitting your registration information, you agree to our Visitor Agreement and Privacy Policy . {* createAccountButton *} {* /registrationForm *} {* #registrationFormBlank *} {* traditionalRegistration_emailAddressBlank *} {* traditionalRegistration_passwordBlank *} {* traditionalRegistration_passwordConfirmBlank *} {* traditionalRegistration_displayName *} By submitting your registration information, you agree to our Visitor Agreement and Privacy Policy . {* createAccountButton *} {* /registrationForm *} Just One More Thing... 
We have sent you a verification email. Please check your email and click on the link to activate your profile. 
If you do not receive the verification message within a few minutes of signing up, please check your Spam or Junk folder. Close Thank you for registering! 
We look forward to seeing you on [website] frequently. Visit us and sign in to update your profile, receive the latest news and keep up to date with mobile alerts. 
Click here to return to the page you were visiting. Create a new password 
Don&apos;t worry, it happens. We&apos;ll send you a link to create a new password. {* #forgotPasswordForm *} {* forgotPassword_emailAddress *} {* forgotPassword_sendButton *} {* /forgotPasswordForm *}
</topic_text>
<spam_score>0.00</spam_score>
<post_num>1</post_num>
<post_id>post-1</post_id>
<post_url>http://www.ajc.com/ap/ap/business/us-stocks-slip-after-unemployment-claims-rise-tech/pC9tdQ/</post_url>
<post_date>20160512</post_date>
<post_time>1536</post_time>
<username></username>
<post>
SUBSCRIBE FOLLOW US © 2016 Cox Media Group . By using this website, you accept the terms of our Visitor Agreement and Privacy Policy , and understand your options regarding Ad Choices . Learn about careers at Cox Media Group . US stocks slip after unemployment claims rise; tech slumps Trader Tommy Kalikas, center, works on the floor of the New York Stock Exchange, Thursday, May 12, 2016. Stocks are opening higher on Wall Street as traders are encouraged by talk of more deals and some better news on retail earnings. (AP Photo/Richard Drew) Most Read 
Need a Profile? Register Now. {* #userInformationForm *} Forgot your password? {* traditionalSignIn_password *} {* traditionalSignIn_signInButton *} {* /userInformationForm *} Sign in using your existing account {* loginWidget *} 
Need a Profile? Register Now. {* #userInformationForm *} Forgot your password? {* traditionalSignIn_password *} {* traditionalSignIn_signInButton *} {* /userInformationForm *} Sign in using your existing account {* loginWidget *} 
Need a Profile? Register Now. {* #userInformationForm *} Forgot your password? {* traditionalSignIn_password *} {* traditionalSignIn_signInButton *} {* /userInformationForm *} Sign in using your existing account {* loginWidget *} Please confirm the information below before signing in. *Required By submitting your registration information, you agree to our Visitor Agreement and Privacy Policy . {* socialRegistration_signInButton *} {* /socialRegistrationForm *} {* #registrationForm *} {* traditionalRegistration_emailAddress *} {* traditionalRegistration_password *} {* traditionalRegistration_passwordConfirm *} {* traditionalRegistration_displayName *} By submitting your registration information, you agree to our Visitor Agreement and Privacy Policy . {* createAccountButton *} {* /registrationForm *} {* #registrationFormBlank *} {* traditionalRegistration_emailAddressBlank *} {* traditionalRegistration_passwordBlank *} {* traditionalRegistration_passwordConfirmBlank *} {* traditionalRegistration_displayName *} By submitting your registration information, you agree to our Visitor Agreement and Privacy Policy . {* createAccountButton *} {* /registrationForm *} Just One More Thing... 
We have sent you a verification email. Please check your email and click on the link to activate your profile. 
If you do not receive the verification message within a few minutes of signing up, please check your Spam or Junk folder. Close Thank you for registering! 
We look forward to seeing you on [website] frequently. Visit us and sign in to update your profile, receive the latest news and keep up to date with mobile alerts. 
Click here to return to the page you were visiting. Create a new password 
Don&apos;t worry, it happens. We&apos;ll send you a link to create a new password. {* #forgotPasswordForm *} {* forgotPassword_emailAddress *} {* forgotPassword_sendButton *} {* /forgotPasswordForm *}
</post>
<signature>

</signature>
<external_links>

</external_links>
<country>US</country>
<main_image>http://media.cmgdigital.com/shared/img/photos/2016/05/12/0c/5a/c7c016524dec4d89a0382387453651fa-fadfe364dfd1457883df563ea8835d6d-4.jpg</main_image>
</document>
