<?xml version="1.0" encoding="UTF-8"?>
<document>
<type>mainstream</type>
<forum>http://www.informazione.it/xml/pr/0d62108b-a0c2-46f5-b8d9-9aed3a376451.xml?lng=neutral</forum>
<forum_title>I Comunicati Stampa di PR Newswire su informazione.it</forum_title>
<discussion_title>Un doctor y una estrella del rock llevan la misión de la igualdad en salud al Vaticano</discussion_title>
<language>spanish</language>
<gmt_offset></gmt_offset>
<topic_url>http://www.informazione.it/c/0768DBC1-D6A7-4ABB-A845-48B302D23D6D/Un-doctor-y-una-estrella-del-rock-llevan-la-mision-de-la-igualdad-en-salud-al-Vaticano</topic_url>
<topic_text>
Un doctor y una estrella del rock llevan la misión de la igualdad en salud al Vaticano Foto - http://photos.prnewswire.com/prnh/20160511/366750Video - https://www.youtube.com/watch?v=cBt_z3aefWg 
Foto - https://www.youtube.com/watch?v=cBt_z3aefWg 
&quot;La Angiogenesis Foundation ha identificado que los alimentos es una solución sin explotar y equitativa para la salud futura de la sociedad&quot;, afirmó el doctor Li, consejero delegado de la fundación. &quot;Ya que la ciencia celular está revelando nuevas dimensiones acerca de lo que comemos y bebemos. Más del 80% de las muertes por enfermedades crónicas se pueden prevenir por medio de la dieta e intervenciones del estilo de vida&quot;. 
El doctor Li presentó los datos de la investigación que demuestran que el consumo de aceite de olive, pescado, vino tinto, cacao y una dieta Mediterránea pueden aumentar el número de células madre circulantes en el cuerpo en los adultos, pudiendo ayudar en la curación de los órganos, reduciendo el deterioro del envejecimiento y regenerando los tejidos. Según Li, hay otros alimentos que luchan contra el cáncer al agotar el suministro de sangre hacia los tumores, entre estos están el orégano, tomates y brécol. &quot;Incluso hemos descubierto factores de la dieta en los alimentos comunes que pueden apagar la oncogénesis que causa el cáncer, y activar los genes supresores del tumor&quot;, destacó Li. Muchos alimentos citados durante su presentación han demostrado dentro de los estudios de salud pública estar asociados a una reducción dramática en el riesgo de cáncer, fallo cardiaco y derrame. 
Citando la urgencia de cara a la reducción del padecimiento humano desde la enfermedad, el doctor Li llamó a la audiencia para 1) encuestar acerca de los recursos intelectuales y financieros en la búsqueda de la investigación centrada en las formas de mantener la salud con el mismo compromiso que el esfuerzo para curar la enfermedad , sobre todo el cáncer; 2) movilizar a las comunidades para ser conscientes de la evidencia científica en los alimentos que pueden reducir el riesgo de enfermedad y emplearlos en sus vidas diarias; y 3) ayudar a modelar un panorama político a través de las naciones para ampliar el cuidado de la salud desde &apos;Pharma to Farm&apos;, ampliando así las herramientas existentes en relación a las enfermedades no comunicables a las que se enfrenta la sociedad. 
&quot;Espero contar con su apoyo y bendición para acelerar nuestro trabajo que integra las virtudes naturales de los alimentos, con la promesa de llevar un nuevo renacimiento científico para la salud global&quot;, explicó Li a la audiencia del Vaticano . 
Tras finalizar las presentaciones, los participantes en la conferencia visitaron la Capilla Sixtina para celebrar una actuación especial de The Edge, que estuvo acompañado por un coro de jóvenes de Music Generation, un programa de formación musical de Irlanda apoyado por U2, haciendo historia al convertirse en el primer músico contemporáneo en tocar en la capilla. En un discurso realizado antes de su actuación, The Edge explicó: &quot;Basándome en mi trabajo con la Angiogenesis Foundation y con la confirmación de lo que he visto en esta conferencia, está claro que existe un mar de cambio dentro de la industria del cuidado de la salud que impactará en miles de millones de personas vivas actualmente. Las cosas están mejorando en este mundo, y el motive que más cito es dentro del campo de las ciencias médicas&quot;. 
Para apoyar la misión de la fundación, puede realizar donaciones por medio de www.angio.org/donate/ 
Si desea hace consultas sobre los alimentos y salud de la fundación contacte con: 
Acerca de la Angiogenesis Foundation Con sede central sita en Cambridge, Massachusetts , Estados Unidos, y fundada en el año 1994, la Angiogenesis Foundation ( www.angio.org ) es una organización sin ánimo de lucro que lidera el desarrollo de los avances de salud basados en la angiogénesis, procesos usados por el cuerpo para hacer crecer nuevos vasos sanguíneos. El trabajo de la fundación ha ayudado a llevar al mundo más de 30 nuevos tratamientos para el cáncer, diabetes y pérdida de visión. Ya entrando en su tercera década, la fundación amplía su visión de la prevención de enfermedades y bienestar por medio de la dieta y el estilo de vida. 
Si desea conocer más acerca de la lucha contra la enfermedad por medio de la fundación visite:
</topic_text>
<spam_score>0.00</spam_score>
<post_num>1</post_num>
<post_id>post-1</post_id>
<post_url>http://www.informazione.it/c/0768DBC1-D6A7-4ABB-A845-48B302D23D6D/Un-doctor-y-una-estrella-del-rock-llevan-la-mision-de-la-igualdad-en-salud-al-Vaticano</post_url>
<post_date>20160512</post_date>
<post_time>1443</post_time>
<username></username>
<post>
Un doctor y una estrella del rock llevan la misión de la igualdad en salud al Vaticano Foto - http://photos.prnewswire.com/prnh/20160511/366750Video - https://www.youtube.com/watch?v=cBt_z3aefWg 
Foto - https://www.youtube.com/watch?v=cBt_z3aefWg 
&quot;La Angiogenesis Foundation ha identificado que los alimentos es una solución sin explotar y equitativa para la salud futura de la sociedad&quot;, afirmó el doctor Li, consejero delegado de la fundación. &quot;Ya que la ciencia celular está revelando nuevas dimensiones acerca de lo que comemos y bebemos. Más del 80% de las muertes por enfermedades crónicas se pueden prevenir por medio de la dieta e intervenciones del estilo de vida&quot;. 
El doctor Li presentó los datos de la investigación que demuestran que el consumo de aceite de olive, pescado, vino tinto, cacao y una dieta Mediterránea pueden aumentar el número de células madre circulantes en el cuerpo en los adultos, pudiendo ayudar en la curación de los órganos, reduciendo el deterioro del envejecimiento y regenerando los tejidos. Según Li, hay otros alimentos que luchan contra el cáncer al agotar el suministro de sangre hacia los tumores, entre estos están el orégano, tomates y brécol. &quot;Incluso hemos descubierto factores de la dieta en los alimentos comunes que pueden apagar la oncogénesis que causa el cáncer, y activar los genes supresores del tumor&quot;, destacó Li. Muchos alimentos citados durante su presentación han demostrado dentro de los estudios de salud pública estar asociados a una reducción dramática en el riesgo de cáncer, fallo cardiaco y derrame. 
Citando la urgencia de cara a la reducción del padecimiento humano desde la enfermedad, el doctor Li llamó a la audiencia para 1) encuestar acerca de los recursos intelectuales y financieros en la búsqueda de la investigación centrada en las formas de mantener la salud con el mismo compromiso que el esfuerzo para curar la enfermedad , sobre todo el cáncer; 2) movilizar a las comunidades para ser conscientes de la evidencia científica en los alimentos que pueden reducir el riesgo de enfermedad y emplearlos en sus vidas diarias; y 3) ayudar a modelar un panorama político a través de las naciones para ampliar el cuidado de la salud desde &apos;Pharma to Farm&apos;, ampliando así las herramientas existentes en relación a las enfermedades no comunicables a las que se enfrenta la sociedad. 
&quot;Espero contar con su apoyo y bendición para acelerar nuestro trabajo que integra las virtudes naturales de los alimentos, con la promesa de llevar un nuevo renacimiento científico para la salud global&quot;, explicó Li a la audiencia del Vaticano . 
Tras finalizar las presentaciones, los participantes en la conferencia visitaron la Capilla Sixtina para celebrar una actuación especial de The Edge, que estuvo acompañado por un coro de jóvenes de Music Generation, un programa de formación musical de Irlanda apoyado por U2, haciendo historia al convertirse en el primer músico contemporáneo en tocar en la capilla. En un discurso realizado antes de su actuación, The Edge explicó: &quot;Basándome en mi trabajo con la Angiogenesis Foundation y con la confirmación de lo que he visto en esta conferencia, está claro que existe un mar de cambio dentro de la industria del cuidado de la salud que impactará en miles de millones de personas vivas actualmente. Las cosas están mejorando en este mundo, y el motive que más cito es dentro del campo de las ciencias médicas&quot;. 
Para apoyar la misión de la fundación, puede realizar donaciones por medio de www.angio.org/donate/ 
Si desea hace consultas sobre los alimentos y salud de la fundación contacte con: 
Acerca de la Angiogenesis Foundation Con sede central sita en Cambridge, Massachusetts , Estados Unidos, y fundada en el año 1994, la Angiogenesis Foundation ( www.angio.org ) es una organización sin ánimo de lucro que lidera el desarrollo de los avances de salud basados en la angiogénesis, procesos usados por el cuerpo para hacer crecer nuevos vasos sanguíneos. El trabajo de la fundación ha ayudado a llevar al mundo más de 30 nuevos tratamientos para el cáncer, diabetes y pérdida de visión. Ya entrando en su tercera década, la fundación amplía su visión de la prevención de enfermedades y bienestar por medio de la dieta y el estilo de vida. 
Si desea conocer más acerca de la lucha contra la enfermedad por medio de la fundación visite:
</post>
<signature>

</signature>
<external_links>

</external_links>
<country>IT</country>
<main_image>http://imgs3.informazione.it/img/pr_def_md.jpg</main_image>
</document>
