<?xml version="1.0" encoding="UTF-8"?>
<document>
<type>mainstream</type>
<forum>http://www.fox8live.com/category/13533/international-news?clienttype=rss</forum>
<forum_title>FOX 8 News WVUE-TV - International - Headline</forum_title>
<discussion_title>Uganda: President inaugurated amid opposition arrests</discussion_title>
<language>english</language>
<gmt_offset></gmt_offset>
<topic_url>http://www.fox8live.com/story/31954656/uganda-president-inaugurated-amid-opposition-arrests</topic_url>
<topic_text>
Uganda: President inaugurated amid opposition arrests - FOX 8 WVUE New Orleans News, Weather, Sports, Social Member Center: Uganda: President inaugurated amid opposition arrests 2016-05-12T10:02:57Z By RODNEY MUHUMUZAAssociated Press 
KAMPALA, Uganda (AP) - Uganda&apos;s long-time president was sworn in Thursday for a fifth term taking him into his fourth decade in power, amid arrests of opposition politicians and a shutdown of social media. 
President Yoweri Museveni, 71, was inaugurated in the capital, Kampala, in a ceremony attended by dignitaries from across Africa, including Zimbabwean President Robert Mugabe, South African President Jacob Zuma and President Omar al-Bashir of Sudan. Tribal dancers entertained the crowd and Ugandan military aircraft, including Russian-made fighter jets, performed an air show over the venue. 
Human Rights Watch urged Ugandan authorities to arrest Bashir, saying Museveni will &quot;tarnish his inauguration further by welcoming&quot; Sudan&apos;s leader, who is wanted by the International Criminal Court for alleged atrocities committed in Darfur. 
But in a speech after taking office, Museveni defended Bashir&apos;s presence in Uganda, calling the Hague-based international court &quot;a bunch of useless people&quot; he no longer supports. 
Ahead of Museveni&apos;s inauguration, security forces detained some opposition figures and the government blocked social media sites like Facebook and Twitter, drawing criticism from rights activists. 
&quot;We should advocate for reforms as a way of ushering in further improvements in our democratic pathway,&quot; said Livingstone Sewanyana of the Kampala-based Foundation for Human Rights Initiative. 
Museveni, who took power by force in 1986, is already one of Africa&apos;s longest-ruling leaders, and he will have been power for 35 years when his new term expires in 2021. Museveni has not said when he will retire and some critics charge that he wants to rule this East African country for life. 
Opposition leader Kizza Besigye rejected Museveni&apos;s victory in the February polls, calling the vote a fraud and demanding an international audit. Uganda&apos;s top court has since ruled in Museveni&apos;s favor. Besigye was arrested as he addressed a crowd of his supporters on Wednesday and is being detained at an unknown location. 
Museveni, a U.S. ally on regional security, came to power at the end of a deadly guerrilla war promising to re-establish democracy in Uganda. In one of his early speeches as president, he said Africa&apos;s problem was &quot;leaders who want to overstay in power.&quot; Copyright 2016 The Associated Press. All rights reserved. This material may not be published, broadcast, rewritten or redistributed.
</topic_text>
<spam_score>0.00</spam_score>
<post_num>1</post_num>
<post_id>post-1</post_id>
<post_url>http://www.fox8live.com/story/31954656/uganda-president-inaugurated-amid-opposition-arrests</post_url>
<post_date>20160512</post_date>
<post_time>1152</post_time>
<username></username>
<post>
Uganda: President inaugurated amid opposition arrests - FOX 8 WVUE New Orleans News, Weather, Sports, Social Member Center: Uganda: President inaugurated amid opposition arrests 2016-05-12T10:02:57Z By RODNEY MUHUMUZAAssociated Press 
KAMPALA, Uganda (AP) - Uganda&apos;s long-time president was sworn in Thursday for a fifth term taking him into his fourth decade in power, amid arrests of opposition politicians and a shutdown of social media. 
President Yoweri Museveni, 71, was inaugurated in the capital, Kampala, in a ceremony attended by dignitaries from across Africa, including Zimbabwean President Robert Mugabe, South African President Jacob Zuma and President Omar al-Bashir of Sudan. Tribal dancers entertained the crowd and Ugandan military aircraft, including Russian-made fighter jets, performed an air show over the venue. 
Human Rights Watch urged Ugandan authorities to arrest Bashir, saying Museveni will &quot;tarnish his inauguration further by welcoming&quot; Sudan&apos;s leader, who is wanted by the International Criminal Court for alleged atrocities committed in Darfur. 
But in a speech after taking office, Museveni defended Bashir&apos;s presence in Uganda, calling the Hague-based international court &quot;a bunch of useless people&quot; he no longer supports. 
Ahead of Museveni&apos;s inauguration, security forces detained some opposition figures and the government blocked social media sites like Facebook and Twitter, drawing criticism from rights activists. 
&quot;We should advocate for reforms as a way of ushering in further improvements in our democratic pathway,&quot; said Livingstone Sewanyana of the Kampala-based Foundation for Human Rights Initiative. 
Museveni, who took power by force in 1986, is already one of Africa&apos;s longest-ruling leaders, and he will have been power for 35 years when his new term expires in 2021. Museveni has not said when he will retire and some critics charge that he wants to rule this East African country for life. 
Opposition leader Kizza Besigye rejected Museveni&apos;s victory in the February polls, calling the vote a fraud and demanding an international audit. Uganda&apos;s top court has since ruled in Museveni&apos;s favor. Besigye was arrested as he addressed a crowd of his supporters on Wednesday and is being detained at an unknown location. 
Museveni, a U.S. ally on regional security, came to power at the end of a deadly guerrilla war promising to re-establish democracy in Uganda. In one of his early speeches as president, he said Africa&apos;s problem was &quot;leaders who want to overstay in power.&quot; Copyright 2016 The Associated Press. All rights reserved. This material may not be published, broadcast, rewritten or redistributed.
</post>
<signature>

</signature>
<external_links>

</external_links>
<country>US</country>
<main_image></main_image>
</document>
