<?xml version="1.0" encoding="UTF-8"?>
<document>
<type>mainstream</type>
<forum>http://rian.com.ua/export/rss2/index.xml</forum>
<forum_title>РИА Новости Украина Украина</forum_title>
<discussion_title>Экспертный опрос: нынешние Рада и Кабмин продержатся недолго</discussion_title>
<language>russian</language>
<gmt_offset></gmt_offset>
<topic_url>http://rian.com.ua/analytics/20160512/1009862706.html</topic_url>
<topic_text>
Призрачная коалиция 
Политологов спросили, существует ли сейчас коалиция в Верховной Раде Украины. 
&quot; Более половины экспертов (52,4%) считают, что коалиции не существует, а 33% согласились с тем, что существует &quot;, – сказала руководитель сектора экспертных опросов УИАМП Анна Свидченко , представляя результаты опроса. 
По ее словам, экспертное сообщество считает, что в состав реальной, а не формальной коалиции входят Блок Петра Порошенко и &quot;Народный фронт&quot; (85,7%), а также депутатские группы &quot;Возрождение&quot; (71,4%) и &quot;Воля народа&quot; (66,7%). 
&quot; Такие результаты говорят о достаточно шатком положении нынешней формальной коалиции в составе БПП и НФ, которая будет существовать только в случае поддержки ее деятельности… формально внекоалиционными депутатскими группами в парламенте &quot;, – отметила Свидченко. 
Кто влияет 
Основными субъектами влияния на коалицию и правительства оказались, по результатам экспертного опроса, президент (76,2% и 81% соответственно) и финансово-промышленные группы (71,4% и 66,7% соответственно). А самое маленькое влияние оказывает гражданское общество (4,8% и 0% соответственно), указывают в УИАМП. 
Директор УИАМП Руслан Бортник напомнил, что результаты экспертного опроса, проведенного институтом для анализа года работы Верховной Рады, продемонстрировал такие же результаты: &quot;То есть, эксперты констатируют чрезвычайно низкий уровень влияния общества на политикум и высокий уровень политической безответственности перед обществом&quot;. Самый молодой премьер: Рада утвердила Гройсмана и новый Кабмин 
&quot;Посредственное&quot; правительство 
Что до правительства Владимира Гройсмана , то прогнозируемый уровень эффективности его работы эксперты оценили на &quot;посредственно&quot;: оценку &quot;3&quot; поставили Кабмину 47,6% респондентов, отметила эксперт УИАМП Наталья Фиалковская. 
По ее словам, можно проследить негативную динамику оценок: &quot;самые низкие оценко – &quot;1&quot; (провально) и &quot;2&quot; (неудовлетворительно) поставили правительству больше половины экспертов (52,4%), но никто из опрошенных не дал позитивной оценки &quot;4&quot; или &quot;5&quot; относительно своих ожиданий. 
Негативно оценивают эксперты и будущую работу Владимира Гройсмана на посту премьер-министра. Читайте также: Выход из кризиса создал два новых кризиса. Политолог о работе Рады 
&quot; По пятибалльной шкале негативные оценки &quot;1&quot; и &quot;2&quot; в сумме составляют большинство 52,4%. Оценки &quot;3&quot; и &quot;4&quot; – 47,6%. Оценку &quot;5&quot; не поставил ни один из экпертов&quot; , – отметила Фиалковская, добавив, что такой результат иллюстрирует негативные ожидания экспертов относительно отсутствия реализации программ, задекларированных новым главой правительства&quot;. 
Когда выборы? 
Эксперты также дали прогнозы относительно даты возможных перевыборов: 51,5% считают, что это произойдет весной 2015 года, по 28,6% разделились между осенью и зимой 2016 года. При этом ни один из экспертов не высказал мнения, что перевыборы не состоятся, отметили в УИАМП. 
Инициирует перевыборы распад коалиции, считает большинство (64,7%) опрошенных политологов. 
По результатам опроса составлен рейтинг основных политических партий в случае внеочередных выборов. По мнению экспертов, их результаты будут выглядеть так (от первого до последнего места): &quot;Батькивщина&quot;, Оппозиционный блок, БПП, &quot;Самопомич&quot;, Блок Саакашвили (в том случае, если он будет создан и примет участие в выборах), &quot;Радикальная партия&quot;, &quot;Свобода&quot;, УКРОП, &quot;Возрождение&quot;, &quot;Наш край&quot;, &quot;Народный фронт&quot;, &quot;Правый сектор&quot;, &quot;Заступ&quot;. Парубий: портрет в интерьере Верховной Рады 
Власть с коммерческим мышлением 
Комментируя результаты опроса, Руслан Бортник отметил, что, конечно, &quot;власть будет держаться до конца: президенту выборы не нужны, западным партнерам они не желательны&quot;. К тому же, по его словам, &quot;у власти находятся люди с коммерческим мышлением, не политическим&quot;. В основе такого коммерческого мышления – &quot;всегда невыполнение контракта&quot;. 
По мнению эксперта, в нормальном государстве в результате распада коалиции выборы уже состоялись бы. Но игнорировать ситуацию долго власти не удастся: &quot;после осенних платежек рейтинг президента достигнет дна, управляемость системы упадет&quot;. 
&quot; Региональные элиты начнут ориентироваться на лидеров будущего политического цикла, то есть, начнется тотальный саботаж выполнения любых распоряжений власти, разброд и шатания усилятся &quot;, – сказал Бортник. 
По его мнению, &quot;весной будут созданы условия для перевыборов, которые пройдут в 2017 году&quot;.
</topic_text>
<spam_score>0.00</spam_score>
<post_num>1</post_num>
<post_id>post-1</post_id>
<post_url>http://rian.com.ua/analytics/20160512/1009862706.html</post_url>
<post_date>20160512</post_date>
<post_time>1528</post_time>
<username></username>
<post>
Призрачная коалиция 
Политологов спросили, существует ли сейчас коалиция в Верховной Раде Украины. 
&quot; Более половины экспертов (52,4%) считают, что коалиции не существует, а 33% согласились с тем, что существует &quot;, – сказала руководитель сектора экспертных опросов УИАМП Анна Свидченко , представляя результаты опроса. 
По ее словам, экспертное сообщество считает, что в состав реальной, а не формальной коалиции входят Блок Петра Порошенко и &quot;Народный фронт&quot; (85,7%), а также депутатские группы &quot;Возрождение&quot; (71,4%) и &quot;Воля народа&quot; (66,7%). 
&quot; Такие результаты говорят о достаточно шатком положении нынешней формальной коалиции в составе БПП и НФ, которая будет существовать только в случае поддержки ее деятельности… формально внекоалиционными депутатскими группами в парламенте &quot;, – отметила Свидченко. 
Кто влияет 
Основными субъектами влияния на коалицию и правительства оказались, по результатам экспертного опроса, президент (76,2% и 81% соответственно) и финансово-промышленные группы (71,4% и 66,7% соответственно). А самое маленькое влияние оказывает гражданское общество (4,8% и 0% соответственно), указывают в УИАМП. 
Директор УИАМП Руслан Бортник напомнил, что результаты экспертного опроса, проведенного институтом для анализа года работы Верховной Рады, продемонстрировал такие же результаты: &quot;То есть, эксперты констатируют чрезвычайно низкий уровень влияния общества на политикум и высокий уровень политической безответственности перед обществом&quot;. Самый молодой премьер: Рада утвердила Гройсмана и новый Кабмин 
&quot;Посредственное&quot; правительство 
Что до правительства Владимира Гройсмана , то прогнозируемый уровень эффективности его работы эксперты оценили на &quot;посредственно&quot;: оценку &quot;3&quot; поставили Кабмину 47,6% респондентов, отметила эксперт УИАМП Наталья Фиалковская. 
По ее словам, можно проследить негативную динамику оценок: &quot;самые низкие оценко – &quot;1&quot; (провально) и &quot;2&quot; (неудовлетворительно) поставили правительству больше половины экспертов (52,4%), но никто из опрошенных не дал позитивной оценки &quot;4&quot; или &quot;5&quot; относительно своих ожиданий. 
Негативно оценивают эксперты и будущую работу Владимира Гройсмана на посту премьер-министра. Читайте также: Выход из кризиса создал два новых кризиса. Политолог о работе Рады 
&quot; По пятибалльной шкале негативные оценки &quot;1&quot; и &quot;2&quot; в сумме составляют большинство 52,4%. Оценки &quot;3&quot; и &quot;4&quot; – 47,6%. Оценку &quot;5&quot; не поставил ни один из экпертов&quot; , – отметила Фиалковская, добавив, что такой результат иллюстрирует негативные ожидания экспертов относительно отсутствия реализации программ, задекларированных новым главой правительства&quot;. 
Когда выборы? 
Эксперты также дали прогнозы относительно даты возможных перевыборов: 51,5% считают, что это произойдет весной 2015 года, по 28,6% разделились между осенью и зимой 2016 года. При этом ни один из экспертов не высказал мнения, что перевыборы не состоятся, отметили в УИАМП. 
Инициирует перевыборы распад коалиции, считает большинство (64,7%) опрошенных политологов. 
По результатам опроса составлен рейтинг основных политических партий в случае внеочередных выборов. По мнению экспертов, их результаты будут выглядеть так (от первого до последнего места): &quot;Батькивщина&quot;, Оппозиционный блок, БПП, &quot;Самопомич&quot;, Блок Саакашвили (в том случае, если он будет создан и примет участие в выборах), &quot;Радикальная партия&quot;, &quot;Свобода&quot;, УКРОП, &quot;Возрождение&quot;, &quot;Наш край&quot;, &quot;Народный фронт&quot;, &quot;Правый сектор&quot;, &quot;Заступ&quot;. Парубий: портрет в интерьере Верховной Рады 
Власть с коммерческим мышлением 
Комментируя результаты опроса, Руслан Бортник отметил, что, конечно, &quot;власть будет держаться до конца: президенту выборы не нужны, западным партнерам они не желательны&quot;. К тому же, по его словам, &quot;у власти находятся люди с коммерческим мышлением, не политическим&quot;. В основе такого коммерческого мышления – &quot;всегда невыполнение контракта&quot;. 
По мнению эксперта, в нормальном государстве в результате распада коалиции выборы уже состоялись бы. Но игнорировать ситуацию долго власти не удастся: &quot;после осенних платежек рейтинг президента достигнет дна, управляемость системы упадет&quot;. 
&quot; Региональные элиты начнут ориентироваться на лидеров будущего политического цикла, то есть, начнется тотальный саботаж выполнения любых распоряжений власти, разброд и шатания усилятся &quot;, – сказал Бортник. 
По его мнению, &quot;весной будут созданы условия для перевыборов, которые пройдут в 2017 году&quot;.
</post>
<signature>

</signature>
<external_links>

</external_links>
<country>UA</country>
<main_image>http://rian.com.ua/images/100831/82/1008318262.jpg</main_image>
</document>
