<?xml version="1.0" encoding="UTF-8"?>
<document>
<type>mainstream</type>
<forum>http://feeds.feedburner.com/GrandeFM</forum>
<forum_title>RSS de Notícias</forum_title>
<discussion_title>Punição sem crime é a &quot;maior das brutalidades&quot; contra ser humano, diz Dilma</discussion_title>
<language>portuguese</language>
<gmt_offset></gmt_offset>
<topic_url>http://www.grandefm.com.br/noticias/politica/punicao-sem-crime-e-a-maior-das-brutalidades-contra-ser-humano-diz-dilma</topic_url>
<topic_text>
12/05/2016 10h36   10h36 Punição sem crime é a &quot;maior das brutalidades&quot; contra ser humano, diz Dilma Dilma Rousseff admitiu que pode ter cometido erros, mas enfatizou que não cometeu crimes e que está sofrendo injustiça, a &quot;maior das brutalidades que pode ser cometida&quot;. Por: A. Brasil Dilma Rousseff admitiu que pode ter cometido erros, mas enfatizou que não cometeu crimes e que está sofrendo injustiça, a &quot;maior das brutalidades que pode ser cometida&quot;. 
Cercada por dezenas de ex-ministros, parlamentares e servidores do Palácio do Planalto, a presidenta afastada Dilma Rousseff faz neste monento um pronunciamento à imprensa em que classificou o processo contra ela de &quot;impeachment fraudulento&quot;. 
&quot;Não cometi crime de responsabilidade. Não tenho contas no exterior, jamais compactuei com a corrupção. Esse processo é frágil, juridicamente inconsistente, injusto, desencadeado contra pessoa honesta e inocente. A maior das brutalidades que pode ser cometida por qualquer ser humano: puni-lo por um crime que não cometeu&quot;, disse. 
Em falas interrompidas por aplausos e gritos de apoio, a presidenta lembrou que foi eleita por 54 milhões de brasileiros e disse que o que está em jogo não é somente o seu mandato. 
&quot;O que está em jogo não é apenas o meu mandato. É o respeito às urnas. À vontade soberana ao povo brasileiro e à Constituição. São as conquistas dos últimos 13 anos. O que está em jogo é a proteção às crianças, jovens chegando às universidades e escolas técnicas. O que está em jogo é o futuro do país, esperança de avançar cada vez mais. Quero mais uma vez esclarecer fatos e denunciar riscos para país de um impeachment fraudulento. Um verdadeiro golpe&quot;, declarou. 
Em instantes, a presidenta vai sair do Palácio do Planalto pela porta principal que fica no térreo do prédio. Em um cercado próximo à rampa, servidores da Presidência, em sua maioria mulheres, vão recepcioná-la e a acompanharão até a avenida em frente ao Planalto, onde estão concentrados milhares de manifestantes de apoio a ela. De cima de uma estrutura montada, Dilma vai fazer outro discurso condenando o processo que classifica como golpe.  
</topic_text>
<spam_score>0.00</spam_score>
<post_num>1</post_num>
<post_id>post-1</post_id>
<post_url>http://www.grandefm.com.br/noticias/politica/punicao-sem-crime-e-a-maior-das-brutalidades-contra-ser-humano-diz-dilma</post_url>
<post_date>20160512</post_date>
<post_time>1840</post_time>
<username></username>
<post>
12/05/2016 10h36   10h36 Punição sem crime é a &quot;maior das brutalidades&quot; contra ser humano, diz Dilma Dilma Rousseff admitiu que pode ter cometido erros, mas enfatizou que não cometeu crimes e que está sofrendo injustiça, a &quot;maior das brutalidades que pode ser cometida&quot;. Por: A. Brasil Dilma Rousseff admitiu que pode ter cometido erros, mas enfatizou que não cometeu crimes e que está sofrendo injustiça, a &quot;maior das brutalidades que pode ser cometida&quot;. 
Cercada por dezenas de ex-ministros, parlamentares e servidores do Palácio do Planalto, a presidenta afastada Dilma Rousseff faz neste monento um pronunciamento à imprensa em que classificou o processo contra ela de &quot;impeachment fraudulento&quot;. 
&quot;Não cometi crime de responsabilidade. Não tenho contas no exterior, jamais compactuei com a corrupção. Esse processo é frágil, juridicamente inconsistente, injusto, desencadeado contra pessoa honesta e inocente. A maior das brutalidades que pode ser cometida por qualquer ser humano: puni-lo por um crime que não cometeu&quot;, disse. 
Em falas interrompidas por aplausos e gritos de apoio, a presidenta lembrou que foi eleita por 54 milhões de brasileiros e disse que o que está em jogo não é somente o seu mandato. 
&quot;O que está em jogo não é apenas o meu mandato. É o respeito às urnas. À vontade soberana ao povo brasileiro e à Constituição. São as conquistas dos últimos 13 anos. O que está em jogo é a proteção às crianças, jovens chegando às universidades e escolas técnicas. O que está em jogo é o futuro do país, esperança de avançar cada vez mais. Quero mais uma vez esclarecer fatos e denunciar riscos para país de um impeachment fraudulento. Um verdadeiro golpe&quot;, declarou. 
Em instantes, a presidenta vai sair do Palácio do Planalto pela porta principal que fica no térreo do prédio. Em um cercado próximo à rampa, servidores da Presidência, em sua maioria mulheres, vão recepcioná-la e a acompanharão até a avenida em frente ao Planalto, onde estão concentrados milhares de manifestantes de apoio a ela. De cima de uma estrutura montada, Dilma vai fazer outro discurso condenando o processo que classifica como golpe.  
</post>
<signature>

</signature>
<external_links>

</external_links>
<country>BR</country>
<main_image>http://www.grandefm.com.br/media/images/6770/72306/5734962e472bd1082d1b40c34a588cb5f17ec8e666a65.jpg</main_image>
</document>
