<?xml version="1.0" encoding="UTF-8"?>
<document>
<type>mainstream</type>
<forum>http://sampan.org/feed</forum>
<forum_title>Sampan.org</forum_title>
<discussion_title>Free legal clinic May 23</discussion_title>
<language>english</language>
<gmt_offset></gmt_offset>
<topic_url>http://sampan.org/2016/05/free-legal-clinic-may-23/</topic_url>
<topic_text>
Monday, May 23 , every fourth Monday 
6 p.m. to 8 p.m. 
1509 Hancock Street, Suite 209 
Quincy, MA 02169 
Quincy Asian Resources, Inc. will host a free monthly legal clinic addressing individual concerns over immigration law, landlord/tenant law, family law, personal injury and criminal issues. Please contact QARI at (617) 472-2200 or e-mail . This post is also available in: Chinese About Web
</topic_text>
<spam_score>0.00</spam_score>
<post_num>1</post_num>
<post_id>post-1</post_id>
<post_url>http://sampan.org/2016/05/free-legal-clinic-may-23/</post_url>
<post_date>20160511</post_date>
<post_time>1643</post_time>
<username>Web</username>
<post>
Monday, May 23 , every fourth Monday 
6 p.m. to 8 p.m. 
1509 Hancock Street, Suite 209 
Quincy, MA 02169 
Quincy Asian Resources, Inc. will host a free monthly legal clinic addressing individual concerns over immigration law, landlord/tenant law, family law, personal injury and criminal issues. Please contact QARI at (617) 472-2200 or e-mail . This post is also available in: Chinese About Web
</post>
<signature>

</signature>
<external_links>

</external_links>
<country>US</country>
<main_image></main_image>
</document>
