<?xml version="1.0" encoding="UTF-8"?>
<document>
<type>mainstream</type>
<forum>http://ria.ru/</forum>
<forum_title>РИА Новости</forum_title>
<discussion_title>Таиланд пока не определился со вступлением в зоны свободной торговли</discussion_title>
<language>russian</language>
<gmt_offset></gmt_offset>
<topic_url>http://ria.ru/world/20160512/1432100865.html</topic_url>
<topic_text>
БАНГКОК, 12 мая – РИА Новости . Таиланд пока не принял решения о вступлении в ту или иную зону свободной торговли, заявил РИА Новости в четверг премьер-министр Таиланда Пают Чан-Оча.
Таиланд рассматривает сделанное в прошлом году российское предложение о создании зоны свободной торговли с Евразийским экономическим союзом. Одновременно в СМИ публикуются материалы о рассмотрении Таиландом вероятности вступления в инициированное США Транстихоокеанское партнерство.
© AP Photo/ Vincent Thian Премьер Таиланда назвал Россию союзником в реализации стратегии нацразвития &quot;Прежде всего, я очень благодарен правительству России, которое предложило нам создать зону свободной торговли с Евразийским экономическим союзом&quot;, — сказал агентству премьер-министр.
&quot;Мы должны тщательно изучить этот вопрос, как и в случае с другими такими предложениями&quot;, — продолжил Чан-Оча.
Правительство Таиланда должно рассмотреть все детали, все выгоды такого сотрудничества, и также – вероятность возникновения конфликтов в таиландском обществе в связи с вступлением в зону свободной торговли, и конфликтов с другими странами, добавил он.
&quot;Если оно взаимовыгодно и не порождает конфликтов, такое сотрудничество нам в высшей степени интересно, и мы не будем колебаться ни минуты, принимая решение о вступлении в такую зону&quot;, — заявил премьер.
Он пояснил, что, принимая то или иное решение, правительство Таиланда исходит, прежде всего, из пользы от этого решения для народа страны.
&quot;Получат ли простые люди выгоду от такого соглашения, или их права будут этим соглашением как-то ущемлены&quot;, — сказал Чан-Оча.
Он привел в пример возможную проблему с подорожанием лекарств, которая грозит Таиланду из-за условий вступления в Танстихоокеанское партнерство: если в результате подписания соглашения в стране подорожают лекарства, это будет означать, что населению придется больше за них платить, и этого правительство позволить не может. &quot;Есть и другие примеры таких вероятных конфликтов, и в таких случаях для нас приоритет – благосостояние народа&quot;, — сказал Чан-Оча.
</topic_text>
<spam_score>0.00</spam_score>
<post_num>1</post_num>
<post_id>post-1</post_id>
<post_url>http://ria.ru/world/20160512/1432100865.html</post_url>
<post_date>20160512</post_date>
<post_time>1925</post_time>
<username>ria.ru</username>
<post>
БАНГКОК, 12 мая – РИА Новости . Таиланд пока не принял решения о вступлении в ту или иную зону свободной торговли, заявил РИА Новости в четверг премьер-министр Таиланда Пают Чан-Оча.
Таиланд рассматривает сделанное в прошлом году российское предложение о создании зоны свободной торговли с Евразийским экономическим союзом. Одновременно в СМИ публикуются материалы о рассмотрении Таиландом вероятности вступления в инициированное США Транстихоокеанское партнерство.
© AP Photo/ Vincent Thian Премьер Таиланда назвал Россию союзником в реализации стратегии нацразвития &quot;Прежде всего, я очень благодарен правительству России, которое предложило нам создать зону свободной торговли с Евразийским экономическим союзом&quot;, — сказал агентству премьер-министр.
&quot;Мы должны тщательно изучить этот вопрос, как и в случае с другими такими предложениями&quot;, — продолжил Чан-Оча.
Правительство Таиланда должно рассмотреть все детали, все выгоды такого сотрудничества, и также – вероятность возникновения конфликтов в таиландском обществе в связи с вступлением в зону свободной торговли, и конфликтов с другими странами, добавил он.
&quot;Если оно взаимовыгодно и не порождает конфликтов, такое сотрудничество нам в высшей степени интересно, и мы не будем колебаться ни минуты, принимая решение о вступлении в такую зону&quot;, — заявил премьер.
Он пояснил, что, принимая то или иное решение, правительство Таиланда исходит, прежде всего, из пользы от этого решения для народа страны.
&quot;Получат ли простые люди выгоду от такого соглашения, или их права будут этим соглашением как-то ущемлены&quot;, — сказал Чан-Оча.
Он привел в пример возможную проблему с подорожанием лекарств, которая грозит Таиланду из-за условий вступления в Танстихоокеанское партнерство: если в результате подписания соглашения в стране подорожают лекарства, это будет означать, что населению придется больше за них платить, и этого правительство позволить не может. &quot;Есть и другие примеры таких вероятных конфликтов, и в таких случаях для нас приоритет – благосостояние народа&quot;, — сказал Чан-Оча.
</post>
<signature>

</signature>
<external_links>

</external_links>
<country>RU</country>
<main_image>http://cdn14.img22.ria.ru/images/143189/88/1431898805.jpg</main_image>
</document>
