<?xml version="1.0" encoding="UTF-8"?>
<document>
<type>mainstream</type>
<forum>http://www.voetbalnieuws.ws/feed/</forum>
<forum_title>VoetbalNieuws.ws,Voetbal Nieuws,Eredivisie,Ajax,Feyenoord,PSV,AZ,Twente,Utrecht</forum_title>
<discussion_title>Resultaten debat: U had Kompany tóch meegenomen</discussion_title>
<language>dutch</language>
<gmt_offset></gmt_offset>
<topic_url>http://www.voetbalnieuws.ws/nieuws/resultaten-debat-u-had-kompany-toch-meegenomen</topic_url>
<topic_text>
Resultaten debat: U had Kompany tóch meegenomen 
Gepubliceerd door: BelgiumSoccer.be - Vandaag 
Vincent Kompany ligt nog maanden in de lappenmand en de kapitein van Manchester City en de Rode Duivels zal op het EK in Frankrijk dus niet ...
</topic_text>
<spam_score>0.00</spam_score>
<post_num>1</post_num>
<post_id>post-1</post_id>
<post_url>http://www.voetbalnieuws.ws/nieuws/resultaten-debat-u-had-kompany-toch-meegenomen</post_url>
<post_date>20160512</post_date>
<post_time>1315</post_time>
<username></username>
<post>
Resultaten debat: U had Kompany tóch meegenomen 
Gepubliceerd door: BelgiumSoccer.be - Vandaag 
Vincent Kompany ligt nog maanden in de lappenmand en de kapitein van Manchester City en de Rode Duivels zal op het EK in Frankrijk dus niet ...
</post>
<signature>

</signature>
<external_links>

</external_links>
<country>WS</country>
<main_image></main_image>
</document>
