<?xml version="1.0" encoding="UTF-8"?>
<document>
<type>mainstream</type>
<forum></forum>
<forum_title></forum_title>
<discussion_title>Debutante na cozinha: Tania Bulhões lança coleção inspirada em Helena Bordon - Vogue | Lifestyle</discussion_title>
<language>portuguese</language>
<gmt_offset></gmt_offset>
<topic_url>http://vogue.globo.com/lifestyle/noticia/2016/05/debutante-na-cozinha-tania-bulhoes-lanca-colecao-inspirada-em-helena-bordon.html</topic_url>
<topic_text>
Conheça a coleção Cia das Índias, de Tania Bulhões 
Seguindo as orientações da it-girl – das cores à coruja, que é seu amuleto de sorte –, Tania criou uma linha delicada e ultrafeminina, composta por pratos (rasos e de sobremesa) bowls e xícaras, perfeitos para um brunch preguiçoso com as amigas. Prato raso (R$ 360), bowl (R$ 320) e xícara (R$ 359, o set com seis peças) (Foto: Divulgação ) 
Receber bem, por sinal, está no topo das prioridades da futura anfitriã. “Contratei uma nova cozinheira, ganhei um livro de receitas feito de recortes pela minha sogra e já selecionei meus objetos de desejo nas listas de casamento”, conta Helena, que até agora tinha um acervo mínimo em sua cozinha. “Uma vez quis impressionar o Humberto (o noivo) e tive de pegar emprestadas peças de um aparelho de jantar azul e branco lindo da minha mãe. No momento tenho apenas um par de pratos apresentáveis e só posso servir duas pessoas ao mesmo tempo”, diverte- -se ela,que espera receber tão bem quanto a mãe, Donata Meirelles. Tania Bulhões: Rua Colômbia, 182, Jardins, SP, www.taniabulhoes.com.br saiba mais 
</topic_text>
<spam_score>0.00</spam_score>
<post_num>1</post_num>
<post_id>post-1</post_id>
<post_url>http://vogue.globo.com/lifestyle/noticia/2016/05/debutante-na-cozinha-tania-bulhoes-lanca-colecao-inspirada-em-helena-bordon.html</post_url>
<post_date>20160511</post_date>
<post_time></post_time>
<username></username>
<post>
Conheça a coleção Cia das Índias, de Tania Bulhões 
Seguindo as orientações da it-girl – das cores à coruja, que é seu amuleto de sorte –, Tania criou uma linha delicada e ultrafeminina, composta por pratos (rasos e de sobremesa) bowls e xícaras, perfeitos para um brunch preguiçoso com as amigas. Prato raso (R$ 360), bowl (R$ 320) e xícara (R$ 359, o set com seis peças) (Foto: Divulgação ) 
Receber bem, por sinal, está no topo das prioridades da futura anfitriã. “Contratei uma nova cozinheira, ganhei um livro de receitas feito de recortes pela minha sogra e já selecionei meus objetos de desejo nas listas de casamento”, conta Helena, que até agora tinha um acervo mínimo em sua cozinha. “Uma vez quis impressionar o Humberto (o noivo) e tive de pegar emprestadas peças de um aparelho de jantar azul e branco lindo da minha mãe. No momento tenho apenas um par de pratos apresentáveis e só posso servir duas pessoas ao mesmo tempo”, diverte- -se ela,que espera receber tão bem quanto a mãe, Donata Meirelles. Tania Bulhões: Rua Colômbia, 182, Jardins, SP, www.taniabulhoes.com.br saiba mais 
</post>
<signature>

</signature>
<external_links>

</external_links>
<country>BR</country>
<main_image>http://s2.glbimg.com/_d4S4bmZCgLvE37P8aY6p0OulBc=/620x413/smart/e.glbimg.com/og/ed/f/original/2016/05/11/tania-bulhoes-1.jpg</main_image>
</document>
