<?xml version="1.0" encoding="UTF-8"?>
<document>
<type>mainstream</type>
<forum></forum>
<forum_title></forum_title>
<discussion_title>アメリカでの売上、1日100万本以上！大人気スパークリングウォーター「ラクロワ」が日本上陸！｜ライフスタイル（カルチャー・旅行・インテリア）｜VOGUE JAPAN</discussion_title>
<language>japanese</language>
<gmt_offset></gmt_offset>
<topic_url>http://www.vogue.co.jp/lifestyle/news/2016-05/12/krongthip</topic_url>
<topic_text>
&gt; アメリカでの売上、1日100万本以上！大人気スパークリングウォーター「ラクロワ」が日本上陸！ アメリカでの売上、1日100万本以上！大人気スパークリングウォーター「ラクロワ」が日本上陸！ 2016.05.12 人工甘味料、カロリー、塩分、保存料などすべてゼロというヘルシーさに加え、“おしゃれでカラフルなパッケージ”がアメリカのファッショニスタに大人気。彼女たちのSNSが火付け役となり、昨年度全米1位となったスパークリングウォーター「ラクロワ」がついに日本上陸！ 
驚異的な売り上げが、アメリカのメディアでニュースになっているスパークリングウォーター「ラクロワ」が日本上陸を果たした。 アメリカでは近年、果糖ブドウ糖液糖（コーンシロップ）、人工甘味料の入った炭酸飲料を健康のために避ける傾向が強まっており、ナチュラル炭酸水の市場は年々拡大中だ。そんなヘルシー志向の時代と見事にリンクし、「ラクロワ」は急成長！ 商品自体は30年以上前からあったものの、空前の炭酸水ブーム、そして、 “おしゃれでカラフルなパッケージ”が人気を呼び、ファッションや食のトレンドに敏感な人々を中心にインスタグラムの投稿が6万件を超えるなど、ファッショニスタのSNSから火が付き、大きな広告宣伝なしに昨年全米１位に！ まさに消費者に選ばれた、現代人のためのヘルシーな炭酸飲料だ。 専任のフレーバリストが特別にブレンドした、フルーツの甘味を感じられるすっきりとした天然香料の味わいや人工甘味料、カロリー、塩分、保存料などすべてがゼロというヘルシー感も人気の秘密。アメリカで大人気の、ヘルシーで美味しいスパークリングウォーター、ぜひお試しあれ！ 価格／355ml オープン価格（参考価格190円、税別） 日本販売店舗／PLAZA STYLE（一部店舗除く）、Cosme Kitchen Adaptation（恵比寿、5月下旬～）、GARDEN HOUSE Shinjuku、ラマニアマニ、【オンライン】リココチ 問い合わせ先／クロンティップ 03-5988-7225 
</topic_text>
<spam_score>0.00</spam_score>
<post_num>1</post_num>
<post_id>post-1</post_id>
<post_url>http://www.vogue.co.jp/lifestyle/news/2016-05/12/krongthip</post_url>
<post_date>20160511</post_date>
<post_time></post_time>
<username>Text By Aya Hasegawa</username>
<post>
&gt; アメリカでの売上、1日100万本以上！大人気スパークリングウォーター「ラクロワ」が日本上陸！ アメリカでの売上、1日100万本以上！大人気スパークリングウォーター「ラクロワ」が日本上陸！ 2016.05.12 人工甘味料、カロリー、塩分、保存料などすべてゼロというヘルシーさに加え、“おしゃれでカラフルなパッケージ”がアメリカのファッショニスタに大人気。彼女たちのSNSが火付け役となり、昨年度全米1位となったスパークリングウォーター「ラクロワ」がついに日本上陸！ 
驚異的な売り上げが、アメリカのメディアでニュースになっているスパークリングウォーター「ラクロワ」が日本上陸を果たした。 アメリカでは近年、果糖ブドウ糖液糖（コーンシロップ）、人工甘味料の入った炭酸飲料を健康のために避ける傾向が強まっており、ナチュラル炭酸水の市場は年々拡大中だ。そんなヘルシー志向の時代と見事にリンクし、「ラクロワ」は急成長！ 商品自体は30年以上前からあったものの、空前の炭酸水ブーム、そして、 “おしゃれでカラフルなパッケージ”が人気を呼び、ファッションや食のトレンドに敏感な人々を中心にインスタグラムの投稿が6万件を超えるなど、ファッショニスタのSNSから火が付き、大きな広告宣伝なしに昨年全米１位に！ まさに消費者に選ばれた、現代人のためのヘルシーな炭酸飲料だ。 専任のフレーバリストが特別にブレンドした、フルーツの甘味を感じられるすっきりとした天然香料の味わいや人工甘味料、カロリー、塩分、保存料などすべてがゼロというヘルシー感も人気の秘密。アメリカで大人気の、ヘルシーで美味しいスパークリングウォーター、ぜひお試しあれ！ 価格／355ml オープン価格（参考価格190円、税別） 日本販売店舗／PLAZA STYLE（一部店舗除く）、Cosme Kitchen Adaptation（恵比寿、5月下旬～）、GARDEN HOUSE Shinjuku、ラマニアマニ、【オンライン】リココチ 問い合わせ先／クロンティップ 03-5988-7225 
</post>
<signature>

</signature>
<external_links>

</external_links>
<country>JP</country>
<main_image>http://www.vogue.co.jp/uploads/media/2016/05/11/1-1.jpg?1462921883</main_image>
</document>
