<?xml version="1.0" encoding="UTF-8"?>
<document>
<type>mainstream</type>
<forum>http://www.leparisien.fr/paris-75</forum>
<forum_title>Actualités Paris (75) et infos Paris en direct</forum_title>
<discussion_title>A Paris, le look des futurs kiosques divise les élus</discussion_title>
<language>french</language>
<gmt_offset></gmt_offset>
<topic_url>http://www.leparisien.fr/paris-75/a-paris-le-look-des-futurs-kiosques-divise-les-elus-12-05-2016-5789803.php</topic_url>
<topic_text>
Une « poubelle » aux yeux d’un élu socialiste. Une espèce de « gros conteneur » pour d’autres. Une architecture « atypique », aux yeux de David Belliard , le coprésident du groupe EELV qui ne cache pas sa perplexité.
Le look des futurs kiosques parisiens est loin de faire l’unanimité chez les élus de la capitale. Alors qu’une délibération doit passer au prochain Conseil de Paris (17, 18 et 19 mai) pour un nouveau contrat avec la société Médiakiosk (filiale du groupe JCDecaux ) pour le déploiement et l’exploitation des kiosques à journaux, la grogne est palpable chez les élus. L’opposition n’apprécie pas les méthodes de la mairie de Paris . « La commission du mobilier urbain n’a même pas été consultée sur le sujet ! » s’étonne Jean-François Legaret, le maire ( LR ) du I er . « Dans les conseils d’arrondissements, on nous demandait de voter la délibération sans même avoir vu des visuels des futurs kiosques ! » renchérit Nathalie Koscisuko -Morizet, élue du XIV e arrondissement et Présidente du groupe LR au Conseil de Paris.
« C’est Matali Crasset qui a été choisie pour imaginer ces nouveaux kiosques. C’est l’une des designeuses françaises les plus reconnues au monde » objecte pour sa part Bruno Julliard , premier adjoint à la maire de Paris.
Une commission pluraliste va se pencher sur l’esthétisme mais uniquement « sur de petits détails ». Les débats s’annoncent en tout cas passionnés.
Une « poubelle » aux yeux d’un élu socialiste. Une espèce de « gros conteneur » pour d’autres. Une architecture « atypique », aux yeux de David Belliard, le coprésident du groupe EELV qui...
Le Parisien
</topic_text>
<spam_score>0.00</spam_score>
<post_num>1</post_num>
<post_id>post-1</post_id>
<post_url>http://www.leparisien.fr/paris-75/a-paris-le-look-des-futurs-kiosques-divise-les-elus-12-05-2016-5789803.php</post_url>
<post_date>20160512</post_date>
<post_time>1752</post_time>
<username>leparisien.fr</username>
<post>
Une « poubelle » aux yeux d’un élu socialiste. Une espèce de « gros conteneur » pour d’autres. Une architecture « atypique », aux yeux de David Belliard , le coprésident du groupe EELV qui ne cache pas sa perplexité.
Le look des futurs kiosques parisiens est loin de faire l’unanimité chez les élus de la capitale. Alors qu’une délibération doit passer au prochain Conseil de Paris (17, 18 et 19 mai) pour un nouveau contrat avec la société Médiakiosk (filiale du groupe JCDecaux ) pour le déploiement et l’exploitation des kiosques à journaux, la grogne est palpable chez les élus. L’opposition n’apprécie pas les méthodes de la mairie de Paris . « La commission du mobilier urbain n’a même pas été consultée sur le sujet ! » s’étonne Jean-François Legaret, le maire ( LR ) du I er . « Dans les conseils d’arrondissements, on nous demandait de voter la délibération sans même avoir vu des visuels des futurs kiosques ! » renchérit Nathalie Koscisuko -Morizet, élue du XIV e arrondissement et Présidente du groupe LR au Conseil de Paris.
« C’est Matali Crasset qui a été choisie pour imaginer ces nouveaux kiosques. C’est l’une des designeuses françaises les plus reconnues au monde » objecte pour sa part Bruno Julliard , premier adjoint à la maire de Paris.
Une commission pluraliste va se pencher sur l’esthétisme mais uniquement « sur de petits détails ». Les débats s’annoncent en tout cas passionnés.
Une « poubelle » aux yeux d’un élu socialiste. Une espèce de « gros conteneur » pour d’autres. Une architecture « atypique », aux yeux de David Belliard, le coprésident du groupe EELV qui...
Le Parisien
</post>
<signature>

</signature>
<external_links>

</external_links>
<country>FR</country>
<main_image>http://s1.lprs1.fr/images/2016/05/12/5789803_8d7cef24-1855-11e6-9ecd-9b90c69656d8-1.jpg</main_image>
</document>
