<?xml version="1.0" encoding="UTF-8"?>
<document>
<type>mainstream</type>
<forum>http://www.sursadestiri.net/cat/rss/divertisment.html</forum>
<forum_title>SursaDeStiri.net - Divertisment</forum_title>
<discussion_title>Teatrul Masca prezinta trei premiere - de joi pana sambata, in Capitala</discussion_title>
<language>romanian</language>
<gmt_offset></gmt_offset>
<topic_url>http://www.sursadestiri.net/teatrul-masca-prezinta-trei-premiere-de-joi-pana-sambata-in-capitala-s3013070345.html</topic_url>
<topic_text>
Actualizat acum 2 minute Sursa De Stiri » Divertisment » Divertisment, 12.05.2016 » Teatrul Masca prezinta trei premiere - de joi pana sambata, in Capitala Teatrul Masca prezinta trei premiere - de joi pana sambata, in Capitala 12 Mai 2016 Trei spectacole noi - &quot;Iedera&quot;, &quot;We&apos;ll love Will&quot; şi &quot;A fost odată ca niciodată&quot; - vor fi prezentate în premieră de Teatrul Masca, de joi până sâmbătă, la Cercul Militar Naţional şi în parcurile Crângaşi şi Cişmigiu, informează Agerpres. &quot;Teatrul Masca vă invită să asistaţi la un maraton cultural inedit. Trei noi premiere realizate în tehnica statuii vivate, trei momente artistice care vor purta publicul prin farmecul deosebit al muzicii până în lumea... continuare
</topic_text>
<spam_score>0.00</spam_score>
<post_num>1</post_num>
<post_id>post-1</post_id>
<post_url>http://www.sursadestiri.net/teatrul-masca-prezinta-trei-premiere-de-joi-pana-sambata-in-capitala-s3013070345.html</post_url>
<post_date>20160511</post_date>
<post_time>2100</post_time>
<username></username>
<post>
Actualizat acum 2 minute Sursa De Stiri » Divertisment » Divertisment, 12.05.2016 » Teatrul Masca prezinta trei premiere - de joi pana sambata, in Capitala Teatrul Masca prezinta trei premiere - de joi pana sambata, in Capitala 12 Mai 2016 Trei spectacole noi - &quot;Iedera&quot;, &quot;We&apos;ll love Will&quot; şi &quot;A fost odată ca niciodată&quot; - vor fi prezentate în premieră de Teatrul Masca, de joi până sâmbătă, la Cercul Militar Naţional şi în parcurile Crângaşi şi Cişmigiu, informează Agerpres. &quot;Teatrul Masca vă invită să asistaţi la un maraton cultural inedit. Trei noi premiere realizate în tehnica statuii vivate, trei momente artistice care vor purta publicul prin farmecul deosebit al muzicii până în lumea... continuare
</post>
<signature>

</signature>
<external_links>

</external_links>
<country>DE</country>
<main_image></main_image>
</document>
