<?xml version="1.0" encoding="UTF-8"?>
<document>
<type>mainstream</type>
<forum>http://feeds.guardian.co.uk/theguardian/world/rss</forum>
<forum_title>World news | The Guardian</forum_title>
<discussion_title>Trump and Ryan: meeting was a &apos;very positive step&apos; toward GOP unity – live | US news</discussion_title>
<language>english</language>
<gmt_offset></gmt_offset>
<topic_url>https://www.theguardian.com/us-news/live/2016/may/12/us-election-live-trump-paul-ryan-meeting</topic_url>
<topic_text>
Donald Trump and Paul Ryan will meet at the Republican National Committee headquarters in Washington DC. Composite: AFP &amp; AP Tom McCarthy 
@TeeMcSee Thursday 12 May 2016 17.26 BST 
Share on Facebook Share on Twitter Share via Email Share on Pinterest Share on LinkedIn Share on Google+ Share on WhatsApp Key events Show 4.48pm BST 16:48 Ryan describes agreement with Trump on &apos;core principles&apos; 4.43pm BST 16:43 Ryan on Trump&apos;s Muslim ban: &apos;I&apos;m not interested in litigating the past&apos; 4.40pm BST 16:40 Ryan: &apos;happy to serve as chair&apos; of convention 4.37pm BST 16:37 Ryan: &apos;I was very encouraged&apos; 4.30pm BST 16:30 Priebus: meeting &apos;went as well as I&apos;d hoped&apos; 4.15pm BST 16:15 Ryan-Trump statement: &apos;we are totally committed to working together&apos; 4.11pm BST 16:11 Ryan-Trump statement hails &apos;very positive step&apos; Live feed Show 5.26pm BST 17:26 
How are things going with Trump and the senators , meeting now at the National Republican senatorial committee? 
Will Mitch McConnell share Ryan’s stated reservations about endorsing Trump – or will the majority leader and the nominee engage in a faster-moving courtship?
— James Hohmann (@jameshohmann) May 12, 2016 The scene outside the NRSC more than an hour into Trump&apos;s meeting with GOP senators. pic.twitter.com/jciN6XDiDI 
Facebook Twitter Google plus Share Share this post Facebook Twitter Google plus close 5.08pm BST 17:08 
What about those minor “policy disputes” (trade, immigration, taxes, entitlements, a religious test for migrants) that separate Donald Trump and Paul Ryan in spite of their agreement on “core principles” (beat Hillary Clinton)?
Greg Sargent of the Washington Post has a suggestion:
— Greg Sargent (@ThePlumLineGS) May 12, 2016 To win over Paul Ryan, Trump simply needs to learn GOP-policy-speak, which should be a snap: https://t.co/jkFglCFT2c 
— Greg Sargent (@ThePlumLineGS) May 12, 2016 1) Stop saying &quot;deportations&quot; and instead say &quot;enforce the law&quot;

2) Agree to &quot;reform and strengthen&quot; entitlements https://t.co/r2KsBWekub 
Updated at 5.08pm BST 
Facebook Twitter Google plus Share Share this post Facebook Twitter Google plus close 5.01pm BST 17:01 
Reactions to Ryan: people are not scanning Ryan’s statement just then on Trump as a profile in courage, anyhow:
— Matt Lewis (@mattklewis) May 12, 2016 Ryan desperately wants to have his cake &amp; eat it, too. Wants to back Trump w/out tarnishing reform conservatism. Will it work? Up to Trump.
— Jake Sherman (@JakeSherman) May 12, 2016 Ryan is a Trump guy now! Also, for the record, a policy guy; a budget guy; a Wisconsin guy; a hunting guy; a regular order guy!
— Bill Kristol (@BillKristol) May 12, 2016 &quot;Trump believes in limited government.&quot; Not a parody.
— Allahpundit (@allahpundit) May 12, 2016 Irony: Ryan’s endorsement, having been “earned,” will do more to promote Trump than McConnell’s perfunctory insta-cave
— jimgeraghty (@jimgeraghty) May 12, 2016 Trump &amp; Ryan are those guys who can&apos;t stand each other who get handcuffed together, and have to spend the rest of the movie cooperating.
— southpaw (@nycsouthpaw) May 12, 2016 (Paul Ryan looks pensively out his office window, mutters to himself) &quot;I must find out where the people are going so I can lead them.&quot;
— Chris Cillizza (@TheFix) May 12, 2016 Yes, folks, Paul Ryan is going to endorse Donald Trump . Not today but he&apos;s going to endorse.
Updated at 5.16pm BST 
Facebook Twitter Google plus Share Share this post Facebook Twitter Google plus close 4.57pm BST 16:57 
As Paul Ryan in Washington talks about Donald Trump’s “very good personality,” Bernie Sanders in South Dakota ignores him and buys donuts.
— Danny Freeman (@DannyEFreeman) May 12, 2016 As @BernieSanders picks out donuts at a South Dakota gas station, @SpeakerRyan &apos;s press conference plays behind him. pic.twitter.com/0weCr324S5 
Facebook Twitter Google plus Share Share this post Facebook Twitter Google plus close 4.48pm BST 16:48 
Ryan describes agreement with Trump on &apos;core principles&apos; Ryan said he sounded Trump out on his views on abortion, “limited government”, “the constitution”, and “executive power” and he found broad agreement.
The conversation was “personal,” Ryan said, suggesting that he probed for Trump’s heartfelt views on issues such as opposing reproductive choice, a position to which Trump is a relatively recent arrival. 
“We talked about life, the supreme court,” Ryan said. “I was very encouraged with what I heard from Donald Trump today.
“We are planting the seed to get ourselves unified to bridge the gaps and differences,” he said.
“It was our first meeting. I was very encouraged, but this is a process, it takes a little time.
“There are policy disputes that we will have. There’s no two ways about it. But on core principles, those are the kinds of things that we discussed.

“In 45 minutes, you don’t litigate all of the issues and all of the processes and the principles.”
Facebook Twitter Google plus Share Share this post Facebook Twitter Google plus close 4.43pm BST 16:43 
Ryan on Trump&apos;s Muslim ban: &apos;I&apos;m not interested in litigating the past&apos; Ryan is asked whether he can get behind Trump’s call for a ban on Muslim migrants and the deportation of undocumented migrants.
Ryan downplays the importance of any differences the two may have on the issue.
“We will have policy disputes,” Ryan says. “I’m not interested in litigating the past. I’m interested in going forward.”
“I represent a wing of the conservative party – he’s bringing a whole new wing. That’s a positive thing.”
Ryan says that the two shared a “positive vision based on core principles.”
The principles include that a Clinton presidency “would be a disaster.”
— Tom McCarthy (@TeeMcSee) May 12, 2016 When Ryan agrees with Trump that Obama guilty of overreach, it&apos;s a &quot;core principle&quot;. Disagreement on Muslim ban is a &quot;policy dispute&quot;
Updated at 4.50pm BST 
Facebook Twitter Google plus Share Share this post Facebook Twitter Google plus close 4.40pm BST 16:40 
Ryan: &apos;happy to serve as chair&apos; of convention Ryan says that after meeting Trump he is happy to serve as chairman of the national convention if Trump wanted him to.
Earlier Ryan had said he was willing to step down in the role if Trump wanted.
“I thought he was a very good personality. He was a very warm... gentleman. .. I actually had a very pleasant exchange with him.”
Facebook Twitter Google plus Share Share this post Facebook Twitter Google plus close 4.37pm BST 16:37 
Ryan: &apos;I was very encouraged&apos; Ryan says “it’s no secret that Donald Trump and I have had our differences, and we talked about those differences today” but “I was very encouraged” by the meeting.
“It’s very important that we don’t fake unifying... so that we are full strength in the fall,” he says.
Updated at 4.38pm BST 
Facebook Twitter Google plus Share Share this post Facebook Twitter Google plus close 4.33pm BST 16:33 
Paul Ryan is speaking. He’s talking about legislation to fight the opioid addiction epidemic. Expected to take questions about Trump. Watch live here:
Facebook Twitter Google plus Share Share this post Facebook Twitter Google plus close 4.30pm BST 16:30 
Priebus: meeting &apos;went as well as I&apos;d hoped&apos; Reince Priebus, the RNC chair, is talking with CNN about the Trump-Ryan meeting, which he said was “positive, it was give-and-take” and “it went as well as I’d hoped.” He said the two shared great chemistry.
CNN’s Dana Bash asked him whether he felt like a couple’s therapist. He said she wouldn’t have asked that if she’d been in the room because the participants did not feel like a couple in a spat.
Bash asked him whether a Paul Ryan endorsement of Donald Trump is in the offing. He said it was “a good first step.”
Facebook Twitter Google plus Share Share this post Facebook Twitter Google plus close 1 of 2 Newest Newer Older Oldest
</topic_text>
<spam_score>0.00</spam_score>
<post_num>16</post_num>
<post_id>post-16</post_id>
<post_url>https://www.theguardian.com/us-news/live/2016/may/12/us-election-live-trump-paul-ryan-meeting</post_url>
<post_date>20160512</post_date>
<post_time>1701</post_time>
<username>Flugler</username>
<post>
Clinton made student loans non-dischargeable;
The two major acts that the Clintons did perpetrate, which have set in motion our greatest crisis were (1) they repealed Glass-Steagall allowing banks to go nuts and return to proprietary trading of the 1920s at the direction of Robert Rubin of Goldman Sachs, and (2) they gave the banks absolute dominion over students by removing their right to declare bankruptcy on what they owe the bankers. No other class of debt has such an exception. And Hillary pretends to care about the people? Come on. She and Bill have done more for the bankers than any Republican ever did. Furthermore, ANY press that refuses to tell this truth is by no means FREE, but bought and paid for all the way.
It was the Clinton Administration that aided the bankers for on October 7, 1998, when President Clinton signed the Higher Education Amendments of 1998 (the 1998 HEA), which provided federal funding for education loans at a reduced rate of interest. However, Clinton sneaked in the 1998 HEA two specific changes regarding the collection of student loans that is a brewing part of the Sovereign Debt Crisis today for students cannot discharge student loans in bankruptcy and 65% cannot find a job in what they paid for. This has funded WORTHLESS education at outrageous prices creating a welfare system for academics to propagate stuff like global warming to screw us with even more taxes, and then bankers can lend money to students and turn them into economic slaves for life. 
Marriage Rate
Too many students cannot find jobs that pay enough to fund student loans, so Hillary wants to double minimum wages rather than repeal what she did to start this mess. Many of the youth cannot get married and start a family because they typically cannot afford to by a home with huge student debt on the credit record. The marriage rate per 1000 has dropped from 8.2 in just 2000 to 6.8 in 2012. (Source: p70-125)
So what happens? Rentals are soaring as the next generation lost the ability to buy a home all because of the Clintons.
Glass-Steagall-Signing-Repeal
So let’s get this right since the media will NEVER question Hillary because she walks on water and the mainstream media is just equally bought and paid for else they would ask the question — WHY? And then there is Bernie who wants to raise taxes to subsidize even more worthless education. Even Trump is seriously wrong on his tax ideas. Nobody bothers to correlate anything and academics will never tell the truth for they benefit from this entire scam.
We are dangerously headed in the direction of a revolution because the media will not hold politicians to reality, bankers are just lining their pockets, and academics are on high maintenance welfare filling kids heads with worthless dreams. Meanwhile, 60% of the youth cannot get a job in what they paid huge bucks for and cannot buy a home with a debt burden that is crazy while 53% were unemployed in 2012. They are calling it the over-educated barista. We have a lost generation under socialism.
Society is just not sustainable moving in this direction. Unfortunately, those in the know are lining their pockets asking for more and more so they will NEVER change anything. This is what results in civil unrest for there is no democratic process to change it and the press surrendered their responsibility to protect society from corrupt government since they too ask – where’s my cut?
</post>
<signature>

</signature>
<external_links>

</external_links>
<country>GB</country>
<main_image>https://i.guim.co.uk/img/media/84ac61f29084dc2831408966e44df1c6b5bca306/0_0_5000_3000/5000.jpg?w=1200&amp;amp;q=55&amp;amp;auto=format&amp;amp;usm=12&amp;amp;fit=max&amp;amp;s=eecf18f7c0a3c8323c3a62bc75ba3cdc</main_image>
</document>
