<?xml version="1.0" encoding="UTF-8"?>
<document>
<type>mainstream</type>
<forum></forum>
<forum_title></forum_title>
<discussion_title>La presidente brasiliana Dilma Rousseff accusa gli avversari di aver organizzato un colpo di stato (icgi)</discussion_title>
<language>italian</language>
<gmt_offset></gmt_offset>
<topic_url>http://www.informazione.it/a/2E2BF114-8E8E-4C5E-AA02-709AA99FED48/La-presidente-brasiliana-Dilma-Rousseff-accusa-gli-avversari-di-aver-organizzato-un-colpo-di-stato</topic_url>
<topic_text>
La presidente brasiliana Dilma Rousseff accusa gli avversari di aver organizzato un colpo di stato 12/05/2016 - 18:32 La presidente brasiliana Dilma Rousseff accusa gli avversari di aver organizzato un colpo di stato. “Quando un presidente è accusato di un crimine che non ha commesso non è impeachment, è un golpe”, ha detto la presidente a poche ore dall&apos;approvazione ... Fonte: Dilma Rousseff: &quot;Mai avrei pensato che sarebbe stato necessario lottare ancora contro un golpe nel mio paese&quot; 12/05/2016 - 18:34 - &quot;Mai avrei pensato che sarebbe stato necessario lottare ancora contro un golpe nel mio paese. La nostra democrazia non merita questo [....] E&apos; un impeachment fraudolento, un vero golpe. In gioco ci sono il rispetto della volontà sovrana dei 54 milioni ... Fonte: &quot;In Brasile è in corso un colpo di Stato&quot;: lo sfogo di Dilma Rousseff 12/05/2016 - 18:31 - La Presidente ha ricevuto la notifica ufficiale della sospensione al termine di un dibattito durato 22 ore. Per i prossimi 180 giorni il Brasile sarà guidato dal vicepresidente, e principale &apos;nemico&apos; politico, Michel Temer . Redazione. 12 maggio 2016 17:44. Fonte: 
</topic_text>
<spam_score>0.00</spam_score>
<post_num>1</post_num>
<post_id>post-1</post_id>
<post_url>http://www.informazione.it/a/2E2BF114-8E8E-4C5E-AA02-709AA99FED48/La-presidente-brasiliana-Dilma-Rousseff-accusa-gli-avversari-di-aver-organizzato-un-colpo-di-stato</post_url>
<post_date>20160512</post_date>
<post_time></post_time>
<username></username>
<post>
La presidente brasiliana Dilma Rousseff accusa gli avversari di aver organizzato un colpo di stato 12/05/2016 - 18:32 La presidente brasiliana Dilma Rousseff accusa gli avversari di aver organizzato un colpo di stato. “Quando un presidente è accusato di un crimine che non ha commesso non è impeachment, è un golpe”, ha detto la presidente a poche ore dall&apos;approvazione ... Fonte: Dilma Rousseff: &quot;Mai avrei pensato che sarebbe stato necessario lottare ancora contro un golpe nel mio paese&quot; 12/05/2016 - 18:34 - &quot;Mai avrei pensato che sarebbe stato necessario lottare ancora contro un golpe nel mio paese. La nostra democrazia non merita questo [....] E&apos; un impeachment fraudolento, un vero golpe. In gioco ci sono il rispetto della volontà sovrana dei 54 milioni ... Fonte: &quot;In Brasile è in corso un colpo di Stato&quot;: lo sfogo di Dilma Rousseff 12/05/2016 - 18:31 - La Presidente ha ricevuto la notifica ufficiale della sospensione al termine di un dibattito durato 22 ore. Per i prossimi 180 giorni il Brasile sarà guidato dal vicepresidente, e principale &apos;nemico&apos; politico, Michel Temer . Redazione. 12 maggio 2016 17:44. Fonte: 
</post>
<signature>

</signature>
<external_links>

</external_links>
<country>US</country>
<main_image>http://www.informazione.it/img/fb_for_like.jpg</main_image>
</document>
