<?xml version="1.0" encoding="UTF-8"?>
<document>
<type>mainstream</type>
<forum>http://www.dailytelegraph.com.au/?nk=10ada7d7e45052cfc886a33727f5acfb-1463007522</forum>
<forum_title>Daily Telegraph | Breaking News and Headlines from Sydney and News South Wales | Daily Telegraph</forum_title>
<discussion_title>Two Double Bay convenience stores fined $6000 for breaking curfew to serve lingering revellers</discussion_title>
<language>english</language>
<gmt_offset></gmt_offset>
<topic_url>http://www.dailytelegraph.com.au/newslocal/city-east/two-double-bay-convenience-stores-fined-6000-for-breaking-curfew-to-serve-lingering-revellers/news-story/188041d9beb2d0b3c3f563b33511ab52</topic_url>
<topic_text>
TWO Double Bay convenience stores have been fined $6000 for staying open past curfew during the first late-night sting by a plain-clothed ranger from Woollahra Council.
CB Convenience Store opposite the Casablanca nightclub on Cross St was caught operating at 3am on Sunday, May 1, three hours after its council consent allowed.
The ranger also caught City Convenience Store on Knox St trading at 2am the same day, four hours after it was meant to close.
The council is concerned the shops staying open is keeping people on the street for longer in Double Bay. The ranger showed up in an unmarked vehicle, took photographs and purchased an item to get a receipt as evidence the stores were still doing business.
The council put the late-night ranger on duty for fear the stores were serving patrons as they left surrounding pubs and clubs, delaying their trips home and police said there had already been violent incidents.
“While they’re waiting for Ubers, that’s when the trouble starts, with people queuing up at convenience stores,” Cr Anthony Marano said.
 
</topic_text>
<spam_score>0.00</spam_score>
<post_num>1</post_num>
<post_id>post-1</post_id>
<post_url>http://www.dailytelegraph.com.au/newslocal/city-east/two-double-bay-convenience-stores-fined-6000-for-breaking-curfew-to-serve-lingering-revellers/news-story/188041d9beb2d0b3c3f563b33511ab52</post_url>
<post_date>20160512</post_date>
<post_time>0643</post_time>
<username>Nick Hansen</username>
<post>
TWO Double Bay convenience stores have been fined $6000 for staying open past curfew during the first late-night sting by a plain-clothed ranger from Woollahra Council.
CB Convenience Store opposite the Casablanca nightclub on Cross St was caught operating at 3am on Sunday, May 1, three hours after its council consent allowed.
The ranger also caught City Convenience Store on Knox St trading at 2am the same day, four hours after it was meant to close.
The council is concerned the shops staying open is keeping people on the street for longer in Double Bay. The ranger showed up in an unmarked vehicle, took photographs and purchased an item to get a receipt as evidence the stores were still doing business.
The council put the late-night ranger on duty for fear the stores were serving patrons as they left surrounding pubs and clubs, delaying their trips home and police said there had already been violent incidents.
“While they’re waiting for Ubers, that’s when the trouble starts, with people queuing up at convenience stores,” Cr Anthony Marano said.
 
</post>
<signature>

</signature>
<external_links>
<external_link>http://cdn.newsapi.com.au/image/v1/thumbnail/96a26e7bfb5033e6b94a5792981d912c</external_link><external_link>http://cdn.newsapi.com.au/image/v1/thumbnail/1b15455ae4c8e7f3842cd3044fe347c0</external_link><external_link>http://cdn.newsapi.com.au/image/v1/thumbnail/b9c6982d5735aa0b552fdb9282a937fc</external_link><external_link>http://cdn.newsapi.com.au/image/v1/9d571793edf7e1333adb60e0d641293b?width=650</external_link><external_link>http://cdn.newsapi.com.au/image/v1/thumbnail/fee6b76d1b439257df4d0703972d9b0d</external_link><external_link>http://cdn.newsapi.com.au/image/v1/thumbnail/28a76047505351a900633d1753800106</external_link>
</external_links>
<country>AU</country>
<main_image>http://cdn.newsapi.com.au/image/v1/b54a4fd7e37fddbaa2e15ca1bcc65fe3</main_image>
</document>
