<?xml version="1.0" encoding="UTF-8"?>
<document>
<type>mainstream</type>
<forum></forum>
<forum_title></forum_title>
<discussion_title>Timberland Boat Shoes - Vogue.it</discussion_title>
<language>italian</language>
<gmt_offset></gmt_offset>
<topic_url>http://www.vogue.it/moda/news/2016/05/12/timberland-boat-shoes-scarpe-barca-must-have-primavera-estate-2016/</topic_url>
<topic_text>
Fashion / News / Timberland Boat Shoes May 12, 2016 6:30 AM by Elena Bara 
È dal 1979 che dettano legge . Merito delle cuciture handmade, dei lacci in cuoio grezzo e della pelle morbidissima? Oh, yes. Tant’è, oggi la Boat Shoe è ancora il classico di Timberland più amato dal fashion world. 
Non a caso quest’anno il marchio americano ha deciso di rivisitare la sua scarpa icona con nuovi pellami premium – tra cui lo scamosciato – proposti in una palette di colori che va dal giallo al rosso passando per il blu e il verde acqua. 
Il risultato è una collezione fresca e delicata, da indossare senza calze per tutta l’estate , al mare ma anche in città. Un consiglio? Indossatele con la vostra mini preferita: l’effetto accidental chic è assicurato. 

</topic_text>
<spam_score>0.00</spam_score>
<post_num>1</post_num>
<post_id>post-1</post_id>
<post_url>http://www.vogue.it/moda/news/2016/05/12/timberland-boat-shoes-scarpe-barca-must-have-primavera-estate-2016/</post_url>
<post_date>20160512</post_date>
<post_time></post_time>
<username></username>
<post>
Fashion / News / Timberland Boat Shoes May 12, 2016 6:30 AM by Elena Bara 
È dal 1979 che dettano legge . Merito delle cuciture handmade, dei lacci in cuoio grezzo e della pelle morbidissima? Oh, yes. Tant’è, oggi la Boat Shoe è ancora il classico di Timberland più amato dal fashion world. 
Non a caso quest’anno il marchio americano ha deciso di rivisitare la sua scarpa icona con nuovi pellami premium – tra cui lo scamosciato – proposti in una palette di colori che va dal giallo al rosso passando per il blu e il verde acqua. 
Il risultato è una collezione fresca e delicata, da indossare senza calze per tutta l’estate , al mare ma anche in città. Un consiglio? Indossatele con la vostra mini preferita: l’effetto accidental chic è assicurato. 

</post>
<signature>

</signature>
<external_links>

</external_links>
<country>IE</country>
<main_image>http://images.vogue.it/wp-content/uploads/2016/05/11152438/s16IMG_3329.jpg</main_image>
</document>
