<?xml version="1.0" encoding="UTF-8"?>
<document>
<type>mainstream</type>
<forum>http://www.funnyjunk.com/rss/most_popular.rss</forum>
<forum_title>FunnyJunk Most Popular Contents</forum_title>
<discussion_title>Battleborn is a game that really encourages players when they fail...</discussion_title>
<language>english</language>
<gmt_offset></gmt_offset>
<topic_url>http://funnyjunk.com/Battleborn+is+a+game+that+really+encourages+players+when+they+fail/hdgifs/5916045/</topic_url>
<topic_text>
Your browser does not support the video tag. Battleborn is a game that really encourages players when they fail... join list: DailyVideoGameHumor ( 961 subs) You are allowed to post 9999 links per 24 hours, per IP. You are allowed to post every 14 seconds on the same page. Remaining character count: 4000 Press &quot;C&quot; to open comment dialog. &quot;R&quot; refreshes comments. Record voice message? Reply +142 (13 hours ago) [-] Honestly, Overwatch has screwed Battleborn over a great deal. Battleborn is still a very good game and even though it is only BARELY in the same genre as Overwatch I think the two are just fated to be compared. The art direction in Overwatch is better by leaps and bounds. The HuD is cleaner, the action is clearer, the models are more detailed, and the sound design is much better. Then there are the little issues like just how much of the screen the weapons take up sometimes, and how hard it can be to follow the action with all of the colours going around really don&apos;t measure up next to Overwatch&apos;s crisp and clear design. Gameplay-wise both Overwatch and Battleborn are solid games, but I wouldn&apos;t be shocked to see Overwatch negatively impacting Battleborn&apos;s sales figures as people fill their hero-shooter niche with one and not the other. Plus, Overwatch has the memes on its side. (3 hours ago) [-] I really believe that what really fkd battleborn was gearbox stubborness. They should have done 2 things - a big hype publicity campaing saying that this is a heavily borderlands inspired game and all good things about it and a huge run away from overwatch and blizzard time table. Blizzard clearly put overwatchs timetable in a place to overshadow battleborn release. And gearbox should have taken the loss and postponed the game for like 2 months. Also, with aliens colonial marines being gearbox last IP and the sue over bad publicity, I get why the really small marketing campaing, but it was really wrong to be afraid now. No idea if gearbox can afford the game flop sales (presumed by 10k max players on steam) but I really believe that something needs to be done to save this game (either massive discount sales, or crap load of banners and commercials, or even going f2p) Reply +1 (3 hours ago) [-] That may also be a big part of this. Gearbox aren&apos;t actually that good as far as developing games go, especially compared to Blizzard&apos;s home-run track record. Gearbox aren&apos;t exactly a bad company but as lauded as they are for Borderlands the truth is Telltale were able to beat them at their own game (literally), and Borderlands was always more about the concept than it was about the actual mechanics. to be honest if your playing a ranged hero all the effects won&apos;t bother you and if your playing a melee hero generally you can just swing randomly and still kill people Reply 0 (7 minutes ago) [-] Meh, I think the game is doing alright, and after the initial hype for Overwatch simmers down, people will really start to appreciate Battleborn as it&apos;s own thing and realize that the only thing they have in common is that they are hero shooters with humor. Both games are different enough in my eyes that they will attract different fanbases that will only grow over time. Reply 0 (5 minutes ago) [-] And then there&apos;s Paladins. Getting completely blown the **** out. Like it doesn&apos;t even have a snowball&apos;s chance in hell. Reply +1 (8 hours ago) [-] name it the blizzard effect. People claim warhammer rips off world of warcraft/star craft. people will claim that future games like TF2 will be overwatch rip offs. it&apos;s a cycle that happens when your company gets beg/liked enough. Reply +7 (3 hours ago) [-] I have never heard anyone say either of those things. I have heard people say DotA and HotS is a rip-off of LoL, even though LoL is itself a rip-off of the original mods so... that&apos;s a stupid assertion to make, but I&apos;ve never heard anyone liken Warhammer to Warcraft. (3 hours ago) [-] Warhammer 40K to Starcraft is a very common comparison whenever the two fandoms collide. The Zerg and the Tyranids have cross-pollinated so many times that the two are getting tricky to distinguish in certain places: a Ravager with a Devourer Canon is basically a Hydralisk, and Hormagaunts and Zerglings are very similar as well. and, then there&apos;s &apos;belieber&apos; levels of toxic stupidity that appear to be reserved for whenever people point this out. The age old argument of who stole from who. Then there&apos;s that big dick-measuring contest of &apos;which space marine would reign supreme in the ring of honour&apos;, where Starcraft Marines are compared to the Astartes very frequently thanks to a few minor visual similarities and the name. Reply 0 (3 hours ago) [-] But... the only similarity between the Zerg and the Tyranids, even in visual design, is that they are insectoid. The source for both the Zerg and the Tyranids is H.R. Geiger&apos;s Xenomorph and Xenomorph Queen designs. The Tyranids are far more humanoid than the Zerg are, and the Zerg are far more primal than the Tyranids are. The Tyranids are mostly flesh with chitin here and there, whilst the Zerg have more Chitin pretty much everywhere. And the Space Marines and Terrans have even FEWER similarities, with one being designed for sleek, vehicle-based minimalism and the other being one great big over-designed hodge-podge of unnecessary wings and even more unnecessary chainsaws... a level of over-indulgent excess that can only be seen as absolutely awesome by default. Reply 0 (3 hours ago) [-] as I said, there is a special brand of stupid that comes out during this sort of discussion... like Belieber levels of stupid. &quot;The Tyranids are totally Zerg ripoffs!&quot;&quot;No you retard, Warhammer was made in the 80&apos;s.&quot; You Just said yourself that they both take inspiration from Geiger and the Alien/Starship Troopers scene. Of course retards are gonna pick up on that but not the inspirations. Big ass pauldrons, big burly, tall dude in power armour, giant ***
</topic_text>
<spam_score>0.00</spam_score>
<post_num>1</post_num>
<post_id>post-1</post_id>
<post_url>http://funnyjunk.com/Battleborn+is+a+game+that+really+encourages+players+when+they+fail/hdgifs/5916045/</post_url>
<post_date>20160512</post_date>
<post_time>0239</post_time>
<username></username>
<post>
Your browser does not support the video tag. Battleborn is a game that really encourages players when they fail... join list: DailyVideoGameHumor ( 961 subs) You are allowed to post 9999 links per 24 hours, per IP. You are allowed to post every 14 seconds on the same page. Remaining character count: 4000 Press &quot;C&quot; to open comment dialog. &quot;R&quot; refreshes comments. Record voice message? Reply +142 (13 hours ago) [-] Honestly, Overwatch has screwed Battleborn over a great deal. Battleborn is still a very good game and even though it is only BARELY in the same genre as Overwatch I think the two are just fated to be compared. The art direction in Overwatch is better by leaps and bounds. The HuD is cleaner, the action is clearer, the models are more detailed, and the sound design is much better. Then there are the little issues like just how much of the screen the weapons take up sometimes, and how hard it can be to follow the action with all of the colours going around really don&apos;t measure up next to Overwatch&apos;s crisp and clear design. Gameplay-wise both Overwatch and Battleborn are solid games, but I wouldn&apos;t be shocked to see Overwatch negatively impacting Battleborn&apos;s sales figures as people fill their hero-shooter niche with one and not the other. Plus, Overwatch has the memes on its side. (3 hours ago) [-] I really believe that what really fkd battleborn was gearbox stubborness. They should have done 2 things - a big hype publicity campaing saying that this is a heavily borderlands inspired game and all good things about it and a huge run away from overwatch and blizzard time table. Blizzard clearly put overwatchs timetable in a place to overshadow battleborn release. And gearbox should have taken the loss and postponed the game for like 2 months. Also, with aliens colonial marines being gearbox last IP and the sue over bad publicity, I get why the really small marketing campaing, but it was really wrong to be afraid now. No idea if gearbox can afford the game flop sales (presumed by 10k max players on steam) but I really believe that something needs to be done to save this game (either massive discount sales, or crap load of banners and commercials, or even going f2p) Reply +1 (3 hours ago) [-] That may also be a big part of this. Gearbox aren&apos;t actually that good as far as developing games go, especially compared to Blizzard&apos;s home-run track record. Gearbox aren&apos;t exactly a bad company but as lauded as they are for Borderlands the truth is Telltale were able to beat them at their own game (literally), and Borderlands was always more about the concept than it was about the actual mechanics. to be honest if your playing a ranged hero all the effects won&apos;t bother you and if your playing a melee hero generally you can just swing randomly and still kill people Reply 0 (7 minutes ago) [-] Meh, I think the game is doing alright, and after the initial hype for Overwatch simmers down, people will really start to appreciate Battleborn as it&apos;s own thing and realize that the only thing they have in common is that they are hero shooters with humor. Both games are different enough in my eyes that they will attract different fanbases that will only grow over time. Reply 0 (5 minutes ago) [-] And then there&apos;s Paladins. Getting completely blown the **** out. Like it doesn&apos;t even have a snowball&apos;s chance in hell. Reply +1 (8 hours ago) [-] name it the blizzard effect. People claim warhammer rips off world of warcraft/star craft. people will claim that future games like TF2 will be overwatch rip offs. it&apos;s a cycle that happens when your company gets beg/liked enough. Reply +7 (3 hours ago) [-] I have never heard anyone say either of those things. I have heard people say DotA and HotS is a rip-off of LoL, even though LoL is itself a rip-off of the original mods so... that&apos;s a stupid assertion to make, but I&apos;ve never heard anyone liken Warhammer to Warcraft. (3 hours ago) [-] Warhammer 40K to Starcraft is a very common comparison whenever the two fandoms collide. The Zerg and the Tyranids have cross-pollinated so many times that the two are getting tricky to distinguish in certain places: a Ravager with a Devourer Canon is basically a Hydralisk, and Hormagaunts and Zerglings are very similar as well. and, then there&apos;s &apos;belieber&apos; levels of toxic stupidity that appear to be reserved for whenever people point this out. The age old argument of who stole from who. Then there&apos;s that big dick-measuring contest of &apos;which space marine would reign supreme in the ring of honour&apos;, where Starcraft Marines are compared to the Astartes very frequently thanks to a few minor visual similarities and the name. Reply 0 (3 hours ago) [-] But... the only similarity between the Zerg and the Tyranids, even in visual design, is that they are insectoid. The source for both the Zerg and the Tyranids is H.R. Geiger&apos;s Xenomorph and Xenomorph Queen designs. The Tyranids are far more humanoid than the Zerg are, and the Zerg are far more primal than the Tyranids are. The Tyranids are mostly flesh with chitin here and there, whilst the Zerg have more Chitin pretty much everywhere. And the Space Marines and Terrans have even FEWER similarities, with one being designed for sleek, vehicle-based minimalism and the other being one great big over-designed hodge-podge of unnecessary wings and even more unnecessary chainsaws... a level of over-indulgent excess that can only be seen as absolutely awesome by default. Reply 0 (3 hours ago) [-] as I said, there is a special brand of stupid that comes out during this sort of discussion... like Belieber levels of stupid. &quot;The Tyranids are totally Zerg ripoffs!&quot;&quot;No you retard, Warhammer was made in the 80&apos;s.&quot; You Just said yourself that they both take inspiration from Geiger and the Alien/Starship Troopers scene. Of course retards are gonna pick up on that but not the inspirations. Big ass pauldrons, big burly, tall dude in power armour, giant ***
</post>
<signature>

</signature>
<external_links>

</external_links>
<country>US</country>
<main_image></main_image>
</document>
