<?xml version="1.0" encoding="UTF-8"?>
<document>
<type>mainstream</type>
<forum>http://www.europapress.es/deportes/olimpiadas-00169/</forum>
<forum_title>Juegos Olímpicos de Río de Janeiro 2016 | Deportes </forum_title>
<discussion_title>Ceniceros afirma que la candidatura Paisaje Cultural del Vino como Patrimonio de la Humanidad &quot;va dando pasos firmes&quot;</discussion_title>
<language>spanish</language>
<gmt_offset></gmt_offset>
<topic_url>http://www.europapress.es/la-rioja/noticia-ceniceros-afirma-candidatura-paisaje-cultural-vino-patrimonio-humanidad-va-dando-pasos-firmes-20160512182849.html</topic_url>
<topic_text>
El presidente del Ejecutivo regional, José Ignacio Ceniceros, ha garantizado que la candidatura para conseguir que el Paisaje Cultural del Vino y del Viñedo de La Rioja y Rioja Alavesa sea declarado Patrimonio de la Humanidad &quot;va dando pasos firmes hacia el futuro&quot; porque &quot;queremos conseguir dicha Declaración, es nuestro objetivo y en ello seguimos trabajando&quot;. Ceniceros ha respondido así a la diputada regional del PSOE, Concha Andreu, durante la sesión plenaria que este jueves se está realizando en el Parlamento regional . En concreto, Concha Andreu quería conocer la situación en la que se encuentra el proceso de la candidatura ante la Unesco para la declaración como Patrimonio de la Humanidad del Paisaje Cultural del Vino y del Viñedo de La Rioja y Rioja Alavesa.
 Ante ello, el jefe del Ejecutivo regional ha recordado que su Ejecutivo &quot;trabaja en esa dirección&quot; y en estos momentos &quot;estamos aguardando una parte técnica que permitirá impulsar los valores culturales&quot;.
 Así, ha continuado, las tres comunidades afectadas (Navarra, País Vasco, La Rioja) &quot;hemos creado una comisión de técnicos para elaborar un informe que abordará los aspectos universales del paisaje que se remitirá antes del 19 de febrero de 2017, dentro del plazo establecido&quot;.
 Con ello, ha insistido, &quot;tenemos muchos recursos para poner en valor y mientras terminamos este informe nuestro Gobierno continúa con la parte redacional y se están realizando numerosas reuniones&quot;.
 Seguimos trabajando para hacerlo posible porque es nuestro objetivo y conseguir que el paisaje sea el protagonista&quot;, ha sentenciado Ceniceros.
 Por su parte, Concha Andreu ha criticado que el Gobierno de La Rioja &quot;se haya encargado de que el nombre de La Rioja protagonice la crónica de un fracaso&quot;. En esta candidatura &quot;nos jugamos un prestigio&quot;, ha continuado, &quot;y el trabajo que se ha realizado ha sido superficial y falto de profesionalidad porque a ningún político ni parlamentario se nos ha dado documentación alguna al respecto &quot;.
 Ante ello, le ha indicado a Ceniceros, &quot;si quiere buscar el éxito, le recomiendo que hagan al revés de todo lo que están haciendo hasta ahora&quot; porque lo que hay que dar es &quot;explicaciones y transparencia&quot;.
ACUERDO DE INVESTIDURA CON CIUDADANOS En el turno de las preguntas al presidente del Ejecutivo también ha tomado la palabra el portavoz de C&apos;s, Diego Ubis, quien quería conocer la &quot;valoración que hacía del nivel de desarrollo del punto del acuerdo de investidura que hace referencia a la reforma de la financiación local&quot;.
 Para Diego Ubis es necesario &quot;afrontar los compromisos del acuerdo de investidura&quot; y le ha pedido que &quot;cumpla con el acuerdo que tiene con su grupo así como que haga caso a las peticiones del resto de grupos de la Cámara y respete a todos los riojanos&quot;.
 En este punto, Ceniceros ha querido responder a Ciudadanos para pedirles &quot;que estén tranquilos&quot; porque este Gobierno &quot;cumple y va a cumplir con su palabra un nuevo sistema de financiación local, lo firmamos en nuestro acuerdo y lo vamos a llevar a cabo&quot;. Todo porque dicha reforma &quot;aspira a poner a disposición de los ayuntamientos más recursos económicos&quot;.
En este sentido, ha detallado, &quot;hemos comenzado por la escucha, y lo abriremos a la participación&quot; pero sí que ha adelantado que &quot;nos hemos reunido con todos los Ayuntamientos y en cada municipio sabemos cuáles son sus necesidades porque el Gobierno también quería conocerlas&quot;.
 Además, Ceniceros ha indicado que ambas formaciones (refiriéndose a C&apos;s) tienen &quot;sensibilidad&quot; por los municipios, por ello &quot;incluimos en nuestro acuerdo la reforma de la financiación local&quot;.
 Tras &quot;escuchar a los protagonistas de esta reforma, que son los alcaldes y los concejales de La Rioja&quot; ahora estamos analizando todas sus cuestiones para &quot;determinar el coste efectivo de los servicios que presta cada municipio para poner a disposición de los ayuntamientos más recursos&quot;. Con la Reforma Local &quot;todos van a salir ganando, ninguno va a salir perjudicado&quot; y ha pedido &quot;colaboración&quot; del resto de grupos &quot;para que trabajen con nosotros&quot;.
</topic_text>
<spam_score>0.00</spam_score>
<post_num>1</post_num>
<post_id>post-1</post_id>
<post_url>http://www.europapress.es/la-rioja/noticia-ceniceros-afirma-candidatura-paisaje-cultural-vino-patrimonio-humanidad-va-dando-pasos-firmes-20160512182849.html</post_url>
<post_date>20160512</post_date>
<post_time>1828</post_time>
<username>EUROPA PRESS</username>
<post>
El presidente del Ejecutivo regional, José Ignacio Ceniceros, ha garantizado que la candidatura para conseguir que el Paisaje Cultural del Vino y del Viñedo de La Rioja y Rioja Alavesa sea declarado Patrimonio de la Humanidad &quot;va dando pasos firmes hacia el futuro&quot; porque &quot;queremos conseguir dicha Declaración, es nuestro objetivo y en ello seguimos trabajando&quot;. Ceniceros ha respondido así a la diputada regional del PSOE, Concha Andreu, durante la sesión plenaria que este jueves se está realizando en el Parlamento regional . En concreto, Concha Andreu quería conocer la situación en la que se encuentra el proceso de la candidatura ante la Unesco para la declaración como Patrimonio de la Humanidad del Paisaje Cultural del Vino y del Viñedo de La Rioja y Rioja Alavesa.
 Ante ello, el jefe del Ejecutivo regional ha recordado que su Ejecutivo &quot;trabaja en esa dirección&quot; y en estos momentos &quot;estamos aguardando una parte técnica que permitirá impulsar los valores culturales&quot;.
 Así, ha continuado, las tres comunidades afectadas (Navarra, País Vasco, La Rioja) &quot;hemos creado una comisión de técnicos para elaborar un informe que abordará los aspectos universales del paisaje que se remitirá antes del 19 de febrero de 2017, dentro del plazo establecido&quot;.
 Con ello, ha insistido, &quot;tenemos muchos recursos para poner en valor y mientras terminamos este informe nuestro Gobierno continúa con la parte redacional y se están realizando numerosas reuniones&quot;.
 Seguimos trabajando para hacerlo posible porque es nuestro objetivo y conseguir que el paisaje sea el protagonista&quot;, ha sentenciado Ceniceros.
 Por su parte, Concha Andreu ha criticado que el Gobierno de La Rioja &quot;se haya encargado de que el nombre de La Rioja protagonice la crónica de un fracaso&quot;. En esta candidatura &quot;nos jugamos un prestigio&quot;, ha continuado, &quot;y el trabajo que se ha realizado ha sido superficial y falto de profesionalidad porque a ningún político ni parlamentario se nos ha dado documentación alguna al respecto &quot;.
 Ante ello, le ha indicado a Ceniceros, &quot;si quiere buscar el éxito, le recomiendo que hagan al revés de todo lo que están haciendo hasta ahora&quot; porque lo que hay que dar es &quot;explicaciones y transparencia&quot;.
ACUERDO DE INVESTIDURA CON CIUDADANOS En el turno de las preguntas al presidente del Ejecutivo también ha tomado la palabra el portavoz de C&apos;s, Diego Ubis, quien quería conocer la &quot;valoración que hacía del nivel de desarrollo del punto del acuerdo de investidura que hace referencia a la reforma de la financiación local&quot;.
 Para Diego Ubis es necesario &quot;afrontar los compromisos del acuerdo de investidura&quot; y le ha pedido que &quot;cumpla con el acuerdo que tiene con su grupo así como que haga caso a las peticiones del resto de grupos de la Cámara y respete a todos los riojanos&quot;.
 En este punto, Ceniceros ha querido responder a Ciudadanos para pedirles &quot;que estén tranquilos&quot; porque este Gobierno &quot;cumple y va a cumplir con su palabra un nuevo sistema de financiación local, lo firmamos en nuestro acuerdo y lo vamos a llevar a cabo&quot;. Todo porque dicha reforma &quot;aspira a poner a disposición de los ayuntamientos más recursos económicos&quot;.
En este sentido, ha detallado, &quot;hemos comenzado por la escucha, y lo abriremos a la participación&quot; pero sí que ha adelantado que &quot;nos hemos reunido con todos los Ayuntamientos y en cada municipio sabemos cuáles son sus necesidades porque el Gobierno también quería conocerlas&quot;.
 Además, Ceniceros ha indicado que ambas formaciones (refiriéndose a C&apos;s) tienen &quot;sensibilidad&quot; por los municipios, por ello &quot;incluimos en nuestro acuerdo la reforma de la financiación local&quot;.
 Tras &quot;escuchar a los protagonistas de esta reforma, que son los alcaldes y los concejales de La Rioja&quot; ahora estamos analizando todas sus cuestiones para &quot;determinar el coste efectivo de los servicios que presta cada municipio para poner a disposición de los ayuntamientos más recursos&quot;. Con la Reforma Local &quot;todos van a salir ganando, ninguno va a salir perjudicado&quot; y ha pedido &quot;colaboración&quot; del resto de grupos &quot;para que trabajen con nosotros&quot;.
</post>
<signature>

</signature>
<external_links>

</external_links>
<country>ES</country>
<main_image>http://s01.europapress.net/imagenes/estaticos/OpenGraph_EP_1024x512.jpg</main_image>
</document>
