<?xml version="1.0" encoding="UTF-8"?>
<document>
<type>mainstream</type>
<forum>http://www.fox8live.com/category/13533/international-news?clienttype=rss</forum>
<forum_title>FOX 8 News WVUE-TV - International - Headline</forum_title>
<discussion_title>University of Texas regents delay decision on campus guns</discussion_title>
<language>english</language>
<gmt_offset></gmt_offset>
<topic_url>http://www.fox8live.com/story/31956850/university-of-texas-regents-delay-decision-on-campus-guns</topic_url>
<topic_text>
University of Texas regents delay decision on campus guns 2016-05-12T14:12:56Z By JIM VERTUNOAssociated Press 
AUSTIN, Texas (AP) - University of Texas System regents have postponed until July a vote on proposed rules allowing concealed handguns in campus buildings due to concerns that some might be too restrictive. 
State law requires public universities to allow concealed handguns in classrooms and buildings starting Aug. 1. 
The most controversial proposals have been for the flagship campus in Austin. They would allow professors to ban weapons from their offices. The school also wants to prohibit semi-automatic weapons from having a bullet in the chamber as a safety measure to avoid accidental discharge. 
Those provisions have been attacked by gun-rights groups, which say the law is a key Second Amendment and self-defense measure. The Texas A&amp;M System approved gun rules for its campuses in April. Copyright 2016 The Associated Press. All rights reserved. This material may not be published, broadcast, rewritten or redistributed.
</topic_text>
<spam_score>0.00</spam_score>
<post_num>1</post_num>
<post_id>post-1</post_id>
<post_url>http://www.fox8live.com/story/31956850/university-of-texas-regents-delay-decision-on-campus-guns</post_url>
<post_date>20160512</post_date>
<post_time>1613</post_time>
<username></username>
<post>
University of Texas regents delay decision on campus guns 2016-05-12T14:12:56Z By JIM VERTUNOAssociated Press 
AUSTIN, Texas (AP) - University of Texas System regents have postponed until July a vote on proposed rules allowing concealed handguns in campus buildings due to concerns that some might be too restrictive. 
State law requires public universities to allow concealed handguns in classrooms and buildings starting Aug. 1. 
The most controversial proposals have been for the flagship campus in Austin. They would allow professors to ban weapons from their offices. The school also wants to prohibit semi-automatic weapons from having a bullet in the chamber as a safety measure to avoid accidental discharge. 
Those provisions have been attacked by gun-rights groups, which say the law is a key Second Amendment and self-defense measure. The Texas A&amp;M System approved gun rules for its campuses in April. Copyright 2016 The Associated Press. All rights reserved. This material may not be published, broadcast, rewritten or redistributed.
</post>
<signature>

</signature>
<external_links>

</external_links>
<country>US</country>
<main_image></main_image>
</document>
