<?xml version="1.0" encoding="UTF-8"?>
<document>
<type>mainstream</type>
<forum>http://wn.com/Larry_Christenson</forum>
<forum_title>Larry Christenson</forum_title>
<discussion_title>Fans to Choose from Twelve Legends on Toyota Wall of Fame Ballot (Philadelphia Phillies)</discussion_title>
<language>english</language>
<gmt_offset>6</gmt_offset>
<topic_url>http://article.wn.com/view/2015/01/23/Fans_to_Choose_from_Twelve_Phillies_Legends_on_Toyota_Wall_o/</topic_url>
<topic_text>
( Source : Philadelphia Phillies ) 30 minutes ago Email Print Press Release | 30 minutes ago
Voting for the 2015 Phillies Wall of Fame inductee is officially underway on phillies.com now through February 6 at 5:00 p.m., the club
</topic_text>
<spam_score>0.00</spam_score>
<post_num>1</post_num>
<post_id>post-1</post_id>
<post_url>http://article.wn.com/view/2015/01/23/Fans_to_Choose_from_Twelve_Phillies_Legends_on_Toyota_Wall_o/</post_url>
<post_date>20150123</post_date>
<post_time></post_time>
<username>wn.com</username>
<post>
( Source : Philadelphia Phillies ) 30 minutes ago Email Print Press Release | 30 minutes ago
Voting for the 2015 Phillies Wall of Fame inductee is officially underway on phillies.com now through February 6 at 5:00 p.m., the club
</post>
<signature>

</signature>
<external_links>

</external_links>
<country>GB</country>
<main_image>http://i.ytimg.com/vi/4z2DtNW79sQ/0.jpg</main_image>
</document>
