<?xml version="1.0" encoding="UTF-8"?>
<document>
<type>mainstream</type>
<forum>http://www.sanfernandosun.com//search/?q=&amp;t=article&amp;l=100&amp;d=&amp;d1=&amp;d2=&amp;s=start_time&amp;sd=desc&amp;nsa=eedition&amp;c[]=news,news/*&amp;f=rss</forum>
<forum_title>The San Fernando Valley Sun - news,news/</forum_title>
<discussion_title>“Eastside Sound” Art and Memorabilia Exhibition</discussion_title>
<language>english</language>
<gmt_offset></gmt_offset>
<topic_url>http://www.sanfernandosun.com/news/article_1082b8bc-184d-11e6-88ee-9b00bb13e1b7.html</topic_url>
<topic_text>
Previous Next “Eastside Heartbeats”: New Musical Honors It’s Rock “N” Roll Past 
(left) The San Fernando Valley&apos;s own legendary musician Sal Rodriguez, “Sal the Drummer from War” (Cisco Kid and Lowrider) was among the musicians who attended the opening and was acknowledged for their contributions during the opening night of Eastside Heartbeats. 
(right) Cannibal and the Headhunters band members were Richard “Scar” Lopez, Robert “Rabbit” Jaramillo, Frankie “Cannibal” Garcia and Joe “Yo Yo” Jaramillo. Their version of “Land of a Thousand Dances topped the charts and lead to opening for the Beatles at the Hollywood Bowl in 1965. Posted: Thursday, May 12, 2016 7:23 am “Eastside Sound” Art and Memorabilia Exhibition 0 comments 
An exhibit of art and memorabilia that includes original photos and show posters is running concurrently with the musical “Eastside Heartbeats” in the lobby of the CASA 0101 Theater. 
The exhibit “Roots of the Eastside Sound: 1955-1965” is curated by David Reyes and Jimmy Centeno, and focuses on the history of Chicano Rock &apos;n&apos; Roll primarily on the Eastside of L.A. The music both preceded and continued through the Chicano movement. 
During opening night, several musicians attended including Erci Arvizu, vocalist from The Sisters, Rudy and Steve Salas from Tierra, Gene Sesma from The Blendells, Larry Rendon from Thee Midniters, Lawrence Perez from The Premiers and many others. 
The exhibit hours are from 10 a..m. to 7 p.m., Monday through Friday, and prior to performance times during the weekend. A CD of the 20 songs scored for “Eastside Heartbeats” is available.
</topic_text>
<spam_score>0.00</spam_score>
<post_num>1</post_num>
<post_id>post-1</post_id>
<post_url>http://www.sanfernandosun.com/news/article_1082b8bc-184d-11e6-88ee-9b00bb13e1b7.html</post_url>
<post_date>20160512</post_date>
<post_time>1423</post_time>
<username></username>
<post>
Previous Next “Eastside Heartbeats”: New Musical Honors It’s Rock “N” Roll Past 
(left) The San Fernando Valley&apos;s own legendary musician Sal Rodriguez, “Sal the Drummer from War” (Cisco Kid and Lowrider) was among the musicians who attended the opening and was acknowledged for their contributions during the opening night of Eastside Heartbeats. 
(right) Cannibal and the Headhunters band members were Richard “Scar” Lopez, Robert “Rabbit” Jaramillo, Frankie “Cannibal” Garcia and Joe “Yo Yo” Jaramillo. Their version of “Land of a Thousand Dances topped the charts and lead to opening for the Beatles at the Hollywood Bowl in 1965. Posted: Thursday, May 12, 2016 7:23 am “Eastside Sound” Art and Memorabilia Exhibition 0 comments 
An exhibit of art and memorabilia that includes original photos and show posters is running concurrently with the musical “Eastside Heartbeats” in the lobby of the CASA 0101 Theater. 
The exhibit “Roots of the Eastside Sound: 1955-1965” is curated by David Reyes and Jimmy Centeno, and focuses on the history of Chicano Rock &apos;n&apos; Roll primarily on the Eastside of L.A. The music both preceded and continued through the Chicano movement. 
During opening night, several musicians attended including Erci Arvizu, vocalist from The Sisters, Rudy and Steve Salas from Tierra, Gene Sesma from The Blendells, Larry Rendon from Thee Midniters, Lawrence Perez from The Premiers and many others. 
The exhibit hours are from 10 a..m. to 7 p.m., Monday through Friday, and prior to performance times during the weekend. A CD of the 20 songs scored for “Eastside Heartbeats” is available.
</post>
<signature>

</signature>
<external_links>

</external_links>
<country>US</country>
<main_image>http://bloximages.chicago2.vip.townnews.com/sanfernandosun.com/content/tncms/assets/v3/editorial/8/a5/8a588202-184d-11e6-b42c-23471393d193/573492dc57404.image.jpg</main_image>
</document>
