<?xml version="1.0" encoding="UTF-8"?>
<document>
<type>mainstream</type>
<forum>http://www.leparisien.fr/paris-75</forum>
<forum_title>Actualités Paris (75) et infos Paris en direct</forum_title>
<discussion_title>Le policier qui avait frappé un lycéen au tribunal</discussion_title>
<language>french</language>
<gmt_offset></gmt_offset>
<topic_url>http://www.leparisien.fr/espace-premium/actu/le-policier-qui-avait-frappe-un-lyceen-au-tribunal-12-05-2016-5787545.php</topic_url>
<topic_text>
Le gardien de la paix de 26 ans qui avait frappé un lycéen de 15 ans à Paris le 24 mars est convoqué aujourd&apos;hui devant le tribunal de Paris. Une comparution devant un juge unique qui pourrait...
Le gardien de la paix de 26 ans qui avait frappé un lycéen de 15 ans à Paris le 24 mars est convoqué aujourd&apos;hui devant le tribunal de Paris. Une comparution devant un juge unique qui pourrait...
Accédez au contenu en illimité
0 € le 1er mois
Je m&apos;abonne Déjà inscrit ?
&gt; Mot de passe oublié ? Vous possédez un compte Facebook ou Google ?
Connexion avec Facebook Connexion avec Google
Sur le même sujet Le procès du policier qui avait frappé un lycéen à Paris est renvoyé Le Parisien
</topic_text>
<spam_score>0.00</spam_score>
<post_num>1</post_num>
<post_id>post-1</post_id>
<post_url>http://www.leparisien.fr/espace-premium/actu/le-policier-qui-avait-frappe-un-lyceen-au-tribunal-12-05-2016-5787545.php</post_url>
<post_date>20160512</post_date>
<post_time>0000</post_time>
<username>leparisien.fr</username>
<post>
Le gardien de la paix de 26 ans qui avait frappé un lycéen de 15 ans à Paris le 24 mars est convoqué aujourd&apos;hui devant le tribunal de Paris. Une comparution devant un juge unique qui pourrait...
Le gardien de la paix de 26 ans qui avait frappé un lycéen de 15 ans à Paris le 24 mars est convoqué aujourd&apos;hui devant le tribunal de Paris. Une comparution devant un juge unique qui pourrait...
Accédez au contenu en illimité
0 € le 1er mois
Je m&apos;abonne Déjà inscrit ?
&gt; Mot de passe oublié ? Vous possédez un compte Facebook ou Google ?
Connexion avec Facebook Connexion avec Google
Sur le même sujet Le procès du policier qui avait frappé un lycéen à Paris est renvoyé Le Parisien
</post>
<signature>

</signature>
<external_links>

</external_links>
<country>FR</country>
<main_image>http://s1.lprs1.fr/_assets/img/design/standard/logo/logoParisien-400x400.jpg</main_image>
</document>
