<?xml version="1.0" encoding="UTF-8"?>
<document>
<type>mainstream</type>
<forum></forum>
<forum_title></forum_title>
<discussion_title>Cannes 2016 su Instagram - Vogue.it</discussion_title>
<language>italian</language>
<gmt_offset></gmt_offset>
<topic_url>http://www.vogue.it/news/appuntamenti-eventi/2016/05/12/cannes-2016-instagram/</topic_url>
<topic_text>
News / Parties &amp; events / Cannes 2016 su Instagram May 12, 2016 11:34 AM by Laura Tortora 
Il Festival del Cinema di Cannes 2016 ha preso il via ieri. Sul red carpet, situato davanti al Grand Théâtre Lumière, hanno sfilato le più grandi star del grande schermo e non solo. Tra gli abiti più belli quello di Bianca Balti con un lungo strascico, quello di Naomi Watts firmato Armani Privé, tempestato di applicazioni luminose, e quello see-through di Valeria Golino, realizzato dalla maison Valentino. 
Ma a raccontare l’evento non ci sono soltanto le foto del red carpet. Anche questa volta , le celeb hanno postato su Instagram selfie e scatti della giornata, dal trucco alla prova abito, dalla foto con gli amici fino ai composit dei loro strabilianti look. 
Guardate la gallery su Vogue.it. More 
</topic_text>
<spam_score>0.00</spam_score>
<post_num>1</post_num>
<post_id>post-1</post_id>
<post_url>http://www.vogue.it/news/appuntamenti-eventi/2016/05/12/cannes-2016-instagram/</post_url>
<post_date>20160512</post_date>
<post_time></post_time>
<username>Justine Bellavita</username>
<post>
News / Parties &amp; events / Cannes 2016 su Instagram May 12, 2016 11:34 AM by Laura Tortora 
Il Festival del Cinema di Cannes 2016 ha preso il via ieri. Sul red carpet, situato davanti al Grand Théâtre Lumière, hanno sfilato le più grandi star del grande schermo e non solo. Tra gli abiti più belli quello di Bianca Balti con un lungo strascico, quello di Naomi Watts firmato Armani Privé, tempestato di applicazioni luminose, e quello see-through di Valeria Golino, realizzato dalla maison Valentino. 
Ma a raccontare l’evento non ci sono soltanto le foto del red carpet. Anche questa volta , le celeb hanno postato su Instagram selfie e scatti della giornata, dal trucco alla prova abito, dalla foto con gli amici fino ai composit dei loro strabilianti look. 
Guardate la gallery su Vogue.it. More 
</post>
<signature>

</signature>
<external_links>

</external_links>
<country>IE</country>
<main_image>http://images.vogue.it/wp-content/uploads/2016/05/12113435/ok8-534x800.jpg</main_image>
</document>
