<?xml version="1.0" encoding="UTF-8"?>
<document>
<type>mainstream</type>
<forum>http://feedpress.me/gds_hp_sicilia</forum>
<forum_title>Giornale di Sicilia</forum_title>
<discussion_title>Dal mare delle Eolie al vulcano Etna: gli stranieri amano i tour naturalistici</discussion_title>
<language>italian</language>
<gmt_offset></gmt_offset>
<topic_url>http://gds.it/2016/05/12/dal-mare-delle-eolie-al-vulcano-etna-gli-stranieri-amano-i-tour-naturalistici_511891/</topic_url>
<topic_text>
5 
PALERMO. Dalla riserva di Torre Salsa nell’agrigentino, passando dalle isole Eolie, fino all’Etna. I turisti, soprattutto stranieri, chiedono di visitare e scoprire la Sicilia naturalistica. Sta crescendo, infatti, il turismo dedicato all’ambiente . 
Sono sempre di più le agenzie che vendono e creano pacchetti con percorsi immersi nel verde. Una conseguenza dell’aumento di questa tipologia di richiesta. Parola del presidente di Federalberghi Palermo, Nicola Farruggio: «Dare una percentuale di aumento di questa fetta di turismo è impossibile perché sta crescendo proprio adesso. 
La Sicilia, al netto del suo patrimonio culturale, riveste un ruolo importante anche per le sue bellezze naturalistiche. I turisti, soprattutto gli stranieri nord europei, sono stati nel tempo i più grandi estimatori e proprio per questo i tour naturalistici oggi sono nettamente in aumento rispetto al passato. Ma non solo. Anche per la valorizzazione che alcune zone hanno avuto in tal senso. Mi riferisco alle numerose riserve naturali, al patrimonio vulcanico e alle riserve marine. Di fatto la tendenza a scoprire la Sicilia naturalistica tra l&apos;ampia offerta territoriale è sempre maggiore». 
C’è chi addirittura arriva da un altro continente solo per scoprire l’Isola, attraverso dei percorsi che si svolgono a piedi. 
«Gli americani – racconta Farruggio - organizzano dei veri e propri itinerari da svolgere a piedi, in porzioni di Sicilia. Amano il contatto con la natura e vogliono vederla, toccarla, immortalarla con la calma che solo una passeggiata all’aria aperta può regalare. Questa tipologia di tour sta facendo innamorare anche i tedeschi, che preferiscono visitare la Sicilia attraverso il trekking». 
Si tratta di gente non più giovanissima che ha voglia di conoscere i luoghi siciliani incontaminati. In passato a voler scoprire la Sicilia naturalistica erano soprattutto i geologi e i vulcanologi. Adesso, la tendenza è cambiata. 
«La nostra grande ricchezza – afferma il presidente di Federalberghi Palermo - è quella che in ogni provincia, comprese le isole minori, esistono siti e percorsi naturalistici d&apos;eccellenza che trovano riscontro non solo negli studiosi ma anche ovviamente tra i turisti che vogliono scoprire una Sicilia, forse nel tempo meno promossa, ma certamente oggi molto attraente. Il turista sceglie questo tipo di vacanza per un desiderio forte di maggiore contatto con la natura e con un territorio che spesso si presenta unico ai loro occhi ma anche per una maggiore sensibilizzazione rispetto alla natura. Sono – continua - fette di mercato importanti che arricchiscono la platea dei visitatori ed è senza dubbio un settore che va valorizzato ulteriormente anche con investimenti precisi che possano migliore l&apos;informazione e l&apos;accoglienza». 
© Riproduzione riservata
</topic_text>
<spam_score>0.00</spam_score>
<post_num>1</post_num>
<post_id>post-1</post_id>
<post_url>http://gds.it/2016/05/12/dal-mare-delle-eolie-al-vulcano-etna-gli-stranieri-amano-i-tour-naturalistici_511891/</post_url>
<post_date>20160512</post_date>
<post_time>1600</post_time>
<username></username>
<post>
5 
PALERMO. Dalla riserva di Torre Salsa nell’agrigentino, passando dalle isole Eolie, fino all’Etna. I turisti, soprattutto stranieri, chiedono di visitare e scoprire la Sicilia naturalistica. Sta crescendo, infatti, il turismo dedicato all’ambiente . 
Sono sempre di più le agenzie che vendono e creano pacchetti con percorsi immersi nel verde. Una conseguenza dell’aumento di questa tipologia di richiesta. Parola del presidente di Federalberghi Palermo, Nicola Farruggio: «Dare una percentuale di aumento di questa fetta di turismo è impossibile perché sta crescendo proprio adesso. 
La Sicilia, al netto del suo patrimonio culturale, riveste un ruolo importante anche per le sue bellezze naturalistiche. I turisti, soprattutto gli stranieri nord europei, sono stati nel tempo i più grandi estimatori e proprio per questo i tour naturalistici oggi sono nettamente in aumento rispetto al passato. Ma non solo. Anche per la valorizzazione che alcune zone hanno avuto in tal senso. Mi riferisco alle numerose riserve naturali, al patrimonio vulcanico e alle riserve marine. Di fatto la tendenza a scoprire la Sicilia naturalistica tra l&apos;ampia offerta territoriale è sempre maggiore». 
C’è chi addirittura arriva da un altro continente solo per scoprire l’Isola, attraverso dei percorsi che si svolgono a piedi. 
«Gli americani – racconta Farruggio - organizzano dei veri e propri itinerari da svolgere a piedi, in porzioni di Sicilia. Amano il contatto con la natura e vogliono vederla, toccarla, immortalarla con la calma che solo una passeggiata all’aria aperta può regalare. Questa tipologia di tour sta facendo innamorare anche i tedeschi, che preferiscono visitare la Sicilia attraverso il trekking». 
Si tratta di gente non più giovanissima che ha voglia di conoscere i luoghi siciliani incontaminati. In passato a voler scoprire la Sicilia naturalistica erano soprattutto i geologi e i vulcanologi. Adesso, la tendenza è cambiata. 
«La nostra grande ricchezza – afferma il presidente di Federalberghi Palermo - è quella che in ogni provincia, comprese le isole minori, esistono siti e percorsi naturalistici d&apos;eccellenza che trovano riscontro non solo negli studiosi ma anche ovviamente tra i turisti che vogliono scoprire una Sicilia, forse nel tempo meno promossa, ma certamente oggi molto attraente. Il turista sceglie questo tipo di vacanza per un desiderio forte di maggiore contatto con la natura e con un territorio che spesso si presenta unico ai loro occhi ma anche per una maggiore sensibilizzazione rispetto alla natura. Sono – continua - fette di mercato importanti che arricchiscono la platea dei visitatori ed è senza dubbio un settore che va valorizzato ulteriormente anche con investimenti precisi che possano migliore l&apos;informazione e l&apos;accoglienza». 
© Riproduzione riservata
</post>
<signature>

</signature>
<external_links>

</external_links>
<country>ME</country>
<main_image>http://gds.it.cdn-immedia.net/2016/05/Isola-Vulcano-535x300.jpg</main_image>
</document>
