<?xml version="1.0" encoding="UTF-8"?>
<document>
<type>mainstream</type>
<forum></forum>
<forum_title></forum_title>
<discussion_title>これさえあればお仕事サクサク！ 魔法のようなガジェットで、デスクワークをハッピーに。｜インテリア（デザイン）｜VOGUE JAPAN</discussion_title>
<language>japanese</language>
<gmt_offset></gmt_offset>
<topic_url>http://www.vogue.co.jp/lifestyle/interior/2016-05-11</topic_url>
<topic_text>

スマートペン ￥15,800 専用ノート ￥960〜／Neo Smartpen 手書きメモをデバイスに保存＆編集したい人必見のマジックペン。 
手書きメモをデジタル化できるマジックペンをご存知だろうか？ スタイリッシュなネオスマートペンの「N2」は、ドイツの有名なデザイン賞「iF design award」を受賞していて、重さはわずか24g。専用ノートに書かれた内容は、スマートデバイスの画面にリアルタイムで反映されるのだ。ペンで書いた絵や文字はすべてアプリに記録でき、ペン自体にも一時的にA4で1,000ページ分の筆記データを記録可能。これを使えばメモをなくしたり、どこに書いたのかわからなくなってあたふたする無駄な時間とはおさらば！ 問い合わせ先／NeoLAB株式会社 03-3863-0023 
</topic_text>
<spam_score>0.00</spam_score>
<post_num>1</post_num>
<post_id>post-1</post_id>
<post_url>http://www.vogue.co.jp/lifestyle/interior/2016-05-11</post_url>
<post_date>20160423</post_date>
<post_time></post_time>
<username></username>
<post>

スマートペン ￥15,800 専用ノート ￥960〜／Neo Smartpen 手書きメモをデバイスに保存＆編集したい人必見のマジックペン。 
手書きメモをデジタル化できるマジックペンをご存知だろうか？ スタイリッシュなネオスマートペンの「N2」は、ドイツの有名なデザイン賞「iF design award」を受賞していて、重さはわずか24g。専用ノートに書かれた内容は、スマートデバイスの画面にリアルタイムで反映されるのだ。ペンで書いた絵や文字はすべてアプリに記録でき、ペン自体にも一時的にA4で1,000ページ分の筆記データを記録可能。これを使えばメモをなくしたり、どこに書いたのかわからなくなってあたふたする無駄な時間とはおさらば！ 問い合わせ先／NeoLAB株式会社 03-3863-0023 
</post>
<signature>

</signature>
<external_links>

</external_links>
<country>JP</country>
<main_image>http://www.vogue.co.jp/uploads/media/2016/04/23/beats.jpg?1461344020</main_image>
</document>
