<?xml version="1.0" encoding="UTF-8"?>
<document>
<type>mainstream</type>
<forum>http://www.delmagyar.hu/_rss.php?fid=24</forum>
<forum_title>delmagyar.hu - A delmagyar.hu összes híre</forum_title>
<discussion_title>Rovarok támadták meg a Tádzs Mahalt</discussion_title>
<language>hungarian</language>
<gmt_offset></gmt_offset>
<topic_url>http://www.delmagyar.hu/kulfold_hirek/rovarok_tamadtak_meg_a_tadzs_mahalt/2474394/</topic_url>
<topic_text>
Megosztás Az indiai régészeti intézet (ASI) szóvivője, Bhuvan Vikram közlése szerint a foltok rovarok váladékából és lárváiból állnak. A Goeldichironomus néven azonosított faj jelenleg nagyon elszaporodott a közeli Jamuna folyóban. A szinte teljesen kiszáradt folyómeder ugyanis remek körülményeket teremt a rovarok számára.&quot;Rendszeresen lemossuk a foltokat a falról, de a rovarok mindig visszajönnek&quot; - mondta Vikram. A hatóság szerint a rovarvész az egy hónap múlva kezdődő monszunnal véget ér, és nem valószínű, hogy ezek a foltok hosszú távon károsítanák az építményt.
</topic_text>
<spam_score>0.00</spam_score>
<post_num>1</post_num>
<post_id>post-1</post_id>
<post_url>http://www.delmagyar.hu/kulfold_hirek/rovarok_tamadtak_meg_a_tadzs_mahalt/2474394/</post_url>
<post_date>20160512</post_date>
<post_time>1438</post_time>
<username></username>
<post>
Megosztás Az indiai régészeti intézet (ASI) szóvivője, Bhuvan Vikram közlése szerint a foltok rovarok váladékából és lárváiból állnak. A Goeldichironomus néven azonosított faj jelenleg nagyon elszaporodott a közeli Jamuna folyóban. A szinte teljesen kiszáradt folyómeder ugyanis remek körülményeket teremt a rovarok számára.&quot;Rendszeresen lemossuk a foltokat a falról, de a rovarok mindig visszajönnek&quot; - mondta Vikram. A hatóság szerint a rovarvész az egy hónap múlva kezdődő monszunnal véget ér, és nem valószínű, hogy ezek a foltok hosszú távon károsítanák az építményt.
</post>
<signature>

</signature>
<external_links>

</external_links>
<country>HU</country>
<main_image>http://cdn.delmagyar.hu/common/kepgaleria/cikk/248/2474394/660.jpg</main_image>
</document>
