<?xml version="1.0" encoding="UTF-8"?>
<document>
<type>mainstream</type>
<forum>http://hronika.info/rss.xml</forum>
<forum_title>Хроника мировых событий</forum_title>
<discussion_title>Опубликован рейтинг самых дорогих автомобилей в мире</discussion_title>
<language>russian</language>
<gmt_offset></gmt_offset>
<topic_url>http://hronika.info/avto/142252-opublikovan-reyting-samyh-dorogih-avtomobiley-v-mire.html</topic_url>
<topic_text>
Опубликован рейтинг самых дорогих автомобилей в мире Эксперты составили рейтинг наиболее дорогих брендов 2016 года. Названы самые дорогие автомобильные компании мира 2016 году по версии авторитетного американского журнала Форбс.В ТОП-10 в абсолютном зачете оказалась лишь одна автомобильная компания –Toyota, передает Хроника.инфо со ссылкой на hyser . Ее бренд американцы оценили в $42,1 млрд. Во второй «десятке» — двое «немцев»: BMW (14 место) и Mercedes (20 место). Оба бренда оценены дешевле корейского производителя смартфонов Samsung. А «Мерседес» разместился сразу за Louis Vuitton.В третьем «десятке» — еще один «японец» — Honda, занявшая в глобальной рейтинге 23 место. А соотечественник Forbes – американский Ford – разместился на 35 месте. Сразу за «Фордом» следует еще один немец — Audi, существенно отставая от двух своих извечных конкурентов.Следующий автомобильный бренд смог выбраться лишь на 59 место общего рейтинга. Этим брендом оказалась Chevrolet. Еще дешевле оценило издание Lexus и Porsche. А на 70 ступени разместился Nissan. Сразу за «Ниссанам» —Hyundai.С небольшим отставанием от «азиатов» следует «герой» дизельного скандалаVolkswagen. Что самое интересное, Forbes уверяет, что бренд «Фольсваген» за год потерял лишь 5% стоимости, несмотря на громкие разбирательства вокруг выбросов автомобилей группы Если вы нашли ошибку в тексте, выделите её мышью и нажмите Ctrl+Enter
</topic_text>
<spam_score>0.00</spam_score>
<post_num>1</post_num>
<post_id>post-1</post_id>
<post_url>http://hronika.info/avto/142252-opublikovan-reyting-samyh-dorogih-avtomobiley-v-mire.html</post_url>
<post_date>20160512</post_date>
<post_time>1535</post_time>
<username></username>
<post>
Опубликован рейтинг самых дорогих автомобилей в мире Эксперты составили рейтинг наиболее дорогих брендов 2016 года. Названы самые дорогие автомобильные компании мира 2016 году по версии авторитетного американского журнала Форбс.В ТОП-10 в абсолютном зачете оказалась лишь одна автомобильная компания –Toyota, передает Хроника.инфо со ссылкой на hyser . Ее бренд американцы оценили в $42,1 млрд. Во второй «десятке» — двое «немцев»: BMW (14 место) и Mercedes (20 место). Оба бренда оценены дешевле корейского производителя смартфонов Samsung. А «Мерседес» разместился сразу за Louis Vuitton.В третьем «десятке» — еще один «японец» — Honda, занявшая в глобальной рейтинге 23 место. А соотечественник Forbes – американский Ford – разместился на 35 месте. Сразу за «Фордом» следует еще один немец — Audi, существенно отставая от двух своих извечных конкурентов.Следующий автомобильный бренд смог выбраться лишь на 59 место общего рейтинга. Этим брендом оказалась Chevrolet. Еще дешевле оценило издание Lexus и Porsche. А на 70 ступени разместился Nissan. Сразу за «Ниссанам» —Hyundai.С небольшим отставанием от «азиатов» следует «герой» дизельного скандалаVolkswagen. Что самое интересное, Forbes уверяет, что бренд «Фольсваген» за год потерял лишь 5% стоимости, несмотря на громкие разбирательства вокруг выбросов автомобилей группы Если вы нашли ошибку в тексте, выделите её мышью и нажмите Ctrl+Enter
</post>
<signature>

</signature>
<external_links>

</external_links>
<country>DE</country>
<main_image>http://hronika.info/uploads/posts/2016-05/thumbs/1463066785_toy.jpg</main_image>
</document>
