<?xml version="1.0" encoding="UTF-8"?>
<document>
<type>mainstream</type>
<forum>http://dealspl.us/rss/Home_Garden.xml</forum>
<forum_title>Home/Garden deals RSS Alerts - DealsPlus</forum_title>
<discussion_title>7-Day Wi-Fi Programmable Thermostat In Black --&gt; $104.00 (homedepot.com)</discussion_title>
<language>english</language>
<gmt_offset></gmt_offset>
<topic_url>https://www.dealsplus.com/Home-Garden_deals/p_7-day-wi-fi-programmable-thermostat-in-black</topic_url>
<topic_text>
See more &gt; Deals Popular Fresh Heating Up Apps Automotive Bed &amp; Bath Computers &amp; Software Electronics Entertainment Freebies Furniture &amp; Decor Games Gifts &amp; Flowers Grocery &amp; Food Health &amp; Beauty Home &amp; Garden Kids &amp; Baby Kitchen &amp; Dining Laptop Men News Office &amp; School Other Pets Sports &amp; Outdoor Tax &amp; Finance Toys Travel &amp; Tickets TV Women Coupons
</topic_text>
<spam_score>0.00</spam_score>
<post_num>1</post_num>
<post_id>post-1</post_id>
<post_url>https://www.dealsplus.com/Home-Garden_deals/p_7-day-wi-fi-programmable-thermostat-in-black</post_url>
<post_date>20160512</post_date>
<post_time>1354</post_time>
<username>DealsPlus</username>
<post>
See more &gt; Deals Popular Fresh Heating Up Apps Automotive Bed &amp; Bath Computers &amp; Software Electronics Entertainment Freebies Furniture &amp; Decor Games Gifts &amp; Flowers Grocery &amp; Food Health &amp; Beauty Home &amp; Garden Kids &amp; Baby Kitchen &amp; Dining Laptop Men News Office &amp; School Other Pets Sports &amp; Outdoor Tax &amp; Finance Toys Travel &amp; Tickets TV Women Coupons
</post>
<signature>

</signature>
<external_links>

</external_links>
<country>US</country>
<main_image>https://img.dealspluscdn.com/ai/0_0/dealimage/20000/6075000/6075950_1463061273.jpg</main_image>
</document>
