<?xml version="1.0" encoding="UTF-8"?>
<document>
<type>mainstream</type>
<forum>http://www.fox8live.com/category/13533/international-news?clienttype=rss</forum>
<forum_title>FOX 8 News WVUE-TV - International - Headline</forum_title>
<discussion_title>Erdogan: Turkey gearing up to strike IS group in Syria</discussion_title>
<language>english</language>
<gmt_offset></gmt_offset>
<topic_url>http://www.fox8live.com/story/31954733/erdogan-turkey-gearing-up-to-strike-is-group-in-syria</topic_url>
<topic_text>
Erdogan: Turkey gearing up to strike IS group in Syria - FOX 8 WVUE New Orleans News, Weather, Sports, Social Member Center: Erdogan: Turkey gearing up to strike IS group in Syria 2016-05-12T10:22:55Z 2016-05-12T10:23:58Z (AP Photo/Lefteris Pitarakis). Turkey&apos;s President Recep Tayyip Erdogan, poses for photographs with military chiefs of Balkan nations following his speech at their conference, in Istanbul Wednesday, May 11, 2016. Erdogan said Turkish forces have killed ... By Associated Press
ANKARA (AP) - Turkey&apos;s president says his country is gearing up to &quot;clear&quot; the Syrian side of its frontier in response to cross-border fire from the Islamic State group. 
Recep Tayyip Erdogan said Thursday Turkey was making the necessary preparations &quot;due to the difficulties in Kilis.&quot; 
Kilis, a town in southern Turkey across the border from IS-held territory in Syria, has witnessed multiple rocket attacks this year which authorities blame on IS. 
Cross-border fire from Syria has claimed 21 lives and wounded dozens of others in Kilis. 
Erdogan said his country is prepared to act alone. He complained Turkey has not received the desired support from its allies. 
Turkey is home to a strategic air base, Incirlik, which the U.S-led coalition uses to launch bombing runs against IS militants. Copyright 2016 The Associated Press. All rights reserved. This material may not be published, broadcast, rewritten or redistributed.
</topic_text>
<spam_score>0.00</spam_score>
<post_num>1</post_num>
<post_id>post-1</post_id>
<post_url>http://www.fox8live.com/story/31954733/erdogan-turkey-gearing-up-to-strike-is-group-in-syria</post_url>
<post_date>20160512</post_date>
<post_time>1023</post_time>
<username></username>
<post>
Erdogan: Turkey gearing up to strike IS group in Syria - FOX 8 WVUE New Orleans News, Weather, Sports, Social Member Center: Erdogan: Turkey gearing up to strike IS group in Syria 2016-05-12T10:22:55Z 2016-05-12T10:23:58Z (AP Photo/Lefteris Pitarakis). Turkey&apos;s President Recep Tayyip Erdogan, poses for photographs with military chiefs of Balkan nations following his speech at their conference, in Istanbul Wednesday, May 11, 2016. Erdogan said Turkish forces have killed ... By Associated Press
ANKARA (AP) - Turkey&apos;s president says his country is gearing up to &quot;clear&quot; the Syrian side of its frontier in response to cross-border fire from the Islamic State group. 
Recep Tayyip Erdogan said Thursday Turkey was making the necessary preparations &quot;due to the difficulties in Kilis.&quot; 
Kilis, a town in southern Turkey across the border from IS-held territory in Syria, has witnessed multiple rocket attacks this year which authorities blame on IS. 
Cross-border fire from Syria has claimed 21 lives and wounded dozens of others in Kilis. 
Erdogan said his country is prepared to act alone. He complained Turkey has not received the desired support from its allies. 
Turkey is home to a strategic air base, Incirlik, which the U.S-led coalition uses to launch bombing runs against IS militants. Copyright 2016 The Associated Press. All rights reserved. This material may not be published, broadcast, rewritten or redistributed.
</post>
<signature>

</signature>
<external_links>

</external_links>
<country>US</country>
<main_image>http://images.worldnow.com/AP/images/10538852_G.jpg</main_image>
</document>
