<?xml version="1.0" encoding="UTF-8"?>
<document>
<type>mainstream</type>
<forum>http://www.smh.com.au/rssheadlines/business/article/rss.xml</forum>
<forum_title>The Sydney Morning Herald articles</forum_title>
<discussion_title>Global steel glut problem for US, Aust</discussion_title>
<language>english</language>
<gmt_offset></gmt_offset>
<topic_url>http://www.smh.com.au//breaking-news-business/global-steel-glut-problem-for-us-aust-20160512-4ev0b.html</topic_url>
<topic_text>
Global steel glut problem for US, Aust Breaking News Business Business Print 
Prime Minister Malcolm Turnbull and US President Barack Obama have discussed the global glut in steel supply, which many blame on chronic over-capacity at Chinese producers. 
China&apos;s steel production hit a record high earlier this year as rising prices, and profits, encouraged mills that had been shut or suspended to resume output. 
In a phone call late on Wednesday, the two leaders &quot;discussed the need to work together to address the global glut in steel&quot;, the White House said in a statement. 
China, the world&apos;s top steel producer and exporter, is also the fifth-largest importer of steel, buying an equivalent of 13.57 million tonnes of crude steel last year. Advertisement 
Last month, China and other major steel producers failed to agree on measures to tackle the overcapacity crisis, prompting the US, European Union and others to call for urgent action. 
China plans to shed 100-150 million tonnes of domestic crude steel capacity in the next five years in a bid to help tackle huge capacity overhangs that have saddled domestic firms with losses and debts. 
Mr Turnbull said he had raised the issue with top Chinese officials and that while he welcomed their commitment, more than &quot;strong intentions&quot; were needed. 
Chinese officials have said that they are already taking sufficient steps to curb capacity, while state news said blaming China for the global steel industry crisis was a lazy excuse for protectionism that would be counter-productive.
</topic_text>
<spam_score>0.00</spam_score>
<post_num>1</post_num>
<post_id>post-1</post_id>
<post_url>http://www.smh.com.au//breaking-news-business/global-steel-glut-problem-for-us-aust-20160512-4ev0b.html</post_url>
<post_date>20160512</post_date>
<post_time>0402</post_time>
<username></username>
<post>
Global steel glut problem for US, Aust Breaking News Business Business Print 
Prime Minister Malcolm Turnbull and US President Barack Obama have discussed the global glut in steel supply, which many blame on chronic over-capacity at Chinese producers. 
China&apos;s steel production hit a record high earlier this year as rising prices, and profits, encouraged mills that had been shut or suspended to resume output. 
In a phone call late on Wednesday, the two leaders &quot;discussed the need to work together to address the global glut in steel&quot;, the White House said in a statement. 
China, the world&apos;s top steel producer and exporter, is also the fifth-largest importer of steel, buying an equivalent of 13.57 million tonnes of crude steel last year. Advertisement 
Last month, China and other major steel producers failed to agree on measures to tackle the overcapacity crisis, prompting the US, European Union and others to call for urgent action. 
China plans to shed 100-150 million tonnes of domestic crude steel capacity in the next five years in a bid to help tackle huge capacity overhangs that have saddled domestic firms with losses and debts. 
Mr Turnbull said he had raised the issue with top Chinese officials and that while he welcomed their commitment, more than &quot;strong intentions&quot; were needed. 
Chinese officials have said that they are already taking sufficient steps to curb capacity, while state news said blaming China for the global steel industry crisis was a lazy excuse for protectionism that would be counter-productive.
</post>
<signature>

</signature>
<external_links>

</external_links>
<country>AU</country>
<main_image>http://images.smh.com.au/2011/08/09/2545355/facebook-thumb-smh.png</main_image>
</document>
