<?xml version="1.0" encoding="UTF-8"?>
<document>
<type>mainstream</type>
<forum>http://www.funnyjunk.com/rss/most_popular.rss</forum>
<forum_title>FunnyJunk Most Popular Contents</forum_title>
<discussion_title>Going4Hell Comp</discussion_title>
<language>english</language>
<gmt_offset></gmt_offset>
<topic_url>http://funnyjunk.com/channel/going2hell4this/Going4hell+comp/vetiLir/</topic_url>
<topic_text>
Reply +5 (6 hours ago) [-] I feel bad because I exhaled forcibly at the comment under the mentally challenged DJ getting cheered on by everyone around him Reply +2 (2 hours ago) [-] This site is heading the same direction as Hiddenlol, just a bunch of morbid **** that people feeling safe laugh about, I&apos;ll be honest, and I don&apos;t give a **** about red thumbs at the moment, this **** isn&apos;t funnyjunk, it&apos;s just junk (sounds cheesy, I know) but I don&apos;t like how this community is turning out.
</topic_text>
<spam_score>0.00</spam_score>
<post_num>1</post_num>
<post_id>post-1</post_id>
<post_url>http://funnyjunk.com/channel/going2hell4this/Going4hell+comp/vetiLir/</post_url>
<post_date>20160512</post_date>
<post_time>0301</post_time>
<username></username>
<post>
Reply +5 (6 hours ago) [-] I feel bad because I exhaled forcibly at the comment under the mentally challenged DJ getting cheered on by everyone around him Reply +2 (2 hours ago) [-] This site is heading the same direction as Hiddenlol, just a bunch of morbid **** that people feeling safe laugh about, I&apos;ll be honest, and I don&apos;t give a **** about red thumbs at the moment, this **** isn&apos;t funnyjunk, it&apos;s just junk (sounds cheesy, I know) but I don&apos;t like how this community is turning out.
</post>
<signature>

</signature>
<external_links>

</external_links>
<country>US</country>
<main_image></main_image>
</document>
