<?xml version="1.0" encoding="UTF-8"?>
<document>
<type>mainstream</type>
<forum>http://www.dailymail.co.uk/news/articles.rss</forum>
<forum_title>News Articles | Mail Online</forum_title>
<discussion_title>Health expert calls for Rio Olympics to be cancelled over Zika Virus</discussion_title>
<language>english</language>
<gmt_offset></gmt_offset>
<topic_url>http://www.dailymail.co.uk/news/article-3587199/Health-expert-says-Rio-Olympics-postponed-cancelled-moved-Zika-start-blown-global-health-disaster.html</topic_url>
<topic_text>
11
View
comments
A public health expert is calling for the Rio Olympics to be cancelled, postponed or moved because of the Zika virus .
University of Ottowa Professor Amir Attaran says hosting the games in &apos;the heart of the outbreak&apos; will cause a &apos;full-blown global health disaster&apos;.
In a new article for the Harvard Public Health Review , Attaran says that Zika has been vastly underestimated by Brazilian health officials and that if the games were to go on, the disease would easily spread around the world, wreaking havoc on poorer nations not equipped to fight the still-mysterious virus.
The Zika virus has been proven to a range of disturbing birth defects, including abnormally small heads in newborns, and Brazil, the worst affected country, is expecting 500,000 visitors in August for the Olympics
Attaran believes if just a handful of visitors to the August event become infected with the Zika virus and travel back to their home countries will result in far more babies being born with brain damage.
The World Health Organization declared the epidemic to be a global health emergency - and Brazil , which is expecting 500,000 foreign visitors during the Olympics, is at the center of it.
PROFESSOR AMIR ATTARAN&apos;S five REASONS AGAINST HOSTING THE OLYMPICS IN ZIKA-RIDDEN RIO 1. Rio is in the heart of the Brazilian outbreak
&apos;Rio de Janeiro’s suspected Zika cases are the highest of any state in in Brazil (26,000), and its Zika incidence rate is the fourth worst (157 per 100,000)&apos;
2. The new strain of Zika is &apos;new, different, and vastly more dangerous&apos; than the old strain
&apos;The effects on the adult nervous system are only beginning to be studied, but the preliminary findings are not good, and suggest that exposure to the virus is linked to Guillain-Barré disease, increasing the odds 60 fold.&apos;
3. Sending 500,000 athletes into the heart of the outbreak will only speed up the disease&apos;s global spread
&apos;All it takes is one infected traveler: indeed phylogenetic and molecular clock analyses establish that Brazil’s cataclysmic outbreak stems from a single viral introduction event likely between May and December 2013.9 A few viral introductions of that kind, in a few countries, or maybe continents, would make a full-blown global health disaster. &apos;
4. Speeding up the spread of Zika gives scientists less time to find a cure
&apos;Basic Zika research is already on the fast track, and with time, the odds are excellent that scientists can develop, test and prove an effective Zika vaccine, antiviral drug, insecticide, or genetically-engineered mosquito. But by spreading the virus faster and farther, the Games steal away the very thing – time – that scientists and public health professionals need to build such defenses.&apos;
5. It goes against the Olympic&apos;s social message to put poorer countries and people at an increased risk of Zika
&apos;Sports fans who are wealthy enough to visit Rio’s Games choose Zika’s risks for themselves, but when some of them return home infected, their fellow citizens bear the risk too—meaning that the upside is for the elite, but the downside is for the masses.&apos;
The mosquito-borne virus has now been scientifically proven to cause a range of disturbing birth defects, including babies born with abnormally small heads and neurological problems.
It led Professor Attaran, a specialist in public health, to wonder: &apos;Would anyone recommend sending an extra half a million visitors into Brazil right now?&apos;
Writing in the Harvard Public Health Review, he added: &apos;While Brazil’s Zika inevitably will spread globally — given enough time, viruses always do — it helps nobody to speed that up.
&apos;In particular, it cannot possibly help when an estimated 500,000 foreign tourists flock into Rio for the Games, potentially becoming infected, and returning to their homes where both local Aedes mosquitoes and sexual transmission can establish new outbreaks.
&apos;All it takes is one infected traveler... A few viral introductions of that kind, in a few countries, or maybe continents, would make a full-blown global health disaster.&apos;
But his position is not shared by Olympic and global health authorities, who insist the August 5 to 21 games will not be derailed by the virus.
&apos;The clear statements from WHO that there should be no restrictions on travel and trade means there is no justification for canceling or delaying or postponing or moving the Rio Games,&apos; Dr. Richard Budgett, the IOC&apos;s medical director, said.
&apos;The IOC will continue to monitor the situation very closely and work with the WHO, and we&apos;re confident as we&apos;ve been advised by the experts that the situation will improve over the next three months.&apos;
Professor Attaran, an outspoken critic of WHO, said the attitude was putting children at risk.
&apos;If the IOC and the World Health Organization do not have the generosity of heart to delay the games to prevent children being born and disabled their whole lives, then they&apos;re among the cruelest institutions in the world,&apos; he said this week.
&apos;What I&apos;m asking for is a bit of delayed gratification so that babies aren&apos;t born permanently disabled.&apos;
Jimmy Whitworth, a professor of international public health at the London School of Hygiene and Tropical Medicine, said Attaran&apos;s article was a &apos;wake-up call&apos; to the authorities.
&apos;WHO isn&apos;t there to be popular, so they need to put that aside and consider the public health perspective,&apos; he said.
But Dr. Isaac Bogoch, an infectious diseases specialist at the University of Toronto who has studied the anticipated path of the virus, said while it is &apos;very likely&apos; the Olympics could speed up the spread of Zika around the world, most people wouldn&apos;t be affected.
&apos;The spread of Zika to other countries is already happening,&apos; he said. &apos;Canceling the Olympics is not going to prevent that.&apos;
University of Ottawa&apos;s Amir Attaran has called for games to be postponed as he believes it will put many more babies at risk should just one person bring the virus home with them on their return
 2 Next Spain records first case of Zika-related microcephaly:... Revealed, how Zika infects unborn babies: Virus passes from... The baby nearly killed by a KISS: Newborn is left fighting...
WHAT YOU NEED TO KNOW ABOUT ZIKA WHAT IS ZIKA?
The Zika (ZEE&apos;-ka) virus was first discovered in monkey in Uganda in 1947 - its name comes from the Zika forest where it was first discovered.
It is native mainly to tropical Africa, with outbreaks in Southeast Asia and the Pacific Islands.
It appeared in Brazil in 2014 and has since been reported in many Latin American countries and Caribbean islands.
HOW IS IT SPREAD?
It is typically transmitted through bites from the same kind of mosquitoes - Aedes aegypti - that can spread other tropical diseases, like dengue fever, chikungunya and yellow fever.
It is not known to spread from person to person.
Though rare, scientists have found Zika can be transmitted sexually. The World Health Organisation recently warned the mode of transmission is &apos;more common than previously assumed&apos;.
And, the Centers for Disease Control and Prevention recently issued first-time guidance, saying couples trying to conceive should abstain or wear condoms for six months if the male has confirmed or suspected Zika.
Zika is typically transmitted through bites from the same kind of mosquitoes - Aedes aegypti - that can spread other tropical diseases, like dengue fever, chikungunya and yellow fever
Additionally, the CDC said couples should abstain or wear condoms for eight weeks if the female has confirmed or suspected Zika, or if the male traveled to a country with a Zika outbreak but has no symptoms.
During the current outbreak, the first case of sexually transmitted Zika was reported in Texas, at the beginning of February.
The patient became infected after sexual contact with a partner diagnosed with the virus after travelling to an affected region.
Now, health officials in the US are investigating more than a dozen possible cases of Zika in people thought to be infected during sex.
There are also reported cases in France and Canada.
Prior to this outbreak, scientists reported examples of sexual transmission of Zika in 2008.
A researcher from Colorado, who caught the virus overseas, is thought to have infected his wife, on returning home.
And records show the virus was found in the semen of a man in Tahiti.
So far, each case of sexual transmission of Zika involves transmission from an infected man to his partner. There is no current evidence that women can pass on the virus through sexual contact.
The World Health Organization says Zika is rapidly spreading in the Americas because it is new to the region, people aren&apos;t immune to it, and the Aedes aegypti mosquito that carries it is just about everywhere - including along the southern United States.
Canada and Chile are the only places without this mosquito.
Scientists revealed a molecular map of the Zika virus, which could help scientists develop new treatments for the disease
ARE THERE SYMPTOMS?
The majority of people infected with Zika virus will not experience symptoms.
Those that do, usually develop mild symptoms - fever, rash, joint pain, and red eyes - which usually last no more than a week.
There is no specific treatment for the virus and there is currently no vaccine to protect against infection, though several are in the developmental stages.
WHY IS IT A CONCERN NOW?
In Brazil, there was mounting evidence linking Zika infection in pregnant women to a rare birth defect called microcephaly, in which a newborn&apos;s head is smaller than normal and the brain may not have developed properly.
Zika has now been conclusively proven to cause microcephaly and is linked to several other abnormalities in babies.
Brazilian health officials last October noticed a spike in cases of microcephaly in tandem with the Zika outbreak.
The country said it has confirmed more than 860 cases of microcephaly - and that it considers them to be related to Zika infections in the mother.
Brazil is also investigating more than 4,200 additional suspected cases of microcephaly.
However, Brazilian health officials said they had ruled out 1,471 suspected cases in the week ending March 19.
The WHO also stated that researchers are now convinced that Zika is responsible for increased reports of a nerve condition called Guillain-Barre that can cause paralysis.
A team of Purdue University scientists recently revealed a molecular map of the Zika virus, which shows important structural features that may help scientists craft the first treatments to tackle the disease.
The map details vital differences on a key protein that may explain why Zika attacks nerve cells - while other viruses in the same family, such as dengue, Yellow Fever and West Nile, do not.
CAN THE SPREAD BE STOPPED?
Individuals can protect themselves from mosquito bites by using insect repellents, and wearing long sleeves and long pants - especially during daylight, when the mosquitoes tend to be most active, health officials say.
Eliminating breeding spots and controlling mosquito populations can help prevent the spread of the virus.
</topic_text>
<spam_score>0.00</spam_score>
<post_num>17</post_num>
<post_id>post-17</post_id>
<post_url>http://www.dailymail.co.uk/news/article-3587199/Health-expert-says-Rio-Olympics-postponed-cancelled-moved-Zika-start-blown-global-health-disaster.html</post_url>
<post_date>20160512</post_date>
<post_time>1656</post_time>
<username>No Bull</username>
<post>
Already cancelled my reservations at Copacabana Palace in Rio. Count me out of these games. Not worth the risk. These Olympic promoters remind me of Jaws \&quot;don&apos;t worry, it&apos;s safe to go in the water\&quot;.
</post>
<signature>

</signature>
<external_links>

</external_links>
<country>GB</country>
<main_image>http://i.dailymail.co.uk/i/pix/2016/05/11/18/33DD1CE000000578-0-image-a-6_1462987322948.jpg</main_image>
</document>
