<?xml version="1.0" encoding="UTF-8"?>
<document>
<type>mainstream</type>
<forum>http://www.funnyjunk.com/rss/most_popular.rss</forum>
<forum_title>FunnyJunk Most Popular Contents</forum_title>
<discussion_title>Robot is suspicious</discussion_title>
<language>english</language>
<gmt_offset></gmt_offset>
<topic_url>http://funnyjunk.com/Robot+is+suspicious/funny-pictures/5916739/</topic_url>
<topic_text>
Reply -5 (11 hours ago) [-] Happens daily as a host on a busy street. I smile my nicest, most confident smile, look at her with longing, hold eye contact and say &quot;Hi there, how you doin today?&quot; Confidense gets you everywhere, but dashing good looks help.
</topic_text>
<spam_score>0.00</spam_score>
<post_num>1</post_num>
<post_id>post-1</post_id>
<post_url>http://funnyjunk.com/Robot+is+suspicious/funny-pictures/5916739/</post_url>
<post_date>20160512</post_date>
<post_time>0246</post_time>
<username></username>
<post>
Reply -5 (11 hours ago) [-] Happens daily as a host on a busy street. I smile my nicest, most confident smile, look at her with longing, hold eye contact and say &quot;Hi there, how you doin today?&quot; Confidense gets you everywhere, but dashing good looks help.
</post>
<signature>

</signature>
<external_links>

</external_links>
<country>US</country>
<main_image></main_image>
</document>
