<?xml version="1.0" encoding="UTF-8"?>
<document>
<type>mainstream</type>
<forum></forum>
<forum_title></forum_title>
<discussion_title>L.A.にみる食文化の最新トレンド。｜トラベル（ホテル・旅行）｜VOGUE JAPAN</discussion_title>
<language>japanese</language>
<gmt_offset></gmt_offset>
<topic_url>http://www.vogue.co.jp/lifestyle/travel/2016-05-11</topic_url>
<topic_text>

今年4月に日本に上陸。東京・広尾に第1号店をオープンしたばかりの「L.A.ジュース」。その発祥の地、ウェストハリウッドにある本店をチェック。L.A.ジュースが提供するコールドプレスジュースは、低速圧搾方式で搾ったフレッシュな野菜や果物の100％ジュース。熱も加えていないため、栄養素を壊すことなく摂取できる。体内の老廃物の排出を促し、身体機能を回復してくれると話題のジュースだ。 L.A.ジュースの特徴は、他にはない独自のブレンド。例えば、ケール、ホウレンソウ、ロメインレタスなどをベースにしたグリーンジュースには、フェンネルやコリアンダー、ジンジャーのひと味を加えることで、絶妙なフレーバーを作り出している。キュートなガラスボトルは、すべて店内で搾って瓶詰めしている。搾りたてを味わうなら早起きして直行すべし。 L.A.ジュース （L.A. Juice） 8360 Melrose Avenue #104, West Hollywood, CA 90069, United States TEL／+1-323-951-0765 
</topic_text>
<spam_score>0.00</spam_score>
<post_num>1</post_num>
<post_id>post-1</post_id>
<post_url>http://www.vogue.co.jp/lifestyle/travel/2016-05-11</post_url>
<post_date>20160509</post_date>
<post_time></post_time>
<username></username>
<post>

今年4月に日本に上陸。東京・広尾に第1号店をオープンしたばかりの「L.A.ジュース」。その発祥の地、ウェストハリウッドにある本店をチェック。L.A.ジュースが提供するコールドプレスジュースは、低速圧搾方式で搾ったフレッシュな野菜や果物の100％ジュース。熱も加えていないため、栄養素を壊すことなく摂取できる。体内の老廃物の排出を促し、身体機能を回復してくれると話題のジュースだ。 L.A.ジュースの特徴は、他にはない独自のブレンド。例えば、ケール、ホウレンソウ、ロメインレタスなどをベースにしたグリーンジュースには、フェンネルやコリアンダー、ジンジャーのひと味を加えることで、絶妙なフレーバーを作り出している。キュートなガラスボトルは、すべて店内で搾って瓶詰めしている。搾りたてを味わうなら早起きして直行すべし。 L.A.ジュース （L.A. Juice） 8360 Melrose Avenue #104, West Hollywood, CA 90069, United States TEL／+1-323-951-0765 
</post>
<signature>

</signature>
<external_links>

</external_links>
<country>JP</country>
<main_image>http://www.vogue.co.jp/uploads/media/2016/05/09/lajuice.jpg?1462775496</main_image>
</document>
