<?xml version="1.0" encoding="UTF-8"?>
<document>
<type>mainstream</type>
<forum></forum>
<forum_title></forum_title>
<discussion_title>7 Best Apps for Tracking Business Expenses | OPEN Forum</discussion_title>
<language>english</language>
<gmt_offset></gmt_offset>
<topic_url>https://www.americanexpress.com/us/small-business/openforum/articles/7-best-apps-for-tracking-business-expenses/</topic_url>
<topic_text>
All users of our online services subject to Privacy Statement and agree to be bound by Terms of Service. Please review. © 2016 American Express Company. All rights reserved. 
</topic_text>
<spam_score>0.00</spam_score>
<post_num>1</post_num>
<post_id>post-1</post_id>
<post_url>https://www.americanexpress.com/us/small-business/openforum/articles/7-best-apps-for-tracking-business-expenses/</post_url>
<post_date>20140616</post_date>
<post_time></post_time>
<username>Julie Bawden Davis Writer Author Publisher Speaker</username>
<post>
All users of our online services subject to Privacy Statement and agree to be bound by Terms of Service. Please review. © 2016 American Express Company. All rights reserved. 
</post>
<signature>

</signature>
<external_links>

</external_links>
<country>NL</country>
<main_image>https://d8a8a12b527478184df8-1fd282026c3ff4ae711d11ecc95a1d47.ssl.cf1.rackcdn.com//us/small-business/openforum/wp-content/uploads/2014/06/best-apps-to-track-expenses-davis-open-forum-display.jpg</main_image>
</document>
