<?xml version="1.0" encoding="UTF-8"?>
<document>
<type>mainstream</type>
<forum>http://www.youm7.com/فن وتليفزيون-48</forum>
<forum_title>فن | اليوم السابع</forum_title>
<discussion_title>شيكو وهشام ماجد يصوران فيلمهما &quot;حملة فريزر&quot; فى كرواتيا</discussion_title>
<language>arabic</language>
<gmt_offset></gmt_offset>
<topic_url>http://www.youm7.com/story/2016/5/12/شيكو-وهشام-ماجد-يصوران-فيلمهما-حملة-فريزر-فى-كرواتيا/2714700</topic_url>
<topic_text>
قال المنتج أحمد السبكى إن هشام ماجد وشيكو أبطال فيلمه الجديد &quot;حملة فريزر&quot;، يصوران فيلمهما الجديد فى كرواتيا أواخر الشهر الجارى، موضحا لـ&quot;اليوم السابع&quot;، أن الفيلم يدور فى إطار كوميدى وليس له علاقة بـ&quot;حملة فريزر&quot;.
ويعد الفيلم السينمائى هو الأول الذى لن يتعاون فيه الثلاثى أحمد فهمى وشيكو وهشام ماجد معًا، كما سبق وحققوا نجاحات آخرها فيلمهم &quot;الحرب العالمية الثالثة&quot;.
والمعروف أن حملة فريزر دارت رحاها فى الفترة (1807-1809)، بين قوات محمد على باشا والقوات البريطانية وكانت جزء من الحرب الإنجليزية العثمانية، بعد تعاون تم بين الدولة العثمانية وبريطانيا كجزء من تداعيات الحروب النابليونية، وفى 21 مارس 1807، تصدى أهالى رشيد بقيادة محافظها على بك السلانكى للحملة الإنجليزية بقيادة الجنرال فريزر بعد عامين على تولى محمد على حكم مصر.
موضوعات متعلقة
هشام ماجد وشيكو يصوران فيلم &quot;حملة فريزر&quot; الأسبوع المقبل بدون أحمد فهمى
</topic_text>
<spam_score>0.00</spam_score>
<post_num>1</post_num>
<post_id>post-1</post_id>
<post_url>http://www.youm7.com/story/2016/5/12/شيكو-وهشام-ماجد-يصوران-فيلمهما-حملة-فريزر-فى-كرواتيا/2714700</post_url>
<post_date>20160512</post_date>
<post_time>0636</post_time>
<username>youm7.com</username>
<post>
قال المنتج أحمد السبكى إن هشام ماجد وشيكو أبطال فيلمه الجديد &quot;حملة فريزر&quot;، يصوران فيلمهما الجديد فى كرواتيا أواخر الشهر الجارى، موضحا لـ&quot;اليوم السابع&quot;، أن الفيلم يدور فى إطار كوميدى وليس له علاقة بـ&quot;حملة فريزر&quot;.
ويعد الفيلم السينمائى هو الأول الذى لن يتعاون فيه الثلاثى أحمد فهمى وشيكو وهشام ماجد معًا، كما سبق وحققوا نجاحات آخرها فيلمهم &quot;الحرب العالمية الثالثة&quot;.
والمعروف أن حملة فريزر دارت رحاها فى الفترة (1807-1809)، بين قوات محمد على باشا والقوات البريطانية وكانت جزء من الحرب الإنجليزية العثمانية، بعد تعاون تم بين الدولة العثمانية وبريطانيا كجزء من تداعيات الحروب النابليونية، وفى 21 مارس 1807، تصدى أهالى رشيد بقيادة محافظها على بك السلانكى للحملة الإنجليزية بقيادة الجنرال فريزر بعد عامين على تولى محمد على حكم مصر.
موضوعات متعلقة
هشام ماجد وشيكو يصوران فيلم &quot;حملة فريزر&quot; الأسبوع المقبل بدون أحمد فهمى
</post>
<signature>

</signature>
<external_links>
<external_link>http://adserver.adtech.de/adlink/3.0/1422/5999560/0/170/ADTECH;loc=300</external_link><external_link>https://twitter.com/intent/tweet?button_hashtag=Youm7&amp;text=شيكو</external_link><external_link>http://adserver.adtech.de/adserv/3.0/1422/5999560/0/170/ADTECH;loc=300</external_link>
</external_links>
<country>US</country>
<main_image>http://img.youm7.com/images/NewsPics/large/2201327202817.jpg?v543</main_image>
</document>
