<?xml version="1.0" encoding="UTF-8"?>
<document>
<type>mainstream</type>
<forum>http://indiatoday.intoday.in/rss/video.jsp?vcid=0</forum>
<forum_title>India Today | Videos</forum_title>
<discussion_title>Sexual exploitation in team, alleges former India football captain</discussion_title>
<language>english</language>
<gmt_offset></gmt_offset>
<topic_url>http://indiatoday.intoday.in/video/sexual-exploitation-in-team-alleges-former-india-captain/1/666889.html</topic_url>
<topic_text>
Sexual exploitation in team, alleges former India football captain Sexual exploitation in team, alleges former India football captain India Today Television | May 12, 2016 
Former India women&apos;s football captain Sona Chaudhary accused the team management - coach and secretary - sexually harassed the players.
</topic_text>
<spam_score>0.00</spam_score>
<post_num>1</post_num>
<post_id>post-1</post_id>
<post_url>http://indiatoday.intoday.in/video/sexual-exploitation-in-team-alleges-former-india-captain/1/666889.html</post_url>
<post_date>20160512</post_date>
<post_time>1604</post_time>
<username></username>
<post>
Sexual exploitation in team, alleges former India football captain Sexual exploitation in team, alleges former India football captain India Today Television | May 12, 2016 
Former India women&apos;s football captain Sona Chaudhary accused the team management - coach and secretary - sexually harassed the players.
</post>
<signature>

</signature>
<external_links>

</external_links>
<country>IN</country>
<main_image>http://media2.intoday.in/indiatoday/images/stories/sona-video_647_051216093129.jpg</main_image>
</document>
