<?xml version="1.0" encoding="UTF-8"?>
<document>
<type>mainstream</type>
<forum></forum>
<forum_title></forum_title>
<discussion_title>Marion Cotillard: lo stile in 100 look - Vogue.it</discussion_title>
<language>italian</language>
<gmt_offset></gmt_offset>
<topic_url>http://www.vogue.it/moda/news/2016/05/11/marion-cotillard-lo-stile-100-look/</topic_url>
<topic_text>
Fashion / News / Marion Cotillard: lo stile in 100 look May 11, 2016 6:30 AM by Italo Pantano 
Marion Cotillard sarà una delle protagoniste femminili della 69esima edizione del Festival di Cannes . 
L’attrice francese , scoperta dal pubblico internazionale in Jeux d’enfants (film di Yann Samuell del 2003), sarà tra le star più attese di questa edizione con due film drammatici. Juste la fin du monde (la storia familiare diretta da Xavier Dolan) al fianco di Vincent Cassel, e Mal de pierre (il dramma romantico di Nicole Garcia) che la vede contesa tra Louis Garrel e Alex Brendemühl. 
Fin dagli esordi, la protagonista di La vie en rose (in cui il ruolo di Édith Piaf le ha fatto vincere l’Oscar nel 2007) si è sempre distinta sui red carpet per il suo stile unico, chic e super moderno, ma con ispirazioni anni ’20 e ’50 per trucco e capelli che le hanno conferito un allure da diva d’atri tempi. 
Nella gallery abbiamo raccolto 100 look per raccontare l’evoluzione dello stile di Marion Cotillard dalle prime apparizioni ad oggi. 100 photos View Gallery 
</topic_text>
<spam_score>0.00</spam_score>
<post_num>1</post_num>
<post_id>post-1</post_id>
<post_url>http://www.vogue.it/moda/news/2016/05/11/marion-cotillard-lo-stile-100-look/</post_url>
<post_date>20160511</post_date>
<post_time></post_time>
<username>Lucia D Angelo</username>
<post>
Fashion / News / Marion Cotillard: lo stile in 100 look May 11, 2016 6:30 AM by Italo Pantano 
Marion Cotillard sarà una delle protagoniste femminili della 69esima edizione del Festival di Cannes . 
L’attrice francese , scoperta dal pubblico internazionale in Jeux d’enfants (film di Yann Samuell del 2003), sarà tra le star più attese di questa edizione con due film drammatici. Juste la fin du monde (la storia familiare diretta da Xavier Dolan) al fianco di Vincent Cassel, e Mal de pierre (il dramma romantico di Nicole Garcia) che la vede contesa tra Louis Garrel e Alex Brendemühl. 
Fin dagli esordi, la protagonista di La vie en rose (in cui il ruolo di Édith Piaf le ha fatto vincere l’Oscar nel 2007) si è sempre distinta sui red carpet per il suo stile unico, chic e super moderno, ma con ispirazioni anni ’20 e ’50 per trucco e capelli che le hanno conferito un allure da diva d’atri tempi. 
Nella gallery abbiamo raccolto 100 look per raccontare l’evoluzione dello stile di Marion Cotillard dalle prime apparizioni ad oggi. 100 photos View Gallery 
</post>
<signature>

</signature>
<external_links>

</external_links>
<country>IE</country>
<main_image>http://images.vogue.it/wp-content/uploads/2016/05/11063031/land-VI00803D0532_053307LINDBERGH-1.jpg</main_image>
</document>
