<?xml version="1.0" encoding="UTF-8"?>
<document>
<type>mainstream</type>
<forum></forum>
<forum_title></forum_title>
<discussion_title>Pokemon | Illustration: “御三家” by あう子 [pixiv]</discussion_title>
<language>english</language>
<gmt_offset></gmt_offset>
<topic_url>http://www.pixiv.net/member_illust.php?illust_id=56821473&amp;amp;mode=medium</topic_url>
<topic_text>
Register for a free pixiv account with your email! Sign Up 
</topic_text>
<spam_score>0.00</spam_score>
<post_num>1</post_num>
<post_id>post-1</post_id>
<post_url>http://www.pixiv.net/member_illust.php?illust_id=56821473&amp;amp;mode=medium</post_url>
<post_date>20160510</post_date>
<post_time></post_time>
<username></username>
<post>
Register for a free pixiv account with your email! Sign Up 
</post>
<signature>

</signature>
<external_links>

</external_links>
<country>JP</country>
<main_image>http://embed.pixiv.net/decorate.php?illust_id=56821473</main_image>
</document>
