<?xml version="1.0" encoding="UTF-8"?>
<document>
<type>mainstream</type>
<forum></forum>
<forum_title></forum_title>
<discussion_title>Cannes 2016: i migliori e peggiori beauty look trucco e capelli del Festival di Cannes del passato - Vogue.it</discussion_title>
<language>italian</language>
<gmt_offset></gmt_offset>
<topic_url>http://www.vogue.it/bellezza/tendenze-news/2016/05/11/cannes-2016-migliori-peggiori-beauty-look-trucco-capelli-del-festival-cannes-del-passato/</topic_url>
<topic_text>
Cannes 2016: i migliori e peggiori beauty look trucco e capelli del Festival di Cannes del passato E quest&apos;anno? Stay tuned Beauty / News / Cannes 2016: i migliori e peggiori beauty look trucco e capelli del Festival di Cannes del passato May 11, 2016 6:35 AM by Sofia Viganò 
Cannes 2016. AKA ci risiamo: è il momento di sfilare sulla Croisette . Inizia infatti domani, mercoledì 11 maggio per chiudersi domenica 22 dello stesso mese, uno dei Film Festival europei più famosi nel mondo. Fra le star attese le francesi Lea Seydoux, Laetitia Casta e Marion Cotillard (quest’ultima invischiata nell’affair Brad Pitt / Angelina Jolie) e quelle Hollywoodiane , Julia Roberts uber alles. Senza dimenticare, of course, gente di un certo calibro come Russell Crowe e Ryan Gosling. “Liste” a parte, quello che ogni anno salta all’occhio è che lì, sulla Croisette , il cambio d’abito è d’obbligo . La maggior parte delle attrici infatti affronta due red carpet: uno by day e uno by night, con conseguenti beauty look. Ovviamente, come il rosso/nero della roulette, questo aumenta le possibilità di trionfare come quelle di cadere. E in attesa di vedere come se la “giocheranno” le celebrities quest’anno, ecco come sono andate le edizioni precedenti. More 
</topic_text>
<spam_score>0.00</spam_score>
<post_num>1</post_num>
<post_id>post-1</post_id>
<post_url>http://www.vogue.it/bellezza/tendenze-news/2016/05/11/cannes-2016-migliori-peggiori-beauty-look-trucco-capelli-del-festival-cannes-del-passato/</post_url>
<post_date>20160511</post_date>
<post_time></post_time>
<username>Simone Tempia</username>
<post>
Cannes 2016: i migliori e peggiori beauty look trucco e capelli del Festival di Cannes del passato E quest&apos;anno? Stay tuned Beauty / News / Cannes 2016: i migliori e peggiori beauty look trucco e capelli del Festival di Cannes del passato May 11, 2016 6:35 AM by Sofia Viganò 
Cannes 2016. AKA ci risiamo: è il momento di sfilare sulla Croisette . Inizia infatti domani, mercoledì 11 maggio per chiudersi domenica 22 dello stesso mese, uno dei Film Festival europei più famosi nel mondo. Fra le star attese le francesi Lea Seydoux, Laetitia Casta e Marion Cotillard (quest’ultima invischiata nell’affair Brad Pitt / Angelina Jolie) e quelle Hollywoodiane , Julia Roberts uber alles. Senza dimenticare, of course, gente di un certo calibro come Russell Crowe e Ryan Gosling. “Liste” a parte, quello che ogni anno salta all’occhio è che lì, sulla Croisette , il cambio d’abito è d’obbligo . La maggior parte delle attrici infatti affronta due red carpet: uno by day e uno by night, con conseguenti beauty look. Ovviamente, come il rosso/nero della roulette, questo aumenta le possibilità di trionfare come quelle di cadere. E in attesa di vedere come se la “giocheranno” le celebrities quest’anno, ecco come sono andate le edizioni precedenti. More 
</post>
<signature>

</signature>
<external_links>

</external_links>
<country>IE</country>
<main_image>http://images.vogue.it/wp-content/uploads/2016/05/11063519/cannes2016sq-534x800.jpg</main_image>
</document>
