<?xml version="1.0" encoding="UTF-8"?>
<document>
<type>mainstream</type>
<forum>http://globegazette.com/search/?f=rss&amp;t=article&amp;c=news/national&amp;l=25&amp;s=start_time&amp;sd=desc</forum>
<forum_title>globegazette.com - RSS Results in news/national of type article</forum_title>
<discussion_title>The Latest: Trial begins for officer in Freddie Gray case</discussion_title>
<language>english</language>
<gmt_offset></gmt_offset>
<topic_url>http://globegazette.com/news/national/the-latest-trial-begins-for-officer-in-freddie-gray-case/article_86d203f9-b65d-59c2-97f1-62fcf9440fbe.html</topic_url>
<topic_text>
The Latest: Trial begins for officer in Freddie Gray case 1 hr ago 
BALTIMORE (AP) — The Latest on the trial of Baltimore police officer Edward Nero in the death of Freddie Gray (all times local): 
11 a.m. 
During opening statements prosecutors told a Baltimore judge that the defendant, Officer Edward Nero, disregarded his police training when he chased Freddie Gray and arrested him without probable cause, and was callously indifferent to the 25-year-old man&apos;s wellbeing when he failed to secure him in a seatbelt. 
Chief Deputy State&apos;s Attorney Michael Schatzow spent about 20 minutes laying out the state&apos;s argument during the first day of Nero&apos;s trial. He faces assault, reckless endangerment and misconduct in office charges stemming from Gray&apos;s arrest. Gray died on April 19, a week after his neck was broken in the back of a police van. 
Nero is the second officer to stand trial. 
Schatzow told Baltimore Circuit Judge Barry Williams that Gray&apos;s arrest was unlawful and that Nero, who prosecutors say along with two other officers chased Gray, secured him in cuffs and loaded him into the van, should never have touched the man. Prosecutors also say Nero acted in a reckless manner when he failed to buckle Gray into a seatbelt. 
4 a.m. 
One of six Baltimore officers who face charges stemming from the arrest and subsequent death of Freddie Gray is going on trial Thursday. 
Officer Edward Nero faces assault, misconduct in office and reckless endangerment charges. Nero, along with two other officers, arrested Gray after making eye contact with him and chasing him in West Baltimore last year. 
Gray was placed in handcuffs and put in the back of a police transport van, where he suffered a critical spinal injury. He died a week later. 
Nero opted for a bench trial, rather than a jury trial. Baltimore Circuit Judge Barry Williams indicated that the trial will take about five days. Tags
</topic_text>
<spam_score>0.00</spam_score>
<post_num>1</post_num>
<post_id>post-1</post_id>
<post_url>http://globegazette.com/news/national/the-latest-trial-begins-for-officer-in-freddie-gray-case/article_86d203f9-b65d-59c2-97f1-62fcf9440fbe.html</post_url>
<post_date>20160512</post_date>
<post_time>1457</post_time>
<username></username>
<post>
The Latest: Trial begins for officer in Freddie Gray case 1 hr ago 
BALTIMORE (AP) — The Latest on the trial of Baltimore police officer Edward Nero in the death of Freddie Gray (all times local): 
11 a.m. 
During opening statements prosecutors told a Baltimore judge that the defendant, Officer Edward Nero, disregarded his police training when he chased Freddie Gray and arrested him without probable cause, and was callously indifferent to the 25-year-old man&apos;s wellbeing when he failed to secure him in a seatbelt. 
Chief Deputy State&apos;s Attorney Michael Schatzow spent about 20 minutes laying out the state&apos;s argument during the first day of Nero&apos;s trial. He faces assault, reckless endangerment and misconduct in office charges stemming from Gray&apos;s arrest. Gray died on April 19, a week after his neck was broken in the back of a police van. 
Nero is the second officer to stand trial. 
Schatzow told Baltimore Circuit Judge Barry Williams that Gray&apos;s arrest was unlawful and that Nero, who prosecutors say along with two other officers chased Gray, secured him in cuffs and loaded him into the van, should never have touched the man. Prosecutors also say Nero acted in a reckless manner when he failed to buckle Gray into a seatbelt. 
4 a.m. 
One of six Baltimore officers who face charges stemming from the arrest and subsequent death of Freddie Gray is going on trial Thursday. 
Officer Edward Nero faces assault, misconduct in office and reckless endangerment charges. Nero, along with two other officers, arrested Gray after making eye contact with him and chasing him in West Baltimore last year. 
Gray was placed in handcuffs and put in the back of a police transport van, where he suffered a critical spinal injury. He died a week later. 
Nero opted for a bench trial, rather than a jury trial. Baltimore Circuit Judge Barry Williams indicated that the trial will take about five days. Tags
</post>
<signature>

</signature>
<external_links>

</external_links>
<country>US</country>
<main_image></main_image>
</document>
