<?xml version="1.0" encoding="UTF-8"?>
<document>
<type>mainstream</type>
<forum></forum>
<forum_title></forum_title>
<discussion_title>Chloë Moretz and Brooklyn Beckham confirm they’re official official - Vogue Australia</discussion_title>
<language>english</language>
<gmt_offset></gmt_offset>
<topic_url>http://www.vogue.com.au/miss+vogue/news/chloe+moretz+and+brooklyn+beckham+confirm+theyre+official+official,39127</topic_url>
<topic_text>
Chloë Moretz and Brooklyn Beckham confirm they’re official official Image credit: Getty Images Miss Vogue But we already knew that. 
While we were pretty sure it was on (again) between 17-year-old Brooklyn Beckham and 19-year-old Chloë Moretz , the pair have made it official the way all celebrities couples do these day – via Instagram . 
Beckham posted a collage of himself and Moretz to Instagram with the simple yet profound caption of a love heart emoji. 
Moretz also confirmed the relationship was back on again during an interview on Watch What Happens Live! With Andy Cohen. 
“I think the more I don&apos;t make it mysterious the more people don&apos;t care, so yes we&apos;re in a relationship,” Moretz told Cohen. 
The Watch What Happens Live! Host then quizzed the actress on her boyfriend’s famous parents. 
“He&apos;s a great dad, she&apos;s a great mother. They genuinely are very good parents that&apos;s what matters most, they made a pretty son.&quot; 
Well there you have it, the official beginning of another beautiful celebrity relationship. Share This 
</topic_text>
<spam_score>0.00</spam_score>
<post_num>1</post_num>
<post_id>post-1</post_id>
<post_url>http://www.vogue.com.au/miss+vogue/news/chloe+moretz+and+brooklyn+beckham+confirm+theyre+official+official,39127</post_url>
<post_date>20160511</post_date>
<post_time></post_time>
<username>Lilith</username>
<post>
Chloë Moretz and Brooklyn Beckham confirm they’re official official Image credit: Getty Images Miss Vogue But we already knew that. 
While we were pretty sure it was on (again) between 17-year-old Brooklyn Beckham and 19-year-old Chloë Moretz , the pair have made it official the way all celebrities couples do these day – via Instagram . 
Beckham posted a collage of himself and Moretz to Instagram with the simple yet profound caption of a love heart emoji. 
Moretz also confirmed the relationship was back on again during an interview on Watch What Happens Live! With Andy Cohen. 
“I think the more I don&apos;t make it mysterious the more people don&apos;t care, so yes we&apos;re in a relationship,” Moretz told Cohen. 
The Watch What Happens Live! Host then quizzed the actress on her boyfriend’s famous parents. 
“He&apos;s a great dad, she&apos;s a great mother. They genuinely are very good parents that&apos;s what matters most, they made a pretty son.&quot; 
Well there you have it, the official beginning of another beautiful celebrity relationship. Share This 
</post>
<signature>

</signature>
<external_links>

</external_links>
<country>AU</country>
<main_image>https://nlm-common-prod.s3-ap-southeast-2.amazonaws.com/vogue/media/articles/3/9/1/0/39127-1_og_original.jpg</main_image>
</document>
