<?xml version="1.0" encoding="UTF-8"?>
<document>
<type>mainstream</type>
<forum>http://ndz.de//cms_media/xml/29_NeueDeister-Zeitung-ThemadesTages.xml</forum>
<forum_title>Neue Deister-Zeitung - Thema des Tages</forum_title>
<discussion_title>Der Fall Böhmermann und seine juristischen Grundlagen</discussion_title>
<language>german</language>
<gmt_offset></gmt_offset>
<topic_url>http://www.ndz.de/portal/welt/thema-des-tages_Der-Fall-Boehmermann-und-seine-juristischen-Grundlagen-_arid,801218.html</topic_url>
<topic_text>
12.05.2016 Der Fall Böhmermann und seine juristischen Grundlagen Nach dem grausamen Tod eines Säuglings müssen sich die Eltern vor Gericht verantworten. Foto: Oliver Berg 
Mainz (dpa) - Das juristische Vorgehen der Türkei und ihres Staatschefs Recep Tayyip Erdogan gegen den Satiriker Jan Böhmermann fußt vor allem auf zwei Paragrafen des Strafgesetzbuches (StGB): 
- Der Paragraf 185 StGB definiert den Tatbestand der Beleidigung, der je nach Schwere der Tat mit bis zu zwei Jahren Haft oder einer Geldstrafe geahndet werden kann. Juristen verstehen unter Beleidigung die «Kundgabe von Missachtung oder Nichtachtung in beliebiger Form». Üble Nachrede und Verleumdung gelten als weitere Delikte gegen die Ehre und sind in den Paragrafen 186 bis 188 des StGB geregelt. 
Die Staatsanwaltschaft nimmt die Strafverfolgung aber erst auf, wenn der in seiner Ehre Verletzte - wie jetzt Erdogan - einen Strafantrag stellt. Es geht hier also um ein sogenanntes Antragsdelikt - nicht um ein Vergehen, das die Justiz immer verfolgen muss. 
- Laut Paragraf 103 StGB muss mit bis zu drei Jahren Haft oder einer Geldstrafe rechnen, wer einen ausländischen Staatschef beleidigt. Denn ausländische Staatsoberhäupter, Regierungsmitglieder und diplomatische Vertreter genießen nach deutschem Recht den Schutz ihrer Ehre - egal ob sie sich im In- oder Ausland aufhalten. Ist Verleumdung im Spiel, drohen sogar bis zu fünf Jahre Freiheitsentzug. 
Voraussetzung für eine Strafverfolgung ist laut Paragraf 104a StGB allerdings, «dass die Bundesrepublik Deutschland zu dem anderen Staat diplomatische Beziehungen unterhält (...), ein Strafverlangen der ausländischen Regierung vorliegt und die Bundesregierung die Ermächtigung zur Strafverfolgung erteilt».
</topic_text>
<spam_score>0.00</spam_score>
<post_num>1</post_num>
<post_id>post-1</post_id>
<post_url>http://www.ndz.de/portal/welt/thema-des-tages_Der-Fall-Boehmermann-und-seine-juristischen-Grundlagen-_arid,801218.html</post_url>
<post_date>20160512</post_date>
<post_time>1310</post_time>
<username></username>
<post>
12.05.2016 Der Fall Böhmermann und seine juristischen Grundlagen Nach dem grausamen Tod eines Säuglings müssen sich die Eltern vor Gericht verantworten. Foto: Oliver Berg 
Mainz (dpa) - Das juristische Vorgehen der Türkei und ihres Staatschefs Recep Tayyip Erdogan gegen den Satiriker Jan Böhmermann fußt vor allem auf zwei Paragrafen des Strafgesetzbuches (StGB): 
- Der Paragraf 185 StGB definiert den Tatbestand der Beleidigung, der je nach Schwere der Tat mit bis zu zwei Jahren Haft oder einer Geldstrafe geahndet werden kann. Juristen verstehen unter Beleidigung die «Kundgabe von Missachtung oder Nichtachtung in beliebiger Form». Üble Nachrede und Verleumdung gelten als weitere Delikte gegen die Ehre und sind in den Paragrafen 186 bis 188 des StGB geregelt. 
Die Staatsanwaltschaft nimmt die Strafverfolgung aber erst auf, wenn der in seiner Ehre Verletzte - wie jetzt Erdogan - einen Strafantrag stellt. Es geht hier also um ein sogenanntes Antragsdelikt - nicht um ein Vergehen, das die Justiz immer verfolgen muss. 
- Laut Paragraf 103 StGB muss mit bis zu drei Jahren Haft oder einer Geldstrafe rechnen, wer einen ausländischen Staatschef beleidigt. Denn ausländische Staatsoberhäupter, Regierungsmitglieder und diplomatische Vertreter genießen nach deutschem Recht den Schutz ihrer Ehre - egal ob sie sich im In- oder Ausland aufhalten. Ist Verleumdung im Spiel, drohen sogar bis zu fünf Jahre Freiheitsentzug. 
Voraussetzung für eine Strafverfolgung ist laut Paragraf 104a StGB allerdings, «dass die Bundesrepublik Deutschland zu dem anderen Staat diplomatische Beziehungen unterhält (...), ein Strafverlangen der ausländischen Regierung vorliegt und die Bundesregierung die Ermächtigung zur Strafverfolgung erteilt».
</post>
<signature>

</signature>
<external_links>

</external_links>
<country>DE</country>
<main_image>http://www.ndz.de/cms_media/module_bi/2827/1413950_1_articledetail_Pipeline11808629.jpg</main_image>
</document>
