<?xml version="1.0" encoding="UTF-8"?>
<document>
<type>mainstream</type>
<forum></forum>
<forum_title></forum_title>
<discussion_title>بن دغر: المكلا تشهد استقرارا ملحوظا بفضل جهود الأجهزة الأمنية - صحف نت</discussion_title>
<language>arabic</language>
<gmt_offset></gmt_offset>
<topic_url>http://suhf.net/local/26026.html</topic_url>
<topic_text>
الخميس 12 مايو 2016 07:19 مساءً 0 3 
الخميس 12 مايو 2016 07:19 مساءً 
صُحف نِت - اكد رئيس الوزراء الدكتور أحمد عبيد بـن دغـر أن مدينة المكلا عاصمة حـضـرمـوت ، تشهد استقرارا ملحوظا بفضل الجهود الجبارة التي تبذلها قوات الجيش والأجهزة الأمنية من أجل استتباب الأمن والاستقرار بشكل كامل. 
جاء ذلك في اتصال هاتفي بينه والرئيس عبد ربه منصور هــادي حيث اطلعه على حقيقة الاوضاع في مدينة المكلا عاصمة محافظة حـضـرمـوت . 
ووصل صباح اليوم الخميس، رئيس الوزراء في زيارة قصيرة الى مدينة المكلا برفقة وزراء الصحة العامة والسكان الدكتوروالنقل العام ، والأوقاف والإرشاد. 
الجدير بالذكر أن تنظيم ما يسمي نفسة &quot; الدولة الاسلامية &quot; تبنى تفجير 3 سيارات مفخخة صباح اليوم الخميس، بالقرب من مركز قيادة البحرية، ما نتج عنه سقوط قتلى وجرحى . 
</topic_text>
<spam_score>0.00</spam_score>
<post_num>1</post_num>
<post_id>post-1</post_id>
<post_url>http://suhf.net/local/26026.html</post_url>
<post_date>20160512</post_date>
<post_time></post_time>
<username></username>
<post>
الخميس 12 مايو 2016 07:19 مساءً 0 3 
الخميس 12 مايو 2016 07:19 مساءً 
صُحف نِت - اكد رئيس الوزراء الدكتور أحمد عبيد بـن دغـر أن مدينة المكلا عاصمة حـضـرمـوت ، تشهد استقرارا ملحوظا بفضل الجهود الجبارة التي تبذلها قوات الجيش والأجهزة الأمنية من أجل استتباب الأمن والاستقرار بشكل كامل. 
جاء ذلك في اتصال هاتفي بينه والرئيس عبد ربه منصور هــادي حيث اطلعه على حقيقة الاوضاع في مدينة المكلا عاصمة محافظة حـضـرمـوت . 
ووصل صباح اليوم الخميس، رئيس الوزراء في زيارة قصيرة الى مدينة المكلا برفقة وزراء الصحة العامة والسكان الدكتوروالنقل العام ، والأوقاف والإرشاد. 
الجدير بالذكر أن تنظيم ما يسمي نفسة &quot; الدولة الاسلامية &quot; تبنى تفجير 3 سيارات مفخخة صباح اليوم الخميس، بالقرب من مركز قيادة البحرية، ما نتج عنه سقوط قتلى وجرحى . 
</post>
<signature>

</signature>
<external_links>

</external_links>
<country>US</country>
<main_image>http://suhf.net/temp/resized/medium_2016-05-12-2c60044bd2.jpg</main_image>
</document>
