<?xml version="1.0" encoding="UTF-8"?>
<document>
<type>mainstream</type>
<forum>http://www.leparisien.fr/paris-75</forum>
<forum_title>Actualités Paris (75) et infos Paris en direct</forum_title>
<discussion_title>VIDEO. : un policier frappe un adolescent, l&apos;IGPN saisie</discussion_title>
<language>french</language>
<gmt_offset></gmt_offset>
<topic_url>http://www.leparisien.fr/paris-75/paris-75019/video-un-crs-frappe-un-manifestant-devant-le-lycee-bergson-a-paris-24-03-2016-5657025.php</topic_url>
<topic_text>
Les manifestations des étudiants contre la loi Travail de Myriam El Khomri , ont dégénéré ce jeudi à Paris . Deux policiers auraient été blessés et 15 manifestants interpellés. Mais une vidéo diffusée sur les réseaux sociaux témoigne aussi de violence exercée par un fonctionnaire sur un jeune manifestant, dans le XIXe arrondissement de la capitale, devant le lycée Bergson .
L&apos;inspection générale de la police nationale (IGPN), la «police des polices», a ouvert une enquête après la diffusion de ces images, confirme la préfecture de police de Paris . Face aux jeunes qui jetaient «des oeufs et de la farine» devant un tas de poubelles entassées depuis l’aube devant la grille, les policiers auraient en effet répliqué avec violence.
QUESTION DU JOUR. Loi Travail : craignez-vous une escalade de la violence dans les manifs des jeunes ?
VIDEO. Un policier frappe violemment un manifestant
La vidéo en question montre un jeune à terre, relevé par un policier qui lance «lève toi !». Alors qu&apos;il se lève, tenu par deux policiers et donc maîtrisé, l&apos;un des fonctionnaires lui assène un violent coup de poing au niveau du thorax. Le jeune homme s&apos;écroule pendant que des manifestants qui assistent à la scène s&apos;insurgent de la violence exercée par le policier, qui appartiendrait au commissariat du XIXe arrondissement.
Le lycéen frappé aurait 15 ans
L’adolescent frappé sur la vidéo, un élève de seconde âgé de 15 ans, souffrirait de blessures à la tête selon des camarades qui étaient sur place au moment des faits. Un autre élève, en seconde lui aussi, explique avoir été frappé «à l’arcade sourcilière, à la cuisse et à l’entrejambe», au cours des échauffourées. Au moins deux lycéens ont été conduits au commissariat à l’issue des heurts. «Que la police de mon pays frappe mes enfants, c’était inimaginable. Je suis sous le choc», réagit Stéphanie, mère d’une élève du lycée.
«Dans la matinée des projectiles ont été jetés sur les véhicules de police faisant des passages aux abords du lycée. Des manifestants ont mis le feu à des poubelles. L&apos;un des manifestants, auteur des jets de projectiles, se montrait très virulent envers les effectifs», a justifié la préfecture de police dans un communiqué. «Lors de cette intervention les fonctionnaires du commissariat du 19e arrondissement ont procédé à plusieurs interpellations dans des conditions difficiles. Certains fonctionnaires étaient blessés à cette occasion et l&apos;un d&apos;entre eux était conduit à l&apos;hôpital», a-t-elle ajouté. «Après avoir pris connaissance des conditions de cette intervention et notamment de l&apos;interpellation objet de la vidéo diffusée sur les réseaux sociaux, Bernard Cazeneuve, ministre de l&apos;Intérieur, a immédiatement demandé au préfet de police Michel Cadot, de faire diligenter une enquête administrative par l&apos;IGPN», a précisé la préfecture de police.
VIDEO. Manifestation loi Travail : débordements en marge du cortège à Paris
Jeudi après-midi, la manifestation des lycéens et étudiants contre le projet de loi travail a également dégénéré à Nantes , avec des affrontements entre la police et des manifestants. Neuf personnes ont été interpellées.
Pathétique, ils ont même pas honte. @actulive_france pic.twitter.com/fDw79oKtCD
— o \u263a\ufe0f (@dinakesS_91) 24 mars 2016
VIDEO. Violences policières présumées: &quot;La faute paraît évidente&quot;, affirme Nicolas Comte
VIDEO. Le lycéen de la vidéo de Paris: &quot;On m&apos;a frappé pour rien du tout&quot;
Sur le même sujet Loi travail : des manifestations étudiantes dégénèrent, interpellations à Paris EN IMAGES. Loi Travail : des manifestants affrontent la police, à Paris Lycéen frappé par un policier : 2 commissariats parisiens cibles de projectiles VIDEO. Rennes : des chaises sur les rails du métro contre la loi Travail Manifestation jeudi : des lycées fermés par précaution à Paris Grèves contre la loi travail : ce qui est prévu pour jeudi leparisien.fr
Réagir 342
</topic_text>
<spam_score>0.00</spam_score>
<post_num>4</post_num>
<post_id>post-4</post_id>
<post_url>http://www.leparisien.fr/paris-75/paris-75019/video-un-crs-frappe-un-manifestant-devant-le-lycee-bergson-a-paris-24-03-2016-5657025.php</post_url>
<post_date>20160326</post_date>
<post_time>0603</post_time>
<username>Bardaillan</username>
<post>
Restons pragmatique face à ces images qui salissent notre démocratie et identification la cause de ce débordement inadmissible. « Il n’est pas de mauvais soldats mais de mauvais chefs »Napoléon. Le manque de formation est évident. Ce n’est l’homme qui est défaillant mais tout le groupe! La formation ! Rien que la formation ! Quant à vous les chefs, l’inaptitude au commandement plane, car commander une troupe de maintien de l’ordre en ayant mal identifié dans votre effectif les faiblesses de certains éléments ….il est certainement des raisons…. Et toc !
</post>
<signature>

</signature>
<external_links>

</external_links>
<country>FR</country>
<main_image>http://s1.lprs1.fr/images/2016/03/24/5657025_crs.jpg</main_image>
</document>
