<?xml version="1.0" encoding="UTF-8"?>
<document>
<type>mainstream</type>
<forum>http://rssfeeds.wlbz2.com/_/20/88796025/wlbz/watercooler</forum>
<forum_title>WLBZ - Weird</forum_title>
<discussion_title>Tombstone found in vacated hotel...</discussion_title>
<language>english</language>
<gmt_offset></gmt_offset>
<topic_url>http://www.wlbz2.com/news/weird/tombstone-found-in-vacated-hotel-room-scarborough-police-seek-answers/185254644</topic_url>
<topic_text>
Tombstone found in vacated hotel room, Scarborough police seek answers NEWS CENTER , WCSH 4:31 AM. EST May 11, 2016 CONNECT TWEET LINKEDIN GOOGLE+ PINTEREST 
SCARBOROUGH, Maine (NEWS CENTER) -- Scarborough police are looking for answers after a tombstone or property marker was found in the closet of a local hotel room after the renter had vacated. 
Police say the stone is engraved with &quot;E.B.&quot; with no other identifiable marks. The stone measures about 24&quot; high by 10&quot; wide. 
Police have checked with local historians and cemeteries but have yet to discover where the stone was taken from. 
If you have any information regarding this stone please contact Officer Douglas Weed at 207-730-4322. 
Copyright 2016 WCSH
</topic_text>
<spam_score>0.00</spam_score>
<post_num>1</post_num>
<post_id>post-1</post_id>
<post_url>http://www.wlbz2.com/news/weird/tombstone-found-in-vacated-hotel-room-scarborough-police-seek-answers/185254644</post_url>
<post_date>20160511</post_date>
<post_time>0931</post_time>
<username></username>
<post>
Tombstone found in vacated hotel room, Scarborough police seek answers NEWS CENTER , WCSH 4:31 AM. EST May 11, 2016 CONNECT TWEET LINKEDIN GOOGLE+ PINTEREST 
SCARBOROUGH, Maine (NEWS CENTER) -- Scarborough police are looking for answers after a tombstone or property marker was found in the closet of a local hotel room after the renter had vacated. 
Police say the stone is engraved with &quot;E.B.&quot; with no other identifiable marks. The stone measures about 24&quot; high by 10&quot; wide. 
Police have checked with local historians and cemeteries but have yet to discover where the stone was taken from. 
If you have any information regarding this stone please contact Officer Douglas Weed at 207-730-4322. 
Copyright 2016 WCSH
</post>
<signature>

</signature>
<external_links>

</external_links>
<country>US</country>
<main_image>http://content.wcsh6.com/photo/2016/05/11/9k%3D_1462959045778_2208848_ver1.0_640_360.jpg</main_image>
</document>
