<?xml version="1.0" encoding="UTF-8"?>
<document>
<type>mainstream</type>
<forum></forum>
<forum_title></forum_title>
<discussion_title>Stihl Series competition heats up ahead of penultimate XCO Cup - Fullsus</discussion_title>
<language>english</language>
<gmt_offset></gmt_offset>
<topic_url>http://fullsus.co.za/stihl-series-competition-heats-up-ahead-of-penultimate-xco-cup/</topic_url>
<topic_text>
Stihl Series competition heats up ahead of penultimate XCO Cup 5 hours ago 10 May 2016 – Top-notch racing is expected from South Africa’s biggest cross-country racing stars as we go into the penultimate round of the STIHL 2016 SA XCO Cup Series, which shifts across to the Eastern Cape at Settler’s Park in Port Elizabeth on Saturday 14 May. 
The Pro-elite race carries a UCI Category 1 rating, which offers some good points for our top finishers towards their World and Olympic rankings. The Junior riders have the opportunity to compete in the third and final event on South African soil that counts towards the UCI Junior World Series, and guns will surely be blazing after the second event in South Africa saw the elements challenge the Junior riders in every possible way on a muddy track in Pietermaritzburg. 
Competing on a slightly revamped course compared to last year’s hit route, riders are guaranteed to be challenged in this gruelling discipline of mountain bike racing. The 4.2-kilometre laps will have an elevation of 170 metres. 
In terms of the Series Points Log, the top three positions in the Pro-Elite Men’s race are closely contested with James Reid leading the way on 525 points, Alan Hatherly second (475) and Philip Buys third with 450 points. Marc Fourie and Stuart Marais hold fourth and fifth place on the log with 331 and 325 points respectively. Reid has two victories and a fifth place so far this season, while Hatherly has two second places and a fourth place and Buys has consistently finished third in three races. After Buys’ solid performance at the Pietermaritzburg MTB Festival (which is excluded from this series), he will be looking to scoop his first victory of the season, but not without a tough challenge from a host of other Pro-Elite Men who are capable of standing atop the podium. James Reid (Team Spur) currently leads the hotly-contested Pro-Elite Men Series Log after the first three events in the STIHL 2016 SA XCO Cup Series as we head into round four in the Eastern Cape at Settler’s Park in Port Elizabeth on Saturday 14 May.Photo credit: Hendrik Steytler The Pro-Elite Women’s race log is equally exciting, with Cherie Redecker holding the lead on 495 points, followed by Frances du Toit (440), Candice Neethling and Genevieve van Coller (both 380) and Hayley Smith fifth with 355 points. Redecker has one victory to her name this season, at the third round at Wolwespruit, and finished second to Swiss rider Esther Suss in Helderberg and fifth at Mankele. Du Toit place second to Annie Last (GBR) at Mankele earlier in the season, and has also finished with two fourth places in the previous two events. Mariske Strauss is currently in 6th place on the log, made up of only two races entered where she finished second and third. Strauss will be looking to bring her A-game to Port Elizabeth as she did at the Pietermaritzburg MTB Festival. Cherie Redecker (Novus OMX Pro Team) leads the Pro-Elite Women’s Log after the first three events in the STIHL 2016 SA XCO Cup Series and will look to retain her lead at round four in the Eastern Cape at Settler’s Park in Port Elizabeth on Saturday 14 May.Photo credit: Darren Goddard Pieter du Toit leads the Junior Men’s race with two second places and a sixth place, leading the race with 460 points after the first three events. He is closely followed by Jarrod van den Heever (446) and Henry Liebenberg (435) with Andrew Sparks in fourth place on the log (390) and Matthew Keyser fifth (385). Van den Heever scored top points in the second race at Helderberg, while Liebenberg won the third round race at Wolwespruit. Currently out of the top five was the winner at Mankele, Reinhard Zullhuber, who will no doubt be looking to topple the top-five points ladder from his current seventh place on the log. 
In the Junior Women’s local points race, Kristen Louw leads the way after three events with 520 points, followed by Chriestie-Leigh Hearder (490) with Nicolene Marais third (410), then Danielle Strydom fourth (400) and Saffron Vosloo fifth (395). Louw has one victory to her name and a second and third place, whereas Strydom (currently fourth) has two wins to her name out of two events entered. 
Online pre-entries for the fourth round of the Stihl 2016 SA XCO Cup Series in Port Elizabeth are open, and close at midnight tonight. Click here to enter: https://entries.cyclingsa.com/events/5861-sa-cup-series-xco-4 . Late entries will be accepted at registration, with a nominal charge of R50 in addition to the entry fee. 
For event information, please visit http://www.cyclingsa.com/2016-sa-mtb-cup-series/ , or contact Dellah Paul on 082 781 5656 for administration info. 
</topic_text>
<spam_score>0.00</spam_score>
<post_num>1</post_num>
<post_id>post-1</post_id>
<post_url>http://fullsus.co.za/stihl-series-competition-heats-up-ahead-of-penultimate-xco-cup/</post_url>
<post_date>20160512</post_date>
<post_time></post_time>
<username></username>
<post>
Stihl Series competition heats up ahead of penultimate XCO Cup 5 hours ago 10 May 2016 – Top-notch racing is expected from South Africa’s biggest cross-country racing stars as we go into the penultimate round of the STIHL 2016 SA XCO Cup Series, which shifts across to the Eastern Cape at Settler’s Park in Port Elizabeth on Saturday 14 May. 
The Pro-elite race carries a UCI Category 1 rating, which offers some good points for our top finishers towards their World and Olympic rankings. The Junior riders have the opportunity to compete in the third and final event on South African soil that counts towards the UCI Junior World Series, and guns will surely be blazing after the second event in South Africa saw the elements challenge the Junior riders in every possible way on a muddy track in Pietermaritzburg. 
Competing on a slightly revamped course compared to last year’s hit route, riders are guaranteed to be challenged in this gruelling discipline of mountain bike racing. The 4.2-kilometre laps will have an elevation of 170 metres. 
In terms of the Series Points Log, the top three positions in the Pro-Elite Men’s race are closely contested with James Reid leading the way on 525 points, Alan Hatherly second (475) and Philip Buys third with 450 points. Marc Fourie and Stuart Marais hold fourth and fifth place on the log with 331 and 325 points respectively. Reid has two victories and a fifth place so far this season, while Hatherly has two second places and a fourth place and Buys has consistently finished third in three races. After Buys’ solid performance at the Pietermaritzburg MTB Festival (which is excluded from this series), he will be looking to scoop his first victory of the season, but not without a tough challenge from a host of other Pro-Elite Men who are capable of standing atop the podium. James Reid (Team Spur) currently leads the hotly-contested Pro-Elite Men Series Log after the first three events in the STIHL 2016 SA XCO Cup Series as we head into round four in the Eastern Cape at Settler’s Park in Port Elizabeth on Saturday 14 May.Photo credit: Hendrik Steytler The Pro-Elite Women’s race log is equally exciting, with Cherie Redecker holding the lead on 495 points, followed by Frances du Toit (440), Candice Neethling and Genevieve van Coller (both 380) and Hayley Smith fifth with 355 points. Redecker has one victory to her name this season, at the third round at Wolwespruit, and finished second to Swiss rider Esther Suss in Helderberg and fifth at Mankele. Du Toit place second to Annie Last (GBR) at Mankele earlier in the season, and has also finished with two fourth places in the previous two events. Mariske Strauss is currently in 6th place on the log, made up of only two races entered where she finished second and third. Strauss will be looking to bring her A-game to Port Elizabeth as she did at the Pietermaritzburg MTB Festival. Cherie Redecker (Novus OMX Pro Team) leads the Pro-Elite Women’s Log after the first three events in the STIHL 2016 SA XCO Cup Series and will look to retain her lead at round four in the Eastern Cape at Settler’s Park in Port Elizabeth on Saturday 14 May.Photo credit: Darren Goddard Pieter du Toit leads the Junior Men’s race with two second places and a sixth place, leading the race with 460 points after the first three events. He is closely followed by Jarrod van den Heever (446) and Henry Liebenberg (435) with Andrew Sparks in fourth place on the log (390) and Matthew Keyser fifth (385). Van den Heever scored top points in the second race at Helderberg, while Liebenberg won the third round race at Wolwespruit. Currently out of the top five was the winner at Mankele, Reinhard Zullhuber, who will no doubt be looking to topple the top-five points ladder from his current seventh place on the log. 
In the Junior Women’s local points race, Kristen Louw leads the way after three events with 520 points, followed by Chriestie-Leigh Hearder (490) with Nicolene Marais third (410), then Danielle Strydom fourth (400) and Saffron Vosloo fifth (395). Louw has one victory to her name and a second and third place, whereas Strydom (currently fourth) has two wins to her name out of two events entered. 
Online pre-entries for the fourth round of the Stihl 2016 SA XCO Cup Series in Port Elizabeth are open, and close at midnight tonight. Click here to enter: https://entries.cyclingsa.com/events/5861-sa-cup-series-xco-4 . Late entries will be accepted at registration, with a nominal charge of R50 in addition to the entry fee. 
For event information, please visit http://www.cyclingsa.com/2016-sa-mtb-cup-series/ , or contact Dellah Paul on 082 781 5656 for administration info. 
</post>
<signature>

</signature>
<external_links>

</external_links>
<country>ZA</country>
<main_image>http://fullsus.co.za/wp-content/uploads/2016/05/sthl.jpg</main_image>
</document>
