<?xml version="1.0" encoding="UTF-8"?>
<document>
<type>mainstream</type>
<forum>http://www.europapress.es/deportes/olimpiadas-00169/</forum>
<forum_title>Juegos Olímpicos de Río de Janeiro 2016 | Deportes </forum_title>
<discussion_title>Jesús Cano: La consejera Martínez-Cachá ha conseguido un seguro agrario &quot;a la carta&quot; para los agricultores murcianos</discussion_title>
<language>spanish</language>
<gmt_offset></gmt_offset>
<topic_url>http://www.europapress.es/murcia/noticia-jesus-cano-consejera-martinez-cacha-conseguido-seguro-agrario-carta-agricultores-murcianos-20160512182804.html</topic_url>
<topic_text>
El diputado del PP en la Asamblea Regional y responsable en materia de Agua, Jesús Cano, ha calificado como histórico y muy importante para el sector agroalimentario regional el acuerdo alcanzado entre la consejería de Agricultura, Agua y Medio Ambiente, el ministerio de Agricultura, Alimentación y Medio Ambiente y AGROSEGURO para la cobertura de helada de la fruta extratemprana, es &quot;un acuerdo mucho más ambicioso de lo que se esperaba fruto de un gran trabajo que se ha llevado a cabo de forma conjunta&quot;. La consejería de Agricultura ha conseguido que se modifiquen los seguros agrarios &quot;a la carta&quot; y adaptados a las necesidades de los agricultores murcianos, ha afirmado el diputado autonómico del PP, para quien supone &quot;seguridad y tranquilidad&quot; para el sector &quot;al permitir asegurar la producción real de nuestras cosechas y por heladas a las variedades extratempranas&quot;.
 Para Jésus Cano &quot;el trabajo del PP da buenos resultados, y este logro es un buen ejemplo&quot;. Y ha destacado el esfuerzo y la intensidad de las negociaciones para alcanzarlo, &quot;intensas y tensas pero que han culminado en un gran acuerdo que responde a los intereses de sector agroalimentario&quot;.
</topic_text>
<spam_score>0.00</spam_score>
<post_num>1</post_num>
<post_id>post-1</post_id>
<post_url>http://www.europapress.es/murcia/noticia-jesus-cano-consejera-martinez-cacha-conseguido-seguro-agrario-carta-agricultores-murcianos-20160512182804.html</post_url>
<post_date>20160512</post_date>
<post_time>1828</post_time>
<username>EUROPA PRESS</username>
<post>
El diputado del PP en la Asamblea Regional y responsable en materia de Agua, Jesús Cano, ha calificado como histórico y muy importante para el sector agroalimentario regional el acuerdo alcanzado entre la consejería de Agricultura, Agua y Medio Ambiente, el ministerio de Agricultura, Alimentación y Medio Ambiente y AGROSEGURO para la cobertura de helada de la fruta extratemprana, es &quot;un acuerdo mucho más ambicioso de lo que se esperaba fruto de un gran trabajo que se ha llevado a cabo de forma conjunta&quot;. La consejería de Agricultura ha conseguido que se modifiquen los seguros agrarios &quot;a la carta&quot; y adaptados a las necesidades de los agricultores murcianos, ha afirmado el diputado autonómico del PP, para quien supone &quot;seguridad y tranquilidad&quot; para el sector &quot;al permitir asegurar la producción real de nuestras cosechas y por heladas a las variedades extratempranas&quot;.
 Para Jésus Cano &quot;el trabajo del PP da buenos resultados, y este logro es un buen ejemplo&quot;. Y ha destacado el esfuerzo y la intensidad de las negociaciones para alcanzarlo, &quot;intensas y tensas pero que han culminado en un gran acuerdo que responde a los intereses de sector agroalimentario&quot;.
</post>
<signature>

</signature>
<external_links>

</external_links>
<country>ES</country>
<main_image>http://img2.europapress.net/fotoweb/fotonoticia_20160512182804_800.jpg</main_image>
</document>
