<?xml version="1.0" encoding="UTF-8"?>
<document>
<type>mainstream</type>
<forum></forum>
<forum_title></forum_title>
<discussion_title>Le Visioni del 29esimo Salone del Libro di Torino - Vogue.it</discussion_title>
<language>italian</language>
<gmt_offset></gmt_offset>
<topic_url>http://www.vogue.it/news/vogue-arte/2016/05/12/saviano-gomorra-29esimo-salone-del-libro-torino/</topic_url>
<topic_text>
News / Vogue arts / Le Visioni del 29esimo Salone del Libro di Torino May 12, 2016 4:08 PM by Laura Frigerio 
Si accendono i riflettori sulla 29a edizione del Salone Internazionale del Libro di Torino , uno degli appuntamenti più attesi da coloro che amano perdersi tra le pagine scritte. L’appuntamento è al Lingotto Fiere , da giovedì 12 a lunedì 16 maggio , con un programma piuttosto ricco e variegato. Presentazioni, dibattiti, eventi speciali e ospiti prestigiosi: questi gli ingredienti principali del Salone, che quest’anno si muove intorno al tema delle Visioni. Largo quindi a chi ha saputo guardare lontano, realizzare dei progetti forti e affrontare sfide che sembravano impossibili. Da qui la scelta di testimonial come il fisico Roberto Cingolani (direttore dell’Istituto italiano di Tecnologia), gli imprenditori Marino Golinelli e Brunello Cucinelli , l’architetto Stefano Boeri o l’astronauta Samantha Cristoforetti (che presenterà un libro per ragazzi). E ancora: il critico d’arte Philippe Daverio , protagonista di una lection magistralis sul tema “Visionari e televisionari” e gli attori Anna Bonaiuto , Fabrizio Gifuni e Isabella Ragonese che terranno dei reading. 
Sul fronte editori si contano ben 1.000 presenze, tra grandi gruppi, realtà indipendenti e start up, provenienti da tutto il mondo e sparsi tra stand e spazi collettivi. Qui sarà possibile incontrare gli autori, capire come nasce un’ispirazione e scoprire quello che c’è dietro il romanzo che magari abbiamo divorato in una manciata di giorni. Tra i più attesi ci sono l’americano Michael Cunningham (che ha riscritto in chiave noir le fiane più famose), la giapponese Marie Kondo (diventata un caso con “Il magico potere del riordino”), Shirin Ebadi (la prima donna musulmana a ricevere il Premio Nobel per la pace, autrice di “Finché non saremo liberi”), Antoine Leiris (uomo che nella strage del Bataclan ha perso la moglie e che ha raccontato il suo dolore in “Non avrete il mio odio”) e Marilynne Robinson (che riceverà il Premio Mondello Internazionale della mani di Michela Murgia). 
Anche la letteratura è ben rappresentata da scrittori come Walter Veltroni , Chiara Gamberale , Claudio Magris , Erri De Luca , Dacia Maraini , Andrea Vitali , Beppe Severgnini , Donato Carrisi , Simonetta Agnello Hornby o Roberto Saviano (che festeggerà i dieci anni di “Gomorra”). Insieme a loro artisti che stanno avendo un certo successo anche in veste di scrittori, come l’attore Marco Bocci (“A Tor Bella Monaca non piove mai”), il duo musicale Benji e Fede (“Vietato smettere di sognare”) e la cantante Silvia Tancredi (“La voce e il talent show”). A proposito di arte, segnaliamo che dalle 18 in poi il Salone cambierà (in parte) pelle dando spazio al teatro, al cinema e alla musica: attesi, tra gli altri, Luciano Ligabue , Francesco Guccini , Roberto Vecchioni , Francesco De Gregori , Antonello Venditti , Margherita Buy e Mara Maionchi . Insomma, a quanto pare non ci sarà modo di annoiarsi. More 
</topic_text>
<spam_score>0.00</spam_score>
<post_num>1</post_num>
<post_id>post-1</post_id>
<post_url>http://www.vogue.it/news/vogue-arte/2016/05/12/saviano-gomorra-29esimo-salone-del-libro-torino/</post_url>
<post_date>20160512</post_date>
<post_time></post_time>
<username>Lucia D Angelo</username>
<post>
News / Vogue arts / Le Visioni del 29esimo Salone del Libro di Torino May 12, 2016 4:08 PM by Laura Frigerio 
Si accendono i riflettori sulla 29a edizione del Salone Internazionale del Libro di Torino , uno degli appuntamenti più attesi da coloro che amano perdersi tra le pagine scritte. L’appuntamento è al Lingotto Fiere , da giovedì 12 a lunedì 16 maggio , con un programma piuttosto ricco e variegato. Presentazioni, dibattiti, eventi speciali e ospiti prestigiosi: questi gli ingredienti principali del Salone, che quest’anno si muove intorno al tema delle Visioni. Largo quindi a chi ha saputo guardare lontano, realizzare dei progetti forti e affrontare sfide che sembravano impossibili. Da qui la scelta di testimonial come il fisico Roberto Cingolani (direttore dell’Istituto italiano di Tecnologia), gli imprenditori Marino Golinelli e Brunello Cucinelli , l’architetto Stefano Boeri o l’astronauta Samantha Cristoforetti (che presenterà un libro per ragazzi). E ancora: il critico d’arte Philippe Daverio , protagonista di una lection magistralis sul tema “Visionari e televisionari” e gli attori Anna Bonaiuto , Fabrizio Gifuni e Isabella Ragonese che terranno dei reading. 
Sul fronte editori si contano ben 1.000 presenze, tra grandi gruppi, realtà indipendenti e start up, provenienti da tutto il mondo e sparsi tra stand e spazi collettivi. Qui sarà possibile incontrare gli autori, capire come nasce un’ispirazione e scoprire quello che c’è dietro il romanzo che magari abbiamo divorato in una manciata di giorni. Tra i più attesi ci sono l’americano Michael Cunningham (che ha riscritto in chiave noir le fiane più famose), la giapponese Marie Kondo (diventata un caso con “Il magico potere del riordino”), Shirin Ebadi (la prima donna musulmana a ricevere il Premio Nobel per la pace, autrice di “Finché non saremo liberi”), Antoine Leiris (uomo che nella strage del Bataclan ha perso la moglie e che ha raccontato il suo dolore in “Non avrete il mio odio”) e Marilynne Robinson (che riceverà il Premio Mondello Internazionale della mani di Michela Murgia). 
Anche la letteratura è ben rappresentata da scrittori come Walter Veltroni , Chiara Gamberale , Claudio Magris , Erri De Luca , Dacia Maraini , Andrea Vitali , Beppe Severgnini , Donato Carrisi , Simonetta Agnello Hornby o Roberto Saviano (che festeggerà i dieci anni di “Gomorra”). Insieme a loro artisti che stanno avendo un certo successo anche in veste di scrittori, come l’attore Marco Bocci (“A Tor Bella Monaca non piove mai”), il duo musicale Benji e Fede (“Vietato smettere di sognare”) e la cantante Silvia Tancredi (“La voce e il talent show”). A proposito di arte, segnaliamo che dalle 18 in poi il Salone cambierà (in parte) pelle dando spazio al teatro, al cinema e alla musica: attesi, tra gli altri, Luciano Ligabue , Francesco Guccini , Roberto Vecchioni , Francesco De Gregori , Antonello Venditti , Margherita Buy e Mara Maionchi . Insomma, a quanto pare non ci sarà modo di annoiarsi. More 
</post>
<signature>

</signature>
<external_links>

</external_links>
<country>IE</country>
<main_image>http://images.vogue.it/wp-content/uploads/2016/05/12021401/roberto-saviano-landscape.jpg</main_image>
</document>
