<?xml version="1.0" encoding="UTF-8"?>
<document>
<type>mainstream</type>
<forum>http://rssfeeds.wwltv.com/_/20/110287436/wwl/local</forum>
<forum_title>WWL - Local</forum_title>
<discussion_title>Skateboarder killed in hit-and-run</discussion_title>
<language>english</language>
<gmt_offset></gmt_offset>
<topic_url>http://www.wwltv.com/news/local/northshore/skateboarder-killed-in-hammond-hit-and-run/186847223</topic_url>
<topic_text>
Skateboarder killed in Hammond hit-and-run WWLTV.com , WWL 8:39 AM. CDT May 12, 2016 Generic police lights CONNECT TWEET LINKEDIN GOOGLE+ PINTEREST 
HAMMOND - An Independence man skateboarding on a road near the Southeastern University campus was killed after he was hit by two vehicles, both of which fled the scene. 
According to State Police, Erin Gerhard, 26, was riding his skateboard on University Avenue, just west of North Morrison Boulevard, when he was hit by an unknown vehicle. 
After being hit, Gerhard was thrown into the westbound lane, where he was hit by a second vehicle. Both vehicles fled the scene after the crash, according to State Police. 
Gerhard was severely injured in the crash and was pronounced deceased on the scene by the Tangipahoa Parish Coroner’s Office. 
Troopers are looking for a truck and a dark colored sedan. 
Anyone with any information pertaining to the crash is encouraged to contact the Louisiana State Police Troop L at 985-893-6250.
</topic_text>
<spam_score>0.00</spam_score>
<post_num>1</post_num>
<post_id>post-1</post_id>
<post_url>http://www.wwltv.com/news/local/northshore/skateboarder-killed-in-hammond-hit-and-run/186847223</post_url>
<post_date>20160512</post_date>
<post_time>1339</post_time>
<username></username>
<post>
Skateboarder killed in Hammond hit-and-run WWLTV.com , WWL 8:39 AM. CDT May 12, 2016 Generic police lights CONNECT TWEET LINKEDIN GOOGLE+ PINTEREST 
HAMMOND - An Independence man skateboarding on a road near the Southeastern University campus was killed after he was hit by two vehicles, both of which fled the scene. 
According to State Police, Erin Gerhard, 26, was riding his skateboard on University Avenue, just west of North Morrison Boulevard, when he was hit by an unknown vehicle. 
After being hit, Gerhard was thrown into the westbound lane, where he was hit by a second vehicle. Both vehicles fled the scene after the crash, according to State Police. 
Gerhard was severely injured in the crash and was pronounced deceased on the scene by the Tangipahoa Parish Coroner’s Office. 
Troopers are looking for a truck and a dark colored sedan. 
Anyone with any information pertaining to the crash is encouraged to contact the Louisiana State Police Troop L at 985-893-6250.
</post>
<signature>

</signature>
<external_links>

</external_links>
<country>US</country>
<main_image>http://content.wwltv.com/photo/2016/05/01/Police%20Lights_1462116914894_2046567_ver1.0_640_360.jpg</main_image>
</document>
