<?xml version="1.0" encoding="UTF-8"?>
<document>
<type>mainstream</type>
<forum>http://feeds.guardian.co.uk/theguardian/world/rss</forum>
<forum_title>World news | The Guardian</forum_title>
<discussion_title>Unprecedented &apos;red tide&apos; crisis deepens in Chile&apos;s fishing-rich waters | World news</discussion_title>
<language>english</language>
<gmt_offset></gmt_offset>
<topic_url>https://www.theguardian.com/world/2016/may/11/red-tide-crisis-deepens-in-chile-fishing-waters</topic_url>
<topic_text>
A “red tide” outbreak is widening in southern Chile’s fishing-rich waters, the government has said, deepening what is already believed to be one of the country’s worst environmental crises in recent years.
The red tide – an algal bloom that turns the seawater red and makes seafood toxic – is a common, naturally recurring phenomenon in southern Chile, but the extent of the current outbreak is unprecedented.
Related: &apos;A silent catastrophe&apos;: Chilean fishermen protest failure to mitigate toxic &apos;red tide&apos; 
The southern region of Los Lagos has been affected in recent weeks by the largest red tide in its history, prompting fishermen deprived of their livelihoods to angrily demand more support from the government.
Now there are signs that Los Ríos, the neighbouring region to the north, has also been affected, local officials warn.
“The red tide zone is going to grow, it is a changing phenomenon,” Raúl Sunico, the deputy minister for fishing and aquaculture, told local radio station Cooperativa.
“Highly toxic samples have been taken in the region of Los Ríos, which obliges us … to close areas of the region to resource extraction.”

Facebook Twitter Pinterest A fisherman inspects shellfish where the government has declared an emergency zone as it deals with the toxic red tide. Photograph: Esteban Felix/AP 
The red tide has caused tons of dead shellfish to wash up on southern beaches and paralysed the fishing industry, which is the mainstay of many coastal settlements. Fishing accounts for about 0.5% of the country’s gross domestic product.
Fishermen have blocked access to the island of Chiloé in protest over what they consider to be inadequate government compensation for their losses, leaving locals and tourists alike stranded.
The government initially offered 100,000 Chilean pesos ($147) to each family affected crisis, but increased it to 300,000 pesos after complaints.
Scientists say this year’s El Niño weather pattern is probably a key factor in the red tide, as it warms the ocean and creates bloom-friendly conditions.

Facebook Twitter Pinterest Hundreds of students and relatives of fishermen participate in a protest to support those affected by the toxic red tide. Photograph: Sebastián Silva/EPA 
Some fishermen are blaming the local salmon industry, the world’s second largest, for exacerbating the problem, citing the dumping of dead fish in March by salmon farmers after a bloom killed off much of their stock.
The government estimates some 100,000 tons of salmon were lost, leading to a jump in global prices for the fish.
The disruption of sea life along Chile’s coast, in turn, has caused birds such as albatrosses and petrels to leave for other areas with better food sources. The bloom was also a factor in the mass beaching of whales and sea lions, authorities say.
Sardine fishermen in the Bío Bío region have reported an abundance of octopuses but scarce numbers of sardines. Elsewhere, enormous jack mackerel have been seen while the usual hake have almost disappeared.
</topic_text>
<spam_score>0.00</spam_score>
<post_num>26</post_num>
<post_id>post-26</post_id>
<post_url>https://www.theguardian.com/world/2016/may/11/red-tide-crisis-deepens-in-chile-fishing-waters</post_url>
<post_date>20160512</post_date>
<post_time>0016</post_time>
<username>Don9000</username>
<post>
I found this on http://grammarist.com/usage/octopi-octopuses / :
Octopi vs. octopuses 
Octopi, the supposed plural of octopus, is a favorite among fans of quirky words, but it has no etymological basis. The form was created by English speakers out of a mistaken belief that octopus is Latin and hence pluralized with an -i ending. But octopus comes from ancient Greek, where its plural is octopodes, and though it came to English via scientific Latin—one of the late varieties of Latin that kept the language alive long after it had died out as a first language—it was never a native Latin word and didn’t exist in that language until scientists borrowed it from Greek in the 18th century (and if it were a Latin word, it would take a different form and would not be pluralized with the -i ending). 
All of that is beside the point, though, as octopus has been in English for centuries and is now an English word when English speakers use it, so there is no reason not to pluralize it in the English manner. Granted, some Latin and Greek plurals survive in English by convention, but octopi/octopodes is not one of them. Octopuses is far more common than octopi in edited writing of all kinds, including scientific writing. 
Still, while the use of octopi can’t be justified on an etymological basis, it is not wrong. It is old enough and common enough to be considered an accepted variant.
</post>
<signature>

</signature>
<external_links>

</external_links>
<country>GB</country>
<main_image>https://i.guim.co.uk/img/media/c7b1e6b1fa8b37a58652579fc79a228aa9c724e6/0_74_3500_2100/3500.jpg?w=1200&amp;amp;q=55&amp;amp;auto=format&amp;amp;usm=12&amp;amp;fit=max&amp;amp;s=b5c706b4885dc84c4f0eae5ad22490b2</main_image>
</document>
