<?xml version="1.0" encoding="UTF-8"?>
<document>
<type>mainstream</type>
<forum>http://rian.com.ua/export/rss2/index.xml</forum>
<forum_title>РИА Новости Украина Украина</forum_title>
<discussion_title>Глава одесской полиции: у меня нет двойного гражданства</discussion_title>
<language>russian</language>
<gmt_offset></gmt_offset>
<topic_url>http://rian.com.ua/politics/20160512/1009866556.html</topic_url>
<topic_text>
Спецкор: депутатам вместо иностранцев в Кабмине предложили &quot;винницких&quot; 
Ранее губернатор Одесской области Михаил Саакашвили раскритиковал закон о госслужбе, из-за которого ушли его заместители Мария Гайдар и Саша Боровик. По мнению Саакашвили, положение о двойном гражданстве закона о государственной службе, который вступил в силу 1 мая 2016 года, является недостаточно продуманным, &quot;так как может лишить украинскую госслужбу очень многих кадров, которые в силу разных обстоятельств имеют двойное гражданство&quot;. 
&quot;Поскольку в ряде СМИ появилось очень много информации о двойных гражданствах госслужащих Одесского региона и что я якобы ими тоже обладаю, хочу пояснить. Когда я получил украинское гражданство и заступил на службу в лице начальника ГУНП в Одесской области, я уже не являлся гражданином Грузии. Поэтому никакого другого гражданства, кроме украинского, у меня нет&quot;, — написал Лорткипанидзе на своей странице в Facebook . 
В Украине 1 мая вступил в силу новый закон о государственной службе, который запрещает занимать государственные должности гражданам с каким-либо иным гражданством, кроме украинского.
</topic_text>
<spam_score>0.00</spam_score>
<post_num>1</post_num>
<post_id>post-1</post_id>
<post_url>http://rian.com.ua/politics/20160512/1009866556.html</post_url>
<post_date>20160512</post_date>
<post_time>1617</post_time>
<username></username>
<post>
Спецкор: депутатам вместо иностранцев в Кабмине предложили &quot;винницких&quot; 
Ранее губернатор Одесской области Михаил Саакашвили раскритиковал закон о госслужбе, из-за которого ушли его заместители Мария Гайдар и Саша Боровик. По мнению Саакашвили, положение о двойном гражданстве закона о государственной службе, который вступил в силу 1 мая 2016 года, является недостаточно продуманным, &quot;так как может лишить украинскую госслужбу очень многих кадров, которые в силу разных обстоятельств имеют двойное гражданство&quot;. 
&quot;Поскольку в ряде СМИ появилось очень много информации о двойных гражданствах госслужащих Одесского региона и что я якобы ими тоже обладаю, хочу пояснить. Когда я получил украинское гражданство и заступил на службу в лице начальника ГУНП в Одесской области, я уже не являлся гражданином Грузии. Поэтому никакого другого гражданства, кроме украинского, у меня нет&quot;, — написал Лорткипанидзе на своей странице в Facebook . 
В Украине 1 мая вступил в силу новый закон о государственной службе, который запрещает занимать государственные должности гражданам с каким-либо иным гражданством, кроме украинского.
</post>
<signature>

</signature>
<external_links>

</external_links>
<country>UA</country>
<main_image>http://rian.com.ua/images/100986/61/1009866157.jpg</main_image>
</document>
