<?xml version="1.0" encoding="UTF-8"?>
<document>
<type>mainstream</type>
<forum></forum>
<forum_title></forum_title>
<discussion_title>Diadora batte il Guinness dei Primati - Vogue.it</discussion_title>
<language>italian</language>
<gmt_offset></gmt_offset>
<topic_url>http://www.vogue.it/l-uomo-vogue/news/2016/05/10/diadora-batte-guinness-dei-primati/</topic_url>
<topic_text>
L&apos;Uomo Vogue / News / Diadora batte il Guinness dei Primati May 10, 2016 9:30 AM by Redazione 
In occasione delle celebrazioni per il ritorno sul mercato (con produzione Made in Italy) dell’iconico scarpino Brasil, Diadora ha stabilito il nuovo Guinness World Records di palleggio simultaneo (in un tempo di 10 secondi) con 1406 tra ragazzi e allenatori riuniti all’interno del piazzale della sede Diadora di Caerano di San Marco. 
La scommessa del brand trevigiano è stata vinta alle ore 18.50 del 7 maggio 2016, battendo così il precedente Record stabilito in Cina nel 2011 da 1377 persone. More 
</topic_text>
<spam_score>0.00</spam_score>
<post_num>1</post_num>
<post_id>post-1</post_id>
<post_url>http://www.vogue.it/l-uomo-vogue/news/2016/05/10/diadora-batte-guinness-dei-primati/</post_url>
<post_date>20160510</post_date>
<post_time></post_time>
<username>Massimiliano Sortino</username>
<post>
L&apos;Uomo Vogue / News / Diadora batte il Guinness dei Primati May 10, 2016 9:30 AM by Redazione 
In occasione delle celebrazioni per il ritorno sul mercato (con produzione Made in Italy) dell’iconico scarpino Brasil, Diadora ha stabilito il nuovo Guinness World Records di palleggio simultaneo (in un tempo di 10 secondi) con 1406 tra ragazzi e allenatori riuniti all’interno del piazzale della sede Diadora di Caerano di San Marco. 
La scommessa del brand trevigiano è stata vinta alle ore 18.50 del 7 maggio 2016, battendo così il precedente Record stabilito in Cina nel 2011 da 1377 persone. More 
</post>
<signature>

</signature>
<external_links>

</external_links>
<country>IE</country>
<main_image>http://images.vogue.it/wp-content/uploads/2016/05/10112904/1K7A7496-2.jpg</main_image>
</document>
