<?xml version="1.0" encoding="UTF-8"?>
<document>
<type>mainstream</type>
<forum>http://www.sursadestiri.net/cat/rss/divertisment.html</forum>
<forum_title>SursaDeStiri.net - Divertisment</forum_title>
<discussion_title>Ediţia 69 a Festivalului de la Cannes s-a deschis cu un sărut</discussion_title>
<language>romanian</language>
<gmt_offset></gmt_offset>
<topic_url>http://www.sursadestiri.net/editia-69-a-festivalului-de-la-cannes-s-a-deschis-cu-un-sarut-s3855070359.html</topic_url>
<topic_text>
Actualizat acum 1 minut Sursa De Stiri » Divertisment » Divertisment, 12.05.2016 » Ediţia 69 a Festivalului de la Cannes s-a deschis cu un sărut Ediţia 69 a Festivalului de la Cannes s-a deschis cu un sărut 12 Mai 2016 Actorul Laurent Lafitte, maestrul de ceremonii al celei de-a 69-a ediţii a Festivalului de Film de la Cannes, a inaugurat evenimentul, miercuri seară, 11 mai, cu un discurs marcat de umor,... continuare
</topic_text>
<spam_score>0.00</spam_score>
<post_num>1</post_num>
<post_id>post-1</post_id>
<post_url>http://www.sursadestiri.net/editia-69-a-festivalului-de-la-cannes-s-a-deschis-cu-un-sarut-s3855070359.html</post_url>
<post_date>20160511</post_date>
<post_time>2100</post_time>
<username></username>
<post>
Actualizat acum 1 minut Sursa De Stiri » Divertisment » Divertisment, 12.05.2016 » Ediţia 69 a Festivalului de la Cannes s-a deschis cu un sărut Ediţia 69 a Festivalului de la Cannes s-a deschis cu un sărut 12 Mai 2016 Actorul Laurent Lafitte, maestrul de ceremonii al celei de-a 69-a ediţii a Festivalului de Film de la Cannes, a inaugurat evenimentul, miercuri seară, 11 mai, cu un discurs marcat de umor,... continuare
</post>
<signature>

</signature>
<external_links>

</external_links>
<country>DE</country>
<main_image></main_image>
</document>
