<?xml version="1.0" encoding="UTF-8"?>
<document>
<type>mainstream</type>
<forum></forum>
<forum_title></forum_title>
<discussion_title>Zijn sjoemel-VWs vuiler dan andere diesels? - AMT</discussion_title>
<language>dutch</language>
<gmt_offset></gmt_offset>
<topic_url>http://www.amt.nl/techniek/nieuws/2016/5/equa-index-de-opmaat-naar-de-rde-10149524</topic_url>
<topic_text>
Techniek 
Met dank aan het VW-sjoemelsoftware-schandaal wordt nu eindelijk vaart gemaakt met een nieuwe typegoedkeuringscyclus. Dat is de hoogste tijd, want de emissiewaarden die uit de NEDC-test rollen zeggen maar heel weinig over de werkelijke uitstoot. Hoe werken de nieuwe testprocedures? En scoren sjoemel-VWs er slechter op dan andere diesels? Foto: De uitlaat van het testvoertuig wordt lekvrij aangesloten op twee meetapparaten: een gasanalysemachine en een deeltjesteller. 
CO 2 en NO x zijn twee heel verschillende gassen. Toch worden deze begrippen vrolijk door elkaar gehaald en als een Zeer Kwalijke Zaak behandeld in de media. Hoe het ook zij, Dieselgate heeft er wel voor gezorgd dat er vaart wordt gemaakt met nieuwe testprocedures. Vanaf 2017 worden twee nieuwe testprocedures van kracht: de World Harmonised Light Duty Test Protocol (WLTP) en de Real Driving Emissions (RDE). De eerste procedure wordt gebruikt om de CO 2 -uitstoot te meten, de RDE wordt gebruikt om de NO x -uitstoot vast te stellen. Het Britse Emissions Analytics, een onafhankelijk onderzoeksinstituut, is al begonnen met het uitvoeren van de RDE-tests. Hoe wordt zo’n test uitgevoerd en wat zijn de eerste resultaten? Keer op keer exact dezelfde rit 
Emissions Analytics voert de RDE-tests buiten het laboratorium uit, in de real world zogezegd. Jaarlijks worden tussen de 200 en 400 auto’s getest. Daar gaan meteen twee belletjes rinkelen: houdt men rekening met de wisselende weersomstandigheden (temperatuur, luchtvochtigheid, windkracht) en hoe zorg je ervoor dat alle auto’s op exact dezelfde manier worden bereden? Om dit te ondervangen wordt elke testauto uitgerust met een mobiel weerstation dat de klimatologische omstandigheden tijdens de test meet. Op deze manier kan voor weersinvloed gecorrigeerd worden in de meetresultaten. Er wordt overigens niet getest onder extreme weersomstandigheden, zoals bij sneeuw, ijzel, regen en harde wind. Om ervoor te zorgen dat elke auto op (nagenoeg) dezelfde manier bereden wordt, maakt men gebruik van een klein team van testrijders. Dit team is er op getraind om de route keer op keer met dezelfde snelheid, hetzelfde schakelgedrag en op dezelfde manier te rijden. Geen gesjoemel meer 
De hele trukendoos die autofabrikanten hadden ontwikkeld om zo gunstig mogelijk door de NEDC te komen werkt niet in de RDE. De auto’s die de RDE ondergaan moeten in normale staat verkeren. Dus geen volledig ingedrukte remcups, afgekoppelde dynamo, te hoge bandenspanning of gedemonteerde buitenspiegels meer. De auto’s die getest worden hebben tussen de 1.500 en 8.000 kilometer gereden. Hiermee vergewist Emissions Analytics zich van een goed ingereden auto waarop de staat van onderhoud niet van invloed is. Tijdens de test wordt de maximale beladingsgraad die door de fabrikant wordt opgegeven, in acht genomen. Elke auto wordt tot halve belading beladen, hierbij wordt het gewicht van de brandstof in de tank en het gewicht van de bestuurder meegerekend. Met behulp van ballasten wordt de auto tot de streefwaarde op gewicht gebracht. Voorafgaand aan de test wordt de auto keurig warmgereden. Emissions Analytics maakt gebruik van standaard brandstoffen die aan de EN590 en EN228 voorschriften voor benzine en diesel voldoen. Alleen als RON98 verplicht is, wordt Superbenzine getankt. Als RON98 geadviseerd wordt, dan wordt RON95 getankt. Onboard analyse 
De uitlaat van het testvoertuig wordt lekvrij aangesloten op twee meetapparaten: een Sensors Inc. gasanalysemachine en een Pegasor Mi2 deeltjesteller. De gasanalyse geeft inzicht in de uitstoot van CO, CO 2 , C x H y , NO en NO x -verbindingen. De deeltjesteller registreert vaste deeltjes van 5 nanometer tot 2,5 micron. Niets ontgaat de testapparatuur. Alle meetdata, inclusief de data van het weerstation en GPS data, wordt verzameld in een computer. Met behulp van complexe rekenmodellen wordt de gemeten uitstoot gecorrigeerd met de weersinvloeden en kleine verschillen in rijstijl. Hieruit volgt een gecorrigeerd meetresultaat waarmee alle geteste auto’s vergeleken kunnen worden: de EQUA-index. De EQUA-index uitgelegd 
De EQUA-index is voornamelijk gebaseerd op de uitstoot van stikstofoxiden. Het testresultaat wordt aangegeven met de letters A tot en met H, waarbij A de hoogst haalbare score is. Omdat Emissions Analytics zowel benzine- als dieselvoertuigen op dezelfde manier test, worden de meetresultaten vergeleken met de Euro-uitstootnormen. Een dieselauto zal meer NO x uitstoten op het testparcours dan een benzineauto, maar de diesel kan evenzogoed een A-score halen omdat de uitstoot voldoet aan de Euro 6 norm voor diesels. 
In de onderstaande tabel staan de normwaarden voor de scores. Bij de B- en C-scores wordt gewerkt met een zogenaamde Conformiteitsfactor. Deze factor wordt gebruikt om meetverschillen tussen laboratoriumomstandigheden en de RDE op te vangen. Voor de B-score geldt dat de uitstoot van NOx in de RDE 1,5 maal hoger mag zijn, voor de C-score is dat 2,1 keer zo hoog. Een dieselauto die in de laboratoriumtest aan Euro 6 voldoet (maximaal 0,08 gram NO x per kilometer) mag vanaf 2017 op de weg maximaal 0,168 gram NO x uitstoten op de weg. Dat is de limiet van 0,08 gram keer de conformiteitsfactor 2,1. Per 2019 wordt de conformiteitsfactor jaarlijks aangescherpt. Score 
</topic_text>
<spam_score>0.00</spam_score>
<post_num>1</post_num>
<post_id>post-1</post_id>
<post_url>http://www.amt.nl/techniek/nieuws/2016/5/equa-index-de-opmaat-naar-de-rde-10149524</post_url>
<post_date>20160512</post_date>
<post_time></post_time>
<username></username>
<post>
Techniek 
Met dank aan het VW-sjoemelsoftware-schandaal wordt nu eindelijk vaart gemaakt met een nieuwe typegoedkeuringscyclus. Dat is de hoogste tijd, want de emissiewaarden die uit de NEDC-test rollen zeggen maar heel weinig over de werkelijke uitstoot. Hoe werken de nieuwe testprocedures? En scoren sjoemel-VWs er slechter op dan andere diesels? Foto: De uitlaat van het testvoertuig wordt lekvrij aangesloten op twee meetapparaten: een gasanalysemachine en een deeltjesteller. 
CO 2 en NO x zijn twee heel verschillende gassen. Toch worden deze begrippen vrolijk door elkaar gehaald en als een Zeer Kwalijke Zaak behandeld in de media. Hoe het ook zij, Dieselgate heeft er wel voor gezorgd dat er vaart wordt gemaakt met nieuwe testprocedures. Vanaf 2017 worden twee nieuwe testprocedures van kracht: de World Harmonised Light Duty Test Protocol (WLTP) en de Real Driving Emissions (RDE). De eerste procedure wordt gebruikt om de CO 2 -uitstoot te meten, de RDE wordt gebruikt om de NO x -uitstoot vast te stellen. Het Britse Emissions Analytics, een onafhankelijk onderzoeksinstituut, is al begonnen met het uitvoeren van de RDE-tests. Hoe wordt zo’n test uitgevoerd en wat zijn de eerste resultaten? Keer op keer exact dezelfde rit 
Emissions Analytics voert de RDE-tests buiten het laboratorium uit, in de real world zogezegd. Jaarlijks worden tussen de 200 en 400 auto’s getest. Daar gaan meteen twee belletjes rinkelen: houdt men rekening met de wisselende weersomstandigheden (temperatuur, luchtvochtigheid, windkracht) en hoe zorg je ervoor dat alle auto’s op exact dezelfde manier worden bereden? Om dit te ondervangen wordt elke testauto uitgerust met een mobiel weerstation dat de klimatologische omstandigheden tijdens de test meet. Op deze manier kan voor weersinvloed gecorrigeerd worden in de meetresultaten. Er wordt overigens niet getest onder extreme weersomstandigheden, zoals bij sneeuw, ijzel, regen en harde wind. Om ervoor te zorgen dat elke auto op (nagenoeg) dezelfde manier bereden wordt, maakt men gebruik van een klein team van testrijders. Dit team is er op getraind om de route keer op keer met dezelfde snelheid, hetzelfde schakelgedrag en op dezelfde manier te rijden. Geen gesjoemel meer 
De hele trukendoos die autofabrikanten hadden ontwikkeld om zo gunstig mogelijk door de NEDC te komen werkt niet in de RDE. De auto’s die de RDE ondergaan moeten in normale staat verkeren. Dus geen volledig ingedrukte remcups, afgekoppelde dynamo, te hoge bandenspanning of gedemonteerde buitenspiegels meer. De auto’s die getest worden hebben tussen de 1.500 en 8.000 kilometer gereden. Hiermee vergewist Emissions Analytics zich van een goed ingereden auto waarop de staat van onderhoud niet van invloed is. Tijdens de test wordt de maximale beladingsgraad die door de fabrikant wordt opgegeven, in acht genomen. Elke auto wordt tot halve belading beladen, hierbij wordt het gewicht van de brandstof in de tank en het gewicht van de bestuurder meegerekend. Met behulp van ballasten wordt de auto tot de streefwaarde op gewicht gebracht. Voorafgaand aan de test wordt de auto keurig warmgereden. Emissions Analytics maakt gebruik van standaard brandstoffen die aan de EN590 en EN228 voorschriften voor benzine en diesel voldoen. Alleen als RON98 verplicht is, wordt Superbenzine getankt. Als RON98 geadviseerd wordt, dan wordt RON95 getankt. Onboard analyse 
De uitlaat van het testvoertuig wordt lekvrij aangesloten op twee meetapparaten: een Sensors Inc. gasanalysemachine en een Pegasor Mi2 deeltjesteller. De gasanalyse geeft inzicht in de uitstoot van CO, CO 2 , C x H y , NO en NO x -verbindingen. De deeltjesteller registreert vaste deeltjes van 5 nanometer tot 2,5 micron. Niets ontgaat de testapparatuur. Alle meetdata, inclusief de data van het weerstation en GPS data, wordt verzameld in een computer. Met behulp van complexe rekenmodellen wordt de gemeten uitstoot gecorrigeerd met de weersinvloeden en kleine verschillen in rijstijl. Hieruit volgt een gecorrigeerd meetresultaat waarmee alle geteste auto’s vergeleken kunnen worden: de EQUA-index. De EQUA-index uitgelegd 
De EQUA-index is voornamelijk gebaseerd op de uitstoot van stikstofoxiden. Het testresultaat wordt aangegeven met de letters A tot en met H, waarbij A de hoogst haalbare score is. Omdat Emissions Analytics zowel benzine- als dieselvoertuigen op dezelfde manier test, worden de meetresultaten vergeleken met de Euro-uitstootnormen. Een dieselauto zal meer NO x uitstoten op het testparcours dan een benzineauto, maar de diesel kan evenzogoed een A-score halen omdat de uitstoot voldoet aan de Euro 6 norm voor diesels. 
In de onderstaande tabel staan de normwaarden voor de scores. Bij de B- en C-scores wordt gewerkt met een zogenaamde Conformiteitsfactor. Deze factor wordt gebruikt om meetverschillen tussen laboratoriumomstandigheden en de RDE op te vangen. Voor de B-score geldt dat de uitstoot van NOx in de RDE 1,5 maal hoger mag zijn, voor de C-score is dat 2,1 keer zo hoog. Een dieselauto die in de laboratoriumtest aan Euro 6 voldoet (maximaal 0,08 gram NO x per kilometer) mag vanaf 2017 op de weg maximaal 0,168 gram NO x uitstoten op de weg. Dat is de limiet van 0,08 gram keer de conformiteitsfactor 2,1. Per 2019 wordt de conformiteitsfactor jaarlijks aangescherpt. Score 
</post>
<signature>

</signature>
<external_links>

</external_links>
<country>NL</country>
<main_image></main_image>
</document>
