<?xml version="1.0" encoding="UTF-8"?>
<document>
<type>mainstream</type>
<forum>http://www.sanfernandosun.com//search/?q=&amp;t=article&amp;l=100&amp;d=&amp;d1=&amp;d2=&amp;s=start_time&amp;sd=desc&amp;nsa=eedition&amp;c[]=news,news/*&amp;f=rss</forum>
<forum_title>The San Fernando Valley Sun - news,news/</forum_title>
<discussion_title>Film Student Killed In Hit and Run, Reward Offered</discussion_title>
<language>english</language>
<gmt_offset></gmt_offset>
<topic_url>http://www.sanfernandosun.com/news/article_06156ab0-184c-11e6-9504-ffe1873684dd.html</topic_url>
<topic_text>
Film Student Killed In Hit and Run, Reward Offered 0 comments 
NORTH HOLLYWOOD (CNS) — Authorities have announced a $10,000 reward for help finding a hit-and-run driver responsible for the death of an Australian national struck by a vehicle as he walked on the northbound Hollywood (170) Freeway in North Hollywood. 
Rishi Chaubal-Menon, 18, was killed about 12:15 a.m. on Oct. 31 near Vineland Avenue, California Highway Patrol Officer Leland Tang said. 
Chaubal-Menon was a student at the New York Film Academy-LA Campus, which is offering the reward for information leading to the hit-and-run motorist. 
“The vehicle we are looking for will have damage to the left front side headlight, left front fender, and possibly damage to the left front windshield,” Tang said, but the make, model and color are unknown. 
“We don’t know why the young man was on the freeway,” he said. “We know it is a very busy freeway, and we hope someone saw something that will help us find the motorist and help bring closure to the family.” 
Anyone with information on the case was urged to call Tang at the CHP&apos;s West Valley Area office, (818) 888-0980, ext. 204. 
CHP Capt. Johnny Starling said investigators have exhausted all leads. 
“If you saw the collision, please, anything you think ... might be (of assistance) please bring that forward because it is important to help us solve this crime,” he said. 
Chaubal-Menon&apos;s roommate, Buffy Milner, told media that friends and relatives “just want to know what happened.” 
“He was the sweetest person,” she said. “He walked into the room and the whole room lit up.”
</topic_text>
<spam_score>0.00</spam_score>
<post_num>1</post_num>
<post_id>post-1</post_id>
<post_url>http://www.sanfernandosun.com/news/article_06156ab0-184c-11e6-9504-ffe1873684dd.html</post_url>
<post_date>20160512</post_date>
<post_time>1415</post_time>
<username></username>
<post>
Film Student Killed In Hit and Run, Reward Offered 0 comments 
NORTH HOLLYWOOD (CNS) — Authorities have announced a $10,000 reward for help finding a hit-and-run driver responsible for the death of an Australian national struck by a vehicle as he walked on the northbound Hollywood (170) Freeway in North Hollywood. 
Rishi Chaubal-Menon, 18, was killed about 12:15 a.m. on Oct. 31 near Vineland Avenue, California Highway Patrol Officer Leland Tang said. 
Chaubal-Menon was a student at the New York Film Academy-LA Campus, which is offering the reward for information leading to the hit-and-run motorist. 
“The vehicle we are looking for will have damage to the left front side headlight, left front fender, and possibly damage to the left front windshield,” Tang said, but the make, model and color are unknown. 
“We don’t know why the young man was on the freeway,” he said. “We know it is a very busy freeway, and we hope someone saw something that will help us find the motorist and help bring closure to the family.” 
Anyone with information on the case was urged to call Tang at the CHP&apos;s West Valley Area office, (818) 888-0980, ext. 204. 
CHP Capt. Johnny Starling said investigators have exhausted all leads. 
“If you saw the collision, please, anything you think ... might be (of assistance) please bring that forward because it is important to help us solve this crime,” he said. 
Chaubal-Menon&apos;s roommate, Buffy Milner, told media that friends and relatives “just want to know what happened.” 
“He was the sweetest person,” she said. “He walked into the room and the whole room lit up.”
</post>
<signature>

</signature>
<external_links>

</external_links>
<country>US</country>
<main_image>http://sanfernandosun.com/content/tncms/live/global/resources/images/_site/og_image.jpg</main_image>
</document>
