<?xml version="1.0" encoding="UTF-8"?>
<document>
<type>mainstream</type>
<forum>http://www.tdg.ch/suisse/rss.html</forum>
<forum_title>Tribune de Genève Suisse</forum_title>
<discussion_title>Un bus a été entièrement carbonisé</discussion_title>
<language>french</language>
<gmt_offset></gmt_offset>
<topic_url>http://www.tdg.ch/faits-divers/Un-bus-a-ete-entierement-carbonise/story/20767732</topic_url>
<topic_text>
Un bus a été entièrement carbonisé Meggen (LU) Un véhicule des transports publics lucernois a été ravagé par les flammes, jeudi. Une explosion a été entendue avant l&apos;embrasement. Image: Keystone Mis à jour à 16h07 0 
Vous voulez communiquer un ou vous avez repéré une erreur ? Orthographe Description de l&apos;erreur* Veuillez SVP entrez une adresse e-mail valide 
Un bus des transports publics lucernois (vbl) a été entièrement détruit par les flammes jeudi matin. Personne n&apos;a été blessé. La cause de l&apos;incendie est pour l&apos;heure inconnue. 
Le bus se trouvait à son terminus, lorsque le sinistre s&apos;est déclaré. Il y a eu une explosion vers le moteur et les flammes ont atteint quatre mètres de haut, indique un porte-parole des vbl à l&apos;ats. Aucun passager n&apos;était à bord. Le chauffeur a pu se mettre à l&apos;abri à temps. 
Une quantité indéterminée d&apos;huile s&apos;est écoulée dans un ruisseau proche de là. Les secours ont mis en place un barrage pour éviter que le liquide ne s&apos;écoule dans le lac des Quatre-Cantons. (ats/nxp) (Créé: 12.05.2016, 16h25) Mis à jour à 16h07 Google Map Tweet Publier un nouveau commentaire Nous vous invitons ici à donner votre point de vue, vos informations, vos arguments. Nous vous prions d’utiliser votre nom complet, la discussion est plus authentique ainsi. Vous pouvez vous connecter via Facebook ou créer un compte utilisateur, selon votre choix. Les fausses identités seront bannies. Nous refusons les messages haineux, diffamatoires, racistes ou xénophobes, les menaces, incitations à la violence ou autres injures. Merci de garder un ton respectueux et de penser que de nombreuses personnes vous lisent. La rédaction S&apos;il vous plaît entrer un commentaire. Caractères restants: J&apos;ai lu et j&apos;accepte la Charte des commentaires. Connecté avec Facebook - Abmelden S&apos;il vous plaît entrer une adresse email valide. Veuillez saisir deux fois le même mot de passe Mot de passe* S&apos;il vous plaît entrer un nom valide. S&apos;il vous plaît indiquez le lieu géographique. Ce numéro de téléphone n&apos;est pas valable. S&apos;il vous plaît entrer une adresse email valide. Veuillez saisir deux fois le même mot de passe Mot de passe* S&apos;inscrire Fermer Vous devez lire et accepter la Charte de commentaires avant de poursuivre. Nous sommes heureux que vous voulez nous donner vos commentaires. S&apos;il vous plaît noter les règles suivantes à l&apos;avance: La rédaction se réserve le droit de ne pas publier des commentaires. Ceci s&apos;applique en général, mais surtout pour les propos diffamatoires, racistes, hors de propos, hors-sujet des commentaires, ou ceux en langues étrangères ou dialecte. Commentaires des noms de fantaisie, ou avec des noms manifestement fausses ne sont pas publiés non plus. Plus les décisions de la rédaction n&apos;est ni responsable déposée, ni en dehors de la correspondance. Renseignements téléphoniques ne seront pas fournis. L&apos;éditeur se réserve le droit également à réduire les commentaires des lecteurs. S&apos;il vous plaît noter que votre commentaire aussi sur Google et autres moteurs de recherche peuvent être trouvés et que les éditeurs ne peuvent rien et est de supprimer un commentaire une fois émis dans l&apos;index des moteurs de recherche. auf Facebook publizieren Veuilliez attendre s&apos;il vous plaît Soumettre Commentaire Soumettre Commentaire No connection to facebook possible. Please try again. There was a problem while transmitting your comment. Please try again.
</topic_text>
<spam_score>0.00</spam_score>
<post_num>1</post_num>
<post_id>post-1</post_id>
<post_url>http://www.tdg.ch/faits-divers/Un-bus-a-ete-entierement-carbonise/story/20767732</post_url>
<post_date>20160512</post_date>
<post_time>1407</post_time>
<username></username>
<post>
Un bus a été entièrement carbonisé Meggen (LU) Un véhicule des transports publics lucernois a été ravagé par les flammes, jeudi. Une explosion a été entendue avant l&apos;embrasement. Image: Keystone Mis à jour à 16h07 0 
Vous voulez communiquer un ou vous avez repéré une erreur ? Orthographe Description de l&apos;erreur* Veuillez SVP entrez une adresse e-mail valide 
Un bus des transports publics lucernois (vbl) a été entièrement détruit par les flammes jeudi matin. Personne n&apos;a été blessé. La cause de l&apos;incendie est pour l&apos;heure inconnue. 
Le bus se trouvait à son terminus, lorsque le sinistre s&apos;est déclaré. Il y a eu une explosion vers le moteur et les flammes ont atteint quatre mètres de haut, indique un porte-parole des vbl à l&apos;ats. Aucun passager n&apos;était à bord. Le chauffeur a pu se mettre à l&apos;abri à temps. 
Une quantité indéterminée d&apos;huile s&apos;est écoulée dans un ruisseau proche de là. Les secours ont mis en place un barrage pour éviter que le liquide ne s&apos;écoule dans le lac des Quatre-Cantons. (ats/nxp) (Créé: 12.05.2016, 16h25) Mis à jour à 16h07 Google Map Tweet Publier un nouveau commentaire Nous vous invitons ici à donner votre point de vue, vos informations, vos arguments. Nous vous prions d’utiliser votre nom complet, la discussion est plus authentique ainsi. Vous pouvez vous connecter via Facebook ou créer un compte utilisateur, selon votre choix. Les fausses identités seront bannies. Nous refusons les messages haineux, diffamatoires, racistes ou xénophobes, les menaces, incitations à la violence ou autres injures. Merci de garder un ton respectueux et de penser que de nombreuses personnes vous lisent. La rédaction S&apos;il vous plaît entrer un commentaire. Caractères restants: J&apos;ai lu et j&apos;accepte la Charte des commentaires. Connecté avec Facebook - Abmelden S&apos;il vous plaît entrer une adresse email valide. Veuillez saisir deux fois le même mot de passe Mot de passe* S&apos;il vous plaît entrer un nom valide. S&apos;il vous plaît indiquez le lieu géographique. Ce numéro de téléphone n&apos;est pas valable. S&apos;il vous plaît entrer une adresse email valide. Veuillez saisir deux fois le même mot de passe Mot de passe* S&apos;inscrire Fermer Vous devez lire et accepter la Charte de commentaires avant de poursuivre. Nous sommes heureux que vous voulez nous donner vos commentaires. S&apos;il vous plaît noter les règles suivantes à l&apos;avance: La rédaction se réserve le droit de ne pas publier des commentaires. Ceci s&apos;applique en général, mais surtout pour les propos diffamatoires, racistes, hors de propos, hors-sujet des commentaires, ou ceux en langues étrangères ou dialecte. Commentaires des noms de fantaisie, ou avec des noms manifestement fausses ne sont pas publiés non plus. Plus les décisions de la rédaction n&apos;est ni responsable déposée, ni en dehors de la correspondance. Renseignements téléphoniques ne seront pas fournis. L&apos;éditeur se réserve le droit également à réduire les commentaires des lecteurs. S&apos;il vous plaît noter que votre commentaire aussi sur Google et autres moteurs de recherche peuvent être trouvés et que les éditeurs ne peuvent rien et est de supprimer un commentaire une fois émis dans l&apos;index des moteurs de recherche. auf Facebook publizieren Veuilliez attendre s&apos;il vous plaît Soumettre Commentaire Soumettre Commentaire No connection to facebook possible. Please try again. There was a problem while transmitting your comment. Please try again.
</post>
<signature>

</signature>
<external_links>

</external_links>
<country>CH</country>
<main_image>http://files.newsnetz.ch/story/2/0/7/20767732/teaserbreitgross.jpg</main_image>
</document>
