<?xml version="1.0" encoding="UTF-8"?>
<document>
<type>mainstream</type>
<forum></forum>
<forum_title></forum_title>
<discussion_title>Esercizi da star: lo stile delle celebrities che si preparano alla prova costume - Vogue.it</discussion_title>
<language>italian</language>
<gmt_offset></gmt_offset>
<topic_url>http://www.vogue.it/bellezza/viso-corpo/2016/05/12/esercizi-star-lo-stile-delle-celebrities-si-preparano-alla-prova-costume/</topic_url>
<topic_text>
Beauty / Viso / corpo / Esercizi da star: lo stile delle celebrities che si preparano alla prova costume May 12, 2016 6:35 AM by Sofia Viganò 
Che strong sia the new sexy è cosa assodata . Sarà merito degli angeli di Victoria’s Secret , del #trainlikeanangel o delle corse firmate Nike? Poco importa, f itness è il nuovo stato mentale e il nuovo imperativo di stile . Se prima infatti “ tuta ” era sinonimo di sciatteria oggi le cose sono molto cambiate. Non a caso si parla di fit-wear di gym-chic e chi più ne ha più ne metta. L’ultima mania delle star farsi immortalare con felpone, leggings d’ordinanza e it-bag . Guardare la gallery per credere. 25 photos View Gallery 
E se per alcune la carta (d’identità) canta raccontando di strutture muscolari di dotazione anagrafica – pensiamo fra le altre a Gigi, Kendalle e Karlie – per altre raggiungere il traguardo della prova costume richiede qualche sforzo in più. Senza contare, ammettiamolo, che molte celebs possono ricorrere a qualche pit-stop tecnico. E in questo la tecnologia in fatto di medicina estetica dà loro una mano. 20 photos View Gallery photographed by Courtesy press office 
Parliamo per esempio di FlyForma , un macchinario che tramite gli ultrasuoni focalizzati permette di ottenere risultati simili a un lifting del corpo senza utilizzare la chirurgia . Come funziona: induce una stimolazione del tessuto a 5 diverse profondità del derma e del tessuto connettivo fino ad arrivare al muscolo e al grasso, promuovendo la formazione di nuove fibre di collagene, una conseguente tensione della pelle e, se presente, la riduzione o eliminazione del grasso . Oltre alla braccia , è indicato anche per zone come addome, fianchi, interno coscia, ginocchia e caviglie . Poche le sedute necessarie: ne bastano 4 a distanza di 2/3 settimane l’una dall’altra , permette di ottenere ottimi risultati. Ogni seduta ha la durata di circa 45-60 minuti. Gli effetti sono immediati per via della contrazione dei tessuti ma il consolidamento del risultato finale avviene nell’arco di 6 mesi : • Effetto simile al lifting (delle cosce, delle braccia e dei glutei) • Pelle tesa e compatta (dell’addome) • Riduzione/Eliminazione delle rughe e pieghette (delle ginocchia e del decolletè) • Riduzione/Eliminazione delle lassità cutanee (delle braccia) • Riduzione/Eliminazione del grasso (delle cosce) • Rimodellamento delle aree trattate (di tutto il corpo: dal collo alle caviglie) 
Beauty in Vogue, maggio 2015 Foto di Greg Lotus 
</topic_text>
<spam_score>0.00</spam_score>
<post_num>1</post_num>
<post_id>post-1</post_id>
<post_url>http://www.vogue.it/bellezza/viso-corpo/2016/05/12/esercizi-star-lo-stile-delle-celebrities-si-preparano-alla-prova-costume/</post_url>
<post_date>20160512</post_date>
<post_time></post_time>
<username>Francesca Ferrante</username>
<post>
Beauty / Viso / corpo / Esercizi da star: lo stile delle celebrities che si preparano alla prova costume May 12, 2016 6:35 AM by Sofia Viganò 
Che strong sia the new sexy è cosa assodata . Sarà merito degli angeli di Victoria’s Secret , del #trainlikeanangel o delle corse firmate Nike? Poco importa, f itness è il nuovo stato mentale e il nuovo imperativo di stile . Se prima infatti “ tuta ” era sinonimo di sciatteria oggi le cose sono molto cambiate. Non a caso si parla di fit-wear di gym-chic e chi più ne ha più ne metta. L’ultima mania delle star farsi immortalare con felpone, leggings d’ordinanza e it-bag . Guardare la gallery per credere. 25 photos View Gallery 
E se per alcune la carta (d’identità) canta raccontando di strutture muscolari di dotazione anagrafica – pensiamo fra le altre a Gigi, Kendalle e Karlie – per altre raggiungere il traguardo della prova costume richiede qualche sforzo in più. Senza contare, ammettiamolo, che molte celebs possono ricorrere a qualche pit-stop tecnico. E in questo la tecnologia in fatto di medicina estetica dà loro una mano. 20 photos View Gallery photographed by Courtesy press office 
Parliamo per esempio di FlyForma , un macchinario che tramite gli ultrasuoni focalizzati permette di ottenere risultati simili a un lifting del corpo senza utilizzare la chirurgia . Come funziona: induce una stimolazione del tessuto a 5 diverse profondità del derma e del tessuto connettivo fino ad arrivare al muscolo e al grasso, promuovendo la formazione di nuove fibre di collagene, una conseguente tensione della pelle e, se presente, la riduzione o eliminazione del grasso . Oltre alla braccia , è indicato anche per zone come addome, fianchi, interno coscia, ginocchia e caviglie . Poche le sedute necessarie: ne bastano 4 a distanza di 2/3 settimane l’una dall’altra , permette di ottenere ottimi risultati. Ogni seduta ha la durata di circa 45-60 minuti. Gli effetti sono immediati per via della contrazione dei tessuti ma il consolidamento del risultato finale avviene nell’arco di 6 mesi : • Effetto simile al lifting (delle cosce, delle braccia e dei glutei) • Pelle tesa e compatta (dell’addome) • Riduzione/Eliminazione delle rughe e pieghette (delle ginocchia e del decolletè) • Riduzione/Eliminazione delle lassità cutanee (delle braccia) • Riduzione/Eliminazione del grasso (delle cosce) • Rimodellamento delle aree trattate (di tutto il corpo: dal collo alle caviglie) 
Beauty in Vogue, maggio 2015 Foto di Greg Lotus 
</post>
<signature>

</signature>
<external_links>

</external_links>
<country>IE</country>
<main_image>http://images.vogue.it/wp-content/uploads/2016/05/12063530/esercizidistileland.jpg</main_image>
</document>
