<?xml version="1.0" encoding="UTF-8"?>
<document>
<type>mainstream</type>
<forum></forum>
<forum_title></forum_title>
<discussion_title>19歳、中条あやみが演じる、フレンチミューズ | VOGUE GIRL</discussion_title>
<language>japanese</language>
<gmt_offset></gmt_offset>
<topic_url>http://voguegirl.jp/feature/vgs/20160427/</topic_url>
<topic_text>

F E A T U R I N G A Y A M I N A K A J O 19歳、中条あやみが演じる、フレンチミューズ。 
モデル/女優としてますます活躍の幅を広げる、19歳の中条あやみが小粋なフレンチシネマのミューズに変身。変幻自在でいつだって自然体。そんなフレンチシックなムードで綴る、ガール流スタイルシネマをお届け。 ［PROFILE］中条あやみ。1997年2月4日生まれ。 トリコロールをまとって、自分らしく。 
Liberté, Égalité, Fraternité（自由、平等、友愛）を意味するトリコロールのように、フレンチアイコンはいつだって自分らしく自信に満ちている。そんな精神をモードに体現する「シャネル」のジャケットに、セーラーパンツ＆ハットを合わせれば、チャーミングなミューズが出来上がり。足もとはレトロスポーティに白スニーカーをON。 ツィードジャケット ¥915,000 バッグ ¥217,000 ジャケットにつけたブローチ （上）¥63,000 （下）¥60,000／すべてCHANEL（シャネル）タンクトップ ¥2,500／PETIT BATEAU（プチバトー・カスタマーセンター） デニムパンツ ¥48,000／J&amp;M DAVIDSON（J&amp;M デヴィッドソン 青山店） マリンキャップ ¥9,000／（銀座トラヤ帽子店） スニーカー ¥12,800／KEDS（ユナイテッドアローズ 原宿本店 ウィメンズ館） 缶バッジ／スタイリスト私物 CLOSE フレンチな小悪魔ギンガムチェック。 
ブリジット・バルドーをはじめ、フレンチガールのユニフォームとも言えるギンガムチェック。ステイトメントなギンガムブラウスには膝下丈のプリーツスカートでレトローガーリーをメイク。トリコロールカラーのリボンがアクセントのバッグがモダンモードな相棒。 シャツ ¥116,000 バッグ ¥296,000 リング ¥97,000／すべてGUCCI（グッチ ジャパン） スカート ¥100,000／DRAWER（ドゥロワー 青山店） ソックス ¥600／靴下屋（タビオ） ローファー ¥141,000（オーダー価格）／J.M WESTON（ジェイエムウエストン 青山店） CLOSE メタリックで遊ぶ、レトロフューチャー。 
イエロー×シルバーのレトロフューチャーな組み合わせで、フランソワーズ・アルディのようなハンサムガールを気取って。”une femme française”（フランス女）と書かれたレタードTシャツや、60sライクな幾何学模様のチェーンバッグでフレンチエッセンスをプラス。 ジャケット ¥163,000／COURRÈGES（TFC） Tシャツ ¥22,000／VANESSA SEWARD（アー・ペー・セー カスタマーサービス） パンツ ¥55,000／ISABEL MARANT（イザベル マラン） バッグ ¥313,000 シューズ ¥87,000／ともにROGER VIVIER（ロジェ・ヴィヴィエ・ジャパン） CLOSE DETAIL 左から時計回り グリーン×ヴァイオレット 花束ブローチ ¥58,000 イエロー花イヤリング ¥12,000 グリーン×レッド 花ブローチ ¥19,000クリア花ブローチ ¥36,000 ブルー花ブローチ ¥48,000 ブラウン花ブローチ ¥32,000（すべてビンテージ）／すべてアズール・カリテス CLOSE モードミックスなフレンチナーディ。 
映画『アンナ』（1967）のアンナ・カリーナを彷彿とさせる、コケティッシュな眼鏡スタイルに挑戦。太ピッチのボーダーにサークルのカットアウトのアーティなスカートを、レインコートでモードミックス！ アウター ¥57,000／LONGCHAMP（ロンシャン・ジャパン） Tシャツ ¥8,000／AGNÈS B.（アニエスベー） スカート ¥63,000／CARVEN（ブルーベル・ジャパン） ピアス ¥9,000／BIJOU R.I（オープニングセレモニー） メガネ ¥32,000／OLIVER GOLDSMITH（ブリンク） ラバーブーツ ¥39,000／MONCLER（モンクレール ジャパン） CLOSE フレンチガールのレッドマジック。 
フェミニンでいてマスキュリン。ジェーン・バーキンにジーン・セバーグetc、芯のあるフレンチガールになりきるなら、赤の魅力を再確認。赤のベアトップワンピースは、ベレーやドット柄サンダルでカジュアルガーリーに。 ドレス ¥250,000／FENDI（フェンディ ジャパン） ピアス ¥6,500／THROW A KISS（オープニングセレモニー） ソックス（ユナイテッドアローズ別注） ¥2,500／FALKE（ユナイテッドアローズ 原宿本店 ウィメンズ館） ベレー帽 ¥6,900 サンダル ¥18,000／ともにTO B. BY AGNÈS B.（アニエスベー） CLOSE 可憐なデイジーの花で彩って。 
コケティッシュなフランス・ギャルを気取るなら、デイジーモチーフのサングラスをON。白いデイジーの花言葉”無邪気”の通り、耳もとのイヤリングやドレスもフラワーモチーフでまとめて、プレイフルなガーリースタイルを楽しんで。 ドレス ¥620,000／ROCHAS（オンワードグローバルファッション） サングラス ¥300,000（予定価格）／DOLCE&amp;GABBANA（ドルチェ＆ガッバーナ ジャパン） ビンテージイヤリング ¥12,000 ビンテージリング ¥10,000／（ともにアズール・カリテス） CLOSE ピュアな白レースが初夏の香り。 
フレンチガーリーな白レースのロングドレスで、70年代のジェーン・バーキン気分。彼女が愛用していたようなかごバッグを相棒に、ノンシャランにスタイリング。ドレスと合わせたイノセントな白ネイルでカラーリンクさせて。 ロングドレス ¥129,000（参考価格）／RED VALENTINO（ヴァレンティノ インフォメーションデスク） ビンテージイヤリング ¥12,000／アズール・カリテス バッグ ¥13,300／VITRAS GEDVILAS（ユナイテッドアローズ 原宿本店 ウィメンズ館） CLOSE DETAIL 
F E A T U R I N G A Y A M I N A K A J O アー・ペー・セー カスタマーサービス: 
</topic_text>
<spam_score>0.00</spam_score>
<post_num>1</post_num>
<post_id>post-1</post_id>
<post_url>http://voguegirl.jp/feature/vgs/20160427/</post_url>
<post_date>20160427</post_date>
<post_time></post_time>
<username>Condenast Japan</username>
<post>

F E A T U R I N G A Y A M I N A K A J O 19歳、中条あやみが演じる、フレンチミューズ。 
モデル/女優としてますます活躍の幅を広げる、19歳の中条あやみが小粋なフレンチシネマのミューズに変身。変幻自在でいつだって自然体。そんなフレンチシックなムードで綴る、ガール流スタイルシネマをお届け。 ［PROFILE］中条あやみ。1997年2月4日生まれ。 トリコロールをまとって、自分らしく。 
Liberté, Égalité, Fraternité（自由、平等、友愛）を意味するトリコロールのように、フレンチアイコンはいつだって自分らしく自信に満ちている。そんな精神をモードに体現する「シャネル」のジャケットに、セーラーパンツ＆ハットを合わせれば、チャーミングなミューズが出来上がり。足もとはレトロスポーティに白スニーカーをON。 ツィードジャケット ¥915,000 バッグ ¥217,000 ジャケットにつけたブローチ （上）¥63,000 （下）¥60,000／すべてCHANEL（シャネル）タンクトップ ¥2,500／PETIT BATEAU（プチバトー・カスタマーセンター） デニムパンツ ¥48,000／J&amp;M DAVIDSON（J&amp;M デヴィッドソン 青山店） マリンキャップ ¥9,000／（銀座トラヤ帽子店） スニーカー ¥12,800／KEDS（ユナイテッドアローズ 原宿本店 ウィメンズ館） 缶バッジ／スタイリスト私物 CLOSE フレンチな小悪魔ギンガムチェック。 
ブリジット・バルドーをはじめ、フレンチガールのユニフォームとも言えるギンガムチェック。ステイトメントなギンガムブラウスには膝下丈のプリーツスカートでレトローガーリーをメイク。トリコロールカラーのリボンがアクセントのバッグがモダンモードな相棒。 シャツ ¥116,000 バッグ ¥296,000 リング ¥97,000／すべてGUCCI（グッチ ジャパン） スカート ¥100,000／DRAWER（ドゥロワー 青山店） ソックス ¥600／靴下屋（タビオ） ローファー ¥141,000（オーダー価格）／J.M WESTON（ジェイエムウエストン 青山店） CLOSE メタリックで遊ぶ、レトロフューチャー。 
イエロー×シルバーのレトロフューチャーな組み合わせで、フランソワーズ・アルディのようなハンサムガールを気取って。”une femme française”（フランス女）と書かれたレタードTシャツや、60sライクな幾何学模様のチェーンバッグでフレンチエッセンスをプラス。 ジャケット ¥163,000／COURRÈGES（TFC） Tシャツ ¥22,000／VANESSA SEWARD（アー・ペー・セー カスタマーサービス） パンツ ¥55,000／ISABEL MARANT（イザベル マラン） バッグ ¥313,000 シューズ ¥87,000／ともにROGER VIVIER（ロジェ・ヴィヴィエ・ジャパン） CLOSE DETAIL 左から時計回り グリーン×ヴァイオレット 花束ブローチ ¥58,000 イエロー花イヤリング ¥12,000 グリーン×レッド 花ブローチ ¥19,000クリア花ブローチ ¥36,000 ブルー花ブローチ ¥48,000 ブラウン花ブローチ ¥32,000（すべてビンテージ）／すべてアズール・カリテス CLOSE モードミックスなフレンチナーディ。 
映画『アンナ』（1967）のアンナ・カリーナを彷彿とさせる、コケティッシュな眼鏡スタイルに挑戦。太ピッチのボーダーにサークルのカットアウトのアーティなスカートを、レインコートでモードミックス！ アウター ¥57,000／LONGCHAMP（ロンシャン・ジャパン） Tシャツ ¥8,000／AGNÈS B.（アニエスベー） スカート ¥63,000／CARVEN（ブルーベル・ジャパン） ピアス ¥9,000／BIJOU R.I（オープニングセレモニー） メガネ ¥32,000／OLIVER GOLDSMITH（ブリンク） ラバーブーツ ¥39,000／MONCLER（モンクレール ジャパン） CLOSE フレンチガールのレッドマジック。 
フェミニンでいてマスキュリン。ジェーン・バーキンにジーン・セバーグetc、芯のあるフレンチガールになりきるなら、赤の魅力を再確認。赤のベアトップワンピースは、ベレーやドット柄サンダルでカジュアルガーリーに。 ドレス ¥250,000／FENDI（フェンディ ジャパン） ピアス ¥6,500／THROW A KISS（オープニングセレモニー） ソックス（ユナイテッドアローズ別注） ¥2,500／FALKE（ユナイテッドアローズ 原宿本店 ウィメンズ館） ベレー帽 ¥6,900 サンダル ¥18,000／ともにTO B. BY AGNÈS B.（アニエスベー） CLOSE 可憐なデイジーの花で彩って。 
コケティッシュなフランス・ギャルを気取るなら、デイジーモチーフのサングラスをON。白いデイジーの花言葉”無邪気”の通り、耳もとのイヤリングやドレスもフラワーモチーフでまとめて、プレイフルなガーリースタイルを楽しんで。 ドレス ¥620,000／ROCHAS（オンワードグローバルファッション） サングラス ¥300,000（予定価格）／DOLCE&amp;GABBANA（ドルチェ＆ガッバーナ ジャパン） ビンテージイヤリング ¥12,000 ビンテージリング ¥10,000／（ともにアズール・カリテス） CLOSE ピュアな白レースが初夏の香り。 
フレンチガーリーな白レースのロングドレスで、70年代のジェーン・バーキン気分。彼女が愛用していたようなかごバッグを相棒に、ノンシャランにスタイリング。ドレスと合わせたイノセントな白ネイルでカラーリンクさせて。 ロングドレス ¥129,000（参考価格）／RED VALENTINO（ヴァレンティノ インフォメーションデスク） ビンテージイヤリング ¥12,000／アズール・カリテス バッグ ¥13,300／VITRAS GEDVILAS（ユナイテッドアローズ 原宿本店 ウィメンズ館） CLOSE DETAIL 
F E A T U R I N G A Y A M I N A K A J O アー・ペー・セー カスタマーサービス: 
</post>
<signature>

</signature>
<external_links>

</external_links>
<country>JP</country>
<main_image>http://voguegirl.jp/feature/vgs/20160427/images/ogp.jpg</main_image>
</document>
