<?xml version="1.0" encoding="UTF-8"?>
<document>
<type>mainstream</type>
<forum></forum>
<forum_title></forum_title>
<discussion_title>漢克自肥食堂迎戰吧夏天！超飽足低卡咖哩蛋炒飯！|美食甜點-VOGUE時尚網</discussion_title>
<language>chineset</language>
<gmt_offset></gmt_offset>
<topic_url>http://www.vogue.com.tw/feature/foods/content-26958.html</topic_url>
<topic_text>
首先，蛋炒飯一定要有飯和蛋(廢話)，先來處理蛋，把蛋都打進盆子裡面，然後加入咖哩粉。是的，就是加入咖哩粉，然後把蛋汁打勻，順便加入一小匙鹽調味。你一定覺得很怪，幹嘛要把咖哩粉加入蛋汁裡？還記得我剛剛說咖哩香料需要用油來炒，香味才會濃厚嗎？既然我們秉持著少油的理念，那我們就直接用蛋黃裡面的卵磷脂來炒咖哩粉就好了，不需要額外用油，是否很聰慧呢？ 接著，沒有飯怎麼可能會叫蛋炒飯？就算要減肥也不能騙人阿是不是？好的，今天我們要用的是糙米飯！就是糙米飯，很多人覺得糙米飯的口感有點乾硬，不是很好吃，但是我要跟愚昧的你說：糙米飯做成的炒飯不但低GI，同時因為水分含量和澱粉糊化程度比較低，更能夠在翻炒的時候變成粒粒分明的口感，就算剛煮好也能直接炒，不用放到隔夜，這麼優，嫌個屁。 等你把糙米飯煮好之後，就直接把飯到入剛剛打好的蛋汁裡面攪拌均勻，看起來會溼溼糊糊的，不要緊，等等就知道了，好了，就先放旁邊讓米飯吸一下咖哩蛋汁。 然後，我們要先來把所有食材切成丁，炒蛋炒飯免不了需要這道練刀工的步驟，而這次我選用的食材也是低GI低熱量，當然，你要替換成任何低GI低熱量的食材都可以。 雞胸肉切丁，玉米筍切丁，青蔥切丁，凍豆腐切丁。是的，耶！又是凍豆腐，我們之前提過凍豆腐對於減重燃脂的功效，如果不清楚你可以自己去GOOGLE一下，凍豆腐買回來先放冰箱解凍，等到解凍之後就像海綿一樣，直接把水分擠掉，然後通通切成丁，大概就跟骰子差不多大就好。這裡運用凍豆腐除了對於減肥有幫助之外，也能增加很多飽足感，而且可以取代雞胸肉和米飯的口感並且增加膳食纖維，不知不覺之中料理份量增加超多，熱量卻相對的不多，這就是取代食材。 好了，先把雞胸肉丟下鍋子拌炒，直到炒到5、6分熟之後呢，就把玉米筍和凍豆腐一起丟下去炒，這時候凍豆腐會開始出水，而出水加熱之後變成水蒸氣，剛好可以把雞肉煮到全熟，等你測試過雞肉完全熟了之後就可以起鍋備用了，記得加入兩小匙鹽巴和任何你喜歡的乾燥香料來調味。 接著，乾淨的平底鍋裡面要放一湯匙的油開大火熱鍋，別擔心，一湯匙油吃不死你，把油均勻的擦在鍋子裡，然後把蛋汁和糙米飯通通倒進去攤平，先不急著翻動他們，等個20秒之後用鍋鏟翻一下，你會發現底部的蛋汁開始熟了，這時候就拌炒一下繼續攤平，知道蛋汁和米飯開始慢慢變乾了，你就可以大肆地把所有飯炒鬆，你會發現這很容易，因為蛋汁把米飯包住了，水份不會讓你沾鍋(也因為你用不沾鍋)，也不會有緊緊相黏的米如何say goodbye這樣的情形，同時，咖哩味會在你下鍋炒的時候奔放出來！ 等你的飯炒得差不多之後，就把所有的料到進來一起拌炒，這時候再加入黑胡椒調味，最後要起鍋之前就把青蔥丟下去翻炒一下，起鍋！完成！ 你用兩碗飯的分量，加上配料，就可以炒出超過四人份的量，熱量卻是一般一碗蛋炒飯的一半，這樣的咖哩蛋炒飯油量少，香氣足，吃起來口感也相當的優，份量又可以吃的很飽不用怕！夏天來臨之前，讓我們好好用超飽足低卡咖哩蛋炒飯迎戰吧！！！ (雖然標榜低卡低GI，但還是請你控制食量，並且配合運動，知道嗎？) 
</topic_text>
<spam_score>0.00</spam_score>
<post_num>1</post_num>
<post_id>post-1</post_id>
<post_url>http://www.vogue.com.tw/feature/foods/content-26958.html</post_url>
<post_date>20160511</post_date>
<post_time></post_time>
<username></username>
<post>
首先，蛋炒飯一定要有飯和蛋(廢話)，先來處理蛋，把蛋都打進盆子裡面，然後加入咖哩粉。是的，就是加入咖哩粉，然後把蛋汁打勻，順便加入一小匙鹽調味。你一定覺得很怪，幹嘛要把咖哩粉加入蛋汁裡？還記得我剛剛說咖哩香料需要用油來炒，香味才會濃厚嗎？既然我們秉持著少油的理念，那我們就直接用蛋黃裡面的卵磷脂來炒咖哩粉就好了，不需要額外用油，是否很聰慧呢？ 接著，沒有飯怎麼可能會叫蛋炒飯？就算要減肥也不能騙人阿是不是？好的，今天我們要用的是糙米飯！就是糙米飯，很多人覺得糙米飯的口感有點乾硬，不是很好吃，但是我要跟愚昧的你說：糙米飯做成的炒飯不但低GI，同時因為水分含量和澱粉糊化程度比較低，更能夠在翻炒的時候變成粒粒分明的口感，就算剛煮好也能直接炒，不用放到隔夜，這麼優，嫌個屁。 等你把糙米飯煮好之後，就直接把飯到入剛剛打好的蛋汁裡面攪拌均勻，看起來會溼溼糊糊的，不要緊，等等就知道了，好了，就先放旁邊讓米飯吸一下咖哩蛋汁。 然後，我們要先來把所有食材切成丁，炒蛋炒飯免不了需要這道練刀工的步驟，而這次我選用的食材也是低GI低熱量，當然，你要替換成任何低GI低熱量的食材都可以。 雞胸肉切丁，玉米筍切丁，青蔥切丁，凍豆腐切丁。是的，耶！又是凍豆腐，我們之前提過凍豆腐對於減重燃脂的功效，如果不清楚你可以自己去GOOGLE一下，凍豆腐買回來先放冰箱解凍，等到解凍之後就像海綿一樣，直接把水分擠掉，然後通通切成丁，大概就跟骰子差不多大就好。這裡運用凍豆腐除了對於減肥有幫助之外，也能增加很多飽足感，而且可以取代雞胸肉和米飯的口感並且增加膳食纖維，不知不覺之中料理份量增加超多，熱量卻相對的不多，這就是取代食材。 好了，先把雞胸肉丟下鍋子拌炒，直到炒到5、6分熟之後呢，就把玉米筍和凍豆腐一起丟下去炒，這時候凍豆腐會開始出水，而出水加熱之後變成水蒸氣，剛好可以把雞肉煮到全熟，等你測試過雞肉完全熟了之後就可以起鍋備用了，記得加入兩小匙鹽巴和任何你喜歡的乾燥香料來調味。 接著，乾淨的平底鍋裡面要放一湯匙的油開大火熱鍋，別擔心，一湯匙油吃不死你，把油均勻的擦在鍋子裡，然後把蛋汁和糙米飯通通倒進去攤平，先不急著翻動他們，等個20秒之後用鍋鏟翻一下，你會發現底部的蛋汁開始熟了，這時候就拌炒一下繼續攤平，知道蛋汁和米飯開始慢慢變乾了，你就可以大肆地把所有飯炒鬆，你會發現這很容易，因為蛋汁把米飯包住了，水份不會讓你沾鍋(也因為你用不沾鍋)，也不會有緊緊相黏的米如何say goodbye這樣的情形，同時，咖哩味會在你下鍋炒的時候奔放出來！ 等你的飯炒得差不多之後，就把所有的料到進來一起拌炒，這時候再加入黑胡椒調味，最後要起鍋之前就把青蔥丟下去翻炒一下，起鍋！完成！ 你用兩碗飯的分量，加上配料，就可以炒出超過四人份的量，熱量卻是一般一碗蛋炒飯的一半，這樣的咖哩蛋炒飯油量少，香氣足，吃起來口感也相當的優，份量又可以吃的很飽不用怕！夏天來臨之前，讓我們好好用超飽足低卡咖哩蛋炒飯迎戰吧！！！ (雖然標榜低卡低GI，但還是請你控制食量，並且配合運動，知道嗎？) 
</post>
<signature>

</signature>
<external_links>

</external_links>
<country>JP</country>
<main_image>http://img.vogue.com.tw/userfiles/thumbnail/sm1280_images_A0/26958/2016051257513089.JPG</main_image>
</document>
