<?xml version="1.0" encoding="UTF-8"?>
<document>
<type>mainstream</type>
<forum></forum>
<forum_title></forum_title>
<discussion_title>無法往上爬？掠奪你升職機會的4大原因！|品味遊歷-VOGUE時尚網</discussion_title>
<language>chineset</language>
<gmt_offset></gmt_offset>
<topic_url>http://www.vogue.com.tw/feature/travel/content-26943.html</topic_url>
<topic_text>

在職場上，相信很多人都有一樣的經驗:：每天全心全意地工作，把份內事情做好並主動幫忙其他同事和主管，但命運之神愛捉弄人，儘管表現優秀卻遲遲無法升遷 到底哪裡出問題呢？以下四個主要因素掠奪你的升職機會 自己真正的價值不僅僅是了解為團隊付出多少，而是要將自己的貢獻數量化。具體來說，數字上的改變像是幫公司省了多少成本、增加多少產量等，這些數字都是公司評估員工價值的重要依據，畢竟團隊最不希望的就是失去有價值的成員，公司也不希望損失優秀員工。 雖然內心渴望升職，卻不敢表現出來，那麼主管可能會認為你滿意現階段的職位與工作內容，自然也不會把你列入升職人選。適時的透露想升遷的企圖心，並和主管討論，透過面對面的溝通，展現自我抱負，也可以知道自己需要改進的地方，切記不要以e-mail或簡訊告知，避免文字誤解。 有位職業經理人曾說：「你的穿著應該是要適合你想要的工作，而不是你現在擁有的工作。」不是鼓勵要大手筆治裝，但專業的衣著打扮，是最直接表現企圖心和展現自信的方法，也是對工作的一種尊重。 升遷的道路上，人脈是不可或缺的利器。多認識其他部門的同事，互相認識、交流，尤其是人力資源部門的員工，畢竟他們是第一手知道公司有職缺的部門。不過拓展交友圈的前提是不能影響份內工作，也不能讓直屬上司為難。 
</topic_text>
<spam_score>0.00</spam_score>
<post_num>1</post_num>
<post_id>post-1</post_id>
<post_url>http://www.vogue.com.tw/feature/travel/content-26943.html</post_url>
<post_date>20160511</post_date>
<post_time></post_time>
<username></username>
<post>

在職場上，相信很多人都有一樣的經驗:：每天全心全意地工作，把份內事情做好並主動幫忙其他同事和主管，但命運之神愛捉弄人，儘管表現優秀卻遲遲無法升遷 到底哪裡出問題呢？以下四個主要因素掠奪你的升職機會 自己真正的價值不僅僅是了解為團隊付出多少，而是要將自己的貢獻數量化。具體來說，數字上的改變像是幫公司省了多少成本、增加多少產量等，這些數字都是公司評估員工價值的重要依據，畢竟團隊最不希望的就是失去有價值的成員，公司也不希望損失優秀員工。 雖然內心渴望升職，卻不敢表現出來，那麼主管可能會認為你滿意現階段的職位與工作內容，自然也不會把你列入升職人選。適時的透露想升遷的企圖心，並和主管討論，透過面對面的溝通，展現自我抱負，也可以知道自己需要改進的地方，切記不要以e-mail或簡訊告知，避免文字誤解。 有位職業經理人曾說：「你的穿著應該是要適合你想要的工作，而不是你現在擁有的工作。」不是鼓勵要大手筆治裝，但專業的衣著打扮，是最直接表現企圖心和展現自信的方法，也是對工作的一種尊重。 升遷的道路上，人脈是不可或缺的利器。多認識其他部門的同事，互相認識、交流，尤其是人力資源部門的員工，畢竟他們是第一手知道公司有職缺的部門。不過拓展交友圈的前提是不能影響份內工作，也不能讓直屬上司為難。 
</post>
<signature>

</signature>
<external_links>

</external_links>
<country>JP</country>
<main_image>http://img.vogue.com.tw/userfiles/thumbnail/sm1280_images_A0/26943/2016051234867593.jpg</main_image>
</document>
