<?xml version="1.0" encoding="UTF-8"?>
<document>
<type>mainstream</type>
<forum>http://www.nw-news.de/_export/nw/rss/lokal/hx_beverungen/index.rss</forum>
<forum_title>Neue Westfälische - Beverungen</forum_title>
<discussion_title>Beverungen: Feuerwehr übt Menschenrettung im alten Fährhaus</discussion_title>
<language>german</language>
<gmt_offset></gmt_offset>
<topic_url>http://www.nw.de/lokal/kreis_hoexter/beverungen/beverungen/20791253_Feuerwehr-uebt-Menschenrettung-im-alten-Faehrhaus.html</topic_url>
<topic_text>
Beverungen Feuerwehr übt Menschenrettung im alten Fährhaus Schnell vor Ort: Der Löschzug Kernstadt übte den Ernstfall mit Personenrettung im &quot;alten Fährhaus&quot;. Auch die Drehleiter kam zum Einsatz. | © Sebastian Groppe/Feuerwehr Beverungen Aktualisiert am Beverungen Feuerwehr übt Menschenrettung im alten Fährhaus Einsatz: Der Löschzug Kernstadt inszeniert ein realitätsnahes Training Beverungen. Das Szenario gleicht einem Ernstfall: Dichter Rauch quillt aus den kleinen Fenstern des alten... Empfehlungen
</topic_text>
<spam_score>0.00</spam_score>
<post_num>1</post_num>
<post_id>post-1</post_id>
<post_url>http://www.nw.de/lokal/kreis_hoexter/beverungen/beverungen/20791253_Feuerwehr-uebt-Menschenrettung-im-alten-Faehrhaus.html</post_url>
<post_date>20160512</post_date>
<post_time>0810</post_time>
<username></username>
<post>
Beverungen Feuerwehr übt Menschenrettung im alten Fährhaus Schnell vor Ort: Der Löschzug Kernstadt übte den Ernstfall mit Personenrettung im &quot;alten Fährhaus&quot;. Auch die Drehleiter kam zum Einsatz. | © Sebastian Groppe/Feuerwehr Beverungen Aktualisiert am Beverungen Feuerwehr übt Menschenrettung im alten Fährhaus Einsatz: Der Löschzug Kernstadt inszeniert ein realitätsnahes Training Beverungen. Das Szenario gleicht einem Ernstfall: Dichter Rauch quillt aus den kleinen Fenstern des alten... Empfehlungen
</post>
<signature>

</signature>
<external_links>

</external_links>
<country>DE</country>
<main_image>http://www.nw.de/_em_daten/Feuer/Faehrhaus/Uebung/200540310/_/1xXw8eLykOqhyO9MJ6aujFpciwoG9vKUBo12qN75hGdJ5cbfrnZ1xtH8eCFQA-VGVnR878xw91BgYy_mQc4RU51YgDLJSu5xvm/160511-2050-66885f0dd1df3af3.jpg</main_image>
</document>
