<?xml version="1.0" encoding="UTF-8"?>
<document>
<type>mainstream</type>
<forum>http://www.sursadestiri.net/cat/rss/divertisment.html</forum>
<forum_title>SursaDeStiri.net - Divertisment</forum_title>
<discussion_title>&apos;Alice in Tara Minunilor&apos; de Lewis Carroll - Atelier de povestit si desenat cu scriitoarea Ioana Nicolaie</discussion_title>
<language>romanian</language>
<gmt_offset></gmt_offset>
<topic_url>http://www.sursadestiri.net/39-alice-in-tara-minunilor-39-de-lewis-carroll-atelier-de-povestit-si-desenat-cu-scriitoarea-ioana-nicolaie-s4113070346.html</topic_url>
<topic_text>
Actualizat acum 2 minute Sursa De Stiri » Divertisment » Divertisment, 12.05.2016 »&apos;Alice in Tara Minunilor&apos; de Lewis Carroll - Atelier de povestit si desenat cu scriitoarea Ioana Nicolaie &apos;Alice in Tara Minunilor&apos; de Lewis Carroll - Atelier de povestit si desenat cu scriitoarea Ioana Nicolaie 12 Mai 2016 Libraria Humanitas de la Cismigiu va invita sambata, 14 mai, ora 11.30, la Campionatul povestilor - Atelier de povestit si desenat cu scriitoarea Ioana Nicolaie despre Alice in Tara Minunilor de Lewis Carroll, carte aparuta la Editura Humanitas, in traducerea Antoanetei Ralian si a Ioanei Ieronim, cu ilustratiile lui John Tenniel. Daca iti plac povestile, dar si sa le inventezi, daca iti place sa le ilustrezi cu cele mai nastrusnice desene, te asteptam sa descoperim impreuna nemaipomenitele... continuare
</topic_text>
<spam_score>0.00</spam_score>
<post_num>1</post_num>
<post_id>post-1</post_id>
<post_url>http://www.sursadestiri.net/39-alice-in-tara-minunilor-39-de-lewis-carroll-atelier-de-povestit-si-desenat-cu-scriitoarea-ioana-nicolaie-s4113070346.html</post_url>
<post_date>20160511</post_date>
<post_time>2100</post_time>
<username></username>
<post>
Actualizat acum 2 minute Sursa De Stiri » Divertisment » Divertisment, 12.05.2016 »&apos;Alice in Tara Minunilor&apos; de Lewis Carroll - Atelier de povestit si desenat cu scriitoarea Ioana Nicolaie &apos;Alice in Tara Minunilor&apos; de Lewis Carroll - Atelier de povestit si desenat cu scriitoarea Ioana Nicolaie 12 Mai 2016 Libraria Humanitas de la Cismigiu va invita sambata, 14 mai, ora 11.30, la Campionatul povestilor - Atelier de povestit si desenat cu scriitoarea Ioana Nicolaie despre Alice in Tara Minunilor de Lewis Carroll, carte aparuta la Editura Humanitas, in traducerea Antoanetei Ralian si a Ioanei Ieronim, cu ilustratiile lui John Tenniel. Daca iti plac povestile, dar si sa le inventezi, daca iti place sa le ilustrezi cu cele mai nastrusnice desene, te asteptam sa descoperim impreuna nemaipomenitele... continuare
</post>
<signature>

</signature>
<external_links>

</external_links>
<country>DE</country>
<main_image></main_image>
</document>
