<?xml version="1.0" encoding="UTF-8"?>
<document>
<type>mainstream</type>
<forum>http://teletrade.com.ua//rss/analytics/news/all</forum>
<forum_title>ГК TeleTrade. Новости рынков</forum_title>
<discussion_title>Канада: число вакантных рабочих мест заметно уменьшилось в четвертом квартале</discussion_title>
<language>russian</language>
<gmt_offset></gmt_offset>
<topic_url>http://www.teletrade.com.ua/analytics/news/3473474-kanada-chislo-vakantnyh-rabochih-mest</topic_url>
<topic_text>
12.05.2016 17:45 Канада: число вакантных рабочих мест заметно уменьшилось в четвертом квартале Количество вакантных рабочих мест в Канаде сократилось в четвертом квартале прошлого года, что главным образом было связано со снижением в секторе продаж и обслуживания. Об этом сообщили в Статистическом управлении Канады. Согласно данным, в последнем квартале 2015 года число открытых вакансий составило 353 000, а уровень вакансий составил 2,3 процента. Напомним, в третьем квартале 2015 годе было зафиксировано 401,000 открытых вакансий, а уровень вакансий составлял 2,6 процента. Стоит подчеркнуть, при расчете показателя не учитываются сезонные колебания. Из 10 широких групп, на сектор продаж и обслуживания приходилось 40 процентов всех вакансий (число открытых вакансий составило 142 600). Почти две трети всех вакантных рабочих мест в стране припадали на полный рабочий день. По провинциям, в Британской Колумбии была отмечена самая высокая доля вакансий - на уровне 2,8 процента. Помимо северных территорий, Онтарио предложила самую высокую почасовую заработную плату на замещение вакантных должностей - ее размер составил C$19.35, что выше среднего национального показателя C$18.95.
</topic_text>
<spam_score>0.00</spam_score>
<post_num>1</post_num>
<post_id>post-1</post_id>
<post_url>http://www.teletrade.com.ua/analytics/news/3473474-kanada-chislo-vakantnyh-rabochih-mest</post_url>
<post_date>20160512</post_date>
<post_time>1445</post_time>
<username></username>
<post>
12.05.2016 17:45 Канада: число вакантных рабочих мест заметно уменьшилось в четвертом квартале Количество вакантных рабочих мест в Канаде сократилось в четвертом квартале прошлого года, что главным образом было связано со снижением в секторе продаж и обслуживания. Об этом сообщили в Статистическом управлении Канады. Согласно данным, в последнем квартале 2015 года число открытых вакансий составило 353 000, а уровень вакансий составил 2,3 процента. Напомним, в третьем квартале 2015 годе было зафиксировано 401,000 открытых вакансий, а уровень вакансий составлял 2,6 процента. Стоит подчеркнуть, при расчете показателя не учитываются сезонные колебания. Из 10 широких групп, на сектор продаж и обслуживания приходилось 40 процентов всех вакансий (число открытых вакансий составило 142 600). Почти две трети всех вакантных рабочих мест в стране припадали на полный рабочий день. По провинциям, в Британской Колумбии была отмечена самая высокая доля вакансий - на уровне 2,8 процента. Помимо северных территорий, Онтарио предложила самую высокую почасовую заработную плату на замещение вакантных должностей - ее размер составил C$19.35, что выше среднего национального показателя C$18.95.
</post>
<signature>

</signature>
<external_links>

</external_links>
<country>UA</country>
<main_image>http://www.teletrade.com.ua/sites/all/themes/teletrade/img/r138.png</main_image>
</document>
