<?xml version="1.0" encoding="UTF-8"?>
<document>
<type>mainstream</type>
<forum>http://www.dailyecho.co.uk/news/crime/rss/</forum>
<forum_title>Daily Echo | Crime</forum_title>
<discussion_title>Boy, 12, raped five-year-old girl in his bedroom</discussion_title>
<language>english</language>
<gmt_offset></gmt_offset>
<topic_url>http://www.dailyecho.co.uk/news/crime/14488683.Boy__12__raped_five_year_old_girl_in_his_bedroom/?ref=rss</topic_url>
<topic_text>
Boy, 12, raped five-year-old girl in his bedroom Boy, 12, raped five-year-old girl in his bedroom Share: 
A BOY has avoided being sent to prison after raping a girl of five. 
Neither child can be identified for legal reasons. 
The incident happened when the pair were playing the boy&apos;s bedroom, when he was aged 12 last August. 
Fareham Youth Court heard that the boy, who has learning difficulties, only admitted rape the day before he was due to face trial. 
The defence lawyer, Natalie Dennington, told the court the boy had a mental age of seven. 
She explained he had not pleaded earlier because he thought it would have &quot;a devastating effect&quot; on his family if he admitted what he had done. 
He pleaded guilty after being warned that a full trial would be a much more public affair and that his family could be forced to move home as more people would know. 
District Judge Anne Arnold told the boy - who is now aged 13 - he would be given a 12 month youth offender referral, due to his age and circumstances. 
He has also been made to sign the sex offenders register. 
The girl&apos;s mother told the court she now kept her daughter close by at all times. 
She said: &quot;I feel I let my daughter down.&quot; Share:
</topic_text>
<spam_score>0.00</spam_score>
<post_num>1</post_num>
<post_id>post-1</post_id>
<post_url>http://www.dailyecho.co.uk/news/crime/14488683.Boy__12__raped_five_year_old_girl_in_his_bedroom/?ref=rss</post_url>
<post_date>20160512</post_date>
<post_time>1106</post_time>
<username></username>
<post>
Boy, 12, raped five-year-old girl in his bedroom Boy, 12, raped five-year-old girl in his bedroom Share: 
A BOY has avoided being sent to prison after raping a girl of five. 
Neither child can be identified for legal reasons. 
The incident happened when the pair were playing the boy&apos;s bedroom, when he was aged 12 last August. 
Fareham Youth Court heard that the boy, who has learning difficulties, only admitted rape the day before he was due to face trial. 
The defence lawyer, Natalie Dennington, told the court the boy had a mental age of seven. 
She explained he had not pleaded earlier because he thought it would have &quot;a devastating effect&quot; on his family if he admitted what he had done. 
He pleaded guilty after being warned that a full trial would be a much more public affair and that his family could be forced to move home as more people would know. 
District Judge Anne Arnold told the boy - who is now aged 13 - he would be given a 12 month youth offender referral, due to his age and circumstances. 
He has also been made to sign the sex offenders register. 
The girl&apos;s mother told the court she now kept her daughter close by at all times. 
She said: &quot;I feel I let my daughter down.&quot; Share:
</post>
<signature>

</signature>
<external_links>

</external_links>
<country>GB</country>
<main_image>http://www.dailyecho.co.uk/resources/images/4719948/</main_image>
</document>
