<?xml version="1.0" encoding="UTF-8"?>
<document>
<type>mainstream</type>
<forum>http://sport.pravda.sk/rss/xml</forum>
<forum_title>Pravda.sk - Šport - Futbal - Hokej</forum_title>
<discussion_title>Bez výstroja: Martin Bakoš neverí na mimozenšťanov. Mobil dáva bokom</discussion_title>
<language>slovak</language>
<gmt_offset></gmt_offset>
<topic_url>http://hokej.pravda.sk/ms-2016/clanok/392906/</topic_url>
<topic_text>
Mám rád najmä sviečkovú a bryndzové halušky. V príprave sviečkovej už manželka predbehla maminu. 
Môj najväčší fanúšik. Manželka, všetci z rodiny a jeden hokejový fanatik Pepča. Je to chlapík, ktorý sa mi v Liberci staral o byt. Skamarátili sme sa. Často mi píše, aby sa mi darilo a bol zdravý. Je to od neho milé. 
Ideálny oddych. Posedenie pri kávičke po obede. Dobre sa pri nej porozprávam s kamarátmi. Je fajn nebyť stále len zavesený na telefónoch. Nie sú zakázané, ale dávame ich bokom. 
Domáca práca, ktorú nezvládam/nez­nášam. Mamka nás stále učila, aby sme si upratali, takže mi nič extra nevadí. No musím sa priznať, že väčšinu domácich prác robí manželka. 
Kniha, ktorú som naposledy čítal. Knihy príliš nečítam. Len keď mám chvíľu čas, tak sa zvyknem pozrieť do Sily zvyku. 
Ako som zbalil manželku. Bol do toho zapletený Libor Hudáček. Mal som osemnásť, obaja sme boli zo Spišskej Novej Vsi a bývali v Bratislave. Libor jej niečo napísal na pokeci, potom sme šli von a ostali sme spolu doteraz. 
Vysnívané auto, ktoré si raz kúpim. Keď som mal dvadsať, chcel som všeličo, ale teraz to už neriešim. 
Osobnosť, s ktorou by som sa rád stretol. S tenistami Rogerom Federerom, Novakom Djokovičom a s hokejistami Pavlom Daciukom a Alešom Hemským. 
Koho z kabíny by som si vzal na opustený ostrov. Je ťažké vybrať si z tejto partie. Vydržal by som tam asi s kýmkoľvek. 
O čom snívam. Aby som mal spokojnú rodinu a aby malinká, ktorá je už na ceste, bola zdravá. 
Existujú mimozemšťania?
</topic_text>
<spam_score>0.00</spam_score>
<post_num>1</post_num>
<post_id>post-1</post_id>
<post_url>http://hokej.pravda.sk/ms-2016/clanok/392906/</post_url>
<post_date>20160512</post_date>
<post_time>1452</post_time>
<username>mx</username>
<post>
Mám rád najmä sviečkovú a bryndzové halušky. V príprave sviečkovej už manželka predbehla maminu. 
Môj najväčší fanúšik. Manželka, všetci z rodiny a jeden hokejový fanatik Pepča. Je to chlapík, ktorý sa mi v Liberci staral o byt. Skamarátili sme sa. Často mi píše, aby sa mi darilo a bol zdravý. Je to od neho milé. 
Ideálny oddych. Posedenie pri kávičke po obede. Dobre sa pri nej porozprávam s kamarátmi. Je fajn nebyť stále len zavesený na telefónoch. Nie sú zakázané, ale dávame ich bokom. 
Domáca práca, ktorú nezvládam/nez­nášam. Mamka nás stále učila, aby sme si upratali, takže mi nič extra nevadí. No musím sa priznať, že väčšinu domácich prác robí manželka. 
Kniha, ktorú som naposledy čítal. Knihy príliš nečítam. Len keď mám chvíľu čas, tak sa zvyknem pozrieť do Sily zvyku. 
Ako som zbalil manželku. Bol do toho zapletený Libor Hudáček. Mal som osemnásť, obaja sme boli zo Spišskej Novej Vsi a bývali v Bratislave. Libor jej niečo napísal na pokeci, potom sme šli von a ostali sme spolu doteraz. 
Vysnívané auto, ktoré si raz kúpim. Keď som mal dvadsať, chcel som všeličo, ale teraz to už neriešim. 
Osobnosť, s ktorou by som sa rád stretol. S tenistami Rogerom Federerom, Novakom Djokovičom a s hokejistami Pavlom Daciukom a Alešom Hemským. 
Koho z kabíny by som si vzal na opustený ostrov. Je ťažké vybrať si z tejto partie. Vydržal by som tam asi s kýmkoľvek. 
O čom snívam. Aby som mal spokojnú rodinu a aby malinká, ktorá je už na ceste, bola zdravá. 
Existujú mimozemšťania?
</post>
<signature>

</signature>
<external_links>

</external_links>
<country>SK</country>
<main_image>http://ipravda.sk/res/2015/12/15/thumbs/martin-bakos-clanok.jpg</main_image>
</document>
