<?xml version="1.0" encoding="UTF-8"?>
<document>
<type>mainstream</type>
<forum>http://ndz.de//cms_media/xml/29_NeueDeister-Zeitung-ThemadesTages.xml</forum>
<forum_title>Neue Deister-Zeitung - Thema des Tages</forum_title>
<discussion_title>Kunstfreiheit oder Schmähkritik: Was ist legal?</discussion_title>
<language>german</language>
<gmt_offset></gmt_offset>
<topic_url>http://www.ndz.de/portal/welt/thema-des-tages_Kunstfreiheit-oder-Schmaehkritik%A0Was-ist-legal-_arid,801213.html</topic_url>
<topic_text>
12.05.2016 Kunstfreiheit oder Schmähkritik: Was ist legal? Auf seinen berühmten Satz, dass die Satire alles darf, beziehen sich derzeit viele im Fall Böhmermann: Kurt Tucholsky war ein politisch engagierter Journalist, Lyriker und Dramatiker, und ein bedeutender Publizist der Weimarer Republik. Foto: Archiv 
Berlin (dpa) - «Satire kann zwar Kunst sein, nicht jede Satire ist jedoch zugleich Kunst.» So lautet die Einschätzung des Bundesverfassungsgerichts. Geschützt sein kann Satire sowohl über die Kunstfreiheit als auch die Meinungsfreiheit. Grenzen gibt es zum Beispiel da, wo Meinungsäußerungen herabwürdigend werden. 
KUNSTFREIHEIT: Sie ist in Artikel 5 des Grundgesetzes festgeschrieben und gilt als eines der mächtigsten Grundrechte. Satire als eine Form der Kunst darf verzerren, übertreiben, verfremden. Doch auch für sie gelten Grenzen: dann etwa, wenn Menschen mit Schmähkritik überzogen werden. Berühmt ist etwa das sogenannte Strauß-Urteil von 1987: Eine Karikatur, die den Politiker als kopulierendes Schwein darstellte, war demnach nicht von der Kunstfreiheit gedeckt. Ob Satire eine Beleidigung ist, hängt davon ab, ob die sachliche Auseinandersetzung im Vordergrund steht oder der Wille, jemanden verächtlich zu machen. 
MEINUNGSFREIHEIT: Auch sie ist in Artikel 5 des Grundgesetzes verankert. Eine Meinung darf polemisch und überspitzt formuliert werden. Auch Amtsträger darf man in personalisierter Weise kritisieren. Nur wenn die Würde einer Person angetastet, sie beleidigt oder mit Schmähkritik überzogen wird, muss die Meinungsfreiheit zurückstehen. Berühmt wurde etwa das Zitat «Soldaten sind Mörder» von Kurt Tucholsky: Der Satz gilt als pauschales Werturteil und ist erlaubt. Die Aussage «Soldat Max Mustermann ist ein Mörder» hingegen kann als Schmähkritik aufgefasst werden. 
SCHMÄHKRITIK UND BELEIDIGUNG: Geht es bei einer Meinungsäußerung vor allem darum, eine einzelne Person herabzuwürdigen, spricht man von Schmähkritik. Laut Bundesverfassungsgericht ist sie sehr eng zu definieren, um die Meinungsfreiheit nicht allzu sehr zu beschränken. Daher ist es erlaubt, das Verhalten eines Richters in einem konkreten Fall als «schäbig» zu bezeichnen oder einen Arzt als «Scharlatan». Als strafbare Beleidigung gelten unter anderem Schimpfwörter wie «Schlampe» oder «Arschloch». Die Beleidigung von ausländischen Amtsträgern ist ein eigener Straftatbestand.
</topic_text>
<spam_score>0.00</spam_score>
<post_num>1</post_num>
<post_id>post-1</post_id>
<post_url>http://www.ndz.de/portal/welt/thema-des-tages_Kunstfreiheit-oder-Schmaehkritik%A0Was-ist-legal-_arid,801213.html</post_url>
<post_date>20160512</post_date>
<post_time>1300</post_time>
<username></username>
<post>
12.05.2016 Kunstfreiheit oder Schmähkritik: Was ist legal? Auf seinen berühmten Satz, dass die Satire alles darf, beziehen sich derzeit viele im Fall Böhmermann: Kurt Tucholsky war ein politisch engagierter Journalist, Lyriker und Dramatiker, und ein bedeutender Publizist der Weimarer Republik. Foto: Archiv 
Berlin (dpa) - «Satire kann zwar Kunst sein, nicht jede Satire ist jedoch zugleich Kunst.» So lautet die Einschätzung des Bundesverfassungsgerichts. Geschützt sein kann Satire sowohl über die Kunstfreiheit als auch die Meinungsfreiheit. Grenzen gibt es zum Beispiel da, wo Meinungsäußerungen herabwürdigend werden. 
KUNSTFREIHEIT: Sie ist in Artikel 5 des Grundgesetzes festgeschrieben und gilt als eines der mächtigsten Grundrechte. Satire als eine Form der Kunst darf verzerren, übertreiben, verfremden. Doch auch für sie gelten Grenzen: dann etwa, wenn Menschen mit Schmähkritik überzogen werden. Berühmt ist etwa das sogenannte Strauß-Urteil von 1987: Eine Karikatur, die den Politiker als kopulierendes Schwein darstellte, war demnach nicht von der Kunstfreiheit gedeckt. Ob Satire eine Beleidigung ist, hängt davon ab, ob die sachliche Auseinandersetzung im Vordergrund steht oder der Wille, jemanden verächtlich zu machen. 
MEINUNGSFREIHEIT: Auch sie ist in Artikel 5 des Grundgesetzes verankert. Eine Meinung darf polemisch und überspitzt formuliert werden. Auch Amtsträger darf man in personalisierter Weise kritisieren. Nur wenn die Würde einer Person angetastet, sie beleidigt oder mit Schmähkritik überzogen wird, muss die Meinungsfreiheit zurückstehen. Berühmt wurde etwa das Zitat «Soldaten sind Mörder» von Kurt Tucholsky: Der Satz gilt als pauschales Werturteil und ist erlaubt. Die Aussage «Soldat Max Mustermann ist ein Mörder» hingegen kann als Schmähkritik aufgefasst werden. 
SCHMÄHKRITIK UND BELEIDIGUNG: Geht es bei einer Meinungsäußerung vor allem darum, eine einzelne Person herabzuwürdigen, spricht man von Schmähkritik. Laut Bundesverfassungsgericht ist sie sehr eng zu definieren, um die Meinungsfreiheit nicht allzu sehr zu beschränken. Daher ist es erlaubt, das Verhalten eines Richters in einem konkreten Fall als «schäbig» zu bezeichnen oder einen Arzt als «Scharlatan». Als strafbare Beleidigung gelten unter anderem Schimpfwörter wie «Schlampe» oder «Arschloch». Die Beleidigung von ausländischen Amtsträgern ist ein eigener Straftatbestand.
</post>
<signature>

</signature>
<external_links>

</external_links>
<country>DE</country>
<main_image>http://www.ndz.de/cms_media/module_bi/2827/1413943_1_articledetail_Pipeline11808610.jpg</main_image>
</document>
