<?xml version="1.0" encoding="UTF-8"?>
<document>
<type>mainstream</type>
<forum>http://www.informazione.it/xml/pr/0d62108b-a0c2-46f5-b8d9-9aed3a376451.xml?lng=neutral</forum>
<forum_title>I Comunicati Stampa di PR Newswire su informazione.it</forum_title>
<discussion_title>Video Streaming Market Worth USD 70.05 Billion by 2021 - Online Video Streaming has Increased Viewership 60% - Research and Markets</discussion_title>
<language>english</language>
<gmt_offset></gmt_offset>
<topic_url>http://www.informazione.it/c/E361C258-790F-4FA1-B1AB-624525C2F18E/Video-Streaming-Market-Worth-USD-70-05-Billion-by-2021-Online-Video-Streaming-has-Increased-Viewership-60-Research-and-Markets</topic_url>
<topic_text>
Modifica password Video Streaming Market Worth USD 70.05 Billion by 2021 - Online Video Streaming has Increased Viewership 60% - Research and Markets Research and Markets has announced the addition of the &quot;Video Streaming Market - Global Forecast to 2021&quot; report to their offering. DUBLIN, 
Research and Markets has announced the addition of the &quot;Video Streaming Market - Global Forecast to 2021&quot; report to their offering. 
The video streaming market is estimated to grow from USD 30.29 Billion in 2016 to USD 70.05 Billion by 2021. 
The market is expected to grow at an impressive CAGR of 18.3% because of the rising usage of online streaming. The users have started adopting pay TV and OTT solutions for streaming videos. The online streaming has provided many advantages to users such as ability to skip advertisements, access to episodes anytime, and ability to watch events and shows with flexibility in time. The online video streaming has also increased the viewership up to 60%, which includes young individuals. 
In solutions, OTT is expected to have the largest market growth rate and dominate the video streaming market from 2016 to 2021, due to the increasing use of digital platforms for branding and marketing of products. The use of this video streaming technology is helping enterprises in various industries to grow their business by providing them facility to advertise product offerings through videos at significant cost. Improved customer engagement in live and on-demand video streaming has helped this market to grow considerably along with increasing use of video streaming solutions and services. 
Smartphones and tablets are the widely used platform for streaming live and on-demand videos. This platform type supports movie streaming from content providers such as Netflix, Amazon, and Hulu. Functionalities, such as computing, browsing, gaming, entertainment, watching HD videos, and streaming, can be easily accessed on smartphones. It is anticipated that 2016 could be the tipping point in widespread enterprise adoption of mobile devices. It is the fastest-growing platform type among other video streaming platforms as it plays vital role in providing assistance in watching videos on real time basis. 
Companies Mentioned:
</topic_text>
<spam_score>0.00</spam_score>
<post_num>1</post_num>
<post_id>post-1</post_id>
<post_url>http://www.informazione.it/c/E361C258-790F-4FA1-B1AB-624525C2F18E/Video-Streaming-Market-Worth-USD-70-05-Billion-by-2021-Online-Video-Streaming-has-Increased-Viewership-60-Research-and-Markets</post_url>
<post_date>20160512</post_date>
<post_time>1610</post_time>
<username></username>
<post>
Modifica password Video Streaming Market Worth USD 70.05 Billion by 2021 - Online Video Streaming has Increased Viewership 60% - Research and Markets Research and Markets has announced the addition of the &quot;Video Streaming Market - Global Forecast to 2021&quot; report to their offering. DUBLIN, 
Research and Markets has announced the addition of the &quot;Video Streaming Market - Global Forecast to 2021&quot; report to their offering. 
The video streaming market is estimated to grow from USD 30.29 Billion in 2016 to USD 70.05 Billion by 2021. 
The market is expected to grow at an impressive CAGR of 18.3% because of the rising usage of online streaming. The users have started adopting pay TV and OTT solutions for streaming videos. The online streaming has provided many advantages to users such as ability to skip advertisements, access to episodes anytime, and ability to watch events and shows with flexibility in time. The online video streaming has also increased the viewership up to 60%, which includes young individuals. 
In solutions, OTT is expected to have the largest market growth rate and dominate the video streaming market from 2016 to 2021, due to the increasing use of digital platforms for branding and marketing of products. The use of this video streaming technology is helping enterprises in various industries to grow their business by providing them facility to advertise product offerings through videos at significant cost. Improved customer engagement in live and on-demand video streaming has helped this market to grow considerably along with increasing use of video streaming solutions and services. 
Smartphones and tablets are the widely used platform for streaming live and on-demand videos. This platform type supports movie streaming from content providers such as Netflix, Amazon, and Hulu. Functionalities, such as computing, browsing, gaming, entertainment, watching HD videos, and streaming, can be easily accessed on smartphones. It is anticipated that 2016 could be the tipping point in widespread enterprise adoption of mobile devices. It is the fastest-growing platform type among other video streaming platforms as it plays vital role in providing assistance in watching videos on real time basis. 
Companies Mentioned:
</post>
<signature>

</signature>
<external_links>

</external_links>
<country>IT</country>
<main_image>http://imgs3.informazione.it/img/pr_def_md.jpg</main_image>
</document>
