<?xml version="1.0" encoding="UTF-8"?>
<document>
<type>mainstream</type>
<forum></forum>
<forum_title></forum_title>
<discussion_title>De Boemel de grote CMV 6 winnaar van regio West</discussion_title>
<language>dutch</language>
<gmt_offset></gmt_offset>
<topic_url>http://www.volleybal.nl/nieuws/de-boemel-de-grote-cmv-6-winnaar-van-regio-west</topic_url>
<topic_text>
De Boemel de grote CMV 6 winnaar van regio West Dinsdag 10 mei, 14:00 uur Zaterdag 30 april was in Sassenheim de regionale CMV 6 finale. Na een spannende dag werd de winnaar het team van De Boemel uit Tuitjenhorn. Samen met Vives uit Nieuwegein zullen ze op 28 mei tijdens het NGJK namens regio West meespelen. 
De eerste halve finale ging tussen AVV Keistad en Vives en de tweede halve finale was de streekderby tussen Dinto – De Boemel. De halve finales waren natuurlijk extra spannend want de winnaars van de halve finale waren al verzekerd van een NGJK plaats. 
De einduitslag van de dag is geworden: De Boemel 
</topic_text>
<spam_score>0.00</spam_score>
<post_num>1</post_num>
<post_id>post-1</post_id>
<post_url>http://www.volleybal.nl/nieuws/de-boemel-de-grote-cmv-6-winnaar-van-regio-west</post_url>
<post_date>20160512</post_date>
<post_time></post_time>
<username></username>
<post>
De Boemel de grote CMV 6 winnaar van regio West Dinsdag 10 mei, 14:00 uur Zaterdag 30 april was in Sassenheim de regionale CMV 6 finale. Na een spannende dag werd de winnaar het team van De Boemel uit Tuitjenhorn. Samen met Vives uit Nieuwegein zullen ze op 28 mei tijdens het NGJK namens regio West meespelen. 
De eerste halve finale ging tussen AVV Keistad en Vives en de tweede halve finale was de streekderby tussen Dinto – De Boemel. De halve finales waren natuurlijk extra spannend want de winnaars van de halve finale waren al verzekerd van een NGJK plaats. 
De einduitslag van de dag is geworden: De Boemel 
</post>
<signature>

</signature>
<external_links>

</external_links>
<country>NL</country>
<main_image>http://www.volleybal.nl/uploads/images/Jeugd/CMV/Regio-Kampioenschappen-West-2015-2016.jpg</main_image>
</document>
