<?xml version="1.0" encoding="UTF-8"?>
<document>
<type>mainstream</type>
<forum></forum>
<forum_title></forum_title>
<discussion_title>Esquerra Unida deja la negociación con Podemos en Valencia y «amenaza» el pacto entre Iglesias y Garzón</discussion_title>
<language>spanish</language>
<gmt_offset></gmt_offset>
<topic_url>http://www.abc.es/espana/comunidad-valenciana/abci-esquerra-unida-deja-negociacion-podemos-valencia-y-amenaza-pacto-entre-iglesias-y-garzon-201605121806_noticia.html</topic_url>
<topic_text>
ELECCIONES GENERALES Esquerra Unida deja la negociación con Podemos en Valencia y «amenaza» el pacto entre Iglesias y Garzón La coalición se siente «humillada» y reclama el número cuatro de la lista al Congreso en Valencia Imagen de una de las reuniones de la comisión negociadora - ABC ABC - @ABC_CValenciana Valencia - 12/05/2016 a las 18:06:45h. - Act. a las 18:11:48h. Guardado en: España Comunidad Valenciana 
Sobresalto en las negociaciones de la confluencia de izquierdas valenciana el Congreso. Esquerra Unida se ha levantado este jueves de la reunión negociadora con Compromís y Podemos para cerrar una coalición electoral al Congreso de los Diputados, al sentirse &quot;humillada&quot; por la oferta de puestos en las candidaturas , que a su juicio es &quot;un desprecio y un insulto&quot;. 
Además, ha alertado de que este &quot;maltrato inexplicable&quot; al que se vuelva a someter a EU &quot; puede tener consecuencias en la firma del acuerdo federal&quot; de Izquierda unida, según ha indicado a Efe Glória Marcos, una de las negociadoras de EU. 
En concreto, la oferta que se ha hecho a EU ha sido, según esta formación, ocupar el sexto puesto en la candidatura por Valencia, el sexto por Alicante y el tercero por Castellón, lo que para EU es &quot;un insulto&quot; y una &quot;falta de respeto&quot; a los 111.000 votos que la formación logró el pasado 20 de diciembre . 
Marcos ha explicado que, mientras a nivel general se está ofreciendo &quot;uno de cada seis diputados&quot; para izquierda Unida, en la Comunitat Valenciana se ofrece &quot;ninguno de nueve&quot;. 
EU pedía un puesto de salida por Valencia, que sería el cuarto puesto y lo ocuparía Ricardo Sixto , un puesto &quot;de crecimiento&quot; por Alicante -el cuarto puesto en una circunscripción donde Compromís y Podemos lograron tres diputados- y el tercero por Castellón. 
&quot;Si tienen otra propuesta razonable que hacer, que nos llamen y estamos dispuestos a hablar &quot;, ha aseverado Gloria Marcos, quien ha alertado de que &quot;así no se suma&quot; ni se logra que la gente participe en un acuerdo sobre el que ya se había hablado mucho sobre el documento programático. 
EU tiene que tener &quot;visibilidad&quot; , y una forma de hacerlo es que esta formación &quot;pueda tener un diputado en Madrid, no pedimos más&quot;, ha precisado Marcos, quien ha recordado que ya el pasado mes de diciembre &quot;alguien pretendió presentar a EU como la culpable de la falta de acuerdo&quot;, y ahora &quot;una vez más se la maltrata&quot;. 
&quot;No se dan cuenta de que somos una organización federal, y esto puede tener consecuencias en la firma del acuerdo federal&quot; entre IU y Podemos, ha advertido Marcos. 
</topic_text>
<spam_score>0.00</spam_score>
<post_num>1</post_num>
<post_id>post-1</post_id>
<post_url>http://www.abc.es/espana/comunidad-valenciana/abci-esquerra-unida-deja-negociacion-podemos-valencia-y-amenaza-pacto-entre-iglesias-y-garzon-201605121806_noticia.html</post_url>
<post_date>20160512</post_date>
<post_time></post_time>
<username></username>
<post>
ELECCIONES GENERALES Esquerra Unida deja la negociación con Podemos en Valencia y «amenaza» el pacto entre Iglesias y Garzón La coalición se siente «humillada» y reclama el número cuatro de la lista al Congreso en Valencia Imagen de una de las reuniones de la comisión negociadora - ABC ABC - @ABC_CValenciana Valencia - 12/05/2016 a las 18:06:45h. - Act. a las 18:11:48h. Guardado en: España Comunidad Valenciana 
Sobresalto en las negociaciones de la confluencia de izquierdas valenciana el Congreso. Esquerra Unida se ha levantado este jueves de la reunión negociadora con Compromís y Podemos para cerrar una coalición electoral al Congreso de los Diputados, al sentirse &quot;humillada&quot; por la oferta de puestos en las candidaturas , que a su juicio es &quot;un desprecio y un insulto&quot;. 
Además, ha alertado de que este &quot;maltrato inexplicable&quot; al que se vuelva a someter a EU &quot; puede tener consecuencias en la firma del acuerdo federal&quot; de Izquierda unida, según ha indicado a Efe Glória Marcos, una de las negociadoras de EU. 
En concreto, la oferta que se ha hecho a EU ha sido, según esta formación, ocupar el sexto puesto en la candidatura por Valencia, el sexto por Alicante y el tercero por Castellón, lo que para EU es &quot;un insulto&quot; y una &quot;falta de respeto&quot; a los 111.000 votos que la formación logró el pasado 20 de diciembre . 
Marcos ha explicado que, mientras a nivel general se está ofreciendo &quot;uno de cada seis diputados&quot; para izquierda Unida, en la Comunitat Valenciana se ofrece &quot;ninguno de nueve&quot;. 
EU pedía un puesto de salida por Valencia, que sería el cuarto puesto y lo ocuparía Ricardo Sixto , un puesto &quot;de crecimiento&quot; por Alicante -el cuarto puesto en una circunscripción donde Compromís y Podemos lograron tres diputados- y el tercero por Castellón. 
&quot;Si tienen otra propuesta razonable que hacer, que nos llamen y estamos dispuestos a hablar &quot;, ha aseverado Gloria Marcos, quien ha alertado de que &quot;así no se suma&quot; ni se logra que la gente participe en un acuerdo sobre el que ya se había hablado mucho sobre el documento programático. 
EU tiene que tener &quot;visibilidad&quot; , y una forma de hacerlo es que esta formación &quot;pueda tener un diputado en Madrid, no pedimos más&quot;, ha precisado Marcos, quien ha recordado que ya el pasado mes de diciembre &quot;alguien pretendió presentar a EU como la culpable de la falta de acuerdo&quot;, y ahora &quot;una vez más se la maltrata&quot;. 
&quot;No se dan cuenta de que somos una organización federal, y esto puede tener consecuencias en la firma del acuerdo federal&quot; entre IU y Podemos, ha advertido Marcos. 
</post>
<signature>

</signature>
<external_links>

</external_links>
<country>ES</country>
<main_image>http://www.abc.es/media/espana/2016/05/12/1EU--620x349.jpg</main_image>
</document>
