<?xml version="1.0" encoding="UTF-8"?>
<document>
<type>mainstream</type>
<forum></forum>
<forum_title></forum_title>
<discussion_title>জিনসের পুচকে বোতামগুলো ফেলনা নয়, কেন? - Khobor 365 - Bangla News Bookmarking Site</discussion_title>
<language>bengali</language>
<gmt_offset></gmt_offset>
<topic_url>http://thebdnews24.com/?p=13386/</topic_url>
<topic_text>
100 বার দেখা হয়েছে 1 মিনিট পড়া হয়েছে লিখেছেন খবর ৩৬৫ ডেস্ক জিনসের পুচকে বোতামগুলো ফেলনা নয়, কেন? জিনস যখন পরেন, এটা ধরেই নেওয়া যায় পকেটের দু-ধারে ক্ষুদ্র বোতাম আপনার নজর এড়ায়নি। তা যে কোম্পানির, যত সস্তা বা দামি জিনসই হোক না কেন, পকেটের ধারে একদম ছোট্ট আকারের বোতাম থাকবেই। বলতে পারবেন এটা কেন? 
এই বোতাম নিতান্তই অকাজের বলেই কি মনে হয় আপনার? শুধু স্টাইল করতে এমনি এমনি লাগানো? 
না, অকাজের তো নয়ই, তা ছাড়া এর পিছনে ছোট্ট একটি ইতিহাস আছে। 
একটা সময় জিনস পরতেন শ্রমজীবী শ্রেণির মানুষ, যাঁদের কঠোর শারীরিক শ্রম করতে হত। কিন্তু, সমস্যা হল, কারওরই জিনসের প্যান্টের পকেট বেশি দিন টিকত না। সেলাইয়ের জোরে টেকসই হত না। ধার থেকে পকেট খুলে বেরিয়ে যেত। যে কারণে, খুলতে থাকা পকেটটি একসময় জিনস থেকে ছিঁড়ে ফেলেই দিতেন শ্রমিকরা। কিন্তু, তাঁদের পকেটের দরকারও পড়ত। 
মুশকিল আসানে এগিয়ে আসেন জ্যাকব ডেভিস। যিনি পেশায় একজন দর্জি। ১৮৭৩ সালে তাঁরা মাথা থেকেই বেরোয় ক্ষুদ্র বোতামের আইডিয়াটি। তামার তৈরি ছোট্ট বেতাম রিপিটের মতোই লাগিয়ে দেন পকেটের দু-ধারে। তাতেই কেল্লাফতে। পকেট হয়ে ওঠে টেকসই। এর পেটেন্ট নেওয়ার পরিকল্পনাও ছিল জ্যাকবের। কিন্তু, আর্থিক সচ্ছলতা না-থাকার কারণে পারেননি। Facebook Comments 
</topic_text>
<spam_score>0.00</spam_score>
<post_num>1</post_num>
<post_id>post-1</post_id>
<post_url>http://thebdnews24.com/?p=13386/</post_url>
<post_date>20160512</post_date>
<post_time></post_time>
<username></username>
<post>
100 বার দেখা হয়েছে 1 মিনিট পড়া হয়েছে লিখেছেন খবর ৩৬৫ ডেস্ক জিনসের পুচকে বোতামগুলো ফেলনা নয়, কেন? জিনস যখন পরেন, এটা ধরেই নেওয়া যায় পকেটের দু-ধারে ক্ষুদ্র বোতাম আপনার নজর এড়ায়নি। তা যে কোম্পানির, যত সস্তা বা দামি জিনসই হোক না কেন, পকেটের ধারে একদম ছোট্ট আকারের বোতাম থাকবেই। বলতে পারবেন এটা কেন? 
এই বোতাম নিতান্তই অকাজের বলেই কি মনে হয় আপনার? শুধু স্টাইল করতে এমনি এমনি লাগানো? 
না, অকাজের তো নয়ই, তা ছাড়া এর পিছনে ছোট্ট একটি ইতিহাস আছে। 
একটা সময় জিনস পরতেন শ্রমজীবী শ্রেণির মানুষ, যাঁদের কঠোর শারীরিক শ্রম করতে হত। কিন্তু, সমস্যা হল, কারওরই জিনসের প্যান্টের পকেট বেশি দিন টিকত না। সেলাইয়ের জোরে টেকসই হত না। ধার থেকে পকেট খুলে বেরিয়ে যেত। যে কারণে, খুলতে থাকা পকেটটি একসময় জিনস থেকে ছিঁড়ে ফেলেই দিতেন শ্রমিকরা। কিন্তু, তাঁদের পকেটের দরকারও পড়ত। 
মুশকিল আসানে এগিয়ে আসেন জ্যাকব ডেভিস। যিনি পেশায় একজন দর্জি। ১৮৭৩ সালে তাঁরা মাথা থেকেই বেরোয় ক্ষুদ্র বোতামের আইডিয়াটি। তামার তৈরি ছোট্ট বেতাম রিপিটের মতোই লাগিয়ে দেন পকেটের দু-ধারে। তাতেই কেল্লাফতে। পকেট হয়ে ওঠে টেকসই। এর পেটেন্ট নেওয়ার পরিকল্পনাও ছিল জ্যাকবের। কিন্তু, আর্থিক সচ্ছলতা না-থাকার কারণে পারেননি। Facebook Comments 
</post>
<signature>

</signature>
<external_links>

</external_links>
<country>GB</country>
<main_image>http://thebdnews24.com/wp-content/uploads/2016/05/51913267-667x400.png</main_image>
</document>
