<?xml version="1.0" encoding="UTF-8"?>
<document>
<type>mainstream</type>
<forum>http://www.informazione.it/xml/pr/0d62108b-a0c2-46f5-b8d9-9aed3a376451.xml?lng=neutral</forum>
<forum_title>I Comunicati Stampa di PR Newswire su informazione.it</forum_title>
<discussion_title>Ionic Liquids Market Worth 39.6 Million USD by 2021</discussion_title>
<language>english</language>
<gmt_offset></gmt_offset>
<topic_url>http://www.informazione.it/c/01B52C7A-0D78-403F-A70B-CFE6F60DB4FA/Ionic-Liquids-Market-Worth-39-6-Million-USD-by-2021</topic_url>
<topic_text>
Ionic Liquids Market Worth 39.6 Million USD by 2021 ( informazione.it - comunicati stampa - scienza e tecnologia ) 

Browse 32 market data Tables and 37 Figures spread through 97 Pages and in-depth TOC on &quot; Ionic Liquids Market &quot; 
http://www.marketsandmarkets.com/Market-Reports/ionic-liquid-market-163716481.html 
Early buyers will receive 10% customization on this report. 
The market is expected to be driven by increasing demand for ionic liquids in emerging markets and high demand from the bio-refineries and electrochemistry &amp; batteries application segments. Asia-Pacific is projected to witness the highest CAGR, in terms of value, between 2016 and 2021. Growth in this region can be attributed to high demand from emerging markets such as China and India . 
Solvents &amp; catalysts: The largest application segment of ionic liquids 
Ionic liquids are fused salts that remain in liquid state under 100ºC. These liquids are one of the potential replacements of industrial solvents because of their ability to dissolve various chemicals and low volatility, as they have low vapor pressures. Solvents &amp; catalysts is one of the major applications of ionic liquids. 
Ionic Liquids Market is a mere combination of a cation and an anion. These specialty liquids have the potential to be used as a solvent and catalyst in bio-refineries and as an electrolyte in electrochemistry &amp; batteries as well as bio-refineries. Majority of the chemical reactions are carried out in the presence of solvents. Solvents are used on a wide scale, but are difficult to store because of their volatility. They also have VOCs that are harmful to the environment and can cause health hazards. As the governments worldwide are restricting the emission of VOCs, ionic liquids can be a potential replacement for solvents, which will drive the ionic liquids market. 
For More Info Make Inquiry @ http://www.marketsandmarkets.com/Enquiry_Before_Buying.asp?id=163716481 
In 2015, Asia-Pacific accounted for the largest market share of ionic liquids, in terms of value. The potential increase in adoption of ionic liquids in bio-refineries for pre-processing or reforming of biomass and increasing consumption of these liquids in electrochemistry &amp; batteries are expected to be the major drivers of the market during the forecast period. China is one of the leading consumers of ionic liquids worldwide, with increased demand from various end-use applications. 
Browse Related Reports: 
Green and Bio-Solvents Market by Type (Alcohols, Glycols, Diols, Lactate Esters, D-Limonene, Methyl Soyate &amp; Others), &amp; by Application (Industrial &amp; Domestic Cleaners, Paints &amp; Coatings, Adhesives, Printing Inks &amp; Others) - Global Forecast to 2020
</topic_text>
<spam_score>0.00</spam_score>
<post_num>1</post_num>
<post_id>post-1</post_id>
<post_url>http://www.informazione.it/c/01B52C7A-0D78-403F-A70B-CFE6F60DB4FA/Ionic-Liquids-Market-Worth-39-6-Million-USD-by-2021</post_url>
<post_date>20160512</post_date>
<post_time>1530</post_time>
<username></username>
<post>
Ionic Liquids Market Worth 39.6 Million USD by 2021 ( informazione.it - comunicati stampa - scienza e tecnologia ) 

Browse 32 market data Tables and 37 Figures spread through 97 Pages and in-depth TOC on &quot; Ionic Liquids Market &quot; 
http://www.marketsandmarkets.com/Market-Reports/ionic-liquid-market-163716481.html 
Early buyers will receive 10% customization on this report. 
The market is expected to be driven by increasing demand for ionic liquids in emerging markets and high demand from the bio-refineries and electrochemistry &amp; batteries application segments. Asia-Pacific is projected to witness the highest CAGR, in terms of value, between 2016 and 2021. Growth in this region can be attributed to high demand from emerging markets such as China and India . 
Solvents &amp; catalysts: The largest application segment of ionic liquids 
Ionic liquids are fused salts that remain in liquid state under 100ºC. These liquids are one of the potential replacements of industrial solvents because of their ability to dissolve various chemicals and low volatility, as they have low vapor pressures. Solvents &amp; catalysts is one of the major applications of ionic liquids. 
Ionic Liquids Market is a mere combination of a cation and an anion. These specialty liquids have the potential to be used as a solvent and catalyst in bio-refineries and as an electrolyte in electrochemistry &amp; batteries as well as bio-refineries. Majority of the chemical reactions are carried out in the presence of solvents. Solvents are used on a wide scale, but are difficult to store because of their volatility. They also have VOCs that are harmful to the environment and can cause health hazards. As the governments worldwide are restricting the emission of VOCs, ionic liquids can be a potential replacement for solvents, which will drive the ionic liquids market. 
For More Info Make Inquiry @ http://www.marketsandmarkets.com/Enquiry_Before_Buying.asp?id=163716481 
In 2015, Asia-Pacific accounted for the largest market share of ionic liquids, in terms of value. The potential increase in adoption of ionic liquids in bio-refineries for pre-processing or reforming of biomass and increasing consumption of these liquids in electrochemistry &amp; batteries are expected to be the major drivers of the market during the forecast period. China is one of the leading consumers of ionic liquids worldwide, with increased demand from various end-use applications. 
Browse Related Reports: 
Green and Bio-Solvents Market by Type (Alcohols, Glycols, Diols, Lactate Esters, D-Limonene, Methyl Soyate &amp; Others), &amp; by Application (Industrial &amp; Domestic Cleaners, Paints &amp; Coatings, Adhesives, Printing Inks &amp; Others) - Global Forecast to 2020
</post>
<signature>

</signature>
<external_links>

</external_links>
<country>IT</country>
<main_image>http://imgs3.informazione.it/img/pr_def_md.jpg</main_image>
</document>
