<?xml version="1.0" encoding="UTF-8"?>
<document>
<type>mainstream</type>
<forum>http://feedpress.me/gds_hp_sicilia</forum>
<forum_title>Giornale di Sicilia</forum_title>
<discussion_title>Sviluppo Italia, Marziano: crisi superata Corsi per 5mila ragazzi pronti a partire</discussion_title>
<language>italian</language>
<gmt_offset></gmt_offset>
<topic_url>http://gds.it/2016/05/12/sviluppo-italia-marziano-crisi-superata-corsi-per-5mila-ragazzi-pronti-a-partire_511898/</topic_url>
<topic_text>
5 
PALERMO. “Se domani i dipendenti di Sviluppo Italia Sicilia torneranno al lavoro, nel giro di un mese dovrebbero partire i corsi di formazione per assicurare l’obbligo d’istruzione”. Lo afferma l’assessore regionale Bruno Marziano che oggi ha incontrato i 75 impiegati presso la società partecipata della Regione. 
Questo personale si occupa dell’accreditamento degli enti, cioè dell’autorizzazione per organizzare i corsi. In ballo ci sono circa 45 milioni di euro relativi a 371 progetti per svolgere corsi rivolti a giovani in obbligo scolastico ma gli enti non possono attivarsi perché non hanno ancora ottenuto proprio l’accreditamento. Una brutta notizia per oltre 5 mila allievi in obbligo scolastico e per almeno 800 formatori da mesi senza stipendio che attendono di tornare al lavoro in un ente. 
I dipendenti di Sviluppo Italia Sicilia, che si occupa di assistenza alle imprese, hanno iniziato a protestare dopo che la societàè stata messa in liquidazione per una grave crisi finanziaria. Il piano di riordino delle partecipate e in generale le norme che regolano il mondo delle partecipate prevedono la chiusura degli enti coi conti in rosso, ma secondo i dipendenti la causa della crisi è legata al mancato affidamento di commesse da parte dei dipartimenti regionali, che si sono affidati a società esterne nonostante una direttiva del presidente Crocetta stabilisse il contrario. Sviluppo Italia Sicilia, la protesta dei lavoratori - Video 
Adesso i lavoratori sono pronti a tornare al lavoro per una settimana &quot;per dare un segnale&quot; nella speranza che la vertenza possa risolversi in loro favore. Domattina voteranno in assemblea e, salvo sorprese, la maggioranza dovrebbe decidere di tornare dietro alla scrivania. “Siamo pronti a dimostrare quanto valiamo – dicono alcuni dipendenti – e che in poco tempo autorizzeremo tutti gli enti”. Nel frattempo il dipartimento della Formazione compirà gli ultimi passaggi per sbloccare i finanziamenti e rimettere in moto il mondo della formazione professionale siciliana. Obiettivo che Marziano conta di raggiungere, se tutto andrà bene, nell’arco di un mese e comunque entro giugno. 
© Riproduzione riservata
</topic_text>
<spam_score>0.00</spam_score>
<post_num>1</post_num>
<post_id>post-1</post_id>
<post_url>http://gds.it/2016/05/12/sviluppo-italia-marziano-crisi-superata-corsi-per-5mila-ragazzi-pronti-a-partire_511898/</post_url>
<post_date>20160512</post_date>
<post_time>1607</post_time>
<username></username>
<post>
5 
PALERMO. “Se domani i dipendenti di Sviluppo Italia Sicilia torneranno al lavoro, nel giro di un mese dovrebbero partire i corsi di formazione per assicurare l’obbligo d’istruzione”. Lo afferma l’assessore regionale Bruno Marziano che oggi ha incontrato i 75 impiegati presso la società partecipata della Regione. 
Questo personale si occupa dell’accreditamento degli enti, cioè dell’autorizzazione per organizzare i corsi. In ballo ci sono circa 45 milioni di euro relativi a 371 progetti per svolgere corsi rivolti a giovani in obbligo scolastico ma gli enti non possono attivarsi perché non hanno ancora ottenuto proprio l’accreditamento. Una brutta notizia per oltre 5 mila allievi in obbligo scolastico e per almeno 800 formatori da mesi senza stipendio che attendono di tornare al lavoro in un ente. 
I dipendenti di Sviluppo Italia Sicilia, che si occupa di assistenza alle imprese, hanno iniziato a protestare dopo che la societàè stata messa in liquidazione per una grave crisi finanziaria. Il piano di riordino delle partecipate e in generale le norme che regolano il mondo delle partecipate prevedono la chiusura degli enti coi conti in rosso, ma secondo i dipendenti la causa della crisi è legata al mancato affidamento di commesse da parte dei dipartimenti regionali, che si sono affidati a società esterne nonostante una direttiva del presidente Crocetta stabilisse il contrario. Sviluppo Italia Sicilia, la protesta dei lavoratori - Video 
Adesso i lavoratori sono pronti a tornare al lavoro per una settimana &quot;per dare un segnale&quot; nella speranza che la vertenza possa risolversi in loro favore. Domattina voteranno in assemblea e, salvo sorprese, la maggioranza dovrebbe decidere di tornare dietro alla scrivania. “Siamo pronti a dimostrare quanto valiamo – dicono alcuni dipendenti – e che in poco tempo autorizzeremo tutti gli enti”. Nel frattempo il dipartimento della Formazione compirà gli ultimi passaggi per sbloccare i finanziamenti e rimettere in moto il mondo della formazione professionale siciliana. Obiettivo che Marziano conta di raggiungere, se tutto andrà bene, nell’arco di un mese e comunque entro giugno. 
© Riproduzione riservata
</post>
<signature>

</signature>
<external_links>

</external_links>
<country>ME</country>
<main_image>http://gds.it.cdn-immedia.net/2015/11/Bruno-Marziano1-535x300.jpg</main_image>
</document>
