<?xml version="1.0" encoding="UTF-8"?>
<document>
<type>mainstream</type>
<forum>http://www.kuzeyekspres.com.tr/rss</forum>
<forum_title>Kuzey Ekspres Gazetesi</forum_title>
<discussion_title>ARABALAR HACİZDE</discussion_title>
<language>turkish</language>
<gmt_offset></gmt_offset>
<topic_url>http://www.kuzeyekspres.com.tr/arabalar-hacizde-50648h.htm</topic_url>
<topic_text>
Koskoca Trabzonspor un düştüğü hale bir bakarmısınız? 
Gerçi mevcut yönetimin de bu işte günahı sucu yok. 
Var dersek onlara da haksızlık yapmış oluruz diye düşünüyoruz. 
Yaşanan hadiseyi virgülünü noktasına dokunmadan aynen size aktarıyoruz. 
O şampiyonluk yıllarında sakatlık yaşamasaydı, Trabzonsporun efsane santrforlarından birisi olacaktı Cengiz Akçay. 
Akçay’ın kızı önemli bir rahatsızlık yaşıyor. 
Kızımızın Tedavisine şuan Samsun Tıp fakültesinde devam ediliyor. 
Cengiz Akçay ve ailesine haliyle kızımıza moral olsun diye eski takım arkadaşları Samsuna gitmek için Trabzonspor un kapısını çalıp bir otobüs isterler. 
Evet, sıkı durun. 
Çalınan kapıda aldıklara cevaba bir bakın. 
“Veremeyiz, bizim arabalara icra konmuş, şehir dışına gönderemiyoruz, hatta Osman Aydın ın arabası bile bu yolla bağlandı” 
Vay be. 
Görünen fotoğrafa baktığımızda Trabzonspor un kımıldama şansının olmadığını ap aşikâr şekilde görmekteyiz. 
Ne güzel bir dünya değil mi? 
Milyon eurolar transferlerde havalarda uçuşturuldu, ama diğer ödemeler yapılmayınca arabalara haciz getirildi. 
Tek söz söylüyoruz, kulübü bu duruma getirenleri Allaha havale ediyoruz. 

NASIL BİR MANTALİTE BİZ ANLAYAMADIK? 
Oynat uğurcuğumdan sonra iş oynat Sadi hocama geldi. 
Sadi Tekelioğlu görevdeyken, başkan muharrem Usta, Hoca ile bir görüşmesinde ”Hocam Marini oynat, taliplisi var, Cinden bir takıma iyi paraya satarız onu” der. 
Tekelioğlunun buna karşın cevabı ”başkanım Marin bizde kiralık, bizle alakası yok” olur. 
Bu kez vaziyeti kurtarmak için usta Tekelioğluna ” önemli değil hocam, sen oynat, sezon sonu alıp satarız” 
Gelin şimdi buna yorum yapın! 
Aşağı tükür sakal yukarı tükür bıyık misali durum vaziyet. 
Dünyanın neresinde görülmüş, kiralık oyuncu oynatıp, piyasasını yapıp, sonra alıp bir başka takıma iyi paralarla satmak. 
Var mı böyle bir dünya? 
Var mı böyle bir anlayış? 
Neyse gameti yinede fazla uzatmayalım. 

Gerçi kendisi bu gibi işleri sevmez. 
Adının gündeme gelmesini ise hiç istemez. 
Ama bunu yazmak bizim görevimiz. 
Necmi abi ne kadar istemezse de yazmak zorundayız. 
Trabzonspor ve milli takımın unutulmaz golcülerinden olan Necmi Perekli bir operasyon geçirdi. 
Şuan durumu gayet iyi… 
Necmi Perekliye geçmiş olsun diyor, uzun sağlıklı bir ömür diliyoruz. 

Evet, kura çekildi. 
Tarih ve maç saati belirlendi. 
Çarşamba günü Yalı spor, Zağnosspora ile Bal ligine çıkmak için Ahmet Suat Özyazıcı sahasında saat 15.00 de final maçına çıkacaklar. 
Öncelikle maçın fair play içerisinde geçmesini, hak edenin kazanmasını ve sonunda kazananın Trabzon futbolu olmasını temenni ediyoruz. 
İki takımda bizim. 
İki takımın oyuncuları da bizim. 
İki takımın yönetimi ve teknik heyetleri de bizim. 
O nedenle diyoruz ki, aman ha kötü bir olaya mahal vermeyelim.
</topic_text>
<spam_score>0.00</spam_score>
<post_num>1</post_num>
<post_id>post-1</post_id>
<post_url>http://www.kuzeyekspres.com.tr/arabalar-hacizde-50648h.htm</post_url>
<post_date>20160511</post_date>
<post_time>0638</post_time>
<username></username>
<post>
Koskoca Trabzonspor un düştüğü hale bir bakarmısınız? 
Gerçi mevcut yönetimin de bu işte günahı sucu yok. 
Var dersek onlara da haksızlık yapmış oluruz diye düşünüyoruz. 
Yaşanan hadiseyi virgülünü noktasına dokunmadan aynen size aktarıyoruz. 
O şampiyonluk yıllarında sakatlık yaşamasaydı, Trabzonsporun efsane santrforlarından birisi olacaktı Cengiz Akçay. 
Akçay’ın kızı önemli bir rahatsızlık yaşıyor. 
Kızımızın Tedavisine şuan Samsun Tıp fakültesinde devam ediliyor. 
Cengiz Akçay ve ailesine haliyle kızımıza moral olsun diye eski takım arkadaşları Samsuna gitmek için Trabzonspor un kapısını çalıp bir otobüs isterler. 
Evet, sıkı durun. 
Çalınan kapıda aldıklara cevaba bir bakın. 
“Veremeyiz, bizim arabalara icra konmuş, şehir dışına gönderemiyoruz, hatta Osman Aydın ın arabası bile bu yolla bağlandı” 
Vay be. 
Görünen fotoğrafa baktığımızda Trabzonspor un kımıldama şansının olmadığını ap aşikâr şekilde görmekteyiz. 
Ne güzel bir dünya değil mi? 
Milyon eurolar transferlerde havalarda uçuşturuldu, ama diğer ödemeler yapılmayınca arabalara haciz getirildi. 
Tek söz söylüyoruz, kulübü bu duruma getirenleri Allaha havale ediyoruz. 

NASIL BİR MANTALİTE BİZ ANLAYAMADIK? 
Oynat uğurcuğumdan sonra iş oynat Sadi hocama geldi. 
Sadi Tekelioğlu görevdeyken, başkan muharrem Usta, Hoca ile bir görüşmesinde ”Hocam Marini oynat, taliplisi var, Cinden bir takıma iyi paraya satarız onu” der. 
Tekelioğlunun buna karşın cevabı ”başkanım Marin bizde kiralık, bizle alakası yok” olur. 
Bu kez vaziyeti kurtarmak için usta Tekelioğluna ” önemli değil hocam, sen oynat, sezon sonu alıp satarız” 
Gelin şimdi buna yorum yapın! 
Aşağı tükür sakal yukarı tükür bıyık misali durum vaziyet. 
Dünyanın neresinde görülmüş, kiralık oyuncu oynatıp, piyasasını yapıp, sonra alıp bir başka takıma iyi paralarla satmak. 
Var mı böyle bir dünya? 
Var mı böyle bir anlayış? 
Neyse gameti yinede fazla uzatmayalım. 

Gerçi kendisi bu gibi işleri sevmez. 
Adının gündeme gelmesini ise hiç istemez. 
Ama bunu yazmak bizim görevimiz. 
Necmi abi ne kadar istemezse de yazmak zorundayız. 
Trabzonspor ve milli takımın unutulmaz golcülerinden olan Necmi Perekli bir operasyon geçirdi. 
Şuan durumu gayet iyi… 
Necmi Perekliye geçmiş olsun diyor, uzun sağlıklı bir ömür diliyoruz. 

Evet, kura çekildi. 
Tarih ve maç saati belirlendi. 
Çarşamba günü Yalı spor, Zağnosspora ile Bal ligine çıkmak için Ahmet Suat Özyazıcı sahasında saat 15.00 de final maçına çıkacaklar. 
Öncelikle maçın fair play içerisinde geçmesini, hak edenin kazanmasını ve sonunda kazananın Trabzon futbolu olmasını temenni ediyoruz. 
İki takımda bizim. 
İki takımın oyuncuları da bizim. 
İki takımın yönetimi ve teknik heyetleri de bizim. 
O nedenle diyoruz ki, aman ha kötü bir olaya mahal vermeyelim.
</post>
<signature>

</signature>
<external_links>

</external_links>
<country>TR</country>
<main_image>http://d.kuzeyekspres.com.tr/news/71921.jpg</main_image>
</document>
