<?xml version="1.0" encoding="UTF-8"?>
<document>
<type>mainstream</type>
<forum>http://www.ajc.com/feeds/categories/business/</forum>
<forum_title>News | Business</forum_title>
<discussion_title>UK central bank warns of recession risk in case of EU exit</discussion_title>
<language>english</language>
<gmt_offset></gmt_offset>
<topic_url>http://www.ajc.com/ap/ap/top-news/uk-central-bank-warns-of-recession-risk-in-case-of/pC9tFZ/</topic_url>
<topic_text>
SUBSCRIBE FOLLOW US © 2016 Cox Media Group . By using this website, you accept the terms of our Visitor Agreement and Privacy Policy , and understand your options regarding Ad Choices . Learn about careers at Cox Media Group . UK central bank warns of recession risk in case of EU exit Governor of the Bank of England Mark Carney delivers his monthly inflation report at the Bank of England in the City of London, Thursday, May 12, 2016. The Bank of England has voted to keep interest rates steady amid signs that the economy is beginning to falter and uncertainty over next month’s vote on whether Britain should leave the European Union. The bank’s nine policymakers unanimously agreed to leave the key interest rate at 0.5 percent. Governor Mark Carney will be questioned about the economic risks of leaving the EU at a news conference at which he will present new growth forecasts for the country. (Dylan Martinez/PA via AP) UNITED KINGDOM OUT - NO SALES - NO ARCHIVES Most Read
</topic_text>
<spam_score>0.00</spam_score>
<post_num>1</post_num>
<post_id>post-1</post_id>
<post_url>http://www.ajc.com/ap/ap/top-news/uk-central-bank-warns-of-recession-risk-in-case-of/pC9tFZ/</post_url>
<post_date>20160512</post_date>
<post_time>1409</post_time>
<username></username>
<post>
SUBSCRIBE FOLLOW US © 2016 Cox Media Group . By using this website, you accept the terms of our Visitor Agreement and Privacy Policy , and understand your options regarding Ad Choices . Learn about careers at Cox Media Group . UK central bank warns of recession risk in case of EU exit Governor of the Bank of England Mark Carney delivers his monthly inflation report at the Bank of England in the City of London, Thursday, May 12, 2016. The Bank of England has voted to keep interest rates steady amid signs that the economy is beginning to falter and uncertainty over next month’s vote on whether Britain should leave the European Union. The bank’s nine policymakers unanimously agreed to leave the key interest rate at 0.5 percent. Governor Mark Carney will be questioned about the economic risks of leaving the EU at a news conference at which he will present new growth forecasts for the country. (Dylan Martinez/PA via AP) UNITED KINGDOM OUT - NO SALES - NO ARCHIVES Most Read
</post>
<signature>

</signature>
<external_links>

</external_links>
<country>US</country>
<main_image>http://media.cmgdigital.com/shared/img/photos/2016/05/12/45/79/01b09927e36a4703a112fd14194b6c7b-10767cdd476f4901a1e2924a78c005a3-0.jpg</main_image>
</document>
