<?xml version="1.0" encoding="UTF-8"?>
<document>
<type>mainstream</type>
<forum>http://feeds.guardian.co.uk/theguardian/world/rss</forum>
<forum_title>World news | The Guardian</forum_title>
<discussion_title>Trump and Ryan: meeting was a &apos;very positive step&apos; toward GOP unity – live | US news</discussion_title>
<language>english</language>
<gmt_offset></gmt_offset>
<topic_url>https://www.theguardian.com/us-news/live/2016/may/12/us-election-live-trump-paul-ryan-meeting</topic_url>
<topic_text>
Donald Trump and Paul Ryan will meet at the Republican National Committee headquarters in Washington DC. Composite: AFP &amp; AP Tom McCarthy 
@TeeMcSee Thursday 12 May 2016 17.26 BST 
Share on Facebook Share on Twitter Share via Email Share on Pinterest Share on LinkedIn Share on Google+ Share on WhatsApp Key events Show 4.48pm BST 16:48 Ryan describes agreement with Trump on &apos;core principles&apos; 4.43pm BST 16:43 Ryan on Trump&apos;s Muslim ban: &apos;I&apos;m not interested in litigating the past&apos; 4.40pm BST 16:40 Ryan: &apos;happy to serve as chair&apos; of convention 4.37pm BST 16:37 Ryan: &apos;I was very encouraged&apos; 4.30pm BST 16:30 Priebus: meeting &apos;went as well as I&apos;d hoped&apos; 4.15pm BST 16:15 Ryan-Trump statement: &apos;we are totally committed to working together&apos; 4.11pm BST 16:11 Ryan-Trump statement hails &apos;very positive step&apos; Live feed Show 5.26pm BST 17:26 
How are things going with Trump and the senators , meeting now at the National Republican senatorial committee? 
Will Mitch McConnell share Ryan’s stated reservations about endorsing Trump – or will the majority leader and the nominee engage in a faster-moving courtship?
— James Hohmann (@jameshohmann) May 12, 2016 The scene outside the NRSC more than an hour into Trump&apos;s meeting with GOP senators. pic.twitter.com/jciN6XDiDI 
Facebook Twitter Google plus Share Share this post Facebook Twitter Google plus close 5.08pm BST 17:08 
What about those minor “policy disputes” (trade, immigration, taxes, entitlements, a religious test for migrants) that separate Donald Trump and Paul Ryan in spite of their agreement on “core principles” (beat Hillary Clinton)?
Greg Sargent of the Washington Post has a suggestion:
— Greg Sargent (@ThePlumLineGS) May 12, 2016 To win over Paul Ryan, Trump simply needs to learn GOP-policy-speak, which should be a snap: https://t.co/jkFglCFT2c 
— Greg Sargent (@ThePlumLineGS) May 12, 2016 1) Stop saying &quot;deportations&quot; and instead say &quot;enforce the law&quot;

2) Agree to &quot;reform and strengthen&quot; entitlements https://t.co/r2KsBWekub 
Updated at 5.08pm BST 
Facebook Twitter Google plus Share Share this post Facebook Twitter Google plus close 5.01pm BST 17:01 
Reactions to Ryan: people are not scanning Ryan’s statement just then on Trump as a profile in courage, anyhow:
— Matt Lewis (@mattklewis) May 12, 2016 Ryan desperately wants to have his cake &amp; eat it, too. Wants to back Trump w/out tarnishing reform conservatism. Will it work? Up to Trump.
— Jake Sherman (@JakeSherman) May 12, 2016 Ryan is a Trump guy now! Also, for the record, a policy guy; a budget guy; a Wisconsin guy; a hunting guy; a regular order guy!
— Bill Kristol (@BillKristol) May 12, 2016 &quot;Trump believes in limited government.&quot; Not a parody.
— Allahpundit (@allahpundit) May 12, 2016 Irony: Ryan’s endorsement, having been “earned,” will do more to promote Trump than McConnell’s perfunctory insta-cave
— jimgeraghty (@jimgeraghty) May 12, 2016 Trump &amp; Ryan are those guys who can&apos;t stand each other who get handcuffed together, and have to spend the rest of the movie cooperating.
— southpaw (@nycsouthpaw) May 12, 2016 (Paul Ryan looks pensively out his office window, mutters to himself) &quot;I must find out where the people are going so I can lead them.&quot;
— Chris Cillizza (@TheFix) May 12, 2016 Yes, folks, Paul Ryan is going to endorse Donald Trump . Not today but he&apos;s going to endorse.
Updated at 5.16pm BST 
Facebook Twitter Google plus Share Share this post Facebook Twitter Google plus close 4.57pm BST 16:57 
As Paul Ryan in Washington talks about Donald Trump’s “very good personality,” Bernie Sanders in South Dakota ignores him and buys donuts.
— Danny Freeman (@DannyEFreeman) May 12, 2016 As @BernieSanders picks out donuts at a South Dakota gas station, @SpeakerRyan &apos;s press conference plays behind him. pic.twitter.com/0weCr324S5 
Facebook Twitter Google plus Share Share this post Facebook Twitter Google plus close 4.48pm BST 16:48 
Ryan describes agreement with Trump on &apos;core principles&apos; Ryan said he sounded Trump out on his views on abortion, “limited government”, “the constitution”, and “executive power” and he found broad agreement.
The conversation was “personal,” Ryan said, suggesting that he probed for Trump’s heartfelt views on issues such as opposing reproductive choice, a position to which Trump is a relatively recent arrival. 
“We talked about life, the supreme court,” Ryan said. “I was very encouraged with what I heard from Donald Trump today.
“We are planting the seed to get ourselves unified to bridge the gaps and differences,” he said.
“It was our first meeting. I was very encouraged, but this is a process, it takes a little time.
“There are policy disputes that we will have. There’s no two ways about it. But on core principles, those are the kinds of things that we discussed.

“In 45 minutes, you don’t litigate all of the issues and all of the processes and the principles.”
Facebook Twitter Google plus Share Share this post Facebook Twitter Google plus close 4.43pm BST 16:43 
Ryan on Trump&apos;s Muslim ban: &apos;I&apos;m not interested in litigating the past&apos; Ryan is asked whether he can get behind Trump’s call for a ban on Muslim migrants and the deportation of undocumented migrants.
Ryan downplays the importance of any differences the two may have on the issue.
“We will have policy disputes,” Ryan says. “I’m not interested in litigating the past. I’m interested in going forward.”
“I represent a wing of the conservative party – he’s bringing a whole new wing. That’s a positive thing.”
Ryan says that the two shared a “positive vision based on core principles.”
The principles include that a Clinton presidency “would be a disaster.”
— Tom McCarthy (@TeeMcSee) May 12, 2016 When Ryan agrees with Trump that Obama guilty of overreach, it&apos;s a &quot;core principle&quot;. Disagreement on Muslim ban is a &quot;policy dispute&quot;
Updated at 4.50pm BST 
Facebook Twitter Google plus Share Share this post Facebook Twitter Google plus close 4.40pm BST 16:40 
Ryan: &apos;happy to serve as chair&apos; of convention Ryan says that after meeting Trump he is happy to serve as chairman of the national convention if Trump wanted him to.
Earlier Ryan had said he was willing to step down in the role if Trump wanted.
“I thought he was a very good personality. He was a very warm... gentleman. .. I actually had a very pleasant exchange with him.”
Facebook Twitter Google plus Share Share this post Facebook Twitter Google plus close 4.37pm BST 16:37 
Ryan: &apos;I was very encouraged&apos; Ryan says “it’s no secret that Donald Trump and I have had our differences, and we talked about those differences today” but “I was very encouraged” by the meeting.
“It’s very important that we don’t fake unifying... so that we are full strength in the fall,” he says.
Updated at 4.38pm BST 
Facebook Twitter Google plus Share Share this post Facebook Twitter Google plus close 4.33pm BST 16:33 
Paul Ryan is speaking. He’s talking about legislation to fight the opioid addiction epidemic. Expected to take questions about Trump. Watch live here:
Facebook Twitter Google plus Share Share this post Facebook Twitter Google plus close 4.30pm BST 16:30 
Priebus: meeting &apos;went as well as I&apos;d hoped&apos; Reince Priebus, the RNC chair, is talking with CNN about the Trump-Ryan meeting, which he said was “positive, it was give-and-take” and “it went as well as I’d hoped.” He said the two shared great chemistry.
CNN’s Dana Bash asked him whether he felt like a couple’s therapist. He said she wouldn’t have asked that if she’d been in the room because the participants did not feel like a couple in a spat.
Bash asked him whether a Paul Ryan endorsement of Donald Trump is in the offing. He said it was “a good first step.”
Facebook Twitter Google plus Share Share this post Facebook Twitter Google plus close 1 of 2 Newest Newer Older Oldest
</topic_text>
<spam_score>0.00</spam_score>
<post_num>7</post_num>
<post_id>post-7</post_id>
<post_url>https://www.theguardian.com/us-news/live/2016/may/12/us-election-live-trump-paul-ryan-meeting</post_url>
<post_date>20160512</post_date>
<post_time>1720</post_time>
<username>sour_mash</username>
<post>
Ferret Top: &quot;But my hands are yuugist&quot;.
(As he exited the room.)
</post>
<signature>

</signature>
<external_links>

</external_links>
<country>GB</country>
<main_image>https://i.guim.co.uk/img/media/84ac61f29084dc2831408966e44df1c6b5bca306/0_0_5000_3000/5000.jpg?w=1200&amp;amp;q=55&amp;amp;auto=format&amp;amp;usm=12&amp;amp;fit=max&amp;amp;s=eecf18f7c0a3c8323c3a62bc75ba3cdc</main_image>
</document>
