<?xml version="1.0" encoding="UTF-8"?>
<document>
<type>mainstream</type>
<forum>http://www.informazione.it/xml/pr/0d62108b-a0c2-46f5-b8d9-9aed3a376451.xml?lng=neutral</forum>
<forum_title>I Comunicati Stampa di PR Newswire su informazione.it</forum_title>
<discussion_title>SIA Adds 61 New Terms to its Global Lexicon</discussion_title>
<language>english</language>
<gmt_offset></gmt_offset>
<topic_url>http://www.informazione.it/c/68A40600-778B-4C06-82E7-F5000A82B95C/SIA-Adds-61-New-Terms-to-its-Global-Lexicon</topic_url>
<topic_text>
Modifica password SIA Adds 61 New Terms to its Global Lexicon The booming sub segment of healthcare staffing, Travel Nurse Staffing, earned recognition in this year&apos;s update. Gig Economy/Gig Work was another new inclusion as the on-demand economy&apos;s impact on the world of work continues to be widely discussed and hotly debated. MOUNTAIN VIEW, California, ( informazione.it - comunicati stampa - servizi ) 
The booming sub segment of healthcare staffing, Travel Nurse Staffing , earned recognition in this year&apos;s update. Gig Economy/Gig Work was another new inclusion as the on-demand economy&apos;s impact on the world of work continues to be widely discussed and hotly debated. 
&quot;The workforce solutions ecosystem is rapidly evolving and as it does, we are ever more in need of a common language around it,&quot; said Barry Asin, President of SIA. &quot;We are excited to be a part of defining and redefining the way people talk about, understand and facilitate talent across global labor markets. The ongoing expansion of the Lexicon reflects where industry discussions are heading.&quot; 
First published in 2007 with 160 terms staffing-related terms, the lexicon has expanded to include global terminology and now has close to 400 definitions relating to the global contingent workforce and the workforce solutions ecosystem. 
Agency Worker , Independent Contractor Compliance (ICC) , Permanent Placement and Workforce Solutions were some of the other new terms making it in to this year&apos;s edition; while Human Cloud , Managed Service Provider/Managed Service Provision (MSP) , Offshoring and Talent Management System (TMS) were among those receiving updated definitions. 
The Lexicon of Global Workforce Solutions-Related Terms is available here . 
About Staffing Industry Analysts (SIA) SIA is the Global Advisor on Staffing and Workforce Solutions Founded in 1989, SIA is the global advisor on staffing and workforce solutions. Our proprietary research covers all categories of employed and non-employed work including temporary staffing, independent contracting and other types of contingent labor. As a division of the international business media company, Crain Communications Inc., SIA is headquartered in Mountain View, California , with offices in London, England . Read more about SIA here. 
Media Contact
</topic_text>
<spam_score>0.00</spam_score>
<post_num>1</post_num>
<post_id>post-1</post_id>
<post_url>http://www.informazione.it/c/68A40600-778B-4C06-82E7-F5000A82B95C/SIA-Adds-61-New-Terms-to-its-Global-Lexicon</post_url>
<post_date>20160512</post_date>
<post_time>1540</post_time>
<username></username>
<post>
Modifica password SIA Adds 61 New Terms to its Global Lexicon The booming sub segment of healthcare staffing, Travel Nurse Staffing, earned recognition in this year&apos;s update. Gig Economy/Gig Work was another new inclusion as the on-demand economy&apos;s impact on the world of work continues to be widely discussed and hotly debated. MOUNTAIN VIEW, California, ( informazione.it - comunicati stampa - servizi ) 
The booming sub segment of healthcare staffing, Travel Nurse Staffing , earned recognition in this year&apos;s update. Gig Economy/Gig Work was another new inclusion as the on-demand economy&apos;s impact on the world of work continues to be widely discussed and hotly debated. 
&quot;The workforce solutions ecosystem is rapidly evolving and as it does, we are ever more in need of a common language around it,&quot; said Barry Asin, President of SIA. &quot;We are excited to be a part of defining and redefining the way people talk about, understand and facilitate talent across global labor markets. The ongoing expansion of the Lexicon reflects where industry discussions are heading.&quot; 
First published in 2007 with 160 terms staffing-related terms, the lexicon has expanded to include global terminology and now has close to 400 definitions relating to the global contingent workforce and the workforce solutions ecosystem. 
Agency Worker , Independent Contractor Compliance (ICC) , Permanent Placement and Workforce Solutions were some of the other new terms making it in to this year&apos;s edition; while Human Cloud , Managed Service Provider/Managed Service Provision (MSP) , Offshoring and Talent Management System (TMS) were among those receiving updated definitions. 
The Lexicon of Global Workforce Solutions-Related Terms is available here . 
About Staffing Industry Analysts (SIA) SIA is the Global Advisor on Staffing and Workforce Solutions Founded in 1989, SIA is the global advisor on staffing and workforce solutions. Our proprietary research covers all categories of employed and non-employed work including temporary staffing, independent contracting and other types of contingent labor. As a division of the international business media company, Crain Communications Inc., SIA is headquartered in Mountain View, California , with offices in London, England . Read more about SIA here. 
Media Contact
</post>
<signature>

</signature>
<external_links>

</external_links>
<country>IT</country>
<main_image>http://imgs3.informazione.it/img/pr_def_md.jpg</main_image>
</document>
