<?xml version="1.0" encoding="UTF-8"?>
<document>
<type>mainstream</type>
<forum>http://feeds.feedburner.com/Newsok/home</forum>
<forum_title>NewsOK.com RSS - home</forum_title>
<discussion_title>Senate votes to trim tax credit for at-risk wells</discussion_title>
<language>english</language>
<gmt_offset></gmt_offset>
<topic_url>http://newsok.com/senate-votes-to-trim-tax-credit-for-at-risk-wells/article/5497693</topic_url>
<topic_text>
KXII: Byng suspect in manhunt shot, killed by police THE OKLAHOMAN You’re viewing an article from The Oklahoman&apos;s newsroom. Print subscribers have Full Access to a premium experience at Oklahoman.com . Senate votes to trim tax credit for at-risk wells Updated: 2 minutes ago 0 shares 
The Oklahoma Senate passed a bill Thursday to trim a state tax break for economically distressed oil wells. 
This could save the state nearly $133 million next fiscal year as the downturn in the oil industry has greatly increased those applying for the gross production tax exemption. 
Senate Bill 1577, which is now to be considered in the House, was approved 37-6. 
In a year in which the state faces a $1.3 billion budget hole, this tax provision simply got too expensive, bill proponents said. 
&quot;Failure of this bill would result in cuts to Medicaid, education and other core services,&quot; said Sen. Clark Jolley, R-Edmond. 
The bill was authored by Sen. President Pro Tem Brian Bingman and House Speaker Jeff Hickman. 
&quot;If you want to defeat the pro tem&apos;s bill, that&apos;s your decision, but the consequences of that decision is that we&apos;ll have less revenue available and we&apos;ll have to make deeper cuts to state agencies,&quot; Jolley said. 
Sen. Ralph Shortey, R-Oklahoma City, said ending the tax break would ultimately hurt the economy. 
&quot;Wells are going to get shut in and shut down,&quot; he said. &quot;We&apos;ll lose a lot of small wells.&quot; 
Bingman said many well owners could simply discontinue production until oil prices rebounded. Rick Green Rick Green is the Capitol Bureau Chief of The Oklahoman. A graduate of Humboldt State University in Arcata, Calif., he worked as news editor for... read more › Subscribe to NewsOK&apos;s Breaking News Headlines Delivered: as needed any time View sample Breaking News Headlines Newsletter has been subscribed to. You have been unsubscribed from the Breaking News Headlines newsletter .
</topic_text>
<spam_score>0.00</spam_score>
<post_num>1</post_num>
<post_id>post-1</post_id>
<post_url>http://newsok.com/senate-votes-to-trim-tax-credit-for-at-risk-wells/article/5497693</post_url>
<post_date>20160512</post_date>
<post_time>1608</post_time>
<username></username>
<post>
KXII: Byng suspect in manhunt shot, killed by police THE OKLAHOMAN You’re viewing an article from The Oklahoman&apos;s newsroom. Print subscribers have Full Access to a premium experience at Oklahoman.com . Senate votes to trim tax credit for at-risk wells Updated: 2 minutes ago 0 shares 
The Oklahoma Senate passed a bill Thursday to trim a state tax break for economically distressed oil wells. 
This could save the state nearly $133 million next fiscal year as the downturn in the oil industry has greatly increased those applying for the gross production tax exemption. 
Senate Bill 1577, which is now to be considered in the House, was approved 37-6. 
In a year in which the state faces a $1.3 billion budget hole, this tax provision simply got too expensive, bill proponents said. 
&quot;Failure of this bill would result in cuts to Medicaid, education and other core services,&quot; said Sen. Clark Jolley, R-Edmond. 
The bill was authored by Sen. President Pro Tem Brian Bingman and House Speaker Jeff Hickman. 
&quot;If you want to defeat the pro tem&apos;s bill, that&apos;s your decision, but the consequences of that decision is that we&apos;ll have less revenue available and we&apos;ll have to make deeper cuts to state agencies,&quot; Jolley said. 
Sen. Ralph Shortey, R-Oklahoma City, said ending the tax break would ultimately hurt the economy. 
&quot;Wells are going to get shut in and shut down,&quot; he said. &quot;We&apos;ll lose a lot of small wells.&quot; 
Bingman said many well owners could simply discontinue production until oil prices rebounded. Rick Green Rick Green is the Capitol Bureau Chief of The Oklahoman. A graduate of Humboldt State University in Arcata, Calif., he worked as news editor for... read more › Subscribe to NewsOK&apos;s Breaking News Headlines Delivered: as needed any time View sample Breaking News Headlines Newsletter has been subscribed to. You have been unsubscribed from the Breaking News Headlines newsletter .
</post>
<signature>

</signature>
<external_links>

</external_links>
<country>US</country>
<main_image>http://s3.amazonaws.com/content.newsok.com/newsok/images/newsok_facebook.jpg</main_image>
</document>
