<?xml version="1.0" encoding="UTF-8"?>
<document>
<type>mainstream</type>
<forum>http://ria.ru/</forum>
<forum_title>РИА Новости</forum_title>
<discussion_title>Улюкаев: нужно ввести безвизовый режим в Калининград для инвесторов</discussion_title>
<language>russian</language>
<gmt_offset></gmt_offset>
<topic_url>http://ria.ru/economy/20160512/1432101951.html</topic_url>
<topic_text>
КАЛИНИНГРАД, 12 мая — РИА Новости. Безвизовый режим для деловых поездок иностранных инвесторов в Калининградскую область можно и нужно вводить, сказал в четверг в Калининграде журналистам министр экономического развития РФ Алексей Улюкаев.
&quot;Что касается безвизового режима, я считаю, что для части деловых поездок инвесторов это можно и нужно сделать. Чуть сложнее с туристическим обменом просто в связи с его массовостью, но тоже будем об этом думать&quot;, — сказал Улюкаев.
В рамках рабочей поездки в регион глава Минэкономразвития проинспектировал строительство стадиона, которое ведется к чемпионату мира по футболу в 2018 году, встретился с губернатором Калининградской области Николаем Цукановым и представителями бизнес-сообщества, с которыми обсудил вопросы господдержки предприятий области после 1 апреля 2016 года в связи со вступлением в действие норм ВТО.
</topic_text>
<spam_score>0.00</spam_score>
<post_num>1</post_num>
<post_id>post-1</post_id>
<post_url>http://ria.ru/economy/20160512/1432101951.html</post_url>
<post_date>20160512</post_date>
<post_time>1928</post_time>
<username>ria.ru</username>
<post>
КАЛИНИНГРАД, 12 мая — РИА Новости. Безвизовый режим для деловых поездок иностранных инвесторов в Калининградскую область можно и нужно вводить, сказал в четверг в Калининграде журналистам министр экономического развития РФ Алексей Улюкаев.
&quot;Что касается безвизового режима, я считаю, что для части деловых поездок инвесторов это можно и нужно сделать. Чуть сложнее с туристическим обменом просто в связи с его массовостью, но тоже будем об этом думать&quot;, — сказал Улюкаев.
В рамках рабочей поездки в регион глава Минэкономразвития проинспектировал строительство стадиона, которое ведется к чемпионату мира по футболу в 2018 году, встретился с губернатором Калининградской области Николаем Цукановым и представителями бизнес-сообщества, с которыми обсудил вопросы господдержки предприятий области после 1 апреля 2016 года в связи со вступлением в действие норм ВТО.
</post>
<signature>

</signature>
<external_links>

</external_links>
<country>RU</country>
<main_image>http://cdn15.img22.ria.ru/images/104256/90/1042569041.jpg</main_image>
</document>
