<?xml version="1.0" encoding="UTF-8"?>
<document>
<type>mainstream</type>
<forum>http://feeds.feedburner.com/GrandeFM</forum>
<forum_title>RSS de Notícias</forum_title>
<discussion_title>Origem de quase R$ 13 mil encontrados com casal executado é investigada</discussion_title>
<language>portuguese</language>
<gmt_offset></gmt_offset>
<topic_url>http://www.grandefm.com.br/noticias/policial/origem-de-quase-r-13-mil-encontrados-com-casal-executado-e-investigada</topic_url>
<topic_text>
12/05/2016 10h47   10h47 Origem de quase R$ 13 mil encontrados com casal executado é investigada Kelly e Rafael foram assassinados com mais de 50 tiros, em Ponta Porã Por: C. Estado Casal estava em carro quando foram assassinados, em via pública - Porã News 
Ainda sem suspeitos de autoria e motivação, o delegado Patrick Linares que investiga o duplo homicídio do casal Kelly Silgueiro Peralta, 30 anos, e Rafael Alves Borges, 29 anos, ocorrido ontem (11), em Ponta Porã, trabalha para descobrir a origem de 3,7 mil dólares, equivalentes a quase R$ 13 mil, encontrados no carro que as vítimas ocupavam. Além disso, pediu à polícia de Cuiabá (MT) cópia do processo de investigação do assassinato do irmão dela, Cristian Silgueiro Peralta, há um ano, na cidade mato-grossense. O objetivo é descobrir se os casos tiveram relação. 
Conforme informações da autoridade policial, Cristian teria sido assassinado durante suposto roubo, o que descartaria relação com a morte da irmã dele. No entanto, apesar de Cristian não ter tido passagens pela polícia, rumores indicam que ele tinha envolvimento com traficantes e teria fugido de Ponta Porã para Cuiabá. 
&apos;&apos;Vamos apurar para ter mais um motivo descartado, se for o caso. Mas, essa não é a nossa linha mais forte de investigação. Não posso divulgar, por enquanto, para não comprometer o nosso trabalho&quot;, pontuou o delegado Patrick, confirmando que descarta também que as mortes tenham tido motivação passional ou relação com o trabalho de Rafael, que era analista na Receita Federal. 
Na tarde de ontem, familiares de Kelly que moram em Ponta Porã foram chamados na delegacia para prestarem depoimento, mas prefeririam o silêncio. &quot;Não colaboraram. Vou marcar outra data para comparecimento&quot;, disse o delegado. Pela recusa da família em falar, o delegado ainda não sabe de onde o casal retornava, nem a origem de 3,5 mil, equivalentes a cerca de R$ 12,7 mil. &quot;Ainda não temos a origem desse valor&quot;, citou. 
Kelly era formada em nutricionismo. Informalmente, o delegado soube, ainda, que ela administrava um hangar, no Paraguai, e que o pai dela seria mecânico de aviões. É possível que o dinheiro pode ser proveniente do negócio. &quot;Não tem como confirmar nada ainda. O que temos de informações são rumos&quot;, destacou Patrick. 
O CRIME 
Rafael e Kelly foram executados com mais de 50 tiros, na manhã de onte (11), no Bairro Ignez Andreazza, em Ponta Porã. O casal foi morto dentro de um Hyundai, com placas de Campo Grande. Os autores estavam em uma moto e fugiram logo após os disparos, segundo testemunhas.  
</topic_text>
<spam_score>0.00</spam_score>
<post_num>1</post_num>
<post_id>post-1</post_id>
<post_url>http://www.grandefm.com.br/noticias/policial/origem-de-quase-r-13-mil-encontrados-com-casal-executado-e-investigada</post_url>
<post_date>20160512</post_date>
<post_time>1849</post_time>
<username></username>
<post>
12/05/2016 10h47   10h47 Origem de quase R$ 13 mil encontrados com casal executado é investigada Kelly e Rafael foram assassinados com mais de 50 tiros, em Ponta Porã Por: C. Estado Casal estava em carro quando foram assassinados, em via pública - Porã News 
Ainda sem suspeitos de autoria e motivação, o delegado Patrick Linares que investiga o duplo homicídio do casal Kelly Silgueiro Peralta, 30 anos, e Rafael Alves Borges, 29 anos, ocorrido ontem (11), em Ponta Porã, trabalha para descobrir a origem de 3,7 mil dólares, equivalentes a quase R$ 13 mil, encontrados no carro que as vítimas ocupavam. Além disso, pediu à polícia de Cuiabá (MT) cópia do processo de investigação do assassinato do irmão dela, Cristian Silgueiro Peralta, há um ano, na cidade mato-grossense. O objetivo é descobrir se os casos tiveram relação. 
Conforme informações da autoridade policial, Cristian teria sido assassinado durante suposto roubo, o que descartaria relação com a morte da irmã dele. No entanto, apesar de Cristian não ter tido passagens pela polícia, rumores indicam que ele tinha envolvimento com traficantes e teria fugido de Ponta Porã para Cuiabá. 
&apos;&apos;Vamos apurar para ter mais um motivo descartado, se for o caso. Mas, essa não é a nossa linha mais forte de investigação. Não posso divulgar, por enquanto, para não comprometer o nosso trabalho&quot;, pontuou o delegado Patrick, confirmando que descarta também que as mortes tenham tido motivação passional ou relação com o trabalho de Rafael, que era analista na Receita Federal. 
Na tarde de ontem, familiares de Kelly que moram em Ponta Porã foram chamados na delegacia para prestarem depoimento, mas prefeririam o silêncio. &quot;Não colaboraram. Vou marcar outra data para comparecimento&quot;, disse o delegado. Pela recusa da família em falar, o delegado ainda não sabe de onde o casal retornava, nem a origem de 3,5 mil, equivalentes a cerca de R$ 12,7 mil. &quot;Ainda não temos a origem desse valor&quot;, citou. 
Kelly era formada em nutricionismo. Informalmente, o delegado soube, ainda, que ela administrava um hangar, no Paraguai, e que o pai dela seria mecânico de aviões. É possível que o dinheiro pode ser proveniente do negócio. &quot;Não tem como confirmar nada ainda. O que temos de informações são rumos&quot;, destacou Patrick. 
O CRIME 
Rafael e Kelly foram executados com mais de 50 tiros, na manhã de onte (11), no Bairro Ignez Andreazza, em Ponta Porã. O casal foi morto dentro de um Hyundai, com placas de Campo Grande. Os autores estavam em uma moto e fugiram logo após os disparos, segundo testemunhas.  
</post>
<signature>

</signature>
<external_links>

</external_links>
<country>BR</country>
<main_image>http://www.grandefm.com.br/media/images/6774/72310/573497cf13d2312fa8580a4fab67e52a3679d5f8760db.jpg</main_image>
</document>
