<?xml version="1.0" encoding="UTF-8"?>
<document>
<type>mainstream</type>
<forum>http://ria.ru/</forum>
<forum_title>РИА Новости</forum_title>
<discussion_title>Калининградские таможенники обнаружили партию наркотиков в посылке из Китая</discussion_title>
<language>russian</language>
<gmt_offset></gmt_offset>
<topic_url>http://ria.ru/kgd/20160512/1432105689.html</topic_url>
<topic_text>
КАЛИНИНГРАД, 12 мая — РИА Новости. Калининградские таможенники вместе с сотрудниками регионального УФСКН обнаружили в почтовом отправлении из Китая крупную партию синтетического наркотика – около одного килограмма аналога амфетамина, сообщила пресс-служба калининградской областной таможни.
&quot;Таможенники во взаимодействии с сотрудниками регионального УФСКН обнаружили в почтовом отправлении из Китая крупную партию синтетического наркотика. Общий вес наркотического средства составил почти один килограмм&quot;, — говорится в сообщении.
По данным экспертизы, вещество является новым синтетическим наркотиком – сильнейшим аналогом амфетамина. В настоящее время по данному факту возбуждено уголовное дело, сообщили в ведомстве.
</topic_text>
<spam_score>0.00</spam_score>
<post_num>1</post_num>
<post_id>post-1</post_id>
<post_url>http://ria.ru/kgd/20160512/1432105689.html</post_url>
<post_date>20160512</post_date>
<post_time>1934</post_time>
<username>ria.ru</username>
<post>
КАЛИНИНГРАД, 12 мая — РИА Новости. Калининградские таможенники вместе с сотрудниками регионального УФСКН обнаружили в почтовом отправлении из Китая крупную партию синтетического наркотика – около одного килограмма аналога амфетамина, сообщила пресс-служба калининградской областной таможни.
&quot;Таможенники во взаимодействии с сотрудниками регионального УФСКН обнаружили в почтовом отправлении из Китая крупную партию синтетического наркотика. Общий вес наркотического средства составил почти один килограмм&quot;, — говорится в сообщении.
По данным экспертизы, вещество является новым синтетическим наркотиком – сильнейшим аналогом амфетамина. В настоящее время по данному факту возбуждено уголовное дело, сообщили в ведомстве.
</post>
<signature>

</signature>
<external_links>

</external_links>
<country>RU</country>
<main_image>http://cdn14.img22.ria.ru/images/99108/27/991082710.jpg</main_image>
</document>
