<?xml version="1.0" encoding="UTF-8"?>
<document>
<type>mainstream</type>
<forum></forum>
<forum_title></forum_title>
<discussion_title>Festival di Cannes 2016: le foto del red carpet d’apertura - Vogue.it</discussion_title>
<language>italian</language>
<gmt_offset></gmt_offset>
<topic_url>http://www.vogue.it/news/appuntamenti-eventi/2016/05/11/festival-cannes-2016-foto-red-carpet-inaugurazione/</topic_url>
<topic_text>
News / Parties &amp; events / Festival di Cannes 2016: le foto del red carpet d’apertura May 11, 2016 6:30 PM by Redazione 
Il Festival del Cinema di Cannes 2016 prende ufficialmente il via. Il lungo red carpet posto davanti al Grand Théâtre Lumière è pronto a ospitare le stelle della pellicola Café Society di Woody Allen, film d’apertura di questa 69esima edizione della kermesse cinematografica francese. Insieme a loro, sul tappeto rosso anche le altre star del cinema che sono già arrivate in Costa Azzurra tra cui Bianca Balti, Naomi Watts, Julianne Moore e Bella Hadid. Scoprite nella nostra gallery tutti i protagonisti del red carpet d’apertura del Festival di Cannes 2016 e, qui sotto, tutti gli arrivi e i photocall sulla Croisette. 38 photos View Gallery 
</topic_text>
<spam_score>0.00</spam_score>
<post_num>1</post_num>
<post_id>post-1</post_id>
<post_url>http://www.vogue.it/news/appuntamenti-eventi/2016/05/11/festival-cannes-2016-foto-red-carpet-inaugurazione/</post_url>
<post_date>20160511</post_date>
<post_time></post_time>
<username>Laura Tortora</username>
<post>
News / Parties &amp; events / Festival di Cannes 2016: le foto del red carpet d’apertura May 11, 2016 6:30 PM by Redazione 
Il Festival del Cinema di Cannes 2016 prende ufficialmente il via. Il lungo red carpet posto davanti al Grand Théâtre Lumière è pronto a ospitare le stelle della pellicola Café Society di Woody Allen, film d’apertura di questa 69esima edizione della kermesse cinematografica francese. Insieme a loro, sul tappeto rosso anche le altre star del cinema che sono già arrivate in Costa Azzurra tra cui Bianca Balti, Naomi Watts, Julianne Moore e Bella Hadid. Scoprite nella nostra gallery tutti i protagonisti del red carpet d’apertura del Festival di Cannes 2016 e, qui sotto, tutti gli arrivi e i photocall sulla Croisette. 38 photos View Gallery 
</post>
<signature>

</signature>
<external_links>

</external_links>
<country>IE</country>
<main_image>http://images.vogue.it/wp-content/uploads/2016/05/11183055/GettyImages-530557376.jpg</main_image>
</document>
