<?xml version="1.0" encoding="UTF-8"?>
<document>
<type>mainstream</type>
<forum>http://www.cbs8.com/category/48535/new-products-services</forum>
<forum_title>New Products &amp;amp; Services - CBS News 8 - San Diego, CA News Station - KFMB Channel 8</forum_title>
<discussion_title>STATE Optical Co. Sets Out to Establish America As the New Epicenter for Luxury Eyewear</discussion_title>
<language>english</language>
<gmt_offset></gmt_offset>
<topic_url>http://www.cbs8.com/story/31957060/state-optical-co-sets-out-to-establish-america-as-the-new-epicenter-for-luxury-eyewear</topic_url>
<topic_text>
 STATE Optical Co.
New American-made luxury eyewear brand now offers 12 unique styles that embody the artfulness and attention to detail that American craftsmanship should be best known for
CHICAGO , May 12, Today, STATE Optical Co. officially launches to optical offices across the U.S. with a collection of American-made luxury acetate frames designed for America&apos;s innovators, entrepreneurs, free thinkers, limit pushers, and status quo changers - or as STATE calls them, the &quot;New Originals.&quot; The launch collection consists of 12 unique styles in a range of color palettes, each named after a popular Chicago street, paying homage to the brand&apos;s Chicago origin. The eyewear, which retails for about $350 , is divided between ophthalmic frames and sunglasses and is currently available at approximately 140 optical retailers in cities across the country.
STATE Optical is the collaboration between husband and wife team, Scott and Amanda Shapiro , eyewear executive Jerry Wolowicz , entrepreneurial cousins Marc Franchi and Jason Stanley , and award-winning eyewear designer Blake Kuwahara . Mr. Kuwahara is a former optometrist whose eyewear is celebrated by fashion media and worn by celebrities.
Benefiting from Mr. Kuwahara&apos;s fashion eye, STATE&apos;s eyewear combines groundbreaking design with an optometrist&apos;s POV, focusing as much on look and style as fit and comfort.
&quot;It&apos;s important for me that eyewear not only looks good on the face, but feels good in the hand. It&apos;s both visual and tactile,&quot; said Mr. Kuwahara. &quot;It&apos;s about the subtleties of the curves and the attention to the milling and polishing that makes a frame special. Because I was able to work directly with Marc and Jason on the execution of the frames, we were able to bring those nuances out in this collection.&quot;
Each frame&apos;s temple tip echoes the STATE logo, a pyramid comprised of 21 individual &quot;dots&quot; (representing America&apos;s 21 st state, Illinois ) skillfully cut then filled by hand with clear epoxy and polished. The acetate palette is sophisticated and nuanced with colors and structures chosen specifically to enhance the frames&apos; silhouettes and flatter the face.
STATE becomes one of a few eyewear brands designed and manufactured exclusively in America, with an office and factory headquartered just outside of Chicago . The company promotes a culture of thoughtfulness through craftsmanship, and prides itself on employing an elite group of skilled artisans who take pride in handcrafting each pair of glasses, which is an arduous process that takes 70 steps to complete. All frames are fully manufactured on premise using top of the line machinery sourced from all over the world.
&quot;Right or wrong, Americans have an immediate connotation to something that&apos;s made in Italy . Made in France . Made in China ,&quot; said Scott Shapiro , CEO and Co-Founder of STATE Optical Co. &quot;It&apos;s been so long since products were regularly made here in the US, that this generation&apos;s palate has been cleansed. STATE was founded to redefine what it means to be &apos; made in America,&apos; and do something that&apos;s never been done in our industry; produce gorgeously crafted American luxury eyewear.&quot;
To find out more, go to stateopticalco.com .
About STATE Optical Co.
STATE Optical Co. is a family-owned and run eyewear company based out of Vernon Hills, IL. The company&apos;s proprietary manufacturing plant exclusively makes STATE eyeglasses and sunglasses. STATE is a collaboration between industry staple Europa International and lead craftsmen (and cousins) Marc Franchi and Jason Stanley .
Photo - http://photos.prnewswire.com/prnh/20160512/366900
 releases/state-optical-co-sets-out-to-establish-america-as-the-new-epicenter-for-luxury-eyewear-300267653.html
 
</topic_text>
<spam_score>0.00</spam_score>
<post_num>1</post_num>
<post_id>post-1</post_id>
<post_url>http://www.cbs8.com/story/31957060/state-optical-co-sets-out-to-establish-america-as-the-new-epicenter-for-luxury-eyewear</post_url>
<post_date>20160512</post_date>
<post_time></post_time>
<username>cbs8</username>
<post>
 STATE Optical Co.
New American-made luxury eyewear brand now offers 12 unique styles that embody the artfulness and attention to detail that American craftsmanship should be best known for
CHICAGO , May 12, Today, STATE Optical Co. officially launches to optical offices across the U.S. with a collection of American-made luxury acetate frames designed for America&apos;s innovators, entrepreneurs, free thinkers, limit pushers, and status quo changers - or as STATE calls them, the &quot;New Originals.&quot; The launch collection consists of 12 unique styles in a range of color palettes, each named after a popular Chicago street, paying homage to the brand&apos;s Chicago origin. The eyewear, which retails for about $350 , is divided between ophthalmic frames and sunglasses and is currently available at approximately 140 optical retailers in cities across the country.
STATE Optical is the collaboration between husband and wife team, Scott and Amanda Shapiro , eyewear executive Jerry Wolowicz , entrepreneurial cousins Marc Franchi and Jason Stanley , and award-winning eyewear designer Blake Kuwahara . Mr. Kuwahara is a former optometrist whose eyewear is celebrated by fashion media and worn by celebrities.
Benefiting from Mr. Kuwahara&apos;s fashion eye, STATE&apos;s eyewear combines groundbreaking design with an optometrist&apos;s POV, focusing as much on look and style as fit and comfort.
&quot;It&apos;s important for me that eyewear not only looks good on the face, but feels good in the hand. It&apos;s both visual and tactile,&quot; said Mr. Kuwahara. &quot;It&apos;s about the subtleties of the curves and the attention to the milling and polishing that makes a frame special. Because I was able to work directly with Marc and Jason on the execution of the frames, we were able to bring those nuances out in this collection.&quot;
Each frame&apos;s temple tip echoes the STATE logo, a pyramid comprised of 21 individual &quot;dots&quot; (representing America&apos;s 21 st state, Illinois ) skillfully cut then filled by hand with clear epoxy and polished. The acetate palette is sophisticated and nuanced with colors and structures chosen specifically to enhance the frames&apos; silhouettes and flatter the face.
STATE becomes one of a few eyewear brands designed and manufactured exclusively in America, with an office and factory headquartered just outside of Chicago . The company promotes a culture of thoughtfulness through craftsmanship, and prides itself on employing an elite group of skilled artisans who take pride in handcrafting each pair of glasses, which is an arduous process that takes 70 steps to complete. All frames are fully manufactured on premise using top of the line machinery sourced from all over the world.
&quot;Right or wrong, Americans have an immediate connotation to something that&apos;s made in Italy . Made in France . Made in China ,&quot; said Scott Shapiro , CEO and Co-Founder of STATE Optical Co. &quot;It&apos;s been so long since products were regularly made here in the US, that this generation&apos;s palate has been cleansed. STATE was founded to redefine what it means to be &apos; made in America,&apos; and do something that&apos;s never been done in our industry; produce gorgeously crafted American luxury eyewear.&quot;
To find out more, go to stateopticalco.com .
About STATE Optical Co.
STATE Optical Co. is a family-owned and run eyewear company based out of Vernon Hills, IL. The company&apos;s proprietary manufacturing plant exclusively makes STATE eyeglasses and sunglasses. STATE is a collaboration between industry staple Europa International and lead craftsmen (and cousins) Marc Franchi and Jason Stanley .
Photo - http://photos.prnewswire.com/prnh/20160512/366900
 releases/state-optical-co-sets-out-to-establish-america-as-the-new-epicenter-for-luxury-eyewear-300267653.html
 
</post>
<signature>

</signature>
<external_links>
<external_link>http://rt.prnewswire.com/rt.gif?NewsItemId=CG97210&amp;Transmission_Id=201605121000PR_NEWS_USPR_____CG97210&amp;DateId=20160512</external_link><external_link>http://www.xmlnews.org/ns/</external_link><external_link>http://photos.prnewswire.com/prnh/20160512/366900</external_link><external_link>https://photos.prnewswire.com/prnvar/20160512/366900</external_link><external_link>http://www.prnewswire.com/news-releases/state-optical-co-sets-out-to-establish-america-as-the-new-epicenter-for-luxury-eyewear-300267653.html</external_link><external_link>https://urldefense.proofpoint.com/v2/url?u=http-3A__stateopticalco.com&amp;d=CwMFaQ&amp;c=4JOzdpIlQcN5fHQL_PMhCQ&amp;r=96rY1hAQFxMVdQ7WXV8Qa3SouHt9_PV6wjzaUtsu724&amp;m=VBExnC_hNB1dO8yYiHRby_5HMvCYUdD54OJxlM-zj7g&amp;s=Meu3w8AiIi3u19dcmqzudWkw8kMY8zndAB6riWy4Yb4&amp;e=</external_link>
</external_links>
<country>US</country>
<main_image></main_image>
</document>
