<?xml version="1.0" encoding="UTF-8"?>
<document>
<type>mainstream</type>
<forum></forum>
<forum_title></forum_title>
<discussion_title>Fotos: Estos son los invitados de esta noche en &quot;Vértigo&quot; - showbiz.publimetro.cl</discussion_title>
<language>spanish</language>
<gmt_offset></gmt_offset>
<topic_url>http://showbiz.publimetro.cl/fotos-estos-son-los-invitados-de-esta-noche-en-vertigo/showbiz/2016-05-12/125930.html</topic_url>
<topic_text>

Sïguenos en Twitter 

Esta noche se vivirá un nuevo capítulo del programa prime de Canal 13, &quot;Vértigo&quot;, el cual ya anunció a los invitados que se la juf¡garán por ser los ganadores de la jornada, tal como lo hizo Fernanda Urrejola en la última edición. 
De esta forma Gloria Benavides, Daniela Chavez, Úrsula Achterberg, Rodrigo González, Juan Falcón e Ignacio Valenzuela, serán los invitados que se someterán al escrutinio del público. 
Daniela Chavez comentará aspectos desconocidos de su vida, Achterberg confesará sus miedos y la vida alejada de la tv, su vuelta de la mano de &quot;Lo que callamos las mujeres&quot; y Gloria Benavides los detalles de la vida de una gran artista. 
Todo esto no sería lo mismo sin la presencia de Yerko Puchento, quien sorprenderá una vez más esta noche con su humor irreverente ante la atenta mirada de lso animadores Martín Cárcamo y Diana Bolocco. 

</topic_text>
<spam_score>0.00</spam_score>
<post_num>1</post_num>
<post_id>post-1</post_id>
<post_url>http://showbiz.publimetro.cl/fotos-estos-son-los-invitados-de-esta-noche-en-vertigo/showbiz/2016-05-12/125930.html</post_url>
<post_date>20160512</post_date>
<post_time></post_time>
<username></username>
<post>

Sïguenos en Twitter 

Esta noche se vivirá un nuevo capítulo del programa prime de Canal 13, &quot;Vértigo&quot;, el cual ya anunció a los invitados que se la juf¡garán por ser los ganadores de la jornada, tal como lo hizo Fernanda Urrejola en la última edición. 
De esta forma Gloria Benavides, Daniela Chavez, Úrsula Achterberg, Rodrigo González, Juan Falcón e Ignacio Valenzuela, serán los invitados que se someterán al escrutinio del público. 
Daniela Chavez comentará aspectos desconocidos de su vida, Achterberg confesará sus miedos y la vida alejada de la tv, su vuelta de la mano de &quot;Lo que callamos las mujeres&quot; y Gloria Benavides los detalles de la vida de una gran artista. 
Todo esto no sería lo mismo sin la presencia de Yerko Puchento, quien sorprenderá una vez más esta noche con su humor irreverente ante la atenta mirada de lso animadores Martín Cárcamo y Diana Bolocco. 

</post>
<signature>

</signature>
<external_links>

</external_links>
<country>CL</country>
<main_image>http://showbiz.publimetro.cl/showbiz/site/artic/20160512/imag/foto_0000002220160512125930.jpg</main_image>
</document>
