<?xml version="1.0" encoding="UTF-8"?>
<document>
<type>mainstream</type>
<forum>http://www.informazione.it/xml/pr/0d62108b-a0c2-46f5-b8d9-9aed3a376451.xml?lng=neutral</forum>
<forum_title>I Comunicati Stampa di PR Newswire su informazione.it</forum_title>
<discussion_title>Routes Africa Forum Aims to Improve African Air Connectivity</discussion_title>
<language>english</language>
<gmt_offset></gmt_offset>
<topic_url>http://www.informazione.it/c/63B3E11C-F640-4892-8ED6-F2BA79A580A1/Routes-Africa-Forum-Aims-to-Improve-African-Air-Connectivity</topic_url>
<topic_text>
Routes Africa Forum Aims to Improve African Air Connectivity ( informazione.it - comunicati stampa - trasporti ) 

Routes Africa 2016 will help to improve African connectivity by bringing together airlines, airports and tourism authorities to discuss future air services. Around 250 route development professionals are expected to attend the forum which was founded ten years ago to stimulate growth in the industry. 
African aviation currently supports 6.9 million jobs and generates more than $80 billion in GDP. It is crucial to the development of Africa&apos;s economy but growth has been slow due to the vastness of the continent and a lack of infrastructure. 
Progress has also been hampered by the regulation and protectionism in some African markets. The Yamoussoukro Decision was reached in 1999 to deregulate air services and encourage transnational competition among 44 countries, but the agreement was not properly implemented and liberalisation failed to materialise. 
However, International Air Transport Association (IATA) figures show that the industry&apos;s future is optimistic. IATA predicts that the African market will grow by 4.7% to 294 million passengers a year by 2034, and that seven of the ten fastest growing markets will be in Africa ( Malawi , Rwanda , Sierra Leone , Central African Republic , Tanzania , Uganda and Ethiopia ). 
By bringing together senior decision makers from the aviation industry to plan African services, the organisers of Routes Africa hope to harness the potential for growth. Some of the leading airlines that have signed up for the event include South African Airways, Ethiopian Airlines, ASKY Airlines, Binter Canarias, Iberia and Norwegian. 
Katie Bland , director of Routes, said: &quot;Routes Africa will help aviation professionals to capitalise on the predicted expansion of African markets. They can take the initiative by making the case for new services to their destinations.&quot; 
Routes Africa 2016 will be held in Tenerife following a successful bid by Tenerife Tourism Corporation which has support from the Canary Islands Government. Just 300 km off the coast of Morocco and closer to the African continent than the European mainland, Tenerife aims to become a connecting aviation hub between Africa and the Americas and Europe . 
Carlos Alonso , president of the Tenerife Government, said: &quot;Tenerife&apos;s long-term aim is to become a logistical stepping stone to Africa , building on our strong historical ties with the continent. Routes Africa is an important part of our activities to strengthen our economic and transport links through new aviation services.&quot; 
For more information about Routes Africa 2016, go to the event website: http://www.routesonline.com/events/185/routes-africa-2016/ 
Routes A frica 2016, Gran Hotel Bahía del Duque , Costa Adeje, Tenerife, 26-28 June 2016 . 
Notes to Editors
</topic_text>
<spam_score>0.00</spam_score>
<post_num>1</post_num>
<post_id>post-1</post_id>
<post_url>http://www.informazione.it/c/63B3E11C-F640-4892-8ED6-F2BA79A580A1/Routes-Africa-Forum-Aims-to-Improve-African-Air-Connectivity</post_url>
<post_date>20160512</post_date>
<post_time>1550</post_time>
<username></username>
<post>
Routes Africa Forum Aims to Improve African Air Connectivity ( informazione.it - comunicati stampa - trasporti ) 

Routes Africa 2016 will help to improve African connectivity by bringing together airlines, airports and tourism authorities to discuss future air services. Around 250 route development professionals are expected to attend the forum which was founded ten years ago to stimulate growth in the industry. 
African aviation currently supports 6.9 million jobs and generates more than $80 billion in GDP. It is crucial to the development of Africa&apos;s economy but growth has been slow due to the vastness of the continent and a lack of infrastructure. 
Progress has also been hampered by the regulation and protectionism in some African markets. The Yamoussoukro Decision was reached in 1999 to deregulate air services and encourage transnational competition among 44 countries, but the agreement was not properly implemented and liberalisation failed to materialise. 
However, International Air Transport Association (IATA) figures show that the industry&apos;s future is optimistic. IATA predicts that the African market will grow by 4.7% to 294 million passengers a year by 2034, and that seven of the ten fastest growing markets will be in Africa ( Malawi , Rwanda , Sierra Leone , Central African Republic , Tanzania , Uganda and Ethiopia ). 
By bringing together senior decision makers from the aviation industry to plan African services, the organisers of Routes Africa hope to harness the potential for growth. Some of the leading airlines that have signed up for the event include South African Airways, Ethiopian Airlines, ASKY Airlines, Binter Canarias, Iberia and Norwegian. 
Katie Bland , director of Routes, said: &quot;Routes Africa will help aviation professionals to capitalise on the predicted expansion of African markets. They can take the initiative by making the case for new services to their destinations.&quot; 
Routes Africa 2016 will be held in Tenerife following a successful bid by Tenerife Tourism Corporation which has support from the Canary Islands Government. Just 300 km off the coast of Morocco and closer to the African continent than the European mainland, Tenerife aims to become a connecting aviation hub between Africa and the Americas and Europe . 
Carlos Alonso , president of the Tenerife Government, said: &quot;Tenerife&apos;s long-term aim is to become a logistical stepping stone to Africa , building on our strong historical ties with the continent. Routes Africa is an important part of our activities to strengthen our economic and transport links through new aviation services.&quot; 
For more information about Routes Africa 2016, go to the event website: http://www.routesonline.com/events/185/routes-africa-2016/ 
Routes A frica 2016, Gran Hotel Bahía del Duque , Costa Adeje, Tenerife, 26-28 June 2016 . 
Notes to Editors
</post>
<signature>

</signature>
<external_links>

</external_links>
<country>IT</country>
<main_image>http://imgs3.informazione.it/img/pr_def_md.jpg</main_image>
</document>
