<?xml version="1.0" encoding="UTF-8"?>
<document>
<type>mainstream</type>
<forum>http://ria.ru/</forum>
<forum_title>РИА Новости</forum_title>
<discussion_title>Тридцать детей Сирии стали жертвами насилия в лагере для беженцев в Турции</discussion_title>
<language>russian</language>
<gmt_offset></gmt_offset>
<topic_url>http://ria.ru/world/20160512/1432106421.html</topic_url>
<topic_text>
АНКАРА, 12 мая — РИА Новости. Тридцать сирийских детей в возрасте от 8 до 12 лет пострадали от сексуального насилия в лагере для беженцев Низип в провинции Газиантеп на юго-востоке Турции, сообщает в четверг газета BirGün .
По данным источников издания, подозреваемый в изнасиловании детей, который заработал уборщиком в лагере, был задержан в сентябре 2015 года. Он в течение трех месяцев совершал преступные действия по отношению к детям в туалете, предлагая своим жертвам от 1,5 до 5 турецких лир (0,5-1,5 доллара).
Семьи восьми пострадавших от насильника детей подали заявления в прокуратуру, в то время как родители других жертв отказались это делать, опасаясь потерять статус беженцев. Обвиняемому грозит до 289 лет лишения свободы.
Эту информацию косвенно подтвердило турецкое Агентство по чрезвычайным ситуациям Турции (AFAD). &quot;Некоторые СМИ написали об инциденте в лагере Низип. Работавший в нем уборщик Е.Е в 2015 году был арестован по решении суда. AFAD внимательно следит за расследованием и принял административные меры, чтобы предотвратить повторение подобных инцидентов. Пострадавшим оказана психологическая поддержка&quot;, — говорится в сообщении ведомства в четверг.
AFAD считает, что обнародование этой информации спустя несколько месяцев после инцидента является попыткой дискредитировать Турцию, которая приняла около 3 миллионов беженцев из Сирии и Ирака.
</topic_text>
<spam_score>0.00</spam_score>
<post_num>1</post_num>
<post_id>post-1</post_id>
<post_url>http://ria.ru/world/20160512/1432106421.html</post_url>
<post_date>20160512</post_date>
<post_time>1935</post_time>
<username>ria.ru</username>
<post>
АНКАРА, 12 мая — РИА Новости. Тридцать сирийских детей в возрасте от 8 до 12 лет пострадали от сексуального насилия в лагере для беженцев Низип в провинции Газиантеп на юго-востоке Турции, сообщает в четверг газета BirGün .
По данным источников издания, подозреваемый в изнасиловании детей, который заработал уборщиком в лагере, был задержан в сентябре 2015 года. Он в течение трех месяцев совершал преступные действия по отношению к детям в туалете, предлагая своим жертвам от 1,5 до 5 турецких лир (0,5-1,5 доллара).
Семьи восьми пострадавших от насильника детей подали заявления в прокуратуру, в то время как родители других жертв отказались это делать, опасаясь потерять статус беженцев. Обвиняемому грозит до 289 лет лишения свободы.
Эту информацию косвенно подтвердило турецкое Агентство по чрезвычайным ситуациям Турции (AFAD). &quot;Некоторые СМИ написали об инциденте в лагере Низип. Работавший в нем уборщик Е.Е в 2015 году был арестован по решении суда. AFAD внимательно следит за расследованием и принял административные меры, чтобы предотвратить повторение подобных инцидентов. Пострадавшим оказана психологическая поддержка&quot;, — говорится в сообщении ведомства в четверг.
AFAD считает, что обнародование этой информации спустя несколько месяцев после инцидента является попыткой дискредитировать Турцию, которая приняла около 3 миллионов беженцев из Сирии и Ирака.
</post>
<signature>

</signature>
<external_links>

</external_links>
<country>RU</country>
<main_image>http://cdn14.img22.ria.ru/images/139208/36/1392083650.jpg</main_image>
</document>
