<?xml version="1.0" encoding="UTF-8"?>
<document>
<type>mainstream</type>
<forum>http://sport.pravda.sk/rss/xml</forum>
<forum_title>Pravda.sk - Šport - Futbal - Hokej</forum_title>
<discussion_title>USA sa polovicu stretnutia trápili. Francúzov zlomili v priebehu piatich minút</discussion_title>
<language>slovak</language>
<gmt_offset></gmt_offset>
<topic_url>http://hokej.pravda.sk/ms-2016/clanok/392910-usa-sa-polovicu-stretnutia-trapili-francuzov-zlomili-v-priebehu-piatich-minut/</topic_url>
<topic_text>
#MS 2016 v hokeji SITA | 12.05.2016 17:48 Hokejisti USA si vo štvrtom vystúpení na majstrovstvách sveta v Rusku pripísali druhé víťazstvo. Vo štvrtkovom popoludňajšom stretnutí &quot;slovenskej&quot; B-skupiny si Američania poradili s Francúzmi 4:0. Snímka zo zápasu USA - Francúzsko. Autor: SITA/AP , Dmitri Lovetsky 
Obhajcovia bronzových medailí z vlaňajšieho šampionátu sa polovicu duelu trápili v zakončení, napokon však potvrdili rolu favorita a zaslúžene triumfovali. O osude zápasu v petrohradskej hale Jubilejnyj rozhodla produktívna päťminútovka na konci druhej tretiny, v ktorej presne namierili Chris Wideman, Connor Murphy a Joseph Taylor Compher. 
Gólovú poistku pridal v 42. min Brady Skjei. Hráci USA sa posunuli so 6 bodmi priebežne na tretiu priečku tabuľky lepším skóre pred Slovákov, Francúzi zostali na piatom mieste s 5 bodmi. 
B-skupina (Petrohrad): USA – Francúzsko 4:0 (0:0, 3:0, 1:0) 
Góly: 35. Wideman (Foligno, Larkin), 37. C. Murphy (Matthews, Vatrano), 40. Compher (Hendricks, Motte), 42. Skjei (Larkin) Vylúčení: 6:4 na 2 min, presilovky: 1:0, oslabenia: 0:0, rozhodovali: Fonselius (Fín.), Piechaczek (Nem.) – Fluri (Švaj.), Lazarev (Rus.) **Tabuľka B-skupiny: **
</topic_text>
<spam_score>0.00</spam_score>
<post_num>1</post_num>
<post_id>post-1</post_id>
<post_url>http://hokej.pravda.sk/ms-2016/clanok/392910-usa-sa-polovicu-stretnutia-trapili-francuzov-zlomili-v-priebehu-piatich-minut/</post_url>
<post_date>20160512</post_date>
<post_time>1548</post_time>
<username>SITA</username>
<post>
#MS 2016 v hokeji SITA | 12.05.2016 17:48 Hokejisti USA si vo štvrtom vystúpení na majstrovstvách sveta v Rusku pripísali druhé víťazstvo. Vo štvrtkovom popoludňajšom stretnutí &quot;slovenskej&quot; B-skupiny si Američania poradili s Francúzmi 4:0. Snímka zo zápasu USA - Francúzsko. Autor: SITA/AP , Dmitri Lovetsky 
Obhajcovia bronzových medailí z vlaňajšieho šampionátu sa polovicu duelu trápili v zakončení, napokon však potvrdili rolu favorita a zaslúžene triumfovali. O osude zápasu v petrohradskej hale Jubilejnyj rozhodla produktívna päťminútovka na konci druhej tretiny, v ktorej presne namierili Chris Wideman, Connor Murphy a Joseph Taylor Compher. 
Gólovú poistku pridal v 42. min Brady Skjei. Hráci USA sa posunuli so 6 bodmi priebežne na tretiu priečku tabuľky lepším skóre pred Slovákov, Francúzi zostali na piatom mieste s 5 bodmi. 
B-skupina (Petrohrad): USA – Francúzsko 4:0 (0:0, 3:0, 1:0) 
Góly: 35. Wideman (Foligno, Larkin), 37. C. Murphy (Matthews, Vatrano), 40. Compher (Hendricks, Motte), 42. Skjei (Larkin) Vylúčení: 6:4 na 2 min, presilovky: 1:0, oslabenia: 0:0, rozhodovali: Fonselius (Fín.), Piechaczek (Nem.) – Fluri (Švaj.), Lazarev (Rus.) **Tabuľka B-skupiny: **
</post>
<signature>

</signature>
<external_links>

</external_links>
<country>SK</country>
<main_image>http://ipravda.sk/res/2016/05/12/thumbs/fancuzsko-usa-clanok.jpeg</main_image>
</document>
