<?xml version="1.0" encoding="UTF-8"?>
<document>
<type>mainstream</type>
<forum>http://www.news9.com/category/13533/international-news?clienttype=rss</forum>
<forum_title>news9.com KWTV - International - Headline</forum_title>
<discussion_title>UK government changes BBC structure; seeks more diversity</discussion_title>
<language>english</language>
<gmt_offset></gmt_offset>
<topic_url>http://www.news9.com/story/31957584/uk-government-changes-bbc-structure-seeks-more-diversity</topic_url>
<topic_text>
UK government changes BBC structure; seeks more diversity Posted: Updated: Thursday, May 12 2016 12:33 PM EDT 2016-05-12 16:33:02 GMT By CARLA K. JOHNSON AP Medical Writer Medical experts say the results of Prince&apos;s autopsy - particularly the toxicology report - may clarify whether prescription painkillers played any part in... More &gt;&gt; By CARLA K. JOHNSON AP Medical Writer Prince&apos;s autopsy, particularly the toxicology report, may clarify whether prescription painkillers played any part in his death. More &gt;&gt; Updated: Thursday, May 12 2016 12:32 PM EDT 2016-05-12 16:32:58 GMT The pistol former neighborhood watch volunteer George Zimmerman used in the fatal shooting of Trayvon Martin is going up for auction online. More &gt;&gt; An online auction appears to have been halted for the pistol that former Florida neighborhood watch volunteer George Zimmerman used to kill unarmed black teenager Trayvon Martin. More &gt;&gt; Updated: Thursday, May 12 2016 12:32 PM EDT 2016-05-12 16:32:48 GMT The state of Michigan will pay all Flint water bills in May to encourage the flushing of lead from old pipes and the recoating of plumbing with a corrosion chemical. More &gt;&gt; The state of Michigan will pay all Flint water bills in May to encourage the flushing of lead from old pipes and the recoating of plumbing with a corrosion chemical. More &gt;&gt; Updated: Thursday, May 12 2016 12:32 PM EDT 2016-05-12 16:32:47 GMT New Hampshire&apos;s governor is calling for a full investigation into the use of force by police after video surfaced of officers appearing to pummel a suspect who had led them on a high-speed chase from... More &gt;&gt; Governors from two states on Thursday called for a full investigation into police use of force against a suspect who was shown on videotape being beaten by officers after apparently surrendering following a long high-speed... More &gt;&gt; Updated: Thursday, May 12 2016 12:22 PM EDT 2016-05-12 16:22:50 GMT A federal appeals court on Thursday explored the question of who was in charge, the U.S. military or civilian interrogators, when four former Iraqi detainees claim they were tortured at the notorious Abu Ghraib... More &gt;&gt; A federal appeals court on Thursday explored the question of who was in charge, the U.S. military or civilian interrogators, when four former Iraqi detainees claim they were tortured at the notorious Abu Ghraib prison. More &gt;&gt; Updated: Thursday, May 12 2016 12:22 PM EDT 2016-05-12 16:22:48 GMT Works by Claude Monet, Frida Kahlo and Pablo Picasso and other perennial favorites are going on the auction block at Christie&apos;s sale of impressionist and modern art Thursday night. More &gt;&gt; Works by Claude Monet, Frida Kahlo, Pablo Picasso and other perennial favorites are going on the auction block at Christie&apos;s sale of impressionist and modern art Thursday night. More &gt;&gt; Updated: Thursday, May 12 2016 12:22 PM EDT 2016-05-12 16:22:45 GMT For the second time in less than two weeks, a once-powerful New York politician is facing sentencing in a spate of corruption cases that have roiled Albany. More &gt;&gt; A once-powerful New York politician convicted of using his position as Senate majority leader to pressure companies to provide hundreds of thousands of dollars for his son was sentenced Thursday to five years in prison,... More &gt;&gt; Updated: Thursday, May 12 2016 12:15 PM EDT 2016-05-12 16:15:34 GMT Robert Hewett says life has been &quot;terrible&quot; in the year since he was thrown from the front car of Amtrak Train 188 when it jumped the tracks in Philadelphia. More &gt;&gt; Robert Hewett says life has been &quot;terrible&quot; in the year since he was thrown from the front car of Amtrak Train 188 when it jumped the tracks in Philadelphia. More &gt;&gt; Thursday, May 12 2016 12:13 PM EDT 2016-05-12 16:13:06 GMT In cities across America, the middle class is hollowing out. More &gt;&gt; In cities across America, the middle class is hollowing out. More &gt;&gt; Updated: Thursday, May 12 2016 12:13 PM EDT 2016-05-12 16:13:05 GMT University of Texas System regents are expected to consider rules allowing concealed handguns in campus classrooms and buildings. More &gt;&gt; University of Texas System regents have postponed until July a vote on proposed rules allowing concealed handguns in campus buildings due to concerns that some might be too restrictive. More &gt;&gt; More &gt;&gt; 
LONDON (AP) - The British government has announced changes for the BBC that alters its board structure and calls for more focus on serving minority audiences. 
The new charter described by Culture Secretary John Whittingdale abolishes the BBC Trust oversight group and creates a new board responsible for governing the broadcaster in the public interest. 
Some members of the new board will be designated by the government with the rest chosen by the BBC. 
It also requires the broadcaster to produce more programming for &quot;under-served&quot; audiences including black and Asian viewers. Whittingdale said Thursday that the BBC should be &quot;the leading broadcaster&quot; in terms of diversity. 
New policies will require BBC to publish the salary range of employees making over 450,000 pounds ($650,000). Funding for BBC World Service has been maintained. Copyright 2016 The Associated Press. All rights reserved. This material may not be published, broadcast, rewritten or redistributed. News 9 Oklahoma City, OK 73111 OKLAHOMA CITY&apos;S OWN TM Oklahoma&apos;s Own News9.com is proud to provide Oklahomans with timely and relevant news and information, sharing the stories, pictures and loves of Oklahomans across our great state including Oklahoma City&apos;s Own.
</topic_text>
<spam_score>0.00</spam_score>
<post_num>1</post_num>
<post_id>post-1</post_id>
<post_url>http://www.news9.com/story/31957584/uk-government-changes-bbc-structure-seeks-more-diversity</post_url>
<post_date>20160512</post_date>
<post_time>1522</post_time>
<username></username>
<post>
UK government changes BBC structure; seeks more diversity Posted: Updated: Thursday, May 12 2016 12:33 PM EDT 2016-05-12 16:33:02 GMT By CARLA K. JOHNSON AP Medical Writer Medical experts say the results of Prince&apos;s autopsy - particularly the toxicology report - may clarify whether prescription painkillers played any part in... More &gt;&gt; By CARLA K. JOHNSON AP Medical Writer Prince&apos;s autopsy, particularly the toxicology report, may clarify whether prescription painkillers played any part in his death. More &gt;&gt; Updated: Thursday, May 12 2016 12:32 PM EDT 2016-05-12 16:32:58 GMT The pistol former neighborhood watch volunteer George Zimmerman used in the fatal shooting of Trayvon Martin is going up for auction online. More &gt;&gt; An online auction appears to have been halted for the pistol that former Florida neighborhood watch volunteer George Zimmerman used to kill unarmed black teenager Trayvon Martin. More &gt;&gt; Updated: Thursday, May 12 2016 12:32 PM EDT 2016-05-12 16:32:48 GMT The state of Michigan will pay all Flint water bills in May to encourage the flushing of lead from old pipes and the recoating of plumbing with a corrosion chemical. More &gt;&gt; The state of Michigan will pay all Flint water bills in May to encourage the flushing of lead from old pipes and the recoating of plumbing with a corrosion chemical. More &gt;&gt; Updated: Thursday, May 12 2016 12:32 PM EDT 2016-05-12 16:32:47 GMT New Hampshire&apos;s governor is calling for a full investigation into the use of force by police after video surfaced of officers appearing to pummel a suspect who had led them on a high-speed chase from... More &gt;&gt; Governors from two states on Thursday called for a full investigation into police use of force against a suspect who was shown on videotape being beaten by officers after apparently surrendering following a long high-speed... More &gt;&gt; Updated: Thursday, May 12 2016 12:22 PM EDT 2016-05-12 16:22:50 GMT A federal appeals court on Thursday explored the question of who was in charge, the U.S. military or civilian interrogators, when four former Iraqi detainees claim they were tortured at the notorious Abu Ghraib... More &gt;&gt; A federal appeals court on Thursday explored the question of who was in charge, the U.S. military or civilian interrogators, when four former Iraqi detainees claim they were tortured at the notorious Abu Ghraib prison. More &gt;&gt; Updated: Thursday, May 12 2016 12:22 PM EDT 2016-05-12 16:22:48 GMT Works by Claude Monet, Frida Kahlo and Pablo Picasso and other perennial favorites are going on the auction block at Christie&apos;s sale of impressionist and modern art Thursday night. More &gt;&gt; Works by Claude Monet, Frida Kahlo, Pablo Picasso and other perennial favorites are going on the auction block at Christie&apos;s sale of impressionist and modern art Thursday night. More &gt;&gt; Updated: Thursday, May 12 2016 12:22 PM EDT 2016-05-12 16:22:45 GMT For the second time in less than two weeks, a once-powerful New York politician is facing sentencing in a spate of corruption cases that have roiled Albany. More &gt;&gt; A once-powerful New York politician convicted of using his position as Senate majority leader to pressure companies to provide hundreds of thousands of dollars for his son was sentenced Thursday to five years in prison,... More &gt;&gt; Updated: Thursday, May 12 2016 12:15 PM EDT 2016-05-12 16:15:34 GMT Robert Hewett says life has been &quot;terrible&quot; in the year since he was thrown from the front car of Amtrak Train 188 when it jumped the tracks in Philadelphia. More &gt;&gt; Robert Hewett says life has been &quot;terrible&quot; in the year since he was thrown from the front car of Amtrak Train 188 when it jumped the tracks in Philadelphia. More &gt;&gt; Thursday, May 12 2016 12:13 PM EDT 2016-05-12 16:13:06 GMT In cities across America, the middle class is hollowing out. More &gt;&gt; In cities across America, the middle class is hollowing out. More &gt;&gt; Updated: Thursday, May 12 2016 12:13 PM EDT 2016-05-12 16:13:05 GMT University of Texas System regents are expected to consider rules allowing concealed handguns in campus classrooms and buildings. More &gt;&gt; University of Texas System regents have postponed until July a vote on proposed rules allowing concealed handguns in campus buildings due to concerns that some might be too restrictive. More &gt;&gt; More &gt;&gt; 
LONDON (AP) - The British government has announced changes for the BBC that alters its board structure and calls for more focus on serving minority audiences. 
The new charter described by Culture Secretary John Whittingdale abolishes the BBC Trust oversight group and creates a new board responsible for governing the broadcaster in the public interest. 
Some members of the new board will be designated by the government with the rest chosen by the BBC. 
It also requires the broadcaster to produce more programming for &quot;under-served&quot; audiences including black and Asian viewers. Whittingdale said Thursday that the BBC should be &quot;the leading broadcaster&quot; in terms of diversity. 
New policies will require BBC to publish the salary range of employees making over 450,000 pounds ($650,000). Funding for BBC World Service has been maintained. Copyright 2016 The Associated Press. All rights reserved. This material may not be published, broadcast, rewritten or redistributed. News 9 Oklahoma City, OK 73111 OKLAHOMA CITY&apos;S OWN TM Oklahoma&apos;s Own News9.com is proud to provide Oklahomans with timely and relevant news and information, sharing the stories, pictures and loves of Oklahomans across our great state including Oklahoma City&apos;s Own.
</post>
<signature>

</signature>
<external_links>

</external_links>
<country>US</country>
<main_image></main_image>
</document>
