<?xml version="1.0" encoding="UTF-8"?>
<document>
<type>mainstream</type>
<forum>http://rian.com.ua/export/rss2/index.xml</forum>
<forum_title>РИА Новости Украина Украина</forum_title>
<discussion_title>Парубий закрыл вечернее заседание Рады</discussion_title>
<language>russian</language>
<gmt_offset></gmt_offset>
<topic_url>http://rian.com.ua/politics/20160512/1009864090.html</topic_url>
<topic_text>
Парубий закрыл вечернее заседание Рады Тема: 18:37 12.05.2016 ) 41 Сообщается, что следующее пленарное заседание назначено на пятницу на 10:00. Вечернее заседание, на котором парламент поддержал назначение главы фракции &quot;Блок Петра Порошенко&quot; Юрия Луценко на должность генерального прокурора, спикер закрыл. Мищенко: пять плюсов и пять минусов генпрокурора Луценко 
Верховная Рада Украины на вечернем заседании поддержала назначение экс-главы МВД Украины, главы фракции &quot;Блок Петра Порошенко&quot; Юрия Луценко на должность генерального прокурора. 
Решение о назначении Луценко главой ГПУ поддержали 264 народных депутата. На голосование парламента по данному вопросу президент Украины Петр Порошенко пришел лично . Во время его появления в зале ряд народных депутатов, преимущественно представители &quot;Радикальной партии&quot; Олега Ляшко, выкрикивали &quot;Ганьба&quot; в сторону президента. 
Ранее Порошенко призвал Верховную Раду одобрить назначение Луценко на должность генерального прокурора, соответствующее представление зарегистрировано в четверг на сайте парламента. 
Согласно законодательству Украины, в полномочия Рады входит предоставление согласия на назначение генпрокурора. Читайте также: Почему Луценко (не) станет генпрокурором? Опрос депутатов 
Накануне в Раде был зарегистрирован проект закона &quot;О внесении изменений в некоторые законодательные акты относительно деятельности Генеральной прокуратуры&quot; №4645. 
В документе предлагается разрешить возглавлять ГПУ лицам, у которых есть высшее образование и стаж работы в области права либо опыт работы в законодательном или правоохранительном органе не менее пяти лет, среди требований к кандидату нет нормы о необходимости иметь высшее юридическое образование . 
Ранее сообщалось, что вечером в среду в Украину прибыл олигарх Игорь Коломойский, чтобы обсудить с группой &quot;Видродження&quot; голосование за проект закона , который бы позволил Луценко стать генпрокурором. Читайте также: Новые тарифы: олигархи в плюсе, страна и граждане в минусе 
Луценко с 2005 по 2010 год дважды занимал пост главы МВД Украины. В декабре 2010 года был арестован по обвинению в растрате государственных средств в особо крупных размерах. После почти двухлетнего следствия он был признан судом виновным и приговорен к четырем годам лишения свободы с конфискацией имущества. В апреле 2013 года был помилован указом президента.
</topic_text>
<spam_score>0.00</spam_score>
<post_num>1</post_num>
<post_id>post-1</post_id>
<post_url>http://rian.com.ua/politics/20160512/1009864090.html</post_url>
<post_date>20160512</post_date>
<post_time>1534</post_time>
<username></username>
<post>
Парубий закрыл вечернее заседание Рады Тема: 18:37 12.05.2016 ) 41 Сообщается, что следующее пленарное заседание назначено на пятницу на 10:00. Вечернее заседание, на котором парламент поддержал назначение главы фракции &quot;Блок Петра Порошенко&quot; Юрия Луценко на должность генерального прокурора, спикер закрыл. Мищенко: пять плюсов и пять минусов генпрокурора Луценко 
Верховная Рада Украины на вечернем заседании поддержала назначение экс-главы МВД Украины, главы фракции &quot;Блок Петра Порошенко&quot; Юрия Луценко на должность генерального прокурора. 
Решение о назначении Луценко главой ГПУ поддержали 264 народных депутата. На голосование парламента по данному вопросу президент Украины Петр Порошенко пришел лично . Во время его появления в зале ряд народных депутатов, преимущественно представители &quot;Радикальной партии&quot; Олега Ляшко, выкрикивали &quot;Ганьба&quot; в сторону президента. 
Ранее Порошенко призвал Верховную Раду одобрить назначение Луценко на должность генерального прокурора, соответствующее представление зарегистрировано в четверг на сайте парламента. 
Согласно законодательству Украины, в полномочия Рады входит предоставление согласия на назначение генпрокурора. Читайте также: Почему Луценко (не) станет генпрокурором? Опрос депутатов 
Накануне в Раде был зарегистрирован проект закона &quot;О внесении изменений в некоторые законодательные акты относительно деятельности Генеральной прокуратуры&quot; №4645. 
В документе предлагается разрешить возглавлять ГПУ лицам, у которых есть высшее образование и стаж работы в области права либо опыт работы в законодательном или правоохранительном органе не менее пяти лет, среди требований к кандидату нет нормы о необходимости иметь высшее юридическое образование . 
Ранее сообщалось, что вечером в среду в Украину прибыл олигарх Игорь Коломойский, чтобы обсудить с группой &quot;Видродження&quot; голосование за проект закона , который бы позволил Луценко стать генпрокурором. Читайте также: Новые тарифы: олигархи в плюсе, страна и граждане в минусе 
Луценко с 2005 по 2010 год дважды занимал пост главы МВД Украины. В декабре 2010 года был арестован по обвинению в растрате государственных средств в особо крупных размерах. После почти двухлетнего следствия он был признан судом виновным и приговорен к четырем годам лишения свободы с конфискацией имущества. В апреле 2013 года был помилован указом президента.
</post>
<signature>

</signature>
<external_links>

</external_links>
<country>UA</country>
<main_image>http://rian.com.ua/images/100838/61/1008386172.jpg</main_image>
</document>
