<?xml version="1.0" encoding="UTF-8"?>
<document>
<type>mainstream</type>
<forum>http://feeds.feedburner.com/uludagsozluk/</forum>
<forum_title>uludag sozluk</forum_title>
<discussion_title>kızların hiç bakmadığı erkek</discussion_title>
<language>turkish</language>
<gmt_offset></gmt_offset>
<topic_url>http://www.uludagsozluk.com/e/32445633/</topic_url>
<topic_text>
kızların hiç bakmadığı erkek 9. çok şükür bu kadar da düşmedik dediğim erkek. arada bakıyorlar hatta bazen duyuyorum aralarında konuşup bak bak tipini silktiğime bak diyorlar.
</topic_text>
<spam_score>0.00</spam_score>
<post_num>1</post_num>
<post_id>post-1</post_id>
<post_url>http://www.uludagsozluk.com/e/32445633/</post_url>
<post_date>20160512</post_date>
<post_time>1233</post_time>
<username>tuiran kouma</username>
<post>
kızların hiç bakmadığı erkek 9. çok şükür bu kadar da düşmedik dediğim erkek. arada bakıyorlar hatta bazen duyuyorum aralarında konuşup bak bak tipini silktiğime bak diyorlar.
</post>
<signature>

</signature>
<external_links>

</external_links>
<country>TR</country>
<main_image></main_image>
</document>
