<?xml version="1.0" encoding="UTF-8"?>
<document>
<type>mainstream</type>
<forum></forum>
<forum_title></forum_title>
<discussion_title>Aquascutum e Humphrey Bogart - Vogue.it</discussion_title>
<language>italian</language>
<gmt_offset></gmt_offset>
<topic_url>http://www.vogue.it/l-uomo-vogue/news/2016/05/11/aquascutum-humphrey-bogart/</topic_url>
<topic_text>
L&apos;Uomo Vogue / News / Aquascutum e Humphrey Bogart May 11, 2016 1:00 PM by Redazione 
Aquascutum, marchio nato nel 1851, è da sempre sinonimo di attenzione sartoriale ed eleganza tipicamente “british”; non tutti sanno che il nome del marchio deriva dalla tradizione in latino della parole Aqua e Scutum letteralmente Acqua e Scudo, il tema della pioggia e di come difendersi da essa è quindi fulcro di un universo fatto di capospalla e impermeabili che coniugano stile e praticità dando vita a un prodotto unico. Tra i nomi illustri che hanno reso celebre Acquascutum è impossibile non menzionare Humphrey Bogart , l’attore infatti durante la sua carriera ha indossato molteplici volte le creazioni del brand, contribuendo al suo successo. 
Nasce così una mini collezione di capospalla , già disponibili nei negozi londinesi del marchio e che entro Agosto saranno acquistbili in tutti i punti vendita Acquascutum. Stephen Humphrey Bogart, figlio dell’attore ha commentato così questa collaborazione: “ Onorare e proteggere l’immagine di mio padre è l’aspetto fondamentale del mio lavro presso la Humphrey Bogart Estate; ogni collaborazione viene scelta in mondo molto scrupoloso. Mio padre era un cliente Aquascutum e amava i capospalla di questo marchio, quando ci è stata proposta questa partnership ci siamo sentiti molto onorati e sicuramente anche mio padre avrebbe provato gli stessi sentimenti, data la sua passione per Aquascutum”. 
Volumi ampi e forme classiche sono due aspetti fondamentali delle creazioni Aquascutum, la collezione dedicata a Humphrey Bogart si ispira al modello reso celebre dall’attore e ne rispetta al meglio le proporzioni uniche, senza cadere nella trappola di fit troppo aderenti o soluzioni sopra le righe. Indossando questi capi è come fare un tuffo nel passato, un salto temporale agli anni Quaranta e Cinquanta, decadi in cui Bogart era all’apice della sua carriera, anni in cui Aquascutum è diventato il marchio mitico che tutti noi conosciamo e apprezziamo. 

</topic_text>
<spam_score>0.00</spam_score>
<post_num>1</post_num>
<post_id>post-1</post_id>
<post_url>http://www.vogue.it/l-uomo-vogue/news/2016/05/11/aquascutum-humphrey-bogart/</post_url>
<post_date>20160511</post_date>
<post_time></post_time>
<username>Francesca Ferrante</username>
<post>
L&apos;Uomo Vogue / News / Aquascutum e Humphrey Bogart May 11, 2016 1:00 PM by Redazione 
Aquascutum, marchio nato nel 1851, è da sempre sinonimo di attenzione sartoriale ed eleganza tipicamente “british”; non tutti sanno che il nome del marchio deriva dalla tradizione in latino della parole Aqua e Scutum letteralmente Acqua e Scudo, il tema della pioggia e di come difendersi da essa è quindi fulcro di un universo fatto di capospalla e impermeabili che coniugano stile e praticità dando vita a un prodotto unico. Tra i nomi illustri che hanno reso celebre Acquascutum è impossibile non menzionare Humphrey Bogart , l’attore infatti durante la sua carriera ha indossato molteplici volte le creazioni del brand, contribuendo al suo successo. 
Nasce così una mini collezione di capospalla , già disponibili nei negozi londinesi del marchio e che entro Agosto saranno acquistbili in tutti i punti vendita Acquascutum. Stephen Humphrey Bogart, figlio dell’attore ha commentato così questa collaborazione: “ Onorare e proteggere l’immagine di mio padre è l’aspetto fondamentale del mio lavro presso la Humphrey Bogart Estate; ogni collaborazione viene scelta in mondo molto scrupoloso. Mio padre era un cliente Aquascutum e amava i capospalla di questo marchio, quando ci è stata proposta questa partnership ci siamo sentiti molto onorati e sicuramente anche mio padre avrebbe provato gli stessi sentimenti, data la sua passione per Aquascutum”. 
Volumi ampi e forme classiche sono due aspetti fondamentali delle creazioni Aquascutum, la collezione dedicata a Humphrey Bogart si ispira al modello reso celebre dall’attore e ne rispetta al meglio le proporzioni uniche, senza cadere nella trappola di fit troppo aderenti o soluzioni sopra le righe. Indossando questi capi è come fare un tuffo nel passato, un salto temporale agli anni Quaranta e Cinquanta, decadi in cui Bogart era all’apice della sua carriera, anni in cui Aquascutum è diventato il marchio mitico che tutti noi conosciamo e apprezziamo. 

</post>
<signature>

</signature>
<external_links>

</external_links>
<country>IE</country>
<main_image>http://images.vogue.it/wp-content/uploads/2016/05/11150509/Humphrey-Bogart-534x800.jpg</main_image>
</document>
