<?xml version="1.0" encoding="UTF-8"?>
<document>
<type>mainstream</type>
<forum>http://www.dailyecho.co.uk/news/crime/rss/</forum>
<forum_title>Daily Echo | Crime</forum_title>
<discussion_title>Have you seen this woman?</discussion_title>
<language>english</language>
<gmt_offset></gmt_offset>
<topic_url>http://www.dailyecho.co.uk/news/crime/14489568.Have_you_seen_this_woman_/?ref=rss</topic_url>
<topic_text>
Police appeal after woman steals over £1,000 worth of designer sunglasses from Hampshire mall Have you seen this woman? 
A WOMAN stole more than £1,000 worth of designer sunglasses from a Hampshire mall. 
Police are investigating after the woman got away with sunglasses from top brands on May 11. 
The incident happened between 11.50am and noon at Basingstoke Malls. 
Designer sunglasses including Versace, Givency and Ray Bans were stolen. 
It is alleged the woman concealed the glasses in her clothing, before leaving the shop. 
The woman is described as: 
• White (olive-skinned) 
• About 5’ 7” tall 
• Medium build Long black hair 
• The woman was wearing a grey cardigan, dark trousers, black Nike trainers, with a white sole and white Nike ‘tick’ logo and was wearing a bracelet. 
Anyone who witnessed the incident, or recognises the woman from the description or the CCTV, is asked to call police on 101 and quote 44160176810. Share:
</topic_text>
<spam_score>0.00</spam_score>
<post_num>1</post_num>
<post_id>post-1</post_id>
<post_url>http://www.dailyecho.co.uk/news/crime/14489568.Have_you_seen_this_woman_/?ref=rss</post_url>
<post_date>20160512</post_date>
<post_time>1537</post_time>
<username></username>
<post>
Police appeal after woman steals over £1,000 worth of designer sunglasses from Hampshire mall Have you seen this woman? 
A WOMAN stole more than £1,000 worth of designer sunglasses from a Hampshire mall. 
Police are investigating after the woman got away with sunglasses from top brands on May 11. 
The incident happened between 11.50am and noon at Basingstoke Malls. 
Designer sunglasses including Versace, Givency and Ray Bans were stolen. 
It is alleged the woman concealed the glasses in her clothing, before leaving the shop. 
The woman is described as: 
• White (olive-skinned) 
• About 5’ 7” tall 
• Medium build Long black hair 
• The woman was wearing a grey cardigan, dark trousers, black Nike trainers, with a white sole and white Nike ‘tick’ logo and was wearing a bracelet. 
Anyone who witnessed the incident, or recognises the woman from the description or the CCTV, is asked to call police on 101 and quote 44160176810. Share:
</post>
<signature>

</signature>
<external_links>

</external_links>
<country>GB</country>
<main_image>http://www.dailyecho.co.uk/resources/images/5057110/</main_image>
</document>
