<?xml version="1.0" encoding="UTF-8"?>
<document>
<type>mainstream</type>
<forum>http://www.bignewsnetwork.com/index.php/nav/rss/59c03c16bbc9755b</forum>
<forum_title>Latest Big News Network RSS Feeds</forum_title>
<discussion_title>Disorganised police search at Gugulethu school leaves MEC disillusioned</discussion_title>
<language>english</language>
<gmt_offset></gmt_offset>
<topic_url>http://www.bignewsnetwork.com/news/244018335/disorganised-police-search-at-gugulethu-school-leaves-mec-disillusioned</topic_url>
<topic_text>
Disorganised police search at Gugulethu school leaves MEC disillusioned News24 Friday 13th May, 2016 Cape Town - A surprise search for weapons and drugs at a Gugulethu school fell flat when no sniffer dogs pitched up, cops claimed they weren&apos;t told about the operation, and two minors were placed in a police van.
Police officers also allegedly told the two male pupils who were found with knives on Thursday that they shouldn&apos;t worry because they &quot;were just doing this for the media&quot;. 
Western Cape Education MEC Debbie Schauml;fer said the search and seizure operation at Fezeka Secondary School was organised with the police two weeks ago. 
But she was left &quot;very disillusioned&quot;, she told journalists in the courtyard. 
When she got to the school at 11:30, it seemed as though the police cluster had not informed the station to provide officers or sniffer dogs. 
&quot;First of all, the police were unprepared. Second of all, the communication is non-existent in the department in this area; third of all, they appeared to find it quite a joke,&quot; she said after a few classrooms were searched. 
&quot;I can see why my safe schools directorate complains continuously that when they really need the police to be here, they are not here.&quot; 
But acting station commissioner for Gugulethu, Colonel Patrick Benenengu, said hehad not been informed of the operation in time. 
&quot;I was called 15 minutes before 11:00 to tell me I must meet the MEC at 11:30.&quot; 
On the boys being put into the van, he said the parents were subsequently called, as per protocol. 
&quot;It&apos;s not okay, but we rectified it. I will apologise to the parents.&quot; 
He said the boys claimed they had to protect themselves from attacks while walking to school. They would get off with a warning. 
He was not aware that an officer hadreferred to the media. 
About10 police officers eventually combed through a few classrooms to look for weapons. 
Some pupils muttered &quot;yoh, yoh, yoh&quot; under their breaths or furrowed their brows at the blue uniforms. 
They duly handed over their schoolbags. A few clung tightly onto handmade Mother&apos;s Day cards. 
Boys were told to roll their socks down in the search for concealed blades. 
Girls, with their arms above their head, in another classroom, giggled as a female officer conducted a body search. 
The school&apos;s safety and security officer, Sibongile Hlakula, said the search was organised after some pupils said they would kill a fellow pupil. 
Gangsterism was a problem and she wanted to safeguard the children at the school. 
Schauml;fer said she would be following up on why there was a lack of communication. She understood the province&apos;s police were under-resourced, but said they needed to be properly trained.
</topic_text>
<spam_score>0.00</spam_score>
<post_num>1</post_num>
<post_id>post-1</post_id>
<post_url>http://www.bignewsnetwork.com/news/244018335/disorganised-police-search-at-gugulethu-school-leaves-mec-disillusioned</post_url>
<post_date>20160512</post_date>
<post_time>1501</post_time>
<username></username>
<post>
Disorganised police search at Gugulethu school leaves MEC disillusioned News24 Friday 13th May, 2016 Cape Town - A surprise search for weapons and drugs at a Gugulethu school fell flat when no sniffer dogs pitched up, cops claimed they weren&apos;t told about the operation, and two minors were placed in a police van.
Police officers also allegedly told the two male pupils who were found with knives on Thursday that they shouldn&apos;t worry because they &quot;were just doing this for the media&quot;. 
Western Cape Education MEC Debbie Schauml;fer said the search and seizure operation at Fezeka Secondary School was organised with the police two weeks ago. 
But she was left &quot;very disillusioned&quot;, she told journalists in the courtyard. 
When she got to the school at 11:30, it seemed as though the police cluster had not informed the station to provide officers or sniffer dogs. 
&quot;First of all, the police were unprepared. Second of all, the communication is non-existent in the department in this area; third of all, they appeared to find it quite a joke,&quot; she said after a few classrooms were searched. 
&quot;I can see why my safe schools directorate complains continuously that when they really need the police to be here, they are not here.&quot; 
But acting station commissioner for Gugulethu, Colonel Patrick Benenengu, said hehad not been informed of the operation in time. 
&quot;I was called 15 minutes before 11:00 to tell me I must meet the MEC at 11:30.&quot; 
On the boys being put into the van, he said the parents were subsequently called, as per protocol. 
&quot;It&apos;s not okay, but we rectified it. I will apologise to the parents.&quot; 
He said the boys claimed they had to protect themselves from attacks while walking to school. They would get off with a warning. 
He was not aware that an officer hadreferred to the media. 
About10 police officers eventually combed through a few classrooms to look for weapons. 
Some pupils muttered &quot;yoh, yoh, yoh&quot; under their breaths or furrowed their brows at the blue uniforms. 
They duly handed over their schoolbags. A few clung tightly onto handmade Mother&apos;s Day cards. 
Boys were told to roll their socks down in the search for concealed blades. 
Girls, with their arms above their head, in another classroom, giggled as a female officer conducted a body search. 
The school&apos;s safety and security officer, Sibongile Hlakula, said the search was organised after some pupils said they would kill a fellow pupil. 
Gangsterism was a problem and she wanted to safeguard the children at the school. 
Schauml;fer said she would be following up on why there was a lack of communication. She understood the province&apos;s police were under-resourced, but said they needed to be properly trained.
</post>
<signature>

</signature>
<external_links>

</external_links>
<country>US</country>
<main_image>http://cdn.bignewsnetwork.com/uni1463065296.jpg</main_image>
</document>
