<?xml version="1.0" encoding="UTF-8"?>
<document>
<type>mainstream</type>
<forum></forum>
<forum_title></forum_title>
<discussion_title>Central Banks Are Loading Up On Gold » Alex Jones&apos; Infowars: There&apos;s a war on for your mind!</discussion_title>
<language>english</language>
<gmt_offset></gmt_offset>
<topic_url>http://www.infowars.com/central-banks-are-loading-up-on-gold/</topic_url>
<topic_text>
Central Banks Are Loading Up On Gold The precious metal is up 19%, and recently crossed $1,300 per ounce... Image Credits: Bullion Vault / Flickr . 
This has been a great year for gold. 
The precious metal is up 19%, and recently crossed $1,300 per ounce for the first time in 15 months before pulling back into the $1,265 area. One of the most encouraging signs for the yellow metal is that demand has come from all sorts of places. 
Buyers have come back into the market in India, the world’s largest buyer of gold, after a strike by the country’s jewelers associations brought business to standstill. In the US, demand for bullion is the strongest it’s been in 30 years . 
But it’s not just everyday people who are scrambling to get their hands on gold: Central banks are loading up as well. Data from the World Gold Council showed that central banks scooped up a net 45 tonnes of gold during the first quarter. According to Capital Economics’ commodities economist, Simona Gambarini, central-bank demand in the first quarter climbed 28% versus a year ago. 
</topic_text>
<spam_score>0.00</spam_score>
<post_num>1</post_num>
<post_id>post-1</post_id>
<post_url>http://www.infowars.com/central-banks-are-loading-up-on-gold/</post_url>
<post_date>20160404</post_date>
<post_time></post_time>
<username>Jonathan Garber</username>
<post>
Central Banks Are Loading Up On Gold The precious metal is up 19%, and recently crossed $1,300 per ounce... Image Credits: Bullion Vault / Flickr . 
This has been a great year for gold. 
The precious metal is up 19%, and recently crossed $1,300 per ounce for the first time in 15 months before pulling back into the $1,265 area. One of the most encouraging signs for the yellow metal is that demand has come from all sorts of places. 
Buyers have come back into the market in India, the world’s largest buyer of gold, after a strike by the country’s jewelers associations brought business to standstill. In the US, demand for bullion is the strongest it’s been in 30 years . 
But it’s not just everyday people who are scrambling to get their hands on gold: Central banks are loading up as well. Data from the World Gold Council showed that central banks scooped up a net 45 tonnes of gold during the first quarter. According to Capital Economics’ commodities economist, Simona Gambarini, central-bank demand in the first quarter climbed 28% versus a year ago. 
</post>
<signature>

</signature>
<external_links>

</external_links>
<country>CA</country>
<main_image>http://hw.infowars.com/wp-content/uploads/2016/04/042216goldbar.jpg</main_image>
</document>
