<?xml version="1.0" encoding="UTF-8"?>
<document>
<type>mainstream</type>
<forum></forum>
<forum_title></forum_title>
<discussion_title>Staffonly Studio - Vogue.it</discussion_title>
<language>italian</language>
<gmt_offset></gmt_offset>
<topic_url>http://www.vogue.it/vogue-talents/news/2016/05/10/staffonly-studio/</topic_url>
<topic_text>

Shimo Zhou e Une Yea 
Dove siete nate, e dove abitate? Sono nata e cresciuta a Shenzhen mentre Une è nata nella capitale, Pechino. Ci siamo poi trasferite a Shanghai sei mesi fa e oggi viviamo insieme. 
Istruzione Ho ottenuto una laurea triennale in Womenswear al London College of Fashion, e poi ho fatto un Master in Menswear design presso la stessa scuola. Une si è iscritta al Royal College of Art per un Master in Accessories Design dopo la laurea alla Tsinghua University in Cina. 
Le vostre prime esperienze nella moda? Potrei dire di avere iniziato il mio ‘viaggio nella moda’ realizzando piccoli fiocchi per decorare le mie biciclette, cosa che suona un po’ bizzarra. Une mi ha detto che per molto tempo si è messa alla prova disegnando costumi per i personaggi dei manga. 
Quando e dove avete fondato il vostro brand? Abbiamo fondato e registrato il brand sia a Londra che a Shanghai, due città fantastiche se vuoi vivere in modo creativo. Il nome del brand ci è venuto in mente in un momento di pausa dal lavoro alla Saatchi Gallery a Londra. 
Come descrivereste lo stile del brand? Giovane e spiritoso. 
Da dove viene l’ispirazione? Sempre dalle cose più banali della vita di tutti i giorni. Ma spesso anche guardando i documentari della BBC, a volte mentre siamo nella vasca da bagno. 
Che tipo di uomo avete in mente quando disegnate le vostre collezioni? Un uomo con una personalità forte, senso dell’umorismo e voglia di scoprire nuovi mondi. 
Dove producete i vostri capi, e perché? Creiamo prototipi nel nostro atelier per avere un controllo totale, poi tutti i nostri prodotti vengono realizzati da un’azienda di Shanghai. 
Dove è possibile acquistare le vostre creazioni? Staffonly è in vendita in vari negozi in Cina. Store multi-brand internazionali come Maria Luisa hanno iniziato a presentare e vendere i nostri capi da questa stagione, invece store locali come Hug, Blank e Zeitgeist ci hanno scelto in quanto giovani designer. 
Il punto di svolta nella vostra carriera? Per me è stato quando ho conosciuto il mio tutor Darren Cabon mentre studiavo Menswear al LCF, mi ha incoraggiato molto a trovare un modo per sviluppare il mio stile e la mia estetica. Une, invece, pensa che per il nostro brand il vero punto di svolta è stato partecipare a Ontimeshow. 
Progetti per il futuro? Speriamo di avere la possibilità di presentare la nostra collezione su una passerella internazionale, per farci conoscere da un pubblico più vasto e che la pensi come noi sul mondo. 
Che cosa pensate dei social media? Quando il narcisista incontra il voyeur? Ah ah! More 
</topic_text>
<spam_score>0.00</spam_score>
<post_num>1</post_num>
<post_id>post-1</post_id>
<post_url>http://www.vogue.it/vogue-talents/news/2016/05/10/staffonly-studio/</post_url>
<post_date>20160510</post_date>
<post_time></post_time>
<username>Italo Pantano</username>
<post>

Shimo Zhou e Une Yea 
Dove siete nate, e dove abitate? Sono nata e cresciuta a Shenzhen mentre Une è nata nella capitale, Pechino. Ci siamo poi trasferite a Shanghai sei mesi fa e oggi viviamo insieme. 
Istruzione Ho ottenuto una laurea triennale in Womenswear al London College of Fashion, e poi ho fatto un Master in Menswear design presso la stessa scuola. Une si è iscritta al Royal College of Art per un Master in Accessories Design dopo la laurea alla Tsinghua University in Cina. 
Le vostre prime esperienze nella moda? Potrei dire di avere iniziato il mio ‘viaggio nella moda’ realizzando piccoli fiocchi per decorare le mie biciclette, cosa che suona un po’ bizzarra. Une mi ha detto che per molto tempo si è messa alla prova disegnando costumi per i personaggi dei manga. 
Quando e dove avete fondato il vostro brand? Abbiamo fondato e registrato il brand sia a Londra che a Shanghai, due città fantastiche se vuoi vivere in modo creativo. Il nome del brand ci è venuto in mente in un momento di pausa dal lavoro alla Saatchi Gallery a Londra. 
Come descrivereste lo stile del brand? Giovane e spiritoso. 
Da dove viene l’ispirazione? Sempre dalle cose più banali della vita di tutti i giorni. Ma spesso anche guardando i documentari della BBC, a volte mentre siamo nella vasca da bagno. 
Che tipo di uomo avete in mente quando disegnate le vostre collezioni? Un uomo con una personalità forte, senso dell’umorismo e voglia di scoprire nuovi mondi. 
Dove producete i vostri capi, e perché? Creiamo prototipi nel nostro atelier per avere un controllo totale, poi tutti i nostri prodotti vengono realizzati da un’azienda di Shanghai. 
Dove è possibile acquistare le vostre creazioni? Staffonly è in vendita in vari negozi in Cina. Store multi-brand internazionali come Maria Luisa hanno iniziato a presentare e vendere i nostri capi da questa stagione, invece store locali come Hug, Blank e Zeitgeist ci hanno scelto in quanto giovani designer. 
Il punto di svolta nella vostra carriera? Per me è stato quando ho conosciuto il mio tutor Darren Cabon mentre studiavo Menswear al LCF, mi ha incoraggiato molto a trovare un modo per sviluppare il mio stile e la mia estetica. Une, invece, pensa che per il nostro brand il vero punto di svolta è stato partecipare a Ontimeshow. 
Progetti per il futuro? Speriamo di avere la possibilità di presentare la nostra collezione su una passerella internazionale, per farci conoscere da un pubblico più vasto e che la pensi come noi sul mondo. 
Che cosa pensate dei social media? Quando il narcisista incontra il voyeur? Ah ah! More 
</post>
<signature>

</signature>
<external_links>

</external_links>
<country>IE</country>
<main_image>http://images.vogue.it/wp-content/uploads/2016/05/09144517/2R0A5525-534x800.jpg</main_image>
</document>
