<?xml version="1.0" encoding="UTF-8"?>
<document>
<type>mainstream</type>
<forum>http://gyao.yahoo.co.jp/rss/newly/anime/</forum>
<forum_title>GYAO! - アニメ新着映像情報</forum_title>
<discussion_title>男子高校生の日常[B-ch] 第2話 「男子高校生と旅立ちの朝」 他</discussion_title>
<language>japanese</language>
<gmt_offset></gmt_offset>
<topic_url>http://gyao.yahoo.co.jp/player/00066/v13173/v1000000000000024989/</topic_url>
<topic_text>
学校からの帰り道、落ちていた木の棒を拾い上げたタダクニ。すると突如後ろからヒデノリが襲いかかってきた。攻撃をかわし、木の棒でヒデノリを薙ぎ払うタダクニ。こうして剣士タダクニの最強への道が始まったのである。 ■キャスト・スタッフ タダクニ：入野自由 ヒデノリ：杉田智和 ヨシタケ：鈴村健一 文学少女：日笠陽子 りんごちゃん：悠木 碧 タダクニ妹：高垣彩陽 モトハル：浪川大輔 唐沢：小野友樹 副会長：安元洋貴 会長：石田 彰 ミツオ：岡本信彦 奈古さん：皆川純子 ヤナギン：小林ゆう 羽原：ゆかな 生島：斎藤千和 ヤスノリ：高梨謙吾原作：山内泰延 掲載：「ガンガンONLINE」 発行：スクウェア・エニックス 監督：高松信司 副監督：吉村 愛 キャラクターデザイン・総作画監督：湯本佳典 美術監督：田尻健一 色彩設定：柴田亜紀子 撮影監督：大矢創太 編集：小野寺絵美 音楽：Audio Highs 音響制作：トリニティサウンド アニメーション制作：サンライズ 製作：「男子高校生の日常」製作委員会 （C）山内泰延/スクウェアエニックス・「男子高校生の日常」製作委員会
</topic_text>
<spam_score>0.00</spam_score>
<post_num>1</post_num>
<post_id>post-1</post_id>
<post_url>http://gyao.yahoo.co.jp/player/00066/v13173/v1000000000000024989/</post_url>
<post_date>20160513</post_date>
<post_time>0300</post_time>
<username></username>
<post>
学校からの帰り道、落ちていた木の棒を拾い上げたタダクニ。すると突如後ろからヒデノリが襲いかかってきた。攻撃をかわし、木の棒でヒデノリを薙ぎ払うタダクニ。こうして剣士タダクニの最強への道が始まったのである。 ■キャスト・スタッフ タダクニ：入野自由 ヒデノリ：杉田智和 ヨシタケ：鈴村健一 文学少女：日笠陽子 りんごちゃん：悠木 碧 タダクニ妹：高垣彩陽 モトハル：浪川大輔 唐沢：小野友樹 副会長：安元洋貴 会長：石田 彰 ミツオ：岡本信彦 奈古さん：皆川純子 ヤナギン：小林ゆう 羽原：ゆかな 生島：斎藤千和 ヤスノリ：高梨謙吾原作：山内泰延 掲載：「ガンガンONLINE」 発行：スクウェア・エニックス 監督：高松信司 副監督：吉村 愛 キャラクターデザイン・総作画監督：湯本佳典 美術監督：田尻健一 色彩設定：柴田亜紀子 撮影監督：大矢創太 編集：小野寺絵美 音楽：Audio Highs 音響制作：トリニティサウンド アニメーション制作：サンライズ 製作：「男子高校生の日常」製作委員会 （C）山内泰延/スクウェアエニックス・「男子高校生の日常」製作委員会
</post>
<signature>

</signature>
<external_links>

</external_links>
<country>JP</country>
<main_image>http://i.yimg.jp/images/gyao/common/images/gyaologo_s_ogp.png</main_image>
</document>
