<?xml version="1.0" encoding="UTF-8"?>
<document>
<type>mainstream</type>
<forum></forum>
<forum_title></forum_title>
<discussion_title>藤巻亮太が『日日是好日』に込めたあるがままを楽しむ今日、そして歌い継ぐ音楽。｜海外セレブ・ゴシップ｜VOGUE JAPAN</discussion_title>
<language>japanese</language>
<gmt_offset></gmt_offset>
<topic_url>http://www.vogue.co.jp/celebrity/interview/2016-05-12</topic_url>
<topic_text>

ジャケット ¥87,000 ニット 参考商品 パンツ ¥52,000／すべて TOGA VIRILIS（トーガ・アーカイブス／TOGA 原宿店 03-6419-8136） 
自分の中でレミオロメンの曲を再発見していくことで、 過去も未来も全部が自分なんだって思えた。 好きな言葉を携帯でメモっておくことが多いんですけど、「日日是好日」は禅の言葉で、今日っていう日は良い日でも悪い日でもないからあるがままを受け入れて楽しもうっていう前向きなところがいいなって思って。アルバムの中にも「日日是好日」っていう曲があるんですけど、アルバムの曲12曲が全部録り終わったときに、この曲の持ってるメッセージが今の自分に一番ぴったりきてるなと思って、一番最後にこのタイトルに決めました。 —— 前作『オオカミ青年』から今回のアルバムまで3年半空いていますが、その間に、藤巻さんの心を前向きに変えたものは何だったんですか？ 登山ですかね（笑）いやいや。なんかね、悩んでいるときって何が一番苦しいかって、何に悩んでいるかわからないけど息苦しいとか、そういうときがちょっと辛くて。何に悩んでいるのかな、って気づくまでに2年半ぐらい、気づいていってそれを改善していくのに1年くらいかかって。やっぱりレミオロメンを10年やってきていて、どこか自分の中でも音楽はこうあるべきだ、とか、自分で意識してなくてもそういう固定観念みたいなものが自分の心にできてきていたんですよね。こうあるべきだという線を引いていくと、音楽がどんどん狭い方に狭い方に向かっていって、その狭いスペースで曲を作ろうとしても豊かじゃないものや、痩せているものができてしまったり。当時は何でなのか全然わかんなかったんですけど、それは自分自身でレミオロメンはこうで、ソロはこうで…とか、いろいろな思い込みに自分自身が縛られてて、それによって自分自身が行き詰っていくっていうことがわかってきて。誰かに言われたわけじゃなくて、自分で引いた線なんだなって気がついたときに、この線を消していくのが次のテーマになりそうだなって思ったんです。一番大きな線は、レミオロメンと藤巻亮太を分けていた線だったので、ここに線を引く必要はないな、なぜならレミオロメンのときも一生懸命曲を作ってきてそれも自分の一部だし、あるがままで音楽を作っていく中でレミオロメンの曲も自分の中で分けなくていいんじゃないか、って。そう思ったときにできる曲が広がっていって、そこからは曲を作ることが楽になりましたね。 —— レミオロメンとしての自分、未来のソロの自分を受け入れることができたんですね。 そうですね。今は、活動休止してますけど、（メンバー）3人でやったらレミオロメンだし、でもやっぱり今、レミオロメンの曲を歌えるのは僕しかいない訳だし。ある意味、曲って自分の子どもみたいなものだから、歌い継がないといけないと思うんですよね。一生懸命作った曲を演奏しない、歌わないのは申し訳ないような気持ちになるし、やっぱり歌っていって循環させていくことで、聴いてくださる方、ライブにきてくれるみんなに喜んでもらえることがあるんじゃないかなって。自分の中にレミオロメンの曲をもう1回再発見していくことで、過去も未来も全部が自分なんだって思えたんです。 —— 音楽以外で、藤巻さんの心をほぐしてくれたもの、癒してくれたものは何ですか？ 登山とフットサル。完全にこの２つはありますね（笑）30代で友達ができたのは大きいかも。20代はそんなに横のつながりはなかったんですけど、30代になって野口健さんはじめ、フットサルメンバーもそうだし、同級生くらいで頑張ってる人たちにすごく刺激をもらって。スポーツのいいところって、上下関係がなかったり肩書きも関係なかったりするところで、純粋にボールを蹴るとか、何者でもない自分になっていくというのがすごく大事なんですよね。肩書きに縛られてしまうのも、固定観念の一部だと思うんです。そういうところから離れられるっていうのがとてもいい時間だと思っていて、きっと何者でもない自分を経験することで癒されたんじゃないんですかね。 ＜左＞2ndアルバム『日日是好日』/ SPEEDSTAR RECORDS。発売中。 ＜右＞配信シングル「go my way」（日本テレビほかアニメ「エンドライド」エンディングテーマ）/ iTunes Store, mora, レコチョク他、各配信サイトにて発売中。 
</topic_text>
<spam_score>0.00</spam_score>
<post_num>1</post_num>
<post_id>post-1</post_id>
<post_url>http://www.vogue.co.jp/celebrity/interview/2016-05-12</post_url>
<post_date>20160512</post_date>
<post_time></post_time>
<username></username>
<post>

ジャケット ¥87,000 ニット 参考商品 パンツ ¥52,000／すべて TOGA VIRILIS（トーガ・アーカイブス／TOGA 原宿店 03-6419-8136） 
自分の中でレミオロメンの曲を再発見していくことで、 過去も未来も全部が自分なんだって思えた。 好きな言葉を携帯でメモっておくことが多いんですけど、「日日是好日」は禅の言葉で、今日っていう日は良い日でも悪い日でもないからあるがままを受け入れて楽しもうっていう前向きなところがいいなって思って。アルバムの中にも「日日是好日」っていう曲があるんですけど、アルバムの曲12曲が全部録り終わったときに、この曲の持ってるメッセージが今の自分に一番ぴったりきてるなと思って、一番最後にこのタイトルに決めました。 —— 前作『オオカミ青年』から今回のアルバムまで3年半空いていますが、その間に、藤巻さんの心を前向きに変えたものは何だったんですか？ 登山ですかね（笑）いやいや。なんかね、悩んでいるときって何が一番苦しいかって、何に悩んでいるかわからないけど息苦しいとか、そういうときがちょっと辛くて。何に悩んでいるのかな、って気づくまでに2年半ぐらい、気づいていってそれを改善していくのに1年くらいかかって。やっぱりレミオロメンを10年やってきていて、どこか自分の中でも音楽はこうあるべきだ、とか、自分で意識してなくてもそういう固定観念みたいなものが自分の心にできてきていたんですよね。こうあるべきだという線を引いていくと、音楽がどんどん狭い方に狭い方に向かっていって、その狭いスペースで曲を作ろうとしても豊かじゃないものや、痩せているものができてしまったり。当時は何でなのか全然わかんなかったんですけど、それは自分自身でレミオロメンはこうで、ソロはこうで…とか、いろいろな思い込みに自分自身が縛られてて、それによって自分自身が行き詰っていくっていうことがわかってきて。誰かに言われたわけじゃなくて、自分で引いた線なんだなって気がついたときに、この線を消していくのが次のテーマになりそうだなって思ったんです。一番大きな線は、レミオロメンと藤巻亮太を分けていた線だったので、ここに線を引く必要はないな、なぜならレミオロメンのときも一生懸命曲を作ってきてそれも自分の一部だし、あるがままで音楽を作っていく中でレミオロメンの曲も自分の中で分けなくていいんじゃないか、って。そう思ったときにできる曲が広がっていって、そこからは曲を作ることが楽になりましたね。 —— レミオロメンとしての自分、未来のソロの自分を受け入れることができたんですね。 そうですね。今は、活動休止してますけど、（メンバー）3人でやったらレミオロメンだし、でもやっぱり今、レミオロメンの曲を歌えるのは僕しかいない訳だし。ある意味、曲って自分の子どもみたいなものだから、歌い継がないといけないと思うんですよね。一生懸命作った曲を演奏しない、歌わないのは申し訳ないような気持ちになるし、やっぱり歌っていって循環させていくことで、聴いてくださる方、ライブにきてくれるみんなに喜んでもらえることがあるんじゃないかなって。自分の中にレミオロメンの曲をもう1回再発見していくことで、過去も未来も全部が自分なんだって思えたんです。 —— 音楽以外で、藤巻さんの心をほぐしてくれたもの、癒してくれたものは何ですか？ 登山とフットサル。完全にこの２つはありますね（笑）30代で友達ができたのは大きいかも。20代はそんなに横のつながりはなかったんですけど、30代になって野口健さんはじめ、フットサルメンバーもそうだし、同級生くらいで頑張ってる人たちにすごく刺激をもらって。スポーツのいいところって、上下関係がなかったり肩書きも関係なかったりするところで、純粋にボールを蹴るとか、何者でもない自分になっていくというのがすごく大事なんですよね。肩書きに縛られてしまうのも、固定観念の一部だと思うんです。そういうところから離れられるっていうのがとてもいい時間だと思っていて、きっと何者でもない自分を経験することで癒されたんじゃないんですかね。 ＜左＞2ndアルバム『日日是好日』/ SPEEDSTAR RECORDS。発売中。 ＜右＞配信シングル「go my way」（日本テレビほかアニメ「エンドライド」エンディングテーマ）/ iTunes Store, mora, レコチョク他、各配信サイトにて発売中。 
</post>
<signature>

</signature>
<external_links>

</external_links>
<country>JP</country>
<main_image>http://www.vogue.co.jp/uploads/media/2016/05/12/ryotafujimaki_c.jpg?1463042766</main_image>
</document>
