<?xml version="1.0" encoding="UTF-8"?>
<document>
<type>mainstream</type>
<forum></forum>
<forum_title></forum_title>
<discussion_title>Weekend a Dublino - Vogue.it</discussion_title>
<language>italian</language>
<gmt_offset></gmt_offset>
<topic_url>http://www.vogue.it/l-uomo-vogue/news/2016/05/11/weekend-a-dublino/</topic_url>
<topic_text>
L&apos;Uomo Vogue / News / Weekend a Dublino May 11, 2016 2:08 PM by Fabia Di Drusco 
Meta sempre più gettonata, Dublino ricorda architettonicamente e per atmosfera certi quartieri di Londra, e certe zone di Williamsburg , in meglio . Intanto perchè è pulitissima (lo sono persino gli autobus, e i trenini Dart, che permettono di raggiungere tutti i villaggetti della baia, da Killiney, dove c’è la villa di Bono, a Howth), poi perchè le persone sono estremamente amichevoli, e drink e ristoranti, pur di ottimo livello, sono decisamente più abbordabili. 
Il centro è piccolo, e le cose da vedere tutte vicine, dal Trinity College con la sua biblioteca al Castello (la visita agli appartamenti viceregali si può tranquillamente evitare, la Chester Beatty library invece, con la sua collezione di libri antichi provenienti da tutto il mondo e di oggetti legati alle varie religioni è semplicemente fantastica), da St. Patrick alla National Gallery of Ireland, dallo studio di Francis Bacon (oltre 7000 oggetti provenienti dallo studio londinese di Kensington e riposizionati, casse di Krug incluse, nel caos abituale che piaceva all’artista, nella sua città natale alla Hugh Lane Gallery) al frequentatissimo parco Stephen’s Green, il St. James Park irlandese. 

Nel centenario dell’Easter Rising del 1916 si celebrano un pò ovunque gli eroi e le eroine dell’Indipendenza irlandese, da Michael Collins a Constance Markiewicz, attrice, contessa, comandante in seconda di Stephen’s Green, unica donna ad essere condannata a morte (poi graziata) dalla repressione inglese, infine ministro dell’Irlanda indipendente. Nelle librerie, come la superba Hodges Figgis, ci sono decine di volumi dedicati alla causa, in Dame st. le finestre di un locale sono sostituite da ritratti alla Wharol dei protagonisti. 

Dublino è particolarmente charming per le sue viette dalle costruzioni georgiane o vittoriane di mattoni rossi e pietra bianca , piene di caffè, ristoranti, negozi: William st South, Drury, South George st, Duke, Fade, fino a Temple Bar. Powerscourt centre, una bellissima townhouse del 1744, è tutta occupata da negozi e caffè, attorno al Trinity College ci sono negozi con giacche e cappotti in Donegal Tweed per chi vuole darsi un tocco da gentleman farmer, o da personaggio dei film storici di Ken Loach, da “Il vento che accarezza l’erba” a “Jimmy’s Hall”. 

Oltre ai 600 pubs per cui la città è arcinota, si mangia tailandese da Saba, messicano da 777, giapponese dal nuovissimo Taste at Rustic, con cucina a vista. Per un pranzo veloce c’è Fallon &amp; Byrne, per un cocktail particolare il Fade St. Social, per gli appassionati di health food il Fumbally Café. Se il tempo è bello si può andare a Phoenix Park, da attraversare in bicicletta per vedere da vicino centinaia di cerbiatti. 

L’hotel dove stare? Il Dylan, una grande casa vittoriana con una nuova ala in pietra grigia a 10 minuti a piedi dal Castello, in una zona residenziale di giardinetti ultracurati e case di mattoni georgiane. Il d écor è Alice in Wonderland in versione rococò, tra powder parlour anni 50 in toni pastello e gentlemen’s club . Al tempo stesso whimsical e confortevole, con i divanetti in velluto, il bar in foglia di metallo argentato, il caminetto sempre acceso. La terrazza illuminata dalle candele la sera è molto ben frequentata , il ristorante Tavern uno dei più apprezzati della città, in stanza il letto è una nuvola, il bagno è di marmo, le toiletries sono firmate dal geniale Mark Buxton. L’hotel fa parte della Preferred Hotels &amp; Resorts LVX Collection. 
Abbonati e Regala L&apos;Uomo Vogue!edizione digitale inclusa Only €22,90 Vogue now 
</topic_text>
<spam_score>0.00</spam_score>
<post_num>1</post_num>
<post_id>post-1</post_id>
<post_url>http://www.vogue.it/l-uomo-vogue/news/2016/05/11/weekend-a-dublino/</post_url>
<post_date>20160511</post_date>
<post_time></post_time>
<username></username>
<post>
L&apos;Uomo Vogue / News / Weekend a Dublino May 11, 2016 2:08 PM by Fabia Di Drusco 
Meta sempre più gettonata, Dublino ricorda architettonicamente e per atmosfera certi quartieri di Londra, e certe zone di Williamsburg , in meglio . Intanto perchè è pulitissima (lo sono persino gli autobus, e i trenini Dart, che permettono di raggiungere tutti i villaggetti della baia, da Killiney, dove c’è la villa di Bono, a Howth), poi perchè le persone sono estremamente amichevoli, e drink e ristoranti, pur di ottimo livello, sono decisamente più abbordabili. 
Il centro è piccolo, e le cose da vedere tutte vicine, dal Trinity College con la sua biblioteca al Castello (la visita agli appartamenti viceregali si può tranquillamente evitare, la Chester Beatty library invece, con la sua collezione di libri antichi provenienti da tutto il mondo e di oggetti legati alle varie religioni è semplicemente fantastica), da St. Patrick alla National Gallery of Ireland, dallo studio di Francis Bacon (oltre 7000 oggetti provenienti dallo studio londinese di Kensington e riposizionati, casse di Krug incluse, nel caos abituale che piaceva all’artista, nella sua città natale alla Hugh Lane Gallery) al frequentatissimo parco Stephen’s Green, il St. James Park irlandese. 

Nel centenario dell’Easter Rising del 1916 si celebrano un pò ovunque gli eroi e le eroine dell’Indipendenza irlandese, da Michael Collins a Constance Markiewicz, attrice, contessa, comandante in seconda di Stephen’s Green, unica donna ad essere condannata a morte (poi graziata) dalla repressione inglese, infine ministro dell’Irlanda indipendente. Nelle librerie, come la superba Hodges Figgis, ci sono decine di volumi dedicati alla causa, in Dame st. le finestre di un locale sono sostituite da ritratti alla Wharol dei protagonisti. 

Dublino è particolarmente charming per le sue viette dalle costruzioni georgiane o vittoriane di mattoni rossi e pietra bianca , piene di caffè, ristoranti, negozi: William st South, Drury, South George st, Duke, Fade, fino a Temple Bar. Powerscourt centre, una bellissima townhouse del 1744, è tutta occupata da negozi e caffè, attorno al Trinity College ci sono negozi con giacche e cappotti in Donegal Tweed per chi vuole darsi un tocco da gentleman farmer, o da personaggio dei film storici di Ken Loach, da “Il vento che accarezza l’erba” a “Jimmy’s Hall”. 

Oltre ai 600 pubs per cui la città è arcinota, si mangia tailandese da Saba, messicano da 777, giapponese dal nuovissimo Taste at Rustic, con cucina a vista. Per un pranzo veloce c’è Fallon &amp; Byrne, per un cocktail particolare il Fade St. Social, per gli appassionati di health food il Fumbally Café. Se il tempo è bello si può andare a Phoenix Park, da attraversare in bicicletta per vedere da vicino centinaia di cerbiatti. 

L’hotel dove stare? Il Dylan, una grande casa vittoriana con una nuova ala in pietra grigia a 10 minuti a piedi dal Castello, in una zona residenziale di giardinetti ultracurati e case di mattoni georgiane. Il d écor è Alice in Wonderland in versione rococò, tra powder parlour anni 50 in toni pastello e gentlemen’s club . Al tempo stesso whimsical e confortevole, con i divanetti in velluto, il bar in foglia di metallo argentato, il caminetto sempre acceso. La terrazza illuminata dalle candele la sera è molto ben frequentata , il ristorante Tavern uno dei più apprezzati della città, in stanza il letto è una nuvola, il bagno è di marmo, le toiletries sono firmate dal geniale Mark Buxton. L’hotel fa parte della Preferred Hotels &amp; Resorts LVX Collection. 
Abbonati e Regala L&apos;Uomo Vogue!edizione digitale inclusa Only €22,90 Vogue now 
</post>
<signature>

</signature>
<external_links>

</external_links>
<country>IE</country>
<main_image>http://images.vogue.it/wp-content/uploads/2016/05/11140826/ad4952c0-389f-4aba-880f-c63948d27659-534x800.jpg</main_image>
</document>
