<?xml version="1.0" encoding="UTF-8"?>
<document>
<type>mainstream</type>
<forum></forum>
<forum_title></forum_title>
<discussion_title>Vintage How To: Look Rock Style - Vogue.it</discussion_title>
<language>italian</language>
<gmt_offset></gmt_offset>
<topic_url>http://www.vogue.it/moda/tendenze/2016/05/11/vintage-to-look-rock-style/</topic_url>
<topic_text>
Fashion / Trends / Vintage How To: Look Rock Style May 11, 2016 6:30 AM by Laura Tortora 
Borchie, pantaloni di pelle, chiodo. Lo stile rock non passa mai di moda e sulle passerelle Primavera Estate 2016 mette in mostra il suo lato glamour. 
Giacca di pelle e pantaloni di denim per Saint Laurent . Il tocco finale per la sua “rock girl”? Una tiara; la donna Acne Studios , invece, indossa soltanto una giacca che è decorata con maxi applicazioni a forma di chitarra; look pantalone-giacca men-like per Ann Demeulemeester . Il gioiello è un choker-bustier. 
La protagonista di oggi non poteva che essere Marianne Faithfull , icona della Gran Bretagna trasgressiva degli anni 60, dallo stile rock chic . La star è apparsa su Vogue Italia nell’aprile del 1994, fotografata da Michel Comte. 
Guardate la gallery su Vogue.it. More 
</topic_text>
<spam_score>0.00</spam_score>
<post_num>1</post_num>
<post_id>post-1</post_id>
<post_url>http://www.vogue.it/moda/tendenze/2016/05/11/vintage-to-look-rock-style/</post_url>
<post_date>20160511</post_date>
<post_time></post_time>
<username>Virginia Galateri</username>
<post>
Fashion / Trends / Vintage How To: Look Rock Style May 11, 2016 6:30 AM by Laura Tortora 
Borchie, pantaloni di pelle, chiodo. Lo stile rock non passa mai di moda e sulle passerelle Primavera Estate 2016 mette in mostra il suo lato glamour. 
Giacca di pelle e pantaloni di denim per Saint Laurent . Il tocco finale per la sua “rock girl”? Una tiara; la donna Acne Studios , invece, indossa soltanto una giacca che è decorata con maxi applicazioni a forma di chitarra; look pantalone-giacca men-like per Ann Demeulemeester . Il gioiello è un choker-bustier. 
La protagonista di oggi non poteva che essere Marianne Faithfull , icona della Gran Bretagna trasgressiva degli anni 60, dallo stile rock chic . La star è apparsa su Vogue Italia nell’aprile del 1994, fotografata da Michel Comte. 
Guardate la gallery su Vogue.it. More 
</post>
<signature>

</signature>
<external_links>

</external_links>
<country>IE</country>
<main_image>http://images.vogue.it/wp-content/uploads/2016/05/11002708/land-h_5.01674029.jpg</main_image>
</document>
