<?xml version="1.0" encoding="UTF-8"?>
<document>
<type>mainstream</type>
<forum>http://www.irishtimes.com/feeds/rss/newspaper/finance.rss</forum>
<forum_title>The Irish Times - Business</forum_title>
<discussion_title>Daniel and Majella move from UTV to RTÉ</discussion_title>
<language>english</language>
<gmt_offset></gmt_offset>
<topic_url>http://www.irishtimes.com/business/media-and-marketing/daniel-and-majella-move-from-utv-to-rt%C3%A9-1.2645645</topic_url>
<topic_text>
  Daniel and Majella move from UTV to RTÉ Couple will be touring Irish B&amp;Bs again this summer as hit series switches channels about an hour ago 
The show sees Daniel O’Donnell and his wife Majella experience ‘the unique hospitality’ of Irish B&amp;Bs Television series Daniel and Majella’s B&amp;B Road Trip , UTV Ireland’s biggest home-produced hit, is to switch to RTÉ One later this year. UTV Ireland had hoped to do a second series of the show, in which singer Daniel O’Donnell and his wife Majella O’Donnell experience the “unique hospitality” of a series of Irish bed and breakfasts. However, as the channel was going a transition phase in the wake of its acquisition by ITV, it was unable to commit to making the series in time to suit the couple’s availability to film this June. Vision Independent Productions , the maker of the show, has now taken it to RTÉ and is on the hunt for B&amp;B owners who fancy a visit from the couple. The closing date for applications is May 18th and the series will air on RTÉ One later this year. ‘Very special show’ “It was a very special show for us last year and we are looking forward to more of the unique hospitality you only get in an Irish B&amp;B,” said Vision Independent Productions’ Philip Kampff . RTÉ commissioning editor Ray McCarthy said he was “delighted” to have the programme on RTÉ One. “We’re huge fans of both of them.” Vision Independent Productions is the company behind RTÉ One’s Operation Transformation and TV3’s The Restaurant , which originally aired on RTÉ and is one of the few other examples of Irish television programmes to switch channels. The first series was originally commissioned by UTV Ireland’s former head of channel Mary Curtis . It was part-funded by Skoda, which provided the car for the road trip, and was scheduled on Mondays in between two episodes of Coronation Street , helping UTV Ireland to its best nights for viewer ratings last autumn.
</topic_text>
<spam_score>0.00</spam_score>
<post_num>1</post_num>
<post_id>post-1</post_id>
<post_url>http://www.irishtimes.com/business/media-and-marketing/daniel-and-majella-move-from-utv-to-rt%C3%A9-1.2645645</post_url>
<post_date>20160512</post_date>
<post_time>1459</post_time>
<username></username>
<post>
  Daniel and Majella move from UTV to RTÉ Couple will be touring Irish B&amp;Bs again this summer as hit series switches channels about an hour ago 
The show sees Daniel O’Donnell and his wife Majella experience ‘the unique hospitality’ of Irish B&amp;Bs Television series Daniel and Majella’s B&amp;B Road Trip , UTV Ireland’s biggest home-produced hit, is to switch to RTÉ One later this year. UTV Ireland had hoped to do a second series of the show, in which singer Daniel O’Donnell and his wife Majella O’Donnell experience the “unique hospitality” of a series of Irish bed and breakfasts. However, as the channel was going a transition phase in the wake of its acquisition by ITV, it was unable to commit to making the series in time to suit the couple’s availability to film this June. Vision Independent Productions , the maker of the show, has now taken it to RTÉ and is on the hunt for B&amp;B owners who fancy a visit from the couple. The closing date for applications is May 18th and the series will air on RTÉ One later this year. ‘Very special show’ “It was a very special show for us last year and we are looking forward to more of the unique hospitality you only get in an Irish B&amp;B,” said Vision Independent Productions’ Philip Kampff . RTÉ commissioning editor Ray McCarthy said he was “delighted” to have the programme on RTÉ One. “We’re huge fans of both of them.” Vision Independent Productions is the company behind RTÉ One’s Operation Transformation and TV3’s The Restaurant , which originally aired on RTÉ and is one of the few other examples of Irish television programmes to switch channels. The first series was originally commissioned by UTV Ireland’s former head of channel Mary Curtis . It was part-funded by Skoda, which provided the car for the road trip, and was scheduled on Mondays in between two episodes of Coronation Street , helping UTV Ireland to its best nights for viewer ratings last autumn.
</post>
<signature>

</signature>
<external_links>

</external_links>
<country>EU</country>
<main_image>http://www.irishtimes.com/polopoly_fs/1.2645644.1463065120!/image/image.jpg</main_image>
</document>
