<?xml version="1.0" encoding="UTF-8"?>
<document>
<type>mainstream</type>
<forum></forum>
<forum_title></forum_title>
<discussion_title>Cottage 873 | CottageRental.com</discussion_title>
<language>english</language>
<gmt_offset></gmt_offset>
<topic_url>http://www.cottagerental.com/cottages/873</topic_url>
<topic_text>

Low Season 3 Night Weekend Rate $1900.00 
Thanksgiving 3 Night Weekend Rate $2155.00 
Rates shown do not include a $90.00 per booking Service Charge or optional charges such as Cleaning &amp; Linen Services (if available), Cancellation Insurance, Security/Damage Waiver, etc. 
&quot;Loved the large windows looking out to the bay as well as the large deck. The large basement with all the activities kept our family happy the one day that it rained.&quot; L. Kitzul &quot;We are in love with this cottage and would like to rent it again next year. It is absolutely beautiful and everything that we needed was there. Simple little things like kitchen tools were there... salad spinner, can opener, ... we didn&apos;t have to go out and get anything. we loved having the boats there to go out on. Thanks so much!!&quot; K. Cameron &quot;The descriptions and pictures are spot on for this cottage. But it is not really a cottage, it is a luxurious house with all the amenities and it was a very relaxing vacation because of this. This is a very private and accommodating cottage with lots of space and things to do. This has been our second consecutive year renting this cottage and we would certainly consider renting it again, but we are not sure at this point whether our schedule will allow for this. Thanks so muchto the owners for making your home available to us again. It truly is a special place.&quot; K. Boothroyd &quot;Absolutely amazing property and cottage. Met our expectations based on the photos presented on the web site. We never felt like there was anything we were doing without!! Actually very surprised at how nice the layout was and how well portrayed in the photos. Our whole family was very impressed with the cottage and property. We raised the bar far too high for an annual get together!! Thanks so much for a wonderful holiday.&quot; M. Dowell Review the Booking Notes (Frequently Asked Questions) Document Please read through our &quot; Booking Notes &quot;. This FAQ document will explain various issues relating to the rental process and party responsibilities and obligations. Complete the Cottage Request Form Complete the &quot; Cottage Request Form &quot;. If you have any questions, we can be reached by email [mail(at)cottagerental(dot)com] or by telepone at 905.862.0252 or at 1.877.862.0254 (Toll-Free). One of our staff will be happy to answer any questions that you have, verify cottage availability, rate, etc. At this time we will create/update a file for you with the information needed to respond to your booking request. Return the Booking Application Form Once we have put the cottage on &quot;Hold&quot;, we will email you our Booking Application Form for completion and return to our office by fax or email within 2 days. A payment of 30% of the cost of the cottage plus our $90.00 + HST agency service fee (plus the cost of Trip Cancellation Insurance, if purchased) will be charged to the credit card provided with the Booking Form. A post-dated cheque for the balance payment of 70%, (plus any optional charges such as Accidental Damage Waiver, Cleaning Service, Linens Service) dated 6 weeks prior to occupancy, is forwarded to our office by mail within 5 business days. The Travel Package will be forwarded to you within 15 days of our having processed your booking. Receive Booking Confirmation and Rental Package After receipt and processing by our office, a Booking Confirmation and Travel Package are mailed to the Booking Applicant. Please note that, no booking is considered &apos;confirmed&apos; until a written Booking Confirmation has been produced by our office. In addition to the Booking Confirmation, the Travel Package will include a copy of the Cottage/General page from our website listing the cottage inventory, bedsizes, etc., a map to the cottage and a set of Cottage Instructions/Rules. Receive Cottage Access Information Approximately one week prior to the start date of your holiday, we will contact you with instructions on accessing the cottage. Generally, this will be via a Lock Box at the cottage; however, there may be other arrangements necessary depending on the cottage.. Subscribe to Our Newsletter Feed Want to hear about what&apos;s new? Just enter your email address. We promise we won&apos;t spam you. 
</topic_text>
<spam_score>0.00</spam_score>
<post_num>1</post_num>
<post_id>post-1</post_id>
<post_url>http://www.cottagerental.com/cottages/873</post_url>
<post_date>20160514</post_date>
<post_time></post_time>
<username></username>
<post>

Low Season 3 Night Weekend Rate $1900.00 
Thanksgiving 3 Night Weekend Rate $2155.00 
Rates shown do not include a $90.00 per booking Service Charge or optional charges such as Cleaning &amp; Linen Services (if available), Cancellation Insurance, Security/Damage Waiver, etc. 
&quot;Loved the large windows looking out to the bay as well as the large deck. The large basement with all the activities kept our family happy the one day that it rained.&quot; L. Kitzul &quot;We are in love with this cottage and would like to rent it again next year. It is absolutely beautiful and everything that we needed was there. Simple little things like kitchen tools were there... salad spinner, can opener, ... we didn&apos;t have to go out and get anything. we loved having the boats there to go out on. Thanks so much!!&quot; K. Cameron &quot;The descriptions and pictures are spot on for this cottage. But it is not really a cottage, it is a luxurious house with all the amenities and it was a very relaxing vacation because of this. This is a very private and accommodating cottage with lots of space and things to do. This has been our second consecutive year renting this cottage and we would certainly consider renting it again, but we are not sure at this point whether our schedule will allow for this. Thanks so muchto the owners for making your home available to us again. It truly is a special place.&quot; K. Boothroyd &quot;Absolutely amazing property and cottage. Met our expectations based on the photos presented on the web site. We never felt like there was anything we were doing without!! Actually very surprised at how nice the layout was and how well portrayed in the photos. Our whole family was very impressed with the cottage and property. We raised the bar far too high for an annual get together!! Thanks so much for a wonderful holiday.&quot; M. Dowell Review the Booking Notes (Frequently Asked Questions) Document Please read through our &quot; Booking Notes &quot;. This FAQ document will explain various issues relating to the rental process and party responsibilities and obligations. Complete the Cottage Request Form Complete the &quot; Cottage Request Form &quot;. If you have any questions, we can be reached by email [mail(at)cottagerental(dot)com] or by telepone at 905.862.0252 or at 1.877.862.0254 (Toll-Free). One of our staff will be happy to answer any questions that you have, verify cottage availability, rate, etc. At this time we will create/update a file for you with the information needed to respond to your booking request. Return the Booking Application Form Once we have put the cottage on &quot;Hold&quot;, we will email you our Booking Application Form for completion and return to our office by fax or email within 2 days. A payment of 30% of the cost of the cottage plus our $90.00 + HST agency service fee (plus the cost of Trip Cancellation Insurance, if purchased) will be charged to the credit card provided with the Booking Form. A post-dated cheque for the balance payment of 70%, (plus any optional charges such as Accidental Damage Waiver, Cleaning Service, Linens Service) dated 6 weeks prior to occupancy, is forwarded to our office by mail within 5 business days. The Travel Package will be forwarded to you within 15 days of our having processed your booking. Receive Booking Confirmation and Rental Package After receipt and processing by our office, a Booking Confirmation and Travel Package are mailed to the Booking Applicant. Please note that, no booking is considered &apos;confirmed&apos; until a written Booking Confirmation has been produced by our office. In addition to the Booking Confirmation, the Travel Package will include a copy of the Cottage/General page from our website listing the cottage inventory, bedsizes, etc., a map to the cottage and a set of Cottage Instructions/Rules. Receive Cottage Access Information Approximately one week prior to the start date of your holiday, we will contact you with instructions on accessing the cottage. Generally, this will be via a Lock Box at the cottage; however, there may be other arrangements necessary depending on the cottage.. Subscribe to Our Newsletter Feed Want to hear about what&apos;s new? Just enter your email address. We promise we won&apos;t spam you. 
</post>
<signature>

</signature>
<external_links>

</external_links>
<country>US</country>
<main_image>http://www.cottagerental.com/photos/873/large/01.jpg</main_image>
</document>
