<?xml version="1.0" encoding="UTF-8"?>
<document>
<type>mainstream</type>
<forum>http://www.youm7.com/فن وتليفزيون-48</forum>
<forum_title>فن | اليوم السابع</forum_title>
<discussion_title>عادل إمام يستكمل &quot;مأمون وشركاه&quot; بمدينة الإنتاج الإعلامى.. اليوم</discussion_title>
<language>arabic</language>
<gmt_offset></gmt_offset>
<topic_url>http://www.youm7.com/story/2016/5/12/عادل-إمام-يستكمل-مأمون-وشركاه-بمدينة-الإنتاج-الإعلامى-اليوم/2714979</topic_url>
<topic_text>
يستأنف النجم الكبير عادل إمام تصوير أحداث مسلسله الجديد &quot;مأمون وشركاه&quot;، اليوم الخميس بمدينة الإنتاج الإعلامى داخل حى إسكندرية، على الرغم من عودة أسرة المسلسل من إيطاليا أمس الأربعاء، حيث كانت هناك لتصوير عدة مشاهد خاصة بالفنان خالد سرحان، إلا أن القائمين على المسلسل استأنفوا التصوير فى اليوم التالى مباشرة، وذلك رغبة من فريق العمل فى الانتهاء مبكرا من التصوير، وحتى لا يستغرقون وقتا طويلا فى التصوير أثناء شهر رمضان.
يذكر أن مسلسل &quot;مأمون وشركاه&quot; يشارك فى بطولته كل من خالد سليم ومصطفى فهمى ولبلبة وكمال أبو رية وخالد سرحان وأحمد فؤاد سليم وتامر هجرس وحمزة العيلى وريم مصطفى، منتج فنى هانى كشكوش، تأليف يوسف معاطى، وإنتاج تامر مرسى، وإخراج رامى إمام.
والمسلسل تدور أحداثه حول &quot;مأمون&quot; الرجل البخيل للغاية، الذى يهرب أولاده من بخله الشديد ويتفرقون بعيدا عنه، حتى أن زوجته تطلب الطلاق، حتى يكتشف الجميع فى النهاية، أنه يمتلك أموالا طائلة، لتبدأ مفارقات البحث عن مكان اختباء هذه الأموال.
موضوعات متعلقة..
- عادل إمام ينتظر عودة أسرة &quot;مأمون وشركاه&quot; من إيطاليا.. الأربعاء
</topic_text>
<spam_score>0.00</spam_score>
<post_num>1</post_num>
<post_id>post-1</post_id>
<post_url>http://www.youm7.com/story/2016/5/12/عادل-إمام-يستكمل-مأمون-وشركاه-بمدينة-الإنتاج-الإعلامى-اليوم/2714979</post_url>
<post_date>20160512</post_date>
<post_time>0636</post_time>
<username>youm7.com</username>
<post>
يستأنف النجم الكبير عادل إمام تصوير أحداث مسلسله الجديد &quot;مأمون وشركاه&quot;، اليوم الخميس بمدينة الإنتاج الإعلامى داخل حى إسكندرية، على الرغم من عودة أسرة المسلسل من إيطاليا أمس الأربعاء، حيث كانت هناك لتصوير عدة مشاهد خاصة بالفنان خالد سرحان، إلا أن القائمين على المسلسل استأنفوا التصوير فى اليوم التالى مباشرة، وذلك رغبة من فريق العمل فى الانتهاء مبكرا من التصوير، وحتى لا يستغرقون وقتا طويلا فى التصوير أثناء شهر رمضان.
يذكر أن مسلسل &quot;مأمون وشركاه&quot; يشارك فى بطولته كل من خالد سليم ومصطفى فهمى ولبلبة وكمال أبو رية وخالد سرحان وأحمد فؤاد سليم وتامر هجرس وحمزة العيلى وريم مصطفى، منتج فنى هانى كشكوش، تأليف يوسف معاطى، وإنتاج تامر مرسى، وإخراج رامى إمام.
والمسلسل تدور أحداثه حول &quot;مأمون&quot; الرجل البخيل للغاية، الذى يهرب أولاده من بخله الشديد ويتفرقون بعيدا عنه، حتى أن زوجته تطلب الطلاق، حتى يكتشف الجميع فى النهاية، أنه يمتلك أموالا طائلة، لتبدأ مفارقات البحث عن مكان اختباء هذه الأموال.
موضوعات متعلقة..
- عادل إمام ينتظر عودة أسرة &quot;مأمون وشركاه&quot; من إيطاليا.. الأربعاء
</post>
<signature>

</signature>
<external_links>
<external_link>http://adserver.adtech.de/adlink/3.0/1422/5999560/0/170/ADTECH;loc=300</external_link><external_link>https://twitter.com/intent/tweet?button_hashtag=Youm7&amp;text=عادل</external_link><external_link>http://adserver.adtech.de/adserv/3.0/1422/5999560/0/170/ADTECH;loc=300</external_link>
</external_links>
<country>US</country>
<main_image>http://img.youm7.com/images/NewsPics/large/122015206558209الزعيم.jpg?v543</main_image>
</document>
