<?xml version="1.0" encoding="UTF-8"?>
<document>
<type>mainstream</type>
<forum>http://www.fox8live.com/category/13533/international-news?clienttype=rss</forum>
<forum_title>FOX 8 News WVUE-TV - International - Headline</forum_title>
<discussion_title>Malaysia: 2 more pieces &apos;almost certainly&apos; from Flight 370</discussion_title>
<language>english</language>
<gmt_offset></gmt_offset>
<topic_url>http://www.fox8live.com/story/31953770/malaysia-2-more-pieces-almost-certainly-from-flight-370</topic_url>
<topic_text>
Malaysia: 2 more pieces &apos;almost certainly&apos; from Flight 370 - FOX 8 WVUE New Orleans News, Weather, Sports, Social Member Center: Malaysia: 2 more pieces &apos;almost certainly&apos; from Flight 370 2016-05-12T06:02:41Z 2016-05-12T10:23:31Z (AP Photo/Joshua Paul, File). FILE - In this Tuesday, Feb. 23, 2016, file photo, a waiter walks past a mural of flight MH370 in Shah Alam outside Kuala Lumpur, Malaysia. Malaysia&apos;s government said Thursday, May 12, 2016, that two more pieces of debris,... (AP Photo/Joshua Paul). In this photo taken on Sunday, March 6, 2016, a Malaysian child with his face painted with MH370 during a remembrance event for the ill fated Malaysia Airlines Flight 370 in Kuala Lumpur, Malaysia. Malaysia&apos;s government said Thu... (AP Photo/Joshua Paul). FILE - In this March 6, 2016, file photo, well wishes are written on a wall of hope during a remembrance event for the ill fated Malaysia Airlines Flight 370 in Kuala Lumpur, Malaysia. Malaysia&apos;s government said Thursday, May 12... Map locates debris believed to be from Malaysia Airlines Flight 370; 2c x 2 inches; 96.3 mm x 50 mm; By EILEEN NGAssociated Press 
KUALA LUMPUR, Malaysia (AP) - Malaysia&apos;s government said Thursday that two more pieces of debris, discovered in South Africa and Rodrigues Island off Mauritius, are &quot;almost certainly&quot; from Flight 370, bringing the total number of pieces believed to have come from the missing Malaysian jet to five. 
The aircraft mysteriously disappeared more than two years ago with 239 people on board, and so far an extensive underwater search of a vast area of the Indian Ocean off Australia&apos;s west coast has turned up empty. 
Though the discovery of the debris has bolstered authorities&apos; assertion that the plane went down somewhere in the Indian Ocean, none of the parts thus far has yielded any clues into exactly where and why the aircraft crashed. Those elusive answers lie with the flight data recorders, or black boxes, which may never be found, said Geoff Dell, a specialist in accident investigation at Central Queensland University in Australia. 
&quot;It shows they&apos;re looking in the right ocean - that&apos;s about it,&quot; Dell said. 
The two newly identified pieces of debris were found in March. Malaysian Transport Minister Liow Tiong Lai said one is an engine cowling piece with a partial Rolls-Royce logo, and the other is an interior panel piece from an aircraft cabin - the first interior part found from the missing plane. 
An international team of experts in Australia who examined the debris concluded that both pieces were consistent with panels found on a Malaysia Airlines Boeing 777 aircraft, Liow said. 
&quot;As such, the team has confirmed that both pieces of debris from South Africa and Rodrigues Island are almost certainly from MH370,&quot; he said in a statement. 
All five pieces have been found in various spots around the Indian Ocean. Last year, a wing part from the plane washed ashore on France&apos;s Reunion Island. In March, investigators confirmed two pieces of debris found along Mozambique&apos;s coast were almost certainly from the aircraft. 
The jet, which vanished on March 8, 2014, while flying from Kuala Lumpur to Beijing, is believed to have crashed somewhere in a remote stretch of the southern Indian Ocean about 1,800 kilometers (1,100 miles) off Australia&apos;s west coast. Authorities had predicted that any debris from the plane that isn&apos;t on the ocean floor would eventually be carried by currents to the east coast of Africa. 
Most of the passengers on the plane were Chinese, and many of their families have refused to give up hope that they could somehow still be alive despite the discoveries of debris. 
&quot;I just don&apos;t believe what they said and no matter how many pieces of debris they&apos;ve found, I just don&apos;t think it is true,&quot; Zhang Qian, whose husband Wang Houbin was on the flight, said in Beijing. &quot;Unless we have a clear and full explanation of what has really happened from the beginning to the end, solving all the puzzles, we just feel they are still trying to trick us.&quot; 
Investigators are examining marine life attached to the debris to see if it could somehow help them narrow down where the plane entered the ocean, but haven&apos;t discovered anything useful yet. 
The interior part, identified by its decorative laminate, is a panel from the main cabin and is believed to be part of a door closet, the Australian Transport Safety Bureau said in a technical report. 
But even this interior piece is also unlikely to prove very helpful to investigators, said Dell, the accident investigation expert. It won&apos;t, for example, answer the question that some have raised about whether anyone was still at the controls of the plane at the end of its flight, or whether the plane spiraled uncontrollably into the water after running out of fuel. 
&quot;I wouldn&apos;t hang your hat too much on what it says, other than it&apos;s got to come out of the airplane somehow and that suggests there was a structural failure in the fuselage that allowed it to get out,&quot; he said. &quot;But how, exactly - who knows?&quot; 
That part was found by tourists on Rodrigues Island, while the piece with part of a Rolls-Royce logo was found by an archaeologist while walking along South Africa&apos;s southern coast. 
Ron Bishop, head of aviation at Central Queensland University, said the debris may help the investigation in a less direct way: by leading to more debris discoveries. 
&quot;The best part about it is, it makes it where now anytime anyone finds something on a beach that&apos;s weird-looking ... they&apos;ll turn it in,&quot; Bishop said. &quot;I&apos;m sure there&apos;s tons of this lying on beaches - we&apos;re just not noticing it that much. 
&quot;Not all this stuff is going to look like a wing; it&apos;s just going to look like garbage.&quot; 
As for the underwater search, crews have combed more than 105,000 square kilometers (40,000 square miles) of the Indian Ocean to no avail. They expect to complete their sweep of what they have determined to be the plane&apos;s most likely location by the end of June. 
___ 
Associated Press writers Kristen Gelineau in Sydney and Christopher Bodeen in Beijing contributed to this report. Copyright 2016 The Associated Press. All rights reserved. This material may not be published, broadcast, rewritten or redistributed.
</topic_text>
<spam_score>0.00</spam_score>
<post_num>1</post_num>
<post_id>post-1</post_id>
<post_url>http://www.fox8live.com/story/31953770/malaysia-2-more-pieces-almost-certainly-from-flight-370</post_url>
<post_date>20160512</post_date>
<post_time>1023</post_time>
<username></username>
<post>
Malaysia: 2 more pieces &apos;almost certainly&apos; from Flight 370 - FOX 8 WVUE New Orleans News, Weather, Sports, Social Member Center: Malaysia: 2 more pieces &apos;almost certainly&apos; from Flight 370 2016-05-12T06:02:41Z 2016-05-12T10:23:31Z (AP Photo/Joshua Paul, File). FILE - In this Tuesday, Feb. 23, 2016, file photo, a waiter walks past a mural of flight MH370 in Shah Alam outside Kuala Lumpur, Malaysia. Malaysia&apos;s government said Thursday, May 12, 2016, that two more pieces of debris,... (AP Photo/Joshua Paul). In this photo taken on Sunday, March 6, 2016, a Malaysian child with his face painted with MH370 during a remembrance event for the ill fated Malaysia Airlines Flight 370 in Kuala Lumpur, Malaysia. Malaysia&apos;s government said Thu... (AP Photo/Joshua Paul). FILE - In this March 6, 2016, file photo, well wishes are written on a wall of hope during a remembrance event for the ill fated Malaysia Airlines Flight 370 in Kuala Lumpur, Malaysia. Malaysia&apos;s government said Thursday, May 12... Map locates debris believed to be from Malaysia Airlines Flight 370; 2c x 2 inches; 96.3 mm x 50 mm; By EILEEN NGAssociated Press 
KUALA LUMPUR, Malaysia (AP) - Malaysia&apos;s government said Thursday that two more pieces of debris, discovered in South Africa and Rodrigues Island off Mauritius, are &quot;almost certainly&quot; from Flight 370, bringing the total number of pieces believed to have come from the missing Malaysian jet to five. 
The aircraft mysteriously disappeared more than two years ago with 239 people on board, and so far an extensive underwater search of a vast area of the Indian Ocean off Australia&apos;s west coast has turned up empty. 
Though the discovery of the debris has bolstered authorities&apos; assertion that the plane went down somewhere in the Indian Ocean, none of the parts thus far has yielded any clues into exactly where and why the aircraft crashed. Those elusive answers lie with the flight data recorders, or black boxes, which may never be found, said Geoff Dell, a specialist in accident investigation at Central Queensland University in Australia. 
&quot;It shows they&apos;re looking in the right ocean - that&apos;s about it,&quot; Dell said. 
The two newly identified pieces of debris were found in March. Malaysian Transport Minister Liow Tiong Lai said one is an engine cowling piece with a partial Rolls-Royce logo, and the other is an interior panel piece from an aircraft cabin - the first interior part found from the missing plane. 
An international team of experts in Australia who examined the debris concluded that both pieces were consistent with panels found on a Malaysia Airlines Boeing 777 aircraft, Liow said. 
&quot;As such, the team has confirmed that both pieces of debris from South Africa and Rodrigues Island are almost certainly from MH370,&quot; he said in a statement. 
All five pieces have been found in various spots around the Indian Ocean. Last year, a wing part from the plane washed ashore on France&apos;s Reunion Island. In March, investigators confirmed two pieces of debris found along Mozambique&apos;s coast were almost certainly from the aircraft. 
The jet, which vanished on March 8, 2014, while flying from Kuala Lumpur to Beijing, is believed to have crashed somewhere in a remote stretch of the southern Indian Ocean about 1,800 kilometers (1,100 miles) off Australia&apos;s west coast. Authorities had predicted that any debris from the plane that isn&apos;t on the ocean floor would eventually be carried by currents to the east coast of Africa. 
Most of the passengers on the plane were Chinese, and many of their families have refused to give up hope that they could somehow still be alive despite the discoveries of debris. 
&quot;I just don&apos;t believe what they said and no matter how many pieces of debris they&apos;ve found, I just don&apos;t think it is true,&quot; Zhang Qian, whose husband Wang Houbin was on the flight, said in Beijing. &quot;Unless we have a clear and full explanation of what has really happened from the beginning to the end, solving all the puzzles, we just feel they are still trying to trick us.&quot; 
Investigators are examining marine life attached to the debris to see if it could somehow help them narrow down where the plane entered the ocean, but haven&apos;t discovered anything useful yet. 
The interior part, identified by its decorative laminate, is a panel from the main cabin and is believed to be part of a door closet, the Australian Transport Safety Bureau said in a technical report. 
But even this interior piece is also unlikely to prove very helpful to investigators, said Dell, the accident investigation expert. It won&apos;t, for example, answer the question that some have raised about whether anyone was still at the controls of the plane at the end of its flight, or whether the plane spiraled uncontrollably into the water after running out of fuel. 
&quot;I wouldn&apos;t hang your hat too much on what it says, other than it&apos;s got to come out of the airplane somehow and that suggests there was a structural failure in the fuselage that allowed it to get out,&quot; he said. &quot;But how, exactly - who knows?&quot; 
That part was found by tourists on Rodrigues Island, while the piece with part of a Rolls-Royce logo was found by an archaeologist while walking along South Africa&apos;s southern coast. 
Ron Bishop, head of aviation at Central Queensland University, said the debris may help the investigation in a less direct way: by leading to more debris discoveries. 
&quot;The best part about it is, it makes it where now anytime anyone finds something on a beach that&apos;s weird-looking ... they&apos;ll turn it in,&quot; Bishop said. &quot;I&apos;m sure there&apos;s tons of this lying on beaches - we&apos;re just not noticing it that much. 
&quot;Not all this stuff is going to look like a wing; it&apos;s just going to look like garbage.&quot; 
As for the underwater search, crews have combed more than 105,000 square kilometers (40,000 square miles) of the Indian Ocean to no avail. They expect to complete their sweep of what they have determined to be the plane&apos;s most likely location by the end of June. 
___ 
Associated Press writers Kristen Gelineau in Sydney and Christopher Bodeen in Beijing contributed to this report. Copyright 2016 The Associated Press. All rights reserved. This material may not be published, broadcast, rewritten or redistributed.
</post>
<signature>

</signature>
<external_links>

</external_links>
<country>US</country>
<main_image>http://images.worldnow.com/AP/images/10538305_G.jpg</main_image>
</document>
