<?xml version="1.0" encoding="UTF-8"?>
<document>
<type>mainstream</type>
<forum>http://ria.ru/</forum>
<forum_title>РИА Новости</forum_title>
<discussion_title>СМИ: обнаруженный школьником &quot;город майя&quot; оказался конопляным полем</discussion_title>
<language>russian</language>
<gmt_offset></gmt_offset>
<topic_url>http://ria.ru/world/20160512/1431860538.html</topic_url>
<topic_text>
МОСКВА, 12 мая — РИА Новости. То, что 15-летний канадский школьник Уильям Гадури принял за &quot;затерянный город майя&quot; , оказалось конопляным полем, пишет журнал Wired со ссылкой на Джеффри Брасвелла, археолога из Калифорнийского университета в Сан-Диего.
По данным издания, Брасвелл и его студенты сейчас работают на территории мексиканского штата Юкатан неподалеку от того места в джунглях, где, согласно теории канадского юноши, должен быть древний город.
Археолог сразу же узнал локацию по спутниковому снимку и заявил, что выделяющийся на нем прямоугольник — это поле, заросшее либо коноплей, либо сорной травой. На еще одном спутниковом снимке, представленном Гадури Канадским космическим агентством, можно разглядеть очертания высохшего болота.
© AP Photo/ Rodrigo Abd Археологи разгадали тайну воронок на плато Наска Эксперт также отметил, что по-настоящему интересное с археологической точки зрения место расположено к югу от локации, запечатленной на этих снимках.
Информация о том, что 15-летний Уильям Гадури якобы нашел по спутниковым снимкам неизвестный город майя, появилась в СМИ ранее на этой неделе. Юноша пришел к выводу, что представители древней цивилизации при возведении городов руководствовались картой созвездий.
Изучив ее, Гадури обнаружил, что одному созвездию из трех звезд &quot;не хватает города&quot;. Канадское космическое агентство с воодушевлением отнеслось к теории мальчика, однако, как отмечает Wired, многие эксперты сочли ее ненаучной.
В частности, Энтони Эйвени, один из основателей археоастрономии, сомневается в том, что майя вообще строили города по такому принципу. &quot;Те созвездия майя, о которых мы знаем, за исключением созвездия Скорпиона, никак не связаны с современными картами созвездий&quot;, — отметил он.
Некоторые, впрочем, признавали, что на первом снимке можно увидеть нечто, напоминающее возведенную человеком конструкцию, а на втором — что-то похоже на пирамиду.
Предполагалось, что исследования Гадури опубликуют в научном журнале, а сам он представит их в следующем году Бразильской международной научной конференции.
</topic_text>
<spam_score>0.00</spam_score>
<post_num>13</post_num>
<post_id>post-13</post_id>
<post_url>http://ria.ru/world/20160512/1431860538.html</post_url>
<post_date>20160512</post_date>
<post_time></post_time>
<username>Rumata_65</username>
<post>
&quot;По данным издания, Брасвелл и его студенты сейчас работают на территории мексиканского штата Юкатан неподалеку от того места в джунглях, где, согласно теории канадского юноши, должен быть древний город.&quot; И шлют заказы курьерской службе &quot;... пришлите побольше &quot;Беломора&quot; и сладких вкусняшек&quot;
</post>
<signature>

</signature>
<external_links>

</external_links>
<country>RU</country>
<main_image>http://cdn15.img22.ria.ru/images/143111/79/1431117976.jpg</main_image>
</document>
