<?xml version="1.0" encoding="UTF-8"?>
<document>
<type>mainstream</type>
<forum>http://www.ajc.com/feeds/categories/business/</forum>
<forum_title>News | Business</forum_title>
<discussion_title>US proposes to cut methane from oil, gas by nearly half</discussion_title>
<language>english</language>
<gmt_offset></gmt_offset>
<topic_url>http://www.ajc.com/ap/ap/top-news/us-proposes-to-cut-methane-from-oil-gas-by-nearly-/pC9tbs/</topic_url>
<topic_text>
SUBSCRIBE FOLLOW US © 2016 Cox Media Group . By using this website, you accept the terms of our Visitor Agreement and Privacy Policy , and understand your options regarding Ad Choices . Learn about careers at Cox Media Group . US proposes to cut methane from oil, gas by nearly half FILE -In this June 12, 2014 file photo, oil pumps and natural gas burn off in Watford City, N.D. Methane emissions will likely be the next big environmental issue to face North Dakota&apos;s booming oil industry according to a top official at the state&apos;s Department of Health. The Obama administration is finalizing a rule to cut methane emissions from U.S. oil and gas production by nearly half over the next decade. It’s part of an ongoing push by the president to curb climate change. (AP Photo/Charles Rex Arbogast, File) Most Read
</topic_text>
<spam_score>0.00</spam_score>
<post_num>1</post_num>
<post_id>post-1</post_id>
<post_url>http://www.ajc.com/ap/ap/top-news/us-proposes-to-cut-methane-from-oil-gas-by-nearly-/pC9tbs/</post_url>
<post_date>20160512</post_date>
<post_time>1522</post_time>
<username></username>
<post>
SUBSCRIBE FOLLOW US © 2016 Cox Media Group . By using this website, you accept the terms of our Visitor Agreement and Privacy Policy , and understand your options regarding Ad Choices . Learn about careers at Cox Media Group . US proposes to cut methane from oil, gas by nearly half FILE -In this June 12, 2014 file photo, oil pumps and natural gas burn off in Watford City, N.D. Methane emissions will likely be the next big environmental issue to face North Dakota&apos;s booming oil industry according to a top official at the state&apos;s Department of Health. The Obama administration is finalizing a rule to cut methane emissions from U.S. oil and gas production by nearly half over the next decade. It’s part of an ongoing push by the president to curb climate change. (AP Photo/Charles Rex Arbogast, File) Most Read
</post>
<signature>

</signature>
<external_links>

</external_links>
<country>US</country>
<main_image>http://media.cmgdigital.com/shared/img/photos/2016/05/12/13/f0/f0216ce3a422495b82d630a196b0aaac-74d1caf731614be58e9e6d6f15df0d11-0.jpg</main_image>
</document>
