<?xml version="1.0" encoding="UTF-8"?>
<document>
<type>mainstream</type>
<forum></forum>
<forum_title></forum_title>
<discussion_title>【動画あり】 ミュウツーレベル70を操るキッズ、おっさんのレベル10雑魚ポケモン...｜antenna55.com</discussion_title>
<language>japanese</language>
<gmt_offset></gmt_offset>
<topic_url>http://antenna55.com/article.php?id=631280</topic_url>
<topic_text>
2019/04/06 03:49 これのどこが怖いの？って写真 キニ速 2019/04/05 22:59 完全に密閉されたパソコンと無限の食事がある部屋で一生過ごした... キニ速 
</topic_text>
<spam_score>0.00</spam_score>
<post_num>1</post_num>
<post_id>post-1</post_id>
<post_url>http://antenna55.com/article.php?id=631280</post_url>
<post_date>20190509</post_date>
<post_time></post_time>
<username></username>
<post>
2019/04/06 03:49 これのどこが怖いの？って写真 キニ速 2019/04/05 22:59 完全に密閉されたパソコンと無限の食事がある部屋で一生過ごした... キニ速 
</post>
<signature>

</signature>
<external_links>

</external_links>
<country>JP</country>
<main_image></main_image>
</document>
