<?xml version="1.0" encoding="UTF-8"?>
<document>
<type>mainstream</type>
<forum>http://globegazette.com/search/?f=rss&amp;t=article&amp;c=news/national&amp;l=25&amp;s=start_time&amp;sd=desc</forum>
<forum_title>globegazette.com - RSS Results in news/national of type article</forum_title>
<discussion_title>Zimmerman to auction pistol he used to shoot Trayvon Martin</discussion_title>
<language>english</language>
<gmt_offset></gmt_offset>
<topic_url>http://globegazette.com/news/national/zimmerman-to-auction-pistol-he-used-to-shoot-trayvon-martin/article_77821a7e-dba5-51c1-970f-0747d81a78d8.html</topic_url>
<topic_text>
1 of 2 Joe Burbank 
FILE - In this Tuesday, Nov. 19, 2013, file photo, George Zimmerman, acquitted in the high-profile killing of unarmed black teenager Trayvon Martin, listens in court, in Sanford, Fla., during his hearing. The pistol former neighborhood watch volunteer Zimmerman used in the fatal shooting of Martin is going up for auction online. The auction begins Thursday, May 12, 2016, at 11 a.m. EDT and the bidding starts at $5,000. (AP Photo/Orlando Sentinel, Joe Burbank, Pool, File) Joe Burbank 
FILE- In this June 28, 2013, file photo, Sanford police officer Timothy Smith holds up the gun that was used to kill Trayvon Martin, while testifying in the George Zimmerman trial, in Seminole circuit court in Sanford, Fla. The pistol former neighborhood watch volunteer Zimmerman used in the fatal shooting of Martin is going up for auction online. (AP Photo/Orlando Sentinel, Joe Burbank, Pool, File) AP Zimmerman to auction pistol he used to shoot Trayvon Martin Updated 0 Joe Burbank 
FILE - In this Tuesday, Nov. 19, 2013, file photo, George Zimmerman, acquitted in the high-profile killing of unarmed black teenager Trayvon Martin, listens in court, in Sanford, Fla., during his hearing. The pistol former neighborhood watch volunteer Zimmerman used in the fatal shooting of Martin is going up for auction online. The auction begins Thursday, May 12, 2016, at 11 a.m. EDT and the bidding starts at $5,000. (AP Photo/Orlando Sentinel, Joe Burbank, Pool, File) Joe Burbank 
FILE- In this June 28, 2013, file photo, Sanford police officer Timothy Smith holds up the gun that was used to kill Trayvon Martin, while testifying in the George Zimmerman trial, in Seminole circuit court in Sanford, Fla. The pistol former neighborhood watch volunteer Zimmerman used in the fatal shooting of Martin is going up for auction online. (AP Photo/Orlando Sentinel, Joe Burbank, Pool, File) 
SANFORD, Fla. (AP) — Former Florida neighborhood watch volunteer George Zimmerman is auctioning off the pistol he used in the fatal shooting of Trayvon Martin, an unarmed black teenager. 
In an interview with Orlando, Florida, TV station WOFL, Zimmerman said he had just gotten the pistol back from the U.S. Justice Department, which took it after he was acquitted in Martin&apos;s 2012 shooting death. 
&quot;And I thought it&apos;s time to move past the firearm,&quot; Zimmerman told the station. &quot;And if I sell it and it sells, I move past it. Otherwise, it&apos;s going in a safe for my grandkids and never to be used or seen again.&quot; 
The auction listing on GunBroker.com lists the gun as a 9 mm Kel-Tec PF-9 pistol. The auction begins at 11 a.m. EDT Thursday and ends at the same time Friday. The bidding starts at $5,000. 
The auction listing also says a portion of the proceeds will go toward fighting what Zimmerman calls violence by the Black Lives Matter movement against law enforcement officers, combatting anti-gun rhetoric of Democratic presidential candidate Hillary Clinton and ending the career of Angela Corey, the attorney who led the prosecution against Zimmerman. 
The listing ends with a Latin phrase that translates as &quot;if you want peace, prepare for war.&quot; 
When asked what he thought of people who would be opposed to auctioning the gun, Zimmerman said, &quot;They&apos;re not going to be bidding on it, so I couldn&apos;t care less about them.&quot; 
Zimmerman, now 32, has said he was defending himself when he shot and killed Martin, 17, in a gated community near Orlando. Martin, who lived in Miami with his mother, was visiting his father at the time. 
Zimmerman, who identifies as Hispanic, was acquitted in the February 2012 shooting death of Martin in a case that sparked protests and a national debate about race relations. The Justice Department later decided not to bring a civil rights case against Zimmerman. 
Since then, Zimmerman has been charged with assault based on complaints from two girlfriends. In both cases, the girlfriends refused to cooperate and charges were dropped. His estranged wife, Shellie Zimmerman, also accused him of smashing her iPad during an argument days after she filed divorce papers. No charges were filed because of lack of evidence. They were officially divorced in January. 
&quot;The Trayvon Martin Foundation is committed to its mission of ending senseless gun violence in the United States,&quot; read a statement provided by the office of attorney Benjamin Crump, who represents the Martin family. The statement was attributed to Tracy Martin, the teenager&apos;s father. &quot;This election season, we are laser focused on furthering that mission. As such, the foundation has no comment on the actions of that person.&quot; 
David S. Weinstein, a former state and federal prosecutor, said it appears Zimmerman is within his rights to sell the gun through an online auction at the Gunbroker website. Although only licensed firearms dealers are permitted to sell guns across state lines, the auction site Zimmerman plans to use transfers the weapons from sellers to buyers through licensed dealers, according to its website. 
&quot;By using Gunbroker as the intermediary he is in compliance,&quot; Weinstein said. &quot;I can&apos;t think of any legal reason why he can&apos;t sell the gun.&quot; 
Zimmerman said he has received death threats but has decided not to cower. 
&quot;I&apos;m a free American,&quot; he said. &quot;I can do what I want with my possessions.&quot; Tags
</topic_text>
<spam_score>0.00</spam_score>
<post_num>1</post_num>
<post_id>post-1</post_id>
<post_url>http://globegazette.com/news/national/zimmerman-to-auction-pistol-he-used-to-shoot-trayvon-martin/article_77821a7e-dba5-51c1-970f-0747d81a78d8.html</post_url>
<post_date>20160512</post_date>
<post_time>1331</post_time>
<username></username>
<post>
1 of 2 Joe Burbank 
FILE - In this Tuesday, Nov. 19, 2013, file photo, George Zimmerman, acquitted in the high-profile killing of unarmed black teenager Trayvon Martin, listens in court, in Sanford, Fla., during his hearing. The pistol former neighborhood watch volunteer Zimmerman used in the fatal shooting of Martin is going up for auction online. The auction begins Thursday, May 12, 2016, at 11 a.m. EDT and the bidding starts at $5,000. (AP Photo/Orlando Sentinel, Joe Burbank, Pool, File) Joe Burbank 
FILE- In this June 28, 2013, file photo, Sanford police officer Timothy Smith holds up the gun that was used to kill Trayvon Martin, while testifying in the George Zimmerman trial, in Seminole circuit court in Sanford, Fla. The pistol former neighborhood watch volunteer Zimmerman used in the fatal shooting of Martin is going up for auction online. (AP Photo/Orlando Sentinel, Joe Burbank, Pool, File) AP Zimmerman to auction pistol he used to shoot Trayvon Martin Updated 0 Joe Burbank 
FILE - In this Tuesday, Nov. 19, 2013, file photo, George Zimmerman, acquitted in the high-profile killing of unarmed black teenager Trayvon Martin, listens in court, in Sanford, Fla., during his hearing. The pistol former neighborhood watch volunteer Zimmerman used in the fatal shooting of Martin is going up for auction online. The auction begins Thursday, May 12, 2016, at 11 a.m. EDT and the bidding starts at $5,000. (AP Photo/Orlando Sentinel, Joe Burbank, Pool, File) Joe Burbank 
FILE- In this June 28, 2013, file photo, Sanford police officer Timothy Smith holds up the gun that was used to kill Trayvon Martin, while testifying in the George Zimmerman trial, in Seminole circuit court in Sanford, Fla. The pistol former neighborhood watch volunteer Zimmerman used in the fatal shooting of Martin is going up for auction online. (AP Photo/Orlando Sentinel, Joe Burbank, Pool, File) 
SANFORD, Fla. (AP) — Former Florida neighborhood watch volunteer George Zimmerman is auctioning off the pistol he used in the fatal shooting of Trayvon Martin, an unarmed black teenager. 
In an interview with Orlando, Florida, TV station WOFL, Zimmerman said he had just gotten the pistol back from the U.S. Justice Department, which took it after he was acquitted in Martin&apos;s 2012 shooting death. 
&quot;And I thought it&apos;s time to move past the firearm,&quot; Zimmerman told the station. &quot;And if I sell it and it sells, I move past it. Otherwise, it&apos;s going in a safe for my grandkids and never to be used or seen again.&quot; 
The auction listing on GunBroker.com lists the gun as a 9 mm Kel-Tec PF-9 pistol. The auction begins at 11 a.m. EDT Thursday and ends at the same time Friday. The bidding starts at $5,000. 
The auction listing also says a portion of the proceeds will go toward fighting what Zimmerman calls violence by the Black Lives Matter movement against law enforcement officers, combatting anti-gun rhetoric of Democratic presidential candidate Hillary Clinton and ending the career of Angela Corey, the attorney who led the prosecution against Zimmerman. 
The listing ends with a Latin phrase that translates as &quot;if you want peace, prepare for war.&quot; 
When asked what he thought of people who would be opposed to auctioning the gun, Zimmerman said, &quot;They&apos;re not going to be bidding on it, so I couldn&apos;t care less about them.&quot; 
Zimmerman, now 32, has said he was defending himself when he shot and killed Martin, 17, in a gated community near Orlando. Martin, who lived in Miami with his mother, was visiting his father at the time. 
Zimmerman, who identifies as Hispanic, was acquitted in the February 2012 shooting death of Martin in a case that sparked protests and a national debate about race relations. The Justice Department later decided not to bring a civil rights case against Zimmerman. 
Since then, Zimmerman has been charged with assault based on complaints from two girlfriends. In both cases, the girlfriends refused to cooperate and charges were dropped. His estranged wife, Shellie Zimmerman, also accused him of smashing her iPad during an argument days after she filed divorce papers. No charges were filed because of lack of evidence. They were officially divorced in January. 
&quot;The Trayvon Martin Foundation is committed to its mission of ending senseless gun violence in the United States,&quot; read a statement provided by the office of attorney Benjamin Crump, who represents the Martin family. The statement was attributed to Tracy Martin, the teenager&apos;s father. &quot;This election season, we are laser focused on furthering that mission. As such, the foundation has no comment on the actions of that person.&quot; 
David S. Weinstein, a former state and federal prosecutor, said it appears Zimmerman is within his rights to sell the gun through an online auction at the Gunbroker website. Although only licensed firearms dealers are permitted to sell guns across state lines, the auction site Zimmerman plans to use transfers the weapons from sellers to buyers through licensed dealers, according to its website. 
&quot;By using Gunbroker as the intermediary he is in compliance,&quot; Weinstein said. &quot;I can&apos;t think of any legal reason why he can&apos;t sell the gun.&quot; 
Zimmerman said he has received death threats but has decided not to cower. 
&quot;I&apos;m a free American,&quot; he said. &quot;I can do what I want with my possessions.&quot; Tags
</post>
<signature>

</signature>
<external_links>

</external_links>
<country>US</country>
<main_image>http://bloximages.chicago2.vip.townnews.com/globegazette.com/content/tncms/assets/v3/editorial/0/5f/05fe2e44-16c5-53ec-b61d-7af40df324dc/573443c1877d2.image.jpg?crop=512%2C288%2C0%2C11</main_image>
</document>
