<?xml version="1.0" encoding="UTF-8"?>
<document>
<type>mainstream</type>
<forum>http://www.informazione.it/xml/pr/0d62108b-a0c2-46f5-b8d9-9aed3a376451.xml?lng=neutral</forum>
<forum_title>I Comunicati Stampa di PR Newswire su informazione.it</forum_title>
<discussion_title>Basestation Spending Falls Short of $50 Billion for Second Year in a Row as Market Heads Toward Double-Digit Declines</discussion_title>
<language>english</language>
<gmt_offset></gmt_offset>
<topic_url>http://www.informazione.it/c/E0BB2ED3-9EB6-4327-8282-80238C05008B/Basestation-Spending-Falls-Short-of-50-Billion-for-Second-Year-in-a-Row-as-Market-Heads-Toward-Double-Digit-Declines</topic_url>
<topic_text>
Modifica password Basestation Spending Falls Short of $50 Billion for Second Year in a Row as Market Heads Toward Double-Digit Declines &quot;The basestation spending decline means that CAPEX is shifting to less capital intensive solutions, including small cells, DAS, and Wi-Fi for densification,&quot; says Nick Marshall, Research Director at ABI Research. &quot;While India will dominate spending in Asia-Pacific over the next few years, North America&apos;s 4G coverage is virtually complete as the region prepares for 5G along with Japan and South Korea.&quot; AUSTIN, Texas, ( informazione.it - comunicati stampa - information technology ) 
&quot;The basestation spending decline means that CAPEX is shifting to less capital intensive solutions, including small cells, DAS, and Wi-Fi for densification,&quot; says Nick Marshall , Research Director at ABI Research. &quot;While India will dominate spending in Asia-Pacific over the next few years, North America&apos;s 4G coverage is virtually complete as the region prepares for 5G along with Japan and South Korea .&quot; 
The Asia-Pacific region is still the largest basestation market in 2016, but down from its 2015 peak as China completes its LTE rollout. North America will see the biggest declines as deployments for LTE coverage diminish. In 2015, Ericsson led the overall basestation market, followed by Huawei, Nokia Networks, Alcatel-Lucent, and ZTE. But those same companies will face challenges in the months ahead. 
&quot;As the 5G technology cycle gets underway, basestation vendors including Ericsson, Huawei, and Nokia will face the challenge of replacing lost revenue in the short term,&quot; concludes Marshall. &quot;While the early commercialization of 5G will certainly help to replace this lost revenue, it is not until well after 2020 that this contribution becomes meaningful. Basestation vendors must diversity to make up for this shortfall.&quot; 
These findings are part of ABI Research&apos;s Network Market Tracker Service ( https://www.abiresearch.com/market-research/service/network-market-tracker/ ), which includes research reports, market data, insights, and competitive assessments. 
About ABI Research 
For more than 25 years, ABI Research has stood at the forefront of technology market intelligence, partnering with innovative business leaders to implement informed, transformative technology decisions. The company employs a global team of senior analysts to provide comprehensive research and consulting services through deep quantitative forecasts, qualitative analyses and teardown services. An industry pioneer, ABI Research is proactive in its approach, frequently uncovering ground-breaking business cycles ahead of the curve and publishing research 18 to 36 months in advance of other organizations. In all, the company covers more than 60 services, spanning 11 technology sectors. For more information, visit www.abiresearch.com .
</topic_text>
<spam_score>0.00</spam_score>
<post_num>1</post_num>
<post_id>post-1</post_id>
<post_url>http://www.informazione.it/c/E0BB2ED3-9EB6-4327-8282-80238C05008B/Basestation-Spending-Falls-Short-of-50-Billion-for-Second-Year-in-a-Row-as-Market-Heads-Toward-Double-Digit-Declines</post_url>
<post_date>20160512</post_date>
<post_time>1452</post_time>
<username></username>
<post>
Modifica password Basestation Spending Falls Short of $50 Billion for Second Year in a Row as Market Heads Toward Double-Digit Declines &quot;The basestation spending decline means that CAPEX is shifting to less capital intensive solutions, including small cells, DAS, and Wi-Fi for densification,&quot; says Nick Marshall, Research Director at ABI Research. &quot;While India will dominate spending in Asia-Pacific over the next few years, North America&apos;s 4G coverage is virtually complete as the region prepares for 5G along with Japan and South Korea.&quot; AUSTIN, Texas, ( informazione.it - comunicati stampa - information technology ) 
&quot;The basestation spending decline means that CAPEX is shifting to less capital intensive solutions, including small cells, DAS, and Wi-Fi for densification,&quot; says Nick Marshall , Research Director at ABI Research. &quot;While India will dominate spending in Asia-Pacific over the next few years, North America&apos;s 4G coverage is virtually complete as the region prepares for 5G along with Japan and South Korea .&quot; 
The Asia-Pacific region is still the largest basestation market in 2016, but down from its 2015 peak as China completes its LTE rollout. North America will see the biggest declines as deployments for LTE coverage diminish. In 2015, Ericsson led the overall basestation market, followed by Huawei, Nokia Networks, Alcatel-Lucent, and ZTE. But those same companies will face challenges in the months ahead. 
&quot;As the 5G technology cycle gets underway, basestation vendors including Ericsson, Huawei, and Nokia will face the challenge of replacing lost revenue in the short term,&quot; concludes Marshall. &quot;While the early commercialization of 5G will certainly help to replace this lost revenue, it is not until well after 2020 that this contribution becomes meaningful. Basestation vendors must diversity to make up for this shortfall.&quot; 
These findings are part of ABI Research&apos;s Network Market Tracker Service ( https://www.abiresearch.com/market-research/service/network-market-tracker/ ), which includes research reports, market data, insights, and competitive assessments. 
About ABI Research 
For more than 25 years, ABI Research has stood at the forefront of technology market intelligence, partnering with innovative business leaders to implement informed, transformative technology decisions. The company employs a global team of senior analysts to provide comprehensive research and consulting services through deep quantitative forecasts, qualitative analyses and teardown services. An industry pioneer, ABI Research is proactive in its approach, frequently uncovering ground-breaking business cycles ahead of the curve and publishing research 18 to 36 months in advance of other organizations. In all, the company covers more than 60 services, spanning 11 technology sectors. For more information, visit www.abiresearch.com .
</post>
<signature>

</signature>
<external_links>

</external_links>
<country>IT</country>
<main_image>http://imgs3.informazione.it/img/pr_def_md.jpg</main_image>
</document>
