<?xml version="1.0" encoding="UTF-8"?>
<document>
<type>mainstream</type>
<forum>http://www.news.com.au/finance/superannuation</forum>
<forum_title>Superannuation | Superannuation | News.com.au</forum_title>
<discussion_title>Do a quick super health check</discussion_title>
<language>english</language>
<gmt_offset></gmt_offset>
<topic_url>http://www.news.com.au/finance/superannuation/do-a-quick-super-health-check/news-story/4b5701e5087f047d1c430097c730779e</topic_url>
<topic_text>
Taking just a few minutes out of your day to review your superannuation can leave your retirement savings in much better shape.
Sophie Elsworth News Corp Australia Network SPARING just a few minutes to review your superannuation now can leave your retirement savings in much healthier shape once you stop work.
As we near the end of the quiet summer holiday season, there’s no better time to give your superannuation a mini health check.
We’ve asked the experts how to do it with just a few quick steps.
1. UPDATE YOUR DETAILS
The Australian Institute of Superannuation Trustees’ chief executive officer Tom Garcia said one of the first things you should do is so simple — contact your fund or login online and check your personal details are up-to-date.
“Make sure that your super fund has your correct details including your mobile, e-mail and postal address,’’ he said.
“Remember to contact your fund during milestone events — such as moving house.’’
If a fund cannot contact you there’s a large chance your superannuation will eventually be deemed “lost” and if the balance is less than $4000 it will eventually go to the Australian Taxation Office.
2, CONSOLIDATE
Intrust Super chief executive officer Brendan O’Farrell says putting all your super account into one fund is the best option.
It ultimately reduces the fees you will pay.
He suggests ringing your super fund and getting them to help do this.
Alternatively Garcia suggests logging into the myGov website to see if you have multiple accounts — it’s a simple process that takes just a few minutes.
“Setting up a profile on myGov is a simple step all Australians can take to keep track of their retirement savings,’’ he says.
“The myGov portal lets people link a range of Australian Government services including the ATO — allowing users to check super accounts, find any lost or ATO-held super, and even request the consolidation of multiple superannuation accounts.’’
3. INSURANCE
Insurance premiums paid from your superannuation can be expensive, so it’s important you check exactly what you are paying each week and what cover you are getting.
O’Farrell says if you have multiple accounts you are paying for multiple insurance policies.
“Before you do transfer accounts to another fund check your insurance is going to transfer over,’’ he says.
“But beware if you are going to transfer to another fund they may not have the same level of cover and it may be more expensive.
“You may not get the same level of cover too if you have pre-existing conditions.”
4. COMPARING ACCOUNTS
This will take more time to do and comparing superannuation accounts based on past performance can be a risky move.
However there are financial comparison websites including moneysaverHQ.com.au that compare super funds, so it might be well worth taking a look at this to see what other options are available.
Originally published as Do a quick super health check
your super and you btyb logo
</topic_text>
<spam_score>0.00</spam_score>
<post_num>1</post_num>
<post_id>post-1</post_id>
<post_url>http://www.news.com.au/finance/superannuation/do-a-quick-super-health-check/news-story/4b5701e5087f047d1c430097c730779e</post_url>
<post_date>20160128</post_date>
<post_time>0851</post_time>
<username>Sophie Elsworth</username>
<post>
Taking just a few minutes out of your day to review your superannuation can leave your retirement savings in much better shape.
Sophie Elsworth News Corp Australia Network SPARING just a few minutes to review your superannuation now can leave your retirement savings in much healthier shape once you stop work.
As we near the end of the quiet summer holiday season, there’s no better time to give your superannuation a mini health check.
We’ve asked the experts how to do it with just a few quick steps.
1. UPDATE YOUR DETAILS
The Australian Institute of Superannuation Trustees’ chief executive officer Tom Garcia said one of the first things you should do is so simple — contact your fund or login online and check your personal details are up-to-date.
“Make sure that your super fund has your correct details including your mobile, e-mail and postal address,’’ he said.
“Remember to contact your fund during milestone events — such as moving house.’’
If a fund cannot contact you there’s a large chance your superannuation will eventually be deemed “lost” and if the balance is less than $4000 it will eventually go to the Australian Taxation Office.
2, CONSOLIDATE
Intrust Super chief executive officer Brendan O’Farrell says putting all your super account into one fund is the best option.
It ultimately reduces the fees you will pay.
He suggests ringing your super fund and getting them to help do this.
Alternatively Garcia suggests logging into the myGov website to see if you have multiple accounts — it’s a simple process that takes just a few minutes.
“Setting up a profile on myGov is a simple step all Australians can take to keep track of their retirement savings,’’ he says.
“The myGov portal lets people link a range of Australian Government services including the ATO — allowing users to check super accounts, find any lost or ATO-held super, and even request the consolidation of multiple superannuation accounts.’’
3. INSURANCE
Insurance premiums paid from your superannuation can be expensive, so it’s important you check exactly what you are paying each week and what cover you are getting.
O’Farrell says if you have multiple accounts you are paying for multiple insurance policies.
“Before you do transfer accounts to another fund check your insurance is going to transfer over,’’ he says.
“But beware if you are going to transfer to another fund they may not have the same level of cover and it may be more expensive.
“You may not get the same level of cover too if you have pre-existing conditions.”
4. COMPARING ACCOUNTS
This will take more time to do and comparing superannuation accounts based on past performance can be a risky move.
However there are financial comparison websites including moneysaverHQ.com.au that compare super funds, so it might be well worth taking a look at this to see what other options are available.
Originally published as Do a quick super health check
your super and you btyb logo
</post>
<signature>

</signature>
<external_links>
<external_link>http://cdn.newsapi.com.au/image/v1/66b343ce476408d3ecb288fd08ae63b2</external_link><external_link>http://cdn.newsapi.com.au/link/4b5701e5087f047d1c430097c730779e?domain=newscorpaustralia.com</external_link><external_link>http://cdn.newsapi.com.au/image/v1/origin:fatwire.</external_link><external_link>https://ad.doubleclick.net/ddm/trackclk/N7123.272810.NEWSDIGITALMEDIAAU1/B9499458.131396455;dc_trk_aid=304071374;dc_trk_cid=70433444;dc_lat=;dc_rdid=;tag_for_child_directed_treatment=</external_link>
</external_links>
<country>AU</country>
<main_image>http://cdn.newsapi.com.au/image/v1/66b343ce476408d3ecb288fd08ae63b2</main_image>
</document>
