<?xml version="1.0" encoding="UTF-8"?>
<document>
<type>mainstream</type>
<forum>http://rssfeeds.wwltv.com/_/20/110287436/wwl/local</forum>
<forum_title>WWL - Local</forum_title>
<discussion_title>Video shows deadly bar brawl</discussion_title>
<language>english</language>
<gmt_offset></gmt_offset>
<topic_url>http://www.wwltv.com/news/crime/dj-fatally-shot-during-brawl-at-se-houston-sports-bar/187066632</topic_url>
<topic_text>
Video shows deadly bar brawl KHOU 11&apos;s Drew Karedes reported Drew Karedes &amp; KHOU.com Staff , KHOU 10:39 AM. CDT May 12, 2016 Surveillance video 
HOUSTON - A DJ was shot and killed after a fight broke out at a bar in southeast Houston overnight, police say. 
It happened at Joe’s Place Sports Bar on Edgebrook near Pearl Hall. 
Witnesses told police that a couple of guys started fighting, and the DJ got shot when he tried to intervene. 
“The fight was over, things seemed to be calming down,&quot; said HPD Sgt. Thomas Simmons. &quot;One of the groups was fixing to leave the bar when one of the individuals pulled out a gun and fired several times - point blank - striking our complainant.&quot; 
Surveillance video first obtained by KHOU 11 shows bar goers rushing in to help the wounded DJ as more shots rang out. He was taken to the hospital where he later died. 
Surveillance video shows brawl, gunfire in Joe&apos;s Place that claimed life of DJ Black. Gunman still at large #khou11 pic.twitter.com/6CXHvAenYj — Drew Karedes (@DrewKaredesKHOU) May 12, 2016 
Footage shows customers rush in to help wounded DJ Black &amp; more shots ring out. DJ Black died at hospital #khou11 pic.twitter.com/Jzdt4QbbxT — Drew Karedes (@DrewKaredesKHOU) May 12, 2016 

The victim&apos;s identity has not been officially released, but those who knew him say he went by the name DJ Black. 
Shooting at sports bar (Photo: Metro for KHOU 11) 
“There&apos;s no clear beef or anything like that,&quot; said Sgt. Thomas. &quot;No long-term rival. Some incident happened in the bar and it escalated to somebody’s life being lost 
Police say they are now searching for the gunman. A description of the suspect is not yet available, however. 
About 20 people were in the club at the time, but there were no other injuries reported. 
Friend: DJ Black leaves behind baby, unborn child after being shot in melee at Joe&apos;s Place Sports Bar (Photo: Courtesy)
</topic_text>
<spam_score>0.00</spam_score>
<post_num>1</post_num>
<post_id>post-1</post_id>
<post_url>http://www.wwltv.com/news/crime/dj-fatally-shot-during-brawl-at-se-houston-sports-bar/187066632</post_url>
<post_date>20160512</post_date>
<post_time>1539</post_time>
<username></username>
<post>
Video shows deadly bar brawl KHOU 11&apos;s Drew Karedes reported Drew Karedes &amp; KHOU.com Staff , KHOU 10:39 AM. CDT May 12, 2016 Surveillance video 
HOUSTON - A DJ was shot and killed after a fight broke out at a bar in southeast Houston overnight, police say. 
It happened at Joe’s Place Sports Bar on Edgebrook near Pearl Hall. 
Witnesses told police that a couple of guys started fighting, and the DJ got shot when he tried to intervene. 
“The fight was over, things seemed to be calming down,&quot; said HPD Sgt. Thomas Simmons. &quot;One of the groups was fixing to leave the bar when one of the individuals pulled out a gun and fired several times - point blank - striking our complainant.&quot; 
Surveillance video first obtained by KHOU 11 shows bar goers rushing in to help the wounded DJ as more shots rang out. He was taken to the hospital where he later died. 
Surveillance video shows brawl, gunfire in Joe&apos;s Place that claimed life of DJ Black. Gunman still at large #khou11 pic.twitter.com/6CXHvAenYj — Drew Karedes (@DrewKaredesKHOU) May 12, 2016 
Footage shows customers rush in to help wounded DJ Black &amp; more shots ring out. DJ Black died at hospital #khou11 pic.twitter.com/Jzdt4QbbxT — Drew Karedes (@DrewKaredesKHOU) May 12, 2016 

The victim&apos;s identity has not been officially released, but those who knew him say he went by the name DJ Black. 
Shooting at sports bar (Photo: Metro for KHOU 11) 
“There&apos;s no clear beef or anything like that,&quot; said Sgt. Thomas. &quot;No long-term rival. Some incident happened in the bar and it escalated to somebody’s life being lost 
Police say they are now searching for the gunman. A description of the suspect is not yet available, however. 
About 20 people were in the club at the time, but there were no other injuries reported. 
Friend: DJ Black leaves behind baby, unborn child after being shot in melee at Joe&apos;s Place Sports Bar (Photo: Courtesy)
</post>
<signature>

</signature>
<external_links>

</external_links>
<country>US</country>
<main_image>http://content.khou.com/photo/2016/05/12/bar-shooting-surv_1463064974414_2242071_ver1.0_640_360.jpg</main_image>
</document>
