<?xml version="1.0" encoding="UTF-8"?>
<document>
<type>mainstream</type>
<forum>http://www.liberale.de/rss/press</forum>
<forum_title>Pressemitteilungen</forum_title>
<discussion_title>SOLMS: Abhilfe schafft allein ein Ausstieg aus der EEG-Förderung</discussion_title>
<language>german</language>
<gmt_offset></gmt_offset>
<topic_url>https://www.liberale.de/content/solms-abhilfe-schafft-allein-ein-ausstieg-aus-der-eeg-foerderung</topic_url>
<topic_text>
SOLMS: Abhilfe schafft allein ein Ausstieg aus der EEG-Förderung 
Berlin. Zum Bund-Länder-Treffen zur Ökostromreform   DR. HERMANN OTTO SOLMS: 
„Bei der Energiewende denken die Bundesländer nur an ihre eigenen Begehrlichkeiten. Sie haben nicht den Verbraucher im Kopf und schon gar nicht die Kosten, die dieser zu tragen hat. Ob für Wind-, Sonnen- und Biomassestrom festgelegte Preise oder festgelegte Ausbaumengen gelten – damit wird das Dilemma der deutschen Energiewende nicht gelöst. Nach wie vor ist die EEG-Förderpolitik ein Fremdkörper in einem liberalisierten europäischen Energiemarkt. Der nationale Alleingang Deutschlands bringt keine zusätzlichen CO2-Emissionsminderungen, kostet aber jeden Haushalt mehr als 300 Euro im Jahr. Wir müssen weg vom Subventionssystem hin zu einem auf Marktwirtschaft und Wettbewerb basierenden Verteilungsmechanismus. Dauerhafte Abhilfe schaffen allein ein Ausstieg aus der EEG-Förderung und eine Stärkung des europäischen Emissionshandels, damit dieser höhere Anreize für Investitionen in eine Energieversorgung setzt, die CO2-Emissionen vermeidet. Gleichzeitig gilt es, endlich den Netzausbau voranzutreiben. Denn wohin mit dem ganzen produzierten Ökostrom ohne Netz und ohne Speichermöglichkeiten? Hier müsste die Bundesregierung endlich ihre Hausaufgaben machen, bevor nur wieder am System herumgedoktert wird.“
</topic_text>
<spam_score>0.00</spam_score>
<post_num>1</post_num>
<post_id>post-1</post_id>
<post_url>https://www.liberale.de/content/solms-abhilfe-schafft-allein-ein-ausstieg-aus-der-eeg-foerderung</post_url>
<post_date>20160512</post_date>
<post_time>1408</post_time>
<username>Gast</username>
<post>
SOLMS: Abhilfe schafft allein ein Ausstieg aus der EEG-Förderung 
Berlin. Zum Bund-Länder-Treffen zur Ökostromreform   DR. HERMANN OTTO SOLMS: 
„Bei der Energiewende denken die Bundesländer nur an ihre eigenen Begehrlichkeiten. Sie haben nicht den Verbraucher im Kopf und schon gar nicht die Kosten, die dieser zu tragen hat. Ob für Wind-, Sonnen- und Biomassestrom festgelegte Preise oder festgelegte Ausbaumengen gelten – damit wird das Dilemma der deutschen Energiewende nicht gelöst. Nach wie vor ist die EEG-Förderpolitik ein Fremdkörper in einem liberalisierten europäischen Energiemarkt. Der nationale Alleingang Deutschlands bringt keine zusätzlichen CO2-Emissionsminderungen, kostet aber jeden Haushalt mehr als 300 Euro im Jahr. Wir müssen weg vom Subventionssystem hin zu einem auf Marktwirtschaft und Wettbewerb basierenden Verteilungsmechanismus. Dauerhafte Abhilfe schaffen allein ein Ausstieg aus der EEG-Förderung und eine Stärkung des europäischen Emissionshandels, damit dieser höhere Anreize für Investitionen in eine Energieversorgung setzt, die CO2-Emissionen vermeidet. Gleichzeitig gilt es, endlich den Netzausbau voranzutreiben. Denn wohin mit dem ganzen produzierten Ökostrom ohne Netz und ohne Speichermöglichkeiten? Hier müsste die Bundesregierung endlich ihre Hausaufgaben machen, bevor nur wieder am System herumgedoktert wird.“
</post>
<signature>

</signature>
<external_links>

</external_links>
<country>DE</country>
<main_image>https://www.liberale.de/sites/default/files/uploads/fdplogo.png</main_image>
</document>
