<?xml version="1.0" encoding="UTF-8"?>
<document>
<type>mainstream</type>
<forum></forum>
<forum_title></forum_title>
<discussion_title>FAST SHIP - GAMMA HELM 1e Design Patterns: Elements of Reusable Object-Orien N62 - Techlick Deals 24/7</discussion_title>
<language>english</language>
<gmt_offset></gmt_offset>
<topic_url>http://deals.techlick.com/index.php/16113-fast-ship-gamma-helm-1e-design-patterns-elements-of-reusable-object-orien-n62</topic_url>
<topic_text>
FAST SHIP - GAMMA HELM 1e Design Patterns: Elements of Reusable Object-Orien N62 Tuesday, 10 May 2016 
</topic_text>
<spam_score>0.00</spam_score>
<post_num>1</post_num>
<post_id>post-1</post_id>
<post_url>http://deals.techlick.com/index.php/16113-fast-ship-gamma-helm-1e-design-patterns-elements-of-reusable-object-orien-n62</post_url>
<post_date>20160510</post_date>
<post_time></post_time>
<username>Book Deals</username>
<post>
FAST SHIP - GAMMA HELM 1e Design Patterns: Elements of Reusable Object-Orien N62 Tuesday, 10 May 2016 
</post>
<signature>

</signature>
<external_links>

</external_links>
<country>US</country>
<main_image></main_image>
</document>
