<?xml version="1.0" encoding="UTF-8"?>
<document>
<type>mainstream</type>
<forum>http://globegazette.com/search/?f=rss&amp;t=article&amp;c=news/national&amp;l=25&amp;s=start_time&amp;sd=desc</forum>
<forum_title>globegazette.com - RSS Results in news/national of type article</forum_title>
<discussion_title>LA Sports Arena, home to huge 20th century moments, closing</discussion_title>
<language>english</language>
<gmt_offset></gmt_offset>
<topic_url>http://globegazette.com/news/national/la-sports-arena-home-to-huge-th-century-moments-closing/article_34e72b07-624d-5b1e-8094-e8bd9cfb9f02.html</topic_url>
<topic_text>
LA Sports Arena, home to huge 20th century moments, closing By ANDREW DALTON 0 
LOS ANGELES (AP) — The Los Angeles Memorial Sports Arena is about to become just a memory. 
City leaders are holding a closing ceremony Thursday for the building that hosted to some of the 20th century&apos;s biggest moments in sports, politics and rock &apos;n&apos; roll. 
In recent decades it has lived in the shadow of its younger, sexier companions the Forum and Staples Center. 
But the building was once home to the Lakers and the Clippers, rocked with Bob Dylan, James Brown, Madonna and Bruce Springsteen, and saw the nomination of John F. Kennedy at the Democratic Convention of 1960. 
Now, the place Springsteen called &quot;the dump that jumps&quot; and &quot;the joint that don&apos;t disappoint&quot; will be razed to make way for a stadium for the city&apos;s new Major League Soccer franchise. Tags
</topic_text>
<spam_score>0.00</spam_score>
<post_num>1</post_num>
<post_id>post-1</post_id>
<post_url>http://globegazette.com/news/national/la-sports-arena-home-to-huge-th-century-moments-closing/article_34e72b07-624d-5b1e-8094-e8bd9cfb9f02.html</post_url>
<post_date>20160512</post_date>
<post_time>1523</post_time>
<username>ANDREW DALTON</username>
<post>
LA Sports Arena, home to huge 20th century moments, closing By ANDREW DALTON 0 
LOS ANGELES (AP) — The Los Angeles Memorial Sports Arena is about to become just a memory. 
City leaders are holding a closing ceremony Thursday for the building that hosted to some of the 20th century&apos;s biggest moments in sports, politics and rock &apos;n&apos; roll. 
In recent decades it has lived in the shadow of its younger, sexier companions the Forum and Staples Center. 
But the building was once home to the Lakers and the Clippers, rocked with Bob Dylan, James Brown, Madonna and Bruce Springsteen, and saw the nomination of John F. Kennedy at the Democratic Convention of 1960. 
Now, the place Springsteen called &quot;the dump that jumps&quot; and &quot;the joint that don&apos;t disappoint&quot; will be razed to make way for a stadium for the city&apos;s new Major League Soccer franchise. Tags
</post>
<signature>

</signature>
<external_links>

</external_links>
<country>US</country>
<main_image></main_image>
</document>
