<?xml version="1.0" encoding="UTF-8"?>
<document>
<type>mainstream</type>
<forum>http://www.informazione.it/xml/pr/0d62108b-a0c2-46f5-b8d9-9aed3a376451.xml?lng=neutral</forum>
<forum_title>I Comunicati Stampa di PR Newswire su informazione.it</forum_title>
<discussion_title>Global Night Vision (IR) Surveillance Cameras Market to Reach US$175.8 Mn by 2024; Falling Prices to Boost Sales: Transparency Market Research</discussion_title>
<language>english</language>
<gmt_offset></gmt_offset>
<topic_url>http://www.informazione.it/c/F633F232-93E8-4EAF-B321-06D5A0858F79/Global-Night-Vision-IR-Surveillance-Cameras-Market-to-Reach-US175-8-Mn-by-2024-Falling-Prices-to-Boost-Sales-Transparency-Market-Research</topic_url>
<topic_text>
Modifica password Global Night Vision (IR) Surveillance Cameras Market to Reach US$175.8 Mn by 2024; Falling Prices to Boost Sales: Transparency Market Research North America was the largest market for night vision (IR) surveillance cameras in the year 2016, with a market share of around 47.4%. The high adoption of night vision camera capabilities has helped the region successfully resist and fight terrorism and has helped in identifying crucial information and links to terrorist activities in the region. Europe is expected to be the fastest-growing market for night vision (IR) surveillance cameras at a projected CAGR of 29.1% during the forecast period (2016-2024). ALBANY, New York, ( informazione.it - comunicati stampa - information technology ) 
North America was the largest market for night vision (IR) surveillance cameras in the year 2016, with a market share of around 47.4%. The high adoption of night vision camera capabilities has helped the region successfully resist and fight terrorism and has helped in identifying crucial information and links to terrorist activities in the region. Europe is expected to be the fastest-growing market for night vision (IR) surveillance cameras at a projected CAGR of 29.1% during the forecast period (2016-2024). 
Factors, such as growing demand for continuous monitoring for perimeter access and population management and growing security concerns about public/private end-use sectors and critical asset protection, have collectively resulted in the growth of the night vision surveillance market across the globe. Moreover, the demand for next-generation infrared night vision cameras coming from defense and military end-use verticals, is expected to further boost the demand for the night vision (IR) surveillance camera market. 
Get Sample Report Copy or for further inquiries, click here: http://www.transparencymarketresearch.com/sample/sample.php?flag=S&amp;rep_id=10889 
Globally, the dome camera segment occupied approximately 33.5% of the night vision (IR) surveillance camera market in 2015. This is the result of its unique vandal-proof and weather-proof design, which makes it more durable for use in the long term. Moreover, due to their ability to go undetected, dome cameras had the higher market share. Box cameras are expected to be the fastest-growing segment during the forecast period at a CAGR of 29.7%. Increasing adoption of box cameras by the military, traffic surveillance, and commercial sectors is the major reason behind its fastest growth. 
PTZ cameras was the largest segment by type of the night vision (IR) surveillance market, accounting for approximately 71.9% of the total market in 2015. The demand comes from increasing usage in video analytics and intelligent imaging applications in various end-use sectors. The fixed cameras segment is expected to be the fastest-growing camera type at a CAGR of 26.9% during the forecast period. 
Public sector and defense were the largest segment by end-use of the night vision (IR) surveillance cameras market accounting for approximately 23.3% of the total market in 2015. The business organizations segment is expected to be the fastest-growing segment by end-use at a CAGR of 29.2% during the forecast period. 
In recent years, leading night vision (IR) camera vendors have been looking at offering highly customized solutions to various end-use sectors. Leading night vision (IR) surveillance manufacturers in 2015 included FLIR Systems, Axis Communications AB, Robert Bosch GmbH, Pelco Corporation, Raytheon Company, BAE Systems plc., L-3 Communications Holdings, Samsung Electronics Co., Ltd., and Hikvision Digital Technology Co., Ltd. 
Browse In Detail Regional Analysis: http://www.europlat.org/night-vision-ir-surveillance-cameras-market.htm 
The global night vision (IR) surveillance cameras market is segmented as below: 
Night Vision (IR) Surveillance Cameras Market 
By Shape
</topic_text>
<spam_score>0.00</spam_score>
<post_num>1</post_num>
<post_id>post-1</post_id>
<post_url>http://www.informazione.it/c/F633F232-93E8-4EAF-B321-06D5A0858F79/Global-Night-Vision-IR-Surveillance-Cameras-Market-to-Reach-US175-8-Mn-by-2024-Falling-Prices-to-Boost-Sales-Transparency-Market-Research</post_url>
<post_date>20160512</post_date>
<post_time>1430</post_time>
<username></username>
<post>
Modifica password Global Night Vision (IR) Surveillance Cameras Market to Reach US$175.8 Mn by 2024; Falling Prices to Boost Sales: Transparency Market Research North America was the largest market for night vision (IR) surveillance cameras in the year 2016, with a market share of around 47.4%. The high adoption of night vision camera capabilities has helped the region successfully resist and fight terrorism and has helped in identifying crucial information and links to terrorist activities in the region. Europe is expected to be the fastest-growing market for night vision (IR) surveillance cameras at a projected CAGR of 29.1% during the forecast period (2016-2024). ALBANY, New York, ( informazione.it - comunicati stampa - information technology ) 
North America was the largest market for night vision (IR) surveillance cameras in the year 2016, with a market share of around 47.4%. The high adoption of night vision camera capabilities has helped the region successfully resist and fight terrorism and has helped in identifying crucial information and links to terrorist activities in the region. Europe is expected to be the fastest-growing market for night vision (IR) surveillance cameras at a projected CAGR of 29.1% during the forecast period (2016-2024). 
Factors, such as growing demand for continuous monitoring for perimeter access and population management and growing security concerns about public/private end-use sectors and critical asset protection, have collectively resulted in the growth of the night vision surveillance market across the globe. Moreover, the demand for next-generation infrared night vision cameras coming from defense and military end-use verticals, is expected to further boost the demand for the night vision (IR) surveillance camera market. 
Get Sample Report Copy or for further inquiries, click here: http://www.transparencymarketresearch.com/sample/sample.php?flag=S&amp;rep_id=10889 
Globally, the dome camera segment occupied approximately 33.5% of the night vision (IR) surveillance camera market in 2015. This is the result of its unique vandal-proof and weather-proof design, which makes it more durable for use in the long term. Moreover, due to their ability to go undetected, dome cameras had the higher market share. Box cameras are expected to be the fastest-growing segment during the forecast period at a CAGR of 29.7%. Increasing adoption of box cameras by the military, traffic surveillance, and commercial sectors is the major reason behind its fastest growth. 
PTZ cameras was the largest segment by type of the night vision (IR) surveillance market, accounting for approximately 71.9% of the total market in 2015. The demand comes from increasing usage in video analytics and intelligent imaging applications in various end-use sectors. The fixed cameras segment is expected to be the fastest-growing camera type at a CAGR of 26.9% during the forecast period. 
Public sector and defense were the largest segment by end-use of the night vision (IR) surveillance cameras market accounting for approximately 23.3% of the total market in 2015. The business organizations segment is expected to be the fastest-growing segment by end-use at a CAGR of 29.2% during the forecast period. 
In recent years, leading night vision (IR) camera vendors have been looking at offering highly customized solutions to various end-use sectors. Leading night vision (IR) surveillance manufacturers in 2015 included FLIR Systems, Axis Communications AB, Robert Bosch GmbH, Pelco Corporation, Raytheon Company, BAE Systems plc., L-3 Communications Holdings, Samsung Electronics Co., Ltd., and Hikvision Digital Technology Co., Ltd. 
Browse In Detail Regional Analysis: http://www.europlat.org/night-vision-ir-surveillance-cameras-market.htm 
The global night vision (IR) surveillance cameras market is segmented as below: 
Night Vision (IR) Surveillance Cameras Market 
By Shape
</post>
<signature>

</signature>
<external_links>

</external_links>
<country>IT</country>
<main_image>http://imgs3.informazione.it/img/pr_def_md.jpg</main_image>
</document>
