<?xml version="1.0" encoding="UTF-8"?>
<document>
<type>mainstream</type>
<forum></forum>
<forum_title></forum_title>
<discussion_title>CO-IDENTITY - Vogue.it</discussion_title>
<language>italian</language>
<gmt_offset></gmt_offset>
<topic_url>http://www.vogue.it/vogue-talents/news/2016/05/11/co-identity/</topic_url>
<topic_text>
by Serena Castrignano 
La collezione CO-IDENTITY racchiude la creatività delle due studentesse della London College of Fashion, Odette Steele e Nelly Rose insieme al talento della stilista indonesiana Dian Pelangi. Ed è proprio il nome a dichiararne l’identità e l’ispirazione. Con il nome “CO-IDENTITY”, la collezione nata dalla collaborazione tra queste stiliste, si ispira quindi a diverse identità culturali. 
E lo stile creativo di ciascuna di loro sara osservato palpabilmente sulla passerella; i colori contrastanti e le stampe moderne introdotte da Nelly e i ricami e le tessiture di perline di ispirazione Africana, caratteristiche dello stile di Odette vengono amalgamati al design all’avanguardia di Dian che riflette perfettamente la suntuosa tecnica batik, la tessitura tradizionale e i tessuti tie dye tinti a mano tipici dell’Indonesia 

Raccontateci la vostra storia: 
La collezione autunno-inverno 16 è stata presentata durante la settimana della Moda di Jakarta e alla London Fashion Week: Fashion Scout. Nelly Rose e Odette Steele sono venute exclusivamente da Londra e in poco più di 3 mesi abbiamo dato vita a prodotti tessili innovativi per Dian Pelangi, il marchio di modest fashion, che si ispira ad una moda semplice e sobria rispettosa dei valori delle donne mussulmane. 

Come è iniziata questa collaborazione? 
Nelly Rose e Odette Steele hanno vinto un concorso come talenti emergenti, che ha dato loro l’opportunità di partecipare ad un programma residenziale creato dal British Council, il London College of Fashion, Dian Pelangi e la settimana della Moda di Jakarta. 

Quali sono stati gli aspetti più innovativi di questo progetto? 
Re-inventare e interpretare le tecniche tradizionali in un modo che non fosse mai stato fatto prima è stato molto eccitante. Abbiamo espresso la nostra creatività utilizzando la tecnica Batik per creare stampe ispirate alla tipografia e ai graffiti e per produrre applicazioni riciclando tutti i nostri scarti di tessuti. Ma non ci siamo fermate qui e abbiamo creato accessori come i cappelli a gabbia di uccello in pelle e cartone! Siamo state ispirate dalla struttura degli stabilimenti Pelangi e dall’incredibile elemento di sostenibilità che caratterizza la sua produzione! Tutto è stato realizzato senza ulteriori sprechi. Essere presenti negli stabilimenti è stata un esperienza incredibile e ci siamo sentite molto onorate di poter lavorare da vicino con artigiani di talento, in grado di interpretare le nostre idee, e quelle di Dian dal quale abbiamo appreso l’etica del modest fashion e la sua personale prospettiva sulla moda femminile 

Quali sono le tecniche, i materiali e l’ispirazione che amate di più dell’ Indonesia? 
Ci è piaciuto molto disegnare attraverso la tecnica tipografica, trasformata poi nelle trame dei tessuti attraverso l’intricato processo conosciuto come tessitura Songket. Come designer di tessuti, Nelly ha voluto adattare il Batik tradizionale al suo stile astratto e creare tipografie con lo strumento speciale per creare il batik chiamato “canting”. More 
</topic_text>
<spam_score>0.00</spam_score>
<post_num>1</post_num>
<post_id>post-1</post_id>
<post_url>http://www.vogue.it/vogue-talents/news/2016/05/11/co-identity/</post_url>
<post_date>20160511</post_date>
<post_time></post_time>
<username></username>
<post>
by Serena Castrignano 
La collezione CO-IDENTITY racchiude la creatività delle due studentesse della London College of Fashion, Odette Steele e Nelly Rose insieme al talento della stilista indonesiana Dian Pelangi. Ed è proprio il nome a dichiararne l’identità e l’ispirazione. Con il nome “CO-IDENTITY”, la collezione nata dalla collaborazione tra queste stiliste, si ispira quindi a diverse identità culturali. 
E lo stile creativo di ciascuna di loro sara osservato palpabilmente sulla passerella; i colori contrastanti e le stampe moderne introdotte da Nelly e i ricami e le tessiture di perline di ispirazione Africana, caratteristiche dello stile di Odette vengono amalgamati al design all’avanguardia di Dian che riflette perfettamente la suntuosa tecnica batik, la tessitura tradizionale e i tessuti tie dye tinti a mano tipici dell’Indonesia 

Raccontateci la vostra storia: 
La collezione autunno-inverno 16 è stata presentata durante la settimana della Moda di Jakarta e alla London Fashion Week: Fashion Scout. Nelly Rose e Odette Steele sono venute exclusivamente da Londra e in poco più di 3 mesi abbiamo dato vita a prodotti tessili innovativi per Dian Pelangi, il marchio di modest fashion, che si ispira ad una moda semplice e sobria rispettosa dei valori delle donne mussulmane. 

Come è iniziata questa collaborazione? 
Nelly Rose e Odette Steele hanno vinto un concorso come talenti emergenti, che ha dato loro l’opportunità di partecipare ad un programma residenziale creato dal British Council, il London College of Fashion, Dian Pelangi e la settimana della Moda di Jakarta. 

Quali sono stati gli aspetti più innovativi di questo progetto? 
Re-inventare e interpretare le tecniche tradizionali in un modo che non fosse mai stato fatto prima è stato molto eccitante. Abbiamo espresso la nostra creatività utilizzando la tecnica Batik per creare stampe ispirate alla tipografia e ai graffiti e per produrre applicazioni riciclando tutti i nostri scarti di tessuti. Ma non ci siamo fermate qui e abbiamo creato accessori come i cappelli a gabbia di uccello in pelle e cartone! Siamo state ispirate dalla struttura degli stabilimenti Pelangi e dall’incredibile elemento di sostenibilità che caratterizza la sua produzione! Tutto è stato realizzato senza ulteriori sprechi. Essere presenti negli stabilimenti è stata un esperienza incredibile e ci siamo sentite molto onorate di poter lavorare da vicino con artigiani di talento, in grado di interpretare le nostre idee, e quelle di Dian dal quale abbiamo appreso l’etica del modest fashion e la sua personale prospettiva sulla moda femminile 

Quali sono le tecniche, i materiali e l’ispirazione che amate di più dell’ Indonesia? 
Ci è piaciuto molto disegnare attraverso la tecnica tipografica, trasformata poi nelle trame dei tessuti attraverso l’intricato processo conosciuto come tessitura Songket. Come designer di tessuti, Nelly ha voluto adattare il Batik tradizionale al suo stile astratto e creare tipografie con lo strumento speciale per creare il batik chiamato “canting”. More 
</post>
<signature>

</signature>
<external_links>

</external_links>
<country>IE</country>
<main_image>http://images.vogue.it/wp-content/uploads/2016/05/11063044/IMG_1957-534x800.jpg</main_image>
</document>
