<?xml version="1.0" encoding="UTF-8"?>
<document>
<type>mainstream</type>
<forum>http://www.sursadestiri.net/cat/rss/divertisment.html</forum>
<forum_title>SursaDeStiri.net - Divertisment</forum_title>
<discussion_title>Cedric Villani, laureat al Medaliei Fields, dubla lansare de carte in prezenta autorului, pe 17 mai</discussion_title>
<language>romanian</language>
<gmt_offset></gmt_offset>
<topic_url>http://www.sursadestiri.net/cedric-villani-laureat-al-medaliei-fields-dubla-lansare-de-carte-in-prezenta-autorului-pe-17-mai-s3803070352.html</topic_url>
<topic_text>
Actualizat acum 2 minute Sursa De Stiri » Divertisment » Divertisment, 12.05.2016 » Cedric Villani, laureat al Medaliei Fields, dubla lansare de carte in prezenta autorului, pe 17 mai Cedric Villani, laureat al Medaliei Fields, dubla lansare de carte in prezenta autorului, pe 17 mai 12 Mai 2016 Marţi, 17 mai 2016, la ora 18.30, la librăria Humanitas de la Cișmigiu are loc o dubla lansare de carte a lui Cédric Villani, laureat al Medaliei Fields 2010, în prezenţa autorului. Două cărţi de excepţie ale marelui matematician Cédric Villani vor fi prezentate publicului. Prima pune la loc de cinste ştiinţa şi invenţiile care au bulversat cursul istoriei moderne; a doua ne antrenează într-o călătorie de la geneza până la reuşita unei descoperiri stiinţifice. Marţi, 17 mai 2016, la ora 18.30,... continuare
</topic_text>
<spam_score>0.00</spam_score>
<post_num>1</post_num>
<post_id>post-1</post_id>
<post_url>http://www.sursadestiri.net/cedric-villani-laureat-al-medaliei-fields-dubla-lansare-de-carte-in-prezenta-autorului-pe-17-mai-s3803070352.html</post_url>
<post_date>20160511</post_date>
<post_time>2100</post_time>
<username></username>
<post>
Actualizat acum 2 minute Sursa De Stiri » Divertisment » Divertisment, 12.05.2016 » Cedric Villani, laureat al Medaliei Fields, dubla lansare de carte in prezenta autorului, pe 17 mai Cedric Villani, laureat al Medaliei Fields, dubla lansare de carte in prezenta autorului, pe 17 mai 12 Mai 2016 Marţi, 17 mai 2016, la ora 18.30, la librăria Humanitas de la Cișmigiu are loc o dubla lansare de carte a lui Cédric Villani, laureat al Medaliei Fields 2010, în prezenţa autorului. Două cărţi de excepţie ale marelui matematician Cédric Villani vor fi prezentate publicului. Prima pune la loc de cinste ştiinţa şi invenţiile care au bulversat cursul istoriei moderne; a doua ne antrenează într-o călătorie de la geneza până la reuşita unei descoperiri stiinţifice. Marţi, 17 mai 2016, la ora 18.30,... continuare
</post>
<signature>

</signature>
<external_links>

</external_links>
<country>DE</country>
<main_image></main_image>
</document>
