<?xml version="1.0" encoding="UTF-8"?>
<document>
<type>mainstream</type>
<forum>http://feedpress.me/gds_hp_sicilia</forum>
<forum_title>Giornale di Sicilia</forum_title>
<discussion_title>Battito magnetico debole: satelliti ascoltano il &quot;cuore&quot; della Terra</discussion_title>
<language>italian</language>
<gmt_offset></gmt_offset>
<topic_url>http://gds.it/2016/05/12/battito-magnetico-debole-satelliti-ascoltano-il-cuore-della-terra_511884/</topic_url>
<topic_text>
5 
ROMA. I satelliti hanno ascoltato il battito magnetico della Terra e indicano che si sta indebolendo, mentre il Polo Nord si sta spostando verso Est. 
A mettersi in ascolto del &apos;cuore&apos; del pianeta sono stati i satelliti europei Swarm, i cui dati sono stati presentati al simposio Living Planet organizzato a Praga dall&apos;Agenzia Spaziale Europea (Esa). 
I dati raccolti dai tre satelliti gemelli della costellazione mostrano, inoltre, che il campo magnetico si è indebolito del 3,5% sul Nord America, mentre si è rafforzato di circa il 2% sull&apos;Asia. La regione dove il campo è più debole, nel Sud Atlantico, invece si è spostata più verso ovest e si è indebolita ulteriormente di circa il 2%. 
« La qualità dei dati è veramente eccellente » ha osservato Rune Floberghagen, responsabile della missione per l&apos;Esa. 
Lanciata alla fine del 2013, la missione Swarm ha il compito di realizzare la mappa del campo geomagnetico terrestre e della sua evoluzione nel tempo. Il campo magnetico è una sorta di &apos;bolla invisibilè che protegge il pianeta dalle radiazioni cosmiche ed è prodotto dal nucleo terrestre che funziona come una dinamo. 
In particolare è generato dall&apos;oceano di ferro liquido che costituisce il nucleo esterno del nostro pianeta, a 3 mila chilometri di profondità e si pensa che i cambiamenti dell&apos;intensità del campo siano legati direttamente ai cambiamenti che avvengono in questa regione. 
«Inaspettatamente - ha detto Chris Finlay, dell&apos;università Tecnica della Danimarca, che lavora alla missione - stiamo trovando rapidi cambiamenti del campo magnetico e sembrano essere il risultato di accelerazioni nel flusso di metallo liquido all&apos;interno del nucleo». 
© Riproduzione riservata
</topic_text>
<spam_score>0.00</spam_score>
<post_num>1</post_num>
<post_id>post-1</post_id>
<post_url>http://gds.it/2016/05/12/battito-magnetico-debole-satelliti-ascoltano-il-cuore-della-terra_511884/</post_url>
<post_date>20160512</post_date>
<post_time>1516</post_time>
<username></username>
<post>
5 
ROMA. I satelliti hanno ascoltato il battito magnetico della Terra e indicano che si sta indebolendo, mentre il Polo Nord si sta spostando verso Est. 
A mettersi in ascolto del &apos;cuore&apos; del pianeta sono stati i satelliti europei Swarm, i cui dati sono stati presentati al simposio Living Planet organizzato a Praga dall&apos;Agenzia Spaziale Europea (Esa). 
I dati raccolti dai tre satelliti gemelli della costellazione mostrano, inoltre, che il campo magnetico si è indebolito del 3,5% sul Nord America, mentre si è rafforzato di circa il 2% sull&apos;Asia. La regione dove il campo è più debole, nel Sud Atlantico, invece si è spostata più verso ovest e si è indebolita ulteriormente di circa il 2%. 
« La qualità dei dati è veramente eccellente » ha osservato Rune Floberghagen, responsabile della missione per l&apos;Esa. 
Lanciata alla fine del 2013, la missione Swarm ha il compito di realizzare la mappa del campo geomagnetico terrestre e della sua evoluzione nel tempo. Il campo magnetico è una sorta di &apos;bolla invisibilè che protegge il pianeta dalle radiazioni cosmiche ed è prodotto dal nucleo terrestre che funziona come una dinamo. 
In particolare è generato dall&apos;oceano di ferro liquido che costituisce il nucleo esterno del nostro pianeta, a 3 mila chilometri di profondità e si pensa che i cambiamenti dell&apos;intensità del campo siano legati direttamente ai cambiamenti che avvengono in questa regione. 
«Inaspettatamente - ha detto Chris Finlay, dell&apos;università Tecnica della Danimarca, che lavora alla missione - stiamo trovando rapidi cambiamenti del campo magnetico e sembrano essere il risultato di accelerazioni nel flusso di metallo liquido all&apos;interno del nucleo». 
© Riproduzione riservata
</post>
<signature>

</signature>
<external_links>

</external_links>
<country>ME</country>
<main_image>http://gds.it.cdn-immedia.net/2016/05/Terra-535x300.jpg</main_image>
</document>
