<?xml version="1.0" encoding="UTF-8"?>
<document>
<type>mainstream</type>
<forum>http://www.kuzeyekspres.com.tr/rss</forum>
<forum_title>Kuzey Ekspres Gazetesi</forum_title>
<discussion_title>Sizin Trabzonspor’dan başka derdiniz yok mu?</discussion_title>
<language>turkish</language>
<gmt_offset></gmt_offset>
<topic_url>http://www.kuzeyekspres.com.tr/sizin-trabzonspordan-baska-derdiniz-yok-mu-14767yy.htm</topic_url>
<topic_text>
Zeki Gökçe / yazar 
Allah’ın bölgemize bahşettiği Uzungöl’ün her geçen gün kirletilerek o güzelim doğanın katledilmesini görmüyor musunuz? Kentin kirliliklerinden kaçarak insanların Uzungöl’de sessiz doğal güzellikler içerisinde tatil düşündükleri yerin ne hale geldiğini oranın belediye başkanı veya muhtarı veya halkı görmüyorsa siz de mi görmüyorsunuz? Ne o yaaa , uzun bir aradan sonra gittiğim “O“ muhteşem sessiz doğa harikası Uzungöl eskiden Moloz’da yapılan fuar benzetmesi gibi panayıra dönüşmüş… Oraya gelen turisti nasıl sövüşlerimin peşinde esnaf, etraf da bir curcuna… Yazıklar olsun orayı öyle yapanlara ve öyle yapanlara da göz yumanlara… 
Marka bir şehir dediğimiz Trabzon’un şu caddelerinin acaba marka kelimesiyle bir ilgisi var mı? O kenti yönetenler Trabzonlu değiller mi? Gelsinler şu İstanbul da Artvinli Büyükşehir Belediye Başkanı Kadir Topbaş’ın yaptıklarını bir görsünler… İstanbul’u tablo gibi şehir yaptılar. Ana arter yolların kenarlarındaki duvarlara bile çiçekler ektiler. Her an her taraf güzelleşiyor şu 20 milyonluk kent İstanbul’da. Ya Trabzon, inanın Trabzon’a geldiğimde hep bir umutla yenilik görme hevesiyle geliyorum ama dönerken isyanlarla dönüyorum. Şu Avni Aker’in etrafı bordo maviye boyanamaz mı oraya gelen yabancı o ambianstan etkilensin de Trabzonspor’un gücünü hissetsin. Şu Beşirli’den girdiğimiz de yolların atıllığı sizi rahatsız etmiyor mu? Şu sahilde Büyükşehir sosyal tesisleri adıyla halka kazıklanmadan güzel kafe ve restoranlar hizmeti verseniz halk sahilde yürüyüşler yaparak yese içse gezse sahil canlansa olmaz mı? 
Meydan’dan Numune’ye doğru o yol kenarlarını çiçeklendirseniz gelen yabancılar ne güzel kent deseler nasıl olur ey başkanlarımız. 
Trabzon denince herkes bana Forum’dan bahsediyor, neden bu halkı başka sosyal tesislere çekmiyorsunuz. Özellikle denizi doldurarak pardon öldürerek kazandığınız o yerlere neden daha güzel göze hoş gelen ve Sarp’a doğru giden yabancıların bile “haaaa bak burası ne güzel işte o Trabzon” demelerini sağlamıyorsunuz. Neden sahil yolunda yolculuk yapanların bir mola vererek Trabzon’da 1 saat kalmalarını sağlayacak sosyal tesisler yapmıyorsunuz? Neden şu renkli insanlar topluluğu olan Trabzonumuzu renklendirmiyorsunuz ey başkanlar… 
Kentsel dönüşüm dediniz tamam da Çömlekçi ne kadar daha bekleyecek öyle moloz haliyle. Şehri kirleterek şehrin göbeğinde kalan çimento fabrikası ne zaman kalkacak oradan ve acilen o bölge göze hoş gelen peyzajla güzelleşecek acaba? 
Trabzon otogarı hanginizin hoşuna gidiyor, ayıp yaaa halen fi tarihinde yapılan şu otogar dünya kenti Trabzonuma yakışıyor mu? 
Türkiye de en fazla gazeteci ve internet gazeteleri Trabzon da var. Patronuna kızan veya hakkını alamayan ayrılıyor veya kovuluyor gazeteden ve hemen internet gazetesi açıyor. Ofis mofis yok evden bir bilgisayarı oldu mu al sana internet gazetesi ve gazeteci. Tamam kabul de ama nasıl bu ekonomik koşullarda ayakta duracak bu kadar gazete veya gazeteci. Bana bir gün demişti ki patronun biri, “bir olalım eşkıya soyalım”… Bu ne demek? Bu mantaliteyle insan ancak eşkıya olur başka bir şey olmaz. İstanbul’dan Trabzon ‘a gelen insanları para ağacı görenler var ve bu insanları İstanbul da konuşuyorlar. 
Ayrıca yüzünü bile görmediğiniz, konuşmadığınız değerlerimizi yerin dibine sokmak da bizim sanki kültürümüz mü ne? 
Kendi değerlerimizi yücelterek bizde yücelmiş oluruz. Yorumlar 0
</topic_text>
<spam_score>0.00</spam_score>
<post_num>1</post_num>
<post_id>post-1</post_id>
<post_url>http://www.kuzeyekspres.com.tr/sizin-trabzonspordan-baska-derdiniz-yok-mu-14767yy.htm</post_url>
<post_date>20160511</post_date>
<post_time>1147</post_time>
<username></username>
<post>
Zeki Gökçe / yazar 
Allah’ın bölgemize bahşettiği Uzungöl’ün her geçen gün kirletilerek o güzelim doğanın katledilmesini görmüyor musunuz? Kentin kirliliklerinden kaçarak insanların Uzungöl’de sessiz doğal güzellikler içerisinde tatil düşündükleri yerin ne hale geldiğini oranın belediye başkanı veya muhtarı veya halkı görmüyorsa siz de mi görmüyorsunuz? Ne o yaaa , uzun bir aradan sonra gittiğim “O“ muhteşem sessiz doğa harikası Uzungöl eskiden Moloz’da yapılan fuar benzetmesi gibi panayıra dönüşmüş… Oraya gelen turisti nasıl sövüşlerimin peşinde esnaf, etraf da bir curcuna… Yazıklar olsun orayı öyle yapanlara ve öyle yapanlara da göz yumanlara… 
Marka bir şehir dediğimiz Trabzon’un şu caddelerinin acaba marka kelimesiyle bir ilgisi var mı? O kenti yönetenler Trabzonlu değiller mi? Gelsinler şu İstanbul da Artvinli Büyükşehir Belediye Başkanı Kadir Topbaş’ın yaptıklarını bir görsünler… İstanbul’u tablo gibi şehir yaptılar. Ana arter yolların kenarlarındaki duvarlara bile çiçekler ektiler. Her an her taraf güzelleşiyor şu 20 milyonluk kent İstanbul’da. Ya Trabzon, inanın Trabzon’a geldiğimde hep bir umutla yenilik görme hevesiyle geliyorum ama dönerken isyanlarla dönüyorum. Şu Avni Aker’in etrafı bordo maviye boyanamaz mı oraya gelen yabancı o ambianstan etkilensin de Trabzonspor’un gücünü hissetsin. Şu Beşirli’den girdiğimiz de yolların atıllığı sizi rahatsız etmiyor mu? Şu sahilde Büyükşehir sosyal tesisleri adıyla halka kazıklanmadan güzel kafe ve restoranlar hizmeti verseniz halk sahilde yürüyüşler yaparak yese içse gezse sahil canlansa olmaz mı? 
Meydan’dan Numune’ye doğru o yol kenarlarını çiçeklendirseniz gelen yabancılar ne güzel kent deseler nasıl olur ey başkanlarımız. 
Trabzon denince herkes bana Forum’dan bahsediyor, neden bu halkı başka sosyal tesislere çekmiyorsunuz. Özellikle denizi doldurarak pardon öldürerek kazandığınız o yerlere neden daha güzel göze hoş gelen ve Sarp’a doğru giden yabancıların bile “haaaa bak burası ne güzel işte o Trabzon” demelerini sağlamıyorsunuz. Neden sahil yolunda yolculuk yapanların bir mola vererek Trabzon’da 1 saat kalmalarını sağlayacak sosyal tesisler yapmıyorsunuz? Neden şu renkli insanlar topluluğu olan Trabzonumuzu renklendirmiyorsunuz ey başkanlar… 
Kentsel dönüşüm dediniz tamam da Çömlekçi ne kadar daha bekleyecek öyle moloz haliyle. Şehri kirleterek şehrin göbeğinde kalan çimento fabrikası ne zaman kalkacak oradan ve acilen o bölge göze hoş gelen peyzajla güzelleşecek acaba? 
Trabzon otogarı hanginizin hoşuna gidiyor, ayıp yaaa halen fi tarihinde yapılan şu otogar dünya kenti Trabzonuma yakışıyor mu? 
Türkiye de en fazla gazeteci ve internet gazeteleri Trabzon da var. Patronuna kızan veya hakkını alamayan ayrılıyor veya kovuluyor gazeteden ve hemen internet gazetesi açıyor. Ofis mofis yok evden bir bilgisayarı oldu mu al sana internet gazetesi ve gazeteci. Tamam kabul de ama nasıl bu ekonomik koşullarda ayakta duracak bu kadar gazete veya gazeteci. Bana bir gün demişti ki patronun biri, “bir olalım eşkıya soyalım”… Bu ne demek? Bu mantaliteyle insan ancak eşkıya olur başka bir şey olmaz. İstanbul’dan Trabzon ‘a gelen insanları para ağacı görenler var ve bu insanları İstanbul da konuşuyorlar. 
Ayrıca yüzünü bile görmediğiniz, konuşmadığınız değerlerimizi yerin dibine sokmak da bizim sanki kültürümüz mü ne? 
Kendi değerlerimizi yücelterek bizde yücelmiş oluruz. Yorumlar 0
</post>
<signature>

</signature>
<external_links>

</external_links>
<country>TR</country>
<main_image>http://d.kuzeyekspres.com.tr/author/103_b.jpg</main_image>
</document>
