<?xml version="1.0" encoding="UTF-8"?>
<document>
<type>mainstream</type>
<forum>http://www.fox8live.com/category/13533/international-news?clienttype=rss</forum>
<forum_title>FOX 8 News WVUE-TV - International - Headline</forum_title>
<discussion_title>Official: Iran won&apos;t attend hajj in Saudi Arabia this year</discussion_title>
<language>english</language>
<gmt_offset></gmt_offset>
<topic_url>http://www.fox8live.com/story/31954984/official-iran-wont-attend-hajj-in-saudi-arabia-this-year</topic_url>
<topic_text>
Official: Iran won&apos;t attend hajj in Saudi Arabia this year - FOX 8 WVUE New Orleans News, Weather, Sports, Social Member Center: Official: Iran won&apos;t attend hajj in Saudi Arabia this year 2016-05-12T10:52:40Z By AMIR VAHDATAssociated Press 
TEHRAN, Iran (AP) - Iran will not send pilgrims to Saudi Arabia this year for the annual hajj pilgrimage, an Iranian official said Thursday, the latest sign of tensions between the two Mideast powers after a disaster during the event last year killed at least 2,426 people. 
Iran said Saudi &quot;incompetence&quot; caused the Sept. 24 crush and stampede in the holy city of Mina during the hajj, which is required of all able-bodied Muslims once in their life. The Islamic Republic has said the disaster killed 464 of its pilgrims. 
Negotiations between Shiite power Iran and the Sunni kingdom had been trying to &quot;resolve the issue&quot; of security for months, but failed to make any headway, said Ali Jannati, Iran&apos;s minister of culture and Islamic guidance. 
&quot;We did whatever we could but it was the Saudis who sabotaged&quot; it, Jannati said in comments carried by the state-run IRNA news agency. &quot;Now the time is lost.&quot; 
The state-run Saudi Press Agency did not immediately report on Jannati&apos;s comments. A later IRNA report in English on Jannati&apos;s comments, which came during a visit to the Iranian holy city of Qom, called the decision &quot;tentatively confirmed,&quot; something that wasn&apos;t in the initial Farsi-language report. The discrepancy could not be immediately reconciled. 
The announcement about the hajj comes as tensions remain high between the two countries since the Jan. 2 execution of prominent Shiite cleric Nimr al-Nimr by Saudi Arabia. The kingdom has called the cleric a dangerous terrorist who stirred dissent in the country&apos;s predominantly Shiite east, something denied by his family, who say al-Nimr never advocated violence nor picked up a weapon. 
Al-Nimr&apos;s execution sparked widespread protests in Iran, which views itself as the protector of Shiites around the world. Demonstrations outside of Saudi diplomatic posts in Tehran and Mashhad turned violent, however, and saw protesters storm the buildings. 
As a result, Riyadh cut diplomatic relations with Tehran. The two countries also support opposing sides in Syria&apos;s long civil war and the ongoing conflict in Yemen, the Arab world&apos;s poorest country. 
Since Saudi diplomatic posts remain closed in Iran, kingdom officials had told the Islamic Republic its citizens would need to travel to embassies in other countries to apply for visas for the hajj, Jannati said. He described that as another sticking point in the failed negotiations. 
&quot;In the absence of an Iranian consular office in Saudi Arabia following the severance of ties between Tehran and Riyadh, Iran&apos;s proposals regarding visa application, air transport and security of pilgrims were not accepted by the Saudi officials,&quot; Jannati said. 
Hossein Jaberi Ansari, Iran&apos;s Foreign Ministry spokesman, also blamed Saudi Arabia for the failed talks. 
&quot;If no agreement is reached on these issues, Saudi Arabia will be responsible for shutting the way to sending Iranian pilgrims,&quot; Ansari said. 
The disaster in Mina was the deadliest in the history of the annual pilgrimage, according to an Associated Press tally of the dead based on state media reports and officials&apos; comments from 36 of the over 180 countries that sent citizens to the hajj. The official Saudi toll of 769 people killed and 934 injured has not changed since Sept. 26, and officials have yet to address the discrepancy. 
Last year&apos;s hajj, which drew 2 million pilgrims, also saw a crane collapse in Mecca kill 111 worshippers. 
Iran called for an independent body to take over planning and administering the five-day hajj pilgrimage, but the kingdom&apos;s ruling Al Saud family likely would never give up its role in administering the holy sites. That, along with Saudi Arabia&apos;s oil wealth, provides it major influence in the Muslim world. 
Iran has boycotted the hajj before. In 1987, demonstrating Iranian pilgrims battled Saudi riot police, violence that killed at least 402 people. Iran claimed 600 of its pilgrims were killed and said police fired machine guns at the crowd. Iran did not send pilgrims to the hajj in 1988 and 1989, while Saudi officials severed diplomatic ties over the violence and Iranian attacks on shipping in the Persian Gulf. 
___ 
Associated Press writer Jon Gambrell in Dubai, United Arab Emirates, contributed to this report. 
___ 
Follow Amir Vahdat on Twitter at www.twitter.com/AmirhVahdat . His work can be found at http://bigstory.ap.org/journalist/amir-vahdat . Copyright 2016 The Associated Press. All rights reserved. This material may not be published, broadcast, rewritten or redistributed.
</topic_text>
<spam_score>0.00</spam_score>
<post_num>1</post_num>
<post_id>post-1</post_id>
<post_url>http://www.fox8live.com/story/31954984/official-iran-wont-attend-hajj-in-saudi-arabia-this-year</post_url>
<post_date>20160512</post_date>
<post_time>1232</post_time>
<username></username>
<post>
Official: Iran won&apos;t attend hajj in Saudi Arabia this year - FOX 8 WVUE New Orleans News, Weather, Sports, Social Member Center: Official: Iran won&apos;t attend hajj in Saudi Arabia this year 2016-05-12T10:52:40Z By AMIR VAHDATAssociated Press 
TEHRAN, Iran (AP) - Iran will not send pilgrims to Saudi Arabia this year for the annual hajj pilgrimage, an Iranian official said Thursday, the latest sign of tensions between the two Mideast powers after a disaster during the event last year killed at least 2,426 people. 
Iran said Saudi &quot;incompetence&quot; caused the Sept. 24 crush and stampede in the holy city of Mina during the hajj, which is required of all able-bodied Muslims once in their life. The Islamic Republic has said the disaster killed 464 of its pilgrims. 
Negotiations between Shiite power Iran and the Sunni kingdom had been trying to &quot;resolve the issue&quot; of security for months, but failed to make any headway, said Ali Jannati, Iran&apos;s minister of culture and Islamic guidance. 
&quot;We did whatever we could but it was the Saudis who sabotaged&quot; it, Jannati said in comments carried by the state-run IRNA news agency. &quot;Now the time is lost.&quot; 
The state-run Saudi Press Agency did not immediately report on Jannati&apos;s comments. A later IRNA report in English on Jannati&apos;s comments, which came during a visit to the Iranian holy city of Qom, called the decision &quot;tentatively confirmed,&quot; something that wasn&apos;t in the initial Farsi-language report. The discrepancy could not be immediately reconciled. 
The announcement about the hajj comes as tensions remain high between the two countries since the Jan. 2 execution of prominent Shiite cleric Nimr al-Nimr by Saudi Arabia. The kingdom has called the cleric a dangerous terrorist who stirred dissent in the country&apos;s predominantly Shiite east, something denied by his family, who say al-Nimr never advocated violence nor picked up a weapon. 
Al-Nimr&apos;s execution sparked widespread protests in Iran, which views itself as the protector of Shiites around the world. Demonstrations outside of Saudi diplomatic posts in Tehran and Mashhad turned violent, however, and saw protesters storm the buildings. 
As a result, Riyadh cut diplomatic relations with Tehran. The two countries also support opposing sides in Syria&apos;s long civil war and the ongoing conflict in Yemen, the Arab world&apos;s poorest country. 
Since Saudi diplomatic posts remain closed in Iran, kingdom officials had told the Islamic Republic its citizens would need to travel to embassies in other countries to apply for visas for the hajj, Jannati said. He described that as another sticking point in the failed negotiations. 
&quot;In the absence of an Iranian consular office in Saudi Arabia following the severance of ties between Tehran and Riyadh, Iran&apos;s proposals regarding visa application, air transport and security of pilgrims were not accepted by the Saudi officials,&quot; Jannati said. 
Hossein Jaberi Ansari, Iran&apos;s Foreign Ministry spokesman, also blamed Saudi Arabia for the failed talks. 
&quot;If no agreement is reached on these issues, Saudi Arabia will be responsible for shutting the way to sending Iranian pilgrims,&quot; Ansari said. 
The disaster in Mina was the deadliest in the history of the annual pilgrimage, according to an Associated Press tally of the dead based on state media reports and officials&apos; comments from 36 of the over 180 countries that sent citizens to the hajj. The official Saudi toll of 769 people killed and 934 injured has not changed since Sept. 26, and officials have yet to address the discrepancy. 
Last year&apos;s hajj, which drew 2 million pilgrims, also saw a crane collapse in Mecca kill 111 worshippers. 
Iran called for an independent body to take over planning and administering the five-day hajj pilgrimage, but the kingdom&apos;s ruling Al Saud family likely would never give up its role in administering the holy sites. That, along with Saudi Arabia&apos;s oil wealth, provides it major influence in the Muslim world. 
Iran has boycotted the hajj before. In 1987, demonstrating Iranian pilgrims battled Saudi riot police, violence that killed at least 402 people. Iran claimed 600 of its pilgrims were killed and said police fired machine guns at the crowd. Iran did not send pilgrims to the hajj in 1988 and 1989, while Saudi officials severed diplomatic ties over the violence and Iranian attacks on shipping in the Persian Gulf. 
___ 
Associated Press writer Jon Gambrell in Dubai, United Arab Emirates, contributed to this report. 
___ 
Follow Amir Vahdat on Twitter at www.twitter.com/AmirhVahdat . His work can be found at http://bigstory.ap.org/journalist/amir-vahdat . Copyright 2016 The Associated Press. All rights reserved. This material may not be published, broadcast, rewritten or redistributed.
</post>
<signature>

</signature>
<external_links>

</external_links>
<country>US</country>
<main_image></main_image>
</document>
