<?xml version="1.0" encoding="UTF-8"?>
<document>
<type>mainstream</type>
<forum>http://rssfeeds.wkyc.com/_/20/63682059/WKYC/FugitiveOfTheWeek</forum>
<forum_title>WKYC - Fugitive</forum_title>
<discussion_title>Fugitive sought in teen&apos;s murder</discussion_title>
<language>english</language>
<gmt_offset></gmt_offset>
<topic_url>http://www.wkyc.com/news/crime/fugitive-sought-in-15-year-old-teens-murder/183125088</topic_url>
<topic_text>
Fugitive sought for involvement in 15-year-old teen&apos;s murder WKYC 5:58 PM. EST May 09, 2016 Lehendro Hill CONNECT TWEET LINKEDIN GOOGLE+ PINTEREST 
CLEVELAND - Officials are searching for a man believed to be involved in the deadly shooting of a 15-year-old. A warrant was recently issued for Lehendro Hill, 18, who may be hiding on the east side of Cleveland. On Oct. 25, 2015, the victim was shot and killed in the area of Wade Park and East 93rd Street. Hill stands about 6’3&apos;&apos; tall and weighs about 145 pounds. He has brown eyes and brown hair. 
If you have any information in reference to Lehendro Hill, please contact the Northern Ohio Violent Fugitive Task Force at 1-866-4WANTED or Text keyword WANTED and tip to 847411 (tip411) Tipsters can remain anonymous and reward money is available.
</topic_text>
<spam_score>0.00</spam_score>
<post_num>1</post_num>
<post_id>post-1</post_id>
<post_url>http://www.wkyc.com/news/crime/fugitive-sought-in-15-year-old-teens-murder/183125088</post_url>
<post_date>20160509</post_date>
<post_time>2258</post_time>
<username></username>
<post>
Fugitive sought for involvement in 15-year-old teen&apos;s murder WKYC 5:58 PM. EST May 09, 2016 Lehendro Hill CONNECT TWEET LINKEDIN GOOGLE+ PINTEREST 
CLEVELAND - Officials are searching for a man believed to be involved in the deadly shooting of a 15-year-old. A warrant was recently issued for Lehendro Hill, 18, who may be hiding on the east side of Cleveland. On Oct. 25, 2015, the victim was shot and killed in the area of Wade Park and East 93rd Street. Hill stands about 6’3&apos;&apos; tall and weighs about 145 pounds. He has brown eyes and brown hair. 
If you have any information in reference to Lehendro Hill, please contact the Northern Ohio Violent Fugitive Task Force at 1-866-4WANTED or Text keyword WANTED and tip to 847411 (tip411) Tipsters can remain anonymous and reward money is available.
</post>
<signature>

</signature>
<external_links>

</external_links>
<country>US</country>
<main_image>http://content.wkyc.com/photo/2016/05/09/hill_1462834004285_2183591_ver1.0_640_360.jpg</main_image>
</document>
