<?xml version="1.0" encoding="UTF-8"?>
<document>
<type>mainstream</type>
<forum></forum>
<forum_title></forum_title>
<discussion_title>オーパーツとかいうその時代にはありえない物ってたまに見つかるじゃん？ | 秋の日は釣瓶落とし</discussion_title>
<language>japanese</language>
<gmt_offset></gmt_offset>
<topic_url>http://akarui.netgamers.jp/futoshi/2016/05/13/%e3%82%aa%e3%83%bc%e3%83%91%e3%83%bc%e3%83%84%e3%81%a8%e3%81%8b%e3%81%84%e3%81%86%e3%81%9d%e3%81%ae%e6%99%82%e4%bb%a3%e3%81%ab%e3%81%af%e3%81%82%e3%82%8a%e3%81%88%e3%81%aa%e3%81%84%e7%89%a9%e3%81%a3/</topic_url>
<topic_text>


オーパーツとかいうその時代にはありえない物ってたまに見つかるじゃん？ 1: 以下、＼(^o^)／でVIPがお送りします 投稿日：2016/05/12(木) 13:12:40.77 ID:ptGEZaWvp.n一番不思議なのってどんなのがあるの？7: 以下、＼(^o^)／でVIPがお送りします 投稿日：2016/05/12(木) 13:15:17.79 ID:oRVWkQZzd.nガチなのって歯車で天体の動きを表してたあ… 1: 以下、＼(^o^)／でVIPがお送りします 投稿日：2016/05/12(木) 13:12:40.77 ID:ptGEZaWvp.n 一番不思議なのってどんなのがあるの？ 7: 以下、＼(^o^)／でVIPがお送りします 投稿日：2016/05/12(木) 13:15:17.79 ID:oRVWkQZzd.n ガチなのって歯車で天体の動きを表してたあれぐらいじゃね？ 8: 以下、＼(^o^)／でVIPがお送りします 投稿日：2016/05/12(木) 13:15:27.44 ID:xrKXilRor.n あり得ないと思われてるだけのものばっかり 
</topic_text>
<spam_score>0.00</spam_score>
<post_num>1</post_num>
<post_id>post-1</post_id>
<post_url>http://akarui.netgamers.jp/futoshi/2016/05/13/%e3%82%aa%e3%83%bc%e3%83%91%e3%83%bc%e3%83%84%e3%81%a8%e3%81%8b%e3%81%84%e3%81%86%e3%81%9d%e3%81%ae%e6%99%82%e4%bb%a3%e3%81%ab%e3%81%af%e3%81%82%e3%82%8a%e3%81%88%e3%81%aa%e3%81%84%e7%89%a9%e3%81%a3/</post_url>
<post_date>20160313</post_date>
<post_time></post_time>
<username></username>
<post>


オーパーツとかいうその時代にはありえない物ってたまに見つかるじゃん？ 1: 以下、＼(^o^)／でVIPがお送りします 投稿日：2016/05/12(木) 13:12:40.77 ID:ptGEZaWvp.n一番不思議なのってどんなのがあるの？7: 以下、＼(^o^)／でVIPがお送りします 投稿日：2016/05/12(木) 13:15:17.79 ID:oRVWkQZzd.nガチなのって歯車で天体の動きを表してたあ… 1: 以下、＼(^o^)／でVIPがお送りします 投稿日：2016/05/12(木) 13:12:40.77 ID:ptGEZaWvp.n 一番不思議なのってどんなのがあるの？ 7: 以下、＼(^o^)／でVIPがお送りします 投稿日：2016/05/12(木) 13:15:17.79 ID:oRVWkQZzd.n ガチなのって歯車で天体の動きを表してたあれぐらいじゃね？ 8: 以下、＼(^o^)／でVIPがお送りします 投稿日：2016/05/12(木) 13:15:27.44 ID:xrKXilRor.n あり得ないと思われてるだけのものばっかり 
</post>
<signature>

</signature>
<external_links>

</external_links>
<country>JP</country>
<main_image>https://s0.wp.com/i/blank.jpg</main_image>
</document>
