<?xml version="1.0" encoding="UTF-8"?>
<document>
<type>mainstream</type>
<forum>http://ria.ru/</forum>
<forum_title>РИА Новости</forum_title>
<discussion_title>Сборная РФ по синхронному плаванию выиграла ЧЕ в комбинационной программе</discussion_title>
<language>russian</language>
<gmt_offset></gmt_offset>
<topic_url>http://ria.ru/sport/20160512/1432105645.html</topic_url>
<topic_text>
ЛОНДОН, 12 мая — Р-Спорт. Сборная России по синхронному плаванию победила на чемпионате Европы по водным видам спорта в Лондоне с комбинационной программой в соревнованиях групп.
В финале россиянки получили 96,5000 балла. Серебро досталось украинкам (93,4333). Бронза у итальянок (90,9333).
В составе сборной России выступали Светлана Колесниченко, Дарина Валитова, Александра Пацкевич, Алла Шишкина, Мария Шурочкина, Влада Чигирева, Гелена Топилина, Елена Прокофьева, Лилия Низамова и Марина Голядкина.
Все новости спорта читайте на сайте агентства &quot;Р-Спорт&quot; &gt;&gt;
</topic_text>
<spam_score>0.00</spam_score>
<post_num>1</post_num>
<post_id>post-1</post_id>
<post_url>http://ria.ru/sport/20160512/1432105645.html</post_url>
<post_date>20160512</post_date>
<post_time>1934</post_time>
<username>ria.ru</username>
<post>
ЛОНДОН, 12 мая — Р-Спорт. Сборная России по синхронному плаванию победила на чемпионате Европы по водным видам спорта в Лондоне с комбинационной программой в соревнованиях групп.
В финале россиянки получили 96,5000 балла. Серебро досталось украинкам (93,4333). Бронза у итальянок (90,9333).
В составе сборной России выступали Светлана Колесниченко, Дарина Валитова, Александра Пацкевич, Алла Шишкина, Мария Шурочкина, Влада Чигирева, Гелена Топилина, Елена Прокофьева, Лилия Низамова и Марина Голядкина.
Все новости спорта читайте на сайте агентства &quot;Р-Спорт&quot; &gt;&gt;
</post>
<signature>

</signature>
<external_links>
<external_link>http://rsport.ru/</external_link>
</external_links>
<country>RU</country>
<main_image>http://cdn15.img22.ria.ru/images/98495/67/984956721.jpg</main_image>
</document>
