<?xml version="1.0" encoding="UTF-8"?>
<document>
<type>mainstream</type>
<forum></forum>
<forum_title></forum_title>
<discussion_title>Without Me - Vogue.it</discussion_title>
<language>italian</language>
<gmt_offset></gmt_offset>
<topic_url>http://www.vogue.it/vogue-talents/talenti-set/2016/05/11/without-me/</topic_url>
<topic_text>
Stylist – Giorgia Fuzio Nata e cresciuta a Roma, Giorgia ha studiato all’Accademia di Costume e Moda ed è co-fondatrice del marchio Black Button. Da tre anni a New York, è una freelance stylist e online fashion editor del magazine “Document Journal”. Ha collaborato come prima assistente di James Valeri a shooting per “Hero Magazine”, “V Magazine”, “Muse”, “Dust Magazine” e altri. Team credits: 
</topic_text>
<spam_score>0.00</spam_score>
<post_num>1</post_num>
<post_id>post-1</post_id>
<post_url>http://www.vogue.it/vogue-talents/talenti-set/2016/05/11/without-me/</post_url>
<post_date>20160511</post_date>
<post_time></post_time>
<username></username>
<post>
Stylist – Giorgia Fuzio Nata e cresciuta a Roma, Giorgia ha studiato all’Accademia di Costume e Moda ed è co-fondatrice del marchio Black Button. Da tre anni a New York, è una freelance stylist e online fashion editor del magazine “Document Journal”. Ha collaborato come prima assistente di James Valeri a shooting per “Hero Magazine”, “V Magazine”, “Muse”, “Dust Magazine” e altri. Team credits: 
</post>
<signature>

</signature>
<external_links>

</external_links>
<country>IE</country>
<main_image>http://images.vogue.it/wp-content/uploads/2016/05/05200234/squared12-534x800.jpg</main_image>
</document>
