<?xml version="1.0" encoding="UTF-8"?>
<document>
<type>mainstream</type>
<forum>http://www.gutefrage.net/feed/neue/fitness</forum>
<forum_title>Neue Fragen zum Thema Fitness auf gutefrage.net</forum_title>
<discussion_title>bcaa und cre alkalin?</discussion_title>
<language>german</language>
<gmt_offset></gmt_offset>
<topic_url>http://www.gutefrage.net/frage/bcaa-und-cre-alkalin</topic_url>
<topic_text>
Es gibt noch keine Antworten Auch interessant Supplements (Kreation,glutamin,alanin,...)Dosierung Lese häufig dass man supps wie glutamin oder bcaa 4 mal am Tag nehmen muss immer 5 oder 10 g oder so Aber muss man dass immer so aufgeteilt nehmen oder kann man sich einfach abends nen shake mit bisschen Whey dem glutamin Kreatin und bcaa machen ohne die Einnahme über den Tag so aufzusplitten... Außerdem wie viel glutamin,bcaa sollte man am Tag nehmen ? Bin 188 cm und wiege 96 kg Übrigens weiß ich auch dass Supplements für den muskelaufbau nicht essenziell sind allerdings bin ich noch Schüler und habe nicht wirklich geldprobleme 3 Antworten Welche BCAA&apos;S von welcher Marke könnt ihr mir empfehlen und ist es normal dass die so teuer sind ( 300g ca. 30€)? Frage steht oben 👆 welche könnt ihr mir empfehlen ? Hab mich selber schon umgeschaut und die Kosten so 30€ für 300g z.B von Profuel und das wäre eine Monat&apos;s Ration da man schon 10g am Tag braucht richtig ? Würde es für meine Defi die 6 Wochen dauern wird nämlich gern bestellen . 4 Antworten bcaa oder glutamin für muskelaufbau? Hallo, ich trainierte seit etwa einem Jahr und würde mir jetzt gerne ein gutes supplement dazuholen und stehe nun vor der Frage, ob Glutamin oder BCAA?! Was ist eher für den MASSEaufbau und MuskelWACHSTUM geeignet? Bin eher der schlankere Typ, der schwerer zunimmt... 3 Antworten Sind die Amino-Tabletten gut? Folgende Werte: Aminoprogramm pro 100g Produkt:L-Valin (BCAA): 2700 mg, L-Isoleucin (BCAA):2400 mg, L-Leucin (BCAA): 4500 mg, L-Arginin: 4400 mg, L-Asparaginsäure: 5600 mg, L-Threonin: 2300 mg, L-Tyrosin: 2000 mg, L-Serin: 3200 mg, L-Glutaminsäure: 14000 mg, L-Glysin: 7500 mg, L-Alanin: 4200 mg, L-Cystein: 1000 mg, L-Lysin: 3500 mg, L-Methionon: 1000 mg, L-Histidin: 1300 mg, L-Phenylalanin: 3100 mg, L-Tryptophan: 600 mg, L-hydroyprolin/L-Prolin: 8700 mg, * = Essentielle Aminosäuren (wichtige) 2 Antworten [Fitness] Selbst gemachter Protein-Shake, Creatin und BCAA in Pulver-Form zusammen mixen? Kann ich das BCAA- und Creatin-Pulver einfach beides in meinen selbstgemachten Shake (Milch, Haferflocke, Banane und Quark) reinmixen, sollte ich es erst nach dem mixen hinzugeben oder beide bzw. eines der Pulver lieber anders zu mir nehmen? Noch eine weitere Frage; Wie viel ml Shake empfehlt ihr vor und nach dem Training jeweils? 2 Antworten BCAA&apos;s / Kreatin - Muskelkater! Jmd Erfahrungen damit? Hallo Zusammen Trainiere seit rund 2 Jahren regelmässig, rein Natural; Ein Ernährungsplan ist dabei natürlich absolut Pflicht. Bin auch sehr zufrieden mit meinen Ergebnissen. Nun hat mir vor 4 Tagen ein Kollege von seinen Erfahrungen mit BCAA’s und Kreatin berichtet und meinte ich soll es doch einfach mal austesten. Das tat ich dann auch aufs nächste Training. Beim Training an sich merkte ich eigentlich keinen Unterschied (wohl auch logisch bei so kurzer Anwendung). Aber : Nun habe ich seit 3 Tagen einen so heftigen Muskelkater, wie ich Ihn eigentlich nur noch von meinen Anfangszeiten kenne. Muss deswegen nun sogar meinen 3er Split unterbrechen. Was ist da passiert? Grundsätzlich finde ich Muskelkater ja gut, aber soll ich das nun als positiv oder negativ werten? Wie lange warte ich nun bis ich wieder anfange (Übertraining)? Bis der Schmerz weg ist? Danke für eure Ratschläge, beste Grüsse 3 Antworten Ist BCAA Pulver besser als Tabletten (Nahrungsergänzung)? Liebe Community, ich möchte nun während meines Muskelaufbaus (seit 06/2014) gerne Nahrungsergänzungsmittel, genauer gesagt BCAA Pulver oder Tabletten einnehmen. Die Frage ist nur - BCAA Pulver oder Tabletten, was ist besser? Ich habe dazu folgende Infos bisher gefunden: Was sind BCAAs? Die verzweigtkettigen Aminosäuren (engl. Branched Chain Amino Acids, BCAAs) heißen Leucin, Isoleucin und Valin. Sie werden essenzielle Aminosäuren genannt, da sie der Mensch über die Nahrung aufnehmen muss, um zu überleben. BCAAs sind für den Erhalt des Körpergewebes nötig. Studien zufolge bewirken sie, dass Glykogenspeicher im Gewebe voll bleiben. BCAAs verhindern zudem den Abbau von Muskelgewebe während des Trainings. Welche Vorteile haben BCAAs? Im Gegensatz zu anderen Aminosäuren werden BCAAs nicht im Magen, sondern direkt im Muskel verstoffwechselt. Sie sind vorallem während des Trainings und sonstiger sportlicher Aktivität wichtig, da sie Muskelabbau verhindern und die Regneration des Gewebes unterstützen. Für wen sind BCAAs geeignet? BCAAs sind essenziell für jeden, der seine Regneration nach intensiver sportlicher Aktivitärt unterstützen und den Erhalt von Muskelmasse sichern möchte. Das BCAA-Pulver schmeckt Ihnen nicht? Probieren Sie doch unsere BCAA+ Tabletten Weitere Informationen Die Wirkung der BCAAs lässt sich noch steigern, indem Sie je 10 g BCAA mit 10 mg Vitamin B6 einnehmen. 1 gestrichener MP Plastikmesslöffel (klein) entspricht 2,2 g. (nicht inbegriffen) Dosierung von BCAA Pulver Bei bestimmungsgemäßem Gebrauch ist nicht mit Risiken und Nebenwirkungen zu rechnen. Unangenehme Nebenwirkungen sind fast immer Zeichen einer Überdosierung und können auftreten in Form von vermehrtem Haarwuchs oder Nierenproblemen. Scitec Nutrition BCAA X-Press Pulver * ist besonders gut verträglich und enthält keine unerwünschten Zusatzstoffe. Das Pulver kann als Einzeldosis ohne Probleme in etwas Wasser, Saft oder Joghurt eingerührt und gleich verzehrt werden. Sehr beliebt ist auch das BCAA Pulver von MyProtein *, welches je nach persönlicher Vorliebe mit oder ohne Geschmack erhältlich ist. Die Inhaltsstoffe sind ausgezeichnet sowohl bei der geschmacksneutralen als auch der geschmackvollen Variante. Außer dem wertvollen Eiweiß enthält auch dieses empfehlenswerte Produkt weder unerwünschte Fette noch Kohlenhydrate. Obwohl es bei der Dosierung keine allgemeingültige Empfehlung geben kann, so hat es in der Praxis aber als sinnvoll erwiesen, vor einer Trainingseinheit bis zu 10 Gramm des Pulvers einzunehmen. Was sagt Ihr, BCAA Pulver oder lieber BCAA Tabletten einnehmen? Ich bin mir da sehr unsicher.. Wer hat Erfahrungen, wer kann helfen? Liebe Grüße Pascal
</topic_text>
<spam_score>0.00</spam_score>
<post_num>1</post_num>
<post_id>post-1</post_id>
<post_url>http://www.gutefrage.net/frage/bcaa-und-cre-alkalin</post_url>
<post_date>20160512</post_date>
<post_time>1625</post_time>
<username>Mani96</username>
<post>
Es gibt noch keine Antworten Auch interessant Supplements (Kreation,glutamin,alanin,...)Dosierung Lese häufig dass man supps wie glutamin oder bcaa 4 mal am Tag nehmen muss immer 5 oder 10 g oder so Aber muss man dass immer so aufgeteilt nehmen oder kann man sich einfach abends nen shake mit bisschen Whey dem glutamin Kreatin und bcaa machen ohne die Einnahme über den Tag so aufzusplitten... Außerdem wie viel glutamin,bcaa sollte man am Tag nehmen ? Bin 188 cm und wiege 96 kg Übrigens weiß ich auch dass Supplements für den muskelaufbau nicht essenziell sind allerdings bin ich noch Schüler und habe nicht wirklich geldprobleme 3 Antworten Welche BCAA&apos;S von welcher Marke könnt ihr mir empfehlen und ist es normal dass die so teuer sind ( 300g ca. 30€)? Frage steht oben 👆 welche könnt ihr mir empfehlen ? Hab mich selber schon umgeschaut und die Kosten so 30€ für 300g z.B von Profuel und das wäre eine Monat&apos;s Ration da man schon 10g am Tag braucht richtig ? Würde es für meine Defi die 6 Wochen dauern wird nämlich gern bestellen . 4 Antworten bcaa oder glutamin für muskelaufbau? Hallo, ich trainierte seit etwa einem Jahr und würde mir jetzt gerne ein gutes supplement dazuholen und stehe nun vor der Frage, ob Glutamin oder BCAA?! Was ist eher für den MASSEaufbau und MuskelWACHSTUM geeignet? Bin eher der schlankere Typ, der schwerer zunimmt... 3 Antworten Sind die Amino-Tabletten gut? Folgende Werte: Aminoprogramm pro 100g Produkt:L-Valin (BCAA): 2700 mg, L-Isoleucin (BCAA):2400 mg, L-Leucin (BCAA): 4500 mg, L-Arginin: 4400 mg, L-Asparaginsäure: 5600 mg, L-Threonin: 2300 mg, L-Tyrosin: 2000 mg, L-Serin: 3200 mg, L-Glutaminsäure: 14000 mg, L-Glysin: 7500 mg, L-Alanin: 4200 mg, L-Cystein: 1000 mg, L-Lysin: 3500 mg, L-Methionon: 1000 mg, L-Histidin: 1300 mg, L-Phenylalanin: 3100 mg, L-Tryptophan: 600 mg, L-hydroyprolin/L-Prolin: 8700 mg, * = Essentielle Aminosäuren (wichtige) 2 Antworten [Fitness] Selbst gemachter Protein-Shake, Creatin und BCAA in Pulver-Form zusammen mixen? Kann ich das BCAA- und Creatin-Pulver einfach beides in meinen selbstgemachten Shake (Milch, Haferflocke, Banane und Quark) reinmixen, sollte ich es erst nach dem mixen hinzugeben oder beide bzw. eines der Pulver lieber anders zu mir nehmen? Noch eine weitere Frage; Wie viel ml Shake empfehlt ihr vor und nach dem Training jeweils? 2 Antworten BCAA&apos;s / Kreatin - Muskelkater! Jmd Erfahrungen damit? Hallo Zusammen Trainiere seit rund 2 Jahren regelmässig, rein Natural; Ein Ernährungsplan ist dabei natürlich absolut Pflicht. Bin auch sehr zufrieden mit meinen Ergebnissen. Nun hat mir vor 4 Tagen ein Kollege von seinen Erfahrungen mit BCAA’s und Kreatin berichtet und meinte ich soll es doch einfach mal austesten. Das tat ich dann auch aufs nächste Training. Beim Training an sich merkte ich eigentlich keinen Unterschied (wohl auch logisch bei so kurzer Anwendung). Aber : Nun habe ich seit 3 Tagen einen so heftigen Muskelkater, wie ich Ihn eigentlich nur noch von meinen Anfangszeiten kenne. Muss deswegen nun sogar meinen 3er Split unterbrechen. Was ist da passiert? Grundsätzlich finde ich Muskelkater ja gut, aber soll ich das nun als positiv oder negativ werten? Wie lange warte ich nun bis ich wieder anfange (Übertraining)? Bis der Schmerz weg ist? Danke für eure Ratschläge, beste Grüsse 3 Antworten Ist BCAA Pulver besser als Tabletten (Nahrungsergänzung)? Liebe Community, ich möchte nun während meines Muskelaufbaus (seit 06/2014) gerne Nahrungsergänzungsmittel, genauer gesagt BCAA Pulver oder Tabletten einnehmen. Die Frage ist nur - BCAA Pulver oder Tabletten, was ist besser? Ich habe dazu folgende Infos bisher gefunden: Was sind BCAAs? Die verzweigtkettigen Aminosäuren (engl. Branched Chain Amino Acids, BCAAs) heißen Leucin, Isoleucin und Valin. Sie werden essenzielle Aminosäuren genannt, da sie der Mensch über die Nahrung aufnehmen muss, um zu überleben. BCAAs sind für den Erhalt des Körpergewebes nötig. Studien zufolge bewirken sie, dass Glykogenspeicher im Gewebe voll bleiben. BCAAs verhindern zudem den Abbau von Muskelgewebe während des Trainings. Welche Vorteile haben BCAAs? Im Gegensatz zu anderen Aminosäuren werden BCAAs nicht im Magen, sondern direkt im Muskel verstoffwechselt. Sie sind vorallem während des Trainings und sonstiger sportlicher Aktivität wichtig, da sie Muskelabbau verhindern und die Regneration des Gewebes unterstützen. Für wen sind BCAAs geeignet? BCAAs sind essenziell für jeden, der seine Regneration nach intensiver sportlicher Aktivitärt unterstützen und den Erhalt von Muskelmasse sichern möchte. Das BCAA-Pulver schmeckt Ihnen nicht? Probieren Sie doch unsere BCAA+ Tabletten Weitere Informationen Die Wirkung der BCAAs lässt sich noch steigern, indem Sie je 10 g BCAA mit 10 mg Vitamin B6 einnehmen. 1 gestrichener MP Plastikmesslöffel (klein) entspricht 2,2 g. (nicht inbegriffen) Dosierung von BCAA Pulver Bei bestimmungsgemäßem Gebrauch ist nicht mit Risiken und Nebenwirkungen zu rechnen. Unangenehme Nebenwirkungen sind fast immer Zeichen einer Überdosierung und können auftreten in Form von vermehrtem Haarwuchs oder Nierenproblemen. Scitec Nutrition BCAA X-Press Pulver * ist besonders gut verträglich und enthält keine unerwünschten Zusatzstoffe. Das Pulver kann als Einzeldosis ohne Probleme in etwas Wasser, Saft oder Joghurt eingerührt und gleich verzehrt werden. Sehr beliebt ist auch das BCAA Pulver von MyProtein *, welches je nach persönlicher Vorliebe mit oder ohne Geschmack erhältlich ist. Die Inhaltsstoffe sind ausgezeichnet sowohl bei der geschmacksneutralen als auch der geschmackvollen Variante. Außer dem wertvollen Eiweiß enthält auch dieses empfehlenswerte Produkt weder unerwünschte Fette noch Kohlenhydrate. Obwohl es bei der Dosierung keine allgemeingültige Empfehlung geben kann, so hat es in der Praxis aber als sinnvoll erwiesen, vor einer Trainingseinheit bis zu 10 Gramm des Pulvers einzunehmen. Was sagt Ihr, BCAA Pulver oder lieber BCAA Tabletten einnehmen? Ich bin mir da sehr unsicher.. Wer hat Erfahrungen, wer kann helfen? Liebe Grüße Pascal
</post>
<signature>

</signature>
<external_links>

</external_links>
<country>DE</country>
<main_image>//images.gutefrage.net/images/logos/fb_gf.png?1463063002</main_image>
</document>
