<?xml version="1.0" encoding="UTF-8"?>
<document>
<type>mainstream</type>
<forum>http://sampan.org/feed</forum>
<forum_title>Sampan.org</forum_title>
<discussion_title>Chinatown Resident Association bylaws meeting May 25</discussion_title>
<language>english</language>
<gmt_offset></gmt_offset>
<topic_url>http://sampan.org/2016/05/chinatown-resident-association-bylaws-meeting-may-25/</topic_url>
<topic_text>
Chinatown Resident Association General Meeting Wednesday, May 25 6:30 pm in the Quincy School Cafeteria 885 Washington Street Boston, MA 02111 
The Chinatown Resident Association (CRA) will hold a general meeting to update its by-laws on May 25, 2016 . Any Chinatown resident agreeing with the mission of CRA can pay dues and register as a member to vote at the general meeting and in CRA’s Steering Committee elections this summer. 
The mission of CRA is to advance the quality of life of Chinatown residents and preserve Chinatown as a neighborhood for working families and the elderly. Its goals include: 1) Promote resident decision-making over the future of Chinatown, 2) Preserve and expand affordable housing, 3) Work for a safe and healthy living environment, and 4) Cooperate with community organizations and businesses to strengthen Chinatown as a social, cultural, political and economic center. About Web
</topic_text>
<spam_score>0.00</spam_score>
<post_num>1</post_num>
<post_id>post-1</post_id>
<post_url>http://sampan.org/2016/05/chinatown-resident-association-bylaws-meeting-may-25/</post_url>
<post_date>20160511</post_date>
<post_time>1818</post_time>
<username>Web</username>
<post>
Chinatown Resident Association General Meeting Wednesday, May 25 6:30 pm in the Quincy School Cafeteria 885 Washington Street Boston, MA 02111 
The Chinatown Resident Association (CRA) will hold a general meeting to update its by-laws on May 25, 2016 . Any Chinatown resident agreeing with the mission of CRA can pay dues and register as a member to vote at the general meeting and in CRA’s Steering Committee elections this summer. 
The mission of CRA is to advance the quality of life of Chinatown residents and preserve Chinatown as a neighborhood for working families and the elderly. Its goals include: 1) Promote resident decision-making over the future of Chinatown, 2) Preserve and expand affordable housing, 3) Work for a safe and healthy living environment, and 4) Cooperate with community organizations and businesses to strengthen Chinatown as a social, cultural, political and economic center. About Web
</post>
<signature>

</signature>
<external_links>

</external_links>
<country>US</country>
<main_image></main_image>
</document>
