<?xml version="1.0" encoding="UTF-8"?>
<document>
<type>mainstream</type>
<forum>http://www.bioportfolio.com/news/rss</forum>
<forum_title>BioPortfolio Latest News</forum_title>
<discussion_title>Spotting the signs of child sexual exploitation</discussion_title>
<language>english</language>
<gmt_offset></gmt_offset>
<topic_url>http://www.bioportfolio.com/news/article/2708700/Spotting-the-signs-of-child-sexual-exploitation.html</topic_url>
<topic_text>
Verify here. The information provided by BioPortfolio.com is not a substitute for professional medical advice, diagnosis or treatment. The BioPortfolio site is sponsored BioPortfolio Limited with offices at Stafford House, 10 Prince of Wales Road, Dorchester, DT1 1PW, England. If you are a legal copyright holder or a designated agent for such and you believe a post on this website falls outside the boundaries of “Fair Use” and legitimately infringes on your or your client&apos;s copyright we may be contacted concerning copyright matters at: priority@bioportfolio.com . All rights reserved. All other trademarks recognized. Copyright © 1997-2016 BioPortfolio Limited. Site developed by Alacrify Ltd .
</topic_text>
<spam_score>0.00</spam_score>
<post_num>1</post_num>
<post_id>post-1</post_id>
<post_url>http://www.bioportfolio.com/news/article/2708700/Spotting-the-signs-of-child-sexual-exploitation.html</post_url>
<post_date>20160512</post_date>
<post_time>1556</post_time>
<username></username>
<post>
Verify here. The information provided by BioPortfolio.com is not a substitute for professional medical advice, diagnosis or treatment. The BioPortfolio site is sponsored BioPortfolio Limited with offices at Stafford House, 10 Prince of Wales Road, Dorchester, DT1 1PW, England. If you are a legal copyright holder or a designated agent for such and you believe a post on this website falls outside the boundaries of “Fair Use” and legitimately infringes on your or your client&apos;s copyright we may be contacted concerning copyright matters at: priority@bioportfolio.com . All rights reserved. All other trademarks recognized. Copyright © 1997-2016 BioPortfolio Limited. Site developed by Alacrify Ltd .
</post>
<signature>

</signature>
<external_links>

</external_links>
<country>GB</country>
<main_image></main_image>
</document>
