<?xml version="1.0" encoding="UTF-8"?>
<document>
<type>mainstream</type>
<forum>http://www.funnyjunk.com/rss/most_popular.rss</forum>
<forum_title>FunnyJunk Most Popular Contents</forum_title>
<discussion_title>How the mocap for &quot;The Witcher 3&quot; was done.</discussion_title>
<language>english</language>
<gmt_offset></gmt_offset>
<topic_url>http://funnyjunk.com/How+the+mocap+for+the+witcher+3+was+done/hdgifs/5916755/</topic_url>
<topic_text>
How the mocap for &quot;The Witcher 3&quot; was done. By: anon Your browser does not support the video tag. join list: DailyVideoGameHumor ( 961 subs) You are allowed to post 9999 links per 24 hours, per IP. You are allowed to post every 14 seconds on the same page. Remaining character count: 4000 Press &quot;C&quot; to open comment dialog. &quot;R&quot; refreshes comments. Record voice message? Leave a comment Refresh Comments Show GIFs Show Videos Not GIFs Options Reply +2 (1 hour ago) [-] But **** this version is big and clean and pretty smooth. Never seen it in such a quality. Reply +1 (4 hours ago) [-] I wish I could afford Witcher 3, every time I see it I want to play it. Reply 0 (11 minutes ago) [-] It requires a beast of a PC though. Which I do have. And I also have Witcher 3
</topic_text>
<spam_score>0.00</spam_score>
<post_num>1</post_num>
<post_id>post-1</post_id>
<post_url>http://funnyjunk.com/How+the+mocap+for+the+witcher+3+was+done/hdgifs/5916755/</post_url>
<post_date>20160512</post_date>
<post_time>0220</post_time>
<username></username>
<post>
How the mocap for &quot;The Witcher 3&quot; was done. By: anon Your browser does not support the video tag. join list: DailyVideoGameHumor ( 961 subs) You are allowed to post 9999 links per 24 hours, per IP. You are allowed to post every 14 seconds on the same page. Remaining character count: 4000 Press &quot;C&quot; to open comment dialog. &quot;R&quot; refreshes comments. Record voice message? Leave a comment Refresh Comments Show GIFs Show Videos Not GIFs Options Reply +2 (1 hour ago) [-] But **** this version is big and clean and pretty smooth. Never seen it in such a quality. Reply +1 (4 hours ago) [-] I wish I could afford Witcher 3, every time I see it I want to play it. Reply 0 (11 minutes ago) [-] It requires a beast of a PC though. Which I do have. And I also have Witcher 3
</post>
<signature>

</signature>
<external_links>

</external_links>
<country>US</country>
<main_image></main_image>
</document>
