<?xml version="1.0" encoding="UTF-8"?>
<document>
<type>mainstream</type>
<forum></forum>
<forum_title></forum_title>
<discussion_title>「クラフタル」（フレンチ）犬養裕美子のレストランガイド。｜グルメ（レストラン・スイーツ）｜VOGUE JAPAN</discussion_title>
<language>japanese</language>
<gmt_offset></gmt_offset>
<topic_url>http://www.vogue.co.jp/lifestyle/gourmet/2016-05-12</topic_url>
<topic_text>
Next 
玉ネギ、ウニ、グリンピース、タルトフランベ。120°Cで2時間30分、じっくりと火を入れた玉ネギは外がカリッと、芯はネチッとした食感に。パンは、フランス・アルザス地方の玉ネギを使った焼き物、タルトフランベ。上の緑はグリンピースの薄皮をカリカリに揚げたもの。￥9,000の夜のコースより。 
大土橋真也シェフは、初台「アニス」から独立。「アニス」時代から周囲に期待されていた32歳の新鋭だ。7000円のディナーコースは、アミューズ2品、前菜2品、魚、肉、デザート、飲み物。値段だけ見ると周囲よりは少し高い。ただ、内容を知ると申し訳ないくらい充実している。というのも、前菜2品に魚と肉には、それぞれの料理に合わせたパンがペアリングで出てくる。蝦夷直のローストにはピロシキ、鴨のローストにはそば粉のブリニ（パンケーキ）など、パンもそれぞれきちんと考えられた&quot;料理&quot;なのだ。 「日本の素材を素直に受け入れて、料理として表現していきたい」という大土橋シェフ。色彩を楽しむプレゼンテーション、きっちりと適正温度に合わせたサービスのタイミングともに優秀。こんなレベルの高い店が身近にできたら、けっこう驚く。でも、それが東京なのだ。 目黒川沿いのビルの2F。木の床に白い壁の空間に、北欧風のテーブルとイスが一見そっけなく並んでいる。その寡黙な空間が一気に華やぐのは大土橋シェフの料理が運ばれてきた瞬間。ランチは ￥3,000、￥5,000、￥7,000。夜は ￥7,000 のみ。飲み物のペアリングは￥5,000。 東京都目黒区青葉台1-16-11 2F Tel.／03-6277-5813 営業時間／17：00〜24：00LO（土日はランチ 12：00〜13：30LOあり）。休日／水曜 カウンター6席、テーブル18席 犬養裕美子 レストランジャーナリスト。最近、思いがけない再会が多い。 今回の2店のシェフも、実は彼らが前の店で働いていた時にお会いしている。それが今や立派なシェフとなって再会！ 頑張り続けた結果がちゃんと出ているのを見るのはホントにうれしい。ただし、こちらは経年劣化が悩み。 Photos: Muneaki Maeda Editor: Mihoko Iida 
</topic_text>
<spam_score>0.00</spam_score>
<post_num>1</post_num>
<post_id>post-1</post_id>
<post_url>http://www.vogue.co.jp/lifestyle/gourmet/2016-05-12</post_url>
<post_date>20160502</post_date>
<post_time></post_time>
<username></username>
<post>
Next 
玉ネギ、ウニ、グリンピース、タルトフランベ。120°Cで2時間30分、じっくりと火を入れた玉ネギは外がカリッと、芯はネチッとした食感に。パンは、フランス・アルザス地方の玉ネギを使った焼き物、タルトフランベ。上の緑はグリンピースの薄皮をカリカリに揚げたもの。￥9,000の夜のコースより。 
大土橋真也シェフは、初台「アニス」から独立。「アニス」時代から周囲に期待されていた32歳の新鋭だ。7000円のディナーコースは、アミューズ2品、前菜2品、魚、肉、デザート、飲み物。値段だけ見ると周囲よりは少し高い。ただ、内容を知ると申し訳ないくらい充実している。というのも、前菜2品に魚と肉には、それぞれの料理に合わせたパンがペアリングで出てくる。蝦夷直のローストにはピロシキ、鴨のローストにはそば粉のブリニ（パンケーキ）など、パンもそれぞれきちんと考えられた&quot;料理&quot;なのだ。 「日本の素材を素直に受け入れて、料理として表現していきたい」という大土橋シェフ。色彩を楽しむプレゼンテーション、きっちりと適正温度に合わせたサービスのタイミングともに優秀。こんなレベルの高い店が身近にできたら、けっこう驚く。でも、それが東京なのだ。 目黒川沿いのビルの2F。木の床に白い壁の空間に、北欧風のテーブルとイスが一見そっけなく並んでいる。その寡黙な空間が一気に華やぐのは大土橋シェフの料理が運ばれてきた瞬間。ランチは ￥3,000、￥5,000、￥7,000。夜は ￥7,000 のみ。飲み物のペアリングは￥5,000。 東京都目黒区青葉台1-16-11 2F Tel.／03-6277-5813 営業時間／17：00〜24：00LO（土日はランチ 12：00〜13：30LOあり）。休日／水曜 カウンター6席、テーブル18席 犬養裕美子 レストランジャーナリスト。最近、思いがけない再会が多い。 今回の2店のシェフも、実は彼らが前の店で働いていた時にお会いしている。それが今や立派なシェフとなって再会！ 頑張り続けた結果がちゃんと出ているのを見るのはホントにうれしい。ただし、こちらは経年劣化が悩み。 Photos: Muneaki Maeda Editor: Mihoko Iida 
</post>
<signature>

</signature>
<external_links>

</external_links>
<country>JP</country>
<main_image>http://www.vogue.co.jp/uploads/media/2016/05/02/Craftale_2.jpg?1462156773</main_image>
</document>
