<?xml version="1.0" encoding="UTF-8"?>
<document>
<type>mainstream</type>
<forum></forum>
<forum_title></forum_title>
<discussion_title>Pomellato Volume 01 - Vogue.it</discussion_title>
<language>italian</language>
<gmt_offset></gmt_offset>
<topic_url>http://www.vogue.it/moda/gioielli-orologi/2016/05/11/volume-01-magazine-pomellato/</topic_url>
<topic_text>
Fashion / Jewellery &amp; watches / Pomellato Volume 01 May 11, 2016 7:04 PM by Redazione Il mondo Pomellato si rivela all’interno di un nuovo progetto editoriale che ne racconta l’anima attraverso il connubio tra immagine e contenuto. Un Magazine nuovo che, all’interno delle sue pagine, riunisce passato e presente per cercare di raccontare in parte il futuro. 
Questo primo volume ruota intorno al cuore narrativo del servizio Yesterday Today , corredato dalle parole di Nanda Vigo e ambientato all’interno del Bar Jamaica: dove il fondatore Pino Rabolini immaginò i gioielli distintivi e non convenzionali di Pomellato. 
Continuando a sfogliare si arriva poi ai collage Hands On e ai racconti di tre donne straordinarie nella rubrica In Conversation with per finire con un approfondimento speciale sulla nuova campagna pubblicitaria con Salma Hayek , commentata dal direttore creativo Vincenzo Castaldo . 

</topic_text>
<spam_score>0.00</spam_score>
<post_num>1</post_num>
<post_id>post-1</post_id>
<post_url>http://www.vogue.it/moda/gioielli-orologi/2016/05/11/volume-01-magazine-pomellato/</post_url>
<post_date>20160511</post_date>
<post_time></post_time>
<username></username>
<post>
Fashion / Jewellery &amp; watches / Pomellato Volume 01 May 11, 2016 7:04 PM by Redazione Il mondo Pomellato si rivela all’interno di un nuovo progetto editoriale che ne racconta l’anima attraverso il connubio tra immagine e contenuto. Un Magazine nuovo che, all’interno delle sue pagine, riunisce passato e presente per cercare di raccontare in parte il futuro. 
Questo primo volume ruota intorno al cuore narrativo del servizio Yesterday Today , corredato dalle parole di Nanda Vigo e ambientato all’interno del Bar Jamaica: dove il fondatore Pino Rabolini immaginò i gioielli distintivi e non convenzionali di Pomellato. 
Continuando a sfogliare si arriva poi ai collage Hands On e ai racconti di tre donne straordinarie nella rubrica In Conversation with per finire con un approfondimento speciale sulla nuova campagna pubblicitaria con Salma Hayek , commentata dal direttore creativo Vincenzo Castaldo . 

</post>
<signature>

</signature>
<external_links>

</external_links>
<country>IE</country>
<main_image>http://images.vogue.it/wp-content/uploads/2016/05/11190434/o.jpg</main_image>
</document>
