<?xml version="1.0" encoding="UTF-8"?>
<document>
<type>mainstream</type>
<forum>http://ria.ru/</forum>
<forum_title>РИА Новости</forum_title>
<discussion_title>США в ходе авиаудара в Сомали уничтожили пять боевиков &quot;Аш-Шабаб&quot;</discussion_title>
<language>russian</language>
<gmt_offset></gmt_offset>
<topic_url>http://ria.ru/world/20160512/1432103170.html</topic_url>
<topic_text>
ВАШИНГТОН, 12 мая – РИА Новости. Авиация США нанесла в южных районах Сомали удар по боевикам группировки &quot;Аш-Шабаб&quot;, связанной с &quot;Аль-Каидой&quot; (группировки запрещены в РФ). © AP Photo/ Farah Abdi Warsameh В Сомали ликвидировали не менее 15 боевиков &quot;Аш-Шабаб&quot; в ходе спецоперации
По информации представителя Пентагона Джеффа Дэвиса, которого цитирует агентство Рейтер , в результате удара были уничтожены пять боевиков.
Он пояснил, что операция сил США была связана с поддержкой миротворцев из Уганды, которые вступили в бой с 15-20 боевиками &quot;Аш-Шабаб&quot;.
В Сомали базируется радикальная исламистская группировка &quot;Аш-Шабаб&quot; (&quot;Движение молодых моджахедов&quot;), имеющая тесные связи с международной террористической организацией &quot;Аль-Каида&quot;, которая запрещена в России вместе со своим сомалийским подразделением. &quot;Аш-Шабаб&quot; ведет вооруженную борьбу против центрального правительства страны и препятствует гуманитарной деятельности ООН.
Армию Сомали поддерживали силы региональной миротворческой миссии Африканского союза AMISOM (African Union Mission in Somalia).
</topic_text>
<spam_score>0.00</spam_score>
<post_num>1</post_num>
<post_id>post-1</post_id>
<post_url>http://ria.ru/world/20160512/1432103170.html</post_url>
<post_date>20160512</post_date>
<post_time>1932</post_time>
<username>ria.ru</username>
<post>
ВАШИНГТОН, 12 мая – РИА Новости. Авиация США нанесла в южных районах Сомали удар по боевикам группировки &quot;Аш-Шабаб&quot;, связанной с &quot;Аль-Каидой&quot; (группировки запрещены в РФ). © AP Photo/ Farah Abdi Warsameh В Сомали ликвидировали не менее 15 боевиков &quot;Аш-Шабаб&quot; в ходе спецоперации
По информации представителя Пентагона Джеффа Дэвиса, которого цитирует агентство Рейтер , в результате удара были уничтожены пять боевиков.
Он пояснил, что операция сил США была связана с поддержкой миротворцев из Уганды, которые вступили в бой с 15-20 боевиками &quot;Аш-Шабаб&quot;.
В Сомали базируется радикальная исламистская группировка &quot;Аш-Шабаб&quot; (&quot;Движение молодых моджахедов&quot;), имеющая тесные связи с международной террористической организацией &quot;Аль-Каида&quot;, которая запрещена в России вместе со своим сомалийским подразделением. &quot;Аш-Шабаб&quot; ведет вооруженную борьбу против центрального правительства страны и препятствует гуманитарной деятельности ООН.
Армию Сомали поддерживали силы региональной миротворческой миссии Африканского союза AMISOM (African Union Mission in Somalia).
</post>
<signature>

</signature>
<external_links>
<external_link>http://ru.reuters.com/</external_link>
</external_links>
<country>RU</country>
<main_image>http://cdn11.img22.ria.ru/images/104882/82/1048828232.jpg</main_image>
</document>
