<?xml version="1.0" encoding="UTF-8"?>
<document>
<type>mainstream</type>
<forum>http://www.sursadestiri.net/cat/rss/divertisment.html</forum>
<forum_title>SursaDeStiri.net - Divertisment</forum_title>
<discussion_title>Adrian Ghenie a vândut încă un tablou. Pentru 2,6 milioane de dolari</discussion_title>
<language>romanian</language>
<gmt_offset></gmt_offset>
<topic_url>http://www.sursadestiri.net/adrian-ghenie-a-vandut-inca-un-tablou-pentru-2-6-milioane-de-dolari-s2755070358.html</topic_url>
<topic_text>
Actualizat acum 1 minut Sursa De Stiri » Divertisment » Divertisment, 12.05.2016 » Adrian Ghenie a vândut încă un tablou. Pentru 2,6 milioane de dolari Adrian Ghenie a vândut încă un tablou. Pentru 2,6 milioane de dolari 12 Mai 2016 Lucrarea ”Self-Portrait as Vincent Van Gogh”, semnată de artistul român Adrian Ghenie, a fost vândută cu 2,6... continuare
</topic_text>
<spam_score>0.00</spam_score>
<post_num>1</post_num>
<post_id>post-1</post_id>
<post_url>http://www.sursadestiri.net/adrian-ghenie-a-vandut-inca-un-tablou-pentru-2-6-milioane-de-dolari-s2755070358.html</post_url>
<post_date>20160511</post_date>
<post_time>2100</post_time>
<username></username>
<post>
Actualizat acum 1 minut Sursa De Stiri » Divertisment » Divertisment, 12.05.2016 » Adrian Ghenie a vândut încă un tablou. Pentru 2,6 milioane de dolari Adrian Ghenie a vândut încă un tablou. Pentru 2,6 milioane de dolari 12 Mai 2016 Lucrarea ”Self-Portrait as Vincent Van Gogh”, semnată de artistul român Adrian Ghenie, a fost vândută cu 2,6... continuare
</post>
<signature>

</signature>
<external_links>

</external_links>
<country>DE</country>
<main_image></main_image>
</document>
