<?xml version="1.0" encoding="UTF-8"?>
<document>
<type>mainstream</type>
<forum>http://www.tdg.ch/suisse/rss.html</forum>
<forum_title>Tribune de Genève Suisse</forum_title>
<discussion_title>Il conduit sans permis depuis quinze ans</discussion_title>
<language>french</language>
<gmt_offset></gmt_offset>
<topic_url>http://www.tdg.ch/suisse/faits-divers/Il-conduit-sans-permis-depuis-quinze-ans/story/21598139</topic_url>
<topic_text>
Il conduit sans permis depuis quinze ans Bâle-Campagne Le conducteur clandestin, âgé de 64 ans, s&apos;est fait prendre lors d&apos;un contrôle routier. L&apos;homme s&apos;était déjà fait pincer en 2010. Image: Archives/Keystone 
Vous voulez communiquer un ou vous avez repéré une erreur ? Orthographe Description de l&apos;erreur* Veuillez SVP entrez une adresse e-mail valide 
L&apos;homme n&apos;a jamais passé son permis et pourtant il prend régulièrement le volant depuis quinze ans. La police de Bâle-Campagne l&apos;a pincé mercredi pour la deuxième fois en flagrant délit. Il a expliqué avoir peur de l&apos;examen de conduite. 
Le conducteur clandestin, âgé de 64 ans, s&apos;est fait prendre lors d&apos;un contrôle routier, indique la police jeudi. Il était connu des services puisqu&apos;il avait déjà été pincé en 2010. 
L&apos;homme a été une nouvelle fois dénoncé. Sa femme risque elle aussi une peine. Elle est la propriétaire du véhicule et se trouvait à bord au moment du contrôle. (ats/nxp) (Créé: 12.05.2016, 16h59) Publicité Publier un nouveau commentaire Nous vous invitons ici à donner votre point de vue, vos informations, vos arguments. Nous vous prions d’utiliser votre nom complet, la discussion est plus authentique ainsi. Vous pouvez vous connecter via Facebook ou créer un compte utilisateur, selon votre choix. Les fausses identités seront bannies. Nous refusons les messages haineux, diffamatoires, racistes ou xénophobes, les menaces, incitations à la violence ou autres injures. Merci de garder un ton respectueux et de penser que de nombreuses personnes vous lisent. La rédaction S&apos;il vous plaît entrer un commentaire. Caractères restants: J&apos;ai lu et j&apos;accepte la Charte des commentaires. Connecté avec Facebook - Abmelden S&apos;il vous plaît entrer une adresse email valide. Veuillez saisir deux fois le même mot de passe Mot de passe* S&apos;il vous plaît entrer un nom valide. S&apos;il vous plaît indiquez le lieu géographique. Ce numéro de téléphone n&apos;est pas valable. S&apos;il vous plaît entrer une adresse email valide. Veuillez saisir deux fois le même mot de passe Mot de passe* S&apos;inscrire Fermer Vous devez lire et accepter la Charte de commentaires avant de poursuivre. Nous sommes heureux que vous voulez nous donner vos commentaires. S&apos;il vous plaît noter les règles suivantes à l&apos;avance: La rédaction se réserve le droit de ne pas publier des commentaires. Ceci s&apos;applique en général, mais surtout pour les propos diffamatoires, racistes, hors de propos, hors-sujet des commentaires, ou ceux en langues étrangères ou dialecte. Commentaires des noms de fantaisie, ou avec des noms manifestement fausses ne sont pas publiés non plus. Plus les décisions de la rédaction n&apos;est ni responsable déposée, ni en dehors de la correspondance. Renseignements téléphoniques ne seront pas fournis. L&apos;éditeur se réserve le droit également à réduire les commentaires des lecteurs. S&apos;il vous plaît noter que votre commentaire aussi sur Google et autres moteurs de recherche peuvent être trouvés et que les éditeurs ne peuvent rien et est de supprimer un commentaire une fois émis dans l&apos;index des moteurs de recherche. auf Facebook publizieren Veuilliez attendre s&apos;il vous plaît Soumettre Commentaire Soumettre Commentaire No connection to facebook possible. Please try again. There was a problem while transmitting your comment. Please try again.
</topic_text>
<spam_score>0.00</spam_score>
<post_num>1</post_num>
<post_id>post-1</post_id>
<post_url>http://www.tdg.ch/suisse/faits-divers/Il-conduit-sans-permis-depuis-quinze-ans/story/21598139</post_url>
<post_date>20160512</post_date>
<post_time>1459</post_time>
<username></username>
<post>
Il conduit sans permis depuis quinze ans Bâle-Campagne Le conducteur clandestin, âgé de 64 ans, s&apos;est fait prendre lors d&apos;un contrôle routier. L&apos;homme s&apos;était déjà fait pincer en 2010. Image: Archives/Keystone 
Vous voulez communiquer un ou vous avez repéré une erreur ? Orthographe Description de l&apos;erreur* Veuillez SVP entrez une adresse e-mail valide 
L&apos;homme n&apos;a jamais passé son permis et pourtant il prend régulièrement le volant depuis quinze ans. La police de Bâle-Campagne l&apos;a pincé mercredi pour la deuxième fois en flagrant délit. Il a expliqué avoir peur de l&apos;examen de conduite. 
Le conducteur clandestin, âgé de 64 ans, s&apos;est fait prendre lors d&apos;un contrôle routier, indique la police jeudi. Il était connu des services puisqu&apos;il avait déjà été pincé en 2010. 
L&apos;homme a été une nouvelle fois dénoncé. Sa femme risque elle aussi une peine. Elle est la propriétaire du véhicule et se trouvait à bord au moment du contrôle. (ats/nxp) (Créé: 12.05.2016, 16h59) Publicité Publier un nouveau commentaire Nous vous invitons ici à donner votre point de vue, vos informations, vos arguments. Nous vous prions d’utiliser votre nom complet, la discussion est plus authentique ainsi. Vous pouvez vous connecter via Facebook ou créer un compte utilisateur, selon votre choix. Les fausses identités seront bannies. Nous refusons les messages haineux, diffamatoires, racistes ou xénophobes, les menaces, incitations à la violence ou autres injures. Merci de garder un ton respectueux et de penser que de nombreuses personnes vous lisent. La rédaction S&apos;il vous plaît entrer un commentaire. Caractères restants: J&apos;ai lu et j&apos;accepte la Charte des commentaires. Connecté avec Facebook - Abmelden S&apos;il vous plaît entrer une adresse email valide. Veuillez saisir deux fois le même mot de passe Mot de passe* S&apos;il vous plaît entrer un nom valide. S&apos;il vous plaît indiquez le lieu géographique. Ce numéro de téléphone n&apos;est pas valable. S&apos;il vous plaît entrer une adresse email valide. Veuillez saisir deux fois le même mot de passe Mot de passe* S&apos;inscrire Fermer Vous devez lire et accepter la Charte de commentaires avant de poursuivre. Nous sommes heureux que vous voulez nous donner vos commentaires. S&apos;il vous plaît noter les règles suivantes à l&apos;avance: La rédaction se réserve le droit de ne pas publier des commentaires. Ceci s&apos;applique en général, mais surtout pour les propos diffamatoires, racistes, hors de propos, hors-sujet des commentaires, ou ceux en langues étrangères ou dialecte. Commentaires des noms de fantaisie, ou avec des noms manifestement fausses ne sont pas publiés non plus. Plus les décisions de la rédaction n&apos;est ni responsable déposée, ni en dehors de la correspondance. Renseignements téléphoniques ne seront pas fournis. L&apos;éditeur se réserve le droit également à réduire les commentaires des lecteurs. S&apos;il vous plaît noter que votre commentaire aussi sur Google et autres moteurs de recherche peuvent être trouvés et que les éditeurs ne peuvent rien et est de supprimer un commentaire une fois émis dans l&apos;index des moteurs de recherche. auf Facebook publizieren Veuilliez attendre s&apos;il vous plaît Soumettre Commentaire Soumettre Commentaire No connection to facebook possible. Please try again. There was a problem while transmitting your comment. Please try again.
</post>
<signature>

</signature>
<external_links>

</external_links>
<country>CH</country>
<main_image>http://files.newsnetz.ch/story/2/1/5/21598139/teaserbreitgross.jpg</main_image>
</document>
