<?xml version="1.0" encoding="UTF-8"?>
<document>
<type>mainstream</type>
<forum>http://www.isitlegalto.com/external.php?s=ce858c41c187e836cbc2e35905ba9bf8&amp;type=RSS2&amp;forumids=65</forum>
<forum_title>Is It Legal To - Legal Forum - Legal News</forum_title>
<discussion_title>Sell CVV Good CC Dumps TRACK 1&amp;2 Buy Real/Fake Passports</discussion_title>
<language>english</language>
<gmt_offset></gmt_offset>
<topic_url>http://www.isitlegalto.com/threads/44498-Sell-CVV-Good-CC-Dumps-TRACK-1-amp-2-Buy-Real-Fake-Passports?p=84010#post84010</topic_url>
<topic_text>
Sell CVV Good CC Dumps TRACK 1&amp;2 Buy Real/Fake Passports Sell CVV Good CC Dumps TRACK 1&amp;2 Buy Real/Fake Passports,Drivers License ICQ:687999077 Contact Info Bellow Sell CVV Good - Dumps TRACK 1&amp;2 - Bank Login - Acc PayPal - WU Transfer - Ship Sell CVV Quality 100% - Dumps With Pin - Transfer Western Union - Paypal Verified Selling cc Cvv Dumps Track 1/2 transfer western union Sell CVV Quality 100%  Dumps With Pin  Transfer Western Union  Paypal Verified Selling cvv cc dumps track 1/2 western union transfer SMTP Mailer - Types Dumps : Visa , Master , Amex , Discoveri Gold - Master Standart , Platinum , Business Card , Cooperation Card - American Express , Debit Card,Gift Cards Sell CVV Good - Dumps TRACK 1&amp;2 - Bank Login - Acc PayPal - WU Transfer - Ship Price list DUMPS + Pin - Tracks 1&amp;2 US = 85$ per 1 - Tracks 1&amp;2 UK = 100$ per 1 - Tracks 1&amp;2 CA / AU = 110$ per 1 - Tracks 1&amp;2 EU = 120$ per 1 Price List WU/Transfer - 200$ = 1500$ (MTCN and sender name + country sender) - 250$ = 4000$ (MTCN and sender name + country sender) - 400$ = 6000$ (MTCN and sender name + country sender) - 500$ = 8000$ (MTCN and sender name + country sender) Then i will do transfer&apos;s for you, After about 30 mins you&apos;ll have MTCN and sender name + country sender ---- List cc and price - Us (Visa,Master) = 4$ per 1 - Us (Amex,Dis) = 6$ per 1 - Us Bin 10$ , US Dob 15$ - Us fullz info = 25$ per 1 - Uk (Visa,Master) = 10$ per 1 - Uk (Amex,Dis) = 12$ per 1 - Uk Bin 15$ , UK Dob 20$ - Uk fullz info = 30$ per 1 - Ca (Visa,Master) = 10$ per 1 - Ca (Amex,Dis) = 12$ per 1 - Ca Bin 15$ , CA Dob 20$ - Ca fullz info = 30$ per 1 - Au (Visa,Master) = 12$ per 1 - Au (Amex,Dis) = 15$ per 1 - Au Bin 17$ , AU Dob 20$ - Au fullz info = 30$ per 1 - Eu (Visa,Master) = 20$ per 1 - Eu (Amex,Dis) = 23$ per 1 - Eu Bin 25$ , AU Dob 30$ - Eu fullz info = 40$ per 1
</topic_text>
<spam_score>0.00</spam_score>
<post_num>1</post_num>
<post_id>post-1</post_id>
<post_url>http://www.isitlegalto.com/threads/44498-Sell-CVV-Good-CC-Dumps-TRACK-1-amp-2-Buy-Real-Fake-Passports?p=84010#post84010</post_url>
<post_date>20160512</post_date>
<post_time>1441</post_time>
<username>marcoslarson26</username>
<post>
Sell CVV Good CC Dumps TRACK 1&amp;2 Buy Real/Fake Passports Sell CVV Good CC Dumps TRACK 1&amp;2 Buy Real/Fake Passports,Drivers License ICQ:687999077 Contact Info Bellow Sell CVV Good - Dumps TRACK 1&amp;2 - Bank Login - Acc PayPal - WU Transfer - Ship Sell CVV Quality 100% - Dumps With Pin - Transfer Western Union - Paypal Verified Selling cc Cvv Dumps Track 1/2 transfer western union Sell CVV Quality 100%  Dumps With Pin  Transfer Western Union  Paypal Verified Selling cvv cc dumps track 1/2 western union transfer SMTP Mailer - Types Dumps : Visa , Master , Amex , Discoveri Gold - Master Standart , Platinum , Business Card , Cooperation Card - American Express , Debit Card,Gift Cards Sell CVV Good - Dumps TRACK 1&amp;2 - Bank Login - Acc PayPal - WU Transfer - Ship Price list DUMPS + Pin - Tracks 1&amp;2 US = 85$ per 1 - Tracks 1&amp;2 UK = 100$ per 1 - Tracks 1&amp;2 CA / AU = 110$ per 1 - Tracks 1&amp;2 EU = 120$ per 1 Price List WU/Transfer - 200$ = 1500$ (MTCN and sender name + country sender) - 250$ = 4000$ (MTCN and sender name + country sender) - 400$ = 6000$ (MTCN and sender name + country sender) - 500$ = 8000$ (MTCN and sender name + country sender) Then i will do transfer&apos;s for you, After about 30 mins you&apos;ll have MTCN and sender name + country sender ---- List cc and price - Us (Visa,Master) = 4$ per 1 - Us (Amex,Dis) = 6$ per 1 - Us Bin 10$ , US Dob 15$ - Us fullz info = 25$ per 1 - Uk (Visa,Master) = 10$ per 1 - Uk (Amex,Dis) = 12$ per 1 - Uk Bin 15$ , UK Dob 20$ - Uk fullz info = 30$ per 1 - Ca (Visa,Master) = 10$ per 1 - Ca (Amex,Dis) = 12$ per 1 - Ca Bin 15$ , CA Dob 20$ - Ca fullz info = 30$ per 1 - Au (Visa,Master) = 12$ per 1 - Au (Amex,Dis) = 15$ per 1 - Au Bin 17$ , AU Dob 20$ - Au fullz info = 30$ per 1 - Eu (Visa,Master) = 20$ per 1 - Eu (Amex,Dis) = 23$ per 1 - Eu Bin 25$ , AU Dob 30$ - Eu fullz info = 40$ per 1
</post>
<signature>

</signature>
<external_links>

</external_links>
<country>US</country>
<main_image></main_image>
</document>
