<?xml version="1.0" encoding="UTF-8"?>
<document>
<type>mainstream</type>
<forum></forum>
<forum_title></forum_title>
<discussion_title>Ten UFOs recorded in the skies over New Zealand in the past six years - Sebits</discussion_title>
<language>english</language>
<gmt_offset></gmt_offset>
<topic_url>http://sebits.com/ten-ufos-recorded-in-the-skies-over-new-zealand-in-the-past-six-years/</topic_url>
<topic_text>
Home » News » Ten UFOs recorded in the skies over New Zealand in the past six years Ten UFOs recorded in the skies over New Zealand in the past six years Authorities have recorded 10 UFO sightings in the skies above New Zealand over the past six years. A list of unusual occurrences released to the New Zealand Herald contains sightings of unidentified objects and mysterious lights – but no aliens or flying sauces. Among witness accounts are an ‘unidentified red and orange light’ over Christchurch in 2015; moving lights in the Bay of Plenty and Hamilton, in the North Island, in 2013; and a star shaped object seen by a pilot within 400 to 500 of his plane’s wingtip. Scroll down for video An Australian film crew working in New Zealand in 2014 inadvertently recorded two objects in the sky The reports, which were recorded by New Zealand’s Civil Aviation Authority (CAA), do not include a number of more recent sightings, the New Zealand Herald reported. Suzanne Hansen, of the Ufocus NZ Research Network, told the newspaper that not everyone reported UFOs as there was ‘still some resistance to the idea’. One incident that was not recorded by the CAA was a report from an Australian film crew working in New Zealand in 2014. The crew, who were filming Colour in Your Life, inadvertently recorded two strange objects in the sky. They only noticed the objects while editing. After slowing down the video and watching it frame by frame, the two shapes can be seen emerging from the trees, moving up into the sky and then disappearing. All this managed to take place before a motorcyclist, also in the shot’s background, rode cross the bridge they… 
</topic_text>
<spam_score>0.00</spam_score>
<post_num>1</post_num>
<post_id>post-1</post_id>
<post_url>http://sebits.com/ten-ufos-recorded-in-the-skies-over-new-zealand-in-the-past-six-years/</post_url>
<post_date>20160512</post_date>
<post_time></post_time>
<username></username>
<post>
Home » News » Ten UFOs recorded in the skies over New Zealand in the past six years Ten UFOs recorded in the skies over New Zealand in the past six years Authorities have recorded 10 UFO sightings in the skies above New Zealand over the past six years. A list of unusual occurrences released to the New Zealand Herald contains sightings of unidentified objects and mysterious lights – but no aliens or flying sauces. Among witness accounts are an ‘unidentified red and orange light’ over Christchurch in 2015; moving lights in the Bay of Plenty and Hamilton, in the North Island, in 2013; and a star shaped object seen by a pilot within 400 to 500 of his plane’s wingtip. Scroll down for video An Australian film crew working in New Zealand in 2014 inadvertently recorded two objects in the sky The reports, which were recorded by New Zealand’s Civil Aviation Authority (CAA), do not include a number of more recent sightings, the New Zealand Herald reported. Suzanne Hansen, of the Ufocus NZ Research Network, told the newspaper that not everyone reported UFOs as there was ‘still some resistance to the idea’. One incident that was not recorded by the CAA was a report from an Australian film crew working in New Zealand in 2014. The crew, who were filming Colour in Your Life, inadvertently recorded two strange objects in the sky. They only noticed the objects while editing. After slowing down the video and watching it frame by frame, the two shapes can be seen emerging from the trees, moving up into the sky and then disappearing. All this managed to take place before a motorcyclist, also in the shot’s background, rode cross the bridge they… 
</post>
<signature>

</signature>
<external_links>

</external_links>
<country>US</country>
<main_image>http://i.dailymail.co.uk/i/pix/2016/05/11/14/340A651B00000578-0-image-a-40_1462972297445.jpg</main_image>
</document>
