<?xml version="1.0" encoding="UTF-8"?>
<document>
<type>mainstream</type>
<forum>http://www.kurzy.cz/zpravy/util/forext.dat?type=rss&amp;col=wzpBydlet</forum>
<forum_title>Bydlet.cz</forum_title>
<discussion_title>Fotbal a hokej, letošní sportovní události si můžeme osladit</discussion_title>
<language>czech</language>
<gmt_offset></gmt_offset>
<topic_url>http://www.bydlet.cz/399698-fotbal-a-hokej-letosni-sportovni-udalosti-si-muzeme-osladit/</topic_url>
<topic_text>
Fotbal a hokej, letošní sportovní události si můžeme osladit Fotbal a hokej, letošní sportovní události si můžeme osladit Jana Brožková (Bydlet.cz), 12.05.2016 
Tak a je to zase tady – největší sportovní svátky se blíží! Květen bude ve znamení Mistrovství světa v hokeji, červen pak bude patřit Mistrovství Evropy ve fotbale. Češi hokejem i fotbalem žijí, každý však fandí jiným způsobem. Někteří se schází s přáteli v restauračních zařízeních, jiní se zase vtělí do trenéra české reprezentace úřadujícího přímo z obývacího pokoje. Co nás ale všechny spojuje, je pochutnávat si u sledování utkání na něčem dobrém. Fanděte a připravte si podle jednoduchého receptu sladkou a stylovou dobrotu: 
Fotbalový cheesecake 
· 600 g krémového sýru (žervé, mascarpone) 
· 5 žloutků 
· 100 g Hera máslová příchuť 
· 200 g krystalového cukru 
· 300 g jahod 
Postup: 1. Ve velké míse utřete žloutky s moučkovým cukrem, směs smíchejte s měkkým rostlinným tukem Hera máslová příchuť. Namočte želatinu v 1/3 šálku studené převařené vody a nechte nabobtnat. 2. Rozpusťte barevné želé v 1/3 vody, postupujte podle informací vyznačených na obalu. Z poloviny jahod připravte jahodové pyré a promíchejte s želé. Zbytek jahod nechte na ozdobu. 3. Nabobtnalou želatinu přijdete do horkého citronového želé a míchejte až do rozpuštění. Poté přidejte vejce, sýr a důkladně celou směr promíchejte. 4. Připravte si silikonovou formu ve tvaru fotbalového míče a vytřete ji olejem. Do takto připravené formy nalijte sýrovou směs a dejte do chladničky či mrazničky zatuhnout. 6. Když hmota začne tuhnout potřete ji želé s jahodami. Opět ji vložte do lednice, tentokrát na několik hodin. Ztuhlý dort vyjměte z lednice, připravte si talíř a dort na něj překlopte, odstraňte formu a dozdobte zbylými jahodami. Názory na článek Fotbal a hokej, letošní sportovní události si můžeme osladit  
</topic_text>
<spam_score>0.00</spam_score>
<post_num>1</post_num>
<post_id>post-1</post_id>
<post_url>http://www.bydlet.cz/399698-fotbal-a-hokej-letosni-sportovni-udalosti-si-muzeme-osladit/</post_url>
<post_date>20160512</post_date>
<post_time>1532</post_time>
<username></username>
<post>
Fotbal a hokej, letošní sportovní události si můžeme osladit Fotbal a hokej, letošní sportovní události si můžeme osladit Jana Brožková (Bydlet.cz), 12.05.2016 
Tak a je to zase tady – největší sportovní svátky se blíží! Květen bude ve znamení Mistrovství světa v hokeji, červen pak bude patřit Mistrovství Evropy ve fotbale. Češi hokejem i fotbalem žijí, každý však fandí jiným způsobem. Někteří se schází s přáteli v restauračních zařízeních, jiní se zase vtělí do trenéra české reprezentace úřadujícího přímo z obývacího pokoje. Co nás ale všechny spojuje, je pochutnávat si u sledování utkání na něčem dobrém. Fanděte a připravte si podle jednoduchého receptu sladkou a stylovou dobrotu: 
Fotbalový cheesecake 
· 600 g krémového sýru (žervé, mascarpone) 
· 5 žloutků 
· 100 g Hera máslová příchuť 
· 200 g krystalového cukru 
· 300 g jahod 
Postup: 1. Ve velké míse utřete žloutky s moučkovým cukrem, směs smíchejte s měkkým rostlinným tukem Hera máslová příchuť. Namočte želatinu v 1/3 šálku studené převařené vody a nechte nabobtnat. 2. Rozpusťte barevné želé v 1/3 vody, postupujte podle informací vyznačených na obalu. Z poloviny jahod připravte jahodové pyré a promíchejte s želé. Zbytek jahod nechte na ozdobu. 3. Nabobtnalou želatinu přijdete do horkého citronového želé a míchejte až do rozpuštění. Poté přidejte vejce, sýr a důkladně celou směr promíchejte. 4. Připravte si silikonovou formu ve tvaru fotbalového míče a vytřete ji olejem. Do takto připravené formy nalijte sýrovou směs a dejte do chladničky či mrazničky zatuhnout. 6. Když hmota začne tuhnout potřete ji želé s jahodami. Opět ji vložte do lednice, tentokrát na několik hodin. Ztuhlý dort vyjměte z lednice, připravte si talíř a dort na něj překlopte, odstraňte formu a dozdobte zbylými jahodami. Názory na článek Fotbal a hokej, letošní sportovní události si můžeme osladit  
</post>
<signature>

</signature>
<external_links>

</external_links>
<country>CZ</country>
<main_image></main_image>
</document>
