<?xml version="1.0" encoding="UTF-8"?>
<document>
<type>mainstream</type>
<forum></forum>
<forum_title></forum_title>
<discussion_title>Кличко так не делал: украинский боксер шокировал американцев, придя на пресс-конференцию в вышиванке | alpol</discussion_title>
<language>russian</language>
<gmt_offset></gmt_offset>
<topic_url>http://alpol.ru/ukraina/klichko-tak-ne-delal-ukrainskiy-bokser</topic_url>
<topic_text>

Украинский боксер Виктор Постол пришел в вышиванке на пресс-конференцию, которая была посвящена бою с американцем Теренсом Кроуфордом. 
Об этом сообщает издание Depo.Сектор. 
Чемпион мира по версии WBC в первом полусреднем весе Виктор Постол встретится с чемпионом мира по версии WBO американцем Теренсом Кроуфордом. Состязание состоится 23-го июля в Лас-Вегасе. 
Постол уверен в своей победе. 
«Я уверен, что объединю чемпионские пояса WBC и WBO 23 июля. Это будет зрелищный бой», – сказал Постол. 
Противник с ним не согласен. 
«Все говорят, что это будет бой с равными шансами на победу. Но я выйду в ринг, чтобы уничтожить этого парня!», – возразил Кроуфорд. 
</topic_text>
<spam_score>0.00</spam_score>
<post_num>1</post_num>
<post_id>post-1</post_id>
<post_url>http://alpol.ru/ukraina/klichko-tak-ne-delal-ukrainskiy-bokser</post_url>
<post_date>20160512</post_date>
<post_time></post_time>
<username></username>
<post>

Украинский боксер Виктор Постол пришел в вышиванке на пресс-конференцию, которая была посвящена бою с американцем Теренсом Кроуфордом. 
Об этом сообщает издание Depo.Сектор. 
Чемпион мира по версии WBC в первом полусреднем весе Виктор Постол встретится с чемпионом мира по версии WBO американцем Теренсом Кроуфордом. Состязание состоится 23-го июля в Лас-Вегасе. 
Постол уверен в своей победе. 
«Я уверен, что объединю чемпионские пояса WBC и WBO 23 июля. Это будет зрелищный бой», – сказал Постол. 
Противник с ним не согласен. 
«Все говорят, что это будет бой с равными шансами на победу. Но я выйду в ринг, чтобы уничтожить этого парня!», – возразил Кроуфорд. 
</post>
<signature>

</signature>
<external_links>

</external_links>
<country>RU</country>
<main_image>http://alpol.ru/wp-content/uploads/2016/04/alpollogo121.jpg</main_image>
</document>
