<?xml version="1.0" encoding="UTF-8"?>
<document>
<type>mainstream</type>
<forum>http://rss.upi.com/news/news.rss</forum>
<forum_title>Latest News - UPI.com</forum_title>
<discussion_title>FBI&apos;s Comey: Islamic State&apos;s U.S. recruitment down; encryption troubles</discussion_title>
<language>english</language>
<gmt_offset></gmt_offset>
<topic_url>http://www.upi.com/Top_News/US/2016/05/12/FBIs-Comey-Islamic-States-US-recruitment-down-encryption-troubles/4881463051121/</topic_url>
<topic_text>
Comments | License Photo 
WASHINGTON, May 12 (UPI) -- FBI Director James Comey on Wednesday said that while the Islamic State is recruiting fewer Americans, messaging encryption technology is strengthening the militant group&apos;s efforts. 
Comey told reporters that since August, one American a month has traveled or attempted to travel to the Middle East to join the Islamic State -- a decrease from about six to 10 a month in the previous year and a half. 
&quot;The brand has lost significant power in the U.S.,&quot; Comey said. &quot;There&apos;s no doubt that something has happened that is lasting, in terms of the attractiveness of the nightmare which is the Islamic State to people from the United States.&quot; 
Comey did not attribute the decline of American recruits to a specific cause, though the FBI intensified efforts within the past year to identify and intercept Americans who may have intent to join the Islamic State in Syria or Iraq. 
&quot;There&apos;s still a presence online, and troubled people are still turning to this and at least being interested in it,&quot; Comey said. &quot;But they&apos;ve lost their ability to attract people to their caliphate from the United States in a material way.&quot; 
The use of encryption technology, including through the WhatsApp messaging service, is complicating law enforcement&apos;s efforts to protect national security, Comey said -- calling the technology a &quot;huge feature of terrorist tradecraft.&quot; 
WhatsApp, the world&apos;s most popular messaging application, in April began end-to-end encryption features -- meaning only senders and receivers of message are able to read a message&apos;s content. 
&quot;WhatsApp has over a billion customers -- overwhelmingly good people but in that billion customers are terrorists and criminals,&quot; Comey said. 
Tech leaders argue stronger encryption is needed to protect their customers from threats posed by cybercriminals and hackers.
</topic_text>
<spam_score>0.00</spam_score>
<post_num>1</post_num>
<post_id>post-1</post_id>
<post_url>http://www.upi.com/Top_News/US/2016/05/12/FBIs-Comey-Islamic-States-US-recruitment-down-encryption-troubles/4881463051121/</post_url>
<post_date>20160512</post_date>
<post_time>1216</post_time>
<username></username>
<post>
Comments | License Photo 
WASHINGTON, May 12 (UPI) -- FBI Director James Comey on Wednesday said that while the Islamic State is recruiting fewer Americans, messaging encryption technology is strengthening the militant group&apos;s efforts. 
Comey told reporters that since August, one American a month has traveled or attempted to travel to the Middle East to join the Islamic State -- a decrease from about six to 10 a month in the previous year and a half. 
&quot;The brand has lost significant power in the U.S.,&quot; Comey said. &quot;There&apos;s no doubt that something has happened that is lasting, in terms of the attractiveness of the nightmare which is the Islamic State to people from the United States.&quot; 
Comey did not attribute the decline of American recruits to a specific cause, though the FBI intensified efforts within the past year to identify and intercept Americans who may have intent to join the Islamic State in Syria or Iraq. 
&quot;There&apos;s still a presence online, and troubled people are still turning to this and at least being interested in it,&quot; Comey said. &quot;But they&apos;ve lost their ability to attract people to their caliphate from the United States in a material way.&quot; 
The use of encryption technology, including through the WhatsApp messaging service, is complicating law enforcement&apos;s efforts to protect national security, Comey said -- calling the technology a &quot;huge feature of terrorist tradecraft.&quot; 
WhatsApp, the world&apos;s most popular messaging application, in April began end-to-end encryption features -- meaning only senders and receivers of message are able to read a message&apos;s content. 
&quot;WhatsApp has over a billion customers -- overwhelmingly good people but in that billion customers are terrorists and criminals,&quot; Comey said. 
Tech leaders argue stronger encryption is needed to protect their customers from threats posed by cybercriminals and hackers.
</post>
<signature>

</signature>
<external_links>

</external_links>
<country>US</country>
<main_image>http://cdnph.upi.com/sv/ph/og/upi/4881463051121/2016/1/ec5f58f6a7fabf61b8a980499eafe98c/v2.1/FBIs-Comey-Islamic-States-US-recruitment-down-encryption-troubles.jpg</main_image>
</document>
