<?xml version="1.0" encoding="UTF-8"?>
<document>
<type>mainstream</type>
<forum>http://feeds.feedburner.com/Newsok/home</forum>
<forum_title>NewsOK.com RSS - home</forum_title>
<discussion_title>Poll: Gov. Mary Fallin among least popular governors in U.S.</discussion_title>
<language>english</language>
<gmt_offset></gmt_offset>
<topic_url>http://newsok.com/poll-gov.-mary-fallin-among-least-popular-governors-in-u.s./article/5497694</topic_url>
<topic_text>
Updated: 7 seconds ago 0 shares Gov. Mary Fallin speaks to lawmakers during the Oklahoma Legislature&apos;s 2016 State-of-the-State Address by Gov. Mary Fallin in the chamber of the House of Representatives at the Oklahoma state capitol on Monday, Feb. 1, 2016, in Oklahoma City, Okla. [Photo by Jim Beckel, The Oklahoman] - See this story on morningconsult.com 
Gov. Mary Fallin was among the least popular governors in the United States, a recent Morning Consult poll showed. 
The Morning Consult survey included more than 66,000 voters in all 50 states, taken from January until early May. 
Almost half of voters polled — 47 percent — disapproved of Fallin, placing her among the 10 least approved governors. 
The poll comes at a time when Oklahoma faces a $1.3 billion budget shortfall , and state agencies have seen repeated budget cuts, affecting thousands of Oklahoma children and vulnerable adults . 
Meanwhile, Republicans took eight of the spots on the list of 10 most popular governors, Morning Consult reported. Massachusetts Gov. Charlie Baker was America&apos;s most popular governor, and he was followed closely by fellow Republican Larry Hogan of Maryland. Delaware&apos;s Jack Markell was the country&apos;s most popular Democratic governor. NewsOK highlights articles of interest from selected websites to increase the scope of commentary and coverage available to readers. Readers are linked back to the source of the content.
</topic_text>
<spam_score>0.00</spam_score>
<post_num>1</post_num>
<post_id>post-1</post_id>
<post_url>http://newsok.com/poll-gov.-mary-fallin-among-least-popular-governors-in-u.s./article/5497694</post_url>
<post_date>20160512</post_date>
<post_time>1607</post_time>
<username></username>
<post>
Updated: 7 seconds ago 0 shares Gov. Mary Fallin speaks to lawmakers during the Oklahoma Legislature&apos;s 2016 State-of-the-State Address by Gov. Mary Fallin in the chamber of the House of Representatives at the Oklahoma state capitol on Monday, Feb. 1, 2016, in Oklahoma City, Okla. [Photo by Jim Beckel, The Oklahoman] - See this story on morningconsult.com 
Gov. Mary Fallin was among the least popular governors in the United States, a recent Morning Consult poll showed. 
The Morning Consult survey included more than 66,000 voters in all 50 states, taken from January until early May. 
Almost half of voters polled — 47 percent — disapproved of Fallin, placing her among the 10 least approved governors. 
The poll comes at a time when Oklahoma faces a $1.3 billion budget shortfall , and state agencies have seen repeated budget cuts, affecting thousands of Oklahoma children and vulnerable adults . 
Meanwhile, Republicans took eight of the spots on the list of 10 most popular governors, Morning Consult reported. Massachusetts Gov. Charlie Baker was America&apos;s most popular governor, and he was followed closely by fellow Republican Larry Hogan of Maryland. Delaware&apos;s Jack Markell was the country&apos;s most popular Democratic governor. NewsOK highlights articles of interest from selected websites to increase the scope of commentary and coverage available to readers. Readers are linked back to the source of the content.
</post>
<signature>

</signature>
<external_links>

</external_links>
<country>US</country>
<main_image>http://cdn2.newsok.biz/cache/r960-n_e8545734cd5f09069fdfa4fe5803d595.jpg</main_image>
</document>
