<?xml version="1.0" encoding="UTF-8"?>
<document>
<type>mainstream</type>
<forum>http://gyao.yahoo.co.jp/rss/newly/anime/</forum>
<forum_title>GYAO! - アニメ新着映像情報</forum_title>
<discussion_title>BLACK LAGOON / BLACK LAGOON The Second Barrage[B-ch] ...</discussion_title>
<language>japanese</language>
<gmt_offset></gmt_offset>
<topic_url>http://gyao.yahoo.co.jp/player/00066/v12763/v1000000000000017484/</topic_url>
<topic_text>
ジェーンと偽札の原版の回収を依頼されたシェンホアらロアナプラの仕事師たち。ジェーンの泊まるモーテルに踏み込んだ彼らは、ジェーンをとり逃してしまう。ジェーンを金づるとにらんだエダが援助を断った彼女の気を変えるために流した情報に騙されたためだった。ジェーンを確保してラグーン号に向かうレヴィたちだが……。 ■キャスト・スタッフ レヴィ：豊口めぐみ ロック：浪川大輔 ダッチ：磯部 勉 ベニー：平田広明 バラライカ：小山茉美 張：森川智之 ヘンゼル：南 央美 グレーテル：金田朋子原作：広江礼威 掲載：「月刊サンデーGX」 発行：小学館 監督・シリーズ構成・脚本：片渕須直 キャラクターデザイン・総作画監督：筱 雅律 プロップ・メカニック設定：木村雅広 助監督：川村賢一 美術監督：金子英俊 色彩設定：角本百合子 編集：木村佳史子 音響監督：本田保則 音楽：EDISON アニメーション制作：マッドハウス 製作：BLACK LAGOON 製作委員会 (C)広江礼威・小学館/BLACK LAGOON製作委員会
</topic_text>
<spam_score>0.00</spam_score>
<post_num>1</post_num>
<post_id>post-1</post_id>
<post_url>http://gyao.yahoo.co.jp/player/00066/v12763/v1000000000000017484/</post_url>
<post_date>20160513</post_date>
<post_time>0300</post_time>
<username></username>
<post>
ジェーンと偽札の原版の回収を依頼されたシェンホアらロアナプラの仕事師たち。ジェーンの泊まるモーテルに踏み込んだ彼らは、ジェーンをとり逃してしまう。ジェーンを金づるとにらんだエダが援助を断った彼女の気を変えるために流した情報に騙されたためだった。ジェーンを確保してラグーン号に向かうレヴィたちだが……。 ■キャスト・スタッフ レヴィ：豊口めぐみ ロック：浪川大輔 ダッチ：磯部 勉 ベニー：平田広明 バラライカ：小山茉美 張：森川智之 ヘンゼル：南 央美 グレーテル：金田朋子原作：広江礼威 掲載：「月刊サンデーGX」 発行：小学館 監督・シリーズ構成・脚本：片渕須直 キャラクターデザイン・総作画監督：筱 雅律 プロップ・メカニック設定：木村雅広 助監督：川村賢一 美術監督：金子英俊 色彩設定：角本百合子 編集：木村佳史子 音響監督：本田保則 音楽：EDISON アニメーション制作：マッドハウス 製作：BLACK LAGOON 製作委員会 (C)広江礼威・小学館/BLACK LAGOON製作委員会
</post>
<signature>

</signature>
<external_links>

</external_links>
<country>JP</country>
<main_image>http://i.yimg.jp/images/gyao/common/images/gyaologo_s_ogp.png</main_image>
</document>
