<?xml version="1.0" encoding="UTF-8"?>
<document>
<type>mainstream</type>
<forum>http://www.fox8live.com/category/13533/international-news?clienttype=rss</forum>
<forum_title>FOX 8 News WVUE-TV - International - Headline</forum_title>
<discussion_title>US missile defense site opens in Romania, Russia sees threat</discussion_title>
<language>english</language>
<gmt_offset></gmt_offset>
<topic_url>http://www.fox8live.com/story/31954501/us-missile-defense-site-opens-in-romania-russia-sees-threat</topic_url>
<topic_text>
US missile defense site opens in Romania, Russia sees threat 2016-05-12T09:33:38Z 2016-05-12T10:52:39Z (AP Photo/Vadim Ghirda, File). FILE- In this Tuesday, June 7, 2011 file photo, a US Navy officer of the USS Monterey walks to the weapons command deck of the USS Monterey, as screens display the Black Sea region, in the Black Sea port of Constanta, Rom... (AP Photo/Vadim Ghirda, File). FILE- In this Wednesday, June 8, 2011 file photo, the US Air Force Thunderbirds F16 demonstration squadron performs in Mihail Kogalniceanu, eastern Romania. A U.S. missile defense system aimed at protecting Europe from ba... (AP Photo/Vadim Ghirda, File). FILE- In this Tuesday, June 7, 2011 file photo, US Navy 1st Class Petty Officer Jerry Bolton, of Lesley, Michigan, reads a book on the weapons control deck of the USS Monterey, in the Black Sea port of Constanta, Romania.... (AP Photo/Vadim Ghirda, File). FILE- In this Tuesday, May 3, 2011 file photo, a Romanian officer salutes during while national anthems are played as an employee of the US embassy holds an umbrella at the Deveselu Air Base, southern Romania. A U.S. miss... By ALISON MUTLERAssociated Press 
DEVESELU, Romania (AP) - A U.S missile defense site in Romania aimed at protecting Europe from ballistic missile threats became operational Thursday, angering Russia, which opposes having the advanced military system in its former area of influence. 
NATO Secretary General Jens Stoltenberg tried to reassure Russia as he spoke at a ceremony attended by U.S., NATO and Romanian officials at the Soviet-built base, located 180 kilometers (110 miles) southwest of Bucharest. 
The NATO missile defense site &quot;in no way undermines or weakens Russia&apos;s strategic nuclear deterrent. This site in Romania, as well as the one in Poland, are not directed against Russia,&quot; Stoltenberg said at the opening ceremony. &quot;The interceptors are too few, and located too far south or too close to Russia, to be able to intercept Russian intercontinental ballistic missiles.&quot; 
Stoltenberg said the interceptors were designed &quot;instead to tackle the potential threat posed by short and medium- range attacks from outside the Euro-Atlantic area.&quot; 
U.S. officials say the Romanian missile shield, which cost $800 million, is intended to fend off missile threats from Iran and is not aimed at Russia. 
Stoltenberg noted that Moscow had unilaterally terminated cooperative dialogue about missile defense in 2013. He said, however, the alliance would continue to try and engage Russia in dialogue where possible. 
&quot;In times of tension, keeping channels of communication open is even more important,&quot; he said. 
Russian President Vladimir Putin&apos;s spokesman, Dmitry Peskov, said Moscow was already taking measures for &quot;securing the necessary level of security in Russia.&quot; 
Admiral Vladimir Komoyedov, chairman of the State Duma&apos;s defense committee, called the missile defense site a threat to Russia. 
&quot;This is a direct threat to us,&quot; Komoyedov, the former commander of the Russian Black Sea Fleet, told the Interfax news agency. &quot;They are moving to the firing line. This is not just 100; it&apos;s 200, 300, 1,000 percent aimed against us.&quot; 
&quot;This is not about Iran, but about Russia with its nuclear capabilities,&quot; he said. 
President Klaus Iohannis said Romania wanted NATO to have a &quot;permanent naval presence&quot; in the Black Sea that respected international conventions, and called for increased security for NATO members in the south and east, which border Russia and the Middle East. 
&quot;It is important that a credible and predictable presence can be assured of the allied forces on the eastern flank, to balance the northern dimension with the southern and eastern flank,&quot; Iohannis said after meeting Stoltenberg on Thursday in the Romanian capital of Bucharest. 
On Friday, Polish and U.S. officials will take shovels in hand to break ground at a planned missile defense site in the Polish village of Redzikowo, near the Baltic Sea. 
___ 
Nataliya Vasilyeva and Lynn Berry in Moscow contributed to this report Copyright 2016 The Associated Press. All rights reserved. This material may not be published, broadcast, rewritten or redistributed.
</topic_text>
<spam_score>0.00</spam_score>
<post_num>1</post_num>
<post_id>post-1</post_id>
<post_url>http://www.fox8live.com/story/31954501/us-missile-defense-site-opens-in-romania-russia-sees-threat</post_url>
<post_date>20160512</post_date>
<post_time>1052</post_time>
<username></username>
<post>
US missile defense site opens in Romania, Russia sees threat 2016-05-12T09:33:38Z 2016-05-12T10:52:39Z (AP Photo/Vadim Ghirda, File). FILE- In this Tuesday, June 7, 2011 file photo, a US Navy officer of the USS Monterey walks to the weapons command deck of the USS Monterey, as screens display the Black Sea region, in the Black Sea port of Constanta, Rom... (AP Photo/Vadim Ghirda, File). FILE- In this Wednesday, June 8, 2011 file photo, the US Air Force Thunderbirds F16 demonstration squadron performs in Mihail Kogalniceanu, eastern Romania. A U.S. missile defense system aimed at protecting Europe from ba... (AP Photo/Vadim Ghirda, File). FILE- In this Tuesday, June 7, 2011 file photo, US Navy 1st Class Petty Officer Jerry Bolton, of Lesley, Michigan, reads a book on the weapons control deck of the USS Monterey, in the Black Sea port of Constanta, Romania.... (AP Photo/Vadim Ghirda, File). FILE- In this Tuesday, May 3, 2011 file photo, a Romanian officer salutes during while national anthems are played as an employee of the US embassy holds an umbrella at the Deveselu Air Base, southern Romania. A U.S. miss... By ALISON MUTLERAssociated Press 
DEVESELU, Romania (AP) - A U.S missile defense site in Romania aimed at protecting Europe from ballistic missile threats became operational Thursday, angering Russia, which opposes having the advanced military system in its former area of influence. 
NATO Secretary General Jens Stoltenberg tried to reassure Russia as he spoke at a ceremony attended by U.S., NATO and Romanian officials at the Soviet-built base, located 180 kilometers (110 miles) southwest of Bucharest. 
The NATO missile defense site &quot;in no way undermines or weakens Russia&apos;s strategic nuclear deterrent. This site in Romania, as well as the one in Poland, are not directed against Russia,&quot; Stoltenberg said at the opening ceremony. &quot;The interceptors are too few, and located too far south or too close to Russia, to be able to intercept Russian intercontinental ballistic missiles.&quot; 
Stoltenberg said the interceptors were designed &quot;instead to tackle the potential threat posed by short and medium- range attacks from outside the Euro-Atlantic area.&quot; 
U.S. officials say the Romanian missile shield, which cost $800 million, is intended to fend off missile threats from Iran and is not aimed at Russia. 
Stoltenberg noted that Moscow had unilaterally terminated cooperative dialogue about missile defense in 2013. He said, however, the alliance would continue to try and engage Russia in dialogue where possible. 
&quot;In times of tension, keeping channels of communication open is even more important,&quot; he said. 
Russian President Vladimir Putin&apos;s spokesman, Dmitry Peskov, said Moscow was already taking measures for &quot;securing the necessary level of security in Russia.&quot; 
Admiral Vladimir Komoyedov, chairman of the State Duma&apos;s defense committee, called the missile defense site a threat to Russia. 
&quot;This is a direct threat to us,&quot; Komoyedov, the former commander of the Russian Black Sea Fleet, told the Interfax news agency. &quot;They are moving to the firing line. This is not just 100; it&apos;s 200, 300, 1,000 percent aimed against us.&quot; 
&quot;This is not about Iran, but about Russia with its nuclear capabilities,&quot; he said. 
President Klaus Iohannis said Romania wanted NATO to have a &quot;permanent naval presence&quot; in the Black Sea that respected international conventions, and called for increased security for NATO members in the south and east, which border Russia and the Middle East. 
&quot;It is important that a credible and predictable presence can be assured of the allied forces on the eastern flank, to balance the northern dimension with the southern and eastern flank,&quot; Iohannis said after meeting Stoltenberg on Thursday in the Romanian capital of Bucharest. 
On Friday, Polish and U.S. officials will take shovels in hand to break ground at a planned missile defense site in the Polish village of Redzikowo, near the Baltic Sea. 
___ 
Nataliya Vasilyeva and Lynn Berry in Moscow contributed to this report Copyright 2016 The Associated Press. All rights reserved. This material may not be published, broadcast, rewritten or redistributed.
</post>
<signature>

</signature>
<external_links>

</external_links>
<country>US</country>
<main_image>http://images.worldnow.com/AP/images/10538697_G.jpg</main_image>
</document>
