<?xml version="1.0" encoding="UTF-8"?>
<document>
<type>mainstream</type>
<forum>http://www.ajc.com/feeds/categories/business/</forum>
<forum_title>News | Business</forum_title>
<discussion_title>France&apos;s government faces survival vote over labor reform</discussion_title>
<language>english</language>
<gmt_offset></gmt_offset>
<topic_url>http://www.ajc.com/photo/ap/top-news/frances-government-faces-survival-vote-over-labor-/pC9tGg/</topic_url>
<topic_text>
SUBSCRIBE FOLLOW US © 2016 Cox Media Group . By using this website, you accept the terms of our Visitor Agreement and Privacy Policy , and understand your options regarding Ad Choices . Learn about careers at Cox Media Group . France&apos;s government faces survival vote over labor reform Demonstrators hold a banner reading &quot; We Are All Troublemakers&quot; during a protest against Labor Law as the Socialist government decided to force the bill through Parliament without a vote, in Paris, Thursday, May 12, 2016. France&apos;s government is facing a major test as lawmakers hold a no-confidence vote, prompted by a deeply divisive labor law allowing longer workdays and easier layoffs.(AP Photo/Christophe Ena) Most Read 
Need a Profile? Register Now. {* #userInformationForm *} Forgot your password? {* traditionalSignIn_password *} {* traditionalSignIn_signInButton *} {* /userInformationForm *} Sign in using your existing account {* loginWidget *} 
Need a Profile? Register Now. {* #userInformationForm *} Forgot your password? {* traditionalSignIn_password *} {* traditionalSignIn_signInButton *} {* /userInformationForm *} Sign in using your existing account {* loginWidget *} 
Need a Profile? Register Now. {* #userInformationForm *} Forgot your password? {* traditionalSignIn_password *} {* traditionalSignIn_signInButton *} {* /userInformationForm *} Sign in using your existing account {* loginWidget *} Please confirm the information below before signing in. *Required By submitting your registration information, you agree to our Visitor Agreement and Privacy Policy . {* socialRegistration_signInButton *} {* /socialRegistrationForm *} {* #registrationForm *} {* traditionalRegistration_emailAddress *} {* traditionalRegistration_password *} {* traditionalRegistration_passwordConfirm *} {* traditionalRegistration_displayName *} By submitting your registration information, you agree to our Visitor Agreement and Privacy Policy . {* createAccountButton *} {* /registrationForm *} {* #registrationFormBlank *} {* traditionalRegistration_emailAddressBlank *} {* traditionalRegistration_passwordBlank *} {* traditionalRegistration_passwordConfirmBlank *} {* traditionalRegistration_displayName *} By submitting your registration information, you agree to our Visitor Agreement and Privacy Policy . {* createAccountButton *} {* /registrationForm *} Just One More Thing... 
We have sent you a verification email. Please check your email and click on the link to activate your profile. 
If you do not receive the verification message within a few minutes of signing up, please check your Spam or Junk folder. Close Thank you for registering! 
We look forward to seeing you on [website] frequently. Visit us and sign in to update your profile, receive the latest news and keep up to date with mobile alerts. 
Click here to return to the page you were visiting. Create a new password 
Don&apos;t worry, it happens. We&apos;ll send you a link to create a new password. {* #forgotPasswordForm *} {* forgotPassword_emailAddress *} {* forgotPassword_sendButton *} {* /forgotPasswordForm *}
</topic_text>
<spam_score>0.00</spam_score>
<post_num>1</post_num>
<post_id>post-1</post_id>
<post_url>http://www.ajc.com/photo/ap/top-news/frances-government-faces-survival-vote-over-labor-/pC9tGg/</post_url>
<post_date>20160512</post_date>
<post_time>1425</post_time>
<username></username>
<post>
SUBSCRIBE FOLLOW US © 2016 Cox Media Group . By using this website, you accept the terms of our Visitor Agreement and Privacy Policy , and understand your options regarding Ad Choices . Learn about careers at Cox Media Group . France&apos;s government faces survival vote over labor reform Demonstrators hold a banner reading &quot; We Are All Troublemakers&quot; during a protest against Labor Law as the Socialist government decided to force the bill through Parliament without a vote, in Paris, Thursday, May 12, 2016. France&apos;s government is facing a major test as lawmakers hold a no-confidence vote, prompted by a deeply divisive labor law allowing longer workdays and easier layoffs.(AP Photo/Christophe Ena) Most Read 
Need a Profile? Register Now. {* #userInformationForm *} Forgot your password? {* traditionalSignIn_password *} {* traditionalSignIn_signInButton *} {* /userInformationForm *} Sign in using your existing account {* loginWidget *} 
Need a Profile? Register Now. {* #userInformationForm *} Forgot your password? {* traditionalSignIn_password *} {* traditionalSignIn_signInButton *} {* /userInformationForm *} Sign in using your existing account {* loginWidget *} 
Need a Profile? Register Now. {* #userInformationForm *} Forgot your password? {* traditionalSignIn_password *} {* traditionalSignIn_signInButton *} {* /userInformationForm *} Sign in using your existing account {* loginWidget *} Please confirm the information below before signing in. *Required By submitting your registration information, you agree to our Visitor Agreement and Privacy Policy . {* socialRegistration_signInButton *} {* /socialRegistrationForm *} {* #registrationForm *} {* traditionalRegistration_emailAddress *} {* traditionalRegistration_password *} {* traditionalRegistration_passwordConfirm *} {* traditionalRegistration_displayName *} By submitting your registration information, you agree to our Visitor Agreement and Privacy Policy . {* createAccountButton *} {* /registrationForm *} {* #registrationFormBlank *} {* traditionalRegistration_emailAddressBlank *} {* traditionalRegistration_passwordBlank *} {* traditionalRegistration_passwordConfirmBlank *} {* traditionalRegistration_displayName *} By submitting your registration information, you agree to our Visitor Agreement and Privacy Policy . {* createAccountButton *} {* /registrationForm *} Just One More Thing... 
We have sent you a verification email. Please check your email and click on the link to activate your profile. 
If you do not receive the verification message within a few minutes of signing up, please check your Spam or Junk folder. Close Thank you for registering! 
We look forward to seeing you on [website] frequently. Visit us and sign in to update your profile, receive the latest news and keep up to date with mobile alerts. 
Click here to return to the page you were visiting. Create a new password 
Don&apos;t worry, it happens. We&apos;ll send you a link to create a new password. {* #forgotPasswordForm *} {* forgotPassword_emailAddress *} {* forgotPassword_sendButton *} {* /forgotPasswordForm *}
</post>
<signature>

</signature>
<external_links>

</external_links>
<country>US</country>
<main_image>http://media.cmgdigital.com/shared/img/photos/2016/05/12/91/06/5e08f91657734fc7b28a4830384fc530-6bf93b64fd624878aa49d162c1e14c17-1.jpg</main_image>
</document>
