<?xml version="1.0" encoding="UTF-8"?>
<document>
<type>mainstream</type>
<forum></forum>
<forum_title></forum_title>
<discussion_title>صور: قائدات مدارس يكافئن معلماتهن بـ أطقم ذهبية</discussion_title>
<language>arabic</language>
<gmt_offset></gmt_offset>
<topic_url>http://ar.ew3t.com/855736.html</topic_url>
<topic_text>
صور: قائدات مدارس يكافئن معلماتهن بـ أطقم ذهبية صور: قائدات مدارس يكافئن معلماتهن بـ أطقم ذهبية 
مايو 12 صور: قائدات مدارس يكافئن معلماتهن بـ أطقم ذهبية 12 مايو, 2016 محليات بادرت قائدات مدارس بتقديم “أطقم ذهبية” للمعلمات والإداريات بمدارسهن، تقديراً لجهودهن وتفانيهن في أداء رسالتهن التربوية.وقامت قائدة الابتدائية العاشرة برفحاء علياء مطلق الخشرم، بتقديم هدايا عبارة عن أطقم ذهب، وخواتم ذهبية، وشهادات شكر وتقدير لمعلمات وإداريات المدرسة تقديراً لعملهن خلال العام الدراسي، فيما عبرت المعلمات والإداريات عن شكرهن للقائدة وقدمن لها طاقم ذهب عرفاناً بدورها في قيادة المدرسة، وفقاً لـ”إخبارية رفحاء”.جاء ذلك خلال ملتقى “لقاء الأحبة” الذي نظمته المديرة لمنسوبات المدرسة بمناسبة انتهاء العام الدراسي، حيث عبرت الخشرم خلاله عن شكرها وتقديرها لجهود المعلمات والإداريات الحثيثة على مدار العام ومساهمتهن في الرقي بالمسيرة التعليمية.وفي مكة المكرمة، وبحسب صحيفة “المدينة”، قامت قائدة المدرسة الابتدائية الثامنة والثمانين بمكة المكرمة نجلاء العتيبي بإهداء المعلمات المتميزات “أطقم ذهب”، تقديراً لجهودهن طيلة العام الدراسي، الذي انعكس بالمستويات المتميزة للطالبات. واتساب ندعوكم للإشتراك بقناة موقع Emirates News على تليقرام 
</topic_text>
<spam_score>0.00</spam_score>
<post_num>1</post_num>
<post_id>post-1</post_id>
<post_url>http://ar.ew3t.com/855736.html</post_url>
<post_date>20160512</post_date>
<post_time></post_time>
<username></username>
<post>
صور: قائدات مدارس يكافئن معلماتهن بـ أطقم ذهبية صور: قائدات مدارس يكافئن معلماتهن بـ أطقم ذهبية 
مايو 12 صور: قائدات مدارس يكافئن معلماتهن بـ أطقم ذهبية 12 مايو, 2016 محليات بادرت قائدات مدارس بتقديم “أطقم ذهبية” للمعلمات والإداريات بمدارسهن، تقديراً لجهودهن وتفانيهن في أداء رسالتهن التربوية.وقامت قائدة الابتدائية العاشرة برفحاء علياء مطلق الخشرم، بتقديم هدايا عبارة عن أطقم ذهب، وخواتم ذهبية، وشهادات شكر وتقدير لمعلمات وإداريات المدرسة تقديراً لعملهن خلال العام الدراسي، فيما عبرت المعلمات والإداريات عن شكرهن للقائدة وقدمن لها طاقم ذهب عرفاناً بدورها في قيادة المدرسة، وفقاً لـ”إخبارية رفحاء”.جاء ذلك خلال ملتقى “لقاء الأحبة” الذي نظمته المديرة لمنسوبات المدرسة بمناسبة انتهاء العام الدراسي، حيث عبرت الخشرم خلاله عن شكرها وتقديرها لجهود المعلمات والإداريات الحثيثة على مدار العام ومساهمتهن في الرقي بالمسيرة التعليمية.وفي مكة المكرمة، وبحسب صحيفة “المدينة”، قامت قائدة المدرسة الابتدائية الثامنة والثمانين بمكة المكرمة نجلاء العتيبي بإهداء المعلمات المتميزات “أطقم ذهب”، تقديراً لجهودهن طيلة العام الدراسي، الذي انعكس بالمستويات المتميزة للطالبات. واتساب ندعوكم للإشتراك بقناة موقع Emirates News على تليقرام 
</post>
<signature>

</signature>
<external_links>

</external_links>
<country>FR</country>
<main_image>https://s0.wp.com/i/blank.jpg</main_image>
</document>
