<?xml version="1.0" encoding="UTF-8"?>
<document>
<type>mainstream</type>
<forum>http://www.informazione.it/xml/pr/0d62108b-a0c2-46f5-b8d9-9aed3a376451.xml?lng=neutral</forum>
<forum_title>I Comunicati Stampa di PR Newswire su informazione.it</forum_title>
<discussion_title>Significant Unmet Needs in Veterinary Medicine Offer Opportunities for Human Drugs, Says GBI Research</discussion_title>
<language>english</language>
<gmt_offset></gmt_offset>
<topic_url>http://www.informazione.it/c/0DF664C8-9395-4BE8-8691-1ADB7ACC7E32/Significant-Unmet-Needs-in-Veterinary-Medicine-Offer-Opportunities-for-Human-Drugs-Says-GBI-Research</topic_url>
<topic_text>
Modifica password Significant Unmet Needs in Veterinary Medicine Offer Opportunities for Human Drugs, Says GBI Research The most significant drivers of Extralabel Drug Use (ELDU) in animals are financial. Unlike the human drugs market, veterinary clinics are involved not only in diagnosis and treatment, but also have the right to dispense pet medications. Consumers cannot purchase the prescribed medications from a pharmacy of their choice, where there would be access to low-priced generic drugs, and human treatments may be a viable alternative. LONDON, ( informazione.it - comunicati stampa - salute e benessere ) 
The most significant drivers of Extralabel Drug Use (ELDU) in animals are financial. Unlike the human drugs market, veterinary clinics are involved not only in diagnosis and treatment, but also have the right to dispense pet medications. Consumers cannot purchase the prescribed medications from a pharmacy of their choice, where there would be access to low-priced generic drugs, and human treatments may be a viable alternative. 
Analyst Deekshita Allavarapu explains: &quot;A blockbuster drug in human health generates revenues in excess of $1 billion , whereas the animal health market&apos;s highest selling drugs achieve $50-100 million , with around 85% of animal sales reaching less than $1 million . In this way, many manufacturers of veterinary drugs are looking for products already licensed for human use to fill their pipelines.&quot; 
GBI Research states that despite these opportunities, there are safety, legal, ethical, and health issues associated with ELDU in animals. For instance, prescribing a human drug for veterinary use has its own risks. Mammalian species share many basic similarities in terms of responses to drugs, but there are differences seen at the cellular level, meaning responses may differ. 
Another possibility might be that a human drug is prescribed despite the presence of a veterinary-approved alternative due to affordability issues, meaning a veterinarian could face legal issues. 
Allavarapu concludes: &quot;Despite such problems, the intersection between human and veterinary medicine is a very important and emerging area that GBI Research believes will receive more focus in the years to come. For example, specially designed clinical trials are currently being run in which pets can be enrolled alongside human patients.&quot; 
Sample pages of GBI Research &apos; s report Human Drugs For Veterinary Use - Current Trends and Future Commercial Prospects for Crossover Drugs are available upon request. 
About GBI Research 
GBI Research is a leading provider of business intelligence reports, offering actionable data and forecasts based on the insights of key healthcare industry influencers to ensure you stay up-to-date with the latest market trends. For more information about our offerings, please contact us on: +44 161 359 5817 
Connect with GBI Research on social media for the latest healthcare market updates: Facebook | LinkedIn | Twitter
</topic_text>
<spam_score>0.00</spam_score>
<post_num>1</post_num>
<post_id>post-1</post_id>
<post_url>http://www.informazione.it/c/0DF664C8-9395-4BE8-8691-1ADB7ACC7E32/Significant-Unmet-Needs-in-Veterinary-Medicine-Offer-Opportunities-for-Human-Drugs-Says-GBI-Research</post_url>
<post_date>20160512</post_date>
<post_time>1500</post_time>
<username></username>
<post>
Modifica password Significant Unmet Needs in Veterinary Medicine Offer Opportunities for Human Drugs, Says GBI Research The most significant drivers of Extralabel Drug Use (ELDU) in animals are financial. Unlike the human drugs market, veterinary clinics are involved not only in diagnosis and treatment, but also have the right to dispense pet medications. Consumers cannot purchase the prescribed medications from a pharmacy of their choice, where there would be access to low-priced generic drugs, and human treatments may be a viable alternative. LONDON, ( informazione.it - comunicati stampa - salute e benessere ) 
The most significant drivers of Extralabel Drug Use (ELDU) in animals are financial. Unlike the human drugs market, veterinary clinics are involved not only in diagnosis and treatment, but also have the right to dispense pet medications. Consumers cannot purchase the prescribed medications from a pharmacy of their choice, where there would be access to low-priced generic drugs, and human treatments may be a viable alternative. 
Analyst Deekshita Allavarapu explains: &quot;A blockbuster drug in human health generates revenues in excess of $1 billion , whereas the animal health market&apos;s highest selling drugs achieve $50-100 million , with around 85% of animal sales reaching less than $1 million . In this way, many manufacturers of veterinary drugs are looking for products already licensed for human use to fill their pipelines.&quot; 
GBI Research states that despite these opportunities, there are safety, legal, ethical, and health issues associated with ELDU in animals. For instance, prescribing a human drug for veterinary use has its own risks. Mammalian species share many basic similarities in terms of responses to drugs, but there are differences seen at the cellular level, meaning responses may differ. 
Another possibility might be that a human drug is prescribed despite the presence of a veterinary-approved alternative due to affordability issues, meaning a veterinarian could face legal issues. 
Allavarapu concludes: &quot;Despite such problems, the intersection between human and veterinary medicine is a very important and emerging area that GBI Research believes will receive more focus in the years to come. For example, specially designed clinical trials are currently being run in which pets can be enrolled alongside human patients.&quot; 
Sample pages of GBI Research &apos; s report Human Drugs For Veterinary Use - Current Trends and Future Commercial Prospects for Crossover Drugs are available upon request. 
About GBI Research 
GBI Research is a leading provider of business intelligence reports, offering actionable data and forecasts based on the insights of key healthcare industry influencers to ensure you stay up-to-date with the latest market trends. For more information about our offerings, please contact us on: +44 161 359 5817 
Connect with GBI Research on social media for the latest healthcare market updates: Facebook | LinkedIn | Twitter
</post>
<signature>

</signature>
<external_links>

</external_links>
<country>IT</country>
<main_image>http://imgs3.informazione.it/img/pr_def_md.jpg</main_image>
</document>
