<?xml version="1.0" encoding="UTF-8"?>
<document>
<type>mainstream</type>
<forum>http://www.fox8live.com/category/13533/international-news?clienttype=rss</forum>
<forum_title>FOX 8 News WVUE-TV - International - Headline</forum_title>
<discussion_title>Twin suicide attack hits police station near Baghdad, kill 5</discussion_title>
<language>english</language>
<gmt_offset></gmt_offset>
<topic_url>http://www.fox8live.com/story/31954388/twin-suicide-attack-hits-police-station-near-baghdad-kill-5</topic_url>
<topic_text>
Twin suicide attack hits police station near Baghdad, kill 5 2016-05-12T09:02:35Z 2016-05-12T10:22:47Z (AP Photo/Anmar Khalil). Mourners load the Iraqi flag-draped coffins of bomb victims, Zakia Kadim, 38, and her son Mohammed jassim, 11, during their funeral procession in Najaf, 100 miles (160 kilometers) south of Baghdad, Iraq, Wednesday, May 11, 2016... (AP Photo/Anmar Khalil). Mourners carry the Iraqi flag-draped coffins of bomb victims, Murtada Mohammed, 26, and his brother Sadiq Mohammed, 22, during their funeral procession at the holy shrine of Imam Ali in Najaf, 100 miles (160 kilometers) south o... (AP Photo/Anmar Khalil). Mourners grieve during the funeral procession of bomb victims, Murtada Mohammed, 26, and his brother Sadiq Mohammed, 22, during their funeral procession in Najaf, 100 miles (160 kilometers) south of Baghdad, Iraq, Wednesday, Ma... By SINAN SALAHEDDINAssociated Press 
BAGHDAD (AP) - A twin suicide bombing hit a police station in Baghdad&apos;s westernmost suburb on Thursday, killing at least five policemen a day after a wave of attacks by the Islamic State group killed nearly a hundred people in the Iraqi capital. 
The IS-claimed bombings were the deadliest in Baghdad this year, coming at a time of turmoil and deadlock in Iraq&apos;s government and parliament. Funerals were underway Thursday for many of those who were killed in Wednesday&apos;s bombings, which included a car bomb that struck a crowded outdoor market selling food, clothing and household goods in the predominantly Shiite neighborhood of Sadr City. 
In Thursday&apos;s attack, two suicide bombers hit the station in the western suburb of Abu Ghraib at dawn, according to a police officer. 
The first bomber blew himself up at the station&apos;s gate, followed by the second who detonated his explosives inside the building, the officer said. The explosion also left 12 policemen wounded. 
A medical official confirmed casualty figures. Both officials spoke on condition of anonymity as he was not authorized to release information. 
The Sadr City bombing on Wednesday killed 68 people while two more car bombs elsewhere in Baghdad killed at least 30. 
After the attacks, grieving relatives and family members lit candles at the scene of Sadr City bombing as calls came from mosques in Baghdad for blood donations. Many of the victims were being buried Thursday in the southern Shiite city of Najaf, where a sprawling cemetery is located near a shrine for a revered Shiite imam. 
Although security has improved in the Iraqi capital, Wednesday&apos;s attacks demonstrated the Islamic State&apos;s ability to launch devastating assaults in tee hart of Baghdad. Back-to-back bombings on Feb. 28, also in Sadr City, killed 73 people. 
IS extremists still control significant areas in northern and western Iraq, including the second-largest city of Mosul. Commercial and public places in Shiite-dominated neighborhoods are among the most frequent targets for IS militants who want to undermine government efforts to maintain security in the capital. 
___ 
Associated Press writer Murtada Faraj in Baghdad contributed to this report. Copyright 2016 The Associated Press. All rights reserved. This material may not be published, broadcast, rewritten or redistributed.
</topic_text>
<spam_score>0.00</spam_score>
<post_num>1</post_num>
<post_id>post-1</post_id>
<post_url>http://www.fox8live.com/story/31954388/twin-suicide-attack-hits-police-station-near-baghdad-kill-5</post_url>
<post_date>20160512</post_date>
<post_time>1022</post_time>
<username></username>
<post>
Twin suicide attack hits police station near Baghdad, kill 5 2016-05-12T09:02:35Z 2016-05-12T10:22:47Z (AP Photo/Anmar Khalil). Mourners load the Iraqi flag-draped coffins of bomb victims, Zakia Kadim, 38, and her son Mohammed jassim, 11, during their funeral procession in Najaf, 100 miles (160 kilometers) south of Baghdad, Iraq, Wednesday, May 11, 2016... (AP Photo/Anmar Khalil). Mourners carry the Iraqi flag-draped coffins of bomb victims, Murtada Mohammed, 26, and his brother Sadiq Mohammed, 22, during their funeral procession at the holy shrine of Imam Ali in Najaf, 100 miles (160 kilometers) south o... (AP Photo/Anmar Khalil). Mourners grieve during the funeral procession of bomb victims, Murtada Mohammed, 26, and his brother Sadiq Mohammed, 22, during their funeral procession in Najaf, 100 miles (160 kilometers) south of Baghdad, Iraq, Wednesday, Ma... By SINAN SALAHEDDINAssociated Press 
BAGHDAD (AP) - A twin suicide bombing hit a police station in Baghdad&apos;s westernmost suburb on Thursday, killing at least five policemen a day after a wave of attacks by the Islamic State group killed nearly a hundred people in the Iraqi capital. 
The IS-claimed bombings were the deadliest in Baghdad this year, coming at a time of turmoil and deadlock in Iraq&apos;s government and parliament. Funerals were underway Thursday for many of those who were killed in Wednesday&apos;s bombings, which included a car bomb that struck a crowded outdoor market selling food, clothing and household goods in the predominantly Shiite neighborhood of Sadr City. 
In Thursday&apos;s attack, two suicide bombers hit the station in the western suburb of Abu Ghraib at dawn, according to a police officer. 
The first bomber blew himself up at the station&apos;s gate, followed by the second who detonated his explosives inside the building, the officer said. The explosion also left 12 policemen wounded. 
A medical official confirmed casualty figures. Both officials spoke on condition of anonymity as he was not authorized to release information. 
The Sadr City bombing on Wednesday killed 68 people while two more car bombs elsewhere in Baghdad killed at least 30. 
After the attacks, grieving relatives and family members lit candles at the scene of Sadr City bombing as calls came from mosques in Baghdad for blood donations. Many of the victims were being buried Thursday in the southern Shiite city of Najaf, where a sprawling cemetery is located near a shrine for a revered Shiite imam. 
Although security has improved in the Iraqi capital, Wednesday&apos;s attacks demonstrated the Islamic State&apos;s ability to launch devastating assaults in tee hart of Baghdad. Back-to-back bombings on Feb. 28, also in Sadr City, killed 73 people. 
IS extremists still control significant areas in northern and western Iraq, including the second-largest city of Mosul. Commercial and public places in Shiite-dominated neighborhoods are among the most frequent targets for IS militants who want to undermine government efforts to maintain security in the capital. 
___ 
Associated Press writer Murtada Faraj in Baghdad contributed to this report. Copyright 2016 The Associated Press. All rights reserved. This material may not be published, broadcast, rewritten or redistributed.
</post>
<signature>

</signature>
<external_links>

</external_links>
<country>US</country>
<main_image>http://images.worldnow.com/AP/images/10538622_G.jpg</main_image>
</document>
