<?xml version="1.0" encoding="UTF-8"?>
<document>
<type>mainstream</type>
<forum>http://www.vivelohoy.com/rss</forum>
<forum_title>Vivelohoy</forum_title>
<discussion_title>Frida Kahlo se dispone a recuperar su récord en subasta</discussion_title>
<language>spanish</language>
<gmt_offset></gmt_offset>
<topic_url>http://www.vivelohoy.com/entretenimiento/8619130/frida-kahlo-se-dispone-a-recuperar-su-record-en-subasta</topic_url>
<topic_text>
Por AP en Entretenimiento 05/12/16 10:39am 
NUEVA YORK (AP) — Con un pequeño cuadro valorado en entre 8 y 12 millones de dólares, Frida Kahlo se dispone a recuperar el jueves el récord para una obra de arte latinoamericana en subasta. 
De conseguir comprador en la venta de arte moderno e impresionista de la casa Christie’s, “Dos desnudos en el bosque (La tierra misma)” colocaría nuevamente a la artista en el primer lugar, del que fue desplazada en el 2008 cuando “Trovador” de Rufino Tamayo facturó 7,2 millones de dólares. 
La marca previa, impuesta por Kahlo en 2006 con “Raíces”, era de 5,6 millones de dólares. 
“Dos desnudos en el bosque”, de 30 centímetros de ancho por 25 de largo (casi 12 por 10 pulgadas), muestra a dos mujeres desnudas descansando en un bosque. La artista le obsequió la obra de 1939 a su compatriota Dolores del Río, una de las primeras actrices latinoamericanas que triunfó en Hollywood. 
“Creo que es una de las pinturas más personales de Kahlo porque es muy poética y la sutileza del cuadro es maravillosa”, dijo Virgilio Garza, director del departamento de arte latinoamericano en Christie’s. “Otros cuadros suyos son mucho más expresivos y emotivos. Este es más sutil y discreto pero al mismo tiempo hay muchos elementos simbólicos que lo hacen trascendente”. 
El cuadro ha sido descrito por la rematadora como “exquisitamente surrealista” porque la escena parece sacada de un sueño. 
Kahlo lo pintó sobre metal, lo que recuerda a la tradición de los antiguos votos u ofrendas ofrecidas a un santo o una divinidad como agradecimiento por algo y que a menudo eran obras pintadas sobre metal, explicó Garza. 
La obra fue expuesta por última vez en el Jardín Botánico de Nueva York el año pasado. 
Tras la muerte de Del Río, el cuadro pasó a manos de su marido, el estadounidense Lewis Riley. Fue subastado por Christie’s en 1989 y adquirido por la coleccionista Mary-Anne Martin, quien se lo vendió al actual dueño, cuyo nombre no ha sido divulgado. 
Kahlo, quien falleció en 1954, se hizo famosa por sus conmovedores autorretratos. Su vida estuvo marcada por varios hechos trágicos: de niña padeció poliomielitis, luego tuvo un accidente de tránsito que le lesionó la columna y la pelvis, y más tarde perdió un embarazo. 
___ 
La reportera de AP Claudia Torrens, en Nueva York, contribuyó a este despacho. 
___ 
Sigal Ratner-Arias está en Twitter como https://twitter.com/sigalratner Ir a la entrada
</topic_text>
<spam_score>0.00</spam_score>
<post_num>1</post_num>
<post_id>post-1</post_id>
<post_url>http://www.vivelohoy.com/entretenimiento/8619130/frida-kahlo-se-dispone-a-recuperar-su-record-en-subasta</post_url>
<post_date>20160512</post_date>
<post_time>1539</post_time>
<username>AP</username>
<post>
Por AP en Entretenimiento 05/12/16 10:39am 
NUEVA YORK (AP) — Con un pequeño cuadro valorado en entre 8 y 12 millones de dólares, Frida Kahlo se dispone a recuperar el jueves el récord para una obra de arte latinoamericana en subasta. 
De conseguir comprador en la venta de arte moderno e impresionista de la casa Christie’s, “Dos desnudos en el bosque (La tierra misma)” colocaría nuevamente a la artista en el primer lugar, del que fue desplazada en el 2008 cuando “Trovador” de Rufino Tamayo facturó 7,2 millones de dólares. 
La marca previa, impuesta por Kahlo en 2006 con “Raíces”, era de 5,6 millones de dólares. 
“Dos desnudos en el bosque”, de 30 centímetros de ancho por 25 de largo (casi 12 por 10 pulgadas), muestra a dos mujeres desnudas descansando en un bosque. La artista le obsequió la obra de 1939 a su compatriota Dolores del Río, una de las primeras actrices latinoamericanas que triunfó en Hollywood. 
“Creo que es una de las pinturas más personales de Kahlo porque es muy poética y la sutileza del cuadro es maravillosa”, dijo Virgilio Garza, director del departamento de arte latinoamericano en Christie’s. “Otros cuadros suyos son mucho más expresivos y emotivos. Este es más sutil y discreto pero al mismo tiempo hay muchos elementos simbólicos que lo hacen trascendente”. 
El cuadro ha sido descrito por la rematadora como “exquisitamente surrealista” porque la escena parece sacada de un sueño. 
Kahlo lo pintó sobre metal, lo que recuerda a la tradición de los antiguos votos u ofrendas ofrecidas a un santo o una divinidad como agradecimiento por algo y que a menudo eran obras pintadas sobre metal, explicó Garza. 
La obra fue expuesta por última vez en el Jardín Botánico de Nueva York el año pasado. 
Tras la muerte de Del Río, el cuadro pasó a manos de su marido, el estadounidense Lewis Riley. Fue subastado por Christie’s en 1989 y adquirido por la coleccionista Mary-Anne Martin, quien se lo vendió al actual dueño, cuyo nombre no ha sido divulgado. 
Kahlo, quien falleció en 1954, se hizo famosa por sus conmovedores autorretratos. Su vida estuvo marcada por varios hechos trágicos: de niña padeció poliomielitis, luego tuvo un accidente de tránsito que le lesionó la columna y la pelvis, y más tarde perdió un embarazo. 
___ 
La reportera de AP Claudia Torrens, en Nueva York, contribuyó a este despacho. 
___ 
Sigal Ratner-Arias está en Twitter como https://twitter.com/sigalratner Ir a la entrada
</post>
<signature>

</signature>
<external_links>

</external_links>
<country>US</country>
<main_image></main_image>
</document>
