<?xml version="1.0" encoding="UTF-8"?>
<document>
<type>mainstream</type>
<forum>http://canarias24horas.com//component/k2/itemlist?format=feed&amp;moduleID=236</forum>
<forum_title>Canarias24Horas.com  - Canarias24Horas.com  - Últimas Noticias</forum_title>
<discussion_title>La Policía Local detiene a un hombre que era buscado por un robo con fuerza</discussion_title>
<language>spanish</language>
<gmt_offset></gmt_offset>
<topic_url>http://www.canarias24horas.com/sociedad/sucesos/item/51445-la-policia-local-detiene-a-un-hombre-que-era-buscado-por-un-robo-con-fuerza</topic_url>
<topic_text>
La Policía Local detiene a un hombre que era buscado por un robo con fuerza   Escribir un comentario Santa Cruz de Tenerife/ Contaba con orden de ingreso en prisión, y su arresto fue posible gracias a la unidad adscrita a la Fiscalía de Menores y un equipo de la Unipol. Agentes de la Policía Local de Santa Cruz de Tenerife adscritos a la Fiscalía de Menores, junto a miembros de la Unipol detuvieron, el pasado martes, a un varón de 57 años que estaba siendo buscado por un robo con fuerza. Sobre el detenido, que fue identificado como O.P.J.P., había pendiente una orden de búsqueda, detención e ingreso en prisión dictada por los juzgados de lo Penal. Los integrantes de la Policía local realizaron, en los últimos días, una labor de investigación y seguimiento hasta que pudieron determinar que el arrestado pernoctaba en una vivienda del capitalino barrio de La Alegría. Para proceder a la detención de este hombre, que posee numerosos antecedentes policiales, fue necesaria la colaboración entre miembros tanto de la unidad adscrita a los juzgados como de la Unipol. Los agentes se personaron, a primera hora de la mañana, en el referido domicilio y sorprendieron al arrestado en la vivienda, abriendo éste último la puerta y tras ser verificada su identificación se procedió a la detención. A continuación fue trasladado a un centro de salud y, posteriormente a las dependencias judiciales desde donde se ordenó su ingreso inmediato en el centro penitenciario Tenerife II.  
</topic_text>
<spam_score>0.00</spam_score>
<post_num>1</post_num>
<post_id>post-1</post_id>
<post_url>http://www.canarias24horas.com/sociedad/sucesos/item/51445-la-policia-local-detiene-a-un-hombre-que-era-buscado-por-un-robo-con-fuerza</post_url>
<post_date>20160512</post_date>
<post_time>1508</post_time>
<username>prueba@canarias24horas.com (Redacción)</username>
<post>
La Policía Local detiene a un hombre que era buscado por un robo con fuerza   Escribir un comentario Santa Cruz de Tenerife/ Contaba con orden de ingreso en prisión, y su arresto fue posible gracias a la unidad adscrita a la Fiscalía de Menores y un equipo de la Unipol. Agentes de la Policía Local de Santa Cruz de Tenerife adscritos a la Fiscalía de Menores, junto a miembros de la Unipol detuvieron, el pasado martes, a un varón de 57 años que estaba siendo buscado por un robo con fuerza. Sobre el detenido, que fue identificado como O.P.J.P., había pendiente una orden de búsqueda, detención e ingreso en prisión dictada por los juzgados de lo Penal. Los integrantes de la Policía local realizaron, en los últimos días, una labor de investigación y seguimiento hasta que pudieron determinar que el arrestado pernoctaba en una vivienda del capitalino barrio de La Alegría. Para proceder a la detención de este hombre, que posee numerosos antecedentes policiales, fue necesaria la colaboración entre miembros tanto de la unidad adscrita a los juzgados como de la Unipol. Los agentes se personaron, a primera hora de la mañana, en el referido domicilio y sorprendieron al arrestado en la vivienda, abriendo éste último la puerta y tras ser verificada su identificación se procedió a la detención. A continuación fue trasladado a un centro de salud y, posteriormente a las dependencias judiciales desde donde se ordenó su ingreso inmediato en el centro penitenciario Tenerife II.  
</post>
<signature>

</signature>
<external_links>

</external_links>
<country>ES</country>
<main_image></main_image>
</document>
