<?xml version="1.0" encoding="UTF-8"?>
<document>
<type>mainstream</type>
<forum></forum>
<forum_title></forum_title>
<discussion_title>Summer! - Vogue.it</discussion_title>
<language>italian</language>
<gmt_offset></gmt_offset>
<topic_url>http://www.vogue.it/bellezza/tendenze-news/2016/05/10/summer/</topic_url>
<topic_text>
by Redazione 
Grafismi off, texture avant-garde e nuove tecniche. Il makeup ama sperimentare. E osare con colori e forme sempre inediti. Soprattutto nella stagione del sole e della voglia di leggerezza. Il focus è sulle sopracciglia che si ridisegnano con kit professionali. Le ciglia, invece, si vestono di intensità e di allure con mascara dai mille effetti: volume, infoltimento, curl up e allungamento. Photographer Michael Baumgarten . Fashion editor Elisa Zaccanti. Hair Roxy Attard @ CLM using Bumble and bumble. Make-up Polly Osmond @ Premier. Manicure Christina Conrad @ Calliste Agency using MAC. Set design by Thomas Dufraisse @ Les Decors Papillons. On set Fred Valezy @ Sunwall Productions. 6 photos View Gallery 

Diceva Marc Chagall : “Il colore è tutto”. E cosa c’è di più vero in un ambito come il make-up? Vincono le cromie forti indistintamente su tutti i territori del viso, anche quelli più inaspettati. Non solo palpebre e labbra, ma anche ciglia, sopracciglia, guance e zigomi. Persino il geniale rigore di Linda Cantello , creative designer di Giorgio Armani Make-up , si è abbandonata alla color-wave, sua passione “primaria” scaturita nella Londra degli anni Settanta che suggerisce di sperimentare il trucco sostituendo i pennelli con dita e mani, persino in caso di blush. Sarà come darsi delle carezze. Rosso, viola, giallo, verde, rosa, versioni mat, iridescenti, spenti o fluo: liberi tutti! 
«Fanno vibrare la femminilità», secondo il guru Olivier Echaudemaison, direttore maquillage Guerlain, «e comunicano energia e joie de vivre». Anche se i cambiamenti forti sono per texture e formule. Continua e si rinforza l’impiego e la piacevolezza degli oli: dopo i fondotinta entrano negli stick dei rossetti, e negli scovolini di mascara e ombretti, che non solo migliorano l’aderenza e la vestibilità dei prodotti, ma si spingono oltre in fatto di durata. Anche perché gli oli, essendo sostanze stretch &amp; superelastiche, lasciano filtrare la luce fra i pigmenti : «Creando un velo impercettibile che azzera l’effetto appiccicoso ed enfatizza quello ultraglossy », dice Peter Philips, direttore creativo e dell’immagine Dior, e autore delle 18 shade del nuovo Dior Addict Ultra-Gloss . Ma ci sarà di più nel caleidoscopio dell’estate 2016: colori modulabili, sparkling, più o meno scintillanti, easy to wear, persino profumati e sfumabili al limite della contaminazione. La sostenibile leggerezza delle nuance e il suo opposto, vedi i maquillage di Mac per Missoni e Giambattista Valli, rispettivamente sguardi tribal-design con blocchi di giallo molto sporty e strisce di ombretto shining appena sotto le sopracciglia. La creatività cromatica emoziona sempre, anche se – a un certo punto – non può non scattare la domanda di rito: ma il nero? Tranquille: ci sarà e resterà. Grafico, ma non semplicemente ornamentale e più tridimensionale del solito, non ne potremo fare a meno. Come le labbra rosse sono forse il segno più democratico del maquillage, il tratto nero del liner o del mascara sono la firma che mette sempre tutti d’accordo. More 
</topic_text>
<spam_score>0.00</spam_score>
<post_num>1</post_num>
<post_id>post-1</post_id>
<post_url>http://www.vogue.it/bellezza/tendenze-news/2016/05/10/summer/</post_url>
<post_date>20160510</post_date>
<post_time></post_time>
<username>Sofia Vigan</username>
<post>
by Redazione 
Grafismi off, texture avant-garde e nuove tecniche. Il makeup ama sperimentare. E osare con colori e forme sempre inediti. Soprattutto nella stagione del sole e della voglia di leggerezza. Il focus è sulle sopracciglia che si ridisegnano con kit professionali. Le ciglia, invece, si vestono di intensità e di allure con mascara dai mille effetti: volume, infoltimento, curl up e allungamento. Photographer Michael Baumgarten . Fashion editor Elisa Zaccanti. Hair Roxy Attard @ CLM using Bumble and bumble. Make-up Polly Osmond @ Premier. Manicure Christina Conrad @ Calliste Agency using MAC. Set design by Thomas Dufraisse @ Les Decors Papillons. On set Fred Valezy @ Sunwall Productions. 6 photos View Gallery 

Diceva Marc Chagall : “Il colore è tutto”. E cosa c’è di più vero in un ambito come il make-up? Vincono le cromie forti indistintamente su tutti i territori del viso, anche quelli più inaspettati. Non solo palpebre e labbra, ma anche ciglia, sopracciglia, guance e zigomi. Persino il geniale rigore di Linda Cantello , creative designer di Giorgio Armani Make-up , si è abbandonata alla color-wave, sua passione “primaria” scaturita nella Londra degli anni Settanta che suggerisce di sperimentare il trucco sostituendo i pennelli con dita e mani, persino in caso di blush. Sarà come darsi delle carezze. Rosso, viola, giallo, verde, rosa, versioni mat, iridescenti, spenti o fluo: liberi tutti! 
«Fanno vibrare la femminilità», secondo il guru Olivier Echaudemaison, direttore maquillage Guerlain, «e comunicano energia e joie de vivre». Anche se i cambiamenti forti sono per texture e formule. Continua e si rinforza l’impiego e la piacevolezza degli oli: dopo i fondotinta entrano negli stick dei rossetti, e negli scovolini di mascara e ombretti, che non solo migliorano l’aderenza e la vestibilità dei prodotti, ma si spingono oltre in fatto di durata. Anche perché gli oli, essendo sostanze stretch &amp; superelastiche, lasciano filtrare la luce fra i pigmenti : «Creando un velo impercettibile che azzera l’effetto appiccicoso ed enfatizza quello ultraglossy », dice Peter Philips, direttore creativo e dell’immagine Dior, e autore delle 18 shade del nuovo Dior Addict Ultra-Gloss . Ma ci sarà di più nel caleidoscopio dell’estate 2016: colori modulabili, sparkling, più o meno scintillanti, easy to wear, persino profumati e sfumabili al limite della contaminazione. La sostenibile leggerezza delle nuance e il suo opposto, vedi i maquillage di Mac per Missoni e Giambattista Valli, rispettivamente sguardi tribal-design con blocchi di giallo molto sporty e strisce di ombretto shining appena sotto le sopracciglia. La creatività cromatica emoziona sempre, anche se – a un certo punto – non può non scattare la domanda di rito: ma il nero? Tranquille: ci sarà e resterà. Grafico, ma non semplicemente ornamentale e più tridimensionale del solito, non ne potremo fare a meno. Come le labbra rosse sono forse il segno più democratico del maquillage, il tratto nero del liner o del mascara sono la firma che mette sempre tutti d’accordo. More 
</post>
<signature>

</signature>
<external_links>

</external_links>
<country>IE</country>
<main_image>http://images.vogue.it/wp-content/uploads/2016/05/07205503/framebau1280.jpg</main_image>
</document>
