<?xml version="1.0" encoding="UTF-8"?>
<document>
<type>mainstream</type>
<forum>http://rian.com.ua/export/rss2/index.xml</forum>
<forum_title>РИА Новости Украина Украина</forum_title>
<discussion_title>Юрист: суду не хватило доказательств истца о военной агрессии РФ</discussion_title>
<language>russian</language>
<gmt_offset></gmt_offset>
<topic_url>http://rian.com.ua/politics/20160512/1009867604.html</topic_url>
<topic_text>
Юрист: суду не хватило доказательств истца о военной агрессии РФ 19:27 12.05.2016 23 По мнению адвоката Ивана Либермана, если даже суд не признал военную агрессию со стороны России, украинские политики не имеют права говорить о пленных: в АТО пленных не бывает, есть заложники. REUTERS Vasily Fedosenko 
Анна Лаба, РИА Новости Украина 
Шевченковский районный суд Киева отклонил иск правозащитника, руководителя проекта &quot;Открытый суд&quot; Станислава Батрина о признании факта вооруженной агрессии России против Украины в связи с тем, что этот факт не влияет на права заявителя и является общеизвестным. Отказав признать факт &quot;агрессии&quot; РФ, суд действовал по букве закона - Бондаренко 
&quot;Решением Шевченковского районного суда города Киева от 12.05.2016 г. отказано в удовлетворении заявления Батрина Станислава Витальевича об установлении факта, который имеет юридическое значение, а именно — факта вооруженной агрессии Российской Федерации против Украины, поскольку указанный факт сам по себе не влияет на права заявителя и является общеизвестным&quot;, — говорится в пресс-релизе на сайте суда относительно данного решения. 
&quot;Для суда недостаточно доказательств истца, что это была военная агрессия. Кроме того Администрация президента стоит на позиции, что это не военная агрессия со стороны России, а антитеррористическая операция. Тогда возникает вопрос: кто у нас на Донбассе — Украина против Украины? Если у нас даже суд не признает факт вооруженной агрессии, то почему тогда политики, Администрация президента, различные уполномоченные лица, в том числе не только со стороны президента, но и со стороны СБУ, — все они говорят о пленных? Если у нас есть АТО и нет военного вторжения, то в АТО — нет пленных, есть заложники. Пусть научатся правильно называть наших людей, пусть учат юридическую сторону украинского языка!&quot;, — сказал адвокат Иван Либерман в комментарии РИА Новости Украина .
</topic_text>
<spam_score>0.00</spam_score>
<post_num>1</post_num>
<post_id>post-1</post_id>
<post_url>http://rian.com.ua/politics/20160512/1009867604.html</post_url>
<post_date>20160512</post_date>
<post_time>1627</post_time>
<username></username>
<post>
Юрист: суду не хватило доказательств истца о военной агрессии РФ 19:27 12.05.2016 23 По мнению адвоката Ивана Либермана, если даже суд не признал военную агрессию со стороны России, украинские политики не имеют права говорить о пленных: в АТО пленных не бывает, есть заложники. REUTERS Vasily Fedosenko 
Анна Лаба, РИА Новости Украина 
Шевченковский районный суд Киева отклонил иск правозащитника, руководителя проекта &quot;Открытый суд&quot; Станислава Батрина о признании факта вооруженной агрессии России против Украины в связи с тем, что этот факт не влияет на права заявителя и является общеизвестным. Отказав признать факт &quot;агрессии&quot; РФ, суд действовал по букве закона - Бондаренко 
&quot;Решением Шевченковского районного суда города Киева от 12.05.2016 г. отказано в удовлетворении заявления Батрина Станислава Витальевича об установлении факта, который имеет юридическое значение, а именно — факта вооруженной агрессии Российской Федерации против Украины, поскольку указанный факт сам по себе не влияет на права заявителя и является общеизвестным&quot;, — говорится в пресс-релизе на сайте суда относительно данного решения. 
&quot;Для суда недостаточно доказательств истца, что это была военная агрессия. Кроме того Администрация президента стоит на позиции, что это не военная агрессия со стороны России, а антитеррористическая операция. Тогда возникает вопрос: кто у нас на Донбассе — Украина против Украины? Если у нас даже суд не признает факт вооруженной агрессии, то почему тогда политики, Администрация президента, различные уполномоченные лица, в том числе не только со стороны президента, но и со стороны СБУ, — все они говорят о пленных? Если у нас есть АТО и нет военного вторжения, то в АТО — нет пленных, есть заложники. Пусть научатся правильно называть наших людей, пусть учат юридическую сторону украинского языка!&quot;, — сказал адвокат Иван Либерман в комментарии РИА Новости Украина .
</post>
<signature>

</signature>
<external_links>

</external_links>
<country>UA</country>
<main_image>http://rian.com.ua/images/100678/52/1006785211.jpg</main_image>
</document>
