<?xml version="1.0" encoding="UTF-8"?>
<document>
<type>mainstream</type>
<forum>http://www.theepochtimes.com/n2/feed</forum>
<forum_title>The Epoch Times</forum_title>
<discussion_title>Things to Know About Brazil’s VP Michel Temer as He Takes Over Dilma Rousseff’s Post</discussion_title>
<language>english</language>
<gmt_offset></gmt_offset>
<topic_url>http://www.theepochtimes.com/n3/2064340-things-to-know-about-brazils-vp-michel-temer-as-he-takes-over-dilma-rousseffs-post/</topic_url>
<topic_text>
By Denisse Moreno , Epoch Times | May 12, 2016 Last Updated: May 12, 2016 11:44 am Brazilian Vice President Michel Temer waves during the Brazilian Democratic Movement Party (PMDB) national convention in Brasilia, on March 12, 2016. (Evaristo Sa/AFP/Getty Images) 
The Brazilian senate voted 55–22 to impeach President Dilma Rousseff on May 12, and now her ally-turned-enemy, Vice President Michel Temer, will take her place. 
Rousseff has been suspended while the Senate holds a trial to decide whether she should be permanently removed from office—which means Temer will serve as president for up to 180 days. If Rousseff is found guilty, the vice president will finish her presidential term. 
Here are a few things you should know about Temer. He Is Accused of Corruption 
The vice president was accused of instituting a lobbyist to bribe others between 1997 to 2001 in ethanol deals through state-run oil company Petrobas. Temer has denied the allegations. 
He also allegedly set up a meeting with the Petrobras director, who was involved in a series of corruption cases connected to Temer’s Brazilian Democratic Movement Party. However, Temer denies knowing the individual. 
The vice president is also under investigation for accepting more than $1.5 million in funds from construction company Camargo Correa that works with Petrobras, which Temer claims were legal campaign donations. But authorities say otherwise. Officials found spreadsheets from the construction company that listed Temer’s name 21 times next to numbers that added up to $345,000 in alleged bribes. The case was dismissed in court. Accused of Electoral Fraud 
Temer has also been accused of electoral fraud, and it’s one of the reasons why Brazilians aren’t fond of him. Rousseff is suspended for up to 180 days. VP Michel Temer takes over president, despite having just been convicted of electoral fraud… 
— Laura McQuillan (@mcquillanatorz) May 12, 2016 He Is of Lebanese Descent 
Temer’s family immigrated from Lebanon to São Paulo in the 1920s. After Rousseff’s impeachment people went on social media to say Brazil now has a Lebanese president. After two years of presidential vacancy in Lebanon, a new Lebanese president… In #Brazil @MichelTemer #Rousseff pic.twitter.com/1pWbWIc3Eu 
— Samy Gemayel (@samygemayel) May 12, 2016 Michel Temer is now the President of Brazil. 
So, Brazil has a Lebanese president, but Lebanon still doesn’t… pic.twitter.com/tdUZ3Gln0D
</topic_text>
<spam_score>0.00</spam_score>
<post_num>1</post_num>
<post_id>post-1</post_id>
<post_url>http://www.theepochtimes.com/n3/2064340-things-to-know-about-brazils-vp-michel-temer-as-he-takes-over-dilma-rousseffs-post/</post_url>
<post_date>20160512</post_date>
<post_time>1544</post_time>
<username>Denisse Moreno , Epoch Times</username>
<post>
By Denisse Moreno , Epoch Times | May 12, 2016 Last Updated: May 12, 2016 11:44 am Brazilian Vice President Michel Temer waves during the Brazilian Democratic Movement Party (PMDB) national convention in Brasilia, on March 12, 2016. (Evaristo Sa/AFP/Getty Images) 
The Brazilian senate voted 55–22 to impeach President Dilma Rousseff on May 12, and now her ally-turned-enemy, Vice President Michel Temer, will take her place. 
Rousseff has been suspended while the Senate holds a trial to decide whether she should be permanently removed from office—which means Temer will serve as president for up to 180 days. If Rousseff is found guilty, the vice president will finish her presidential term. 
Here are a few things you should know about Temer. He Is Accused of Corruption 
The vice president was accused of instituting a lobbyist to bribe others between 1997 to 2001 in ethanol deals through state-run oil company Petrobas. Temer has denied the allegations. 
He also allegedly set up a meeting with the Petrobras director, who was involved in a series of corruption cases connected to Temer’s Brazilian Democratic Movement Party. However, Temer denies knowing the individual. 
The vice president is also under investigation for accepting more than $1.5 million in funds from construction company Camargo Correa that works with Petrobras, which Temer claims were legal campaign donations. But authorities say otherwise. Officials found spreadsheets from the construction company that listed Temer’s name 21 times next to numbers that added up to $345,000 in alleged bribes. The case was dismissed in court. Accused of Electoral Fraud 
Temer has also been accused of electoral fraud, and it’s one of the reasons why Brazilians aren’t fond of him. Rousseff is suspended for up to 180 days. VP Michel Temer takes over president, despite having just been convicted of electoral fraud… 
— Laura McQuillan (@mcquillanatorz) May 12, 2016 He Is of Lebanese Descent 
Temer’s family immigrated from Lebanon to São Paulo in the 1920s. After Rousseff’s impeachment people went on social media to say Brazil now has a Lebanese president. After two years of presidential vacancy in Lebanon, a new Lebanese president… In #Brazil @MichelTemer #Rousseff pic.twitter.com/1pWbWIc3Eu 
— Samy Gemayel (@samygemayel) May 12, 2016 Michel Temer is now the President of Brazil. 
So, Brazil has a Lebanese president, but Lebanon still doesn’t… pic.twitter.com/tdUZ3Gln0D
</post>
<signature>

</signature>
<external_links>

</external_links>
<country>US</country>
<main_image>http://www.theepochtimes.com/n3/eet-content/uploads/2016/05/12/GettyImages-515097224-674x449.jpg</main_image>
</document>
