<?xml version="1.0" encoding="UTF-8"?>
<document>
<type>mainstream</type>
<forum>http://www.informazione.it/xml/pr/0d62108b-a0c2-46f5-b8d9-9aed3a376451.xml?lng=neutral</forum>
<forum_title>I Comunicati Stampa di PR Newswire su informazione.it</forum_title>
<discussion_title>Full Service Digital Agency Thin Martian Re-launches as an Interface Specialist</discussion_title>
<language>english</language>
<gmt_offset></gmt_offset>
<topic_url>http://www.informazione.it/c/AF3A6792-BE39-4E05-80DE-7E145F28C0D5/Full-Service-Digital-Agency-Thin-Martian-Re-launches-as-an-Interface-Specialist</topic_url>
<topic_text>
Full Service Digital Agency Thin Martian Re-launches as an Interface Specialist ( informazione.it - comunicati stampa - editoria e media ) 

As one of these agencies, Thin Martian has always said we&apos;re full service. We did strategy, design, development, mobile, products, marketing, social, content, you name it, we did it. But the digital universe has evolved and got more competitive so us Martians are evolving too. 
User expectations are increasing as the number of digital interfaces they encounter every day increases in quality as well as quantity. To compete as an agency, or a client with a digital offering, good is no longer good enough, your user experience needs to be out of this world. 
We&apos;ve tried to do everything in the past and whilst we&apos;ve done a great job it&apos;s not a sustainable model in delivering the best results. So we&apos;re happy to say we no longer do it all, we just aim to be the best at what we do. 
That&apos;s delivering world-class User Experience, Design and Frontend Development. 
We&apos;re small, we&apos;re smart and we specialise in… 
If it&apos;s a content based site that you need then we can build that too (it was after all our bread and butter for a long time), but for anything else we&apos;ll work with a partner agency or a client&apos;s in-house team to deliver collaboratively. We really believe that combining our specialist skills with other expert teams will deliver the best results. 
It&apos;s a bit like shopping for a new outfit. If you want to buy a nice outfit then you can go to a department store, but if you want something amazing then you need to go to a tailor. 
While we are making some big changes, there are lots of things about Thin Martian that are staying the same. It&apos;s the reason clients (like BA and Microsoft) have continued to choose and recommend us for many years, and why we attract the best talent. We&apos;ve got a great location in the heart of Old Street, a small flexible team with passion that exudes in everything we do and users will always continue to be our ultimate focus. We create simple interfaces people love. 
Have a look at our new site to find out more and see our work at www.thinmartian.com 
Or get in touch: / 020 7253 0000 / 32-37 Cowper Street, EC2A 4AW Ufficio Stampa
</topic_text>
<spam_score>0.00</spam_score>
<post_num>1</post_num>
<post_id>post-1</post_id>
<post_url>http://www.informazione.it/c/AF3A6792-BE39-4E05-80DE-7E145F28C0D5/Full-Service-Digital-Agency-Thin-Martian-Re-launches-as-an-Interface-Specialist</post_url>
<post_date>20160512</post_date>
<post_time>1519</post_time>
<username></username>
<post>
Full Service Digital Agency Thin Martian Re-launches as an Interface Specialist ( informazione.it - comunicati stampa - editoria e media ) 

As one of these agencies, Thin Martian has always said we&apos;re full service. We did strategy, design, development, mobile, products, marketing, social, content, you name it, we did it. But the digital universe has evolved and got more competitive so us Martians are evolving too. 
User expectations are increasing as the number of digital interfaces they encounter every day increases in quality as well as quantity. To compete as an agency, or a client with a digital offering, good is no longer good enough, your user experience needs to be out of this world. 
We&apos;ve tried to do everything in the past and whilst we&apos;ve done a great job it&apos;s not a sustainable model in delivering the best results. So we&apos;re happy to say we no longer do it all, we just aim to be the best at what we do. 
That&apos;s delivering world-class User Experience, Design and Frontend Development. 
We&apos;re small, we&apos;re smart and we specialise in… 
If it&apos;s a content based site that you need then we can build that too (it was after all our bread and butter for a long time), but for anything else we&apos;ll work with a partner agency or a client&apos;s in-house team to deliver collaboratively. We really believe that combining our specialist skills with other expert teams will deliver the best results. 
It&apos;s a bit like shopping for a new outfit. If you want to buy a nice outfit then you can go to a department store, but if you want something amazing then you need to go to a tailor. 
While we are making some big changes, there are lots of things about Thin Martian that are staying the same. It&apos;s the reason clients (like BA and Microsoft) have continued to choose and recommend us for many years, and why we attract the best talent. We&apos;ve got a great location in the heart of Old Street, a small flexible team with passion that exudes in everything we do and users will always continue to be our ultimate focus. We create simple interfaces people love. 
Have a look at our new site to find out more and see our work at www.thinmartian.com 
Or get in touch: / 020 7253 0000 / 32-37 Cowper Street, EC2A 4AW Ufficio Stampa
</post>
<signature>

</signature>
<external_links>

</external_links>
<country>IT</country>
<main_image>http://imgs3.informazione.it/img/pr_def_md.jpg</main_image>
</document>
