<?xml version="1.0" encoding="UTF-8"?>
<document>
<type>mainstream</type>
<forum>http://www.niftypulse.net/feeds/posts/default</forum>
<forum_title>Market Pulse Option Interest</forum_title>
<discussion_title>Option Open Interest for 11-05-2016</discussion_title>
<language>english</language>
<gmt_offset></gmt_offset>
<topic_url>http://www.niftypulse.net/2016/05/option-open-interest-for-11-05-2016.html</topic_url>
<topic_text>
Option Open Interest for 11-  weak around 7800 but saw good buying at lower levels to move back in green but closed just a few points lower at 7848.85, loss of 38.95   weak with 601 advances to 939   7600-8100. Call option 7900-8000, 8200-8400 added 7.04 lacs OI with profit booking at 8100 strike price. Put option 7800, 7400, 7200-7100 added 8.80 lacs OI with short covering at 7900 and above strike prices. Nifty Open Interest is at 1,67,20,350 down by 17,63,100, with decrease in price, most probably long liquidation. Bank Nifty Open Interest is at 16,57,620 down by 22,020, with decrease in price, most probably long liquidation. FII’s sold 16260 contracts of Index Futures , which includes net 12407 contracts long liquidation and 3853 contracts short build-up, with decrease in net OI by 8554 contracts, includes 21325 longs to 37585   134118 Longs to 98876 Shorts, Net 35242 down by 16260 contracts. Initial support stays at 7800 , with OI of 48.69   51.47 lacs. Initial resistance at 7900, with OI of 51.04 lacs and above that at 8000 with highest OI of 65.44   7775 - 7911 and as per VIX is 7779 - 7919 with 7841 as the Pivot. India VIX : 16.96 up by 0.54 points Call OI : 46795350 Put OI : 42124200 PCR OI : 0.900 SMR : 18.84 ( Bullish : The OI table stays neutral with not much change in OI, series range stays at 7700-8000, with small advantage with the Bulls...) Posted by
</topic_text>
<spam_score>0.00</spam_score>
<post_num>1</post_num>
<post_id>post-1</post_id>
<post_url>http://www.niftypulse.net/2016/05/option-open-interest-for-11-05-2016.html</post_url>
<post_date>20160511</post_date>
<post_time>1608</post_time>
<username>Sanjay Jaiswal (noreply@blogger.com)</username>
<post>
Option Open Interest for 11-  weak around 7800 but saw good buying at lower levels to move back in green but closed just a few points lower at 7848.85, loss of 38.95   weak with 601 advances to 939   7600-8100. Call option 7900-8000, 8200-8400 added 7.04 lacs OI with profit booking at 8100 strike price. Put option 7800, 7400, 7200-7100 added 8.80 lacs OI with short covering at 7900 and above strike prices. Nifty Open Interest is at 1,67,20,350 down by 17,63,100, with decrease in price, most probably long liquidation. Bank Nifty Open Interest is at 16,57,620 down by 22,020, with decrease in price, most probably long liquidation. FII’s sold 16260 contracts of Index Futures , which includes net 12407 contracts long liquidation and 3853 contracts short build-up, with decrease in net OI by 8554 contracts, includes 21325 longs to 37585   134118 Longs to 98876 Shorts, Net 35242 down by 16260 contracts. Initial support stays at 7800 , with OI of 48.69   51.47 lacs. Initial resistance at 7900, with OI of 51.04 lacs and above that at 8000 with highest OI of 65.44   7775 - 7911 and as per VIX is 7779 - 7919 with 7841 as the Pivot. India VIX : 16.96 up by 0.54 points Call OI : 46795350 Put OI : 42124200 PCR OI : 0.900 SMR : 18.84 ( Bullish : The OI table stays neutral with not much change in OI, series range stays at 7700-8000, with small advantage with the Bulls...) Posted by
</post>
<signature>

</signature>
<external_links>

</external_links>
<country></country>
<main_image>https://3.bp.blogspot.com/-Nhm5mJtSIyY/VzNYFu3hpXI/AAAAAAAA690/--Sr3XazhXADjg298u_7r41NCjrntzZkgCLcB/w1200-h630-p-nu/OI%2BTable.PNG</main_image>
</document>
