<?xml version="1.0" encoding="UTF-8"?>
<document>
<type>mainstream</type>
<forum></forum>
<forum_title></forum_title>
<discussion_title>Mother&apos;s Talk: Emmina - Vogue.it</discussion_title>
<language>english</language>
<gmt_offset></gmt_offset>
<topic_url>http://www.vogue.it/moda/news/2016/05/11/mothers-talk-emmina/</topic_url>
<topic_text>
Fashion / News / Mother&apos;s Talk: Emmina May 11, 2016 1:30 PM by Virginia Galateri 
La designer Marta Ferri (in attesa del suo secondo figlio) e Yoox.com hanno presentato ieri, nella splendida cornice della Casa degli Atellani, una nuova ed esclusiva mini-me beachwear: EMMINA , perfetta per un weekend di evasione e fughe al mare tra mamma e figlia all’insegna dello stile. Uno splendido giardino pieno di palloncini rosa e verdi, maghi, truccatrici e il meraviglioso buffet composto da piccoli muffin colorati, mandorle tostate e succhi di mela e zenzero hanno reso il pomeriggio per le madri e i piccoli ospiti davvero magico. La collezione riprende la stampa floreale di un’ortensia ed è composta da una selezione di capi declinati per mamma e figlia: Diverse tipologie di bikini combinabili tra loro, un costume intero, un top ed un caftano. Realizzata in cotone a taglio vivo, la capsule è disponibile in tre varianti colore: lilla, giallo e verde acqua e nasce dalla collaborazione con il brand artigianale Isole&amp;Vulcani, scoperto da Marta durante i suoi viaggi in Sicilia. Way too cute! 
</topic_text>
<spam_score>0.00</spam_score>
<post_num>1</post_num>
<post_id>post-1</post_id>
<post_url>http://www.vogue.it/moda/news/2016/05/11/mothers-talk-emmina/</post_url>
<post_date>20160511</post_date>
<post_time></post_time>
<username></username>
<post>
Fashion / News / Mother&apos;s Talk: Emmina May 11, 2016 1:30 PM by Virginia Galateri 
La designer Marta Ferri (in attesa del suo secondo figlio) e Yoox.com hanno presentato ieri, nella splendida cornice della Casa degli Atellani, una nuova ed esclusiva mini-me beachwear: EMMINA , perfetta per un weekend di evasione e fughe al mare tra mamma e figlia all’insegna dello stile. Uno splendido giardino pieno di palloncini rosa e verdi, maghi, truccatrici e il meraviglioso buffet composto da piccoli muffin colorati, mandorle tostate e succhi di mela e zenzero hanno reso il pomeriggio per le madri e i piccoli ospiti davvero magico. La collezione riprende la stampa floreale di un’ortensia ed è composta da una selezione di capi declinati per mamma e figlia: Diverse tipologie di bikini combinabili tra loro, un costume intero, un top ed un caftano. Realizzata in cotone a taglio vivo, la capsule è disponibile in tre varianti colore: lilla, giallo e verde acqua e nasce dalla collaborazione con il brand artigianale Isole&amp;Vulcani, scoperto da Marta durante i suoi viaggi in Sicilia. Way too cute! 
</post>
<signature>

</signature>
<external_links>

</external_links>
<country>IE</country>
<main_image>http://images.vogue.it/wp-content/uploads/2016/05/11135917/Marta-Ferri-4fv-534x800.jpg</main_image>
</document>
