<?xml version="1.0" encoding="UTF-8"?>
<document>
<type>mainstream</type>
<forum>http://www.dudleynews.co.uk/news/regional/worcestershire/evesham/rss/</forum>
<forum_title>Dudley News | Evesham</forum_title>
<discussion_title>The Range superstore announces its opening date in Evesham</discussion_title>
<language>english</language>
<gmt_offset></gmt_offset>
<topic_url>http://www.dudleynews.co.uk/news/regional/worcestershire/evesham/14488230.The_Range_superstore_announces_its_opening_date_in_Evesham/?ref=rss</topic_url>
<topic_text>
The Range superstore announces its opening date in Evesham The Range is opening in Evesham on Friday May 20 0 comments 
THE RANGE superstore has announced its opening date in Four Pools Retail Park, in Evesham, with some special offers and activities. 
The store will be opening at 9am on Friday May 20 with Evesham mayor Cllr Fred Kaler and Cllr Sue Amor in attendance. 
The first 50 customers will receive special giveaways and there is a competition to win a share of £250 in Range vouchers. 
The celebrations will continue over the weekend with free face painting for children on Saturday May 21. Trimcraft and Design Objectives Crafts will be running free craft demonstrations throughout the weekend. 
The new store is bringing around 80 jobs to the local area, from warehouse staff and sales assistants to store and office managers. 
Chris Dawson, for The Range, said: “Opening a new store is always an exciting moment for the company and the Evesham store is no exception. It comes at a time of massive expansion for the company with many other new stores in the pipeline for 2016. We look forward to inviting the local community of Evesham down to celebrate the grand opening next week.” Share:
</topic_text>
<spam_score>0.00</spam_score>
<post_num>1</post_num>
<post_id>post-1</post_id>
<post_url>http://www.dudleynews.co.uk/news/regional/worcestershire/evesham/14488230.The_Range_superstore_announces_its_opening_date_in_Evesham/?ref=rss</post_url>
<post_date>20160512</post_date>
<post_time>0849</post_time>
<username></username>
<post>
The Range superstore announces its opening date in Evesham The Range is opening in Evesham on Friday May 20 0 comments 
THE RANGE superstore has announced its opening date in Four Pools Retail Park, in Evesham, with some special offers and activities. 
The store will be opening at 9am on Friday May 20 with Evesham mayor Cllr Fred Kaler and Cllr Sue Amor in attendance. 
The first 50 customers will receive special giveaways and there is a competition to win a share of £250 in Range vouchers. 
The celebrations will continue over the weekend with free face painting for children on Saturday May 21. Trimcraft and Design Objectives Crafts will be running free craft demonstrations throughout the weekend. 
The new store is bringing around 80 jobs to the local area, from warehouse staff and sales assistants to store and office managers. 
Chris Dawson, for The Range, said: “Opening a new store is always an exciting moment for the company and the Evesham store is no exception. It comes at a time of massive expansion for the company with many other new stores in the pipeline for 2016. We look forward to inviting the local community of Evesham down to celebrate the grand opening next week.” Share:
</post>
<signature>

</signature>
<external_links>

</external_links>
<country>GB</country>
<main_image>http://www.dudleynews.co.uk/resources/images/5054656/</main_image>
</document>
