<?xml version="1.0" encoding="UTF-8"?>
<document>
<type>mainstream</type>
<forum>http://feedpress.me/gds_hp_sicilia</forum>
<forum_title>Giornale di Sicilia</forum_title>
<discussion_title>Cassazione: Riina ancora pericolosissimo, mantiene contatti con la cosca</discussion_title>
<language>italian</language>
<gmt_offset></gmt_offset>
<topic_url>http://gds.it/2016/05/12/cassazione-riina-ancora-pericolosissimo-mantiene-contatti-con-la-cosca_511872/</topic_url>
<topic_text>
Cassazione: Riina ancora pericolosissimo, mantiene contatti con la cosca 12 Maggio 2016 
La sentenza ha confermato il carcere duro per l&apos;ex capo di Cosa Nostra 
ROMA. Totò Riina ha ancora una «elevatissima pericolosità sociale» e mantiene ancora la «capacità» di «mantenere i contatti con la cosca mafiosa di appartenenza». Lo sottolinea la Cassazione nelle motivazioni, depositate oggi, della sentenza 19811 che ha confermato il carcere duro per l&apos;ex capo di Cosa Nostra. 
Così la Suprema Corte ha respinto il reclamo di Riina contro l&apos;ordinanza del tribunale di sorveglianza di Roma, che il 18 aprile 2014 aveva convalidato il decreto del carcere duro emesso dal Guardasigilli il 26 novembre 2013. Il decreto prorogava l&apos;applicazione del 41 bis. 
Per i supremi giudici la ratifica del decreto «dà conto, esponendo una copiosa serie di precisi riferimenti ai dati desumibili da tutti gli atti disponibili, della specifica valutazione circa la elevatissima pericolosità sociale del Riina e, con un ragionamento adeguato, perviene, in considerazione della mancanza di elementi significativi atti a denotare il venir meno della capacità del detenuto di mantenere i contatti con la cosca mafiosa di appartenenza, alla conclusione del carattere attuale di tale capacità e quindi della permanenza dei presupposti per l&apos;applicazione» del &apos;carcere durò. Così il ricorso di Riina è stato dichiarato «inammissibile» con condanna a pagare mille euro alla Cassa delle Ammende. 
© Riproduzione riservata
</topic_text>
<spam_score>0.00</spam_score>
<post_num>1</post_num>
<post_id>post-1</post_id>
<post_url>http://gds.it/2016/05/12/cassazione-riina-ancora-pericolosissimo-mantiene-contatti-con-la-cosca_511872/</post_url>
<post_date>20160512</post_date>
<post_time>1448</post_time>
<username></username>
<post>
Cassazione: Riina ancora pericolosissimo, mantiene contatti con la cosca 12 Maggio 2016 
La sentenza ha confermato il carcere duro per l&apos;ex capo di Cosa Nostra 
ROMA. Totò Riina ha ancora una «elevatissima pericolosità sociale» e mantiene ancora la «capacità» di «mantenere i contatti con la cosca mafiosa di appartenenza». Lo sottolinea la Cassazione nelle motivazioni, depositate oggi, della sentenza 19811 che ha confermato il carcere duro per l&apos;ex capo di Cosa Nostra. 
Così la Suprema Corte ha respinto il reclamo di Riina contro l&apos;ordinanza del tribunale di sorveglianza di Roma, che il 18 aprile 2014 aveva convalidato il decreto del carcere duro emesso dal Guardasigilli il 26 novembre 2013. Il decreto prorogava l&apos;applicazione del 41 bis. 
Per i supremi giudici la ratifica del decreto «dà conto, esponendo una copiosa serie di precisi riferimenti ai dati desumibili da tutti gli atti disponibili, della specifica valutazione circa la elevatissima pericolosità sociale del Riina e, con un ragionamento adeguato, perviene, in considerazione della mancanza di elementi significativi atti a denotare il venir meno della capacità del detenuto di mantenere i contatti con la cosca mafiosa di appartenenza, alla conclusione del carattere attuale di tale capacità e quindi della permanenza dei presupposti per l&apos;applicazione» del &apos;carcere durò. Così il ricorso di Riina è stato dichiarato «inammissibile» con condanna a pagare mille euro alla Cassa delle Ammende. 
© Riproduzione riservata
</post>
<signature>

</signature>
<external_links>

</external_links>
<country>ME</country>
<main_image>http://gds.it.cdn-immedia.net/2014/12/riina-535x300.jpg</main_image>
</document>
