<?xml version="1.0" encoding="UTF-8"?>
<document>
<type>mainstream</type>
<forum>http://rian.com.ua/export/rss2/index.xml</forum>
<forum_title>РИА Новости Украина Украина</forum_title>
<discussion_title>ДНР: Киев не выполнит пункты по выборам в Донбассе до 24 июля</discussion_title>
<language>russian</language>
<gmt_offset></gmt_offset>
<topic_url>http://rian.com.ua/politics/20160512/1009865752.html</topic_url>
<topic_text>
Выборы в Донбассе: бег по замкнутому кругу украинского законодательства 
&quot;Мы видим по заявлениям, что такого намерения нет. Намерение есть в абсолютно другую сторону. И более того, вся история с переименованием населенных пунктов транслирует все то же послание, что будут препятствовать проведению выборов&quot;, — заявила она, отвечая на соответствующий вопрос журналиста. 
Никонорова также напомнила, что ДНР готова провести выборы, как только Киевом будут соблюдены все способствующие этому условия, такие как прекращение военной операции в Донбассе, отмена блокады региона, проведение Конституционной реформы. 
В среду состоялась встреча глав МИД стран &quot;нормандской четверки&quot; (РФ, Франция, ФРГ, Украина). По ее итогам участники переговоров признали, что не достигли прорывов в политических вопросах урегулирования, в первую очередь, вопроса проведения местных выборов в Донбассе. Глава МИД Украины Павел Климкин заявил, что отверг предложения своего российского коллеги по этой проблематике, в том числе по избирательному законодательству. 
Ранее Берлин, Париж и Москва заявляли о необходимости провести местные выборы в первой половине 2016 года. Главы самопровозглашенных ДНР и ЛНР назначили местные выборы на 24 июля.
</topic_text>
<spam_score>0.00</spam_score>
<post_num>1</post_num>
<post_id>post-1</post_id>
<post_url>http://rian.com.ua/politics/20160512/1009865752.html</post_url>
<post_date>20160512</post_date>
<post_time>1603</post_time>
<username></username>
<post>
Выборы в Донбассе: бег по замкнутому кругу украинского законодательства 
&quot;Мы видим по заявлениям, что такого намерения нет. Намерение есть в абсолютно другую сторону. И более того, вся история с переименованием населенных пунктов транслирует все то же послание, что будут препятствовать проведению выборов&quot;, — заявила она, отвечая на соответствующий вопрос журналиста. 
Никонорова также напомнила, что ДНР готова провести выборы, как только Киевом будут соблюдены все способствующие этому условия, такие как прекращение военной операции в Донбассе, отмена блокады региона, проведение Конституционной реформы. 
В среду состоялась встреча глав МИД стран &quot;нормандской четверки&quot; (РФ, Франция, ФРГ, Украина). По ее итогам участники переговоров признали, что не достигли прорывов в политических вопросах урегулирования, в первую очередь, вопроса проведения местных выборов в Донбассе. Глава МИД Украины Павел Климкин заявил, что отверг предложения своего российского коллеги по этой проблематике, в том числе по избирательному законодательству. 
Ранее Берлин, Париж и Москва заявляли о необходимости провести местные выборы в первой половине 2016 года. Главы самопровозглашенных ДНР и ЛНР назначили местные выборы на 24 июля.
</post>
<signature>

</signature>
<external_links>

</external_links>
<country>UA</country>
<main_image>http://rian.com.ua/images/36236/79/362367900.jpg</main_image>
</document>
