<?xml version="1.0" encoding="UTF-8"?>
<document>
<type>mainstream</type>
<forum>http://rssfeeds.wlbz2.com/_/20/88796025/wlbz/watercooler</forum>
<forum_title>WLBZ - Weird</forum_title>
<discussion_title>Toddler&apos;s light-up shoes spark fire</discussion_title>
<language>english</language>
<gmt_offset></gmt_offset>
<topic_url>http://www.wlbz2.com/news/local/family-toddlers-light-up-shoes-sparked-fire-inside-suv/182593420</topic_url>
<topic_text>
Close Family: Toddler&apos;s light-up shoes sparked fire inside SUV A Katy family believes their toddler&apos;s light-up shoes sparked a fire inside of their SUV. The Fire Marshall&apos;s Office is investigating and said the shoes could have been what caused the fire. The family is just thankful the toddler wasn&apos;t wearing them at t Marcelino Benito, KHOU 11:38 AM. EST May 09, 2016 The parents believe their toddler&apos;s light-up shoes sparked a fire in their SUV on Saturday. (Photo: KHOU 11 News) 
KATY, Texas - Two local parents are speaking out after an unusual car fire may have been sparked by their son&apos;s light-up shoes. 
On Saturday morning, Attila Virag and his wife Jovan noticed a dark haze inside their SUV. 
As soon as they opened the door, they could smell burning plastic. 
The fire in the backseat burned a hole through the floor and the passenger seat was melted. Jovan called the Harris County Fire Marshal&apos;s Office to take a closer look. 
&quot;There just wasn&apos;t anything in there to start a fire,&quot; she said. &quot;Only shoes and clothes.&quot; 
Although the Fire Marshal&apos;s Office hasn&apos;t officially ruled on the cause of the fire, the office confirms the toddler&apos;s light-up shoe is a possible cause. 
That&apos;s why the Virag&apos;s are speaking out to warn other families. 
&quot;I&apos;m just glad that my son wasn&apos;t wearing it at the time,&quot; said Jovan. &quot;I don&apos;t know if he could have told me his foot was getting hot, and I don&apos;t think he could have taken it off by himself.&quot; 
Her 2 1/2 year-old son Warren now can&apos;t wear his favorite &quot;Jake and the Neverland Pirates&quot; sneakers anymore. 
Half of one of the shoes was burned away. There was nothing left except a sizzled, charred battery and wiring. 
Attila dissected the one that didn&apos;t burn and discovered lithium batteries power the flashing lights. 
&quot;I didn&apos;t know there&apos;s a battery in there that could be flammable if it&apos;s shorted,&quot; he said. 
Now these parents will be extra careful, vowing not to buy the same type of shoe anymore. 
&quot;I don&apos;t want this to happen to somebody else and we&apos;re relieved it happened in our car because at least that can be fixed,&quot; said Jovan. 
The couple plans to reach out to Payless where they bought the $25 shoe on Monday morning. 
%
</topic_text>
<spam_score>0.00</spam_score>
<post_num>1</post_num>
<post_id>post-1</post_id>
<post_url>http://www.wlbz2.com/news/local/family-toddlers-light-up-shoes-sparked-fire-inside-suv/182593420</post_url>
<post_date>20160509</post_date>
<post_time>1638</post_time>
<username>Marcelino Benito</username>
<post>
Close Family: Toddler&apos;s light-up shoes sparked fire inside SUV A Katy family believes their toddler&apos;s light-up shoes sparked a fire inside of their SUV. The Fire Marshall&apos;s Office is investigating and said the shoes could have been what caused the fire. The family is just thankful the toddler wasn&apos;t wearing them at t Marcelino Benito, KHOU 11:38 AM. EST May 09, 2016 The parents believe their toddler&apos;s light-up shoes sparked a fire in their SUV on Saturday. (Photo: KHOU 11 News) 
KATY, Texas - Two local parents are speaking out after an unusual car fire may have been sparked by their son&apos;s light-up shoes. 
On Saturday morning, Attila Virag and his wife Jovan noticed a dark haze inside their SUV. 
As soon as they opened the door, they could smell burning plastic. 
The fire in the backseat burned a hole through the floor and the passenger seat was melted. Jovan called the Harris County Fire Marshal&apos;s Office to take a closer look. 
&quot;There just wasn&apos;t anything in there to start a fire,&quot; she said. &quot;Only shoes and clothes.&quot; 
Although the Fire Marshal&apos;s Office hasn&apos;t officially ruled on the cause of the fire, the office confirms the toddler&apos;s light-up shoe is a possible cause. 
That&apos;s why the Virag&apos;s are speaking out to warn other families. 
&quot;I&apos;m just glad that my son wasn&apos;t wearing it at the time,&quot; said Jovan. &quot;I don&apos;t know if he could have told me his foot was getting hot, and I don&apos;t think he could have taken it off by himself.&quot; 
Her 2 1/2 year-old son Warren now can&apos;t wear his favorite &quot;Jake and the Neverland Pirates&quot; sneakers anymore. 
Half of one of the shoes was burned away. There was nothing left except a sizzled, charred battery and wiring. 
Attila dissected the one that didn&apos;t burn and discovered lithium batteries power the flashing lights. 
&quot;I didn&apos;t know there&apos;s a battery in there that could be flammable if it&apos;s shorted,&quot; he said. 
Now these parents will be extra careful, vowing not to buy the same type of shoe anymore. 
&quot;I don&apos;t want this to happen to somebody else and we&apos;re relieved it happened in our car because at least that can be fixed,&quot; said Jovan. 
The couple plans to reach out to Payless where they bought the $25 shoe on Monday morning. 
%
</post>
<signature>

</signature>
<external_links>

</external_links>
<country>US</country>
<main_image>http://content.khou.com/photo/2016/05/08/shoes_1462765473693_2166427_ver1.0_640_360.JPG</main_image>
</document>
