<?xml version="1.0" encoding="UTF-8"?>
<document>
<type>mainstream</type>
<forum>https://www.americanhealthline.com/rss.xml</forum>
<forum_title>RSS</forum_title>
<discussion_title>NIH to replace management team at research hospital</discussion_title>
<language>english</language>
<gmt_offset></gmt_offset>
<topic_url>https://www.americanhealthline.com/Members/Request-Access?item=%2ftodays-news%2f2016%2f05%2f12%2fnih-management&amp;user=ahl%5cAnonymous&amp;site=ahl</topic_url>
<topic_text>
 
</topic_text>
<spam_score>0.00</spam_score>
<post_num>1</post_num>
<post_id>post-1</post_id>
<post_url>https://www.americanhealthline.com/Members/Request-Access?item=%2ftodays-news%2f2016%2f05%2f12%2fnih-management&amp;user=ahl%5cAnonymous&amp;site=ahl</post_url>
<post_date>20160512</post_date>
<post_time>1430</post_time>
<username></username>
<post>
 
</post>
<signature>

</signature>
<external_links>

</external_links>
<country>US</country>
<main_image></main_image>
</document>
