<?xml version="1.0" encoding="UTF-8"?>
<document>
<type>mainstream</type>
<forum>http://www.informazione.it/xml/pr/0d62108b-a0c2-46f5-b8d9-9aed3a376451.xml?lng=neutral</forum>
<forum_title>I Comunicati Stampa di PR Newswire su informazione.it</forum_title>
<discussion_title>Risen Places 22 MWp into Eastern Europe</discussion_title>
<language>english</language>
<gmt_offset></gmt_offset>
<topic_url>http://www.informazione.it/c/3DBC4A55-1033-43C2-AFAE-14A97B4338CE/Risen-Places-22-MWp-into-Eastern-Europe</topic_url>
<topic_text>
Modifica password Risen Places 22 MWp into Eastern Europe NINGBO, China, May 12, 2016 /PRNewswire/ -- Risen Energy Co., Ltd, is a leading, global, Tier 1, manufacturer of high-performance solar photovoltaic products and provider of total business solutions for power generation, today announced that 22 MWp of Risen&apos;s Solar PV modules have been delivered into the Republic of Belarus. NINGBO, China, ( informazione.it - comunicati stampa - information technology ) 
NINGBO, China , May 12, 2016 /PRNewswire/ -- Risen Energy Co., Ltd, is a leading, global, Tier 1 , manufacturer of high-performance solar photovoltaic products and provider of total business solutions for power generation, today announced that 22 MWp of Risen&apos;s Solar PV modules have been delivered into the Republic of Belarus . 
This significant event was part of a delivery program with the LSG Group, who design and build renewable energy power plants within Central and Eastern Europe , and beyond. With a principle of &quot;following the customer&quot; since the year 2000, LSG has amassed an immense volume of valuable data on what works to the benefit of their clients; they are able to specifically focus on valid data for life-cycle evaluation for each opportunity. Whilst it is a &quot;feather in the cap&quot; for Risen to be selected for this project, it also adds another country to Risen&apos;s rapidly expanding repertoire. 
Mr. Karl G o th, Managing Director of LSG confirmed; &quot;Our credibility is one of our most important intangible assets; doors are opened, profits are generated and competitors crushed, and as you can imagine we protect it with a singular fervour. When it comes to choosing our suppliers, we dig deep into our knowledge and theirs, only proceeding if there is capability alignment, and a potential increase to our offering. With Risen, we have found a committed provider of solutions, who demonstrate a further benefit to total cost of ownership for solar PV systems, and as such a perfect match for our strategic growth.&quot; 
&quot;Another day, another country&quot; confirmed Mr. Bypina Veerraju Chaudary, CSMO of Risen Energy, &quot;but more importantly, another credible customer who has evaluated Risen&apos;s techno-commercial offering in detail and discovered our secret formula can push their customer satisfaction indices and profit margins into new territory. We are of course ecstatic to have been both given the opportunity, and immensely honoured to have addressed and passed this critical analysis.&quot; 
As each opportunity arises, Risen continues to provide tailored business solutions to accommodate the unique conditions that this industry continues to create. Back to Risen; &quot;On the face of it, many purchasers believe that any solar PV module can deliver their anticipated results within their project. We strongly believe that this approach misses the real opportunity to capture the full potential for our customers and the end users. By delving deep, there are greater benefits to be mined; more and more we are experiencing this with our knowledgeable customers.&quot; 
About Risen 
Risen Energy is a leading, global, Tier 1 , &quot;AAA&quot; credit rated manufacturer of high-performance solar photovoltaic products and provider of total business solutions for power generation. The Company, founded in 2002 and publicly listed in 2010, compels value generation for its chosen global customers. Techno-commercial innovation, underpinned by consummate quality and support, encircle Risen total Solar PV business solutions which are among the most powerful and cost effective in the industry. With local market presence, and strong financial bankability status, we are committed, and able, to building strategic, mutually beneficial collaborations with our partners, as together we capitalise on the rising value of green energy. Ufficio Stampa
</topic_text>
<spam_score>0.00</spam_score>
<post_num>1</post_num>
<post_id>post-1</post_id>
<post_url>http://www.informazione.it/c/3DBC4A55-1033-43C2-AFAE-14A97B4338CE/Risen-Places-22-MWp-into-Eastern-Europe</post_url>
<post_date>20160512</post_date>
<post_time>1420</post_time>
<username></username>
<post>
Modifica password Risen Places 22 MWp into Eastern Europe NINGBO, China, May 12, 2016 /PRNewswire/ -- Risen Energy Co., Ltd, is a leading, global, Tier 1, manufacturer of high-performance solar photovoltaic products and provider of total business solutions for power generation, today announced that 22 MWp of Risen&apos;s Solar PV modules have been delivered into the Republic of Belarus. NINGBO, China, ( informazione.it - comunicati stampa - information technology ) 
NINGBO, China , May 12, 2016 /PRNewswire/ -- Risen Energy Co., Ltd, is a leading, global, Tier 1 , manufacturer of high-performance solar photovoltaic products and provider of total business solutions for power generation, today announced that 22 MWp of Risen&apos;s Solar PV modules have been delivered into the Republic of Belarus . 
This significant event was part of a delivery program with the LSG Group, who design and build renewable energy power plants within Central and Eastern Europe , and beyond. With a principle of &quot;following the customer&quot; since the year 2000, LSG has amassed an immense volume of valuable data on what works to the benefit of their clients; they are able to specifically focus on valid data for life-cycle evaluation for each opportunity. Whilst it is a &quot;feather in the cap&quot; for Risen to be selected for this project, it also adds another country to Risen&apos;s rapidly expanding repertoire. 
Mr. Karl G o th, Managing Director of LSG confirmed; &quot;Our credibility is one of our most important intangible assets; doors are opened, profits are generated and competitors crushed, and as you can imagine we protect it with a singular fervour. When it comes to choosing our suppliers, we dig deep into our knowledge and theirs, only proceeding if there is capability alignment, and a potential increase to our offering. With Risen, we have found a committed provider of solutions, who demonstrate a further benefit to total cost of ownership for solar PV systems, and as such a perfect match for our strategic growth.&quot; 
&quot;Another day, another country&quot; confirmed Mr. Bypina Veerraju Chaudary, CSMO of Risen Energy, &quot;but more importantly, another credible customer who has evaluated Risen&apos;s techno-commercial offering in detail and discovered our secret formula can push their customer satisfaction indices and profit margins into new territory. We are of course ecstatic to have been both given the opportunity, and immensely honoured to have addressed and passed this critical analysis.&quot; 
As each opportunity arises, Risen continues to provide tailored business solutions to accommodate the unique conditions that this industry continues to create. Back to Risen; &quot;On the face of it, many purchasers believe that any solar PV module can deliver their anticipated results within their project. We strongly believe that this approach misses the real opportunity to capture the full potential for our customers and the end users. By delving deep, there are greater benefits to be mined; more and more we are experiencing this with our knowledgeable customers.&quot; 
About Risen 
Risen Energy is a leading, global, Tier 1 , &quot;AAA&quot; credit rated manufacturer of high-performance solar photovoltaic products and provider of total business solutions for power generation. The Company, founded in 2002 and publicly listed in 2010, compels value generation for its chosen global customers. Techno-commercial innovation, underpinned by consummate quality and support, encircle Risen total Solar PV business solutions which are among the most powerful and cost effective in the industry. With local market presence, and strong financial bankability status, we are committed, and able, to building strategic, mutually beneficial collaborations with our partners, as together we capitalise on the rising value of green energy. Ufficio Stampa
</post>
<signature>

</signature>
<external_links>

</external_links>
<country>IT</country>
<main_image>http://imgs3.informazione.it/img/pr_def_md.jpg</main_image>
</document>
