<?xml version="1.0" encoding="UTF-8"?>
<document>
<type>mainstream</type>
<forum>http://ecodibergamo.it/publisher/archivio/section/prev/11/1181543/271/</forum>
<forum_title>Sport L&apos;Eco di Bergamo - Notizie di Bergamo e provincia</forum_title>
<discussion_title>Bellini: «Il rigore l’hanno tirato i tifosi Ho vissuto un sogno grazie a voi» Bergamo</discussion_title>
<language>italian</language>
<gmt_offset></gmt_offset>
<topic_url>http://ecodibergamo.it/stories/Sport/bellini-il-rigore-lhanno-tirato-i-tifosiho-vissuto-un-sogno-grazie-a-voi_1181517_11</topic_url>
<topic_text>
 «È tutto incredibile, sono stati 18 anni meravigliosi . Bergamo è incredibile per come è legata all’Atalanta . I tifosi amano chi dà tutto per la maglia e io ho fatto il possibile». Con queste parole il difensore ha raccontato le sue sensazioni, «indescrivibili. In settimana scherzavamo con i compagni, mi dicevano che in caso di rigore mi avrebbero fatto calciare, io non ci pensavo, ma poi quando l’arbitro ha fischiato i tifosi mi hanno quasi spinto sul dischetto».
Lo striscione per Bellini
(Foto by Magni Paolo Foto)
È stata una giornata indimenticabile per il 36enne capitano che è stato l’assoluto protagonista con lo stadio Comunale che era tutto per lui. « Ho vissuto un sogno grazie a voi. Ma i giocatori passano, i tifosi restano. L’Atalanta è vostra».
Il difensore dell&apos;Atalanta Gianpaolo Bellini saluta il pubblico con tutta la squadra
(Foto by Magni Paolo Foto)
Bellini ha salutato così il pubblico bergamasco alla conclusione di Atalanta-Udinese parlando al microfono in mezzo al campo. «È impossibile spiegare cosa ho provato oggi e negli ultimi giorni. Sono emozioni che non avrei mai immaginato di vivere . Mia moglie ha un tatuaggio con scritto: non sognare la tua vita ma vivi i tuoi sogni. Io ci sono riuscito grazie a voi tifosi, vi voglio bene. Ringrazio gli allenatori e i compagni che ho avuto: il gruppo è la cosa più importante».
Il difensore dell&apos;Atalanta Gianpaolo Bellini saluta il pubblico visibilmente commosso
(Foto by Magni Paolo Foto)
Visibilmente commosso, Bellini ha ricevuto dal presidente Antonio Percassi la maglietta con il numero 281, come le presenze in serie A in nerazzurro. «Voglio ringraziare Gianpaolo - ha sottolineato Percassi - un grande uomo e un grande capitano».
Il passaggio di fascia tra Bellini e Cigarini
(Foto by Magni Paolo Foto)
</topic_text>
<spam_score>0.00</spam_score>
<post_num>3</post_num>
<post_id>post-3</post_id>
<post_url>http://ecodibergamo.it/stories/Sport/bellini-il-rigore-lhanno-tirato-i-tifosiho-vissuto-un-sogno-grazie-a-voi_1181517_11</post_url>
<post_date>20160509</post_date>
<post_time>1117</post_time>
<username>MARCO SARTI</username>
<post>
vuoi vedere che gli intitoleranno una via a Bergamo ???? ma dove siamo al Bellini day ???
</post>
<signature>

</signature>
<external_links>

</external_links>
<country>IT</country>
<main_image>http://lightstorage.ecodibergamo.it/mediaon/cms.newecodibergamo/storage/site_media/media/photologue/2016/5/8/photos/cache/bellini-il-rigore-lhanno-tirato-i-tifosiho-vissuto-un-sogno-grazie-a-voi_13b83796-1537-11e6-a68f-2caebb0e1a6b_998_397_display.jpg</main_image>
</document>
