<?xml version="1.0" encoding="UTF-8"?>
<document>
<type>mainstream</type>
<forum>http://feeds.feedburner.com/uludagsozluk/</forum>
<forum_title>uludag sozluk</forum_title>
<discussion_title>uludağ sözlük kadın yazar savaşlari</discussion_title>
<language>turkish</language>
<gmt_offset></gmt_offset>
<topic_url>http://www.uludagsozluk.com/e/32445634/</topic_url>
<topic_text>
uludağ sözlük kadın yazar savaşlari 30. Epeydir yoğudu emme artıkın olacak hacılar. Emeklilik kararımı gözden geçirdim ve formamı giyip sahalara dönme kararı aldım. * herkes akıllı olsun akıllı. Öyle sevgi pıtırcığı, elit havalar, şiir paylaşımları yok bizde. Bizde kan var, gözyaşı var, kaos var. Tanrılar kurban istiyor çünkü.
</topic_text>
<spam_score>0.00</spam_score>
<post_num>1</post_num>
<post_id>post-1</post_id>
<post_url>http://www.uludagsozluk.com/e/32445634/</post_url>
<post_date>20160512</post_date>
<post_time>1233</post_time>
<username>facetoraven</username>
<post>
uludağ sözlük kadın yazar savaşlari 30. Epeydir yoğudu emme artıkın olacak hacılar. Emeklilik kararımı gözden geçirdim ve formamı giyip sahalara dönme kararı aldım. * herkes akıllı olsun akıllı. Öyle sevgi pıtırcığı, elit havalar, şiir paylaşımları yok bizde. Bizde kan var, gözyaşı var, kaos var. Tanrılar kurban istiyor çünkü.
</post>
<signature>

</signature>
<external_links>

</external_links>
<country>TR</country>
<main_image></main_image>
</document>
