<?xml version="1.0" encoding="UTF-8"?>
<document>
<type>mainstream</type>
<forum></forum>
<forum_title></forum_title>
<discussion_title>FAKTA FAKTANYA WOW on Twitter: &quot;Remaja yang mengalami gangguan tidur kebanyakan juga memiliki teman dengan gangguan yang sama. [University of Cincinnati]&quot;</discussion_title>
<language>english</language>
<gmt_offset></gmt_offset>
<topic_url>https://twitter.com/wowfakta/status/730788217633406976</topic_url>
<topic_text>
Don&apos;t have an account? Sign up » Close Sign up for Twitter Not on Twitter? Sign up, tune into the things you care about, and get updates as they happen. Have an account? Log in » Close Two-way (sending and receiving) short codes: Country 
</topic_text>
<spam_score>0.00</spam_score>
<post_num>1</post_num>
<post_id>post-1</post_id>
<post_url>https://twitter.com/wowfakta/status/730788217633406976</post_url>
<post_date>20160512</post_date>
<post_time></post_time>
<username></username>
<post>
Don&apos;t have an account? Sign up » Close Sign up for Twitter Not on Twitter? Sign up, tune into the things you care about, and get updates as they happen. Have an account? Log in » Close Two-way (sending and receiving) short codes: Country 
</post>
<signature>

</signature>
<external_links>

</external_links>
<country>US</country>
<main_image>https://pbs.twimg.com/profile_images/585351174523461632/RUkjKnUM_400x400.png</main_image>
</document>
