<?xml version="1.0" encoding="UTF-8"?>
<document>
<type>mainstream</type>
<forum>http://www.sursadestiri.net/cat/rss/divertisment.html</forum>
<forum_title>SursaDeStiri.net - Divertisment</forum_title>
<discussion_title>&quot;Romantic pur&quot; - recitalul pianistei Dana Borsan la Sala Radio</discussion_title>
<language>romanian</language>
<gmt_offset></gmt_offset>
<topic_url>http://www.sursadestiri.net/quot-romantic-pur-quot-recitalul-pianistei-dana-borsan-la-sala-radio-s4903070353.html</topic_url>
<topic_text>
Sursa De Stiri » Divertisment » Divertisment, 12.05.2016 »&quot;Romantic pur&quot; - recitalul pianistei Dana Borsan la Sala Radio &quot;Romantic pur&quot; - recitalul pianistei Dana Borsan la Sala Radio 12 Mai 2016 Miercuri, 18 mai (ora 19.00), pianista Dana Borşan, revine pe scena Salii Radio cu un nou recital. Sub titlul “Romantic pur”, solista Orchestrelor şi Corurilor Radio vă propune de această dată un repertoriu ce reuneşte o partitură semnată de Schumann şi trei creaţii ale lui Chopin. Compozitor de o sensibilitate aparte, care a tradus în creațiile sale drama interioară prin care trecea, Schumann privea menirea unui artist ca pe o misiune sacră: “Să trimiți lumina în întunericul din sufletul... continuare
</topic_text>
<spam_score>0.00</spam_score>
<post_num>1</post_num>
<post_id>post-1</post_id>
<post_url>http://www.sursadestiri.net/quot-romantic-pur-quot-recitalul-pianistei-dana-borsan-la-sala-radio-s4903070353.html</post_url>
<post_date>20160511</post_date>
<post_time>2100</post_time>
<username></username>
<post>
Sursa De Stiri » Divertisment » Divertisment, 12.05.2016 »&quot;Romantic pur&quot; - recitalul pianistei Dana Borsan la Sala Radio &quot;Romantic pur&quot; - recitalul pianistei Dana Borsan la Sala Radio 12 Mai 2016 Miercuri, 18 mai (ora 19.00), pianista Dana Borşan, revine pe scena Salii Radio cu un nou recital. Sub titlul “Romantic pur”, solista Orchestrelor şi Corurilor Radio vă propune de această dată un repertoriu ce reuneşte o partitură semnată de Schumann şi trei creaţii ale lui Chopin. Compozitor de o sensibilitate aparte, care a tradus în creațiile sale drama interioară prin care trecea, Schumann privea menirea unui artist ca pe o misiune sacră: “Să trimiți lumina în întunericul din sufletul... continuare
</post>
<signature>

</signature>
<external_links>

</external_links>
<country>DE</country>
<main_image></main_image>
</document>
