<?xml version="1.0" encoding="UTF-8"?>
<document>
<type>mainstream</type>
<forum>http://www.sursadestiri.net/cat/rss/divertisment.html</forum>
<forum_title>SursaDeStiri.net - Divertisment</forum_title>
<discussion_title>O femeie de 72 de ani a devenit, pentru prima dată, MAMĂ</discussion_title>
<language>romanian</language>
<gmt_offset></gmt_offset>
<topic_url>http://www.sursadestiri.net/o-femeie-de-72-de-ani-a-devenit-pentru-prima-data-mama-s1423070350.html</topic_url>
<topic_text>
Actualizat acum 2 minute Sursa De Stiri » Divertisment » Divertisment, 12.05.2016 » O femeie de 72 de ani a devenit, pentru prima dată, MAMĂ O femeie de 72 de ani a devenit, pentru prima dată, MAMĂ 12 Mai 2016 Daljinder Kaur, în vârstă de 72 de ani, a dat naştere unui băieţel sănătos pe care l-a numit Arman Singh. Femeia a născut copilul pe 19 aprilie al acestui an, la 46 de ani de la căsătorie şi după aproximativ 20 de ani de menopauză, informeaza Descopera.ro. citeste mai departe... continuare Subiecte asemanatoare Rihanna a devenit prima femeie cu peste 20 de milioane de abonați pe YouTube 6 Aprilie 2016 - Rihanna, celebra cântăreață originară din Barbados, a înregistrat, la numai 28 de ani, un remarcabil record, devenind prima femeie cu peste 20 de milioane de... A născut tripleţi la vârsta la care alte femei devin bunici. Vei fi uimit să afli câţi ani are 6 Aprilie 2016 - O femeie în vârstă de 55 de ani a devenit cea mai în vârstă mamă de tripleţi, după ce recent a adus pe lume doi băieţi şi o fetiţă. Sharon Cutts şi...
</topic_text>
<spam_score>0.00</spam_score>
<post_num>1</post_num>
<post_id>post-1</post_id>
<post_url>http://www.sursadestiri.net/o-femeie-de-72-de-ani-a-devenit-pentru-prima-data-mama-s1423070350.html</post_url>
<post_date>20160511</post_date>
<post_time>2100</post_time>
<username></username>
<post>
Actualizat acum 2 minute Sursa De Stiri » Divertisment » Divertisment, 12.05.2016 » O femeie de 72 de ani a devenit, pentru prima dată, MAMĂ O femeie de 72 de ani a devenit, pentru prima dată, MAMĂ 12 Mai 2016 Daljinder Kaur, în vârstă de 72 de ani, a dat naştere unui băieţel sănătos pe care l-a numit Arman Singh. Femeia a născut copilul pe 19 aprilie al acestui an, la 46 de ani de la căsătorie şi după aproximativ 20 de ani de menopauză, informeaza Descopera.ro. citeste mai departe... continuare Subiecte asemanatoare Rihanna a devenit prima femeie cu peste 20 de milioane de abonați pe YouTube 6 Aprilie 2016 - Rihanna, celebra cântăreață originară din Barbados, a înregistrat, la numai 28 de ani, un remarcabil record, devenind prima femeie cu peste 20 de milioane de... A născut tripleţi la vârsta la care alte femei devin bunici. Vei fi uimit să afli câţi ani are 6 Aprilie 2016 - O femeie în vârstă de 55 de ani a devenit cea mai în vârstă mamă de tripleţi, după ce recent a adus pe lume doi băieţi şi o fetiţă. Sharon Cutts şi...
</post>
<signature>

</signature>
<external_links>

</external_links>
<country>DE</country>
<main_image></main_image>
</document>
