<?xml version="1.0" encoding="UTF-8"?>
<document>
<type>mainstream</type>
<forum>http://feedpress.me/gds_hp_sicilia</forum>
<forum_title>Giornale di Sicilia</forum_title>
<discussion_title>Depressione al top delle malattie più diffuse ma solo uno su tre si cura</discussion_title>
<language>italian</language>
<gmt_offset></gmt_offset>
<topic_url>http://gds.it/2016/05/12/depressione-al-top-delle-malattie-piu-diffuse-ma-solo-uno-su-tre-si-cura_511873/</topic_url>
<topic_text>
Depressione al top delle malattie più diffuse ma solo uno su tre si cura 12 Maggio 2016 5 
ROMA. La depressione è ai vertici della classifica delle malattie più diffuse, con 33 milioni di casi in Europa, eppure solo un paziente su tre si cura , e la metà lo fa in modo inappropriato. 
A lanciare l&apos;allarme sono gli psichiatri che, in occasione di un incontro a Milano, annunciano l&apos;arrivo di una terapia innovativa &apos;multimodale&apos;. 
Una novità importante, rilevano gli specialisti, poichè la nuova molecola (vortioxetina) agisce simultaneamente con due diversi meccanismi d&apos;azione: a vantaggio di un miglioramento dello stato emotivo affettivo ma anche delle funzioni cognitive del paziente. 
I numeri, avvertono gli psichiatri, sono allarmanti: la depressione raggiungerà entro il 2030, secondo le stime dell&apos;OMS, il primo posto fra le patologie croniche. 
E le stime sono pesanti anche in termini di costi economico-sanitari: 800 miliardi di dollari annui, per assistenza terapeutica, e mediamente 21 giorni di lavoro all&apos;anno persi per un lavoratore europeo depresso su dieci. Tuttavia, solo un paziente su tre si cura, iniziando comunque le terapie con un grave ritardo sulla comparsa della sintomatologia. 
Per combattere la depressione in maniera efficace, afferma Claudio Mencacci, direttore Dipartimento di Neuroscienze dell&apos;ASST Fatebenefratelli Sacco di Milano, «occorre innanzitutto accorciare i tempi di diagnosi, oggi ancora molto dilatati. Un ritardo implicabile alla mancata presa di coscienza della sintomatologia. Infatti oltre ad apatia e perdita di interesse verso i piaceri della vita, non vanno sottovalutati gli aspetti cognitivi come riduzione della concentrazione, attenzione e memoria di lavoro, ma anche il procrastinare una decisione». 
La peculiarità della molecola, rileva Giovanni Biggio, professore emerito di neuropsicofarmacologia all&apos;Università di Cagliari, «risiede quindi nella sua capacità di modulare in modo selettivo la funzione delle sinapsi, che si traduce in un miglioramento del processo cognitivo, in particolar modo dell&apos;apprendimento, ma anche del segnale di partecipazione alla vita». 
© Riproduzione riservata
</topic_text>
<spam_score>0.00</spam_score>
<post_num>1</post_num>
<post_id>post-1</post_id>
<post_url>http://gds.it/2016/05/12/depressione-al-top-delle-malattie-piu-diffuse-ma-solo-uno-su-tre-si-cura_511873/</post_url>
<post_date>20160512</post_date>
<post_time>1448</post_time>
<username></username>
<post>
Depressione al top delle malattie più diffuse ma solo uno su tre si cura 12 Maggio 2016 5 
ROMA. La depressione è ai vertici della classifica delle malattie più diffuse, con 33 milioni di casi in Europa, eppure solo un paziente su tre si cura , e la metà lo fa in modo inappropriato. 
A lanciare l&apos;allarme sono gli psichiatri che, in occasione di un incontro a Milano, annunciano l&apos;arrivo di una terapia innovativa &apos;multimodale&apos;. 
Una novità importante, rilevano gli specialisti, poichè la nuova molecola (vortioxetina) agisce simultaneamente con due diversi meccanismi d&apos;azione: a vantaggio di un miglioramento dello stato emotivo affettivo ma anche delle funzioni cognitive del paziente. 
I numeri, avvertono gli psichiatri, sono allarmanti: la depressione raggiungerà entro il 2030, secondo le stime dell&apos;OMS, il primo posto fra le patologie croniche. 
E le stime sono pesanti anche in termini di costi economico-sanitari: 800 miliardi di dollari annui, per assistenza terapeutica, e mediamente 21 giorni di lavoro all&apos;anno persi per un lavoratore europeo depresso su dieci. Tuttavia, solo un paziente su tre si cura, iniziando comunque le terapie con un grave ritardo sulla comparsa della sintomatologia. 
Per combattere la depressione in maniera efficace, afferma Claudio Mencacci, direttore Dipartimento di Neuroscienze dell&apos;ASST Fatebenefratelli Sacco di Milano, «occorre innanzitutto accorciare i tempi di diagnosi, oggi ancora molto dilatati. Un ritardo implicabile alla mancata presa di coscienza della sintomatologia. Infatti oltre ad apatia e perdita di interesse verso i piaceri della vita, non vanno sottovalutati gli aspetti cognitivi come riduzione della concentrazione, attenzione e memoria di lavoro, ma anche il procrastinare una decisione». 
La peculiarità della molecola, rileva Giovanni Biggio, professore emerito di neuropsicofarmacologia all&apos;Università di Cagliari, «risiede quindi nella sua capacità di modulare in modo selettivo la funzione delle sinapsi, che si traduce in un miglioramento del processo cognitivo, in particolar modo dell&apos;apprendimento, ma anche del segnale di partecipazione alla vita». 
© Riproduzione riservata
</post>
<signature>

</signature>
<external_links>

</external_links>
<country>ME</country>
<main_image>http://gds.it.cdn-immedia.net/2016/05/Depressione-535x300.jpg</main_image>
</document>
