<?xml version="1.0" encoding="UTF-8"?>
<document>
<type>mainstream</type>
<forum>http://www.informazione.it/xml/pr/0d62108b-a0c2-46f5-b8d9-9aed3a376451.xml?lng=neutral</forum>
<forum_title>I Comunicati Stampa di PR Newswire su informazione.it</forum_title>
<discussion_title>Tagetik to Exhibit at SuiteWorld16, NetSuite&apos;s Sixth Annual Cloud ERP Conference</discussion_title>
<language>english</language>
<gmt_offset></gmt_offset>
<topic_url>http://www.informazione.it/c/F991650E-3677-440C-911F-25384CE8916A/Tagetik-to-Exhibit-at-SuiteWorld16-NetSuite-s-Sixth-Annual-Cloud-ERP-Conference</topic_url>
<topic_text>
Modifica password Tagetik to Exhibit at SuiteWorld16, NetSuite&apos;s Sixth Annual Cloud ERP Conference Tagetik, a visionary leader in global performance management software solutions, is participating in SuiteWorld16, NetSuite&apos;s sixth annual conference for customers, partners, and developers, held from May 16-19 at the San Jose Convention Center. STAMFORD, Connecticut, 
Tagetik , a visionary leader in global performance management software solutions, is participating in SuiteWorld16 , NetSuite&apos;s sixth annual conference for customers, partners, and developers, held from May 16-19 at the San Jose Convention Center. 

Touted as the #1 cloud ERP conference in the world, the event is expected to draw more than 8,000 customers and partners from NetSuite&apos;s vast ecosystem that includes more than 30,000 companies and subsidiaries. 
Tagetik&apos;s Financial Performance Platform [ TM ] enables organizations to unify financial and operational planning, financial and management reporting, cost allocation and profitability analysis, and regulatory and disclosure reporting in a single solution. 
&quot;Like Tagetik, NetSuite recognizes the importance of bringing powerful cloud computing to the enterprise market and to the office of finance,&quot; said Dave Kasabian , chief marketing officer of Tagetik. &quot;Tagetik and NetSuite are trusted by thousands of CFOs around the world. Together we combine the control and visibility CFOs demand, from detailed transactions to board-level reporting, with the flexibility and autonomy of the cloud.&quot; 
Tagetik will be conducting ongoing demonstrations in booth #937 from Tuesday, May 17 , through Thursday, May 19 , during open expo hours. For more information, contact . 
About Tagetik 
Tagetik understands the complex challenges that face the Office of Finance and translates that knowledge into intuitive, enterprise-scale performance management software solutions that drive business results. With Tagetik, companies get the simplicity of the Cloud and the power to unify financial and operational planning; shorten the consolidation and close process; immediately analyze results, model and compare full financial statement impact of business scenarios; adjust strategic plans; seamlessly update rolling forecasts; produce formatted and auditable financial statements and management reports; collaborate on business reviews, and automate disclosure and board reporting. Tagetik has built-in financial intelligence so that CFOs, finance managers, and operations executives can orchestrate multiple or all processes in one software solution. More than 850 customers across 35 countries count on Tagetik to improve efficiency, reduce risk, save money and deliver results. For more information, visit http://www.tagetik.com . We get Finance. You get results. 
Follow us on social media:
</topic_text>
<spam_score>0.00</spam_score>
<post_num>1</post_num>
<post_id>post-1</post_id>
<post_url>http://www.informazione.it/c/F991650E-3677-440C-911F-25384CE8916A/Tagetik-to-Exhibit-at-SuiteWorld16-NetSuite-s-Sixth-Annual-Cloud-ERP-Conference</post_url>
<post_date>20160512</post_date>
<post_time>1502</post_time>
<username></username>
<post>
Modifica password Tagetik to Exhibit at SuiteWorld16, NetSuite&apos;s Sixth Annual Cloud ERP Conference Tagetik, a visionary leader in global performance management software solutions, is participating in SuiteWorld16, NetSuite&apos;s sixth annual conference for customers, partners, and developers, held from May 16-19 at the San Jose Convention Center. STAMFORD, Connecticut, 
Tagetik , a visionary leader in global performance management software solutions, is participating in SuiteWorld16 , NetSuite&apos;s sixth annual conference for customers, partners, and developers, held from May 16-19 at the San Jose Convention Center. 

Touted as the #1 cloud ERP conference in the world, the event is expected to draw more than 8,000 customers and partners from NetSuite&apos;s vast ecosystem that includes more than 30,000 companies and subsidiaries. 
Tagetik&apos;s Financial Performance Platform [ TM ] enables organizations to unify financial and operational planning, financial and management reporting, cost allocation and profitability analysis, and regulatory and disclosure reporting in a single solution. 
&quot;Like Tagetik, NetSuite recognizes the importance of bringing powerful cloud computing to the enterprise market and to the office of finance,&quot; said Dave Kasabian , chief marketing officer of Tagetik. &quot;Tagetik and NetSuite are trusted by thousands of CFOs around the world. Together we combine the control and visibility CFOs demand, from detailed transactions to board-level reporting, with the flexibility and autonomy of the cloud.&quot; 
Tagetik will be conducting ongoing demonstrations in booth #937 from Tuesday, May 17 , through Thursday, May 19 , during open expo hours. For more information, contact . 
About Tagetik 
Tagetik understands the complex challenges that face the Office of Finance and translates that knowledge into intuitive, enterprise-scale performance management software solutions that drive business results. With Tagetik, companies get the simplicity of the Cloud and the power to unify financial and operational planning; shorten the consolidation and close process; immediately analyze results, model and compare full financial statement impact of business scenarios; adjust strategic plans; seamlessly update rolling forecasts; produce formatted and auditable financial statements and management reports; collaborate on business reviews, and automate disclosure and board reporting. Tagetik has built-in financial intelligence so that CFOs, finance managers, and operations executives can orchestrate multiple or all processes in one software solution. More than 850 customers across 35 countries count on Tagetik to improve efficiency, reduce risk, save money and deliver results. For more information, visit http://www.tagetik.com . We get Finance. You get results. 
Follow us on social media:
</post>
<signature>

</signature>
<external_links>

</external_links>
<country>IT</country>
<main_image>http://imgs3.informazione.it/img/pr_def_md.jpg</main_image>
</document>
