<?xml version="1.0" encoding="UTF-8"?>
<document>
<type>mainstream</type>
<forum>http://www.tdg.ch/suisse/rss.html</forum>
<forum_title>Tribune de Genève Suisse</forum_title>
<discussion_title>Le roi de Bahreïn reçu à Berne</discussion_title>
<language>french</language>
<gmt_offset></gmt_offset>
<topic_url>http://www.tdg.ch/suisse/Le-roi-de-Bahrein-recu-a-Berne/story/19243341</topic_url>
<topic_text>
S&apos;il vous plaît entrer un nom valide. S&apos;il vous plaît indiquez le lieu géographique. Ce numéro de téléphone n&apos;est pas valable. S&apos;il vous plaît entrer une adresse email valide. Veuillez saisir deux fois le même mot de passe Mot de passe* S&apos;inscrire Fermer Vous devez lire et accepter la Charte de commentaires avant de poursuivre. Nous sommes heureux que vous voulez nous donner vos commentaires. S&apos;il vous plaît noter les règles suivantes à l&apos;avance: La rédaction se réserve le droit de ne pas publier des commentaires. Ceci s&apos;applique en général, mais surtout pour les propos diffamatoires, racistes, hors de propos, hors-sujet des commentaires, ou ceux en langues étrangères ou dialecte. Commentaires des noms de fantaisie, ou avec des noms manifestement fausses ne sont pas publiés non plus. Plus les décisions de la rédaction n&apos;est ni responsable déposée, ni en dehors de la correspondance. Renseignements téléphoniques ne seront pas fournis. L&apos;éditeur se réserve le droit également à réduire les commentaires des lecteurs. S&apos;il vous plaît noter que votre commentaire aussi sur Google et autres moteurs de recherche peuvent être trouvés et que les éditeurs ne peuvent rien et est de supprimer un commentaire une fois émis dans l&apos;index des moteurs de recherche. auf Facebook publizieren Veuilliez attendre s&apos;il vous plaît Soumettre Commentaire Soumettre Commentaire No connection to facebook possible. Please try again. There was a problem while transmitting your comment. Please try again.
</topic_text>
<spam_score>0.00</spam_score>
<post_num>1</post_num>
<post_id>post-1</post_id>
<post_url>http://www.tdg.ch/suisse/Le-roi-de-Bahrein-recu-a-Berne/story/19243341</post_url>
<post_date>20160512</post_date>
<post_time>1529</post_time>
<username></username>
<post>
S&apos;il vous plaît entrer un nom valide. S&apos;il vous plaît indiquez le lieu géographique. Ce numéro de téléphone n&apos;est pas valable. S&apos;il vous plaît entrer une adresse email valide. Veuillez saisir deux fois le même mot de passe Mot de passe* S&apos;inscrire Fermer Vous devez lire et accepter la Charte de commentaires avant de poursuivre. Nous sommes heureux que vous voulez nous donner vos commentaires. S&apos;il vous plaît noter les règles suivantes à l&apos;avance: La rédaction se réserve le droit de ne pas publier des commentaires. Ceci s&apos;applique en général, mais surtout pour les propos diffamatoires, racistes, hors de propos, hors-sujet des commentaires, ou ceux en langues étrangères ou dialecte. Commentaires des noms de fantaisie, ou avec des noms manifestement fausses ne sont pas publiés non plus. Plus les décisions de la rédaction n&apos;est ni responsable déposée, ni en dehors de la correspondance. Renseignements téléphoniques ne seront pas fournis. L&apos;éditeur se réserve le droit également à réduire les commentaires des lecteurs. S&apos;il vous plaît noter que votre commentaire aussi sur Google et autres moteurs de recherche peuvent être trouvés et que les éditeurs ne peuvent rien et est de supprimer un commentaire une fois émis dans l&apos;index des moteurs de recherche. auf Facebook publizieren Veuilliez attendre s&apos;il vous plaît Soumettre Commentaire Soumettre Commentaire No connection to facebook possible. Please try again. There was a problem while transmitting your comment. Please try again.
</post>
<signature>

</signature>
<external_links>

</external_links>
<country>CH</country>
<main_image></main_image>
</document>
