<?xml version="1.0" encoding="UTF-8"?>
<document>
<type>mainstream</type>
<forum>http://www.kuzeyekspres.com.tr/rss</forum>
<forum_title>Kuzey Ekspres Gazetesi</forum_title>
<discussion_title>MHP kongresi ne zaman yapılacak?</discussion_title>
<language>turkish</language>
<gmt_offset></gmt_offset>
<topic_url>http://www.kuzeyekspres.com.tr/mhp-kongresi-ne-zaman-yapilacak-50649h.htm</topic_url>
<topic_text>
12.05.2016 08:26 MHP’de olağanüstü kongrenin yapılıp yapılmayacağı henüz netlik kazanmadı. 
MHP’li muhalifler, dün Gemerek hakimliğinin kararına itiraz ettiler. Gemerek hakimliğinin kararı 7 gün içinde bildirmesi gerekiyormuş. Mahkeme süre dolduktan sonra kararı bildirmiş. Muhalifler, buna itiraz etmişler. 
Gemerek hakimliği dün veya bugün kararını verecek. İşin bir de Yargıtay süreci var. 
Gemerek hakimliği önce verdiği kararı zamanında bildirmediği için muhaliflerin itirazını kabul ederse, muhalifler Yargıtay’ı beklemeyecek ve 15 Mayıs’ta olağanüstü kongreyi yapacak. Gemerek hakimliği, muhaliflerin itirazını reddederse, bu sefer Yargıtay kararı beklenecek. 
Yargıtay, önceki gün Mayıs ayı içerisinde karar verileceğini açıklamıştı. Yargıtay, daha önce benzer bir konuda verdiği kararın aynısını vereceği için olağanüstü kongre muhtemelen Haziran ayı içerisinde yapılacak.Sonuç olarak, MHP olağanüstü kongresi Mayıs ayında yapılmazsa bile Haziran ayında mutlaka yapılacak. 

Bomba istiyorum! 
Fibabank Trabzon şube müdürü ve İdmanocağı spor kulübü başkanı Mehmet Öz, son dönemlerde gerçekten müthiş performans gösteriyor… Öz, başkanı olduğu kulübün sporcuları ile idman yapsa, bize öyle geliyor ki futbol da, basketbol da, voleybol da rahatlıkla oynar. Formayı da kimseye bırakmaz. 
Mehmet Öz, önceki gün Merkez Pide’de İdmanocağı kulübünün bazı sporcularına yemek verdi. Sporcular bir kıymalı, bir peynirli ile yetinirken, Öz, iki porsiyon kuşbaşılı pideyi ve ardından da tam üç büyük bardak fındıklı kuşburnunu nefes almadan midesine indirdi. 
Fikret Ataoğlu, Mehmet Öz’ün pideyi yedikten sonra garsona ‘bomba istiyorum’ dediğini belirterek, ‘Mehmet Öz’ün bombası meğer bir bardak değil tam üç bardak fındıklı kuşburnu imiş’ dedi. 
Mehmet Öz; yer, yedirir ve işini de layıkıyla yapar. Mehmet Öz, gerçekten iyi bir bankacı ve iyi bir yönetici! Bu sıralar ‘bomba’ya da ihtiyacı olabilir. Çünkü çok çalışıyor! 

Kaymakamlık neden Ortahisar’a gitmez? 
Trabzon Ortahisar Kaymakamlığı, Uzunsokak ile Maraş caddesi arasında bir dönemler Adliye ve sonra Bölge idare mahkemesi olarak kullanılan bina… 
Binanın arka tarafında birkaç araçlık otoparkı var. Kaymakamlık Trabzon’un iş aleminin merkezinde… Binanın bulunduğu bölgede müthiş bir insan sirkülasyonu var. 
Trabzon’un eski valilik binası Ortanisar’da bugün Kültür ve Turizm il müdürlüğünün kullandığı bina idi. O yıllarda valiliğin tüm birimleri aynı çatı altında idi. 
Ortahisar’daki bina Cumhuriyet dönemi yapılarından… Valilik binası olarak yapılmış. Valilik sonra Gülbahar Hatun Mahallesi’nde Lisenin yanında yapılan binaya taşındı. 
Ortahisar’daki bina daha sonra Kültür ve Turizm il müdürlüğüne tahsis edildi. Binada bir iki odada faaliyet gösteren devlet dairesi de var. 
Kültür ve Turizm İl Müdürlüğünün, Trabzon Müzesinin karşısındaki Kaymakamlık binasına, Kaymakamlığın da Ortahisar’daki binaya taşınması için epey yazı yazdık. Vali bey, yazılanları dikkate almadı. Neden, niçin almadığını da bilmiyoruz. Gerçi vali beyin inisiyatif kullanarak bir iş yaptığını da pek duymadık. Büyükşehir Belediye Başkanı ise belediyecilik değil siyaset yapmaya çalışıyor. 
Olan da Trabzon’a oluyor. Kültür ve Turizm il müdürlüğü, Uzunsokakta’ki o binaya taşınsa, binanın zemin katlarındaki işyerleri turizm ofisi vs. olsa iyi olmaz mı? 
Ne dersin vali bey? 

Vali beyi, Pekşen tutuyormuş! 
Trabzon Valisi Abdil Celil Öz’ün, koltuğunu koruması, görevden alınmamasının nedeni CHP Trabzon milletvekili Haluk Pekşen’in valiyi eleştirmesi imiş. 
Ve bu iddianın sahibi ise, Trabzon’da bir gazete ve birkaç internet sitesinde kulis yazan bir gazeteci! 
Vali Abdil Celil Öz’ün, bugüne kadar görevden alınmamasının nedeni Haluk Pekşen mi, yoksa vali beyin Ankara’daki bağlantıları mı, AKP’ye yakınlığı mı bilemiyoruz. 
Gazeteci dostumuzun, iddiası öyle yabana atılır bir iddia da değil! 

Kamu Hastaneleri alımları mercek altında! 
Kamu Hastanelerine bağlı Trabzon’daki devlet hastanelerinin yaptıkları ve yapacakları ihalelerin mercek altına alındığı söyleniyor. 
Kamu Hastanelerinin ihale şartnamesine uymadıklarını öne süren bir işadamı, ‘Kamu Hastaneleri yönetimi, alım yapacakları malzeme ve aletler için önceden bir şartname hazırlıyor. Daha sonra ihale açılıyor. Ancak ihaleyi kazanan firmalar, şartnameye uymuyorlar. Bunun en son örneği Ordu’da yaşanmış. Ordu’da ihalede devre dışı kalan bir firma olayı mahkemeye intikal ettirmiş. Trabzon Kamu Hastaneleri Birliği de önümüzdeki günlerde hastanelerde kullanılacak malzemeler için ihale yapacak. Trabzon Kamu Hastaneleri Birliği ihaleleri inşallah şeffaf ve şartnamelere uygun yapar’ dedi. 

Bu camiye Fransa’da asla ruhsat verilmez! 
AKP iktidarı ile birlikte hemen her şehirdeki iş hanları ve alışveriş merkezlerinin kuytu köşelerine, bodrumlarına önce bir mescit sonra da cami yapıldı ve yapılmaya da devam ediyor. 
Trabzon Uzunsokak’ta Canbakkal iş merkezinin bodrum katındaki caminin imamı, uzun yıllar Fransa’da din görevlisi olarak çalıştığını belirterek, ‘Fransa’da herhangi bir belediye, işhanları, alışveriş merkezlerinin kuytu bölgelerinde yapılan camilere, mescitlere asla ruhsat vermez. Oralarda cami ve mescit açtırmazlar. Fransa’daki camilerin hemen hepsinin otoparkı vardır. Ayrıca camilerin bahçesi ve sosyal donatı alanları bulunur’ dedi. 
Bu arada Trabzon Belediyesi İmar Müdürlüğünden bir yetkili, Trabzon kent merkezindeki, bazı işhanlarının bodrum katlarındaki camilerin ruhsatı olmadığını, camilerin binaların imar planında ya bodrum ya da sığınak olarak gösterildiğini söyledi. 
Öte yandan iş merkezlerindeki camilerde sabah namazı kılınmadığını söyleyen bir esnaf, ‘İş hanları kapalı olduğu için camiler de kapalı’ dedi. 
İsminin açıklanmasını istemeyen Uzunsokak esnafından biri, iş merkezlerinin bodrum ve üst katlarında açılan camilerin birkaç kişinin isteği ve bir de imam ve de müezzinlik yapacaklara iş yeri olarak açıldığını öne sürdü.
</topic_text>
<spam_score>0.00</spam_score>
<post_num>1</post_num>
<post_id>post-1</post_id>
<post_url>http://www.kuzeyekspres.com.tr/mhp-kongresi-ne-zaman-yapilacak-50649h.htm</post_url>
<post_date>20160512</post_date>
<post_time>0526</post_time>
<username></username>
<post>
12.05.2016 08:26 MHP’de olağanüstü kongrenin yapılıp yapılmayacağı henüz netlik kazanmadı. 
MHP’li muhalifler, dün Gemerek hakimliğinin kararına itiraz ettiler. Gemerek hakimliğinin kararı 7 gün içinde bildirmesi gerekiyormuş. Mahkeme süre dolduktan sonra kararı bildirmiş. Muhalifler, buna itiraz etmişler. 
Gemerek hakimliği dün veya bugün kararını verecek. İşin bir de Yargıtay süreci var. 
Gemerek hakimliği önce verdiği kararı zamanında bildirmediği için muhaliflerin itirazını kabul ederse, muhalifler Yargıtay’ı beklemeyecek ve 15 Mayıs’ta olağanüstü kongreyi yapacak. Gemerek hakimliği, muhaliflerin itirazını reddederse, bu sefer Yargıtay kararı beklenecek. 
Yargıtay, önceki gün Mayıs ayı içerisinde karar verileceğini açıklamıştı. Yargıtay, daha önce benzer bir konuda verdiği kararın aynısını vereceği için olağanüstü kongre muhtemelen Haziran ayı içerisinde yapılacak.Sonuç olarak, MHP olağanüstü kongresi Mayıs ayında yapılmazsa bile Haziran ayında mutlaka yapılacak. 

Bomba istiyorum! 
Fibabank Trabzon şube müdürü ve İdmanocağı spor kulübü başkanı Mehmet Öz, son dönemlerde gerçekten müthiş performans gösteriyor… Öz, başkanı olduğu kulübün sporcuları ile idman yapsa, bize öyle geliyor ki futbol da, basketbol da, voleybol da rahatlıkla oynar. Formayı da kimseye bırakmaz. 
Mehmet Öz, önceki gün Merkez Pide’de İdmanocağı kulübünün bazı sporcularına yemek verdi. Sporcular bir kıymalı, bir peynirli ile yetinirken, Öz, iki porsiyon kuşbaşılı pideyi ve ardından da tam üç büyük bardak fındıklı kuşburnunu nefes almadan midesine indirdi. 
Fikret Ataoğlu, Mehmet Öz’ün pideyi yedikten sonra garsona ‘bomba istiyorum’ dediğini belirterek, ‘Mehmet Öz’ün bombası meğer bir bardak değil tam üç bardak fındıklı kuşburnu imiş’ dedi. 
Mehmet Öz; yer, yedirir ve işini de layıkıyla yapar. Mehmet Öz, gerçekten iyi bir bankacı ve iyi bir yönetici! Bu sıralar ‘bomba’ya da ihtiyacı olabilir. Çünkü çok çalışıyor! 

Kaymakamlık neden Ortahisar’a gitmez? 
Trabzon Ortahisar Kaymakamlığı, Uzunsokak ile Maraş caddesi arasında bir dönemler Adliye ve sonra Bölge idare mahkemesi olarak kullanılan bina… 
Binanın arka tarafında birkaç araçlık otoparkı var. Kaymakamlık Trabzon’un iş aleminin merkezinde… Binanın bulunduğu bölgede müthiş bir insan sirkülasyonu var. 
Trabzon’un eski valilik binası Ortanisar’da bugün Kültür ve Turizm il müdürlüğünün kullandığı bina idi. O yıllarda valiliğin tüm birimleri aynı çatı altında idi. 
Ortahisar’daki bina Cumhuriyet dönemi yapılarından… Valilik binası olarak yapılmış. Valilik sonra Gülbahar Hatun Mahallesi’nde Lisenin yanında yapılan binaya taşındı. 
Ortahisar’daki bina daha sonra Kültür ve Turizm il müdürlüğüne tahsis edildi. Binada bir iki odada faaliyet gösteren devlet dairesi de var. 
Kültür ve Turizm İl Müdürlüğünün, Trabzon Müzesinin karşısındaki Kaymakamlık binasına, Kaymakamlığın da Ortahisar’daki binaya taşınması için epey yazı yazdık. Vali bey, yazılanları dikkate almadı. Neden, niçin almadığını da bilmiyoruz. Gerçi vali beyin inisiyatif kullanarak bir iş yaptığını da pek duymadık. Büyükşehir Belediye Başkanı ise belediyecilik değil siyaset yapmaya çalışıyor. 
Olan da Trabzon’a oluyor. Kültür ve Turizm il müdürlüğü, Uzunsokakta’ki o binaya taşınsa, binanın zemin katlarındaki işyerleri turizm ofisi vs. olsa iyi olmaz mı? 
Ne dersin vali bey? 

Vali beyi, Pekşen tutuyormuş! 
Trabzon Valisi Abdil Celil Öz’ün, koltuğunu koruması, görevden alınmamasının nedeni CHP Trabzon milletvekili Haluk Pekşen’in valiyi eleştirmesi imiş. 
Ve bu iddianın sahibi ise, Trabzon’da bir gazete ve birkaç internet sitesinde kulis yazan bir gazeteci! 
Vali Abdil Celil Öz’ün, bugüne kadar görevden alınmamasının nedeni Haluk Pekşen mi, yoksa vali beyin Ankara’daki bağlantıları mı, AKP’ye yakınlığı mı bilemiyoruz. 
Gazeteci dostumuzun, iddiası öyle yabana atılır bir iddia da değil! 

Kamu Hastaneleri alımları mercek altında! 
Kamu Hastanelerine bağlı Trabzon’daki devlet hastanelerinin yaptıkları ve yapacakları ihalelerin mercek altına alındığı söyleniyor. 
Kamu Hastanelerinin ihale şartnamesine uymadıklarını öne süren bir işadamı, ‘Kamu Hastaneleri yönetimi, alım yapacakları malzeme ve aletler için önceden bir şartname hazırlıyor. Daha sonra ihale açılıyor. Ancak ihaleyi kazanan firmalar, şartnameye uymuyorlar. Bunun en son örneği Ordu’da yaşanmış. Ordu’da ihalede devre dışı kalan bir firma olayı mahkemeye intikal ettirmiş. Trabzon Kamu Hastaneleri Birliği de önümüzdeki günlerde hastanelerde kullanılacak malzemeler için ihale yapacak. Trabzon Kamu Hastaneleri Birliği ihaleleri inşallah şeffaf ve şartnamelere uygun yapar’ dedi. 

Bu camiye Fransa’da asla ruhsat verilmez! 
AKP iktidarı ile birlikte hemen her şehirdeki iş hanları ve alışveriş merkezlerinin kuytu köşelerine, bodrumlarına önce bir mescit sonra da cami yapıldı ve yapılmaya da devam ediyor. 
Trabzon Uzunsokak’ta Canbakkal iş merkezinin bodrum katındaki caminin imamı, uzun yıllar Fransa’da din görevlisi olarak çalıştığını belirterek, ‘Fransa’da herhangi bir belediye, işhanları, alışveriş merkezlerinin kuytu bölgelerinde yapılan camilere, mescitlere asla ruhsat vermez. Oralarda cami ve mescit açtırmazlar. Fransa’daki camilerin hemen hepsinin otoparkı vardır. Ayrıca camilerin bahçesi ve sosyal donatı alanları bulunur’ dedi. 
Bu arada Trabzon Belediyesi İmar Müdürlüğünden bir yetkili, Trabzon kent merkezindeki, bazı işhanlarının bodrum katlarındaki camilerin ruhsatı olmadığını, camilerin binaların imar planında ya bodrum ya da sığınak olarak gösterildiğini söyledi. 
Öte yandan iş merkezlerindeki camilerde sabah namazı kılınmadığını söyleyen bir esnaf, ‘İş hanları kapalı olduğu için camiler de kapalı’ dedi. 
İsminin açıklanmasını istemeyen Uzunsokak esnafından biri, iş merkezlerinin bodrum ve üst katlarında açılan camilerin birkaç kişinin isteği ve bir de imam ve de müezzinlik yapacaklara iş yeri olarak açıldığını öne sürdü.
</post>
<signature>

</signature>
<external_links>

</external_links>
<country>TR</country>
<main_image>http://d.kuzeyekspres.com.tr/news/71923.jpg</main_image>
</document>
