<?xml version="1.0" encoding="UTF-8"?>
<document>
<type>mainstream</type>
<forum>http://ndz.de//cms_media/xml/29_NeueDeister-Zeitung-ThemadesTages.xml</forum>
<forum_title>Neue Deister-Zeitung - Thema des Tages</forum_title>
<discussion_title>Böhmermann im ZDF: «Grenzen der Freiheit nicht so großzügig»</discussion_title>
<language>german</language>
<gmt_offset></gmt_offset>
<topic_url>http://www.ndz.de/portal/welt/thema-des-tages_Boehmermann-im-ZDF%A0Grenzen-der-Freiheit-nicht-so-grosszuegig-_arid,801222.html</topic_url>
<topic_text>
Böhmermann im ZDF: «Grenzen der Freiheit nicht so großzügig» Jan Böhmermann sieht seinem Verfahren gelassen entgegen: «Ich bin hundertprozentig sicher, dass ein gerechtes Urteil am Ende dabei herauskommt. Ganz bestimmt. Für wen auch immer.» Foto: Ben Knabe/ZDF 
Mainz (dpa) - Jan Böhmermann hat sich erstmals in seinem Sender zum Umgang mit seinem umstrittenen Gedicht «Schmähkritik» über den türkischen Staatspräsidenten Recep Tayyip Erdogan geäußert. 
«Ich war dann doch überrascht, dass die Grenzen der Freiheit nicht so großzügig und weit ausgelegt werden, wie ich das bislang immer gedacht habe», sagte der Satiriker in einem Clip der ZDF-Nachrichtensendung «heute +», der am Donnerstag online ging. Es sei eher Schluss, als er das für richtig halte, sagte er weiter. 
Die deutsche Justiz ermittelt gegen den 35-Jährigen, weil Erdogan - dank der Ermächtigung der Bundesregierung - wegen Beledigung des türkischen Staatspräsidenten gegen den Satiriker vorgeht. Böhmermann sagte bei «heute +», er sehe dem Verfahren mit großer Gelassenheit entgegen: «Ich bin hundertprozentig sicher, dass ein gerechtes Urteil am Ende dabei herauskommt. Ganz bestimmt. Für wen auch immer.» 
Böhmermann sagte weiter, es sei sein Job als Satiriker, die Grenzen auszuloten. «Ich bin derjenige, der vorgeschickt wird, trete die Tür auf, und die Leute müssen selbst gucken, was hinter der Tür ist. Mein Job ist das Sondereinsatzkommando.» Jetzt aber habe er ein neues Image - das werde an seinem neuen Bart deutlich, sagte er ironisch. «Das vermittelt den Leuten ein kuschligeres Gefühl.» Video mit Aussagen Böhmermanns
</topic_text>
<spam_score>0.00</spam_score>
<post_num>1</post_num>
<post_id>post-1</post_id>
<post_url>http://www.ndz.de/portal/welt/thema-des-tages_Boehmermann-im-ZDF%A0Grenzen-der-Freiheit-nicht-so-grosszuegig-_arid,801222.html</post_url>
<post_date>20160512</post_date>
<post_time>1320</post_time>
<username></username>
<post>
Böhmermann im ZDF: «Grenzen der Freiheit nicht so großzügig» Jan Böhmermann sieht seinem Verfahren gelassen entgegen: «Ich bin hundertprozentig sicher, dass ein gerechtes Urteil am Ende dabei herauskommt. Ganz bestimmt. Für wen auch immer.» Foto: Ben Knabe/ZDF 
Mainz (dpa) - Jan Böhmermann hat sich erstmals in seinem Sender zum Umgang mit seinem umstrittenen Gedicht «Schmähkritik» über den türkischen Staatspräsidenten Recep Tayyip Erdogan geäußert. 
«Ich war dann doch überrascht, dass die Grenzen der Freiheit nicht so großzügig und weit ausgelegt werden, wie ich das bislang immer gedacht habe», sagte der Satiriker in einem Clip der ZDF-Nachrichtensendung «heute +», der am Donnerstag online ging. Es sei eher Schluss, als er das für richtig halte, sagte er weiter. 
Die deutsche Justiz ermittelt gegen den 35-Jährigen, weil Erdogan - dank der Ermächtigung der Bundesregierung - wegen Beledigung des türkischen Staatspräsidenten gegen den Satiriker vorgeht. Böhmermann sagte bei «heute +», er sehe dem Verfahren mit großer Gelassenheit entgegen: «Ich bin hundertprozentig sicher, dass ein gerechtes Urteil am Ende dabei herauskommt. Ganz bestimmt. Für wen auch immer.» 
Böhmermann sagte weiter, es sei sein Job als Satiriker, die Grenzen auszuloten. «Ich bin derjenige, der vorgeschickt wird, trete die Tür auf, und die Leute müssen selbst gucken, was hinter der Tür ist. Mein Job ist das Sondereinsatzkommando.» Jetzt aber habe er ein neues Image - das werde an seinem neuen Bart deutlich, sagte er ironisch. «Das vermittelt den Leuten ein kuschligeres Gefühl.» Video mit Aussagen Böhmermanns
</post>
<signature>

</signature>
<external_links>

</external_links>
<country>DE</country>
<main_image>http://www.ndz.de/cms_media/module_bi/2827/1413955_1_articledetail_Pipeline11808636.jpg</main_image>
</document>
