<?xml version="1.0" encoding="UTF-8"?>
<document>
<type>mainstream</type>
<forum>http://wn.com/Brandon_Routh</forum>
<forum_title>Brandon Routh</forum_title>
<discussion_title>Happy &apos;Man of Steel&apos; birthday to Henry Cavill</discussion_title>
<language>english</language>
<gmt_offset></gmt_offset>
<topic_url>http://article.wn.com/view/2016/05/06/Happy_Man_of_Steel_birthday_to_Henry_Cavill/</topic_url>
<topic_text>
Before becoming one of &quot; as Ray Palmer /the Atom , Brandon Routh moved faster than a speeding bullet back in the summer of 2006 as the world&apos;s finest of legends: Superman in director Bryan Singer &apos;s &quot; Superman Returns &quot;.
</topic_text>
<spam_score>0.00</spam_score>
<post_num>1</post_num>
<post_id>post-1</post_id>
<post_url>http://article.wn.com/view/2016/05/06/Happy_Man_of_Steel_birthday_to_Henry_Cavill/</post_url>
<post_date>20160506</post_date>
<post_time></post_time>
<username>wn.com</username>
<post>
Before becoming one of &quot; as Ray Palmer /the Atom , Brandon Routh moved faster than a speeding bullet back in the summer of 2006 as the world&apos;s finest of legends: Superman in director Bryan Singer &apos;s &quot; Superman Returns &quot;.
</post>
<signature>

</signature>
<external_links>

</external_links>
<country>GB</country>
<main_image>http://i.ytimg.com/vi/rho-OdAxvV8/0.jpg</main_image>
</document>
