<?xml version="1.0" encoding="UTF-8"?>
<document>
<type>mainstream</type>
<forum>http://www.cbs8.com/category/48535/new-products-services</forum>
<forum_title>New Products &amp;amp; Services - CBS News 8 - San Diego, CA News Station - KFMB Channel 8</forum_title>
<discussion_title>Management Concepts Announces New Publication: The Complete Guide to Government Contract Types</discussion_title>
<language>english</language>
<gmt_offset></gmt_offset>
<topic_url>http://www.cbs8.com/story/31956469/management-concepts-announces-new-publication-the-complete-guide-to-government-contract-types</topic_url>
<topic_text>
 Management Concepts
TYSONS CORNER, Va. , May 12, Management Concepts, the nation&apos;s premier provider of professional development, performance improvement, and talent management solutions for the public sector today announced the publication of The Complete Guide to Government Contract Types by Kenneth R. Segel .
As the world&apos;s single largest buyer of goods and services, the Federal government has many ways to structure its procurements. Different situations and conditions often determine the best vehicle for a particular purchase. Contracting officers must assess a wide range of factors to determine which contract type will provide the government the best value and the least risk.
The Complete Guide to Government Contract Types provides a comprehensive overview of the key government contract vehicles and types: fixed-price, cost-reimbursement, incentive, and more. Segel explains the selection process for contract vehicles, which is the basis for selecting the appropriate contract type for the work in question. He then presents a comprehensive, in-depth analysis of each contract type, explaining how each works best to meet certain types of requirements and conditions.
This is an essential resource for both contracting officers and contractors seeking to understand and work effectively within the nuances of contract selection and compliance.
Kenneth R. Segel has nearly three decades of experience working with government contracts, subcontracts, purchasing, and pricing. In addition, he has worked as an executive at several Fortune 500 corporations and has conducted numerous training seminars on government contracting types. He is the author of The Government Subcontractor&apos;s Guide to Terms and Conditions .
The book is available now from Management Concepts Press .
About Management Concepts
Management Concepts is the nation&apos;s premier provider of professional development, performance improvement, and talent management solutions for the public sector. Since 1973, we&apos;ve collaborated with and supported every major agency in the Federal government, thousands of state and local government offices, numerous non-profit organizations and universities, and hundreds of corporations; unleashing the potential of more than one million individuals and enhancing the performance of teams and organizations. Visit www.ManagementConcepts.com and follow us on Twitter @Mgmt_Concepts .
CONTACT: Alexis Whitehouse , 1 (571) 405-6442, awhitehouse@managementconcepts.com
 releases/management-concepts-announces-new-publication-the-complete-guide-to-government-contract-types-300267549.html
 
</topic_text>
<spam_score>0.00</spam_score>
<post_num>1</post_num>
<post_id>post-1</post_id>
<post_url>http://www.cbs8.com/story/31956469/management-concepts-announces-new-publication-the-complete-guide-to-government-contract-types</post_url>
<post_date>20160512</post_date>
<post_time></post_time>
<username>cbs8</username>
<post>
 Management Concepts
TYSONS CORNER, Va. , May 12, Management Concepts, the nation&apos;s premier provider of professional development, performance improvement, and talent management solutions for the public sector today announced the publication of The Complete Guide to Government Contract Types by Kenneth R. Segel .
As the world&apos;s single largest buyer of goods and services, the Federal government has many ways to structure its procurements. Different situations and conditions often determine the best vehicle for a particular purchase. Contracting officers must assess a wide range of factors to determine which contract type will provide the government the best value and the least risk.
The Complete Guide to Government Contract Types provides a comprehensive overview of the key government contract vehicles and types: fixed-price, cost-reimbursement, incentive, and more. Segel explains the selection process for contract vehicles, which is the basis for selecting the appropriate contract type for the work in question. He then presents a comprehensive, in-depth analysis of each contract type, explaining how each works best to meet certain types of requirements and conditions.
This is an essential resource for both contracting officers and contractors seeking to understand and work effectively within the nuances of contract selection and compliance.
Kenneth R. Segel has nearly three decades of experience working with government contracts, subcontracts, purchasing, and pricing. In addition, he has worked as an executive at several Fortune 500 corporations and has conducted numerous training seminars on government contracting types. He is the author of The Government Subcontractor&apos;s Guide to Terms and Conditions .
The book is available now from Management Concepts Press .
About Management Concepts
Management Concepts is the nation&apos;s premier provider of professional development, performance improvement, and talent management solutions for the public sector. Since 1973, we&apos;ve collaborated with and supported every major agency in the Federal government, thousands of state and local government offices, numerous non-profit organizations and universities, and hundreds of corporations; unleashing the potential of more than one million individuals and enhancing the performance of teams and organizations. Visit www.ManagementConcepts.com and follow us on Twitter @Mgmt_Concepts .
CONTACT: Alexis Whitehouse , 1 (571) 405-6442, awhitehouse@managementconcepts.com
 releases/management-concepts-announces-new-publication-the-complete-guide-to-government-contract-types-300267549.html
 
</post>
<signature>

</signature>
<external_links>
<external_link>http://store.managementconcepts.com/product_p/001-b322.htm</external_link><external_link>http://www.xmlnews.org/ns/</external_link><external_link>http://www.managementconcepts.com/</external_link><external_link>http://www.managementconceptspress.com/</external_link><external_link>http://rt.prnewswire.com/rt.gif?NewsItemId=PH96618&amp;Transmission_Id=201605120908PR_NEWS_USPR_____PH96618&amp;DateId=20160512</external_link><external_link>https://twitter.com/Mgmt_Concepts</external_link><external_link>http://store.managementconcepts.com/Complete_Guide_to_Government_Contract_Types_Segel_p/b685.htm</external_link><external_link>http://www.prnewswire.com/news-releases/management-concepts-announces-new-publication-the-complete-guide-to-government-contract-types-300267549.html</external_link>
</external_links>
<country>US</country>
<main_image></main_image>
</document>
