<?xml version="1.0" encoding="UTF-8"?>
<document>
<type>mainstream</type>
<forum>http://sampan.org/feed</forum>
<forum_title>Sampan.org</forum_title>
<discussion_title>MIRA’s Give Liberty a Hand gala on June 7</discussion_title>
<language>english</language>
<gmt_offset></gmt_offset>
<topic_url>http://sampan.org/2016/05/miras-give-liberty-a-hand-gala-on-june-7/</topic_url>
<topic_text>
June 7, Fairmont Copley Plaza 
For more information please contact Sue Parsons at ext. 218. For tickets and sponsorships click here . About Web
</topic_text>
<spam_score>0.00</spam_score>
<post_num>1</post_num>
<post_id>post-1</post_id>
<post_url>http://sampan.org/2016/05/miras-give-liberty-a-hand-gala-on-june-7/</post_url>
<post_date>20160511</post_date>
<post_time>1631</post_time>
<username>Web</username>
<post>
June 7, Fairmont Copley Plaza 
For more information please contact Sue Parsons at ext. 218. For tickets and sponsorships click here . About Web
</post>
<signature>

</signature>
<external_links>

</external_links>
<country>US</country>
<main_image></main_image>
</document>
