<?xml version="1.0" encoding="UTF-8"?>
<document>
<type>mainstream</type>
<forum>http://www.ideal.es/sociedad/?reducido=1&amp;pag=621</forum>
<forum_title></forum_title>
<discussion_title>Las nuevas claves para tu dieta</discussion_title>
<language>spanish</language>
<gmt_offset></gmt_offset>
<topic_url>http://www.ideal.es/sociedad/salud/201506/29/nuevas-claves-para-dieta-20150629104758-rc.html</topic_url>
<topic_text>
Frank Hu, profesor de Nutrición y Epidemiología en Harvard, y Miguel Ángel Martínez, director del departamento de Medicina Preventiva y Salud Pública de la Universidad de Navarra, son amigos además de colegas. Por eso, Hu, al que muchos consideran como el número uno mundial en nutrición, no dudó en trasladarse a Pamplona desde Boston para presidir el Simposio sobre Dieta Mediterránea que ha tenido lugar en la Universidad de Navarra, por iniciativa de su colega español.
Precisamente, gracias a esa relación de amistad podemos conocer de antemano las conclusiones del comité asesor de las &apos;Guías Dietéticas&apos; para Americanos de 2015 que se difundirán en diciembre, y que, como explica el profesor Hu &apos;&apos;van a cambiar muchas ideas sobre nutrición&apos;&apos;.
Más información en MujerHoy.com
Lo Más lo más 50
</topic_text>
<spam_score>0.00</spam_score>
<post_num>1</post_num>
<post_id>post-1</post_id>
<post_url>http://www.ideal.es/sociedad/salud/201506/29/nuevas-claves-para-dieta-20150629104758-rc.html</post_url>
<post_date>20150629</post_date>
<post_time>1830</post_time>
<username>Marisol Guisasola | mujerhoy.com</username>
<post>
Frank Hu, profesor de Nutrición y Epidemiología en Harvard, y Miguel Ángel Martínez, director del departamento de Medicina Preventiva y Salud Pública de la Universidad de Navarra, son amigos además de colegas. Por eso, Hu, al que muchos consideran como el número uno mundial en nutrición, no dudó en trasladarse a Pamplona desde Boston para presidir el Simposio sobre Dieta Mediterránea que ha tenido lugar en la Universidad de Navarra, por iniciativa de su colega español.
Precisamente, gracias a esa relación de amistad podemos conocer de antemano las conclusiones del comité asesor de las &apos;Guías Dietéticas&apos; para Americanos de 2015 que se difundirán en diciembre, y que, como explica el profesor Hu &apos;&apos;van a cambiar muchas ideas sobre nutrición&apos;&apos;.
Más información en MujerHoy.com
Lo Más lo más 50
</post>
<signature>

</signature>
<external_links>
<external_link>http://www.mujerhoy.com/salud/dietas/nuevas-claves-para-dieta-877480062015.html</external_link>
</external_links>
<country>ES</country>
<main_image>http://www.ideal.es/RC/201506/29/media/cortadas/dieta--575x323.jpeg</main_image>
</document>
