<?xml version="1.0" encoding="UTF-8"?>
<document>
<type>mainstream</type>
<forum></forum>
<forum_title></forum_title>
<discussion_title>Trucco delle star: chi è la make up artist di Cara Delevingne e Kate Moss? - Vogue.it</discussion_title>
<language>italian</language>
<gmt_offset></gmt_offset>
<topic_url>http://www.vogue.it/bellezza/trucco/2016/05/10/trucco-delle-star-charlotte-tilbury-la-make-artist-cara-delevingne-kate-moss/</topic_url>
<topic_text>
Beauty / Trucco / Trucco delle star: chi è la make up artist di Cara Delevingne e Kate Moss? May 10, 2016 6:30 AM by Redazione 
Charlotte Tilbury è la makeup artist delle celeb, da Kate Moss, Cara Delevingne, Sienna Miller a Kim Kardashian, quindi non c’è da meravigliarsi che Charlotte sia anche la makeup artist più famosa del mondo. 
Da quando ha lanciato il suo marchio nel 2013 , Charlotte ha sperimentato una rapida espansione che non solo le ha garantito un grande numero di fans e la vincita di svariati premi, ma le ha anche permesso di aprire il suo primo negozio a Covent Garden a Londra. 
Con il suo messaggio ispirato al glamour e al rock&amp;roll tradizionali , il suo boudoir Hollywoodiano , situato nel seminterrato del negozio, rappresenta il salone di bellezza per eccellenza, composto da sette tavoli da trucco in stile Art Deco. 
Il boudoir offre consultazioni di bellezza di un’ora, tenute dalle Leading Artist di Charlotte , durante le quali è possibile scegliere uno dei dieci look firmati Charlotte Tilbury, tra cui il popolare La Dolce Vita e quello Rock Chic ispirato a Kate Moss per una trasformazione ideale. 
Charlotte Tilbury, 11 James Street, Covent Garden, London, WC2E 8BT 
</topic_text>
<spam_score>0.00</spam_score>
<post_num>1</post_num>
<post_id>post-1</post_id>
<post_url>http://www.vogue.it/bellezza/trucco/2016/05/10/trucco-delle-star-charlotte-tilbury-la-make-artist-cara-delevingne-kate-moss/</post_url>
<post_date>20160510</post_date>
<post_time></post_time>
<username></username>
<post>
Beauty / Trucco / Trucco delle star: chi è la make up artist di Cara Delevingne e Kate Moss? May 10, 2016 6:30 AM by Redazione 
Charlotte Tilbury è la makeup artist delle celeb, da Kate Moss, Cara Delevingne, Sienna Miller a Kim Kardashian, quindi non c’è da meravigliarsi che Charlotte sia anche la makeup artist più famosa del mondo. 
Da quando ha lanciato il suo marchio nel 2013 , Charlotte ha sperimentato una rapida espansione che non solo le ha garantito un grande numero di fans e la vincita di svariati premi, ma le ha anche permesso di aprire il suo primo negozio a Covent Garden a Londra. 
Con il suo messaggio ispirato al glamour e al rock&amp;roll tradizionali , il suo boudoir Hollywoodiano , situato nel seminterrato del negozio, rappresenta il salone di bellezza per eccellenza, composto da sette tavoli da trucco in stile Art Deco. 
Il boudoir offre consultazioni di bellezza di un’ora, tenute dalle Leading Artist di Charlotte , durante le quali è possibile scegliere uno dei dieci look firmati Charlotte Tilbury, tra cui il popolare La Dolce Vita e quello Rock Chic ispirato a Kate Moss per una trasformazione ideale. 
Charlotte Tilbury, 11 James Street, Covent Garden, London, WC2E 8BT 
</post>
<signature>

</signature>
<external_links>

</external_links>
<country>IE</country>
<main_image>http://images.vogue.it/wp-content/uploads/2016/05/10063048/land-151127_160-HDR_copytif.jpg</main_image>
</document>
