<?xml version="1.0" encoding="UTF-8"?>
<document>
<type>mainstream</type>
<forum>http://www.sursadestiri.net/cat/rss/divertisment.html</forum>
<forum_title>SursaDeStiri.net - Divertisment</forum_title>
<discussion_title>Cum se numeşte noua emisiune realizată de foştii prezentatori „Top Gear“ pentru Amazon</discussion_title>
<language>romanian</language>
<gmt_offset></gmt_offset>
<topic_url>http://www.sursadestiri.net/cum-se-numeste-noua-emisiune-realizata-de-fostii-prezentatori-top-gear-pentru-amazon-s4203070346.html</topic_url>
<topic_text>
Actualizat acum 2 minute Sursa De Stiri » Divertisment » Divertisment, 12.05.2016 » Cum se numeşte noua emisiune realizată de foştii prezentatori „Top Gear“ pentru Amazon Cum se numeşte noua emisiune realizată de foştii prezentatori „Top Gear“ pentru Amazon 12 Mai 2016 Subiecte asemanatoare VIDEO: Clarkson, Hammond și May caută un nume pentru noul lor show auto produs de Amazon 9 Aprilie 2016 - Cum se va numi show-ul online pe care-l vor produce cei trei foști prezentatori Top Gear? Într-un clip difuzat de Amazon, cei trei discută despre subiect. Fără...
</topic_text>
<spam_score>0.00</spam_score>
<post_num>1</post_num>
<post_id>post-1</post_id>
<post_url>http://www.sursadestiri.net/cum-se-numeste-noua-emisiune-realizata-de-fostii-prezentatori-top-gear-pentru-amazon-s4203070346.html</post_url>
<post_date>20160511</post_date>
<post_time>2100</post_time>
<username></username>
<post>
Actualizat acum 2 minute Sursa De Stiri » Divertisment » Divertisment, 12.05.2016 » Cum se numeşte noua emisiune realizată de foştii prezentatori „Top Gear“ pentru Amazon Cum se numeşte noua emisiune realizată de foştii prezentatori „Top Gear“ pentru Amazon 12 Mai 2016 Subiecte asemanatoare VIDEO: Clarkson, Hammond și May caută un nume pentru noul lor show auto produs de Amazon 9 Aprilie 2016 - Cum se va numi show-ul online pe care-l vor produce cei trei foști prezentatori Top Gear? Într-un clip difuzat de Amazon, cei trei discută despre subiect. Fără...
</post>
<signature>

</signature>
<external_links>

</external_links>
<country>DE</country>
<main_image></main_image>
</document>
