<?xml version="1.0" encoding="UTF-8"?>
<document>
<type>mainstream</type>
<forum>http://www.digitalspy.com/showbiz/news/</forum>
<forum_title>Showbiz News - Showbiz, entertainment and media news</forum_title>
<discussion_title>Azealia Banks suspended from Twitter after racist rant at Zayn Malik</discussion_title>
<language>english</language>
<gmt_offset></gmt_offset>
<topic_url>http://www.digitalspy.com/music/news/a793906/azealia-banks-suspended-from-twitter-after-racist-rant-at-zayn-malik/</topic_url>
<topic_text>
Azealia Banks has rightly been reprimanded for using racial slurs against former One Direction star Zayn Malik , with her Twitter account now suspended. The rapper was widely criticised for her comments yesterday (May 11), and hopefully that&apos;s the last we&apos;ve heard of her online outbursts for now.
 Twitter Banks accused Zayn of copying her music videos and style in his latest video for &apos;Like I Would&apos;.
PREVIOUS ARTICLE Taylor Swift rocks out to The Darkness in new Apple ad More Music News coming soon After Zayn seemingly reacted to her claims without directly addressing her on social media, Azealia began a racist tirade against the singer.
Related Article Azealia Banks is sorry if anyone was upset by her rants - then adds &quot;offence is never given, it is only taken&quot; Related Article 10 times Azealia Banks got shut down by amazing comebacks She labelled him &quot;curry-scented&quot; and a &quot;dirty refugee&quot;, before also aiming insults at Disney star Skai Jackson and British singer-songwriter MNEK.
 Getty Images What&apos;s more, she also claimed that &quot;Gaga is over&quot; and that Rihanna has been &quot;f**ked in every hole&quot;.
The rapper has already been banned from British festival Born &amp; Bred .
</topic_text>
<spam_score>0.00</spam_score>
<post_num>1</post_num>
<post_id>post-1</post_id>
<post_url>http://www.digitalspy.com/music/news/a793906/azealia-banks-suspended-from-twitter-after-racist-rant-at-zayn-malik/</post_url>
<post_date>20160512</post_date>
<post_time></post_time>
<username>Harry Fletcher</username>
<post>
Azealia Banks has rightly been reprimanded for using racial slurs against former One Direction star Zayn Malik , with her Twitter account now suspended. The rapper was widely criticised for her comments yesterday (May 11), and hopefully that&apos;s the last we&apos;ve heard of her online outbursts for now.
 Twitter Banks accused Zayn of copying her music videos and style in his latest video for &apos;Like I Would&apos;.
PREVIOUS ARTICLE Taylor Swift rocks out to The Darkness in new Apple ad More Music News coming soon After Zayn seemingly reacted to her claims without directly addressing her on social media, Azealia began a racist tirade against the singer.
Related Article Azealia Banks is sorry if anyone was upset by her rants - then adds &quot;offence is never given, it is only taken&quot; Related Article 10 times Azealia Banks got shut down by amazing comebacks She labelled him &quot;curry-scented&quot; and a &quot;dirty refugee&quot;, before also aiming insults at Disney star Skai Jackson and British singer-songwriter MNEK.
 Getty Images What&apos;s more, she also claimed that &quot;Gaga is over&quot; and that Rihanna has been &quot;f**ked in every hole&quot;.
The rapper has already been banned from British festival Born &amp; Bred .
</post>
<signature>

</signature>
<external_links>
<external_link>http://digitalspyuk.cdnds.net/16/19/480x240/landscape-1462954866-azealia-banks-twitter-rant.jpg</external_link><external_link>http://digitalspyuk.cdnds.net/16/19/480x456/gallery-1463067868-fullsizerender.jpg</external_link><external_link>http://digitalspyuk.cdnds.net/16/19/768x730/gallery-1463067868-fullsizerender.jpg</external_link><external_link>http://digitalspyuk.cdnds.net/16/19/640x320/landscape-1463067868-fullsizerender.jpg</external_link><external_link>http://digitalspyuk.cdnds.net/16/19/480x721/gallery-1462965638-gettyimages-481892594.jpg</external_link><external_link>http://digitalspyuk.cdnds.net/16/19/1600x2403/gallery-1462965638-gettyimages-481892594.jpg</external_link><external_link>http://digitalspyuk.cdnds.net/16/19/640x320/landscape-1462954866-azealia-banks-twitter-rant.jpg</external_link><external_link>http://digitalspyuk.cdnds.net/16/19/640x320/landscape-1462965638-gettyimages-481892594.jpg</external_link><external_link>http://digitalspyuk.cdnds.net/16/19/480x240/landscape-1462965638-gettyimages-481892594.jpg</external_link><external_link>http://digitalspyuk.cdnds.net/16/19/1600x800/landscape-1462965638-gettyimages-481892594.jpg</external_link><external_link>http://digitalspyuk.cdnds.net/16/19/640x961/gallery-1462965638-gettyimages-481892594.jpg</external_link><external_link>http://digitalspyuk.cdnds.net/16/19/640x609/gallery-1463067868-fullsizerender.jpg</external_link><external_link>http://digitalspyuk.cdnds.net/16/19/1024x974/gallery-1463067868-fullsizerender.jpg</external_link><external_link>http://digitalspyuk.cdnds.net/16/19/980x932/gallery-1463067868-fullsizerender.jpg</external_link><external_link>http://digitalspyuk.cdnds.net/16/19/768x1153/gallery-1462965638-gettyimages-481892594.jpg</external_link><external_link>https://twitter.com/account/suspended</external_link><external_link>http://digitalspyuk.cdnds.net/16/19/980x1472/gallery-1462965638-gettyimages-481892594.jpg</external_link><external_link>http://digitalspyuk.cdnds.net/16/19/1280x1922/gallery-1462965638-gettyimages-481892594.jpg</external_link>
</external_links>
<country>US</country>
<main_image>http://digitalspyuk.cdnds.net/16/19/1280x640/landscape-1462922826-azealia-zayn.jpg</main_image>
</document>
