<?xml version="1.0" encoding="UTF-8"?>
<document>
<type>mainstream</type>
<forum>http://www.borsaitaliana.it/borsa/notizie/radiocor/economia/archivio.html</forum>
<forum_title>Notizie Radiocor - Economia - Borsa Italiana</forum_title>
<discussion_title>Ocse: nuovo protocollo di intesa con Anac di Cantone per piu</discussion_title>
<language>italian</language>
<gmt_offset></gmt_offset>
<topic_url>http://www.borsaitaliana.it/borsa/notizie/radiocor/economia/dettaglio/nRC_12052016_1635_587176655.html</topic_url>
<topic_text>
Ocse: nuovo protocollo di intesa con Anac di Cantone per piu&apos; collaborazione
 Milano, 12 mag - L&apos;Ocse e l&apos;Autorita&apos; nazionale anticorruzione hanno deciso di intensificare la cooperazione nell&apos;ambito di un impegno piu&apos; generale volto a combattere la corruzione. A tal fine Raffaele Cantone, presidente dell&apos;Anac, e Angel Gurria, segretario generale dell&apos;Ocse, hanno siglato un protocollo di intesa. &quot;La corruzione rappresenta uno degli ostacoli che piu&apos; intralciano la realizzazione di investimenti utili ed efficaci. Non solo riduce gli investimenti ma ne peggiora anche la qualita&apos;. Questa collaborazione dara&apos; un ulteriore slancio all&apos;impegno internazionale nella lotta contro questo reato dalle conseguenze devastanti&quot;, ha commentato Gurria, con Cantone che ha sottolineato &quot;la bonta&apos; della collaborazione fra Anac e Ocse e i grandissimi benefici che ha apportato&apos;. Il nuovo protocollo, si spiega in una nota, mira ad accrescere la cooperazione attraverso la promozione dello sviluppo dei &quot;Principi guida per l&apos;integrita&apos;, la trasparenza e i controlli efficaci di grandi eventi e delle relative infrastrutture&quot;, e l&apos;analisi dei modelli di governance, delle metodologie e delle pratiche destinati a prevenire la corruzione e promuovere la trasparenza delle imprese a partecipazione statale. L&apos;intesa prende spunto dall&apos;accordo del 2014 relativo al controllo e al monitoraggio delle procedure di appalto per l&apos;Expo 2015 di Milano.
Com-Fla-
(RADIOCOR) 12-05-16 16:35:35 (0587) 5 NNNN
</topic_text>
<spam_score>0.00</spam_score>
<post_num>1</post_num>
<post_id>post-1</post_id>
<post_url>http://www.borsaitaliana.it/borsa/notizie/radiocor/economia/dettaglio/nRC_12052016_1635_587176655.html</post_url>
<post_date>20160512</post_date>
<post_time>1635</post_time>
<username>borsaitaliana.it</username>
<post>
Ocse: nuovo protocollo di intesa con Anac di Cantone per piu&apos; collaborazione
 Milano, 12 mag - L&apos;Ocse e l&apos;Autorita&apos; nazionale anticorruzione hanno deciso di intensificare la cooperazione nell&apos;ambito di un impegno piu&apos; generale volto a combattere la corruzione. A tal fine Raffaele Cantone, presidente dell&apos;Anac, e Angel Gurria, segretario generale dell&apos;Ocse, hanno siglato un protocollo di intesa. &quot;La corruzione rappresenta uno degli ostacoli che piu&apos; intralciano la realizzazione di investimenti utili ed efficaci. Non solo riduce gli investimenti ma ne peggiora anche la qualita&apos;. Questa collaborazione dara&apos; un ulteriore slancio all&apos;impegno internazionale nella lotta contro questo reato dalle conseguenze devastanti&quot;, ha commentato Gurria, con Cantone che ha sottolineato &quot;la bonta&apos; della collaborazione fra Anac e Ocse e i grandissimi benefici che ha apportato&apos;. Il nuovo protocollo, si spiega in una nota, mira ad accrescere la cooperazione attraverso la promozione dello sviluppo dei &quot;Principi guida per l&apos;integrita&apos;, la trasparenza e i controlli efficaci di grandi eventi e delle relative infrastrutture&quot;, e l&apos;analisi dei modelli di governance, delle metodologie e delle pratiche destinati a prevenire la corruzione e promuovere la trasparenza delle imprese a partecipazione statale. L&apos;intesa prende spunto dall&apos;accordo del 2014 relativo al controllo e al monitoraggio delle procedure di appalto per l&apos;Expo 2015 di Milano.
Com-Fla-
(RADIOCOR) 12-05-16 16:35:35 (0587) 5 NNNN
</post>
<signature>

</signature>
<external_links>

</external_links>
<country>IT</country>
<main_image></main_image>
</document>
