<?xml version="1.0" encoding="UTF-8"?>
<document>
<type>mainstream</type>
<forum>http://businesstoday.intoday.in/rss/rssstory.jsp?sid=105</forum>
<forum_title>Business Today| LATEST HEADLINES</forum_title>
<discussion_title>Railways sends Rs 4 cr bill after supplying 6.20 cr litre water to Latur</discussion_title>
<language>english</language>
<gmt_offset></gmt_offset>
<topic_url>http://www.businesstoday.in/current/economy-politics/railways-sends-rs-4-cr-bill-6.20-cr-litre-water-to-latur/story/232483.html</topic_url>
<topic_text>
SpiceJet asked to pay fine for offloading disabled flyer 
A month after the first &apos;water train&apos; reached Latur, the Railways have provided 6.20 crore litre water to the parched region, and sent a Rs four crore bill to the district collector towards transport cost. 
&quot;We have sent the bill to the Latur district collector as per the administration&apos;s request,&quot; Central Railway&apos;s General Manager S K Sood said. 
&quot;It is up to the district administration whether to pay us or seek waiver of the amount, through proper channels. We sent the water transport bill as per their request,&quot; he said. 
The first water train, christened &apos;Jaldoot&apos;, left Miraj in western Maharashtra on April 11 and reached Latur on April 12, covering the distance of around 342 kilometres. 
After nine trips by a 10-wagon water train, a 50-wagon water train carrying 25 lakh litre water was later pressed into service. It was specially commissioned from Kota in Rajasthan to transport water to Latur. 
It was in January 2013 that Maharashtra first considered water trains for parched regions of drought-hit Marathwada. 
Discussions were then held with the Railways to arrange wagons to transport 5 lakh litres of water daily. While Latur city has a population of over four lakh, the district rural areas, with 943 villages, have a population of 18 lakh. The water levels in the 131 smaller dams in the district have depleted fast.
</topic_text>
<spam_score>0.00</spam_score>
<post_num>1</post_num>
<post_id>post-1</post_id>
<post_url>http://www.businesstoday.in/current/economy-politics/railways-sends-rs-4-cr-bill-6.20-cr-litre-water-to-latur/story/232483.html</post_url>
<post_date>20160512</post_date>
<post_time>1441</post_time>
<username></username>
<post>
SpiceJet asked to pay fine for offloading disabled flyer 
A month after the first &apos;water train&apos; reached Latur, the Railways have provided 6.20 crore litre water to the parched region, and sent a Rs four crore bill to the district collector towards transport cost. 
&quot;We have sent the bill to the Latur district collector as per the administration&apos;s request,&quot; Central Railway&apos;s General Manager S K Sood said. 
&quot;It is up to the district administration whether to pay us or seek waiver of the amount, through proper channels. We sent the water transport bill as per their request,&quot; he said. 
The first water train, christened &apos;Jaldoot&apos;, left Miraj in western Maharashtra on April 11 and reached Latur on April 12, covering the distance of around 342 kilometres. 
After nine trips by a 10-wagon water train, a 50-wagon water train carrying 25 lakh litre water was later pressed into service. It was specially commissioned from Kota in Rajasthan to transport water to Latur. 
It was in January 2013 that Maharashtra first considered water trains for parched regions of drought-hit Marathwada. 
Discussions were then held with the Railways to arrange wagons to transport 5 lakh litres of water daily. While Latur city has a population of over four lakh, the district rural areas, with 943 villages, have a population of 18 lakh. The water levels in the 131 smaller dams in the district have depleted fast.
</post>
<signature>

</signature>
<external_links>

</external_links>
<country>IN</country>
<main_image></main_image>
</document>
