<?xml version="1.0" encoding="UTF-8"?>
<document>
<type>mainstream</type>
<forum>http://norran.se/feed</forum>
<forum_title>Norran, Skellefteå</forum_title>
<discussion_title>Taket skapar glädje i Fjälbyn</discussion_title>
<language>swedish</language>
<gmt_offset></gmt_offset>
<topic_url>http://norran.se/nyheter/ny-manege-taket-skapar-gladje-i-fjalbyn-586822</topic_url>
<topic_text>
Utsikt. Ridinstruktörerna Julia Ceder och Ida Strömbergsson är jättestolta över den nya manegen. Foto: Jeanette Lövgren. Trivsamt. Moa Granberg har köpt egen häst, men rider även på lektionshästen Pinglan. Foto: Jeanette Lövgren. Hoppning. Julia Ceder instruerar Elina Andersson på hästen Apollon inför hoppträningen. Foto: Jeanette Lövgren. Taket skapar glädje i Fjälbyn Publicerad för 36 minuter sedan Äntligen står den klar och det blir dubbelt firande i Fjälbyn. ”Det betyder allt att vi har fått en egen manege”, säger Ingegerd Fagerman. Dela 0 Tweeta 0 
Den 21 maj ska det firas med invigning av den nya manegen och samma helg firar föreningen 20-års jubileum. Cirka 120 medlemmar kommer nu att få användning för den nya manegen som stod klar för en vecka sedan. Nöjd. Ingegerd Fagerman är glad åt den stora ljusa manegen. Sedan ska läktaren och kafeterian byggas klar. Foto: Jeanette Lövgren. 
– Det har varit mycket att ta ställning till hur det ska se ut i manegebygget, men nu står den klar, säger Ingegerd Fagerman som är kassör i Lövångers ryttarsällskap. 
Hela manegen har kostat cirka 8,4 miljoner att bygga. De har fått pengar av arvsfonden, Skellefteå kommun och idrottslyftet. Fastigheten köptes in 2001 och då fanns det bara ett hus och ett garage, men nu står det både stall och manege där. Föreningen är uppbyggt av ideella krafter, men de har en halvtidsanställd och tre instruktörer som jobbar några timmar i veckan. 
– Det har varit väldigt svårt att planera vår verksamhet eftersom vi hela tiden har fått rätta oss efter vädret. De sista vintrarna har det knappt gått att ha någon ridverksamhet, så då har vi haft en paus och försökt att börja om efter sportlovet om vädret har tillåtit, säger Ingegerd. 
I den nya manegen finns det omklädningsrum och även en pelletspanna som ska hålla anläggningen varm. Det finns även en handikappramp upp till läktaren. 
– Det är bra att vi kan rida inne så vi slipper att frysa om händer och fötter på vintern, säger Julia Ceder som är en av instruktörerna. Nu slipper vi få frostfläckar i ansiktet på vintern. 
Planen är att föreningen ska bli lite större och de kommer även att börja med körgrupp, tävlingar och kurser. 
Just nu finns det nio hästar i stallet, men en till är inköpt och på väg in. 
Invigningen firas med uppvisningar, clinic och jubileumsmiddag i den nya manegen. Fakta
</topic_text>
<spam_score>0.00</spam_score>
<post_num>1</post_num>
<post_id>post-1</post_id>
<post_url>http://norran.se/nyheter/ny-manege-taket-skapar-gladje-i-fjalbyn-586822</post_url>
<post_date>20160512</post_date>
<post_time>1600</post_time>
<username>jeanettel</username>
<post>
Utsikt. Ridinstruktörerna Julia Ceder och Ida Strömbergsson är jättestolta över den nya manegen. Foto: Jeanette Lövgren. Trivsamt. Moa Granberg har köpt egen häst, men rider även på lektionshästen Pinglan. Foto: Jeanette Lövgren. Hoppning. Julia Ceder instruerar Elina Andersson på hästen Apollon inför hoppträningen. Foto: Jeanette Lövgren. Taket skapar glädje i Fjälbyn Publicerad för 36 minuter sedan Äntligen står den klar och det blir dubbelt firande i Fjälbyn. ”Det betyder allt att vi har fått en egen manege”, säger Ingegerd Fagerman. Dela 0 Tweeta 0 
Den 21 maj ska det firas med invigning av den nya manegen och samma helg firar föreningen 20-års jubileum. Cirka 120 medlemmar kommer nu att få användning för den nya manegen som stod klar för en vecka sedan. Nöjd. Ingegerd Fagerman är glad åt den stora ljusa manegen. Sedan ska läktaren och kafeterian byggas klar. Foto: Jeanette Lövgren. 
– Det har varit mycket att ta ställning till hur det ska se ut i manegebygget, men nu står den klar, säger Ingegerd Fagerman som är kassör i Lövångers ryttarsällskap. 
Hela manegen har kostat cirka 8,4 miljoner att bygga. De har fått pengar av arvsfonden, Skellefteå kommun och idrottslyftet. Fastigheten köptes in 2001 och då fanns det bara ett hus och ett garage, men nu står det både stall och manege där. Föreningen är uppbyggt av ideella krafter, men de har en halvtidsanställd och tre instruktörer som jobbar några timmar i veckan. 
– Det har varit väldigt svårt att planera vår verksamhet eftersom vi hela tiden har fått rätta oss efter vädret. De sista vintrarna har det knappt gått att ha någon ridverksamhet, så då har vi haft en paus och försökt att börja om efter sportlovet om vädret har tillåtit, säger Ingegerd. 
I den nya manegen finns det omklädningsrum och även en pelletspanna som ska hålla anläggningen varm. Det finns även en handikappramp upp till läktaren. 
– Det är bra att vi kan rida inne så vi slipper att frysa om händer och fötter på vintern, säger Julia Ceder som är en av instruktörerna. Nu slipper vi få frostfläckar i ansiktet på vintern. 
Planen är att föreningen ska bli lite större och de kommer även att börja med körgrupp, tävlingar och kurser. 
Just nu finns det nio hästar i stallet, men en till är inköpt och på väg in. 
Invigningen firas med uppvisningar, clinic och jubileumsmiddag i den nya manegen. Fakta
</post>
<signature>

</signature>
<external_links>

</external_links>
<country>SE</country>
<main_image>http://static.norran.se/wp-content/uploads/2016/05/849154-arlima_mw980.jpg?d=1463068827</main_image>
</document>
