<?xml version="1.0" encoding="UTF-8"?>
<document>
<type>mainstream</type>
<forum></forum>
<forum_title></forum_title>
<discussion_title>Deputados analisam perspectivas do governo Michel Temer | Notícias JusBrasil</discussion_title>
<language>portuguese</language>
<gmt_offset></gmt_offset>
<topic_url>http://cd.jusbrasil.com.br/noticias/336829454/deputados-analisam-perspectivas-do-governo-michel-temer</topic_url>
<topic_text>
Publicado por Câmara dos Deputados - 1 hora atrás LEIAM 0 NÃO LEIAM 
Partidários do impeachment da presidente Dilma Rousseff afirmam que o Congresso dará governabilidade ao governo Temer, enquanto a nova oposição promete questionar os projetos e a legitimidade do vice que assumirá nesta quinta-feira. Este documento foi selecionado especialmente por Fale agora com um Advogado Encontre um Correspondente Envie gratuitamente seu caso, receba orientações, e encontre o advogado certo para você. Enviar meu caso Mais de 100 mil advogados em 5.397 cidades × Faça um comentário construtivo para esse documento. Não use muitas letras maiúsculas, isso denota &quot;GRITAR&quot; ;) Comentar Comentar Fale agora com um Advogado Oi, está procurando um advogado ou correspondente jurídico? Podemos te conectar com Advogados em qualquer cidade do Brasil. Escolha uma cidade da lista © 2016 JusBrasil 
</topic_text>
<spam_score>0.00</spam_score>
<post_num>1</post_num>
<post_id>post-1</post_id>
<post_url>http://cd.jusbrasil.com.br/noticias/336829454/deputados-analisam-perspectivas-do-governo-michel-temer</post_url>
<post_date>20160512</post_date>
<post_time></post_time>
<username>C Mara Dos Deputados</username>
<post>
Publicado por Câmara dos Deputados - 1 hora atrás LEIAM 0 NÃO LEIAM 
Partidários do impeachment da presidente Dilma Rousseff afirmam que o Congresso dará governabilidade ao governo Temer, enquanto a nova oposição promete questionar os projetos e a legitimidade do vice que assumirá nesta quinta-feira. Este documento foi selecionado especialmente por Fale agora com um Advogado Encontre um Correspondente Envie gratuitamente seu caso, receba orientações, e encontre o advogado certo para você. Enviar meu caso Mais de 100 mil advogados em 5.397 cidades × Faça um comentário construtivo para esse documento. Não use muitas letras maiúsculas, isso denota &quot;GRITAR&quot; ;) Comentar Comentar Fale agora com um Advogado Oi, está procurando um advogado ou correspondente jurídico? Podemos te conectar com Advogados em qualquer cidade do Brasil. Escolha uma cidade da lista © 2016 JusBrasil 
</post>
<signature>

</signature>
<external_links>

</external_links>
<country>US</country>
<main_image>http://imgs.jusbrasil.com/profiles/3700037/images/1344953113_standard.jpg</main_image>
</document>
