<?xml version="1.0" encoding="UTF-8"?>
<document>
<type>mainstream</type>
<forum>http://wn.com/americas</forum>
<forum_title>Americas News from WN Network</forum_title>
<discussion_title>Mercosur’s missed boat</discussion_title>
<language>english</language>
<gmt_offset>0</gmt_offset>
<topic_url>http://article.wn.com/view/2016/05/12/Mercosur_s_missed_boat/</topic_url>
<topic_text>
AT A meeting in Brussels this week, officials from the European Union (EU) and Mercosur exchanged offers to cut tariffs and expand market access for each others’ goods and services. This is their second attempt to begin serious negotiations
</topic_text>
<spam_score>0.00</spam_score>
<post_num>1</post_num>
<post_id>post-1</post_id>
<post_url>http://article.wn.com/view/2016/05/12/Mercosur_s_missed_boat/</post_url>
<post_date>20160512</post_date>
<post_time></post_time>
<username>wn.com</username>
<post>
AT A meeting in Brussels this week, officials from the European Union (EU) and Mercosur exchanged offers to cut tariffs and expand market access for each others’ goods and services. This is their second attempt to begin serious negotiations
</post>
<signature>

</signature>
<external_links>

</external_links>
<country>GB</country>
<main_image>http://i.ytimg.com/vi/vaMdl8phGh4/0.jpg</main_image>
</document>
