<?xml version="1.0" encoding="UTF-8"?>
<document>
<type>mainstream</type>
<forum>http://www.ilna.ir/feeds/</forum>
<forum_title>خبرگزاری کار ایران - ایلنا</forum_title>
<discussion_title>استقرار دفاع ضد موشکی آمریکا امنیت هیچ کشوری را تهدید نمی‌کند</discussion_title>
<language>persian</language>
<gmt_offset></gmt_offset>
<topic_url>http://www.ilna.ir/%D8%A8%D8%AE%D8%B4-%D8%A8%DB%8C%D9%86-%D8%A7%D9%84%D9%85%D9%84%D9%84-8/370579-%D8%A7%D8%B3%D8%AA%D9%82%D8%B1%D8%A7%D8%B1-%D8%AF%D9%81%D8%A7%D8%B9-%D8%B6%D8%AF-%D9%85%D9%88%D8%B4%DA%A9%DB%8C-%D8%A2%D9%85%D8%B1%DB%8C%DA%A9%D8%A7-%D8%A7%D9%85%D9%86%DB%8C%D8%AA-%D9%87%DB%8C%DA%86-%DA%A9%D8%B4%D9%88%D8%B1%DB%8C-%D8%B1%D8%A7-%D8%AA%D9%87%D8%AF%DB%8C%D8%AF-%D9%86%D9%85%DB%8C-%DA%A9%D9%86%D8%AF</topic_url>
<topic_text>
استقرار دفاع ضد موشکی آمریکا امنیت هیچ کشوری را تهدید نمی‌کند نخست‌وزیر رومانی گفت استقرار دفاع ضد موشکی آمریکا ناقض منشور سازمان ملل متحد نبوده و امنیت هیچ کشوری را تهدید نمی‌کند. به گزارش ایلنا به نقل از اسپوتنیک، «داسیان سیولوس» نخست‌وزیر رومانی امروز-پنجشنبه- گفت استقرار دفاع ضد موشکی آمریکا در رومانی منشور سازمان ملل متحد را نقض نکرده و امنیت هیچ کشوری را تهدید نمی‌کند. مقام‌های رسمی آمریکا و رومانی امروز-پنجشنبه- آغاز به کار رسمی سیستم دفاع ضد موشکی آمریکا را اعلام کردند. داسیان سیولوس گفت: «این سیستم دفاع ضد موشکی، برای مقابله با هیچ کشور بخصوصی مستقر نشده و تنها برای دفاع در مقابل موشک‌های بالستیک عمل خواهد کرد.»
</topic_text>
<spam_score>0.00</spam_score>
<post_num>1</post_num>
<post_id>post-1</post_id>
<post_url>http://www.ilna.ir/%D8%A8%D8%AE%D8%B4-%D8%A8%DB%8C%D9%86-%D8%A7%D9%84%D9%85%D9%84%D9%84-8/370579-%D8%A7%D8%B3%D8%AA%D9%82%D8%B1%D8%A7%D8%B1-%D8%AF%D9%81%D8%A7%D8%B9-%D8%B6%D8%AF-%D9%85%D9%88%D8%B4%DA%A9%DB%8C-%D8%A2%D9%85%D8%B1%DB%8C%DA%A9%D8%A7-%D8%A7%D9%85%D9%86%DB%8C%D8%AA-%D9%87%DB%8C%DA%86-%DA%A9%D8%B4%D9%88%D8%B1%DB%8C-%D8%B1%D8%A7-%D8%AA%D9%87%D8%AF%DB%8C%D8%AF-%D9%86%D9%85%DB%8C-%DA%A9%D9%86%D8%AF</post_url>
<post_date>20160512</post_date>
<post_time>1427</post_time>
<username></username>
<post>
استقرار دفاع ضد موشکی آمریکا امنیت هیچ کشوری را تهدید نمی‌کند نخست‌وزیر رومانی گفت استقرار دفاع ضد موشکی آمریکا ناقض منشور سازمان ملل متحد نبوده و امنیت هیچ کشوری را تهدید نمی‌کند. به گزارش ایلنا به نقل از اسپوتنیک، «داسیان سیولوس» نخست‌وزیر رومانی امروز-پنجشنبه- گفت استقرار دفاع ضد موشکی آمریکا در رومانی منشور سازمان ملل متحد را نقض نکرده و امنیت هیچ کشوری را تهدید نمی‌کند. مقام‌های رسمی آمریکا و رومانی امروز-پنجشنبه- آغاز به کار رسمی سیستم دفاع ضد موشکی آمریکا را اعلام کردند. داسیان سیولوس گفت: «این سیستم دفاع ضد موشکی، برای مقابله با هیچ کشور بخصوصی مستقر نشده و تنها برای دفاع در مقابل موشک‌های بالستیک عمل خواهد کرد.»
</post>
<signature>

</signature>
<external_links>

</external_links>
<country>IR</country>
<main_image>http://static2.ilna.ir/thumbnail/1C3Vx8NzWIO1/TbaZ-65erigz_KuonkQ7j4fGZx6NUybp2e1awigXJ3Ar7nwJ7wnB4Gngr8x7S0KTCNPYbvbp534,/1039500541.jpg</main_image>
</document>
