<?xml version="1.0" encoding="UTF-8"?>
<document>
<type>mainstream</type>
<forum></forum>
<forum_title></forum_title>
<discussion_title>How CPU Governor Performance Affects MySQL » Wisconsin Web Works</discussion_title>
<language>english</language>
<gmt_offset></gmt_offset>
<topic_url>http://wiswebworks.com/how-cpu-governor-performance-affects-mysql/</topic_url>
<topic_text>
posted on May 12, 2016 by Wisconsin Web Works | Leave your thoughts 
In this blog, we’ll examine how CPU governor performance affects MySQL.It’s been a while since we looked into CPU governors, and with the new Intel CPUs and new Linux distros, I wanted to check how CPU governors affect MySQL performance. …read more QR Code - Take this post Mobile! Use this unique QR (Quick Response) code with your smart device. The code will save the url of this webpage to the device for mobile sharing and storage. 
</topic_text>
<spam_score>0.00</spam_score>
<post_num>1</post_num>
<post_id>post-1</post_id>
<post_url>http://wiswebworks.com/how-cpu-governor-performance-affects-mysql/</post_url>
<post_date>20160512</post_date>
<post_time></post_time>
<username>Wisconsin Web Works</username>
<post>
posted on May 12, 2016 by Wisconsin Web Works | Leave your thoughts 
In this blog, we’ll examine how CPU governor performance affects MySQL.It’s been a while since we looked into CPU governors, and with the new Intel CPUs and new Linux distros, I wanted to check how CPU governors affect MySQL performance. …read more QR Code - Take this post Mobile! Use this unique QR (Quick Response) code with your smart device. The code will save the url of this webpage to the device for mobile sharing and storage. 
</post>
<signature>

</signature>
<external_links>

</external_links>
<country>US</country>
<main_image></main_image>
</document>
