<?xml version="1.0" encoding="UTF-8"?>
<document>
<type>mainstream</type>
<forum>http://rt-forum.se/feed/</forum>
<forum_title>Resforum och trafikforum</forum_title>
<discussion_title>Kollektivtrafikdagen 11 maj 2017</discussion_title>
<language>swedish</language>
<gmt_offset></gmt_offset>
<topic_url>http://rt-forum.se/nyheter/kollektivtrafikdagen-11-maj-2017/</topic_url>
<topic_text>
Hem ⁄ NEWSROOM ⁄ Kollektivtrafikdagen 11 maj 2017 2017. Tre nyckelpersoner under Kollektivtrafikdagen 2016 - moderatorn Catharina Elmsäter-Svärd som fortsätter även 2017 flankeras av Gerhard Wennerström, Samtrafiken tv. och Jacob Albertsen, projektledare. Foto: Thomas Dietl 2016-  NEWSROOM , Nyheter , Trafikforum , Trafikforum 
Kollektivtrafikdagen 2016 avslutades på exakt rätt tid 16:00 på Cirkus i Stockholm - nästa branschmöte blir 11 maj nästa år. 
Många diskussioner, mycket matnyttigt inne under seminariesessionerna – och spännande utsätllare utanför. Nu är det klart att dagens moderator, Catharina Elmsäter-Svärd blir moderator även nästa år. Beskedet möttes av jubel och applåder bland deltagarna. 

Innan dess hade Catharina Elmsäter-Svärd sammanfattat dagen och bjudit in till det mingel som huvudpartnern Hogia serverade ute i lobbyn. Många fortsatte att mingla en god stund till. Nyheter
</topic_text>
<spam_score>0.00</spam_score>
<post_num>1</post_num>
<post_id>post-1</post_id>
<post_url>http://rt-forum.se/nyheter/kollektivtrafikdagen-11-maj-2017/</post_url>
<post_date>20160512</post_date>
<post_time>1407</post_time>
<username>Thomas Dietl</username>
<post>
Hem ⁄ NEWSROOM ⁄ Kollektivtrafikdagen 11 maj 2017 2017. Tre nyckelpersoner under Kollektivtrafikdagen 2016 - moderatorn Catharina Elmsäter-Svärd som fortsätter även 2017 flankeras av Gerhard Wennerström, Samtrafiken tv. och Jacob Albertsen, projektledare. Foto: Thomas Dietl 2016-  NEWSROOM , Nyheter , Trafikforum , Trafikforum 
Kollektivtrafikdagen 2016 avslutades på exakt rätt tid 16:00 på Cirkus i Stockholm - nästa branschmöte blir 11 maj nästa år. 
Många diskussioner, mycket matnyttigt inne under seminariesessionerna – och spännande utsätllare utanför. Nu är det klart att dagens moderator, Catharina Elmsäter-Svärd blir moderator även nästa år. Beskedet möttes av jubel och applåder bland deltagarna. 

Innan dess hade Catharina Elmsäter-Svärd sammanfattat dagen och bjudit in till det mingel som huvudpartnern Hogia serverade ute i lobbyn. Många fortsatte att mingla en god stund till. Nyheter
</post>
<signature>

</signature>
<external_links>

</external_links>
<country>SE</country>
<main_image>http://rt-forum.se/wp-content/uploads/2016/05/kollektivtrafik-15.jpg</main_image>
</document>
