<?xml version="1.0" encoding="UTF-8"?>
<document>
<type>mainstream</type>
<forum></forum>
<forum_title></forum_title>
<discussion_title>Confiscan millones de dólares a una cuadra de Disneyland</discussion_title>
<language>spanish</language>
<gmt_offset></gmt_offset>
<topic_url>http://noticias.terra.com/eeuu/confiscan-millones-de-dolares-a-una-cuadra-de-disneyland,ae4c526e9f152bfa1ed84ccf825890529hpxxrh6.html</topic_url>
<topic_text>
Confiscan millones de dólares a una cuadra de Disneyland 12 may 2016 comentarios El FBI confiscó 2,3 millones de dólares en efectivo —que se cree están relacionados con el narcotráfico y lavado de dinero— de una casa a apenas una cuadra del parque Disneyland de Anaheim, en California. El Buró Federal de Investigaciones de Estados Unidos (FBI, por sus siglas en inglés), embargó una casa en Anaheim la semana pasada como parte de una investigación de dos años con el Servicio Interno de Impuestos (IRS por sus siglas en inglés) y los departamentos de policía de la localidad a una organización de narcotráfico que se cree que está vinculada con cárteles mexicanos del narcotráfico. Los funcionarios afirmaron que nadie fue detenido en el momento de la confiscación. Agregaron que durante la investigación se han decomisado drogas y grandes cantidades de efectivo. AP - The Associated Press. Todos los derechos reservados. Este material no puede ser copiado, transmitido, reformado o redistribuido. 
compartir 
</topic_text>
<spam_score>0.00</spam_score>
<post_num>1</post_num>
<post_id>post-1</post_id>
<post_url>http://noticias.terra.com/eeuu/confiscan-millones-de-dolares-a-una-cuadra-de-disneyland,ae4c526e9f152bfa1ed84ccf825890529hpxxrh6.html</post_url>
<post_date>20160512</post_date>
<post_time></post_time>
<username></username>
<post>
Confiscan millones de dólares a una cuadra de Disneyland 12 may 2016 comentarios El FBI confiscó 2,3 millones de dólares en efectivo —que se cree están relacionados con el narcotráfico y lavado de dinero— de una casa a apenas una cuadra del parque Disneyland de Anaheim, en California. El Buró Federal de Investigaciones de Estados Unidos (FBI, por sus siglas en inglés), embargó una casa en Anaheim la semana pasada como parte de una investigación de dos años con el Servicio Interno de Impuestos (IRS por sus siglas en inglés) y los departamentos de policía de la localidad a una organización de narcotráfico que se cree que está vinculada con cárteles mexicanos del narcotráfico. Los funcionarios afirmaron que nadie fue detenido en el momento de la confiscación. Agregaron que durante la investigación se han decomisado drogas y grandes cantidades de efectivo. AP - The Associated Press. Todos los derechos reservados. Este material no puede ser copiado, transmitido, reformado o redistribuido. 
compartir 
</post>
<signature>

</signature>
<external_links>

</external_links>
<country>US</country>
<main_image>http://p2.trrsf.com/image/fget/cf/600/600/s1.trrsf.com/atm/3/core/_img/terra-logo-white-bg-v3.jpg</main_image>
</document>
