<?xml version="1.0" encoding="UTF-8"?>
<document>
<type>mainstream</type>
<forum>http://corectnews.com//feed</forum>
<forum_title>CorectNews</forum_title>
<discussion_title>BNR cere băncilor să evalueze mai riguros clienţii, înainte de a încheia un contract de credit</discussion_title>
<language>romanian</language>
<gmt_offset></gmt_offset>
<topic_url>http://www.corectnews.com/business/finante-banci/bnr-cere-b-ncilor-s-evalueze-mai-riguros-clien-ii-nainte-de-ncheia-un-contrac</topic_url>
<topic_text>
BNR cere băncilor să evalueze mai riguros clienţii, înainte de a încheia un contract de credit Scris de newsreporter in 12 Mai 2016 la 09:50 , in Finante-Banci . 68 vizualizari Tipareste 
BNR a publicat miercuri completări la directiva 17/2012 privind unele condiţii de creditare şi a introdus cinci noi articole prin care spune că înainte de încheierea unui contract de credit băncile trebuie să realizeze o evaluare mai riguroasă a capacităţii clientului de rambursare, transmite Mediafax. Sursa imagine: radiocluj.ro 
“Înainte de încheierea unui contract de credit, împrumutătorii realizează, pe baza unor informaţii corespunzătoare şi suficiente, obţinute inclusiv de la client precum şi, după caz, prin consultarea bazei de date a unui sistem de evidenţă de tipul birourilor de credit, o evaluare riguroasă a capacităţii clientului de rambursare a creditului potrivit obligaţiilor contractuale, luând în considerare factori relevanţi în conformitate cu prevederile prezentului regulament”, anunţă BNR. 
Un alt articol introdus cere ca în situaţia în care clientul solicită, după încheierea contractului de credit, majorarea valorii totale a creditului acordat iniţial, împrumutătorii să actualizeze informaţiile aflate la dispoziţia lor privind clientul şi să reevalueze capacitatea acestuia de rambursare. Intra in discutie: Pentru a putea intra in discutie trebuie sa fii autentificat ca utilizator CorectNews. Daca nu ai cont, da click aici . Daca ai deja cont, da click aici .
</topic_text>
<spam_score>0.00</spam_score>
<post_num>1</post_num>
<post_id>post-1</post_id>
<post_url>http://www.corectnews.com/business/finante-banci/bnr-cere-b-ncilor-s-evalueze-mai-riguros-clien-ii-nainte-de-ncheia-un-contrac</post_url>
<post_date>20160512</post_date>
<post_time>0650</post_time>
<username>newsreporter</username>
<post>
BNR cere băncilor să evalueze mai riguros clienţii, înainte de a încheia un contract de credit Scris de newsreporter in 12 Mai 2016 la 09:50 , in Finante-Banci . 68 vizualizari Tipareste 
BNR a publicat miercuri completări la directiva 17/2012 privind unele condiţii de creditare şi a introdus cinci noi articole prin care spune că înainte de încheierea unui contract de credit băncile trebuie să realizeze o evaluare mai riguroasă a capacităţii clientului de rambursare, transmite Mediafax. Sursa imagine: radiocluj.ro 
“Înainte de încheierea unui contract de credit, împrumutătorii realizează, pe baza unor informaţii corespunzătoare şi suficiente, obţinute inclusiv de la client precum şi, după caz, prin consultarea bazei de date a unui sistem de evidenţă de tipul birourilor de credit, o evaluare riguroasă a capacităţii clientului de rambursare a creditului potrivit obligaţiilor contractuale, luând în considerare factori relevanţi în conformitate cu prevederile prezentului regulament”, anunţă BNR. 
Un alt articol introdus cere ca în situaţia în care clientul solicită, după încheierea contractului de credit, majorarea valorii totale a creditului acordat iniţial, împrumutătorii să actualizeze informaţiile aflate la dispoziţia lor privind clientul şi să reevalueze capacitatea acestuia de rambursare. Intra in discutie: Pentru a putea intra in discutie trebuie sa fii autentificat ca utilizator CorectNews. Daca nu ai cont, da click aici . Daca ai deja cont, da click aici .
</post>
<signature>

</signature>
<external_links>

</external_links>
<country>RO</country>
<main_image>http://f1.corect.com/sites/www.corectnews.com/files/server-4/news/2016/05/raradiocluj.ro_.120x90x0resized.jpg</main_image>
</document>
