<?xml version="1.0" encoding="UTF-8"?>
<document>
<type>mainstream</type>
<forum>http://feeds.feedburner.com/UniradioNoticias/Espectaculos</forum>
<forum_title>UniradioNoticias fama</forum_title>
<discussion_title>Carlos Rivera abre nueva fecha en el Auditorio Nacional</discussion_title>
<language>spanish</language>
<gmt_offset></gmt_offset>
<topic_url>http://www.uniradionoticias.com/noticias/fama/411355/carlos-rivera-abre-nueva-fecha-en-el-auditorio-nacional.html</topic_url>
<topic_text>
Carlos Rivera abre nueva fecha en el Auditorio Nacional Carlos Rivera abre nueva fecha en el Auditorio Nacional Miércoles 11 de Mayo , 21:20 por Notimex   MEXICO.- Debido a la alta demanda de boletos, el cantante mexicano, Carlos Rivera, abrió una nueva fecha para interpretar sus éxitos en el Auditorio Nacional, es el próximo 29 de octubre. En el marco de su gira “Yo creo tour”, el que fuera protagonista del musical “El rey león” en su versión en español, anunció en abril pasado que se presentaría en el Coloso de Reforma el 21 de mayo. Sin embargo, hace unos días se colgó el letrero de sold out y muchos fans demandaron boletos, motivo por el cual OCESA anunció este miércoles, a través de un comunicado, que el ganador del reality show “La Academia” ofrecería otro concierto en octubre. Será a partir del 18 de mayo cuando los boletos estarán disponibles para el público en general. En el espectáculo, que también llevará a Guadalajara, Jalisco; Monterrey, Nuevo León y España, realizará un recorrido por sus más de 12 años de trayectoria.  
</topic_text>
<spam_score>0.00</spam_score>
<post_num>1</post_num>
<post_id>post-1</post_id>
<post_url>http://www.uniradionoticias.com/noticias/fama/411355/carlos-rivera-abre-nueva-fecha-en-el-auditorio-nacional.html</post_url>
<post_date>20160512</post_date>
<post_time>0420</post_time>
<username></username>
<post>
Carlos Rivera abre nueva fecha en el Auditorio Nacional Carlos Rivera abre nueva fecha en el Auditorio Nacional Miércoles 11 de Mayo , 21:20 por Notimex   MEXICO.- Debido a la alta demanda de boletos, el cantante mexicano, Carlos Rivera, abrió una nueva fecha para interpretar sus éxitos en el Auditorio Nacional, es el próximo 29 de octubre. En el marco de su gira “Yo creo tour”, el que fuera protagonista del musical “El rey león” en su versión en español, anunció en abril pasado que se presentaría en el Coloso de Reforma el 21 de mayo. Sin embargo, hace unos días se colgó el letrero de sold out y muchos fans demandaron boletos, motivo por el cual OCESA anunció este miércoles, a través de un comunicado, que el ganador del reality show “La Academia” ofrecería otro concierto en octubre. Será a partir del 18 de mayo cuando los boletos estarán disponibles para el público en general. En el espectáculo, que también llevará a Guadalajara, Jalisco; Monterrey, Nuevo León y España, realizará un recorrido por sus más de 12 años de trayectoria.  
</post>
<signature>

</signature>
<external_links>

</external_links>
<country>US</country>
<main_image>http://www.uniradioserver.com/media/news_thumbs/201605/20160511164222_122.jpg</main_image>
</document>
