<?xml version="1.0" encoding="UTF-8"?>
<document>
<type>mainstream</type>
<forum></forum>
<forum_title></forum_title>
<discussion_title>More students move Delhi HC against JNU&apos;s disciplinary action | Latest News &amp; Updates at Daily News &amp; Analysis</discussion_title>
<language>english</language>
<gmt_offset></gmt_offset>
<topic_url>http://www.dnaindia.com/india/report-more-students-move-delhi-hc-against-jnu-s-disciplinary-action-2211805</topic_url>
<topic_text>
More students move Delhi HC against JNU&apos;s disciplinary action Umar Khalid and Anirban Bhattacharya moved Delhi High Court this week against their rustication. 0 0 Thu, 12 May 2016-10:05pm , New Delhi , PTI 
Actions were taken against Kanhaiya Kumar, Umar Khalid and Anirban Bhattacharya based on enquiry committee report regarding the controversial incident that had occured on February 9 at JNU. 
Close on the heels of two JNU students challenging their rustication from the university, eight more, including JNUSU President Kanhaiya Kumar, on Thursday approached the Delhi High Court challenging the varsity&apos;s disciplinary action against them. 
Apart from Kanhaiya, the others who have challenged the order of Jawaharlal Nehru University (JNU) against them are Ashwati A Nair, Aishwariya Adhikari, Komal Mohite, Chintu Kumari, Anwesha Chakraborty and two others. 
Umar Khalid and Anirban Bhattacharya moved the court earlier this week against their rustication. Umar has also been slapped with a fine of Rs 20,000, while Anirban has been barred from JNU campus for five years from July 23. 
Kanhaiya who, along with Anirban and Umar, was accused of sedition for the controversial event of February 9, was slapped with a fine of Rs 10,000 by the varsity. Varying actions, ranging from rustication, debarment from the varsity and fines, were taken against them and several other students based on a high-level enquiry committee&apos;s (HLEC) report regarding the controversial incident that had occurred on February 9 at JNU. 
The court of Justice Manmohan had on May 12 issued notice to JNU and sought its response on the pleas of Anirban and Umar challenging their rustication. The court had also taken on record JNU&apos;s statement that the date for deposit of fine in Umar&apos;s case would be extended till May 30, the next date of hearing. 
The judge had, however, refused to pass any interim order staying the varsity&apos;s decision saying he first has to see the entire record of what had transpired. The fresh batch of petitions have been moved by the students challenging the fines imposed on them by JNU. TOP 
</topic_text>
<spam_score>0.00</spam_score>
<post_num>1</post_num>
<post_id>post-1</post_id>
<post_url>http://www.dnaindia.com/india/report-more-students-move-delhi-hc-against-jnu-s-disciplinary-action-2211805</post_url>
<post_date>20160512</post_date>
<post_time></post_time>
<username>Thu</username>
<post>
More students move Delhi HC against JNU&apos;s disciplinary action Umar Khalid and Anirban Bhattacharya moved Delhi High Court this week against their rustication. 0 0 Thu, 12 May 2016-10:05pm , New Delhi , PTI 
Actions were taken against Kanhaiya Kumar, Umar Khalid and Anirban Bhattacharya based on enquiry committee report regarding the controversial incident that had occured on February 9 at JNU. 
Close on the heels of two JNU students challenging their rustication from the university, eight more, including JNUSU President Kanhaiya Kumar, on Thursday approached the Delhi High Court challenging the varsity&apos;s disciplinary action against them. 
Apart from Kanhaiya, the others who have challenged the order of Jawaharlal Nehru University (JNU) against them are Ashwati A Nair, Aishwariya Adhikari, Komal Mohite, Chintu Kumari, Anwesha Chakraborty and two others. 
Umar Khalid and Anirban Bhattacharya moved the court earlier this week against their rustication. Umar has also been slapped with a fine of Rs 20,000, while Anirban has been barred from JNU campus for five years from July 23. 
Kanhaiya who, along with Anirban and Umar, was accused of sedition for the controversial event of February 9, was slapped with a fine of Rs 10,000 by the varsity. Varying actions, ranging from rustication, debarment from the varsity and fines, were taken against them and several other students based on a high-level enquiry committee&apos;s (HLEC) report regarding the controversial incident that had occurred on February 9 at JNU. 
The court of Justice Manmohan had on May 12 issued notice to JNU and sought its response on the pleas of Anirban and Umar challenging their rustication. The court had also taken on record JNU&apos;s statement that the date for deposit of fine in Umar&apos;s case would be extended till May 30, the next date of hearing. 
The judge had, however, refused to pass any interim order staying the varsity&apos;s decision saying he first has to see the entire record of what had transpired. The fresh batch of petitions have been moved by the students challenging the fines imposed on them by JNU. TOP 
</post>
<signature>

</signature>
<external_links>

</external_links>
<country>SG</country>
<main_image>http://static.dnaindia.com/sites/default/files/2016/05/12/459745-anirban-bhattacharya-and-umar-khalid.gif</main_image>
</document>
