<?xml version="1.0" encoding="UTF-8"?>
<document>
<type>mainstream</type>
<forum>http://dailyme.com/rss/category/business-news-energy-news.html</forum>
<forum_title>Rss</forum_title>
<discussion_title>Goldcorp to buy Kaminak for $520-million as gold rallies</discussion_title>
<language>english</language>
<gmt_offset></gmt_offset>
<topic_url>http://dailyme.com/story/2016051200002002</topic_url>
<topic_text>
Goldcorp to buy Kaminak for $520-million as gold rallies THE GLOBE AND MAIL | on Thu, May 12, 9:10 AM 
Goldcorp Inc., the world’s third-most valuable bullion producer, agreed to buy Kaminak Gold Corp. in a share swap arrangement that values the Canadian explorer at $520-million.The deal comes after gold prices surged 20 per cent this year and Goldcorp reported its first profit in three quarters. Chief Executive Officer David Garofalo is eyeing Kaminak’s Coffee project near the City of Dawson in Yukon as a possible new source of production to help close the gap with more valuable rivals Barrick...
</topic_text>
<spam_score>0.00</spam_score>
<post_num>1</post_num>
<post_id>post-1</post_id>
<post_url>http://dailyme.com/story/2016051200002002</post_url>
<post_date>20160512</post_date>
<post_time>1310</post_time>
<username></username>
<post>
Goldcorp to buy Kaminak for $520-million as gold rallies THE GLOBE AND MAIL | on Thu, May 12, 9:10 AM 
Goldcorp Inc., the world’s third-most valuable bullion producer, agreed to buy Kaminak Gold Corp. in a share swap arrangement that values the Canadian explorer at $520-million.The deal comes after gold prices surged 20 per cent this year and Goldcorp reported its first profit in three quarters. Chief Executive Officer David Garofalo is eyeing Kaminak’s Coffee project near the City of Dawson in Yukon as a possible new source of production to help close the gap with more valuable rivals Barrick...
</post>
<signature>

</signature>
<external_links>

</external_links>
<country>US</country>
<main_image></main_image>
</document>
