<?xml version="1.0" encoding="UTF-8"?>
<document>
<type>mainstream</type>
<forum></forum>
<forum_title></forum_title>
<discussion_title>Kabila pressured to hold election after controversial ruling</discussion_title>
<language>english</language>
<gmt_offset></gmt_offset>
<topic_url>https://in.news.yahoo.com/kabila-pressured-hold-election-controversial-162227712.html</topic_url>
<topic_text>
Tweet Send DR Congo&apos;s President Joseph Kabila came under fresh pressure Thursday to hold elections on schedule following a controversial court ruling enabling him to stay in office when his mandate ends late in 2016. The nine-member Constitutional Court on Wednesday ruled that Kabila could remain in a caretaker capacity beyond the expiry of his term in December. The main Congolese opposition party on Thursday slammed the decision as &quot;a sham&quot;, while former colonial power France urged the head of state to prepare elections &quot;in good faith.&quot; &quot;The ruling handed down by the Constitutional Court is a sham, it modifies the constitution,&quot; Bruno Tshibala, spokesman for the Union for Democracy and Social Progress (UDPS), told AFP. &quot;If the presidential election is not held before the deadline, Mr Kabila must leave on December 19,&quot; he said. &quot;We will not allow Mr Kabila to rule indefinitely.&quot; In Paris, France&apos;s foreign ministry spokesman Romain Nadal said &quot;the priority must be to actively prepare elections in good faith, as they are the only source of popular legitimacy.&quot; In power since 2001, when he took over on his father&apos;s assassination, Kabila was elected president in 2006 and 2011 but is constitutionally barred from standing for a third term. The court was responding to a request for clarification by the ruling party over Kabila&apos;s fate should the polls fail to be held on schedule, as is widely expected. Kabila&apos;s supporters want the election delayed for two to four years due to logistical and financial difficulties. But the opposition suspects Kabila is simply planning to amend the constitution to extend his rule. Nadal denounced the &quot;deterioration of the political and security situation&quot; in the vast mineral-rich central African nation. Just as the controversial ruling was released, thousands of people protested in the second city, Lubumbashi, over the criminal trial of leading opposition figure Moise Katumbi, who is accused of using foreign mercenaries as private guards. Katumbi, 51, is the former governor of Katanga province and the owner of the prestigious Tout-Puissant Mazembe football club, three-time winners of the African Champions League. Human rights groups have said the allegations against him are politically motivated and one of France&apos;s top lawyers, Eric Dupond-Moretti, told AFP this week he was joining Katumbi&apos;s legal team. Katumbi was an ally of Kabila for a decade but quit the ruling party in November when the president split several provinces, including Katanga. Formerly the size of Spain, it now has been carved up into four separate entities. bmb-vl/er/ccr/ri 
</topic_text>
<spam_score>0.00</spam_score>
<post_num>1</post_num>
<post_id>post-1</post_id>
<post_url>https://in.news.yahoo.com/kabila-pressured-hold-election-controversial-162227712.html</post_url>
<post_date>20160512</post_date>
<post_time></post_time>
<username></username>
<post>
Tweet Send DR Congo&apos;s President Joseph Kabila came under fresh pressure Thursday to hold elections on schedule following a controversial court ruling enabling him to stay in office when his mandate ends late in 2016. The nine-member Constitutional Court on Wednesday ruled that Kabila could remain in a caretaker capacity beyond the expiry of his term in December. The main Congolese opposition party on Thursday slammed the decision as &quot;a sham&quot;, while former colonial power France urged the head of state to prepare elections &quot;in good faith.&quot; &quot;The ruling handed down by the Constitutional Court is a sham, it modifies the constitution,&quot; Bruno Tshibala, spokesman for the Union for Democracy and Social Progress (UDPS), told AFP. &quot;If the presidential election is not held before the deadline, Mr Kabila must leave on December 19,&quot; he said. &quot;We will not allow Mr Kabila to rule indefinitely.&quot; In Paris, France&apos;s foreign ministry spokesman Romain Nadal said &quot;the priority must be to actively prepare elections in good faith, as they are the only source of popular legitimacy.&quot; In power since 2001, when he took over on his father&apos;s assassination, Kabila was elected president in 2006 and 2011 but is constitutionally barred from standing for a third term. The court was responding to a request for clarification by the ruling party over Kabila&apos;s fate should the polls fail to be held on schedule, as is widely expected. Kabila&apos;s supporters want the election delayed for two to four years due to logistical and financial difficulties. But the opposition suspects Kabila is simply planning to amend the constitution to extend his rule. Nadal denounced the &quot;deterioration of the political and security situation&quot; in the vast mineral-rich central African nation. Just as the controversial ruling was released, thousands of people protested in the second city, Lubumbashi, over the criminal trial of leading opposition figure Moise Katumbi, who is accused of using foreign mercenaries as private guards. Katumbi, 51, is the former governor of Katanga province and the owner of the prestigious Tout-Puissant Mazembe football club, three-time winners of the African Champions League. Human rights groups have said the allegations against him are politically motivated and one of France&apos;s top lawyers, Eric Dupond-Moretti, told AFP this week he was joining Katumbi&apos;s legal team. Katumbi was an ally of Kabila for a decade but quit the ruling party in November when the president split several provinces, including Katanga. Formerly the size of Spain, it now has been carved up into four separate entities. bmb-vl/er/ccr/ri 
</post>
<signature>

</signature>
<external_links>

</external_links>
<country>IE</country>
<main_image></main_image>
</document>
