<?xml version="1.0" encoding="UTF-8"?>
<document>
<type>mainstream</type>
<forum>http://imparcialoaxaca.mx/ultimas/super-deportivo.rss</forum>
<forum_title>El Imparcial &gt; Súper Deportivo</forum_title>
<discussion_title>Celebración con ritmo</discussion_title>
<language>spanish</language>
<gmt_offset></gmt_offset>
<topic_url>http://imparcialoaxaca.mx/super-deportivo/ad7/celebraci%C3%B3n-con-ritmo</topic_url>
<topic_text>
Se pusieron al día en baile fitness por Francisco Javier Ramos Diaz el Miércoles 11 de mayo de 2016 - 04:30:02 Twittear 
Con buena respuesta se llevó a cabo el fin de semana la Certificación Mother&apos;s Dance Fitness, impartida por Aldo Lozada en el Gimnasio de Aurobics de esta ciudad. 
A la capacitación que se desarrolló durante tres días, asistió una docena de mamás y público en general. 
El objetivo de la actividad promovida por la Asociación de Aerobistas del Estado de Oaxaca (AAEO), fue promover una certificación especialmente para las reinas del hogar. 
De acuerdo con Gilda García y Gema Jarquín, representantes de la AAEO, la respuesta de la gente fue positiva a lo largo de toda la certificación, lo cual las motiva a seguir impulsando eventos de este tipo. 
Asimismo, señalaron que las clases fueron dirigidas por Aldo Lozada, instructor certificado por Power Fitness Dance (PID), empresa reconocida certificada a nivel nacional. 
Sobre el taller, abundaron que se abordaron diversos temas: musicalización, metodología, formato de clase, anatomía funcional, segmentos corporales, manejo de grupo, perfil del instructor, así como géneros de dance fitness. 
&quot;El contenido de la certificación fue dirigido a los alumnos que deseen aprender el funcionamiento básico para estructurar una clase de baile fitness, así como los elementos que la conforman&quot;, explicó Gilda García. 
Por su parte, Gema Jarquín, indicó que como integrantes de la AAEO, tienen la misión de formar integra y responsablemente a nuevas generaciones de instructores fitness, para que ellos a su vez puedan aportar un cambio en la salud y las vidas de las familias mexicanas.
</topic_text>
<spam_score>0.00</spam_score>
<post_num>1</post_num>
<post_id>post-1</post_id>
<post_url>http://imparcialoaxaca.mx/super-deportivo/ad7/celebraci%C3%B3n-con-ritmo</post_url>
<post_date>20160511</post_date>
<post_time>2130</post_time>
<username>admin@imparcialenlinea.com (Francisco Javier Ramos Diaz)</username>
<post>
Se pusieron al día en baile fitness por Francisco Javier Ramos Diaz el Miércoles 11 de mayo de 2016 - 04:30:02 Twittear 
Con buena respuesta se llevó a cabo el fin de semana la Certificación Mother&apos;s Dance Fitness, impartida por Aldo Lozada en el Gimnasio de Aurobics de esta ciudad. 
A la capacitación que se desarrolló durante tres días, asistió una docena de mamás y público en general. 
El objetivo de la actividad promovida por la Asociación de Aerobistas del Estado de Oaxaca (AAEO), fue promover una certificación especialmente para las reinas del hogar. 
De acuerdo con Gilda García y Gema Jarquín, representantes de la AAEO, la respuesta de la gente fue positiva a lo largo de toda la certificación, lo cual las motiva a seguir impulsando eventos de este tipo. 
Asimismo, señalaron que las clases fueron dirigidas por Aldo Lozada, instructor certificado por Power Fitness Dance (PID), empresa reconocida certificada a nivel nacional. 
Sobre el taller, abundaron que se abordaron diversos temas: musicalización, metodología, formato de clase, anatomía funcional, segmentos corporales, manejo de grupo, perfil del instructor, así como géneros de dance fitness. 
&quot;El contenido de la certificación fue dirigido a los alumnos que deseen aprender el funcionamiento básico para estructurar una clase de baile fitness, así como los elementos que la conforman&quot;, explicó Gilda García. 
Por su parte, Gema Jarquín, indicó que como integrantes de la AAEO, tienen la misión de formar integra y responsablemente a nuevas generaciones de instructores fitness, para que ellos a su vez puedan aportar un cambio en la salud y las vidas de las familias mexicanas.
</post>
<signature>

</signature>
<external_links>

</external_links>
<country>MX</country>
<main_image>http://media.imparcialoaxaca.mx/imagenes/large/57339c86a205418d5effb3ad.jpg</main_image>
</document>
