<?xml version="1.0" encoding="UTF-8"?>
<document>
<type>mainstream</type>
<forum></forum>
<forum_title></forum_title>
<discussion_title>Govt taking steps to provide quality health facilities: Saira Afzal | Associate Press Of Pakistan</discussion_title>
<language>english</language>
<gmt_offset></gmt_offset>
<topic_url>http://www.app.com.pk/govt-taking-steps-to-provide-quality-health-facilities-saira-afzal/</topic_url>
<topic_text>
Govt taking steps to provide quality health facilities: Saira Afzal May 12, 2016 30 Govt taking steps to provide quality health facilities: Saira Afzal 
ISLAMABAD, May 12 (APP): Minister of State National Health Services and Regulations and Coordination (MNHSRC) Saira Afzal Tarar here on Thursday said that Federal Government was taking steps to provide quality health facilities to citizens of the country. 
Addressing at the launching ceremony of “Provincial Fortification Alliances in Pakistan”, she said that several hospitals had been upgraded in Federal Capital for the better health treatment of the citizens. 
Saira Afzal said that National Fortification Alliance (NFA) constituted under the ministry which was playing a key role in policy making coordination, oversight and monitoring of food fortification programs in the country. TAGS 
</topic_text>
<spam_score>0.00</spam_score>
<post_num>1</post_num>
<post_id>post-1</post_id>
<post_url>http://www.app.com.pk/govt-taking-steps-to-provide-quality-health-facilities-saira-afzal/</post_url>
<post_date>20160512</post_date>
<post_time></post_time>
<username></username>
<post>
Govt taking steps to provide quality health facilities: Saira Afzal May 12, 2016 30 Govt taking steps to provide quality health facilities: Saira Afzal 
ISLAMABAD, May 12 (APP): Minister of State National Health Services and Regulations and Coordination (MNHSRC) Saira Afzal Tarar here on Thursday said that Federal Government was taking steps to provide quality health facilities to citizens of the country. 
Addressing at the launching ceremony of “Provincial Fortification Alliances in Pakistan”, she said that several hospitals had been upgraded in Federal Capital for the better health treatment of the citizens. 
Saira Afzal said that National Fortification Alliance (NFA) constituted under the ministry which was playing a key role in policy making coordination, oversight and monitoring of food fortification programs in the country. TAGS 
</post>
<signature>

</signature>
<external_links>

</external_links>
<country>US</country>
<main_image>http://www.app.com.pk/wp-content/uploads/2016/05/APP30-12Islamabad.jpg</main_image>
</document>
