<?xml version="1.0" encoding="UTF-8"?>
<document>
<type>mainstream</type>
<forum>http://saugus.wickedlocal.com/news/shareable?template=rss&amp;mime=xml</forum>
<forum_title>Shareable - Saugus Advertiser</forum_title>
<discussion_title>Work to be done for Tony Stewart</discussion_title>
<language>english</language>
<gmt_offset></gmt_offset>
<topic_url>http://saugus.wickedlocal.com/zz/shareable/20160512/work-to-be-done-for-tony-stewart?rssfeed=true</topic_url>
<topic_text>
Work to be done for Tony Stewart Tony Stewart faces a challenging road ahead as he tries to make the Chase in his final season before retirement. Comment By Pete Pistone - @PPistone | MRN.com Saugus Advertiser By Pete Pistone - @PPistone | MRN.com   11:45 AM By Pete Pistone - @PPistone | MRN.com   11:45 AM Tony Stewart faces a challenging road ahead as he tries to make the Chase in his final season before retirement. The Stewart-Haas Racing driver made his return to the Sprint Cup Series three weeks ago after recovering from the back injury suffered in January that sidelined him for eight races. Thanks to a sixth-place finish by relief driver Ty Dillon at Talladega Superspeedway, Stewart has made a slow move up the point standings, where he must finish inside the top 30 and have a win to be eligible for the Chase. He led laps and finished 12th last weekend at Kansas Speedway but goes into Sunday’s AAA 400 Drive for Autism at Dover knowing full well there’s much room for improvement. Stewart&apos;s won three times at &quot;The Monster Mile,&quot; with his last victory coming in 2013. &quot;I remember thinking that if someone had told me we were going to win, I would’ve told them they were crazy,&quot; Stewart remembered of that day. &quot;We didn’t have the car to win the race, but we had great pit strategy at the end. We changed only two tires on the last stop to get up front. &quot;The car felt a lot better up there and it didn’t seem like the guys who took four tires had a huge advantage. When we noticed we were catching the leaders, we got going on the bottom and made up even more time. It was a big win for us and gave us momentum.&quot; Although Dover is a track Stewart enjoys, it&apos;s changed over the years. &quot;What I like about it now is that it seems we run all over the racetrack,&quot; Stewart said. &quot;When I started, you were pretty much stuck around the bottom. The winner was the guy who could get his car working around the bottom. Now, guys are moving around. The guys who are still fastest are still on the bottom. But if your car is a little off, you can move around and not be stuck in one spot.&quot; Stewart will have two more shots racing at Dover and slaying &quot;The Monster,&quot; an accomplishment he believes is one of the sport’s toughest. &quot;It&apos;s an appropriate nickname,&quot; Stewart said of the one-mile concrete oval. &quot;You win there and you feel like you’ve conquered a monster. That track can be your best friend or your worst enemy. When it’s going well and your car is driving well, it’s a blast. If your car isn’t right, even off a little bit, it’s a long day. &quot;That’s why it’s gratifying when you get that big trophy with that monster and they set your diecast car in his hand. You know you did something that week.&quot; Page 2 of 2 - Motor Racing Network - &quot;The Voice of NASCAR&quot; - will have live coverage of Sunday’s AAA 400 Drive for Autism from Dover International Speedway, beginning at 12 p.m. (ET) - with live streaming at MRN.com and on the MRN App. By Pete Pistone - @PPistone | MRN.com Saugus Advertiser By Pete Pistone - @PPistone | MRN.com   11:45 AM
</topic_text>
<spam_score>0.00</spam_score>
<post_num>1</post_num>
<post_id>post-1</post_id>
<post_url>http://saugus.wickedlocal.com/zz/shareable/20160512/work-to-be-done-for-tony-stewart?rssfeed=true</post_url>
<post_date>20160512</post_date>
<post_time>1645</post_time>
<username>Pete Pistone - @PPistone | MRN.com</username>
<post>
Work to be done for Tony Stewart Tony Stewart faces a challenging road ahead as he tries to make the Chase in his final season before retirement. Comment By Pete Pistone - @PPistone | MRN.com Saugus Advertiser By Pete Pistone - @PPistone | MRN.com   11:45 AM By Pete Pistone - @PPistone | MRN.com   11:45 AM Tony Stewart faces a challenging road ahead as he tries to make the Chase in his final season before retirement. The Stewart-Haas Racing driver made his return to the Sprint Cup Series three weeks ago after recovering from the back injury suffered in January that sidelined him for eight races. Thanks to a sixth-place finish by relief driver Ty Dillon at Talladega Superspeedway, Stewart has made a slow move up the point standings, where he must finish inside the top 30 and have a win to be eligible for the Chase. He led laps and finished 12th last weekend at Kansas Speedway but goes into Sunday’s AAA 400 Drive for Autism at Dover knowing full well there’s much room for improvement. Stewart&apos;s won three times at &quot;The Monster Mile,&quot; with his last victory coming in 2013. &quot;I remember thinking that if someone had told me we were going to win, I would’ve told them they were crazy,&quot; Stewart remembered of that day. &quot;We didn’t have the car to win the race, but we had great pit strategy at the end. We changed only two tires on the last stop to get up front. &quot;The car felt a lot better up there and it didn’t seem like the guys who took four tires had a huge advantage. When we noticed we were catching the leaders, we got going on the bottom and made up even more time. It was a big win for us and gave us momentum.&quot; Although Dover is a track Stewart enjoys, it&apos;s changed over the years. &quot;What I like about it now is that it seems we run all over the racetrack,&quot; Stewart said. &quot;When I started, you were pretty much stuck around the bottom. The winner was the guy who could get his car working around the bottom. Now, guys are moving around. The guys who are still fastest are still on the bottom. But if your car is a little off, you can move around and not be stuck in one spot.&quot; Stewart will have two more shots racing at Dover and slaying &quot;The Monster,&quot; an accomplishment he believes is one of the sport’s toughest. &quot;It&apos;s an appropriate nickname,&quot; Stewart said of the one-mile concrete oval. &quot;You win there and you feel like you’ve conquered a monster. That track can be your best friend or your worst enemy. When it’s going well and your car is driving well, it’s a blast. If your car isn’t right, even off a little bit, it’s a long day. &quot;That’s why it’s gratifying when you get that big trophy with that monster and they set your diecast car in his hand. You know you did something that week.&quot; Page 2 of 2 - Motor Racing Network - &quot;The Voice of NASCAR&quot; - will have live coverage of Sunday’s AAA 400 Drive for Autism from Dover International Speedway, beginning at 12 p.m. (ET) - with live streaming at MRN.com and on the MRN App. By Pete Pistone - @PPistone | MRN.com Saugus Advertiser By Pete Pistone - @PPistone | MRN.com   11:45 AM
</post>
<signature>

</signature>
<external_links>

</external_links>
<country>US</country>
<main_image>http://saugus.wickedlocal.com/storyimage/ZZ/20160512/SHAREABLE/160519916/AR/0/tony-stewart-nascar-driver-race.jpg</main_image>
</document>
