<?xml version="1.0" encoding="UTF-8"?>
<document>
<type>mainstream</type>
<forum>http://feeds.feedburner.com/rollingout</forum>
<forum_title>Rolling Out</forum_title>
<discussion_title>Yet another alleged Prince heir comes forward</discussion_title>
<language>english</language>
<gmt_offset></gmt_offset>
<topic_url>http://rollingout.com/2016/05/12/yet-another-alleged-prince-heir-comes-forward/</topic_url>
<topic_text>
Yet another alleged Prince heir comes forward By Nicholas Robinson | May 12, 2016 10:30 AM EST Photo Credit: Prince’s Instagram (@prince) 
Ever since Prince’s untimely death late last month, a war has been going on between his surviving siblings over the rights to his sizeable fortune. And while his siblings are busy bickering, reports have claimed that hundreds of people have come forward claiming to have rights to a slice of the pie that is Prince’s fortune. However, new reports claim that one young girl may actually be able to claim some of Prince’s wealth. 
According to media reports, an attorney named Mike Padden recently filed documents with Prince’s probate, claiming that the late music icon’s late half brother, Duane Nelson, Sr., has a granddaughter who is eligible to claim an inheritance. 
The report claims that Duane, who was at one time Prince’s bodyguard, died in 2011 and that his son died in 2005. However, Duane’s son had a daughter who is now 11 years old and living somewhere in Minnesota. 
Padden wants a court to vet the young girl to make sure that she’s actually a blood relative to Prince. He also wants a guardian to be appointed to look out for the girl’s best interests in the process. 
Sources, however, say that Prince’s full sister, Tyka Nelson , omitted Duane from her list of siblings when she first began the probate proceedings. The sources say that some in the family aren’t convinced that Duane was really one of the singer’s blood relatives, which brings into question whether his granddaughter is a blood relative. 
Well, even if Prince’s alleged grandniece and guardian prove her legitimacy with a DNA test, they’re still in for an uphill battle when it comes to claiming some of the singer’s money. 
As previously reported, Tyka is going to court with their five surviving half-siblings to sort out who should get what portion of Prince’s reported $150 million fortune. Although Minnesota law claims that the siblings all have an equal share of Prince’s wealth, sources say that Tyka wants a larger share for herself. Making matters worse is the fact that Prince’s assets are frozen until a judge can determine how much the administrator of Prince’s estate should give to the late artist’s family members for living expenses. 
Reports have claimed that things have gotten nasty between Tyka and the rest of her half siblings. Reports also claim that half-sibling Alfred Jackson has alleged that one of his half-siblings might have tried to sabotage his eligibility for the money by putting out a false missing persons report on him. 
Clearly, this is still a messy family situation and we hope it gets settled sooner than later. More on rollingout.com
</topic_text>
<spam_score>0.00</spam_score>
<post_num>1</post_num>
<post_id>post-1</post_id>
<post_url>http://rollingout.com/2016/05/12/yet-another-alleged-prince-heir-comes-forward/</post_url>
<post_date>20160512</post_date>
<post_time>1430</post_time>
<username>Nicholas Robinson</username>
<post>
Yet another alleged Prince heir comes forward By Nicholas Robinson | May 12, 2016 10:30 AM EST Photo Credit: Prince’s Instagram (@prince) 
Ever since Prince’s untimely death late last month, a war has been going on between his surviving siblings over the rights to his sizeable fortune. And while his siblings are busy bickering, reports have claimed that hundreds of people have come forward claiming to have rights to a slice of the pie that is Prince’s fortune. However, new reports claim that one young girl may actually be able to claim some of Prince’s wealth. 
According to media reports, an attorney named Mike Padden recently filed documents with Prince’s probate, claiming that the late music icon’s late half brother, Duane Nelson, Sr., has a granddaughter who is eligible to claim an inheritance. 
The report claims that Duane, who was at one time Prince’s bodyguard, died in 2011 and that his son died in 2005. However, Duane’s son had a daughter who is now 11 years old and living somewhere in Minnesota. 
Padden wants a court to vet the young girl to make sure that she’s actually a blood relative to Prince. He also wants a guardian to be appointed to look out for the girl’s best interests in the process. 
Sources, however, say that Prince’s full sister, Tyka Nelson , omitted Duane from her list of siblings when she first began the probate proceedings. The sources say that some in the family aren’t convinced that Duane was really one of the singer’s blood relatives, which brings into question whether his granddaughter is a blood relative. 
Well, even if Prince’s alleged grandniece and guardian prove her legitimacy with a DNA test, they’re still in for an uphill battle when it comes to claiming some of the singer’s money. 
As previously reported, Tyka is going to court with their five surviving half-siblings to sort out who should get what portion of Prince’s reported $150 million fortune. Although Minnesota law claims that the siblings all have an equal share of Prince’s wealth, sources say that Tyka wants a larger share for herself. Making matters worse is the fact that Prince’s assets are frozen until a judge can determine how much the administrator of Prince’s estate should give to the late artist’s family members for living expenses. 
Reports have claimed that things have gotten nasty between Tyka and the rest of her half siblings. Reports also claim that half-sibling Alfred Jackson has alleged that one of his half-siblings might have tried to sabotage his eligibility for the money by putting out a false missing persons report on him. 
Clearly, this is still a messy family situation and we hope it gets settled sooner than later. More on rollingout.com
</post>
<signature>

</signature>
<external_links>

</external_links>
<country>US</country>
<main_image>http://rollingout.com/wp-content/uploads/2016/04/Prince-Instagram-Cover.jpg</main_image>
</document>
