<?xml version="1.0" encoding="UTF-8"?>
<document>
<type>mainstream</type>
<forum>http://www.bignewsnetwork.com/index.php/nav/rss/de51264898713a16</forum>
<forum_title>Latest Big News Network RSS Feeds</forum_title>
<discussion_title>3 questions (and 3 answers) for the over-achieving, and newly respected, Trail Blazers</discussion_title>
<language>english</language>
<gmt_offset></gmt_offset>
<topic_url>http://www.bignewsnetwork.com/news/244018441/3-questions-and-3-answers-for-the-over-achieving-and-newly-respected-trail-blazers</topic_url>
<topic_text>
Business Journal Friday 13th May, 2016 For four of five games, the Portland Trail Blazers gave one of the NBA&apos;s greatest teams ever all it could handle.
And in losing to the Golden State Warriors in five games, the team faces a set of very different questions as it heads into the 2016-17 preseason. 
The Blazers last night lost 125-121 to the mighty Warriors, who captured the second round series four games to one. In the last four games, the Blazers, at times, matched up well with the Warriors before the defending champions put defensive...
</topic_text>
<spam_score>0.00</spam_score>
<post_num>1</post_num>
<post_id>post-1</post_id>
<post_url>http://www.bignewsnetwork.com/news/244018441/3-questions-and-3-answers-for-the-over-achieving-and-newly-respected-trail-blazers</post_url>
<post_date>20160512</post_date>
<post_time>1537</post_time>
<username></username>
<post>
Business Journal Friday 13th May, 2016 For four of five games, the Portland Trail Blazers gave one of the NBA&apos;s greatest teams ever all it could handle.
And in losing to the Golden State Warriors in five games, the team faces a set of very different questions as it heads into the 2016-17 preseason. 
The Blazers last night lost 125-121 to the mighty Warriors, who captured the second round series four games to one. In the last four games, the Blazers, at times, matched up well with the Warriors before the defending champions put defensive...
</post>
<signature>

</signature>
<external_links>

</external_links>
<country>US</country>
<main_image>http://cdn.bignewsnetwork.com/uni1463067467.jpg</main_image>
</document>
