<?xml version="1.0" encoding="UTF-8"?>
<document>
<type>mainstream</type>
<forum>http://feeds.feedburner.com/rollingout</forum>
<forum_title>Rolling Out</forum_title>
<discussion_title>Have Kylie Jenner and Tyga called it quits?</discussion_title>
<language>english</language>
<gmt_offset></gmt_offset>
<topic_url>http://rollingout.com/2016/05/12/kylie-jenner-tyga-called-quits/</topic_url>
<topic_text>
Have Kylie Jenner and Tyga called it quits? By Nicholas Robinson | May 12, 2016 9:44 AM EST Photo credit: Kylie Jenner’s Instagram (@kyliejenner) 
Some say nothing lasts forever, not even true love. And it looks like that may be the case for Kylie Jenner and Tyga because reports are flying that the young couple have broken up after two years together. 
According to media reports, trouble has been brewing with the couple for weeks and things came to a head last week when the couple reportedly split just a few days before the MET Gala. And the former couple supposedly provided proof of their trouble when both Tyga and Jenner showed up to the gala but didn’t walk the prestigious red carpet together, which sources say was Jenner’s decision. 
Sources also say that Jenner was angry that Tyga showed up to the event as well because she feels that he was only invited because of her. 
Other reports claim that the proof of their split rests in Kris Jenner’s recent Mother’s Day Instagram post. While the matriarch made sure to mention and honor Kanye West , Lamar Odom and Scott Disick , the men in her three eldest daughters lives, Jenner noticeably left Tyga out of the posts. Photo Credit: Kris Jenner’s Instagram (@krisjenner) 
“I love you so much Kanye, Scott and Lamar!! To my son Lammy, I am so thankful for your strength through adversity and your sweet gentle spirit. I am blessed beyond words to have all of you in my life. Thank you Kanye and Scott for being such incredible, loving and devoted fathers to my grandbabies. I can’t put into words how blessed I am to have you both!! I promise to always be here for you, and love you like my own. Thank you Scott for bringing so much laughter to my life. You’re crazy and wonderful and unique to the core. Kanye, thank you for being you!! You are an amazing friend and son, and the best daddy to North and Saint!! You inspire us all. Wow… feeling blessed and grateful today. #mothersday #grateful #blessed #family,” Kris wrote. 
Tyga on the other hand, reportedly spent Mother’s Day taking his mom and an unknown model to lunch. Tyga reportedly isn’t telling his friends if the model is his new girlfriend. 
For now, it’s unclear why the couple broke up, but this isn’t the first time that Tyga and Jenner have split. The former couple allegedly broke up last November when sources say Jenner broke up with Tyga over “pressure from the Kardashians.” 
Despite the fact that they have previously split and gotten back together, sources say there’s no turning back this go round and this is truly the end of their celebrity romance. 
This couple may be broken up but something tells us not to put it past them to get back together again. More on rollingout.com
</topic_text>
<spam_score>0.00</spam_score>
<post_num>1</post_num>
<post_id>post-1</post_id>
<post_url>http://rollingout.com/2016/05/12/kylie-jenner-tyga-called-quits/</post_url>
<post_date>20160512</post_date>
<post_time>1344</post_time>
<username>Nicholas Robinson</username>
<post>
Have Kylie Jenner and Tyga called it quits? By Nicholas Robinson | May 12, 2016 9:44 AM EST Photo credit: Kylie Jenner’s Instagram (@kyliejenner) 
Some say nothing lasts forever, not even true love. And it looks like that may be the case for Kylie Jenner and Tyga because reports are flying that the young couple have broken up after two years together. 
According to media reports, trouble has been brewing with the couple for weeks and things came to a head last week when the couple reportedly split just a few days before the MET Gala. And the former couple supposedly provided proof of their trouble when both Tyga and Jenner showed up to the gala but didn’t walk the prestigious red carpet together, which sources say was Jenner’s decision. 
Sources also say that Jenner was angry that Tyga showed up to the event as well because she feels that he was only invited because of her. 
Other reports claim that the proof of their split rests in Kris Jenner’s recent Mother’s Day Instagram post. While the matriarch made sure to mention and honor Kanye West , Lamar Odom and Scott Disick , the men in her three eldest daughters lives, Jenner noticeably left Tyga out of the posts. Photo Credit: Kris Jenner’s Instagram (@krisjenner) 
“I love you so much Kanye, Scott and Lamar!! To my son Lammy, I am so thankful for your strength through adversity and your sweet gentle spirit. I am blessed beyond words to have all of you in my life. Thank you Kanye and Scott for being such incredible, loving and devoted fathers to my grandbabies. I can’t put into words how blessed I am to have you both!! I promise to always be here for you, and love you like my own. Thank you Scott for bringing so much laughter to my life. You’re crazy and wonderful and unique to the core. Kanye, thank you for being you!! You are an amazing friend and son, and the best daddy to North and Saint!! You inspire us all. Wow… feeling blessed and grateful today. #mothersday #grateful #blessed #family,” Kris wrote. 
Tyga on the other hand, reportedly spent Mother’s Day taking his mom and an unknown model to lunch. Tyga reportedly isn’t telling his friends if the model is his new girlfriend. 
For now, it’s unclear why the couple broke up, but this isn’t the first time that Tyga and Jenner have split. The former couple allegedly broke up last November when sources say Jenner broke up with Tyga over “pressure from the Kardashians.” 
Despite the fact that they have previously split and gotten back together, sources say there’s no turning back this go round and this is truly the end of their celebrity romance. 
This couple may be broken up but something tells us not to put it past them to get back together again. More on rollingout.com
</post>
<signature>

</signature>
<external_links>

</external_links>
<country>US</country>
<main_image>http://rollingout.com/wp-content/uploads/2015/11/Kylie-Jenner-Tyga-Instagram-Cover.jpg</main_image>
</document>
