<?xml version="1.0" encoding="UTF-8"?>
<document>
<type>mainstream</type>
<forum>http://finance.yahoo.com/sitemap/photos/18.xml</forum>
<forum_title></forum_title>
<discussion_title>People move blocks of balls in the Underground Recycled Balls Exhibit below Dupont Circle in the former trolley station in Washington, DC</discussion_title>
<language>english</language>
<gmt_offset></gmt_offset>
<topic_url>http://finance.yahoo.com/photos/people-move-blocks-balls-underground-recycled-balls-exhibit-photo-065123525.html</topic_url>
<topic_text>
People move blocks of balls in the Underground Recycled Balls Exhibit below Dupont Circle in the former trolley station in Washington, DC (AFP Photo/Brendan Smialowski)
</topic_text>
<spam_score>0.00</spam_score>
<post_num>1</post_num>
<post_id>post-1</post_id>
<post_url>http://finance.yahoo.com/photos/people-move-blocks-balls-underground-recycled-balls-exhibit-photo-065123525.html</post_url>
<post_date>20160508</post_date>
<post_time>0653</post_time>
<username>Brendan Smialowski</username>
<post>
People move blocks of balls in the Underground Recycled Balls Exhibit below Dupont Circle in the former trolley station in Washington, DC (AFP Photo/Brendan Smialowski)
</post>
<signature>

</signature>
<external_links>
<external_link>http://l2.yimg.com/bt/api/res/1.2/9czaRCOKxTvV9kdOs.B7Nw--/YXBwaWQ9eW5ld3NfbGVnbztmaT1maWxsO2g9NjM4O2lsPXBsYW5lO3B5b2ZmPTA7cT03NTt3PTk2MA--/http://media.zenfs.com/en_us/News/afp.com/0ba2190c31e63c24187a49c2b18701d731886a3c.jpg</external_link><external_link>http://l3.yimg.com/bt/api/res/1.2/v.Gk5lCoAKIBwr60Qi9pTw--/YXBwaWQ9eW5ld3NfbGVnbztmaT1maWxsO2g9Mzc3O2lsPXBsYW5lO3B4b2ZmPTUwO3B5b2ZmPTA7cT03NTt3PTY3MA--/http://media.zenfs.com/en_us/News/afp.com/0ba2190c31e63c24187a49c2b18701d731886a3c.jpg</external_link>
</external_links>
<country>US</country>
<main_image>http://l2.yimg.com/bt/api/res/1.2/EWcHcwioOZ3Qtw.XBaed8w--/YXBwaWQ9eW5ld3NfbGVnbztpbD1wbGFuZTtxPTc1O3c9NjAw/http://media.zenfs.com/en_us/News/afp.com/0ba2190c31e63c24187a49c2b18701d731886a3c.jpg</main_image>
</document>
