<?xml version="1.0" encoding="UTF-8"?>
<document>
<type>mainstream</type>
<forum>http://www.futbolnews.pl/rss/futbolnews.xml</forum>
<forum_title>Futbolnews.pl</forum_title>
<discussion_title>W miesiąc od bohatera do zera... Podoliński długo nie znajdzie pracy w ekstraklasie</discussion_title>
<language>polish</language>
<gmt_offset></gmt_offset>
<topic_url>http://www.futbolnews.pl/newsroom/74924,w-miesiac-od-bohatera-do-zera-podolinski-dlugo-nie-znajdzie-pracy-w-ekstraklasie</topic_url>
<topic_text>
W miesiąc od bohatera do zera... Podoliński długo nie znajdzie pracy w ekstraklasie źródło: własne Jest jednym z największych, jeżeli nie największym, przegranym tego sezonu. Trener Podbeskidzia jeszcze miesiąc temu ocierał się o &quot;niebo&quot;, a teraz wylądował w piekle i to na samym jego dnie. To może poważnie skomplikować jego dalszą karierę... Warto przeczytać Spadli z hukiem z ekstraklasy, ale... dalej będą w niej grali! Rozpacz w Podbeskidziu. &quot;Górale&quot; zaliczyli spadek na... własne życzenie Zaskakujący transfer Lecha Poznań? Podbeskidzie wróciło z dalekiej podróży, ale... i tak spadnie Idzie, idzie, idzie Podbeskidzie! Prosto w przepaść... Patrząc na Podolińskiego po laniu w Łęcznej, które przesądziło o spadku &quot;Górali&quot; z ekstraklasy, nie można było mu nie współczuć. Na konferencji pasowej, z zaszklonymi oczami, łamiącym się głosem, musiał wyjaśniać, jak to się stało, że Podbeskidzie nie wygrało żadnego z sześciu meczów w grupie spadkowej. A przecież jeszcze miesiąc temu Podoliński był na &quot;świeczniku&quot;. Doskonały finisz sezonu zasadniczego sprawił, że tylko zawirowanie z ujemnymi punktami dla Lechii Gdańsk spowodowało iż &quot;Górale&quot; zamiast w pierwszej ósemce, znaleźli się w grupie spadkowej. Rozczarowanie rozstrzygnięciami przy zielonym stoliku było w Bielsko-Białej wielkie, ale nikt nie przypuszczał, że zostawi tak trwały ślad w psychice zawodników, z których gdzieś uleciała mobilizacja, jaką charakteryzowali się przez większość rundy wiosennej. Dla Podbeskidzia spadek jest katastrofą, ale może być jeszcze większą dla trenera Podolińskiego. Tym bardziej, że najpierw nie poszło mu w Cracovii, teraz zaliczył bardzo bolesny upadek z bielszczanami. O kolejną szansę w ekstraklasie, może być bardzo trudno. Okazją do rehabilitacji mógłby być powrót do ekstraklasy za rok z &quot;Góralami&quot;. Nie wiadomo jednak, jak potoczą się jego losy w Podbeskidziu. Wszystko wskazuje na to, że raczej po tak traumatycznych ostatnich tygodniach pożegna się z klubem, a próbować pozbierać rozbity zespół do kupy w pierwszoligowych realiach, będzie już ktoś inny...
</topic_text>
<spam_score>0.00</spam_score>
<post_num>1</post_num>
<post_id>post-1</post_id>
<post_url>http://www.futbolnews.pl/newsroom/74924,w-miesiac-od-bohatera-do-zera-podolinski-dlugo-nie-znajdzie-pracy-w-ekstraklasie</post_url>
<post_date>20160511</post_date>
<post_time>1518</post_time>
<username></username>
<post>
W miesiąc od bohatera do zera... Podoliński długo nie znajdzie pracy w ekstraklasie źródło: własne Jest jednym z największych, jeżeli nie największym, przegranym tego sezonu. Trener Podbeskidzia jeszcze miesiąc temu ocierał się o &quot;niebo&quot;, a teraz wylądował w piekle i to na samym jego dnie. To może poważnie skomplikować jego dalszą karierę... Warto przeczytać Spadli z hukiem z ekstraklasy, ale... dalej będą w niej grali! Rozpacz w Podbeskidziu. &quot;Górale&quot; zaliczyli spadek na... własne życzenie Zaskakujący transfer Lecha Poznań? Podbeskidzie wróciło z dalekiej podróży, ale... i tak spadnie Idzie, idzie, idzie Podbeskidzie! Prosto w przepaść... Patrząc na Podolińskiego po laniu w Łęcznej, które przesądziło o spadku &quot;Górali&quot; z ekstraklasy, nie można było mu nie współczuć. Na konferencji pasowej, z zaszklonymi oczami, łamiącym się głosem, musiał wyjaśniać, jak to się stało, że Podbeskidzie nie wygrało żadnego z sześciu meczów w grupie spadkowej. A przecież jeszcze miesiąc temu Podoliński był na &quot;świeczniku&quot;. Doskonały finisz sezonu zasadniczego sprawił, że tylko zawirowanie z ujemnymi punktami dla Lechii Gdańsk spowodowało iż &quot;Górale&quot; zamiast w pierwszej ósemce, znaleźli się w grupie spadkowej. Rozczarowanie rozstrzygnięciami przy zielonym stoliku było w Bielsko-Białej wielkie, ale nikt nie przypuszczał, że zostawi tak trwały ślad w psychice zawodników, z których gdzieś uleciała mobilizacja, jaką charakteryzowali się przez większość rundy wiosennej. Dla Podbeskidzia spadek jest katastrofą, ale może być jeszcze większą dla trenera Podolińskiego. Tym bardziej, że najpierw nie poszło mu w Cracovii, teraz zaliczył bardzo bolesny upadek z bielszczanami. O kolejną szansę w ekstraklasie, może być bardzo trudno. Okazją do rehabilitacji mógłby być powrót do ekstraklasy za rok z &quot;Góralami&quot;. Nie wiadomo jednak, jak potoczą się jego losy w Podbeskidziu. Wszystko wskazuje na to, że raczej po tak traumatycznych ostatnich tygodniach pożegna się z klubem, a próbować pozbierać rozbity zespół do kupy w pierwszoligowych realiach, będzie już ktoś inny...
</post>
<signature>

</signature>
<external_links>

</external_links>
<country>PL</country>
<main_image></main_image>
</document>
