<?xml version="1.0" encoding="UTF-8"?>
<document>
<type>mainstream</type>
<forum>http://bookarchive.ru//engine/rss.php</forum>
<forum_title>Скачать книги бесплатно на BookArchive</forum_title>
<discussion_title>Carp Elite № 18 2016</discussion_title>
<language>russian</language>
<gmt_offset></gmt_offset>
<topic_url>http://www.bookarchive.ru/zhurnaly/ohotnikamribakam/330802-carp-elite-18-2016.html</topic_url>
<topic_text>
Скачать Carp Elite № 18 2016 torrent Скачиваний 142 / Средняя скорость 2166 Kb/s » Carp Elite № 18 2016 Название: Carp Elite № 18 2016 Автор: Коллектив 18 2016 132 Русский PDF хорошее 59,74 Мб Новинки от: Korda, &quot;Карптэкл&quot;, K-Karp, Carpology, Sportex, Jrc, PB Products, Sonik, Koex, Normark. Ловля карпа в магазине. Большое интервью с Дмитрием Донником. http://depositfiles.com/files/5bsvnyah9 -
</topic_text>
<spam_score>0.00</spam_score>
<post_num>1</post_num>
<post_id>post-1</post_id>
<post_url>http://www.bookarchive.ru/zhurnaly/ohotnikamribakam/330802-carp-elite-18-2016.html</post_url>
<post_date>20160512</post_date>
<post_time>1601</post_time>
<username>volnyans</username>
<post>
Скачать Carp Elite № 18 2016 torrent Скачиваний 142 / Средняя скорость 2166 Kb/s » Carp Elite № 18 2016 Название: Carp Elite № 18 2016 Автор: Коллектив 18 2016 132 Русский PDF хорошее 59,74 Мб Новинки от: Korda, &quot;Карптэкл&quot;, K-Karp, Carpology, Sportex, Jrc, PB Products, Sonik, Koex, Normark. Ловля карпа в магазине. Большое интервью с Дмитрием Донником. http://depositfiles.com/files/5bsvnyah9 -
</post>
<signature>

</signature>
<external_links>

</external_links>
<country>RU</country>
<main_image>/uploads/posts/2016-05/thumbs/1462992023_zhurnal-carp-elite.jpg</main_image>
</document>
