<?xml version="1.0" encoding="UTF-8"?>
<document>
<type>mainstream</type>
<forum></forum>
<forum_title></forum_title>
<discussion_title>Manchester United news: Bastian Schweinsteiger ready for battle in Clash of Kings commercial | Metro News</discussion_title>
<language>english</language>
<gmt_offset></gmt_offset>
<topic_url>http://metro.co.uk/2016/05/12/manchester-united-star-bastian-schweinsteiger-looks-ready-for-battle-in-clash-of-kings-commercial-5878339/</topic_url>
<topic_text>
George Bellshaw for Metro.co.uk Thursday 12 May 2016 5:27 pm Schweinsteiger looks pretty good in a suit of armour (Picture: Ian Foster/DCMN) 
Bastian Schweinsteiger may not have played for Manchester United for two months but he looks pretty ready for battle in this new commercial. 
Promoting the mobile game ‘Clash of Kings’, the German World Cup winner has been filmed sporting a beard and king’s armour as he prepares to go into battle with a medieval army. 
The commercial, shot in Manchester by DCMN, starts with Schweinsteiger walking his army into battle, only to be brought back to reality by the sound of a lawn mower. 
He then finds himself in a football stadium, playing the game on his phone. 
The 30-second commercial will screen on selected German TV networks over the next five months while a 60-second spot will be shown in cinemas. 
Here are the best shots of Schweinsteiger in action: (Picture: Ian Foster/DCMN) 
</topic_text>
<spam_score>0.00</spam_score>
<post_num>1</post_num>
<post_id>post-1</post_id>
<post_url>http://metro.co.uk/2016/05/12/manchester-united-star-bastian-schweinsteiger-looks-ready-for-battle-in-clash-of-kings-commercial-5878339/</post_url>
<post_date>20160512</post_date>
<post_time></post_time>
<username>George Bellshaw For Metro.Co.Uk</username>
<post>
George Bellshaw for Metro.co.uk Thursday 12 May 2016 5:27 pm Schweinsteiger looks pretty good in a suit of armour (Picture: Ian Foster/DCMN) 
Bastian Schweinsteiger may not have played for Manchester United for two months but he looks pretty ready for battle in this new commercial. 
Promoting the mobile game ‘Clash of Kings’, the German World Cup winner has been filmed sporting a beard and king’s armour as he prepares to go into battle with a medieval army. 
The commercial, shot in Manchester by DCMN, starts with Schweinsteiger walking his army into battle, only to be brought back to reality by the sound of a lawn mower. 
He then finds himself in a football stadium, playing the game on his phone. 
The 30-second commercial will screen on selected German TV networks over the next five months while a 60-second spot will be shown in cinemas. 
Here are the best shots of Schweinsteiger in action: (Picture: Ian Foster/DCMN) 
</post>
<signature>

</signature>
<external_links>

</external_links>
<country>US</country>
<main_image>https://metrouk2.files.wordpress.com/2016/05/schweinsteiger-army.png</main_image>
</document>
