<?xml version="1.0" encoding="UTF-8"?>
<document>
<type>mainstream</type>
<forum>http://bookarchive.ru//engine/rss.php</forum>
<forum_title>Скачать книги бесплатно на BookArchive</forum_title>
<discussion_title>Серия &quot;Умные книжки&quot; для детей 5-6 лет</discussion_title>
<language>russian</language>
<gmt_offset></gmt_offset>
<topic_url>http://www.bookarchive.ru/detskaja/razvitie/330777-seriya-umnye-knizhki-dlya-detey-5-6-let.html</topic_url>
<topic_text>
&gt; Серия &quot;Умные книжки&quot; для детей 5-6 лет полная версия Серия &quot;Умные книжки&quot; для детей 5-6 лет На большой скорости Серия &quot;Умные книжки&quot; для детей 5-6 лет по прямой ссылке Серия &quot;Умные книжки&quot; для детей 5-6 лет Серия &quot;Умные книжки&quot; для детей 5-6 лет Земцова Ольга Николаевна ООО &quot;Издательская группа Аттикус&quot; Machaon 2007-2008 много Русский djvu хорошее 16 Мб Серия &quot;Умные книжки&quot; охватывает все основные аспекты умственного развития ребенка, грамотно и детально разработана применительно к разным возрастным группам. В каждой книге в игровой форме даны задания на развитие определенных навыков ребенка. Благодаря этим увлекательным пособиям Ваш ребёнок сможет потренировать память, логическое мышление и получить новые полезные знания.Ранее развитие ребёнка – это не только вложение в его будущее умственное развитие и эрудицию, но и прекрасная возможность совместного времяпровождения с крохой. Ведь задания из обучающих пособий подразумевают участие и родителей в процессе выполнения. Конечно, не стоит облегчать детям задачу и решать за них, но грамотная подсказка поможет ребёнку выйти на правильный путь к решению. Автор серии, Земцова Ольга Николаевна, кандидат педагогических наук, руководитель Центра дошкольного развития и воспитания детей, Заслуженный учитель России. 2. Вправо-влево, вверх-вниз. Ориентируемся в пространстве 3. Задачки для ума. Развиваем мышление 4. Запомни картинки. Развиваем память 5. Найди отличия. Развиваем внимание 6. Ожившие буквы. Учимся грамоте 7. От слова к рассказу. Развиваем речь 8. Послушный карандаш. Развиваем мелкую моторику рук 9. Тесты (86 страниц из 112) 10. Цифры и числа. Учимся считать 11. Что нас окружает. Познаем мир http://depositfiles.com/files/di2n0s1hq -
</topic_text>
<spam_score>0.00</spam_score>
<post_num>1</post_num>
<post_id>post-1</post_id>
<post_url>http://www.bookarchive.ru/detskaja/razvitie/330777-seriya-umnye-knizhki-dlya-detey-5-6-let.html</post_url>
<post_date>20160512</post_date>
<post_time>1555</post_time>
<username>alendi</username>
<post>
&gt; Серия &quot;Умные книжки&quot; для детей 5-6 лет полная версия Серия &quot;Умные книжки&quot; для детей 5-6 лет На большой скорости Серия &quot;Умные книжки&quot; для детей 5-6 лет по прямой ссылке Серия &quot;Умные книжки&quot; для детей 5-6 лет Серия &quot;Умные книжки&quot; для детей 5-6 лет Земцова Ольга Николаевна ООО &quot;Издательская группа Аттикус&quot; Machaon 2007-2008 много Русский djvu хорошее 16 Мб Серия &quot;Умные книжки&quot; охватывает все основные аспекты умственного развития ребенка, грамотно и детально разработана применительно к разным возрастным группам. В каждой книге в игровой форме даны задания на развитие определенных навыков ребенка. Благодаря этим увлекательным пособиям Ваш ребёнок сможет потренировать память, логическое мышление и получить новые полезные знания.Ранее развитие ребёнка – это не только вложение в его будущее умственное развитие и эрудицию, но и прекрасная возможность совместного времяпровождения с крохой. Ведь задания из обучающих пособий подразумевают участие и родителей в процессе выполнения. Конечно, не стоит облегчать детям задачу и решать за них, но грамотная подсказка поможет ребёнку выйти на правильный путь к решению. Автор серии, Земцова Ольга Николаевна, кандидат педагогических наук, руководитель Центра дошкольного развития и воспитания детей, Заслуженный учитель России. 2. Вправо-влево, вверх-вниз. Ориентируемся в пространстве 3. Задачки для ума. Развиваем мышление 4. Запомни картинки. Развиваем память 5. Найди отличия. Развиваем внимание 6. Ожившие буквы. Учимся грамоте 7. От слова к рассказу. Развиваем речь 8. Послушный карандаш. Развиваем мелкую моторику рук 9. Тесты (86 страниц из 112) 10. Цифры и числа. Учимся считать 11. Что нас окружает. Познаем мир http://depositfiles.com/files/di2n0s1hq -
</post>
<signature>

</signature>
<external_links>

</external_links>
<country>RU</country>
<main_image>/uploads/posts/2016-05/1462937012_200-6.jpg</main_image>
</document>
