<?xml version="1.0" encoding="UTF-8"?>
<document>
<type>mainstream</type>
<forum></forum>
<forum_title></forum_title>
<discussion_title>Woody Allen bans Hollywood Reporter from Cannes event over sex abuse claims | Metro News</discussion_title>
<language>english</language>
<gmt_offset></gmt_offset>
<topic_url>http://metro.co.uk/2016/05/12/woody-allen-bans-the-hollywood-reporter-from-cannes-event-for-publishing-ronan-farrows-sex-abuse-essay-5878135/</topic_url>
<topic_text>
Follow us Woody Allen bans The Hollywood Reporter from Cannes event for publishing Ronan Farrow’s sex abuse essay Sarah Deen for Metro.co.uk Thursday 12 May 2016 5:32 pm Woody Allen is said to have banned The Hollywood Reporter over an essay by his son Ronan Farrow (Picture: Getty Images) 
Woody Allen has banned The Hollywood Reporter from a Cannes event for publishing sex abuse allegations. 
The director’s publicist is said to have made the decision after the publication ran a guest column written by his son Ronan Farrow . 
In it, Farrow alleged that Allen got into bed with his sister when she was 5-years-old and ‘forced her to suck his thumb’. 
Now he has apparently blocked THR from attending an event at the film festival, which kicked off on Wednesday. 
Senior editor at Fortune Pamela Kruger revealed the news on Twitter: Woody allen&apos;s publicist bans @THR from Cannes event because of publishing @RonanFarrow essay about sex abuse 
— Pamela Kruger (@PamKrugerwriter) May 12, 2016 
According to THR’s senior film writer, Allen’s publicist said banning them was ‘only natural’ after Farrow’s essay. Woody&apos;s Allen&apos;s publicist says it&apos;s &quot;only natural&quot; she would ban @THR from #Cannes lunch after @RonanFarrow &apos;s essay https://t.co/iSISwqTFTR MORE: Ronan Farrow reveals ‘forced thumb sucking’ between father Woody Allen and daughter Dylan Director Allen is currently in Cannes promoting his new film Cafe Society (Picture: Getty Images) 
As well as the allegations, Ronan also lamented the number of stars who continue to work with Allen. 
He wrote: ‘”It’s not personal,” one once told me. But it hurts my sister every time one of her heroes like Louis C.K., or a star her age, like Miley Cyrus, works with Woody Allen. 
‘Personal is exactly what it is – for my sister, and for women everywhere with allegations of sexual assault that have never been vindicated by a conviction.’ 
Metro.co.uk has contacted Woody Allen’s publicist for comment. 
</topic_text>
<spam_score>0.00</spam_score>
<post_num>1</post_num>
<post_id>post-1</post_id>
<post_url>http://metro.co.uk/2016/05/12/woody-allen-bans-the-hollywood-reporter-from-cannes-event-for-publishing-ronan-farrows-sex-abuse-essay-5878135/</post_url>
<post_date>20160512</post_date>
<post_time></post_time>
<username>Sarah Deen For Metro.Co.Uk</username>
<post>
Follow us Woody Allen bans The Hollywood Reporter from Cannes event for publishing Ronan Farrow’s sex abuse essay Sarah Deen for Metro.co.uk Thursday 12 May 2016 5:32 pm Woody Allen is said to have banned The Hollywood Reporter over an essay by his son Ronan Farrow (Picture: Getty Images) 
Woody Allen has banned The Hollywood Reporter from a Cannes event for publishing sex abuse allegations. 
The director’s publicist is said to have made the decision after the publication ran a guest column written by his son Ronan Farrow . 
In it, Farrow alleged that Allen got into bed with his sister when she was 5-years-old and ‘forced her to suck his thumb’. 
Now he has apparently blocked THR from attending an event at the film festival, which kicked off on Wednesday. 
Senior editor at Fortune Pamela Kruger revealed the news on Twitter: Woody allen&apos;s publicist bans @THR from Cannes event because of publishing @RonanFarrow essay about sex abuse 
— Pamela Kruger (@PamKrugerwriter) May 12, 2016 
According to THR’s senior film writer, Allen’s publicist said banning them was ‘only natural’ after Farrow’s essay. Woody&apos;s Allen&apos;s publicist says it&apos;s &quot;only natural&quot; she would ban @THR from #Cannes lunch after @RonanFarrow &apos;s essay https://t.co/iSISwqTFTR MORE: Ronan Farrow reveals ‘forced thumb sucking’ between father Woody Allen and daughter Dylan Director Allen is currently in Cannes promoting his new film Cafe Society (Picture: Getty Images) 
As well as the allegations, Ronan also lamented the number of stars who continue to work with Allen. 
He wrote: ‘”It’s not personal,” one once told me. But it hurts my sister every time one of her heroes like Louis C.K., or a star her age, like Miley Cyrus, works with Woody Allen. 
‘Personal is exactly what it is – for my sister, and for women everywhere with allegations of sexual assault that have never been vindicated by a conviction.’ 
Metro.co.uk has contacted Woody Allen’s publicist for comment. 
</post>
<signature>

</signature>
<external_links>

</external_links>
<country>US</country>
<main_image>https://metrouk2.files.wordpress.com/2016/05/473410924.jpg</main_image>
</document>
