<?xml version="1.0" encoding="UTF-8"?>
<document>
<type>mainstream</type>
<forum>http://www.bignewsnetwork.com/index.php/nav/rss/de51264898713a16</forum>
<forum_title>Latest Big News Network RSS Feeds</forum_title>
<discussion_title>Throwback Thursday: Portland company still offering opioid alternative</discussion_title>
<language>english</language>
<gmt_offset></gmt_offset>
<topic_url>http://www.bignewsnetwork.com/news/244018067/throwback-thursday-portland-company-still-offering-opioid-alternative</topic_url>
<topic_text>
Business Journal Thursday 12th May, 2016 Editor&apos;s note: Throwback Thursday is an occasional feature updating past where subjects of our Strategies and PBJ Interview features are today.
A year ago, Brendon Lundberg had recently opened a West Linn clinic to treat pain in a novel way, without resorting to surgery or addictive opioids. 
The Scrambler Therapy System, instead, uses electrodes to retrain the brain to develop new neuro-pathways. 
Lundberg, the president and CEO of Radiant Health Management Corp., had visions of opening 100 clinics...
</topic_text>
<spam_score>0.00</spam_score>
<post_num>1</post_num>
<post_id>post-1</post_id>
<post_url>http://www.bignewsnetwork.com/news/244018067/throwback-thursday-portland-company-still-offering-opioid-alternative</post_url>
<post_date>20160512</post_date>
<post_time>1337</post_time>
<username></username>
<post>
Business Journal Thursday 12th May, 2016 Editor&apos;s note: Throwback Thursday is an occasional feature updating past where subjects of our Strategies and PBJ Interview features are today.
A year ago, Brendon Lundberg had recently opened a West Linn clinic to treat pain in a novel way, without resorting to surgery or addictive opioids. 
The Scrambler Therapy System, instead, uses electrodes to retrain the brain to develop new neuro-pathways. 
Lundberg, the president and CEO of Radiant Health Management Corp., had visions of opening 100 clinics...
</post>
<signature>

</signature>
<external_links>

</external_links>
<country>US</country>
<main_image>http://cdn.bignewsnetwork.com/uni1463060267.jpg</main_image>
</document>
