<?xml version="1.0" encoding="UTF-8"?>
<document>
<type>mainstream</type>
<forum>http://imparcialoaxaca.mx/ultimas/super-deportivo.rss</forum>
<forum_title>El Imparcial &gt; Súper Deportivo</forum_title>
<discussion_title>Con el pie &quot;chueco&quot;</discussion_title>
<language>spanish</language>
<gmt_offset></gmt_offset>
<topic_url>http://imparcialoaxaca.mx/super-deportivo/abd/con-el-pie-chueco</topic_url>
<topic_text>
Súper Deportivo Con el pie &quot;chueco&quot; Los Gavilanes UABJO saltaron a la cancha con la misión de conseguir un buen resultado en el llamado Grupo de la Muerte, en donde se encuentran con la Universidad Autónoma de Nuevo León, Politécnico Nacional y la sede Universidad de Guadalajara, sin embargo, pagaron el derecho de piso. por Francisco Javier Ramos Diaz el Martes 10 de mayo de 2016 - 05:16:04 Twittear 
El representativo de futbol rápido varonil de la Universidad Autónoma Benito Juárez de Oaxaca (UABJO), no tuvo mucha fortuna en el arranque de su participación en la Universiada Nacional 2016, que se realiza en Guadalajara, al caer 8 goles a 5 ante el Instituto Politécnico Nacional (IPN). 
Los Gavilanes UABJO saltaron a la cancha con la misión de conseguir un buen resultado en el llamado Grupo de la Muerte, en donde se encuentran con la Universidad Autónoma de Nuevo León, Politécnico Nacional y la sede Universidad de Guadalajara, sin embargo, pagaron el derecho de piso. 
En el primer cuarto se vivió desconcentración en el equipo que dirige José Antonio Pastrana, pues 4 goles fueron los que el rival encajó en los primeros 15 minutos. En el segundo periodo los Gavilanes reaccionaron con su referente en el ataque, Mario de la Rosa, quien desbordó por la banda y con potente disparo de zurda metió el primero. 
Después del descanso, los oaxaqueños regresaron a la cancha con ganas, pero errores en la defensa les costó caro con un marcador de 6 por 2 al terminar el tercero. En el último cuarto, los referentes del equipo se enchufaron Gustavo Jiménez y Mario de la Rosa, tomaron las riendas del equipo que se logró levantar y terminar el partido con un decoroso 8-5. 
Para este día se reanuda la eliminatoria de futbol rápido, cuando la UABJO enfrente a los Tigres de la Universidad Autónoma de Nuevo León (UANL) en la Unidad Deportiva de UDG. 
Tampoco pudieron en atletismo 
En lo que respecta a su participación en atletismo, la UABJO tampoco pudo figurar en las primeras plazas. Cristián Torales, quien corrió en la prueba de 1500 metros planos, se quedó con la sexta posición. Mientras Esther Barrita participó en 1500 metros, pero por problemas de salud no terminó la justa.
</topic_text>
<spam_score>0.00</spam_score>
<post_num>1</post_num>
<post_id>post-1</post_id>
<post_url>http://imparcialoaxaca.mx/super-deportivo/abd/con-el-pie-chueco</post_url>
<post_date>20160510</post_date>
<post_time>2216</post_time>
<username>admin@imparcialenlinea.com (Francisco Javier Ramos Diaz)</username>
<post>
Súper Deportivo Con el pie &quot;chueco&quot; Los Gavilanes UABJO saltaron a la cancha con la misión de conseguir un buen resultado en el llamado Grupo de la Muerte, en donde se encuentran con la Universidad Autónoma de Nuevo León, Politécnico Nacional y la sede Universidad de Guadalajara, sin embargo, pagaron el derecho de piso. por Francisco Javier Ramos Diaz el Martes 10 de mayo de 2016 - 05:16:04 Twittear 
El representativo de futbol rápido varonil de la Universidad Autónoma Benito Juárez de Oaxaca (UABJO), no tuvo mucha fortuna en el arranque de su participación en la Universiada Nacional 2016, que se realiza en Guadalajara, al caer 8 goles a 5 ante el Instituto Politécnico Nacional (IPN). 
Los Gavilanes UABJO saltaron a la cancha con la misión de conseguir un buen resultado en el llamado Grupo de la Muerte, en donde se encuentran con la Universidad Autónoma de Nuevo León, Politécnico Nacional y la sede Universidad de Guadalajara, sin embargo, pagaron el derecho de piso. 
En el primer cuarto se vivió desconcentración en el equipo que dirige José Antonio Pastrana, pues 4 goles fueron los que el rival encajó en los primeros 15 minutos. En el segundo periodo los Gavilanes reaccionaron con su referente en el ataque, Mario de la Rosa, quien desbordó por la banda y con potente disparo de zurda metió el primero. 
Después del descanso, los oaxaqueños regresaron a la cancha con ganas, pero errores en la defensa les costó caro con un marcador de 6 por 2 al terminar el tercero. En el último cuarto, los referentes del equipo se enchufaron Gustavo Jiménez y Mario de la Rosa, tomaron las riendas del equipo que se logró levantar y terminar el partido con un decoroso 8-5. 
Para este día se reanuda la eliminatoria de futbol rápido, cuando la UABJO enfrente a los Tigres de la Universidad Autónoma de Nuevo León (UANL) en la Unidad Deportiva de UDG. 
Tampoco pudieron en atletismo 
En lo que respecta a su participación en atletismo, la UABJO tampoco pudo figurar en las primeras plazas. Cristián Torales, quien corrió en la prueba de 1500 metros planos, se quedó con la sexta posición. Mientras Esther Barrita participó en 1500 metros, pero por problemas de salud no terminó la justa.
</post>
<signature>

</signature>
<external_links>

</external_links>
<country>MX</country>
<main_image>http://media.imparcialoaxaca.mx/imagenes/large/57325d9ba20541f14effb3ab.jpg</main_image>
</document>
