<?xml version="1.0" encoding="UTF-8"?>
<document>
<type>mainstream</type>
<forum>http://www.androidworld.it/feed/</forum>
<forum_title>AndroidWorld.it</forum_title>
<discussion_title>NVIDIA Shield Tablet si aggiorna a Marshmallow e supporta le Vulkan API</discussion_title>
<language>italian</language>
<gmt_offset></gmt_offset>
<topic_url>http://www.androidworld.it/2016/05/12/aggiornamento-marshmallow-nvidia-shield-tablet-397105/</topic_url>
<topic_text>
Giuseppe Tripodi 12 maggio 2016 
Circa un mese fa è arrivato l’update per la nuova versione K1, ma adesso anche l’originale NVIDIA Shield Tablet si aggiorna ad Android 6.0.1 Marshmallow . 
Oltre alle novità introdotte dalla nuova versione di Android e le ultime patch di sicurezza, l’aggiornamento porta il supporto per le nuove Vulkan API . LEGGI ANCHE: Ansel, il nuovo tool di NVIDIA che vi trasformerà in fotografi di videogiochi 
Proprio come per il K1, l’update, che porta il numero versione 4.1, introduce anche il suppoto ai dispositivi MIDI USB e risolve diversi problemi di stabilità. L’aggiornamento è già disponibile e in fase di rollout: di seguito potete trovare il changelog completo (in inglese).
</topic_text>
<spam_score>0.00</spam_score>
<post_num>1</post_num>
<post_id>post-1</post_id>
<post_url>http://www.androidworld.it/2016/05/12/aggiornamento-marshmallow-nvidia-shield-tablet-397105/</post_url>
<post_date>20160512</post_date>
<post_time>1621</post_time>
<username>Giuseppe Tripodi</username>
<post>
Giuseppe Tripodi 12 maggio 2016 
Circa un mese fa è arrivato l’update per la nuova versione K1, ma adesso anche l’originale NVIDIA Shield Tablet si aggiorna ad Android 6.0.1 Marshmallow . 
Oltre alle novità introdotte dalla nuova versione di Android e le ultime patch di sicurezza, l’aggiornamento porta il supporto per le nuove Vulkan API . LEGGI ANCHE: Ansel, il nuovo tool di NVIDIA che vi trasformerà in fotografi di videogiochi 
Proprio come per il K1, l’update, che porta il numero versione 4.1, introduce anche il suppoto ai dispositivi MIDI USB e risolve diversi problemi di stabilità. L’aggiornamento è già disponibile e in fase di rollout: di seguito potete trovare il changelog completo (in inglese).
</post>
<signature>

</signature>
<external_links>

</external_links>
<country>IT</country>
<main_image>http://www.androidworld.it/wp-content/uploads/2014/08/Nvidia-Shield-Tablet-22.jpg</main_image>
</document>
