<?xml version="1.0" encoding="UTF-8"?>
<document>
<type>mainstream</type>
<forum></forum>
<forum_title></forum_title>
<discussion_title>بری فوج کے سربراہ جنر ل راحیل شریف نے مزید 5دہشت گردوں کی سزائے موت کی توثیق کردی | Associated Press of Pakistan</discussion_title>
<language>urdu</language>
<gmt_offset></gmt_offset>
<topic_url>http://urdu.app.com.pk/urdu/2016/05/%d8%a8%d8%b1%db%8c-%d9%81%d9%88%d8%ac-%da%a9%db%92-%d8%b3%d8%b1%d8%a8%d8%b1%d8%a7%db%81-%d8%ac%d9%86%d8%b1-%d9%84-%d8%b1%d8%a7%d8%ad%db%8c%d9%84-%d8%b4%d8%b1%db%8c%d9%81-%d9%86%db%92-%d9%85%d8%b2/</topic_url>
<topic_text>
بری فوج کے سربراہ جنر ل راحیل شریف نے مزید 5دہشت گردوں کی سزائے موت کی توثیق کردی May 12, 2016 tweet 
راولپنڈی ۔ 12 مئی (اے پی پی) بری فوج کے سربراہ جنر ل راحیل شریف نے ملک کے مختلف حصوں میں دہشت گردی میں ملوث مزید 5دہشت گردوں کی سزائے موت کی توثیق کردی‘ سانحہ صفورہ‘ سماجی کارکن مس سبین‘صالح مسجد کراچی اور قانون نافذ کرنے والوں پر حملوں پر فوجی عدالتوں نے دہشت گردی کو پھانسی کی سزا سنائی تھی ۔پاک فوج کے شعبہ تعلقات عامہ( آئی ایس آر) کے مطابق جمعرات کو آرمی چیف جنرل راحیل شریف نے مزید 5خطرناک دہشت گردوں کی سزائے موت کی توثیق کی ۔آ ٹیگز 
</topic_text>
<spam_score>0.00</spam_score>
<post_num>1</post_num>
<post_id>post-1</post_id>
<post_url>http://urdu.app.com.pk/urdu/2016/05/%d8%a8%d8%b1%db%8c-%d9%81%d9%88%d8%ac-%da%a9%db%92-%d8%b3%d8%b1%d8%a8%d8%b1%d8%a7%db%81-%d8%ac%d9%86%d8%b1-%d9%84-%d8%b1%d8%a7%d8%ad%db%8c%d9%84-%d8%b4%d8%b1%db%8c%d9%81-%d9%86%db%92-%d9%85%d8%b2/</post_url>
<post_date>20160512</post_date>
<post_time></post_time>
<username>App News</username>
<post>
بری فوج کے سربراہ جنر ل راحیل شریف نے مزید 5دہشت گردوں کی سزائے موت کی توثیق کردی May 12, 2016 tweet 
راولپنڈی ۔ 12 مئی (اے پی پی) بری فوج کے سربراہ جنر ل راحیل شریف نے ملک کے مختلف حصوں میں دہشت گردی میں ملوث مزید 5دہشت گردوں کی سزائے موت کی توثیق کردی‘ سانحہ صفورہ‘ سماجی کارکن مس سبین‘صالح مسجد کراچی اور قانون نافذ کرنے والوں پر حملوں پر فوجی عدالتوں نے دہشت گردی کو پھانسی کی سزا سنائی تھی ۔پاک فوج کے شعبہ تعلقات عامہ( آئی ایس آر) کے مطابق جمعرات کو آرمی چیف جنرل راحیل شریف نے مزید 5خطرناک دہشت گردوں کی سزائے موت کی توثیق کی ۔آ ٹیگز 
</post>
<signature>

</signature>
<external_links>

</external_links>
<country>FR</country>
<main_image>http://urdu.app.com.pk/urdu/wp-content/uploads/2016/04/a1.jpg</main_image>
</document>
