<?xml version="1.0" encoding="UTF-8"?>
<document>
<type>mainstream</type>
<forum>http://www.krcrtv.com/14774610?format=rss_2.0&amp;view=feed</forum>
<forum_title>Feed:National News</forum_title>
<discussion_title>Purported gun in Trayvon Martin death no longer on site</discussion_title>
<language>english</language>
<gmt_offset></gmt_offset>
<topic_url>http://www.krcrtv.com/news/gun-in-trayvon-martin-death-no-longer-on-site/39511076</topic_url>
<topic_text>
Purported gun in Trayvon Martin death no longer on site Gun was set to be auctioned off Thursday morning By Faith Karimi CNN POSTED: 5:18 AM May 12 2016 UPDATED 14 mins Text Size: Joe Burbank-Pool/Getty Images (CNN) - 
George Zimmerman was set to auction the gun he used to kill Trayvon Martin four years ago, he told a Florida TV station. Related Trayvon Martin 911 call: screams,... 
But mysteriously, when the auction was slated to begin, the weapon vanished from the website, replaced by a note that read, &quot;Sorry, but the item you have requested is no longer in the system.&quot; 
Searches for Zimmerman and Trayvon, which earlier Thursday morning had yielded information about the gun and its sale, returned no results. 
CNN attempts to reach the auction site were not immediately successful. Reached via phone, Zimmerman told CNN, &quot;Thanks for the call. I&apos;m not speaking to media right now,&quot; and hung up. 
A jury acquitted Zimmerman in the death of Martin, an unarmed African-American teen, after he claimed self-defense. 
Since his acquittal in 2013, Zimmerman has made news several times, including an arrest in a domestic violence case. Prosecutors dropped the charges after his girlfriend refused to cooperate with the investigation. 
Gun auction 
Zimmerman made headlines again Wednesday, this time for an ad posted on a firearm-auctioning website, GunBroker. 
The post listed the weapon purportedly used to kill Martin at a starting bid of $5,000. 
&quot;I am honored and humbled to announce the sale of an American firearm icon,&quot; the post said. &quot;The firearm for sale is the firearm that was used to defend my life and end the brutal attack from Trayvon Martin on 2/26/2012.&quot; 
The post bragged about the gun&apos;s popularity, describing it as a &quot;piece of American history.&quot; 
But while the auction site said many museums, including the Smithsonian Institution, have &quot;expressed interest in owning and displaying the firearm,&quot; the Washington-based Smithsonian released a statement saying, &quot;We have never expressed interest in collecting George Zimmerman&apos;s firearm, and have no plans to ever collect or display it in any museums.&quot; 
&apos;I&apos;m a free American&apos; 
In an interview with WOFL-TV in Orlando, Zimmerman said he decided to sell the weapon and move past it. 
&quot;I recently received it back from the Department of Justice,&quot; he said. &quot;They took it after my trial, after I was exonerated.&quot; 
Zimmerman told the station he has had death threats since he put the gun up for sale. 
&quot;What I&apos;ve decided to do is not cower,&quot; he said. &quot;I&apos;m a free American. I can do what I want with my possessions.&quot; 
Proceeds from the gun&apos;s sale were supposed to be used to &quot;fight [Black Lives Matter] violence against law enforcement officers,&quot; according to the post that has now disappeared. 
Martin&apos;s family: Focus is on ending gun violence 
Martin&apos;s family earlier declined to comment on the purported sale of the gun, saying the Trayvon Martin Foundation is focused on ending gun violence in the United States. 
&quot;This election season, we are laser focused on furthering that mission,&quot; Martin&apos;s family said in a statement. 
&quot;As such, the foundation has no comment on the actions of that person.&quot; 
The former neighborhood watch volunteer admitted to shooting Martin in February 2012 but said he was defending himself after the teenager attacked him. 
His acquittal sparked nationwide debate and protests in a case that was racially charged from the start. 
Critics of the verdict have described Zimmerman as an overzealous wannabe police officer who racially profiled Martin and shot him down. 
The gun auction was set to start at 11 a.m. Thursday, according to the post. 
Atlanta-based GunBroker, which bills itself as the largest online auction site for firearms and accessories, was founded in 1999, the same year eBay prohibited the sale of firearms and ammunition. The company reported a boon in 2007 when eBay updated its policy, following the Virginia Tech massacre, to forbid the sale of certain firearm parts. 
For the last two years, it has drawn between 4.4 million and 6.9 million unique visitors a month, mostly drawing from a demographic of white, Republican, American, college-educated men 35 years of age and older, according to Quantcast, which measures website analytics. In November 2012, GunBroker announced it had surpassed $2 billion in sales. 
There were more than 167,000 guns for sale on the site Thursday. 
Copyright 2016 by CNN NewSource . All rights reserved. This material may not be published, broadcast, rewritten or redistributed.
</topic_text>
<spam_score>0.00</spam_score>
<post_num>1</post_num>
<post_id>post-1</post_id>
<post_url>http://www.krcrtv.com/news/gun-in-trayvon-martin-death-no-longer-on-site/39511076</post_url>
<post_date>20160512</post_date>
<post_time>1622</post_time>
<username></username>
<post>
Purported gun in Trayvon Martin death no longer on site Gun was set to be auctioned off Thursday morning By Faith Karimi CNN POSTED: 5:18 AM May 12 2016 UPDATED 14 mins Text Size: Joe Burbank-Pool/Getty Images (CNN) - 
George Zimmerman was set to auction the gun he used to kill Trayvon Martin four years ago, he told a Florida TV station. Related Trayvon Martin 911 call: screams,... 
But mysteriously, when the auction was slated to begin, the weapon vanished from the website, replaced by a note that read, &quot;Sorry, but the item you have requested is no longer in the system.&quot; 
Searches for Zimmerman and Trayvon, which earlier Thursday morning had yielded information about the gun and its sale, returned no results. 
CNN attempts to reach the auction site were not immediately successful. Reached via phone, Zimmerman told CNN, &quot;Thanks for the call. I&apos;m not speaking to media right now,&quot; and hung up. 
A jury acquitted Zimmerman in the death of Martin, an unarmed African-American teen, after he claimed self-defense. 
Since his acquittal in 2013, Zimmerman has made news several times, including an arrest in a domestic violence case. Prosecutors dropped the charges after his girlfriend refused to cooperate with the investigation. 
Gun auction 
Zimmerman made headlines again Wednesday, this time for an ad posted on a firearm-auctioning website, GunBroker. 
The post listed the weapon purportedly used to kill Martin at a starting bid of $5,000. 
&quot;I am honored and humbled to announce the sale of an American firearm icon,&quot; the post said. &quot;The firearm for sale is the firearm that was used to defend my life and end the brutal attack from Trayvon Martin on 2/26/2012.&quot; 
The post bragged about the gun&apos;s popularity, describing it as a &quot;piece of American history.&quot; 
But while the auction site said many museums, including the Smithsonian Institution, have &quot;expressed interest in owning and displaying the firearm,&quot; the Washington-based Smithsonian released a statement saying, &quot;We have never expressed interest in collecting George Zimmerman&apos;s firearm, and have no plans to ever collect or display it in any museums.&quot; 
&apos;I&apos;m a free American&apos; 
In an interview with WOFL-TV in Orlando, Zimmerman said he decided to sell the weapon and move past it. 
&quot;I recently received it back from the Department of Justice,&quot; he said. &quot;They took it after my trial, after I was exonerated.&quot; 
Zimmerman told the station he has had death threats since he put the gun up for sale. 
&quot;What I&apos;ve decided to do is not cower,&quot; he said. &quot;I&apos;m a free American. I can do what I want with my possessions.&quot; 
Proceeds from the gun&apos;s sale were supposed to be used to &quot;fight [Black Lives Matter] violence against law enforcement officers,&quot; according to the post that has now disappeared. 
Martin&apos;s family: Focus is on ending gun violence 
Martin&apos;s family earlier declined to comment on the purported sale of the gun, saying the Trayvon Martin Foundation is focused on ending gun violence in the United States. 
&quot;This election season, we are laser focused on furthering that mission,&quot; Martin&apos;s family said in a statement. 
&quot;As such, the foundation has no comment on the actions of that person.&quot; 
The former neighborhood watch volunteer admitted to shooting Martin in February 2012 but said he was defending himself after the teenager attacked him. 
His acquittal sparked nationwide debate and protests in a case that was racially charged from the start. 
Critics of the verdict have described Zimmerman as an overzealous wannabe police officer who racially profiled Martin and shot him down. 
The gun auction was set to start at 11 a.m. Thursday, according to the post. 
Atlanta-based GunBroker, which bills itself as the largest online auction site for firearms and accessories, was founded in 1999, the same year eBay prohibited the sale of firearms and ammunition. The company reported a boon in 2007 when eBay updated its policy, following the Virginia Tech massacre, to forbid the sale of certain firearm parts. 
For the last two years, it has drawn between 4.4 million and 6.9 million unique visitors a month, mostly drawing from a demographic of white, Republican, American, college-educated men 35 years of age and older, according to Quantcast, which measures website analytics. In November 2012, GunBroker announced it had surpassed $2 billion in sales. 
There were more than 167,000 guns for sale on the site Thursday. 
Copyright 2016 by CNN NewSource . All rights reserved. This material may not be published, broadcast, rewritten or redistributed.
</post>
<signature>

</signature>
<external_links>

</external_links>
<country>US</country>
<main_image>http://www.krcrtv.com/image/view/-/39509064/highRes/2/-/maxh/640/maxw/640/-/ft2jt7z/-/Zimmerman-Pistol-jpg.jpg</main_image>
</document>
