<?xml version="1.0" encoding="UTF-8"?>
<document>
<type>mainstream</type>
<forum>http://www.dolen.no/?widgetName=polarisFeeds&amp;widgetId=10392175&amp;getXmlFeed=true</forum>
<forum_title>dolen ATOM</forum_title>
<discussion_title>Øvelse gjør mester</discussion_title>
<language>norwegian</language>
<gmt_offset></gmt_offset>
<topic_url>http://www.dolen.no/nyheter/2016/05/12/%C3%98velse-gj%C3%B8r-mester-12727155.ece</topic_url>
<topic_text>
Tok en 17. mai på 12. mai: Øvelse gjør mester Ingen kommer til å gå mer taktfast og vinke finere med flagget på 17. mai enn barna i Vestsida Kulturbarnehage. Nyheter Publisert: 12.05 2016 15:54 Sist oppdatert: 12.05 2016 16:03 
Torsdag hadde nemlig barnehagen i Sorperoa generalprøve på sjølveste 17. mai. Og etter marsjeringa å dømme, lover dette godt for å danne et stilfullt tog på nasjonaldagen. 
- I dag feirer vi 17. mai i barnehagen med å øve på å gå i tog i nærområdet. Vi har også pølser og is, og sjølsagt vanlige 17.-mai-leker, forteller daglig leder, Anette Brubakk, som også er fornøyd med at barnehagen har fått ny fane for året. 
Gjennom boligfeltet på vestsida av Vinstra runga både hipp hurra og nasjonalsang, mens korpsmusikken ble spilt fra en CD-spiller plassert i ei barnevogn. 
Øvelse gjør mester - det er bare å glede seg til å se de erfarne flaggbærerne i toget på sjølveste 17. mai. Nytt liv til telefonkiosken:
</topic_text>
<spam_score>0.00</spam_score>
<post_num>1</post_num>
<post_id>post-1</post_id>
<post_url>http://www.dolen.no/nyheter/2016/05/12/%C3%98velse-gj%C3%B8r-mester-12727155.ece</post_url>
<post_date>20160512</post_date>
<post_time>1603</post_time>
<username>TONE SIDSEL SANDEN (tone@dolen.no)</username>
<post>
Tok en 17. mai på 12. mai: Øvelse gjør mester Ingen kommer til å gå mer taktfast og vinke finere med flagget på 17. mai enn barna i Vestsida Kulturbarnehage. Nyheter Publisert: 12.05 2016 15:54 Sist oppdatert: 12.05 2016 16:03 
Torsdag hadde nemlig barnehagen i Sorperoa generalprøve på sjølveste 17. mai. Og etter marsjeringa å dømme, lover dette godt for å danne et stilfullt tog på nasjonaldagen. 
- I dag feirer vi 17. mai i barnehagen med å øve på å gå i tog i nærområdet. Vi har også pølser og is, og sjølsagt vanlige 17.-mai-leker, forteller daglig leder, Anette Brubakk, som også er fornøyd med at barnehagen har fått ny fane for året. 
Gjennom boligfeltet på vestsida av Vinstra runga både hipp hurra og nasjonalsang, mens korpsmusikken ble spilt fra en CD-spiller plassert i ei barnevogn. 
Øvelse gjør mester - det er bare å glede seg til å se de erfarne flaggbærerne i toget på sjølveste 17. mai. Nytt liv til telefonkiosken:
</post>
<signature>

</signature>
<external_links>

</external_links>
<country>NO</country>
<main_image>http://www.dolen.no/incoming/article12726944.ece/5bdbmi/BINARY/w980/IMG_9715.JPG</main_image>
</document>
