<?xml version="1.0" encoding="UTF-8"?>
<document>
<type>mainstream</type>
<forum></forum>
<forum_title></forum_title>
<discussion_title>Saudi Ambassador to Pakistan, Abdullah Marzouk Al-Zahrani handing over dates to Additional Secretary Cabinet Division Amir Tariq Zaman during a ceremony. APP photo by Afzaal Chaudhry | APP Photo Service</discussion_title>
<language>english</language>
<gmt_offset></gmt_offset>
<topic_url>http://photo.app.com.pk/photo/2016/05/saudi-ambassador-to-pakistan-abdullah-marzouk-al-zahrani-handing-over-dates-to-additional-secretary-cabinet-division-amir-tariq-zaman-during-a-ceremony-app-photo-by-afzaal-chaudhry/</topic_url>
<topic_text>
Saudi Ambassador to Pakistan, Abdullah Marzouk Al-Zahrani handing over dates to Additional Secretary Cabinet Division Amir Tariq Zaman during a ceremony. APP photo by Afzaal Chaudhry May 12, 2016 
</topic_text>
<spam_score>0.00</spam_score>
<post_num>1</post_num>
<post_id>post-1</post_id>
<post_url>http://photo.app.com.pk/photo/2016/05/saudi-ambassador-to-pakistan-abdullah-marzouk-al-zahrani-handing-over-dates-to-additional-secretary-cabinet-division-amir-tariq-zaman-during-a-ceremony-app-photo-by-afzaal-chaudhry/</post_url>
<post_date>20160512</post_date>
<post_time></post_time>
<username></username>
<post>
Saudi Ambassador to Pakistan, Abdullah Marzouk Al-Zahrani handing over dates to Additional Secretary Cabinet Division Amir Tariq Zaman during a ceremony. APP photo by Afzaal Chaudhry May 12, 2016 
</post>
<signature>

</signature>
<external_links>

</external_links>
<country>US</country>
<main_image>http://photo.app.com.pk/photo/wp-content/uploads/2016/05/APP60-12Islamabad.jpg</main_image>
</document>
