<?xml version="1.0" encoding="UTF-8"?>
<document>
<type>mainstream</type>
<forum>http://saugus.wickedlocal.com/news/shareable?template=rss&amp;mime=xml</forum>
<forum_title>Shareable - Saugus Advertiser</forum_title>
<discussion_title>Is your favorite TV show canceled? A guide to what&apos;s renewed and what&apos;s in trouble</discussion_title>
<language>english</language>
<gmt_offset></gmt_offset>
<topic_url>http://saugus.wickedlocal.com/zz/shareable/20160512/is-your-favorite-tv-show-canceled-guide-to-whats-renewed-and-whats-in-trouble?rssfeed=true</topic_url>
<topic_text>
  12:00 PM By Emily Yahr   12:00 PM tv-renewed 928 words · 1 photo Is your favorite TV show canceled? A guide to what&apos;s renewed and what&apos;s in trouble (c) 2016, The Washington Post · Emily Yahr · ENTERTAINMENT, TV · May 12, 2016 - 9:47 AM Next week marks the 2016 broadcast upfronts, where executives from NBC, Fox, ABC, CBS and the CW will officially unveil their primetime schedules for the fall and announce which pilots they have ordered to series. This means that some current shows must die to make room for new ones. So which ones will stay and which ones will go? While some networks have confirmed the fates of many shows, others are in limbo. Here&apos;s what we know so far, from each broadcast network and in order from longest-running show to newest: - NBC &quot;Law &amp; Order: SVU&quot; Seasons: 17 Status: Renewed &quot;The Biggest Loser&quot; Seasons: 17 Status: Unknown, but will be renewed &quot;Celebrity Apprentice&quot; Seasons: 14 Status: Renewed &quot;America&apos;s Got Talent&quot; Seasons: 11 Status: Renewed &quot;The Voice&quot; Seasons: 10 Status: Basically renewed &quot;American Ninja Warrior&quot; Seasons: 8 Status: Renewed &quot;Grimm&quot; Seasons: 5 Status: Renewed &quot;Hollywood Game Night&quot; Seasons: 4 Status: Unknown &quot;Chicago Fire&quot; Seasons: 4 Status: Renewed &quot;The Blacklist&quot; Seasons: 3 Status: Renewed &quot;Chicago P.D.&quot; Seasons: 3 Status: Renewed &quot;The Night Shift&quot; Seasons: 3 Status: Renewed &quot;Undateable&quot; Seasons: 3 Status: Unknown &quot;The Carmichael Show&quot; Seasons: 2 Status: Unknown &quot;The Mysteries of Laura&quot; Seasons: 2 Status: Unknown &quot;Aquarius&quot; Seasons: 1 Status: Renewed &quot;Best Time Ever With Neil Patrick Harris&quot; Seasons: 1 Status: Canceled &quot;Blindspot&quot; Seasons: 1 Status: Renewed &quot;Chicago Med&quot; Seasons: 1 Status: Renewed &quot;Crowded&quot; Seasons: 1 Status: Unknown &quot;Game of Silence&quot; Seasons: 1 Status: Unknown &quot;Heartbeat&quot; Seasons: 1 Status: Unknown &quot;Heroes Reborn&quot; Seasons: 1 Status: Canceled &quot;Little Big Shots&quot; Seasons: 1 Status: Renewed &quot;The Player&quot; Seasons: 1 Status: Canceled &quot;Shades of Blue&quot; Seasons: 1 Status: Renewed &quot;Superstore&quot; Seasons: 1 Status: Renewed &quot;Telenovela&quot; Seasons: 1 Status: Unknown &quot;Truth Be Told&quot; Seasons: 1 Status: Unknown - FOX &quot;The Simpsons&quot; Seasons: 27 Status: Renewed &quot;American Idol&quot; Seasons: 15 Status: Canceled &quot;Hell&apos;s Kitchen&quot; Seasons: 15 Status: Unknown &quot;Family Guy&quot; Seasons: 14 Status: Renewed &quot;So You Think You Can Dance&quot; Seasons: 12 Status: Renewed &quot;Bones&quot; Seasons: 11 Status: Renewed &quot;The X Files&quot; Seasons: 10 Status: Unknown &quot;Masterchef&quot; Seasons: 9 Status: Renewed &quot;Bob&apos;s Burgers&quot; Seasons: 6 Status: Renewed Page 2 of 3 - &quot;New Girl&quot; Seasons: 5 Status: Renewed &quot;Masterchef Junior&quot; Seasons: 4 Status: Unknown &quot;Brooklyn Nine-Nine&quot; Seasons: 3 Status: Renewed &quot;Sleepy Hollow&quot; Seasons: 3 Status: Unknown &quot;Empire&quot; Seasons: 2 Status: Renewed &quot;Gotham&quot; Seasons: 2 Status: Renewed &quot;The Last Man on Earth&quot; Seasons: 2 Status: Renewed &quot;Bordertown&quot; Seasons: 1 Status: Unknown &quot;Cooper Barrett&apos;s Guide to Surviving Life&quot; Seasons: 1 Status: Unknown &quot;Grandfathered&quot; Seasons: 1 Status: Unknown &quot;The Grinder&quot; Seasons: 1 Status: Unknown &quot;Knock Knock Live&quot; Seasons: 1 Status: Canceled &quot;Lucifer&quot; Seasons: 1 Status: Renewed &quot;Minority Report&quot; Seasons: 1 Status: Unknown &quot;Rosewood&quot; Seasons: 1 Status: Renewed &quot;Scream Queens&quot; Seasons: 1 Status: Renewed &quot;Wayward Pines&quot; Seasons: 1 Status: Renewed - ABC &quot;Dancing With the Stars&quot; Seasons: 22 Status: Renewed &quot;The Bachelor&quot; Seasons: 20 Status: Renewed &quot;Grey&apos;s Anatomy&quot; Seasons: 12 Status: Renewed &quot;Castle&quot; Seasons: 8 Status: Unknown &quot;Modern Family&quot; Seasons: 7 Status: Renewed &quot;The Middle&quot; Seasons: 7 Status: Renewed &quot;Shark Tank&quot; Seasons: 7 Status: Renewed &quot;Rookie Blue&quot; Seasons: 6 Status: Canceled &quot;Scandal&quot; Seasons: 5 Status: Renewed &quot;Once Upon a Time&quot; Seasons: 5 Status: Renewed &quot;Last Man Standing&quot; Seasons: 5 Status: Unknown &quot;Nashville&quot; Seasons: 4 Status: Unknown &quot;The Goldbergs&quot; Seasons: 3 Status: Renewed &quot;Marvel&apos;s Agents of S.H.I.E.L.D.&quot; Seasons: 3 Status: Renewed &quot;Mistresses&quot; Seasons: 3 Status: Renewed &quot;Black-ish&quot; Seasons: 2 Status: Renewed &quot;How to Get Away With Murder&quot; Seasons: 2 Status: Renewed &quot;Agent Carter&quot; Seasons: 2 Status: Unknown &quot;Fresh Off the Boat&quot; Seasons: 2 Status: Renewed &quot;Galavant&quot; Seasons: 2 Status: Unknown &quot;American Crime&quot; Seasons: 2 Status: Unknown &quot;Blood &amp; Oil&quot; Seasons: 1 Status: Canceled &quot;The Catch&quot; Seasons: 1 Status: Unknown &quot;Dr. Ken&quot; Seasons: 1 Status: Unknown &quot;The Family&quot; Seasons: 1 Status: Unknown &quot;Of Kings and Prophets&quot; Seasons: 1 Status: Canceled &quot;Quantico&quot; Seasons: 1 Status: Renewed &quot;The Real O&apos;Neals&quot; Seasons: 1 Status: Unknown &quot;Secrets and Lies&quot; Seasons: 1 Status: Renewed &quot;Wicked City&quot; Seasons: 1 Status: Canceled - CBS &quot;Survivor&quot; Seasons: 32 Status: Renewed &quot;The Amazing Race&quot; Seasons: 28 Status: Renewed &quot;Big Brother&quot; Seasons: 17 Status: Renewed &quot;NCIS&quot; Seasons: 13 Status: Renewed &quot;Criminal Minds&quot; Seasons: 11 Status: Renewed &quot;The Big Bang Theory&quot; Seasons: 9 Status: Renewed &quot;The Good Wife&quot; Seasons: 7 Status: Canceled &quot;NCIS: Los Angeles&quot; Seasons: 7 Status: Renewed &quot;Undercover Boss&quot; Seasons: 7 Status: Unknown &quot;Blue Bloods&quot; Seasons: 6 Status: Renewed &quot;Hawaii Five-0″ Seasons: 6 Status: Renewed &quot;Mike &amp; Molly&quot; Seasons: 6 Status: Canceled &quot;2 Broke Girls&quot; Seasons: 5 Status: Renewed &quot;Person of Interest&quot; Seasons: 5 Status: Canceled &quot;Elementary&quot; Seasons: 4 Status: Renewed &quot;Mom&quot; Seasons: 3 Status: Renewed &quot;CSI: Cyber&quot; Seasons: 2 Status: Unknown Page 3 of 3 - &quot;NCIS: New Orleans&quot; Seasons: 2 Status: Renewed &quot;The Odd Couple&quot; Seasons: 2 Status: Unknown &quot;Madam Secretary&quot; Seasons: 2 Status: Renewed &quot;Extant&quot; Seasons: 2 Status: Canceled &quot;Angel From Hell&quot; Seasons: 1 Status: Canceled &quot;Code Black&quot; Seasons: 1 Status: Unknown &quot;Criminal Minds: Beyond Borders&quot; Seasons: 1 Status: Unknown &quot;Life in Pieces&quot; Seasons: 1 Status: Renewed &quot;Limitless&quot; Seasons: 1 Status: Unknown &quot;Rush Hour&quot; Seasons: 1 Status: Unknown &quot;Scorpion&quot; Seasons: 1 Status: Renewed &quot;Supergirl&quot; Seasons: 1 Status: Unknown &quot;Zoo&quot; Seasons: 1 Status: Renewed - CW &quot;America&apos;s Next Top Model&quot; Seasons: 22 Status: Canceled, picked up by VH1 &quot;Supernatural&quot; Seasons: 11 Status: Renewed &quot;The Vampire Diaries&quot; Seasons: 7 Status: Renewed &quot;Arrow&quot; Seasons: 4 Status: Renewed &quot;The 100″ Seasons: 3 Status: Renewed &quot;Beauty and the Beast&quot; Seasons: 3 Status: Renewed &quot;The Originals&quot; Seasons: 3 Status: Renewed &quot;Reign&quot; Seasons: 3 Status: Renewed &quot;The Flash&quot; Seasons: 2 Status: Renewed &quot;iZombie&quot; Seasons: 2 Status: Renewed &quot;Jane the Virgin&quot; Seasons: 2 Status: Renewed &quot;Containment&quot; Seasons: 1 Status: Unknown &quot;Crazy Ex-Girlfriend&quot; Seasons: 1 Status: Renewed &quot;DC&apos;s Legends of Tomorrow&quot; Seasons: 1 Status: Renewed Author Information: Emily Yahr covers pop culture and entertainment for the Post. @emilyyahr By Emily Yahr
</topic_text>
<spam_score>0.00</spam_score>
<post_num>1</post_num>
<post_id>post-1</post_id>
<post_url>http://saugus.wickedlocal.com/zz/shareable/20160512/is-your-favorite-tv-show-canceled-guide-to-whats-renewed-and-whats-in-trouble?rssfeed=true</post_url>
<post_date>20160512</post_date>
<post_time>1700</post_time>
<username>Emily Yahr The Washington Post</username>
<post>
  12:00 PM By Emily Yahr   12:00 PM tv-renewed 928 words · 1 photo Is your favorite TV show canceled? A guide to what&apos;s renewed and what&apos;s in trouble (c) 2016, The Washington Post · Emily Yahr · ENTERTAINMENT, TV · May 12, 2016 - 9:47 AM Next week marks the 2016 broadcast upfronts, where executives from NBC, Fox, ABC, CBS and the CW will officially unveil their primetime schedules for the fall and announce which pilots they have ordered to series. This means that some current shows must die to make room for new ones. So which ones will stay and which ones will go? While some networks have confirmed the fates of many shows, others are in limbo. Here&apos;s what we know so far, from each broadcast network and in order from longest-running show to newest: - NBC &quot;Law &amp; Order: SVU&quot; Seasons: 17 Status: Renewed &quot;The Biggest Loser&quot; Seasons: 17 Status: Unknown, but will be renewed &quot;Celebrity Apprentice&quot; Seasons: 14 Status: Renewed &quot;America&apos;s Got Talent&quot; Seasons: 11 Status: Renewed &quot;The Voice&quot; Seasons: 10 Status: Basically renewed &quot;American Ninja Warrior&quot; Seasons: 8 Status: Renewed &quot;Grimm&quot; Seasons: 5 Status: Renewed &quot;Hollywood Game Night&quot; Seasons: 4 Status: Unknown &quot;Chicago Fire&quot; Seasons: 4 Status: Renewed &quot;The Blacklist&quot; Seasons: 3 Status: Renewed &quot;Chicago P.D.&quot; Seasons: 3 Status: Renewed &quot;The Night Shift&quot; Seasons: 3 Status: Renewed &quot;Undateable&quot; Seasons: 3 Status: Unknown &quot;The Carmichael Show&quot; Seasons: 2 Status: Unknown &quot;The Mysteries of Laura&quot; Seasons: 2 Status: Unknown &quot;Aquarius&quot; Seasons: 1 Status: Renewed &quot;Best Time Ever With Neil Patrick Harris&quot; Seasons: 1 Status: Canceled &quot;Blindspot&quot; Seasons: 1 Status: Renewed &quot;Chicago Med&quot; Seasons: 1 Status: Renewed &quot;Crowded&quot; Seasons: 1 Status: Unknown &quot;Game of Silence&quot; Seasons: 1 Status: Unknown &quot;Heartbeat&quot; Seasons: 1 Status: Unknown &quot;Heroes Reborn&quot; Seasons: 1 Status: Canceled &quot;Little Big Shots&quot; Seasons: 1 Status: Renewed &quot;The Player&quot; Seasons: 1 Status: Canceled &quot;Shades of Blue&quot; Seasons: 1 Status: Renewed &quot;Superstore&quot; Seasons: 1 Status: Renewed &quot;Telenovela&quot; Seasons: 1 Status: Unknown &quot;Truth Be Told&quot; Seasons: 1 Status: Unknown - FOX &quot;The Simpsons&quot; Seasons: 27 Status: Renewed &quot;American Idol&quot; Seasons: 15 Status: Canceled &quot;Hell&apos;s Kitchen&quot; Seasons: 15 Status: Unknown &quot;Family Guy&quot; Seasons: 14 Status: Renewed &quot;So You Think You Can Dance&quot; Seasons: 12 Status: Renewed &quot;Bones&quot; Seasons: 11 Status: Renewed &quot;The X Files&quot; Seasons: 10 Status: Unknown &quot;Masterchef&quot; Seasons: 9 Status: Renewed &quot;Bob&apos;s Burgers&quot; Seasons: 6 Status: Renewed Page 2 of 3 - &quot;New Girl&quot; Seasons: 5 Status: Renewed &quot;Masterchef Junior&quot; Seasons: 4 Status: Unknown &quot;Brooklyn Nine-Nine&quot; Seasons: 3 Status: Renewed &quot;Sleepy Hollow&quot; Seasons: 3 Status: Unknown &quot;Empire&quot; Seasons: 2 Status: Renewed &quot;Gotham&quot; Seasons: 2 Status: Renewed &quot;The Last Man on Earth&quot; Seasons: 2 Status: Renewed &quot;Bordertown&quot; Seasons: 1 Status: Unknown &quot;Cooper Barrett&apos;s Guide to Surviving Life&quot; Seasons: 1 Status: Unknown &quot;Grandfathered&quot; Seasons: 1 Status: Unknown &quot;The Grinder&quot; Seasons: 1 Status: Unknown &quot;Knock Knock Live&quot; Seasons: 1 Status: Canceled &quot;Lucifer&quot; Seasons: 1 Status: Renewed &quot;Minority Report&quot; Seasons: 1 Status: Unknown &quot;Rosewood&quot; Seasons: 1 Status: Renewed &quot;Scream Queens&quot; Seasons: 1 Status: Renewed &quot;Wayward Pines&quot; Seasons: 1 Status: Renewed - ABC &quot;Dancing With the Stars&quot; Seasons: 22 Status: Renewed &quot;The Bachelor&quot; Seasons: 20 Status: Renewed &quot;Grey&apos;s Anatomy&quot; Seasons: 12 Status: Renewed &quot;Castle&quot; Seasons: 8 Status: Unknown &quot;Modern Family&quot; Seasons: 7 Status: Renewed &quot;The Middle&quot; Seasons: 7 Status: Renewed &quot;Shark Tank&quot; Seasons: 7 Status: Renewed &quot;Rookie Blue&quot; Seasons: 6 Status: Canceled &quot;Scandal&quot; Seasons: 5 Status: Renewed &quot;Once Upon a Time&quot; Seasons: 5 Status: Renewed &quot;Last Man Standing&quot; Seasons: 5 Status: Unknown &quot;Nashville&quot; Seasons: 4 Status: Unknown &quot;The Goldbergs&quot; Seasons: 3 Status: Renewed &quot;Marvel&apos;s Agents of S.H.I.E.L.D.&quot; Seasons: 3 Status: Renewed &quot;Mistresses&quot; Seasons: 3 Status: Renewed &quot;Black-ish&quot; Seasons: 2 Status: Renewed &quot;How to Get Away With Murder&quot; Seasons: 2 Status: Renewed &quot;Agent Carter&quot; Seasons: 2 Status: Unknown &quot;Fresh Off the Boat&quot; Seasons: 2 Status: Renewed &quot;Galavant&quot; Seasons: 2 Status: Unknown &quot;American Crime&quot; Seasons: 2 Status: Unknown &quot;Blood &amp; Oil&quot; Seasons: 1 Status: Canceled &quot;The Catch&quot; Seasons: 1 Status: Unknown &quot;Dr. Ken&quot; Seasons: 1 Status: Unknown &quot;The Family&quot; Seasons: 1 Status: Unknown &quot;Of Kings and Prophets&quot; Seasons: 1 Status: Canceled &quot;Quantico&quot; Seasons: 1 Status: Renewed &quot;The Real O&apos;Neals&quot; Seasons: 1 Status: Unknown &quot;Secrets and Lies&quot; Seasons: 1 Status: Renewed &quot;Wicked City&quot; Seasons: 1 Status: Canceled - CBS &quot;Survivor&quot; Seasons: 32 Status: Renewed &quot;The Amazing Race&quot; Seasons: 28 Status: Renewed &quot;Big Brother&quot; Seasons: 17 Status: Renewed &quot;NCIS&quot; Seasons: 13 Status: Renewed &quot;Criminal Minds&quot; Seasons: 11 Status: Renewed &quot;The Big Bang Theory&quot; Seasons: 9 Status: Renewed &quot;The Good Wife&quot; Seasons: 7 Status: Canceled &quot;NCIS: Los Angeles&quot; Seasons: 7 Status: Renewed &quot;Undercover Boss&quot; Seasons: 7 Status: Unknown &quot;Blue Bloods&quot; Seasons: 6 Status: Renewed &quot;Hawaii Five-0″ Seasons: 6 Status: Renewed &quot;Mike &amp; Molly&quot; Seasons: 6 Status: Canceled &quot;2 Broke Girls&quot; Seasons: 5 Status: Renewed &quot;Person of Interest&quot; Seasons: 5 Status: Canceled &quot;Elementary&quot; Seasons: 4 Status: Renewed &quot;Mom&quot; Seasons: 3 Status: Renewed &quot;CSI: Cyber&quot; Seasons: 2 Status: Unknown Page 3 of 3 - &quot;NCIS: New Orleans&quot; Seasons: 2 Status: Renewed &quot;The Odd Couple&quot; Seasons: 2 Status: Unknown &quot;Madam Secretary&quot; Seasons: 2 Status: Renewed &quot;Extant&quot; Seasons: 2 Status: Canceled &quot;Angel From Hell&quot; Seasons: 1 Status: Canceled &quot;Code Black&quot; Seasons: 1 Status: Unknown &quot;Criminal Minds: Beyond Borders&quot; Seasons: 1 Status: Unknown &quot;Life in Pieces&quot; Seasons: 1 Status: Renewed &quot;Limitless&quot; Seasons: 1 Status: Unknown &quot;Rush Hour&quot; Seasons: 1 Status: Unknown &quot;Scorpion&quot; Seasons: 1 Status: Renewed &quot;Supergirl&quot; Seasons: 1 Status: Unknown &quot;Zoo&quot; Seasons: 1 Status: Renewed - CW &quot;America&apos;s Next Top Model&quot; Seasons: 22 Status: Canceled, picked up by VH1 &quot;Supernatural&quot; Seasons: 11 Status: Renewed &quot;The Vampire Diaries&quot; Seasons: 7 Status: Renewed &quot;Arrow&quot; Seasons: 4 Status: Renewed &quot;The 100″ Seasons: 3 Status: Renewed &quot;Beauty and the Beast&quot; Seasons: 3 Status: Renewed &quot;The Originals&quot; Seasons: 3 Status: Renewed &quot;Reign&quot; Seasons: 3 Status: Renewed &quot;The Flash&quot; Seasons: 2 Status: Renewed &quot;iZombie&quot; Seasons: 2 Status: Renewed &quot;Jane the Virgin&quot; Seasons: 2 Status: Renewed &quot;Containment&quot; Seasons: 1 Status: Unknown &quot;Crazy Ex-Girlfriend&quot; Seasons: 1 Status: Renewed &quot;DC&apos;s Legends of Tomorrow&quot; Seasons: 1 Status: Renewed Author Information: Emily Yahr covers pop culture and entertainment for the Post. @emilyyahr By Emily Yahr
</post>
<signature>

</signature>
<external_links>

</external_links>
<country>US</country>
<main_image>http://saugus.wickedlocal.com/storyimage/ZZ/20160512/SHAREABLE/160519915/AR/0/tv-shows-nbc-cbs-cw-vh1-abc.jpg</main_image>
</document>
