<?xml version="1.0" encoding="UTF-8"?>
<document>
<type>mainstream</type>
<forum></forum>
<forum_title></forum_title>
<discussion_title>Cameron says Bank of England right to warn on Brexit risks - Finance news - NewsLocker</discussion_title>
<language>english</language>
<gmt_offset></gmt_offset>
<topic_url>http://www.newslocker.com/en-us/news/finance/cameron-says-bank-of-england-right-to-warn-on-brexit-risks/</topic_url>
<topic_text>
via Economy News Headlines - Yahoo! News If Britain were to leave the European Union, it could cost Germany up to 45 billion euros (35 billion pounds) by the end of 2017 as exports from Europe&apos;s largest economy would likely be hit, a study by DZ Bank showed on Thursday. Britain is counting down to a referendum on its membership of the European Union on June 23, with opinion polls showing voters are roughly evenly split. &quot;There&apos;s a lot at stake for the German economy because Great Britain is one of its most important trading partners,&quot; 
</topic_text>
<spam_score>0.00</spam_score>
<post_num>1</post_num>
<post_id>post-1</post_id>
<post_url>http://www.newslocker.com/en-us/news/finance/cameron-says-bank-of-england-right-to-warn-on-brexit-risks/</post_url>
<post_date>20160512</post_date>
<post_time></post_time>
<username></username>
<post>
via Economy News Headlines - Yahoo! News If Britain were to leave the European Union, it could cost Germany up to 45 billion euros (35 billion pounds) by the end of 2017 as exports from Europe&apos;s largest economy would likely be hit, a study by DZ Bank showed on Thursday. Britain is counting down to a referendum on its membership of the European Union on June 23, with opinion polls showing voters are roughly evenly split. &quot;There&apos;s a lot at stake for the German economy because Great Britain is one of its most important trading partners,&quot; 
</post>
<signature>

</signature>
<external_links>

</external_links>
<country>NL</country>
<main_image>http://www.newslocker.nl/images/newslocker-cube.png</main_image>
</document>
