<?xml version="1.0" encoding="UTF-8"?>
<document>
<type>mainstream</type>
<forum>http://www.bignewsnetwork.com/index.php/nav/rss/88f7d0d02bea1b33</forum>
<forum_title>Latest Big News Network RSS Feeds</forum_title>
<discussion_title>Melbourne teen Caleb Kakobsson, accused of running down and killing mum faces court</discussion_title>
<language>english</language>
<gmt_offset></gmt_offset>
<topic_url>http://www.bignewsnetwork.com/news/244017969/melbourne-teen-caleb-kakobsson-accused-of-running-down-and-killing-mum-faces-court</topic_url>
<topic_text>
BigNewsNetwork 
Our eNewspaper network was founded in 2002 to provide stand-alone digital news sites tailored for the most searched-for locations for news. With a traditional newspaper format, more than 100 sites were established each with a newspaper-type name to cover the highest-ranked regions, countries, cities and states. Each site operates independently providing around-the-clock local news coverage, global &amp; business updates, RSS feeds, and news releases.
</topic_text>
<spam_score>0.00</spam_score>
<post_num>1</post_num>
<post_id>post-1</post_id>
<post_url>http://www.bignewsnetwork.com/news/244017969/melbourne-teen-caleb-kakobsson-accused-of-running-down-and-killing-mum-faces-court</post_url>
<post_date>20160512</post_date>
<post_time>1317</post_time>
<username></username>
<post>
BigNewsNetwork 
Our eNewspaper network was founded in 2002 to provide stand-alone digital news sites tailored for the most searched-for locations for news. With a traditional newspaper format, more than 100 sites were established each with a newspaper-type name to cover the highest-ranked regions, countries, cities and states. Each site operates independently providing around-the-clock local news coverage, global &amp; business updates, RSS feeds, and news releases.
</post>
<signature>

</signature>
<external_links>

</external_links>
<country>US</country>
<main_image>http://cdn.bignewsnetwork.com/uni1463059052.jpg</main_image>
</document>
