<?xml version="1.0" encoding="UTF-8"?>
<document>
<type>mainstream</type>
<forum></forum>
<forum_title></forum_title>
<discussion_title>Haftstrafe für Viagra-Dealer | APOTHEKE ADHOC</discussion_title>
<language>german</language>
<gmt_offset></gmt_offset>
<topic_url>http://www.apotheke-adhoc.de/nachrichten/panorama/nachricht-detail-panorama/arzneimittelkriminalitaet-illegale-online-apotheker-zu-haft-verurteilt/</topic_url>
<topic_text>
Arzneimittelkriminalität Haftstrafe für Viagra-Dealer Carolin Bauer, 12.05.2016 13:16 Uhr Gefälschte Medikamente: Sieben Angeklagte wurden vor dem Landgericht Essen wegen Verstößen gegen das Arzneimittelgesetz zu Haftstrafen verurteilt. Foto: Landgericht Essen Die Männer sollen innerhalb von drei Jahren 60.000 Bestellungen bedient haben. Insgesamt wurde ein Umsatz von knapp sechs Millionen Euro erwirtschaftet – insgesamt gab es 13 verschiedene Webshops. Foto: Elke Hinkelbein Der illegale Handel ist bei einer Kontrolle vom Zoll aufgedeckt worden. Die Beamten überwachen den grenzüberschreitenden Warenverkehr und entdeckt oft auch kuriose Drogenverstecke. Foto: Zoll Sichergestellt: Im Jahr 2015 beschlagnahmte der Zoll 942 Kilogramm (kg) Haschisch, ... Foto: Elke Hinkelbein ... 121 kg Heroin, ... Foto: Günther Gumhold / pixelio.de ... 84 kg Opium, ... Foto: Wikipedia ... 1691 kg Kokain, ... Foto: BKA ... 293 kg Amphetamine, ... Foto: Wikipedia ... 21 kg Crystal, ... Foto: Zoll ... 1657 kg Marihuana und fast 12.000 kg sonstiger Betäubungsmittel. Foto: Zoll Die Verstecke der meist international organisierten Schmuggler sind einfallsreich: Wer vermutet schon Kokain in Walnüssen? Foto: Zoll Nach Angaben des Zolls geht der Zigarettenschmuggel zurück. Foto: Zoll Während der Zoll 2013 noch 147 Millionen Stück sicherstellte, waren es 2014 140 Millionen ... Foto: Zoll ... und 2015 nur noch 75 Millionen. Dennoch wird kreativ versteckt – wie hier im Hohlraum eines PKW. Foto: Zoll Hier versuchten Schmuggler, Zigarettenpackungen im Fahrzeugboden unterzubringen. Foto: Zoll Boxen mit Amphetamin werden mit Klebeband zusammengehalten. Foto: Zoll Entwirrt: Hier wurde Kokain in einer Angelschnurspule versteckt. Foto: Zoll Bonbons mit besonderem Inhalt liegen ausgebreitet auf dem Tisch. Foto: Zoll Interessante Lektüre: Ein bestimmt spannender Teil wurde herausgeschnitten – für eine Tüte mit Rauschgift. Foto: Zoll Drogenfund im Frühstücksbrötchen: Anstatt Käse und Wurst gibt es eine Überraschung für den Zoll. Foto: Zoll Karierte Tragetaschen sind reißfest, ziemlich wasserdicht und haben viel Platz zum Verstauen von Drogen. Foto: Zoll Hier entdecken die Fahnder Haschischblöcke im Fahrzeugboden. Foto: Zoll Süße Überraschung: In diesen Süßigkeitenpackungen verbergen sich Haschischplatten. Foto: Zoll Kokain zwischen Bildplatten: Der Zoll nimmt alles unter die Lupe. Foto: Zoll Weniger originell sind Drogenverstecke im Koffer. Foto: Zoll Zwischen Spitzwäsche und T-Shirts war noch Platz für ein dickes Paket mit Marihuana. Foto: Zoll Mit dem Auto über die Grenze und an den Zoll vorbei: Hier dienen Marihuana-Säcke als Rücksitzfutter. Foto: Zoll Opium im Kochtopf: Die Zollbeamten nehmen auch haushaltsübliche Geräte auseinander. Foto: Zoll Besonders einfallsreich: Hier wurde ein Pulver in einen Springseilgriff hineingestopft. Foto: Zoll Echte Handarbeit oder maschinell hergestellt? In diesem Teppich ist Heroin eingeflochten. Foto: Zoll Diese bunten Konservendosen enthalten keine Mahlzeit, sondern rosafarbene Pillen. Foto: Zoll Ein Beamter reißt einen Push-up-BH auf, der offensichtlich mit Rauschgift gefüllt wurde. Foto: Zoll Interpol kämpft ebenfalls gegen die Rauschgiftkriminalität. Hier entdeckten die Beamten Drogen in einer Matratze. Foto: Interpol Hier wurden Tabletten in ein Schlüsselband eingearbeitet. Foto: Interpol Berlin - Den Ermittlungsbehörden ist ein Schlag gegen illegal über das Internet vertriebene Arzneimittel gelungen. Sieben Angeklagte haben über drei Jahre mehrere Webshops betrieben. Sie verkauften unter anderem gefälschtes Viagra und Cialis. Die Männer sind vor dem Landgericht Essen (LG) wegen des Handels mit verschreibungspflichtigen Medikamenten und Betäubungsmitteln (BtM) zu Haftstrafen verurteilt worden. Tweet 
Die beiden Strippenzieher müssen jeweils für fünf Jahre und drei Monate ins Gefängnis. Einer von ihnen war in Deutschland ansässig und organisierte den Handel. Der andere lenkte von Holland aus die illegalen Machenschaften. Der indisch-stämmige Mann war laut Gericht für den Einkauf zuständig. Die Ware gelangte vor allem aus Indien zu den Kunden. 
Ein Angeklagter wurde zu zwei Jahren und neun Monaten Haft verurteilt. Vier kamen mit einer Bewährung davon. Die Männer seien im wesentlichen geständig gewesen, sagt ein Gerichtssprecher. Die illegalen Händler wurden im Dezember angeklagt. Zwischen Juli 2012 und September 2015 sollen rund 60.000 Bestellungen abgewickelt worden sein. 
Die Händler betrieben insgesamt 13 verschiedene Webshops, darunter „potenzmittel-trader.com“, „kamagra.to“ und potenz-laden.org“. Der Schwerpunkt des Geschäfts lag auf potenzsteigernden Mitteln. Auch gefälschte Markenprodukte wie Viagra und Cialis wurden vertrieben. Zudem wurden Beruhigungsmittel, Antidepressiva und Antibiotika angeboten. 1 
</topic_text>
<spam_score>0.00</spam_score>
<post_num>1</post_num>
<post_id>post-1</post_id>
<post_url>http://www.apotheke-adhoc.de/nachrichten/panorama/nachricht-detail-panorama/arzneimittelkriminalitaet-illegale-online-apotheker-zu-haft-verurteilt/</post_url>
<post_date>20160512</post_date>
<post_time></post_time>
<username></username>
<post>
Arzneimittelkriminalität Haftstrafe für Viagra-Dealer Carolin Bauer, 12.05.2016 13:16 Uhr Gefälschte Medikamente: Sieben Angeklagte wurden vor dem Landgericht Essen wegen Verstößen gegen das Arzneimittelgesetz zu Haftstrafen verurteilt. Foto: Landgericht Essen Die Männer sollen innerhalb von drei Jahren 60.000 Bestellungen bedient haben. Insgesamt wurde ein Umsatz von knapp sechs Millionen Euro erwirtschaftet – insgesamt gab es 13 verschiedene Webshops. Foto: Elke Hinkelbein Der illegale Handel ist bei einer Kontrolle vom Zoll aufgedeckt worden. Die Beamten überwachen den grenzüberschreitenden Warenverkehr und entdeckt oft auch kuriose Drogenverstecke. Foto: Zoll Sichergestellt: Im Jahr 2015 beschlagnahmte der Zoll 942 Kilogramm (kg) Haschisch, ... Foto: Elke Hinkelbein ... 121 kg Heroin, ... Foto: Günther Gumhold / pixelio.de ... 84 kg Opium, ... Foto: Wikipedia ... 1691 kg Kokain, ... Foto: BKA ... 293 kg Amphetamine, ... Foto: Wikipedia ... 21 kg Crystal, ... Foto: Zoll ... 1657 kg Marihuana und fast 12.000 kg sonstiger Betäubungsmittel. Foto: Zoll Die Verstecke der meist international organisierten Schmuggler sind einfallsreich: Wer vermutet schon Kokain in Walnüssen? Foto: Zoll Nach Angaben des Zolls geht der Zigarettenschmuggel zurück. Foto: Zoll Während der Zoll 2013 noch 147 Millionen Stück sicherstellte, waren es 2014 140 Millionen ... Foto: Zoll ... und 2015 nur noch 75 Millionen. Dennoch wird kreativ versteckt – wie hier im Hohlraum eines PKW. Foto: Zoll Hier versuchten Schmuggler, Zigarettenpackungen im Fahrzeugboden unterzubringen. Foto: Zoll Boxen mit Amphetamin werden mit Klebeband zusammengehalten. Foto: Zoll Entwirrt: Hier wurde Kokain in einer Angelschnurspule versteckt. Foto: Zoll Bonbons mit besonderem Inhalt liegen ausgebreitet auf dem Tisch. Foto: Zoll Interessante Lektüre: Ein bestimmt spannender Teil wurde herausgeschnitten – für eine Tüte mit Rauschgift. Foto: Zoll Drogenfund im Frühstücksbrötchen: Anstatt Käse und Wurst gibt es eine Überraschung für den Zoll. Foto: Zoll Karierte Tragetaschen sind reißfest, ziemlich wasserdicht und haben viel Platz zum Verstauen von Drogen. Foto: Zoll Hier entdecken die Fahnder Haschischblöcke im Fahrzeugboden. Foto: Zoll Süße Überraschung: In diesen Süßigkeitenpackungen verbergen sich Haschischplatten. Foto: Zoll Kokain zwischen Bildplatten: Der Zoll nimmt alles unter die Lupe. Foto: Zoll Weniger originell sind Drogenverstecke im Koffer. Foto: Zoll Zwischen Spitzwäsche und T-Shirts war noch Platz für ein dickes Paket mit Marihuana. Foto: Zoll Mit dem Auto über die Grenze und an den Zoll vorbei: Hier dienen Marihuana-Säcke als Rücksitzfutter. Foto: Zoll Opium im Kochtopf: Die Zollbeamten nehmen auch haushaltsübliche Geräte auseinander. Foto: Zoll Besonders einfallsreich: Hier wurde ein Pulver in einen Springseilgriff hineingestopft. Foto: Zoll Echte Handarbeit oder maschinell hergestellt? In diesem Teppich ist Heroin eingeflochten. Foto: Zoll Diese bunten Konservendosen enthalten keine Mahlzeit, sondern rosafarbene Pillen. Foto: Zoll Ein Beamter reißt einen Push-up-BH auf, der offensichtlich mit Rauschgift gefüllt wurde. Foto: Zoll Interpol kämpft ebenfalls gegen die Rauschgiftkriminalität. Hier entdeckten die Beamten Drogen in einer Matratze. Foto: Interpol Hier wurden Tabletten in ein Schlüsselband eingearbeitet. Foto: Interpol Berlin - Den Ermittlungsbehörden ist ein Schlag gegen illegal über das Internet vertriebene Arzneimittel gelungen. Sieben Angeklagte haben über drei Jahre mehrere Webshops betrieben. Sie verkauften unter anderem gefälschtes Viagra und Cialis. Die Männer sind vor dem Landgericht Essen (LG) wegen des Handels mit verschreibungspflichtigen Medikamenten und Betäubungsmitteln (BtM) zu Haftstrafen verurteilt worden. Tweet 
Die beiden Strippenzieher müssen jeweils für fünf Jahre und drei Monate ins Gefängnis. Einer von ihnen war in Deutschland ansässig und organisierte den Handel. Der andere lenkte von Holland aus die illegalen Machenschaften. Der indisch-stämmige Mann war laut Gericht für den Einkauf zuständig. Die Ware gelangte vor allem aus Indien zu den Kunden. 
Ein Angeklagter wurde zu zwei Jahren und neun Monaten Haft verurteilt. Vier kamen mit einer Bewährung davon. Die Männer seien im wesentlichen geständig gewesen, sagt ein Gerichtssprecher. Die illegalen Händler wurden im Dezember angeklagt. Zwischen Juli 2012 und September 2015 sollen rund 60.000 Bestellungen abgewickelt worden sein. 
Die Händler betrieben insgesamt 13 verschiedene Webshops, darunter „potenzmittel-trader.com“, „kamagra.to“ und potenz-laden.org“. Der Schwerpunkt des Geschäfts lag auf potenzsteigernden Mitteln. Auch gefälschte Markenprodukte wie Viagra und Cialis wurden vertrieben. Zudem wurden Beruhigungsmittel, Antidepressiva und Antibiotika angeboten. 1 
</post>
<signature>

</signature>
<external_links>

</external_links>
<country>DE</country>
<main_image>/fileadmin/content/redaktion/Fotos_Typo3/panorama/Landgericht_Essen/lg_essen_eingang_lg_essen_A.jpg</main_image>
</document>
