<?xml version="1.0" encoding="UTF-8"?>
<document>
<type>mainstream</type>
<forum>http://bookarchive.ru//engine/rss.php</forum>
<forum_title>Скачать книги бесплатно на BookArchive</forum_title>
<discussion_title>A Beautiful Mess Happy Handmade Home: Painting, Crafting, and Decorating a Cheerful, More Inspiring Space</discussion_title>
<language>russian</language>
<gmt_offset></gmt_offset>
<topic_url>http://www.bookarchive.ru/khobbi/sdelai_sam/330786-a-beautiful-mess-happy-handmade-home-painting-crafting-and-decorating-a-cheerful-more-inspiring-space.html</topic_url>
<topic_text>
Скачиваний 80 / Средняя скорость 2345 Kb/s » A Beautiful Mess Happy Handmade Home: Painting, Crafting, and Decorating a Cheerful, More Inspiring Space Сегодня, 20:00 | Просмотров: 0 | Категория: Хобби » Сделай сам Название: A Beautiful Mess Happy Handmade Home: Painting, Crafting, and Decorating a Cheerful, More Inspiring Space Автор: Elsie Larson, Emma Chapman Издательство: Potter Style 2014 355 Английский pdf отличное 27,6 Мб Книга содержит DIY проекты, идеи декора и дизайна для дома. В издании представлены несколько разделов, содержащих проекты и идеи для каждой комнаты дома. На страницах книги читатели найдут множество ярких, современных дизайнов с использованием рисования и различных ремесел. http://depositfiles.com/files/pvmpi7rk8 -
</topic_text>
<spam_score>0.00</spam_score>
<post_num>1</post_num>
<post_id>post-1</post_id>
<post_url>http://www.bookarchive.ru/khobbi/sdelai_sam/330786-a-beautiful-mess-happy-handmade-home-painting-crafting-and-decorating-a-cheerful-more-inspiring-space.html</post_url>
<post_date>20160512</post_date>
<post_time>1600</post_time>
<username>123456</username>
<post>
Скачиваний 80 / Средняя скорость 2345 Kb/s » A Beautiful Mess Happy Handmade Home: Painting, Crafting, and Decorating a Cheerful, More Inspiring Space Сегодня, 20:00 | Просмотров: 0 | Категория: Хобби » Сделай сам Название: A Beautiful Mess Happy Handmade Home: Painting, Crafting, and Decorating a Cheerful, More Inspiring Space Автор: Elsie Larson, Emma Chapman Издательство: Potter Style 2014 355 Английский pdf отличное 27,6 Мб Книга содержит DIY проекты, идеи декора и дизайна для дома. В издании представлены несколько разделов, содержащих проекты и идеи для каждой комнаты дома. На страницах книги читатели найдут множество ярких, современных дизайнов с использованием рисования и различных ремесел. http://depositfiles.com/files/pvmpi7rk8 -
</post>
<signature>

</signature>
<external_links>

</external_links>
<country>RU</country>
<main_image>/uploads/posts/2016-05/thumbs/1462954791_a_btf_ms_hp_hnd_md_01.jpg</main_image>
</document>
