<?xml version="1.0" encoding="UTF-8"?>
<document>
<type>mainstream</type>
<forum></forum>
<forum_title></forum_title>
<discussion_title>Wolves face Widnes Vikings Live on BBC</discussion_title>
<language>english</language>
<gmt_offset></gmt_offset>
<topic_url>http://www.warrington-worldwide.co.uk/2016/05/11/wolves-face-widnes-live-on-bbc/</topic_url>
<topic_text>
Wolves News 
WARRINGTON Wolves’ Challenge Cup quarter final against local rivals Widnes Vikings will take place on Friday June 24 and be screened live on BBC2, kick off 8pm. 
All four Ladbrokes Challenge Cup quarter-final ties will be broadcast live on television over the weekend of June 23 to 25. 
On Thursday June 23 (8.00pm) Huddersfield Giants will play Wakefield Trinity Wildcats in front of the Sky Sports cameras. After knocking out current holders Leeds Rhinos in the sixth round, the Giants will have their sights on a first Wembley final since 2009. 
This will be followed on the Friday when the Wolves take on Widnes Vikings. 
Two games will be played on Saturday June 25, starting with Hull FC v Catalans Dragons on Sky Sports (1.30pm) followed by Wigan Warriors v Castleford Tigers on BBC Two (5.30pm). 
The semi-final draw will also be broadcast on BBC Two on Saturday following the completion of Wigan Warriors v Castleford Tigers. 
The schedule for the four Ladbrokes Challenge Cup quarter-finals is as follows: Thursday June 23 – Huddersfield Giants v Wakefield Trinity Wildcats (Sky Sports, 8.00pm kick-off) Friday June 24 – Warrington Wolves v Widnes Vikings (BBC Two, 8.00pm kick-off) Saturday June 25 – Hull FC v Catalans Dragons (Sky Sports, 1.30pm kick-off) Saturday June 25 – Wigan Warriors v Castleford Tigers (BBC Two, 5.30pm kick-off). 
Ticket prices for all four ties will be confirmed by the competing clubs in due course. 
Tickets for the Ladbrokes Challenge Cup final at Wembley Stadium on Saturday August 27 costs from just £20 and can be purchased by visiting www.rugby-league.com/tickets or calling the Rugby League Ticket Hotline on 0844 856 1113. 
</topic_text>
<spam_score>0.00</spam_score>
<post_num>1</post_num>
<post_id>post-1</post_id>
<post_url>http://www.warrington-worldwide.co.uk/2016/05/11/wolves-face-widnes-live-on-bbc/</post_url>
<post_date>20160511</post_date>
<post_time></post_time>
<username>Gary Skentelbery</username>
<post>
Wolves News 
WARRINGTON Wolves’ Challenge Cup quarter final against local rivals Widnes Vikings will take place on Friday June 24 and be screened live on BBC2, kick off 8pm. 
All four Ladbrokes Challenge Cup quarter-final ties will be broadcast live on television over the weekend of June 23 to 25. 
On Thursday June 23 (8.00pm) Huddersfield Giants will play Wakefield Trinity Wildcats in front of the Sky Sports cameras. After knocking out current holders Leeds Rhinos in the sixth round, the Giants will have their sights on a first Wembley final since 2009. 
This will be followed on the Friday when the Wolves take on Widnes Vikings. 
Two games will be played on Saturday June 25, starting with Hull FC v Catalans Dragons on Sky Sports (1.30pm) followed by Wigan Warriors v Castleford Tigers on BBC Two (5.30pm). 
The semi-final draw will also be broadcast on BBC Two on Saturday following the completion of Wigan Warriors v Castleford Tigers. 
The schedule for the four Ladbrokes Challenge Cup quarter-finals is as follows: Thursday June 23 – Huddersfield Giants v Wakefield Trinity Wildcats (Sky Sports, 8.00pm kick-off) Friday June 24 – Warrington Wolves v Widnes Vikings (BBC Two, 8.00pm kick-off) Saturday June 25 – Hull FC v Catalans Dragons (Sky Sports, 1.30pm kick-off) Saturday June 25 – Wigan Warriors v Castleford Tigers (BBC Two, 5.30pm kick-off). 
Ticket prices for all four ties will be confirmed by the competing clubs in due course. 
Tickets for the Ladbrokes Challenge Cup final at Wembley Stadium on Saturday August 27 costs from just £20 and can be purchased by visiting www.rugby-league.com/tickets or calling the Rugby League Ticket Hotline on 0844 856 1113. 
</post>
<signature>

</signature>
<external_links>

</external_links>
<country>GB</country>
<main_image>http://www.warrington-worldwide.co.uk/wp-content/uploads/2015/04/cup_ladbrokes.jpg</main_image>
</document>
