<?xml version="1.0" encoding="UTF-8"?>
<document>
<type>mainstream</type>
<forum>http://www.oystermag.com/rss</forum>
<forum_title>Fashion Magazine | News. Fashion. Beauty. Music. | oystermag.com</forum_title>
<discussion_title>Watch A$AP Mob And Juicy J Get Weird For A$AP Yams In &apos;Yamborghini High&apos; Clip</discussion_title>
<language>english</language>
<gmt_offset></gmt_offset>
<topic_url>http://www.oystermag.com/watch-aap-mob-and-juicy-j-get-weird-for-aap-yams-in-yamborghini-high-clip</topic_url>
<topic_text>
Watch A$AP Mob And Juicy J Get Weird For A$AP Yams In &apos;Yamborghini High&apos; Clip Ft. Yams&apos; mum! A$AP Rocky performed the yet to be released Yams tribute track in December last year. By January this year, the whole mob had released the full track — a heaps turnt tribute full of glitch and trips, obviously super fitting for the one year anniversary of A$AP Yams&apos; death. Today the boys drop some very glitchy / triply / tumblr-related visuals for the track. They drive sick cars, wear bathrobes in the street, and rummage around in hunting gear while a Yammy pixelated hue FX situation is going on. All from the inside of Tatianna Paulino&apos;s (A$AP Yams&apos; mum) television set.
</topic_text>
<spam_score>0.00</spam_score>
<post_num>1</post_num>
<post_id>post-1</post_id>
<post_url>http://www.oystermag.com/watch-aap-mob-and-juicy-j-get-weird-for-aap-yams-in-yamborghini-high-clip</post_url>
<post_date>20160511</post_date>
<post_time>2121</post_time>
<username>Hayley Morgan</username>
<post>
Watch A$AP Mob And Juicy J Get Weird For A$AP Yams In &apos;Yamborghini High&apos; Clip Ft. Yams&apos; mum! A$AP Rocky performed the yet to be released Yams tribute track in December last year. By January this year, the whole mob had released the full track — a heaps turnt tribute full of glitch and trips, obviously super fitting for the one year anniversary of A$AP Yams&apos; death. Today the boys drop some very glitchy / triply / tumblr-related visuals for the track. They drive sick cars, wear bathrobes in the street, and rummage around in hunting gear while a Yammy pixelated hue FX situation is going on. All from the inside of Tatianna Paulino&apos;s (A$AP Yams&apos; mum) television set.
</post>
<signature>

</signature>
<external_links>

</external_links>
<country>AU</country>
<main_image>http://www.oystermag.com/sites/default/files/images/ASAPMobYamborghiniHighvideo640x411.jpg</main_image>
</document>
