<?xml version="1.0" encoding="UTF-8"?>
<document>
<type>mainstream</type>
<forum>http://corectnews.com//feed</forum>
<forum_title>CorectNews</forum_title>
<discussion_title>Directorul CEO, Laurențiu Ciobotărică, reținut pentru abuz în serviciu</discussion_title>
<language>romanian</language>
<gmt_offset></gmt_offset>
<topic_url>http://www.corectnews.com/social/directorul-ceo-lauren-iu-ciobot-ric-re-inut-pentru-abuz-n-serviciu</topic_url>
<topic_text>
Directorul CEO, Laurențiu Ciobotărică, reținut pentru abuz în serviciu Scris de newsreporter in 12 Mai 2016 la 10:27 , in Social . 65 vizualizari Tipareste 
Directorul interimar al Complexului Energetic Oltenia (CEO), Laurențiu Ciobotărică, a fost reținut miercuri seara de polițiștii gorjeni pentru abuz în serviciu, el fiind acuzat că a acordat suma de 120.000 lei unui membru al Directoratului companiei ca să demisioneze, informeaza Agerpres. Sursa imagine: radiocraiova.ro 
Laurențiu Ciobotărică este acuzat că în luna ianuarie a acestui an a acordat, prin hotărâre de Directorat, suma de 120.000 lei lui Aurel Medințu, la acel moment director al Diviziei Energie din cadrul companiei, pentru a încheia cu acordul părților mandatul său de conducere. Anchetatorii susțin că Medințu nu ar fi avut dreptul să încaseze respectivii bani, administrația CEO luând această hotărâre în baza unui plan conform căruia salariații companiei au dreptul să plece la cerere cu șase salarii compensatorii. 
La audieri a fost adusă și șefa Direcției Juridice din cadrul CEO, Dorina Jianu, cea care a permis alocarea sumei de 120.000 către fostul director al Diviziei Energie, aceasta părăsind sediul IPJ Gorj fără a da declarații. 
Ministrul Energiei, Victor Negrescu, a precizat miercuri seara, pe pagina sa de socializare, că imediat ce va avea &quot;confirmări din partea organelor legale&quot;, va începe demersurile de îndepărtare din CEO a persoanelor asupra cărora planează suspiciuni de corupție. 
&quot;Sunt deosebit de îngrijorat de situația de la Complexul Energetic Oltenia și de suspiciunile care planează asupra unora din cei care conduc societatea. Nu avem nicio ezitare în cazurile de corupție și imediat ce vom avea confirmări minime din partea organelor legale, vom începe demersurile de îndepărtare din companie a acestor persoane. Vă reamintesc faptul că avem de gestionat un domeniu excepțional de dificil și vă reamintesc că deja am făcut trei plângeri penale la Compania Națională a Uraniului, iar subiectul zilei este dosarul Rompetrol în care Ministerul Energiei s-a constituit în parte civilă. Sunt dovezi clare a moștenirii teribile pe care o are România în domeniul energetic&quot;, a spus Victor Grigorescu. Intra in discutie: Pentru a putea intra in discutie trebuie sa fii autentificat ca utilizator CorectNews. Daca nu ai cont, da click aici . Daca ai deja cont, da click aici .
</topic_text>
<spam_score>0.00</spam_score>
<post_num>1</post_num>
<post_id>post-1</post_id>
<post_url>http://www.corectnews.com/social/directorul-ceo-lauren-iu-ciobot-ric-re-inut-pentru-abuz-n-serviciu</post_url>
<post_date>20160512</post_date>
<post_time>0727</post_time>
<username>newsreporter</username>
<post>
Directorul CEO, Laurențiu Ciobotărică, reținut pentru abuz în serviciu Scris de newsreporter in 12 Mai 2016 la 10:27 , in Social . 65 vizualizari Tipareste 
Directorul interimar al Complexului Energetic Oltenia (CEO), Laurențiu Ciobotărică, a fost reținut miercuri seara de polițiștii gorjeni pentru abuz în serviciu, el fiind acuzat că a acordat suma de 120.000 lei unui membru al Directoratului companiei ca să demisioneze, informeaza Agerpres. Sursa imagine: radiocraiova.ro 
Laurențiu Ciobotărică este acuzat că în luna ianuarie a acestui an a acordat, prin hotărâre de Directorat, suma de 120.000 lei lui Aurel Medințu, la acel moment director al Diviziei Energie din cadrul companiei, pentru a încheia cu acordul părților mandatul său de conducere. Anchetatorii susțin că Medințu nu ar fi avut dreptul să încaseze respectivii bani, administrația CEO luând această hotărâre în baza unui plan conform căruia salariații companiei au dreptul să plece la cerere cu șase salarii compensatorii. 
La audieri a fost adusă și șefa Direcției Juridice din cadrul CEO, Dorina Jianu, cea care a permis alocarea sumei de 120.000 către fostul director al Diviziei Energie, aceasta părăsind sediul IPJ Gorj fără a da declarații. 
Ministrul Energiei, Victor Negrescu, a precizat miercuri seara, pe pagina sa de socializare, că imediat ce va avea &quot;confirmări din partea organelor legale&quot;, va începe demersurile de îndepărtare din CEO a persoanelor asupra cărora planează suspiciuni de corupție. 
&quot;Sunt deosebit de îngrijorat de situația de la Complexul Energetic Oltenia și de suspiciunile care planează asupra unora din cei care conduc societatea. Nu avem nicio ezitare în cazurile de corupție și imediat ce vom avea confirmări minime din partea organelor legale, vom începe demersurile de îndepărtare din companie a acestor persoane. Vă reamintesc faptul că avem de gestionat un domeniu excepțional de dificil și vă reamintesc că deja am făcut trei plângeri penale la Compania Națională a Uraniului, iar subiectul zilei este dosarul Rompetrol în care Ministerul Energiei s-a constituit în parte civilă. Sunt dovezi clare a moștenirii teribile pe care o are România în domeniul energetic&quot;, a spus Victor Grigorescu. Intra in discutie: Pentru a putea intra in discutie trebuie sa fii autentificat ca utilizator CorectNews. Daca nu ai cont, da click aici . Daca ai deja cont, da click aici .
</post>
<signature>

</signature>
<external_links>

</external_links>
<country>RO</country>
<main_image>http://f1.corect.com/sites/www.corectnews.com/files/server-4/news/2016/05/radiocraiova.ro1_.120x90x0resized.jpg</main_image>
</document>
