<?xml version="1.0" encoding="UTF-8"?>
<document>
<type>mainstream</type>
<forum>http://www.dailymail.co.uk/news/articles.rss</forum>
<forum_title>News Articles | Mail Online</forum_title>
<discussion_title>FBI directorJames Comey feels &apos;pressure&apos; to wrap up Hillary Clinton email probe</discussion_title>
<language>english</language>
<gmt_offset></gmt_offset>
<topic_url>http://www.dailymail.co.uk/news/article-3585516/FBI-head-says-hes-unfamiliar-security-inquiry-term.html</topic_url>
<topic_text>
44 shares 91
View
comments
FBI Director James Comey says he&apos;s not familiar with the terminology the Clinton campaign often uses to discuss an ongoing investigation into Hillary Clinton&apos;s use of a private email server.
Comey was asked at a roundtable discussion with reporters Wednesday about whether the agency was doing a &apos;security inquiry.&apos;
That&apos;s a term, along with &apos;security review,&apos; that Clinton and her aides have used in interviews and statements to characterize the investigation.
He said he doesn&apos;t know what that term means.
Scroll down for video
NO NONSENSE, NO DEADLINE: James Comey, the director of the FBI, told reporters on Wednesday that he wont be bound by an election calendar in his agency&apos;s investigation of Hillary Clinton, and insisted she will be treated just like any other investigative subject
&apos;SECURITY REVIEW&apos;? Clinton has insisted that the FBI is actually conducting an intelligence inquiry, not a criminal investigation, but Comey said all the FBI does is &apos;investigate&apos;
&apos;It&apos;s in our name,&apos; Comey said, referring to the word &apos;investigation.&apos;
&apos;I&apos;m not familiar with the term &quot;security inquiry&quot;.&apos;
Comey repeatedly declined to offer specifics about the investigation, including when it might conclude.
He reiterated that there was no specific timeline for completion.
The director also didn&apos;t join a reporter in characterizing the Clinton matter as a &apos;criminal&apos; probe, although the former secretary of state is being investigated for allegedly violating the federal Espionage Act and for reported instances of public corruption.
Clinton&apos;s aides have maintained that the FBI is conducting an intelligence inquiry, not a criminal probe.
Comey said he feels &apos;pressure&apos; to finish a thorough investigation soon – comparing that urgency to the burden placed on the FBI by other high-profile cases.
&apos;We want to do it well and we want to do it promptly. I feel pressure to do both of those things,&apos; he told reporters, according to Politico .
&apos;As between the two things, we will always choose &quot;well&quot;.&apos;
But he said the coming presidential election calendar has no bearing on his timetable.
&apos;I don&apos;t tether to any external deadline,&apos; the FBI director insisted.
PLUNGING (AHEAD): Clinton is the Democratic presidential front-runner but continues to be dogged by scandal related to her use of a private, unsecured email server while she was America&apos;s top diplomat
 2 Next Trump pulls EVEN with Hillary in new national poll as... Former Clinton adviser Sid Blumenthal &apos;confident&apos; FBI will... EXCLUSIVE: &apos;Duck Dynasty&apos; patriarch Phil Robertson says... Trump hammers Hillary for &apos;bad judgment&apos; in Instagram video... This election could be a nail-biter after all: Hillary and... Facebook executive who denied the company suppresses... State Department says it can&apos;t find ANY emails to or from... 44 shares In the course of the hour-long media session, he declined to comment on the specifics of the ongoing investigation but was determined to point out that his agency would apply federal law the way it does to subjects of any investigation.
Other holders of security clearances have been prosecuted for mishandling classified material, one of the charges Clinton&apos;s critics have leveled at her.
More than 2,100 such documents have been identified among emails found on a private server where Clinton kept all her electronic communication during the years she was secretary of state.
The unorthodox arrangement,Republicans suspect, may have exposed state secrets – including 22 documents classified as &apos;Top Secret&apos; and above – to prying foreign intelligence services.
&apos;There&apos;s no special set of rules for anybody that the FBI investigates,&apos; Comey said.
Clinton has said that none of the messages were marked classified at the time she received them. She has also disputed that any contained highly sensitive information and said that she wants all the messages made public.
</topic_text>
<spam_score>0.00</spam_score>
<post_num>59</post_num>
<post_id>post-59</post_id>
<post_url>http://www.dailymail.co.uk/news/article-3585516/FBI-head-says-hes-unfamiliar-security-inquiry-term.html</post_url>
<post_date>20160512</post_date>
<post_time>0555</post_time>
<username>Rooster2k2</username>
<post>
She thinks we&apos;re so Fing stupid with the whole \&quot;security inquiry\&quot; nonsense she been sputtering all week. Glad they called her out on it, I don&apos;t think they&apos;re big fans either...
</post>
<signature>

</signature>
<external_links>

</external_links>
<country>GB</country>
<main_image>http://i.dailymail.co.uk/i/pix/2016/05/11/22/340E2B1400000578-0-image-a-7_1463002103057.jpg</main_image>
</document>
