<?xml version="1.0" encoding="UTF-8"?>
<document>
<type>mainstream</type>
<forum></forum>
<forum_title></forum_title>
<discussion_title>Roberto Martinez sacked: Five results that got the Everton manager the chop | Metro News</discussion_title>
<language>english</language>
<gmt_offset></gmt_offset>
<topic_url>http://metro.co.uk/2016/05/12/five-results-that-got-roberto-martinez-the-sack-as-everton-prepare-to-part-ways-with-the-spaniard-5877610/</topic_url>
<topic_text>
Sean Kearns for Metro.co.uk Thursday 12 May 2016 2:53 pm Roberto Martinez is expected to be sacked today (Picture: Getty Images) 
Roberto Martinez’s three-year reign as Everton boss has today come to an end. 
Toffees chairman Bill Kenwright gave the Spaniard his marching orders after a disappointing third season on Merseyside. 
The former Wigan and Swansea boss replaced David Moyes in 2013 following a historic FA Cup win with the Latics, and the Blues finished 5th in his first season. 
However, having spent big on the likes of Romelu Lukaku and Oumar Niasse over the last two years, a return of a finish no higher than 11th this season is not acceptable for the board. 
Everton arguably have their strongest squad in 25 years, but it is a series of woeful results this season have pushed Martinez out the exit door. 
Here are the top five: 
Bournemouth 3-3 Everton 
The Toffees raced into a 2-0 lead on the south coast before Eddie Howe’s side nicked one with ten minutes to go. 
With a slender lead, Martinez’s men needed to hold out for a crucial three points but Stanislas’ goal two minutes from time appeared to have given the Cherries a share of the spoils. Bournemouth hit a late equaliser to crush Everton hearts (Picture: Getty) 
However, Everton showed the ‘phenomenal’ character that Martinez so often referred to by grabbing what looked to be the winner in the 95th minute. 
But even then, the game wasn’t safe. The Toffees’ frailties were well and truly exposed when Bournemouth equalised in the eighth minute of stoppage time to leave Everton deflated. 
Everton 3-4 Stoke 
While Everton’s weaknesses away from home are somewhat understandable, it is the side’s home form that has got Martinez the sack. 
The Toffees have won just five of their 18 home matches and they threw away three points against Mark Hughes’ Stoke City side in December. Everton let a 3-2 lead slip against Stoke (Picture: Getty) 
After trailing 2-1 at half-time, Everton showed good fight to reclaim the advantage and were 3-2 up with ten minutes remaining. 
But – and yes we’ve been here before – the Toffees conceded twice in the final ten minutes and gave three points to one of their closest rivals in the league table. 
Everton 2-3 West Ham 
There’s a pattern devloping here. 
Lukaku’s early goal had given the Toffees the lead but they were reduced to ten-men when Kevin Mirallas foolishly got sent off. 
And – again – the side showed good spirit to actually double their lead despite their disadvantage. West Ham made a sensational comeback against Everton to win 3-2 (Picture: Getty) 
Martinez’s side were comfortable and had the chance to put the game to bed when they were awarded a penalty – but Lukaku missed. 
What ensued was utter madness. In the final twelve minutes of the match, the Hammers scored three times as Everton capitulated, once again, on their own patch. 
Liverpool 4-0 Everton 
The red side of Merseyside has often been stronger during the Premier League era but the Toffees have always given as good as they’ve got against their arch rivals. 
But this season’s trip to Anfield was a watershed moment for many Blues. 
The side were dismally out of form but a Merseyside derby is an occasion when form should go out of the window. Everton were embarrassed against Liverpool (Picture: Getty) 
Jurgen Klopp’s side ran out comfortable winners on a night when Ramiro Funes Mori was sent off for a despicable foul on Divock Origi. 
The lack of fight – more than the result – was what upset Everton fans most. 
Manchester United 2-1 Everton 
While the Toffees have been below-par in the league, their cup form has actually been quite good. 
They were unlucky not to make the final of the Capital One Cup and had a great chance of making the FA Cup final when they came up against Manchester United. Martial scored a late winner to deny Everton (Picture: Getty Images) 
The Red Devils took the lead in the first-half but Everton looked a completely different side after the break and got themselves back on level terms with ten minutes remaining. 
The Toffees looked the more likely to grab the winner but, with the game set for extra-time, Anthony Martial popped up to score the winner and hit what appears to have been the final nail in Martinez’s coffin. 
</topic_text>
<spam_score>0.00</spam_score>
<post_num>1</post_num>
<post_id>post-1</post_id>
<post_url>http://metro.co.uk/2016/05/12/five-results-that-got-roberto-martinez-the-sack-as-everton-prepare-to-part-ways-with-the-spaniard-5877610/</post_url>
<post_date>20160512</post_date>
<post_time></post_time>
<username>Sean Kearns For Metro.Co.Uk</username>
<post>
Sean Kearns for Metro.co.uk Thursday 12 May 2016 2:53 pm Roberto Martinez is expected to be sacked today (Picture: Getty Images) 
Roberto Martinez’s three-year reign as Everton boss has today come to an end. 
Toffees chairman Bill Kenwright gave the Spaniard his marching orders after a disappointing third season on Merseyside. 
The former Wigan and Swansea boss replaced David Moyes in 2013 following a historic FA Cup win with the Latics, and the Blues finished 5th in his first season. 
However, having spent big on the likes of Romelu Lukaku and Oumar Niasse over the last two years, a return of a finish no higher than 11th this season is not acceptable for the board. 
Everton arguably have their strongest squad in 25 years, but it is a series of woeful results this season have pushed Martinez out the exit door. 
Here are the top five: 
Bournemouth 3-3 Everton 
The Toffees raced into a 2-0 lead on the south coast before Eddie Howe’s side nicked one with ten minutes to go. 
With a slender lead, Martinez’s men needed to hold out for a crucial three points but Stanislas’ goal two minutes from time appeared to have given the Cherries a share of the spoils. Bournemouth hit a late equaliser to crush Everton hearts (Picture: Getty) 
However, Everton showed the ‘phenomenal’ character that Martinez so often referred to by grabbing what looked to be the winner in the 95th minute. 
But even then, the game wasn’t safe. The Toffees’ frailties were well and truly exposed when Bournemouth equalised in the eighth minute of stoppage time to leave Everton deflated. 
Everton 3-4 Stoke 
While Everton’s weaknesses away from home are somewhat understandable, it is the side’s home form that has got Martinez the sack. 
The Toffees have won just five of their 18 home matches and they threw away three points against Mark Hughes’ Stoke City side in December. Everton let a 3-2 lead slip against Stoke (Picture: Getty) 
After trailing 2-1 at half-time, Everton showed good fight to reclaim the advantage and were 3-2 up with ten minutes remaining. 
But – and yes we’ve been here before – the Toffees conceded twice in the final ten minutes and gave three points to one of their closest rivals in the league table. 
Everton 2-3 West Ham 
There’s a pattern devloping here. 
Lukaku’s early goal had given the Toffees the lead but they were reduced to ten-men when Kevin Mirallas foolishly got sent off. 
And – again – the side showed good spirit to actually double their lead despite their disadvantage. West Ham made a sensational comeback against Everton to win 3-2 (Picture: Getty) 
Martinez’s side were comfortable and had the chance to put the game to bed when they were awarded a penalty – but Lukaku missed. 
What ensued was utter madness. In the final twelve minutes of the match, the Hammers scored three times as Everton capitulated, once again, on their own patch. 
Liverpool 4-0 Everton 
The red side of Merseyside has often been stronger during the Premier League era but the Toffees have always given as good as they’ve got against their arch rivals. 
But this season’s trip to Anfield was a watershed moment for many Blues. 
The side were dismally out of form but a Merseyside derby is an occasion when form should go out of the window. Everton were embarrassed against Liverpool (Picture: Getty) 
Jurgen Klopp’s side ran out comfortable winners on a night when Ramiro Funes Mori was sent off for a despicable foul on Divock Origi. 
The lack of fight – more than the result – was what upset Everton fans most. 
Manchester United 2-1 Everton 
While the Toffees have been below-par in the league, their cup form has actually been quite good. 
They were unlucky not to make the final of the Capital One Cup and had a great chance of making the FA Cup final when they came up against Manchester United. Martial scored a late winner to deny Everton (Picture: Getty Images) 
The Red Devils took the lead in the first-half but Everton looked a completely different side after the break and got themselves back on level terms with ten minutes remaining. 
The Toffees looked the more likely to grab the winner but, with the game set for extra-time, Anthony Martial popped up to score the winner and hit what appears to have been the final nail in Martinez’s coffin. 
</post>
<signature>

</signature>
<external_links>

</external_links>
<country>US</country>
<main_image>https://metrouk2.files.wordpress.com/2016/05/523522068.jpg</main_image>
</document>
