<?xml version="1.0" encoding="UTF-8"?>
<document>
<type>mainstream</type>
<forum></forum>
<forum_title></forum_title>
<discussion_title>Рейдерский захват “Олимпа” в Коблево: на базу отдыха прибыл спецназ | Николаевские Известия</discussion_title>
<language>russian</language>
<gmt_offset></gmt_offset>
<topic_url>http://izvestia.nikolaev.ua/news/%d1%80%d0%b5%d0%b9%d0%b4%d0%b5%d1%80%d1%81%d0%ba%d0%b8%d0%b9-%d0%b7%d0%b0%d1%85%d0%b2%d0%b0%d1%82-%d0%be%d0%bb%d0%b8%d0%bc%d0%bf%d0%b0-%d0%b2-%d0%ba%d0%be%d0%b1%d0%bb%d0%b5%d0%b2/</topic_url>
<topic_text>

Как сообщалось ранее, в зоне отдыха Коблево происходит рейдерский захват пансионата “Олимп”. 
10 мая неизвестные ворвались на территорию “Олимпа”. Директор пансионата Татьяна Квасняк вызвала полицию. Правоохранители прибыли на место происшествия спустя час. Неизвестные показали полицейским свидетельство собственности на данный участок, выданное Коблевским сельским советом на имя Боза Константина Олеговича, хотя Татьяна Квасняк имеет такое же решение, выданное ей ранее. 
Утром, 11 мая, к “Олимпу” снова подъехало еще 3 машины с людьми в обмундировании. В сторону Квасняк и персонала (20 человек) сыпались угрозы. Коллектив боялся выходить. Стоит отметить, что Олегу Бозу принадлежит большое количество баз, а также такие скандально известные заведения, как “Brasil” и “Bora-Bora”. Площадку последнего, которую Боз построил на пляже, его обязали снести, однако по сей день никаких действий не предпринимается 
Рабочие принялись разбирают кафе, которое по документам принадлежит Квасняк. При этом, свидетельство о праве собственности имеется и у Боза. 
12 мая конфликт продолжился, к пансионату прибыл отряд спецназа, так как в полицию поступил сигнал о рейдерском захвате «Олимпа». 
Об этом «Николаевским Известиям» сообщили в Отделе коммуникации Главного управления Национальной полиции в Николаевской области. 
В результате обыска в одной из комнат были обнаружены трое неизвестных «не славянской национальности», у одного из которых был найден пистолет. Мужчина предоставил разрешение на ношение оружия, и объяснил, что является представитель общественного формирования, вместе с товарищами он прибыл в «Олимп» на отдых. 
Во время дальнейшей проверки в помещениях пансионата были найдены несколько бронежилетов и касок. Директор пансионата пояснила, что она занимается волонтерской деятельности и эти вещи предназначаются для бойцов АТО. Закончив проверку спецназовцы покинули базу отдыха. Если вы заметили ошибку, выделите необходимый текст и нажмите Ctrl+Enter, чтобы сообщить об этом редакции. Читайте также 
</topic_text>
<spam_score>0.00</spam_score>
<post_num>1</post_num>
<post_id>post-1</post_id>
<post_url>http://izvestia.nikolaev.ua/news/%d1%80%d0%b5%d0%b9%d0%b4%d0%b5%d1%80%d1%81%d0%ba%d0%b8%d0%b9-%d0%b7%d0%b0%d1%85%d0%b2%d0%b0%d1%82-%d0%be%d0%bb%d0%b8%d0%bc%d0%bf%d0%b0-%d0%b2-%d0%ba%d0%be%d0%b1%d0%bb%d0%b5%d0%b2/</post_url>
<post_date>20160512</post_date>
<post_time></post_time>
<username></username>
<post>

Как сообщалось ранее, в зоне отдыха Коблево происходит рейдерский захват пансионата “Олимп”. 
10 мая неизвестные ворвались на территорию “Олимпа”. Директор пансионата Татьяна Квасняк вызвала полицию. Правоохранители прибыли на место происшествия спустя час. Неизвестные показали полицейским свидетельство собственности на данный участок, выданное Коблевским сельским советом на имя Боза Константина Олеговича, хотя Татьяна Квасняк имеет такое же решение, выданное ей ранее. 
Утром, 11 мая, к “Олимпу” снова подъехало еще 3 машины с людьми в обмундировании. В сторону Квасняк и персонала (20 человек) сыпались угрозы. Коллектив боялся выходить. Стоит отметить, что Олегу Бозу принадлежит большое количество баз, а также такие скандально известные заведения, как “Brasil” и “Bora-Bora”. Площадку последнего, которую Боз построил на пляже, его обязали снести, однако по сей день никаких действий не предпринимается 
Рабочие принялись разбирают кафе, которое по документам принадлежит Квасняк. При этом, свидетельство о праве собственности имеется и у Боза. 
12 мая конфликт продолжился, к пансионату прибыл отряд спецназа, так как в полицию поступил сигнал о рейдерском захвате «Олимпа». 
Об этом «Николаевским Известиям» сообщили в Отделе коммуникации Главного управления Национальной полиции в Николаевской области. 
В результате обыска в одной из комнат были обнаружены трое неизвестных «не славянской национальности», у одного из которых был найден пистолет. Мужчина предоставил разрешение на ношение оружия, и объяснил, что является представитель общественного формирования, вместе с товарищами он прибыл в «Олимп» на отдых. 
Во время дальнейшей проверки в помещениях пансионата были найдены несколько бронежилетов и касок. Директор пансионата пояснила, что она занимается волонтерской деятельности и эти вещи предназначаются для бойцов АТО. Закончив проверку спецназовцы покинули базу отдыха. Если вы заметили ошибку, выделите необходимый текст и нажмите Ctrl+Enter, чтобы сообщить об этом редакции. Читайте также 
</post>
<signature>

</signature>
<external_links>

</external_links>
<country>UA</country>
<main_image></main_image>
</document>
