<?xml version="1.0" encoding="UTF-8"?>
<document>
<type>mainstream</type>
<forum>http://www.wlox.com/Global/category.asp?C=13533&amp;nav=DYFw&amp;clienttype=rss</forum>
<forum_title>WLOX - International - Headline</forum_title>
<discussion_title>Brazil president blasts critics, vows to fight impeachment</discussion_title>
<language>english</language>
<gmt_offset></gmt_offset>
<topic_url>http://www.wlox.com/story/31953476/brazil-president-blasts-critics-vows-to-fight-impeachment</topic_url>
<topic_text>
Brazil president blasts critics, vows to fight impeachment 2016-05-12T04:32:50Z 2016-05-12T15:33:00Z (AP Photo/Felipe Dana). An anti-government demonstrator shows off her Brazilian flag motif face paint outside Congress in Brasilia, Brazil, Wednesday, May 11, 2016. Brazil&apos;s Senate is nearing a historic vote on impeaching President Dilma Rousseff, like... (AP Photo/Felipe Dana). Pro-government demonstrators shout during clashes with the police outside Congress, in Brasilia, Brazil, Wednesday, May 11, 2016. Brazil&apos;s Senate is nearing a historic vote on impeaching President Dilma Rousseff, likely ending 1... (AP Photo/Eraldo Peres). Brazil&apos;s Senate during the debate session that&apos;s expected to culminate in a vote on whether to impeach President Dilma Rousseff, in Brasilia, Brazil, Wednesday, May 11, 2016. If a simple majority of the 81 senators vote in favo... (AP Photo/Felipe Dana). Pro-government demonstrators run from a cloud of pepper spray during clashes with the police outside Congress, in Brasilia, Brazil, Wednesday, May 11, 2016. Brazil&apos;s Senate is nearing a historic vote on impeaching President Dilm... (AP Photo/Felipe Dana). A pro-government supporter is frisked after clashing with the police when he attempted to advance towards the Congress building, in Brasilia, Brazil, Wednesday, May 11, 2016. Brazil&apos;s Senate is nearing a historic vote on impeach... By JENNY BARCHFIELD and MAURICIO SAVARESEAssociated Press 
BRASILIA, Brazil (AP) - Speaking hours after the Senate voted to impeach her on Thursday, Brazilian President Dilma Rousseff blasted the process as &quot;fraudulent&quot; and promised to fight what she characterized as an injustice more painful than the torture she endured under a past military dictatorship. 
Rousseff, Brazil&apos;s first female president, promised to use all possible legal means to defend herself in the face of a trial in which senators will decide whether to permanently remove her from office for using alleged illegal accounting tricks in managing the federal budget. 
&quot;I may have committed errors but I never committed crimes,&quot; Rousseff said during a 14-minute address, at one point choking up. &quot;It&apos;s the most brutal of things that can happen to a human being - to be condemned for a crime you didn&apos;t commit. There is no more devastating injustice.&quot; 
The Senate&apos;s decision came after a months-long fight that laid bare the country&apos;s fury over corruption and economic decay, hurling Latin America&apos;s largest country into political turmoil just months before it hosts the Summer Olympics. 
Rousseff&apos;s enraged backers threatened wide-scale protests and strikes. Her foes, meanwhile, insisted that she had broken the law, and that the country&apos;s deep political, social and economic woes could only be tackled without her. 
The 55-22 vote means that Rousseff&apos;s ally-turned-enemy, Vice President Michel Temer, will take over as acting president. The Senate has 180 days to conduct a trial and decide whether Rousseff should be permanently removed from office. 
&quot;Did anyone think that we would get to 2018 with a recovery under this government? Impossible,&quot; said Jose Serra, the opposition Social Democratic Party&apos;s failed presidential candidate in the 2010 race that brought Rousseff into power. &quot;The impeachment is just the start of the reconstruction.&quot; 
Rousseff, 68, argues that she had not been charged with a crime and previous presidents did similar things. She also previously suggested that sexism in the male-dominated Congress played a role in the impeachment. 
Rousseff&apos;s suspension and likely permanent removal ends 13 years of rule by the left-leaning Workers&apos; Party, which is credited with lifting millions out of abject poverty but vilified for being at the wheel when billions were siphoned from the state oil company Petrobras. 
Analysts also say Rousseff got herself into trouble with a prickly manner and a perceived reticence to work with legislators that may have alienated possible allies. 
Temer, a 75-year-old career politician, has promised to cut spending and privatize many sectors controlled by the state. For weeks, he has been quietly putting together a new Cabinet, angering Rousseff supporters. The lower house voted 367-137 last month in favor of impeachment. 
The marathon debate in the Senate began Wednesday morning and took 20 hours as dozens of lawmakers rose to give their opinions. 
Humberto Costa, the Workers&apos; Party leader in the Senate, brandished a photo of Rousseff from her days as a young Marxist guerrilla during the country&apos;s 1964-1985 dictatorship at the military proceedings against her. 
Costa called Thursday&apos;s impeachment the second unjust trial Rousseff had endured, saying it was a bid by Brazil&apos;s traditional ruling classes to reassert their power and roll back Workers&apos; Party policies in favor of the poor. 
&quot;The Brazilian elite, the ruling class, which keeps treating this county as if it was their hereditary dominion, does not appreciate democracy,&quot; Costa said. 
When the impeachment measure was introduced last year in Congress, it was generally viewed as a longshot. As late as February, experts were predicting it wouldn&apos;t even make it out of committee in the lower Chamber of Deputies. 
But the momentum built as Brazilians seethed over numerous corruption scandals linked to Petrobras and daily announcements of job losses added to a growing desperation. The Brazilian economy is expected to contract nearly 4 percent after an equally dismal 2015 and inflation and unemployment are hovering around 10 percent, underscoring a sharp decline after the South American giant enjoyed stellar growth for more than a decade. 
Polls have said a majority of Brazilians supported impeaching Rousseff, though they also suggest the public is wary about those in the line of succession to take her place. 
&quot;Dilma is a bad president and waiting until 2018 was a horrible option,&quot; said cab driver Alessandro Novais in Rio de Janeiro, minutes after the vote. &quot;I don&apos;t think Temer will be much better, but at least we can try something different to overcome the crisis.&quot; 
Temer has been implicated in the Petrobras corruption scheme as has Renan Calheiros, the Senate head who is now No. 2 in the line of succession. Former House Speaker Eduardo Cunha, who had been second in line, was suspended from office this month over allegations of obstruction of justice and corruption. 
Rousseff has vehemently denied her administration&apos;s budget moves constituted a crime and argued that such maneuvers were used by prior presidents without repercussions. She has stressed that - unlike many of those who have pushed for impeachment - she does not face any allegations of personal corruption. 
&quot;I think Brazil went backward in institutional maturity,&quot; said Tiago Cordeiro, digital media consultant. &quot;I am shocked to see how people find it OK to oust a president without reason.&quot; 
While the trial is conducted, Rousseff will remain in Alvorada Palace, the presidential residence, Calheiros said. Rousseff will have security guards, health care, and the right to air and ground travel, as well as staff for her personal office and a salary, said Calheiros, who declined to say what it would be. 
Temer, of the centrist Democratic Movement Party, insists he would expand the popular social programs, though he has also signaled that fiscal rigor is needed to dig Brazil out of its current financial hole. 
The investigation into a multibillion-dollar kickback scheme at Petrobras has ensnared dozens of elite politicians and businessmen across the political spectrum. Although Rousseff herself hasn&apos;t been implicated, top officials in her party were and that tarnished her reputation. 
The president &quot;is having to pay for everything,&quot; Sen. Telmario Mota de Oliveira said. 
___ 
Savarese reported from Rio de Janeiro. Copyright 2016 The Associated Press. All rights reserved. This material may not be published, broadcast, rewritten or redistributed.
</topic_text>
<spam_score>0.00</spam_score>
<post_num>1</post_num>
<post_id>post-1</post_id>
<post_url>http://www.wlox.com/story/31953476/brazil-president-blasts-critics-vows-to-fight-impeachment</post_url>
<post_date>20160512</post_date>
<post_time>1533</post_time>
<username></username>
<post>
Brazil president blasts critics, vows to fight impeachment 2016-05-12T04:32:50Z 2016-05-12T15:33:00Z (AP Photo/Felipe Dana). An anti-government demonstrator shows off her Brazilian flag motif face paint outside Congress in Brasilia, Brazil, Wednesday, May 11, 2016. Brazil&apos;s Senate is nearing a historic vote on impeaching President Dilma Rousseff, like... (AP Photo/Felipe Dana). Pro-government demonstrators shout during clashes with the police outside Congress, in Brasilia, Brazil, Wednesday, May 11, 2016. Brazil&apos;s Senate is nearing a historic vote on impeaching President Dilma Rousseff, likely ending 1... (AP Photo/Eraldo Peres). Brazil&apos;s Senate during the debate session that&apos;s expected to culminate in a vote on whether to impeach President Dilma Rousseff, in Brasilia, Brazil, Wednesday, May 11, 2016. If a simple majority of the 81 senators vote in favo... (AP Photo/Felipe Dana). Pro-government demonstrators run from a cloud of pepper spray during clashes with the police outside Congress, in Brasilia, Brazil, Wednesday, May 11, 2016. Brazil&apos;s Senate is nearing a historic vote on impeaching President Dilm... (AP Photo/Felipe Dana). A pro-government supporter is frisked after clashing with the police when he attempted to advance towards the Congress building, in Brasilia, Brazil, Wednesday, May 11, 2016. Brazil&apos;s Senate is nearing a historic vote on impeach... By JENNY BARCHFIELD and MAURICIO SAVARESEAssociated Press 
BRASILIA, Brazil (AP) - Speaking hours after the Senate voted to impeach her on Thursday, Brazilian President Dilma Rousseff blasted the process as &quot;fraudulent&quot; and promised to fight what she characterized as an injustice more painful than the torture she endured under a past military dictatorship. 
Rousseff, Brazil&apos;s first female president, promised to use all possible legal means to defend herself in the face of a trial in which senators will decide whether to permanently remove her from office for using alleged illegal accounting tricks in managing the federal budget. 
&quot;I may have committed errors but I never committed crimes,&quot; Rousseff said during a 14-minute address, at one point choking up. &quot;It&apos;s the most brutal of things that can happen to a human being - to be condemned for a crime you didn&apos;t commit. There is no more devastating injustice.&quot; 
The Senate&apos;s decision came after a months-long fight that laid bare the country&apos;s fury over corruption and economic decay, hurling Latin America&apos;s largest country into political turmoil just months before it hosts the Summer Olympics. 
Rousseff&apos;s enraged backers threatened wide-scale protests and strikes. Her foes, meanwhile, insisted that she had broken the law, and that the country&apos;s deep political, social and economic woes could only be tackled without her. 
The 55-22 vote means that Rousseff&apos;s ally-turned-enemy, Vice President Michel Temer, will take over as acting president. The Senate has 180 days to conduct a trial and decide whether Rousseff should be permanently removed from office. 
&quot;Did anyone think that we would get to 2018 with a recovery under this government? Impossible,&quot; said Jose Serra, the opposition Social Democratic Party&apos;s failed presidential candidate in the 2010 race that brought Rousseff into power. &quot;The impeachment is just the start of the reconstruction.&quot; 
Rousseff, 68, argues that she had not been charged with a crime and previous presidents did similar things. She also previously suggested that sexism in the male-dominated Congress played a role in the impeachment. 
Rousseff&apos;s suspension and likely permanent removal ends 13 years of rule by the left-leaning Workers&apos; Party, which is credited with lifting millions out of abject poverty but vilified for being at the wheel when billions were siphoned from the state oil company Petrobras. 
Analysts also say Rousseff got herself into trouble with a prickly manner and a perceived reticence to work with legislators that may have alienated possible allies. 
Temer, a 75-year-old career politician, has promised to cut spending and privatize many sectors controlled by the state. For weeks, he has been quietly putting together a new Cabinet, angering Rousseff supporters. The lower house voted 367-137 last month in favor of impeachment. 
The marathon debate in the Senate began Wednesday morning and took 20 hours as dozens of lawmakers rose to give their opinions. 
Humberto Costa, the Workers&apos; Party leader in the Senate, brandished a photo of Rousseff from her days as a young Marxist guerrilla during the country&apos;s 1964-1985 dictatorship at the military proceedings against her. 
Costa called Thursday&apos;s impeachment the second unjust trial Rousseff had endured, saying it was a bid by Brazil&apos;s traditional ruling classes to reassert their power and roll back Workers&apos; Party policies in favor of the poor. 
&quot;The Brazilian elite, the ruling class, which keeps treating this county as if it was their hereditary dominion, does not appreciate democracy,&quot; Costa said. 
When the impeachment measure was introduced last year in Congress, it was generally viewed as a longshot. As late as February, experts were predicting it wouldn&apos;t even make it out of committee in the lower Chamber of Deputies. 
But the momentum built as Brazilians seethed over numerous corruption scandals linked to Petrobras and daily announcements of job losses added to a growing desperation. The Brazilian economy is expected to contract nearly 4 percent after an equally dismal 2015 and inflation and unemployment are hovering around 10 percent, underscoring a sharp decline after the South American giant enjoyed stellar growth for more than a decade. 
Polls have said a majority of Brazilians supported impeaching Rousseff, though they also suggest the public is wary about those in the line of succession to take her place. 
&quot;Dilma is a bad president and waiting until 2018 was a horrible option,&quot; said cab driver Alessandro Novais in Rio de Janeiro, minutes after the vote. &quot;I don&apos;t think Temer will be much better, but at least we can try something different to overcome the crisis.&quot; 
Temer has been implicated in the Petrobras corruption scheme as has Renan Calheiros, the Senate head who is now No. 2 in the line of succession. Former House Speaker Eduardo Cunha, who had been second in line, was suspended from office this month over allegations of obstruction of justice and corruption. 
Rousseff has vehemently denied her administration&apos;s budget moves constituted a crime and argued that such maneuvers were used by prior presidents without repercussions. She has stressed that - unlike many of those who have pushed for impeachment - she does not face any allegations of personal corruption. 
&quot;I think Brazil went backward in institutional maturity,&quot; said Tiago Cordeiro, digital media consultant. &quot;I am shocked to see how people find it OK to oust a president without reason.&quot; 
While the trial is conducted, Rousseff will remain in Alvorada Palace, the presidential residence, Calheiros said. Rousseff will have security guards, health care, and the right to air and ground travel, as well as staff for her personal office and a salary, said Calheiros, who declined to say what it would be. 
Temer, of the centrist Democratic Movement Party, insists he would expand the popular social programs, though he has also signaled that fiscal rigor is needed to dig Brazil out of its current financial hole. 
The investigation into a multibillion-dollar kickback scheme at Petrobras has ensnared dozens of elite politicians and businessmen across the political spectrum. Although Rousseff herself hasn&apos;t been implicated, top officials in her party were and that tarnished her reputation. 
The president &quot;is having to pay for everything,&quot; Sen. Telmario Mota de Oliveira said. 
___ 
Savarese reported from Rio de Janeiro. Copyright 2016 The Associated Press. All rights reserved. This material may not be published, broadcast, rewritten or redistributed.
</post>
<signature>

</signature>
<external_links>

</external_links>
<country>US</country>
<main_image>http://images.worldnow.com/AP/images/10538055_G.jpg</main_image>
</document>
