<?xml version="1.0" encoding="UTF-8"?>
<document>
<type>mainstream</type>
<forum></forum>
<forum_title></forum_title>
<discussion_title>Honor the Fallen motorcycle ride is Saturday | News | apg-wi.com</discussion_title>
<language>english</language>
<gmt_offset></gmt_offset>
<topic_url>http://www.apg-wi.com/rice_lake_chronotype/news/honor-the-fallen-motorcycle-ride-is-saturday/article_8f5c6d20-184a-11e6-b2bd-1b24b435676b.html</topic_url>
<topic_text>
Honor the Fallen motorcycle ride is Saturday 2 hrs ago 0 
On Saturday, May 14, the Ladysmith American Veteran Post 127 will host the 10th annual Honor the Fallen motorcycle ride and fundraiser at Deertail Lodge, 2 miles south of Ladysmith on Hwy 27 in Grant Town. 
Ride registration is 8-11 a.m. A donation of $10 per rider is suggested. Rider’s will leaveat approximately 11:20 a.m. A bus will follow the riders for people wishing to participate in the ride. Non-riders are also encouraged to follow in their cars if they prefer. All riders will return to Deertail Lodge at around 4:30 p.m. 
Breakfast the day of the ride on May 14th is from 8-11 served by the Women with Courage Foundation. This supports local cancer patients. The breakfast includes pancakes with fruit toppings, eggs, sausage, fruit, muffins, coffee, juice and milk. A donation of $6 per person is suggested. The public is welcomed and encouraged to attend this breakfast. 
A chicken dinner will be served by the Ladysmith Lions Club from 4-6:30 p.m. Requested donation is $8 per person. The public is also welcomed and encouraged to attend this dinner. 
At approximately 5:30 p.m., the many raffles will begin. Tickets are on sale throughout the day. 
Beginning at 8 p.m., music by the band The Theory will perform. The band is hosted by Deertail Lodge and AMVET Post 127 at no charge. Proceeds benefit the Women with Courage Foundation, Ladysmith Lions Club and the AMVET Post 127 Operational fund and their Honor the Fallen Memorial Fund. 
A pre-event get-together is scheduled at the Veteran’s Memorial Assn. Building at 605 Summit Ave in Ladysmith on Friday, May 13 beginning at 5 p.m. Food will be offered by the AMVET’s Post 127 Women’s Auxiliary for a free will offering and the Band Déjà Vu will perform beginning at 7 p.m. AMVET Post 127 and Women’s Auxillary is hosting the band at no charge. Everyone is welcome to join in any or all the events scheduled that day and will be held rain or shine.The ride route will have three stops. A brief stop in Memorial Park in Ladysmith, continuing on Hwy. 8 with a stop at The Rusty Rail and Thunder and Lightning on Main street in Hawkins, then south on Hwy. M through Jump River and on Hwy. D west to a stop at Reich’s Roadhouse on Main Street in Sheldon. The ride will continue west on Hwy. D turning north on Hwy. E back to Hwy. P East returning to Deertail Lodge. 
For more information, contact John Vacho at 715-415-4580 or “john.vacho@yahoo.com.” 

</topic_text>
<spam_score>0.00</spam_score>
<post_num>1</post_num>
<post_id>post-1</post_id>
<post_url>http://www.apg-wi.com/rice_lake_chronotype/news/honor-the-fallen-motorcycle-ride-is-saturday/article_8f5c6d20-184a-11e6-b2bd-1b24b435676b.html</post_url>
<post_date>20160512</post_date>
<post_time></post_time>
<username></username>
<post>
Honor the Fallen motorcycle ride is Saturday 2 hrs ago 0 
On Saturday, May 14, the Ladysmith American Veteran Post 127 will host the 10th annual Honor the Fallen motorcycle ride and fundraiser at Deertail Lodge, 2 miles south of Ladysmith on Hwy 27 in Grant Town. 
Ride registration is 8-11 a.m. A donation of $10 per rider is suggested. Rider’s will leaveat approximately 11:20 a.m. A bus will follow the riders for people wishing to participate in the ride. Non-riders are also encouraged to follow in their cars if they prefer. All riders will return to Deertail Lodge at around 4:30 p.m. 
Breakfast the day of the ride on May 14th is from 8-11 served by the Women with Courage Foundation. This supports local cancer patients. The breakfast includes pancakes with fruit toppings, eggs, sausage, fruit, muffins, coffee, juice and milk. A donation of $6 per person is suggested. The public is welcomed and encouraged to attend this breakfast. 
A chicken dinner will be served by the Ladysmith Lions Club from 4-6:30 p.m. Requested donation is $8 per person. The public is also welcomed and encouraged to attend this dinner. 
At approximately 5:30 p.m., the many raffles will begin. Tickets are on sale throughout the day. 
Beginning at 8 p.m., music by the band The Theory will perform. The band is hosted by Deertail Lodge and AMVET Post 127 at no charge. Proceeds benefit the Women with Courage Foundation, Ladysmith Lions Club and the AMVET Post 127 Operational fund and their Honor the Fallen Memorial Fund. 
A pre-event get-together is scheduled at the Veteran’s Memorial Assn. Building at 605 Summit Ave in Ladysmith on Friday, May 13 beginning at 5 p.m. Food will be offered by the AMVET’s Post 127 Women’s Auxiliary for a free will offering and the Band Déjà Vu will perform beginning at 7 p.m. AMVET Post 127 and Women’s Auxillary is hosting the band at no charge. Everyone is welcome to join in any or all the events scheduled that day and will be held rain or shine.The ride route will have three stops. A brief stop in Memorial Park in Ladysmith, continuing on Hwy. 8 with a stop at The Rusty Rail and Thunder and Lightning on Main street in Hawkins, then south on Hwy. M through Jump River and on Hwy. D west to a stop at Reich’s Roadhouse on Main Street in Sheldon. The ride will continue west on Hwy. D turning north on Hwy. E back to Hwy. P East returning to Deertail Lodge. 
For more information, contact John Vacho at 715-415-4580 or “john.vacho@yahoo.com.” 

</post>
<signature>

</signature>
<external_links>

</external_links>
<country>US</country>
<main_image>http://bloximages.chicago2.vip.townnews.com/apg-wi.com/content/tncms/custom/image/bc89ece4-a255-11e4-92ab-0fd37d769966.jpg?_dc=1421944984</main_image>
</document>
