<?xml version="1.0" encoding="UTF-8"?>
<document>
<type>mainstream</type>
<forum>http://www.rossendalefreepress.co.uk/rss.xml</forum>
<forum_title>rossendale - Home</forum_title>
<discussion_title>Scribbler: Do you smell a rat over library cuts?</discussion_title>
<language>english</language>
<gmt_offset></gmt_offset>
<topic_url>http://www.rossendalefreepress.co.uk/incoming/scribbler-you-smell-rat-over-11322134</topic_url>
<topic_text>
Our anonymous scribe gives it to us straight over the local elections Shares Get weekly news by email Campaigners outside Whitworth Library The timing of the announcement of which Lancashire county council buildings are to close has raised eyebrows in some quarters, coming so soon after the local elections. 
And while some will smell a rat about the timings, it shouldn’t distract from the fact that, once again, Rossendale has a fight on its hands to keep services it needs open . 
Eight LCC buildings, including the libraries in Bacup, Whitworth and Crawshawbooth, are all set to close subject to a 12-week consultation not coming up with an alternative plan. 
Children’s centres in Balladen, Staghills and Whitewell Bottom will all close, along with Whitworth Young People’s Centre and Rossendale Registration Office. 
Once again, the towns furthest away from County Hall in Preston are left bearing the brunt of cuts and closures – Whitworth will feel particularly hard done by . 
It once again brings into question the absurdity of some decisions being taken by one council – Lancashire – and others by a local council, Rossendale. 
What is the point of Rossendale council working so hard and finding millions of pounds of grants to restore Bacup’s heritage only for the county council to close what local people describe as an iconic building? 
And this is a library which was only refurbished last year! 
For all the talk about government cuts, the council knew the scale of the cuts coming but don’t appear to be able to manage their budgets well at all. 
Who refurbishes a building it may well expect to be closing the following year? 
LCC argues that it will still provide the same services but in fewer places, so in other words, you have to travel to get to them. 
That’s fine if you have a car – but what if you don’t? And LCC has already taken an axe to bus services. 
The scale of the cuts LCC has to deal with is frightening. 
The way they are handling the cuts is positively terrifying. Labour marked the fourth anniversary of its return to power in Rossendale with a set of election results which it has every right to be proud of. 
The gain of three seats means the party has almost as many seats as the 24 it returned to power with in 2012 . 
After the disappointment of last year’s local elections – which one could argue were skewed by people turning out to vote Tory in the general election and casting the same vote locally – it’s no wonder the Labour leadership was celebrating here in Rossendale last weekend. 
Labour’s success is down to several factors, but the most important one is the effective and positive campaign which the local party fought. 
Tory rivals tried to criticise Labour candidates for sending out near identical leaflets across the borough, yet I think it was the simplicity of the campaign which resonated with many voters. 
The local Labour Party has been accused in the past of failing to listen to local people – indeed, the party accepted as much when it didn’t perform as well as was hoped in the last local elections – and it has also been too quick to try to play national party politics with local issues. 
The leaflet in question demonstrated the fact that Labour was trying to listen locally, and was also focusing on what mattered: local issues, not national politics. 
At the heart of the campaign was a commitment to fight the government’s expectation that 5,000 new homes needs to be built in Rossendale over the next few years. The Tory campaign – built around a mailshot from Rossendale MP Jake Berry – also picked up on this issue, but chose instead to focus on the dreadful first attempt made by the council to identify land where all these homes could be built. 
On one hand, you could argue it was a Labour council which put forward the original plan, so sure it has done a U-turn to now oppose the idea of 5,000 more homes. 
But I prefer to see it as a council listening to people, and deciding to challenge the government’s assumption that 5,000 more homes can be built in Rossendale without more investment in roads, transport, schools and health services. 
It might be a fight which Labour councillors ultimately lose – the government does hold the trump card of being able to veto planning rules and decisions passed down by the local council, but I’d much rather live in an area where councillors fight the good fight and lose rather than admit defeat in the face of government orders. 
Labour leader Alyson Barnes, speaking after the election success, said she was prepared to work with any political party 
for the good for the borough. There are many in this area who have felt that local politics around here has become a little too party political – indeed departing Tory party leader Darryl Smith said as much recently, and there can be few councillors who read the reports of rowdy council meetings in the Free Press with anything other than a sense of mild shame. 
So I hope our local politicians can put their political differences to one side and work together for the good of the borough. 
For local Tories, that probably means being prepared to be more critical of their party bosses in London, and for local Labour councillors to be more robust in their demands for support from the Labour-run Lancashire county council. 
More than ever, Rossendale needs loud voices fighting for the area. So it’s business as usual for Lancashire Police, with Labour Police and Crime Commissioner Clive Grunshaw elected for a second term of office. 
While he has a county of 1.1m people to serve, I do hope he takes issues here in Rossendale more seriously in his second term. 
It’s very hard to quantify what, if any, impact he has had here in Rossendale. Cuts to police budgets have probably had a bigger impact. 
He did attend meetings in the area on the problems of youth misbehaviour in the run-up to the elections, and dealing with anti-social behaviour has to be a priority. 
Getting to grips with burglary is surely another priority. Living where we do, we are soft targets for burglars wanting a quick motorway getaway – and something needs to be done about that. 
Lancashire is a diverse county with many different crime problems. It would be easy to focus on the bigger towns and cities, but it’s essential areas like Rossendale get attention too. 
Mr Grunshaw didn’t achieve 50 per cent of the vote in Rossendale during the first count. Aiming to get 50pc in the first vote in his next election in four years’ time would be a good target.
</topic_text>
<spam_score>0.00</spam_score>
<post_num>1</post_num>
<post_id>post-1</post_id>
<post_url>http://www.rossendalefreepress.co.uk/incoming/scribbler-you-smell-rat-over-11322134</post_url>
<post_date>20160512</post_date>
<post_time>1041</post_time>
<username>rossendale</username>
<post>
Our anonymous scribe gives it to us straight over the local elections Shares Get weekly news by email Campaigners outside Whitworth Library The timing of the announcement of which Lancashire county council buildings are to close has raised eyebrows in some quarters, coming so soon after the local elections. 
And while some will smell a rat about the timings, it shouldn’t distract from the fact that, once again, Rossendale has a fight on its hands to keep services it needs open . 
Eight LCC buildings, including the libraries in Bacup, Whitworth and Crawshawbooth, are all set to close subject to a 12-week consultation not coming up with an alternative plan. 
Children’s centres in Balladen, Staghills and Whitewell Bottom will all close, along with Whitworth Young People’s Centre and Rossendale Registration Office. 
Once again, the towns furthest away from County Hall in Preston are left bearing the brunt of cuts and closures – Whitworth will feel particularly hard done by . 
It once again brings into question the absurdity of some decisions being taken by one council – Lancashire – and others by a local council, Rossendale. 
What is the point of Rossendale council working so hard and finding millions of pounds of grants to restore Bacup’s heritage only for the county council to close what local people describe as an iconic building? 
And this is a library which was only refurbished last year! 
For all the talk about government cuts, the council knew the scale of the cuts coming but don’t appear to be able to manage their budgets well at all. 
Who refurbishes a building it may well expect to be closing the following year? 
LCC argues that it will still provide the same services but in fewer places, so in other words, you have to travel to get to them. 
That’s fine if you have a car – but what if you don’t? And LCC has already taken an axe to bus services. 
The scale of the cuts LCC has to deal with is frightening. 
The way they are handling the cuts is positively terrifying. Labour marked the fourth anniversary of its return to power in Rossendale with a set of election results which it has every right to be proud of. 
The gain of three seats means the party has almost as many seats as the 24 it returned to power with in 2012 . 
After the disappointment of last year’s local elections – which one could argue were skewed by people turning out to vote Tory in the general election and casting the same vote locally – it’s no wonder the Labour leadership was celebrating here in Rossendale last weekend. 
Labour’s success is down to several factors, but the most important one is the effective and positive campaign which the local party fought. 
Tory rivals tried to criticise Labour candidates for sending out near identical leaflets across the borough, yet I think it was the simplicity of the campaign which resonated with many voters. 
The local Labour Party has been accused in the past of failing to listen to local people – indeed, the party accepted as much when it didn’t perform as well as was hoped in the last local elections – and it has also been too quick to try to play national party politics with local issues. 
The leaflet in question demonstrated the fact that Labour was trying to listen locally, and was also focusing on what mattered: local issues, not national politics. 
At the heart of the campaign was a commitment to fight the government’s expectation that 5,000 new homes needs to be built in Rossendale over the next few years. The Tory campaign – built around a mailshot from Rossendale MP Jake Berry – also picked up on this issue, but chose instead to focus on the dreadful first attempt made by the council to identify land where all these homes could be built. 
On one hand, you could argue it was a Labour council which put forward the original plan, so sure it has done a U-turn to now oppose the idea of 5,000 more homes. 
But I prefer to see it as a council listening to people, and deciding to challenge the government’s assumption that 5,000 more homes can be built in Rossendale without more investment in roads, transport, schools and health services. 
It might be a fight which Labour councillors ultimately lose – the government does hold the trump card of being able to veto planning rules and decisions passed down by the local council, but I’d much rather live in an area where councillors fight the good fight and lose rather than admit defeat in the face of government orders. 
Labour leader Alyson Barnes, speaking after the election success, said she was prepared to work with any political party 
for the good for the borough. There are many in this area who have felt that local politics around here has become a little too party political – indeed departing Tory party leader Darryl Smith said as much recently, and there can be few councillors who read the reports of rowdy council meetings in the Free Press with anything other than a sense of mild shame. 
So I hope our local politicians can put their political differences to one side and work together for the good of the borough. 
For local Tories, that probably means being prepared to be more critical of their party bosses in London, and for local Labour councillors to be more robust in their demands for support from the Labour-run Lancashire county council. 
More than ever, Rossendale needs loud voices fighting for the area. So it’s business as usual for Lancashire Police, with Labour Police and Crime Commissioner Clive Grunshaw elected for a second term of office. 
While he has a county of 1.1m people to serve, I do hope he takes issues here in Rossendale more seriously in his second term. 
It’s very hard to quantify what, if any, impact he has had here in Rossendale. Cuts to police budgets have probably had a bigger impact. 
He did attend meetings in the area on the problems of youth misbehaviour in the run-up to the elections, and dealing with anti-social behaviour has to be a priority. 
Getting to grips with burglary is surely another priority. Living where we do, we are soft targets for burglars wanting a quick motorway getaway – and something needs to be done about that. 
Lancashire is a diverse county with many different crime problems. It would be easy to focus on the bigger towns and cities, but it’s essential areas like Rossendale get attention too. 
Mr Grunshaw didn’t achieve 50 per cent of the vote in Rossendale during the first count. Aiming to get 50pc in the first vote in his next election in four years’ time would be a good target.
</post>
<signature>

</signature>
<external_links>

</external_links>
<country>GB</country>
<main_image>http://i4.manchestereveningnews.co.uk/incoming/article11322157.ece/ALTERNATES/s1200/JS89572261-1.jpg</main_image>
</document>
