<?xml version="1.0" encoding="UTF-8"?>
<document>
<type>mainstream</type>
<forum></forum>
<forum_title></forum_title>
<discussion_title>Review &apos;X-Men: Apocalypse&apos;, origins-verhaal volgepakt met actie is het kijken waard - WANT</discussion_title>
<language>dutch</language>
<gmt_offset></gmt_offset>
<topic_url>http://www.want.nl/review-x-men-apocalypse-origins-verhaal-volgepakt-met-actie-is-het-kijken-waard/</topic_url>
<topic_text>
Review ‘X-Men: Apocalypse’, origins-verhaal volgepakt met actie is het kijken waard 4 uur geleden - door Zuhre No spoilers: we weten toch allemaal hoe dit afloopt... 
We kunnen het niet vaak genoeg zeggen dat we Marvel -films freaking awesome vinden! Onlangs mochten wij tijdens de persscreening van Warner Bros de langverwachte ‘X-Men: Apocalypse’ op het witte doek bewonderen. Voordat de film begon zaten we al op het puntje van onze stoelen. De film beloofde aan de hand van de laatste trailer namelijk veel goeds. Ook was in die laatste trailer één van onze favoriete karakters weer van de partij. Nu hebben wij de film aandachtig voor je bekeken en onze ongezouten mening over ‘m voor je klaar liggen. Uiteraard zonder spoilers! Apocalypse vernietigt alles wat in zijn weg staat 
In ‘ Days of Future Past ‘ waren de eerste beelden van En Sabah Nur (de Eerste), oftewel Apocalypse, binnen deze franchise te zien. Hij wordt als de eerste en de meest krachtige mutant uit het Marvel-universum gezien. Dit komt doordat hij de krachten van andere mutanten vergaart en hiermee zowel onsterfelijk als onoverwinnelijk wordt. In deze film ontwaakt hij na een slaap van duizenden jaren in een teleurstellende wereld. Daarom rekruteert hij een team om de wereld te ‘herscheppen’. Omdat dit letterlijk het einde van de wereld betekent, bundelen onze helden hun krachten om hem tegen te houden. Zo zien we Professor X met een groep jonge X-Men alles uit de kast trekken om dit waar te maken. Uit de trailer konden we al opmaken dat de strijd met een hoop verwoesting samengaat. Maar je zult snel zien dat dit slechts het topje van de ijsberg is! Gelukkig zijn er naast de grootschalige verwoesting ook genoeg punchlines en scènes die vol humor zitten te zien. X-Men: spectaculaire visuals, kolossale vernietiging en een cameo? 
Laten we eerlijk wezen: de visuals waren van topkwaliteit en alles behalve saai. De film begon met prachtige beelden en bleef dit tot het einde volhouden. Ondanks dat een aantal scènes soms te veel van het goede worden, ziet de film er buitengewoon gelikt uit. We raden je daarom ook aan deze film in 3D te zien, want zo komen de visuals beter tot hun recht. En de actie! Hiervoor moet je kort wachten, want er worden eerst een aantal ‘oude’ jonge karakters geïntroduceerd. We zien onder andere hoe Jean Grey, Cyclops en Storm hun intrede maken. Maar maak je geen zorgen, want tot de strijd met Apocalypse begint krijg je ook genoeg actie te zien. Je gaat je niet vervelen. Waar je hoogstwaarschijnlijk op aast is of Wolverine zijn volledige intrede gaat maken. Nou, wij geven geen spoilers weg. Dus is het aan jou om de waarheid in de bioscoop te gaan aanschouwen! #sorrynotsorry Verdict: ‘X-Men: Apocalypse’ is een film met een hoog slagingspercentage 
Wij konden niet wachten totdat we de nieuwe X-Men film konden zien. En tot ons geluk stelde deze films ons niet teleur. We zaten tot het einden van de film op het puntje van onze stoelen. Bovendien zijn de extra cameo’s en de grappige punchlines als een kers op de taart. Oh, en we zien eindelijk hoe Professor X kaal wordt! Boek dus je agenda, want X-Men: Apocalypse is vanaf 19 mei in de Nederlandse bioscopen te zien. Voor een ultieme filmervaring raden we je aan deze film in 3D te bewonderen. Veel plezier! 
</topic_text>
<spam_score>0.00</spam_score>
<post_num>1</post_num>
<post_id>post-1</post_id>
<post_url>http://www.want.nl/review-x-men-apocalypse-origins-verhaal-volgepakt-met-actie-is-het-kijken-waard/</post_url>
<post_date>20160512</post_date>
<post_time></post_time>
<username></username>
<post>
Review ‘X-Men: Apocalypse’, origins-verhaal volgepakt met actie is het kijken waard 4 uur geleden - door Zuhre No spoilers: we weten toch allemaal hoe dit afloopt... 
We kunnen het niet vaak genoeg zeggen dat we Marvel -films freaking awesome vinden! Onlangs mochten wij tijdens de persscreening van Warner Bros de langverwachte ‘X-Men: Apocalypse’ op het witte doek bewonderen. Voordat de film begon zaten we al op het puntje van onze stoelen. De film beloofde aan de hand van de laatste trailer namelijk veel goeds. Ook was in die laatste trailer één van onze favoriete karakters weer van de partij. Nu hebben wij de film aandachtig voor je bekeken en onze ongezouten mening over ‘m voor je klaar liggen. Uiteraard zonder spoilers! Apocalypse vernietigt alles wat in zijn weg staat 
In ‘ Days of Future Past ‘ waren de eerste beelden van En Sabah Nur (de Eerste), oftewel Apocalypse, binnen deze franchise te zien. Hij wordt als de eerste en de meest krachtige mutant uit het Marvel-universum gezien. Dit komt doordat hij de krachten van andere mutanten vergaart en hiermee zowel onsterfelijk als onoverwinnelijk wordt. In deze film ontwaakt hij na een slaap van duizenden jaren in een teleurstellende wereld. Daarom rekruteert hij een team om de wereld te ‘herscheppen’. Omdat dit letterlijk het einde van de wereld betekent, bundelen onze helden hun krachten om hem tegen te houden. Zo zien we Professor X met een groep jonge X-Men alles uit de kast trekken om dit waar te maken. Uit de trailer konden we al opmaken dat de strijd met een hoop verwoesting samengaat. Maar je zult snel zien dat dit slechts het topje van de ijsberg is! Gelukkig zijn er naast de grootschalige verwoesting ook genoeg punchlines en scènes die vol humor zitten te zien. X-Men: spectaculaire visuals, kolossale vernietiging en een cameo? 
Laten we eerlijk wezen: de visuals waren van topkwaliteit en alles behalve saai. De film begon met prachtige beelden en bleef dit tot het einde volhouden. Ondanks dat een aantal scènes soms te veel van het goede worden, ziet de film er buitengewoon gelikt uit. We raden je daarom ook aan deze film in 3D te zien, want zo komen de visuals beter tot hun recht. En de actie! Hiervoor moet je kort wachten, want er worden eerst een aantal ‘oude’ jonge karakters geïntroduceerd. We zien onder andere hoe Jean Grey, Cyclops en Storm hun intrede maken. Maar maak je geen zorgen, want tot de strijd met Apocalypse begint krijg je ook genoeg actie te zien. Je gaat je niet vervelen. Waar je hoogstwaarschijnlijk op aast is of Wolverine zijn volledige intrede gaat maken. Nou, wij geven geen spoilers weg. Dus is het aan jou om de waarheid in de bioscoop te gaan aanschouwen! #sorrynotsorry Verdict: ‘X-Men: Apocalypse’ is een film met een hoog slagingspercentage 
Wij konden niet wachten totdat we de nieuwe X-Men film konden zien. En tot ons geluk stelde deze films ons niet teleur. We zaten tot het einden van de film op het puntje van onze stoelen. Bovendien zijn de extra cameo’s en de grappige punchlines als een kers op de taart. Oh, en we zien eindelijk hoe Professor X kaal wordt! Boek dus je agenda, want X-Men: Apocalypse is vanaf 19 mei in de Nederlandse bioscopen te zien. Voor een ultieme filmervaring raden we je aan deze film in 3D te bewonderen. Veel plezier! 
</post>
<signature>

</signature>
<external_links>

</external_links>
<country>US</country>
<main_image>http://www.want.nl/wp-content/uploads/2016/05/xmenApocalypseWANT.jpg</main_image>
</document>
