<?xml version="1.0" encoding="UTF-8"?>
<document>
<type>mainstream</type>
<forum>http://www.krcrtv.com/14774610?format=rss_2.0&amp;view=feed</forum>
<forum_title>Feed:National News</forum_title>
<discussion_title>U.S. Special Forces order airstrike on Somali militants</discussion_title>
<language>english</language>
<gmt_offset></gmt_offset>
<topic_url>http://www.krcrtv.com/news/politics/us-special-forces-in-somalia-firefight/39511832</topic_url>
<topic_text>
U.S. Special Forces order airstrike on Somali militants 5 militants believed killed by airstrike By Barbara Starr CNN Pentagon Correspondent POSTED: 6:16 AM May 12 2016 UPDATED 30 mins Text Size: Tweet (CNN) - 
U.S. Special Operations called in an airstrike on Al-Shabaab militants in Somalia Thursday when a mission to help Ugandan forces the American troops were accompanying turned into an unexpected battle. Related Trump: Muslim ban &apos;just a suggestion&apos; 
The incident occurred west of Mogadishu, according to U.S. military officials familiar with reports from the scene. No U.S. troops were wounded in what quickly turned into a firefight between Ugandan forces and Al-Shabaab militants. 
Initial reports from the field, details of which were shared with CNN, suggested the U.S. special forces were involved in the firefight. But military officials said later Thursday that further information made clear the U.S. troops weren&apos;t involved in the firefight. 
Ugandan troops, who are in the country as part of African forces backing the Somali government, had been called in to clear an illegal checkpoint being run by Al-Shabaab, the al Qaeda affiliate in Somalia. The Ugandans came under fire from an estimated 20 militants, the officials said. 
When the Ugandans were unable to completely suppress the Al-Shabaab fire, the U.S. &quot;advise and assist&quot; team, which was in a concealed position nearby, called in an airstrike on the checkpoint. 
The U.S. forces stayed in concealed positions and didn&apos;t fire their weapons. The Ugandans engaged the militants in a firefight. 
Five militants were believed killed by the U.S. airstrike, the officials said. 
The U.S. maintains a force of about 50 troops in Somalia to advise and assist both Somali and other African forces operating in Somalia. They are not expected to be in combat but are prepared if they come under fire, one of the officials said. Helicopters, drones and manned aircraft are available for quick reaction airstrikes, the official noted. 
Correction: This story and headline have been updated to reflect that U.S. forces did not come under fire or fire on the militants, based on more recent information provided by military sources. 
Copyright 2016 by CNN NewSource . All rights reserved. This material may not be published, broadcast, rewritten or redistributed.
</topic_text>
<spam_score>0.00</spam_score>
<post_num>1</post_num>
<post_id>post-1</post_id>
<post_url>http://www.krcrtv.com/news/politics/us-special-forces-in-somalia-firefight/39511832</post_url>
<post_date>20160512</post_date>
<post_time>1607</post_time>
<username></username>
<post>
U.S. Special Forces order airstrike on Somali militants 5 militants believed killed by airstrike By Barbara Starr CNN Pentagon Correspondent POSTED: 6:16 AM May 12 2016 UPDATED 30 mins Text Size: Tweet (CNN) - 
U.S. Special Operations called in an airstrike on Al-Shabaab militants in Somalia Thursday when a mission to help Ugandan forces the American troops were accompanying turned into an unexpected battle. Related Trump: Muslim ban &apos;just a suggestion&apos; 
The incident occurred west of Mogadishu, according to U.S. military officials familiar with reports from the scene. No U.S. troops were wounded in what quickly turned into a firefight between Ugandan forces and Al-Shabaab militants. 
Initial reports from the field, details of which were shared with CNN, suggested the U.S. special forces were involved in the firefight. But military officials said later Thursday that further information made clear the U.S. troops weren&apos;t involved in the firefight. 
Ugandan troops, who are in the country as part of African forces backing the Somali government, had been called in to clear an illegal checkpoint being run by Al-Shabaab, the al Qaeda affiliate in Somalia. The Ugandans came under fire from an estimated 20 militants, the officials said. 
When the Ugandans were unable to completely suppress the Al-Shabaab fire, the U.S. &quot;advise and assist&quot; team, which was in a concealed position nearby, called in an airstrike on the checkpoint. 
The U.S. forces stayed in concealed positions and didn&apos;t fire their weapons. The Ugandans engaged the militants in a firefight. 
Five militants were believed killed by the U.S. airstrike, the officials said. 
The U.S. maintains a force of about 50 troops in Somalia to advise and assist both Somali and other African forces operating in Somalia. They are not expected to be in combat but are prepared if they come under fire, one of the officials said. Helicopters, drones and manned aircraft are available for quick reaction airstrikes, the official noted. 
Correction: This story and headline have been updated to reflect that U.S. forces did not come under fire or fire on the militants, based on more recent information provided by military sources. 
Copyright 2016 by CNN NewSource . All rights reserved. This material may not be published, broadcast, rewritten or redistributed.
</post>
<signature>

</signature>
<external_links>

</external_links>
<country>US</country>
<main_image>http://www.krcrtv.com/image/view/-/8498384/highRes/1/-/maxh/640/maxw/640/-/6tshnv/-/Somalia-Flag-jpg.jpg</main_image>
</document>
