<?xml version="1.0" encoding="UTF-8"?>
<document>
<type>mainstream</type>
<forum>http://www.northjersey.com/cmlink/northjersey-breaking-rss.rss#</forum>
<forum_title>NorthJersey.com Breaking News</forum_title>
<discussion_title>Stocks edge lower on Wall Street - Business</discussion_title>
<language>english</language>
<gmt_offset></gmt_offset>
<topic_url>http://www.northjersey.com/news/business/stocks-edge-lower-on-wall-street-1.1577972</topic_url>
<topic_text>
NEW YORK - U.S. stocks are slipping after a surprising jump in the number of Americans who are out of work. 
Retailers got more bad news Thursday as department store Kohl&apos;s reported disappointing first-quarter results. Kohl&apos;s slumped 12 percent. 
Companies including agribusiness giant Monsanto are climbing on reports of possible buyouts. Monsanto jumped 9 percent. 
Jack in the Box soared 14 percent after reporting results that were better than analysts were expecting. 
The Dow Jones industrial average lost 75 points, or 0.4 percent, to 17,636. The Standard &amp; Poor&apos;s 500 index fell 10 points, or 0.5 percent, to 2,054. The Nasdaq composite index fell 45 points, or 1 percent, to 4,714. 
  : Business   : Business May 12, 2016   12:21 PM Stocks edge lower on Wall Street The Associated Press |  Wire Service NEW YORK - U.S. stocks are slipping after a surprising jump in the number of Americans who are out of work. 
Retailers got more bad news Thursday as department store Kohl&apos;s reported disappointing first-quarter results. Kohl&apos;s slumped 12 percent. 
Companies including agribusiness giant Monsanto are climbing on reports of possible buyouts. Monsanto jumped 9 percent. 
Jack in the Box soared 14 percent after reporting results that were better than analysts were expecting. 
The Dow Jones industrial average lost 75 points, or 0.4 percent, to 17,636. The Standard &amp; Poor&apos;s 500 index fell 10 points, or 0.5 percent, to 2,054. The Nasdaq composite index fell 45 points, or 1 percent, to 4,714.
</topic_text>
<spam_score>0.00</spam_score>
<post_num>1</post_num>
<post_id>post-1</post_id>
<post_url>http://www.northjersey.com/news/business/stocks-edge-lower-on-wall-street-1.1577972</post_url>
<post_date>20160512</post_date>
<post_time>1221</post_time>
<username>The Associated Press |</username>
<post>
NEW YORK - U.S. stocks are slipping after a surprising jump in the number of Americans who are out of work. 
Retailers got more bad news Thursday as department store Kohl&apos;s reported disappointing first-quarter results. Kohl&apos;s slumped 12 percent. 
Companies including agribusiness giant Monsanto are climbing on reports of possible buyouts. Monsanto jumped 9 percent. 
Jack in the Box soared 14 percent after reporting results that were better than analysts were expecting. 
The Dow Jones industrial average lost 75 points, or 0.4 percent, to 17,636. The Standard &amp; Poor&apos;s 500 index fell 10 points, or 0.5 percent, to 2,054. The Nasdaq composite index fell 45 points, or 1 percent, to 4,714. 
  : Business   : Business May 12, 2016   12:21 PM Stocks edge lower on Wall Street The Associated Press |  Wire Service NEW YORK - U.S. stocks are slipping after a surprising jump in the number of Americans who are out of work. 
Retailers got more bad news Thursday as department store Kohl&apos;s reported disappointing first-quarter results. Kohl&apos;s slumped 12 percent. 
Companies including agribusiness giant Monsanto are climbing on reports of possible buyouts. Monsanto jumped 9 percent. 
Jack in the Box soared 14 percent after reporting results that were better than analysts were expecting. 
The Dow Jones industrial average lost 75 points, or 0.4 percent, to 17,636. The Standard &amp; Poor&apos;s 500 index fell 10 points, or 0.5 percent, to 2,054. The Nasdaq composite index fell 45 points, or 1 percent, to 4,714.
</post>
<signature>

</signature>
<external_links>

</external_links>
<country>US</country>
<main_image>http://www.northjersey.com/designimages/NorthJerseyFacebook_377x196.jpg</main_image>
</document>
