<?xml version="1.0" encoding="UTF-8"?>
<document>
<type>mainstream</type>
<forum>http://bookarchive.ru//engine/rss.php</forum>
<forum_title>Скачать книги бесплатно на BookArchive</forum_title>
<discussion_title>Серия - Военный роман (10 книг)</discussion_title>
<language>russian</language>
<gmt_offset></gmt_offset>
<topic_url>http://www.bookarchive.ru/khud_literatura/zarubezhnaja_literatura/sar_proza/330782-seriya-voennyy-roman-10-knig.html</topic_url>
<topic_text>
Скачиваний 78 / Средняя скорость 4713 Kb/s » Серия - Военный роман (10 книг) Название: Серия - Военный роман (10 книг) Автор: Коллектив Серия или выпуск: Военный роман Издательство: Воениздат, Вече Год издания: 1992-1996 Страниц: 10 книг Язык: Русский Формат: fb2 Качество: отличное Размер: 21,2 Мб Описание: Классические военные романы известных советских писателей. Список книг: Иван Акулов. Крещение Михаил Алексеев. Солдаты Виктор Астафьев. Прокляты и убиты Юрий Бондарев. Берег Владимир Карпов. Взять живым Владимир Карпов. Маршал Жуков Владимир Карпов. Маршал Жуков. Опала Владимир Карпов. Полководец Иван Стаднюк. Война А. Твардовский. Василий Теркин depositfiles.com:
</topic_text>
<spam_score>0.00</spam_score>
<post_num>1</post_num>
<post_id>post-1</post_id>
<post_url>http://www.bookarchive.ru/khud_literatura/zarubezhnaja_literatura/sar_proza/330782-seriya-voennyy-roman-10-knig.html</post_url>
<post_date>20160512</post_date>
<post_time>1559</post_time>
<username>strok10</username>
<post>
Скачиваний 78 / Средняя скорость 4713 Kb/s » Серия - Военный роман (10 книг) Название: Серия - Военный роман (10 книг) Автор: Коллектив Серия или выпуск: Военный роман Издательство: Воениздат, Вече Год издания: 1992-1996 Страниц: 10 книг Язык: Русский Формат: fb2 Качество: отличное Размер: 21,2 Мб Описание: Классические военные романы известных советских писателей. Список книг: Иван Акулов. Крещение Михаил Алексеев. Солдаты Виктор Астафьев. Прокляты и убиты Юрий Бондарев. Берег Владимир Карпов. Взять живым Владимир Карпов. Маршал Жуков Владимир Карпов. Маршал Жуков. Опала Владимир Карпов. Полководец Иван Стаднюк. Война А. Твардовский. Василий Теркин depositfiles.com:
</post>
<signature>

</signature>
<external_links>

</external_links>
<country>RU</country>
<main_image>http://s2.1pic.org/files/2016/05/10/37b3acabdebd08af308a.jpg</main_image>
</document>
