<?xml version="1.0" encoding="UTF-8"?>
<document>
<type>mainstream</type>
<forum>http://dailyme.com/rss/category/business-news-energy-news.html</forum>
<forum_title>Rss</forum_title>
<discussion_title>Enbridge pipelines to resume oil sands shipments within days</discussion_title>
<language>english</language>
<gmt_offset></gmt_offset>
<topic_url>http://dailyme.com/story/2016051200002004</topic_url>
<topic_text>
Enbridge pipelines to resume oil sands shipments within days THE GLOBE AND MAIL | on Thu, May 12, 7:17 AM 
Enbridge Inc. says its regional pipeline system for the Alberta oil sands will likely be back to full capacity within a matter of days, given the diminished risk from wildfires that have devastated the Fort McMurray area.The Calgary-based company says it reduced the pipeline system’s capacity as a precaution by about 900,000 barrels per day on May 4. Enbridge says it can’t accurately estimate the short-term impact of the disruption on its financial performance but it isn’t expected to have a ...
</topic_text>
<spam_score>0.00</spam_score>
<post_num>1</post_num>
<post_id>post-1</post_id>
<post_url>http://dailyme.com/story/2016051200002004</post_url>
<post_date>20160512</post_date>
<post_time>1117</post_time>
<username></username>
<post>
Enbridge pipelines to resume oil sands shipments within days THE GLOBE AND MAIL | on Thu, May 12, 7:17 AM 
Enbridge Inc. says its regional pipeline system for the Alberta oil sands will likely be back to full capacity within a matter of days, given the diminished risk from wildfires that have devastated the Fort McMurray area.The Calgary-based company says it reduced the pipeline system’s capacity as a precaution by about 900,000 barrels per day on May 4. Enbridge says it can’t accurately estimate the short-term impact of the disruption on its financial performance but it isn’t expected to have a ...
</post>
<signature>

</signature>
<external_links>

</external_links>
<country>US</country>
<main_image></main_image>
</document>
