<?xml version="1.0" encoding="UTF-8"?>
<document>
<type>mainstream</type>
<forum>http://apparel.edgl.com/rss/allcontent</forum>
<forum_title>Apparel News All Access Content RSS Feed</forum_title>
<discussion_title>Descartes Acquires pixi</discussion_title>
<language>english</language>
<gmt_offset></gmt_offset>
<topic_url>http://apparel.edgl.com/news/Descartes-Acquires-pixi105532?rssid=Article105532</topic_url>
<topic_text>
Descartes Acquires pixi — May 12, 2016 
Descartes Systems Group has acquired pixi Software GmbH, a German provider of technology solutions for e-commerce order fulfillment and warehouse management. For more than 10 years, pixi has helped its customers automate e-commerce processes originating from online orders, and is currently integrated with hundreds of e-commerce sites in Europe. The company&apos;s customers include both small-to-medium sized businesses and larger retailers looking to enhance their online presence to meet the need for omni-channel deliveries. pixi&apos;s platform collects order information from an e-commerce webfront, translates that into a scanner-driven pick and pack process within the warehouse, initiates the shipment to the customer, and synchronizes all of this information with the customer&apos;s financial system for invoicing and shipment tracking.&quot;E-commerce and related omni-channel delivery is evolving rapidly as consumer expectations change around how things are bought and delivered,&quot; said Ken Wood, executive vice president, product management at Descartes. &quot;pixi helps its customers address the specific logistics pain points involved with this changing landscape, helping both SMB e-commerce players and traditional retailers manage the fulfilment of omni-channel orders.&quot;pixi brings solutions that are very complementary to what we provide today,&quot; Wood continued. &quot;Specifically, when combined with our Global Logistics Network and our e-commerce and ERP integration capabilities from our recent combination with Oz Development, pixi allows us to present a highly differentiated offering for this segment of the market.&quot;&quot;We believe that our customers are looking to us for a solution that integrates their e-commerce front-end, warehouse and shipping systems. Consumers expect to be able to choose when they will receive their order, so our ability to bring different delivery methods and windows to the point-of sale is a big differentiator,&quot; said Edward J. Ryan, Descartes&apos; CEO. &quot;We&apos;re thrilled that pixi is combining with Descartes to help us serve customers, and we welcome the pixi employees, customers and partners to the Descartes community.&quot; pixi is headquartered in Munich. The purchase price for the acquisition was approximately EUR 9.2 million (approximately USD $10.4 million at April 29, 2016), which was paid in cash. RELATED LINKS
</topic_text>
<spam_score>0.00</spam_score>
<post_num>1</post_num>
<post_id>post-1</post_id>
<post_url>http://apparel.edgl.com/news/Descartes-Acquires-pixi105532?rssid=Article105532</post_url>
<post_date>20160512</post_date>
<post_time>1051</post_time>
<username></username>
<post>
Descartes Acquires pixi — May 12, 2016 
Descartes Systems Group has acquired pixi Software GmbH, a German provider of technology solutions for e-commerce order fulfillment and warehouse management. For more than 10 years, pixi has helped its customers automate e-commerce processes originating from online orders, and is currently integrated with hundreds of e-commerce sites in Europe. The company&apos;s customers include both small-to-medium sized businesses and larger retailers looking to enhance their online presence to meet the need for omni-channel deliveries. pixi&apos;s platform collects order information from an e-commerce webfront, translates that into a scanner-driven pick and pack process within the warehouse, initiates the shipment to the customer, and synchronizes all of this information with the customer&apos;s financial system for invoicing and shipment tracking.&quot;E-commerce and related omni-channel delivery is evolving rapidly as consumer expectations change around how things are bought and delivered,&quot; said Ken Wood, executive vice president, product management at Descartes. &quot;pixi helps its customers address the specific logistics pain points involved with this changing landscape, helping both SMB e-commerce players and traditional retailers manage the fulfilment of omni-channel orders.&quot;pixi brings solutions that are very complementary to what we provide today,&quot; Wood continued. &quot;Specifically, when combined with our Global Logistics Network and our e-commerce and ERP integration capabilities from our recent combination with Oz Development, pixi allows us to present a highly differentiated offering for this segment of the market.&quot;&quot;We believe that our customers are looking to us for a solution that integrates their e-commerce front-end, warehouse and shipping systems. Consumers expect to be able to choose when they will receive their order, so our ability to bring different delivery methods and windows to the point-of sale is a big differentiator,&quot; said Edward J. Ryan, Descartes&apos; CEO. &quot;We&apos;re thrilled that pixi is combining with Descartes to help us serve customers, and we welcome the pixi employees, customers and partners to the Descartes community.&quot; pixi is headquartered in Munich. The purchase price for the acquisition was approximately EUR 9.2 million (approximately USD $10.4 million at April 29, 2016), which was paid in cash. RELATED LINKS
</post>
<signature>

</signature>
<external_links>

</external_links>
<country>US</country>
<main_image>http://apparel.edgl.com/CMSPages/GetFile.aspx?guid=</main_image>
</document>
