<?xml version="1.0" encoding="UTF-8"?>
<document>
<type>mainstream</type>
<forum>http://www.leparisien.fr/val-d-oise-95</forum>
<forum_title>Actualités Val-d&apos;Oise (95) et infos Val-d&apos;Oise en direct</forum_title>
<discussion_title>Ligne 17 à Gonesse : « la gare sera construite même si EuropaCity ne voit pas le jour »</discussion_title>
<language>french</language>
<gmt_offset></gmt_offset>
<topic_url>http://www.leparisien.fr/gonesse-95500/ligne-17-a-gonesse-la-gare-sera-construite-meme-si-europacity-ne-voit-pas-le-jour-11-05-2016-5786159.php</topic_url>
<topic_text>
Difficile de dissocier la future ligne 17 du Grand Paris Express du projet EuropaCity. La réunion organisée à Gonesse, ce mardi, dans le cadre de l&apos;enquête publique consacrée au supermétro qui doit relier la gare de Saint-Denis-Pleyel (93) au Mesnil-Amelot (77) a donné l’occasion aux anti-Europacity de se faire entendre.
Ils s’opposent à l’implantation sur le triangle de Gonesse d’un complexe mêlant loisirs, culture et centre commercial à l’horizon 2024.
« La ligne 17 est une exception dans le réseau Grand Paris Express. C’est la seule qui aura une gare au milieu des champs », a estimé Bernard Loup, coprésident du Collectif pour le Triangle de Gonesse, en parlant de la gare prévue au Triangle de Gonesse. Le représentant de l’association Les Amis de la Terre 95 a formulé la même critique. « On est évidemment pour les transports en commun, à condition qu’il desserve la population. Le problème, c’est que la gare de Gonesse ne dessert pas la ville. Elle desservira le Triangle, car le groupe Auchan a fait un intense lobbying », a ajouté son représentant. Citant, un rapport de l’autorité environnemental, il a pointé que la ligne serait la moins rentable du nouveau réseau.
Le projet de ligne 17
Infographie
« Parler de gare en plein champ est un peu abusif, a répondu Philippe Yvin , président du directoire de la Société du Grand Paris. L’urbanisation de ce territoire est prévue de longue date. Il est extrêmement bien placé. » Il a assuré « que la gare sera construite, même si le projet EuropaCity ne voyait pas le jour ».
D’autres participants ont relevé la possible concurrence entre cette ligne et le projet Charles-de-Gaulle express qui doit relier la gare de l’Est et l’aéroport. « Mon sentiment est que ces projets sont complémentaires », a rétorqué Philippe Yvin. « Qu’il n’existe ou pas, il n’y aura pas d’impact sur la ligne 17 », a renchéri Xavier Duclairoir, le directeur du projet.
Camille espère être à Paris en 30 minutes
(LP/T.C) « Actuellement, je mets 1h30 pour me rendre à mon lycée », souligne Camille, 22 ans, en BTS assistant de gestion. Il espère que le nouveau métro lui permettra de se rendre sur son futur lieu de travail sans dépasser ce délai. « Etre à 30 minutes de Paris, c’est quand même intéressant », ajoute-t-il.
Ce jeune habitant de Gonesse est également intéressé par l’effet sur l’immobilier de cette nouvelle ligne. « Aujourd’hui, je suis jeune, j’aimerais acheter. On dit que ça peut faire doubler les prix, mais je ne sais pas si je dois acheter maintenant », confie-t-il. Philippe Yvin l’a rassuré sur ce point : l’arrivée du métro devrait doper les prix au mètre carré sans problème.
Difficile de dissocier la future ligne 17 du Grand Paris Express du projet EuropaCity. La réunion organisée à Gonesse, ce mardi, dans le cadre de l&apos;enquête publique consacrée au supermétro qui...
Le Parisien
1
</topic_text>
<spam_score>0.00</spam_score>
<post_num>1</post_num>
<post_id>post-1</post_id>
<post_url>http://www.leparisien.fr/gonesse-95500/ligne-17-a-gonesse-la-gare-sera-construite-meme-si-europacity-ne-voit-pas-le-jour-11-05-2016-5786159.php</post_url>
<post_date>20160511</post_date>
<post_time>1628</post_time>
<username>leparisien.fr</username>
<post>
Difficile de dissocier la future ligne 17 du Grand Paris Express du projet EuropaCity. La réunion organisée à Gonesse, ce mardi, dans le cadre de l&apos;enquête publique consacrée au supermétro qui doit relier la gare de Saint-Denis-Pleyel (93) au Mesnil-Amelot (77) a donné l’occasion aux anti-Europacity de se faire entendre.
Ils s’opposent à l’implantation sur le triangle de Gonesse d’un complexe mêlant loisirs, culture et centre commercial à l’horizon 2024.
« La ligne 17 est une exception dans le réseau Grand Paris Express. C’est la seule qui aura une gare au milieu des champs », a estimé Bernard Loup, coprésident du Collectif pour le Triangle de Gonesse, en parlant de la gare prévue au Triangle de Gonesse. Le représentant de l’association Les Amis de la Terre 95 a formulé la même critique. « On est évidemment pour les transports en commun, à condition qu’il desserve la population. Le problème, c’est que la gare de Gonesse ne dessert pas la ville. Elle desservira le Triangle, car le groupe Auchan a fait un intense lobbying », a ajouté son représentant. Citant, un rapport de l’autorité environnemental, il a pointé que la ligne serait la moins rentable du nouveau réseau.
Le projet de ligne 17
Infographie
« Parler de gare en plein champ est un peu abusif, a répondu Philippe Yvin , président du directoire de la Société du Grand Paris. L’urbanisation de ce territoire est prévue de longue date. Il est extrêmement bien placé. » Il a assuré « que la gare sera construite, même si le projet EuropaCity ne voyait pas le jour ».
D’autres participants ont relevé la possible concurrence entre cette ligne et le projet Charles-de-Gaulle express qui doit relier la gare de l’Est et l’aéroport. « Mon sentiment est que ces projets sont complémentaires », a rétorqué Philippe Yvin. « Qu’il n’existe ou pas, il n’y aura pas d’impact sur la ligne 17 », a renchéri Xavier Duclairoir, le directeur du projet.
Camille espère être à Paris en 30 minutes
(LP/T.C) « Actuellement, je mets 1h30 pour me rendre à mon lycée », souligne Camille, 22 ans, en BTS assistant de gestion. Il espère que le nouveau métro lui permettra de se rendre sur son futur lieu de travail sans dépasser ce délai. « Etre à 30 minutes de Paris, c’est quand même intéressant », ajoute-t-il.
Ce jeune habitant de Gonesse est également intéressé par l’effet sur l’immobilier de cette nouvelle ligne. « Aujourd’hui, je suis jeune, j’aimerais acheter. On dit que ça peut faire doubler les prix, mais je ne sais pas si je dois acheter maintenant », confie-t-il. Philippe Yvin l’a rassuré sur ce point : l’arrivée du métro devrait doper les prix au mètre carré sans problème.
Difficile de dissocier la future ligne 17 du Grand Paris Express du projet EuropaCity. La réunion organisée à Gonesse, ce mardi, dans le cadre de l&apos;enquête publique consacrée au supermétro qui...
Le Parisien
1
</post>
<signature>

</signature>
<external_links>
<external_link>http://etudiant.aujourdhui.fr/etudiant/orientation/bts.html</external_link><external_link>http://etudiant.aujourdhui.fr/etudiant/metiers/fiche-metier/commercial.html</external_link>
</external_links>
<country>FR</country>
<main_image>http://s1.lprs1.fr/images/2016/05/11/5786159_5075cb44-177b-11e6-9ecd-9b90c69656d8-1.jpg</main_image>
</document>
