<?xml version="1.0" encoding="UTF-8"?>
<document>
<type>mainstream</type>
<forum>http://limon.postimees.ee/rss</forum>
<forum_title>Limon</forum_title>
<discussion_title>Галерея: Playboy объявил девушкой 2016 года темнокожую модель Юджину Вашингтон</discussion_title>
<language>russian</language>
<gmt_offset></gmt_offset>
<topic_url>http://limon.postimees.ee/3691975/galereja-playboy-objavil-devushkoj-2016-goda-temnokozhuju-model-judzhinu-vashington</topic_url>
<topic_text>
/ : 
В особняке основателя Playboy Хью Хефнера в Лос-Анджелесе прошла церемония награждения конкурса &quot;Девушка Playboy - 2016&quot;. Победительницей стала 31-летняя темнокожая модель Юджина Вашингтон, сообщается на сайте журнала. 
Девушка получила денежный приз в 100 тысяч долларов, автомобиль 2017 Fiat 124 Spider и другие ценные подарки. 
Вашингтон, впервые позировавшая для Playboy в декабре прошлого года, стала лишь третьей темнокожей &quot;девушкой года&quot; популярного мужского издания за 57 лет существования Playboy. Первой была американка Рени Тенисон в 1990 году, второй - танзанийка Ида Юнгквист в 2009 году. 
Юджина Вашингтон родилась 8 октября 1984 года в Южной Каролине. До сих пор своим высшим достижением она считала второе место в седьмом сезоне конкурса America&apos;s Next Top Model в 2006 году. Модель снималась в музыкальных клипах, участвовала в показах модной одежды, работала с агентствами Elite Model Management, Photogenics, Irene Marie Models и Stellar Model Management. 
Отметим, что Вашингтон позировала для Playboy незадолго до того, как это издание изменило формат и отказалось от публикации снимков полностью обнаженного тела - как на страницах журнала, так и на основном сайте. 
СМИ писали, что с прошлого года, когда с сайта Playboy исчезла чрезмерная обнаженность, средний возраст читателей журнала снизился с 47 до 30 лет, а трафик увеличился примерно с 4 млн до примерно 16 млн пользователей в месяц.
</topic_text>
<spam_score>0.00</spam_score>
<post_num>1</post_num>
<post_id>post-1</post_id>
<post_url>http://limon.postimees.ee/3691975/galereja-playboy-objavil-devushkoj-2016-goda-temnokozhuju-model-judzhinu-vashington</post_url>
<post_date>20160512</post_date>
<post_time>1524</post_time>
<username>Rus.Postimees.ee</username>
<post>
/ : 
В особняке основателя Playboy Хью Хефнера в Лос-Анджелесе прошла церемония награждения конкурса &quot;Девушка Playboy - 2016&quot;. Победительницей стала 31-летняя темнокожая модель Юджина Вашингтон, сообщается на сайте журнала. 
Девушка получила денежный приз в 100 тысяч долларов, автомобиль 2017 Fiat 124 Spider и другие ценные подарки. 
Вашингтон, впервые позировавшая для Playboy в декабре прошлого года, стала лишь третьей темнокожей &quot;девушкой года&quot; популярного мужского издания за 57 лет существования Playboy. Первой была американка Рени Тенисон в 1990 году, второй - танзанийка Ида Юнгквист в 2009 году. 
Юджина Вашингтон родилась 8 октября 1984 года в Южной Каролине. До сих пор своим высшим достижением она считала второе место в седьмом сезоне конкурса America&apos;s Next Top Model в 2006 году. Модель снималась в музыкальных клипах, участвовала в показах модной одежды, работала с агентствами Elite Model Management, Photogenics, Irene Marie Models и Stellar Model Management. 
Отметим, что Вашингтон позировала для Playboy незадолго до того, как это издание изменило формат и отказалось от публикации снимков полностью обнаженного тела - как на страницах журнала, так и на основном сайте. 
СМИ писали, что с прошлого года, когда с сайта Playboy исчезла чрезмерная обнаженность, средний возраст читателей журнала снизился с 47 до 30 лет, а трафик увеличился примерно с 4 млн до примерно 16 млн пользователей в месяц.
</post>
<signature>

</signature>
<external_links>

</external_links>
<country>EE</country>
<main_image>http://f4.pmo.ee/f/2016/05/12/5374531t100h7a82.jpg</main_image>
</document>
