<?xml version="1.0" encoding="UTF-8"?>
<document>
<type>mainstream</type>
<forum>http://imparcialoaxaca.mx/ultimas/super-deportivo.rss</forum>
<forum_title>El Imparcial &gt; Súper Deportivo</forum_title>
<discussion_title>Un inmueble de contrastes</discussion_title>
<language>spanish</language>
<gmt_offset></gmt_offset>
<topic_url>http://imparcialoaxaca.mx/super-deportivo/ack/un-inmueble-de-contrastes</topic_url>
<topic_text>
Súper Deportivo Un inmueble de contrastes Por un lado, inicia la colocación de los asientos que se prometieron y por otro, el césped no ha tenido el mantenimiento adecuado y luce en muy mal estado por Leobardo García Reyes Twittear 
Desde hace unos días comenzó la instalación de las butacas del Estadio del Instituto Tecnológico de Oaxaca; serán en una primera etapa mil 800. 
Se anunció que en el transcurso de los próximos días, quedarán instaladas en el inmueble que es utilizado por el equipo Alebrijes de Oaxaca de la Liga de Ascenso. 
Al mismo tiempo, se dio a conocer que de acuerdo al proyecto, las butacas son en de color amarillo, esto a lo ya programado y que combina con los colores que tiene el inmueble. 
Se espera que a finales de mayo llegue el resto para completar los 15 mil espacios e inmediatamente comenzará su colocación que se tiene proyectado sea durante unos 15 días. 
Fue en marzo pasado cuando se puso en funcionamiento el inmueble, sin embargo, le faltaban las butacas, ahí se jugaron dos encuentros más, hasta que Alebrijes quedó eliminado del Torneo de Clausura de Liga de Ascenso. 
Tras esto, el plantel quedó libre, lo cual dio oportunidad a los jugadores de retornar a sus lugares de origen durante aproximadamente 30 días, para después volver y conocer si aún están en los planes del equipo. 
El Estadio Tecnológico de Oaxaca, constituye uno de los campos deportivos más avanzados en cuanto a su proceso constructivo, servicios, tecnología y equipamiento a escala nacional, cuyas dimensiones fueron establecidas por la Federación Mexicana de Futbol y la FIFA (Federación Internacional de Futbol Asociación, por sus siglas en inglés). 
Lo dejan morir 
La desatención de la Secretaría de Administración, responsable del mantenimiento del pasto del Estadio del Tecnológico, dejó morir gran parte de la grama del coloso. 
Durante varios días, más de una semana, se quedaron sin luz y por consiguiente sin poder regar el terreno de juego, mismo que ante las altas temperaturas y los intensos rayos de sol, terminaron por dejarlo de color café. 
Especialistas en la materia dijeron que la siembra del pasto para el Estadio fue en diciembre pasado, gracias a los cuidados que se tuvo éste creció, con un intenso color verde, pero una vez concluida la actividad del futbol profesional, el mantenimiento dejó de ser el adecuado. 
Ante ello, el pasto comenzó a morir, sin embargo, dijo que de tener los cuidados necesarios, éste se podría recuperar en unos 15 días, agregándole también semilla para apoyar las zonas con más daño.
</topic_text>
<spam_score>0.00</spam_score>
<post_num>1</post_num>
<post_id>post-1</post_id>
<post_url>http://imparcialoaxaca.mx/super-deportivo/ack/un-inmueble-de-contrastes</post_url>
<post_date>20160511</post_date>
<post_time>1000</post_time>
<username>admin@imparcialenlinea.com (Leobardo García Reyes)</username>
<post>
Súper Deportivo Un inmueble de contrastes Por un lado, inicia la colocación de los asientos que se prometieron y por otro, el césped no ha tenido el mantenimiento adecuado y luce en muy mal estado por Leobardo García Reyes Twittear 
Desde hace unos días comenzó la instalación de las butacas del Estadio del Instituto Tecnológico de Oaxaca; serán en una primera etapa mil 800. 
Se anunció que en el transcurso de los próximos días, quedarán instaladas en el inmueble que es utilizado por el equipo Alebrijes de Oaxaca de la Liga de Ascenso. 
Al mismo tiempo, se dio a conocer que de acuerdo al proyecto, las butacas son en de color amarillo, esto a lo ya programado y que combina con los colores que tiene el inmueble. 
Se espera que a finales de mayo llegue el resto para completar los 15 mil espacios e inmediatamente comenzará su colocación que se tiene proyectado sea durante unos 15 días. 
Fue en marzo pasado cuando se puso en funcionamiento el inmueble, sin embargo, le faltaban las butacas, ahí se jugaron dos encuentros más, hasta que Alebrijes quedó eliminado del Torneo de Clausura de Liga de Ascenso. 
Tras esto, el plantel quedó libre, lo cual dio oportunidad a los jugadores de retornar a sus lugares de origen durante aproximadamente 30 días, para después volver y conocer si aún están en los planes del equipo. 
El Estadio Tecnológico de Oaxaca, constituye uno de los campos deportivos más avanzados en cuanto a su proceso constructivo, servicios, tecnología y equipamiento a escala nacional, cuyas dimensiones fueron establecidas por la Federación Mexicana de Futbol y la FIFA (Federación Internacional de Futbol Asociación, por sus siglas en inglés). 
Lo dejan morir 
La desatención de la Secretaría de Administración, responsable del mantenimiento del pasto del Estadio del Tecnológico, dejó morir gran parte de la grama del coloso. 
Durante varios días, más de una semana, se quedaron sin luz y por consiguiente sin poder regar el terreno de juego, mismo que ante las altas temperaturas y los intensos rayos de sol, terminaron por dejarlo de color café. 
Especialistas en la materia dijeron que la siembra del pasto para el Estadio fue en diciembre pasado, gracias a los cuidados que se tuvo éste creció, con un intenso color verde, pero una vez concluida la actividad del futbol profesional, el mantenimiento dejó de ser el adecuado. 
Ante ello, el pasto comenzó a morir, sin embargo, dijo que de tener los cuidados necesarios, éste se podría recuperar en unos 15 días, agregándole también semilla para apoyar las zonas con más daño.
</post>
<signature>

</signature>
<external_links>

</external_links>
<country>MX</country>
<main_image>http://media.imparcialoaxaca.mx/imagenes/large/57329ddea205411a52ffb3ab.jpg</main_image>
</document>
