<?xml version="1.0" encoding="UTF-8"?>
<document>
<type>mainstream</type>
<forum>http://imparcialoaxaca.mx/ultimas/super-deportivo.rss</forum>
<forum_title>El Imparcial &gt; Súper Deportivo</forum_title>
<discussion_title>Tenistas nacionales responden al llamado</discussion_title>
<language>spanish</language>
<gmt_offset></gmt_offset>
<topic_url>http://imparcialoaxaca.mx/super-deportivo/ae7/tenistas-nacionales-responden-al-llamado</topic_url>
<topic_text>
Súper Deportivo Tenistas nacionales responden al llamado La actividad es avalada por la Federación Mexicana de Tenis (FMT) y dura cuatro días en las canchas de Brenamiel por Alfonso Gibert Benítez Bustos el Jueves 12 de mayo de 2016 - 05:00:01 Twittear 
Un total de 91 jugadores provenientes de nueve entidades y la sede, serán los que participarán a partir de hoy en el Torneo Nacional Infantil y Juvenil Grado II, Oaxaca 2016. 
Los duelos inician este jueves en las canchas duras del Club de Tenis Brenamiel y se jugará en las categorías 10, 12, 14, 16 y 21 años y menores en ambas ramas en las modalidades de Singles y Dobles. 
El certamen es convocado por la Asociación de Tenistas del Estado de Oaxaca (ATEO) y las acciones del primer día de actividad serán con una docena de encuentros en cuatro diferentes divisiones, a partir de las 15:00 horas. 
Para mañana la actividad será más intensa pues entrarán a la cancha el resto de las divisiones, mientras que el sábado será un día muy largo con la definición de finalistas en Singles y la puesta en marcha de Dobles en todas las divisiones. 
El domingo será un día de puras finales en las dos modalidades para luego hacer la premiación que consistirá en trofeos para el campeón y finalista en Singles y diploma para los dos ganadores en la modalidad de Dobles. 
De las cinco divisiones, la de 10 y 21 años en ambas ramas y la de 14 y 16 femenil se jugarán a round robin o todos contra todos, mientras que el resto será a eliminación directa. 
Las categorías que hoy entran en acción son la de 12 y 14 años femenil con tres duelos cada una, la de 16 varonil con uno, la femenil con dos y la 21 varonil con tres. 
Tras los raquetazos del fin de semana la ATEO tiene programado en su calendario anual el Tercer Torneo de Mini Tenis con sede en las canchas del Instituto Euroamericano para el 21 de mayo.
</topic_text>
<spam_score>0.00</spam_score>
<post_num>1</post_num>
<post_id>post-1</post_id>
<post_url>http://imparcialoaxaca.mx/super-deportivo/ae7/tenistas-nacionales-responden-al-llamado</post_url>
<post_date>20160512</post_date>
<post_time>1000</post_time>
<username>admin@imparcialenlinea.com (Alfonso Gibert Benítez Bustos)</username>
<post>
Súper Deportivo Tenistas nacionales responden al llamado La actividad es avalada por la Federación Mexicana de Tenis (FMT) y dura cuatro días en las canchas de Brenamiel por Alfonso Gibert Benítez Bustos el Jueves 12 de mayo de 2016 - 05:00:01 Twittear 
Un total de 91 jugadores provenientes de nueve entidades y la sede, serán los que participarán a partir de hoy en el Torneo Nacional Infantil y Juvenil Grado II, Oaxaca 2016. 
Los duelos inician este jueves en las canchas duras del Club de Tenis Brenamiel y se jugará en las categorías 10, 12, 14, 16 y 21 años y menores en ambas ramas en las modalidades de Singles y Dobles. 
El certamen es convocado por la Asociación de Tenistas del Estado de Oaxaca (ATEO) y las acciones del primer día de actividad serán con una docena de encuentros en cuatro diferentes divisiones, a partir de las 15:00 horas. 
Para mañana la actividad será más intensa pues entrarán a la cancha el resto de las divisiones, mientras que el sábado será un día muy largo con la definición de finalistas en Singles y la puesta en marcha de Dobles en todas las divisiones. 
El domingo será un día de puras finales en las dos modalidades para luego hacer la premiación que consistirá en trofeos para el campeón y finalista en Singles y diploma para los dos ganadores en la modalidad de Dobles. 
De las cinco divisiones, la de 10 y 21 años en ambas ramas y la de 14 y 16 femenil se jugarán a round robin o todos contra todos, mientras que el resto será a eliminación directa. 
Las categorías que hoy entran en acción son la de 12 y 14 años femenil con tres duelos cada una, la de 16 varonil con uno, la femenil con dos y la 21 varonil con tres. 
Tras los raquetazos del fin de semana la ATEO tiene programado en su calendario anual el Tercer Torneo de Mini Tenis con sede en las canchas del Instituto Euroamericano para el 21 de mayo.
</post>
<signature>

</signature>
<external_links>

</external_links>
<country>MX</country>
<main_image>http://media.imparcialoaxaca.mx/imagenes/large/56b61e93a20541187cffb3ab.jpg</main_image>
</document>
