<?xml version="1.0" encoding="UTF-8"?>
<document>
<type>mainstream</type>
<forum></forum>
<forum_title></forum_title>
<discussion_title>Arsenal news: Manager Arsene Wenger could sign new 3-year deal | Metro News</discussion_title>
<language>english</language>
<gmt_offset></gmt_offset>
<topic_url>http://metro.co.uk/2016/05/12/why-arsene-wenger-could-be-set-to-sign-a-new-three-year-deal-at-arsenal-5872940/</topic_url>
<topic_text>
Why Arsene Wenger could be set to sign a new three-year deal at Arsenal opinion Lee Hurley for Metro.co.uk Thursday 12 May 2016 4:00 pm Arsene Wenger will be at Arsenal for at least another year (Picture: Getty Images) 
Arsene Wenger has one year left on his current Arsenal deal and he’s going nowhere. 
To the dismay of many, even those who count themselves amongst the more reasonable of the people who are screaming for Wenger’s removal, he will certainly be at the helm of the club next season. 
But what of the year after that? 
Media reports would have you believe that the Arsenal board are trying to get Wenger to sign a new three-year deal. 
They have no desire to go through what Manchester United have faced since Sir Alex Ferguson dropped his R-bomb on them. 
No manner of forward planning can protect a club from the culture change that has to happen when a long-term manager, who is entrenched in the club, leaves. 
It seems insane to think that Wenger will sign a new deal or that all parties involved don’t realise what problems that might bring to the fanbase. 
But when you dig deeper, it’s not so crazy after all. Some Arsenal fans want Arsene Wenger to leave the club (Picture: Getty Images) 
With the wealth of money in the game now, Arsenal couldn’t have timed their stadium build any worse. No sooner were they ready to unpack at their new home when the financial market crashed and Roman Abramovich changed the face of football forever. 
Wenger might never get the credit he duly deserves but I struggle to think of another manager who would have sacrificed 10 years of his career to make sure the club’s promises to the lending banks were fulfilled. 
And he hasn’t even done that badly when you think about it. Arsenal’s wages are consistently the fourth-highest and that’s where they end up. 
This season is an outlier and, as disappointed as Arsenal fans are not to be lifting the Premier League title aloft, I don’t understand why it was ‘their year’ any more than it should have been Manchester City’s, United’s, Tottenham’s or Chelsea’s. 
Either side in the Wenger in/out debate can make a strong argument for their position and, until that changes, I don’t see the Arsenal board forcing anyone’s hand. 
It will come down to Wenger and what he decides. 
Will he really want another three years if next season plays out the way this one has? 
He’s that stubborn, he just might. More 
</topic_text>
<spam_score>0.00</spam_score>
<post_num>1</post_num>
<post_id>post-1</post_id>
<post_url>http://metro.co.uk/2016/05/12/why-arsene-wenger-could-be-set-to-sign-a-new-three-year-deal-at-arsenal-5872940/</post_url>
<post_date>20160512</post_date>
<post_time></post_time>
<username>Lee Hurley For Metro.Co.Uk</username>
<post>
Why Arsene Wenger could be set to sign a new three-year deal at Arsenal opinion Lee Hurley for Metro.co.uk Thursday 12 May 2016 4:00 pm Arsene Wenger will be at Arsenal for at least another year (Picture: Getty Images) 
Arsene Wenger has one year left on his current Arsenal deal and he’s going nowhere. 
To the dismay of many, even those who count themselves amongst the more reasonable of the people who are screaming for Wenger’s removal, he will certainly be at the helm of the club next season. 
But what of the year after that? 
Media reports would have you believe that the Arsenal board are trying to get Wenger to sign a new three-year deal. 
They have no desire to go through what Manchester United have faced since Sir Alex Ferguson dropped his R-bomb on them. 
No manner of forward planning can protect a club from the culture change that has to happen when a long-term manager, who is entrenched in the club, leaves. 
It seems insane to think that Wenger will sign a new deal or that all parties involved don’t realise what problems that might bring to the fanbase. 
But when you dig deeper, it’s not so crazy after all. Some Arsenal fans want Arsene Wenger to leave the club (Picture: Getty Images) 
With the wealth of money in the game now, Arsenal couldn’t have timed their stadium build any worse. No sooner were they ready to unpack at their new home when the financial market crashed and Roman Abramovich changed the face of football forever. 
Wenger might never get the credit he duly deserves but I struggle to think of another manager who would have sacrificed 10 years of his career to make sure the club’s promises to the lending banks were fulfilled. 
And he hasn’t even done that badly when you think about it. Arsenal’s wages are consistently the fourth-highest and that’s where they end up. 
This season is an outlier and, as disappointed as Arsenal fans are not to be lifting the Premier League title aloft, I don’t understand why it was ‘their year’ any more than it should have been Manchester City’s, United’s, Tottenham’s or Chelsea’s. 
Either side in the Wenger in/out debate can make a strong argument for their position and, until that changes, I don’t see the Arsenal board forcing anyone’s hand. 
It will come down to Wenger and what he decides. 
Will he really want another three years if next season plays out the way this one has? 
He’s that stubborn, he just might. More 
</post>
<signature>

</signature>
<external_links>

</external_links>
<country>US</country>
<main_image>https://metrouk2.files.wordpress.com/2016/05/5288544321.jpg</main_image>
</document>
