<?xml version="1.0" encoding="UTF-8"?>
<document>
<type>mainstream</type>
<forum>http://dailyme.com/rss/category/business-news-energy-news.html</forum>
<forum_title>Rss</forum_title>
<discussion_title>Oil producer Crescent Point posts bigger loss</discussion_title>
<language>english</language>
<gmt_offset></gmt_offset>
<topic_url>http://dailyme.com/story/2016051200002012</topic_url>
<topic_text>
Oil producer Crescent Point posts bigger loss THE GLOBE AND MAIL | on Thu, May 12, 6:49 AM 
Canadian oil and gas producer Crescent Point Energy Corp reported a bigger quarterly loss due to the weak oil prices.The company posted a net loss of $87.5-million, or 17 cents per share, for the first quarter ended March 31, compared with a loss of $46.0-million, or 10 cents per share, a year earlier. Total production rose about 16 per cent to 178,241 barrels of oil equivalent per day. Report Typo/Error [1] References^ Report Typo/Error (www.theglobeandmail.com)
</topic_text>
<spam_score>0.00</spam_score>
<post_num>1</post_num>
<post_id>post-1</post_id>
<post_url>http://dailyme.com/story/2016051200002012</post_url>
<post_date>20160512</post_date>
<post_time>1049</post_time>
<username></username>
<post>
Oil producer Crescent Point posts bigger loss THE GLOBE AND MAIL | on Thu, May 12, 6:49 AM 
Canadian oil and gas producer Crescent Point Energy Corp reported a bigger quarterly loss due to the weak oil prices.The company posted a net loss of $87.5-million, or 17 cents per share, for the first quarter ended March 31, compared with a loss of $46.0-million, or 10 cents per share, a year earlier. Total production rose about 16 per cent to 178,241 barrels of oil equivalent per day. Report Typo/Error [1] References^ Report Typo/Error (www.theglobeandmail.com)
</post>
<signature>

</signature>
<external_links>

</external_links>
<country>US</country>
<main_image></main_image>
</document>
