<?xml version="1.0" encoding="UTF-8"?>
<document>
<type>mainstream</type>
<forum></forum>
<forum_title></forum_title>
<discussion_title>Geht ein Mann zum Arzt ... | APOTHEKE ADHOC</discussion_title>
<language>german</language>
<gmt_offset></gmt_offset>
<topic_url>http://www.apotheke-adhoc.de/nachrichten/apothekenpraxis/nachricht-detail-apothekenpraxis/geht-ein-mann-zum-arzt-witze/</topic_url>
<topic_text>
Grafik: APOTHEKE ADHOC Grafik: APOTHEKE ADHOC Berlin - Halbgötter in Weiß? So denkt mancher Arzt über sich selbst. Nicht selten werden Mediziner genau wegen dieser Einstellung aber selbst zum Gespött bei Patienten und Apothekern. Tweet 
Das humorvolle Potenzial speist sich wohl aus den Kontrasten: Ärzte gelten in vielen Augen als besser verdienend, gutbürgerlich und sonnengebräunt. Das Bild des Arztes hat sich in den letzten Jahrzehnten gewandelt: Der gottesgleiche Mann in Weiß, wie man ihn sich in der „Schwarzwaldklinik“ vorstellt, weicht einem gestressten Büttel im Gesundheitssystem, der von Krankenbett zu Krankenbett hüpft. 
Die Fakten sprechen aber dagegen: Laut dem Institut für Demoskopie Allensbach liegt der Beruf des Arztes unangefochten an der Spitze der Berufsprestige-Skala. 76 Prozent der Deutschen zählen demnach den Arzt zu den Berufen, die sie am meisten schätzen. Übrigens rangiert die Krankenschwester auf dem zweiten Platz. 
Die folgenden Witze nehmen die Ärzteschaft – weil sie es sicherlich ertragen kann – auf die Schippe: In den scherzhaften Erzählungen werden sie gerne als ignorante Konzertbesucher, überteuerte Pfuscher und selbstverliebte Menschen dargestellt. Lachen ist bekanntlich die beste Medizin! Mit einem Augenzwinkern stellt APOTHEKE ADHOC die lustigsten Schenkelklopfer vor. Lesen Sie auch 
</topic_text>
<spam_score>0.00</spam_score>
<post_num>1</post_num>
<post_id>post-1</post_id>
<post_url>http://www.apotheke-adhoc.de/nachrichten/apothekenpraxis/nachricht-detail-apothekenpraxis/geht-ein-mann-zum-arzt-witze/</post_url>
<post_date>20160512</post_date>
<post_time></post_time>
<username></username>
<post>
Grafik: APOTHEKE ADHOC Grafik: APOTHEKE ADHOC Berlin - Halbgötter in Weiß? So denkt mancher Arzt über sich selbst. Nicht selten werden Mediziner genau wegen dieser Einstellung aber selbst zum Gespött bei Patienten und Apothekern. Tweet 
Das humorvolle Potenzial speist sich wohl aus den Kontrasten: Ärzte gelten in vielen Augen als besser verdienend, gutbürgerlich und sonnengebräunt. Das Bild des Arztes hat sich in den letzten Jahrzehnten gewandelt: Der gottesgleiche Mann in Weiß, wie man ihn sich in der „Schwarzwaldklinik“ vorstellt, weicht einem gestressten Büttel im Gesundheitssystem, der von Krankenbett zu Krankenbett hüpft. 
Die Fakten sprechen aber dagegen: Laut dem Institut für Demoskopie Allensbach liegt der Beruf des Arztes unangefochten an der Spitze der Berufsprestige-Skala. 76 Prozent der Deutschen zählen demnach den Arzt zu den Berufen, die sie am meisten schätzen. Übrigens rangiert die Krankenschwester auf dem zweiten Platz. 
Die folgenden Witze nehmen die Ärzteschaft – weil sie es sicherlich ertragen kann – auf die Schippe: In den scherzhaften Erzählungen werden sie gerne als ignorante Konzertbesucher, überteuerte Pfuscher und selbstverliebte Menschen dargestellt. Lachen ist bekanntlich die beste Medizin! Mit einem Augenzwinkern stellt APOTHEKE ADHOC die lustigsten Schenkelklopfer vor. Lesen Sie auch 
</post>
<signature>

</signature>
<external_links>

</external_links>
<country>DE</country>
<main_image>/fileadmin/content/redaktion/Fotos_Typo3/Bildergalerien/Charts/Texttafeln/Medizinerwitze/witz18_aa_A.jpg</main_image>
</document>
