<?xml version="1.0" encoding="UTF-8"?>
<document>
<type>mainstream</type>
<forum>http://wn.com/Glenn_McDonald</forum>
<forum_title>Glenn Mcdonald</forum_title>
<discussion_title>49ers looking to improve after 23-3 loss to Ravens</discussion_title>
<language>english</language>
<gmt_offset></gmt_offset>
<topic_url>http://article.wn.com/view/2016/05/12/49ers_looking_to_improve_after_233_loss_to_Ravens/</topic_url>
<topic_text>
BALTIMORE — As first impressions go, San Francisco 49ers coach Jim Harbaugh didn&apos;t care much for what he saw from his football team in its preseason opener against the Baltimore Ravens .
&quot;We have some work to do,&quot; Harbaugh conceded after
</topic_text>
<spam_score>0.00</spam_score>
<post_num>1</post_num>
<post_id>post-1</post_id>
<post_url>http://article.wn.com/view/2016/05/12/49ers_looking_to_improve_after_233_loss_to_Ravens/</post_url>
<post_date>20160512</post_date>
<post_time></post_time>
<username>wn.com</username>
<post>
BALTIMORE — As first impressions go, San Francisco 49ers coach Jim Harbaugh didn&apos;t care much for what he saw from his football team in its preseason opener against the Baltimore Ravens .
&quot;We have some work to do,&quot; Harbaugh conceded after
</post>
<signature>

</signature>
<external_links>

</external_links>
<country>GB</country>
<main_image>http://i.ytimg.com/vi/Fxsm4IqUl1A/0.jpg</main_image>
</document>
