<?xml version="1.0" encoding="UTF-8"?>
<document>
<type>mainstream</type>
<forum>http://www.automobilesreview.com/feed/</forum>
<forum_title>Automobilesreview</forum_title>
<discussion_title>Toyota Avensis and Auris get revisions for MY2016</discussion_title>
<language>english</language>
<gmt_offset></gmt_offset>
<topic_url>http://www.automobilesreview.com/auto-news/toyota-avensis-auris-facelift/114324/</topic_url>
<topic_text>
Toyota Avensis and Auris get revisions for MY2016 Toyota Avensis and Auris get revisions for MY2016 Posted by Lidia Todorova on 10 May 2016 
Toyota Toyota Avensis and Auris get new updates or the MY2016, which make the models more desirable and better equipped. Improvements have been made to the Toyota Touch 2 multimedia system, Auris&apos; hybrid powertrain and there have been added new color choices. 
In general Avensis offers prestigious and dynamic styling as well as rich sensory quality inside and out. Its precise chassis and steering have always delivered a rewarding driving experience. After the updates, the customers will enjoy the advantages of the improved CO2 performance. And this is across the range of all drivetrains, including the new 1.6 and 2.0-litre Euro 6-compliant diesel engines. SEE ALSO: Toyota Reveals GT86 Shooting Brake Concept 
The famous Toyota Touch 2 has been now fitted with three years&apos; map and connectivity updates. These upgrades have been actually revealed at the Geneva Motor Show. The car will also benefit from the 7-inch touchscreen, which includes revised menu pages for accessing the system&apos;s functions. In addition, the Access to the My Toyota online customer portal has also been improved. 
Furthermore, Toyota Touch 2 with Go has been fitted with three years of free map updates and connection to online services. The live information services include fuel prices, weather, parking and traffic conditions local to programmed routes, helping with easier journey planning. 
Toyota Auris Hybrid hatchback and Touring Sports wagon are has been made highly efficient due to revised powertrain, which offers increased engine and vehicle speeds. 
At last but not least, keeping up with the latest trends, Toyota is equipping the two models with a Platinum Bronze metallic paint. Auris also gets the Solid Blue color. 2016 Toyota Avensis and Auris are currently on sale. 
Source: Toyota
</topic_text>
<spam_score>0.00</spam_score>
<post_num>1</post_num>
<post_id>post-1</post_id>
<post_url>http://www.automobilesreview.com/auto-news/toyota-avensis-auris-facelift/114324/</post_url>
<post_date>20160510</post_date>
<post_time>1726</post_time>
<username>http://www.automobilesreview.com</username>
<post>
Toyota Avensis and Auris get revisions for MY2016 Toyota Avensis and Auris get revisions for MY2016 Posted by Lidia Todorova on 10 May 2016 
Toyota Toyota Avensis and Auris get new updates or the MY2016, which make the models more desirable and better equipped. Improvements have been made to the Toyota Touch 2 multimedia system, Auris&apos; hybrid powertrain and there have been added new color choices. 
In general Avensis offers prestigious and dynamic styling as well as rich sensory quality inside and out. Its precise chassis and steering have always delivered a rewarding driving experience. After the updates, the customers will enjoy the advantages of the improved CO2 performance. And this is across the range of all drivetrains, including the new 1.6 and 2.0-litre Euro 6-compliant diesel engines. SEE ALSO: Toyota Reveals GT86 Shooting Brake Concept 
The famous Toyota Touch 2 has been now fitted with three years&apos; map and connectivity updates. These upgrades have been actually revealed at the Geneva Motor Show. The car will also benefit from the 7-inch touchscreen, which includes revised menu pages for accessing the system&apos;s functions. In addition, the Access to the My Toyota online customer portal has also been improved. 
Furthermore, Toyota Touch 2 with Go has been fitted with three years of free map updates and connection to online services. The live information services include fuel prices, weather, parking and traffic conditions local to programmed routes, helping with easier journey planning. 
Toyota Auris Hybrid hatchback and Touring Sports wagon are has been made highly efficient due to revised powertrain, which offers increased engine and vehicle speeds. 
At last but not least, keeping up with the latest trends, Toyota is equipping the two models with a Platinum Bronze metallic paint. Auris also gets the Solid Blue color. 2016 Toyota Avensis and Auris are currently on sale. 
Source: Toyota
</post>
<signature>

</signature>
<external_links>

</external_links>
<country>US</country>
<main_image>http://www.automobilesreview.com/uploads/2016/05/2016-Toyota-Auris-Touring-Sports-910-1.jpg</main_image>
</document>
