<?xml version="1.0" encoding="UTF-8"?>
<document>
<type>mainstream</type>
<forum></forum>
<forum_title></forum_title>
<discussion_title>Dagplejernes Dag | aoh.dk</discussion_title>
<language>danish</language>
<gmt_offset></gmt_offset>
<topic_url>http://aoh.dk/artikel/dagplejernes-dag</topic_url>
<topic_text>
Dagpleje-optog i Videbæk i anledning af Dagplejernes Dag. Foto: Henrik Ole Jensen 
</topic_text>
<spam_score>0.00</spam_score>
<post_num>1</post_num>
<post_id>post-1</post_id>
<post_url>http://aoh.dk/artikel/dagplejernes-dag</post_url>
<post_date>20160512</post_date>
<post_time></post_time>
<username></username>
<post>
Dagpleje-optog i Videbæk i anledning af Dagplejernes Dag. Foto: Henrik Ole Jensen 
</post>
<signature>

</signature>
<external_links>

</external_links>
<country>NO</country>
<main_image>http://aoh.dk/storyimage/AO/20160512/VIDEO/160519558/AR/0/AR-160519558.jpg&amp;MaxW=150&amp;imageVersion=default</main_image>
</document>
