<?xml version="1.0" encoding="UTF-8"?>
<document>
<type>mainstream</type>
<forum>http://www.moneyweb.co.za/category/news/markets/</forum>
<forum_title>Markets articles on Moneyweb</forum_title>
<discussion_title>Rand on the ropes as economic concerns weigh</discussion_title>
<language>english</language>
<gmt_offset></gmt_offset>
<topic_url>http://www.moneyweb.co.za/news-fast-news/rand-ropes-economic-concerns-weigh/</topic_url>
<topic_text>
JOHANNESBURG – South Africa’s rand retreated against the dollar early on Thursday, giving up a minor rebound back from six-week lows as global and domestic growth concerns rattled sentiment towards the continent’s most industrialised economy.
By 0650 GMT the rand had slipped 0.44% to 15.1035 per dollar compared to its overnight close at 15.0370 in New York.
Government bonds were firmer, with the benchmark paper due in 2026 shedding 3.5 basis points to 9.15%.
Earlier in the week the rand tumbled to its weakest level since March 29 after data showed unemployment rose to its highest in more than a decade.
Traders expect growth worries and low liquidity in a session short of any major data releases to leave the door open for further rand losses.
“It’s about the biggest order at the most illiquid time,” chief trader at Standard Bank Warrick Butler said in a note.
South Africa’s statistics agency publishes March mining and manufacturing production figures later in the session, with both sets of data due to show contractions in the country’s two largest sectors.
The stock market is set open lower when trade resumes at 0700 GMT, with the benchmark Top-40 futures index down 0.5%.
</topic_text>
<spam_score>0.00</spam_score>
<post_num>1</post_num>
<post_id>post-1</post_id>
<post_url>http://www.moneyweb.co.za/news-fast-news/rand-ropes-economic-concerns-weigh/</post_url>
<post_date>20160512</post_date>
<post_time>0908</post_time>
<username>Mfuneko Toyana, Reuters</username>
<post>
JOHANNESBURG – South Africa’s rand retreated against the dollar early on Thursday, giving up a minor rebound back from six-week lows as global and domestic growth concerns rattled sentiment towards the continent’s most industrialised economy.
By 0650 GMT the rand had slipped 0.44% to 15.1035 per dollar compared to its overnight close at 15.0370 in New York.
Government bonds were firmer, with the benchmark paper due in 2026 shedding 3.5 basis points to 9.15%.
Earlier in the week the rand tumbled to its weakest level since March 29 after data showed unemployment rose to its highest in more than a decade.
Traders expect growth worries and low liquidity in a session short of any major data releases to leave the door open for further rand losses.
“It’s about the biggest order at the most illiquid time,” chief trader at Standard Bank Warrick Butler said in a note.
South Africa’s statistics agency publishes March mining and manufacturing production figures later in the session, with both sets of data due to show contractions in the country’s two largest sectors.
The stock market is set open lower when trade resumes at 0700 GMT, with the benchmark Top-40 futures index down 0.5%.
</post>
<signature>

</signature>
<external_links>

</external_links>
<country>ZA</country>
<main_image>http://www.moneyweb.co.za/wp-content/uploads/2014/07/Budget-2015-49-500x334.jpg</main_image>
</document>
