<?xml version="1.0" encoding="UTF-8"?>
<document>
<type>mainstream</type>
<forum></forum>
<forum_title></forum_title>
<discussion_title>د پي سي بي سټار انډر 16 کرکټ جام درېم پړاٶ (نن) پېل كېږي | APP Pashto service</discussion_title>
<language>persian</language>
<gmt_offset></gmt_offset>
<topic_url>http://pashto.app.com.pk/pashto/2016/05/%d8%af-%d9%be%d9%8a-%d8%b3%d9%8a-%d8%a8%d9%8a-%d8%b3%d9%bc%d8%a7%d8%b1-%d8%a7%d9%86%da%89%d8%b1-16-%da%a9%d8%b1%da%a9%d9%bc-%d8%ac%d8%a7%d9%85-%d8%af%d8%b1%db%90%d9%85-%d9%be%da%93%d8%a7%d9%b6-%d9%86/</topic_url>
<topic_text>
د پي سي بي سټار انډر 16 کرکټ جام درېم پړاٶ (نن) پېل كېږي May 12, 2016 tweet 
اسلام آباد 12 مئي(اے پي پي)د پاكستان كركټ بورډ تر سېوري لاندې هېواد كښې روان د پي سي بي سټار انډر 16 كركټ جام درېم پړاٶ (نن) د جمعې په ورځ پېل كېږي۔ جام كښې به ګروپ اے كښې د كوئټه مقابله ملتان او د كراچۍ مقابله حېدرآباد سره كېږي٬ ګروپ بي كښې به د فېصل آباد او اېبټ آباد او د اسلام آباد او پېښور ترمېنځه مقابله كېږي دغسې په ګروپ سي كښئ به د لاهور او ډېره مراد جمالي لوبډلې او د آزاد كشمير او بهالپور ترمېنځه مقابلې كېږي۔ شیئرکریں 
</topic_text>
<spam_score>0.00</spam_score>
<post_num>1</post_num>
<post_id>post-1</post_id>
<post_url>http://pashto.app.com.pk/pashto/2016/05/%d8%af-%d9%be%d9%8a-%d8%b3%d9%8a-%d8%a8%d9%8a-%d8%b3%d9%bc%d8%a7%d8%b1-%d8%a7%d9%86%da%89%d8%b1-16-%da%a9%d8%b1%da%a9%d9%bc-%d8%ac%d8%a7%d9%85-%d8%af%d8%b1%db%90%d9%85-%d9%be%da%93%d8%a7%d9%b6-%d9%86/</post_url>
<post_date>20160512</post_date>
<post_time></post_time>
<username>Uploader Nothing</username>
<post>
د پي سي بي سټار انډر 16 کرکټ جام درېم پړاٶ (نن) پېل كېږي May 12, 2016 tweet 
اسلام آباد 12 مئي(اے پي پي)د پاكستان كركټ بورډ تر سېوري لاندې هېواد كښې روان د پي سي بي سټار انډر 16 كركټ جام درېم پړاٶ (نن) د جمعې په ورځ پېل كېږي۔ جام كښې به ګروپ اے كښې د كوئټه مقابله ملتان او د كراچۍ مقابله حېدرآباد سره كېږي٬ ګروپ بي كښې به د فېصل آباد او اېبټ آباد او د اسلام آباد او پېښور ترمېنځه مقابله كېږي دغسې په ګروپ سي كښئ به د لاهور او ډېره مراد جمالي لوبډلې او د آزاد كشمير او بهالپور ترمېنځه مقابلې كېږي۔ شیئرکریں 
</post>
<signature>

</signature>
<external_links>

</external_links>
<country>PK</country>
<main_image>http://pashto.app.com.pk/pashto/wp-content/uploads/2016/05/logo.png</main_image>
</document>
