<?xml version="1.0" encoding="UTF-8"?>
<document>
<type>mainstream</type>
<forum>http://bookarchive.ru//engine/rss.php</forum>
<forum_title>Скачать книги бесплатно на BookArchive</forum_title>
<discussion_title>Старицкий Д. - Собрание из 8 произведений</discussion_title>
<language>russian</language>
<gmt_offset></gmt_offset>
<topic_url>http://www.bookarchive.ru/khud_literatura/otech_literatura/otech_fant/330780-starickiy-d-sobranie-iz-8-proizvedeniy.html</topic_url>
<topic_text>
» Computerworld №6 (апрель 2016) Россия Авторские права: Все книги на сайте представлены исключительно в ознакомительных целях! Наша электронная библиотека не преследует никакой коммерческой выгоды! Авторам, желающим внести поправки, просим связаться с администрацией. &gt; Старицкий Д. - Собрание из 8 произведений полная версия Старицкий Д. - Собрание из 8 произведений На большой скорости Старицкий Д. - Собрание из 8 произведений по прямой ссылке Старицкий Д. - Собрание из 8 произведений Старицкий Д. - Собрание из 8 произведений Дмитрий Старицкий Самиздат, Альфа - книга Русский FB2, TXT отличное 11 Мб писатель - фантаст из Москвы , родился 15 декабря 1954 года.
</topic_text>
<spam_score>0.00</spam_score>
<post_num>1</post_num>
<post_id>post-1</post_id>
<post_url>http://www.bookarchive.ru/khud_literatura/otech_literatura/otech_fant/330780-starickiy-d-sobranie-iz-8-proizvedeniy.html</post_url>
<post_date>20160512</post_date>
<post_time>1559</post_time>
<username>romojan</username>
<post>
» Computerworld №6 (апрель 2016) Россия Авторские права: Все книги на сайте представлены исключительно в ознакомительных целях! Наша электронная библиотека не преследует никакой коммерческой выгоды! Авторам, желающим внести поправки, просим связаться с администрацией. &gt; Старицкий Д. - Собрание из 8 произведений полная версия Старицкий Д. - Собрание из 8 произведений На большой скорости Старицкий Д. - Собрание из 8 произведений по прямой ссылке Старицкий Д. - Собрание из 8 произведений Старицкий Д. - Собрание из 8 произведений Дмитрий Старицкий Самиздат, Альфа - книга Русский FB2, TXT отличное 11 Мб писатель - фантаст из Москвы , родился 15 декабря 1954 года.
</post>
<signature>

</signature>
<external_links>

</external_links>
<country>RU</country>
<main_image>/uploads/posts/2016-05/thumbs/1462949992_2016-05-11_091833.jpg</main_image>
</document>
