<?xml version="1.0" encoding="UTF-8"?>
<document>
<type>mainstream</type>
<forum>http://fashionmagazine.it/ItemsBySlaveCategory.aspx?SlaveCategoryID=78</forum>
<forum_title>Bilanci &amp;lt; News &amp;lt; Home page </forum_title>
<discussion_title>Salvatore Ferragamo: Poletto verso la nomina a ceo. Ricavi -1,8%, utili +10%</discussion_title>
<language>italian</language>
<gmt_offset></gmt_offset>
<topic_url>http://fashionmagazine.it/ItemByCategory.aspx?ItemID=70860</topic_url>
<topic_text>
Il cda del Gruppo Salvatore Ferragamo ha approvato la trimestrale, che vede i ricavi in calo dell&apos;1,8% e l&apos;utile in crescita del 10%. Cooptato Eraldo Poletto come ceo: il piano di avvicendamento aziendale verrà perfezionato nel corso del cda del prossimo 2 agosto.
Nei tre mesi chiusi il 31 marzo il gruppo del lusso ha visto diminuire i ricavi a 321 milioni (-1,8%) a causa della flessione in Asia-Pacifico (-3% e -2% a cambi costanti, con il Giappone in controtendenza, +2%). L&apos;Europa ha registrato un -4% e il Nord America un +1%. In Centro e Sud America la griffe ha mantenuto stabili le vendite (-8% a cambi costanti).
L&apos;ebitda trimestrale è salito del 5% a 64 milioni di euro, mentre l&apos;ebit è aumentato del 4% a 49 milioni. L&apos;utile netto è passato da 31 a 34 milioni.
e.f.
</topic_text>
<spam_score>0.00</spam_score>
<post_num>1</post_num>
<post_id>post-1</post_id>
<post_url>http://fashionmagazine.it/ItemByCategory.aspx?ItemID=70860</post_url>
<post_date>20160512</post_date>
<post_time></post_time>
<username>fashionmagazine.it/</username>
<post>
Il cda del Gruppo Salvatore Ferragamo ha approvato la trimestrale, che vede i ricavi in calo dell&apos;1,8% e l&apos;utile in crescita del 10%. Cooptato Eraldo Poletto come ceo: il piano di avvicendamento aziendale verrà perfezionato nel corso del cda del prossimo 2 agosto.
Nei tre mesi chiusi il 31 marzo il gruppo del lusso ha visto diminuire i ricavi a 321 milioni (-1,8%) a causa della flessione in Asia-Pacifico (-3% e -2% a cambi costanti, con il Giappone in controtendenza, +2%). L&apos;Europa ha registrato un -4% e il Nord America un +1%. In Centro e Sud America la griffe ha mantenuto stabili le vendite (-8% a cambi costanti).
L&apos;ebitda trimestrale è salito del 5% a 64 milioni di euro, mentre l&apos;ebit è aumentato del 4% a 49 milioni. L&apos;utile netto è passato da 31 a 34 milioni.
e.f.
</post>
<signature>

</signature>
<external_links>

</external_links>
<country>IT</country>
<main_image></main_image>
</document>
