<?xml version="1.0" encoding="UTF-8"?>
<document>
<type>mainstream</type>
<forum>http://zetaestaticos.com/mediterraneo/rss/7_es.xml</forum>
<forum_title>RSS de deportes - El Periódico Mediterráneo</forum_title>
<discussion_title>Rida: &quot;Es difícil sacar mi mejor versión tras tanto tiempo parado&quot;</discussion_title>
<language>spanish</language>
<gmt_offset></gmt_offset>
<topic_url>http://www.elperiodicomediterraneo.com/noticias/deportes/rida-es-dificil-sacar-mejor-version-tanto-tiempo-parado_992328.html</topic_url>
<topic_text>
- 
Rida Arkine llegó al Castellón en los últimos compases de enero, pero una lesión, que arrastraba de su presencia con la selección AFE justo antes de comprometerse con los albinegros, ralentizó su puesta a punto. Sin embargo, el extremo o mediapunta ha tenido una creciente aparición en las alineaciones, aunque admite que todavía no ha dado lo mejor de sí mismo. 
&quot;Poco a poco estoy sacando mu mejor versión, aunque es difícil tras tanto tiempo parado&quot;, señala. &quot;A ver si estoy pronto al 100%, porque ahora vienen los partidos bonitos&quot;, agrega. &quot;Espero poder ayudar al equipo en el segundo de los objetivos, que es el más importante: el ascenso&quot;, rubrica el de Kenitra. Rida no podrá ayudar en la consecución de la tercera plaza, el domingo en Sedaví contra el Recambios Colón, al cumplir ciclo de amonestaciones. 
El hispano-marroquí ya sabe cómo está de ilusionada la parroquia albinegra. &quot;Sabemos cómo es esta afición. Está dolido pero nunca falla en los momentos de verdad. La verdad es que pasar con el coche y ver las colas impresiona&quot;, constata.
</topic_text>
<spam_score>0.00</spam_score>
<post_num>1</post_num>
<post_id>post-1</post_id>
<post_url>http://www.elperiodicomediterraneo.com/noticias/deportes/rida-es-dificil-sacar-mejor-version-tanto-tiempo-parado_992328.html</post_url>
<post_date>20160512</post_date>
<post_time>1603</post_time>
<username>El Periódico Mediterráneo</username>
<post>
- 
Rida Arkine llegó al Castellón en los últimos compases de enero, pero una lesión, que arrastraba de su presencia con la selección AFE justo antes de comprometerse con los albinegros, ralentizó su puesta a punto. Sin embargo, el extremo o mediapunta ha tenido una creciente aparición en las alineaciones, aunque admite que todavía no ha dado lo mejor de sí mismo. 
&quot;Poco a poco estoy sacando mu mejor versión, aunque es difícil tras tanto tiempo parado&quot;, señala. &quot;A ver si estoy pronto al 100%, porque ahora vienen los partidos bonitos&quot;, agrega. &quot;Espero poder ayudar al equipo en el segundo de los objetivos, que es el más importante: el ascenso&quot;, rubrica el de Kenitra. Rida no podrá ayudar en la consecución de la tercera plaza, el domingo en Sedaví contra el Recambios Colón, al cumplir ciclo de amonestaciones. 
El hispano-marroquí ya sabe cómo está de ilusionada la parroquia albinegra. &quot;Sabemos cómo es esta afición. Está dolido pero nunca falla en los momentos de verdad. La verdad es que pasar con el coche y ver las colas impresiona&quot;, constata.
</post>
<signature>

</signature>
<external_links>

</external_links>
<country>ES</country>
<main_image>http://zetaestaticos.com/mediterraneo/img/noticias/0/992/992328_1.jpg</main_image>
</document>
