<?xml version="1.0" encoding="UTF-8"?>
<document>
<type>mainstream</type>
<forum>http://www.krcrtv.com/14774610?format=rss_2.0&amp;view=feed</forum>
<forum_title>Feed:National News</forum_title>
<discussion_title>Dilma Rousseff: &apos;I&apos;m the victim of a great injustice&apos;</discussion_title>
<language>english</language>
<gmt_offset></gmt_offset>
<topic_url>http://www.krcrtv.com/news/rousseff-on-the-precipice-as-senate-votes/39509058</topic_url>
<topic_text>
Impeaching Dilma Rousseff -- what&apos;s next? 
&quot;It&apos;s a coup,&quot; she told reporters, speaking out publicly for the first time since senators voted to begin an impeachment trial against her. 
It took Brazil&apos;s Senate about 20 hours of debate to reach a decisive result early Thursday: The country&apos;s first female president must step aside while the trial gets underway. 
It took Rousseff less than an hour to make two speeches slamming the vote: One to reporters inside the presidential palace, and one to crowds outside after she was kicked out. 
&quot;I&apos;m the victim of a great injustice,&quot; Rousseff told cheering supporters. 
She delivered an impassioned speech from a podium set up outside -- stopping several times to ask people around her to move so she could see the crowd. 
She shook hands, kissed a baby and hugged people afterward. 
&quot;My government has been the objective of sabotage,&quot; Rousseff said, decrying impeachment proceedings as a betrayal and an injustice. 
&quot;I have made mistakes, but I have not committed any crimes. I am being judged unjustly, because I have followed the law to the letter,&quot; she said. 
President says she&apos;ll keep fighting 
Rousseff vowed to keep fighting efforts to impeach her, and called for her supporters to join her. 
&quot;To all Brazilians who are against the coup, I call on you to keep united and in peace,&quot; she said. &quot;The fight for democracy does not have an end date. It&apos;s a permanent fight and it demands from us total dedication. ... I will never give up fighting.&quot; 
The past few months have been a roller coaster for the embattled leader, who&apos;s accused of breaking budget laws. And while there are some procedural steps we know are coming, given the country&apos;s volatile political landscape, what will happen next is anyone&apos;s guess. 
This much is clear: Rousseff will be suspended for up to 180 days. That means she could be on the sidelines, fighting for her political future, when the Olympics come to Latin America&apos;s largest country in August. Michel Temer is now Brazil&apos;s interim president. As Rousseff spoke, her one-time vice president posted a photo on his official Twitter account of the moment when he took power. 
Rousseff retains her title as president by law, but she will not be fulfilling the duties of that office. 
15-minute soapbox 
Speaking through the night, senators made their cases in a marathon session ahead of the electronic vote. Fifty-five of the 81 members of the upper house voted in favor of the motion early Thursday, with 22 voting against. 
The senators were each given 15 minutes to speak, with a buzzer indicating when their time was up. Seventy-one of the house&apos;s 81 members took the opportunity to have their voices heard. 
Former President Fernando Collor de Mello, himself impeached by the senate in 1992, said he feels the country has &quot;regressed politically.&quot; 
His colleague, Armando Monteiro, said that the impeachment was politically motivated and will set a dangerous precedent. 
&quot;We will, indeed, be promoting a rupture in the nation&apos;s institutional order.&quot; 
As the senators put forward their views, protesters in Brasilia, the capital, and in other cities demonstrated for and against the proceedings. Some of the protests -- like the one in front of Congress in Brasilia -- got out of hand, prompting authorities to disperse the crowds. 
&quot;It is revolting, we are here defending our democracy, and those yes-men spray us with tear gas, they are cowards,&quot; one protester, Celma Pereira, a teacher, said. 
Why was the motion against Rousseff considered? 
Corruption allegations have been dogging Rousseff&apos;s administration since 2011. 
A sweeping investigation into a multimillion-dollar kickback scheme at the state-run oil company Petrobras embroiled dozens of the country&apos;s leading businessmen and politicians. While she isn&apos;t accused directly of profiting, Rousseff was the chairwoman of Petrobras during many of the years of the alleged corruption. 
In December, a bid to impeach Rousseff was launched by the then-speaker of the lower house of Congress, Eduardo Cunha, who argued that the President was guilty of breaking budgetary laws by borrowing from state banks to cover a shortfall in the deficit and pay for social programs in the run-up to her 2014 re-election. 
She has been also blamed for the worst recession since the 1930s, now in its second year. 
Sen. Waldemir Moka told the upper house during his allotted time that, if the impeachment trial is successful, the future president will assume a government with a 250 billion Brazilian Real debt ($72.5 billion) according to conservative projections, with the possibility of being up to 600 billion Real ($174 billion). 
Olympic dreams shattered 
The spell on the sidelines could put Rousseff out of commission when her country hosts the Olympics in Augus, a showcase event that she&apos;s worked on with her predecessor since Brazil won its bid for the Games. 
A special Senate committee will now investigate the accusations against Rousseff. Once that committee is done -- which could be as late as November -- her team will have 20 days to present her defense. Following that, the committee will vote on a final determination and then present it for a vote in the full Senate. 
It will take a two-thirds majority to remove the President from office. 
Why is Brazil in such a mess? 
Along with the precarious state of the Brazilian economy -- the country faces a crippling recession that has left hundreds of thousands unemployed and thousands of businesses closed, while inflation has gone through the roof -- the country faces a number of other, high-profile challenges, from dealing with the Zika virus to a fraught 2016 Olympics, which are due to open in Rio de Janeiro in August. 
That&apos;s if they even open. One doctor, Amir Attaran of the University of Toronto, says the risk of the virus in the city is too great, and has urged authorities to postpone or relocate the event in an effort to curb the spread of the epidemic. 
Meanwhile, former Brazil soccer legend Rivaldo has said the country is getting &quot;more ugly&quot; and has warned visitors to &quot;stay away,&quot; citing the violence in the city. 
Whatever happens, it is unlikely to be an entirely smooth process. Rousseff&apos;s supporters have vowed to take to the streets in retaliation, ensuring a long, and potentially messy, battle ahead. 
Copyright 2016 by CNN NewSource . All rights reserved. This material may not be published, broadcast, rewritten or redistributed.
</topic_text>
<spam_score>0.00</spam_score>
<post_num>1</post_num>
<post_id>post-1</post_id>
<post_url>http://www.krcrtv.com/news/rousseff-on-the-precipice-as-senate-votes/39509058</post_url>
<post_date>20160512</post_date>
<post_time>1620</post_time>
<username></username>
<post>
Impeaching Dilma Rousseff -- what&apos;s next? 
&quot;It&apos;s a coup,&quot; she told reporters, speaking out publicly for the first time since senators voted to begin an impeachment trial against her. 
It took Brazil&apos;s Senate about 20 hours of debate to reach a decisive result early Thursday: The country&apos;s first female president must step aside while the trial gets underway. 
It took Rousseff less than an hour to make two speeches slamming the vote: One to reporters inside the presidential palace, and one to crowds outside after she was kicked out. 
&quot;I&apos;m the victim of a great injustice,&quot; Rousseff told cheering supporters. 
She delivered an impassioned speech from a podium set up outside -- stopping several times to ask people around her to move so she could see the crowd. 
She shook hands, kissed a baby and hugged people afterward. 
&quot;My government has been the objective of sabotage,&quot; Rousseff said, decrying impeachment proceedings as a betrayal and an injustice. 
&quot;I have made mistakes, but I have not committed any crimes. I am being judged unjustly, because I have followed the law to the letter,&quot; she said. 
President says she&apos;ll keep fighting 
Rousseff vowed to keep fighting efforts to impeach her, and called for her supporters to join her. 
&quot;To all Brazilians who are against the coup, I call on you to keep united and in peace,&quot; she said. &quot;The fight for democracy does not have an end date. It&apos;s a permanent fight and it demands from us total dedication. ... I will never give up fighting.&quot; 
The past few months have been a roller coaster for the embattled leader, who&apos;s accused of breaking budget laws. And while there are some procedural steps we know are coming, given the country&apos;s volatile political landscape, what will happen next is anyone&apos;s guess. 
This much is clear: Rousseff will be suspended for up to 180 days. That means she could be on the sidelines, fighting for her political future, when the Olympics come to Latin America&apos;s largest country in August. Michel Temer is now Brazil&apos;s interim president. As Rousseff spoke, her one-time vice president posted a photo on his official Twitter account of the moment when he took power. 
Rousseff retains her title as president by law, but she will not be fulfilling the duties of that office. 
15-minute soapbox 
Speaking through the night, senators made their cases in a marathon session ahead of the electronic vote. Fifty-five of the 81 members of the upper house voted in favor of the motion early Thursday, with 22 voting against. 
The senators were each given 15 minutes to speak, with a buzzer indicating when their time was up. Seventy-one of the house&apos;s 81 members took the opportunity to have their voices heard. 
Former President Fernando Collor de Mello, himself impeached by the senate in 1992, said he feels the country has &quot;regressed politically.&quot; 
His colleague, Armando Monteiro, said that the impeachment was politically motivated and will set a dangerous precedent. 
&quot;We will, indeed, be promoting a rupture in the nation&apos;s institutional order.&quot; 
As the senators put forward their views, protesters in Brasilia, the capital, and in other cities demonstrated for and against the proceedings. Some of the protests -- like the one in front of Congress in Brasilia -- got out of hand, prompting authorities to disperse the crowds. 
&quot;It is revolting, we are here defending our democracy, and those yes-men spray us with tear gas, they are cowards,&quot; one protester, Celma Pereira, a teacher, said. 
Why was the motion against Rousseff considered? 
Corruption allegations have been dogging Rousseff&apos;s administration since 2011. 
A sweeping investigation into a multimillion-dollar kickback scheme at the state-run oil company Petrobras embroiled dozens of the country&apos;s leading businessmen and politicians. While she isn&apos;t accused directly of profiting, Rousseff was the chairwoman of Petrobras during many of the years of the alleged corruption. 
In December, a bid to impeach Rousseff was launched by the then-speaker of the lower house of Congress, Eduardo Cunha, who argued that the President was guilty of breaking budgetary laws by borrowing from state banks to cover a shortfall in the deficit and pay for social programs in the run-up to her 2014 re-election. 
She has been also blamed for the worst recession since the 1930s, now in its second year. 
Sen. Waldemir Moka told the upper house during his allotted time that, if the impeachment trial is successful, the future president will assume a government with a 250 billion Brazilian Real debt ($72.5 billion) according to conservative projections, with the possibility of being up to 600 billion Real ($174 billion). 
Olympic dreams shattered 
The spell on the sidelines could put Rousseff out of commission when her country hosts the Olympics in Augus, a showcase event that she&apos;s worked on with her predecessor since Brazil won its bid for the Games. 
A special Senate committee will now investigate the accusations against Rousseff. Once that committee is done -- which could be as late as November -- her team will have 20 days to present her defense. Following that, the committee will vote on a final determination and then present it for a vote in the full Senate. 
It will take a two-thirds majority to remove the President from office. 
Why is Brazil in such a mess? 
Along with the precarious state of the Brazilian economy -- the country faces a crippling recession that has left hundreds of thousands unemployed and thousands of businesses closed, while inflation has gone through the roof -- the country faces a number of other, high-profile challenges, from dealing with the Zika virus to a fraught 2016 Olympics, which are due to open in Rio de Janeiro in August. 
That&apos;s if they even open. One doctor, Amir Attaran of the University of Toronto, says the risk of the virus in the city is too great, and has urged authorities to postpone or relocate the event in an effort to curb the spread of the epidemic. 
Meanwhile, former Brazil soccer legend Rivaldo has said the country is getting &quot;more ugly&quot; and has warned visitors to &quot;stay away,&quot; citing the violence in the city. 
Whatever happens, it is unlikely to be an entirely smooth process. Rousseff&apos;s supporters have vowed to take to the streets in retaliation, ensuring a long, and potentially messy, battle ahead. 
Copyright 2016 by CNN NewSource . All rights reserved. This material may not be published, broadcast, rewritten or redistributed.
</post>
<signature>

</signature>
<external_links>

</external_links>
<country>US</country>
<main_image>http://www.krcrtv.com/image/view/-/39075672/highRes/3/-/maxh/640/maxw/640/-/jkrf9tz/-/Brazil-President-Dilma-Rousseff.jpg</main_image>
</document>
