<?xml version="1.0" encoding="UTF-8"?>
<document>
<type>mainstream</type>
<forum></forum>
<forum_title></forum_title>
<discussion_title>Aprinkis.lv - SK &quot;Babīte&quot; futbolists atzīts par pirmās līgas mēneša labāko spēlētāju</discussion_title>
<language>latvian</language>
<gmt_offset></gmt_offset>
<topic_url>http://www.aprinkis.lv/sports/item/30990-sk-babite-futbolists-atzits-par-pirmas-ligas-menesa-labako-speletaju</topic_url>
<topic_text>
Apriņķis.lv 13:35 
Par &quot;komanda.lv&quot; pirmās līgas futbola čempionāta aprīļa mēneša labāko spēlētāju kļuvis 24 gadus vecais sporta kluba &quot;Babīte&quot; komandas uzbrucējs Edgars Kārkliņš, informēja Latvijas Futbola federācijā (LFF). 
Edgars Kārkliņš par labāko tika atzīts līdzjutēju balsojumā, iegūstot pārākumu arī kopējā balsojuma ieskaitē, ko veido līdzjutēju, LFF un veikala &quot;Komanda&quot; vērtējums. 
Aprīlī viņš palīdzēja komandai uzvarēt visās piecās aizvadītajās spēlēs. Edgars visos mačos devās laukumā SK &quot;Babīte&quot; sākumsastāvā un četrās no tām izcēlās ar precīziem sitieniem. Kopumā aprīlī viņa kontā septiņi gūti vārti.Pirmās līgas debitanti SK &quot;Babīte&quot; ar maksimāli iespējamo 21 punktu septiņos mačos pašlaik ir kopvērtējuma līderi. Savukārt E. Kārkliņš ar deviņiem gūtiem vārtiem ir turnīra ceturtais rezultatīvākais spēlētājs.Kā mēneša labākais futbolists Edgars Kārkliņš saņem dāvanu karti pirkumiem veikalā &quot;Komanda&quot; un īpašu piemiņas balvu. 
</topic_text>
<spam_score>0.00</spam_score>
<post_num>1</post_num>
<post_id>post-1</post_id>
<post_url>http://www.aprinkis.lv/sports/item/30990-sk-babite-futbolists-atzits-par-pirmas-ligas-menesa-labako-speletaju</post_url>
<post_date>20160512</post_date>
<post_time></post_time>
<username>Apri</username>
<post>
Apriņķis.lv 13:35 
Par &quot;komanda.lv&quot; pirmās līgas futbola čempionāta aprīļa mēneša labāko spēlētāju kļuvis 24 gadus vecais sporta kluba &quot;Babīte&quot; komandas uzbrucējs Edgars Kārkliņš, informēja Latvijas Futbola federācijā (LFF). 
Edgars Kārkliņš par labāko tika atzīts līdzjutēju balsojumā, iegūstot pārākumu arī kopējā balsojuma ieskaitē, ko veido līdzjutēju, LFF un veikala &quot;Komanda&quot; vērtējums. 
Aprīlī viņš palīdzēja komandai uzvarēt visās piecās aizvadītajās spēlēs. Edgars visos mačos devās laukumā SK &quot;Babīte&quot; sākumsastāvā un četrās no tām izcēlās ar precīziem sitieniem. Kopumā aprīlī viņa kontā septiņi gūti vārti.Pirmās līgas debitanti SK &quot;Babīte&quot; ar maksimāli iespējamo 21 punktu septiņos mačos pašlaik ir kopvērtējuma līderi. Savukārt E. Kārkliņš ar deviņiem gūtiem vārtiem ir turnīra ceturtais rezultatīvākais spēlētājs.Kā mēneša labākais futbolists Edgars Kārkliņš saņem dāvanu karti pirkumiem veikalā &quot;Komanda&quot; un īpašu piemiņas balvu. 
</post>
<signature>

</signature>
<external_links>

</external_links>
<country>LV</country>
<main_image>http://www.aprinkis.lv/media/k2/items/cache/3d4876a24ead21c03e1ba5b333e5aedb_M.jpg</main_image>
</document>
