<?xml version="1.0" encoding="UTF-8"?>
<document>
<type>mainstream</type>
<forum></forum>
<forum_title></forum_title>
<discussion_title>Wat je aan de hand van iemands DNA te weten kunt komen - WANT</discussion_title>
<language>dutch</language>
<gmt_offset></gmt_offset>
<topic_url>http://www.want.nl/wat-je-aan-de-hand-van-iemands-dna-te-weten-kunt-komen/</topic_url>
<topic_text>
Wat je aan de hand van iemands DNA te weten kunt komen 22 uur geleden - door Daniel 
Het is tijd voor een verfrissende les biologie. Mensen kunnen veel over je te weten komen via jouw DNA . Dat we zelf maar weinig over het DNA en wat je ermee kunt weten kun je daarom ietwat apart noemen. Daarom laten wij je weten wat je aan de hand van je DNA over iemand kunt zeggen. Maar laten we eerst beginnen bij het begin en kort toelichten wat je DNA is. Wat je DNA is 
DNA is de afkorting van het Engelse ‘ Desoxyribo Nucleic Acid ‘. In het Nederlands gaat DNA als desoxyribo-nucleïnezuur door het leven. In 1953 ontdekten de onderzoekers twee James Watson en Francis Crick dat het DNA de vorm heeft van een spiraalvormig draad dat samen met een ander DNA-draad een dubbele helix vormt. Daar komt de herkenbare spiraalvorm van het DNA vandaan! Dat is niet de reden dat het DNA zo belangrijk is voor onze wereld. Jouw DNA kan je namelijk identificeren. DNA is uniek . Behalve eeneiige tweelingen heeft niemand hetzelfde DNA als elkander. Jouw unieke DNA zit daarnaast overal. In je huid, in je bloed, in je haarwortels enzovoorts. DNA leidt tot een bepaald profiel 
Oké, dus je DNA is uniek. Wat betekent dit nou? Caspar Geraedts, oud-leraar en nu werkende bij De Praktijk, doet dat uit de doeken : Zaken die je DNA regelt DNA regelt allerlei activiteiten in de cel (zoals de celdeling en de vorming van enzymen) DNA bepaalt allerlei eigenschappen van een organisme, zoals haarkleur, oogkleur en lengte DNA krijg je van je vader en je moeder: het is erfelijk DNA kan zichzelf heel precies kopiëren (alle cellen van één organisme hebben hetzelfde DNA) 
Deze factoren zorgen ervoor dat mensen aan de hand van je DNA een profiel kunnen samenstellen. Dit profiel zegt een aantal dingen over je. Zo kun je zien welk geslacht iemand kent. Ook kun je door twee profielen met elkaar te vergelijken zien of deze afkomstig is van dezelfde persoon. Het vergelijken van twee profielen met elkaar laat je ook afleiden of die twee familieleden zijn van elkaar. DNA is namelijk de drager van erfelijke informatie. Zo kun je bijvoorbeeld vaststellen of het ene profiel de moeder is van het andere profiel. Iets dat ook interessant is, is dat je aan de hand van het DNA bepaalde uiterlijke eigenschappen kunt vaststellen. Een tof project maakte hier gebruik van om mensen die zwerfafval veroorzaakten een gezicht te geven . Het gaat hierbij niet enkel om uiterlijke kenmerken trouwens. Je kunt aan de hand van je DNA ook vaststellen dat iemand bijvoorbeeld een afwijking kent en zo meer kans maakt op het krijgen van een bepaalde ziekte. 
Er zijn vele andere zaken die je met het DNA kunt. Zo wordt er bijvoorbeeld aan gentherapie gewerkt waarbij het DNA van planten en dieren wordt gemanipuleerd. Dit is bij mensen verboden, maar zou er uiteindelijk toe kunnen leiden dat we mensen creëren zonder zaken als erfelijke ziektes. Ook wordt er aan de hand van bepaalde DNA-eigenschappen groepen van mensen gemaakt, zoals bijvoorbeeld mensen die in Europa wonen. Die DNA-structuren lijken namelijk op elkaar. Zo kunnen we nog wel even doorgaan, maar het meest algemene dat je van je DNA kunt afleiden hebben we in het bovenstaande genoemd! 
Je kunt aan de hand van je DNA dus flink wat over iemand zeggen. Aangezien je DNA uniek is kun je iemand eraan identificeren. Echter zegt je DNA ook iets over anderen. Of ze jou wel of niet zijn en of ze familie van je zijn bijvoorbeeld. Wat wij echter het meest bijzonder vinden is het feit dat je uiterlijke kenmerken aan de hand van je DNA kunt vaststellen. Zo kan één klein DNA-monster ervoor zorgen dat je iemands’ uiterlijk (deels) kunt vaststellen. Gaaf! 
</topic_text>
<spam_score>0.00</spam_score>
<post_num>1</post_num>
<post_id>post-1</post_id>
<post_url>http://www.want.nl/wat-je-aan-de-hand-van-iemands-dna-te-weten-kunt-komen/</post_url>
<post_date>20160511</post_date>
<post_time></post_time>
<username></username>
<post>
Wat je aan de hand van iemands DNA te weten kunt komen 22 uur geleden - door Daniel 
Het is tijd voor een verfrissende les biologie. Mensen kunnen veel over je te weten komen via jouw DNA . Dat we zelf maar weinig over het DNA en wat je ermee kunt weten kun je daarom ietwat apart noemen. Daarom laten wij je weten wat je aan de hand van je DNA over iemand kunt zeggen. Maar laten we eerst beginnen bij het begin en kort toelichten wat je DNA is. Wat je DNA is 
DNA is de afkorting van het Engelse ‘ Desoxyribo Nucleic Acid ‘. In het Nederlands gaat DNA als desoxyribo-nucleïnezuur door het leven. In 1953 ontdekten de onderzoekers twee James Watson en Francis Crick dat het DNA de vorm heeft van een spiraalvormig draad dat samen met een ander DNA-draad een dubbele helix vormt. Daar komt de herkenbare spiraalvorm van het DNA vandaan! Dat is niet de reden dat het DNA zo belangrijk is voor onze wereld. Jouw DNA kan je namelijk identificeren. DNA is uniek . Behalve eeneiige tweelingen heeft niemand hetzelfde DNA als elkander. Jouw unieke DNA zit daarnaast overal. In je huid, in je bloed, in je haarwortels enzovoorts. DNA leidt tot een bepaald profiel 
Oké, dus je DNA is uniek. Wat betekent dit nou? Caspar Geraedts, oud-leraar en nu werkende bij De Praktijk, doet dat uit de doeken : Zaken die je DNA regelt DNA regelt allerlei activiteiten in de cel (zoals de celdeling en de vorming van enzymen) DNA bepaalt allerlei eigenschappen van een organisme, zoals haarkleur, oogkleur en lengte DNA krijg je van je vader en je moeder: het is erfelijk DNA kan zichzelf heel precies kopiëren (alle cellen van één organisme hebben hetzelfde DNA) 
Deze factoren zorgen ervoor dat mensen aan de hand van je DNA een profiel kunnen samenstellen. Dit profiel zegt een aantal dingen over je. Zo kun je zien welk geslacht iemand kent. Ook kun je door twee profielen met elkaar te vergelijken zien of deze afkomstig is van dezelfde persoon. Het vergelijken van twee profielen met elkaar laat je ook afleiden of die twee familieleden zijn van elkaar. DNA is namelijk de drager van erfelijke informatie. Zo kun je bijvoorbeeld vaststellen of het ene profiel de moeder is van het andere profiel. Iets dat ook interessant is, is dat je aan de hand van het DNA bepaalde uiterlijke eigenschappen kunt vaststellen. Een tof project maakte hier gebruik van om mensen die zwerfafval veroorzaakten een gezicht te geven . Het gaat hierbij niet enkel om uiterlijke kenmerken trouwens. Je kunt aan de hand van je DNA ook vaststellen dat iemand bijvoorbeeld een afwijking kent en zo meer kans maakt op het krijgen van een bepaalde ziekte. 
Er zijn vele andere zaken die je met het DNA kunt. Zo wordt er bijvoorbeeld aan gentherapie gewerkt waarbij het DNA van planten en dieren wordt gemanipuleerd. Dit is bij mensen verboden, maar zou er uiteindelijk toe kunnen leiden dat we mensen creëren zonder zaken als erfelijke ziektes. Ook wordt er aan de hand van bepaalde DNA-eigenschappen groepen van mensen gemaakt, zoals bijvoorbeeld mensen die in Europa wonen. Die DNA-structuren lijken namelijk op elkaar. Zo kunnen we nog wel even doorgaan, maar het meest algemene dat je van je DNA kunt afleiden hebben we in het bovenstaande genoemd! 
Je kunt aan de hand van je DNA dus flink wat over iemand zeggen. Aangezien je DNA uniek is kun je iemand eraan identificeren. Echter zegt je DNA ook iets over anderen. Of ze jou wel of niet zijn en of ze familie van je zijn bijvoorbeeld. Wat wij echter het meest bijzonder vinden is het feit dat je uiterlijke kenmerken aan de hand van je DNA kunt vaststellen. Zo kan één klein DNA-monster ervoor zorgen dat je iemands’ uiterlijk (deels) kunt vaststellen. Gaaf! 
</post>
<signature>

</signature>
<external_links>

</external_links>
<country>US</country>
<main_image>http://www.want.nl/wp-content/uploads/2016/05/DNA-F-WANT.jpg</main_image>
</document>
