<?xml version="1.0" encoding="UTF-8"?>
<document>
<type>mainstream</type>
<forum>http://imparcialoaxaca.mx/ultimas/super-deportivo.rss</forum>
<forum_title>El Imparcial &gt; Súper Deportivo</forum_title>
<discussion_title>Guerreros siguen sin levantar</discussion_title>
<language>spanish</language>
<gmt_offset></gmt_offset>
<topic_url>http://imparcialoaxaca.mx/super-deportivo/aej/guerreros-siguen-sin-levantar</topic_url>
<topic_text>
En manos de Logan Durán, los Olmecas aseguran la serie por Redacción Imparcial Twittear 
VILLAHERMOSA, TABASCO.- Con serpentina de 7 entradas completas de Logan Durán, los Olmecas de Tabasco aseguran la serie frente a los Guerreros de Oaxaca con pizarra 3-1; Juan SilverIo conectó su cuarto cuadrangular del año en la octava entrada en su parte baja. 
Con sencillo productor de dos carreras de Yosmany Guerra al prado derecho, los Olmecas de Tabasco se pusieron arriba en la pizarra en la baja de la segunda entrada frente a los lanzamientos de Alejandro Soto. 
Oaxaca fabricó una carrera en la alta de la cuarta entrada con sencillo productor de Frank Díaz al prado de la derecha, anotando desde la intermedia Irving Falú con la carrera de la quiniela. 
El dominicano Juan Silverio conectó cuadrangular solitario en la baja de la octava entrada frente al relevo de Melvin Mercedes, aumentando la ventaja de los locales 3-1. 
La victoria es para Logan Durán, quien lanza por espacio de 7 entradas completas, acepta 7 hits, 1 carrera y poncha a 4 rivales; la derrota es para Alejandro Soto lanzando 6 innings, acepta 7 hits, 2 carreras y regala 3 bases por bolas. 
Luis Ayala consigue su quinto salvamento al trabajar una entrada completa aceptando sólo un imparable. 
Para el último juego de la serie, los lanzadores probables son Daniel Guerrero por los visitantes y Ángel Araiza por los locales.
</topic_text>
<spam_score>0.00</spam_score>
<post_num>1</post_num>
<post_id>post-1</post_id>
<post_url>http://imparcialoaxaca.mx/super-deportivo/aej/guerreros-siguen-sin-levantar</post_url>
<post_date>20160512</post_date>
<post_time>1313</post_time>
<username>admin@imparcialenlinea.com (Redacción Imparcial)</username>
<post>
En manos de Logan Durán, los Olmecas aseguran la serie por Redacción Imparcial Twittear 
VILLAHERMOSA, TABASCO.- Con serpentina de 7 entradas completas de Logan Durán, los Olmecas de Tabasco aseguran la serie frente a los Guerreros de Oaxaca con pizarra 3-1; Juan SilverIo conectó su cuarto cuadrangular del año en la octava entrada en su parte baja. 
Con sencillo productor de dos carreras de Yosmany Guerra al prado derecho, los Olmecas de Tabasco se pusieron arriba en la pizarra en la baja de la segunda entrada frente a los lanzamientos de Alejandro Soto. 
Oaxaca fabricó una carrera en la alta de la cuarta entrada con sencillo productor de Frank Díaz al prado de la derecha, anotando desde la intermedia Irving Falú con la carrera de la quiniela. 
El dominicano Juan Silverio conectó cuadrangular solitario en la baja de la octava entrada frente al relevo de Melvin Mercedes, aumentando la ventaja de los locales 3-1. 
La victoria es para Logan Durán, quien lanza por espacio de 7 entradas completas, acepta 7 hits, 1 carrera y poncha a 4 rivales; la derrota es para Alejandro Soto lanzando 6 innings, acepta 7 hits, 2 carreras y regala 3 bases por bolas. 
Luis Ayala consigue su quinto salvamento al trabajar una entrada completa aceptando sólo un imparable. 
Para el último juego de la serie, los lanzadores probables son Daniel Guerrero por los visitantes y Ángel Araiza por los locales.
</post>
<signature>

</signature>
<external_links>

</external_links>
<country>MX</country>
<main_image>http://media.imparcialoaxaca.mx/imagenes/large/57348160a20541296affb3ab.jpg</main_image>
</document>
