<?xml version="1.0" encoding="UTF-8"?>
<document>
<type>mainstream</type>
<forum></forum>
<forum_title></forum_title>
<discussion_title>A beautiful bird Green Bee-eater sitting on branch of tree while open beak due to scorching hot weather in Provincial Capital. APP Photo by Rana Imran | APP Photo Service</discussion_title>
<language>english</language>
<gmt_offset></gmt_offset>
<topic_url>http://photo.app.com.pk/photo/2016/05/a-beautiful-bird-green-bee-eater-sitting-on-branch-of-tree-while-open-beak-due-to-scorching-hot-weather-in-provincial-capital-app-photo-by-rana-imran/</topic_url>
<topic_text>
A beautiful bird Green Bee-eater sitting on branch of tree while open beak due to scorching hot weather in Provincial Capital. APP Photo by Rana Imran May 12, 2016 
</topic_text>
<spam_score>0.00</spam_score>
<post_num>1</post_num>
<post_id>post-1</post_id>
<post_url>http://photo.app.com.pk/photo/2016/05/a-beautiful-bird-green-bee-eater-sitting-on-branch-of-tree-while-open-beak-due-to-scorching-hot-weather-in-provincial-capital-app-photo-by-rana-imran/</post_url>
<post_date>20160512</post_date>
<post_time></post_time>
<username></username>
<post>
A beautiful bird Green Bee-eater sitting on branch of tree while open beak due to scorching hot weather in Provincial Capital. APP Photo by Rana Imran May 12, 2016 
</post>
<signature>

</signature>
<external_links>

</external_links>
<country>US</country>
<main_image>http://photo.app.com.pk/photo/wp-content/uploads/2016/05/APP46-12Lahore.jpg</main_image>
</document>
