<?xml version="1.0" encoding="UTF-8"?>
<document>
<type>mainstream</type>
<forum>http://www.ideal.es/sociedad/?reducido=1&amp;pag=657</forum>
<forum_title></forum_title>
<discussion_title>Figo, el perro guía que se lanzó delante de un autobús para salvar la vida de su dueña ciega</discussion_title>
<language>spanish</language>
<gmt_offset></gmt_offset>
<topic_url>http://www.ideal.es/sociedad/201506/10/figo-perro-guia-lanzo-20150610103949.html</topic_url>
<topic_text>
Nuevo acto de heroicidad protagonizado por un perro guía, en este caso en Brewster, en el estado de New York. Figo, como se llama el can, no dudó en tirarse delante de un autobús escolar en marcha para proteger a su dueña ciega. Según informa Fox News , ahora ambos se recuperan de sus graves heridas tras un accidente que pudo resultar fatal.
Audrey Stone , de 62 años se encuentra hospitalizada en el hospital Danbury donde se recupera de varias fracturas en el tobillo, el codo y las costillas . Por su parte, Figo ha tenido que ser operado y ha perdido parte de su pata que quedó aplastada por el autobús.
Los testigos del accidente aseguran que el perro no quiso separarse de su dueña en todo momento y el portavoz de la Policía que se ha hecho caro del caso sostiene que “estaba recto delante de ella, estaba allí para salvarla”.
Finalmente tuvieron que separarse cuando la dueña fue trasladada al hospital y no podrá verla hasta que Audrey no esté recuperada de sus heridas.
Lo Más lo más 50
</topic_text>
<spam_score>0.00</spam_score>
<post_num>1</post_num>
<post_id>post-1</post_id>
<post_url>http://www.ideal.es/sociedad/201506/10/figo-perro-guia-lanzo-20150610103949.html</post_url>
<post_date>20150610</post_date>
<post_time>1311</post_time>
<username>IDEAL SOCIEDAD</username>
<post>
Nuevo acto de heroicidad protagonizado por un perro guía, en este caso en Brewster, en el estado de New York. Figo, como se llama el can, no dudó en tirarse delante de un autobús escolar en marcha para proteger a su dueña ciega. Según informa Fox News , ahora ambos se recuperan de sus graves heridas tras un accidente que pudo resultar fatal.
Audrey Stone , de 62 años se encuentra hospitalizada en el hospital Danbury donde se recupera de varias fracturas en el tobillo, el codo y las costillas . Por su parte, Figo ha tenido que ser operado y ha perdido parte de su pata que quedó aplastada por el autobús.
Los testigos del accidente aseguran que el perro no quiso separarse de su dueña en todo momento y el portavoz de la Policía que se ha hecho caro del caso sostiene que “estaba recto delante de ella, estaba allí para salvarla”.
Finalmente tuvieron que separarse cuando la dueña fue trasladada al hospital y no podrá verla hasta que Audrey no esté recuperada de sus heridas.
Lo Más lo más 50
</post>
<signature>

</signature>
<external_links>
<external_link>http://www.foxnews.com/us/2015/06/10/service-dog-throws-self-in-bus-path-to-protect-blind-owner/</external_link>
</external_links>
<country>ES</country>
<main_image>http://www.ideal.es/noticias/201506/10/media/cortadas/dog--575x323.jpg</main_image>
</document>
