<?xml version="1.0" encoding="UTF-8"?>
<document>
<type>mainstream</type>
<forum></forum>
<forum_title></forum_title>
<discussion_title>12 timers intens træningsbootcamp med Thomas Rode &amp; Ole Cosmus - Byliv | AOK</discussion_title>
<language>danish</language>
<gmt_offset></gmt_offset>
<topic_url>http://www.aok.dk/byliv/12-timers-intens-traeningsbootcamp-med-thomas-rode-ole-cosmus</topic_url>
<topic_text>
12 timers intens træningsbootcamp med Thomas Rode &amp; Ole Cosmus Tidspunkt &quot;Smæk på KS&quot; - men only Brugeromtale Oprettet af: Kurhotel Skodsborg 12. maj 2016 Senest redigeret af Kurhotel Skodsborg 12. maj 2016 
Udfordr dig selv med en 12 timers intens &quot;training for warriors&quot; bootcamp med Kurhotel Skodsborgs CrossFit guruer Ole Cosmus og Thomas Rode. Ole kommer fra en stilling som seniorsergent og idrætsleder ved Den Kongelige Livgarde og har over 30 års erfaring med militær fysisk træning og undervisning. Thomas, tidligere Michelin-kok, er ansat som Functional Lifestyle Mentor og underviser også hold i CrossFit. Sammen med de to vil du opleve en dag fyldt med fysiske udfordringer og selvlavet mad på bål. De 12 timer indeholder bl.a. saunagus og et frisk havdyp i Øresund. Alt i alt vil det være en udfordrende og styrkende oplevelse der rykker dine grænser. 
Programmet er som følger: 
</topic_text>
<spam_score>0.00</spam_score>
<post_num>1</post_num>
<post_id>post-1</post_id>
<post_url>http://www.aok.dk/byliv/12-timers-intens-traeningsbootcamp-med-thomas-rode-ole-cosmus</post_url>
<post_date>20161205</post_date>
<post_time></post_time>
<username></username>
<post>
12 timers intens træningsbootcamp med Thomas Rode &amp; Ole Cosmus Tidspunkt &quot;Smæk på KS&quot; - men only Brugeromtale Oprettet af: Kurhotel Skodsborg 12. maj 2016 Senest redigeret af Kurhotel Skodsborg 12. maj 2016 
Udfordr dig selv med en 12 timers intens &quot;training for warriors&quot; bootcamp med Kurhotel Skodsborgs CrossFit guruer Ole Cosmus og Thomas Rode. Ole kommer fra en stilling som seniorsergent og idrætsleder ved Den Kongelige Livgarde og har over 30 års erfaring med militær fysisk træning og undervisning. Thomas, tidligere Michelin-kok, er ansat som Functional Lifestyle Mentor og underviser også hold i CrossFit. Sammen med de to vil du opleve en dag fyldt med fysiske udfordringer og selvlavet mad på bål. De 12 timer indeholder bl.a. saunagus og et frisk havdyp i Øresund. Alt i alt vil det være en udfordrende og styrkende oplevelse der rykker dine grænser. 
Programmet er som følger: 
</post>
<signature>

</signature>
<external_links>

</external_links>
<country>DK</country>
<main_image>http://a.bimg.dk/node-images/298/13/2200x/13298232-node-image-upload-smk-p-ks-aoktmp.jpg</main_image>
</document>
