<?xml version="1.0" encoding="UTF-8"?>
<document>
<type>mainstream</type>
<forum>http://wn.com/Elizabeth_Thompson</forum>
<forum_title>Elizabeth Thompson</forum_title>
<discussion_title>Trudeau &amp; the Saudi Arms Deal</discussion_title>
<language>english</language>
<gmt_offset>6</gmt_offset>
<topic_url>http://article.wn.com/view/2016/02/11/Trudeau_the_Saudi_Arms_Deal/</topic_url>
<topic_text>
Things are definitely heating up around the controversial $15 billion Saudi arms deal that the Canadian government of Stephen Harper arranged in 2014 on behalf of General Dynamics and which the new Justin Trudeau Liberal government refuses
</topic_text>
<spam_score>0.00</spam_score>
<post_num>1</post_num>
<post_id>post-1</post_id>
<post_url>http://article.wn.com/view/2016/02/11/Trudeau_the_Saudi_Arms_Deal/</post_url>
<post_date>20160211</post_date>
<post_time></post_time>
<username>wn.com</username>
<post>
Things are definitely heating up around the controversial $15 billion Saudi arms deal that the Canadian government of Stephen Harper arranged in 2014 on behalf of General Dynamics and which the new Justin Trudeau Liberal government refuses
</post>
<signature>

</signature>
<external_links>

</external_links>
<country>GB</country>
<main_image>http://i.ytimg.com/vi/fS6xpmg-3u4/0.jpg</main_image>
</document>
