<?xml version="1.0" encoding="UTF-8"?>
<document>
<type>mainstream</type>
<forum></forum>
<forum_title></forum_title>
<discussion_title>Ghanaians in UK to hit streets in protest against Mahama’s administration • XbitGh | News At The Best</discussion_title>
<language>english</language>
<gmt_offset></gmt_offset>
<topic_url>http://xbitgh.com/ghanaians-uk-hit-streets-protest-mahamas-administration/</topic_url>
<topic_text>
Google + 
Come tomorrow, May 13 some Ghanaians living in London will hit the streets in protest over Ghana’s abysmal economic conditions. 
Aside that, the demonstrators will also urge the EC to exhibit neutrality in the upcoming polls so that no party will feel cheated or sidelined. 
The Coalition of Ghanaians against Electoral Fraud (COGEF) and Ghanaians Abroad Against Corruption (GHACO), Ghanaian civic society groups invite all Ghanaians in the UK to join them for a peaceful demonstration to register their displeasure about issues economic mismanagement, corruption, embezzlement of public funds, electoral manipulation of the voters register to rig elections amongst others. You like this? Share with friends &amp; Family 
</topic_text>
<spam_score>0.00</spam_score>
<post_num>1</post_num>
<post_id>post-1</post_id>
<post_url>http://xbitgh.com/ghanaians-uk-hit-streets-protest-mahamas-administration/</post_url>
<post_date>20160512</post_date>
<post_time></post_time>
<username>Derrick Asare</username>
<post>
Google + 
Come tomorrow, May 13 some Ghanaians living in London will hit the streets in protest over Ghana’s abysmal economic conditions. 
Aside that, the demonstrators will also urge the EC to exhibit neutrality in the upcoming polls so that no party will feel cheated or sidelined. 
The Coalition of Ghanaians against Electoral Fraud (COGEF) and Ghanaians Abroad Against Corruption (GHACO), Ghanaian civic society groups invite all Ghanaians in the UK to join them for a peaceful demonstration to register their displeasure about issues economic mismanagement, corruption, embezzlement of public funds, electoral manipulation of the voters register to rig elections amongst others. You like this? Share with friends &amp; Family 
</post>
<signature>

</signature>
<external_links>

</external_links>
<country>US</country>
<main_image>http://i2.wp.com/xbitgh.com/wp-content/uploads/2016/05/UK-DEMO.jpg?resize=480%2C270</main_image>
</document>
