<?xml version="1.0" encoding="UTF-8"?>
<document>
<type>mainstream</type>
<forum>http://www.leparisien.fr/val-d-oise-95</forum>
<forum_title>Actualités Val-d&apos;Oise (95) et infos Val-d&apos;Oise en direct</forum_title>
<discussion_title>Goussainville très remonté contre la future décharge</discussion_title>
<language>french</language>
<gmt_offset></gmt_offset>
<topic_url>http://www.leparisien.fr/informations/goussainville-vent-debout-contre-la-future-decharge-12-05-2016-5789871.php</topic_url>
<topic_text>
Il était un projet implanté dans la ville de Louvres, mais qui ne générait de l’inquiétude que chez les habitants de… Goussainville ! D’ici la fin de l’année, une installation de stockage de déchets inertes (ISDI) doit voir le jour sur un terrain situé tout près de la Francilienne, sur une surface de 26,68 ha.
Un site géographiquement basé sur Louvres, bien que les premières habitations de la commune soient situées à plusieurs kilomètres. Il est en revanche limitrophe de Goussainville, et notamment du quartier pavillonnaire des Noues. Sur place, les travaux d’aménagement des accès au site ont déjà débuté.
Une situation qui agace vivement la municipalité de Goussainville. Elle vient de lancer une pétition. Une motion opposée à la création de ce site, qui permettra d’enfouir divers types de déchets (terres, pierres…) issus de travaux du BTP, a également été votée à l’unanimité en conseil municipal.
(LP/A.L.)
« Il est inacceptable que les habitants soient impactés par de multiples nuisances pendant une période de cinq ans (NDLR : durée prévue de l’exploitation du site) », tempête le maire (DVG) Alain Louis. Et de dénoncer des problèmes « sonores », « visuels », « olfactifs »… La ville craint notamment le bruit engendré par le « ballet quotidien de camions » et toute la poussière que cette circulation devrait engendrer.
La commune regrette également un manque de communication de la société ECT , leader français de gestion et de stockage de matériaux inertes, qui assurera l’exploitation du site. Dans le quartier des Noues, à Goussainville, rares sont les habitants au fait du projet. « Ce n’est pas normal qu’on ne soit pas au courant ! » s’insurge Sonia. L’un de ses voisins, Joaquim, qui vit sur place depuis seize ans, en a « vaguement entendu parler ». « Si cela se fait, c’est inadmissible, poursuit-il. Mon pavillon va perdre au moins 30 % de sa valeur. J’aurais bossé durant plus de quinze ans pour perdre tout ça ? »
La société ECT, tout comme la ville de Louvres et le conseil départemental, maître d’ouvrage du projet, n’ont pas souhaité s’exprimer avant le passage en commission départementale du dossier, prévu fin juin. Ce n’est qu’après que la préfecture validera, ou non, le projet.
Parmi les membres de cette commission, l’association Val-d’Oise Environnement (VOE), qui a déjà prévu d’émettre un avis défavorable. « Nous ne voulons pas que toutes les terres agricoles de la Plaine de France servent à enfouir les déchets du Grand Paris, explique Bernard Loup, le président de VOE. Ce genre d’équipement ne fait jamais de bien aux terres, même si l’exploitant est censé rendre au bout de cinq ans un site de nouveau cultivable. »
Le mot : déchets inertes Les déchets inertes proviennent en grande majorité des chantiers des travaux publics et du bâtiment. Il s’agit notamment de terres, de déblais ou de gravats non pollués… Ces déchets « ne détériorent pas d’autres matières avec lesquelles ils entrent en contact d’une manière susceptible d’entraîner une pollution de l’environnement ou de nuire à la santé humaine », d’après la définition du Code de l’environnement.
Concrètement, durant cinq ans, la société qui exploite une installation de stockage de déchets inertes (ISDI) remue la terre pour y enfouir ces déchets. Les terrains choisis ont généralement des creux à combler. La terre est ensuite censée être de nouveau cultivable.
Il était un projet implanté dans la ville de Louvres, mais qui ne générait de l’inquiétude que chez les habitants de… Goussainville ! D’ici la fin de l’année, une installation de...
Le Parisien
</topic_text>
<spam_score>0.00</spam_score>
<post_num>1</post_num>
<post_id>post-1</post_id>
<post_url>http://www.leparisien.fr/informations/goussainville-vent-debout-contre-la-future-decharge-12-05-2016-5789871.php</post_url>
<post_date>20160512</post_date>
<post_time>1823</post_time>
<username>leparisien.fr</username>
<post>
Il était un projet implanté dans la ville de Louvres, mais qui ne générait de l’inquiétude que chez les habitants de… Goussainville ! D’ici la fin de l’année, une installation de stockage de déchets inertes (ISDI) doit voir le jour sur un terrain situé tout près de la Francilienne, sur une surface de 26,68 ha.
Un site géographiquement basé sur Louvres, bien que les premières habitations de la commune soient situées à plusieurs kilomètres. Il est en revanche limitrophe de Goussainville, et notamment du quartier pavillonnaire des Noues. Sur place, les travaux d’aménagement des accès au site ont déjà débuté.
Une situation qui agace vivement la municipalité de Goussainville. Elle vient de lancer une pétition. Une motion opposée à la création de ce site, qui permettra d’enfouir divers types de déchets (terres, pierres…) issus de travaux du BTP, a également été votée à l’unanimité en conseil municipal.
(LP/A.L.)
« Il est inacceptable que les habitants soient impactés par de multiples nuisances pendant une période de cinq ans (NDLR : durée prévue de l’exploitation du site) », tempête le maire (DVG) Alain Louis. Et de dénoncer des problèmes « sonores », « visuels », « olfactifs »… La ville craint notamment le bruit engendré par le « ballet quotidien de camions » et toute la poussière que cette circulation devrait engendrer.
La commune regrette également un manque de communication de la société ECT , leader français de gestion et de stockage de matériaux inertes, qui assurera l’exploitation du site. Dans le quartier des Noues, à Goussainville, rares sont les habitants au fait du projet. « Ce n’est pas normal qu’on ne soit pas au courant ! » s’insurge Sonia. L’un de ses voisins, Joaquim, qui vit sur place depuis seize ans, en a « vaguement entendu parler ». « Si cela se fait, c’est inadmissible, poursuit-il. Mon pavillon va perdre au moins 30 % de sa valeur. J’aurais bossé durant plus de quinze ans pour perdre tout ça ? »
La société ECT, tout comme la ville de Louvres et le conseil départemental, maître d’ouvrage du projet, n’ont pas souhaité s’exprimer avant le passage en commission départementale du dossier, prévu fin juin. Ce n’est qu’après que la préfecture validera, ou non, le projet.
Parmi les membres de cette commission, l’association Val-d’Oise Environnement (VOE), qui a déjà prévu d’émettre un avis défavorable. « Nous ne voulons pas que toutes les terres agricoles de la Plaine de France servent à enfouir les déchets du Grand Paris, explique Bernard Loup, le président de VOE. Ce genre d’équipement ne fait jamais de bien aux terres, même si l’exploitant est censé rendre au bout de cinq ans un site de nouveau cultivable. »
Le mot : déchets inertes Les déchets inertes proviennent en grande majorité des chantiers des travaux publics et du bâtiment. Il s’agit notamment de terres, de déblais ou de gravats non pollués… Ces déchets « ne détériorent pas d’autres matières avec lesquelles ils entrent en contact d’une manière susceptible d’entraîner une pollution de l’environnement ou de nuire à la santé humaine », d’après la définition du Code de l’environnement.
Concrètement, durant cinq ans, la société qui exploite une installation de stockage de déchets inertes (ISDI) remue la terre pour y enfouir ces déchets. Les terrains choisis ont généralement des creux à combler. La terre est ensuite censée être de nouveau cultivable.
Il était un projet implanté dans la ville de Louvres, mais qui ne générait de l’inquiétude que chez les habitants de… Goussainville ! D’ici la fin de l’année, une installation de...
Le Parisien
</post>
<signature>

</signature>
<external_links>

</external_links>
<country>FR</country>
<main_image>http://s1.lprs1.fr/images/2016/05/12/5789871_686a2ea4-1832-11e6-9ecd-9b90c69656d8-1.jpg</main_image>
</document>
