<?xml version="1.0" encoding="UTF-8"?>
<document>
<type>mainstream</type>
<forum>http://www.vitalfootball.co.uk/rss.asp?t=45AEA135-598A-48E4-A39A-66FA7F81ABA6</forum>
<forum_title>VitalFootball Feed: Man City</forum_title>
<discussion_title>(Video) Man City Loan Watch &amp; Season Review</discussion_title>
<language>english</language>
<gmt_offset></gmt_offset>
<topic_url>http://www.manchestercity.vitalfootball.co.uk/article.asp?a=566423</topic_url>
<topic_text>
(Video) Man City Loan Watch &amp; Season Review What&apos;s being said in the forum now? Click to join the VMC forum! 
During this season Manchester City loaned out 15 of its players, but who are they and how are they performing?The majority will return to the Etihad for pre-season training, assessments and then decisions will be made on whether to send them back on loan, sell or terminate their contracts. One or two others were farmed out, on loan for more than 12-months and will remain with their current clubs.The boys over at Blue Moon Rising TV concentrate on a small selection (15 would be far too many) and in doing so give us an update on their progress. City players out on loan Jason Denayer
</topic_text>
<spam_score>0.00</spam_score>
<post_num>1</post_num>
<post_id>post-1</post_id>
<post_url>http://www.manchestercity.vitalfootball.co.uk/article.asp?a=566423</post_url>
<post_date>20160512</post_date>
<post_time>0747</post_time>
<username></username>
<post>
(Video) Man City Loan Watch &amp; Season Review What&apos;s being said in the forum now? Click to join the VMC forum! 
During this season Manchester City loaned out 15 of its players, but who are they and how are they performing?The majority will return to the Etihad for pre-season training, assessments and then decisions will be made on whether to send them back on loan, sell or terminate their contracts. One or two others were farmed out, on loan for more than 12-months and will remain with their current clubs.The boys over at Blue Moon Rising TV concentrate on a small selection (15 would be far too many) and in doing so give us an update on their progress. City players out on loan Jason Denayer
</post>
<signature>

</signature>
<external_links>

</external_links>
<country>GB</country>
<main_image>http://www.manchestercity.vitalfootball.co.uk/resource/football/globalmedia/facebook/default.jpg</main_image>
</document>
