<?xml version="1.0" encoding="UTF-8"?>
<document>
<type>mainstream</type>
<forum></forum>
<forum_title></forum_title>
<discussion_title>Aprinkis.lv - Reirs: Pilsoniskās sabiedrības iesaistei bija izšķiroša loma ceļā uz Stambulas konvencijas parakstīšanu</discussion_title>
<language>latvian</language>
<gmt_offset></gmt_offset>
<topic_url>http://www.aprinkis.lv/component/k2/item/30992-reirs-pilsoniskas-sabiedribas-iesaistei-bija-izskirosa-loma-cela-uz-stambulas-konvencijas-parakstisanu</topic_url>
<topic_text>
Apriņķis.lv 14:05 
Ceturtdien labklājības ministrs Jānis Reirs tikās ar iesaistītajiem politikas veidotājiem un nevalstisko organizāciju pārstāvjiem, kas veicināja Latvijas virzību Stambulas konvencijas parakstīšanai. 
&quot;Demokrātija ir jāveido un jāaizstāv katru dienu, un sabiedrības politiskajai iesaistei ir ārkārtīgi būtiska nozīme. Politikas veidošana nozīmē ciešu sadarbību starp politiķiem un pilsonisko sabiedrību. Ceļā uz Stambulas konvencijas parakstīšanu nevalstiskajām organizācijām un aktīviem profesionāļiem bija izšķiroša loma, tāpēc šodien pateicos visiem, kas nebaidījās paust publisku atbalstu un tādējādi ļaut Latvijai spert būtisku soli pretī vardarbības izskaušanai ģimenē,&quot; Labklājības ministrijas paziņojumā citēts J. Reirs. 
Ministrs arī pateicās Latvijas valsts prezidentam Raimondam Vējonim un Ministru prezidentam Mārim Kučinskim par atbalstu Stambulas konvencijas jautājuma pozitīvai virzībai.Kā zināms, 10. maija sēdē Ministru kabinets pieņēma lēmumu pilnvarot labklājības ministru parakstīt Eiropas Padomes konvenciju par vardarbības pret sievietēm un vardarbības ģimenē novēršanu un apkarošanu jeb Stambulas konvenciju. Vistuvākajā laikā Labklājības ministrija ar Latvijas pārstāvniecību Eiropas Padomē saskaņos dokumenta parakstīšanas datumu.Latvijai Stambulas konvencija ir svarīga, lai efektīvāk novērstu un mazinātu vardarbību pret sievietēm un vardarbību ģimenē – pret sievietēm, vīriešiem un bērniem.Konvencijā uzsvērts, ka ir svarīgi mainīt attieksmi un stereotipus, kas padara vardarbību pieņemamu, veicināt izpratni par vardarbības dažādām formām un to traumējošo raksturu, izglītot sabiedrību par sieviešu un vīriešu līdzvērtību, kas balstās savstarpējā cieņā un atbalstā, kā arī tiesībās un iespējās. Iepriekš : 
</topic_text>
<spam_score>0.00</spam_score>
<post_num>1</post_num>
<post_id>post-1</post_id>
<post_url>http://www.aprinkis.lv/component/k2/item/30992-reirs-pilsoniskas-sabiedribas-iesaistei-bija-izskirosa-loma-cela-uz-stambulas-konvencijas-parakstisanu</post_url>
<post_date>20160512</post_date>
<post_time></post_time>
<username>Apri</username>
<post>
Apriņķis.lv 14:05 
Ceturtdien labklājības ministrs Jānis Reirs tikās ar iesaistītajiem politikas veidotājiem un nevalstisko organizāciju pārstāvjiem, kas veicināja Latvijas virzību Stambulas konvencijas parakstīšanai. 
&quot;Demokrātija ir jāveido un jāaizstāv katru dienu, un sabiedrības politiskajai iesaistei ir ārkārtīgi būtiska nozīme. Politikas veidošana nozīmē ciešu sadarbību starp politiķiem un pilsonisko sabiedrību. Ceļā uz Stambulas konvencijas parakstīšanu nevalstiskajām organizācijām un aktīviem profesionāļiem bija izšķiroša loma, tāpēc šodien pateicos visiem, kas nebaidījās paust publisku atbalstu un tādējādi ļaut Latvijai spert būtisku soli pretī vardarbības izskaušanai ģimenē,&quot; Labklājības ministrijas paziņojumā citēts J. Reirs. 
Ministrs arī pateicās Latvijas valsts prezidentam Raimondam Vējonim un Ministru prezidentam Mārim Kučinskim par atbalstu Stambulas konvencijas jautājuma pozitīvai virzībai.Kā zināms, 10. maija sēdē Ministru kabinets pieņēma lēmumu pilnvarot labklājības ministru parakstīt Eiropas Padomes konvenciju par vardarbības pret sievietēm un vardarbības ģimenē novēršanu un apkarošanu jeb Stambulas konvenciju. Vistuvākajā laikā Labklājības ministrija ar Latvijas pārstāvniecību Eiropas Padomē saskaņos dokumenta parakstīšanas datumu.Latvijai Stambulas konvencija ir svarīga, lai efektīvāk novērstu un mazinātu vardarbību pret sievietēm un vardarbību ģimenē – pret sievietēm, vīriešiem un bērniem.Konvencijā uzsvērts, ka ir svarīgi mainīt attieksmi un stereotipus, kas padara vardarbību pieņemamu, veicināt izpratni par vardarbības dažādām formām un to traumējošo raksturu, izglītot sabiedrību par sieviešu un vīriešu līdzvērtību, kas balstās savstarpējā cieņā un atbalstā, kā arī tiesībās un iespējās. Iepriekš : 
</post>
<signature>

</signature>
<external_links>

</external_links>
<country>LV</country>
<main_image>http://www.aprinkis.lv/media/k2/items/cache/31940fa182f546e64859b4b414e30c23_M.jpg</main_image>
</document>
