<?xml version="1.0" encoding="UTF-8"?>
<document>
<type>mainstream</type>
<forum>http://www.gci-klug.jp/rss2.xml</forum>
<forum_title>Klug クルーク</forum_title>
<discussion_title>NY市場 米利上げについて米エコノミストの見方も別れる 6月...</discussion_title>
<language>japanese</language>
<gmt_offset></gmt_offset>
<topic_url>http://klug-fx.jp/fxnews/detail.php?id=312247</topic_url>
<topic_text>
年内の米利上げ動向について、市場も見方が分かれており、コンセンサスを形成できない状況が続いている。米ウォールストリート・ジャーナル（ＷＳＪ）が、先ほどエコノミスト調査を公表しており、6月利上げを見込むエコノミストの割合は31％、7月が21％、9月まで利上げはないが31％となった。ちなみに、4月の調査では75％が6月利上げを予想していた。 利上げ期待が後退した背景には第1四半期のＧＤＰが前期比年率で＋0.5％と成長が大きく鈍化したことや、先週発表の米雇用統計で非農業部門雇用者数の伸びが16万人に留まったことなどがあげられている。また、6月については、ＦＯＭＣの翌週に英国でＥＵ離脱の国民投票が実施されることなどが指摘されている。 米利上げについては、市場でも6月の可能性は完全に後退しており、年内についても1回の利上げとの声も出始めている。米利上げ期待は今年に入って大きく後退している。
</topic_text>
<spam_score>0.00</spam_score>
<post_num>1</post_num>
<post_id>post-1</post_id>
<post_url>http://klug-fx.jp/fxnews/detail.php?id=312247</post_url>
<post_date>20160512</post_date>
<post_time>1458</post_time>
<username></username>
<post>
年内の米利上げ動向について、市場も見方が分かれており、コンセンサスを形成できない状況が続いている。米ウォールストリート・ジャーナル（ＷＳＪ）が、先ほどエコノミスト調査を公表しており、6月利上げを見込むエコノミストの割合は31％、7月が21％、9月まで利上げはないが31％となった。ちなみに、4月の調査では75％が6月利上げを予想していた。 利上げ期待が後退した背景には第1四半期のＧＤＰが前期比年率で＋0.5％と成長が大きく鈍化したことや、先週発表の米雇用統計で非農業部門雇用者数の伸びが16万人に留まったことなどがあげられている。また、6月については、ＦＯＭＣの翌週に英国でＥＵ離脱の国民投票が実施されることなどが指摘されている。 米利上げについては、市場でも6月の可能性は完全に後退しており、年内についても1回の利上げとの声も出始めている。米利上げ期待は今年に入って大きく後退している。
</post>
<signature>

</signature>
<external_links>

</external_links>
<country>JP</country>
<main_image></main_image>
</document>
