<?xml version="1.0" encoding="UTF-8"?>
<document>
<type>mainstream</type>
<forum></forum>
<forum_title></forum_title>
<discussion_title>د وزیراعظم قرضه سکیم لپاره يو نيم كال كښې 64 زره څخه زيات درخواستونه راغلې ، زاهد حامد | APP Pashto service</discussion_title>
<language>urdu</language>
<gmt_offset></gmt_offset>
<topic_url>http://pashto.app.com.pk/pashto/2016/05/%d8%af-%d9%88%d8%b2%db%8c%d8%b1%d8%a7%d8%b9%d8%b8%d9%85-%d9%82%d8%b1%d8%b6%d9%87-%d8%b3%da%a9%db%8c%d9%85-%d9%84%d9%be%d8%a7%d8%b1%d9%87-%d9%8a%d9%88-%d9%86%d9%8a%d9%85-%d9%83%d8%a7%d9%84-%d9%83%da%9a/</topic_url>
<topic_text>
د وزیراعظم قرضه سکیم لپاره يو نيم كال كښې 64 زره څخه زيات درخواستونه راغلې ، زاهد حامد May 12, 2016 tweet 
اسلام آباد 12 مئی (اے پی پی) د قانون او انصاف وزير زاهد حامد وئيلي دي د وزیراعظم قرضه سکیم ترمخه يو نيم كال كښې 64 زره څخه زيات درخواستونه راغلې دي ، 8 اربه روپۍ وېشلې شوي ٬ دا سکیم به لا اسانولې شي ۔ ٹیگز 
</topic_text>
<spam_score>0.00</spam_score>
<post_num>1</post_num>
<post_id>post-1</post_id>
<post_url>http://pashto.app.com.pk/pashto/2016/05/%d8%af-%d9%88%d8%b2%db%8c%d8%b1%d8%a7%d8%b9%d8%b8%d9%85-%d9%82%d8%b1%d8%b6%d9%87-%d8%b3%da%a9%db%8c%d9%85-%d9%84%d9%be%d8%a7%d8%b1%d9%87-%d9%8a%d9%88-%d9%86%d9%8a%d9%85-%d9%83%d8%a7%d9%84-%d9%83%da%9a/</post_url>
<post_date>20160512</post_date>
<post_time></post_time>
<username>Uploader Nothing</username>
<post>
د وزیراعظم قرضه سکیم لپاره يو نيم كال كښې 64 زره څخه زيات درخواستونه راغلې ، زاهد حامد May 12, 2016 tweet 
اسلام آباد 12 مئی (اے پی پی) د قانون او انصاف وزير زاهد حامد وئيلي دي د وزیراعظم قرضه سکیم ترمخه يو نيم كال كښې 64 زره څخه زيات درخواستونه راغلې دي ، 8 اربه روپۍ وېشلې شوي ٬ دا سکیم به لا اسانولې شي ۔ ٹیگز 
</post>
<signature>

</signature>
<external_links>

</external_links>
<country>PK</country>
<main_image>http://pashto.app.com.pk/pashto/wp-content/uploads/2016/01/zahid-1.jpg</main_image>
</document>
