<?xml version="1.0" encoding="UTF-8"?>
<document>
<type>mainstream</type>
<forum>http://www.wmctv.com/category/4195/news?clienttype=rss</forum>
<forum_title>WMC Action News 5 - Sports</forum_title>
<discussion_title>US beats France to close in on quarterfinal spot at worlds</discussion_title>
<language>english</language>
<gmt_offset></gmt_offset>
<topic_url>http://www.wmcactionnews5.com/story/31958400/us-beats-france-to-close-in-on-quarterfinal-spot-at-worlds</topic_url>
<topic_text>
US beats France to close in on quarterfinal spot at worlds 2016-05-12T16:23:03Z 2016-05-12T16:23:05Z (AP Photo/Dmitri Lovetsky). Jake McCabe of the United Statesr, right, fights for the puck with France’s Yorick Treille during the Hockey World Championships Group B match in St.Petersburg, Russia, Thursday, May 12, 2016. (AP Photo/Dmitri Lovetsky). Dylan Larkin of the United States, front, fights for the puck with France’s Jordann Perret during the Hockey World Championships Group B match in St.Petersburg, Russia, Thursday, May 12, 2016. 
ST. PETERSBURG, Russia (AP) - The United States moved a step closer to qualifying for the quarterfinals of the hockey world championship by beating France 4-0 Thursday. 
The Americans, who were coming off a loss to Finland, have a 2-2 record and could end up in third place in Group B if Canada beats Germany later Thursday. The top four teams advance to the next round. 
Chris Wideman, Connor Murphy and J.T. Compher scored three goals in quick succession late in the second period. Brady Skjei scored the fourth early in the third. 
Goaltender Mike Condon made 19 saves for the shutout while the United States killed six power plays. 
&quot;Our special teams were a factor tonight and it&apos;s important that we continue to have good habits in our game,&quot; United States coach John Hynes said. 
The Americans next play Hungary on Friday. 
In Moscow, the Czech Republic routed Norway 7-0 to go three points clear at the top of Group A. 
Lukas Kaspar scored two goals, while Dominik Furch made 26 saves for his second shutout of the tournament. Copyright 2016 The Associated Press.   This material may not be published, broadcast, rewritten or redistributed.
</topic_text>
<spam_score>0.00</spam_score>
<post_num>1</post_num>
<post_id>post-1</post_id>
<post_url>http://www.wmcactionnews5.com/story/31958400/us-beats-france-to-close-in-on-quarterfinal-spot-at-worlds</post_url>
<post_date>20160512</post_date>
<post_time>1623</post_time>
<username></username>
<post>
US beats France to close in on quarterfinal spot at worlds 2016-05-12T16:23:03Z 2016-05-12T16:23:05Z (AP Photo/Dmitri Lovetsky). Jake McCabe of the United Statesr, right, fights for the puck with France’s Yorick Treille during the Hockey World Championships Group B match in St.Petersburg, Russia, Thursday, May 12, 2016. (AP Photo/Dmitri Lovetsky). Dylan Larkin of the United States, front, fights for the puck with France’s Jordann Perret during the Hockey World Championships Group B match in St.Petersburg, Russia, Thursday, May 12, 2016. 
ST. PETERSBURG, Russia (AP) - The United States moved a step closer to qualifying for the quarterfinals of the hockey world championship by beating France 4-0 Thursday. 
The Americans, who were coming off a loss to Finland, have a 2-2 record and could end up in third place in Group B if Canada beats Germany later Thursday. The top four teams advance to the next round. 
Chris Wideman, Connor Murphy and J.T. Compher scored three goals in quick succession late in the second period. Brady Skjei scored the fourth early in the third. 
Goaltender Mike Condon made 19 saves for the shutout while the United States killed six power plays. 
&quot;Our special teams were a factor tonight and it&apos;s important that we continue to have good habits in our game,&quot; United States coach John Hynes said. 
The Americans next play Hungary on Friday. 
In Moscow, the Czech Republic routed Norway 7-0 to go three points clear at the top of Group A. 
Lukas Kaspar scored two goals, while Dominik Furch made 26 saves for his second shutout of the tournament. Copyright 2016 The Associated Press.   This material may not be published, broadcast, rewritten or redistributed.
</post>
<signature>

</signature>
<external_links>

</external_links>
<country>US</country>
<main_image>http://APMOBILE.images.worldnow.com/images/10541438_G.jpg</main_image>
</document>
