<?xml version="1.0" encoding="UTF-8"?>
<document>
<type>mainstream</type>
<forum></forum>
<forum_title></forum_title>
<discussion_title>In House Inc | Stillwater, MN | apg-wi.com</discussion_title>
<language>english</language>
<gmt_offset></gmt_offset>
<topic_url>http://www.apg-wi.com/marketplace/business_professional_services/marketing/printing/in-house-inc/business_20415085.html</topic_url>
<topic_text>
Keep it Clean. Please avoid obscene, vulgar, lewd, racist or sexually-oriented language. PLEASE TURN OFF YOUR CAPS LOCK. Don&apos;t Threaten. Threats of harming another person will not be tolerated. Be Truthful. Don&apos;t knowingly lie about anyone or anything. Be Nice. No racism, sexism or any sort of -ism that is degrading to another person. Be Proactive. Use the &apos;Report&apos; link on each comment to let us know of abusive posts. Share with Us. We&apos;d love to hear eyewitness accounts, the history behind an article. 
</topic_text>
<spam_score>0.00</spam_score>
<post_num>1</post_num>
<post_id>post-1</post_id>
<post_url>http://www.apg-wi.com/marketplace/business_professional_services/marketing/printing/in-house-inc/business_20415085.html</post_url>
<post_date>20160512</post_date>
<post_time></post_time>
<username></username>
<post>
Keep it Clean. Please avoid obscene, vulgar, lewd, racist or sexually-oriented language. PLEASE TURN OFF YOUR CAPS LOCK. Don&apos;t Threaten. Threats of harming another person will not be tolerated. Be Truthful. Don&apos;t knowingly lie about anyone or anything. Be Nice. No racism, sexism or any sort of -ism that is degrading to another person. Be Proactive. Use the &apos;Report&apos; link on each comment to let us know of abusive posts. Share with Us. We&apos;d love to hear eyewitness accounts, the history behind an article. 
</post>
<signature>

</signature>
<external_links>

</external_links>
<country>US</country>
<main_image>http://bloximages.chicago2.vip.townnews.com/apg-wi.com/content/tncms/custom/image/bc89ece4-a255-11e4-92ab-0fd37d769966.jpg?_dc=1421944984</main_image>
</document>
