<?xml version="1.0" encoding="UTF-8"?>
<document>
<type>mainstream</type>
<forum></forum>
<forum_title></forum_title>
<discussion_title>چیئرمین قومی احتساب(نیب) بیورو قمر الزمان چوہدری کی انٹر نیشنل ایسوسی ایشن آف اینٹی کرپشن اتھارٹیز کے صدر اور چین کے پراسکیورٹر جنرل سے ملاقات‘باہمی دلچسپی کے امور اورانسداد کرپشن سے متعلق امور زیربحث آئے | Associated Press of Pakistan</discussion_title>
<language>urdu</language>
<gmt_offset></gmt_offset>
<topic_url>http://urdu.app.com.pk/urdu/2016/05/%da%86%db%8c%d8%a6%d8%b1%d9%85%db%8c%d9%86-%d9%82%d9%88%d9%85%db%8c-%d8%a7%d8%ad%d8%aa%d8%b3%d8%a7%d8%a8%d9%86%db%8c%d8%a8-%d8%a8%db%8c%d9%88%d8%b1%d9%88-%d9%82%d9%85%d8%b1-%d8%a7%d9%84%d8%b2%d9%85/</topic_url>
<topic_text>
چیئرمین قومی احتساب(نیب) بیورو قمر الزمان چوہدری کی انٹر نیشنل ایسوسی ایشن آف اینٹی کرپشن اتھارٹیز کے صدر اور چین کے پراسکیورٹر جنرل سے ملاقات‘باہمی دلچسپی کے امور اورانسداد کرپشن سے متعلق امور زیربحث آئے May 12, 2016 tweet 
اسلام آباد ۔ 12 مئی (اے پی پی) چیئرمین قومی احتساب(نیب) بیورو قمر الزمان چوہدری نے انٹر نیشنل ایسوسی ایشن آف اینٹی کرپشن اتھارٹیز کے صدر اور چین کے پراسکیورٹر جنرل پروفیسر کاﺅجیان منگ سے ملاقات کی ‘جس میں باہمی دلچسپی کے امور اورانسداد کرپشن سے متعلق امور زیربحث آئے۔چیئرمین نیب جو ان دنوں چین کے دورے پر ہیں، نے اس موقع پر کہا کہ پاکستان چین کے ساتھ تعلقات کو انتہائی قدر کی نگاہ سے دیکھتا ہے، پاکستان اور چین کے تعلقات آزمائش کی گھڑی میں بھی پورے اترے ہیں۔ انہوں نے کہا کہ دونوں ملکوں نے باہمی تعلقات‘سٹرٹیجک‘ اقتصادی اوردیگر امور کے حوالے سے نمایاںاقدامات کئے ہیں۔ ٹیگز 
</topic_text>
<spam_score>0.00</spam_score>
<post_num>1</post_num>
<post_id>post-1</post_id>
<post_url>http://urdu.app.com.pk/urdu/2016/05/%da%86%db%8c%d8%a6%d8%b1%d9%85%db%8c%d9%86-%d9%82%d9%88%d9%85%db%8c-%d8%a7%d8%ad%d8%aa%d8%b3%d8%a7%d8%a8%d9%86%db%8c%d8%a8-%d8%a8%db%8c%d9%88%d8%b1%d9%88-%d9%82%d9%85%d8%b1-%d8%a7%d9%84%d8%b2%d9%85/</post_url>
<post_date>20160512</post_date>
<post_time></post_time>
<username>App News</username>
<post>
چیئرمین قومی احتساب(نیب) بیورو قمر الزمان چوہدری کی انٹر نیشنل ایسوسی ایشن آف اینٹی کرپشن اتھارٹیز کے صدر اور چین کے پراسکیورٹر جنرل سے ملاقات‘باہمی دلچسپی کے امور اورانسداد کرپشن سے متعلق امور زیربحث آئے May 12, 2016 tweet 
اسلام آباد ۔ 12 مئی (اے پی پی) چیئرمین قومی احتساب(نیب) بیورو قمر الزمان چوہدری نے انٹر نیشنل ایسوسی ایشن آف اینٹی کرپشن اتھارٹیز کے صدر اور چین کے پراسکیورٹر جنرل پروفیسر کاﺅجیان منگ سے ملاقات کی ‘جس میں باہمی دلچسپی کے امور اورانسداد کرپشن سے متعلق امور زیربحث آئے۔چیئرمین نیب جو ان دنوں چین کے دورے پر ہیں، نے اس موقع پر کہا کہ پاکستان چین کے ساتھ تعلقات کو انتہائی قدر کی نگاہ سے دیکھتا ہے، پاکستان اور چین کے تعلقات آزمائش کی گھڑی میں بھی پورے اترے ہیں۔ انہوں نے کہا کہ دونوں ملکوں نے باہمی تعلقات‘سٹرٹیجک‘ اقتصادی اوردیگر امور کے حوالے سے نمایاںاقدامات کئے ہیں۔ ٹیگز 
</post>
<signature>

</signature>
<external_links>

</external_links>
<country>FR</country>
<main_image>http://urdu.app.com.pk/urdu/wp-content/uploads/2016/04/no_image_thumb.gif</main_image>
</document>
