<?xml version="1.0" encoding="UTF-8"?>
<document>
<type>mainstream</type>
<forum></forum>
<forum_title></forum_title>
<discussion_title>Check de eerste testrit van het supersnelle vervoersmiddel de Hyperloop - WANT</discussion_title>
<language>dutch</language>
<gmt_offset></gmt_offset>
<topic_url>http://www.want.nl/check-de-eerste-testrit-van-het-supersnelle-vervoersmiddel-de-hyperloop/</topic_url>
<topic_text>
Check de eerste testrit van het supersnelle vervoersmiddel de Hyperloop 21 uur geleden - door Rutger 
Het hoeft niet lang meer te duren voordat een nieuw voertuig onze wereld der transport gaat veranderen. Het ambitieuze idee Hyperloop kwam bijna drie jaar geleden uit de hersenspinsels van Elon Musk en is door anderen omarmt. Slimme kopen over de hele wereld zijn dagelijks bezig om het voertuig zo snel mogelijk op de markt te brengen zodat je straks binnen dertig minuten van Amsterdam naar Parijs reist. Waaronder de Nederlander Tim Houter. Lees dan ook hier ons interview met de innovatieve teamleider van het Delft Hyperloop team. 
Maar vandaag gaat de aandacht uit naar Hyperloop One. Zij hebben de eerste succesvolle testrit met een Hyperloop in de woestijn bij Las Vegas erop zitten. Met vijfhonderd kilometer per uur ‘vloog’‘ie door de woestijn. En dat zag er zo uit: 
— Kim Brunhuber (@kimbrunhuber) 11 mei 2016 In slowmotion: The 700 mph #Hyperloop just got one step closer to reality. @HyperloopOne held its first test run. https://t.co/7o3JcaL7f3 
— CNBC (@CNBC) 11 mei 2016 
De Hyperloop is uiteindelijk niet in een vacuumbuis getest. Hierin moet het voertuig zich gaan vervoeren zodat er een nog hogere snelheid kan worden gehaald. Denk aan een snelheid van zo’n 1100 kilometer per uur. Die testrit staat voor later dit jaar op het programma. Hyperloop One wil een supersnelle verbinding tussen Helsinki en Stockholm creëren. 
</topic_text>
<spam_score>0.00</spam_score>
<post_num>1</post_num>
<post_id>post-1</post_id>
<post_url>http://www.want.nl/check-de-eerste-testrit-van-het-supersnelle-vervoersmiddel-de-hyperloop/</post_url>
<post_date>20160511</post_date>
<post_time></post_time>
<username></username>
<post>
Check de eerste testrit van het supersnelle vervoersmiddel de Hyperloop 21 uur geleden - door Rutger 
Het hoeft niet lang meer te duren voordat een nieuw voertuig onze wereld der transport gaat veranderen. Het ambitieuze idee Hyperloop kwam bijna drie jaar geleden uit de hersenspinsels van Elon Musk en is door anderen omarmt. Slimme kopen over de hele wereld zijn dagelijks bezig om het voertuig zo snel mogelijk op de markt te brengen zodat je straks binnen dertig minuten van Amsterdam naar Parijs reist. Waaronder de Nederlander Tim Houter. Lees dan ook hier ons interview met de innovatieve teamleider van het Delft Hyperloop team. 
Maar vandaag gaat de aandacht uit naar Hyperloop One. Zij hebben de eerste succesvolle testrit met een Hyperloop in de woestijn bij Las Vegas erop zitten. Met vijfhonderd kilometer per uur ‘vloog’‘ie door de woestijn. En dat zag er zo uit: 
— Kim Brunhuber (@kimbrunhuber) 11 mei 2016 In slowmotion: The 700 mph #Hyperloop just got one step closer to reality. @HyperloopOne held its first test run. https://t.co/7o3JcaL7f3 
— CNBC (@CNBC) 11 mei 2016 
De Hyperloop is uiteindelijk niet in een vacuumbuis getest. Hierin moet het voertuig zich gaan vervoeren zodat er een nog hogere snelheid kan worden gehaald. Denk aan een snelheid van zo’n 1100 kilometer per uur. Die testrit staat voor later dit jaar op het programma. Hyperloop One wil een supersnelle verbinding tussen Helsinki en Stockholm creëren. 
</post>
<signature>

</signature>
<external_links>

</external_links>
<country>US</country>
<main_image>http://www.want.nl/wp-content/uploads/2016/05/hyperloop.png</main_image>
</document>
