<?xml version="1.0" encoding="UTF-8"?>
<document>
<type>mainstream</type>
<forum>http://bookarchive.ru//engine/rss.php</forum>
<forum_title>Скачать книги бесплатно на BookArchive</forum_title>
<discussion_title>Двойной Герой (дилогия в одном томе)</discussion_title>
<language>russian</language>
<gmt_offset></gmt_offset>
<topic_url>http://www.bookarchive.ru/khud_literatura/otech_literatura/otech_fant/330779-dvoynoy-geroy-dilogiya-v-odnom-tome.html</topic_url>
<topic_text>
Двойной Герой (дилогия в одном томе) Двойной Герой (дилогия в одном томе) Сергей Антонов Русский pdf, fb2, txt, rtf, epub 10.3 Мб Врата испуганного бога: Увлекательный, написанный с большим юмором роман С. Антонова переносит читателя в далекое будущее, где нет уже государств, а есть планеты Дублин, Жмеринка и жители их, сохранившие традиции далеких предков. Но Галактике угрожают таинственные пришельцы — Неведомом Кто — на кораблях, похожих на табуретки. Спасают Галактику двое пограничников, Дон и Збышек, бывший музыкант и бывший же хакер, компьютерный взломщик. Супергений, единый в двух лицах. И началось-то у них все с чудачества Дона и с неудачно приготовленного супа из морских гребешков… «2 — герой — 2» — продолжение романа «Врата Испуганного Бога». Те же герои, та же Галактика. Музыкант Дон Маллиган и компьютерный виртуоз Збигнев Какалов совршают немыслимые подвиги как в реальном мире, так и в виртуальном. Почальон, индеец Малиновое Зерно, идет на смертельный риск, чтобы вручить адресату посылку — сливовый джем, сваренный прабабушкой. Казаки — разбойники бороздят пространство… Да что пересказывать — лучше прочесть самому! И можно ручатся, что читатель разочарован не будет. Врата испуганного бога 2 — Герой — 2 http://turbobit.net/wjln2ziy9dk9.html -
</topic_text>
<spam_score>0.00</spam_score>
<post_num>1</post_num>
<post_id>post-1</post_id>
<post_url>http://www.bookarchive.ru/khud_literatura/otech_literatura/otech_fant/330779-dvoynoy-geroy-dilogiya-v-odnom-tome.html</post_url>
<post_date>20160512</post_date>
<post_time>1558</post_time>
<username>gencha</username>
<post>
Двойной Герой (дилогия в одном томе) Двойной Герой (дилогия в одном томе) Сергей Антонов Русский pdf, fb2, txt, rtf, epub 10.3 Мб Врата испуганного бога: Увлекательный, написанный с большим юмором роман С. Антонова переносит читателя в далекое будущее, где нет уже государств, а есть планеты Дублин, Жмеринка и жители их, сохранившие традиции далеких предков. Но Галактике угрожают таинственные пришельцы — Неведомом Кто — на кораблях, похожих на табуретки. Спасают Галактику двое пограничников, Дон и Збышек, бывший музыкант и бывший же хакер, компьютерный взломщик. Супергений, единый в двух лицах. И началось-то у них все с чудачества Дона и с неудачно приготовленного супа из морских гребешков… «2 — герой — 2» — продолжение романа «Врата Испуганного Бога». Те же герои, та же Галактика. Музыкант Дон Маллиган и компьютерный виртуоз Збигнев Какалов совршают немыслимые подвиги как в реальном мире, так и в виртуальном. Почальон, индеец Малиновое Зерно, идет на смертельный риск, чтобы вручить адресату посылку — сливовый джем, сваренный прабабушкой. Казаки — разбойники бороздят пространство… Да что пересказывать — лучше прочесть самому! И можно ручатся, что читатель разочарован не будет. Врата испуганного бога 2 — Герой — 2 http://turbobit.net/wjln2ziy9dk9.html -
</post>
<signature>

</signature>
<external_links>

</external_links>
<country>RU</country>
<main_image>/uploads/posts/2016-05/thumbs/1462947797_2dvoyger.jpg</main_image>
</document>
