<?xml version="1.0" encoding="UTF-8"?>
<document>
<type>mainstream</type>
<forum>http://imparcialoaxaca.mx/ultimas/super-deportivo.rss</forum>
<forum_title>El Imparcial &gt; Súper Deportivo</forum_title>
<discussion_title>Les cortaron las alas a los Gavilanes</discussion_title>
<language>spanish</language>
<gmt_offset></gmt_offset>
<topic_url>http://imparcialoaxaca.mx/super-deportivo/ae6/les-cortaron-las-alas-a-los-gavilanes</topic_url>
<topic_text>
Súper Deportivo Les cortaron las alas a los Gavilanes Por su parte, la selección de futbol femenil hasta el cierre de la edición aún tenía posibilidades por Francisco Javier Ramos Diaz el Jueves 12 de mayo de 2016 - 05:00:01 Twittear 
Los Gavilanes de la Universidad Autónoma Benito Juárez de Oaxaca (UABJO), no dieron el salto esperado en la Universiada Nacional 2016, que se desarrolla en la Universidad de Guadalajara. 
En el caso del futbol varonil, los Gavilanes se quedaron sin posibilidades de seguir avanzando, luego de hilvanar dos tropiezos seguidos, el primero contra la Universidad Popular de Guadalajara por marcador de 5-1 y el segundo frente a la Universidad Autónoma de Chihuahua (UACH) 6-1. A pesar de tener un duelo pendiente, contra Yucatán, los universitarios ya no aspiran a seguir en la duela. 
A la selección de futbol rápido varonil tampoco le fue muy bien, ya que primero perdieron contra el Instituto Politécnico Nacional (IPN) 9-6. Al día siguiente, martes, fueron víctimas de la Universidad Autónoma de Nuevo León (UANL) 10-4. Mientras que ayer cayeron frente a los anfitriones de la Universidad de Guadalajara (UDG) 6-5. 
En lo que respecta a la selección femenil de futbol, hasta el cierre de la edición su clasificación estaba en el aire, dependiendo del resultado que obtuvieran en la noche contra Baja California. 
Las Gavilanas fincaban sus esperanzas de avanzar a cuartos de final, gracias a que en su primer duelo vencieron a Querétaro 2-0 y a pesar de que tropezaron con el Instituto Tecnológico y de Estudios Superiores de Monterrey (ITESM) 3-2, en caso de una victoria o un empate se podían colar como segundo lugar de grupo. 
Finalmente, en lo que respecta a atletismo, el estudiante de la Licenciatura en Entrenamiento Deportivo Cristián Torales, se adjudicó la séptima posición en la prueba de 5 mil metros planos, logro que se suma al sexto puesto conseguido el lunes en mil 500 metros planos.
</topic_text>
<spam_score>0.00</spam_score>
<post_num>1</post_num>
<post_id>post-1</post_id>
<post_url>http://imparcialoaxaca.mx/super-deportivo/ae6/les-cortaron-las-alas-a-los-gavilanes</post_url>
<post_date>20160512</post_date>
<post_time>1000</post_time>
<username>admin@imparcialenlinea.com (Francisco Javier Ramos Diaz)</username>
<post>
Súper Deportivo Les cortaron las alas a los Gavilanes Por su parte, la selección de futbol femenil hasta el cierre de la edición aún tenía posibilidades por Francisco Javier Ramos Diaz el Jueves 12 de mayo de 2016 - 05:00:01 Twittear 
Los Gavilanes de la Universidad Autónoma Benito Juárez de Oaxaca (UABJO), no dieron el salto esperado en la Universiada Nacional 2016, que se desarrolla en la Universidad de Guadalajara. 
En el caso del futbol varonil, los Gavilanes se quedaron sin posibilidades de seguir avanzando, luego de hilvanar dos tropiezos seguidos, el primero contra la Universidad Popular de Guadalajara por marcador de 5-1 y el segundo frente a la Universidad Autónoma de Chihuahua (UACH) 6-1. A pesar de tener un duelo pendiente, contra Yucatán, los universitarios ya no aspiran a seguir en la duela. 
A la selección de futbol rápido varonil tampoco le fue muy bien, ya que primero perdieron contra el Instituto Politécnico Nacional (IPN) 9-6. Al día siguiente, martes, fueron víctimas de la Universidad Autónoma de Nuevo León (UANL) 10-4. Mientras que ayer cayeron frente a los anfitriones de la Universidad de Guadalajara (UDG) 6-5. 
En lo que respecta a la selección femenil de futbol, hasta el cierre de la edición su clasificación estaba en el aire, dependiendo del resultado que obtuvieran en la noche contra Baja California. 
Las Gavilanas fincaban sus esperanzas de avanzar a cuartos de final, gracias a que en su primer duelo vencieron a Querétaro 2-0 y a pesar de que tropezaron con el Instituto Tecnológico y de Estudios Superiores de Monterrey (ITESM) 3-2, en caso de una victoria o un empate se podían colar como segundo lugar de grupo. 
Finalmente, en lo que respecta a atletismo, el estudiante de la Licenciatura en Entrenamiento Deportivo Cristián Torales, se adjudicó la séptima posición en la prueba de 5 mil metros planos, logro que se suma al sexto puesto conseguido el lunes en mil 500 metros planos.
</post>
<signature>

</signature>
<external_links>

</external_links>
<country>MX</country>
<main_image>http://media.imparcialoaxaca.mx/imagenes/large/5733eb6aa205415762ffb3ad.jpg</main_image>
</document>
