<?xml version="1.0" encoding="UTF-8"?>
<document>
<type>mainstream</type>
<forum>http://bookarchive.ru//engine/rss.php</forum>
<forum_title>Скачать книги бесплатно на BookArchive</forum_title>
<discussion_title>Волшебная самоволка . Серия из 3 произведений</discussion_title>
<language>russian</language>
<gmt_offset></gmt_offset>
<topic_url>http://www.bookarchive.ru/khud_literatura/otech_literatura/otech_fant/330792-volshebnaya-samovolka-seriya-iz-3-proizvedeniy.html</topic_url>
<topic_text>
Скачиваний 74 / Средняя скорость 4463 Kb/s Скачиваний 90 / Средняя скорость 3393 Kb/s прямой ссылке Скачиваний 75 / Средняя скорость 4004 Kb/s Автор: Сергей Панарин Издательство: Крылов Язык: Русский Формат: FB2, RTF Качество: отличное Размер: 14 Мб Описание: Так он оказался в волшебном мире, полном сказочных героев, а смекалка и немного удачи помогли ему прослыть в народе отважным рыцарем Николасом Могучим. И всё бы хорошо, не отправься на поиски знамени и часового прапорщик Павел Иванович Дубовых... -Барабан на шею
</topic_text>
<spam_score>0.00</spam_score>
<post_num>1</post_num>
<post_id>post-1</post_id>
<post_url>http://www.bookarchive.ru/khud_literatura/otech_literatura/otech_fant/330792-volshebnaya-samovolka-seriya-iz-3-proizvedeniy.html</post_url>
<post_date>20160512</post_date>
<post_time>1600</post_time>
<username>romojan</username>
<post>
Скачиваний 74 / Средняя скорость 4463 Kb/s Скачиваний 90 / Средняя скорость 3393 Kb/s прямой ссылке Скачиваний 75 / Средняя скорость 4004 Kb/s Автор: Сергей Панарин Издательство: Крылов Язык: Русский Формат: FB2, RTF Качество: отличное Размер: 14 Мб Описание: Так он оказался в волшебном мире, полном сказочных героев, а смекалка и немного удачи помогли ему прослыть в народе отважным рыцарем Николасом Могучим. И всё бы хорошо, не отправься на поиски знамени и часового прапорщик Павел Иванович Дубовых... -Барабан на шею
</post>
<signature>

</signature>
<external_links>

</external_links>
<country>RU</country>
<main_image>/uploads/posts/2016-05/thumbs/1462967968_2016-05-11_121557.jpg</main_image>
</document>
