<?xml version="1.0" encoding="UTF-8"?>
<document>
<type>mainstream</type>
<forum>http://bizhub.vn//rss/0/home-page.rss</forum>
<forum_title>Lastest news from Bizhub</forum_title>
<discussion_title>Vietjet launches three new domestic routes</discussion_title>
<language>english</language>
<gmt_offset></gmt_offset>
<topic_url>http://bizhub.vn/corporate-news/16445/vietjet-launches-three-new-domestic-routes.html</topic_url>
<topic_text>
Updated: Thursday, May 12, 2016 05:36 PM Prime Minister Nguyen Xuan Phuc attends to the Vietjet&apos;s ribbon cutting ceremony. — VNS Photo 
HA NOI (Biz Hub) – Vietjet on May 12 launched three new routes from Hai Phong to Phu Quoc, Da Lat and Buon Me Thuot in celebration of the opening of Cat Bi International Airport&apos;s new terminal. 
The ceremony was also attended by Prime Minister Nguyen Xuan Phuc. 
On the occasion, Vietjet presented 200 health insurance cards to the poor in Hai Phong City. 
The Hai Phong–Phu Quoc route, which is in operation from today onwards, and the route connecting Hải Phong and Buon Me Thuot, starting from June 2, will both provide four round-trip flights per week on Tuesdays, Thursdays, Saturdays and Sundays. 
Three round-trip flights per week (Mondays, Wednesdays and Fridays) will be available on the Hai Phong–Da Lat route from May 20. 
Vietjet is now the biggest carrier to the port city of Hai Phong, with some 30 flights per day, accounting for 70 per cent of the total capacity of Cat Bi International Airport. 
The airline said it would increase flight frequency for these routes in the coming period to satisfy the travel demand of tourists, businessmen and individuals in various localities. —  
</topic_text>
<spam_score>0.00</spam_score>
<post_num>1</post_num>
<post_id>post-1</post_id>
<post_url>http://bizhub.vn/corporate-news/16445/vietjet-launches-three-new-domestic-routes.html</post_url>
<post_date>20160512</post_date>
<post_time>1036</post_time>
<username></username>
<post>
Updated: Thursday, May 12, 2016 05:36 PM Prime Minister Nguyen Xuan Phuc attends to the Vietjet&apos;s ribbon cutting ceremony. — VNS Photo 
HA NOI (Biz Hub) – Vietjet on May 12 launched three new routes from Hai Phong to Phu Quoc, Da Lat and Buon Me Thuot in celebration of the opening of Cat Bi International Airport&apos;s new terminal. 
The ceremony was also attended by Prime Minister Nguyen Xuan Phuc. 
On the occasion, Vietjet presented 200 health insurance cards to the poor in Hai Phong City. 
The Hai Phong–Phu Quoc route, which is in operation from today onwards, and the route connecting Hải Phong and Buon Me Thuot, starting from June 2, will both provide four round-trip flights per week on Tuesdays, Thursdays, Saturdays and Sundays. 
Three round-trip flights per week (Mondays, Wednesdays and Fridays) will be available on the Hai Phong–Da Lat route from May 20. 
Vietjet is now the biggest carrier to the port city of Hai Phong, with some 30 flights per day, accounting for 70 per cent of the total capacity of Cat Bi International Airport. 
The airline said it would increase flight frequency for these routes in the coming period to satisfy the travel demand of tourists, businessmen and individuals in various localities. —  
</post>
<signature>

</signature>
<external_links>

</external_links>
<country>VN</country>
<main_image>http://bizhub.vn/thumbnail/600/thu-tuong-nguyen-xuan-phuc--cac-lanh-dao-cat-bang-khai--truong-cac-duong-bay-moi-cua-vietjet.jpg?url=Storage/Images/2016/5/12/thu-tuong-nguyen-xuan-phuc--cac-lanh-dao-cat-bang-khai--truong-cac-duong-bay-moi-cua-vietjet.jpg</main_image>
</document>
