<?xml version="1.0" encoding="UTF-8"?>
<document>
<type>mainstream</type>
<forum>http://www.ideal.es/sociedad/?reducido=1&amp;pag=657</forum>
<forum_title></forum_title>
<discussion_title>Merlin, el gato con el ronroneo más fuerte del mundo</discussion_title>
<language>spanish</language>
<gmt_offset></gmt_offset>
<topic_url>http://www.ideal.es/sociedad/201506/10/merlin-gato-ronroneo-fuerte-20150513101639.html</topic_url>
<topic_text>
Merlín fue galardonado recientemente con el curioso Récord Guinness por el ronroneo más fuerte en el mundo, ya que superó con creces el promedio de 25 decibelios de estos felinos, hasta el punto de alcanzar los 67.8 decibelios, el mismo que hace una ruidosa lavadora.
Su ronroneo es tan fuerte que se convierte en un estruendo, como un tren que se acerca desde lejos, o el sonido de alguien que acelera una moto . La Sra Westwood, dueña de Merlín lo explica así al Daily Mail : “Cuando él ronronea muy fuerte, lo puedo escuchar incluso cuando me estoy secando el pelo“.
También sus ronroneos fueron grabados en una aplicación de teléfono inteligente, la cual marcó entre 98 y 100 decibelios.
Lo Más lo más 50
</topic_text>
<spam_score>0.00</spam_score>
<post_num>1</post_num>
<post_id>post-1</post_id>
<post_url>http://www.ideal.es/sociedad/201506/10/merlin-gato-ronroneo-fuerte-20150513101639.html</post_url>
<post_date>20150610</post_date>
<post_time>1138</post_time>
<username>IDEAL GENTE</username>
<post>
Merlín fue galardonado recientemente con el curioso Récord Guinness por el ronroneo más fuerte en el mundo, ya que superó con creces el promedio de 25 decibelios de estos felinos, hasta el punto de alcanzar los 67.8 decibelios, el mismo que hace una ruidosa lavadora.
Su ronroneo es tan fuerte que se convierte en un estruendo, como un tren que se acerca desde lejos, o el sonido de alguien que acelera una moto . La Sra Westwood, dueña de Merlín lo explica así al Daily Mail : “Cuando él ronronea muy fuerte, lo puedo escuchar incluso cuando me estoy secando el pelo“.
También sus ronroneos fueron grabados en una aplicación de teléfono inteligente, la cual marcó entre 98 y 100 decibelios.
Lo Más lo más 50
</post>
<signature>

</signature>
<external_links>
<external_link>http://www.dailymail.co.uk/news/article-3078935/Noisier-washing-machine-cat-loudest-purr-world-Merlin-breaks-record-67-8db-growl.html</external_link>
</external_links>
<country>ES</country>
<main_image>http://www.ideal.es/noticias/201505/13/media/cortadas/GATO--575x323.jpg</main_image>
</document>
