<?xml version="1.0" encoding="UTF-8"?>
<document>
<type>mainstream</type>
<forum>http://www.elpropio.com/deportes/</forum>
<forum_title>El Propio - Deportes</forum_title>
<discussion_title>Tras amenazas, familia del niño con camiseta de plástico de Messi huye de Afganistán</discussion_title>
<language>spanish</language>
<gmt_offset></gmt_offset>
<topic_url>http://www.elpropio.com/actualidad/amenazas-camiseta-plastico-Messi-Afganistan_0_955704442.html</topic_url>
<topic_text>
La familia de un niño afgano, que ganó fama mundial luego de ser fotografiado vistiendo una improvisado jersey de Lionel Messi, hecho a partir de una bolsa de plástico, huyó a Pakistán luego de recibir amenazas, dijo el padre del niño a CNN.
 La familia ahora está viviendo en Quetta y ha presentado una solicitud a Naciones Unidas buscando asilo en Pakistán.
&quot;Recibí entre 20 y 30 llamadas anónimas amenazantes en Afganistán preguntándome sobre el por qué le estaba enseñando a mi niño sobre el fútbol y no enseñándole sobre el Corán&quot;, dijo a CNN el padre del niño, Muhammad Arif Ahmadi.
La familia decidió huir a Pakistán hace 40 días por su seguridad, dijo.
&quot;Pensé, &apos;no estoy a salvo aquí&apos;. Fue entonces cuando decidí huir a Pakistán,&quot; dijo Ahmadi. &quot;Afganistán no se puede proteger a sí mismo, entonces, ¿cómo va a proteger a mis hijos?&quot;.
El niño, Murtaza Ahmadi, se convirtió en una sensación en internet a mediados de enero cuando una cuenta de fanáticos de Messi, la estrella argentina del fútbol, tuiteó una imagen de él vistiendo un jersey hecho de plástico con la leyenda: &quot;Un niño en Iraq&quot;. Incluía un emoji de un corazón roto.
La referencia a Iraq resultó falsa, pero la atención ayudó a los internautas a localizar a Murtaza, de cinco años, y a su familia, que vivía en una villa pobre en Jaghori, Afganistán.
El padre del niño dijo a CNN en febrero que Murtaza pidió llorando por días un jersey de Messi antes de que su hermano mayor le hiciera uno con el nombre de Messi y los números pintados de color azul sobre una bolsa cortada.
</topic_text>
<spam_score>0.00</spam_score>
<post_num>1</post_num>
<post_id>post-1</post_id>
<post_url>http://www.elpropio.com/actualidad/amenazas-camiseta-plastico-Messi-Afganistan_0_955704442.html</post_url>
<post_date>20160512</post_date>
<post_time></post_time>
<username>- El Propio Web | MG</username>
<post>
La familia de un niño afgano, que ganó fama mundial luego de ser fotografiado vistiendo una improvisado jersey de Lionel Messi, hecho a partir de una bolsa de plástico, huyó a Pakistán luego de recibir amenazas, dijo el padre del niño a CNN.
 La familia ahora está viviendo en Quetta y ha presentado una solicitud a Naciones Unidas buscando asilo en Pakistán.
&quot;Recibí entre 20 y 30 llamadas anónimas amenazantes en Afganistán preguntándome sobre el por qué le estaba enseñando a mi niño sobre el fútbol y no enseñándole sobre el Corán&quot;, dijo a CNN el padre del niño, Muhammad Arif Ahmadi.
La familia decidió huir a Pakistán hace 40 días por su seguridad, dijo.
&quot;Pensé, &apos;no estoy a salvo aquí&apos;. Fue entonces cuando decidí huir a Pakistán,&quot; dijo Ahmadi. &quot;Afganistán no se puede proteger a sí mismo, entonces, ¿cómo va a proteger a mis hijos?&quot;.
El niño, Murtaza Ahmadi, se convirtió en una sensación en internet a mediados de enero cuando una cuenta de fanáticos de Messi, la estrella argentina del fútbol, tuiteó una imagen de él vistiendo un jersey hecho de plástico con la leyenda: &quot;Un niño en Iraq&quot;. Incluía un emoji de un corazón roto.
La referencia a Iraq resultó falsa, pero la atención ayudó a los internautas a localizar a Murtaza, de cinco años, y a su familia, que vivía en una villa pobre en Jaghori, Afganistán.
El padre del niño dijo a CNN en febrero que Murtaza pidió llorando por días un jersey de Messi antes de que su hermano mayor le hiciera uno con el nombre de Messi y los números pintados de color azul sobre una bolsa cortada.
</post>
<signature>

</signature>
<external_links>

</external_links>
<country>US</country>
<main_image></main_image>
</document>
