<?xml version="1.0" encoding="UTF-8"?>
<document>
<type>mainstream</type>
<forum></forum>
<forum_title></forum_title>
<discussion_title>The Warsaw Voice</discussion_title>
<language>english</language>
<gmt_offset></gmt_offset>
<topic_url>http://www.warsawvoice.pl/WVpage/pages/article.php/35406/news</topic_url>
<topic_text>
MySpace Grzegorz Schetyna and Ryszard Petru Opposition parties Civic Platform (PO), Nowoczesna, Polish People’s Party (PSL) and left wing groupings are considering creating an anti-ruling party Law and Justice (PiS) coalition, opposition leaders Ryszard Petru and Grzegorz Schetyna said. Such an idea was mentioned by Petru at the Saturday march for democracy. Schetyna said such solution is not ruled out, although for the time being PO will refrain from joining the coalition. The element which brings the parties together is the anti-government civic movement KOD, which launched the initiative of marches in defense of democracy in Poland. The ruling party PiS politicians are not concerned about the prospective co-operation of opposition parties saying that the initiative is an effect of the opposition&apos;s helplessness. According to political scientist Rafal Chwedoruk the road to forming one joint list of all the opposition parties would be bumpy. Latest articles in Politics 
</topic_text>
<spam_score>0.00</spam_score>
<post_num>1</post_num>
<post_id>post-1</post_id>
<post_url>http://www.warsawvoice.pl/WVpage/pages/article.php/35406/news</post_url>
<post_date>20160511</post_date>
<post_time></post_time>
<username></username>
<post>
MySpace Grzegorz Schetyna and Ryszard Petru Opposition parties Civic Platform (PO), Nowoczesna, Polish People’s Party (PSL) and left wing groupings are considering creating an anti-ruling party Law and Justice (PiS) coalition, opposition leaders Ryszard Petru and Grzegorz Schetyna said. Such an idea was mentioned by Petru at the Saturday march for democracy. Schetyna said such solution is not ruled out, although for the time being PO will refrain from joining the coalition. The element which brings the parties together is the anti-government civic movement KOD, which launched the initiative of marches in defense of democracy in Poland. The ruling party PiS politicians are not concerned about the prospective co-operation of opposition parties saying that the initiative is an effect of the opposition&apos;s helplessness. According to political scientist Rafal Chwedoruk the road to forming one joint list of all the opposition parties would be bumpy. Latest articles in Politics 
</post>
<signature>

</signature>
<external_links>

</external_links>
<country>PL</country>
<main_image></main_image>
</document>
