<?xml version="1.0" encoding="UTF-8"?>
<document>
<type>mainstream</type>
<forum>http://saugus.wickedlocal.com/news/shareable?template=rss&amp;mime=xml</forum>
<forum_title>Shareable - Saugus Advertiser</forum_title>
<discussion_title>Pope says he&apos;s willing to study women deacons, in major step</discussion_title>
<language>english</language>
<gmt_offset></gmt_offset>
<topic_url>http://saugus.wickedlocal.com/zz/shareable/20160512/pope-says-hes-willing-to-study-women-deacons-in-major-step?rssfeed=true</topic_url>
<topic_text>
Pope says he&apos;s willing to study women deacons, in major step Pope Francis says he&apos;s willing to create a commission to study whether women can serve as deacons in the Catholic Church, signaling the possibility of letting women serve in ordained ministry. Comment   11:00 AM By Associated Press   11:00 AM Pope Francis says he&apos;s willing to create a commission to study whether women can serve as deacons in the Catholic Church, signaling the possibility of letting women serve in ordained ministry. Deacons are ordained ministers but are not priests. Currently, the church allows married men to be deacons but not priests. The pope in no way signaled during a meeting Thursday with superiors of women&apos;s religious orders that he would allow women priests. But asked during a question-and-answer session if he would create a commission to study whether women could be deacons, as in the early church, Francis said he was open to the idea, the National Catholic Reporter reported. The publication quoted Francis as saying: &quot;It seems useful to me to have a commission that would clarify this well.&quot; By Associated Press
</topic_text>
<spam_score>0.00</spam_score>
<post_num>1</post_num>
<post_id>post-1</post_id>
<post_url>http://saugus.wickedlocal.com/zz/shareable/20160512/pope-says-hes-willing-to-study-women-deacons-in-major-step?rssfeed=true</post_url>
<post_date>20160512</post_date>
<post_time>1600</post_time>
<username>Associated Press</username>
<post>
Pope says he&apos;s willing to study women deacons, in major step Pope Francis says he&apos;s willing to create a commission to study whether women can serve as deacons in the Catholic Church, signaling the possibility of letting women serve in ordained ministry. Comment   11:00 AM By Associated Press   11:00 AM Pope Francis says he&apos;s willing to create a commission to study whether women can serve as deacons in the Catholic Church, signaling the possibility of letting women serve in ordained ministry. Deacons are ordained ministers but are not priests. Currently, the church allows married men to be deacons but not priests. The pope in no way signaled during a meeting Thursday with superiors of women&apos;s religious orders that he would allow women priests. But asked during a question-and-answer session if he would create a commission to study whether women could be deacons, as in the early church, Francis said he was open to the idea, the National Catholic Reporter reported. The publication quoted Francis as saying: &quot;It seems useful to me to have a commission that would clarify this well.&quot; By Associated Press
</post>
<signature>

</signature>
<external_links>

</external_links>
<country>US</country>
<main_image>http://saugus.wickedlocal.com/storyimage/ZZ/20160512/SHAREABLE/160519918/AR/0/Pope-Francis-women-deacons-catholic.jpg</main_image>
</document>
