<?xml version="1.0" encoding="UTF-8"?>
<document>
<type>mainstream</type>
<forum></forum>
<forum_title></forum_title>
<discussion_title>Tienduizenden euro&apos;s verdienen met je oude iPod, het kan - WANT</discussion_title>
<language>dutch</language>
<gmt_offset></gmt_offset>
<topic_url>http://www.want.nl/tienduizenden-euros-verdienen-met-je-oude-ipod-het-kan/</topic_url>
<topic_text>
Tienduizenden euro’s verdienen met je oude iPod, het kan 7 uur geleden - door Daniel 
De iPod , vroeger was het een briljant en revolutionair apparaat. Nou ja, niet iedereen reageerde even enthousiast op de aankondiging van de muziekspeler. Toch kunnen we stellen dat het apparaat een waar succes is. Dat is het apparaat nog steeds trouwens. De iPod wordt namelijk in de vorm van de Touch nog steeds vernieuwd op de wereld gezet. Oude iPods lijken daardoor onbruikbaar. Wij gaven je om die reden laatst nog allerlei manieren om je oude iPod een nieuwe bestemming mee te geven. Misschien hadden we dat niet moeten doen. Want wat blijkt, oude versies van het apparaat worden voor goud geld verkocht. Tienduizenden euro’s kun je daarmee verdienen! Goud geld met je oude iPod verdienen 
In 2014 bracht Apple het memorabele nieuws dat de stekker uit de iPod Classic werd getrokken. Een verlies voor de wereld natuurlijk, maar ook niet meer dan logisch. Het product is in deze tijd toch ietwat achterhaald en ouderwets. Dat heeft er echter wel toe geleden dat oude iPod-modellen steeds populairder worden. Volgens Terapeak , een bedrijf dat verzamelobjecten op eBay monitort, zijn de oude iPod-modellen nu echte collectors items geworden. Zij doen een flinke duit in het zakje om een originele iPod op de kop te tikken. Het record staat op naam van de special edition U2-iPod die afgelopen november voor bijna 79.000 euro van eigenaar verwisselde. Op de tweede plek staat een vijf gigabyte eerste generatie iPod die voor 17.500 euro werd overgekocht. Dat zijn flinke bedragen! 
Heb jij nog een eerste generatie iPod? Dan is het misschien een goed idee om ‘m op Ebay te zetten. Voorwaarde is wel dat je ‘m nooit hebt gebruikt, want de gigantische bedragen werden enkel voor de muziekspeler nog in de doos betaald. Wat je trouwens ook kunt doen, is een oude iPod nu via Ebay op de kop tikken. Zo vind je hier een tweede generatie iPod nog in de doos voor 17.500 euro. Wil je het helemaal goed aanpakken, dan koop je hier drie modellen van de eerste generatie iPod in vijf-, tien- en twintig gigabyte. Dan betaal je wel de hoofdprijs, bijna 44.000 euro! 
Een goede investering 
Oke’, je moet diep in de buidel tasten om een dergelijke iPod in de wacht te slepen. Maar, dat lijkt ons wel een goede investering. Want als de prijzen nu, een jaartje of vijftien jaar na het uitkomen van de eerste iPod, al zo hoog zijn, hoeveel ga je dan over zeg nog vijftien jaar voor de apparaten neertellen? Juist, goud geld verdienen doe je met oude iPods! Of je koopt nu een Apple Watch of iPhone 5se en laat ‘m in de doos zitten. Wedden dat-ie over flink wat jaren goud geld waard is? 
</topic_text>
<spam_score>0.00</spam_score>
<post_num>1</post_num>
<post_id>post-1</post_id>
<post_url>http://www.want.nl/tienduizenden-euros-verdienen-met-je-oude-ipod-het-kan/</post_url>
<post_date>20160512</post_date>
<post_time></post_time>
<username></username>
<post>
Tienduizenden euro’s verdienen met je oude iPod, het kan 7 uur geleden - door Daniel 
De iPod , vroeger was het een briljant en revolutionair apparaat. Nou ja, niet iedereen reageerde even enthousiast op de aankondiging van de muziekspeler. Toch kunnen we stellen dat het apparaat een waar succes is. Dat is het apparaat nog steeds trouwens. De iPod wordt namelijk in de vorm van de Touch nog steeds vernieuwd op de wereld gezet. Oude iPods lijken daardoor onbruikbaar. Wij gaven je om die reden laatst nog allerlei manieren om je oude iPod een nieuwe bestemming mee te geven. Misschien hadden we dat niet moeten doen. Want wat blijkt, oude versies van het apparaat worden voor goud geld verkocht. Tienduizenden euro’s kun je daarmee verdienen! Goud geld met je oude iPod verdienen 
In 2014 bracht Apple het memorabele nieuws dat de stekker uit de iPod Classic werd getrokken. Een verlies voor de wereld natuurlijk, maar ook niet meer dan logisch. Het product is in deze tijd toch ietwat achterhaald en ouderwets. Dat heeft er echter wel toe geleden dat oude iPod-modellen steeds populairder worden. Volgens Terapeak , een bedrijf dat verzamelobjecten op eBay monitort, zijn de oude iPod-modellen nu echte collectors items geworden. Zij doen een flinke duit in het zakje om een originele iPod op de kop te tikken. Het record staat op naam van de special edition U2-iPod die afgelopen november voor bijna 79.000 euro van eigenaar verwisselde. Op de tweede plek staat een vijf gigabyte eerste generatie iPod die voor 17.500 euro werd overgekocht. Dat zijn flinke bedragen! 
Heb jij nog een eerste generatie iPod? Dan is het misschien een goed idee om ‘m op Ebay te zetten. Voorwaarde is wel dat je ‘m nooit hebt gebruikt, want de gigantische bedragen werden enkel voor de muziekspeler nog in de doos betaald. Wat je trouwens ook kunt doen, is een oude iPod nu via Ebay op de kop tikken. Zo vind je hier een tweede generatie iPod nog in de doos voor 17.500 euro. Wil je het helemaal goed aanpakken, dan koop je hier drie modellen van de eerste generatie iPod in vijf-, tien- en twintig gigabyte. Dan betaal je wel de hoofdprijs, bijna 44.000 euro! 
Een goede investering 
Oke’, je moet diep in de buidel tasten om een dergelijke iPod in de wacht te slepen. Maar, dat lijkt ons wel een goede investering. Want als de prijzen nu, een jaartje of vijftien jaar na het uitkomen van de eerste iPod, al zo hoog zijn, hoeveel ga je dan over zeg nog vijftien jaar voor de apparaten neertellen? Juist, goud geld verdienen doe je met oude iPods! Of je koopt nu een Apple Watch of iPhone 5se en laat ‘m in de doos zitten. Wedden dat-ie over flink wat jaren goud geld waard is? 
</post>
<signature>

</signature>
<external_links>

</external_links>
<country>US</country>
<main_image>http://www.want.nl/wp-content/uploads/2016/04/iPod-WANT.jpg</main_image>
</document>
