<?xml version="1.0" encoding="UTF-8"?>
<document>
<type>mainstream</type>
<forum>http://www.krcrtv.com/14774610?format=rss_2.0&amp;view=feed</forum>
<forum_title>Feed:National News</forum_title>
<discussion_title>Police chase ends with officers under review</discussion_title>
<language>english</language>
<gmt_offset></gmt_offset>
<topic_url>http://www.krcrtv.com/news/police-chase-ends-with-officers-under-review/39508730</topic_url>
<topic_text>
Police chase ends with officers under review Violent arrest was televised POSTED: 11:07 PM May 11 2016 UPDATED 31 mins Text Size: Tweet (CNN) - 
Police officers are under review after a multi-state car chase that began in Massachusetts on Wednesday afternoon ended in a violent arrest. Related Trump: Muslim ban &apos;just a suggestion&apos; 
News helicopters hovering over the final moments of the pursuit in Nashua, New Hampshire, captured video of uniformed law enforcement officers throwing punches at the suspect as he knelt on the ground next to his pickup truck, his hands on the asphalt in front of him. 
The takedown played out live on some local news stations. 
&quot;We will conduct a separate departmental review of the actual apprehension, as the video captured by news helicopters shows a use of force against the suspect,&quot; said Dave Procopio, spokesman for the Massachusetts State Police, one of the agencies involved in the arrest. 
&quot;This review will investigate whether the level of force used was appropriate given the totality of the circumstances,&quot; Procopio said. 
The state attorney general is conducting a criminal investigation. 
Gov. Maggie Hassan said in a statement that the footage &quot;raises serious concerns&quot; and the incident is being treated &quot;with the utmost seriousness without disparaging all of the hard-working police officers who put their lives on the line every day to keep us safe.&quot; 
The chase began just after 4 p.m. in Holden, Massachusetts, after local police attempted to stop a man &quot;known to them to be the subject of multiple warrants,&quot; Procopio said. 
When the suspect, identified as 50-year-old Richard Simone, refused to pull over, Holden Police began a pursuit. 
Massachusetts State police cruisers soon joined in. 
Simone, who was wanted for assault and battery with a dangerous weapon, larceny, and a previous instance of failure to stop for police, &quot;continued making abrupt lane changes&quot; as he &quot;continued to try to evade capture,&quot; Procopio said. 
Many turns and some 50 miles later, Simone raced over the Tyngsborough Bridge, and soon after, the state line. 
Local and state police in New Hampshire joined the pursuit before Simone at last pulled over in a residential neighborhood of Nashua, nearly an hour after the chase had begun. 
Several police officers, some with their guns drawn and one restraining a dog, encircled Simone as he crawled out of his car, the news helicopter video shows. 
At least two law enforcement officers can be seen repeatedly punching the suspect as he lay on ground. It was not immediately clear which agencies the offending officers were from. 
Procopio said the state police are &quot;reviewing the actions of our own personnel.&quot; 
&quot;We had troopers present at the end of the pursuit and we believe one of the officers involved on the actual apprehension is a member of our department,&quot; he said. &quot;We would not make a conclusive statement on that until we can get into our internal investigation. What our people did is the subject of our internal investigation.&quot; 
Simone was taken into custody and booked by Nashua Police, Procopio said. He will face charges on the underlying warrants and also new charges relating to the car chase on Wednesday, according to Procopio. 
Nashua Police did not respond to a request for comment. A press officer for the state police in New Hampshire directed questions about the apprehension to the state&apos;s attorney general&apos;s office, which could not be reached Wednesday evening. 
Copyright 2016 by CNN NewSource . All rights reserved. This material may not be published, broadcast, rewritten or redistributed.
</topic_text>
<spam_score>0.00</spam_score>
<post_num>1</post_num>
<post_id>post-1</post_id>
<post_url>http://www.krcrtv.com/news/police-chase-ends-with-officers-under-review/39508730</post_url>
<post_date>20160512</post_date>
<post_time>1606</post_time>
<username></username>
<post>
Police chase ends with officers under review Violent arrest was televised POSTED: 11:07 PM May 11 2016 UPDATED 31 mins Text Size: Tweet (CNN) - 
Police officers are under review after a multi-state car chase that began in Massachusetts on Wednesday afternoon ended in a violent arrest. Related Trump: Muslim ban &apos;just a suggestion&apos; 
News helicopters hovering over the final moments of the pursuit in Nashua, New Hampshire, captured video of uniformed law enforcement officers throwing punches at the suspect as he knelt on the ground next to his pickup truck, his hands on the asphalt in front of him. 
The takedown played out live on some local news stations. 
&quot;We will conduct a separate departmental review of the actual apprehension, as the video captured by news helicopters shows a use of force against the suspect,&quot; said Dave Procopio, spokesman for the Massachusetts State Police, one of the agencies involved in the arrest. 
&quot;This review will investigate whether the level of force used was appropriate given the totality of the circumstances,&quot; Procopio said. 
The state attorney general is conducting a criminal investigation. 
Gov. Maggie Hassan said in a statement that the footage &quot;raises serious concerns&quot; and the incident is being treated &quot;with the utmost seriousness without disparaging all of the hard-working police officers who put their lives on the line every day to keep us safe.&quot; 
The chase began just after 4 p.m. in Holden, Massachusetts, after local police attempted to stop a man &quot;known to them to be the subject of multiple warrants,&quot; Procopio said. 
When the suspect, identified as 50-year-old Richard Simone, refused to pull over, Holden Police began a pursuit. 
Massachusetts State police cruisers soon joined in. 
Simone, who was wanted for assault and battery with a dangerous weapon, larceny, and a previous instance of failure to stop for police, &quot;continued making abrupt lane changes&quot; as he &quot;continued to try to evade capture,&quot; Procopio said. 
Many turns and some 50 miles later, Simone raced over the Tyngsborough Bridge, and soon after, the state line. 
Local and state police in New Hampshire joined the pursuit before Simone at last pulled over in a residential neighborhood of Nashua, nearly an hour after the chase had begun. 
Several police officers, some with their guns drawn and one restraining a dog, encircled Simone as he crawled out of his car, the news helicopter video shows. 
At least two law enforcement officers can be seen repeatedly punching the suspect as he lay on ground. It was not immediately clear which agencies the offending officers were from. 
Procopio said the state police are &quot;reviewing the actions of our own personnel.&quot; 
&quot;We had troopers present at the end of the pursuit and we believe one of the officers involved on the actual apprehension is a member of our department,&quot; he said. &quot;We would not make a conclusive statement on that until we can get into our internal investigation. What our people did is the subject of our internal investigation.&quot; 
Simone was taken into custody and booked by Nashua Police, Procopio said. He will face charges on the underlying warrants and also new charges relating to the car chase on Wednesday, according to Procopio. 
Nashua Police did not respond to a request for comment. A press officer for the state police in New Hampshire directed questions about the apprehension to the state&apos;s attorney general&apos;s office, which could not be reached Wednesday evening. 
Copyright 2016 by CNN NewSource . All rights reserved. This material may not be published, broadcast, rewritten or redistributed.
</post>
<signature>

</signature>
<external_links>

</external_links>
<country>US</country>
<main_image>http://www.krcrtv.com/image/view/-/9471768/highRes/1/-/maxh/640/maxw/640/-/6y0bpuz/-/Police-lights-file-jpg.jpg</main_image>
</document>
