<?xml version="1.0" encoding="UTF-8"?>
<document>
<type>mainstream</type>
<forum>http://www.jamaicaobserver.com/rss/latest/</forum>
<forum_title>Jamaica Observer</forum_title>
<discussion_title>ONLINE READERS COMMENT: Disband the JCF, start afresh</discussion_title>
<language>english</language>
<gmt_offset></gmt_offset>
<topic_url>http://www.jamaicaobserver.com/latestnews/ONLINE-READERS-COMMENT--Disband-the-JCF--start-afresh</topic_url>
<topic_text>
ONLINE READERS COMMENT: Disband the JCF, start afresh 
Thursday, May 12, 2016 | 8:38 AM Tweet 
Dear Editor, 
The Jamaica Constabulary Force (JCF) was formed after the Morant Bay rebellion to act as the buffer between the few haves and the many have-nots. 
To this end, they operated in a paramilitary fashion and were largely successful. However, starting in the 60s but amplified in the 70s and 80s, they seemed to be losing ground, so much so that today they seem totally useless. 
The JCF as is, is not viable. They can&apos;t investigate properly; they have a tendency to shoot on sight while failing to nab the criminals. They are not respected, by and large, are underpaid and as such are susceptible to criminal elements; they fail to take note of evidence and the list goes on. Some of the blame has to be laid at the feet of the government, but, by and large, the JCF has outlived its usefulness.
A department that routinely uses deadly force when faced with a man wielding a machete is backwards in its thinking and needs some serious remodelling. 
The JCF as it is now is no feasible and should be disbanded. Instead, the army must be called out, led by the military police. The army, in spite of the traumatic events in Tivoli, is still the most revered State institution and apart from the respect that they carry, they are viewed as being a lot less corrupt than the cops — and optics is a major factor in crime fighting. 
While this is done, planning can be made for a new force, one that is intelligence-driven and not just led by brute force. We can take cues from foreign agencies and aim for a recruited officer corps, aim for persons with higher education, because if New Scotland Yard and the FBI have shown us anything, it is that young degree holders will do &apos;squaddie&apos; work if paid well. 
Train a force that aims at community policing first. Train a force whose members are polite and do not insult the general public. Train a force that shuns the code of silence that protects corrupt cops. Train a force that not only uses conventional techniques of investigation, but also thinks outside of the box while staying within the bounds of the law. 
Not all cops are corrupt and not all are incompetent. That is why while the force is being remade, people laid off can be interviewed and if found fit, hired and trained in the new techniques, but close attention must be paid to them as old habits die hard. 
All of this can be done and, frankly, needs to be done quickly. The public has lost trust in the force and have no faith in a commissioner who they view as aloof or just a &apos;good ol boy&apos;. The nation can&apos;t afford to wait on internal police reform that never materialises, we need bold action, we need a new police force. 
Alexander Scott 
Like our Facebook page   
Follow us on Twitter   ADVERTISEMENT
</topic_text>
<spam_score>0.00</spam_score>
<post_num>1</post_num>
<post_id>post-1</post_id>
<post_url>http://www.jamaicaobserver.com/latestnews/ONLINE-READERS-COMMENT--Disband-the-JCF--start-afresh</post_url>
<post_date>20160512</post_date>
<post_time>0838</post_time>
<username></username>
<post>
ONLINE READERS COMMENT: Disband the JCF, start afresh 
Thursday, May 12, 2016 | 8:38 AM Tweet 
Dear Editor, 
The Jamaica Constabulary Force (JCF) was formed after the Morant Bay rebellion to act as the buffer between the few haves and the many have-nots. 
To this end, they operated in a paramilitary fashion and were largely successful. However, starting in the 60s but amplified in the 70s and 80s, they seemed to be losing ground, so much so that today they seem totally useless. 
The JCF as is, is not viable. They can&apos;t investigate properly; they have a tendency to shoot on sight while failing to nab the criminals. They are not respected, by and large, are underpaid and as such are susceptible to criminal elements; they fail to take note of evidence and the list goes on. Some of the blame has to be laid at the feet of the government, but, by and large, the JCF has outlived its usefulness.
A department that routinely uses deadly force when faced with a man wielding a machete is backwards in its thinking and needs some serious remodelling. 
The JCF as it is now is no feasible and should be disbanded. Instead, the army must be called out, led by the military police. The army, in spite of the traumatic events in Tivoli, is still the most revered State institution and apart from the respect that they carry, they are viewed as being a lot less corrupt than the cops — and optics is a major factor in crime fighting. 
While this is done, planning can be made for a new force, one that is intelligence-driven and not just led by brute force. We can take cues from foreign agencies and aim for a recruited officer corps, aim for persons with higher education, because if New Scotland Yard and the FBI have shown us anything, it is that young degree holders will do &apos;squaddie&apos; work if paid well. 
Train a force that aims at community policing first. Train a force whose members are polite and do not insult the general public. Train a force that shuns the code of silence that protects corrupt cops. Train a force that not only uses conventional techniques of investigation, but also thinks outside of the box while staying within the bounds of the law. 
Not all cops are corrupt and not all are incompetent. That is why while the force is being remade, people laid off can be interviewed and if found fit, hired and trained in the new techniques, but close attention must be paid to them as old habits die hard. 
All of this can be done and, frankly, needs to be done quickly. The public has lost trust in the force and have no faith in a commissioner who they view as aloof or just a &apos;good ol boy&apos;. The nation can&apos;t afford to wait on internal police reform that never materialises, we need bold action, we need a new police force. 
Alexander Scott 
Like our Facebook page   
Follow us on Twitter   ADVERTISEMENT
</post>
<signature>

</signature>
<external_links>

</external_links>
<country>US</country>
<main_image>http://www.jamaicaobserver.com/assets/12958283/policegraduate_w400.jpg</main_image>
</document>
