<?xml version="1.0" encoding="UTF-8"?>
<document>
<type>mainstream</type>
<forum>http://feeds.feedburner.com/UniradioNoticias/Espectaculos</forum>
<forum_title>UniradioNoticias fama</forum_title>
<discussion_title>Detienen a hombre afuera de la casa de Taylor Swift en NY</discussion_title>
<language>spanish</language>
<gmt_offset></gmt_offset>
<topic_url>http://www.uniradionoticias.com/noticias/fama/411357/detienen-a-hombre-afuera-de-la-casa-de-taylor-swift-en-ny.html</topic_url>
<topic_text>
Detienen a hombre afuera de la casa de Taylor Swift en NY Detienen a hombre afuera de la casa de Taylor Swift en NY Miércoles 11 de Mayo , 22:20 por AP   NUEVA YORK.- Un hombre que la policía describió como emocionalmente trastornado fue detenido afuera de la residencia de Taylor Swift en Manhattan. Las autoridades dijeron que los guardias de seguridad de la superestrella pop habían visto al hombre, que no fue identificado, en una calle cerca de su apartamento en el área de Tribeca. Sucedió alrededor de las 6 p.m. del martes. La policía dijo que el hombre fue trasladado a un hospital para una evaluación psiquiátrica. No se ha hecho ningún arresto. La policía dijo que Swift no se encontraba en su casa en ese momento. No estaba claro si el hombre hizo alguna amenaza.  
</topic_text>
<spam_score>0.00</spam_score>
<post_num>1</post_num>
<post_id>post-1</post_id>
<post_url>http://www.uniradionoticias.com/noticias/fama/411357/detienen-a-hombre-afuera-de-la-casa-de-taylor-swift-en-ny.html</post_url>
<post_date>20160512</post_date>
<post_time>0520</post_time>
<username></username>
<post>
Detienen a hombre afuera de la casa de Taylor Swift en NY Detienen a hombre afuera de la casa de Taylor Swift en NY Miércoles 11 de Mayo , 22:20 por AP   NUEVA YORK.- Un hombre que la policía describió como emocionalmente trastornado fue detenido afuera de la residencia de Taylor Swift en Manhattan. Las autoridades dijeron que los guardias de seguridad de la superestrella pop habían visto al hombre, que no fue identificado, en una calle cerca de su apartamento en el área de Tribeca. Sucedió alrededor de las 6 p.m. del martes. La policía dijo que el hombre fue trasladado a un hospital para una evaluación psiquiátrica. No se ha hecho ningún arresto. La policía dijo que Swift no se encontraba en su casa en ese momento. No estaba claro si el hombre hizo alguna amenaza.  
</post>
<signature>

</signature>
<external_links>

</external_links>
<country>US</country>
<main_image>http://www.uniradioserver.com/media/news_thumbs/201605/20160511164619_122.jpg</main_image>
</document>
