<?xml version="1.0" encoding="UTF-8"?>
<document>
<type>mainstream</type>
<forum></forum>
<forum_title></forum_title>
<discussion_title>Hong Kong-style dragon boats make maiden voyages on the lake - - Wallowa County Chieftain</discussion_title>
<language>english</language>
<gmt_offset></gmt_offset>
<topic_url>http://www.wallowa.com/local_news/20160511/hong-kong-style-dragon-boats-make-maiden-voyages-on-the-lake</topic_url>
<topic_text>
Dragon Boats arrive 
Nothing went as originally planned, but the result was a complete success. 
Michael Lockhart, president of both the Wallowa Lake Tram and the Wallowa Lake Tourist Committee, has been working hard to get Wallowa County dragon boat paddlers on the water this spring and he managed to bring two Hong Kong-style racing boats to the county Thursday. 
The boats are loaned on a “swap lease” that requires the local club — Dragons in the Wallowas — to do a few repairs while they have the boats. 
On Friday night a group of 24 club members and interested residents gathered at The Outlaw Restaurant for a presentation by Colleen McLaughlin, 73, head coach for the 200-member Golden Dragons race club in Portland. 
McLaughlin talked about how she began paddling in a dragon boat when she was 60. The 73-year-old later demonstrated that she could easily out-paddle any of the Wallowa County contingent. 
“Most of our paddlers (in Golden Dragons) are 60 and over, and many of our paddlers are in their 80s and still compete and we have women over 90 who paddle,” McLaughlin said. 
Her presentation included tales of wins over younger teams, an inspirational reading of why she is involved in dragon boats and stories of the tight friendships that dragon boating engenders. 
“I have paddled with people who just came back from their chemo treatments,” she said. “I can’t begin to tell you how many people have said ‘thank you for saying you paddled well today’— it’s a small thing, but they were in a bad spot just then and they needed that. It’s wonderful having people around you who support you.” 
The crowd at the The Outlaw was enthused and impressed by the dry clinic and enjoyed the Awakening Ceremony Wallowa-style, which featured painting the red pupils on the black eyes of the dragons on the two boats and an uplifting prayer by United Methodist Minister Cherie Johnson of Joseph. 
Sparklers were lit and two lanterns were set flying into the skies as part of the ceremony. 
Despite repeated attempts to connect, Lockhart and the local principals of the high schools were not able to schedule brief information sessions for juniors and seniors who would like to participate in youth teams this summer. It remains a goal of the club to have at least two youth teams, and Lockhart says that if more boats are needed he can make that happen. 
Teens and other interested parties are encouraged to visit The Vault Health and Fitness gym at 106 NE 1st St. in Enterprise to pick up the correct applications and mail them to the club. 
Due to problems with an email address and posting of forms, many people who expressed an interest were unable to get their applications in and get on the email list. 
“I’m really sorry about that,” Lockhart said. “We’ll be working those problems out this week and we’ll be using our Facebook page (http://tinyurl.com/zpawszq) much more. Everyone is invited to visit that regularly.” 
The boats were taken out four times over the weekend with regular members of the club taking up the lion’s share of benches, returning again and again to make the most of the training. 
Three members stepped up for tiller training and three for captain/coaching/caller positions. 
No one is obligated to be on the “race team,” and casual boaters are welcome in the club. 
Megan Bowen of Enterprise, who has experience with two Portland crews — a medal-winning traveling team and The Golden Dragons — will both captain boats and create a flexible paddling schedule with the assistance of several other members. Practices (three a week) will move the teams toward the much anticipated “7 Wonders Cup Races” to be held on Wallowa Lake Aug. 27-28. 
The event will feature a 250-meter race, a 500-meter race and a slalom race unique to Wallowa Lake. 
McLaughlin left the group with an image they can’t wait to replicate: “A dragon boat is a spirit of two things: water and air. When you get to that point — you’ll feel the boat fly.” Share and Discuss User Comments Our Guidelines 
Stay on topic - This helps keep the thread focused on the discussion at hand. If you would like to discuss another topic, look for a relevant article. 
Share with Us - We&apos;d love to hear eyewitness accounts, the history behind an article, and smart, constructive criticism. 
Be Civil - It&apos;s OK to have a difference in opinion but there&apos;s no need to be a jerk. We reserve the right to delete any comments that we feel are spammy, off-topic, or reckless to the community. 
Be proactive - Use the &apos;Flag as Inappropriate&apos; link at the upper right corner of each comment to let us know of abusive posts. × 
</topic_text>
<spam_score>0.00</spam_score>
<post_num>1</post_num>
<post_id>post-1</post_id>
<post_url>http://www.wallowa.com/local_news/20160511/hong-kong-style-dragon-boats-make-maiden-voyages-on-the-lake</post_url>
<post_date>20160511</post_date>
<post_time></post_time>
<username></username>
<post>
Dragon Boats arrive 
Nothing went as originally planned, but the result was a complete success. 
Michael Lockhart, president of both the Wallowa Lake Tram and the Wallowa Lake Tourist Committee, has been working hard to get Wallowa County dragon boat paddlers on the water this spring and he managed to bring two Hong Kong-style racing boats to the county Thursday. 
The boats are loaned on a “swap lease” that requires the local club — Dragons in the Wallowas — to do a few repairs while they have the boats. 
On Friday night a group of 24 club members and interested residents gathered at The Outlaw Restaurant for a presentation by Colleen McLaughlin, 73, head coach for the 200-member Golden Dragons race club in Portland. 
McLaughlin talked about how she began paddling in a dragon boat when she was 60. The 73-year-old later demonstrated that she could easily out-paddle any of the Wallowa County contingent. 
“Most of our paddlers (in Golden Dragons) are 60 and over, and many of our paddlers are in their 80s and still compete and we have women over 90 who paddle,” McLaughlin said. 
Her presentation included tales of wins over younger teams, an inspirational reading of why she is involved in dragon boats and stories of the tight friendships that dragon boating engenders. 
“I have paddled with people who just came back from their chemo treatments,” she said. “I can’t begin to tell you how many people have said ‘thank you for saying you paddled well today’— it’s a small thing, but they were in a bad spot just then and they needed that. It’s wonderful having people around you who support you.” 
The crowd at the The Outlaw was enthused and impressed by the dry clinic and enjoyed the Awakening Ceremony Wallowa-style, which featured painting the red pupils on the black eyes of the dragons on the two boats and an uplifting prayer by United Methodist Minister Cherie Johnson of Joseph. 
Sparklers were lit and two lanterns were set flying into the skies as part of the ceremony. 
Despite repeated attempts to connect, Lockhart and the local principals of the high schools were not able to schedule brief information sessions for juniors and seniors who would like to participate in youth teams this summer. It remains a goal of the club to have at least two youth teams, and Lockhart says that if more boats are needed he can make that happen. 
Teens and other interested parties are encouraged to visit The Vault Health and Fitness gym at 106 NE 1st St. in Enterprise to pick up the correct applications and mail them to the club. 
Due to problems with an email address and posting of forms, many people who expressed an interest were unable to get their applications in and get on the email list. 
“I’m really sorry about that,” Lockhart said. “We’ll be working those problems out this week and we’ll be using our Facebook page (http://tinyurl.com/zpawszq) much more. Everyone is invited to visit that regularly.” 
The boats were taken out four times over the weekend with regular members of the club taking up the lion’s share of benches, returning again and again to make the most of the training. 
Three members stepped up for tiller training and three for captain/coaching/caller positions. 
No one is obligated to be on the “race team,” and casual boaters are welcome in the club. 
Megan Bowen of Enterprise, who has experience with two Portland crews — a medal-winning traveling team and The Golden Dragons — will both captain boats and create a flexible paddling schedule with the assistance of several other members. Practices (three a week) will move the teams toward the much anticipated “7 Wonders Cup Races” to be held on Wallowa Lake Aug. 27-28. 
The event will feature a 250-meter race, a 500-meter race and a slalom race unique to Wallowa Lake. 
McLaughlin left the group with an image they can’t wait to replicate: “A dragon boat is a spirit of two things: water and air. When you get to that point — you’ll feel the boat fly.” Share and Discuss User Comments Our Guidelines 
Stay on topic - This helps keep the thread focused on the discussion at hand. If you would like to discuss another topic, look for a relevant article. 
Share with Us - We&apos;d love to hear eyewitness accounts, the history behind an article, and smart, constructive criticism. 
Be Civil - It&apos;s OK to have a difference in opinion but there&apos;s no need to be a jerk. We reserve the right to delete any comments that we feel are spammy, off-topic, or reckless to the community. 
Be proactive - Use the &apos;Flag as Inappropriate&apos; link at the upper right corner of each comment to let us know of abusive posts. × 
</post>
<signature>

</signature>
<external_links>

</external_links>
<country>US</country>
<main_image>http://www.wallowa.com/storyimage/WC/20160511/ARTICLE/160519977/AR/0/AR-160519977.jpg&amp;MaxW=600</main_image>
</document>
