<?xml version="1.0" encoding="UTF-8"?>
<document>
<type>mainstream</type>
<forum></forum>
<forum_title></forum_title>
<discussion_title>پاکستان میں سویا بین کی یومیہ کھپت 2 ہزار ٹن پر آگئی | Associated Press of Pakistan</discussion_title>
<language>urdu</language>
<gmt_offset></gmt_offset>
<topic_url>http://urdu.app.com.pk/urdu/2016/05/%d9%be%d8%a7%da%a9%d8%b3%d8%aa%d8%a7%d9%86-%d9%85%db%8c%da%ba-%d8%b3%d9%88%db%8c%d8%a7-%d8%a8%db%8c%d9%86-%da%a9%db%8c-%db%8c%d9%88%d9%85%db%8c%db%81-%da%a9%da%be%d9%be%d8%aa-2-%db%81%d8%b2%d8%a7/</topic_url>
<topic_text>
پاکستان میں سویا بین کی یومیہ کھپت 2 ہزار ٹن پر آگئی May 12, 2016 tweet 
نیویارک ۔ 12 مئی (اے پی پی)گذشتہ سال کے دوران پاکستان نے 6 لاکھ ٹن سویا بین درآمد کیا جبکہ 2014ءکے دوران سویا بین کی درآمدات کاحجم صرف 10ہزار ٹن رہا تھا۔ سویا بین نہ صرف انسانی غذائی ضروریات کی تکمیل کیلئے استعمال کیاجاتاہے بلکہ اس سے لائیو سٹاک جکا شعبہ دودھ کی پیداوار بڑھانے میں بھی مدد حاصل کرتاہے۔پاکستان مین سویا بین کی یومیہ کھپت کا تخمینہ2 ہزار ٹن ہے۔ شیئرکریں 
</topic_text>
<spam_score>0.00</spam_score>
<post_num>1</post_num>
<post_id>post-1</post_id>
<post_url>http://urdu.app.com.pk/urdu/2016/05/%d9%be%d8%a7%da%a9%d8%b3%d8%aa%d8%a7%d9%86-%d9%85%db%8c%da%ba-%d8%b3%d9%88%db%8c%d8%a7-%d8%a8%db%8c%d9%86-%da%a9%db%8c-%db%8c%d9%88%d9%85%db%8c%db%81-%da%a9%da%be%d9%be%d8%aa-2-%db%81%d8%b2%d8%a7/</post_url>
<post_date>20160512</post_date>
<post_time></post_time>
<username>App News</username>
<post>
پاکستان میں سویا بین کی یومیہ کھپت 2 ہزار ٹن پر آگئی May 12, 2016 tweet 
نیویارک ۔ 12 مئی (اے پی پی)گذشتہ سال کے دوران پاکستان نے 6 لاکھ ٹن سویا بین درآمد کیا جبکہ 2014ءکے دوران سویا بین کی درآمدات کاحجم صرف 10ہزار ٹن رہا تھا۔ سویا بین نہ صرف انسانی غذائی ضروریات کی تکمیل کیلئے استعمال کیاجاتاہے بلکہ اس سے لائیو سٹاک جکا شعبہ دودھ کی پیداوار بڑھانے میں بھی مدد حاصل کرتاہے۔پاکستان مین سویا بین کی یومیہ کھپت کا تخمینہ2 ہزار ٹن ہے۔ شیئرکریں 
</post>
<signature>

</signature>
<external_links>

</external_links>
<country>FR</country>
<main_image></main_image>
</document>
