<?xml version="1.0" encoding="UTF-8"?>
<document>
<type>mainstream</type>
<forum>http://bookarchive.ru//engine/rss.php</forum>
<forum_title>Скачать книги бесплатно на BookArchive</forum_title>
<discussion_title>Playboy №6 (June 2016) Germany</discussion_title>
<language>russian</language>
<gmt_offset></gmt_offset>
<topic_url>http://www.bookarchive.ru/zhurnaly/muzhskoi_zhurnal/330793-playboy-6-june-2016-germany.html</topic_url>
<topic_text>
Скачиваний 78 / Средняя скорость 2246 Kb/s Playboy №6 (June 2016) Germany Журналы Playboy №6 (June 2016) Germany Playboy 2016 156 Немецкий PDF отличное 21 Мб Легендарный журнал для мужчин, основанный в 1953 году Хью Хефнером и его коллегами, выросший в настоящую империю Playboy Enterprises, влияние которой распространяется на все области медиа. Playboy — один из самых известных в мире брендов. http://salefiles.com/hnmnltjyvxyx/PlayboyGerJune2016.pdf.html -
</topic_text>
<spam_score>0.00</spam_score>
<post_num>1</post_num>
<post_id>post-1</post_id>
<post_url>http://www.bookarchive.ru/zhurnaly/muzhskoi_zhurnal/330793-playboy-6-june-2016-germany.html</post_url>
<post_date>20160512</post_date>
<post_time>1600</post_time>
<username>700Mb</username>
<post>
Скачиваний 78 / Средняя скорость 2246 Kb/s Playboy №6 (June 2016) Germany Журналы Playboy №6 (June 2016) Germany Playboy 2016 156 Немецкий PDF отличное 21 Мб Легендарный журнал для мужчин, основанный в 1953 году Хью Хефнером и его коллегами, выросший в настоящую империю Playboy Enterprises, влияние которой распространяется на все области медиа. Playboy — один из самых известных в мире брендов. http://salefiles.com/hnmnltjyvxyx/PlayboyGerJune2016.pdf.html -
</post>
<signature>

</signature>
<external_links>

</external_links>
<country>RU</country>
<main_image>/uploads/posts/2016-05/thumbs/1462974282_playboygerjune2016.jpg</main_image>
</document>
