<?xml version="1.0" encoding="UTF-8"?>
<document>
<type>mainstream</type>
<forum></forum>
<forum_title></forum_title>
<discussion_title>Getting Ready for RuPaul&apos;s DragCon With Drag Superstar Derrick Barry</discussion_title>
<language>english</language>
<gmt_offset></gmt_offset>
<topic_url>http://us.geosnews.com/p/us/ca/los-angeles-county/los-angeles/getting-ready-for-rupaul-s-dragcon-with-drag-superstar-derrick-barry_4787119</topic_url>
<topic_text>
News from: City of Los Angeles Image source: LA Weekly - link This Mother’s Day, I spent the morning with a completely different calibre of woman than the one who birthed me. It’s 6 a.m. at the Luxe Hotel in downtown Los Angeles and Derrick Barry perkily greets me into his room wearing nothing but a white towel, the red waistband of... Read the full article here: LA Weekly The post: «Getting Ready for RuPaul&apos;s DragCon With Drag Superstar Derrick Barry» has been published on the website LA Weekly where, everyday, you can find the latest news about Los Angeles&apos;s area. 
</topic_text>
<spam_score>0.00</spam_score>
<post_num>1</post_num>
<post_id>post-1</post_id>
<post_url>http://us.geosnews.com/p/us/ca/los-angeles-county/los-angeles/getting-ready-for-rupaul-s-dragcon-with-drag-superstar-derrick-barry_4787119</post_url>
<post_date>20160512</post_date>
<post_time></post_time>
<username>La Weekly</username>
<post>
News from: City of Los Angeles Image source: LA Weekly - link This Mother’s Day, I spent the morning with a completely different calibre of woman than the one who birthed me. It’s 6 a.m. at the Luxe Hotel in downtown Los Angeles and Derrick Barry perkily greets me into his room wearing nothing but a white towel, the red waistband of... Read the full article here: LA Weekly The post: «Getting Ready for RuPaul&apos;s DragCon With Drag Superstar Derrick Barry» has been published on the website LA Weekly where, everyday, you can find the latest news about Los Angeles&apos;s area. 
</post>
<signature>

</signature>
<external_links>

</external_links>
<country>US</country>
<main_image>http://us.geosnews.com/redim?src=0&amp;w=650&amp;nu=1</main_image>
</document>
