<?xml version="1.0" encoding="UTF-8"?>
<document>
<type>mainstream</type>
<forum></forum>
<forum_title></forum_title>
<discussion_title>امریکی سفیر ڈیوڈ ہیل کی وزیر تجارت انجینئر خرم دستگیر خان سے گفتگو | Associated Press of Pakistan</discussion_title>
<language>urdu</language>
<gmt_offset></gmt_offset>
<topic_url>http://urdu.app.com.pk/urdu/2016/05/%d8%a7%d9%85%d8%b1%db%8c%da%a9%db%8c-%d8%b3%d9%81%db%8c%d8%b1-%da%88%db%8c%d9%88%da%88-%db%81%db%8c%d9%84-%da%a9%db%8c-%d9%88%d8%b2%db%8c%d8%b1-%d8%aa%d8%ac%d8%a7%d8%b1%d8%aa-%d8%a7%d9%86%d8%ac%db%8c/</topic_url>
<topic_text>
امریکی سفیر ڈیوڈ ہیل کی وزیر تجارت انجینئر خرم دستگیر خان سے گفتگو May 12, 2016 tweet APP70-12 ISLAMABAD: May 12 - US Ambassador to Pakistan David Hale called on Federal Minister for Commerce Engr. Khurram Dastgir Khan. APP 
اسلام آباد ۔ 12 مئی (اے پی پی) پاکستان میں امریکی سفیر ڈیوڈ ہیل نے کہا ہے کہ امریکہ پاکستان کے ساتھ مزید مستحکم معاشی اور تجارتی تعلقات چاہتا ہے، معاشی تعلقات سیکورٹی کا حصہ ہے تاہم یہ بلٹس سے زیادہ اہم ہیں۔ انہوں نے یہ بات جمعرات کو یہاں وزیر تجارت انجینئر خرم دستگیر خان کے ساتھ ملاقات کے دوران کہی۔ امریکی سفیر نے کہا کہ پاکستان میں سیاسی ماحول مستحکم ہے اور امریکہ معاشی اور تجارتی شعبوں میں پاکستان کو امداد فراہم کرنے کا جائزہ لے رہا ہے۔ انہوں نے کہا کہ ہم معاشی اور تجارتی امور میں مزید تعاون کیلئے سرمایہ کاری کے معاہدوں اور دیگر متعلقہ اداروں کا جائزہ لے رہے ہیں۔ عوام پاکستان کے روشن پہلو کو دیکھیں جہاں تجارت اور سرمایہ کاری کیلئے حالات میں بہتری آئی ہے۔ ٹیگز 
</topic_text>
<spam_score>0.00</spam_score>
<post_num>1</post_num>
<post_id>post-1</post_id>
<post_url>http://urdu.app.com.pk/urdu/2016/05/%d8%a7%d9%85%d8%b1%db%8c%da%a9%db%8c-%d8%b3%d9%81%db%8c%d8%b1-%da%88%db%8c%d9%88%da%88-%db%81%db%8c%d9%84-%da%a9%db%8c-%d9%88%d8%b2%db%8c%d8%b1-%d8%aa%d8%ac%d8%a7%d8%b1%d8%aa-%d8%a7%d9%86%d8%ac%db%8c/</post_url>
<post_date>20160512</post_date>
<post_time></post_time>
<username>App News</username>
<post>
امریکی سفیر ڈیوڈ ہیل کی وزیر تجارت انجینئر خرم دستگیر خان سے گفتگو May 12, 2016 tweet APP70-12 ISLAMABAD: May 12 - US Ambassador to Pakistan David Hale called on Federal Minister for Commerce Engr. Khurram Dastgir Khan. APP 
اسلام آباد ۔ 12 مئی (اے پی پی) پاکستان میں امریکی سفیر ڈیوڈ ہیل نے کہا ہے کہ امریکہ پاکستان کے ساتھ مزید مستحکم معاشی اور تجارتی تعلقات چاہتا ہے، معاشی تعلقات سیکورٹی کا حصہ ہے تاہم یہ بلٹس سے زیادہ اہم ہیں۔ انہوں نے یہ بات جمعرات کو یہاں وزیر تجارت انجینئر خرم دستگیر خان کے ساتھ ملاقات کے دوران کہی۔ امریکی سفیر نے کہا کہ پاکستان میں سیاسی ماحول مستحکم ہے اور امریکہ معاشی اور تجارتی شعبوں میں پاکستان کو امداد فراہم کرنے کا جائزہ لے رہا ہے۔ انہوں نے کہا کہ ہم معاشی اور تجارتی امور میں مزید تعاون کیلئے سرمایہ کاری کے معاہدوں اور دیگر متعلقہ اداروں کا جائزہ لے رہے ہیں۔ عوام پاکستان کے روشن پہلو کو دیکھیں جہاں تجارت اور سرمایہ کاری کیلئے حالات میں بہتری آئی ہے۔ ٹیگز 
</post>
<signature>

</signature>
<external_links>

</external_links>
<country>FR</country>
<main_image>http://urdu.app.com.pk/urdu/wp-content/uploads/2016/05/APP70-12Islamabad.jpg</main_image>
</document>
