<?xml version="1.0" encoding="UTF-8"?>
<document>
<type>mainstream</type>
<forum>http://kurier.at/rss/techno_foto_rss.xml</forum>
<forum_title>KURIER.at - LEBEN</forum_title>
<discussion_title>Waxing-Studio wirbt für 12-Jährige</discussion_title>
<language>german</language>
<gmt_offset></gmt_offset>
<topic_url>http://kurier.at/leben/waxing-studio-wirbt-fuer-12-jaehrige/198.333.624</topic_url>
<topic_text>
&quot;Warum soll ich mich erst mit 18 wohl auf meiner Haut fühlen?&quot; lautet die Frage auf dem Flyer der deutschen Waxing-Studiokette Wax In The City . Darauf  zu sehen ist eine junge Frau mit verschränkten Armen, die fordernd in die Kamera blickt. Auf der Rückseite finden sich sämtliche Waxing-Behandlungen des Studios, das &quot;attraktive Sonderkonditionen für Teens im Alter von 12-17 Jahren&quot; anbietet.

Offener Brief an Waxing-Studio Die Kundin Jolki Palki ist in einer Berliner Filiale auf den Flyer aufmerksam geworden und hat ihn mit einem wütenden offenen Brief auf dem Blog This is Jane Wayne veröffentlicht und auf Facebook gepostet. Darin stellt sie die Frage, ob wir heute wirklich Waxing ab zwölf Jahren brauchen und plädiert dafür, dass Haare etwas Natürliches sind.
Einverständniserklärung der Erziehungsberechtigten Ganz anders sieht man das bei Wax In The City . &quot;Auch Jugendliche kommen bei uns in den Genuss eines professionellen Waxings und können unerwünschte Körperhaare ganz einfach entfernen lassen!&quot;, wird das Angebot für Jugendliche auf der Rückseite des Flyers angepriesen. Bei minderjährigen Kunden bräuchte es dafür aber vor dem ersten Waxing eine unterschriebene Einverständniserklärung der Erziehungsberechtigten. Für eine Stellungnahme war bei der zentralen Pressestelle des Unternehmens niemand erreichbar.
Nicht ohne Folgen Obwohl in den vergangen Jahren immer wieder über das Comeback der Schamhaare berichtet wurde, bevorzugen heute fast alle Jugendlichen einen haarlosen Intimbereich. Das bestätigt auch Sexualtherapeutin Elia Bragagna im Gespräch mit dem KURIER. Diese Entwicklung würde für viele Menschen und ihr Körpergefühl jedoch nicht ohne Folgen bleiben. Wer bereits in jungen Jahren sämtliche Körperhaare entfernt, habe es später schwer, eine gesunde Beziehung zum eigenen Körper aufzubauen und laufe Gefahr, als Erwachsener in sexuellen Angelegenheiten unentspannt zu werden.
Anstieg bei Schamlippenkorrekturen &quot;Die Jugendlichen können kein Gespür für sich selbst entwickeln und haben das Gefühl, nicht so sein zu dürfen, wie sie von Natur aus sind. Also nicht haarlos&quot;, sagt Bragagna. Die aufwendige Pflege des eigenen Körpers würde dazu führen, dass es nur noch zu inszenierten zwischenmenschlichen Begegnungen komme. &quot;Während sich der eine im Bad fertig macht, schläft der andere ein&quot;, sagt Bragagna. Junge Mädchen würden durch den Trend zur kahlen Intimzone außerdem verstärkt das Aussehen ihrer Genitalien in Frage stellen. Laut Bragagna gab es in den vergangenen Jahren einen eindeutigen Anstieg bei Schamlippenkorrekturen ( der KURIER berichtete ).
In Österreich gibt es ebenfalls drei Filialen von Wax In The City . Zwei in Wien und eines in Graz. Im Studio im siebten Wiener Gemeindebezirk können sich Teenies ab dem 16. Lebensjahr ebenfalls &quot;alles entfernen, was sie wollen&quot;, dafür bräuchten sie aber eine Einverständniserklärung der Eltern. Einen Rabatt gibt es dafür jedoch nicht.
Der offene Brief:
</topic_text>
<spam_score>0.00</spam_score>
<post_num>1</post_num>
<post_id>post-1</post_id>
<post_url>http://kurier.at/leben/waxing-studio-wirbt-fuer-12-jaehrige/198.333.624</post_url>
<post_date>20160512</post_date>
<post_time>1520</post_time>
<username>Elisabeth Mittendorfer</username>
<post>
&quot;Warum soll ich mich erst mit 18 wohl auf meiner Haut fühlen?&quot; lautet die Frage auf dem Flyer der deutschen Waxing-Studiokette Wax In The City . Darauf  zu sehen ist eine junge Frau mit verschränkten Armen, die fordernd in die Kamera blickt. Auf der Rückseite finden sich sämtliche Waxing-Behandlungen des Studios, das &quot;attraktive Sonderkonditionen für Teens im Alter von 12-17 Jahren&quot; anbietet.

Offener Brief an Waxing-Studio Die Kundin Jolki Palki ist in einer Berliner Filiale auf den Flyer aufmerksam geworden und hat ihn mit einem wütenden offenen Brief auf dem Blog This is Jane Wayne veröffentlicht und auf Facebook gepostet. Darin stellt sie die Frage, ob wir heute wirklich Waxing ab zwölf Jahren brauchen und plädiert dafür, dass Haare etwas Natürliches sind.
Einverständniserklärung der Erziehungsberechtigten Ganz anders sieht man das bei Wax In The City . &quot;Auch Jugendliche kommen bei uns in den Genuss eines professionellen Waxings und können unerwünschte Körperhaare ganz einfach entfernen lassen!&quot;, wird das Angebot für Jugendliche auf der Rückseite des Flyers angepriesen. Bei minderjährigen Kunden bräuchte es dafür aber vor dem ersten Waxing eine unterschriebene Einverständniserklärung der Erziehungsberechtigten. Für eine Stellungnahme war bei der zentralen Pressestelle des Unternehmens niemand erreichbar.
Nicht ohne Folgen Obwohl in den vergangen Jahren immer wieder über das Comeback der Schamhaare berichtet wurde, bevorzugen heute fast alle Jugendlichen einen haarlosen Intimbereich. Das bestätigt auch Sexualtherapeutin Elia Bragagna im Gespräch mit dem KURIER. Diese Entwicklung würde für viele Menschen und ihr Körpergefühl jedoch nicht ohne Folgen bleiben. Wer bereits in jungen Jahren sämtliche Körperhaare entfernt, habe es später schwer, eine gesunde Beziehung zum eigenen Körper aufzubauen und laufe Gefahr, als Erwachsener in sexuellen Angelegenheiten unentspannt zu werden.
Anstieg bei Schamlippenkorrekturen &quot;Die Jugendlichen können kein Gespür für sich selbst entwickeln und haben das Gefühl, nicht so sein zu dürfen, wie sie von Natur aus sind. Also nicht haarlos&quot;, sagt Bragagna. Die aufwendige Pflege des eigenen Körpers würde dazu führen, dass es nur noch zu inszenierten zwischenmenschlichen Begegnungen komme. &quot;Während sich der eine im Bad fertig macht, schläft der andere ein&quot;, sagt Bragagna. Junge Mädchen würden durch den Trend zur kahlen Intimzone außerdem verstärkt das Aussehen ihrer Genitalien in Frage stellen. Laut Bragagna gab es in den vergangenen Jahren einen eindeutigen Anstieg bei Schamlippenkorrekturen ( der KURIER berichtete ).
In Österreich gibt es ebenfalls drei Filialen von Wax In The City . Zwei in Wien und eines in Graz. Im Studio im siebten Wiener Gemeindebezirk können sich Teenies ab dem 16. Lebensjahr ebenfalls &quot;alles entfernen, was sie wollen&quot;, dafür bräuchten sie aber eine Einverständniserklärung der Eltern. Einen Rabatt gibt es dafür jedoch nicht.
Der offene Brief:
</post>
<signature>

</signature>
<external_links>

</external_links>
<country>AT</country>
<main_image>http://images02.kurier.at/waxneu675.jpg/198.349.324</main_image>
</document>
