<?xml version="1.0" encoding="UTF-8"?>
<document>
<type>mainstream</type>
<forum>http://www.androidworld.it/feed/</forum>
<forum_title>AndroidWorld.it</forum_title>
<discussion_title>Niente force touch con Android N, quantomeno non fin da subito</discussion_title>
<language>italian</language>
<gmt_offset></gmt_offset>
<topic_url>http://www.androidworld.it/2016/05/12/niente-3d-touch-android-n-397084/</topic_url>
<topic_text>
Nicola Ligas 12 maggio 2016 
Con la seconda developer preview di Android N , Google aveva annunciato anche le dynamic shortcut , delle particolari scorciatoie, richiamabili con gesture sulle icone delle app, che subito avevano fatto pensare ad una implementazione del force touch / 3D touch su Android. Era anche stato detto che Google avrebbe confermato il supporto di Android N agli schermi sensibili alla pressione , ma secondo nuove fonti di recode , così non è. 
Niente force touch in Android N quindi, quantomeno non nella release iniziale ; probabilmente il supporto arriverà solo con un futuro aggiornamento in corso d’opera di Android N. Google non ha confermato, né smentito, questo ultimo report. LEGGI ANCHE : Come funzionano le dynamic shortcut di Android N (video) 
Sia chiaro che questo non smentisce l’arrivo delle nuove scorciatoie in Android N, che sono anche già documentate sul sito ufficiale degli sviluppatori; semplicemente queste funzioneranno tramite swipe ed altre gesture, ma non con la pressione. Ammesso e non concesso che le fonti di recode siano affidabili. 
In ogni caso il 3D Touch non ha fatto propriamente breccia tra gli utenti iOS (strano! – NdR), pertanto non c’è ragione di perdere il sonno nell’attesa del suo arrivo su Android. Non siete d’accordo?
</topic_text>
<spam_score>0.00</spam_score>
<post_num>1</post_num>
<post_id>post-1</post_id>
<post_url>http://www.androidworld.it/2016/05/12/niente-3d-touch-android-n-397084/</post_url>
<post_date>20160512</post_date>
<post_time>1610</post_time>
<username>Nicola Ligas</username>
<post>
Nicola Ligas 12 maggio 2016 
Con la seconda developer preview di Android N , Google aveva annunciato anche le dynamic shortcut , delle particolari scorciatoie, richiamabili con gesture sulle icone delle app, che subito avevano fatto pensare ad una implementazione del force touch / 3D touch su Android. Era anche stato detto che Google avrebbe confermato il supporto di Android N agli schermi sensibili alla pressione , ma secondo nuove fonti di recode , così non è. 
Niente force touch in Android N quindi, quantomeno non nella release iniziale ; probabilmente il supporto arriverà solo con un futuro aggiornamento in corso d’opera di Android N. Google non ha confermato, né smentito, questo ultimo report. LEGGI ANCHE : Come funzionano le dynamic shortcut di Android N (video) 
Sia chiaro che questo non smentisce l’arrivo delle nuove scorciatoie in Android N, che sono anche già documentate sul sito ufficiale degli sviluppatori; semplicemente queste funzioneranno tramite swipe ed altre gesture, ma non con la pressione. Ammesso e non concesso che le fonti di recode siano affidabili. 
In ogni caso il 3D Touch non ha fatto propriamente breccia tra gli utenti iOS (strano! – NdR), pertanto non c’è ragione di perdere il sonno nell’attesa del suo arrivo su Android. Non siete d’accordo?
</post>
<signature>

</signature>
<external_links>

</external_links>
<country>IT</country>
<main_image>http://www.androidworld.it/wp-content/uploads/2016/02/Apple-iPhone-6s-Force-Touch-3.png</main_image>
</document>
