<?xml version="1.0" encoding="UTF-8"?>
<document>
<type>mainstream</type>
<forum>http://rt-forum.se/feed/</forum>
<forum_title>Resforum och trafikforum</forum_title>
<discussion_title>Helsingborgsexpressen nästa</discussion_title>
<language>swedish</language>
<gmt_offset></gmt_offset>
<topic_url>http://rt-forum.se/nyheter/helsingborgsexpressen-nasta/</topic_url>
<topic_text>
Hem ⁄ Nyheter ⁄ Helsingborgsexpressen nästa BUSS. Det talades om spårväg men nu blir det buss i stället i Helsingborg - Helsingborgsexpressen. Det säger Torgny Johansson från staden. Foto: Thomas Dietl 2016-  Nyheter , Trafikforum 
Helsingborgs stad får del i de 540 miljoner kronor som finns inom Stadsmiljöavtalet - därmed kan Helsingborgsexpressen byggas. 
Torgny Johansson , Helsingborgs stad redogjorde för hur Helsingborgsexpressen ska lyfta kollektivtrafiken utan att behöva bygga dyr spårväg. John Hultén förklarade också målet och meningan med mångmiljonsatsningen Stadsmiljöavtalet. Bland annat handlar det om att få bort fossildriven kollektivtrafik och öka bostadsbyggandet. 

Förutom Helsingborg för också Luleå, Östersund, Gävle, Karlstad, Linköping och Lund medel ur Stadsmiljöavtalet, mer om det i TRAFIKFORUM nr 4 som utkommer i slutet av maj. Nyheter
</topic_text>
<spam_score>0.00</spam_score>
<post_num>1</post_num>
<post_id>post-1</post_id>
<post_url>http://rt-forum.se/nyheter/helsingborgsexpressen-nasta/</post_url>
<post_date>20160512</post_date>
<post_time>1338</post_time>
<username>Thomas Dietl</username>
<post>
Hem ⁄ Nyheter ⁄ Helsingborgsexpressen nästa BUSS. Det talades om spårväg men nu blir det buss i stället i Helsingborg - Helsingborgsexpressen. Det säger Torgny Johansson från staden. Foto: Thomas Dietl 2016-  Nyheter , Trafikforum 
Helsingborgs stad får del i de 540 miljoner kronor som finns inom Stadsmiljöavtalet - därmed kan Helsingborgsexpressen byggas. 
Torgny Johansson , Helsingborgs stad redogjorde för hur Helsingborgsexpressen ska lyfta kollektivtrafiken utan att behöva bygga dyr spårväg. John Hultén förklarade också målet och meningan med mångmiljonsatsningen Stadsmiljöavtalet. Bland annat handlar det om att få bort fossildriven kollektivtrafik och öka bostadsbyggandet. 

Förutom Helsingborg för också Luleå, Östersund, Gävle, Karlstad, Linköping och Lund medel ur Stadsmiljöavtalet, mer om det i TRAFIKFORUM nr 4 som utkommer i slutet av maj. Nyheter
</post>
<signature>

</signature>
<external_links>

</external_links>
<country>SE</country>
<main_image></main_image>
</document>
