<?xml version="1.0" encoding="UTF-8"?>
<document>
<type>mainstream</type>
<forum>http://bookarchive.ru//engine/rss.php</forum>
<forum_title>Скачать книги бесплатно на BookArchive</forum_title>
<discussion_title>Франциска Вульф - Сборник сочинений (5 книг)</discussion_title>
<language>russian</language>
<gmt_offset></gmt_offset>
<topic_url>http://www.bookarchive.ru/khud_literatura/zarubezhnaja_literatura/fantastika_i_fjentezi/330783-franciska-vulf-sbornik-sochineniy-5-knig.html</topic_url>
<topic_text>
Администратор Скачиваний 161 / Средняя скорость 2983 Kb/s Скачиваний 88 / Средняя скорость 3782 Kb/s по прямой ссылке Скачиваний 136 / Средняя скорость 4184 Kb/s Автор: Серия или выпуск: Издательство: Год издания: Страниц: Язык: Формат: Качество: Размер: Никогда не знаешь, что случится завтра. Молодая врач-хирург из Гамбурга не могла даже представить, что обычное ночное дежурство обернется для нее… путешествием во времени. Случайно оказавшийся у нее магический камень Фатимы, дочери пророка Мохаммеда, предмет вожделения истинно верующих, перенес ее на десять веков назад, в арабское Средневековье. Пройдя через все испытания в гареме эмира, ощутив на себе хитросплетения интриг, разочаровавшись в женской дружбе и познав восторг любви, главная героиня в конце концов вернется обратно, в век нынешний. Заговор во Флоренции Камни_Фатимы Рука Фатимы Сердце Фатимы
</topic_text>
<spam_score>0.00</spam_score>
<post_num>1</post_num>
<post_id>post-1</post_id>
<post_url>http://www.bookarchive.ru/khud_literatura/zarubezhnaja_literatura/fantastika_i_fjentezi/330783-franciska-vulf-sbornik-sochineniy-5-knig.html</post_url>
<post_date>20160512</post_date>
<post_time>1600</post_time>
<username>strok10</username>
<post>
Администратор Скачиваний 161 / Средняя скорость 2983 Kb/s Скачиваний 88 / Средняя скорость 3782 Kb/s по прямой ссылке Скачиваний 136 / Средняя скорость 4184 Kb/s Автор: Серия или выпуск: Издательство: Год издания: Страниц: Язык: Формат: Качество: Размер: Никогда не знаешь, что случится завтра. Молодая врач-хирург из Гамбурга не могла даже представить, что обычное ночное дежурство обернется для нее… путешествием во времени. Случайно оказавшийся у нее магический камень Фатимы, дочери пророка Мохаммеда, предмет вожделения истинно верующих, перенес ее на десять веков назад, в арабское Средневековье. Пройдя через все испытания в гареме эмира, ощутив на себе хитросплетения интриг, разочаровавшись в женской дружбе и познав восторг любви, главная героиня в конце концов вернется обратно, в век нынешний. Заговор во Флоренции Камни_Фатимы Рука Фатимы Сердце Фатимы
</post>
<signature>

</signature>
<external_links>

</external_links>
<country>RU</country>
<main_image>http://s2.1pic.org/files/2016/05/11/8d4d1309ac16a2518432.jpg</main_image>
</document>
