<?xml version="1.0" encoding="UTF-8"?>
<document>
<type>mainstream</type>
<forum>http://www.vetogate.com/list/65/kotob</forum>
<forum_title>بوابة فيتو | كتب </forum_title>
<discussion_title>نشطاء يطالبون بالإفراج عن الباحث الحقوقي محمد ناجي</discussion_title>
<language>arabic</language>
<gmt_offset></gmt_offset>
<topic_url>http://www.vetogate.com/2183816</topic_url>
<topic_text>
تضامن اليوم عدد من نشطاء التواصل الاجتماعي، على موقع &quot;فيس بوك&quot;، مع الباحث الحقوقي بمؤسسة حرية الفكر والتعبير محمد ناجي والمقبوض عليه يوم 25 أبريل الماضى، ضمن مظاهرات العجوزة، رفضا لاتفاقية ترسيم الحدود مع السعودية.
ورفع النشطاء صورا طالبوا فيها بسرعة الإفراج عن &quot;ناجي&quot;، وذلك لما يعانيه من تدهور في الحالة الصحية بعد وضعه مع 48 شخصًا في عنبر لا تصل إليه أشعة الشمس، بحسب التقرير الصادر عن مؤسسة حرية الفكر والتعبير بشأن حبسه.
</topic_text>
<spam_score>0.00</spam_score>
<post_num>1</post_num>
<post_id>post-1</post_id>
<post_url>http://www.vetogate.com/2183816</post_url>
<post_date>20160512</post_date>
<post_time>0553</post_time>
<username>vetogate.com</username>
<post>
تضامن اليوم عدد من نشطاء التواصل الاجتماعي، على موقع &quot;فيس بوك&quot;، مع الباحث الحقوقي بمؤسسة حرية الفكر والتعبير محمد ناجي والمقبوض عليه يوم 25 أبريل الماضى، ضمن مظاهرات العجوزة، رفضا لاتفاقية ترسيم الحدود مع السعودية.
ورفع النشطاء صورا طالبوا فيها بسرعة الإفراج عن &quot;ناجي&quot;، وذلك لما يعانيه من تدهور في الحالة الصحية بعد وضعه مع 48 شخصًا في عنبر لا تصل إليه أشعة الشمس، بحسب التقرير الصادر عن مؤسسة حرية الفكر والتعبير بشأن حبسه.
</post>
<signature>

</signature>
<external_links>

</external_links>
<country>US</country>
<main_image>http://www.vetogate.com/upload/photo/news/218/3/500x500o/816.jpg</main_image>
</document>
