<?xml version="1.0" encoding="UTF-8"?>
<document>
<type>mainstream</type>
<forum></forum>
<forum_title></forum_title>
<discussion_title>د پاکستان او آئی اېم اېف ترمينځه د توسیعی فنډ اسانيو پروګرام 11مه معاشې جائزہ په کامیابۍ ترسره شوه | APP Pashto service</discussion_title>
<language>urdu</language>
<gmt_offset></gmt_offset>
<topic_url>http://pashto.app.com.pk/pashto/2016/05/%d8%af-%d9%be%d8%a7%da%a9%d8%b3%d8%aa%d8%a7%d9%86-%d8%a7%d9%88-%d8%a2%d8%a6%db%8c-%d8%a7%db%90%d9%85-%d8%a7%db%90%d9%81-%d8%aa%d8%b1%d9%85%d9%8a%d9%86%da%81%d9%87-%d8%af-%d8%aa%d9%88%d8%b3%db%8c/</topic_url>
<topic_text>
د پاکستان او آئی اېم اېف ترمينځه د توسیعی فنډ اسانيو پروګرام 11مه معاشې جائزہ په کامیابۍ ترسره شوه May 12, 2016 tweet APP88-12 DUBAI: May 12 - Finance Minister Senator Mohammad Ishaq Dar &amp; IMF Mission Chief Harald Finger addressing a joint press conference after the successful completion of 11th review under IMF Extended Fund Facility Program which will lead to release of approximately US $500 million. APP 
اسلام آباد 12 مئی (اے پی پی) پاکستان او انټرنېشنل مانیټری فنډ (آئی اېم اېف) ترمينځه د توسیعی فنډ اسانيو پروګرام 11مه معاشی جائزہ په کامیابۍ سره ترسره شوې۔ توسیعی فنډ اسانيو پروګرام ترمخه پاکستان له د 510 ملیونه ډالره وركولو په لړ كښې آئی اېم اېف او پاکستان ترمينځه خبرې اترې دبئۍ كښې شوي۔ د خزانې وفاقی سناتور اسحاق ډار د پاکستانی پلاوي مشري كوله۔ په دې موقع میډیا سره په خپلو خبرو اترو كښې د خزانې وزير ووئيل خبرې کامیابې وي۔ ده ووئيل11مه معاشی جائزہ كښې د پاکستان د معیشت اقتصادی اشاریې مثبتې ګرځولې شوي ٹیگز 
</topic_text>
<spam_score>0.00</spam_score>
<post_num>1</post_num>
<post_id>post-1</post_id>
<post_url>http://pashto.app.com.pk/pashto/2016/05/%d8%af-%d9%be%d8%a7%da%a9%d8%b3%d8%aa%d8%a7%d9%86-%d8%a7%d9%88-%d8%a2%d8%a6%db%8c-%d8%a7%db%90%d9%85-%d8%a7%db%90%d9%81-%d8%aa%d8%b1%d9%85%d9%8a%d9%86%da%81%d9%87-%d8%af-%d8%aa%d9%88%d8%b3%db%8c/</post_url>
<post_date>20160512</post_date>
<post_time></post_time>
<username>Uploader Nothing</username>
<post>
د پاکستان او آئی اېم اېف ترمينځه د توسیعی فنډ اسانيو پروګرام 11مه معاشې جائزہ په کامیابۍ ترسره شوه May 12, 2016 tweet APP88-12 DUBAI: May 12 - Finance Minister Senator Mohammad Ishaq Dar &amp; IMF Mission Chief Harald Finger addressing a joint press conference after the successful completion of 11th review under IMF Extended Fund Facility Program which will lead to release of approximately US $500 million. APP 
اسلام آباد 12 مئی (اے پی پی) پاکستان او انټرنېشنل مانیټری فنډ (آئی اېم اېف) ترمينځه د توسیعی فنډ اسانيو پروګرام 11مه معاشی جائزہ په کامیابۍ سره ترسره شوې۔ توسیعی فنډ اسانيو پروګرام ترمخه پاکستان له د 510 ملیونه ډالره وركولو په لړ كښې آئی اېم اېف او پاکستان ترمينځه خبرې اترې دبئۍ كښې شوي۔ د خزانې وفاقی سناتور اسحاق ډار د پاکستانی پلاوي مشري كوله۔ په دې موقع میډیا سره په خپلو خبرو اترو كښې د خزانې وزير ووئيل خبرې کامیابې وي۔ ده ووئيل11مه معاشی جائزہ كښې د پاکستان د معیشت اقتصادی اشاریې مثبتې ګرځولې شوي ٹیگز 
</post>
<signature>

</signature>
<external_links>

</external_links>
<country>PK</country>
<main_image>http://pashto.app.com.pk/pashto/wp-content/uploads/2016/05/APP88-12Dubai.jpg</main_image>
</document>
