<?xml version="1.0" encoding="UTF-8"?>
<document>
<type>mainstream</type>
<forum>http://bookarchive.ru//engine/rss.php</forum>
<forum_title>Скачать книги бесплатно на BookArchive</forum_title>
<discussion_title>Огородник № 5, 2016</discussion_title>
<language>russian</language>
<gmt_offset></gmt_offset>
<topic_url>http://www.bookarchive.ru/khobbi/zelenii_ugolok/330805-ogorodnik-5-2016.html</topic_url>
<topic_text>
Скачать Огородник № 5, 2016 torrent Скачиваний 157 / Средняя скорость 2589 Kb/s » Огородник № 5, 2016 Сегодня, 20:01 | Просмотров: 0 | Категория: Зелёный уголок , 6 соток Название: Огородник № 5, 2016 Автор: ООО «Юнивест Медиа» Серия или выпуск: № 5 (238) май Страниц: 82 (без рекламы) Язык: Русский Формат: pdf Размер: 61.8 Мб Описание: Красочный современный журнал для любителей дач и огородов. Интересные статьи и полезные советы по уходу за различными культурами, а также по дизайну участка. В номере: - Огород: &quot;органическое земледелие&quot;, проблема засухи, а также о: салат, томат, бобы, огурец * - &quot;Агрошкола&quot;: краткий курс для начинающих - камассия; петуния * - Сад: земляника, обрезка ягодных кустарников; актинидия * - &quot;Дизайн усадьбы&quot;: пеларгония, однолетники, гладиолус* - &quot;Домострой&quot;: здоровье и питание: салат* - &quot;Бюро добрых услуг&quot; http://depositfiles.com/files/so8lokixf -
</topic_text>
<spam_score>0.00</spam_score>
<post_num>1</post_num>
<post_id>post-1</post_id>
<post_url>http://www.bookarchive.ru/khobbi/zelenii_ugolok/330805-ogorodnik-5-2016.html</post_url>
<post_date>20160512</post_date>
<post_time>1601</post_time>
<username>TTT22</username>
<post>
Скачать Огородник № 5, 2016 torrent Скачиваний 157 / Средняя скорость 2589 Kb/s » Огородник № 5, 2016 Сегодня, 20:01 | Просмотров: 0 | Категория: Зелёный уголок , 6 соток Название: Огородник № 5, 2016 Автор: ООО «Юнивест Медиа» Серия или выпуск: № 5 (238) май Страниц: 82 (без рекламы) Язык: Русский Формат: pdf Размер: 61.8 Мб Описание: Красочный современный журнал для любителей дач и огородов. Интересные статьи и полезные советы по уходу за различными культурами, а также по дизайну участка. В номере: - Огород: &quot;органическое земледелие&quot;, проблема засухи, а также о: салат, томат, бобы, огурец * - &quot;Агрошкола&quot;: краткий курс для начинающих - камассия; петуния * - Сад: земляника, обрезка ягодных кустарников; актинидия * - &quot;Дизайн усадьбы&quot;: пеларгония, однолетники, гладиолус* - &quot;Домострой&quot;: здоровье и питание: салат* - &quot;Бюро добрых услуг&quot; http://depositfiles.com/files/so8lokixf -
</post>
<signature>

</signature>
<external_links>

</external_links>
<country>RU</country>
<main_image>/uploads/posts/2016-05/thumbs/1462995568_o275.jpg</main_image>
</document>
