<?xml version="1.0" encoding="UTF-8"?>
<document>
<type>mainstream</type>
<forum>http://wn.com/Adrian_McPherson</forum>
<forum_title>Adrian Mcpherson</forum_title>
<discussion_title>Red Sox final report card</discussion_title>
<language>english</language>
<gmt_offset>4</gmt_offset>
<topic_url>http://article.wn.com/view/2016/05/12/Red_Sox_final_report_card/</topic_url>
<topic_text>
Well, that was fun. The Red Sox hit the All-Star break still believing they had a shot at the playoffs, which was reflected in the fact that they didn’t depress the plunger on their roster at the July 31 trade deadline. Then came an August
</topic_text>
<spam_score>0.00</spam_score>
<post_num>1</post_num>
<post_id>post-1</post_id>
<post_url>http://article.wn.com/view/2016/05/12/Red_Sox_final_report_card/</post_url>
<post_date>20160512</post_date>
<post_time></post_time>
<username>wn.com</username>
<post>
Well, that was fun. The Red Sox hit the All-Star break still believing they had a shot at the playoffs, which was reflected in the fact that they didn’t depress the plunger on their roster at the July 31 trade deadline. Then came an August
</post>
<signature>

</signature>
<external_links>

</external_links>
<country>GB</country>
<main_image>http://i.ytimg.com/vi/sxEDFLdjBeo/0.jpg</main_image>
</document>
