<?xml version="1.0" encoding="UTF-8"?>
<document>
<type>mainstream</type>
<forum>http://imparcialoaxaca.mx/ultimas/super-deportivo.rss</forum>
<forum_title>El Imparcial &gt; Súper Deportivo</forum_title>
<discussion_title>Nadarán fuera de la entidad</discussion_title>
<language>spanish</language>
<gmt_offset></gmt_offset>
<topic_url>http://imparcialoaxaca.mx/super-deportivo/ae5/nadar%C3%A1n-fuera-de-la-entidad</topic_url>
<topic_text>
Súper Deportivo Nadarán fuera de la entidad Por segundo año consecutivo, el Selectivo Estatal de Curso Largo de Natación, se realizará fuera de esta ciudad por Francisco Javier Ramos Diaz el Jueves 12 de mayo de 2016 - 05:00:01 Twittear 
La Asociación de Natación del Estado de Oaxaca (ANEO), efectuará su selectivo de Curso Largo del 10 al 12 de junio, en el complejo deportivo Leyes de Reforma de Boca del Río, Veracruz, debido a que la Alberca Olímpica de esta ciudad no se encuentra en buenas condiciones. 
Así lo dio a conocer Rodolfo Robles García, presidente de la ANEO, quien se mostró convencido que los tritones y sirenas que participarán en el evento clasificatoria para tratar de imponer sus mejores marcas, con la misión de avanzar al Campeonato Nacional de Natación de Curso Largo 2016, que se celebrará del 30 de junio al 4 de julio, en la ciudad de Morelia, Michoacán. 
En el evento selectivo participarán las categorías infantil A (11-12 años), infantil B (13-14), juvenil A (15-16) y la división de 17 años y mayores. 
En cuanto a las remodelaciones que se harán en la Alberca Olímpica de Oaxaca, Robles García se mostró contento porque evitará la salida de los nadadores locales a eventos de este tipo, ya que el complejo que se encuentra en la Unidad Deportiva del Tequio, es el único que cumple con carriles de 50 metros de largo. 
Por último, consideró que es de suma importancia para el deporte local tener en buenas condiciones la Alberca Olímpica, pues además del desarrollo de talentos, también sirve para potenciar las habilidades de los bracistas destacados.
</topic_text>
<spam_score>0.00</spam_score>
<post_num>1</post_num>
<post_id>post-1</post_id>
<post_url>http://imparcialoaxaca.mx/super-deportivo/ae5/nadar%C3%A1n-fuera-de-la-entidad</post_url>
<post_date>20160512</post_date>
<post_time>1000</post_time>
<username>admin@imparcialenlinea.com (Francisco Javier Ramos Diaz)</username>
<post>
Súper Deportivo Nadarán fuera de la entidad Por segundo año consecutivo, el Selectivo Estatal de Curso Largo de Natación, se realizará fuera de esta ciudad por Francisco Javier Ramos Diaz el Jueves 12 de mayo de 2016 - 05:00:01 Twittear 
La Asociación de Natación del Estado de Oaxaca (ANEO), efectuará su selectivo de Curso Largo del 10 al 12 de junio, en el complejo deportivo Leyes de Reforma de Boca del Río, Veracruz, debido a que la Alberca Olímpica de esta ciudad no se encuentra en buenas condiciones. 
Así lo dio a conocer Rodolfo Robles García, presidente de la ANEO, quien se mostró convencido que los tritones y sirenas que participarán en el evento clasificatoria para tratar de imponer sus mejores marcas, con la misión de avanzar al Campeonato Nacional de Natación de Curso Largo 2016, que se celebrará del 30 de junio al 4 de julio, en la ciudad de Morelia, Michoacán. 
En el evento selectivo participarán las categorías infantil A (11-12 años), infantil B (13-14), juvenil A (15-16) y la división de 17 años y mayores. 
En cuanto a las remodelaciones que se harán en la Alberca Olímpica de Oaxaca, Robles García se mostró contento porque evitará la salida de los nadadores locales a eventos de este tipo, ya que el complejo que se encuentra en la Unidad Deportiva del Tequio, es el único que cumple con carriles de 50 metros de largo. 
Por último, consideró que es de suma importancia para el deporte local tener en buenas condiciones la Alberca Olímpica, pues además del desarrollo de talentos, también sirve para potenciar las habilidades de los bracistas destacados.
</post>
<signature>

</signature>
<external_links>

</external_links>
<country>MX</country>
<main_image>http://media.imparcialoaxaca.mx/imagenes/large/5733eb2ba205416b62ffb3ab.jpg</main_image>
</document>
