<?xml version="1.0" encoding="UTF-8"?>
<document>
<type>mainstream</type>
<forum></forum>
<forum_title></forum_title>
<discussion_title>Spider Lake News | Neighbors | apg-wi.com</discussion_title>
<language>english</language>
<gmt_offset></gmt_offset>
<topic_url>http://www.apg-wi.com/sawyer_county_record/news/neighbors/spider-lake-news/article_9379b968-178b-11e6-84af-fb45b536be7b.html</topic_url>
<topic_text>
0 
A sign that summer is on its way: expanded hours at the Town of Spider Lake’s recycling center. From May 15 to Oct. 15, the center will be open on Wednesdays, Saturdays and Sundays from 10 a.m. to 4 p.m. 
Television video of the wildfires in Canada is surreal and frightening. Please pay careful attention to the fire danger levels in our area. Do not feel that your campfire or burning barrel don’t count. You can follow the fire danger conditions by watching the sign near Spider Lake Town Hall, or by checking www.dnr.wi.gov . 
Instead of burning your yard brush, bring it to the yard near our town hall during “brush days.” From 9 a.m. to 5 p.m., property owners can bring brush collected on their property to a central site on the town hall property. Dates for the spring brush days are May 13, 14 and 15; and again May 20, 21 and 22. Only brush will be accepted. Brush does not include leaves, anything bigger than 10 inches in diameter, composite wood, or anything with nails or wire. For more information or to volunteer, contact Fire Chief Nelson at (715) 634-9207. 
Chief Nelson will also come to your property to help you evaluate ways to diminish wildfire danger at your home. He will give you constructive ideas, not a lecture. If you wish to make an appointment, just call him at the number above. 
Kharma and Mojo, welcome to Spider Lake. These two are Chinese Crested canines, and were recently rescued by Stacie of Canine Cottage. Catkins Rescue of Park Falls had taken in a mother and her pups. Stacie adopted the mother, and quickly learned that she wanted another dog, so she went back and adopted Mojo, a son. 
Chinese Crested dogs are rather unusual in appearance. They can be almost devoid of fur, so they have special needs. For example, this breed can get sunburned. Debbie Tonelli of Moose Lake got a chuckle out of seeing Kharma and Mojo wearing pajamas outside. Stacie is very thankful to Catkins for their professionalism and caring help. 
Lance and Stephanie Berl, who are on Spider Lake, called to tell me about their neighbor, Rob Linsmayer. While we were talking, Lance offered to write down his thoughts. How could I pass that up? Here is what Lance had to say: 
“Our own Rob Linsmayer, son of Liz and Quent Johnson on Spider Lake, just completed another great season with the Idaho Steelhead, ECHL pro hockey team, ending the regular season as team leader in points. Rob&apos;s picture was imprinted on playoff banners encircling the Boise arena. What an honor, Rob! (Stephanie and I) stopped by Boise in January to catch a game. Exciting and lots of fun as Rob earned the top player award for that night&apos;s game! Rob&apos;s hockey career began early in youth hockey, extending into high school, junior hockey in Chicago, four years NCAA Division I at Holy Cross outside of Boston, and then onto ECHL pro hockey.” 
Thank you, Stephanie and Lance, for sharing this story. Congratulations to Rob. Hockey is a demanding and competitive sport. To be the point-leader is quite an achievement. 
I am from Ohio. My first exposure to Wisconsin was after I met Jim. One thing that I did not understand was the term, “supper club.” It seemed that no one could define it for me. It was “just a place to go eat,” I would be told. Somehow, I knew there was more to it than that. Whenever someone “up here” talked about supper clubs, there was something special in the tone of voice. To me, they were mystical. I thought they were the type of club one needed to join. Maybe they were even something secret. 
Last Saturday, there was a showing at The Park of “Old Fashioned: The Story of the Wisconsin Supper Club.” By now, I have long-figured out what supper clubs are all about. The documentary, however, has endeared them to me. Supper clubs are uniquely a part of Wisconsin social life, and a part of the community in which they are located. They are also beginning to disappear. We are very fortunate to have quite a few very good supper clubs in our area. I hope they will be well patronized so that they remain a part of our culture. 
Senior lunch is served at noon every Monday and Wednesday at Spider Lake Church. The lunches are provided by the Hayward Senior Resource Center. On Monday, May 16, lunch will be smoked kielbasa, rich and cheesy macaroni, fresh vegetables with dip, a hard roll with butter and frozen yogurt with fruit. On Thursday, May 19, the menu will be Salisbury steak with brown gravy and grilled onions, creamy mashed potatoes, peas, rye bread, fruit and milk. 
The suggested donation for seniors is $4. Please call the center at (715) 634-4680 by 9 a.m. to reserve a lunch on the day you plan to attend. Senior lunch is more than a good meal. It is also time to get together with others. You do not have to be a resident of Spider Lake or a member of the church to attend. 
Sasha Miller’s birthday is on May 17. Have a very happy one, Sasha! 
Donna Nickel can be reached at (715) 462-9207 or at . Tags 
</topic_text>
<spam_score>0.00</spam_score>
<post_num>1</post_num>
<post_id>post-1</post_id>
<post_url>http://www.apg-wi.com/sawyer_county_record/news/neighbors/spider-lake-news/article_9379b968-178b-11e6-84af-fb45b536be7b.html</post_url>
<post_date>20160512</post_date>
<post_time></post_time>
<username>Donna Nickel</username>
<post>
0 
A sign that summer is on its way: expanded hours at the Town of Spider Lake’s recycling center. From May 15 to Oct. 15, the center will be open on Wednesdays, Saturdays and Sundays from 10 a.m. to 4 p.m. 
Television video of the wildfires in Canada is surreal and frightening. Please pay careful attention to the fire danger levels in our area. Do not feel that your campfire or burning barrel don’t count. You can follow the fire danger conditions by watching the sign near Spider Lake Town Hall, or by checking www.dnr.wi.gov . 
Instead of burning your yard brush, bring it to the yard near our town hall during “brush days.” From 9 a.m. to 5 p.m., property owners can bring brush collected on their property to a central site on the town hall property. Dates for the spring brush days are May 13, 14 and 15; and again May 20, 21 and 22. Only brush will be accepted. Brush does not include leaves, anything bigger than 10 inches in diameter, composite wood, or anything with nails or wire. For more information or to volunteer, contact Fire Chief Nelson at (715) 634-9207. 
Chief Nelson will also come to your property to help you evaluate ways to diminish wildfire danger at your home. He will give you constructive ideas, not a lecture. If you wish to make an appointment, just call him at the number above. 
Kharma and Mojo, welcome to Spider Lake. These two are Chinese Crested canines, and were recently rescued by Stacie of Canine Cottage. Catkins Rescue of Park Falls had taken in a mother and her pups. Stacie adopted the mother, and quickly learned that she wanted another dog, so she went back and adopted Mojo, a son. 
Chinese Crested dogs are rather unusual in appearance. They can be almost devoid of fur, so they have special needs. For example, this breed can get sunburned. Debbie Tonelli of Moose Lake got a chuckle out of seeing Kharma and Mojo wearing pajamas outside. Stacie is very thankful to Catkins for their professionalism and caring help. 
Lance and Stephanie Berl, who are on Spider Lake, called to tell me about their neighbor, Rob Linsmayer. While we were talking, Lance offered to write down his thoughts. How could I pass that up? Here is what Lance had to say: 
“Our own Rob Linsmayer, son of Liz and Quent Johnson on Spider Lake, just completed another great season with the Idaho Steelhead, ECHL pro hockey team, ending the regular season as team leader in points. Rob&apos;s picture was imprinted on playoff banners encircling the Boise arena. What an honor, Rob! (Stephanie and I) stopped by Boise in January to catch a game. Exciting and lots of fun as Rob earned the top player award for that night&apos;s game! Rob&apos;s hockey career began early in youth hockey, extending into high school, junior hockey in Chicago, four years NCAA Division I at Holy Cross outside of Boston, and then onto ECHL pro hockey.” 
Thank you, Stephanie and Lance, for sharing this story. Congratulations to Rob. Hockey is a demanding and competitive sport. To be the point-leader is quite an achievement. 
I am from Ohio. My first exposure to Wisconsin was after I met Jim. One thing that I did not understand was the term, “supper club.” It seemed that no one could define it for me. It was “just a place to go eat,” I would be told. Somehow, I knew there was more to it than that. Whenever someone “up here” talked about supper clubs, there was something special in the tone of voice. To me, they were mystical. I thought they were the type of club one needed to join. Maybe they were even something secret. 
Last Saturday, there was a showing at The Park of “Old Fashioned: The Story of the Wisconsin Supper Club.” By now, I have long-figured out what supper clubs are all about. The documentary, however, has endeared them to me. Supper clubs are uniquely a part of Wisconsin social life, and a part of the community in which they are located. They are also beginning to disappear. We are very fortunate to have quite a few very good supper clubs in our area. I hope they will be well patronized so that they remain a part of our culture. 
Senior lunch is served at noon every Monday and Wednesday at Spider Lake Church. The lunches are provided by the Hayward Senior Resource Center. On Monday, May 16, lunch will be smoked kielbasa, rich and cheesy macaroni, fresh vegetables with dip, a hard roll with butter and frozen yogurt with fruit. On Thursday, May 19, the menu will be Salisbury steak with brown gravy and grilled onions, creamy mashed potatoes, peas, rye bread, fruit and milk. 
The suggested donation for seniors is $4. Please call the center at (715) 634-4680 by 9 a.m. to reserve a lunch on the day you plan to attend. Senior lunch is more than a good meal. It is also time to get together with others. You do not have to be a resident of Spider Lake or a member of the church to attend. 
Sasha Miller’s birthday is on May 17. Have a very happy one, Sasha! 
Donna Nickel can be reached at (715) 462-9207 or at . Tags 
</post>
<signature>

</signature>
<external_links>

</external_links>
<country>US</country>
<main_image>http://bloximages.chicago2.vip.townnews.com/apg-wi.com/content/tncms/custom/image/bc89ece4-a255-11e4-92ab-0fd37d769966.jpg?_dc=1421944984</main_image>
</document>
