<?xml version="1.0" encoding="UTF-8"?>
<document>
<type>mainstream</type>
<forum></forum>
<forum_title></forum_title>
<discussion_title>Havearbejde udløste mærkværdigt fund | aoh.dk</discussion_title>
<language>danish</language>
<gmt_offset></gmt_offset>
<topic_url>http://aoh.dk/artikel/havearbejde-udlste-mrkvrdigt-fund</topic_url>
<topic_text>
Havearbejde udløste mærkværdigt fund 10. maj 2016, 10.54 
Sdr. Felding Havearbejde er ikke altid lige spændende, men det blev det i går eftermiddag på Birkebyvej i Sdr. Felding, da der blev gravet en bombelignende genstand op fra jorden. Politiet blev kontaktet, og der blev sendt et foto af genstanden til Skive Kaserne, hvor ammunitionsrydderne har til huse. Svaret var, at der formentlig var tale om en gammel granat, og derfor kørte ammunitionsrydderne en tur til Sdr. Felding for at hente granaten. 
</topic_text>
<spam_score>0.00</spam_score>
<post_num>1</post_num>
<post_id>post-1</post_id>
<post_url>http://aoh.dk/artikel/havearbejde-udlste-mrkvrdigt-fund</post_url>
<post_date>20160510</post_date>
<post_time></post_time>
<username></username>
<post>
Havearbejde udløste mærkværdigt fund 10. maj 2016, 10.54 
Sdr. Felding Havearbejde er ikke altid lige spændende, men det blev det i går eftermiddag på Birkebyvej i Sdr. Felding, da der blev gravet en bombelignende genstand op fra jorden. Politiet blev kontaktet, og der blev sendt et foto af genstanden til Skive Kaserne, hvor ammunitionsrydderne har til huse. Svaret var, at der formentlig var tale om en gammel granat, og derfor kørte ammunitionsrydderne en tur til Sdr. Felding for at hente granaten. 
</post>
<signature>

</signature>
<external_links>

</external_links>
<country>NO</country>
<main_image>http://aoh.dk/storyimage/AO/20160510/ARTIKEL/160519917/AR/0/AR-160519917.jpg&amp;MaxW=150&amp;imageVersion=default</main_image>
</document>
