<?xml version="1.0" encoding="UTF-8"?>
<document>
<type>mainstream</type>
<forum>http://www.dolen.no/?widgetName=polarisFeeds&amp;widgetId=10392175&amp;getXmlFeed=true</forum>
<forum_title>dolen ATOM</forum_title>
<discussion_title>Drømmestipend til Lone</discussion_title>
<language>norwegian</language>
<gmt_offset></gmt_offset>
<topic_url>http://www.dolen.no/nyheter/2016/05/12/Dr%C3%B8mmestipend-til-Lone-12721232.ece</topic_url>
<topic_text>
Hva vil du tipse oss om? Send tips Drømmestipend til Lone Lone er allerede å se i mange forestillinger lokalt, her fra musikk- og danselinja si julekonsert i Sør-Fron kyrkje. Foto: Guro Vollen/arkiv Deles ut i dag: Drømmestipend til Lone Lone Sigmond Eivindsdottir fra Sør-Fron vil torsdag 12. mai vil få tildelt Drømmestipendet 2016, på 10 000 kroner. Nyheter Publisert: 12.05 2016 07:53 Sist oppdatert: 12.05 2016 07:53 
Dette er trettende gang at Norsk Tipping og Norsk kulturskoleråd samarbeider om å dele ut stipend til ungdommer i 100 kommuner, til sammen en million kroner. Glad i all dans 
Lone ønske å videreutvikle seg som danser, og skriver i søknaden om drømmestipend blant anna dette: 
- Jeg studerer for øyeblikket flere danseformer og vil beskrive meg selv som allsidig og glad i utfordringer. Selv om jeg er glad i all dans, er hovedfokuset mitt moderne/samtidsdans, skriver hun. 
Se hele søknaden her . 
Stipendmottakerne til drømmestipendet er barn og ungdom under 20 år, som utøver ulike kulturelle uttrykk, som f eks dans, musikk, teater, sirkus eller visuell kunst. Målet med stipendet er at mottakerne skal få motivasjon til å utvikle seg videre og mulighet til å få oppfylt noen av sine kulturdrømmer. 
Alle norske kommuner kan levere inntil seks nominasjoner, én i hver av kategoriene dans, musikk, skapende skriving, teater, visuell kunst og annet. Europeisk samling:
</topic_text>
<spam_score>0.00</spam_score>
<post_num>1</post_num>
<post_id>post-1</post_id>
<post_url>http://www.dolen.no/nyheter/2016/05/12/Dr%C3%B8mmestipend-til-Lone-12721232.ece</post_url>
<post_date>20160512</post_date>
<post_time>0753</post_time>
<username>GURO VOLLEN (guro@dolen.no)</username>
<post>
Hva vil du tipse oss om? Send tips Drømmestipend til Lone Lone er allerede å se i mange forestillinger lokalt, her fra musikk- og danselinja si julekonsert i Sør-Fron kyrkje. Foto: Guro Vollen/arkiv Deles ut i dag: Drømmestipend til Lone Lone Sigmond Eivindsdottir fra Sør-Fron vil torsdag 12. mai vil få tildelt Drømmestipendet 2016, på 10 000 kroner. Nyheter Publisert: 12.05 2016 07:53 Sist oppdatert: 12.05 2016 07:53 
Dette er trettende gang at Norsk Tipping og Norsk kulturskoleråd samarbeider om å dele ut stipend til ungdommer i 100 kommuner, til sammen en million kroner. Glad i all dans 
Lone ønske å videreutvikle seg som danser, og skriver i søknaden om drømmestipend blant anna dette: 
- Jeg studerer for øyeblikket flere danseformer og vil beskrive meg selv som allsidig og glad i utfordringer. Selv om jeg er glad i all dans, er hovedfokuset mitt moderne/samtidsdans, skriver hun. 
Se hele søknaden her . 
Stipendmottakerne til drømmestipendet er barn og ungdom under 20 år, som utøver ulike kulturelle uttrykk, som f eks dans, musikk, teater, sirkus eller visuell kunst. Målet med stipendet er at mottakerne skal få motivasjon til å utvikle seg videre og mulighet til å få oppfylt noen av sine kulturdrømmer. 
Alle norske kommuner kan levere inntil seks nominasjoner, én i hver av kategoriene dans, musikk, skapende skriving, teater, visuell kunst og annet. Europeisk samling:
</post>
<signature>

</signature>
<external_links>

</external_links>
<country>NO</country>
<main_image>http://www.dolen.no/incoming/article12721042.ece/d6vs5z/BINARY/w980/Lone%20Sigmond%20Eivindsdottir.jpg</main_image>
</document>
