<?xml version="1.0" encoding="UTF-8"?>
<document>
<type>mainstream</type>
<forum>http://www.ideal.es/sociedad/?reducido=1&amp;pag=657</forum>
<forum_title></forum_title>
<discussion_title>Un bebé koala abraza a su madre durante una operación a vida o muerte</discussion_title>
<language>spanish</language>
<gmt_offset></gmt_offset>
<topic_url>http://www.ideal.es/sociedad/201506/10/bebe-koala-abraza-madre-20150609151219.html</topic_url>
<topic_text>
El medio The Courrier Mail ha sido testigo de un tierno momento ocurrido en el zoo de Australia. Allí pudieron comprobar cómo bebé koala abrazó a su madre mientras que los veterinarios la operaban a vida o muerte tras haber sido golpeada por un coche.
Según relata esta web, ambos recibieron el impacto de un vehícuo en la ciudad de Brisbane el domingo pasado. Mientras Phantom, de seis meses y solo 420 gramos, escapó sin ninguna herida, su madre, Lizzy, tuvo un derrame en el pulmón y necesitó una operación de urgencia
Phantom estuvo junto a ella siempre, escalando hasta su espalda y acariciándola con su pezuña. Afortunadamente, Lizzy se está recuperando bien y su hijo no se separa de ella en ningún momento .
Lo Más lo más 50
</topic_text>
<spam_score>0.00</spam_score>
<post_num>1</post_num>
<post_id>post-1</post_id>
<post_url>http://www.ideal.es/sociedad/201506/10/bebe-koala-abraza-madre-20150609151219.html</post_url>
<post_date>20150610</post_date>
<post_time>1308</post_time>
<username>IDEAL SOCIEDAD</username>
<post>
El medio The Courrier Mail ha sido testigo de un tierno momento ocurrido en el zoo de Australia. Allí pudieron comprobar cómo bebé koala abrazó a su madre mientras que los veterinarios la operaban a vida o muerte tras haber sido golpeada por un coche.
Según relata esta web, ambos recibieron el impacto de un vehícuo en la ciudad de Brisbane el domingo pasado. Mientras Phantom, de seis meses y solo 420 gramos, escapó sin ninguna herida, su madre, Lizzy, tuvo un derrame en el pulmón y necesitó una operación de urgencia
Phantom estuvo junto a ella siempre, escalando hasta su espalda y acariciándola con su pezuña. Afortunadamente, Lizzy se está recuperando bien y su hijo no se separa de ella en ningún momento .
Lo Más lo más 50
</post>
<signature>

</signature>
<external_links>
<external_link>http://www.couriermail.com.au/news/queensland/australia-zoo-koala-joey-clings-to-mother-while-australia-zoo-wildlife-hospital-operates-on-her/story-fnn8dlfs-1227387316185</external_link>
</external_links>
<country>ES</country>
<main_image>http://www.ideal.es/noticias/201506/09/media/cortadas/koala--575x323.jpg</main_image>
</document>
