<?xml version="1.0" encoding="UTF-8"?>
<document>
<type>mainstream</type>
<forum>http://www.androidworld.it/feed/</forum>
<forum_title>AndroidWorld.it</forum_title>
<discussion_title>Google scorpora i servizi Exchange da Gmail (download apk)</discussion_title>
<language>italian</language>
<gmt_offset></gmt_offset>
<topic_url>http://www.androidworld.it/2016/05/12/google-servizi-exchange-app-397107/</topic_url>
<topic_text>
Andrea Centorrino 12 maggio 2016 
Così come fu per la WebView , Google ha deciso di scorporare i servizi Exchange da Gmail in un’app separata: il risultato finale sarà un migliore supporto allo standard Microsoft , senza per questo dover aspettare gli aggiornamenti del client di posta. 
Già questa prima versione porta alcune novità per gli utenti Exchange (che, lo ricordiamo, è un servizio aziendale per le reti Microsoft che permette la gestione sia della posta, che del calendario e dei contatti): Out of Office Inoltro degli eventi Supporto per EAS 16 
La nuova app non è ancora disponibile nel nostro paese, ma se per un qualche motivo aveste bisogno dell’ apk , potrete trovarlo su APK Mirror .
</topic_text>
<spam_score>0.00</spam_score>
<post_num>1</post_num>
<post_id>post-1</post_id>
<post_url>http://www.androidworld.it/2016/05/12/google-servizi-exchange-app-397107/</post_url>
<post_date>20160512</post_date>
<post_time>1634</post_time>
<username>Andrea Centorrino</username>
<post>
Andrea Centorrino 12 maggio 2016 
Così come fu per la WebView , Google ha deciso di scorporare i servizi Exchange da Gmail in un’app separata: il risultato finale sarà un migliore supporto allo standard Microsoft , senza per questo dover aspettare gli aggiornamenti del client di posta. 
Già questa prima versione porta alcune novità per gli utenti Exchange (che, lo ricordiamo, è un servizio aziendale per le reti Microsoft che permette la gestione sia della posta, che del calendario e dei contatti): Out of Office Inoltro degli eventi Supporto per EAS 16 
La nuova app non è ancora disponibile nel nostro paese, ma se per un qualche motivo aveste bisogno dell’ apk , potrete trovarlo su APK Mirror .
</post>
<signature>

</signature>
<external_links>

</external_links>
<country>IT</country>
<main_image>http://www.androidworld.it/wp-content/uploads/2016/05/Gmail-Exchange.png</main_image>
</document>
