<?xml version="1.0" encoding="UTF-8"?>
<document>
<type>mainstream</type>
<forum>http://www.futbolnews.pl/rss/futbolnews.xml</forum>
<forum_title>Futbolnews.pl</forum_title>
<discussion_title>W Gdyni już mrożą szampany! Arka wraca do ekstraklasy!</discussion_title>
<language>polish</language>
<gmt_offset></gmt_offset>
<topic_url>http://www.futbolnews.pl/newsroom/74909,w-gdyni-juz-mroza-szampany-arka-wraca-do-ekstraklasy</topic_url>
<topic_text>
W Gdyni już mrożą szampany! Arka wraca do ekstraklasy! źródło: własne Zapowiada się wielka feta w Gdyni. Arce brakuje tylko jednego punktu, żeby zapewnić sobie awans do ekstraklasy. Okazja do zdobycia go już we wtorek, w meczu przeciwko Bytovii Bytów. Warto przeczytać Trudne chwile prezesa Legii na stadionie w Gdańsku... (foto) Drużyna w Lechu Poznań istnieje tylko... teoretycznie Mervo jednak nie dla Śląska? O co grał Czerczesow w Gdańsku?! Bo na pewno nie o zwycięstwo… Malarz ryzykuje zdrowiem? Bramkarz Legii od kilku tygodni ma pewien problem... Oczywiście w Gdyni nikt nie wyobraża sobie innego scenariusza, jak przynajmniej remis i świętowanie awansu już po 30. kolejce. Dla Arki będzie to powrót do elity naszego futbolu po pięciu sezonach spędzonych na zapleczu ekstraklasy. Jak twierdzą kibice Arki, ta przerwa w występach w najwyższej klasie rozgrywkowej trwała zbyt długo. Arka jest zdecydowanie najlepszym zespołem I ligi wiosną. Podopieczni trenera Grzegorza Nicińskiego może nie zawsze prezentują efektowny styl gry, ale nawet kiedy mają słabszy dzień, potrafią przychylić losy meczu na swoją korzyść. W tym roku Arka jeszcze nie przegrała i z czterema puntami przewagi nad wiceliderem Wisłą Płock, pewnie przewodzi tabeli zaplecza ekstraklasy. Teraz tylko trzeba dopilnować, żeby euforia z okazji awansu, nie spowodowała samozadowolenia w gdyńskim klubie. Żeby rywalizować w ekstraklasie, zespół musi zostać wzmocniony. W Arce zdają sobie z tego sprawę i powoli działacze klubu z Trójmiasta rozglądają się za potencjalnymi transferami. Problem polega na tym, że nie wiadomo, co dalej z graczem, który trafił do Arki zimą i ewidentnie podniósł jej jakość. Chodzi o Dariusza Formellę. Młody skrzydłowy jest tylko wypożyczony do końca sezonu z Lecha Poznań. &quot;Kolejorza&quot; latem czeka rewolucja kadrowa, odejdzie wielu zawodników i nie wiadomo, czy Formella nie będzie z powrotem potrzebny w Lechu. To bardzo prawdopodobny scenariusz, co byłoby fatalną wiadomością dla Arki. Ale z jego stratą trener Niciński musi się liczyć. Raczej na pewno w Arce pozostanie za to Mateusz Szwoch. 23-latek wrócił do Arki zimą z Legii i jego wypożyczenie jest ważne jeszcze przez najbliższy rok. Co prawda Legia ma prawo ściągnąć go z powrotem do siebie po zakończeniu sezonu, ale niewiele wskazuje na to, żeby nagle miał być potrzebny w następnym sezonie trenerowi warszawskiego zespołu Stanisławowi Czerczesowowi.
</topic_text>
<spam_score>0.00</spam_score>
<post_num>1</post_num>
<post_id>post-1</post_id>
<post_url>http://www.futbolnews.pl/newsroom/74909,w-gdyni-juz-mroza-szampany-arka-wraca-do-ekstraklasy</post_url>
<post_date>20160510</post_date>
<post_time>0908</post_time>
<username></username>
<post>
W Gdyni już mrożą szampany! Arka wraca do ekstraklasy! źródło: własne Zapowiada się wielka feta w Gdyni. Arce brakuje tylko jednego punktu, żeby zapewnić sobie awans do ekstraklasy. Okazja do zdobycia go już we wtorek, w meczu przeciwko Bytovii Bytów. Warto przeczytać Trudne chwile prezesa Legii na stadionie w Gdańsku... (foto) Drużyna w Lechu Poznań istnieje tylko... teoretycznie Mervo jednak nie dla Śląska? O co grał Czerczesow w Gdańsku?! Bo na pewno nie o zwycięstwo… Malarz ryzykuje zdrowiem? Bramkarz Legii od kilku tygodni ma pewien problem... Oczywiście w Gdyni nikt nie wyobraża sobie innego scenariusza, jak przynajmniej remis i świętowanie awansu już po 30. kolejce. Dla Arki będzie to powrót do elity naszego futbolu po pięciu sezonach spędzonych na zapleczu ekstraklasy. Jak twierdzą kibice Arki, ta przerwa w występach w najwyższej klasie rozgrywkowej trwała zbyt długo. Arka jest zdecydowanie najlepszym zespołem I ligi wiosną. Podopieczni trenera Grzegorza Nicińskiego może nie zawsze prezentują efektowny styl gry, ale nawet kiedy mają słabszy dzień, potrafią przychylić losy meczu na swoją korzyść. W tym roku Arka jeszcze nie przegrała i z czterema puntami przewagi nad wiceliderem Wisłą Płock, pewnie przewodzi tabeli zaplecza ekstraklasy. Teraz tylko trzeba dopilnować, żeby euforia z okazji awansu, nie spowodowała samozadowolenia w gdyńskim klubie. Żeby rywalizować w ekstraklasie, zespół musi zostać wzmocniony. W Arce zdają sobie z tego sprawę i powoli działacze klubu z Trójmiasta rozglądają się za potencjalnymi transferami. Problem polega na tym, że nie wiadomo, co dalej z graczem, który trafił do Arki zimą i ewidentnie podniósł jej jakość. Chodzi o Dariusza Formellę. Młody skrzydłowy jest tylko wypożyczony do końca sezonu z Lecha Poznań. &quot;Kolejorza&quot; latem czeka rewolucja kadrowa, odejdzie wielu zawodników i nie wiadomo, czy Formella nie będzie z powrotem potrzebny w Lechu. To bardzo prawdopodobny scenariusz, co byłoby fatalną wiadomością dla Arki. Ale z jego stratą trener Niciński musi się liczyć. Raczej na pewno w Arce pozostanie za to Mateusz Szwoch. 23-latek wrócił do Arki zimą z Legii i jego wypożyczenie jest ważne jeszcze przez najbliższy rok. Co prawda Legia ma prawo ściągnąć go z powrotem do siebie po zakończeniu sezonu, ale niewiele wskazuje na to, żeby nagle miał być potrzebny w następnym sezonie trenerowi warszawskiego zespołu Stanisławowi Czerczesowowi.
</post>
<signature>

</signature>
<external_links>

</external_links>
<country>PL</country>
<main_image></main_image>
</document>
