<?xml version="1.0" encoding="UTF-8"?>
<document>
<type>mainstream</type>
<forum></forum>
<forum_title></forum_title>
<discussion_title>اروپائي بانك ايران سره تجارت كولو له خپلواكه دے۔ امريكائي خارجه وزير | APP Pashto service</discussion_title>
<language>persian</language>
<gmt_offset></gmt_offset>
<topic_url>http://pashto.app.com.pk/pashto/2016/05/%d8%a7%d8%b1%d9%88%d9%be%d8%a7%d8%a6%d9%8a-%d8%a8%d8%a7%d9%86%d9%83-%d8%a7%d9%8a%d8%b1%d8%a7%d9%86-%d8%b3%d8%b1%d9%87-%d8%aa%d8%ac%d8%a7%d8%b1%d8%aa-%d9%83%d9%88%d9%84%d9%88-%d9%84%d9%87-%d8%ae%d9%be/</topic_url>
<topic_text>
اروپائي بانك ايران سره تجارت كولو له خپلواكه دے۔ امريكائي خارجه وزير May 12, 2016 tweet 
واشنګټن ۔ 12 مئی (اے پی پی) امريكائي خارجه وزير جان كېري وئيلي دي اروپائي بانك ايران سره تجارت كولو له خپلواكه دے۔ سي اېن اېن سره خبرو كښې جان كېري ووئيل ايران سره تجارتي لېن دېن كولو په اړه د اروپائي بانكونو اندېښنې جواز نه لري۔ ده ووئيل د ايران او فائیو پلس ون ګروپ ترمينځه د ترسره شوې اتومي لوظنامې ترسېوري لاندې د اروپائي بانكونو ايران ته په تللو كوم بندېز نشته۔ شیئرکریں 
</topic_text>
<spam_score>0.00</spam_score>
<post_num>1</post_num>
<post_id>post-1</post_id>
<post_url>http://pashto.app.com.pk/pashto/2016/05/%d8%a7%d8%b1%d9%88%d9%be%d8%a7%d8%a6%d9%8a-%d8%a8%d8%a7%d9%86%d9%83-%d8%a7%d9%8a%d8%b1%d8%a7%d9%86-%d8%b3%d8%b1%d9%87-%d8%aa%d8%ac%d8%a7%d8%b1%d8%aa-%d9%83%d9%88%d9%84%d9%88-%d9%84%d9%87-%d8%ae%d9%be/</post_url>
<post_date>20160512</post_date>
<post_time></post_time>
<username>Uploader Nothing</username>
<post>
اروپائي بانك ايران سره تجارت كولو له خپلواكه دے۔ امريكائي خارجه وزير May 12, 2016 tweet 
واشنګټن ۔ 12 مئی (اے پی پی) امريكائي خارجه وزير جان كېري وئيلي دي اروپائي بانك ايران سره تجارت كولو له خپلواكه دے۔ سي اېن اېن سره خبرو كښې جان كېري ووئيل ايران سره تجارتي لېن دېن كولو په اړه د اروپائي بانكونو اندېښنې جواز نه لري۔ ده ووئيل د ايران او فائیو پلس ون ګروپ ترمينځه د ترسره شوې اتومي لوظنامې ترسېوري لاندې د اروپائي بانكونو ايران ته په تللو كوم بندېز نشته۔ شیئرکریں 
</post>
<signature>

</signature>
<external_links>

</external_links>
<country>PK</country>
<main_image>http://pashto.app.com.pk/pashto/wp-content/uploads/2016/05/jan.jpg</main_image>
</document>
