<?xml version="1.0" encoding="UTF-8"?>
<document>
<type>mainstream</type>
<forum>http://www.repubblica.it/rss/ambiente/rss2.0.xml</forum>
<forum_title>Repubblica.it &amp;gt; Ambiente</forum_title>
<discussion_title>Germania, una domenica verde: energia pulita al 100% per un&apos;ora - Repubblica.it</discussion_title>
<language>italian</language>
<gmt_offset></gmt_offset>
<topic_url>http://www.repubblica.it/ambiente/2016/05/12/news/germania_energia_pulita_al_100_per_un_ora-139660254/?rss</topic_url>
<topic_text>
LA GERMANIA ha sfiorato lo stesso record dell&apos;Uruguay, arrivando a produrre quasi il totale del suo fabbisogno elettrico da fonti rinnovabili. È successo domenica scorsa, verso le undici del mattino, quando il 90% dell&apos;elettricità veniva da sorgenti ecocompatibili. Pur sempre un giorno festivo, certo, con una richiesta energetica inferiore rispetto alla media, ma si tratta comunque di un traguardo notevole. Se l&apos; Uruguay è riuscito, anche se solo per un giorno, a produrre il 100% del suo fabbisogno energetico da fonti rinnovabili ed ecosostenibili, il caso della Germania ha soprattutto un valore simbolico: ci dice che si può fare e che non bisogna necessariamente attendere decenni.
Anche perché, a differenza dell&apos;Uruguay, la Germania ha un profilo energetico non troppo diverso da quello italiano. Il Paese latinoamericano , nel 2014, ha consumato 2.400 Kwh per abitante . L&apos;Italia arriva invece a quasi 5.000, e la Germania a 7.192. Il Paese centro-europeo inoltre ha anche una popolazione più numerosa rispetto all&apos;Italia, mentre in Uruguay vivono solo 3,3 milioni di persone.
Considerati questi numeri è quindi ancora più rilevante che durante una domenica mattina in Germania si stessero consumando 58 gigawatt di energia, 55 dei quali provenivano da fonti rinnovabili. Succede in un Paese europeo che è tra i primi per l&apos;adozione di fonti rinnovabili e che, sull&apos;onda generata dall&apos;incidente di Fukushima, ha deciso di abbandonare il nucleare entro il 2023.
Merito del governo e delle amministrazioni pubbliche ma anche dei cittadini tedeschi. Sono molti quelli che hanno deciso di installarsi un impianto fotovoltaico in casa, contribuendo a fare della Germania il primo paese al mondo per questa forma di produzione energetica.
Se Germania e Uruguay sono riusciti a fare notizia nelle ultime ore, tuttavia, questo non ci obbliga ad affermare che all&apos;estero fanno sempre le cose meglio che da noi. Mediamente, per esempio, la Germania produce il 30% della propria energia da fonti rinnovabili, mentre in Italia si è arrivati anche al 40% circa.
Merito soprattutto delle molte centrali idroelettriche operanti nel nostro paese da decenni, ma anche le altre forme di produzione sono andate crescendo nel corso degli anni. Tanto che nel 2013 il nostro paese era al secondo posto per produzione di energia fotovoltaica, proprio dietro alla Germania (Wikipedia). Per l&apos;eolico, nel 2012 eravamo quarti in Europa, dopo Germania, Spagna e Regno Unito - e settimi a livello mondiale.
Il lavoro svolto in Italia è quindi buono e lo certifica anche il rapporto Eurostat del 2013, secondo il quale il nostro paese tre anni fa era già a un passo dall&apos;obiettivo fissato per il 2020 - almeno il 20% di energia prodotta da fonti rinnovabili in UE, calcolato sul consumo lordo finale. Per l&apos;Italia l&apos;obiettivo è però fissato a un modesto 17%, meno rispetto a Norvegia (67,5%), Svezia (49%), Finlandia (49%), Austria (34%) o altri paesi europei. Le notizie che arrivano da Uruguay e Germania ci dicono che si può fare di più. Tags Argomenti: germania uruguay emergia solare fonti rinnovabili consumo energia elettrica Protagonisti:
</topic_text>
<spam_score>0.00</spam_score>
<post_num>1</post_num>
<post_id>post-1</post_id>
<post_url>http://www.repubblica.it/ambiente/2016/05/12/news/germania_energia_pulita_al_100_per_un_ora-139660254/?rss</post_url>
<post_date>20160512</post_date>
<post_time></post_time>
<username>VALERIO PORCU</username>
<post>
LA GERMANIA ha sfiorato lo stesso record dell&apos;Uruguay, arrivando a produrre quasi il totale del suo fabbisogno elettrico da fonti rinnovabili. È successo domenica scorsa, verso le undici del mattino, quando il 90% dell&apos;elettricità veniva da sorgenti ecocompatibili. Pur sempre un giorno festivo, certo, con una richiesta energetica inferiore rispetto alla media, ma si tratta comunque di un traguardo notevole. Se l&apos; Uruguay è riuscito, anche se solo per un giorno, a produrre il 100% del suo fabbisogno energetico da fonti rinnovabili ed ecosostenibili, il caso della Germania ha soprattutto un valore simbolico: ci dice che si può fare e che non bisogna necessariamente attendere decenni.
Anche perché, a differenza dell&apos;Uruguay, la Germania ha un profilo energetico non troppo diverso da quello italiano. Il Paese latinoamericano , nel 2014, ha consumato 2.400 Kwh per abitante . L&apos;Italia arriva invece a quasi 5.000, e la Germania a 7.192. Il Paese centro-europeo inoltre ha anche una popolazione più numerosa rispetto all&apos;Italia, mentre in Uruguay vivono solo 3,3 milioni di persone.
Considerati questi numeri è quindi ancora più rilevante che durante una domenica mattina in Germania si stessero consumando 58 gigawatt di energia, 55 dei quali provenivano da fonti rinnovabili. Succede in un Paese europeo che è tra i primi per l&apos;adozione di fonti rinnovabili e che, sull&apos;onda generata dall&apos;incidente di Fukushima, ha deciso di abbandonare il nucleare entro il 2023.
Merito del governo e delle amministrazioni pubbliche ma anche dei cittadini tedeschi. Sono molti quelli che hanno deciso di installarsi un impianto fotovoltaico in casa, contribuendo a fare della Germania il primo paese al mondo per questa forma di produzione energetica.
Se Germania e Uruguay sono riusciti a fare notizia nelle ultime ore, tuttavia, questo non ci obbliga ad affermare che all&apos;estero fanno sempre le cose meglio che da noi. Mediamente, per esempio, la Germania produce il 30% della propria energia da fonti rinnovabili, mentre in Italia si è arrivati anche al 40% circa.
Merito soprattutto delle molte centrali idroelettriche operanti nel nostro paese da decenni, ma anche le altre forme di produzione sono andate crescendo nel corso degli anni. Tanto che nel 2013 il nostro paese era al secondo posto per produzione di energia fotovoltaica, proprio dietro alla Germania (Wikipedia). Per l&apos;eolico, nel 2012 eravamo quarti in Europa, dopo Germania, Spagna e Regno Unito - e settimi a livello mondiale.
Il lavoro svolto in Italia è quindi buono e lo certifica anche il rapporto Eurostat del 2013, secondo il quale il nostro paese tre anni fa era già a un passo dall&apos;obiettivo fissato per il 2020 - almeno il 20% di energia prodotta da fonti rinnovabili in UE, calcolato sul consumo lordo finale. Per l&apos;Italia l&apos;obiettivo è però fissato a un modesto 17%, meno rispetto a Norvegia (67,5%), Svezia (49%), Finlandia (49%), Austria (34%) o altri paesi europei. Le notizie che arrivano da Uruguay e Germania ci dicono che si può fare di più. Tags Argomenti: germania uruguay emergia solare fonti rinnovabili consumo energia elettrica Protagonisti:
</post>
<signature>

</signature>
<external_links>
<external_link>http://www.indexmundi.com/g/r.aspx?v=81000&amp;l=it</external_link><external_link>http://www.repstatic.it/cless/main/nazionale/2013-v1/img/detail/a-cura-di-toms.png</external_link><external_link>http://www.qualenergia.it/sites/default/files/articolo-doc/8-10032015-AP-EN_0.pdf</external_link><external_link>https://www.facebook.com/Repubblica</external_link><external_link>http://www.tomshw.it/</external_link><external_link>http://www.tomshw.it/news/un-intera-nazione-vive-di-sole-energie-rinnovabili-76881</external_link>
</external_links>
<country>IT</country>
<main_image>http://www.repstatic.it/content/nazionale/img/2016/05/12/180730818-a7579cb2-7cab-44db-a04b-956ca31f4d69.jpg</main_image>
</document>
