<?xml version="1.0" encoding="UTF-8"?>
<document>
<type>mainstream</type>
<forum></forum>
<forum_title></forum_title>
<discussion_title>MAY; our month of DIVINE PROMOTION - Larry Mishael Ministries</discussion_title>
<language>english</language>
<gmt_offset></gmt_offset>
<topic_url>http://larrymishaelministries.org/may-our-month-of-divine-promotion/</topic_url>
<topic_text>

Enter your e-mail to receive our FREE daily devotional and Inspirational messages via e-mail 
Join 103 other subscribers 
</topic_text>
<spam_score>0.00</spam_score>
<post_num>1</post_num>
<post_id>post-1</post_id>
<post_url>http://larrymishaelministries.org/may-our-month-of-divine-promotion/</post_url>
<post_date>20160512</post_date>
<post_time></post_time>
<username>Larry Mishael</username>
<post>

Enter your e-mail to receive our FREE daily devotional and Inspirational messages via e-mail 
Join 103 other subscribers 
</post>
<signature>

</signature>
<external_links>

</external_links>
<country>US</country>
<main_image>http://larrymishaelministries.org/wp-content/uploads/2016/05/may-prophecy.jpg</main_image>
</document>
