<?xml version="1.0" encoding="UTF-8"?>
<document>
<type>mainstream</type>
<forum></forum>
<forum_title></forum_title>
<discussion_title>Aprinkis.lv - Saulkrastu upēs ielaisti taimiņu mazuļi</discussion_title>
<language>latvian</language>
<gmt_offset></gmt_offset>
<topic_url>http://www.aprinkis.lv/sabiedriba/pasvaldibas/item/30995-saulkrastu-upes-ielaisti-taiminu-mazuli</topic_url>
<topic_text>
Ģirts Kondrāts 16:46 
Nedēļas sākumā Saulkrastu upēs – Aģē, Ķīšupē un Pēterupē – tika ielaisti pieci tūkstoši taimiņu mazuļu. Mazuļu ielaišana tika veikta sadarbībā ar &quot;Vidzemes zvejnieku biedrību&quot;. Viens no pasākuma dalībniekiem Jānis Brants pastāstīja, ka taimiņi Saulkrastu upēs tiek laisti jau piekto gadu. 
Ņemot vērā institūta &quot;BIOR&quot; pētnieku ieteikumus, šogad Saulkrastu upēs tika ielaists divgadīgs taimiņu smolts. Iepriekšējos gados te ielaisti 25 tūkstoši jaunāku taimiņu mazuļu.Pēc pētnieku atzinumiem, zivju resursu stāvoklis Saulkrastu upēs un novadam piegulošajā Rīgas līča daļā pašlaik ir labākais Latvijas ūdeņos. 
</topic_text>
<spam_score>0.00</spam_score>
<post_num>1</post_num>
<post_id>post-1</post_id>
<post_url>http://www.aprinkis.lv/sabiedriba/pasvaldibas/item/30995-saulkrastu-upes-ielaisti-taiminu-mazuli</post_url>
<post_date>20160512</post_date>
<post_time></post_time>
<username>Irts Kondr Ts</username>
<post>
Ģirts Kondrāts 16:46 
Nedēļas sākumā Saulkrastu upēs – Aģē, Ķīšupē un Pēterupē – tika ielaisti pieci tūkstoši taimiņu mazuļu. Mazuļu ielaišana tika veikta sadarbībā ar &quot;Vidzemes zvejnieku biedrību&quot;. Viens no pasākuma dalībniekiem Jānis Brants pastāstīja, ka taimiņi Saulkrastu upēs tiek laisti jau piekto gadu. 
Ņemot vērā institūta &quot;BIOR&quot; pētnieku ieteikumus, šogad Saulkrastu upēs tika ielaists divgadīgs taimiņu smolts. Iepriekšējos gados te ielaisti 25 tūkstoši jaunāku taimiņu mazuļu.Pēc pētnieku atzinumiem, zivju resursu stāvoklis Saulkrastu upēs un novadam piegulošajā Rīgas līča daļā pašlaik ir labākais Latvijas ūdeņos. 
</post>
<signature>

</signature>
<external_links>

</external_links>
<country>LV</country>
<main_image>http://www.aprinkis.lv/media/k2/items/cache/158a9691f8c194fc08ea89340988dbd2_M.jpg</main_image>
</document>
