<?xml version="1.0" encoding="UTF-8"?>
<document>
<type>mainstream</type>
<forum></forum>
<forum_title></forum_title>
<discussion_title>Everton news: End of season awards postponed as Roberto Martinez sacked | Metro News</discussion_title>
<language>english</language>
<gmt_offset></gmt_offset>
<topic_url>http://metro.co.uk/2016/05/12/everton-postpone-end-of-season-awards-after-roberto-martinez-sacking-5878289/</topic_url>
<topic_text>
George Bellshaw for Metro.co.uk Thursday 12 May 2016 4:44 pm It’s all gone wrong for Martinez (Picture: Getty Images) 
Everton have postponed their end of season awards due to Roberto Martinez being sacked. 
The club released a statement explaining that it would be disrespectful to carry on with the ceremony in the circumstances. 
The event, which was due to take place tonight, has now been pushed back until some time before the start of next season. 
Everyone who had planned to attend the event will be notified with details once it has been rearranged. 
Here’s the full statement from the club: Tthe Club’s End of Season Awards, due to be held at St George’s Hall tonight, has been postponed. pic.twitter.com/W7OiRl0V6Q 
</topic_text>
<spam_score>0.00</spam_score>
<post_num>1</post_num>
<post_id>post-1</post_id>
<post_url>http://metro.co.uk/2016/05/12/everton-postpone-end-of-season-awards-after-roberto-martinez-sacking-5878289/</post_url>
<post_date>20160512</post_date>
<post_time></post_time>
<username>George Bellshaw For Metro.Co.Uk</username>
<post>
George Bellshaw for Metro.co.uk Thursday 12 May 2016 4:44 pm It’s all gone wrong for Martinez (Picture: Getty Images) 
Everton have postponed their end of season awards due to Roberto Martinez being sacked. 
The club released a statement explaining that it would be disrespectful to carry on with the ceremony in the circumstances. 
The event, which was due to take place tonight, has now been pushed back until some time before the start of next season. 
Everyone who had planned to attend the event will be notified with details once it has been rearranged. 
Here’s the full statement from the club: Tthe Club’s End of Season Awards, due to be held at St George’s Hall tonight, has been postponed. pic.twitter.com/W7OiRl0V6Q 
</post>
<signature>

</signature>
<external_links>

</external_links>
<country>US</country>
<main_image>https://metrouk2.files.wordpress.com/2016/05/530965212.jpg</main_image>
</document>
