<?xml version="1.0" encoding="UTF-8"?>
<document>
<type>mainstream</type>
<forum></forum>
<forum_title></forum_title>
<discussion_title>Games Inbox: What Marvel video games do you want to see? | Metro News</discussion_title>
<language>english</language>
<gmt_offset></gmt_offset>
<topic_url>http://metro.co.uk/2016/05/12/games-inbox-marvel-video-game-ideas-assassins-creed-movie-and-shenmue-criticism-5878357/</topic_url>
<topic_text>
GameCentral for Metro.co.uk Thursday 12 May 2016 5:00 pm Will we finally start getting some decent Marvel games? 
The evening complains that there are too few good games for kids, as one reader wonders what famous developers really do. 
To join in with the discussions yourself email 
Aunt May: The Game 
I hope this business with Disney does mean we can finally get some Marvel video games made. It’s unbelievable that there haven’t been any. In fact we had more before the movies became big than after! I doubt there’s a single character that wouldn’t work as a game (well, maybe not Aunt May – unless it was a dating game). 
Ignoring Spider-Man as being obvious, and apparently maybe underway anyway, here’s my top three pics and what they should be. 
Iron Man – he already looks and acts like a video game character before he’s even started. Can fly, has loads of weapons, and is completely upgradeable. Getting the right story (needs lots of minions to fight) is important but the abilities just write themselves. Black Widow/Hawkeye – these two would make for a great stealth type adventure. Fighting Marvel bad guys but from a non-powered perspective. Imagine a cross between Metal Gear Solid and Bayonetta. 
Ant-Man – whether or not the movie and character is played for laughs I honest think he has the most potential for a game. Shrinking down is a great idea that never gets used, plus he can fly around on ants and he has other powers (spoilers!) in the comics. Plus, Wasp as co-op! 
That’s three completely different games, and we’ve barely scratched the surface. Only question is: why haven’t they happened already?! Johnson 
To infinity and Beyonder 
As a Marvel comics fan I wasn’t overjoyed to hear of the shotgun wedding with Disney to begin with, and I’m dreading the possibility of the House of Mouse meddling with them if one of Marvel Studios’ big screen projects flops. But I’m not hugely surprised at the news that Disney have chosen to exit from the traditional video games market, and to be fair to them it’s not like the House of Ideas has shown much interest in the interactive industry even before the two companies got hitched. 
Hopefully this will lead to the MCU being licensed out to appropriate developers, as other Inboxers have already said. I would point to EA’s recent acquisition of Star Wars as an example of what could be achieved if anyone with a degree of common sense was in charge of proceedings. 
It also beggars belief that no one is attempting to cash in on the most profitable film franchise of all time that Marvel has become. If Ocean where still around we would be inundated with a veritable smorgasbord of superhero platforming games. OL 
GC: Exactly, it’s mind-boggling how the whole superhero fad has been almost completely ignored by gaming. The only obvious explanations are that Marvel are too controlling and/or demand too much of a cut. But as you point out, it seems to be working for EA. 
Figureheads 
With the release of Uncharted 4 to much critical acclaim, it got me thinking about famous people in the games industry. I remember some feared Uncharted might lose something with the departure of Amy Hemming during the games development along with some other key Naughty Dog figures, yet the game has still turned out great. Of course, Neil Druckman was still working on the game but even if he left, would the game turned out just as good? Every developer in the world is made up of loads of people all working hard but I have always wondered why certain key figures get lauded more than others. 
For example; Kojima, Miyazaki, the Houser brothers, Seabass, Amy Hemming, Neil Druckman, Cliff Belinski to name just a few. Is their higher profile compared to the rest of the development team just because of their job title on the games? 
I suppose to same can be true of films where the director and leading actors getting lots of the plaudits despite them only being part of the overall team. I’m not suggesting these people don’t give credit to their teams but I do question whether they are as important to a games critical success as some may think. Truk_Kurt (PSN ID)/Angry_Kurt (Twitter) Now playing: Uncharted 4 (PS4) and Hitman Intro pack (PS4) 
GC: At lot of the time it’s not even clear what they actually do, since job titles in the games industry are so inconsistently applied. But with the exit of Amy Hemming you could see the difference in Uncharted. The gameplay was just as good, arguably better, but the storytelling in general was a notch down on previous efforts – particularly the rather bland portrayal of new character Sam. 

Authentic look 
That Assassin’s Creed trailer did look all right, even with the weird music choice. Or at least it looks like the game. But I think that’s the whole problem with the idea of video game movies. Who cares if it looks like the game? The game looks like the game too, and you can actually play that. 
Maybe there would’ve been a point to them, if they’d been done right, back in the ‘90s or so, when recreating the games using big budget effects would’ve meant something. But nowadays games look so real you’re not really gaining anything. 
And surely the story is like the least popular part of Assassin’s Creed nowadays? And yet obviously that’s going to be the main focus of the film. That’d go for others too really, and yet what video game story is really good enough for the big screen. I’ll have a think and write something for the Hot Topic, but it all seems a lost cause to me. Taylor 
Scared cow 
Has anyone else played Shenmue I or II recently? I don’t want to get lynched but… they’re pretty bad. The controls are awful, the fighting is so easy it might as well not be in it, and the story is paper thin. Obviously it was all ground-breaking at the time, but that was getting on for two decades ago now. 
Not that I’m against remasters or anything, but I’m not sure modern gamers are prepared for the joys of a moving boxes mini-game or the fact that racing forklift trucks really is as boring as it sounds (and the only bit of action in the game that isn’t button-mashing fighting). Just saying. Tosh 
Secret genre 
I like the look of that Kathy Rain game, it definitely looks like old LucasArts games. But it makes me wonder where all the people went that used to play these games. Obviously they’re all ultra niche now but back in the day these were the biggest PC games around. Did all those people just give up playing video games after that? 
I’m guessing they were relatively older at the time (even though I played them as a teenager) and maybe just gave up on gaming when they stopped making them, but surely the nature of the games is enough that they can bring in new players as well? 
Are people that play non-action games with puzzles and dialogue going extinct, or is it publishers just being lazy and cowardly and not trying to engage them? Rather than scouring Steam and relying on GC reviews it’d be nice if these games were actually advertised and everyone knew that games don’t have to be first person shooters. Kat 
Kids today 
I think it quite a shame to hear that Disney are to stop making any games in-house. My son very much enjoys the Infinity games. 3.0 is still regularly played and then he also likes to have the toys lined up on his bookcase. 
I’ve had quite a few two-player games with him on Disney Infinity 3.0 and I thought it’s a decent well-made children’s game that’s set at just the right difficulty level for his age. 
The biggest shame is it’s a game that’s aimed at children on the PlayStation 4/Xbox One that we won’t be getting any more of. There really are not enough, especially for a hobby that’s still regarded by some people as a kids thing. 
We went to see Captain American: Civil War at the cinema last week and there was a trailer for Uncharted 4 with a PEGI 16 rating stuck on the front of the advert. My son asked me why he wasn’t allowed to play any of the best-looking games. Other than the Lego games there isn’t that much on the PlayStation 4 that’s aimed at children, although Ratchet &amp; Clank was a welcome kid-friendly recent release. I dread to think what the kids will be left with if the bubble ever bursts on the Lego games. 
We do have a Wii U and there are some excellent family games on that, especially Splatoon and Mario Kart 8. My son doesn’t like platform games though, which does limit things somewhat with Nintendo. That and the fact that from now until the end of the year the Wii U only has the very old and fiendishly hard Super Meat Boy and Lego Star Wars: The Force Awakens on their release schedule. PE 
GC: We agree entirely, we’ve always complained at the lack of good quality, family-friendly games in the modern era. The point we’ve made to developers before is that in the ‘80s and ‘90s the best and most graphically advanced games could be played by anyone. But today the majority are unsuitable for children. So it’s no wonder they grow up playing nothing but smartphone games and Minecraft, which doesn’t do much for creating a future audience. 

</topic_text>
<spam_score>0.00</spam_score>
<post_num>1</post_num>
<post_id>post-1</post_id>
<post_url>http://metro.co.uk/2016/05/12/games-inbox-marvel-video-game-ideas-assassins-creed-movie-and-shenmue-criticism-5878357/</post_url>
<post_date>20160512</post_date>
<post_time></post_time>
<username>Gamecentral For Metro.Co.Uk</username>
<post>
GameCentral for Metro.co.uk Thursday 12 May 2016 5:00 pm Will we finally start getting some decent Marvel games? 
The evening complains that there are too few good games for kids, as one reader wonders what famous developers really do. 
To join in with the discussions yourself email 
Aunt May: The Game 
I hope this business with Disney does mean we can finally get some Marvel video games made. It’s unbelievable that there haven’t been any. In fact we had more before the movies became big than after! I doubt there’s a single character that wouldn’t work as a game (well, maybe not Aunt May – unless it was a dating game). 
Ignoring Spider-Man as being obvious, and apparently maybe underway anyway, here’s my top three pics and what they should be. 
Iron Man – he already looks and acts like a video game character before he’s even started. Can fly, has loads of weapons, and is completely upgradeable. Getting the right story (needs lots of minions to fight) is important but the abilities just write themselves. Black Widow/Hawkeye – these two would make for a great stealth type adventure. Fighting Marvel bad guys but from a non-powered perspective. Imagine a cross between Metal Gear Solid and Bayonetta. 
Ant-Man – whether or not the movie and character is played for laughs I honest think he has the most potential for a game. Shrinking down is a great idea that never gets used, plus he can fly around on ants and he has other powers (spoilers!) in the comics. Plus, Wasp as co-op! 
That’s three completely different games, and we’ve barely scratched the surface. Only question is: why haven’t they happened already?! Johnson 
To infinity and Beyonder 
As a Marvel comics fan I wasn’t overjoyed to hear of the shotgun wedding with Disney to begin with, and I’m dreading the possibility of the House of Mouse meddling with them if one of Marvel Studios’ big screen projects flops. But I’m not hugely surprised at the news that Disney have chosen to exit from the traditional video games market, and to be fair to them it’s not like the House of Ideas has shown much interest in the interactive industry even before the two companies got hitched. 
Hopefully this will lead to the MCU being licensed out to appropriate developers, as other Inboxers have already said. I would point to EA’s recent acquisition of Star Wars as an example of what could be achieved if anyone with a degree of common sense was in charge of proceedings. 
It also beggars belief that no one is attempting to cash in on the most profitable film franchise of all time that Marvel has become. If Ocean where still around we would be inundated with a veritable smorgasbord of superhero platforming games. OL 
GC: Exactly, it’s mind-boggling how the whole superhero fad has been almost completely ignored by gaming. The only obvious explanations are that Marvel are too controlling and/or demand too much of a cut. But as you point out, it seems to be working for EA. 
Figureheads 
With the release of Uncharted 4 to much critical acclaim, it got me thinking about famous people in the games industry. I remember some feared Uncharted might lose something with the departure of Amy Hemming during the games development along with some other key Naughty Dog figures, yet the game has still turned out great. Of course, Neil Druckman was still working on the game but even if he left, would the game turned out just as good? Every developer in the world is made up of loads of people all working hard but I have always wondered why certain key figures get lauded more than others. 
For example; Kojima, Miyazaki, the Houser brothers, Seabass, Amy Hemming, Neil Druckman, Cliff Belinski to name just a few. Is their higher profile compared to the rest of the development team just because of their job title on the games? 
I suppose to same can be true of films where the director and leading actors getting lots of the plaudits despite them only being part of the overall team. I’m not suggesting these people don’t give credit to their teams but I do question whether they are as important to a games critical success as some may think. Truk_Kurt (PSN ID)/Angry_Kurt (Twitter) Now playing: Uncharted 4 (PS4) and Hitman Intro pack (PS4) 
GC: At lot of the time it’s not even clear what they actually do, since job titles in the games industry are so inconsistently applied. But with the exit of Amy Hemming you could see the difference in Uncharted. The gameplay was just as good, arguably better, but the storytelling in general was a notch down on previous efforts – particularly the rather bland portrayal of new character Sam. 

Authentic look 
That Assassin’s Creed trailer did look all right, even with the weird music choice. Or at least it looks like the game. But I think that’s the whole problem with the idea of video game movies. Who cares if it looks like the game? The game looks like the game too, and you can actually play that. 
Maybe there would’ve been a point to them, if they’d been done right, back in the ‘90s or so, when recreating the games using big budget effects would’ve meant something. But nowadays games look so real you’re not really gaining anything. 
And surely the story is like the least popular part of Assassin’s Creed nowadays? And yet obviously that’s going to be the main focus of the film. That’d go for others too really, and yet what video game story is really good enough for the big screen. I’ll have a think and write something for the Hot Topic, but it all seems a lost cause to me. Taylor 
Scared cow 
Has anyone else played Shenmue I or II recently? I don’t want to get lynched but… they’re pretty bad. The controls are awful, the fighting is so easy it might as well not be in it, and the story is paper thin. Obviously it was all ground-breaking at the time, but that was getting on for two decades ago now. 
Not that I’m against remasters or anything, but I’m not sure modern gamers are prepared for the joys of a moving boxes mini-game or the fact that racing forklift trucks really is as boring as it sounds (and the only bit of action in the game that isn’t button-mashing fighting). Just saying. Tosh 
Secret genre 
I like the look of that Kathy Rain game, it definitely looks like old LucasArts games. But it makes me wonder where all the people went that used to play these games. Obviously they’re all ultra niche now but back in the day these were the biggest PC games around. Did all those people just give up playing video games after that? 
I’m guessing they were relatively older at the time (even though I played them as a teenager) and maybe just gave up on gaming when they stopped making them, but surely the nature of the games is enough that they can bring in new players as well? 
Are people that play non-action games with puzzles and dialogue going extinct, or is it publishers just being lazy and cowardly and not trying to engage them? Rather than scouring Steam and relying on GC reviews it’d be nice if these games were actually advertised and everyone knew that games don’t have to be first person shooters. Kat 
Kids today 
I think it quite a shame to hear that Disney are to stop making any games in-house. My son very much enjoys the Infinity games. 3.0 is still regularly played and then he also likes to have the toys lined up on his bookcase. 
I’ve had quite a few two-player games with him on Disney Infinity 3.0 and I thought it’s a decent well-made children’s game that’s set at just the right difficulty level for his age. 
The biggest shame is it’s a game that’s aimed at children on the PlayStation 4/Xbox One that we won’t be getting any more of. There really are not enough, especially for a hobby that’s still regarded by some people as a kids thing. 
We went to see Captain American: Civil War at the cinema last week and there was a trailer for Uncharted 4 with a PEGI 16 rating stuck on the front of the advert. My son asked me why he wasn’t allowed to play any of the best-looking games. Other than the Lego games there isn’t that much on the PlayStation 4 that’s aimed at children, although Ratchet &amp; Clank was a welcome kid-friendly recent release. I dread to think what the kids will be left with if the bubble ever bursts on the Lego games. 
We do have a Wii U and there are some excellent family games on that, especially Splatoon and Mario Kart 8. My son doesn’t like platform games though, which does limit things somewhat with Nintendo. That and the fact that from now until the end of the year the Wii U only has the very old and fiendishly hard Super Meat Boy and Lego Star Wars: The Force Awakens on their release schedule. PE 
GC: We agree entirely, we’ve always complained at the lack of good quality, family-friendly games in the modern era. The point we’ve made to developers before is that in the ‘80s and ‘90s the best and most graphically advanced games could be played by anyone. But today the majority are unsuitable for children. So it’s no wonder they grow up playing nothing but smartphone games and Minecraft, which doesn’t do much for creating a future audience. 

</post>
<signature>

</signature>
<external_links>

</external_links>
<country>US</country>
<main_image>https://metrouk2.files.wordpress.com/2015/07/avengers-age-of-ultron.jpg</main_image>
</document>
