<?xml version="1.0" encoding="UTF-8"?>
<document>
<type>mainstream</type>
<forum>http://rt-forum.se/feed/</forum>
<forum_title>Resforum och trafikforum</forum_title>
<discussion_title>Regeringen satsar på spår</discussion_title>
<language>swedish</language>
<gmt_offset></gmt_offset>
<topic_url>http://rt-forum.se/nyheter/regeringen-satsar-pa-spar/</topic_url>
<topic_text>
Hem ⁄ Nyheter ⁄ Regeringen satsar på spår SPÅR. Ywonne Ruwaida, regeringens representant på Kollektivtrafikdagen 2016 slog ett lätt slag för mera spårväg i Sverige. Foto: Thomas Dietl 2016-  Nyheter , Trafikforum 
Ywonne Ruwaida, MP, var regeringens enda representant på Kollektivtrafikdagen 2016 - hon slog ett slag får investeringar i spårbunden kollektivtrafik. 
Regeringens politik vad gäller kollektivtrafiken har spretat en aning de senaste åren. Men miljöperspektivet väger tungt, enligt Ywonne Ruwaida : 

– Vi måste få andra länder att ta ansvar genom att vi själva tar ansvar för klimatmålet för 2020. Vi har varit angelägna om transportsektorn är en av de sektorer som vi prioriterar, där finns också kollektivtrafiken. Vi behöver investeringar i spårvägar, och även annan annan kollektivtrafik. Nyheter
</topic_text>
<spam_score>0.00</spam_score>
<post_num>1</post_num>
<post_id>post-1</post_id>
<post_url>http://rt-forum.se/nyheter/regeringen-satsar-pa-spar/</post_url>
<post_date>20160512</post_date>
<post_time>1349</post_time>
<username>Thomas Dietl</username>
<post>
Hem ⁄ Nyheter ⁄ Regeringen satsar på spår SPÅR. Ywonne Ruwaida, regeringens representant på Kollektivtrafikdagen 2016 slog ett lätt slag för mera spårväg i Sverige. Foto: Thomas Dietl 2016-  Nyheter , Trafikforum 
Ywonne Ruwaida, MP, var regeringens enda representant på Kollektivtrafikdagen 2016 - hon slog ett slag får investeringar i spårbunden kollektivtrafik. 
Regeringens politik vad gäller kollektivtrafiken har spretat en aning de senaste åren. Men miljöperspektivet väger tungt, enligt Ywonne Ruwaida : 

– Vi måste få andra länder att ta ansvar genom att vi själva tar ansvar för klimatmålet för 2020. Vi har varit angelägna om transportsektorn är en av de sektorer som vi prioriterar, där finns också kollektivtrafiken. Vi behöver investeringar i spårvägar, och även annan annan kollektivtrafik. Nyheter
</post>
<signature>

</signature>
<external_links>

</external_links>
<country>SE</country>
<main_image>http://rt-forum.se/wp-content/uploads/2016/05/kollektivtrafik-14.jpg</main_image>
</document>
