<?xml version="1.0" encoding="UTF-8"?>
<document>
<type>mainstream</type>
<forum>http://www.automobilesreview.com/feed/</forum>
<forum_title>Automobilesreview</forum_title>
<discussion_title>Car buying made easier: top tips and tricks when looking for used automobile</discussion_title>
<language>english</language>
<gmt_offset></gmt_offset>
<topic_url>http://www.automobilesreview.com/auto-news/car-buying-made-easier-used-car-sales/114401/</topic_url>
<topic_text>
Car buying made easier: top tips and tricks when looking for used automobile Car buying made easier: top tips and tricks when looking for used automobile Posted by Lidia Todorova on 12 May 2016 
The sale of used car is one of the most important topics when you can not afford buying brand new vehicle. There are always a lot of options and you always look for the best advice when it comes to making the big decision. Important information is at hand when it comes to the safety and risks in used car buying, which is sometimes tricky. Before the Search Starts 
However, there are several milestones that can make your life easier. And this is even before the real searching starts. The list begins with the decision which the brand you are most fond of is. We recommend that you constrain the options up to three. Then you should continue with the selection of the engine and the model range you prefer. 
For example if you are a sportier person and like to hear the roar of the car, then you should go for a petrol drivetrain. But if you count on less fuel consumption and quieter engine, your choice should be a diesel unit. Why not a hybrid? There are a lot of hybrids in the used automobiles market, and probably one of them is your future car. After finishing these two steps comes the tricky part: choosing several particular cars on the market. Examining a Particular Vehicle 
When it comes to examining a particular vehicle, you should be very careful. First, you should look whether there has been an overspray that conceals the original paint. What is the risk behind this? Overspray almost always indicates that there has been crash damage in the past. The other important thing to look for is an evidence of welds in the sills or bonnet struts. Tires are also important, especially when you don&apos;t want to buy new ones. Here you should check out the DOT (production date). Why Test Driving is Important? 
Test driving the car is of course obligatory and here are the things you should be careful of. Brakes check happens easily: when you brake hard if there are any signs of steering wheel shaking, this means that the brake discs are twisted or broken. Checking the mileage and warning lamps on the dashboard is also mandatory. Don&apos;t forget to try the capability of the air conditioning, too. Manually verify if all buttons on the dash are working correctly, as well as the hand brake, steering wheel and all else you can think of. The most important part however, is to check whether everything is legal, if there are all necessary documents and if they are correct. Now you can start negotiate about the pricing. Best Among the Rest 
To make your life easier we will give you several examples which are the top three used car sales in UK according to the brand and model of the vehicle. Official data states that Ford Fiesta has made it to the first place as UK&apos;s fastest selling used car for last year (MY2015). Basically, this means that if you are a car seller, then you would sell the Fiesta for just 29 days. The second place is reserved for the favorited Vauxhall Insignia, while third is the hybrid Toyota Prius. The average days to sell those are also 29. Diesel remains the most popular engine choice in the UK, while Ford is the most popular fastest selling marque. 
As a matter of fact, buying a used car should not be a problem if you come to the task with common sense and courage. Good luck!
</topic_text>
<spam_score>0.00</spam_score>
<post_num>1</post_num>
<post_id>post-1</post_id>
<post_url>http://www.automobilesreview.com/auto-news/car-buying-made-easier-used-car-sales/114401/</post_url>
<post_date>20160512</post_date>
<post_time>1751</post_time>
<username>http://www.automobilesreview.com</username>
<post>
Car buying made easier: top tips and tricks when looking for used automobile Car buying made easier: top tips and tricks when looking for used automobile Posted by Lidia Todorova on 12 May 2016 
The sale of used car is one of the most important topics when you can not afford buying brand new vehicle. There are always a lot of options and you always look for the best advice when it comes to making the big decision. Important information is at hand when it comes to the safety and risks in used car buying, which is sometimes tricky. Before the Search Starts 
However, there are several milestones that can make your life easier. And this is even before the real searching starts. The list begins with the decision which the brand you are most fond of is. We recommend that you constrain the options up to three. Then you should continue with the selection of the engine and the model range you prefer. 
For example if you are a sportier person and like to hear the roar of the car, then you should go for a petrol drivetrain. But if you count on less fuel consumption and quieter engine, your choice should be a diesel unit. Why not a hybrid? There are a lot of hybrids in the used automobiles market, and probably one of them is your future car. After finishing these two steps comes the tricky part: choosing several particular cars on the market. Examining a Particular Vehicle 
When it comes to examining a particular vehicle, you should be very careful. First, you should look whether there has been an overspray that conceals the original paint. What is the risk behind this? Overspray almost always indicates that there has been crash damage in the past. The other important thing to look for is an evidence of welds in the sills or bonnet struts. Tires are also important, especially when you don&apos;t want to buy new ones. Here you should check out the DOT (production date). Why Test Driving is Important? 
Test driving the car is of course obligatory and here are the things you should be careful of. Brakes check happens easily: when you brake hard if there are any signs of steering wheel shaking, this means that the brake discs are twisted or broken. Checking the mileage and warning lamps on the dashboard is also mandatory. Don&apos;t forget to try the capability of the air conditioning, too. Manually verify if all buttons on the dash are working correctly, as well as the hand brake, steering wheel and all else you can think of. The most important part however, is to check whether everything is legal, if there are all necessary documents and if they are correct. Now you can start negotiate about the pricing. Best Among the Rest 
To make your life easier we will give you several examples which are the top three used car sales in UK according to the brand and model of the vehicle. Official data states that Ford Fiesta has made it to the first place as UK&apos;s fastest selling used car for last year (MY2015). Basically, this means that if you are a car seller, then you would sell the Fiesta for just 29 days. The second place is reserved for the favorited Vauxhall Insignia, while third is the hybrid Toyota Prius. The average days to sell those are also 29. Diesel remains the most popular engine choice in the UK, while Ford is the most popular fastest selling marque. 
As a matter of fact, buying a used car should not be a problem if you come to the task with common sense and courage. Good luck!
</post>
<signature>

</signature>
<external_links>

</external_links>
<country>US</country>
<main_image>http://www.automobilesreview.com/uploads/2016/05/used-cars-910-2.jpg</main_image>
</document>
