<?xml version="1.0" encoding="UTF-8"?>
<document>
<type>mainstream</type>
<forum>http://www.jamaicaobserver.com/rss/latest/</forum>
<forum_title>Jamaica Observer</forum_title>
<discussion_title>Transport Authority clears road licence applications backlog</discussion_title>
<language>english</language>
<gmt_offset></gmt_offset>
<topic_url>http://www.jamaicaobserver.com/latestnews/Transport-Authority-clears-road-licence-applications-backlog</topic_url>
<topic_text>
Transport Authority clears road licence applications backlog 
Thursday, May 12, 2016 | 9:57 AM 
KINGSTON, Jamaica — The Transport Authority yesterday announced that the backlog of new road licence applications, which had accumulated since February 15, 2016, has been cleared. 
Road licence applications that were received in April, 2016 are now being processed. 
The new Licensing Committee of the Transport Authority board was named on April 26, 2016. Since then, the Transport Authority said the Committee has convened three meetings and considered 488 new road licence applications for various categories of road licences. 
The Transport Authority’s customer care representatives are contacting applicants whose road licence applications have been considered. Following the announcement of the General Elections in February 2016, the Transport Authority was unable to process new road licences due to the absence of the Licensing Committee to consider the applications. The last meeting of the dissolved Licensing Committee was held on February 11, 2016. 
Like our Facebook page   
Follow us on Twitter   ADVERTISEMENT
</topic_text>
<spam_score>0.00</spam_score>
<post_num>1</post_num>
<post_id>post-1</post_id>
<post_url>http://www.jamaicaobserver.com/latestnews/Transport-Authority-clears-road-licence-applications-backlog</post_url>
<post_date>20160512</post_date>
<post_time>0957</post_time>
<username></username>
<post>
Transport Authority clears road licence applications backlog 
Thursday, May 12, 2016 | 9:57 AM 
KINGSTON, Jamaica — The Transport Authority yesterday announced that the backlog of new road licence applications, which had accumulated since February 15, 2016, has been cleared. 
Road licence applications that were received in April, 2016 are now being processed. 
The new Licensing Committee of the Transport Authority board was named on April 26, 2016. Since then, the Transport Authority said the Committee has convened three meetings and considered 488 new road licence applications for various categories of road licences. 
The Transport Authority’s customer care representatives are contacting applicants whose road licence applications have been considered. Following the announcement of the General Elections in February 2016, the Transport Authority was unable to process new road licences due to the absence of the Licensing Committee to consider the applications. The last meeting of the dissolved Licensing Committee was held on February 11, 2016. 
Like our Facebook page   
Follow us on Twitter   ADVERTISEMENT
</post>
<signature>

</signature>
<external_links>

</external_links>
<country>US</country>
<main_image>http://www.jamaicaobserver.com/assets/12009654/HWT-Taxi-Stand_w400.jpg</main_image>
</document>
