<?xml version="1.0" encoding="UTF-8"?>
<document>
<type>mainstream</type>
<forum></forum>
<forum_title></forum_title>
<discussion_title>ینګ ډویلپمنټ فیلو شپ پروګرام 14-2013 كښې پيل شوے ؤ | APP Pashto service</discussion_title>
<language>urdu</language>
<gmt_offset></gmt_offset>
<topic_url>http://pashto.app.com.pk/pashto/2016/05/%db%8c%d9%86%da%ab-%da%89%d9%88%db%8c%d9%84%d9%be%d9%85%d9%86%d9%bc-%d9%81%db%8c%d9%84%d9%88-%d8%b4%d9%be-%d9%be%d8%b1%d9%88%da%ab%d8%b1%d8%a7%d9%85-14-2013-%d9%83%da%9a%db%90-%d9%be%d9%8a%d9%84/</topic_url>
<topic_text>
ینګ ډویلپمنټ فیلو شپ پروګرام 14-2013 كښې پيل شوے ؤ May 12, 2016 tweet 
اسلام آباد 12 مئی (اے پی پی) د منصوبه بندۍ او پرمختګ وفاقی وزیر احسن اقبال وئيلي دي ینګ ډویلپمنټ فیلو شپ پروګرام 14-2013 كښې پيل شوے ؤ ٬ د دې دائرہ به پراخه كولې شي۔ د زيارت پھ ورځ د سېنټ په غونډه كښې د پوښتنو دمې په مهال د چوهدری تنویر خان او سناتور اعظم سواتی د پوښتنې په ځواب وفاقی وزیر احسن اقبال ووئيل د منصوبه بندۍ او پرمختګ وزارت 14-2013 كښې د ینګ ډویلپمنټ فیلو شپ پروګرام سرخط سره پروژه پيل كړې وه ٹیگز 
</topic_text>
<spam_score>0.00</spam_score>
<post_num>1</post_num>
<post_id>post-1</post_id>
<post_url>http://pashto.app.com.pk/pashto/2016/05/%db%8c%d9%86%da%ab-%da%89%d9%88%db%8c%d9%84%d9%be%d9%85%d9%86%d9%bc-%d9%81%db%8c%d9%84%d9%88-%d8%b4%d9%be-%d9%be%d8%b1%d9%88%da%ab%d8%b1%d8%a7%d9%85-14-2013-%d9%83%da%9a%db%90-%d9%be%d9%8a%d9%84/</post_url>
<post_date>20160512</post_date>
<post_time></post_time>
<username>Uploader Nothing</username>
<post>
ینګ ډویلپمنټ فیلو شپ پروګرام 14-2013 كښې پيل شوے ؤ May 12, 2016 tweet 
اسلام آباد 12 مئی (اے پی پی) د منصوبه بندۍ او پرمختګ وفاقی وزیر احسن اقبال وئيلي دي ینګ ډویلپمنټ فیلو شپ پروګرام 14-2013 كښې پيل شوے ؤ ٬ د دې دائرہ به پراخه كولې شي۔ د زيارت پھ ورځ د سېنټ په غونډه كښې د پوښتنو دمې په مهال د چوهدری تنویر خان او سناتور اعظم سواتی د پوښتنې په ځواب وفاقی وزیر احسن اقبال ووئيل د منصوبه بندۍ او پرمختګ وزارت 14-2013 كښې د ینګ ډویلپمنټ فیلو شپ پروګرام سرخط سره پروژه پيل كړې وه ٹیگز 
</post>
<signature>

</signature>
<external_links>

</external_links>
<country>PK</country>
<main_image>http://pashto.app.com.pk/pashto/wp-content/uploads/2016/04/ahsan-iqbal-1.jpg</main_image>
</document>
