<?xml version="1.0" encoding="UTF-8"?>
<document>
<type>mainstream</type>
<forum></forum>
<forum_title></forum_title>
<discussion_title>Chinese Film Festival to start from tomorrow at PNCA | Associate Press Of Pakistan</discussion_title>
<language>english</language>
<gmt_offset></gmt_offset>
<topic_url>http://www.app.com.pk/chinese-film-festival-to-start-from-tomorrow-at-pnca/</topic_url>
<topic_text>
Chinese Film Festival to start from tomorrow at PNCA May 12, 2016 40 Chinese Film Festival to start from tomorrow at PNCA 
ISLAMABAD, May 12 (APP): Pakistan National Council of the Arts (PNCA) would organize a three-day Chinese Film Festival in collaboration with Embassy of China from Friday in line with the 65th Pak-China Friendship anniversary. 
“Citizens will have a chance to learn more about culture and film industry of China film, while enjoying”, an official of PNCA told APP. 
He said that it would be the part of on-going efforts of promoting bilateral relationship between the people of both the friendly countries through common cultural heritage and history. SHARE 
</topic_text>
<spam_score>0.00</spam_score>
<post_num>1</post_num>
<post_id>post-1</post_id>
<post_url>http://www.app.com.pk/chinese-film-festival-to-start-from-tomorrow-at-pnca/</post_url>
<post_date>20160512</post_date>
<post_time></post_time>
<username></username>
<post>
Chinese Film Festival to start from tomorrow at PNCA May 12, 2016 40 Chinese Film Festival to start from tomorrow at PNCA 
ISLAMABAD, May 12 (APP): Pakistan National Council of the Arts (PNCA) would organize a three-day Chinese Film Festival in collaboration with Embassy of China from Friday in line with the 65th Pak-China Friendship anniversary. 
“Citizens will have a chance to learn more about culture and film industry of China film, while enjoying”, an official of PNCA told APP. 
He said that it would be the part of on-going efforts of promoting bilateral relationship between the people of both the friendly countries through common cultural heritage and history. SHARE 
</post>
<signature>

</signature>
<external_links>

</external_links>
<country>US</country>
<main_image>http://www.app.com.pk/wp-content/uploads/2016/05/pnca-1.jpg</main_image>
</document>
