<?xml version="1.0" encoding="UTF-8"?>
<document>
<type>mainstream</type>
<forum>http://www.automobilesreview.com/feed/</forum>
<forum_title>Automobilesreview</forum_title>
<discussion_title>Ram reveals limited run of vehicles. Check them out!</discussion_title>
<language>english</language>
<gmt_offset></gmt_offset>
<topic_url>http://www.automobilesreview.com/auto-news/ram-limited-of-vehicles/114319/</topic_url>
<topic_text>
Ram reveals limited run of vehicles. Check them out! Ram reveals limited run of vehicles. Check them out! Posted by Georgi Boychev on 10 May 2016 
Ram Truck brand announced that it adds a new limited-run of Ram 1500 model lineup in Sport trim: the Ram 1500 Stinger Yellow Sport. 
Available in Crew Cab 4x2 and 4x4 configurations, the new truck also features a 395hp (294kW) HEMI V8 power unit, paired to a 8-speed TorqueFlite gearbox, dual chrome-tipped exhaust, vented sporty hood and stylish 22-inch wheels (20-inch for the 4x4 model). 
Of course, Ram team kept that confident and massive stance, but also added some new features as overall sleeker body shape with sporty appearance and this distinctive color. 
The interior resembles Ram 1500&apos;s exterior design and features a black cockpit, highlighted with Light Black Chrome and tons of yellow details. Some of the details include body-colored accents, stitching, badges and logos on the headrests, seats and inserts. SEE ALSO: Ram And the Proud Rose of Texas: Style And Tradition in One Vehicle 
In terms of technologies, this special vehicle includes the 8.4AN Uconnect system with navigation and rear-view camera, along with the standard features in standard models. 
2016 Ram 1500 Stinger Yellow Sport model lineup will be available for order in early May and is expected to have a price around $43,100 USD without the destination taxes. 
Distinctive, yellow, massive and powerful. We do like this vehicle. What about you? 
Source: Ram
</topic_text>
<spam_score>0.00</spam_score>
<post_num>1</post_num>
<post_id>post-1</post_id>
<post_url>http://www.automobilesreview.com/auto-news/ram-limited-of-vehicles/114319/</post_url>
<post_date>20160510</post_date>
<post_time>1443</post_time>
<username>http://www.automobilesreview.com</username>
<post>
Ram reveals limited run of vehicles. Check them out! Ram reveals limited run of vehicles. Check them out! Posted by Georgi Boychev on 10 May 2016 
Ram Truck brand announced that it adds a new limited-run of Ram 1500 model lineup in Sport trim: the Ram 1500 Stinger Yellow Sport. 
Available in Crew Cab 4x2 and 4x4 configurations, the new truck also features a 395hp (294kW) HEMI V8 power unit, paired to a 8-speed TorqueFlite gearbox, dual chrome-tipped exhaust, vented sporty hood and stylish 22-inch wheels (20-inch for the 4x4 model). 
Of course, Ram team kept that confident and massive stance, but also added some new features as overall sleeker body shape with sporty appearance and this distinctive color. 
The interior resembles Ram 1500&apos;s exterior design and features a black cockpit, highlighted with Light Black Chrome and tons of yellow details. Some of the details include body-colored accents, stitching, badges and logos on the headrests, seats and inserts. SEE ALSO: Ram And the Proud Rose of Texas: Style And Tradition in One Vehicle 
In terms of technologies, this special vehicle includes the 8.4AN Uconnect system with navigation and rear-view camera, along with the standard features in standard models. 
2016 Ram 1500 Stinger Yellow Sport model lineup will be available for order in early May and is expected to have a price around $43,100 USD without the destination taxes. 
Distinctive, yellow, massive and powerful. We do like this vehicle. What about you? 
Source: Ram
</post>
<signature>

</signature>
<external_links>

</external_links>
<country>US</country>
<main_image>http://www.automobilesreview.com/uploads/2016/05/2016-Ram-1500-Stinger-Yellow-Sport-910.jpg</main_image>
</document>
