<?xml version="1.0" encoding="UTF-8"?>
<document>
<type>mainstream</type>
<forum></forum>
<forum_title></forum_title>
<discussion_title>The Witcher 3: Wild Hunt Official Blood and Wine Developer Diary - IGN Video</discussion_title>
<language>english</language>
<gmt_offset></gmt_offset>
<topic_url>http://www.ign.com/videos/2016/05/12/the-witcher-3-wild-hunt-official-blood-and-wine-developer-diary</topic_url>
<topic_text>
United States: May 19, 2015 Australia: May 19, 2015 UK: May 19, 2014 M for Mature : Blood and Gore, Intense Violence, Nudity, Strong Language, Strong Sexual Content, Use of Alcohol Also Available On: PS4 , PC Also known as: The Witcher 3 IGN.com: 
</topic_text>
<spam_score>0.00</spam_score>
<post_num>1</post_num>
<post_id>post-1</post_id>
<post_url>http://www.ign.com/videos/2016/05/12/the-witcher-3-wild-hunt-official-blood-and-wine-developer-diary</post_url>
<post_date>20160512</post_date>
<post_time></post_time>
<username></username>
<post>
United States: May 19, 2015 Australia: May 19, 2015 UK: May 19, 2014 M for Mature : Blood and Gore, Intense Violence, Nudity, Strong Language, Strong Sexual Content, Use of Alcohol Also Available On: PS4 , PC Also known as: The Witcher 3 IGN.com: 
</post>
<signature>

</signature>
<external_links>

</external_links>
<country>US</country>
<main_image>http://assets1.ignimgs.com/thumbs/userUploaded/2016/5/12/witcher3bloodandwinedevdiaryign-1463069831461_1280w.jpg</main_image>
</document>
