<?xml version="1.0" encoding="UTF-8"?>
<document>
<type>mainstream</type>
<forum>http://www.lesbonsplansmodeaparis.com/index.rss</forum>
<forum_title>Les bons plans mode à Paris</forum_title>
<discussion_title>Indoor Cycling Addict</discussion_title>
<language>french</language>
<gmt_offset></gmt_offset>
<topic_url>http://www.lesbonsplansmodeaparis.com/archive/2016/05/12/indoor-cycling-addict-5800748.html</topic_url>
<topic_text>
Indoor Cycling Addict L orsque je me suis offert un abonnement au Klay il y a quelques semaines j&apos;étais loin de me douter que j&apos;allais un jour pédaler dans le vide sur un vélo d&apos;appartement, enfermée avec une quinzaine de congénères à transpirer à gogo au son et ambiance dignes d&apos;une discothèque, tenir quarante cinq minutes le rythme du sportif accompli et surtout...d&apos;y prendre goût. Ah ah, ne jamais dire jamais lorsqu&apos;il s&apos;agit de se refaire une santé, et une silhouette surtout! Le cycling en salle (cours collectifs cardio symbolisant le travail d&apos;un cycliste visant à brûler les calories, perdre du poids et augmenter sa condition physique) fait maintenant partie de ma discipline sportive à raison de trois cours par semaines. J&apos;adore ça et je ne peux plus m&apos;en passer. Comment j&apos;en suis arrivée à cette addiction? On saute sur un vélo on appuie sur les pédales, je vous raconte tout, c&apos;est parti, youhou! Donc en février dernier, dans un état sportif réduit à zéro depuis un an pour raisons de santé j&apos;ai décidé de reprendre les commandes de mon corps. Je rêvais d&apos;un abonnement dans une belle salle de gym parisienne, dotée d&apos;une piscine et d&apos;un service efficace et motivant de coaching, d&apos;un hammam et proposant une carte de cours collectifs complète à savoir du pilates, du yoga, de l&apos;aquagym, du fitness etc. Le tout dispensé dans une super humeur et pas trop loin de chez moi. J&apos;ai opté pour le Klay et je suis très satisfaite de mon choix! La reprise de la pratique sportive a été vraiment très difficile pour moi. Disparue la nana accro aux endorphines au corps mince et musclé d&apos;il y a un an et demi : c&apos;est fou comme l&apos;on se rend compte à ce moment-là que repartir quasiment de zéro c&apos;est challenging mais tellement nécessaire, si la motivation est là! Un après burn out à gérer (j&apos;ai décidé de vous parler de ce difficile épisode de ma vie dans un article complet très bientôt), un genou qui m&apos;avait totalement lâché et en lequel je n&apos;avais absolument plus confiance, quelques kilos en trop sur mon body : c&apos;était le moment ou jamais pour moi de réagir et de me faire plaisir! Je me suis écoutée, j&apos;ai repris à mon rythme, j&apos;ai ménagé mon genou et l&apos;ai remusclé progressivement et sûrement. Les cours d&apos;aquagym c&apos;est top pour cela. Le pilates et le yoga aussi. J&apos;ai bénéficié d&apos;une séance avec un coach (offerte dans l&apos;abonnement annuel) qui m&apos;a concocté un programme de reprise. Bon, je peux vous l&apos;avouer je ne l&apos;ai pas encore mis en pratique. Je suis trop une fausse sportive pour pratiquer seule en salle. Et surtout j&apos;ai besoin en ce moment d&apos;une dynamique de groupe pour me motiver. En revanche je promets de l&apos;utiliser en routine lorsque je ne suis pas à Paris, ces exercices constituant la base de l&apos;entretien quotidien pour une jolie silhouette raffermie et dynamique. Aucune raison de m&apos;en priver en Grèce d&apos;où j&apos;écris aujourd&apos;hui donc! Ainsi reboostée et sûre de mon genou qui tient le choc (le corps est bien plus fort que ce que l&apos;on croit, et le mental c&apos;est vachement important aussi!) j&apos;ai décidé de passer l&apos;échelon plus que supérieur il y a trois semaines. J&apos;avais mis de côté un article du magazine Elle - qui vantait la pratique du cycling parfaite pour &apos;une peau lisse et raffermie, des jambes fines, des fesses rebondies et un ventre ultra plat, à raison de deux ou trois séances par semaine&apos;. Cette technique qui &apos;sèche le corps&apos; a &apos;l&apos;avantage de protéger les articulations&apos; - et en lisant cela j&apos;ai eu un déclic et terriblement envie d&apos;essayer. Je me souviens avoir interrogé quelques nanas dans le vestiaire de la salle de sport quelques minutes avant mon premier cours. J&apos;avais tellement peur de ne pas tenir le rythme qui me paraissait trop intense pour moi. Il y a celles qui avaient tenté un cours mais qui n&apos;aimaient pas la discipline. D&apos;autres qui n&apos;avaient pas réussi à suivre ni à se motiver pour en tenter un autre et progresser. Et il y avait les dernières, complètement accro qui ne juraient que par ce putain de vélo d&apos;appartement. Ces dernières que j&apos;espérais rejoindre. Aux premiers coups de pédales je me suis demandée ce que je foutais là . Ambiance un peu warrior, musique tonitruante, un coach qui crie, vraiment pas mon truc. Mais, passées quelques minutes, j&apos;ai compris . Ici c&apos;est chacun pour ses cuisses, son cardio et son popotin. Ici on se fait plaisir et du bien sans juger son voisin. Ici on sait pour quoi on transpire. Ici on oublie les tracas laissés à l&apos;entrée du club et on se vide la tête bien comme il faut. Croyez moi les premières minutes du premier cours de cycling peuvent être rudes (surtout si la montée en charge et en rythme est rapide, en fonction des programmes des coachs) mais le smile sur le visage et les bénéfices complets que l&apos;on en retire sont juste déments et addictifs. OK je ne vous cache pas que l&apos;on en chie et que l&apos;on guette souvent et avec impatience la fin des quarante cinq minutes sur le compteur au début mais je peux vous dire au terme de trois semaines de pratique que cela vaut tellement la peine! Je me suis surprise dès le premier cours à avoir parcouru quinze bornes et dépensé un peu plus de trois cents cinquante calories. Je n&apos;ai jamais essayé de discipline sportive si énergisante et bénéfique à ce jour (en dehors du running). Et vous? Depuis, la nana toute contente qui réserve son cours tôt le matin c&apos;est moi. La nana déçue quand le créneau horaire convoité n&apos;est plus dispo et qu&apos;il faudra attendre le lendemain pour se décrasser l&apos;organisme et défouler à fond ses gambettes c&apos;est moi aussi. La nana qui rabâche les oreilles au sujet du cycling à ses proches c&apos;est moi également. La nana qui espère vous avoir donné l&apos;envie de pratiquer c&apos;est moi...enfin, je l&apos;espère! Beaucoup d&apos;adresses canons dispensent le cycling indoor à Paris . Je ne les ai pas testées étant donné que les cours sont à volonté (dans la limite des places disponibles) pour les membres du Klay, mais j&apos;ai par exemple entendu beaucoup de bien de Dynamo Cycling et de Let&apos;s Ride (si vous les avez testés n&apos;hésitez surtout pas à laisser vos avis ici). Enfin, mes conseils pour bien débuter la discipline et surtout pour avoir envie de continuer dans la pratique? Pas de panique si vous ne suivez pas entièrement le rythme des premiers cours. D&apos;une part vous n&apos;êtes pas là pour épater vos voisins de vélo mais pour vous. Sachez vous écouter et vous verrez, l&apos;envie de progresser et de se surpasser vient dès les premières séances. D&apos;autre part autorisez vous une journée de récupération entre deux cours. La pratique est intense. Profitez en pour la compléter avec du yoga, du pilates, de la natation etc. C&apos;est ce que je me suis imposée et j&apos;y ai de suite trouvé un véritable équilibre. Enfin, choisissez le bon moment pour vous dans la journée pour ce faire. Pour ma part j&apos;ai constaté être plus efficace et pleine d&apos;énergie le midi : vive la patate d&apos;enfer pour la journée et le soir! Ah oui j&apos;oubliais : au Klay le cours de cycling est suivi par tout plein de jolis garçons aussi (que je ne regarde évidemment pas promis chéri). Gn ! xoxo
</topic_text>
<spam_score>0.00</spam_score>
<post_num>1</post_num>
<post_id>post-1</post_id>
<post_url>http://www.lesbonsplansmodeaparis.com/archive/2016/05/12/indoor-cycling-addict-5800748.html</post_url>
<post_date>20160512</post_date>
<post_time>1121</post_time>
<username>noreply@lesbonsplansmodeaparis.com (Sonia)</username>
<post>
Indoor Cycling Addict L orsque je me suis offert un abonnement au Klay il y a quelques semaines j&apos;étais loin de me douter que j&apos;allais un jour pédaler dans le vide sur un vélo d&apos;appartement, enfermée avec une quinzaine de congénères à transpirer à gogo au son et ambiance dignes d&apos;une discothèque, tenir quarante cinq minutes le rythme du sportif accompli et surtout...d&apos;y prendre goût. Ah ah, ne jamais dire jamais lorsqu&apos;il s&apos;agit de se refaire une santé, et une silhouette surtout! Le cycling en salle (cours collectifs cardio symbolisant le travail d&apos;un cycliste visant à brûler les calories, perdre du poids et augmenter sa condition physique) fait maintenant partie de ma discipline sportive à raison de trois cours par semaines. J&apos;adore ça et je ne peux plus m&apos;en passer. Comment j&apos;en suis arrivée à cette addiction? On saute sur un vélo on appuie sur les pédales, je vous raconte tout, c&apos;est parti, youhou! Donc en février dernier, dans un état sportif réduit à zéro depuis un an pour raisons de santé j&apos;ai décidé de reprendre les commandes de mon corps. Je rêvais d&apos;un abonnement dans une belle salle de gym parisienne, dotée d&apos;une piscine et d&apos;un service efficace et motivant de coaching, d&apos;un hammam et proposant une carte de cours collectifs complète à savoir du pilates, du yoga, de l&apos;aquagym, du fitness etc. Le tout dispensé dans une super humeur et pas trop loin de chez moi. J&apos;ai opté pour le Klay et je suis très satisfaite de mon choix! La reprise de la pratique sportive a été vraiment très difficile pour moi. Disparue la nana accro aux endorphines au corps mince et musclé d&apos;il y a un an et demi : c&apos;est fou comme l&apos;on se rend compte à ce moment-là que repartir quasiment de zéro c&apos;est challenging mais tellement nécessaire, si la motivation est là! Un après burn out à gérer (j&apos;ai décidé de vous parler de ce difficile épisode de ma vie dans un article complet très bientôt), un genou qui m&apos;avait totalement lâché et en lequel je n&apos;avais absolument plus confiance, quelques kilos en trop sur mon body : c&apos;était le moment ou jamais pour moi de réagir et de me faire plaisir! Je me suis écoutée, j&apos;ai repris à mon rythme, j&apos;ai ménagé mon genou et l&apos;ai remusclé progressivement et sûrement. Les cours d&apos;aquagym c&apos;est top pour cela. Le pilates et le yoga aussi. J&apos;ai bénéficié d&apos;une séance avec un coach (offerte dans l&apos;abonnement annuel) qui m&apos;a concocté un programme de reprise. Bon, je peux vous l&apos;avouer je ne l&apos;ai pas encore mis en pratique. Je suis trop une fausse sportive pour pratiquer seule en salle. Et surtout j&apos;ai besoin en ce moment d&apos;une dynamique de groupe pour me motiver. En revanche je promets de l&apos;utiliser en routine lorsque je ne suis pas à Paris, ces exercices constituant la base de l&apos;entretien quotidien pour une jolie silhouette raffermie et dynamique. Aucune raison de m&apos;en priver en Grèce d&apos;où j&apos;écris aujourd&apos;hui donc! Ainsi reboostée et sûre de mon genou qui tient le choc (le corps est bien plus fort que ce que l&apos;on croit, et le mental c&apos;est vachement important aussi!) j&apos;ai décidé de passer l&apos;échelon plus que supérieur il y a trois semaines. J&apos;avais mis de côté un article du magazine Elle - qui vantait la pratique du cycling parfaite pour &apos;une peau lisse et raffermie, des jambes fines, des fesses rebondies et un ventre ultra plat, à raison de deux ou trois séances par semaine&apos;. Cette technique qui &apos;sèche le corps&apos; a &apos;l&apos;avantage de protéger les articulations&apos; - et en lisant cela j&apos;ai eu un déclic et terriblement envie d&apos;essayer. Je me souviens avoir interrogé quelques nanas dans le vestiaire de la salle de sport quelques minutes avant mon premier cours. J&apos;avais tellement peur de ne pas tenir le rythme qui me paraissait trop intense pour moi. Il y a celles qui avaient tenté un cours mais qui n&apos;aimaient pas la discipline. D&apos;autres qui n&apos;avaient pas réussi à suivre ni à se motiver pour en tenter un autre et progresser. Et il y avait les dernières, complètement accro qui ne juraient que par ce putain de vélo d&apos;appartement. Ces dernières que j&apos;espérais rejoindre. Aux premiers coups de pédales je me suis demandée ce que je foutais là . Ambiance un peu warrior, musique tonitruante, un coach qui crie, vraiment pas mon truc. Mais, passées quelques minutes, j&apos;ai compris . Ici c&apos;est chacun pour ses cuisses, son cardio et son popotin. Ici on se fait plaisir et du bien sans juger son voisin. Ici on sait pour quoi on transpire. Ici on oublie les tracas laissés à l&apos;entrée du club et on se vide la tête bien comme il faut. Croyez moi les premières minutes du premier cours de cycling peuvent être rudes (surtout si la montée en charge et en rythme est rapide, en fonction des programmes des coachs) mais le smile sur le visage et les bénéfices complets que l&apos;on en retire sont juste déments et addictifs. OK je ne vous cache pas que l&apos;on en chie et que l&apos;on guette souvent et avec impatience la fin des quarante cinq minutes sur le compteur au début mais je peux vous dire au terme de trois semaines de pratique que cela vaut tellement la peine! Je me suis surprise dès le premier cours à avoir parcouru quinze bornes et dépensé un peu plus de trois cents cinquante calories. Je n&apos;ai jamais essayé de discipline sportive si énergisante et bénéfique à ce jour (en dehors du running). Et vous? Depuis, la nana toute contente qui réserve son cours tôt le matin c&apos;est moi. La nana déçue quand le créneau horaire convoité n&apos;est plus dispo et qu&apos;il faudra attendre le lendemain pour se décrasser l&apos;organisme et défouler à fond ses gambettes c&apos;est moi aussi. La nana qui rabâche les oreilles au sujet du cycling à ses proches c&apos;est moi également. La nana qui espère vous avoir donné l&apos;envie de pratiquer c&apos;est moi...enfin, je l&apos;espère! Beaucoup d&apos;adresses canons dispensent le cycling indoor à Paris . Je ne les ai pas testées étant donné que les cours sont à volonté (dans la limite des places disponibles) pour les membres du Klay, mais j&apos;ai par exemple entendu beaucoup de bien de Dynamo Cycling et de Let&apos;s Ride (si vous les avez testés n&apos;hésitez surtout pas à laisser vos avis ici). Enfin, mes conseils pour bien débuter la discipline et surtout pour avoir envie de continuer dans la pratique? Pas de panique si vous ne suivez pas entièrement le rythme des premiers cours. D&apos;une part vous n&apos;êtes pas là pour épater vos voisins de vélo mais pour vous. Sachez vous écouter et vous verrez, l&apos;envie de progresser et de se surpasser vient dès les premières séances. D&apos;autre part autorisez vous une journée de récupération entre deux cours. La pratique est intense. Profitez en pour la compléter avec du yoga, du pilates, de la natation etc. C&apos;est ce que je me suis imposée et j&apos;y ai de suite trouvé un véritable équilibre. Enfin, choisissez le bon moment pour vous dans la journée pour ce faire. Pour ma part j&apos;ai constaté être plus efficace et pleine d&apos;énergie le midi : vive la patate d&apos;enfer pour la journée et le soir! Ah oui j&apos;oubliais : au Klay le cours de cycling est suivi par tout plein de jolis garçons aussi (que je ne regarde évidemment pas promis chéri). Gn ! xoxo
</post>
<signature>

</signature>
<external_links>

</external_links>
<country>FR</country>
<main_image>http://size.blogspirit.net/lesbonsplansmodeaparis.com/www/400/media/01/02/2378455225.jpg</main_image>
</document>
