<?xml version="1.0" encoding="UTF-8"?>
<document>
<type>mainstream</type>
<forum></forum>
<forum_title></forum_title>
<discussion_title>وفاقی وزیر احسن اقبال کا اجلاس کی صدارت کے دوران اظہار خیال | Associated Press of Pakistan</discussion_title>
<language>urdu</language>
<gmt_offset></gmt_offset>
<topic_url>http://urdu.app.com.pk/urdu/2016/05/%d9%88%d9%81%d8%a7%d9%82%db%8c-%d9%88%d8%b2%db%8c%d8%b1-%d8%a7%d8%ad%d8%b3%d9%86-%d8%a7%d9%82%d8%a8%d8%a7%d9%84-%da%a9%d8%a7-%d8%a7%d8%ac%d9%84%d8%a7%d8%b3-%da%a9%db%8c-%d8%b5%d8%af%d8%a7%d8%b1%d8%aa/</topic_url>
<topic_text>
وفاقی وزیر احسن اقبال کا اجلاس کی صدارت کے دوران اظہار خیال May 12, 2016 tweet 
اسلام آباد ۔ 12 مئی (اے پی پی) وفاقی وزیر منصوبہ بندی، ترقی و اصلاحات احسن اقبال نے تھر کے لئے ماسٹر پلان کی ضرورت پر زور دیتے ہوئے سندھ حکومت اور اینگرو پاور پلانٹ میں سرمایہ کاری کرنے والی کمپنی سے کہا کہ وہ اس ماسٹر پلان کی تیاری کے لئے ضروری اقدامات اٹھائے۔ سرمایہ کاروں کو تھر کے عوام کی زندگیوں کو بہتر بنانے کے لئے اپنی سماجی ذمہ داری نبھانی چاہئے۔ ان خیالات کا اظہار جمعرات کو چین پاکستان اقتصاد ی راہداری کے ترقیاتی منصوبے کے جائزہ اجلاس کی صدارت کرتے ہوئے کیا۔انہوں نے کہا کہ تھر میں سرمایہ کاری فقط منافع کمانے کے لئے نہیں ہونی چاہئے بلکہ علاقے کی سماجی ترقی بھی ملحوظ خاطر رکھی جائے ۔انہوں نے گوادر میں بجلی کے منصوبے کو کوئلے سے ایل این جی اور تیل پر منتقل کرنے کے منصوبے کو جلد از جلد پایہ تکمیل تک پہنچانے کی بھی ہدایات جاری کیں۔ ٹیگز 
</topic_text>
<spam_score>0.00</spam_score>
<post_num>1</post_num>
<post_id>post-1</post_id>
<post_url>http://urdu.app.com.pk/urdu/2016/05/%d9%88%d9%81%d8%a7%d9%82%db%8c-%d9%88%d8%b2%db%8c%d8%b1-%d8%a7%d8%ad%d8%b3%d9%86-%d8%a7%d9%82%d8%a8%d8%a7%d9%84-%da%a9%d8%a7-%d8%a7%d8%ac%d9%84%d8%a7%d8%b3-%da%a9%db%8c-%d8%b5%d8%af%d8%a7%d8%b1%d8%aa/</post_url>
<post_date>20160512</post_date>
<post_time></post_time>
<username>App News</username>
<post>
وفاقی وزیر احسن اقبال کا اجلاس کی صدارت کے دوران اظہار خیال May 12, 2016 tweet 
اسلام آباد ۔ 12 مئی (اے پی پی) وفاقی وزیر منصوبہ بندی، ترقی و اصلاحات احسن اقبال نے تھر کے لئے ماسٹر پلان کی ضرورت پر زور دیتے ہوئے سندھ حکومت اور اینگرو پاور پلانٹ میں سرمایہ کاری کرنے والی کمپنی سے کہا کہ وہ اس ماسٹر پلان کی تیاری کے لئے ضروری اقدامات اٹھائے۔ سرمایہ کاروں کو تھر کے عوام کی زندگیوں کو بہتر بنانے کے لئے اپنی سماجی ذمہ داری نبھانی چاہئے۔ ان خیالات کا اظہار جمعرات کو چین پاکستان اقتصاد ی راہداری کے ترقیاتی منصوبے کے جائزہ اجلاس کی صدارت کرتے ہوئے کیا۔انہوں نے کہا کہ تھر میں سرمایہ کاری فقط منافع کمانے کے لئے نہیں ہونی چاہئے بلکہ علاقے کی سماجی ترقی بھی ملحوظ خاطر رکھی جائے ۔انہوں نے گوادر میں بجلی کے منصوبے کو کوئلے سے ایل این جی اور تیل پر منتقل کرنے کے منصوبے کو جلد از جلد پایہ تکمیل تک پہنچانے کی بھی ہدایات جاری کیں۔ ٹیگز 
</post>
<signature>

</signature>
<external_links>

</external_links>
<country>FR</country>
<main_image>http://urdu.app.com.pk/urdu/wp-content/uploads/2016/04/ahsan-iqbal.jpg</main_image>
</document>
