<?xml version="1.0" encoding="UTF-8"?>
<document>
<type>mainstream</type>
<forum>http://www.rossendalefreepress.co.uk/rss.xml</forum>
<forum_title>rossendale - Home</forum_title>
<discussion_title>Clergyman arrested on suspicion of being involved in the supply of drugs</discussion_title>
<language>english</language>
<gmt_offset></gmt_offset>
<topic_url>http://www.rossendalefreepress.co.uk/news/clergyman-arrested-suspicion-being-involved-11321853</topic_url>
<topic_text>
Clergyman arrested on suspicion of being involved in the supply of drugs 12:28, 12 May 2016 Pastor Frank Andrews says the allegations are malicious and untrue Shares Get weekly news by email Pastor Frank Andrews from Haslingden has been arrested on suspicion of being concerned in the supply of a Class B drug 
A clergyman has denied any wrongdoing after being arrested on suspicion of being involved in the supply of drugs. 
Pastor Frank Andrews said he was ‘not guilty of any offence’. 
The 54-year-old, from Haslingden, was arrested on suspicion of being concerned in the supply of a class B drug last month at a property in Accrington. 
When contacted by the Free Press, Pastor Andrews said: “I am not guilty of the offence. I vehemently deny the allegation. I have not been involved in the supply of a Class B drug at all. The situation is being investigated. I have not been charged with anything. I believe the people who made these allegations have made them maliciously. I would never be involved with anything like that.” 
A police spokesperson said a 54-year-old man from Haslingden was arrested on April 10 on suspicion of being concerned in the supply of a class B drug. He was arrested at a property on Gloucester Avenue.” 
He has been bailed until May 26.
</topic_text>
<spam_score>0.00</spam_score>
<post_num>1</post_num>
<post_id>post-1</post_id>
<post_url>http://www.rossendalefreepress.co.uk/news/clergyman-arrested-suspicion-being-involved-11321853</post_url>
<post_date>20160512</post_date>
<post_time>1128</post_time>
<username>Danielle Roper</username>
<post>
Clergyman arrested on suspicion of being involved in the supply of drugs 12:28, 12 May 2016 Pastor Frank Andrews says the allegations are malicious and untrue Shares Get weekly news by email Pastor Frank Andrews from Haslingden has been arrested on suspicion of being concerned in the supply of a Class B drug 
A clergyman has denied any wrongdoing after being arrested on suspicion of being involved in the supply of drugs. 
Pastor Frank Andrews said he was ‘not guilty of any offence’. 
The 54-year-old, from Haslingden, was arrested on suspicion of being concerned in the supply of a class B drug last month at a property in Accrington. 
When contacted by the Free Press, Pastor Andrews said: “I am not guilty of the offence. I vehemently deny the allegation. I have not been involved in the supply of a Class B drug at all. The situation is being investigated. I have not been charged with anything. I believe the people who made these allegations have made them maliciously. I would never be involved with anything like that.” 
A police spokesperson said a 54-year-old man from Haslingden was arrested on April 10 on suspicion of being concerned in the supply of a class B drug. He was arrested at a property on Gloucester Avenue.” 
He has been bailed until May 26.
</post>
<signature>

</signature>
<external_links>

</external_links>
<country>GB</country>
<main_image>http://i2.rossendalefreepress.co.uk/incoming/article11322727.ece/ALTERNATES/s1200/JS89564232-1.jpg</main_image>
</document>
