<?xml version="1.0" encoding="UTF-8"?>
<document>
<type>mainstream</type>
<forum>http://www.vitalfootball.co.uk/rss.asp?t=45AEA135-598A-48E4-A39A-66FA7F81ABA6</forum>
<forum_title>VitalFootball Feed: Man City</forum_title>
<discussion_title>Did 3pm Help Or Hinder City In 2015/16?</discussion_title>
<language>english</language>
<gmt_offset></gmt_offset>
<topic_url>http://www.manchestercity.vitalfootball.co.uk/article.asp?a=566422</topic_url>
<topic_text>
Did 3pm Help Or Hinder City In 2015/16? What&apos;s being said in the forum now? Click to join the VMC forum! 
With the traditional Saturday 3pm kick offs long being a sticking point for fans following the new television dominated age in the Premier League, with Manchester City now being one game away from the end of the current season - and all games being played on a Sunday - it gives us a chance to see which fans got the preferred 3pm slot, and how often, over the past year.Whether the gripe is drinking time and social elements to attending games with your mates after a long week at work, or easier travel for family and young children given school commitments in midweek, or even very sensibly, travel arrangements for the away day trippers and the miles they have to cover - almost everyone has a particular favourite.Some even wonder how kick off times can impact on recovery and a sides performance.With Leicester City lifting the Premier League crown and having pundits marvel at how they have done that without keeping the ball, having possession you could normally count on one hand, whilst playing a largely 442 formation - well it seems anybody clinging to hope that their side does better at 3pm on a Saturday could be in for a shock.Saying that I&apos;m certainly not going to do the number crunching on winning runs and whether they tally with these Saturday games, or losing streaks and whether they tally either.So let&apos;s just keep it simple (like me) as there are plenty more intelligent ways to prove or disprove Saturday 3pm&apos;s and their effect on results.The top five in this year&apos;s Premier League table - as it stands - are Leicester, Tottenham, Arsenal, Manchester City and Manchester United. The bottom five being Bournemouth (tied on points with WBA and Crystal Palace above them), Sunderland and now relegated Newcastle, Norwich and Aston Villa.As the table shows though - with a hattip to The Mirror - Bournemouth and Stoke received the most 3pm kick offs, and Liverpool received the least, with Arsenal and Tottenham only two games ahead. 3pm Saturday Kick Offs In 2015/16 Bournemouth
</topic_text>
<spam_score>0.00</spam_score>
<post_num>1</post_num>
<post_id>post-1</post_id>
<post_url>http://www.manchestercity.vitalfootball.co.uk/article.asp?a=566422</post_url>
<post_date>20160512</post_date>
<post_time>0110</post_time>
<username></username>
<post>
Did 3pm Help Or Hinder City In 2015/16? What&apos;s being said in the forum now? Click to join the VMC forum! 
With the traditional Saturday 3pm kick offs long being a sticking point for fans following the new television dominated age in the Premier League, with Manchester City now being one game away from the end of the current season - and all games being played on a Sunday - it gives us a chance to see which fans got the preferred 3pm slot, and how often, over the past year.Whether the gripe is drinking time and social elements to attending games with your mates after a long week at work, or easier travel for family and young children given school commitments in midweek, or even very sensibly, travel arrangements for the away day trippers and the miles they have to cover - almost everyone has a particular favourite.Some even wonder how kick off times can impact on recovery and a sides performance.With Leicester City lifting the Premier League crown and having pundits marvel at how they have done that without keeping the ball, having possession you could normally count on one hand, whilst playing a largely 442 formation - well it seems anybody clinging to hope that their side does better at 3pm on a Saturday could be in for a shock.Saying that I&apos;m certainly not going to do the number crunching on winning runs and whether they tally with these Saturday games, or losing streaks and whether they tally either.So let&apos;s just keep it simple (like me) as there are plenty more intelligent ways to prove or disprove Saturday 3pm&apos;s and their effect on results.The top five in this year&apos;s Premier League table - as it stands - are Leicester, Tottenham, Arsenal, Manchester City and Manchester United. The bottom five being Bournemouth (tied on points with WBA and Crystal Palace above them), Sunderland and now relegated Newcastle, Norwich and Aston Villa.As the table shows though - with a hattip to The Mirror - Bournemouth and Stoke received the most 3pm kick offs, and Liverpool received the least, with Arsenal and Tottenham only two games ahead. 3pm Saturday Kick Offs In 2015/16 Bournemouth
</post>
<signature>

</signature>
<external_links>

</external_links>
<country>GB</country>
<main_image>http://www.manchestercity.vitalfootball.co.uk/resource/football/globalmedia/facebook/default.jpg</main_image>
</document>
