<?xml version="1.0" encoding="UTF-8"?>
<document>
<type>mainstream</type>
<forum>http://www.wlox.com/Global/category.asp?C=13533&amp;nav=DYFw&amp;clienttype=rss</forum>
<forum_title>WLOX - International - Headline</forum_title>
<discussion_title>In major step, pope says he&apos;s willing to study women deacons</discussion_title>
<language>english</language>
<gmt_offset></gmt_offset>
<topic_url>http://www.wlox.com/story/31956634/in-major-step-pope-says-hes-willing-to-study-women-deacons</topic_url>
<topic_text>
In major step, pope says he&apos;s willing to study women deacons 2016-05-12T13:42:44Z By NICOLE WINFIELDAssociated Press 
VATICAN CITY (AP) - Pope Francis said Thursday he is willing to create a commission to study whether women can be deacons in the Catholic Church, signaling openness to letting women serve in ordained ministry currently reserved to men. 
Francis agreed to a proposal to create an official study commission during a closed-door meeting with some 900 superiors of women&apos;s religious orders. 
Deacons are ordained ministers but are not priests, though they can perform many of the same functions as priests: preside at weddings, baptisms and funerals, and preach. They cannot, however, celebrate Mass. 
Currently, married men - who are also mostly excluded from the Roman Catholic priesthood - can serve as deacons. Women cannot, however, though historians say women served as deacons in the early Church. 
The pope in no way signaled during a 75-minute conversation with the sisters that the church&apos;s longstanding prohibition on ordaining women priests will change. But asked during a question-and-answer session if he would be willing to create a commission to study whether women could serve as deacons, Francis said he was open to the idea, according to the National Catholic Reporter and Catholic News Service, which had reporters in the audience hall. 
The publications quoted Francis as saying: &quot;I accept. It would be useful for the church to clarify this question. I agree.&quot; 
Vatican Radio also reported on the pope&apos;s comments. 
Francis noted that the deaconesses of the early church weren&apos;t ordained as they are today. But he said he would ask the Congregation for the Doctrine of the Faith to report back on studies that have been done on the issue, Catholic News Service said. 
Francis also said he would ask another Vatican office that is in charge of the liturgy to report back on why women aren&apos;t allowed to give a homily at Mass. 
The Women&apos;s Ordination Conference, which advocates for women priests, praised Francis&apos; willingness to create a study commission as a &quot;great step for the Vatican in recognizing its own history.&quot; 
&quot;Biblical evidence names several women deacons, working alongside men in the early Church including: Phoebe, St. Olympias, Dionysia, St. Radegund and St. Macrina,&quot; the group said in a statement. 
The Rev. James Martin, a Jesuit author, said the move would benefit the whole church. 
&quot;The female diaconate is not only an idea whose time has come, but a reality recovered from history,&quot; he said in an email. 
&quot;Women preaching during Mass would mean that Catholics would finally be able to hear reflections on Scripture from women speaking from the pulpit, and thus the church would be immeasurably enriched. This is news of immense joy for the church.&quot; 
___ 
Follow Nicole Winfield at www.twitter.com Copyright 2016 The Associated Press. All rights reserved. This material may not be published, broadcast, rewritten or redistributed.
</topic_text>
<spam_score>0.00</spam_score>
<post_num>1</post_num>
<post_id>post-1</post_id>
<post_url>http://www.wlox.com/story/31956634/in-major-step-pope-says-hes-willing-to-study-women-deacons</post_url>
<post_date>20160512</post_date>
<post_time>1514</post_time>
<username></username>
<post>
In major step, pope says he&apos;s willing to study women deacons 2016-05-12T13:42:44Z By NICOLE WINFIELDAssociated Press 
VATICAN CITY (AP) - Pope Francis said Thursday he is willing to create a commission to study whether women can be deacons in the Catholic Church, signaling openness to letting women serve in ordained ministry currently reserved to men. 
Francis agreed to a proposal to create an official study commission during a closed-door meeting with some 900 superiors of women&apos;s religious orders. 
Deacons are ordained ministers but are not priests, though they can perform many of the same functions as priests: preside at weddings, baptisms and funerals, and preach. They cannot, however, celebrate Mass. 
Currently, married men - who are also mostly excluded from the Roman Catholic priesthood - can serve as deacons. Women cannot, however, though historians say women served as deacons in the early Church. 
The pope in no way signaled during a 75-minute conversation with the sisters that the church&apos;s longstanding prohibition on ordaining women priests will change. But asked during a question-and-answer session if he would be willing to create a commission to study whether women could serve as deacons, Francis said he was open to the idea, according to the National Catholic Reporter and Catholic News Service, which had reporters in the audience hall. 
The publications quoted Francis as saying: &quot;I accept. It would be useful for the church to clarify this question. I agree.&quot; 
Vatican Radio also reported on the pope&apos;s comments. 
Francis noted that the deaconesses of the early church weren&apos;t ordained as they are today. But he said he would ask the Congregation for the Doctrine of the Faith to report back on studies that have been done on the issue, Catholic News Service said. 
Francis also said he would ask another Vatican office that is in charge of the liturgy to report back on why women aren&apos;t allowed to give a homily at Mass. 
The Women&apos;s Ordination Conference, which advocates for women priests, praised Francis&apos; willingness to create a study commission as a &quot;great step for the Vatican in recognizing its own history.&quot; 
&quot;Biblical evidence names several women deacons, working alongside men in the early Church including: Phoebe, St. Olympias, Dionysia, St. Radegund and St. Macrina,&quot; the group said in a statement. 
The Rev. James Martin, a Jesuit author, said the move would benefit the whole church. 
&quot;The female diaconate is not only an idea whose time has come, but a reality recovered from history,&quot; he said in an email. 
&quot;Women preaching during Mass would mean that Catholics would finally be able to hear reflections on Scripture from women speaking from the pulpit, and thus the church would be immeasurably enriched. This is news of immense joy for the church.&quot; 
___ 
Follow Nicole Winfield at www.twitter.com Copyright 2016 The Associated Press. All rights reserved. This material may not be published, broadcast, rewritten or redistributed.
</post>
<signature>

</signature>
<external_links>

</external_links>
<country>US</country>
<main_image></main_image>
</document>
