<?xml version="1.0" encoding="UTF-8"?>
<document>
<type>mainstream</type>
<forum>http://www.krcrtv.com/14774610?format=rss_2.0&amp;view=feed</forum>
<forum_title>Feed:National News</forum_title>
<discussion_title>Order to close Brussels metro sent to wrong address</discussion_title>
<language>english</language>
<gmt_offset></gmt_offset>
<topic_url>http://www.krcrtv.com/news/order-to-close-brussels-metro-sent-to-wrong-address/39512576</topic_url>
<topic_text>
Order to close Brussels metro sent to wrong address Deadly March terror attacks killed 32 By Erin McLaughlin, Margot Haddad and Tim Hume CNN POSTED: 7:11 AM May 12 2016 UPDATED 23 mins Text Size: Dirk Alaerts/Twitter BRUSSELS (CNN) - 
An order to close the Brussels metro ahead of the deadly March terror attacks on the network failed to reach relevant authorities, in part because an email from Belgian federal police was sent to the wrong address, a parliamentary commission heard Thursday. Related Order to close Brussels metro sent to... 
The commission, established to investigate the March 22 bombings and whether they could have been prevented, heard that the senior police official in charge of Brussels&apos; metro networks first learned more than an hour before the deadly bombing at Maelbeek metro station that the explosions at the city&apos;s airport were a terror attack. 
At 8:03 a.m. local time -- five minutes after the twin blasts at Brussels&apos; Zavantem airport that killed 12 -- Jo Decuyper, chief of railway police for the Brussels region, was informed by military sources at the airport that the blasts were suicide bombings, the commission heard. 
A third attacker struck the Maelbeek metro station in central Brussels at 9:11 a.m., killing 20. 
ISIS claimed responsibility for the attacks. 
Order to close sent at 8.50 a.m. 
The commission heard that a federal alert was issued by Belgium&apos;s Federal Crisis Center at 8:50 a.m., including an order to close the metro and the main railway stations in Brussels. 
Seventeen minutes later, at 9:07 a.m., federal police sent Decuyper an email ordering the closure of the Brussels metro network until noon, the commission heard. 
But, Decuyper told the commission, it was sent to his personal email address, and he did not see the message until after the attacks. 
&quot;At least 30 minutes&quot; were needed to evacuate the metro network, he told the commission. 
It was only after the explosion at 9:11 a.m. that the station was closed and the network evacuated. 
Maelbeek station reopened on April 25. 
Paris, Brussels attacks linked, say investigators 
Investigators say the same ISIS network was behind the Paris terror attacks that killed 130 people in November, and the Brussels suicide bombings. 
The Belgian prosecutor said last month that the network initially planned to strike again in France but changed its target when French investigators appeared to be closing in on those responsible for the Paris attacks. 
The Brussels bombings took place four days after the arrest in the city of Salah Abdeslam, a key suspect in the Paris attacks. 
The Belgian-born French citizen is currently facing charges in a Paris court of participation in terrorist murder, and taking part in the activities of a terrorist organization. 
Swedish citizen Ossama Krayem has been charged in connection with both the Brussels and Paris attacks, with a Belgian prosecutor calling him &quot;omnipresent&quot; during the planning of both plots. 
Mohamed Abrini, a Belgian-Moroccan who was arrested in Brussels last month, has also been linked to both attacks. 
Copyright 2016 by CNN NewSource . All rights reserved. This material may not be published, broadcast, rewritten or redistributed.
</topic_text>
<spam_score>0.00</spam_score>
<post_num>1</post_num>
<post_id>post-1</post_id>
<post_url>http://www.krcrtv.com/news/order-to-close-brussels-metro-sent-to-wrong-address/39512576</post_url>
<post_date>20160512</post_date>
<post_time>1613</post_time>
<username></username>
<post>
Order to close Brussels metro sent to wrong address Deadly March terror attacks killed 32 By Erin McLaughlin, Margot Haddad and Tim Hume CNN POSTED: 7:11 AM May 12 2016 UPDATED 23 mins Text Size: Dirk Alaerts/Twitter BRUSSELS (CNN) - 
An order to close the Brussels metro ahead of the deadly March terror attacks on the network failed to reach relevant authorities, in part because an email from Belgian federal police was sent to the wrong address, a parliamentary commission heard Thursday. Related Order to close Brussels metro sent to... 
The commission, established to investigate the March 22 bombings and whether they could have been prevented, heard that the senior police official in charge of Brussels&apos; metro networks first learned more than an hour before the deadly bombing at Maelbeek metro station that the explosions at the city&apos;s airport were a terror attack. 
At 8:03 a.m. local time -- five minutes after the twin blasts at Brussels&apos; Zavantem airport that killed 12 -- Jo Decuyper, chief of railway police for the Brussels region, was informed by military sources at the airport that the blasts were suicide bombings, the commission heard. 
A third attacker struck the Maelbeek metro station in central Brussels at 9:11 a.m., killing 20. 
ISIS claimed responsibility for the attacks. 
Order to close sent at 8.50 a.m. 
The commission heard that a federal alert was issued by Belgium&apos;s Federal Crisis Center at 8:50 a.m., including an order to close the metro and the main railway stations in Brussels. 
Seventeen minutes later, at 9:07 a.m., federal police sent Decuyper an email ordering the closure of the Brussels metro network until noon, the commission heard. 
But, Decuyper told the commission, it was sent to his personal email address, and he did not see the message until after the attacks. 
&quot;At least 30 minutes&quot; were needed to evacuate the metro network, he told the commission. 
It was only after the explosion at 9:11 a.m. that the station was closed and the network evacuated. 
Maelbeek station reopened on April 25. 
Paris, Brussels attacks linked, say investigators 
Investigators say the same ISIS network was behind the Paris terror attacks that killed 130 people in November, and the Brussels suicide bombings. 
The Belgian prosecutor said last month that the network initially planned to strike again in France but changed its target when French investigators appeared to be closing in on those responsible for the Paris attacks. 
The Brussels bombings took place four days after the arrest in the city of Salah Abdeslam, a key suspect in the Paris attacks. 
The Belgian-born French citizen is currently facing charges in a Paris court of participation in terrorist murder, and taking part in the activities of a terrorist organization. 
Swedish citizen Ossama Krayem has been charged in connection with both the Brussels and Paris attacks, with a Belgian prosecutor calling him &quot;omnipresent&quot; during the planning of both plots. 
Mohamed Abrini, a Belgian-Moroccan who was arrested in Brussels last month, has also been linked to both attacks. 
Copyright 2016 by CNN NewSource . All rights reserved. This material may not be published, broadcast, rewritten or redistributed.
</post>
<signature>

</signature>
<external_links>

</external_links>
<country>US</country>
<main_image>http://www.krcrtv.com/image/view/-/39513516/highRes/2/-/maxh/640/maxw/640/-/li5x6jz/-/Belgium-terror-attacks---Metro-station.jpg</main_image>
</document>
