<?xml version="1.0" encoding="UTF-8"?>
<document>
<type>mainstream</type>
<forum>http://corectnews.com//feed</forum>
<forum_title>CorectNews</forum_title>
<discussion_title>Fostul judecător Stan Mustață, condamnat definitiv la 8 ani și jumătate de închisoare</discussion_title>
<language>romanian</language>
<gmt_offset></gmt_offset>
<topic_url>http://www.corectnews.com/social/fostul-judec-tor-stan-musta-condamnat-definitiv-la-8-ani-i-jum-tate-de-nchisoare</topic_url>
<topic_text>
Fostul judecător Stan Mustață, condamnat definitiv la 8 ani și jumătate de închisoare Scris de newsreporter in 12 Mai 2016 la 10:30 , in Social . 70 vizualizari Tipareste 
Fostul judecător Stan Mustață a fost condamnat definitiv miercuri de Înalta Curte de Casație și Justiție la 8 ani și 6 luni închisoare, el fiind acuzat că a cerut bani, în mai multe rânduri, de la persoane condamnate sau inculpate pentru a da soluții favorabile acestora, informeaza Agerpres. Sursa imagine: psnews.ro 
Instanța supremă a admis în parte apelul declarat de Stan Mustață și i-a scăzut condamnarea de la 10 ani și opt luni, cât primise la Curtea de Apel București în aprilie 2015, la 8 ani și șase luni închisoare, plus interzicerea pe o perioadă de 5 ani, după executarea pedepsei, a dreptului de a fi ales în autoritățile publice sau în orice alte funcții publice, de a ocupa o funcție care implică exercițiul autorității de stat și de a exercita o profesie juridică. 
Astfel, Stan Mustață a primit 5 ani pentru constituirea unui grup infracțional organizat; 2 ani pentru folosire, în orice mod, direct sau indirect, de informații care nu sunt destinate publicității și permiterea accesului unor persoane neautorizate la aceste informații; 5 ani pentru luare de mită în formă continuată; 3 ani și 6 luni pentru trafic de influență. La pedepsa cea mai grea de 5 ani se adaugă un spor de 3 ani și 6 luni închisoare, reprezentând o treime din totalul celorlalte pedepse, iar în final Stan Mustață va executa 8 ani și 6 luni închisoare. 
În același dosar, au fost condamnate definitiv și persoanele care au intermediat mita pentru fostul judecător: grefiera Mariana Curea — 4 ani și 3 luni; Ion Boraciu — 6 ani și 6 luni, Alexandru Florian — 5 ani și 4 luni, Ciprian Moraru — 1 an și 4 luni închisoare, toate pedepsele fiind cu executare. 
Stan Mustață a fost trimis în judecată de DNA pentru săvârșirea mai multor infracțiuni: constituire a unui grup infracțional organizat; folosire, în orice mod, direct sau indirect, de informații care nu sunt destinate publicității și permiterea accesului unor persoane neautorizate la aceste informații; șase infracțiuni de luare de mită și o infracțiune de trafic de influență. 
&quot;În cauză, există date și probe din care rezultă indicii rezonabile potrivit cărora, în cursul anului 2013, Mustață Stan, Boraciu Ion și Alexandru Florian au constituit un grup infracțional organizat, gruparea fiind sprijinită de Curea Mariana, în scopul săvârșirii unor infracțiuni de corupție judiciară, urmărind obținerea de beneficii materiale. În acest context, în perioada octombrie 2013 — aprilie 2014, membrii grupului au accesat informații cu caracter confidențial din dosarele penale aflate pe rolul Curții de Apel București, în vederea identificării și contactării mituitorilor și cumpărătorilor de influență, în scopul pretinderii de la aceștia a unor foloase materiale, în schimbul obținerii unor hotărâri judecătorești favorabile&quot;, susține DNA. 
Astfel, la data de 7 aprilie 2014, prin intermediul lui Ion Boraciu, magistratul a pretins bani în vederea pronunțării unei soluții favorabile unei persoane condamnate, în sensul admiterii contestației în anulare împotriva deciziei penale nr. 222/A/2014, pronunțată la 4 martie 2014 de Curtea de Apel București. Decizia penală nr. 222/A/2014 a fost dată în dosarul &quot;Transferurilor în fotbal&quot; iar persoana condamnată era Mihai Stoica. 
De asemenea, judecătorul Stan Mustață a cerut bani și în alte dosare. Intra in discutie: Pentru a putea intra in discutie trebuie sa fii autentificat ca utilizator CorectNews. Daca nu ai cont, da click aici . Daca ai deja cont, da click aici .
</topic_text>
<spam_score>0.00</spam_score>
<post_num>1</post_num>
<post_id>post-1</post_id>
<post_url>http://www.corectnews.com/social/fostul-judec-tor-stan-musta-condamnat-definitiv-la-8-ani-i-jum-tate-de-nchisoare</post_url>
<post_date>20160512</post_date>
<post_time>0730</post_time>
<username>newsreporter</username>
<post>
Fostul judecător Stan Mustață, condamnat definitiv la 8 ani și jumătate de închisoare Scris de newsreporter in 12 Mai 2016 la 10:30 , in Social . 70 vizualizari Tipareste 
Fostul judecător Stan Mustață a fost condamnat definitiv miercuri de Înalta Curte de Casație și Justiție la 8 ani și 6 luni închisoare, el fiind acuzat că a cerut bani, în mai multe rânduri, de la persoane condamnate sau inculpate pentru a da soluții favorabile acestora, informeaza Agerpres. Sursa imagine: psnews.ro 
Instanța supremă a admis în parte apelul declarat de Stan Mustață și i-a scăzut condamnarea de la 10 ani și opt luni, cât primise la Curtea de Apel București în aprilie 2015, la 8 ani și șase luni închisoare, plus interzicerea pe o perioadă de 5 ani, după executarea pedepsei, a dreptului de a fi ales în autoritățile publice sau în orice alte funcții publice, de a ocupa o funcție care implică exercițiul autorității de stat și de a exercita o profesie juridică. 
Astfel, Stan Mustață a primit 5 ani pentru constituirea unui grup infracțional organizat; 2 ani pentru folosire, în orice mod, direct sau indirect, de informații care nu sunt destinate publicității și permiterea accesului unor persoane neautorizate la aceste informații; 5 ani pentru luare de mită în formă continuată; 3 ani și 6 luni pentru trafic de influență. La pedepsa cea mai grea de 5 ani se adaugă un spor de 3 ani și 6 luni închisoare, reprezentând o treime din totalul celorlalte pedepse, iar în final Stan Mustață va executa 8 ani și 6 luni închisoare. 
În același dosar, au fost condamnate definitiv și persoanele care au intermediat mita pentru fostul judecător: grefiera Mariana Curea — 4 ani și 3 luni; Ion Boraciu — 6 ani și 6 luni, Alexandru Florian — 5 ani și 4 luni, Ciprian Moraru — 1 an și 4 luni închisoare, toate pedepsele fiind cu executare. 
Stan Mustață a fost trimis în judecată de DNA pentru săvârșirea mai multor infracțiuni: constituire a unui grup infracțional organizat; folosire, în orice mod, direct sau indirect, de informații care nu sunt destinate publicității și permiterea accesului unor persoane neautorizate la aceste informații; șase infracțiuni de luare de mită și o infracțiune de trafic de influență. 
&quot;În cauză, există date și probe din care rezultă indicii rezonabile potrivit cărora, în cursul anului 2013, Mustață Stan, Boraciu Ion și Alexandru Florian au constituit un grup infracțional organizat, gruparea fiind sprijinită de Curea Mariana, în scopul săvârșirii unor infracțiuni de corupție judiciară, urmărind obținerea de beneficii materiale. În acest context, în perioada octombrie 2013 — aprilie 2014, membrii grupului au accesat informații cu caracter confidențial din dosarele penale aflate pe rolul Curții de Apel București, în vederea identificării și contactării mituitorilor și cumpărătorilor de influență, în scopul pretinderii de la aceștia a unor foloase materiale, în schimbul obținerii unor hotărâri judecătorești favorabile&quot;, susține DNA. 
Astfel, la data de 7 aprilie 2014, prin intermediul lui Ion Boraciu, magistratul a pretins bani în vederea pronunțării unei soluții favorabile unei persoane condamnate, în sensul admiterii contestației în anulare împotriva deciziei penale nr. 222/A/2014, pronunțată la 4 martie 2014 de Curtea de Apel București. Decizia penală nr. 222/A/2014 a fost dată în dosarul &quot;Transferurilor în fotbal&quot; iar persoana condamnată era Mihai Stoica. 
De asemenea, judecătorul Stan Mustață a cerut bani și în alte dosare. Intra in discutie: Pentru a putea intra in discutie trebuie sa fii autentificat ca utilizator CorectNews. Daca nu ai cont, da click aici . Daca ai deja cont, da click aici .
</post>
<signature>

</signature>
<external_links>

</external_links>
<country>RO</country>
<main_image>http://f1.corect.com/sites/www.corectnews.com/files/server-2/news/2016/05/pspsnews.ro_.120x90x0resized.jpg</main_image>
</document>
