<?xml version="1.0" encoding="UTF-8"?>
<document>
<type>mainstream</type>
<forum>http://dc.watch.impress.co.jp/cda/rss/digicame.rdf</forum>
<forum_title>デジカメ Watch</forum_title>
<discussion_title>キヤノン、スピードライト最上位モデル「600EX II-RT」 耐熱性アップで発光回数が増加 純正外部バッテリーも</discussion_title>
<language>japanese</language>
<gmt_offset></gmt_offset>
<topic_url>http://dc.watch.impress.co.jp/docs/news/20160511_755481.html?ref=rss</topic_url>
<topic_text>
ニコン、Capture NX-DとViewNX-iの最新版を公開 マップカメラのデジカメ売上ランキング、4月分が発表
</topic_text>
<spam_score>0.00</spam_score>
<post_num>1</post_num>
<post_id>post-1</post_id>
<post_url>http://dc.watch.impress.co.jp/docs/news/20160511_755481.html?ref=rss</post_url>
<post_date>20160511</post_date>
<post_time>0419</post_time>
<username></username>
<post>
ニコン、Capture NX-DとViewNX-iの最新版を公開 マップカメラのデジカメ売上ランキング、4月分が発表
</post>
<signature>

</signature>
<external_links>

</external_links>
<country>JP</country>
<main_image>http://dc.watch.impress.co.jp/img/dcw/list/755/481/important_image.jpg</main_image>
</document>
