<?xml version="1.0" encoding="UTF-8"?>
<document>
<type>mainstream</type>
<forum>http://www.taftmidwaydriller.com/entertainment/tv-guide?template=rss&amp;mime=xml</forum>
<forum_title>TV Guide - Taft Midway Driller - Taft, CA</forum_title>
<discussion_title>Exclusive The Catch Sneak Peek: Can Ben Help Guest Star Nia Vardalos Escape from Custody?</discussion_title>
<language>english</language>
<gmt_offset></gmt_offset>
<topic_url>http://www.taftmidwaydriller.com/entertainment/20160511/exclusive-catch-sneak-peek-can-ben-help-guest-star-nia-vardalos-escape-from-custody?rssfeed=true</topic_url>
<topic_text>
Exclusive The Catch Sneak Peek: Can Ben Help Guest Star Nia Vardalos Escape from Custody?   11, 2016 at 11:09 AM Updated May 11, 2016 at 1:37 PM By TV Guide Posted May 11, 2016 at 11:09 AM Updated May 11, 2016 at 1:37 PM On Thursday&apos;s episode of The Catch , Ben ( Peter Krause ) gets assigned what might be his most dangerous con yet, when Rhys ( John Simm ) asks him to steal a package he&apos;s having special-delivered to a hotel. The, uh, catch? The &quot;package&quot; is a person, Leah Wells, played by guest star Nia Vardalos ( My Big Fat Greek Wedding ). &quot;So, maybe it&apos;s different in England, but that was a person, not a package,&quot; Reggie ( Alimi Ballard ) helpfully points out in an exclusive sneak peek. As previously reported, this won&apos;t be the last we see of Leah, since Vardalos&apos; role is recurring . Check out a clip from &quot;The Package&quot; in the video above to see how Ben&apos;s going to handle this one. The Catch airs Thursdays at 10/9c on ABC. Other Links From TVGuide.com
</topic_text>
<spam_score>0.00</spam_score>
<post_num>1</post_num>
<post_id>post-1</post_id>
<post_url>http://www.taftmidwaydriller.com/entertainment/20160511/exclusive-catch-sneak-peek-can-ben-help-guest-star-nia-vardalos-escape-from-custody?rssfeed=true</post_url>
<post_date>20160511</post_date>
<post_time>1837</post_time>
<username>TV Guide</username>
<post>
Exclusive The Catch Sneak Peek: Can Ben Help Guest Star Nia Vardalos Escape from Custody?   11, 2016 at 11:09 AM Updated May 11, 2016 at 1:37 PM By TV Guide Posted May 11, 2016 at 11:09 AM Updated May 11, 2016 at 1:37 PM On Thursday&apos;s episode of The Catch , Ben ( Peter Krause ) gets assigned what might be his most dangerous con yet, when Rhys ( John Simm ) asks him to steal a package he&apos;s having special-delivered to a hotel. The, uh, catch? The &quot;package&quot; is a person, Leah Wells, played by guest star Nia Vardalos ( My Big Fat Greek Wedding ). &quot;So, maybe it&apos;s different in England, but that was a person, not a package,&quot; Reggie ( Alimi Ballard ) helpfully points out in an exclusive sneak peek. As previously reported, this won&apos;t be the last we see of Leah, since Vardalos&apos; role is recurring . Check out a clip from &quot;The Package&quot; in the video above to see how Ben&apos;s going to handle this one. The Catch airs Thursdays at 10/9c on ABC. Other Links From TVGuide.com
</post>
<signature>

</signature>
<external_links>

</external_links>
<country>US</country>
<main_image>http://www.taftmidwaydriller.com/storyimage/ZZ/20160511/ENTERTAINMENT/305119919/AR/0/AR-305119919.jpg</main_image>
</document>
