<?xml version="1.0" encoding="UTF-8"?>
<document>
<type>mainstream</type>
<forum>http://www.leparisien.fr/val-d-oise-95</forum>
<forum_title>Actualités Val-d&apos;Oise (95) et infos Val-d&apos;Oise en direct</forum_title>
<discussion_title>Le Secours catholique du Val-d’Oise fête ses 70 ans en marchant</discussion_title>
<language>french</language>
<gmt_offset></gmt_offset>
<topic_url>http://www.leparisien.fr/val-d-oise-95/le-secours-catholique-du-val-d-oise-fete-ses-70-ans-en-marchant-12-05-2016-5789393.php</topic_url>
<topic_text>
Soixante-dix ans que le Secours catholique existe. Et pour fêter cela, la délégation val-d’oisienne de l’association caritative a décidé d’organiser des marches. Celles-ci auront lieu du lundi 23 au vendredi 27 mai, à travers le Val-d’Oise, à raison d’une par jour.
Aucune condition physique n’est nécessaire. « On peut faire toute la journée, en faire une partie, venir à un rassemblement ou partager un pique-nique », rassure Florence Dauthuille, secrétaire du Secours catholique du Val-d’Oise. « Chacun participe à sa mesure et c’est chouette ! »
Pour chacune des cinq marches, qui seront organisées dans les cinq territoires que comprend la délégation départementale, un thème a été choisi. S’il y a les attendus « vivre-ensemble » et « découverte de nos richesses », d’autres sont plus concrets et plus cruciaux comme « l’accès au logement social ou à l’emploi ». « On espère interpeller l’opinion, décrypte Florence Dauthuille. Il s’agit de mieux faire connaître notre association et ce qui peut être imaginé pour demain. Il ne s’agit pas de revendications, mais de propositions pour construire une société différente. »
Avec ses 700 bénévoles et 8 salariés, le Secours catholique du Val-d’Oise accompagne 7 500 personnes. « Ça n’a pas tendance à baisser », observe Jean-Luc Mouly, le président de la délégation départementale.
Programme des marches sur le site valdoise.secours-catholique.org. Jérôme : «Mon engagement, c’est d’aider les personnes»
(LP/S.R.) Jérôme Parmentier, 23 ans, voulait « faire une pause » dans ses études de droit, l’été dernier. Cet habitant de Jouy-le-Moutier avait besoin de faire « des choses concrètes ». « Les migrants sont arrivés à Cergy, j’étais à dix minutes à vélo. J’y suis allé. » Le Secours catholique était présent au centre d’hébergement de ces réfugiés. « Je me suis engagé. Le matin je faisais de l’initiation au français, l’après-midi de l’animation pour les enfants. »
Cet engagement lui plaît. « Au bout d’un mois, j’ai demandé au Secours catholique s’il cherchait quelqu’un en service civique. » Et c’est ainsi que depuis novembre, et jusqu’à la mi-juillet, il est engagé auprès du Secours catholique. « Je suis moi-même de confession catholique, conclut-il. Mais mon engagement, c’est d’aider les personnes. »
S.R.
Soixante-dix ans que le Secours catholique existe. Et pour fêter cela, la délégation val-d’oisienne de l’association caritative a décidé d’organiser des marches. Celles-ci auront lieu du...
Le Parisien
</topic_text>
<spam_score>0.00</spam_score>
<post_num>1</post_num>
<post_id>post-1</post_id>
<post_url>http://www.leparisien.fr/val-d-oise-95/le-secours-catholique-du-val-d-oise-fete-ses-70-ans-en-marchant-12-05-2016-5789393.php</post_url>
<post_date>20160512</post_date>
<post_time>1432</post_time>
<username>leparisien.fr</username>
<post>
Soixante-dix ans que le Secours catholique existe. Et pour fêter cela, la délégation val-d’oisienne de l’association caritative a décidé d’organiser des marches. Celles-ci auront lieu du lundi 23 au vendredi 27 mai, à travers le Val-d’Oise, à raison d’une par jour.
Aucune condition physique n’est nécessaire. « On peut faire toute la journée, en faire une partie, venir à un rassemblement ou partager un pique-nique », rassure Florence Dauthuille, secrétaire du Secours catholique du Val-d’Oise. « Chacun participe à sa mesure et c’est chouette ! »
Pour chacune des cinq marches, qui seront organisées dans les cinq territoires que comprend la délégation départementale, un thème a été choisi. S’il y a les attendus « vivre-ensemble » et « découverte de nos richesses », d’autres sont plus concrets et plus cruciaux comme « l’accès au logement social ou à l’emploi ». « On espère interpeller l’opinion, décrypte Florence Dauthuille. Il s’agit de mieux faire connaître notre association et ce qui peut être imaginé pour demain. Il ne s’agit pas de revendications, mais de propositions pour construire une société différente. »
Avec ses 700 bénévoles et 8 salariés, le Secours catholique du Val-d’Oise accompagne 7 500 personnes. « Ça n’a pas tendance à baisser », observe Jean-Luc Mouly, le président de la délégation départementale.
Programme des marches sur le site valdoise.secours-catholique.org. Jérôme : «Mon engagement, c’est d’aider les personnes»
(LP/S.R.) Jérôme Parmentier, 23 ans, voulait « faire une pause » dans ses études de droit, l’été dernier. Cet habitant de Jouy-le-Moutier avait besoin de faire « des choses concrètes ». « Les migrants sont arrivés à Cergy, j’étais à dix minutes à vélo. J’y suis allé. » Le Secours catholique était présent au centre d’hébergement de ces réfugiés. « Je me suis engagé. Le matin je faisais de l’initiation au français, l’après-midi de l’animation pour les enfants. »
Cet engagement lui plaît. « Au bout d’un mois, j’ai demandé au Secours catholique s’il cherchait quelqu’un en service civique. » Et c’est ainsi que depuis novembre, et jusqu’à la mi-juillet, il est engagé auprès du Secours catholique. « Je suis moi-même de confession catholique, conclut-il. Mais mon engagement, c’est d’aider les personnes. »
S.R.
Soixante-dix ans que le Secours catholique existe. Et pour fêter cela, la délégation val-d’oisienne de l’association caritative a décidé d’organiser des marches. Celles-ci auront lieu du...
Le Parisien
</post>
<signature>

</signature>
<external_links>
<external_link>http://valdoise.secours-catholique.org/Marches-fraternelles-des-70-ans</external_link>
</external_links>
<country>FR</country>
<main_image>http://s1.lprs1.fr/images/2016/05/12/5789393_c5660a8c-1829-11e6-9ecd-9b90c69656d8-1.jpg</main_image>
</document>
