<?xml version="1.0" encoding="UTF-8"?>
<document>
<type>mainstream</type>
<forum>http://www.politico.com/tipsheets/morning-money</forum>
<forum_title>Morning Money - POLITICO</forum_title>
<discussion_title>Trump clarifies position on releasing tax returns</discussion_title>
<language>english</language>
<gmt_offset></gmt_offset>
<topic_url>http://www.politico.com/story/2016/05/donald-trump-tax-returns-223101</topic_url>
<topic_text>
Donald Trump may release his tax returns after all, the presumptive Republican nominee told Fox News host Greta Van Susteren on Wednesday. “You said you don’t intend to release your tax returns,” Van Susteren began, referencing comments Trump made to the Associated Press.
“I didn’t say that. I said I’m being audited,” Trump quickly shot back. “There’s a link between that and other things.”
After claiming that he is audited “every single year,” Trump said that he would in fact release the returns, ideally sooner than Nov. 8.
“So, the answer is, I’ll release. Hopefully before the election I’ll release,” he said. “And I’d like to release.”
According to a February statement from the Internal Revenue Service, however, “Nothing prevents individuals from sharing their own tax information&quot; — not even an audit. The IRS also denied that it used audits as a political weapon, as Trump has claimed.
But there’s not much to learn from the documents in any case, the Manhattan billionaire told Van Susteren.
“You learn very little from a tax return,” he insisted, noting that he’s released other financial documents in compliance with Federal Elections Commission rules.
Trump: I don&apos;t plan to release my tax returns before November By Nolan D. McCaskill and Nick Gass
According to The Associated Press, Trump said in an interview that “he doesn’t believe he has an obligation to release his tax returns and won’t release them before November unless an ongoing audit of his finances is completed before Election Day,” but the news agency did not provide a direct Quote: .
Trump sought to clarify his position on Wednesday, tweeting, “In interview I told @AP that my taxes are under routine audit and I would release my tax returns when audit is complete, not after election!”
Anthony Scaramucci, a New York financier who recently backed Trump, told Fox News that the real estate mogul’s reluctance is due to “the complication of the return, the fact that he’s under an audit, he feels that he doesn’t want to give out that information to the general public and have a whole nightmare situation with opposition research trying to pick holes through the return.”
None of these explanations was good enough for Mitt Romney, who blasted Trump in a Wednesday afternoon Facebook post .
“It is disqualifying for a modern-day presidential nominee to refuse to release tax returns to the voters, especially one who has not been subject to public scrutiny in either military or public service. Tax returns provide the public with its sole confirmation of the veracity of a candidate’s representations regarding charities, priorities, wealth, tax conformance, and conflicts of interest,” Romney wrote.
In February 2015, Trump told radio host Hugh Hewitt that he would “certainly” release at least some of his returns if he ran for the White House, and that he had “no objection” to doing so.
“I would release tax returns,” Trump said, “and I would also explain to people that as a person that’s looking to make money, I’m in the business of making money ... and if I won, I’d make money for our country.”
</topic_text>
<spam_score>0.00</spam_score>
<post_num>174</post_num>
<post_id>post-174</post_id>
<post_url>http://www.politico.com/story/2016/05/donald-trump-tax-returns-223101</post_url>
<post_date>20160512</post_date>
<post_time>0841</post_time>
<username>James Pete Sowders</username>
<post>
The Clinton Foundation will redo a number of tax returns and audit others after Reuters found that it had inadequately disclosed donations from foreign governments, the news service reported Thursday. ADVERTISEMENT The foundation had claimed that it received no foreign donations from 2010 to 2013, but Reuters reported that “several foreign governments continued to give tens of millions of dollars toward the foundation&apos;s work on climate change and economic development through this three-year period.” While those donors had been listed in other ways, the donations had not been disclosed to the Internal Revenue Service. “We are prioritizing an external review to ensure the accuracy of the 990s from 2010, 2011 and 2012 and expect to refile when the review is completed,&quot; Craig Minassian, a foundation spokesman, told Reuters, adding that the foundation has gone to great lengths to provide more transparency than legally required. Nonprofits must file 990 forms with the IRS to ensure they still qualify for tax-free status. The news comes as Hillary Clinton’s campaign for the presidency continues to push back allegations that foundation donations may have influenced her conduct as secretary of State. Many of the recent allegations stem from the book Clinton Cash by Peter Schweizer, which the campaign and its allies are panning as a political hit job. The New York Times reported Thursday that Clinton’s agency had signed off on a deal that gave a Russian energy agency control of a mining company with significant assets in the United States as stakeholders in the deal sent millions of dollars in donations to the Clinton Foundation. The Times based the story off an advanced look at Schweizer’s book, which it augmented with its own reporting.
</post>
<signature>

</signature>
<external_links>

</external_links>
<country>US</country>
<main_image>http://static.politico.com/d1/78/95ce07fe41fca1c422b2fb9545a9/donald-trump-39-gty-1160.jpg</main_image>
</document>
