<?xml version="1.0" encoding="UTF-8"?>
<document>
<type>mainstream</type>
<forum></forum>
<forum_title></forum_title>
<discussion_title>Trial begins in case of black man&apos;s death in US police custody</discussion_title>
<language>english</language>
<gmt_offset></gmt_offset>
<topic_url>https://in.news.yahoo.com/trial-begins-case-black-mans-161745260.html</topic_url>
<topic_text>
Tweet Send A trial got underway Thursday in the case of an African American who died while in police custody, which had sparked riots and looting in this gritty city last year. The death of Freddie Gray was part of a wider debate in the United States over alleged police brutality. The current trial, involving Officer Edward Nero, is the second related to Gray&apos;s death. Another trial last year ended in a hung jury and a mistrial was declared. Nero is among six officers being tried separately in this Atlantic port city for the death of Gray, 25. He had suffered a snapped spine while being transported unrestrained in the back of a Baltimore police van. Gray had been picked up after fleeing at the sight of police. Nero, who has not been jailed, attended the trial in a business suit, accompanied by his lawyers. Prosecutors and defense attorneys are under a gag order barring them from speaking with the press about the case. Nero is accused of second-degree assault, reckless endangerment and misconduct in office. The police officers involved in the case -- three white and three African Americans, including a woman -- claim Gray&apos;s death was an accident. No one has yet been convicted in Gray&apos;s death. The city of Baltimore agreed in September to pay $6.4 million in a settlement with Gray&apos;s family, part of a string of seven-figure payouts by cities to avoid wrongful death lawsuits brought by the estates of those killed against authorities potentially liable for the death. Gray&apos;s death on April 19, 2015 reignited already searing discontent over police tactics following a series of high-profile cases of unarmed black men killed by police. It sparked days of mass protests, riots and looting in Baltimore, just a short drive from the nation&apos;s capital of Washington. seb/oh/acb 
</topic_text>
<spam_score>0.00</spam_score>
<post_num>1</post_num>
<post_id>post-1</post_id>
<post_url>https://in.news.yahoo.com/trial-begins-case-black-mans-161745260.html</post_url>
<post_date>20160512</post_date>
<post_time></post_time>
<username></username>
<post>
Tweet Send A trial got underway Thursday in the case of an African American who died while in police custody, which had sparked riots and looting in this gritty city last year. The death of Freddie Gray was part of a wider debate in the United States over alleged police brutality. The current trial, involving Officer Edward Nero, is the second related to Gray&apos;s death. Another trial last year ended in a hung jury and a mistrial was declared. Nero is among six officers being tried separately in this Atlantic port city for the death of Gray, 25. He had suffered a snapped spine while being transported unrestrained in the back of a Baltimore police van. Gray had been picked up after fleeing at the sight of police. Nero, who has not been jailed, attended the trial in a business suit, accompanied by his lawyers. Prosecutors and defense attorneys are under a gag order barring them from speaking with the press about the case. Nero is accused of second-degree assault, reckless endangerment and misconduct in office. The police officers involved in the case -- three white and three African Americans, including a woman -- claim Gray&apos;s death was an accident. No one has yet been convicted in Gray&apos;s death. The city of Baltimore agreed in September to pay $6.4 million in a settlement with Gray&apos;s family, part of a string of seven-figure payouts by cities to avoid wrongful death lawsuits brought by the estates of those killed against authorities potentially liable for the death. Gray&apos;s death on April 19, 2015 reignited already searing discontent over police tactics following a series of high-profile cases of unarmed black men killed by police. It sparked days of mass protests, riots and looting in Baltimore, just a short drive from the nation&apos;s capital of Washington. seb/oh/acb 
</post>
<signature>

</signature>
<external_links>

</external_links>
<country>IE</country>
<main_image></main_image>
</document>
