<?xml version="1.0" encoding="UTF-8"?>
<document>
<type>mainstream</type>
<forum>http://au.ibtimes.com/rss/articles/region/4.rss</forum>
<forum_title>International Business Times AU</forum_title>
<discussion_title>&apos;Game of Thrones&apos; season 6 spoilers: Rickon Stark actor hints that while Shaggydog is dead, SmallJon Umber may be actually on his side</discussion_title>
<language>english</language>
<gmt_offset></gmt_offset>
<topic_url>http://www.ibtimes.com.au/game-thrones-season-6-spoilers-rickon-stark-actor-hints-while-shaggydog-dead-smalljon-umber-may-be</topic_url>
<topic_text>
&apos;Game of Thrones&apos; season 6 spoilers: Rickon Stark actor hints that while Shaggydog is dead, SmallJon Umber may be actually on his side Original air date on HBO; Sundays at 9 p.m. on May 13 2016 2:12 AM 0 0 The cast of HBO&apos;s &quot;Game of Thrones&quot; poses backstage with their award for Outstanding Drama Series during the 67th Primetime Emmy Awards in Los Angeles, California September 20, 2015. Reuters/Mike Blake 
The return of Rickon Stark (Art Parkinson) shocked fans, especially after it was shown that the direwolf, Shaggydog, was also killed. 
Spoiler alert! This article contains “Game of Thrones&quot; spoilers. Read on if you would like to know what happens next before the new episode airs. 
In Season 6 Episode 3 , Rickon Stark was handed over by House Umber to Ramsay Bolton (Iwan Rheon). They also proved that the grown boy was actually the youngest Stark by showing the decapitated head of his direwolf, Shaggydog. 
Huffington Post says that the 14-year-old actor confirmed in an interview that Shaggydog was indeed killed. He continued that it was disappointing to realize that he would never get to hang out with the dog on the set again. He said that he was a bit upset after he read that Shaggydog would be dead. 
Rickon Stark has been absent from “Game of Thrones” for a while and was last seen in Season 3. During that hiatus, Parkinson appeared in films like “San Andreas” and “Love, Rosie.” He said that he did not actually get to see Shaggydog before he was decapitated. 
He said that before his storyline went off, the dogs would be taken to his house and he would spend some time with them, so that he would not be intimidated by them on set. He noted that it was a great experience to work with both humans and dogs. He also added that they were even given the chance to adopt the dogs, but his mother though that Shaggydog would not get along well with their two other dogs. 
Mashable notes that there are rumours that the Umbers may be plotting against Ramsa Bolton. Parkinson said that because the show is full of twists and turns, it is a possibility; although he said that it would be disappointing if Jon Umber actually betrayed the Starks. 
He continued that if Rickon actually goes down, there will certainly be a fight. He described the character as tough, which means that he will not go down without making it hard for his enemies. He said that fans should watch out for the small details and that he hopes that there will be some form of revenge for the Starks soon. 
“Game of Thrones” will air next on May 15 on HBO.
</topic_text>
<spam_score>0.00</spam_score>
<post_num>1</post_num>
<post_id>post-1</post_id>
<post_url>http://www.ibtimes.com.au/game-thrones-season-6-spoilers-rickon-stark-actor-hints-while-shaggydog-dead-smalljon-umber-may-be</post_url>
<post_date>20160512</post_date>
<post_time>1612</post_time>
<username></username>
<post>
&apos;Game of Thrones&apos; season 6 spoilers: Rickon Stark actor hints that while Shaggydog is dead, SmallJon Umber may be actually on his side Original air date on HBO; Sundays at 9 p.m. on May 13 2016 2:12 AM 0 0 The cast of HBO&apos;s &quot;Game of Thrones&quot; poses backstage with their award for Outstanding Drama Series during the 67th Primetime Emmy Awards in Los Angeles, California September 20, 2015. Reuters/Mike Blake 
The return of Rickon Stark (Art Parkinson) shocked fans, especially after it was shown that the direwolf, Shaggydog, was also killed. 
Spoiler alert! This article contains “Game of Thrones&quot; spoilers. Read on if you would like to know what happens next before the new episode airs. 
In Season 6 Episode 3 , Rickon Stark was handed over by House Umber to Ramsay Bolton (Iwan Rheon). They also proved that the grown boy was actually the youngest Stark by showing the decapitated head of his direwolf, Shaggydog. 
Huffington Post says that the 14-year-old actor confirmed in an interview that Shaggydog was indeed killed. He continued that it was disappointing to realize that he would never get to hang out with the dog on the set again. He said that he was a bit upset after he read that Shaggydog would be dead. 
Rickon Stark has been absent from “Game of Thrones” for a while and was last seen in Season 3. During that hiatus, Parkinson appeared in films like “San Andreas” and “Love, Rosie.” He said that he did not actually get to see Shaggydog before he was decapitated. 
He said that before his storyline went off, the dogs would be taken to his house and he would spend some time with them, so that he would not be intimidated by them on set. He noted that it was a great experience to work with both humans and dogs. He also added that they were even given the chance to adopt the dogs, but his mother though that Shaggydog would not get along well with their two other dogs. 
Mashable notes that there are rumours that the Umbers may be plotting against Ramsa Bolton. Parkinson said that because the show is full of twists and turns, it is a possibility; although he said that it would be disappointing if Jon Umber actually betrayed the Starks. 
He continued that if Rickon actually goes down, there will certainly be a fight. He described the character as tough, which means that he will not go down without making it hard for his enemies. He said that fans should watch out for the small details and that he hopes that there will be some form of revenge for the Starks soon. 
“Game of Thrones” will air next on May 15 on HBO.
</post>
<signature>

</signature>
<external_links>

</external_links>
<country>US</country>
<main_image>http://cdnau.ibtimes.com/sites/au.ibtimes.com/files/2016/05/13/got-cast.jpg</main_image>
</document>
