<?xml version="1.0" encoding="UTF-8"?>
<document>
<type>mainstream</type>
<forum></forum>
<forum_title></forum_title>
<discussion_title>Briljante animatie somt al onze gevoelens over het nieuwe Instagram logo op - WANT</discussion_title>
<language>dutch</language>
<gmt_offset></gmt_offset>
<topic_url>http://www.want.nl/briljante-animatie-somt-al-onze-gevoelens-over-het-nieuwe-instagram-logo-op/</topic_url>
<topic_text>
Briljante animatie somt al onze gevoelens over het nieuwe Instagram logo op 3 uur geleden - door Daniel 
Plots was gisteren opeens de update daar. Instagram is van een nieuw ontwerp voorzien. Dit geldt niet enkel voor de applicatie en website zelf, maar ook voor het logo van het bedrijf. Waar deze er voorheen meer uitzag als een soort vintage camera, is dat nu wel anders. Wij willen even dat nieuwe Instagram logo induiken! Animatie somt al onze gevoelens over het nieuwe Instagram logo op briljante manier op 
Wij vinden het nieuwe Instagram logo best wel nice. Ja, het is wel even wennen, maar dat hoeft niet negatief te zijn. Ook vonden we het oude logo wel een beetje saai worden en verouderd ogen. Dat kun je niet van het nieuwe logo zeggen. Dat logo ziet er fris en van deze tijd uit. Misschien wel weer een beetje te? Het logo is namelijk wel redelijk simpel en zou ook door een mannetje van twaalf op zijn computer kunnen zijn gemaakt. Dat alles wordt voor ons perfect in de onderstaande animatie afgebeeld. Een jong mannetje dat iets in elkaar knutselt en dan hartstikke tevreden is. Dat zijn wij namelijk ook wel. Boeiend dat het er ietwat simpel uitziet, het logo is strak en valt op! 
En jij, wat vind jij van het nieuwe Instagram logo? Ben je fan, of niet? Laat het ons weten ! Delen - 
</topic_text>
<spam_score>0.00</spam_score>
<post_num>1</post_num>
<post_id>post-1</post_id>
<post_url>http://www.want.nl/briljante-animatie-somt-al-onze-gevoelens-over-het-nieuwe-instagram-logo-op/</post_url>
<post_date>20160512</post_date>
<post_time></post_time>
<username></username>
<post>
Briljante animatie somt al onze gevoelens over het nieuwe Instagram logo op 3 uur geleden - door Daniel 
Plots was gisteren opeens de update daar. Instagram is van een nieuw ontwerp voorzien. Dit geldt niet enkel voor de applicatie en website zelf, maar ook voor het logo van het bedrijf. Waar deze er voorheen meer uitzag als een soort vintage camera, is dat nu wel anders. Wij willen even dat nieuwe Instagram logo induiken! Animatie somt al onze gevoelens over het nieuwe Instagram logo op briljante manier op 
Wij vinden het nieuwe Instagram logo best wel nice. Ja, het is wel even wennen, maar dat hoeft niet negatief te zijn. Ook vonden we het oude logo wel een beetje saai worden en verouderd ogen. Dat kun je niet van het nieuwe logo zeggen. Dat logo ziet er fris en van deze tijd uit. Misschien wel weer een beetje te? Het logo is namelijk wel redelijk simpel en zou ook door een mannetje van twaalf op zijn computer kunnen zijn gemaakt. Dat alles wordt voor ons perfect in de onderstaande animatie afgebeeld. Een jong mannetje dat iets in elkaar knutselt en dan hartstikke tevreden is. Dat zijn wij namelijk ook wel. Boeiend dat het er ietwat simpel uitziet, het logo is strak en valt op! 
En jij, wat vind jij van het nieuwe Instagram logo? Ben je fan, of niet? Laat het ons weten ! Delen - 
</post>
<signature>

</signature>
<external_links>

</external_links>
<country>US</country>
<main_image>http://www.want.nl/wp-content/uploads/2016/05/Instagram-logo-WANT.jpg</main_image>
</document>
