<?xml version="1.0" encoding="UTF-8"?>
<document>
<type>mainstream</type>
<forum>http://norran.se/feed</forum>
<forum_title>Norran, Skellefteå</forum_title>
<discussion_title>Sju skadade i explosion i Istanbul</discussion_title>
<language>swedish</language>
<gmt_offset></gmt_offset>
<topic_url>http://norran.se/nyheter/sju-skadade-i-explosion-i-istanbul-587142</topic_url>
<topic_text>
Sju skadade i explosion i Istanbul Publicerad för 20 minuter sedan (uppdaterad för 17 minuter sedan) Minst fem personer skadades när ett fordon i eftermiddag exploderade nära en militäranläggning i Istanbul i Turkiet. Ingen militär personal skadades dock, uppger CNN enligt Reuters.(TT) 
Sju personer skadades när en bil exploderade nära en militäranläggning i Istanbul i Turkiet. Samtliga, sex soldater och en civilperson, kom undan med lindriga skador enligt den lokale borgmästaren. 
Torsdagens explosion ägde rum i stadsdelen Sancaktepe på den asiatiska sidan av staden. 
Istanbul har drabbats av flera terrorattacker de senaste månaderna. Två av explosionerna var självmordsattacker i turistområden i staden, där terrorrörelsen IS anklagas för dåden. Militanta kurdiska grupper anklagas av myndigheter för ytterligare två attentat.
</topic_text>
<spam_score>0.00</spam_score>
<post_num>1</post_num>
<post_id>post-1</post_id>
<post_url>http://norran.se/nyheter/sju-skadade-i-explosion-i-istanbul-587142</post_url>
<post_date>20160512</post_date>
<post_time>1401</post_time>
<username>TT</username>
<post>
Sju skadade i explosion i Istanbul Publicerad för 20 minuter sedan (uppdaterad för 17 minuter sedan) Minst fem personer skadades när ett fordon i eftermiddag exploderade nära en militäranläggning i Istanbul i Turkiet. Ingen militär personal skadades dock, uppger CNN enligt Reuters.(TT) 
Sju personer skadades när en bil exploderade nära en militäranläggning i Istanbul i Turkiet. Samtliga, sex soldater och en civilperson, kom undan med lindriga skador enligt den lokale borgmästaren. 
Torsdagens explosion ägde rum i stadsdelen Sancaktepe på den asiatiska sidan av staden. 
Istanbul har drabbats av flera terrorattacker de senaste månaderna. Två av explosionerna var självmordsattacker i turistområden i staden, där terrorrörelsen IS anklagas för dåden. Militanta kurdiska grupper anklagas av myndigheter för ytterligare två attentat.
</post>
<signature>

</signature>
<external_links>

</external_links>
<country>SE</country>
<main_image>http://norran.se/wp-content/themes/norran/img/default-og-image.png</main_image>
</document>
