<?xml version="1.0" encoding="UTF-8"?>
<document>
<type>mainstream</type>
<forum>http://dc.watch.impress.co.jp/cda/rss/digicame.rdf</forum>
<forum_title>デジカメ Watch</forum_title>
<discussion_title>ミラーレス向けZEISSレンズ、その魅力と実力を探る：第1回：ZEISS新潮流「Batis」「Loxia」とは AF vs MF、有機EL vs 距離目盛…キャラクターの違う2シリーズを俯瞰する</discussion_title>
<language>japanese</language>
<gmt_offset></gmt_offset>
<topic_url>http://dc.watch.impress.co.jp/docs/review/batisloxia/20160512_755213.html?ref=rss</topic_url>
<topic_text>
発売日 焦点距離
</topic_text>
<spam_score>0.00</spam_score>
<post_num>1</post_num>
<post_id>post-1</post_id>
<post_url>http://dc.watch.impress.co.jp/docs/review/batisloxia/20160512_755213.html?ref=rss</post_url>
<post_date>20160511</post_date>
<post_time>2300</post_time>
<username></username>
<post>
発売日 焦点距離
</post>
<signature>

</signature>
<external_links>

</external_links>
<country>JP</country>
<main_image>http://dc.watch.impress.co.jp/img/dcw/list/755/213/important_image.jpg</main_image>
</document>
