<?xml version="1.0" encoding="UTF-8"?>
<document>
<type>mainstream</type>
<forum></forum>
<forum_title></forum_title>
<discussion_title>Yeni Şafak ne yapmaya çalışıyor? - ERSİN ÇELİK</discussion_title>
<language>turkish</language>
<gmt_offset></gmt_offset>
<topic_url>http://www.yenisafak.com/yazarlar/ersincelik/yeni-safak-ne-yapmaya-calisiyor-2028937</topic_url>
<topic_text>
Yeni Şafak ne yapmaya ç 23:00 Mayıs 10, 2016 Dört yıl önceydi. “Gel internet servisinin başına geç. Bu alandaki yatırımlarımıza birlikte yön verelim&quot; demişti Yayın Yönetmenimiz İbrahim Karagül. İlk yöneticilik deneyimimdi. Mevcutta bir kadro yoktu, internet haberciliği tecrübesi olan adaylar da.. Şimdi ise; editör, yazar, yazılımcı ve tasarımcı kadrosu dahil 80&apos;e yakın arkadaşın çalıştığı bir haber merkezi oldu &apos; yenisafak.com İnternet servisinin bağlı olduğu Piri Medya Yeni Şafak olarak biz ne yaptık? Önce insana yatırım yaptık, sonra da sektöre. İnternet servisimizde çalışan ekibin yaş ortalaması 24-25&apos;lerde. Arapça sayfamız ın şefi 3 yıl önce asistan editör olarak katılmıştı aramıza. Aynı şekilde İngilizce sayfamız Geçtiğimiz aylarda yaklaşık 10 gün sansürlendiğimiz Facebook &apos;taki; Türkçe, Arapça ve İngilizce dillerinde yayın yapan global sayfamızın 7.5 milyon takipçisi var. Spor sayfamızı da 1.5 milyon kullanıcı takip ediyor. Twitter&apos;da sadece habercilik yapıyoruz. Açıktan, kendi üretimimiz olan haber videoları yayınlıyoruz. markasını, Yeni Şafak haberciliğini okura her mecradan ulaştırıyoruz. İnternet tarafında yazacağım çok şey var fakat grubumuzun diğer medya organları da şahane işler çıkarıyor. Her biri takdir edilen yayınlar yapıyor. Albayrak Medya Grubu, Yeni Şafak&apos;ın paltosunun altından çok sayıda yeni marka çıkardı. Bunlardan ilki TVNET kanalı.. TVNET, 10 yıldır devam eden yürüyüşüne, çok sayıda üst düzey televizyon habercisinin, ajans yöneticilerinin ilk adresi olmanın özgüveni ile devam ediyor. Türkiye&apos;de tematik anlamda yapmanın derdiyle tüm İslam dünyasının, mazlumların onurunu koruyan işlere imza atılıyor TVNET&apos;te. Öz imkanlar ile çekilen belgeselleri, ekranda ayrı internet ortamında ayrı tekrar tekrar izleniyor. Dergicilikteki grubun ilk göz ağrısı olan Nihayet Ağızlarda tat bırakan dergimiz Lokma Yine aylık çıkan Derin Ekonomi Gelelim Cins Gerçek Hayat Bir de SkyRoad Genel Yayın Yönetmenimiz İbrahim Karagül 4 yıl önce “medyada büyük işler yapacağız&quot; demişti. O yatırımları bilfiil yaşadık, gör Peki bu grup tüm bu yayınları nasıl çıkarıyor? O kadar dosyayı, haberi kimler yazıyor? Bunun görüntüsü, fotoğrafı, araştırması var. Cevabı basit. Çünkü burası bir okul. Öğretmenleri gazeteciler olan tam teşekküllü bir medya eğitim kampüsü adeta. Albayrak Medya Grubu&apos;nun yayın organlarında 600&apos;e yakın çalışan var. Yeni Şafak&apos;ın 23 yıldır tek bir derdi var; Türkiye&apos;nin kutlu yürüyüşü. 28 Şubat&apos;tan beri bu ülkenin atlattığı bütün badirelerde, demokrasinin askıya alınmak istendiği dönemlerde ve devletin ele geçirilmesi girişimlerine karşı ön cephede hep Yeni Şafak vardı. Olmak zorundaydı zaten. Bu ülkenin her sınavında canla başla öne atılan bu gazete, yıllardır yapılmak istenen ama bir türlü kotarılamayan alana, yani insana, yani bu ülkenin geleceğine, 10 yıl-20 yıl sonrasına yatırım yapıyor. Bugünü tüketmek yerine yarınları planlamak büyük devletlerin, idealleri olan dahi siyasetçilerin, zorluklar ve engeller karşısında korkmayan liderlerin altından kalkabileceği yüklerdir. 
</topic_text>
<spam_score>0.00</spam_score>
<post_num>1</post_num>
<post_id>post-1</post_id>
<post_url>http://www.yenisafak.com/yazarlar/ersincelik/yeni-safak-ne-yapmaya-calisiyor-2028937</post_url>
<post_date>20160215</post_date>
<post_time></post_time>
<username>Piri Medya</username>
<post>
Yeni Şafak ne yapmaya ç 23:00 Mayıs 10, 2016 Dört yıl önceydi. “Gel internet servisinin başına geç. Bu alandaki yatırımlarımıza birlikte yön verelim&quot; demişti Yayın Yönetmenimiz İbrahim Karagül. İlk yöneticilik deneyimimdi. Mevcutta bir kadro yoktu, internet haberciliği tecrübesi olan adaylar da.. Şimdi ise; editör, yazar, yazılımcı ve tasarımcı kadrosu dahil 80&apos;e yakın arkadaşın çalıştığı bir haber merkezi oldu &apos; yenisafak.com İnternet servisinin bağlı olduğu Piri Medya Yeni Şafak olarak biz ne yaptık? Önce insana yatırım yaptık, sonra da sektöre. İnternet servisimizde çalışan ekibin yaş ortalaması 24-25&apos;lerde. Arapça sayfamız ın şefi 3 yıl önce asistan editör olarak katılmıştı aramıza. Aynı şekilde İngilizce sayfamız Geçtiğimiz aylarda yaklaşık 10 gün sansürlendiğimiz Facebook &apos;taki; Türkçe, Arapça ve İngilizce dillerinde yayın yapan global sayfamızın 7.5 milyon takipçisi var. Spor sayfamızı da 1.5 milyon kullanıcı takip ediyor. Twitter&apos;da sadece habercilik yapıyoruz. Açıktan, kendi üretimimiz olan haber videoları yayınlıyoruz. markasını, Yeni Şafak haberciliğini okura her mecradan ulaştırıyoruz. İnternet tarafında yazacağım çok şey var fakat grubumuzun diğer medya organları da şahane işler çıkarıyor. Her biri takdir edilen yayınlar yapıyor. Albayrak Medya Grubu, Yeni Şafak&apos;ın paltosunun altından çok sayıda yeni marka çıkardı. Bunlardan ilki TVNET kanalı.. TVNET, 10 yıldır devam eden yürüyüşüne, çok sayıda üst düzey televizyon habercisinin, ajans yöneticilerinin ilk adresi olmanın özgüveni ile devam ediyor. Türkiye&apos;de tematik anlamda yapmanın derdiyle tüm İslam dünyasının, mazlumların onurunu koruyan işlere imza atılıyor TVNET&apos;te. Öz imkanlar ile çekilen belgeselleri, ekranda ayrı internet ortamında ayrı tekrar tekrar izleniyor. Dergicilikteki grubun ilk göz ağrısı olan Nihayet Ağızlarda tat bırakan dergimiz Lokma Yine aylık çıkan Derin Ekonomi Gelelim Cins Gerçek Hayat Bir de SkyRoad Genel Yayın Yönetmenimiz İbrahim Karagül 4 yıl önce “medyada büyük işler yapacağız&quot; demişti. O yatırımları bilfiil yaşadık, gör Peki bu grup tüm bu yayınları nasıl çıkarıyor? O kadar dosyayı, haberi kimler yazıyor? Bunun görüntüsü, fotoğrafı, araştırması var. Cevabı basit. Çünkü burası bir okul. Öğretmenleri gazeteciler olan tam teşekküllü bir medya eğitim kampüsü adeta. Albayrak Medya Grubu&apos;nun yayın organlarında 600&apos;e yakın çalışan var. Yeni Şafak&apos;ın 23 yıldır tek bir derdi var; Türkiye&apos;nin kutlu yürüyüşü. 28 Şubat&apos;tan beri bu ülkenin atlattığı bütün badirelerde, demokrasinin askıya alınmak istendiği dönemlerde ve devletin ele geçirilmesi girişimlerine karşı ön cephede hep Yeni Şafak vardı. Olmak zorundaydı zaten. Bu ülkenin her sınavında canla başla öne atılan bu gazete, yıllardır yapılmak istenen ama bir türlü kotarılamayan alana, yani insana, yani bu ülkenin geleceğine, 10 yıl-20 yıl sonrasına yatırım yapıyor. Bugünü tüketmek yerine yarınları planlamak büyük devletlerin, idealleri olan dahi siyasetçilerin, zorluklar ve engeller karşısında korkmayan liderlerin altından kalkabileceği yüklerdir. 
</post>
<signature>

</signature>
<external_links>

</external_links>
<country>US</country>
<main_image>http://yenisafak.feo.doracdn.com/resize/47uQufiZbmsgHk3H/400/0/resim/imagecrop/2016/02/15/05/21/resized_86a9e-b64e431aauthor4.png</main_image>
</document>
