<?xml version="1.0" encoding="UTF-8"?>
<document>
<type>mainstream</type>
<forum></forum>
<forum_title></forum_title>
<discussion_title>Aprinkis.lv - Vīrieti Siguldā aplaupa divi spēļu zālē jauniegūti paziņas</discussion_title>
<language>latvian</language>
<gmt_offset></gmt_offset>
<topic_url>http://www.aprinkis.lv/zinas/item/30994-virieti-sigulda-aplaupa-divi-spelu-zale-jaunieguti-pazinas</topic_url>
<topic_text>
Apriņķis.lv 15:56 
Naktī no 23. uz 24. aprīli kāds vīrietis spēļu zālē Siguldā iepazinās ar divām personām. Pēc laika pavadīšanas spēļu zālē kompānijas biedri ierosinājuši doties citur, lai ceptu gaļu un lietotu alkoholu. 
Nesen iepazītie vīrieši, pa ceļam piedraudot ar šaujamieroci un nodarot vieglus miesas bojājumus, ceļa biedram atņēma mobilo telefonu, kredītkarti un izspieda naudu. 
Valsts policija noskaidroja, ka, noziegumu, iespējams, izdarījuši 1978. gadā un 1985. gadā dzimuši vīrieši, kuri jau iepriekš bija sodīti par mantiskiem noziegumiem.11. maijā Rīgas reģiona pārvaldes Siguldas iecirkņa kriminālpolicisti 1978. gadā dzimušo vīrieti Siguldā aizturēja. Tajā pašā dienā sadarbībā ar Rīgas reģiona kriminālpoliciju Iecavā tika aizturēts arī 1985. gadā dzimušais aizdomās turamais. 
Valsts policijas Sabiedrisko attiecību nodaļā pavēstīja, ka saistībā ar notikušo uzsākts kriminālprocess par laupīšanu, ja to izdarījusi personu grupa pēc iepriekšējas vienošanās. Par šādu noziegumu likumā paredzēta brīvības atņemšana uz laiku līdz astoņiem gadiem, konfiscējot mantu vai bez mantas konfiskācijas. 
</topic_text>
<spam_score>0.00</spam_score>
<post_num>1</post_num>
<post_id>post-1</post_id>
<post_url>http://www.aprinkis.lv/zinas/item/30994-virieti-sigulda-aplaupa-divi-spelu-zale-jaunieguti-pazinas</post_url>
<post_date>20160512</post_date>
<post_time></post_time>
<username>Apri</username>
<post>
Apriņķis.lv 15:56 
Naktī no 23. uz 24. aprīli kāds vīrietis spēļu zālē Siguldā iepazinās ar divām personām. Pēc laika pavadīšanas spēļu zālē kompānijas biedri ierosinājuši doties citur, lai ceptu gaļu un lietotu alkoholu. 
Nesen iepazītie vīrieši, pa ceļam piedraudot ar šaujamieroci un nodarot vieglus miesas bojājumus, ceļa biedram atņēma mobilo telefonu, kredītkarti un izspieda naudu. 
Valsts policija noskaidroja, ka, noziegumu, iespējams, izdarījuši 1978. gadā un 1985. gadā dzimuši vīrieši, kuri jau iepriekš bija sodīti par mantiskiem noziegumiem.11. maijā Rīgas reģiona pārvaldes Siguldas iecirkņa kriminālpolicisti 1978. gadā dzimušo vīrieti Siguldā aizturēja. Tajā pašā dienā sadarbībā ar Rīgas reģiona kriminālpoliciju Iecavā tika aizturēts arī 1985. gadā dzimušais aizdomās turamais. 
Valsts policijas Sabiedrisko attiecību nodaļā pavēstīja, ka saistībā ar notikušo uzsākts kriminālprocess par laupīšanu, ja to izdarījusi personu grupa pēc iepriekšējas vienošanās. Par šādu noziegumu likumā paredzēta brīvības atņemšana uz laiku līdz astoņiem gadiem, konfiscējot mantu vai bez mantas konfiskācijas. 
</post>
<signature>

</signature>
<external_links>

</external_links>
<country>LV</country>
<main_image>http://www.aprinkis.lv/media/k2/items/cache/877afa086b1356b8033596919f8d6e46_M.jpg</main_image>
</document>
