<?xml version="1.0" encoding="UTF-8"?>
<document>
<type>mainstream</type>
<forum>http://imparcialoaxaca.mx/ultimas/super-deportivo.rss</forum>
<forum_title>El Imparcial &gt; Súper Deportivo</forum_title>
<discussion_title>Goliza acuática</discussion_title>
<language>spanish</language>
<gmt_offset></gmt_offset>
<topic_url>http://imparcialoaxaca.mx/super-deportivo/ad5/goliza-acu%C3%A1tica</topic_url>
<topic_text>
Súper Deportivo Goliza acuática Delfines se impuso a Tuzitas en la Final femenil del futbol rápido de las canchas del Bernabéu por Leobardo García Reyes Twittear 
La cancha uno de las instalaciones del Bernabéu se vistió de gala para ser escenario de la Final femenil de futbol 7, en la cual Delfines de Manuel Durán se coronó campeón, al superar 3-0 a Tuzitas. 
Las acciones reunieron a un buen número de aficionados en las instalaciones de Santa Rosa Panzacola; con dos tantos en el último periodo, Delfines definió el título para refrendar su dominio en la categoría. La Fina, misma que se realizó el pasado fin de semana, fue sancionada por los árbitros William Santiago y Víctor López. 
El reloj marcaba las 10:00 horas en la cancha uno del complejo deportivo y en la que de inmediato las azulnegras se fueron con todo sobre la portería contraria, sin embargo, no lograron concretar sino hasta el segundo cuarto. 
En tanto, el rival pareció tener un buen equipo, con ofensiva detallada y sin contratiempos, por lo que las opciones a gol se hicieron presentes en más de una ocasión, no obstante, la cancerbera Magdalena Jiménez fue vehemente en su condición y logró salvar a las cetáceas. 
Poco antes del descanso, Roxane Cadena, marcada con el número 15, abrió el marcador al conectar el gol de la ventaja para Delfines y con ello apresurar las condiciones de ataque para colocar en apuros a las culés. 
Para la segunda parte del encuentro, las acciones subieron de tono y se realizaron innumerables faltas, no obstante, Delfines siguió tomando la batuta del encuentro para estar más cerca del título, por lo que en un contragolpe Lucei Salinas tomó por descuido la zaga rival e impuso el 2-0, con lo que prácticamente tuvieron el trofeo en mano. 
Aunque Tuzitas buscó la manera para conseguir el empate, no pudo aspirar a más y cedió todos los espacios, mismos que aprovechó sin problemas Delfines, que más tarde logró el 3-0 por conducto de la misma Lucei Salinas. 
Tras mantener el juego en la media cancha y aguantar el marcador, vino el silbatazo final y con ello, Delfines se coronó campeón del torneo. 
Al final, la directiva del Bernabéu encabezó la ceremonia de premiación y entregó los trofeos de campeón y subcampeón a las capitanas de cada equipo.
</topic_text>
<spam_score>0.00</spam_score>
<post_num>1</post_num>
<post_id>post-1</post_id>
<post_url>http://imparcialoaxaca.mx/super-deportivo/ad5/goliza-acu%C3%A1tica</post_url>
<post_date>20160511</post_date>
<post_time>2130</post_time>
<username>admin@imparcialenlinea.com (Leobardo García Reyes)</username>
<post>
Súper Deportivo Goliza acuática Delfines se impuso a Tuzitas en la Final femenil del futbol rápido de las canchas del Bernabéu por Leobardo García Reyes Twittear 
La cancha uno de las instalaciones del Bernabéu se vistió de gala para ser escenario de la Final femenil de futbol 7, en la cual Delfines de Manuel Durán se coronó campeón, al superar 3-0 a Tuzitas. 
Las acciones reunieron a un buen número de aficionados en las instalaciones de Santa Rosa Panzacola; con dos tantos en el último periodo, Delfines definió el título para refrendar su dominio en la categoría. La Fina, misma que se realizó el pasado fin de semana, fue sancionada por los árbitros William Santiago y Víctor López. 
El reloj marcaba las 10:00 horas en la cancha uno del complejo deportivo y en la que de inmediato las azulnegras se fueron con todo sobre la portería contraria, sin embargo, no lograron concretar sino hasta el segundo cuarto. 
En tanto, el rival pareció tener un buen equipo, con ofensiva detallada y sin contratiempos, por lo que las opciones a gol se hicieron presentes en más de una ocasión, no obstante, la cancerbera Magdalena Jiménez fue vehemente en su condición y logró salvar a las cetáceas. 
Poco antes del descanso, Roxane Cadena, marcada con el número 15, abrió el marcador al conectar el gol de la ventaja para Delfines y con ello apresurar las condiciones de ataque para colocar en apuros a las culés. 
Para la segunda parte del encuentro, las acciones subieron de tono y se realizaron innumerables faltas, no obstante, Delfines siguió tomando la batuta del encuentro para estar más cerca del título, por lo que en un contragolpe Lucei Salinas tomó por descuido la zaga rival e impuso el 2-0, con lo que prácticamente tuvieron el trofeo en mano. 
Aunque Tuzitas buscó la manera para conseguir el empate, no pudo aspirar a más y cedió todos los espacios, mismos que aprovechó sin problemas Delfines, que más tarde logró el 3-0 por conducto de la misma Lucei Salinas. 
Tras mantener el juego en la media cancha y aguantar el marcador, vino el silbatazo final y con ello, Delfines se coronó campeón del torneo. 
Al final, la directiva del Bernabéu encabezó la ceremonia de premiación y entregó los trofeos de campeón y subcampeón a las capitanas de cada equipo.
</post>
<signature>

</signature>
<external_links>

</external_links>
<country>MX</country>
<main_image>http://media.imparcialoaxaca.mx/imagenes/large/57339affa205419c5effb3b0.jpg</main_image>
</document>
