<?xml version="1.0" encoding="UTF-8"?>
<document>
<type>mainstream</type>
<forum></forum>
<forum_title></forum_title>
<discussion_title>Rene søer i Sørvad | aoh.dk</discussion_title>
<language>danish</language>
<gmt_offset></gmt_offset>
<topic_url>http://aoh.dk/artikel/rene-ser-i-srvad</topic_url>
<topic_text>
Politik Natur Sørvad Rene søer i Sørvad Snart bliver søerne i Sørvad også til glæde for andre end myg og frøer, efter at kommunen har bevilget de nødvendige penge til oprensning 12. maj 2016, 11.21 Af Journalist 
SØRVAD Efter lang tids venten kan borgerne i Sørvad omsider se frem til at få en af byens tre søer renset op, så den også kan blive til glæde for andre end myg ... Login Få 30 dage gratis For at læse denne artikel skal du være abonnent. Er du ikke det, kan du bestille et abonnement herunder - vi giver de første 30 dage gratis 
</topic_text>
<spam_score>0.00</spam_score>
<post_num>1</post_num>
<post_id>post-1</post_id>
<post_url>http://aoh.dk/artikel/rene-ser-i-srvad</post_url>
<post_date>20160512</post_date>
<post_time></post_time>
<username></username>
<post>
Politik Natur Sørvad Rene søer i Sørvad Snart bliver søerne i Sørvad også til glæde for andre end myg og frøer, efter at kommunen har bevilget de nødvendige penge til oprensning 12. maj 2016, 11.21 Af Journalist 
SØRVAD Efter lang tids venten kan borgerne i Sørvad omsider se frem til at få en af byens tre søer renset op, så den også kan blive til glæde for andre end myg ... Login Få 30 dage gratis For at læse denne artikel skal du være abonnent. Er du ikke det, kan du bestille et abonnement herunder - vi giver de første 30 dage gratis 
</post>
<signature>

</signature>
<external_links>

</external_links>
<country>NO</country>
<main_image>/storyimage/AO/20160512/ARTIKEL/160519567/AR/0/AR-160519567.jpg&amp;MaxW=150&amp;imageVersion=default</main_image>
</document>
