<?xml version="1.0" encoding="UTF-8"?>
<document>
<type>mainstream</type>
<forum>http://bizhub.vn//rss/0/home-page.rss</forum>
<forum_title>Lastest news from Bizhub</forum_title>
<discussion_title>Ho Tram Project Co opens new office in Hanoi</discussion_title>
<language>english</language>
<gmt_offset></gmt_offset>
<topic_url>http://bizhub.vn/corporate-news/16432/ho-tram-project-co-opens-new-office-in-hanoi.html</topic_url>
<topic_text>
Ho Tram Project Co opens new office in Hanoi Updated: Thursday, May 12, 2016 09:11 AM The opening ceremony is attended by US Ambassador Ted Osius (first left) and Deputy Minister of Culture, Sports and Tourism Huynh Vinh Ai (second right) and Michael Kelly, Executive Chairman of The Grand Ho Tram Strip (second left). — VNS Photo 
HA NOI (Biz Hub) — The Ho Tram Project Company on May 11 open a representative office in Ha Noi which is expected to support the company&apos;s sales and leasing efforts for its resort, golfing and residential developments. 
Located in Coner Stone Building at 16 Phan Chu Trinh Street, Hoan Kiem District, the new office will also provide a base for ongoing liaison with the Government as the nation&apos;s gaming decree continues to take shape. 
The Ho Tram Project Company is the developer of Viet Nam&apos;s leading entertainment destination, The Grand Ho Tram Strip in southern coastal province of Ba Ria-Vung Tau. 
Speaking at the ceremony, Michael Kelly, Executive Chairman of The Grand Ho Tram Strip, said &quot;Ha Noi is an important market for us, both as a source of potential tourists, potential investors into our residential offering as people look for beachfront homes, and the base for the nation&apos;s government.&quot; 
The office opening represented the company&apos;s commitment to delivering on a truly world class entertainment destination in Viet Nam, Kelly said. 
The opening was also attended by US Ambassador Ted Osius and Deputy Minister of Culture, Sports and Tourism Huynh Vinh Ai. 
The Grand is 541 room integrated resort that features ten restaurants and bars, award winning Spa, three swimming pools, as well as the nation&apos;s first international standard casino. –  
</topic_text>
<spam_score>0.00</spam_score>
<post_num>1</post_num>
<post_id>post-1</post_id>
<post_url>http://bizhub.vn/corporate-news/16432/ho-tram-project-co-opens-new-office-in-hanoi.html</post_url>
<post_date>20160512</post_date>
<post_time>0211</post_time>
<username></username>
<post>
Ho Tram Project Co opens new office in Hanoi Updated: Thursday, May 12, 2016 09:11 AM The opening ceremony is attended by US Ambassador Ted Osius (first left) and Deputy Minister of Culture, Sports and Tourism Huynh Vinh Ai (second right) and Michael Kelly, Executive Chairman of The Grand Ho Tram Strip (second left). — VNS Photo 
HA NOI (Biz Hub) — The Ho Tram Project Company on May 11 open a representative office in Ha Noi which is expected to support the company&apos;s sales and leasing efforts for its resort, golfing and residential developments. 
Located in Coner Stone Building at 16 Phan Chu Trinh Street, Hoan Kiem District, the new office will also provide a base for ongoing liaison with the Government as the nation&apos;s gaming decree continues to take shape. 
The Ho Tram Project Company is the developer of Viet Nam&apos;s leading entertainment destination, The Grand Ho Tram Strip in southern coastal province of Ba Ria-Vung Tau. 
Speaking at the ceremony, Michael Kelly, Executive Chairman of The Grand Ho Tram Strip, said &quot;Ha Noi is an important market for us, both as a source of potential tourists, potential investors into our residential offering as people look for beachfront homes, and the base for the nation&apos;s government.&quot; 
The office opening represented the company&apos;s commitment to delivering on a truly world class entertainment destination in Viet Nam, Kelly said. 
The opening was also attended by US Ambassador Ted Osius and Deputy Minister of Culture, Sports and Tourism Huynh Vinh Ai. 
The Grand is 541 room integrated resort that features ten restaurants and bars, award winning Spa, three swimming pools, as well as the nation&apos;s first international standard casino. –  
</post>
<signature>

</signature>
<external_links>

</external_links>
<country>VN</country>
<main_image>http://bizhub.vn/thumbnail/600/hotram.jpg?url=Storage/Images/2016/5/12/hotram.jpg</main_image>
</document>
