<?xml version="1.0" encoding="UTF-8"?>
<document>
<type>mainstream</type>
<forum>http://www.krcrtv.com/14774610?format=rss_2.0&amp;view=feed</forum>
<forum_title>Feed:National News</forum_title>
<discussion_title>Why Janet Yellen &apos;is clearly the boss&apos;</discussion_title>
<language>english</language>
<gmt_offset></gmt_offset>
<topic_url>http://www.krcrtv.com/living/money/why-janet-yellen-is-clearly-the-boss/39513576</topic_url>
<topic_text>
Why Janet Yellen &apos;is clearly the boss&apos; Not all experts hold that view By Patrick Gillespie POSTED: 1 hr UPDATED 7 mins Text Size: 
Janet Yellen put her foot down in April. Related Google bans all ads for payday loans 
Yellen&apos;s colleagues on the Federal Reserve&apos;s committee kept dropping hints in March that a rate hike in April was possible. Then the Fed Chair gave a speech at the end of March squashing all that talk. 
&quot;Yellen is clearly the boss and what she wants is what she&apos;ll get,&quot; Peter Boockvar, chief market analyst at the Lindsey Group, wrote in a research note. &quot;It really doesn&apos;t matter what any regional Fed President says, especially those that don&apos;t vote.&quot; 
Not all experts hold that view. But Fed leaders appear to be lining up behind Yellen now. 
In the weeks leading to Fed meetings in recent months, leading officials sent mixed signals, conflicting each others&apos; statements, confusing markets and sometimes causing volatility. 
Since the Fed&apos;s meeting at the end of April, seven Fed presidents or governors have spoken and three more speak Thursday. So far, just about everyone is now in line behind Yellen message: slow and steady. 
St. Louis Fed President James Bullard has been known in the past to criticize the Fed&apos;s decisions. In September, he said there was &quot;powerful case&quot; to make for raising interest rates right after Yellen and the rest of the Fed&apos;s committee chose not to raise rates. 
Last week Bullard spoke in California and said he&apos;s undecided on whether to raise rates in June. 
That&apos;s a contrast from all the buzz before the April meeting. Fed Presidents Bullard, Patrick Harker and John Williams each suggested an April rate hike was a possibility in March. 
Then Yellen signaled serious concerns about the global economy on March 30. 
&quot;Global developments pose ongoing risks,&quot; Yellen said at the Economic Club of New York. She added that the Fed intends to &quot;proceed cautiously.&quot; 
Like President Obama at the White House correspondents dinner, Yellen essentially dropped the mic. Investors&apos; bets on an April rate hike fell even lower after Yellen&apos;s speech. And a month later the Fed didn&apos;t raise rates. 
Her speech &quot;in effect said &apos;don&apos;t pay attention to the other men and women behind the curtain, I&apos;m the one that matters, I&apos;m the wizard,&apos;&quot; says Ed Yardeni, chief investment strategist at Yardeni Research. 
Wall Street believes in the wizard. Yellen said the Fed is moving forward &apos;cautiously&apos; and investors are now betting there&apos;s only an 8% chance of a rate hike in June, which just a few weeks ago was considered the best time for the Fed to raise rates before the 2016 election heats up. 
Experts say that New York Fed President William Dudley still holds a key voice on the committee. He has a permanent vote and often appears in lock-step with Yellen. However, other Fed leaders who once diverged from Yellen&apos;s views aren&apos;t piping up lately. 
Copyright 2016 by CNN NewSource . All rights reserved. This material may not be published, broadcast, rewritten or redistributed.
</topic_text>
<spam_score>0.00</spam_score>
<post_num>1</post_num>
<post_id>post-1</post_id>
<post_url>http://www.krcrtv.com/living/money/why-janet-yellen-is-clearly-the-boss/39513576</post_url>
<post_date>20160512</post_date>
<post_time>1625</post_time>
<username></username>
<post>
Why Janet Yellen &apos;is clearly the boss&apos; Not all experts hold that view By Patrick Gillespie POSTED: 1 hr UPDATED 7 mins Text Size: 
Janet Yellen put her foot down in April. Related Google bans all ads for payday loans 
Yellen&apos;s colleagues on the Federal Reserve&apos;s committee kept dropping hints in March that a rate hike in April was possible. Then the Fed Chair gave a speech at the end of March squashing all that talk. 
&quot;Yellen is clearly the boss and what she wants is what she&apos;ll get,&quot; Peter Boockvar, chief market analyst at the Lindsey Group, wrote in a research note. &quot;It really doesn&apos;t matter what any regional Fed President says, especially those that don&apos;t vote.&quot; 
Not all experts hold that view. But Fed leaders appear to be lining up behind Yellen now. 
In the weeks leading to Fed meetings in recent months, leading officials sent mixed signals, conflicting each others&apos; statements, confusing markets and sometimes causing volatility. 
Since the Fed&apos;s meeting at the end of April, seven Fed presidents or governors have spoken and three more speak Thursday. So far, just about everyone is now in line behind Yellen message: slow and steady. 
St. Louis Fed President James Bullard has been known in the past to criticize the Fed&apos;s decisions. In September, he said there was &quot;powerful case&quot; to make for raising interest rates right after Yellen and the rest of the Fed&apos;s committee chose not to raise rates. 
Last week Bullard spoke in California and said he&apos;s undecided on whether to raise rates in June. 
That&apos;s a contrast from all the buzz before the April meeting. Fed Presidents Bullard, Patrick Harker and John Williams each suggested an April rate hike was a possibility in March. 
Then Yellen signaled serious concerns about the global economy on March 30. 
&quot;Global developments pose ongoing risks,&quot; Yellen said at the Economic Club of New York. She added that the Fed intends to &quot;proceed cautiously.&quot; 
Like President Obama at the White House correspondents dinner, Yellen essentially dropped the mic. Investors&apos; bets on an April rate hike fell even lower after Yellen&apos;s speech. And a month later the Fed didn&apos;t raise rates. 
Her speech &quot;in effect said &apos;don&apos;t pay attention to the other men and women behind the curtain, I&apos;m the one that matters, I&apos;m the wizard,&apos;&quot; says Ed Yardeni, chief investment strategist at Yardeni Research. 
Wall Street believes in the wizard. Yellen said the Fed is moving forward &apos;cautiously&apos; and investors are now betting there&apos;s only an 8% chance of a rate hike in June, which just a few weeks ago was considered the best time for the Fed to raise rates before the 2016 election heats up. 
Experts say that New York Fed President William Dudley still holds a key voice on the committee. He has a permanent vote and often appears in lock-step with Yellen. However, other Fed leaders who once diverged from Yellen&apos;s views aren&apos;t piping up lately. 
Copyright 2016 by CNN NewSource . All rights reserved. This material may not be published, broadcast, rewritten or redistributed.
</post>
<signature>

</signature>
<external_links>

</external_links>
<country>US</country>
<main_image>http://www.krcrtv.com/image/view/-/38547386/highRes/2/-/maxh/640/maxw/640/-/10v3wqqz/-/Janet-Yellen-after-Fed-meeting-jpg.jpg</main_image>
</document>
