<?xml version="1.0" encoding="UTF-8"?>
<document>
<type>mainstream</type>
<forum>http://norran.se/feed</forum>
<forum_title>Norran, Skellefteå</forum_title>
<discussion_title>USA mot slutspel i VM</discussion_title>
<language>swedish</language>
<gmt_offset></gmt_offset>
<topic_url>http://norran.se/sport/usa-mot-slutspel-i-vm-587230</topic_url>
<topic_text>
USA mot slutspel i VM Publicerad för 32 minuter sedan Efter förluster mot både Finland och Kanada behövde USA tre poäng i ishockey-VM:s grupp B för att inte halka efter i slutspelsjakten. Det ordnade amerikanerna efter en stark andraperiod mot Frankrike.(TT) Dela 0 Tweeta 0 
Efter förluster mot både Finland och Kanada behövde USA tre poäng i ishockey-VM:s grupp B för att inte halka efter i slutspelsjakten. Det ordnade amerikanerna efter en stark andraperiod mot Frankrike. Efter en mållös första period fick USA:s Chris Wideman hål på den franske målvakten Florian Hardy i numerärt överläge i början av den andra. Connor Murphy och JT Compher ökade på till 3-0 innan den andra pausvilan och Brady Skjei gjorde 4-0 i början av den sista perioden. USA förstärker nu truppen med New York Islanders forward Brock Nelson, som gjorde 40 poäng på 81 matcher i NHL den gångna säsongen. Foto: TT bild.
</topic_text>
<spam_score>0.00</spam_score>
<post_num>1</post_num>
<post_id>post-1</post_id>
<post_url>http://norran.se/sport/usa-mot-slutspel-i-vm-587230</post_url>
<post_date>20160512</post_date>
<post_time>1604</post_time>
<username>TT</username>
<post>
USA mot slutspel i VM Publicerad för 32 minuter sedan Efter förluster mot både Finland och Kanada behövde USA tre poäng i ishockey-VM:s grupp B för att inte halka efter i slutspelsjakten. Det ordnade amerikanerna efter en stark andraperiod mot Frankrike.(TT) Dela 0 Tweeta 0 
Efter förluster mot både Finland och Kanada behövde USA tre poäng i ishockey-VM:s grupp B för att inte halka efter i slutspelsjakten. Det ordnade amerikanerna efter en stark andraperiod mot Frankrike. Efter en mållös första period fick USA:s Chris Wideman hål på den franske målvakten Florian Hardy i numerärt överläge i början av den andra. Connor Murphy och JT Compher ökade på till 3-0 innan den andra pausvilan och Brady Skjei gjorde 4-0 i början av den sista perioden. USA förstärker nu truppen med New York Islanders forward Brock Nelson, som gjorde 40 poäng på 81 matcher i NHL den gångna säsongen. Foto: TT bild.
</post>
<signature>

</signature>
<external_links>

</external_links>
<country>SE</country>
<main_image>http://static.norran.se/wp-content/uploads/2016/05/274887h1024-arlima_mw980.jpg?d=1463069985</main_image>
</document>
