<?xml version="1.0" encoding="UTF-8"?>
<document>
<type>mainstream</type>
<forum>http://bookarchive.ru//engine/rss.php</forum>
<forum_title>Скачать книги бесплатно на BookArchive</forum_title>
<discussion_title>Записки судьи. Простите нас, дети!</discussion_title>
<language>russian</language>
<gmt_offset></gmt_offset>
<topic_url>http://www.bookarchive.ru/dok_literatura/memuarybiografii/330798-zapiski-sudi-prostite-nas-deti.html</topic_url>
<topic_text>
рость 3678 Kb/s » Записки судьи. Простите нас, дети! Сегодня, 19:55 | Просмотров: 1 | Категория: Мемуары. Биографии , Уголовное право Название: Записки судьи. Простите нас, дети! Автор: Усик Н.И. Издательство: Липецк: ООО «Инфо-Плюс» ISBN: 978-5-9901072-6-7 Год издания: 2008 Страниц: 276 Язык: Русский Формат: djvu Размер: 10.34 Мб Описание: Автор книги, Николай Иванович Усик, отработавший в прокуратуре и суде 54 года, рассматривает тему детской преступности и хулиганства, а также влияние на неё воспитания трудных подростков в семье, школе и специальных учреждениях. &quot;Говорят, что человек рожден для счастья. И видимо, действительно, это так. А ребенок имеет право в два - три раза больше на это самое счастье. Одно поколение людей приходит на смену другому, и родители всегда стремились, и это было смыслом их жизни, видеть своих детей счастливыми. Это благородное стремление, переросшее в чувство долга, заложено уже в человеке самой природой. Сделать своих детей счастливыми - это дело чести каждой семьи. А счастье заложено в их воспитании. И когда я размышляю об этом, то невольно вспоминаю слова Максима Горького, что детей любить - это и курица умеет, а вот уметь воспитать их - это великое государственное дело, требующее таланта и большого знания жизни. Обратите внимание. Ведь Горький обычное повседневное воспитание детей возводит до уровня государственной задачи. И это не случайно, ибо сила семьи в детях, сила общества в том, какое поколение в нравственном отношении придет ему на смену.&quot; http://depositfiles.com/files/33lmvec3p -
</topic_text>
<spam_score>0.00</spam_score>
<post_num>1</post_num>
<post_id>post-1</post_id>
<post_url>http://www.bookarchive.ru/dok_literatura/memuarybiografii/330798-zapiski-sudi-prostite-nas-deti.html</post_url>
<post_date>20160512</post_date>
<post_time>1555</post_time>
<username>andrew25</username>
<post>
рость 3678 Kb/s » Записки судьи. Простите нас, дети! Сегодня, 19:55 | Просмотров: 1 | Категория: Мемуары. Биографии , Уголовное право Название: Записки судьи. Простите нас, дети! Автор: Усик Н.И. Издательство: Липецк: ООО «Инфо-Плюс» ISBN: 978-5-9901072-6-7 Год издания: 2008 Страниц: 276 Язык: Русский Формат: djvu Размер: 10.34 Мб Описание: Автор книги, Николай Иванович Усик, отработавший в прокуратуре и суде 54 года, рассматривает тему детской преступности и хулиганства, а также влияние на неё воспитания трудных подростков в семье, школе и специальных учреждениях. &quot;Говорят, что человек рожден для счастья. И видимо, действительно, это так. А ребенок имеет право в два - три раза больше на это самое счастье. Одно поколение людей приходит на смену другому, и родители всегда стремились, и это было смыслом их жизни, видеть своих детей счастливыми. Это благородное стремление, переросшее в чувство долга, заложено уже в человеке самой природой. Сделать своих детей счастливыми - это дело чести каждой семьи. А счастье заложено в их воспитании. И когда я размышляю об этом, то невольно вспоминаю слова Максима Горького, что детей любить - это и курица умеет, а вот уметь воспитать их - это великое государственное дело, требующее таланта и большого знания жизни. Обратите внимание. Ведь Горький обычное повседневное воспитание детей возводит до уровня государственной задачи. И это не случайно, ибо сила семьи в детях, сила общества в том, какое поколение в нравственном отношении придет ему на смену.&quot; http://depositfiles.com/files/33lmvec3p -
</post>
<signature>

</signature>
<external_links>

</external_links>
<country>RU</country>
<main_image>/uploads/posts/2016-05/thumbs/1462984332_cov250.jpg</main_image>
</document>
