<?xml version="1.0" encoding="UTF-8"?>
<document>
<type>mainstream</type>
<forum></forum>
<forum_title></forum_title>
<discussion_title>Vandaag: Netflix bespaart je jaarlijks een week tijd, Apple-medewerker met iPhone 7 op Instagram te zien en meer - WANT</discussion_title>
<language>dutch</language>
<gmt_offset></gmt_offset>
<topic_url>http://www.want.nl/vandaag-netflix-bespaart-je-jaarlijks-een-week-tijd-apple-medewerker-met-iphone-7-op-instagram-te-zien-en-meer/</topic_url>
<topic_text>
Delen - Vandaag: Netflix bespaart je jaarlijks een week tijd, Apple-medewerker met iPhone 7 op Instagram te zien en meer 1 uur geleden - door Rutger 
Wat een heerlijke dag is het vandaag. Het zonnetje schijnt en de lucht is blauw. Wij hebben er helaas iets minder van kunnen genieten aangezien we voor je de tech-wereld in de gaten aan het houden waren. Maar dat is niet erg, want dat doen we met alle liefde. We kunnen je daardoor het tech-nieuws van vandaag voorschotelen, helemaal hapklaar! YouTube komt met eigen chatdienst 
Een klein deel van de YouTube gebruikers krijgt vanaf vandaag te maken met een speciale chat . Deze chat laat je binnen het medium met elkaar praten. Ben je dus chill video’s aan het checken en wil je een briljante delen met je vrienden? Dan kan dat vanaf nu! Nieuw bewijs dat de iPhone 7 geen aux-ingang kent 
Het is zo goed als zeker dat de aux-ingang bij de iPhone 7 verdwijnt. Vanuit allerlei kampen wordt dit namelijk bevestigd. Nu is er wederom bewijs dat die ingang verdwijnt. Dit maal aan de hand van gelekte bouwtekeningen van het apparaat. Maar er is meer nieuws. Er wordt bevestigd dat het apparaat twee camera’s zal kennen en ook wordt gezegd dat-ie over een drie gigabyte RAM gaat beschikken! Oeps, iPhone 7 te zien op Instagram foto? 
Nog wat meer nieuws over de iPhone 7. Een Apple-medewerker heeft namelijk een foto op Instagram gezet die’ie met zijn telefoon maakte. Het probleem is dat deze telefoon niets wegheeft van bestaande iPhones. Dit aangezien de antenneband is verdwenen. Is dit de iPhone 7? Het lijkt er wel op ! Ook al geruchten omtrent de iPhone van volgend jaar 
Ook volgend jaar zal er waarschijnlijk weer een iPhone komen. De geruchten omtrent de iPhone die in 2017 zal verschijnen worden nu de wereld in geholpen. Volgens bronnen zou de telefoon een display kennen zonder randen en geen homebutton kennen. Dat is tof! Minister Kamp privémail gehackt, maar daar ontving ‘ie ook werkmail op 
Minister Kamp van Economische Zaken is gehackt . Het gaat hierbij om zijn privémail. Echter blijkt nu dat ‘ie daar ook werkmail op ontvangt. Dit is echter al in 2014 gebeurd. Kamp werd door middel van phishing gehackt. Dit is wel een wijze les voor ieder: probeer je werkleven en privéleven zo veel mogelijk gescheiden te houden! De verkoop van MacBooks neemt af, duh! 
Het marktaandeel van de MacBook is aan het afnemen. Zo werden er het afgelopen kwartaal 2,53 miljoen van verkocht. Een jaar eerder waren dat er nog 3,4 miljoen. Is dit raar? Neen! Want Apple is nu al een tijdlang zonder nieuwe MacBooks én prijsverlagingen gekomen. Echter is er een nieuwe op komst ! Inkomsten die ‘Peachy Printer’ via Kickstarter binnenhaalden voor andere doeleinden gebruikt 
Oei, niet alles dat via Kickstarter wordt gefund kent een succesverhaal. Dat blijkt maar weer uit dit verhaal van de ‘Peachy Printer’. Dit was één van de eerste goedkope 3D-printers en een groot succes. Nu heeft één van de oprichters medegedeeld dat een andere mede-oprichter een flink deel van het geld heeft gebruikt voor het bouwen van zijn huis. Ouch! Acteur op middeleeuws festival gooit een drone kapot 
Via Specificaties Samsung Galaxy C5 en Galaxy C7 duiken op 
De Samsung Galaxy C5 en Galaxy C7 zijn onderweg. Nu is er echter al veel over de telefoons uit de doeken gedaan. Zo heeft de Samsung Galaxy C5 een 5,2 inch-display, terwijl de C7 een 5,7 inch-scherm heeft. Beide toestellen hebben wel dezelfde resolutie van 1920 bij 1080 pixels pixels. Lees er via AndroidPlanet alles over. Brogan BamBrogan is één van de oprichters van de Hyperloop 
Haha wauw, dit is wel een heel aparte naam. Brogan BamBrogan is de naam van één van de mannen die de Hyperloop bedacht en opzette. Dit is natuurlijk niet zijn echte naam. Wil je weten hoe de man aan deze naam kwam? Dat kan ! Oude Apple CEO vindt de Apple Watch niks 
John Sculley is een oud Apple CEO. Je kent zijn naam wellicht. Hij ontsloeg Steve Jobs namelijk en probeerde de Newton PDA aan de man te brengen. Duistere tijden! Nu heeft hij zich uitgelaten over de Watch en dan vooral negatief! Windows 7 op een Android smartwatch, het kan Facebook brengt 360-graden foto’s naar je nieuwsoverzicht 
We kunnen al een tijdje van 360-graden video’s op ons nieuwsoverzicht genieten. Nu gaan we ook van 360-graden foto’s genieten via ons nieuwsoverzicht. H et medium gaf aan dat dit ergens in de komende weken zal gebeuren. Top! Tweede huid door wetenschappers een feit 
Dit is nou een slimme uitvinding. Wetenschappers zijn er in geslaagd een tweede huid te ontwikkelen. Deze huid plak je op je eigen en is vrijwel onzichtbaar, is zeer sterk en beschermt en verstevigt de huid. Handig om puisten of rimpels mee te bedekken bijvoorbeeld. Belgische politie waarschuwt voor Facebook emoji knoppen 
We weten allemaal onderhand wel dat je via Facebook met verschillende emoji kunt aangeven wat je ergens van vindt. Nu waarschuwt de Belgische politie dat deze informatie voor Facebook zeer nuttig is. Ze komen zo allerlei zaken over je te weten. De politie stelt daarom voor de knoppen met rust te laten! Google toetsenbord Gboard voor iOS is een feit Opera gaat 50 procent langer mee dan Chrome 
Chrome is de meestgebruikte webbrowser ter wereld. Opera aast op die positie en kwam met een vernieuwde browser. Deze kent niet enkel een gratis ingebouwde VPN, maar ook batterijbesparingsfuncties . Hierdoor zou de browser vijftig procent minder batterij kosten dan Chrome! Flink voordeel van Netflix: minder reclame 
Netflix kent geen reclame. Dat scheelt veel. Een onderzoek heeft namelijk uitgewezen dat je gemiddeld 160 uur reclames mist via Netflix. Dat komt neer op 6,5 dag! De tijd die je wint spendeer je echter wel weer aan series en films kijken op Netflix geloven we, dus zo heel veel profijt aan het reclamevrije Netflix heb je ook weer niet! Google zou aan concurrent WhatsApp en iMessage werken 
Via WhatsApp en iMessage kun je ‘gratis’ berichten versturen. Dat wordt via het internet gedaan. Nu zou Google aan een eigen soortgelijke dienst werken. Dit wordt gedacht omdat Google recentelijk een applicatie offline haalde. Volgende week staat het Google I/O evenement gepland. Het zou dan kunnen dat de app in een nieuw jasje opnieuw wordt gelanceerd! The Pirate Bay moet ook in hoger beroep domeinnaam overdragen aan Zweden 
Als jij regelmatig illegaal films en muziek downloadt dan is The Pirate Bay wellicht je beste vriend. Echter gaat de website verdwijnen. Tenminste, in zijn huidige vorm. thepiratebay.se en piratebay.se zijn namelijk aan de Zweedse overheid overgedragen . Die zullen de site dan platgooien denken we! 
</topic_text>
<spam_score>0.00</spam_score>
<post_num>1</post_num>
<post_id>post-1</post_id>
<post_url>http://www.want.nl/vandaag-netflix-bespaart-je-jaarlijks-een-week-tijd-apple-medewerker-met-iphone-7-op-instagram-te-zien-en-meer/</post_url>
<post_date>20160512</post_date>
<post_time></post_time>
<username></username>
<post>
Delen - Vandaag: Netflix bespaart je jaarlijks een week tijd, Apple-medewerker met iPhone 7 op Instagram te zien en meer 1 uur geleden - door Rutger 
Wat een heerlijke dag is het vandaag. Het zonnetje schijnt en de lucht is blauw. Wij hebben er helaas iets minder van kunnen genieten aangezien we voor je de tech-wereld in de gaten aan het houden waren. Maar dat is niet erg, want dat doen we met alle liefde. We kunnen je daardoor het tech-nieuws van vandaag voorschotelen, helemaal hapklaar! YouTube komt met eigen chatdienst 
Een klein deel van de YouTube gebruikers krijgt vanaf vandaag te maken met een speciale chat . Deze chat laat je binnen het medium met elkaar praten. Ben je dus chill video’s aan het checken en wil je een briljante delen met je vrienden? Dan kan dat vanaf nu! Nieuw bewijs dat de iPhone 7 geen aux-ingang kent 
Het is zo goed als zeker dat de aux-ingang bij de iPhone 7 verdwijnt. Vanuit allerlei kampen wordt dit namelijk bevestigd. Nu is er wederom bewijs dat die ingang verdwijnt. Dit maal aan de hand van gelekte bouwtekeningen van het apparaat. Maar er is meer nieuws. Er wordt bevestigd dat het apparaat twee camera’s zal kennen en ook wordt gezegd dat-ie over een drie gigabyte RAM gaat beschikken! Oeps, iPhone 7 te zien op Instagram foto? 
Nog wat meer nieuws over de iPhone 7. Een Apple-medewerker heeft namelijk een foto op Instagram gezet die’ie met zijn telefoon maakte. Het probleem is dat deze telefoon niets wegheeft van bestaande iPhones. Dit aangezien de antenneband is verdwenen. Is dit de iPhone 7? Het lijkt er wel op ! Ook al geruchten omtrent de iPhone van volgend jaar 
Ook volgend jaar zal er waarschijnlijk weer een iPhone komen. De geruchten omtrent de iPhone die in 2017 zal verschijnen worden nu de wereld in geholpen. Volgens bronnen zou de telefoon een display kennen zonder randen en geen homebutton kennen. Dat is tof! Minister Kamp privémail gehackt, maar daar ontving ‘ie ook werkmail op 
Minister Kamp van Economische Zaken is gehackt . Het gaat hierbij om zijn privémail. Echter blijkt nu dat ‘ie daar ook werkmail op ontvangt. Dit is echter al in 2014 gebeurd. Kamp werd door middel van phishing gehackt. Dit is wel een wijze les voor ieder: probeer je werkleven en privéleven zo veel mogelijk gescheiden te houden! De verkoop van MacBooks neemt af, duh! 
Het marktaandeel van de MacBook is aan het afnemen. Zo werden er het afgelopen kwartaal 2,53 miljoen van verkocht. Een jaar eerder waren dat er nog 3,4 miljoen. Is dit raar? Neen! Want Apple is nu al een tijdlang zonder nieuwe MacBooks én prijsverlagingen gekomen. Echter is er een nieuwe op komst ! Inkomsten die ‘Peachy Printer’ via Kickstarter binnenhaalden voor andere doeleinden gebruikt 
Oei, niet alles dat via Kickstarter wordt gefund kent een succesverhaal. Dat blijkt maar weer uit dit verhaal van de ‘Peachy Printer’. Dit was één van de eerste goedkope 3D-printers en een groot succes. Nu heeft één van de oprichters medegedeeld dat een andere mede-oprichter een flink deel van het geld heeft gebruikt voor het bouwen van zijn huis. Ouch! Acteur op middeleeuws festival gooit een drone kapot 
Via Specificaties Samsung Galaxy C5 en Galaxy C7 duiken op 
De Samsung Galaxy C5 en Galaxy C7 zijn onderweg. Nu is er echter al veel over de telefoons uit de doeken gedaan. Zo heeft de Samsung Galaxy C5 een 5,2 inch-display, terwijl de C7 een 5,7 inch-scherm heeft. Beide toestellen hebben wel dezelfde resolutie van 1920 bij 1080 pixels pixels. Lees er via AndroidPlanet alles over. Brogan BamBrogan is één van de oprichters van de Hyperloop 
Haha wauw, dit is wel een heel aparte naam. Brogan BamBrogan is de naam van één van de mannen die de Hyperloop bedacht en opzette. Dit is natuurlijk niet zijn echte naam. Wil je weten hoe de man aan deze naam kwam? Dat kan ! Oude Apple CEO vindt de Apple Watch niks 
John Sculley is een oud Apple CEO. Je kent zijn naam wellicht. Hij ontsloeg Steve Jobs namelijk en probeerde de Newton PDA aan de man te brengen. Duistere tijden! Nu heeft hij zich uitgelaten over de Watch en dan vooral negatief! Windows 7 op een Android smartwatch, het kan Facebook brengt 360-graden foto’s naar je nieuwsoverzicht 
We kunnen al een tijdje van 360-graden video’s op ons nieuwsoverzicht genieten. Nu gaan we ook van 360-graden foto’s genieten via ons nieuwsoverzicht. H et medium gaf aan dat dit ergens in de komende weken zal gebeuren. Top! Tweede huid door wetenschappers een feit 
Dit is nou een slimme uitvinding. Wetenschappers zijn er in geslaagd een tweede huid te ontwikkelen. Deze huid plak je op je eigen en is vrijwel onzichtbaar, is zeer sterk en beschermt en verstevigt de huid. Handig om puisten of rimpels mee te bedekken bijvoorbeeld. Belgische politie waarschuwt voor Facebook emoji knoppen 
We weten allemaal onderhand wel dat je via Facebook met verschillende emoji kunt aangeven wat je ergens van vindt. Nu waarschuwt de Belgische politie dat deze informatie voor Facebook zeer nuttig is. Ze komen zo allerlei zaken over je te weten. De politie stelt daarom voor de knoppen met rust te laten! Google toetsenbord Gboard voor iOS is een feit Opera gaat 50 procent langer mee dan Chrome 
Chrome is de meestgebruikte webbrowser ter wereld. Opera aast op die positie en kwam met een vernieuwde browser. Deze kent niet enkel een gratis ingebouwde VPN, maar ook batterijbesparingsfuncties . Hierdoor zou de browser vijftig procent minder batterij kosten dan Chrome! Flink voordeel van Netflix: minder reclame 
Netflix kent geen reclame. Dat scheelt veel. Een onderzoek heeft namelijk uitgewezen dat je gemiddeld 160 uur reclames mist via Netflix. Dat komt neer op 6,5 dag! De tijd die je wint spendeer je echter wel weer aan series en films kijken op Netflix geloven we, dus zo heel veel profijt aan het reclamevrije Netflix heb je ook weer niet! Google zou aan concurrent WhatsApp en iMessage werken 
Via WhatsApp en iMessage kun je ‘gratis’ berichten versturen. Dat wordt via het internet gedaan. Nu zou Google aan een eigen soortgelijke dienst werken. Dit wordt gedacht omdat Google recentelijk een applicatie offline haalde. Volgende week staat het Google I/O evenement gepland. Het zou dan kunnen dat de app in een nieuw jasje opnieuw wordt gelanceerd! The Pirate Bay moet ook in hoger beroep domeinnaam overdragen aan Zweden 
Als jij regelmatig illegaal films en muziek downloadt dan is The Pirate Bay wellicht je beste vriend. Echter gaat de website verdwijnen. Tenminste, in zijn huidige vorm. thepiratebay.se en piratebay.se zijn namelijk aan de Zweedse overheid overgedragen . Die zullen de site dan platgooien denken we! 
</post>
<signature>

</signature>
<external_links>

</external_links>
<country>US</country>
<main_image>http://www.want.nl/wp-content/uploads/2016/01/Netflix-WANT-1.jpg</main_image>
</document>
