<?xml version="1.0" encoding="UTF-8"?>
<document>
<type>mainstream</type>
<forum>http://bizhub.vn//rss/0/home-page.rss</forum>
<forum_title>Lastest news from Bizhub</forum_title>
<discussion_title>Vingroup starts two projects in Thanh Hoa</discussion_title>
<language>english</language>
<gmt_offset></gmt_offset>
<topic_url>http://bizhub.vn/corporate-news/16431/vingroup-starts-two-projects-in-thanh-hoa.html</topic_url>
<topic_text>
Updated: Thursday, May 12, 2016 09:52 AM Breaking ground: construction begins for a trading centre and administrative head office in Thanh Hoa. — VNS Photo 
HA NOI (Biz Hub) — Realty developer Vingroup and the People&apos;s Committee of Thanh Hoa kicked off the construction of a trading centre and administrative head office for the province on May 10. 
The head office, covering 42,000 sq.m in Dong Hai Ward, will be the working place for the local People&apos;s Committee, People&apos;s Council and Party Committee. The office building, a three-block administrative zone with a 1,200-seat hall, is fully equipped to host meetings and art performance events. 
The office, under the public-private partnership contract between the group and the province, cost over VND655 billion (US$29.7 million) and is expected to reach completion in two-and-a-half years. 
In addition, Vingroup started construction on a Vincom Centre spanning 40,000 sq.m in Dien Bien Ward, that includes a shopping area, commercial centre complex and a 33-floor 5-star hotel. —  
</topic_text>
<spam_score>0.00</spam_score>
<post_num>1</post_num>
<post_id>post-1</post_id>
<post_url>http://bizhub.vn/corporate-news/16431/vingroup-starts-two-projects-in-thanh-hoa.html</post_url>
<post_date>20160512</post_date>
<post_time>0252</post_time>
<username></username>
<post>
Updated: Thursday, May 12, 2016 09:52 AM Breaking ground: construction begins for a trading centre and administrative head office in Thanh Hoa. — VNS Photo 
HA NOI (Biz Hub) — Realty developer Vingroup and the People&apos;s Committee of Thanh Hoa kicked off the construction of a trading centre and administrative head office for the province on May 10. 
The head office, covering 42,000 sq.m in Dong Hai Ward, will be the working place for the local People&apos;s Committee, People&apos;s Council and Party Committee. The office building, a three-block administrative zone with a 1,200-seat hall, is fully equipped to host meetings and art performance events. 
The office, under the public-private partnership contract between the group and the province, cost over VND655 billion (US$29.7 million) and is expected to reach completion in two-and-a-half years. 
In addition, Vingroup started construction on a Vincom Centre spanning 40,000 sq.m in Dien Bien Ward, that includes a shopping area, commercial centre complex and a 33-floor 5-star hotel. —  
</post>
<signature>

</signature>
<external_links>

</external_links>
<country>VN</country>
<main_image>http://bizhub.vn/thumbnail/600/viewimagesaspx.jpg?url=Storage/Images/2016/5/12/viewimagesaspx.jpg</main_image>
</document>
