<?xml version="1.0" encoding="UTF-8"?>
<document>
<type>mainstream</type>
<forum></forum>
<forum_title></forum_title>
<discussion_title>F-16s issue being pursued actively: Secretary Defence | Associate Press Of Pakistan</discussion_title>
<language>english</language>
<gmt_offset></gmt_offset>
<topic_url>http://www.app.com.pk/f-16s-issue-being-pursued-actively-secretary-defence/</topic_url>
<topic_text>
F-16s issue being pursued actively: Secretary Defence May 12, 2016 30 
ISLAMABAD, May 12 (APP): Secretary Ministry of Defence Lt. Gen. (Retd.) Alam Khattak Thursday informed the Senate Standing Committee on Defence that the F-16s issue was being pursued actively with United States. 
In an in-camera meeting of the committee, chaired by Senator Mushahid Hussain Sayed, the secretary along with his team briefed the parliamentarians on the issue of sale of F-16 aircraft to Pakistan, which had been held up by the US Congress. 
The committee was also informed that “out of four ships promised to the Pakistan Navy, only one has been delivered and there is procrastination on three others ships, although similar agreements had been signed with other countries,” said a press release. SHARE 
</topic_text>
<spam_score>0.00</spam_score>
<post_num>1</post_num>
<post_id>post-1</post_id>
<post_url>http://www.app.com.pk/f-16s-issue-being-pursued-actively-secretary-defence/</post_url>
<post_date>20160512</post_date>
<post_time></post_time>
<username></username>
<post>
F-16s issue being pursued actively: Secretary Defence May 12, 2016 30 
ISLAMABAD, May 12 (APP): Secretary Ministry of Defence Lt. Gen. (Retd.) Alam Khattak Thursday informed the Senate Standing Committee on Defence that the F-16s issue was being pursued actively with United States. 
In an in-camera meeting of the committee, chaired by Senator Mushahid Hussain Sayed, the secretary along with his team briefed the parliamentarians on the issue of sale of F-16 aircraft to Pakistan, which had been held up by the US Congress. 
The committee was also informed that “out of four ships promised to the Pakistan Navy, only one has been delivered and there is procrastination on three others ships, although similar agreements had been signed with other countries,” said a press release. SHARE 
</post>
<signature>

</signature>
<external_links>

</external_links>
<country>US</country>
<main_image>https://s0.wp.com/i/blank.jpg</main_image>
</document>
