<?xml version="1.0" encoding="UTF-8"?>
<document>
<type>mainstream</type>
<forum></forum>
<forum_title></forum_title>
<discussion_title>Pakistan summons Bangladeshi diplomat to protest hanging | Associate Press Of Pakistan</discussion_title>
<language>english</language>
<gmt_offset></gmt_offset>
<topic_url>http://www.app.com.pk/pakistan-summons-bangladeshi-diplomat-to-protest-hanging/</topic_url>
<topic_text>
Pakistan summons Bangladeshi diplomat to protest hanging May 12, 2016 62 
ISLAMABAD, May 12 (APP): Pakistan Thursday lodged a strong protest against the hanging of Motiur Rahman Nizami by Bangladesh, on the alleged crimes committed before December 1971 through a “flawed judicial process.” 
The Acting High Commissioner of Bangladesh was summoned to the Ministry of Foreign Affairs by the Director General (South Asia and SAARC) and a strong protest was lodged at the unfortunate hanging, a statement from the Foreign Office said. 
“The attempts by the Government of Bangladesh to malign Pakistan, despite our keen desire to develop brotherly relations with it, are regrettable,” Foreign Office said. SHARE 
</topic_text>
<spam_score>0.00</spam_score>
<post_num>1</post_num>
<post_id>post-1</post_id>
<post_url>http://www.app.com.pk/pakistan-summons-bangladeshi-diplomat-to-protest-hanging/</post_url>
<post_date>20160512</post_date>
<post_time></post_time>
<username></username>
<post>
Pakistan summons Bangladeshi diplomat to protest hanging May 12, 2016 62 
ISLAMABAD, May 12 (APP): Pakistan Thursday lodged a strong protest against the hanging of Motiur Rahman Nizami by Bangladesh, on the alleged crimes committed before December 1971 through a “flawed judicial process.” 
The Acting High Commissioner of Bangladesh was summoned to the Ministry of Foreign Affairs by the Director General (South Asia and SAARC) and a strong protest was lodged at the unfortunate hanging, a statement from the Foreign Office said. 
“The attempts by the Government of Bangladesh to malign Pakistan, despite our keen desire to develop brotherly relations with it, are regrettable,” Foreign Office said. SHARE 
</post>
<signature>

</signature>
<external_links>

</external_links>
<country>FR</country>
<main_image>https://s0.wp.com/i/blank.jpg</main_image>
</document>
