<?xml version="1.0" encoding="UTF-8"?>
<document>
<type>mainstream</type>
<forum>http://bookarchive.ru//engine/rss.php</forum>
<forum_title>Скачать книги бесплатно на BookArchive</forum_title>
<discussion_title>Linux Format №3 (206) март 2016 (Россия)</discussion_title>
<language>russian</language>
<gmt_offset></gmt_offset>
<topic_url>http://www.bookarchive.ru/zhurnaly/kompjuternye/330859-linux-format-3-206-mart-2016-rossiya.html</topic_url>
<topic_text>
Linux Format №3 (206) март 2016 (Россия) Журналы » Компьютерные Автор: Год издания: Страниц: Язык: Формат: Качество: Размер: Описание: depositfiles.com: Скачать
</topic_text>
<spam_score>0.00</spam_score>
<post_num>1</post_num>
<post_id>post-1</post_id>
<post_url>http://www.bookarchive.ru/zhurnaly/kompjuternye/330859-linux-format-3-206-mart-2016-rossiya.html</post_url>
<post_date>20160512</post_date>
<post_time>1559</post_time>
<username>Hennady</username>
<post>
Linux Format №3 (206) март 2016 (Россия) Журналы » Компьютерные Автор: Год издания: Страниц: Язык: Формат: Качество: Размер: Описание: depositfiles.com: Скачать
</post>
<signature>

</signature>
<external_links>

</external_links>
<country>RU</country>
<main_image>/uploads/posts/2016-05/thumbs/1463068654_linfor032016_450.jpg</main_image>
</document>
