<?xml version="1.0" encoding="UTF-8"?>
<document>
<type>mainstream</type>
<forum></forum>
<forum_title></forum_title>
<discussion_title>HC Midtjylland på spillerjagt | aoh.dk</discussion_title>
<language>danish</language>
<gmt_offset></gmt_offset>
<topic_url>http://aoh.dk/artikel/hc-midtjylland-p-spillerjagt</topic_url>
<topic_text>
Ligaklubben kigger på danske stregemner - og henter muligvis endnu en playmaker 12. maj 2016, 17.00 Af Ole Bitschobi@herningfolkeblad.dk 
HÅNDBOLD I slutningen af juli er der første træningsdag hos HC Midtjylland, der tager hul på forberedelserne til den nye sæson. Spillertruppen er stort set på... Login Få 30 dage gratis For at læse denne artikel skal du være abonnent. Er du ikke det, kan du bestille et abonnement herunder - vi giver de første 30 dage gratis 
</topic_text>
<spam_score>0.00</spam_score>
<post_num>1</post_num>
<post_id>post-1</post_id>
<post_url>http://aoh.dk/artikel/hc-midtjylland-p-spillerjagt</post_url>
<post_date>20160512</post_date>
<post_time></post_time>
<username></username>
<post>
Ligaklubben kigger på danske stregemner - og henter muligvis endnu en playmaker 12. maj 2016, 17.00 Af Ole Bitschobi@herningfolkeblad.dk 
HÅNDBOLD I slutningen af juli er der første træningsdag hos HC Midtjylland, der tager hul på forberedelserne til den nye sæson. Spillertruppen er stort set på... Login Få 30 dage gratis For at læse denne artikel skal du være abonnent. Er du ikke det, kan du bestille et abonnement herunder - vi giver de første 30 dage gratis 
</post>
<signature>

</signature>
<external_links>

</external_links>
<country>NO</country>
<main_image>/storyimage/AO/20160512/ARTIKEL/160519549/AR/0/AR-160519549.jpg&amp;MaxW=150&amp;imageVersion=default</main_image>
</document>
