<?xml version="1.0" encoding="UTF-8"?>
<document>
<type>mainstream</type>
<forum></forum>
<forum_title></forum_title>
<discussion_title>Congress Rips TSA for &apos;Smurfing&apos; Bonus Practices - NBC News</discussion_title>
<language>english</language>
<gmt_offset></gmt_offset>
<topic_url>http://www.nbcnews.com/news/us-news/congress-rips-tsa-smurfing-bonus-practices-n572986</topic_url>
<topic_text>
May 12 2016, 12:20 pm ET Congress Rips TSA for &apos;Smurfing&apos; Bonus Practices by Corky Siemaszko advertisement 
The embattled Transportation Security Administration was slammed Thursday for giving one official a $90,000 bonus while the screeners he supervised failed a test to detect mock explosives and banned weapons. 
Lawmakers accused the TSA of disguising the payment to Kelly Hoggan by doling it out in nine chunks of $10,000 instead of one lump sum — a strategy known as &quot;smurfing.&quot; 
&quot;Those bonuses were given to somebody who oversees a part of the operation that was in total failure ,&quot; Rep. Jason Chaffetz, R-Utah, said. 
TSA Administrator Peter Neffenger said Hoggan was awarded the bonus under his predecessor and that he&apos;s put in checks to make sure this doesn&apos;t happen again. 
&quot;I don&apos;t think that level of bonus is justified, period,&quot; Neffenger said. advertisement Coast Guard Vice Commandant Peter Neffenger testifies on Capitol Hill in Washington, Wednesday, June 10, 2015, before the Senate Homeland Security Committee hearing on his nomination to head the Transportation Security Administration (TSA). (AP Photo/Jacquelyn Martin) Jacquelyn Martin / AP file 
Homeland Security Inspector John Roth, who appeared with Neffenger before the House Oversight and Government Reform Committee, said the payments to Hoggan were &quot;clearly an attempt&quot; to get around the $10,000 bonus limit. They were made over a 13-month period ending in November 2014. 
&quot;The intent was to hide,&quot; Roth said. &quot;The individual responsible for that is no longer employed by the TSA.&quot; 
But when asked if he planned to fire Hoggan, who makes $181,500 as the TSA&apos;s assistant administrator for the office of security administrations, Neffenger said no. 
&quot;I currently do not have a plan to remove Mr. Hoggan,&quot; he said. &quot;I have not seen any direct misconduct by Mr. Hoggan in the time that I&apos;ve been here.&quot; advertisement 
Neffenger took over an agency in July 2015 that was rife with mismanagement and misconduct and in which whistleblowers claimed management retaliated against them with involuntary relocations. It is also an agency reviled by much of the public because of its chronic inability to move travelers efficiently through airport security. 
&quot;You have your $100,000-a-year people standing around&quot; while poorly-paid TSA screeners have to contend with masses of travelers, said Rep. John Mica, R-Florida. &quot;We&apos;re screwing the guy that&apos;s doing the work.&quot; 
Mica, who helped create the federal agency that safeguards U.S. airports and now favors privatizing the TSA, conceded that reforming the agency is a tall order. 
&quot;I think you&apos;re a good guy to be sent in to clean up the mess,&quot; Mica said. &quot;But sometimes the leader is fed mushrooms…you&apos;re being fed this information by people who are trying to protect their read ends.&quot; 
Noting that the TSA attrition rate for screeners is 10 percent, Mica said, &quot;This not a thinking organization.&quot; 
</topic_text>
<spam_score>0.00</spam_score>
<post_num>1</post_num>
<post_id>post-1</post_id>
<post_url>http://www.nbcnews.com/news/us-news/congress-rips-tsa-smurfing-bonus-practices-n572986</post_url>
<post_date>20160512</post_date>
<post_time></post_time>
<username>Corky Siemaszko</username>
<post>
May 12 2016, 12:20 pm ET Congress Rips TSA for &apos;Smurfing&apos; Bonus Practices by Corky Siemaszko advertisement 
The embattled Transportation Security Administration was slammed Thursday for giving one official a $90,000 bonus while the screeners he supervised failed a test to detect mock explosives and banned weapons. 
Lawmakers accused the TSA of disguising the payment to Kelly Hoggan by doling it out in nine chunks of $10,000 instead of one lump sum — a strategy known as &quot;smurfing.&quot; 
&quot;Those bonuses were given to somebody who oversees a part of the operation that was in total failure ,&quot; Rep. Jason Chaffetz, R-Utah, said. 
TSA Administrator Peter Neffenger said Hoggan was awarded the bonus under his predecessor and that he&apos;s put in checks to make sure this doesn&apos;t happen again. 
&quot;I don&apos;t think that level of bonus is justified, period,&quot; Neffenger said. advertisement Coast Guard Vice Commandant Peter Neffenger testifies on Capitol Hill in Washington, Wednesday, June 10, 2015, before the Senate Homeland Security Committee hearing on his nomination to head the Transportation Security Administration (TSA). (AP Photo/Jacquelyn Martin) Jacquelyn Martin / AP file 
Homeland Security Inspector John Roth, who appeared with Neffenger before the House Oversight and Government Reform Committee, said the payments to Hoggan were &quot;clearly an attempt&quot; to get around the $10,000 bonus limit. They were made over a 13-month period ending in November 2014. 
&quot;The intent was to hide,&quot; Roth said. &quot;The individual responsible for that is no longer employed by the TSA.&quot; 
But when asked if he planned to fire Hoggan, who makes $181,500 as the TSA&apos;s assistant administrator for the office of security administrations, Neffenger said no. 
&quot;I currently do not have a plan to remove Mr. Hoggan,&quot; he said. &quot;I have not seen any direct misconduct by Mr. Hoggan in the time that I&apos;ve been here.&quot; advertisement 
Neffenger took over an agency in July 2015 that was rife with mismanagement and misconduct and in which whistleblowers claimed management retaliated against them with involuntary relocations. It is also an agency reviled by much of the public because of its chronic inability to move travelers efficiently through airport security. 
&quot;You have your $100,000-a-year people standing around&quot; while poorly-paid TSA screeners have to contend with masses of travelers, said Rep. John Mica, R-Florida. &quot;We&apos;re screwing the guy that&apos;s doing the work.&quot; 
Mica, who helped create the federal agency that safeguards U.S. airports and now favors privatizing the TSA, conceded that reforming the agency is a tall order. 
&quot;I think you&apos;re a good guy to be sent in to clean up the mess,&quot; Mica said. &quot;But sometimes the leader is fed mushrooms…you&apos;re being fed this information by people who are trying to protect their read ends.&quot; 
Noting that the TSA attrition rate for screeners is 10 percent, Mica said, &quot;This not a thinking organization.&quot; 
</post>
<signature>

</signature>
<external_links>

</external_links>
<country>US</country>
<main_image>http://media4.s-nbcnews.com/j/newscms/2015_31/1148021/150730-peter-neffenger-file-jsw-1016a_27d0bb163bbf18477755e6e950d64f34.nbcnews-fp-1200-800.jpg</main_image>
</document>
