<?xml version="1.0" encoding="UTF-8"?>
<document>
<type>mainstream</type>
<forum>http://www.ilna.ir/feeds/</forum>
<forum_title>خبرگزاری کار ایران - ایلنا</forum_title>
<discussion_title>گزارش تمرین پرسپولیس</discussion_title>
<language>persian</language>
<gmt_offset></gmt_offset>
<topic_url>http://www.ilna.ir/%D8%A8%D8%AE%D8%B4-%D9%88%D8%B1%D8%B2%D8%B4%DB%8C-7/370576-%DA%AF%D8%B2%D8%A7%D8%B1%D8%B4-%D8%AA%D9%85%D8%B1%DB%8C%D9%86-%D9%BE%D8%B1%D8%B3%D9%BE%D9%88%D9%84%DB%8C%D8%B3</topic_url>
<topic_text>
گزارش تمرین پرسپولیس آخرین تمرین تیم فوتبال پرسپولیس قبل از بازی با راه‌آهن بعدازظهر امروز (پنج‌شنبه) برگزار شد. به گزارش ایلنا، تمرین امروز (پنجشنبه) پرسپولیس از ساعت 17 در حضور علی کریمی برگزار شد و برانکو ایوانکوویچ تمرینات متنوع و شادابی را در این تمرین برای شاگردانش در نظر گرفت. کریمی قبل از آغاز تمرین در زمین شماره 2 ورزشگاه آزادی حاضر شد و مورد استقبال گرم برانکو و شاگردانش قرار گرفت. بازیکنان بعد گوش دادن به صحبت‌های کرمی و برانکو زیر نظر مارکو با تمرینات ویژه بدن‌های خود را گرم کردند. با آغاز تمرین برانکو برنامه‌های تاکتیکی خود را در زمین پیاده کرد و خواسته‌های خود به از آنها گوشزد کرد. کریمی از ابتدا تا پایان تمرین در کنار زمین حضور داشت و اطرافیان تیم و بازیکنان هم تا می‌توانستند با وی عکس یادگاری گرفتند. مهرداد کفشگری تنها غایب تمرین بود و میلاد کمندانی هم خیلی با احتیاط تمرین کرد تا مصدومیتش تشدید نشود. برانکو در این تمرین تقریبا ترکیب اصلی تیمش را مشخص کرد. سرخپوشان به احتمال قوی فقط با یک تغییر نسبت به دیدار با گسترش فولاد مقابل راه‌آهن به میدان خواهند رفت و قرار است بنگر جانشین اومانیا شود. در پایان تمرین اعضای تیم به هتل المپیک برگشتند و قرار است امشب در جلسه آنالیز کادر فنی نیز شرکت کنند.
</topic_text>
<spam_score>0.00</spam_score>
<post_num>1</post_num>
<post_id>post-1</post_id>
<post_url>http://www.ilna.ir/%D8%A8%D8%AE%D8%B4-%D9%88%D8%B1%D8%B2%D8%B4%DB%8C-7/370576-%DA%AF%D8%B2%D8%A7%D8%B1%D8%B4-%D8%AA%D9%85%D8%B1%DB%8C%D9%86-%D9%BE%D8%B1%D8%B3%D9%BE%D9%88%D9%84%DB%8C%D8%B3</post_url>
<post_date>20160512</post_date>
<post_time>1408</post_time>
<username></username>
<post>
گزارش تمرین پرسپولیس آخرین تمرین تیم فوتبال پرسپولیس قبل از بازی با راه‌آهن بعدازظهر امروز (پنج‌شنبه) برگزار شد. به گزارش ایلنا، تمرین امروز (پنجشنبه) پرسپولیس از ساعت 17 در حضور علی کریمی برگزار شد و برانکو ایوانکوویچ تمرینات متنوع و شادابی را در این تمرین برای شاگردانش در نظر گرفت. کریمی قبل از آغاز تمرین در زمین شماره 2 ورزشگاه آزادی حاضر شد و مورد استقبال گرم برانکو و شاگردانش قرار گرفت. بازیکنان بعد گوش دادن به صحبت‌های کرمی و برانکو زیر نظر مارکو با تمرینات ویژه بدن‌های خود را گرم کردند. با آغاز تمرین برانکو برنامه‌های تاکتیکی خود را در زمین پیاده کرد و خواسته‌های خود به از آنها گوشزد کرد. کریمی از ابتدا تا پایان تمرین در کنار زمین حضور داشت و اطرافیان تیم و بازیکنان هم تا می‌توانستند با وی عکس یادگاری گرفتند. مهرداد کفشگری تنها غایب تمرین بود و میلاد کمندانی هم خیلی با احتیاط تمرین کرد تا مصدومیتش تشدید نشود. برانکو در این تمرین تقریبا ترکیب اصلی تیمش را مشخص کرد. سرخپوشان به احتمال قوی فقط با یک تغییر نسبت به دیدار با گسترش فولاد مقابل راه‌آهن به میدان خواهند رفت و قرار است بنگر جانشین اومانیا شود. در پایان تمرین اعضای تیم به هتل المپیک برگشتند و قرار است امشب در جلسه آنالیز کادر فنی نیز شرکت کنند.
</post>
<signature>

</signature>
<external_links>

</external_links>
<country>IR</country>
<main_image>http://static3.ilna.ir/thumbnail/m0ODmfcu1Gr4/TbaZ-65erigz_KuonkQ7j4fGZx6NUybp2e1awigXJ3Ar7nwJ7wnB4Gngr8x7S0KTh2o_S9w9xIU,/%D9%BE%D8%B1%D8%B3%D9%BE%D9%88%D9%84%DB%8C%D8%B3.jpg</main_image>
</document>
