<?xml version="1.0" encoding="UTF-8"?>
<document>
<type>mainstream</type>
<forum></forum>
<forum_title></forum_title>
<discussion_title>マッマ「晩御飯何がいい～？」 | ドキドキワクワク情報局〜アンテナ</discussion_title>
<language>english</language>
<gmt_offset></gmt_offset>
<topic_url>http://antena39.site/antena39site/?p=34593</topic_url>
<topic_text>

</topic_text>
<spam_score>0.00</spam_score>
<post_num>1</post_num>
<post_id>post-1</post_id>
<post_url>http://antena39.site/antena39site/?p=34593</post_url>
<post_date>20160512</post_date>
<post_time></post_time>
<username></username>
<post>

</post>
<signature>

</signature>
<external_links>

</external_links>
<country>JP</country>
<main_image>http://sun-moon-star.link/wp-content/uploads/2016/04/cropped-76d53870ec87d06e1d85d4f91c6dc831_s.jpg</main_image>
</document>
