<?xml version="1.0" encoding="UTF-8"?>
<document>
<type>mainstream</type>
<forum>https://www.reminetwork.com/feed/</forum>
<forum_title>REMINET</forum_title>
<discussion_title>EcoDistricts launches new sustainable framework</discussion_title>
<language>english</language>
<gmt_offset></gmt_offset>
<topic_url>https://www.reminetwork.com/articles/ecodistricts-launches-tool-for-sustainable-neighborhoods/</topic_url>
<topic_text>
Green apartments 
EcoDistricts, a new model of urban regeneration to empower sustainable and resilient neighborhoods, has launched the EcoDistricts Protocol, a rigorous, process-based framework and performance standard designed to achieve vibrant community outcomes. 
The new tool culminates more than five years of research, development and advisement from more than 100 diverse industry experts and 16 district-scale projects worldwide. 
“How we build our cities is the biggest challenge and opportunity of our lifetime, said EcoDistricts CEO Rob Bennett, whose company is based in Portland, Oregon. “Success hinges on building robust public-private-civic partnerships, aligning leadership, and improving cross-sector collaboration to put people and planet at the center of every urban development decision.” 
The Protocol, available for free download at www.ecodistricts.org/protocol . is structured around three core areas: THREE IMPERATIVES: Placing social, economic and environmental sustainability at the center of neighborhood initiatives. These include equity, resilience, and climate protection. SIX PRIORITIES: A set of six rigorous goals, 49 objectives, and 94 indicators used to scope and define a district’s sustainability agenda. These include: place, prosperity, health + wellness, connectivity, living infrastructure, and resource restoration. THREE IMPLEMENTATION PHASES: A framework that sets the conditions for sustained, scalable outcomes that address the Protocol’s Imperatives and Priorities and meet the specific needs of the district over time. These phases include formation, roadmap, and performance. Tags:
</topic_text>
<spam_score>0.00</spam_score>
<post_num>1</post_num>
<post_id>post-1</post_id>
<post_url>https://www.reminetwork.com/articles/ecodistricts-launches-tool-for-sustainable-neighborhoods/</post_url>
<post_date>20160512</post_date>
<post_time>1626</post_time>
<username>Rebecca Melnyk</username>
<post>
Green apartments 
EcoDistricts, a new model of urban regeneration to empower sustainable and resilient neighborhoods, has launched the EcoDistricts Protocol, a rigorous, process-based framework and performance standard designed to achieve vibrant community outcomes. 
The new tool culminates more than five years of research, development and advisement from more than 100 diverse industry experts and 16 district-scale projects worldwide. 
“How we build our cities is the biggest challenge and opportunity of our lifetime, said EcoDistricts CEO Rob Bennett, whose company is based in Portland, Oregon. “Success hinges on building robust public-private-civic partnerships, aligning leadership, and improving cross-sector collaboration to put people and planet at the center of every urban development decision.” 
The Protocol, available for free download at www.ecodistricts.org/protocol . is structured around three core areas: THREE IMPERATIVES: Placing social, economic and environmental sustainability at the center of neighborhood initiatives. These include equity, resilience, and climate protection. SIX PRIORITIES: A set of six rigorous goals, 49 objectives, and 94 indicators used to scope and define a district’s sustainability agenda. These include: place, prosperity, health + wellness, connectivity, living infrastructure, and resource restoration. THREE IMPLEMENTATION PHASES: A framework that sets the conditions for sustained, scalable outcomes that address the Protocol’s Imperatives and Priorities and meet the specific needs of the district over time. These phases include formation, roadmap, and performance. Tags:
</post>
<signature>

</signature>
<external_links>

</external_links>
<country>US</country>
<main_image>https://www.reminetwork.com/wp-content/uploads/greencity.jpg</main_image>
</document>
