<?xml version="1.0" encoding="UTF-8"?>
<document>
<type>mainstream</type>
<forum>http://dc.watch.impress.co.jp/cda/rss/digicame.rdf</forum>
<forum_title>デジカメ Watch</forum_title>
<discussion_title>キヤノン、小型ボディに光学25倍「PowerShot SX620 HS」 従来機よりサイズダウン、それでいてさらなる高倍率化に成功</discussion_title>
<language>japanese</language>
<gmt_offset></gmt_offset>
<topic_url>http://dc.watch.impress.co.jp/docs/news/20160511_755500.html?ref=rss</topic_url>
<topic_text>
Reported by デジカメWatch編集部 （2016/5/11 13:13） 2016年5月10日 高橋智史写真展「Borei Keila −土地奪われし女性たちの闘い−」
</topic_text>
<spam_score>0.00</spam_score>
<post_num>1</post_num>
<post_id>post-1</post_id>
<post_url>http://dc.watch.impress.co.jp/docs/news/20160511_755500.html?ref=rss</post_url>
<post_date>20160511</post_date>
<post_time>0413</post_time>
<username></username>
<post>
Reported by デジカメWatch編集部 （2016/5/11 13:13） 2016年5月10日 高橋智史写真展「Borei Keila −土地奪われし女性たちの闘い−」
</post>
<signature>

</signature>
<external_links>

</external_links>
<country>JP</country>
<main_image>http://dc.watch.impress.co.jp/img/dcw/list/755/500/important_image.jpg</main_image>
</document>
