<?xml version="1.0" encoding="UTF-8"?>
<document>
<type>mainstream</type>
<forum>http://dc.watch.impress.co.jp/cda/rss/digicame.rdf</forum>
<forum_title>デジカメ Watch</forum_title>
<discussion_title>キヤノン、EOS M初のマクロレンズ「EF-M 28mm F3.5 Macro IS STM」 レンズの左右にLEDを搭載 リングライトのような効果</discussion_title>
<language>japanese</language>
<gmt_offset></gmt_offset>
<topic_url>http://dc.watch.impress.co.jp/docs/news/20160511_755467.html?ref=rss</topic_url>
<topic_text>
外したレンズキャップ、どうしてます？
</topic_text>
<spam_score>0.00</spam_score>
<post_num>1</post_num>
<post_id>post-1</post_id>
<post_url>http://dc.watch.impress.co.jp/docs/news/20160511_755467.html?ref=rss</post_url>
<post_date>20160511</post_date>
<post_time>0415</post_time>
<username></username>
<post>
外したレンズキャップ、どうしてます？
</post>
<signature>

</signature>
<external_links>

</external_links>
<country>JP</country>
<main_image>http://dc.watch.impress.co.jp/img/dcw/list/755/467/important_image.jpg</main_image>
</document>
