<?xml version="1.0" encoding="UTF-8"?>
<document>
<type>mainstream</type>
<forum>http://www.bignewsnetwork.com/index.php/nav/rss/de51264898713a16</forum>
<forum_title>Latest Big News Network RSS Feeds</forum_title>
<discussion_title>HomeStreet buys The Bank of Oswego in Oregon</discussion_title>
<language>english</language>
<gmt_offset></gmt_offset>
<topic_url>http://www.bignewsnetwork.com/news/244018461/homestreet-buys-the-bank-of-oswego-in-oregon</topic_url>
<topic_text>
Business Journal Friday 13th May, 2016 Seattle-based HomeStreet Bank is buying The Bank of Oswego to increase its branches in the greater Portland area.
HomeStreet (NASDAQ:HMST) is acquiring two branches in Lake Oswego, Ore. As of March 31, 2016, total deposits were about $52.4 million for both branches. Additionally, HomeStreet is acquiring assets, including loans totaling $42.9 million. 
The acquisition is expected to be completed in the third quarter of 2016. Bank regulators and The Bank of Oswego shareholders must approve the deal. 
&apos;We&apos;re...
</topic_text>
<spam_score>0.00</spam_score>
<post_num>1</post_num>
<post_id>post-1</post_id>
<post_url>http://www.bignewsnetwork.com/news/244018461/homestreet-buys-the-bank-of-oswego-in-oregon</post_url>
<post_date>20160512</post_date>
<post_time>1538</post_time>
<username></username>
<post>
Business Journal Friday 13th May, 2016 Seattle-based HomeStreet Bank is buying The Bank of Oswego to increase its branches in the greater Portland area.
HomeStreet (NASDAQ:HMST) is acquiring two branches in Lake Oswego, Ore. As of March 31, 2016, total deposits were about $52.4 million for both branches. Additionally, HomeStreet is acquiring assets, including loans totaling $42.9 million. 
The acquisition is expected to be completed in the third quarter of 2016. Bank regulators and The Bank of Oswego shareholders must approve the deal. 
&apos;We&apos;re...
</post>
<signature>

</signature>
<external_links>

</external_links>
<country>US</country>
<main_image>http://cdn.bignewsnetwork.com/uni1463067512.jpg</main_image>
</document>
