<?xml version="1.0" encoding="UTF-8"?>
<document>
<type>mainstream</type>
<forum></forum>
<forum_title></forum_title>
<discussion_title>Kein Payback-Cash bei Linda | APOTHEKE ADHOC</discussion_title>
<language>german</language>
<gmt_offset></gmt_offset>
<topic_url>http://www.apotheke-adhoc.de/nachrichten/markt/nachricht-detail-markt/kein-payback-cash-bei-linda-apotheke-dm-kundenkarte/</topic_url>
<topic_text>
Apothekenkooperationen Kein Payback-Cash bei Linda Patrick Hollstein, 12.05.2016 12:14 Uhr Kein Payment mit Payback: Bei Linda können Kunden mit ihrer Karte Punkte sammeln, aber nicht bezahlen. Foto: APOTHEKE ADHOC Aufgrund der vielen verschiedenen Warenwirtschaftssysteme sei die technische Umsetzung zur Zeit nicht möglich, erklärt eine Sprecherin. Foto: Elke Hinkelbein Außerdem seien die datenschutzrechtlichen Risiken sehr hoch und müssten im Vorfeld sehr genau geprüft werden Ab Juni können die Verbraucher bei dm mit ihrer Payback-Karte bezahlen. Foto: APOTHEKE ADHOC dm-Geschäftsführer Christoph Werner lobt die „mehrwertschaffenden Funktionen“ der neuen digitalen Kundenkarte. Foto: dm Im Juli stößt die Supermarktkette Real dazu, ... Foto: Real ... im August die BP-Tochter Aral. Foto: Rainer Sturm / pixelio.de Bis Ende 2016 schließen sich Galeria Kaufhof, ... Foto: APOTHEKE ADHOC ... Rewe und Alnatura an. Foto: APOTHEKE ADHOC Payback startete 2000, heute hat das Konzept 28 Millionen Nutzer und 650 Handelspartner. Foto: APOTHEKE ADHOC Deutschlandchef ist Dominik Dommick. Gesellschafter sind American Express, Erfinder Alexander Rittweger und das Management. Foto: Payback Ein konkurrierendes Konzept ist die Deutschlandcard. Foto: APOTHEKE ADHOC Happy Digits wurde vor einigen Jahren eingestellt. Foto: APOTHEKE ADHOC Für die rund 1100 Linda-Apotheken ist Payback ein wichtiger Baustein im Serviceprogramm. Foto: Linda Insgesamt will Linda in den kommenden Jahren sechs „strategische Grundpfeiler“ angehen. Foto: Christof Stache Dazu gehören die pharmazeutische Kompetenz, Sortimentsleistungen, Service und Dienstleistungen ... Foto: Linda ... sowie Corporate Identity, die Kundenbindung, die virtuelle Apotheke. Foto: Elke Hinkelbein Schwerpunkte in der pharmazeutischen Kompetenz sollen im Management von Interaktionen und der intensivierten Beratung und Betreuung von Patienten sein. Foto: Linda Das Positionierungsprogramm erschien pünktlich zum zehnten Geburtstag der Kooperation. Foto: APOTHEKE ADHOC Der MVDA hat 3500 Mitglieder. Foto: APOTHEKE ADHOC Die Dachmarke soll entsprechend dem Positionierungsprogramm „Linda 2020+“ unter anderem durch pharmazeutische Inhalte aufgeladen werden. Foto: APOTHEKE ADHOC Das neue Präsidium ist seit Oktober im Amt, v.l.n.r.: Klaus Lieske, Wicht, Hame-Fischer, Dr. Sven Simons und Jürgen Lutsch. Foto: MVDA Wolfgang Simons (Agger Apotheke, Gummersbach) ... Foto: Elke Hinkelbein ... und Ulrich Ströh (Belvedere-Apotheke, Kiel) traten nicht noch einmal zur Wiederwahl an. Foto: Linda 18 Regionalsprecher stimmen im Vorstand über das Präsidium ab; außerdem gründen und besetzen sie Ausschüsse und Kommissionen. Deren Vorsitzende sind ebenfalls Mitglieder im maximal 25-köpfigen Vorstand. Foto: MVDA 2015 feierte der Verbund sein 25-jähriges Jubiläum; seit 1999 ist der MVDA als Verein eingetragen. Foto: MVDA Bei der Jubiläumsfeier wurden neben Simons, ... Foto: MVDA ... Lieske ... Foto: MVDA ... und dem heutigen Linda-Aufsichtsratschef Rainer Kassubek ... Foto: MVDA ... Gründungsmitglieder Dieter Fuxius, ... Foto: MVDA ... Helmut Gerd Schmidt geehrt. Foto: MVDA Die Frau von Udo Penner nahm stellvertretend die Blumen in Empfang. Foto: MVDA Vorstände von Linda sind Georg Rommerskirchen, ... Foto: Linda ... Helmut Trahmer ... Foto: Linda ... und seit Januar 2015 auch Volker Karg. Foto: Linda Berlin - Kunden können ab Juni mit ihrer Payback-Karte nicht nur Punkte sammeln, sondern auch bezahlen. Die Drogeriekette dm ist erster Partner der neuen Payback-App mit Payment-Funktion. Im Laufe des Jahres kommen weitere Einzelhändler dazu; die Linda-Apotheken sind in der ersten Phase nicht dabei. Tweet 
Mit der überarbeiteten Smartphone-App können Kunden Punkte sammeln, Vorteilscoupons einlösen und erstmals auch mobil bezahlen. Die App ist ab 31. Mai im Google Play Store und im Apple App Store in der neuen Version verfügbar. 
Die Bezahlfunktion wird als erstes bei dm eingeführt. Im Juli stößt die Supermarktkette Real dazu, im August die BP-Tochter Aral. Bis Ende 2016 schließen sich Galeria Kaufhof, Rewe und Alnatura an. 
Auch bei den Linda-Apotheken wird ab Juni das Sammeln von Punkten über die App möglich sein. Bei der Payment-Funktion ist die Kooperation in der ersten Phase dagegen nicht dabei. „Aufgrund der vielen verschiedenen Warenwirtschaftssysteme ist die technische Umsetzung zurzeit nicht möglich“, erklärt eine Sprecherin. „Da sich die Linda-Apotheken in einem sehr sensiblen Bereich bewegen, was den Datenschutz angeht, sind außerdem die rechtlichen Risiken sehr hoch und müssen im Vorfeld sehr genau geprüft werden.“ 
dm-Geschäftsführer Christoph Werner lobt dagegen die „mehrwertschaffenden Funktionen“ der neuen digitalen Kundenkarte. „Wir freuen uns sehr, dass wir als erster Partner exklusiv das mobile Bezahlen anbieten können.“ 1 
</topic_text>
<spam_score>0.00</spam_score>
<post_num>1</post_num>
<post_id>post-1</post_id>
<post_url>http://www.apotheke-adhoc.de/nachrichten/markt/nachricht-detail-markt/kein-payback-cash-bei-linda-apotheke-dm-kundenkarte/</post_url>
<post_date>20160512</post_date>
<post_time></post_time>
<username></username>
<post>
Apothekenkooperationen Kein Payback-Cash bei Linda Patrick Hollstein, 12.05.2016 12:14 Uhr Kein Payment mit Payback: Bei Linda können Kunden mit ihrer Karte Punkte sammeln, aber nicht bezahlen. Foto: APOTHEKE ADHOC Aufgrund der vielen verschiedenen Warenwirtschaftssysteme sei die technische Umsetzung zur Zeit nicht möglich, erklärt eine Sprecherin. Foto: Elke Hinkelbein Außerdem seien die datenschutzrechtlichen Risiken sehr hoch und müssten im Vorfeld sehr genau geprüft werden Ab Juni können die Verbraucher bei dm mit ihrer Payback-Karte bezahlen. Foto: APOTHEKE ADHOC dm-Geschäftsführer Christoph Werner lobt die „mehrwertschaffenden Funktionen“ der neuen digitalen Kundenkarte. Foto: dm Im Juli stößt die Supermarktkette Real dazu, ... Foto: Real ... im August die BP-Tochter Aral. Foto: Rainer Sturm / pixelio.de Bis Ende 2016 schließen sich Galeria Kaufhof, ... Foto: APOTHEKE ADHOC ... Rewe und Alnatura an. Foto: APOTHEKE ADHOC Payback startete 2000, heute hat das Konzept 28 Millionen Nutzer und 650 Handelspartner. Foto: APOTHEKE ADHOC Deutschlandchef ist Dominik Dommick. Gesellschafter sind American Express, Erfinder Alexander Rittweger und das Management. Foto: Payback Ein konkurrierendes Konzept ist die Deutschlandcard. Foto: APOTHEKE ADHOC Happy Digits wurde vor einigen Jahren eingestellt. Foto: APOTHEKE ADHOC Für die rund 1100 Linda-Apotheken ist Payback ein wichtiger Baustein im Serviceprogramm. Foto: Linda Insgesamt will Linda in den kommenden Jahren sechs „strategische Grundpfeiler“ angehen. Foto: Christof Stache Dazu gehören die pharmazeutische Kompetenz, Sortimentsleistungen, Service und Dienstleistungen ... Foto: Linda ... sowie Corporate Identity, die Kundenbindung, die virtuelle Apotheke. Foto: Elke Hinkelbein Schwerpunkte in der pharmazeutischen Kompetenz sollen im Management von Interaktionen und der intensivierten Beratung und Betreuung von Patienten sein. Foto: Linda Das Positionierungsprogramm erschien pünktlich zum zehnten Geburtstag der Kooperation. Foto: APOTHEKE ADHOC Der MVDA hat 3500 Mitglieder. Foto: APOTHEKE ADHOC Die Dachmarke soll entsprechend dem Positionierungsprogramm „Linda 2020+“ unter anderem durch pharmazeutische Inhalte aufgeladen werden. Foto: APOTHEKE ADHOC Das neue Präsidium ist seit Oktober im Amt, v.l.n.r.: Klaus Lieske, Wicht, Hame-Fischer, Dr. Sven Simons und Jürgen Lutsch. Foto: MVDA Wolfgang Simons (Agger Apotheke, Gummersbach) ... Foto: Elke Hinkelbein ... und Ulrich Ströh (Belvedere-Apotheke, Kiel) traten nicht noch einmal zur Wiederwahl an. Foto: Linda 18 Regionalsprecher stimmen im Vorstand über das Präsidium ab; außerdem gründen und besetzen sie Ausschüsse und Kommissionen. Deren Vorsitzende sind ebenfalls Mitglieder im maximal 25-köpfigen Vorstand. Foto: MVDA 2015 feierte der Verbund sein 25-jähriges Jubiläum; seit 1999 ist der MVDA als Verein eingetragen. Foto: MVDA Bei der Jubiläumsfeier wurden neben Simons, ... Foto: MVDA ... Lieske ... Foto: MVDA ... und dem heutigen Linda-Aufsichtsratschef Rainer Kassubek ... Foto: MVDA ... Gründungsmitglieder Dieter Fuxius, ... Foto: MVDA ... Helmut Gerd Schmidt geehrt. Foto: MVDA Die Frau von Udo Penner nahm stellvertretend die Blumen in Empfang. Foto: MVDA Vorstände von Linda sind Georg Rommerskirchen, ... Foto: Linda ... Helmut Trahmer ... Foto: Linda ... und seit Januar 2015 auch Volker Karg. Foto: Linda Berlin - Kunden können ab Juni mit ihrer Payback-Karte nicht nur Punkte sammeln, sondern auch bezahlen. Die Drogeriekette dm ist erster Partner der neuen Payback-App mit Payment-Funktion. Im Laufe des Jahres kommen weitere Einzelhändler dazu; die Linda-Apotheken sind in der ersten Phase nicht dabei. Tweet 
Mit der überarbeiteten Smartphone-App können Kunden Punkte sammeln, Vorteilscoupons einlösen und erstmals auch mobil bezahlen. Die App ist ab 31. Mai im Google Play Store und im Apple App Store in der neuen Version verfügbar. 
Die Bezahlfunktion wird als erstes bei dm eingeführt. Im Juli stößt die Supermarktkette Real dazu, im August die BP-Tochter Aral. Bis Ende 2016 schließen sich Galeria Kaufhof, Rewe und Alnatura an. 
Auch bei den Linda-Apotheken wird ab Juni das Sammeln von Punkten über die App möglich sein. Bei der Payment-Funktion ist die Kooperation in der ersten Phase dagegen nicht dabei. „Aufgrund der vielen verschiedenen Warenwirtschaftssysteme ist die technische Umsetzung zurzeit nicht möglich“, erklärt eine Sprecherin. „Da sich die Linda-Apotheken in einem sehr sensiblen Bereich bewegen, was den Datenschutz angeht, sind außerdem die rechtlichen Risiken sehr hoch und müssen im Vorfeld sehr genau geprüft werden.“ 
dm-Geschäftsführer Christoph Werner lobt dagegen die „mehrwertschaffenden Funktionen“ der neuen digitalen Kundenkarte. „Wir freuen uns sehr, dass wir als erster Partner exklusiv das mobile Bezahlen anbieten können.“ 1 
</post>
<signature>

</signature>
<external_links>

</external_links>
<country>DE</country>
<main_image>/fileadmin/content/redaktion/Fotos_Typo3/Bildergalerien/141020-linda/linda_payback19-aa_A.jpg</main_image>
</document>
