<?xml version="1.0" encoding="UTF-8"?>
<document>
<type>mainstream</type>
<forum>http://bookarchive.ru//engine/rss.php</forum>
<forum_title>Скачать книги бесплатно на BookArchive</forum_title>
<discussion_title>Арт (дилогия в одном томе)</discussion_title>
<language>russian</language>
<gmt_offset></gmt_offset>
<topic_url>http://www.bookarchive.ru/khud_literatura/otech_literatura/otech_fant/330785-art-dilogiya-v-odnom-tome.html</topic_url>
<topic_text>
Арт (дилогия в одном томе) Арт (дилогия в одном томе) Валерий Афанасьев Русский pdf, fb2, txt, rtf, epub 11.1 Мб Путь генерала: Наш современник Саша Артамонов волею случая оказывается на войне. Да еще на такой войне, где бои идут на мечах, а в качестве транспорта выступают кони. Саша историк, он видит, что ни оружие, ни тактика, которые используют его новые товарищи, не приносят успеха. Стоять в стороне или помочь? С его опытом и знаниями многого можно добиться. И не беда, что противник – это огромные дикари, управляемые таинственными шаманами… Знания и талант помогут отстоять королевство! Но при этом Арту придется пройти путь от рядового до генерала. Обстоятельства изменились, и жизнь бросает Арту новый вызов. Позади Латардия вместе с былыми радостями и испытаниями. Позади его генеральство. Начинать приходится почти с нуля на новом месте и в новых условиях — в краю лироков. А здесь лишь одна община признала его своим вождем. И все бы ничего, но краю грозит вторжение старого врага: мапри после поражения в Латардии стали чаще совершать грабительские набеги на соседские земли. Как защитить народ лироков? Их роды разобщены, каждый сам за себя. Без совместных усилий угроза нависнет над всем краем. Но на пути к единству придется решить немало задач, и создание объединенных пограничных отрядов лишь одна из них. Общей армии недостаточно для того, чтобы сплотить народ. Задача объемнее. Эта задача не для генерала, эта задача для правителя. Путь генерала Путь правителя http://turbobit.net/w9xmn1q3fhhw.html -
</topic_text>
<spam_score>0.00</spam_score>
<post_num>1</post_num>
<post_id>post-1</post_id>
<post_url>http://www.bookarchive.ru/khud_literatura/otech_literatura/otech_fant/330785-art-dilogiya-v-odnom-tome.html</post_url>
<post_date>20160512</post_date>
<post_time>1600</post_time>
<username>gencha</username>
<post>
Арт (дилогия в одном томе) Арт (дилогия в одном томе) Валерий Афанасьев Русский pdf, fb2, txt, rtf, epub 11.1 Мб Путь генерала: Наш современник Саша Артамонов волею случая оказывается на войне. Да еще на такой войне, где бои идут на мечах, а в качестве транспорта выступают кони. Саша историк, он видит, что ни оружие, ни тактика, которые используют его новые товарищи, не приносят успеха. Стоять в стороне или помочь? С его опытом и знаниями многого можно добиться. И не беда, что противник – это огромные дикари, управляемые таинственными шаманами… Знания и талант помогут отстоять королевство! Но при этом Арту придется пройти путь от рядового до генерала. Обстоятельства изменились, и жизнь бросает Арту новый вызов. Позади Латардия вместе с былыми радостями и испытаниями. Позади его генеральство. Начинать приходится почти с нуля на новом месте и в новых условиях — в краю лироков. А здесь лишь одна община признала его своим вождем. И все бы ничего, но краю грозит вторжение старого врага: мапри после поражения в Латардии стали чаще совершать грабительские набеги на соседские земли. Как защитить народ лироков? Их роды разобщены, каждый сам за себя. Без совместных усилий угроза нависнет над всем краем. Но на пути к единству придется решить немало задач, и создание объединенных пограничных отрядов лишь одна из них. Общей армии недостаточно для того, чтобы сплотить народ. Задача объемнее. Эта задача не для генерала, эта задача для правителя. Путь генерала Путь правителя http://turbobit.net/w9xmn1q3fhhw.html -
</post>
<signature>

</signature>
<external_links>

</external_links>
<country>RU</country>
<main_image>/uploads/posts/2016-05/thumbs/1462956910_2016-afanasev.jpg</main_image>
</document>
