<?xml version="1.0" encoding="UTF-8"?>
<document>
<type>mainstream</type>
<forum></forum>
<forum_title></forum_title>
<discussion_title>د خزانې وفاقی وزیر اسحاق ډار د ورځپاڼې بزنس ریکارډر مشر نامه نګار ظهیر عباسی د پلار په مړينه غمرازي ښكاره كړه | APP Pashto service</discussion_title>
<language>urdu</language>
<gmt_offset></gmt_offset>
<topic_url>http://pashto.app.com.pk/pashto/2016/05/%d8%af-%d8%ae%d8%b2%d8%a7%d9%86%db%90-%d9%88%d9%81%d8%a7%d9%82%db%8c-%d9%88%d8%b2%db%8c%d8%b1-%d8%a7%d8%b3%d8%ad%d8%a7%d9%82-%da%89%d8%a7%d8%b1-%d8%af-%d9%88%d8%b1%da%81%d9%be%d8%a7%da%bc%db%90-%d8%a8/</topic_url>
<topic_text>
د خزانې وفاقی وزیر اسحاق ډار د ورځپاڼې بزنس ریکارډر مشر نامه نګار ظهیر عباسی د پلار په مړينه غمرازي ښكاره كړه May 12, 2016 tweet 
اسلام آباد 12 مئی (اے پی پی) د خزانې وفاقی وزیر اسحاق ډار د ورځپاڼې بزنس ریکارډر مشر نامه نګار ظهیر عباسی د پلار په مړينه غمرازي ښكاره كړې ده۔د غمرازۍ په خپل پیغام كښې ده ووئيل د پلار جدائي د انسان پھ ژوند كښې لوي سخت وخت وي شیئرکریں 
</topic_text>
<spam_score>0.00</spam_score>
<post_num>1</post_num>
<post_id>post-1</post_id>
<post_url>http://pashto.app.com.pk/pashto/2016/05/%d8%af-%d8%ae%d8%b2%d8%a7%d9%86%db%90-%d9%88%d9%81%d8%a7%d9%82%db%8c-%d9%88%d8%b2%db%8c%d8%b1-%d8%a7%d8%b3%d8%ad%d8%a7%d9%82-%da%89%d8%a7%d8%b1-%d8%af-%d9%88%d8%b1%da%81%d9%be%d8%a7%da%bc%db%90-%d8%a8/</post_url>
<post_date>20160512</post_date>
<post_time></post_time>
<username>Uploader Nothing</username>
<post>
د خزانې وفاقی وزیر اسحاق ډار د ورځپاڼې بزنس ریکارډر مشر نامه نګار ظهیر عباسی د پلار په مړينه غمرازي ښكاره كړه May 12, 2016 tweet 
اسلام آباد 12 مئی (اے پی پی) د خزانې وفاقی وزیر اسحاق ډار د ورځپاڼې بزنس ریکارډر مشر نامه نګار ظهیر عباسی د پلار په مړينه غمرازي ښكاره كړې ده۔د غمرازۍ په خپل پیغام كښې ده ووئيل د پلار جدائي د انسان پھ ژوند كښې لوي سخت وخت وي شیئرکریں 
</post>
<signature>

</signature>
<external_links>

</external_links>
<country>PK</country>
<main_image>http://pashto.app.com.pk/pashto/wp-content/uploads/2016/05/ishaq-dar1.jpg</main_image>
</document>
