<?xml version="1.0" encoding="UTF-8"?>
<document>
<type>mainstream</type>
<forum>http://wn.com/Glenn_McDonald</forum>
<forum_title>Glenn Mcdonald</forum_title>
<discussion_title>McDonald&apos;s Employee&apos;s Powerful Response To Those Who Say He&apos;s In A &apos;Dead End Job&apos;</discussion_title>
<language>english</language>
<gmt_offset></gmt_offset>
<topic_url>http://article.wn.com/view/2016/05/12/McDonalds_Employees_Powerful_Response_To_Those_Who_Say_Hes_I/</topic_url>
<topic_text>
A McDonald&apos;s worker in Edinburgh has posted a rant on Facebook targeting those who job shame him.
Mike Waite, who works 50 hours a week at McDonald&apos;s, defended his decision to work for the food chain in an articulate and inspiring
</topic_text>
<spam_score>0.00</spam_score>
<post_num>1</post_num>
<post_id>post-1</post_id>
<post_url>http://article.wn.com/view/2016/05/12/McDonalds_Employees_Powerful_Response_To_Those_Who_Say_Hes_I/</post_url>
<post_date>20160512</post_date>
<post_time></post_time>
<username>wn.com</username>
<post>
A McDonald&apos;s worker in Edinburgh has posted a rant on Facebook targeting those who job shame him.
Mike Waite, who works 50 hours a week at McDonald&apos;s, defended his decision to work for the food chain in an articulate and inspiring
</post>
<signature>

</signature>
<external_links>

</external_links>
<country>GB</country>
<main_image>http://i.ytimg.com/vi/elP-sm3RkBE/0.jpg</main_image>
</document>
