<?xml version="1.0" encoding="UTF-8"?>
<document>
<type>mainstream</type>
<forum>http://apparel.edgl.com/rss/allcontent</forum>
<forum_title>Apparel News All Access Content RSS Feed</forum_title>
<discussion_title>Archroma Unveils Cotton Poplin Color Library</discussion_title>
<language>english</language>
<gmt_offset></gmt_offset>
<topic_url>http://apparel.edgl.com/news/Archroma-Unveils-Cotton-Poplin-Color-Library105528?rssid=Article105528</topic_url>
<topic_text>
Archroma Unveils Cotton Poplin Color Library — May 12, 2016 
Archroma&apos;s Color Management service business is launching a cotton poplin color library with more than 4,300 readily available new shades. Archroma&apos;s Color Management customers have come to rely on 16 years of recognized expertise in the formulation, standardization and management of custom colors along the entire textile supply chain, a service that the company pioneered when it was devised and launched by its team back in 2000. Fashion designers, brands, retailers and their suppliers are facing many challenges from global sourcing to ambitious deadlines. Archroma Color Management helps them to achieve accurate colors, and accelerate their time to market with color management services, unique software tools and support systems. Color Management redefined True to the company&apos;s commitment to continuously challenge the status quo, Archroma&apos;s color management experts would not settle for just developing another color library similar to what is already available on the market, they decided to change the approach altogether. Color Atlas by Archroma® The result is Color Atlas by Archroma, a color library created to easily bring color creativity and manageability to an entire new level for stylists and designers, brands and retailers, and their suppliers. The Color Atlas by Archroma is a system that includes: A &quot;physical library&quot; consisting of more than 4,300 colors, in six volumes. The new accordion-fold design of the library volumes is an innovative step away from traditional three-ring binders, for quick and intuitive browsing of the cotton poplin samples. Colorful book covers indicate the shades that lie within each volume. Secure tabs help keep the swatches neat and ordered while allowing them to be easily removed; A mobile-friendly Color Atlas Online with exciting features such as &quot;color-on-the-go&quot; which allows you to capture an image using your smartphone, and identify the closest Color Atlas shades with the possibility to purchase a color sample instantly;&quot;Engineered Color Standards&quot; connected to robust online technical databases via mobile communication technology (patent pending).&quot;With our new Color Atlas tool, we believe that we are redefining the concept of a color library for the textile industry&quot;, says Brad McClanahan, head of service businesses at Archroma Textile Specialties. &quot;We offer what we believe is a unique set of tools - through web-based software and customized services - for color selection, color development, color standards, and the communication of seasonal color palettes.&quot;&quot;Some features of the Color Atlas are already creating a lot of excitement with the designers who have had a sneak preview of the tools, such as the &quot;color-on-the-go&quot; feature. With this feature, you can capture images that inspire you and quickly find color options using just a smart phone,&quot; adds Chris Hipps, head of Archroma Color Management. &quot;We are also very excited about our patent-pending technology that adds swatch-specific information to each Engineered Color Standard, giving retailers, brands and mills instant access to more color information than ever.&quot; Watch the video: https://www.youtube.com/watch?v=tSkbx2vTTuI. RELATED LINKS
</topic_text>
<spam_score>0.00</spam_score>
<post_num>1</post_num>
<post_id>post-1</post_id>
<post_url>http://apparel.edgl.com/news/Archroma-Unveils-Cotton-Poplin-Color-Library105528?rssid=Article105528</post_url>
<post_date>20160512</post_date>
<post_time>1008</post_time>
<username></username>
<post>
Archroma Unveils Cotton Poplin Color Library — May 12, 2016 
Archroma&apos;s Color Management service business is launching a cotton poplin color library with more than 4,300 readily available new shades. Archroma&apos;s Color Management customers have come to rely on 16 years of recognized expertise in the formulation, standardization and management of custom colors along the entire textile supply chain, a service that the company pioneered when it was devised and launched by its team back in 2000. Fashion designers, brands, retailers and their suppliers are facing many challenges from global sourcing to ambitious deadlines. Archroma Color Management helps them to achieve accurate colors, and accelerate their time to market with color management services, unique software tools and support systems. Color Management redefined True to the company&apos;s commitment to continuously challenge the status quo, Archroma&apos;s color management experts would not settle for just developing another color library similar to what is already available on the market, they decided to change the approach altogether. Color Atlas by Archroma® The result is Color Atlas by Archroma, a color library created to easily bring color creativity and manageability to an entire new level for stylists and designers, brands and retailers, and their suppliers. The Color Atlas by Archroma is a system that includes: A &quot;physical library&quot; consisting of more than 4,300 colors, in six volumes. The new accordion-fold design of the library volumes is an innovative step away from traditional three-ring binders, for quick and intuitive browsing of the cotton poplin samples. Colorful book covers indicate the shades that lie within each volume. Secure tabs help keep the swatches neat and ordered while allowing them to be easily removed; A mobile-friendly Color Atlas Online with exciting features such as &quot;color-on-the-go&quot; which allows you to capture an image using your smartphone, and identify the closest Color Atlas shades with the possibility to purchase a color sample instantly;&quot;Engineered Color Standards&quot; connected to robust online technical databases via mobile communication technology (patent pending).&quot;With our new Color Atlas tool, we believe that we are redefining the concept of a color library for the textile industry&quot;, says Brad McClanahan, head of service businesses at Archroma Textile Specialties. &quot;We offer what we believe is a unique set of tools - through web-based software and customized services - for color selection, color development, color standards, and the communication of seasonal color palettes.&quot;&quot;Some features of the Color Atlas are already creating a lot of excitement with the designers who have had a sneak preview of the tools, such as the &quot;color-on-the-go&quot; feature. With this feature, you can capture images that inspire you and quickly find color options using just a smart phone,&quot; adds Chris Hipps, head of Archroma Color Management. &quot;We are also very excited about our patent-pending technology that adds swatch-specific information to each Engineered Color Standard, giving retailers, brands and mills instant access to more color information than ever.&quot; Watch the video: https://www.youtube.com/watch?v=tSkbx2vTTuI. RELATED LINKS
</post>
<signature>

</signature>
<external_links>

</external_links>
<country>US</country>
<main_image>http://apparel.edgl.com/CMSPages/GetFile.aspx?guid=</main_image>
</document>
