<?xml version="1.0" encoding="UTF-8"?>
<document>
<type>mainstream</type>
<forum></forum>
<forum_title></forum_title>
<discussion_title>Eerste trailer van de Assassin&apos;s Creed film schept hoge verwachtingen - WANT</discussion_title>
<language>dutch</language>
<gmt_offset></gmt_offset>
<topic_url>http://www.want.nl/eerste-trailer-van-de-assassins-creed-film-schept-hoge-verwachtingen/</topic_url>
<topic_text>
Eerste trailer van de Assassin’s Creed film schept hoge verwachtingen 9 uur geleden - door Zuhre 
Yehes! Als je ooit Assassin’s Creed hebt gespeeld ben je waarschijnlijk net zoals wij helemaal weg van het spel. Als gamer heb je bijzonder veel bewegingsvrijheid in het spel en kun je vrijwel overal interactief mee omgaan. Zo kun je vrij door de steden bewegen en naar je eigen wensen opereren. Dat is tof! Wellicht wist je al dat er een Assassin’s Creed film onderweg is. In de hoofdrol zien we Michael Fassbender die we onder andere van de X-Men franchise kennen. Wij hebben er, vooral na het zien van de eerste trailer, al het vertrouwen in dat hij deze hoofdrol goed gaat vertolken. De trailer van de langverwachte Assassin’s Creed film 
De trailer laat naar onze mening zien dat alle ingrediënten voor een gave film zijn inbegrepen. Zo zien we hoe het verhaal van de hoofdrolspeler begint, de prachtige steden die we van het spel kennen én briljante actie van de strijders van het licht. Wij kunnen niet wachten totdat we deze film mogen bewonderen. Vergeet ‘m niet in je agenda te zetten, want de Assassin’s Creed film is vanaf 5 januari 2017 in de Nederlandse bioscopen te zien! 
</topic_text>
<spam_score>0.00</spam_score>
<post_num>1</post_num>
<post_id>post-1</post_id>
<post_url>http://www.want.nl/eerste-trailer-van-de-assassins-creed-film-schept-hoge-verwachtingen/</post_url>
<post_date>20160512</post_date>
<post_time></post_time>
<username></username>
<post>
Eerste trailer van de Assassin’s Creed film schept hoge verwachtingen 9 uur geleden - door Zuhre 
Yehes! Als je ooit Assassin’s Creed hebt gespeeld ben je waarschijnlijk net zoals wij helemaal weg van het spel. Als gamer heb je bijzonder veel bewegingsvrijheid in het spel en kun je vrijwel overal interactief mee omgaan. Zo kun je vrij door de steden bewegen en naar je eigen wensen opereren. Dat is tof! Wellicht wist je al dat er een Assassin’s Creed film onderweg is. In de hoofdrol zien we Michael Fassbender die we onder andere van de X-Men franchise kennen. Wij hebben er, vooral na het zien van de eerste trailer, al het vertrouwen in dat hij deze hoofdrol goed gaat vertolken. De trailer van de langverwachte Assassin’s Creed film 
De trailer laat naar onze mening zien dat alle ingrediënten voor een gave film zijn inbegrepen. Zo zien we hoe het verhaal van de hoofdrolspeler begint, de prachtige steden die we van het spel kennen én briljante actie van de strijders van het licht. Wij kunnen niet wachten totdat we deze film mogen bewonderen. Vergeet ‘m niet in je agenda te zetten, want de Assassin’s Creed film is vanaf 5 januari 2017 in de Nederlandse bioscopen te zien! 
</post>
<signature>

</signature>
<external_links>

</external_links>
<country>US</country>
<main_image>http://www.want.nl/wp-content/uploads/2016/05/Assassins-Creed-WANT.jpg</main_image>
</document>
