<?xml version="1.0" encoding="UTF-8"?>
<document>
<type>mainstream</type>
<forum></forum>
<forum_title></forum_title>
<discussion_title>The Warsaw Voice</discussion_title>
<language>english</language>
<gmt_offset></gmt_offset>
<topic_url>http://www.warsawvoice.pl/WVpage/pages/article.php/35413/news</topic_url>
<topic_text>
MySpace Photo by Magda Hueckel The Jewish Theater is Warsaw will stage a play about the so-called March 1968 events referring to a mass emigration of Polish Jews resulting from an anti-Semitic campaign waged by the communist government of Poland. The new play entitled “March 68. Have a good life, it’s the best revenge” (Polish title: Marzec &apos;68. Dobrze żyjcie – to najlepsza zemsta) by the controversial director-playwriter duo of Monika Strzepka and Pawel Demirski will open on May 14. Strzępka and Demirski say: “This is not a historical or documentary play. This is a play about the easiness with which people subordinate the events in a way that they can suit their views. It’s difficult to draw a lesson from history, if the history is treated like a hammer against political opponents. Maybe, that’s why it’s impossible to learn from mistakes”. In the current political debate the sides interpret the reality in such a way as it best matches their undisputable whole. Each fact, when told in an appropriate way will be right. The conclusion that the political mechanisms are still the same is not in any way revealing, but depriving us of hope”. Direction: Monika Strzępka Text and dramaturgy: Paweł Demirski Music: Stefan Wesołowski Costumes: Arek Ślesiński The premiere will be part of celebrations of the 65th anniversary of the Jewish Theater. Upcoming shows May 15 and 16, June 3,4,5 Teatr Żydowski im. Estery Rachel i Idy Kamińskich – Centrum Kultury Jidysz, Warsaw, Plac Grzybowski 12/16 www.teatr-zydowski.art.pl 
</topic_text>
<spam_score>0.00</spam_score>
<post_num>1</post_num>
<post_id>post-1</post_id>
<post_url>http://www.warsawvoice.pl/WVpage/pages/article.php/35413/news</post_url>
<post_date>20160512</post_date>
<post_time></post_time>
<username></username>
<post>
MySpace Photo by Magda Hueckel The Jewish Theater is Warsaw will stage a play about the so-called March 1968 events referring to a mass emigration of Polish Jews resulting from an anti-Semitic campaign waged by the communist government of Poland. The new play entitled “March 68. Have a good life, it’s the best revenge” (Polish title: Marzec &apos;68. Dobrze żyjcie – to najlepsza zemsta) by the controversial director-playwriter duo of Monika Strzepka and Pawel Demirski will open on May 14. Strzępka and Demirski say: “This is not a historical or documentary play. This is a play about the easiness with which people subordinate the events in a way that they can suit their views. It’s difficult to draw a lesson from history, if the history is treated like a hammer against political opponents. Maybe, that’s why it’s impossible to learn from mistakes”. In the current political debate the sides interpret the reality in such a way as it best matches their undisputable whole. Each fact, when told in an appropriate way will be right. The conclusion that the political mechanisms are still the same is not in any way revealing, but depriving us of hope”. Direction: Monika Strzępka Text and dramaturgy: Paweł Demirski Music: Stefan Wesołowski Costumes: Arek Ślesiński The premiere will be part of celebrations of the 65th anniversary of the Jewish Theater. Upcoming shows May 15 and 16, June 3,4,5 Teatr Żydowski im. Estery Rachel i Idy Kamińskich – Centrum Kultury Jidysz, Warsaw, Plac Grzybowski 12/16 www.teatr-zydowski.art.pl 
</post>
<signature>

</signature>
<external_links>

</external_links>
<country>PL</country>
<main_image></main_image>
</document>
