<?xml version="1.0" encoding="UTF-8"?>
<document>
<type>mainstream</type>
<forum></forum>
<forum_title></forum_title>
<discussion_title>Raylı Sistem İşletmecileri Samsun’da Bir Araya Geldi</discussion_title>
<language>turkish</language>
<gmt_offset></gmt_offset>
<topic_url>http://www.avrupabulteni.com/rayli-sistem-isletmecileri-samsunda-bir-araya-geldi-525223h.htm</topic_url>
<topic_text>
» Ana Sayfa » Türkiye 12.05.2016 17:23 Tüm Raylı Sistemler İşletmecileri Derneği (TÜRSİD) Araç Komisyonu 6. Toplantısı Samsun Büyükşehir Belediyesi Samulaş A.Ş.’nin ev sahipliğinde gerçekleştirildi.TÜRSİD’in İstanbul, Ankara, İzmir, Bursa,... 
Tüm Raylı Sistemler İşletmecileri Derneği (TÜRSİD) Araç Komisyonu 6. Toplantısı Samsun Büyükşehir Belediyesi Samulaş A.Ş.’nin ev sahipliğinde gerçekleştirildi. 
TÜRSİD’in İstanbul, Ankara, İzmir, Bursa, Eskişehir, Konya, Antalya ve Kayseri illerinden gelen temsilcilerin katıldığı toplantıda Samsun Büyükşehir Belediyesi Ulaşım Planlama ve Raylı Sistemler Dairesi Başkanı ve Samsun Büyükşehir Belediyesi Samulaş A.Ş. Yönetim Kurulu Üyesi Kadir Gürkan, TÜRSİD Genel Sekreteri Aysun Durna ve TÜRSİD Araç Komisyonu Başkanı İzzet Ata hazır bulundu. 
Samsun’un ilk kez ev sahipliği yaptığı Araç Komisyonu Toplantısında TÜRSİD Araç Komisyonu Başkanı İzzet Ata açılış konuşmasına; bir önceki toplantıda, 6. Araç Komisyonu Toplantısı için kendilerini Samsun’a davet eden Samsun Büyükşehir Belediyesi Samulaş A.Ş. yöneticilerine ve komisyonda yer alan Samulaş teknik kadrosuna teşekkür etti. TÜRSİD Araç Komisyonu’nun bilgi ve deneyimlerin paylaşılarak işletmelerin tecrübelerden istifadesi açısından üyelerine önemli kazançlar sağladığını belirtti. Ata, 2 yıldır komisyon başkanlığı görevini yürüttüğünü ve toplantının ilk gününde yapılacak olan seçim ile yeni komisyon başkanının seçileceği bilgisini vererek, katılımcılara teşekkür etti ve konuşmasını tamamladı. 
GÜRKAN, ŞEHİDİMİZİ UNUTMADI 
Toplantıya ev sahibi olarak katılan Samsun Büyükşehir Belediyesi Ulaşım Planlama ve Raylı Sistemler Dairesi Başkanı ve Samsun Büyükşehir Belediyesi Samulaş A.Ş. Yönetim Kurulu Üyesi Kadir Gürkan yaptığı açılış konuşmasında katılımcıları Samsun’da misafir etmekten büyük bir mutluluk duyduklarını ifade etti. Şırnak’ta şehit olan Samsunlu Polis Memuru Ersan Gürpınar ve bu coğrafyada huzurlu ve mutlu yaşam için hayatını feda eden tüm şehitlere Allah’tan rahmet, yakınlarına sabır ve baş sağlığı dileyen Kadir Gürkan, “Kent içi raylı sistem işletmecilerinin bir araya gelerek operasyonel, idari ve teknik anlamda birbirleriyle iletişim halinde olmaları, proaktif bir yaklaşımla karşılaşılan ve karşılaşılabilecek risklerin önceden öngörülerek çözüm önerilerinin oluşturulması önemlidir. Bununda ancak sektörel sivil toplum kuruluşlarıyla olabilir” dedi. 
Araç komisyonunda yer alan tüm kent içi raylı sistem işletmecilerinden temsilcilerin yaptığı sunumlar ile devam edecek olan toplantıda, alt çalışma komisyonları yaptıkları faaliyetler ile ilgili olarak sunum ve bilgilendirmelerde bulundurlar. 
İlk gün devam edecek bilgilendirme toplantılarının ardından ikinci gününde Samsun Büyükşehir Belediyesi Samulaş A.Ş.’de yapılacak teknik gezinin ardından toplantı sona erecek. Kaynak: UYARI: Küfür, hakaret, rencide edici cümleler veya imalar, inançlara saldırı içeren, imla kuralları ile yazılmamış, Türkçe karakter kullanılmayan ve büyük harflerle yazılmış yorumlar onaylanmamaktadır. Bu habere henüz yorum eklenmemiştir. SON EKLENEN GALERİLER 
</topic_text>
<spam_score>0.00</spam_score>
<post_num>1</post_num>
<post_id>post-1</post_id>
<post_url>http://www.avrupabulteni.com/rayli-sistem-isletmecileri-samsunda-bir-araya-geldi-525223h.htm</post_url>
<post_date>20160512</post_date>
<post_time></post_time>
<username></username>
<post>
» Ana Sayfa » Türkiye 12.05.2016 17:23 Tüm Raylı Sistemler İşletmecileri Derneği (TÜRSİD) Araç Komisyonu 6. Toplantısı Samsun Büyükşehir Belediyesi Samulaş A.Ş.’nin ev sahipliğinde gerçekleştirildi.TÜRSİD’in İstanbul, Ankara, İzmir, Bursa,... 
Tüm Raylı Sistemler İşletmecileri Derneği (TÜRSİD) Araç Komisyonu 6. Toplantısı Samsun Büyükşehir Belediyesi Samulaş A.Ş.’nin ev sahipliğinde gerçekleştirildi. 
TÜRSİD’in İstanbul, Ankara, İzmir, Bursa, Eskişehir, Konya, Antalya ve Kayseri illerinden gelen temsilcilerin katıldığı toplantıda Samsun Büyükşehir Belediyesi Ulaşım Planlama ve Raylı Sistemler Dairesi Başkanı ve Samsun Büyükşehir Belediyesi Samulaş A.Ş. Yönetim Kurulu Üyesi Kadir Gürkan, TÜRSİD Genel Sekreteri Aysun Durna ve TÜRSİD Araç Komisyonu Başkanı İzzet Ata hazır bulundu. 
Samsun’un ilk kez ev sahipliği yaptığı Araç Komisyonu Toplantısında TÜRSİD Araç Komisyonu Başkanı İzzet Ata açılış konuşmasına; bir önceki toplantıda, 6. Araç Komisyonu Toplantısı için kendilerini Samsun’a davet eden Samsun Büyükşehir Belediyesi Samulaş A.Ş. yöneticilerine ve komisyonda yer alan Samulaş teknik kadrosuna teşekkür etti. TÜRSİD Araç Komisyonu’nun bilgi ve deneyimlerin paylaşılarak işletmelerin tecrübelerden istifadesi açısından üyelerine önemli kazançlar sağladığını belirtti. Ata, 2 yıldır komisyon başkanlığı görevini yürüttüğünü ve toplantının ilk gününde yapılacak olan seçim ile yeni komisyon başkanının seçileceği bilgisini vererek, katılımcılara teşekkür etti ve konuşmasını tamamladı. 
GÜRKAN, ŞEHİDİMİZİ UNUTMADI 
Toplantıya ev sahibi olarak katılan Samsun Büyükşehir Belediyesi Ulaşım Planlama ve Raylı Sistemler Dairesi Başkanı ve Samsun Büyükşehir Belediyesi Samulaş A.Ş. Yönetim Kurulu Üyesi Kadir Gürkan yaptığı açılış konuşmasında katılımcıları Samsun’da misafir etmekten büyük bir mutluluk duyduklarını ifade etti. Şırnak’ta şehit olan Samsunlu Polis Memuru Ersan Gürpınar ve bu coğrafyada huzurlu ve mutlu yaşam için hayatını feda eden tüm şehitlere Allah’tan rahmet, yakınlarına sabır ve baş sağlığı dileyen Kadir Gürkan, “Kent içi raylı sistem işletmecilerinin bir araya gelerek operasyonel, idari ve teknik anlamda birbirleriyle iletişim halinde olmaları, proaktif bir yaklaşımla karşılaşılan ve karşılaşılabilecek risklerin önceden öngörülerek çözüm önerilerinin oluşturulması önemlidir. Bununda ancak sektörel sivil toplum kuruluşlarıyla olabilir” dedi. 
Araç komisyonunda yer alan tüm kent içi raylı sistem işletmecilerinden temsilcilerin yaptığı sunumlar ile devam edecek olan toplantıda, alt çalışma komisyonları yaptıkları faaliyetler ile ilgili olarak sunum ve bilgilendirmelerde bulundurlar. 
İlk gün devam edecek bilgilendirme toplantılarının ardından ikinci gününde Samsun Büyükşehir Belediyesi Samulaş A.Ş.’de yapılacak teknik gezinin ardından toplantı sona erecek. Kaynak: UYARI: Küfür, hakaret, rencide edici cümleler veya imalar, inançlara saldırı içeren, imla kuralları ile yazılmamış, Türkçe karakter kullanılmayan ve büyük harflerle yazılmış yorumlar onaylanmamaktadır. Bu habere henüz yorum eklenmemiştir. SON EKLENEN GALERİLER 
</post>
<signature>

</signature>
<external_links>

</external_links>
<country></country>
<main_image>http://www.avrupabulteni.com/d/news/323834.jpg</main_image>
</document>
