<?xml version="1.0" encoding="UTF-8"?>
<document>
<type>mainstream</type>
<forum>http://www.dailytelegraph.com.au/?nk=10ada7d7e45052cfc886a33727f5acfb-1463007522</forum>
<forum_title>Daily Telegraph | Breaking News and Headlines from Sydney and News South Wales | Daily Telegraph</forum_title>
<discussion_title>Savings grow slowly as term deposits remain low</discussion_title>
<language>english</language>
<gmt_offset></gmt_offset>
<topic_url>http://www.dailytelegraph.com.au/savings-grow-slowly-as-term-deposits-remain-low/news-story/fcdf2dcf6595a1fdd13361904421f078</topic_url>
<topic_text>
SAVERS with cash stashed in the bank are continuing to receive low returns and some lenders have already started to drop their interest rates.
While homeowners are revelling in the Reserve Bank’s cash rate drop to 1.75 per cent, those looking to grow their savings are becoming increasingly frustrated.
Deposit marketplace Cashwerkz estimated savers could be losing interest on up to $3.8 billion of term deposits every year simply by not paying attention.
Lenders attract customers with an attractive 12 or 24 month rate but, when that term expires it usually drops to a nominal interest rate so to maximise your income you need to move it elsewhere.
Data from financial comparison website Canstar found some smaller lenders including the Bank of Sydney and Qld Police Credit Unit have dropped their interest rates on some term deposit accounts recently so it’s critical borrowers sit and up take notice.
Macquarie Bank even got in early by reducing its term deposit rates the day before the last recent cash rate decision with decreases ranging from five to 20 basis points.
 
</topic_text>
<spam_score>0.00</spam_score>
<post_num>1</post_num>
<post_id>post-1</post_id>
<post_url>http://www.dailytelegraph.com.au/savings-grow-slowly-as-term-deposits-remain-low/news-story/fcdf2dcf6595a1fdd13361904421f078</post_url>
<post_date>20160512</post_date>
<post_time>0547</post_time>
<username>Sophie Elsworth</username>
<post>
SAVERS with cash stashed in the bank are continuing to receive low returns and some lenders have already started to drop their interest rates.
While homeowners are revelling in the Reserve Bank’s cash rate drop to 1.75 per cent, those looking to grow their savings are becoming increasingly frustrated.
Deposit marketplace Cashwerkz estimated savers could be losing interest on up to $3.8 billion of term deposits every year simply by not paying attention.
Lenders attract customers with an attractive 12 or 24 month rate but, when that term expires it usually drops to a nominal interest rate so to maximise your income you need to move it elsewhere.
Data from financial comparison website Canstar found some smaller lenders including the Bank of Sydney and Qld Police Credit Unit have dropped their interest rates on some term deposit accounts recently so it’s critical borrowers sit and up take notice.
Macquarie Bank even got in early by reducing its term deposit rates the day before the last recent cash rate decision with decreases ranging from five to 20 basis points.
 
</post>
<signature>

</signature>
<external_links>
<external_link>http://moneysaverhq.heraldsun.com.au/campaign/term-deposits/all?int_medium=MSHQcontent&amp;#x222B;source=article&amp;#x222B;campaign=MSHQstory&amp;#x222B;content=savings_squeezed</external_link><external_link>http://cdn.newsapi.com.au/image/v1/thumbnail/96a26e7bfb5033e6b94a5792981d912c</external_link><external_link>http://cdn.newsapi.com.au/image/v1/thumbnail/1b15455ae4c8e7f3842cd3044fe347c0</external_link><external_link>http://cdn.newsapi.com.au/image/v1/thumbnail/b9c6982d5735aa0b552fdb9282a937fc</external_link><external_link>http://cdn.newsapi.com.au/image/v1/thumbnail/fee6b76d1b439257df4d0703972d9b0d</external_link><external_link>http://cdn.newsapi.com.au/image/v1/thumbnail/28a76047505351a900633d1753800106</external_link>
</external_links>
<country>AU</country>
<main_image>http://cdn.newsapi.com.au/image/v1/6db8d0c52bfb4644b766fd143fc42bf6</main_image>
</document>
