<?xml version="1.0" encoding="UTF-8"?>
<document>
<type>mainstream</type>
<forum>http://corectnews.com//feed</forum>
<forum_title>CorectNews</forum_title>
<discussion_title>Românii preferă hotelurile de categorie superioară pentru vacanțe, dar nu și în cazul city-break-uri</discussion_title>
<language>romanian</language>
<gmt_offset></gmt_offset>
<topic_url>http://www.corectnews.com/business/rom-nii-prefer-hotelurile-de-categorie-superioar-pentru-vacan-e-dar-nu-i-n-cazul-city-break</topic_url>
<topic_text>
Românii preferă hotelurile de categorie superioară pentru vacanțe, dar nu și în cazul city-break-uri Scris de newsreporter in 12 Mai 2016 la 09:57 , in Business . 74 vizualizari 
Românii sunt tot mai interesați de city-break-uri, iar destinațiile de top sunt Roma, Barcelona, Milano, Veneția și Londra, potrivit unei analize de piață realizată de o agenție de turism online, transmite Agerpres. Sursa imagine: aerocenter.ro 
Din aceeași analiză, a reieșit că Cipru, Dubai, Malta, Costa del Sol și Sardinia sunt destinațiile preferate ale românilor, când vine vorba de vacanțele la plajă. 
&quot;Românii sunt călători inteligenți, caută cel mai bun raport hotel/preț. Pentru vacanțele de vară, la plajă, aleg de obicei un hotel cu un standard mai ridicat, însă pentru city-break-uri se îndreaptă către hoteluri de 3 stele. Pe de altă parte, în ceea ce privește distanța între data rezervării și a călătoriei, românii tind să-și rezerve vacanțele destul de aproape de data de plecare&quot;, a declarat Jŕnos Barits, Managing Director Wizz Tours, agenția care a realizat studiul. 
De obicei, românii care aleg city-break-urile călătoresc în cuplu, preferă hotelurile de 3 stele, iar valoarea medie a rezervării este de 530 de euro. Pe de altă parte, cei care aleg vacanțele la plajă optează pentru un hotel de categorie mai ridicată decât în cazul city-break-urilor, iar durata medie a șederii lor este de șase zile. În acest caz e vorba, de cele mai multe ori, de grupuri alcătuite din trei persoane, iar valoarea medie a pachetului de călătorie este de 760 de euro. 
Și călătoriile spre România sunt în creștere, numărul rezervărilor pe site-ul agenției de turism fiind în primele 4 luni cu 45% mai mare față de aceeași perioadă din 2015. Cei mai mulți turiști provin din Germania, Israel, Italia, Suedia și Marea Britanie. Traficul de călători dinspre Peninsula Scandinavă crește, la rândul său, cu rapiditate, datorită dezvoltării recente a rutelor Wizz Air. Intra in discutie: Pentru a putea intra in discutie trebuie sa fii autentificat ca utilizator CorectNews. Daca nu ai cont, da click aici . Daca ai deja cont, da click aici .
</topic_text>
<spam_score>0.00</spam_score>
<post_num>1</post_num>
<post_id>post-1</post_id>
<post_url>http://www.corectnews.com/business/rom-nii-prefer-hotelurile-de-categorie-superioar-pentru-vacan-e-dar-nu-i-n-cazul-city-break</post_url>
<post_date>20160512</post_date>
<post_time>0657</post_time>
<username>newsreporter</username>
<post>
Românii preferă hotelurile de categorie superioară pentru vacanțe, dar nu și în cazul city-break-uri Scris de newsreporter in 12 Mai 2016 la 09:57 , in Business . 74 vizualizari 
Românii sunt tot mai interesați de city-break-uri, iar destinațiile de top sunt Roma, Barcelona, Milano, Veneția și Londra, potrivit unei analize de piață realizată de o agenție de turism online, transmite Agerpres. Sursa imagine: aerocenter.ro 
Din aceeași analiză, a reieșit că Cipru, Dubai, Malta, Costa del Sol și Sardinia sunt destinațiile preferate ale românilor, când vine vorba de vacanțele la plajă. 
&quot;Românii sunt călători inteligenți, caută cel mai bun raport hotel/preț. Pentru vacanțele de vară, la plajă, aleg de obicei un hotel cu un standard mai ridicat, însă pentru city-break-uri se îndreaptă către hoteluri de 3 stele. Pe de altă parte, în ceea ce privește distanța între data rezervării și a călătoriei, românii tind să-și rezerve vacanțele destul de aproape de data de plecare&quot;, a declarat Jŕnos Barits, Managing Director Wizz Tours, agenția care a realizat studiul. 
De obicei, românii care aleg city-break-urile călătoresc în cuplu, preferă hotelurile de 3 stele, iar valoarea medie a rezervării este de 530 de euro. Pe de altă parte, cei care aleg vacanțele la plajă optează pentru un hotel de categorie mai ridicată decât în cazul city-break-urilor, iar durata medie a șederii lor este de șase zile. În acest caz e vorba, de cele mai multe ori, de grupuri alcătuite din trei persoane, iar valoarea medie a pachetului de călătorie este de 760 de euro. 
Și călătoriile spre România sunt în creștere, numărul rezervărilor pe site-ul agenției de turism fiind în primele 4 luni cu 45% mai mare față de aceeași perioadă din 2015. Cei mai mulți turiști provin din Germania, Israel, Italia, Suedia și Marea Britanie. Traficul de călători dinspre Peninsula Scandinavă crește, la rândul său, cu rapiditate, datorită dezvoltării recente a rutelor Wizz Air. Intra in discutie: Pentru a putea intra in discutie trebuie sa fii autentificat ca utilizator CorectNews. Daca nu ai cont, da click aici . Daca ai deja cont, da click aici .
</post>
<signature>

</signature>
<external_links>

</external_links>
<country>RO</country>
<main_image>http://f1.corect.com/sites/www.corectnews.com/files/server-1/news/2016/05/aerocenter.ro_.120x90x0resized.jpg</main_image>
</document>
