<?xml version="1.0" encoding="UTF-8"?>
<document>
<type>mainstream</type>
<forum>http://www.dinamani.com/?widgetName=rssfeed&amp;widgetId=1162902&amp;getXmlFeed=true</forum>
<forum_title>Dinamani - முகப்பு - http://www.dinamani.com/</forum_title>
<discussion_title>ரூ.6.18 லட்சத்துக்கு பருத்தி ஏலம்</discussion_title>
<language>tamil</language>
<gmt_offset></gmt_offset>
<topic_url>http://www.dinamani.com/edition_coimbatore/tirupur/2016/05/12/%E0%AE%B0%E0%AF%82.6.18-%E0%AE%B2%E0%AE%9F%E0%AF%8D%E0%AE%9A%E0%AE%A4%E0%AF%8D%E0%AE%A4%E0%AF%81%E0%AE%95%E0%AF%8D%E0%AE%95%E0%AF%81-%E0%AE%AA%E0%AE%B0%E0%AF%81%E0%AE%A4%E0%AF%8D%E0%AE%A4%E0%AE%BF-%E0%AE%8F%E0%AE%B2/article3429004.ece</topic_url>
<topic_text>
யாருக்கு ஓட்டு? குறிப்பு: வாசகர்கள் இந்த கமெண்ட் பாக்ஸ் மூலம் பதிவு செய்யும் கருத்துகள், அவரவரின் பேஸ்புக், கூகுள், டிவிட்டர், லிங்க்ட்இன் ஆகியவற்றில் ஏதேனும் ஒரு கணக்கு மூலம் நுழைந்து அவரவர் அடையாளத்துடன் தாமாகவே பதிவு செய்யும் வகையில் வடிவமைக்கப்பட்டுள்ளது. எந்த வித அடையாளக் கணக்குகளும் இன்றி, விருந்தினராக நுழைந்து வாசகர் பதிவு செய்யும் கருத்துகள், ஆசிரியர் குழுவின் பார்வைக்குப் பிறகே வெளியாகும். வாசகர்களின் கருத்துகள் தினமணியின் கருத்துகள் அல்ல. வாசகரின் கருத்துக்கு அவரே முழுப் பொறுப்பு. இருப்பினும், நாகரீகமற்ற, தனிநபர் தாக்குதல் அடங்கிய கருத்துகளை வாசகர்கள் பதிவு செய்வதை யாரேனும் சுட்டிக் காட்டினால், கருத்து பதிவு செய்தவர் மீது நடவடிக்கை எடுக்க தினமணிக்கு உரிமை உண்டு. அத்தகைய கருத்துகள் உடனடியாக நீக்கப்படும். எனவே நாகரீகமற்ற வார்த்தைகளைப் பயன்படுத்துவதைத் தவிர்க்கும்படி வாசகர்களைக் கேட்டுக் கொள்கிறோம். தனி நபர் தாக்குதலை, கட்டுரைகளுக்குப் பொருத்தமில்லாத கருத்துகளை வாசகர்கள் இங்கே இடவேண்டாம். வாசகர்களின் கருத்துச் சுதந்திரத்துக்கு வாய்ப்பளிக்கும் இந்தப் பகுதியைத் தவறாக பயன்படுத்த வேண்டாம்.
</topic_text>
<spam_score>0.00</spam_score>
<post_num>1</post_num>
<post_id>post-1</post_id>
<post_url>http://www.dinamani.com/edition_coimbatore/tirupur/2016/05/12/%E0%AE%B0%E0%AF%82.6.18-%E0%AE%B2%E0%AE%9F%E0%AF%8D%E0%AE%9A%E0%AE%A4%E0%AF%8D%E0%AE%A4%E0%AF%81%E0%AE%95%E0%AF%8D%E0%AE%95%E0%AF%81-%E0%AE%AA%E0%AE%B0%E0%AF%81%E0%AE%A4%E0%AF%8D%E0%AE%A4%E0%AE%BF-%E0%AE%8F%E0%AE%B2/article3429004.ece</post_url>
<post_date>20160512</post_date>
<post_time>0224</post_time>
<username></username>
<post>
யாருக்கு ஓட்டு? குறிப்பு: வாசகர்கள் இந்த கமெண்ட் பாக்ஸ் மூலம் பதிவு செய்யும் கருத்துகள், அவரவரின் பேஸ்புக், கூகுள், டிவிட்டர், லிங்க்ட்இன் ஆகியவற்றில் ஏதேனும் ஒரு கணக்கு மூலம் நுழைந்து அவரவர் அடையாளத்துடன் தாமாகவே பதிவு செய்யும் வகையில் வடிவமைக்கப்பட்டுள்ளது. எந்த வித அடையாளக் கணக்குகளும் இன்றி, விருந்தினராக நுழைந்து வாசகர் பதிவு செய்யும் கருத்துகள், ஆசிரியர் குழுவின் பார்வைக்குப் பிறகே வெளியாகும். வாசகர்களின் கருத்துகள் தினமணியின் கருத்துகள் அல்ல. வாசகரின் கருத்துக்கு அவரே முழுப் பொறுப்பு. இருப்பினும், நாகரீகமற்ற, தனிநபர் தாக்குதல் அடங்கிய கருத்துகளை வாசகர்கள் பதிவு செய்வதை யாரேனும் சுட்டிக் காட்டினால், கருத்து பதிவு செய்தவர் மீது நடவடிக்கை எடுக்க தினமணிக்கு உரிமை உண்டு. அத்தகைய கருத்துகள் உடனடியாக நீக்கப்படும். எனவே நாகரீகமற்ற வார்த்தைகளைப் பயன்படுத்துவதைத் தவிர்க்கும்படி வாசகர்களைக் கேட்டுக் கொள்கிறோம். தனி நபர் தாக்குதலை, கட்டுரைகளுக்குப் பொருத்தமில்லாத கருத்துகளை வாசகர்கள் இங்கே இடவேண்டாம். வாசகர்களின் கருத்துச் சுதந்திரத்துக்கு வாய்ப்பளிக்கும் இந்தப் பகுதியைத் தவறாக பயன்படுத்த வேண்டாம்.
</post>
<signature>

</signature>
<external_links>

</external_links>
<country>IN</country>
<main_image>http://www.dinamani.com/skins/dn/gfx/logo.png</main_image>
</document>
