<?xml version="1.0" encoding="UTF-8"?>
<document>
<type>mainstream</type>
<forum>http://bizhub.vn//rss/0/home-page.rss</forum>
<forum_title>Lastest news from Bizhub</forum_title>
<discussion_title>Largest paint centre for luxury cars opens</discussion_title>
<language>english</language>
<gmt_offset></gmt_offset>
<topic_url>http://bizhub.vn/corporate-news/16444/largest-paint-centre-for-luxury-cars-opens.html</topic_url>
<topic_text>
Updated: Thursday, May 12, 2016 05:30 PM Vietnam Star Automobile opened a US$5 million body and paint centre in HCM City. — VNS Photo 
HCM CITY (Biz Hub) – Vietnam Star Automobile opened a US$5 million body and paint centre on May 12 in HCM City after one year of construction. 
Located in the Tan Thuan Export Processing Zone in District 7, it is the country&apos;s largest and most advanced technology body and paint centre offering services for luxury cars. 
Covering an area of 9,200sq.m, the centre has modern technology, meticulous processes and services, and professional and experienced technicians to ensure quality of colour correction and colour variety. 
The centre can service luxury brands like Mercedes-Benz, Porsche, Audi, BMW, Lexus, Rolls-Royce, Maserati and Lamborghini. 
The centre can provide body and paint services for 10 to 15 cars each day. 
Vietnam Star Automobile is the largest authorised dealer of Mercedes-Benz in Viet Nam. 
It belongs to Lei Shing Hong Group, a leading strategic partner of Mercedes-Benz and Porsche in Northeast and Southeast Asia, Australia and Germany. —  
</topic_text>
<spam_score>0.00</spam_score>
<post_num>1</post_num>
<post_id>post-1</post_id>
<post_url>http://bizhub.vn/corporate-news/16444/largest-paint-centre-for-luxury-cars-opens.html</post_url>
<post_date>20160512</post_date>
<post_time>1030</post_time>
<username></username>
<post>
Updated: Thursday, May 12, 2016 05:30 PM Vietnam Star Automobile opened a US$5 million body and paint centre in HCM City. — VNS Photo 
HCM CITY (Biz Hub) – Vietnam Star Automobile opened a US$5 million body and paint centre on May 12 in HCM City after one year of construction. 
Located in the Tan Thuan Export Processing Zone in District 7, it is the country&apos;s largest and most advanced technology body and paint centre offering services for luxury cars. 
Covering an area of 9,200sq.m, the centre has modern technology, meticulous processes and services, and professional and experienced technicians to ensure quality of colour correction and colour variety. 
The centre can service luxury brands like Mercedes-Benz, Porsche, Audi, BMW, Lexus, Rolls-Royce, Maserati and Lamborghini. 
The centre can provide body and paint services for 10 to 15 cars each day. 
Vietnam Star Automobile is the largest authorised dealer of Mercedes-Benz in Viet Nam. 
It belongs to Lei Shing Hong Group, a leading strategic partner of Mercedes-Benz and Porsche in Northeast and Southeast Asia, Australia and Germany. —  
</post>
<signature>

</signature>
<external_links>

</external_links>
<country>VN</country>
<main_image>http://bizhub.vn/thumbnail/600/ngan.jpeg?url=Storage/Images/2016/5/12/ngan.jpeg</main_image>
</document>
