<?xml version="1.0" encoding="UTF-8"?>
<document>
<type>mainstream</type>
<forum>http://imparcialoaxaca.mx/ultimas/super-deportivo.rss</forum>
<forum_title>El Imparcial &gt; Súper Deportivo</forum_title>
<discussion_title>Guerreritos vence a domicilio a Lobos Negros</discussion_title>
<language>spanish</language>
<gmt_offset></gmt_offset>
<topic_url>http://imparcialoaxaca.mx/super-deportivo/ad6/guerreritos-vence-a-domicilio-a-lobos-negros</topic_url>
<topic_text>
Guerreritos vence a domicilio a Lobos Negros Guerreritos domó a los Lobos por Redacción Imparcial Twittear 
El pasado sábado los Guerreritos Zapotecas viajaron a la ciudad de Puebla, donde derrotaron por abultado marcador de 40-12 a los Leones Negros en el campo de la Benemérita Universidad Autónoma de Puebla (BUAP), en partido correspondiente a la jornada 3 del Torneo de Futbol Americano Interprepas 2016. 
Al mando del entrenador en jefe, Iván Quintero, los Guerreritos Zapotecas reaccionaron ante un inicio de partido desconcertante, ya que en la patada de kick off, los locales regresaron el ovoide hasta la zona de anotación para irse al frente desde la jugada inicial 0-6. Sin embargo, la respuesta de Guerreritos fue inmediata y desde su primer ataque, la ofensiva llevó el balón a las diagonales con pase de anotación del mariscal de campo (QB) Alejandro Gopar, acto seguido, efectuaron una conversión de dos puntos para colocar el marcador 8-6 en favor del conjunto oaxaqueño. 
A partir de ahí, la defensa Guerrera se mostró impenetrable y la ofensiva comenzó a descargar sus mejores jugadas para avanzar yardas y tomar dominio completo del encuentro. Fue al inicio del segundo cuarto cuando el Gopar, con un engaño de pase se descolgó hasta las diagonales para irse al frente 14-6. 
Como respuesta, los Lobos Negros intentaron acercarse a zona de anotación y después de que Juan Manuel Salazar fuera castigado tras un offside, recobró su error interceptando un pase dirigido a zona de anotación para que los Guerreros iniciaran un nuevo ataque, mismo que culminaría con el segundo pase de anotación para el QB de Guerreros, quien conectara con su receptor Yarith Mauricio. 
Antes de acabar la primera mitad, Julián Aguilar decidió unirse a la fiesta defensiva y consiguió su primera de tres intercepciones en el juego. Tras la jugada, vino el tercer pase de anotación de Gopar, quien esta vez encontró libre a Eduardo Dávila para que la diferencia se hiciera cada vez más grande y colocaran el encuentro 26-6 e irse al descanso de medio tiempo. 
Para la segunda mitad, el cuadro oaxaqueño salió motivado y en su primer ataque, llevó el ovoide hasta las diagonales. Un descuido en los últimos minutos del tercer cuarto, lograron la segunda anotación para los de casa, sin embargo, fallaron en su intento de conversión de dos puntos. 
Fue en el último cuarto cuando Julián Aguilar realizara dos intercepciones más y no estando conforme con ello, se coló a las diagonales para unirse al imponente ataque visitante y culminar el encuentro por diferencia de 28 puntos. 
Así, los Guerreritos Zapotecas colocan sus números en 2 ganados y 1 perdido.
</topic_text>
<spam_score>0.00</spam_score>
<post_num>1</post_num>
<post_id>post-1</post_id>
<post_url>http://imparcialoaxaca.mx/super-deportivo/ad6/guerreritos-vence-a-domicilio-a-lobos-negros</post_url>
<post_date>20160511</post_date>
<post_time>2130</post_time>
<username>admin@imparcialenlinea.com (Redacción Imparcial)</username>
<post>
Guerreritos vence a domicilio a Lobos Negros Guerreritos domó a los Lobos por Redacción Imparcial Twittear 
El pasado sábado los Guerreritos Zapotecas viajaron a la ciudad de Puebla, donde derrotaron por abultado marcador de 40-12 a los Leones Negros en el campo de la Benemérita Universidad Autónoma de Puebla (BUAP), en partido correspondiente a la jornada 3 del Torneo de Futbol Americano Interprepas 2016. 
Al mando del entrenador en jefe, Iván Quintero, los Guerreritos Zapotecas reaccionaron ante un inicio de partido desconcertante, ya que en la patada de kick off, los locales regresaron el ovoide hasta la zona de anotación para irse al frente desde la jugada inicial 0-6. Sin embargo, la respuesta de Guerreritos fue inmediata y desde su primer ataque, la ofensiva llevó el balón a las diagonales con pase de anotación del mariscal de campo (QB) Alejandro Gopar, acto seguido, efectuaron una conversión de dos puntos para colocar el marcador 8-6 en favor del conjunto oaxaqueño. 
A partir de ahí, la defensa Guerrera se mostró impenetrable y la ofensiva comenzó a descargar sus mejores jugadas para avanzar yardas y tomar dominio completo del encuentro. Fue al inicio del segundo cuarto cuando el Gopar, con un engaño de pase se descolgó hasta las diagonales para irse al frente 14-6. 
Como respuesta, los Lobos Negros intentaron acercarse a zona de anotación y después de que Juan Manuel Salazar fuera castigado tras un offside, recobró su error interceptando un pase dirigido a zona de anotación para que los Guerreros iniciaran un nuevo ataque, mismo que culminaría con el segundo pase de anotación para el QB de Guerreros, quien conectara con su receptor Yarith Mauricio. 
Antes de acabar la primera mitad, Julián Aguilar decidió unirse a la fiesta defensiva y consiguió su primera de tres intercepciones en el juego. Tras la jugada, vino el tercer pase de anotación de Gopar, quien esta vez encontró libre a Eduardo Dávila para que la diferencia se hiciera cada vez más grande y colocaran el encuentro 26-6 e irse al descanso de medio tiempo. 
Para la segunda mitad, el cuadro oaxaqueño salió motivado y en su primer ataque, llevó el ovoide hasta las diagonales. Un descuido en los últimos minutos del tercer cuarto, lograron la segunda anotación para los de casa, sin embargo, fallaron en su intento de conversión de dos puntos. 
Fue en el último cuarto cuando Julián Aguilar realizara dos intercepciones más y no estando conforme con ello, se coló a las diagonales para unirse al imponente ataque visitante y culminar el encuentro por diferencia de 28 puntos. 
Así, los Guerreritos Zapotecas colocan sus números en 2 ganados y 1 perdido.
</post>
<signature>

</signature>
<external_links>

</external_links>
<country>MX</country>
<main_image>http://media.imparcialoaxaca.mx/imagenes/large/57339b8da20541a45effb3ab.jpg</main_image>
</document>
