<?xml version="1.0" encoding="UTF-8"?>
<document>
<type>mainstream</type>
<forum>http://imparcialoaxaca.mx/ultimas/super-deportivo.rss</forum>
<forum_title>El Imparcial &gt; Súper Deportivo</forum_title>
<discussion_title>Bulls da cuenta de Ortotal</discussion_title>
<language>spanish</language>
<gmt_offset></gmt_offset>
<topic_url>http://imparcialoaxaca.mx/super-deportivo/ae4/bulls-da-cuenta-de-ortotal</topic_url>
<topic_text>
Súper Deportivo Bulls da cuenta de Ortotal El conjunto califica como tercero de la tabla general y pasa a la siguiente ronda ganando sus dos partidos por Alfonso Gibert Benítez Bustos el Jueves 12 de mayo de 2016 - 05:00:01 Twittear 
La quinteta de Bulls A logra su pase a la semifinal de la Tercera Fuerza A varonil, al derrotar a Ortotal en los dos partidos que se realizaron en el arranque de los Play Offs teniendo una mejor suma de puntos. 
El par de encuentros fueron en la cancha 4 de la Unidad Deportiva de Ciudad Universitaria (CU) con el primer partido a las 10:00 horas y el segundo a las 12:00 como parte de los cuartos de final de la Copa MRCI 2016 de la Liga Municipal de Basquetbol de Oaxaca (LMBO). 
La eliminatoria se realizó entre el tercero y sexto de la tabla general, ambos tuvieron un buen torneo regular y les alcanzó para la postemporada con 33 y 30 puntos respectivamente. 
En el primer partido Bulls A derrotó a Ortotal 45-53 para sacar una diferencia de diez unidades en un duelo que se empezó a definir desde el segundo cuarto en el que se marcó mayor diferencia de puntos a favor de los toros. 
Para el segundo duelo, Ortotal tenía la misión de lograr el triunfo por diferencia de más de diez unidades, pues el sistema de competencia otorga el pase al equipo que más puntos haga en los dos duelos. 
En el partido decisivo, Ortotal se quedó seis puntos abajo en el primer cuarto, mientras que para el segundo solamente perdió por uno resultando una diferencia de siete unidades. 
Luego del descanso del medio tiempo Ortotal se empezó a acercar al ganar por dos puntos el tercer periodo y por uno en el cierre, dejando la diferencia de cuatro puntos en el marcador con score de 41-45 y un global de 98-86 a favor de Bulls A.
</topic_text>
<spam_score>0.00</spam_score>
<post_num>1</post_num>
<post_id>post-1</post_id>
<post_url>http://imparcialoaxaca.mx/super-deportivo/ae4/bulls-da-cuenta-de-ortotal</post_url>
<post_date>20160512</post_date>
<post_time>1000</post_time>
<username>admin@imparcialenlinea.com (Alfonso Gibert Benítez Bustos)</username>
<post>
Súper Deportivo Bulls da cuenta de Ortotal El conjunto califica como tercero de la tabla general y pasa a la siguiente ronda ganando sus dos partidos por Alfonso Gibert Benítez Bustos el Jueves 12 de mayo de 2016 - 05:00:01 Twittear 
La quinteta de Bulls A logra su pase a la semifinal de la Tercera Fuerza A varonil, al derrotar a Ortotal en los dos partidos que se realizaron en el arranque de los Play Offs teniendo una mejor suma de puntos. 
El par de encuentros fueron en la cancha 4 de la Unidad Deportiva de Ciudad Universitaria (CU) con el primer partido a las 10:00 horas y el segundo a las 12:00 como parte de los cuartos de final de la Copa MRCI 2016 de la Liga Municipal de Basquetbol de Oaxaca (LMBO). 
La eliminatoria se realizó entre el tercero y sexto de la tabla general, ambos tuvieron un buen torneo regular y les alcanzó para la postemporada con 33 y 30 puntos respectivamente. 
En el primer partido Bulls A derrotó a Ortotal 45-53 para sacar una diferencia de diez unidades en un duelo que se empezó a definir desde el segundo cuarto en el que se marcó mayor diferencia de puntos a favor de los toros. 
Para el segundo duelo, Ortotal tenía la misión de lograr el triunfo por diferencia de más de diez unidades, pues el sistema de competencia otorga el pase al equipo que más puntos haga en los dos duelos. 
En el partido decisivo, Ortotal se quedó seis puntos abajo en el primer cuarto, mientras que para el segundo solamente perdió por uno resultando una diferencia de siete unidades. 
Luego del descanso del medio tiempo Ortotal se empezó a acercar al ganar por dos puntos el tercer periodo y por uno en el cierre, dejando la diferencia de cuatro puntos en el marcador con score de 41-45 y un global de 98-86 a favor de Bulls A.
</post>
<signature>

</signature>
<external_links>

</external_links>
<country>MX</country>
<main_image>http://media.imparcialoaxaca.mx/imagenes/large/5733eae6a205416a62ffb3ab.jpg</main_image>
</document>
