<?xml version="1.0" encoding="UTF-8"?>
<document>
<type>mainstream</type>
<forum>http://www.dolen.no/?widgetName=polarisFeeds&amp;widgetId=10392175&amp;getXmlFeed=true</forum>
<forum_title>dolen ATOM</forum_title>
<discussion_title>Ringe-bu ble bok-bu</discussion_title>
<language>norwegian</language>
<gmt_offset></gmt_offset>
<topic_url>http://www.dolen.no/nyheter/2016/05/12/Ringe-bu-ble-bok-bu-12725457.ece</topic_url>
<topic_text>
Telefonkiosken i Ringebu sentrum har gjenoppstått som Ringe-bu mirkobibliotek og er fylt opp av bøker. Nyheter Publisert: 12.05 2016 12:05 Sist oppdatert: 12.05 2016 13:56 
Det nye biblioteket, sentralt plassert midt i sentrum, er definitivt ikke av de største, men skal vi tro biblioteksjef Ellinor Brænd, er det ikke størrelsen det kommer an på. 
- Om telefontjenesten har utspilt sin rolle, har det lille røde huset igjen blitt et sted for samtaler og møter, og for store og små øyeblikk. Telefonkiosken er fylt med bøker, og alle som vil kan komme og låne med seg ei bok hjem, og levere den igjen på samme sted når den er ferdig lest, sier Brænd, som frister med lang åpningstid og kvalitetsbøker. 
- Ringe-bu mikrobibliotek er åpent 24 timer i døgnet, og det krever ingen form for registrering, og det er heller ikke stengt i ferier. De som tror at de finner bare kiosklitteratur her, må tenke om igjen. Her finner en forfattere som Lars Mytting, Edvard Hoem, Dean Koontz og Karin Fossum, forteller hun. Deles ut i dag:
</topic_text>
<spam_score>0.00</spam_score>
<post_num>1</post_num>
<post_id>post-1</post_id>
<post_url>http://www.dolen.no/nyheter/2016/05/12/Ringe-bu-ble-bok-bu-12725457.ece</post_url>
<post_date>20160512</post_date>
<post_time>1356</post_time>
<username>TONE SIDSEL SANDEN (tone@dolen.no)</username>
<post>
Telefonkiosken i Ringebu sentrum har gjenoppstått som Ringe-bu mirkobibliotek og er fylt opp av bøker. Nyheter Publisert: 12.05 2016 12:05 Sist oppdatert: 12.05 2016 13:56 
Det nye biblioteket, sentralt plassert midt i sentrum, er definitivt ikke av de største, men skal vi tro biblioteksjef Ellinor Brænd, er det ikke størrelsen det kommer an på. 
- Om telefontjenesten har utspilt sin rolle, har det lille røde huset igjen blitt et sted for samtaler og møter, og for store og små øyeblikk. Telefonkiosken er fylt med bøker, og alle som vil kan komme og låne med seg ei bok hjem, og levere den igjen på samme sted når den er ferdig lest, sier Brænd, som frister med lang åpningstid og kvalitetsbøker. 
- Ringe-bu mikrobibliotek er åpent 24 timer i døgnet, og det krever ingen form for registrering, og det er heller ikke stengt i ferier. De som tror at de finner bare kiosklitteratur her, må tenke om igjen. Her finner en forfattere som Lars Mytting, Edvard Hoem, Dean Koontz og Karin Fossum, forteller hun. Deles ut i dag:
</post>
<signature>

</signature>
<external_links>

</external_links>
<country>NO</country>
<main_image>http://www.dolen.no/incoming/article12725459.ece/puir08/BINARY/w980/006.JPG</main_image>
</document>
