<?xml version="1.0" encoding="UTF-8"?>
<document>
<type>mainstream</type>
<forum></forum>
<forum_title></forum_title>
<discussion_title>رئيس الوزراء الباكستاني: احتجاج المعارضة لا مبرر له إثر توجيه الحكومة رسالة إلى المحكمة العلياء لتشكيل لجنة قضائية لتحقيق في تسريبات وثائق “بنما” | APP Arabic Website</discussion_title>
<language>arabic</language>
<gmt_offset></gmt_offset>
<topic_url>http://arabic.app.com.pk/arabic/2016/05/%d8%b1%d8%a6%d9%8a%d8%b3-%d8%a7%d9%84%d9%88%d8%b2%d8%b1%d8%a7%d8%a1-%d8%a7%d9%84%d8%a8%d8%a7%d9%83%d8%b3%d8%aa%d8%a7%d9%86%d9%8a-%d8%a7%d8%ad%d8%aa%d8%ac%d8%a7%d8%ac-%d8%a7%d9%84%d9%85%d8%b9%d8%a7/</topic_url>
<topic_text>
رئيس الوزراء الباكستاني: احتجاج المعارضة لا مبرر له إثر توجيه الحكومة رسالة إلى المحكمة العلياء لتشكيل لجنة قضائية لتحقيق في تسريبات وثائق “بنما” May 12, 2016 tweet 
إسلام آباد: 12 – مايو 2016م (وكالة الأنباء الباكستانية الرسمية). قال نواز شريف رئيس الوزراء الباكستاني بأن احتجاج المعارضة لا مبرر له إثر توجيه حكومته رسالة إلى المحكمة العلياء لتشكيل لجنة قضائية لتحقيق في تسريبات وثائق “بنما”، جاءت تصريحات رئيس الوزراء نواز شريف في حديثه مع الصحفيين في متن طائرته خلال عودته من طاجيكستان، وأكد نواز شريف بأنه ينتظر ويرغب في تشكيل لجنة قضائية في أقرب وقت ممكن، وأضاف بأن انتقاد المعارضة لا يقصد جلب أي تحسين في البلاد بل يستهدفه شخصيا، وحول العلاقات مع آسيا الوسطى قال رئيس الوزراء نواز شريف بأن هذه الدول أبدت الرغبة في تعزيز الاتصال مع باكستان واستخدام ميناء جوادر لغرض التجارة، وأكد نواز شريف بأن باكستان ترغب في العلاقات الجيدة والسلمية مع كافة الدول المجاورة لها. بطاقة 
</topic_text>
<spam_score>0.00</spam_score>
<post_num>1</post_num>
<post_id>post-1</post_id>
<post_url>http://arabic.app.com.pk/arabic/2016/05/%d8%b1%d8%a6%d9%8a%d8%b3-%d8%a7%d9%84%d9%88%d8%b2%d8%b1%d8%a7%d8%a1-%d8%a7%d9%84%d8%a8%d8%a7%d9%83%d8%b3%d8%aa%d8%a7%d9%86%d9%8a-%d8%a7%d8%ad%d8%aa%d8%ac%d8%a7%d8%ac-%d8%a7%d9%84%d9%85%d8%b9%d8%a7/</post_url>
<post_date>20160512</post_date>
<post_time></post_time>
<username>App News</username>
<post>
رئيس الوزراء الباكستاني: احتجاج المعارضة لا مبرر له إثر توجيه الحكومة رسالة إلى المحكمة العلياء لتشكيل لجنة قضائية لتحقيق في تسريبات وثائق “بنما” May 12, 2016 tweet 
إسلام آباد: 12 – مايو 2016م (وكالة الأنباء الباكستانية الرسمية). قال نواز شريف رئيس الوزراء الباكستاني بأن احتجاج المعارضة لا مبرر له إثر توجيه حكومته رسالة إلى المحكمة العلياء لتشكيل لجنة قضائية لتحقيق في تسريبات وثائق “بنما”، جاءت تصريحات رئيس الوزراء نواز شريف في حديثه مع الصحفيين في متن طائرته خلال عودته من طاجيكستان، وأكد نواز شريف بأنه ينتظر ويرغب في تشكيل لجنة قضائية في أقرب وقت ممكن، وأضاف بأن انتقاد المعارضة لا يقصد جلب أي تحسين في البلاد بل يستهدفه شخصيا، وحول العلاقات مع آسيا الوسطى قال رئيس الوزراء نواز شريف بأن هذه الدول أبدت الرغبة في تعزيز الاتصال مع باكستان واستخدام ميناء جوادر لغرض التجارة، وأكد نواز شريف بأن باكستان ترغب في العلاقات الجيدة والسلمية مع كافة الدول المجاورة لها. بطاقة 
</post>
<signature>

</signature>
<external_links>

</external_links>
<country>FR</country>
<main_image>http://arabic.app.com.pk/arabic/wp-content/uploads/2016/05/nawaz-sharif22-copy-2.jpg</main_image>
</document>
