<?xml version="1.0" encoding="UTF-8"?>
<document>
<type>mainstream</type>
<forum>http://www.ilna.ir/feeds/</forum>
<forum_title>خبرگزاری کار ایران - ایلنا</forum_title>
<discussion_title>حرف‌های علی کریمی در تمرین پرسپولیس</discussion_title>
<language>persian</language>
<gmt_offset></gmt_offset>
<topic_url>http://www.ilna.ir/%D8%A8%D8%AE%D8%B4-%D9%88%D8%B1%D8%B2%D8%B4%DB%8C-7/370575-%D8%AD%D8%B1%D9%81-%D9%87%D8%A7%DB%8C-%D8%B9%D9%84%DB%8C-%DA%A9%D8%B1%DB%8C%D9%85%DB%8C-%D8%AF%D8%B1-%D8%AA%D9%85%D8%B1%DB%8C%D9%86-%D9%BE%D8%B1%D8%B3%D9%BE%D9%88%D9%84%DB%8C%D8%B3</topic_url>
<topic_text>
حرف‌های علی کریمی در تمرین پرسپولیس کاپیتان پیشین پرسپولیس ابراز امیدواری کرد که این تیم فردا (جمعه) جام قهرمانی لیگ پانزدهم را به دست بیاورد تا دل هواداران شاد شود. به گزارش ایلنا، علی کریمی که پیش از دیدار پرسپولیس مقابل گسترش فولاد تبریز در تمرین سرخپوشان حضور یافته بود و به بازیکنان این تیم روحیه داد، امروز (پنج‌شنبه) هم در تمرین پرسپولیسی‌ها حاضر شد. وی با این کار قصد داشت تا پیش از دیدار پایانی سرخپوشان تهرانی مقابل راه‌آهن به بازیکنان پرسپولیس روحیه بدهد و به صورت کوتاه نیز با آنها صحبت کرد. علی کریمی در جمع بازیکنان این تیم گفت: نمی‌دانم چه چیزی باید بگویم، امروز فقط آمده‌ام به شما بگویم این آخرین بازی‌تان در این فصل است و باید تمام تلاش‌تان را به کار بگیرید. باید قدم آخر را محکم بردارید و به هدف‌تان که قهرمانی است، برسید. وی با اشاره به دیدار حساس پرسپولیس مقابل راه‌آهن افزود: امیدوارم بازی فردا را با یک برد خوب پشت سر بگذارید و قهرمان شوید تا دل مردم را شاد کنید. پس از صحبت‌های علی کریمی هم برانکو ایوانکوویچ در تکمیل صحبت‌های شاگرد پیشین خود در تیم ملی به بازیکنانش گفت: در بازی فردا فقط باید دقت داشته باشیم، عاقلانه و صبورانه بازی کنیم. کسی نباید به دیگر بازی‌ها توجه داشته باشد، نباید شتاب زده عمل کرد و باید خونسرد بود، چون در غیر این صورت اشتباه خواهیم داشت. سرمربی تیم فوتبال پرسپولیس تصریح کرد: ما فقط یک هدف داریم که این فصل را با قهرمانی به پایان برده و دل هواداران را شاد کنیم. نرم افزار موبایل ایلنا اخبار مرتبط
</topic_text>
<spam_score>0.00</spam_score>
<post_num>1</post_num>
<post_id>post-1</post_id>
<post_url>http://www.ilna.ir/%D8%A8%D8%AE%D8%B4-%D9%88%D8%B1%D8%B2%D8%B4%DB%8C-7/370575-%D8%AD%D8%B1%D9%81-%D9%87%D8%A7%DB%8C-%D8%B9%D9%84%DB%8C-%DA%A9%D8%B1%DB%8C%D9%85%DB%8C-%D8%AF%D8%B1-%D8%AA%D9%85%D8%B1%DB%8C%D9%86-%D9%BE%D8%B1%D8%B3%D9%BE%D9%88%D9%84%DB%8C%D8%B3</post_url>
<post_date>20160512</post_date>
<post_time>1405</post_time>
<username></username>
<post>
حرف‌های علی کریمی در تمرین پرسپولیس کاپیتان پیشین پرسپولیس ابراز امیدواری کرد که این تیم فردا (جمعه) جام قهرمانی لیگ پانزدهم را به دست بیاورد تا دل هواداران شاد شود. به گزارش ایلنا، علی کریمی که پیش از دیدار پرسپولیس مقابل گسترش فولاد تبریز در تمرین سرخپوشان حضور یافته بود و به بازیکنان این تیم روحیه داد، امروز (پنج‌شنبه) هم در تمرین پرسپولیسی‌ها حاضر شد. وی با این کار قصد داشت تا پیش از دیدار پایانی سرخپوشان تهرانی مقابل راه‌آهن به بازیکنان پرسپولیس روحیه بدهد و به صورت کوتاه نیز با آنها صحبت کرد. علی کریمی در جمع بازیکنان این تیم گفت: نمی‌دانم چه چیزی باید بگویم، امروز فقط آمده‌ام به شما بگویم این آخرین بازی‌تان در این فصل است و باید تمام تلاش‌تان را به کار بگیرید. باید قدم آخر را محکم بردارید و به هدف‌تان که قهرمانی است، برسید. وی با اشاره به دیدار حساس پرسپولیس مقابل راه‌آهن افزود: امیدوارم بازی فردا را با یک برد خوب پشت سر بگذارید و قهرمان شوید تا دل مردم را شاد کنید. پس از صحبت‌های علی کریمی هم برانکو ایوانکوویچ در تکمیل صحبت‌های شاگرد پیشین خود در تیم ملی به بازیکنانش گفت: در بازی فردا فقط باید دقت داشته باشیم، عاقلانه و صبورانه بازی کنیم. کسی نباید به دیگر بازی‌ها توجه داشته باشد، نباید شتاب زده عمل کرد و باید خونسرد بود، چون در غیر این صورت اشتباه خواهیم داشت. سرمربی تیم فوتبال پرسپولیس تصریح کرد: ما فقط یک هدف داریم که این فصل را با قهرمانی به پایان برده و دل هواداران را شاد کنیم. نرم افزار موبایل ایلنا اخبار مرتبط
</post>
<signature>

</signature>
<external_links>

</external_links>
<country>IR</country>
<main_image>http://static0.ilna.ir/thumbnail/Q9OOAQPyQ4T7/TbaZ-65erigz_KuonkQ7j4fGZx6NUybp2e1awigXJ3Ar7nwJ7wnB4Gngr8x7S0KT-ITsVTGzciw,/%D8%B9%D9%84%DB%8C+%DA%A9%D8%B1%DB%8C%D9%85%DB%8C.jpg</main_image>
</document>
