<?xml version="1.0" encoding="UTF-8"?>
<document>
<type>mainstream</type>
<forum></forum>
<forum_title></forum_title>
<discussion_title>Students solving question papers during examination at Government College for Women. APP photo by Munir Butt | APP Photo Service</discussion_title>
<language>english</language>
<gmt_offset></gmt_offset>
<topic_url>http://photo.app.com.pk/photo/2016/05/students-solving-question-papers-during-examination-at-government-college-for-women-app-photo-by-munir-butt/</topic_url>
<topic_text>
Students solving question papers during examination at Government College for Women. APP photo by Munir Butt May 12, 2016 
</topic_text>
<spam_score>0.00</spam_score>
<post_num>1</post_num>
<post_id>post-1</post_id>
<post_url>http://photo.app.com.pk/photo/2016/05/students-solving-question-papers-during-examination-at-government-college-for-women-app-photo-by-munir-butt/</post_url>
<post_date>20160512</post_date>
<post_time></post_time>
<username></username>
<post>
Students solving question papers during examination at Government College for Women. APP photo by Munir Butt May 12, 2016 
</post>
<signature>

</signature>
<external_links>

</external_links>
<country>US</country>
<main_image>http://photo.app.com.pk/photo/wp-content/uploads/2016/05/APP54-12Sialkot.jpg</main_image>
</document>
