<?xml version="1.0" encoding="UTF-8"?>
<document>
<type>mainstream</type>
<forum></forum>
<forum_title></forum_title>
<discussion_title>Hitomi is about celebrities 01 - Bigtits movies Free Play!Bigtits movies Free Play!</discussion_title>
<language>english</language>
<gmt_offset></gmt_offset>
<topic_url>http://porn.njghosts.com/bigtits/1551</topic_url>
<topic_text>

Mail (will not be published) (required) 
Website Notify me of follow-up comments by email. Notify me of new posts by email. Related Videos 
</topic_text>
<spam_score>0.00</spam_score>
<post_num>1</post_num>
<post_id>post-1</post_id>
<post_url>http://porn.njghosts.com/bigtits/1551</post_url>
<post_date>20160305</post_date>
<post_time></post_time>
<username></username>
<post>

Mail (will not be published) (required) 
Website Notify me of follow-up comments by email. Notify me of new posts by email. Related Videos 
</post>
<signature>

</signature>
<external_links>

</external_links>
<country>JP</country>
<main_image></main_image>
</document>
