<?xml version="1.0" encoding="UTF-8"?>
<document>
<type>mainstream</type>
<forum></forum>
<forum_title></forum_title>
<discussion_title>Mr. Glamarus Music Video Casting Call | Jahlove2u Productions - TV &amp; Video Auditions | Backstage</discussion_title>
<language>english</language>
<gmt_offset></gmt_offset>
<topic_url>https://www.backstage.com/casting/mr-glamarus-music-video-117428/</topic_url>
<topic_text>
Post a Job Working... 
</topic_text>
<spam_score>0.00</spam_score>
<post_num>1</post_num>
<post_id>post-1</post_id>
<post_url>https://www.backstage.com/casting/mr-glamarus-music-video-117428/</post_url>
<post_date>20160511</post_date>
<post_time></post_time>
<username></username>
<post>
Post a Job Working... 
</post>
<signature>

</signature>
<external_links>

</external_links>
<country>US</country>
<main_image>https://d3uscstcbhvk7k.cloudfront.net/static/images/bstar-icon.png</main_image>
</document>
