<?xml version="1.0" encoding="UTF-8"?>
<document>
<type>mainstream</type>
<forum></forum>
<forum_title></forum_title>
<discussion_title>Nu te downloaden: WhatsApp introduceert desktop-app voor OS X en Windows - WANT</discussion_title>
<language>dutch</language>
<gmt_offset></gmt_offset>
<topic_url>http://www.want.nl/nu-te-downloaden-whatsapp-introduceert-desktop-app-voor-os-x-en-windows/</topic_url>
<topic_text>
Nu te downloaden: WhatsApp introduceert desktop-app voor OS X en Windows 11-05-2016 - door Rutger 
Het was al even bekend dat WhatsApp met een desktop-app voor OS X en Windows zou komen, maar de vraag was nog wanneer. En die vraag is beantwoordt. Wij kunnen WhatsApp met z’n allen nu ook achter de computer gebruiken. De WhatsApp-versie voor OS X 10.9 (of hoger) of Windows 8 (of hoger) is hier te downloaden . Net als WhatsApp Web 
Via WhatsApp Web was WhatsAppen via de computer al eerder mogelijk, maar dit verliep nog direct via de browser. De desktop versie werkt in principe hetzelfde. Het is een verlening van het account op je phone. Zie de app dan ook als een weerspiegeling van de berichten op je mobiele phone. En kun je berichten versturen terwijl je phone tijdens het werk in de broekzak zit. Enjoy ! 
</topic_text>
<spam_score>0.00</spam_score>
<post_num>1</post_num>
<post_id>post-1</post_id>
<post_url>http://www.want.nl/nu-te-downloaden-whatsapp-introduceert-desktop-app-voor-os-x-en-windows/</post_url>
<post_date>20160511</post_date>
<post_time></post_time>
<username></username>
<post>
Nu te downloaden: WhatsApp introduceert desktop-app voor OS X en Windows 11-05-2016 - door Rutger 
Het was al even bekend dat WhatsApp met een desktop-app voor OS X en Windows zou komen, maar de vraag was nog wanneer. En die vraag is beantwoordt. Wij kunnen WhatsApp met z’n allen nu ook achter de computer gebruiken. De WhatsApp-versie voor OS X 10.9 (of hoger) of Windows 8 (of hoger) is hier te downloaden . Net als WhatsApp Web 
Via WhatsApp Web was WhatsAppen via de computer al eerder mogelijk, maar dit verliep nog direct via de browser. De desktop versie werkt in principe hetzelfde. Het is een verlening van het account op je phone. Zie de app dan ook als een weerspiegeling van de berichten op je mobiele phone. En kun je berichten versturen terwijl je phone tijdens het werk in de broekzak zit. Enjoy ! 
</post>
<signature>

</signature>
<external_links>

</external_links>
<country>US</country>
<main_image>http://www.want.nl/wp-content/uploads/2016/05/Whatsapp-desktop-want.jpg</main_image>
</document>
