<?xml version="1.0" encoding="UTF-8"?>
<document>
<type>mainstream</type>
<forum></forum>
<forum_title></forum_title>
<discussion_title>Car burst into flames</discussion_title>
<language>english</language>
<gmt_offset></gmt_offset>
<topic_url>http://www.warrington-worldwide.co.uk/2016/05/12/car-burst-into-flames/</topic_url>
<topic_text>
You are at: Home » News » Car burst into flames Car burst into flames 
FIREFIGHTERS were called out this afternoon when a car burst into flames in Padgate Lane, Warrington. They used a hose reel jet to extinguish the blaze and no-one was reported hurt. Earier today, fire crews from Warrington and Stockton Heath were called to business premises on the Barleycastle Trading Estate, in Lyncastle Way, Appleton. The fire involved an extractor unit and was extinguished with one hose reel jet. 12th May 2016 12:42 pm 0 12th May 2016 9:23 am 0 12th May 2016 8:19 am 0 &apos;Alcohol probe&apos; Needham officer recalled 12th May 2016 9:54 am A senior policeman investigating the disappearance of Ben Needham is summoned back to the UK from Kos after reports members of his team went on a drinking session. UK &apos;spike in short-term migration&apos; 12th May 2016 9:49 am A big gap between official immigration figures and the number of EU migrants registering for National Insurance numbers is put down to short-term immigration. Impeachment trial for Brazil&apos;s Rousseff 12th May 2016 9:49 am Brazil&apos;s President Dilma Rousseff is to face trial over claims of manipulating finances after the Senate voted to impeach and suspend her. About Us 
Warrington-worldwide is linked to six local community magazines covering Warrington and Cheshire, including Lymm Life, Village Life (covering south Warrington), Culcheth Life, Frodsham Life and Lifestyle. Newsletter Signup 
Signup to our newsletter for news updates and local event information. 
Email Great news, we&apos;ve signed you up. Sorry, we weren&apos;t able to sign you up. Please check your details, and try again. Recent Posts 
</topic_text>
<spam_score>0.00</spam_score>
<post_num>1</post_num>
<post_id>post-1</post_id>
<post_url>http://www.warrington-worldwide.co.uk/2016/05/12/car-burst-into-flames/</post_url>
<post_date>20160512</post_date>
<post_time></post_time>
<username>David Skentelbery</username>
<post>
You are at: Home » News » Car burst into flames Car burst into flames 
FIREFIGHTERS were called out this afternoon when a car burst into flames in Padgate Lane, Warrington. They used a hose reel jet to extinguish the blaze and no-one was reported hurt. Earier today, fire crews from Warrington and Stockton Heath were called to business premises on the Barleycastle Trading Estate, in Lyncastle Way, Appleton. The fire involved an extractor unit and was extinguished with one hose reel jet. 12th May 2016 12:42 pm 0 12th May 2016 9:23 am 0 12th May 2016 8:19 am 0 &apos;Alcohol probe&apos; Needham officer recalled 12th May 2016 9:54 am A senior policeman investigating the disappearance of Ben Needham is summoned back to the UK from Kos after reports members of his team went on a drinking session. UK &apos;spike in short-term migration&apos; 12th May 2016 9:49 am A big gap between official immigration figures and the number of EU migrants registering for National Insurance numbers is put down to short-term immigration. Impeachment trial for Brazil&apos;s Rousseff 12th May 2016 9:49 am Brazil&apos;s President Dilma Rousseff is to face trial over claims of manipulating finances after the Senate voted to impeach and suspend her. About Us 
Warrington-worldwide is linked to six local community magazines covering Warrington and Cheshire, including Lymm Life, Village Life (covering south Warrington), Culcheth Life, Frodsham Life and Lifestyle. Newsletter Signup 
Signup to our newsletter for news updates and local event information. 
Email Great news, we&apos;ve signed you up. Sorry, we weren&apos;t able to sign you up. Please check your details, and try again. Recent Posts 
</post>
<signature>

</signature>
<external_links>

</external_links>
<country>GB</country>
<main_image>http://www.warrington-worldwide.co.uk/wp-content/uploads/2015/03/fire-engine-21.jpg</main_image>
</document>
