<?xml version="1.0" encoding="UTF-8"?>
<document>
<type>mainstream</type>
<forum></forum>
<forum_title></forum_title>
<discussion_title>Make A Buzz Ottawa! CanadaHelps</discussion_title>
<language>english</language>
<gmt_offset></gmt_offset>
<topic_url>https://www.canadahelps.org/en/charities/liveworkplay/events/make-a-buzz-ottawa/</topic_url>
<topic_text>
Ticket sales for this event are now closed. Overview 
SOLD OUT! THANK YOU OTTAWA! 
Make A Buzz Ottawa is the all new LiveWorkPlay annual community celebration! Building upon last year&apos;s sold out 20th anniversary celebrations, this event combines elements of our former fundraising auction and awards banquet into one spectacular evening. 
Enjoy a delicious meal as co-hosts Sandy Sharkey and Dylan Black from BOOM-FM 99.7 take you through an evening that celebrates individuals and organizations from the Ottawa area community. After the mix and mingle hour with photo booth, silent auction, and cash bar you will be guided to your reserved table seating where our formal agenda begins with our dynamic keynote speaker , business leader and disability advocate Mark Wafer ! Special guest Alex Mateas #1 draft pick with the Ottawa RedBlacks CFL will assist in an award presentation! Media 
SOLD OUT! THANK YOU OTTAWA! 
Please park across the street in the City of Ottawa lot at 301 Preston. 
The evening begins with mix and mingle reception that includes a silent auction and free photo booth by Quality Entertainment from 5:30-6:45pm. Be in your reserved table seats by 7:00pm for the start of our four course meal as we launch into an exciting night of awards and celebrations, starting with co-hosts Sandy Sharkey and Dylan Black from BOOM-FM, a keynote by Mark Wafer , and a special award presentation by Ottawa RedBlacks lineman Alex Mateas . Along the way there will be opportunities to bid on a variety of live auction items, including travel packages, concerts and sporting events, art and merchandise, and more! 
</topic_text>
<spam_score>0.00</spam_score>
<post_num>1</post_num>
<post_id>post-1</post_id>
<post_url>https://www.canadahelps.org/en/charities/liveworkplay/events/make-a-buzz-ottawa/</post_url>
<post_date>20160512</post_date>
<post_time></post_time>
<username></username>
<post>
Ticket sales for this event are now closed. Overview 
SOLD OUT! THANK YOU OTTAWA! 
Make A Buzz Ottawa is the all new LiveWorkPlay annual community celebration! Building upon last year&apos;s sold out 20th anniversary celebrations, this event combines elements of our former fundraising auction and awards banquet into one spectacular evening. 
Enjoy a delicious meal as co-hosts Sandy Sharkey and Dylan Black from BOOM-FM 99.7 take you through an evening that celebrates individuals and organizations from the Ottawa area community. After the mix and mingle hour with photo booth, silent auction, and cash bar you will be guided to your reserved table seating where our formal agenda begins with our dynamic keynote speaker , business leader and disability advocate Mark Wafer ! Special guest Alex Mateas #1 draft pick with the Ottawa RedBlacks CFL will assist in an award presentation! Media 
SOLD OUT! THANK YOU OTTAWA! 
Please park across the street in the City of Ottawa lot at 301 Preston. 
The evening begins with mix and mingle reception that includes a silent auction and free photo booth by Quality Entertainment from 5:30-6:45pm. Be in your reserved table seats by 7:00pm for the start of our four course meal as we launch into an exciting night of awards and celebrations, starting with co-hosts Sandy Sharkey and Dylan Black from BOOM-FM, a keynote by Mark Wafer , and a special award presentation by Ottawa RedBlacks lineman Alex Mateas . Along the way there will be opportunities to bid on a variety of live auction items, including travel packages, concerts and sporting events, art and merchandise, and more! 
</post>
<signature>

</signature>
<external_links>

</external_links>
<country>CA</country>
<main_image></main_image>
</document>
