<?xml version="1.0" encoding="UTF-8"?>
<document>
<type>mainstream</type>
<forum>http://imparcialoaxaca.mx/ultimas/super-deportivo.rss</forum>
<forum_title>El Imparcial &gt; Súper Deportivo</forum_title>
<discussion_title>Tienen clavados de exhibición</discussion_title>
<language>spanish</language>
<gmt_offset></gmt_offset>
<topic_url>http://imparcialoaxaca.mx/super-deportivo/abf/tienen-clavados-de-exhibici%C3%B3n</topic_url>
<topic_text>
Súper Deportivo Tienen clavados de exhibición La exhibición inició a las 9:00 horas, con el objetivo de fomentar esta disciplina en la entidad por Francisco Javier Ramos Diaz el Martes 10 de mayo de 2016 - 05:17:42 Twittear 
Con éxito arrancaron ayer las exhibiciones de clavados, realizadas en las instalaciones del Complejo Deportivo Zona Poniente. 
La demostración estuvo a cargo de seleccionados nacionales, al mando de Giann Tejada Ávila, entrenador del equipo mexicano juvenil e infantil de la especialidad, además de 10 años seleccionado nacional y participante de Juegos Panamericanos y Grand Prix. 
La exhibición inició a las 9:00 horas, con el objetivo de fomentar esta disciplina en la entidad. 
El evento arrancó con clavados de calentamiento, posteriormente los seleccionados realizaron clavados parados G, C y B. 
La expectación creció cuando los atletas le imprimieron mayor dificultad (5, 7 y 10) a sus lances desde la fosa de clavados. 
De acuerdo con el entrenador Tejada Ávila, en esta primera sesión se pudieron apreciar los diferentes tipos de clavados: al frente, hacia atrás, hacia adelante, inversos, con giro y parados de mano. 
Las vistosas ejecuciones estuvieron a cargo de los clavadistas: Paulo Feria, medallista nacional y seleccionado Juvenil Panamericano en Cuba. 
Carlos Martínez Vargas, medallista en Campeonato Nacional, participante de Olimpiada Nacional (ON). 
Ana Laura Delano, de 17 años, participante de ON y seleccionada a Campeonatos Infantiles y Primera Fuerza. 
Rodrigo Romero de 15, años, medallista de Olimpiada y en campeonatos Nacionales; Ashley Martínez, participante ON y Ana Paula Rojano, medallista de Campeonato Nacional Infantil. 
Esta actividad se desarrollará hasta el viernes en la fosa de clavados del complejo deportivo, en horario de 9:00 a 11:00.
</topic_text>
<spam_score>0.00</spam_score>
<post_num>1</post_num>
<post_id>post-1</post_id>
<post_url>http://imparcialoaxaca.mx/super-deportivo/abf/tienen-clavados-de-exhibici%C3%B3n</post_url>
<post_date>20160510</post_date>
<post_time>2217</post_time>
<username>admin@imparcialenlinea.com (Francisco Javier Ramos Diaz)</username>
<post>
Súper Deportivo Tienen clavados de exhibición La exhibición inició a las 9:00 horas, con el objetivo de fomentar esta disciplina en la entidad por Francisco Javier Ramos Diaz el Martes 10 de mayo de 2016 - 05:17:42 Twittear 
Con éxito arrancaron ayer las exhibiciones de clavados, realizadas en las instalaciones del Complejo Deportivo Zona Poniente. 
La demostración estuvo a cargo de seleccionados nacionales, al mando de Giann Tejada Ávila, entrenador del equipo mexicano juvenil e infantil de la especialidad, además de 10 años seleccionado nacional y participante de Juegos Panamericanos y Grand Prix. 
La exhibición inició a las 9:00 horas, con el objetivo de fomentar esta disciplina en la entidad. 
El evento arrancó con clavados de calentamiento, posteriormente los seleccionados realizaron clavados parados G, C y B. 
La expectación creció cuando los atletas le imprimieron mayor dificultad (5, 7 y 10) a sus lances desde la fosa de clavados. 
De acuerdo con el entrenador Tejada Ávila, en esta primera sesión se pudieron apreciar los diferentes tipos de clavados: al frente, hacia atrás, hacia adelante, inversos, con giro y parados de mano. 
Las vistosas ejecuciones estuvieron a cargo de los clavadistas: Paulo Feria, medallista nacional y seleccionado Juvenil Panamericano en Cuba. 
Carlos Martínez Vargas, medallista en Campeonato Nacional, participante de Olimpiada Nacional (ON). 
Ana Laura Delano, de 17 años, participante de ON y seleccionada a Campeonatos Infantiles y Primera Fuerza. 
Rodrigo Romero de 15, años, medallista de Olimpiada y en campeonatos Nacionales; Ashley Martínez, participante ON y Ana Paula Rojano, medallista de Campeonato Nacional Infantil. 
Esta actividad se desarrollará hasta el viernes en la fosa de clavados del complejo deportivo, en horario de 9:00 a 11:00.
</post>
<signature>

</signature>
<external_links>

</external_links>
<country>MX</country>
<main_image>http://media.imparcialoaxaca.mx/imagenes/large/57325df3a20541cb4effb3b2.jpg</main_image>
</document>
