<?xml version="1.0" encoding="UTF-8"?>
<document>
<type>mainstream</type>
<forum></forum>
<forum_title></forum_title>
<discussion_title>Nominados conviven previo a la entrega del Ariel 2016</discussion_title>
<language>spanish</language>
<gmt_offset></gmt_offset>
<topic_url>http://entretenimiento.terra.com/nominados-conviven-previo-a-la-entrega-del-ariel-2016,76fa0d340a2940b7433627aabca4758al33eiu3k.html</topic_url>
<topic_text>
Nominados conviven previo a la entrega del Ariel 2016 NTX/MAY/ACJ may comentarios 
A poco más de dos semanas que se realice la 58 entrega de los Premios Ariel, cuya ceremonia se llevará a cabo el 28 de mayo próximo en el Auditorio Nacional, se efectuó la reunión para la foto oficial con todos los nominados de este año. ver más &quot;La delgada línea amarilla&quot; y &quot;Gloria&quot; lideran nominaciones al Ariel Por la alfombra roja dispuesta para la ocasión desfilaron los protagonistas de la próxima entrega, entre directores como Gabriel Ripstein, Celso García y David Pablos, así como actores como Joaquín Cosío, Sofía Espinosa y Cassandra Ciangherotti, además de representantes del equipo de producción. Este año es muy especial para la entrega del Ariel, ya que se llevará a cabo la edición 58, al tiempo que la Academia Mexicana de Artes y Ciencias Cinematográficas (AMACC) cumple 70 años de reconocer el cine mexicano, reiteró la actriz mexicana Dolores Heredia, presidenta de la AMACC, a su paso por el tapiz carmín dispuesto en los Estudios Churubusco. Entre los nominados destacan las filmes &quot;600 millas&quot;, de Gabriel Ripstein, y &quot;Las elegidas&quot;, de David Pablos, con 13 postulaciones, además de &quot;Gloria&quot;, del cineasta suizo Christian Keller, y &quot;La delgada línea amarilla&quot;, de Celso García, que suman 14 menciones. Al respecto, Ripstein manifestó su emoción por el reconocimiento que se le hace al equipo que participó en la cinta. &quot;Es un enorme orgullo que gente de la industria, gente que respeto y admiro, reconozcan esta película&quot;, anotó. &quot;El que tengamos nominaciones en tantas categorías es un testimonio de la calidad y el talento de las personas con quien tuve la fortuna de trabajar. Estoy feliz por ellos, por mí, por la película&quot;, expuso Ripstein, quien adelantó que luego de su corrida comercial se afinan los detalles para que se exhiba vía streaming. Por su parte, David Pablos reconoció que innegablemente le gustaría obtener las estatuillas, ya que le da mayor proyección a la película, como lo han hecho hasta ahora sus nominaciones que se dieron a conocer justo antes de su salida comercial. &quot;Estoy sorprendido de la reacción que ha tenido el público, he creído siempre mucho en este proyecto y sabía que tendría un buen futuro (...) no sabía bien qué pasaría, pero tenía esa corazonada&quot;, señaló. Este 2016 también competirán en la categoría de Mejor Película los filmes &quot;Un monstruo de mil cabezas&quot;, de Rodrigo Plá, quien externó que es una alegría estar compitiendo por los Arieles y dijo: &quot;Es un reconocimiento de los colegas y eso siempre será un estímulo (...) Sinceramente espero que estas nominaciones nos ayuden a hacer ruido de esta película, porque tendrá su estreno comercial en julio próximo en México y necesitamos comenzar a hacer ruido&quot;. Además de su postulación como Mejor Película, Plá se disputa el título de Mejor Director con Gabriel Ripstein; Anwar Safa, por &quot;El Jeremías&quot;; David Pablos y Julio Hernández Cordón, por &quot;Te prometo anarquía&quot;. De acuerdo con los informes de la AMAAC, están a unos días de que el Comité de Elección visione las películas nominadas, y del 10 al 16 de mayo se votará para elegir a los ganadores. Los resultados serán certificados ante Notario Público y permanecerán bajo su resguardo en sobre sellado, hasta el momento de la premiación. En este marco, este mes se desarrolla el ciclo &quot;Rumbo al Ariel&quot;, que incluye a las películas postuladas, en salas de la Cineteca Nacional, Casa del Cine, IFAL, Faro de Oriente, Cinemanía y Cine Tonalá. Todos los derechos reservados. Está prohibido todo tipo de reproducción sin autorización. 
compartir 
</topic_text>
<spam_score>0.00</spam_score>
<post_num>1</post_num>
<post_id>post-1</post_id>
<post_url>http://entretenimiento.terra.com/nominados-conviven-previo-a-la-entrega-del-ariel-2016,76fa0d340a2940b7433627aabca4758al33eiu3k.html</post_url>
<post_date>20160512</post_date>
<post_time></post_time>
<username>Ntx May Acj</username>
<post>
Nominados conviven previo a la entrega del Ariel 2016 NTX/MAY/ACJ may comentarios 
A poco más de dos semanas que se realice la 58 entrega de los Premios Ariel, cuya ceremonia se llevará a cabo el 28 de mayo próximo en el Auditorio Nacional, se efectuó la reunión para la foto oficial con todos los nominados de este año. ver más &quot;La delgada línea amarilla&quot; y &quot;Gloria&quot; lideran nominaciones al Ariel Por la alfombra roja dispuesta para la ocasión desfilaron los protagonistas de la próxima entrega, entre directores como Gabriel Ripstein, Celso García y David Pablos, así como actores como Joaquín Cosío, Sofía Espinosa y Cassandra Ciangherotti, además de representantes del equipo de producción. Este año es muy especial para la entrega del Ariel, ya que se llevará a cabo la edición 58, al tiempo que la Academia Mexicana de Artes y Ciencias Cinematográficas (AMACC) cumple 70 años de reconocer el cine mexicano, reiteró la actriz mexicana Dolores Heredia, presidenta de la AMACC, a su paso por el tapiz carmín dispuesto en los Estudios Churubusco. Entre los nominados destacan las filmes &quot;600 millas&quot;, de Gabriel Ripstein, y &quot;Las elegidas&quot;, de David Pablos, con 13 postulaciones, además de &quot;Gloria&quot;, del cineasta suizo Christian Keller, y &quot;La delgada línea amarilla&quot;, de Celso García, que suman 14 menciones. Al respecto, Ripstein manifestó su emoción por el reconocimiento que se le hace al equipo que participó en la cinta. &quot;Es un enorme orgullo que gente de la industria, gente que respeto y admiro, reconozcan esta película&quot;, anotó. &quot;El que tengamos nominaciones en tantas categorías es un testimonio de la calidad y el talento de las personas con quien tuve la fortuna de trabajar. Estoy feliz por ellos, por mí, por la película&quot;, expuso Ripstein, quien adelantó que luego de su corrida comercial se afinan los detalles para que se exhiba vía streaming. Por su parte, David Pablos reconoció que innegablemente le gustaría obtener las estatuillas, ya que le da mayor proyección a la película, como lo han hecho hasta ahora sus nominaciones que se dieron a conocer justo antes de su salida comercial. &quot;Estoy sorprendido de la reacción que ha tenido el público, he creído siempre mucho en este proyecto y sabía que tendría un buen futuro (...) no sabía bien qué pasaría, pero tenía esa corazonada&quot;, señaló. Este 2016 también competirán en la categoría de Mejor Película los filmes &quot;Un monstruo de mil cabezas&quot;, de Rodrigo Plá, quien externó que es una alegría estar compitiendo por los Arieles y dijo: &quot;Es un reconocimiento de los colegas y eso siempre será un estímulo (...) Sinceramente espero que estas nominaciones nos ayuden a hacer ruido de esta película, porque tendrá su estreno comercial en julio próximo en México y necesitamos comenzar a hacer ruido&quot;. Además de su postulación como Mejor Película, Plá se disputa el título de Mejor Director con Gabriel Ripstein; Anwar Safa, por &quot;El Jeremías&quot;; David Pablos y Julio Hernández Cordón, por &quot;Te prometo anarquía&quot;. De acuerdo con los informes de la AMAAC, están a unos días de que el Comité de Elección visione las películas nominadas, y del 10 al 16 de mayo se votará para elegir a los ganadores. Los resultados serán certificados ante Notario Público y permanecerán bajo su resguardo en sobre sellado, hasta el momento de la premiación. En este marco, este mes se desarrolla el ciclo &quot;Rumbo al Ariel&quot;, que incluye a las películas postuladas, en salas de la Cineteca Nacional, Casa del Cine, IFAL, Faro de Oriente, Cinemanía y Cine Tonalá. Todos los derechos reservados. Está prohibido todo tipo de reproducción sin autorización. 
compartir 
</post>
<signature>

</signature>
<external_links>

</external_links>
<country>US</country>
<main_image>http://p2.trrsf.com/image/fget/cf/600/600/s1.trrsf.com/atm/3/core/_img/terra-logo-white-bg-v3.jpg</main_image>
</document>
