<?xml version="1.0" encoding="UTF-8"?>
<document>
<type>mainstream</type>
<forum>http://wn.com/KOMTAR</forum>
<forum_title>Komtar</forum_title>
<discussion_title>Budget Hotels in Penang, Malaysia</discussion_title>
<language>english</language>
<gmt_offset>0</gmt_offset>
<topic_url>http://article.wn.com/view/2016/02/21/Budget_Hotels_in_Penang_Malaysia/</topic_url>
<topic_text>
Want to see the most of Penang and save money at the same time? These budget accommodations In Penang, Malaysia offer the right combination of service and low, low rates that can help make your visit to Penang more memorable. (For more
</topic_text>
<spam_score>0.00</spam_score>
<post_num>1</post_num>
<post_id>post-1</post_id>
<post_url>http://article.wn.com/view/2016/02/21/Budget_Hotels_in_Penang_Malaysia/</post_url>
<post_date>20160221</post_date>
<post_time></post_time>
<username>wn.com</username>
<post>
Want to see the most of Penang and save money at the same time? These budget accommodations In Penang, Malaysia offer the right combination of service and low, low rates that can help make your visit to Penang more memorable. (For more
</post>
<signature>

</signature>
<external_links>

</external_links>
<country>GB</country>
<main_image>http://i.ytimg.com/vi/4GPPjoJLAPQ/0.jpg</main_image>
</document>
