<?xml version="1.0" encoding="UTF-8"?>
<document>
<type>mainstream</type>
<forum>http://www.dailymail.co.uk/news/articles.rss</forum>
<forum_title>News Articles | Mail Online</forum_title>
<discussion_title>Laura Bush says George&apos;s paintings have changed a lot and discusses children&apos;s book</discussion_title>
<language>english</language>
<gmt_offset></gmt_offset>
<topic_url>http://www.dailymail.co.uk/news/article-3585234/Laura-Bush-says-George-s-paintings-changed-lot-public-seen-early-work-s-revealed-started-making-art-iPhone-app.html</topic_url>
<topic_text>
52 shares 14
View
comments
Former first lady Laura Bush and her daughter, Jenna Bush Hager, made an appearance on The Tonight Show to discuss their new children&apos;s book and also chatted about president George W. Bush&apos;s portrait paintings.
Jenna and her mother joined Jimmy Fallon on his popular show Tuesday night and was asked by the host about how the president was doing and they discussed the evolution of the former world leader&apos;s notable artwork.
Since leaving the oval office in 2009, president George W. Bush surprisingly turned into an artist and has spent time painting portraits of world leaders, his family members and celebrities.
&apos;He&apos;s doing really well, he&apos;s doing a lot of painting,&apos; Laura Bush said of her husband.
Scroll down for video
All smiles: Laura Bush and her daughter, Jenna Bush Hager, (pictured) made an appearance on The Tonight Show to discuss their new children&apos;s book and also chatted about George W. Bush&apos;s portrait paintings
Jenna and her mother joined Jimmy Fallon on his popular show Tuesday night (pictured). They discussed the evolution of the former world leader&apos;s notable artwork, as Laura said he&apos;s &apos;doing a lot of painting&apos;
Since leaving the oval office in 2009, president George W. Bush has spent time painting portraits of world leaders, his family members and celebrities. Above he is pictured giving a portrait to Jay Leno in 2013
Fallon enthusiastically said that he&apos;s &apos;obsessed with his paintings&apos; and that he thinks they are &apos;fantastic,&apos; before Laura jumped in and added that &apos;you&apos;ve only seen the very early ones.&apos;
Jenna said that her father &apos;has progressed&apos;, and jokingly mentioned the &apos;naked&apos; portraits he painted of himself in the shower and bathtub that were leaked in 2013.
Fallon inquired with the women about how the former president even got into painting.
&apos;He got the app on his iPhone— the Penultimate and he drew these very funny stick figures,&apos; Laura explained.
According to the app&apos;s website , it&apos;s a digital handwriting app that &apos;combines the natural experience of pen and paper with power of Evernote’s sync and search features.&apos;
Jenna, who is a mother-of-two, jokingly added: &apos;There was actually a period where he only communicated through his &apos;art.&apos;
&apos;He would send Barbara and me a text that said &apos;Going on an airplane&apos; and would do a stick figure of an airplane.&apos;
Fallon enthusiastically said that he&apos;s &apos;obsessed with his paintings&apos; and that he thinks they are &apos;fantastic.&apos; Above the president is pictured with one of his earlier portraits
George W Bush had an exhibit as his presidential library that showcased his portraits in 2014 including the two he created above of himself and his father, George H.W. Bush
The 34-year-old daughter said that her mother who is the &apos;always supportive wife saw one of these and said &apos;George that&apos;s very interesting lines&apos; and then it took off.&apos;
The mother-daughter duo were on the show to discuss their new children&apos;s book, Our Great Big Backyard , that was published May 10.
&apos;Well maybe for the next book, he has to do at least one in there,&apos; Fallon said while holding up a copy of Our Great Big Backyard.
&apos;Well, he doesn&apos;t really do drawings like this,&apos; Laura answered.
&apos;No, these are amazing, these are fantastic,&apos; Fallon added.
This isn&apos;t their first children&apos;s book together, as they wrote Read All About It! in 2008.
 Next Woody Allen defends his obsession with young, beautiful... Commander in grief! Hollywood star Johnny Depp claims a... Among the artwork, a portrait of Russian President Vladimir Putin that the president painted was displayed at &quot;The Art of Leadership: A President&apos;s Personal Diplomacy&quot; exhibit in 2014 at the Bush Presidential Library and Museum
</topic_text>
<spam_score>0.00</spam_score>
<post_num>1</post_num>
<post_id>post-1</post_id>
<post_url>http://www.dailymail.co.uk/news/article-3585234/Laura-Bush-says-George-s-paintings-changed-lot-public-seen-early-work-s-revealed-started-making-art-iPhone-app.html</post_url>
<post_date>20160511</post_date>
<post_time>1644</post_time>
<username>Regina F. Graham For Dailymail.com</username>
<post>
52 shares 14
View
comments
Former first lady Laura Bush and her daughter, Jenna Bush Hager, made an appearance on The Tonight Show to discuss their new children&apos;s book and also chatted about president George W. Bush&apos;s portrait paintings.
Jenna and her mother joined Jimmy Fallon on his popular show Tuesday night and was asked by the host about how the president was doing and they discussed the evolution of the former world leader&apos;s notable artwork.
Since leaving the oval office in 2009, president George W. Bush surprisingly turned into an artist and has spent time painting portraits of world leaders, his family members and celebrities.
&apos;He&apos;s doing really well, he&apos;s doing a lot of painting,&apos; Laura Bush said of her husband.
Scroll down for video
All smiles: Laura Bush and her daughter, Jenna Bush Hager, (pictured) made an appearance on The Tonight Show to discuss their new children&apos;s book and also chatted about George W. Bush&apos;s portrait paintings
Jenna and her mother joined Jimmy Fallon on his popular show Tuesday night (pictured). They discussed the evolution of the former world leader&apos;s notable artwork, as Laura said he&apos;s &apos;doing a lot of painting&apos;
Since leaving the oval office in 2009, president George W. Bush has spent time painting portraits of world leaders, his family members and celebrities. Above he is pictured giving a portrait to Jay Leno in 2013
Fallon enthusiastically said that he&apos;s &apos;obsessed with his paintings&apos; and that he thinks they are &apos;fantastic,&apos; before Laura jumped in and added that &apos;you&apos;ve only seen the very early ones.&apos;
Jenna said that her father &apos;has progressed&apos;, and jokingly mentioned the &apos;naked&apos; portraits he painted of himself in the shower and bathtub that were leaked in 2013.
Fallon inquired with the women about how the former president even got into painting.
&apos;He got the app on his iPhone— the Penultimate and he drew these very funny stick figures,&apos; Laura explained.
According to the app&apos;s website , it&apos;s a digital handwriting app that &apos;combines the natural experience of pen and paper with power of Evernote’s sync and search features.&apos;
Jenna, who is a mother-of-two, jokingly added: &apos;There was actually a period where he only communicated through his &apos;art.&apos;
&apos;He would send Barbara and me a text that said &apos;Going on an airplane&apos; and would do a stick figure of an airplane.&apos;
Fallon enthusiastically said that he&apos;s &apos;obsessed with his paintings&apos; and that he thinks they are &apos;fantastic.&apos; Above the president is pictured with one of his earlier portraits
George W Bush had an exhibit as his presidential library that showcased his portraits in 2014 including the two he created above of himself and his father, George H.W. Bush
The 34-year-old daughter said that her mother who is the &apos;always supportive wife saw one of these and said &apos;George that&apos;s very interesting lines&apos; and then it took off.&apos;
The mother-daughter duo were on the show to discuss their new children&apos;s book, Our Great Big Backyard , that was published May 10.
&apos;Well maybe for the next book, he has to do at least one in there,&apos; Fallon said while holding up a copy of Our Great Big Backyard.
&apos;Well, he doesn&apos;t really do drawings like this,&apos; Laura answered.
&apos;No, these are amazing, these are fantastic,&apos; Fallon added.
This isn&apos;t their first children&apos;s book together, as they wrote Read All About It! in 2008.
 Next Woody Allen defends his obsession with young, beautiful... Commander in grief! Hollywood star Johnny Depp claims a... Among the artwork, a portrait of Russian President Vladimir Putin that the president painted was displayed at &quot;The Art of Leadership: A President&apos;s Personal Diplomacy&quot; exhibit in 2014 at the Bush Presidential Library and Museum
</post>
<signature>

</signature>
<external_links>
<external_link>https://www.harpercollins.com/9780062468352/our-great-big-backyard</external_link><external_link>https://evernote.com/penultimate/</external_link><external_link>http://dailym.ai/1T8RsVO</external_link><external_link>http://pubads.g.doubleclick.net/gampad/ads?sz=</external_link>
</external_links>
<country>GB</country>
<main_image>http://i.dailymail.co.uk/i/pix/2016/05/11/16/340C0B1100000578-0-image-a-42_1462981343410.jpg</main_image>
</document>
