<?xml version="1.0" encoding="UTF-8"?>
<document>
<type>mainstream</type>
<forum></forum>
<forum_title></forum_title>
<discussion_title>Louis Walsh signs X Factor judge contract – for a TON of cash | Metro News</discussion_title>
<language>english</language>
<gmt_offset></gmt_offset>
<topic_url>http://metro.co.uk/2016/05/12/louis-walsh-puts-pen-to-paper-on-x-factor-contract-and-hes-getting-a-ton-of-money-5877692/</topic_url>
<topic_text>
Search Metro Follow us Louis Walsh puts ‘pen to paper’ on X Factor contract – and he’s getting a TON of money Rebecca Lewis for Metro.co.uk Thursday 12 May 2016 3:03 pm Louis Walsh is returning to X Factor – and he’s getting a TON of money (Picture: PA / Alamy / METRO/MylesGoode) 
Here’s some amazing news for fans of Saturday night TV – Louis Walsh has just put ‘pen to paper’ and will return to the ITV show. 
And it’s no wonder he said yes, when he has reportedly been offered ‘just shy of a million’ to sign the contract. 
‘The ink is just drying on Louis’ contract, as he put pen to paper this week,’ a source close to the show revealed. 
‘He’s really excited about returning.’ 
Part of his contract also stipulated that the show return to Dublin for the audition process, as Louis will no doubt be hoping to find another Ronan Keating or Shane Filan. Louis (second right) with Westlife and Ronan Keating (Picture: Rex) 
‘The open auditions – which are only attended by producers, without any of the judges – took place in Dublin last month, but plans have been made to return with Louis and co. because it was important to him,’ said the source to The Mirror. 
‘Simon knows he had to make amends for dropping him last series, which he has previously admitted was a mistake. So it was the least he could do to make Louis happy this season.’ 
However it is thought that Louis is expecting to return to the singing competition with Nicole Scherzinger and Sharon Osbourne, along with Simon Cowell, but recent complications may cause heartache for Louis – and Simon. 
Simon had allegedly been desperate to get original judge Sharon back on the panel but it’s looking unlikely the 63-year-old would be able to balance her hosting duties on American talk show The Talk which films five days per week, and the UK show. 
Reps for Louis confirmed to Metro.co.uk that ‘no official announcement has been made at this stage’. 
ITV said: ‘Discussions regarding this year’s panel are still ongoing and details are yet to be confirmed.’ 
</topic_text>
<spam_score>0.00</spam_score>
<post_num>1</post_num>
<post_id>post-1</post_id>
<post_url>http://metro.co.uk/2016/05/12/louis-walsh-puts-pen-to-paper-on-x-factor-contract-and-hes-getting-a-ton-of-money-5877692/</post_url>
<post_date>20160512</post_date>
<post_time></post_time>
<username>Rebecca Lewis For Metro.Co.Uk</username>
<post>
Search Metro Follow us Louis Walsh puts ‘pen to paper’ on X Factor contract – and he’s getting a TON of money Rebecca Lewis for Metro.co.uk Thursday 12 May 2016 3:03 pm Louis Walsh is returning to X Factor – and he’s getting a TON of money (Picture: PA / Alamy / METRO/MylesGoode) 
Here’s some amazing news for fans of Saturday night TV – Louis Walsh has just put ‘pen to paper’ and will return to the ITV show. 
And it’s no wonder he said yes, when he has reportedly been offered ‘just shy of a million’ to sign the contract. 
‘The ink is just drying on Louis’ contract, as he put pen to paper this week,’ a source close to the show revealed. 
‘He’s really excited about returning.’ 
Part of his contract also stipulated that the show return to Dublin for the audition process, as Louis will no doubt be hoping to find another Ronan Keating or Shane Filan. Louis (second right) with Westlife and Ronan Keating (Picture: Rex) 
‘The open auditions – which are only attended by producers, without any of the judges – took place in Dublin last month, but plans have been made to return with Louis and co. because it was important to him,’ said the source to The Mirror. 
‘Simon knows he had to make amends for dropping him last series, which he has previously admitted was a mistake. So it was the least he could do to make Louis happy this season.’ 
However it is thought that Louis is expecting to return to the singing competition with Nicole Scherzinger and Sharon Osbourne, along with Simon Cowell, but recent complications may cause heartache for Louis – and Simon. 
Simon had allegedly been desperate to get original judge Sharon back on the panel but it’s looking unlikely the 63-year-old would be able to balance her hosting duties on American talk show The Talk which films five days per week, and the UK show. 
Reps for Louis confirmed to Metro.co.uk that ‘no official announcement has been made at this stage’. 
ITV said: ‘Discussions regarding this year’s panel are still ongoing and details are yet to be confirmed.’ 
</post>
<signature>

</signature>
<external_links>

</external_links>
<country>US</country>
<main_image>https://metrouk2.files.wordpress.com/2016/05/mg_xwalsh_comp.gif</main_image>
</document>
