<?xml version="1.0" encoding="UTF-8"?>
<document>
<type>mainstream</type>
<forum>http://www.bignewsnetwork.com/index.php/nav/rss/de51264898713a16</forum>
<forum_title>Latest Big News Network RSS Feeds</forum_title>
<discussion_title>Belgian sales startup lands in Portland</discussion_title>
<language>english</language>
<gmt_offset></gmt_offset>
<topic_url>http://www.bignewsnetwork.com/news/244018439/belgian-sales-startup-lands-in-portland</topic_url>
<topic_text>
Business Journal Friday 13th May, 2016 Belgium-based sales and marketing software maker Showpad on Thursday revealed aggressive growth plans for a new Portland office that will supplement its existing U.S. base in San Francisco.
The company makes a content management platform for sales and marketing professionals that puts needed information in the hands of a company&apos;s sales team. The company was founded more than four years ago in Belgium and opened its San Francisco office three years ago. 
It has more than 800 customers including...
</topic_text>
<spam_score>0.00</spam_score>
<post_num>1</post_num>
<post_id>post-1</post_id>
<post_url>http://www.bignewsnetwork.com/news/244018439/belgian-sales-startup-lands-in-portland</post_url>
<post_date>20160512</post_date>
<post_time>1537</post_time>
<username></username>
<post>
Business Journal Friday 13th May, 2016 Belgium-based sales and marketing software maker Showpad on Thursday revealed aggressive growth plans for a new Portland office that will supplement its existing U.S. base in San Francisco.
The company makes a content management platform for sales and marketing professionals that puts needed information in the hands of a company&apos;s sales team. The company was founded more than four years ago in Belgium and opened its San Francisco office three years ago. 
It has more than 800 customers including...
</post>
<signature>

</signature>
<external_links>

</external_links>
<country>US</country>
<main_image>http://cdn.bignewsnetwork.com/uni1463067464.jpg</main_image>
</document>
