<?xml version="1.0" encoding="UTF-8"?>
<document>
<type>mainstream</type>
<forum>http://feeds.releasewire.com/rss/latest</forum>
<forum_title>ReleaseWire - Latest Press Releases</forum_title>
<discussion_title>How Amazon&apos;s Fire Phone Stacks Up Against the Competition - Review</discussion_title>
<language>english</language>
<gmt_offset></gmt_offset>
<topic_url>http://www.releasewire.com/press-releases/how-amazons-fire-phone-stacks-up-against-the-competition-review-688172.htm</topic_url>
<topic_text>
How Amazon&apos;s Fire Phone Stacks Up Against the Competition - Review The Fire Phone is the only smartphone with: Firefly Technology, Dynamic Perspective and Mayday. 
Salt Lake City, UT -- ( ReleaseWire ) -- 05/12/2016 --Since the creation and release of the iPhone by Apple, many companies have entered their hat into the ring releasing their own version of the popular mobile devices. The Fire Phone is the first smartphone from the online retail giant Amazon. The Fire Phone is the only smartphone with: Firefly Technology, Dynamic Perspective and Mayday. Users can now experience interactions impossible on other phone devices such as HTC or Samsung Galaxy phones. The Amazon Fire Phone is currently being offered as the deal of the day on Yugster.com for only $89.97. Users can tilt, auto-scroll, swivel, and peek to navigate menus and access shortcuts only with one hand. Search and install a new class of powerful and unique apps and games. Users can peek to show Yelp ratings in Maps, or take a character&apos;s viewpoint to see around corners or obstacles in games. A 2.2 GHz quad-core Snapdragon 800 processor, combined with 2GB of RAM, enables faster app launch times, quicker website load times, and smoother multi-tasking. An Adreno 330 graphics processor delivers the performance and fluidity needed for immersive gaming, video, and more. Fire Phone features nine bands of 4G-LTE, four bands of GSM, five bands of UMTS for better voice coverage, faster data speeds, and international roaming, plus 802.11ac support, Wi-Fi channel bonding, NFC and Bluetooth LE support. The Amazon Fire Phone normally retails for $299.99 on Amazon so it&apos;s really a steal at just $89.97 on yugster.com. Fire phone&apos;s 4.7&quot; HD display features dynamic image contrast, a wide viewing angle, circular polarizer, and an ultra-bright display at 590 nits, making it easy to see in all lighting conditions, indoors and out. With advanced power management technology, Fire phone delivers up to 285 hours of standby time, up to 22 hours of talk time, up to 65 hours of audio playback, and up to 11 hours of video playback. Dynamic Perspective uses four ultra-low power specialized cameras, plus four infrared LEDs for invisible illumination, real-time computer vision algorithms, and a custom graphics engine rendering at 60 fps. The Amazon Fire Phone received 3 out of 5 stars in a review on CNET . &quot;The Amazon Fire Phone has cool &quot;3D&quot; visuals and a fresh OS design, and it hits the sweet spot for one-handed operation. It has deep, convenient integration with Amazon services.&quot; wrote Jessica Dolcourt. Hurry to Yugster and grab the Amazon Fire Phone at a great price for a limited time only. Deals on Yugster often sellout, which is why Yugster&apos;s slogan is, &quot;Yours Until Gone.&quot; So grab this deal before it&apos;s gone! About Yugster Yugster is a popular daily deal website that has new deals every morning at 6AM EST. Located in Salt Lake City, Utah, Yugster services and ships their deals nationwide. Sign-up to get the deals emailed to your inbox every day, and for exclusive member only deals! Visit http://www.yugster.com for more information and to check out the latest deals. Media Relations Contact
</topic_text>
<spam_score>0.00</spam_score>
<post_num>1</post_num>
<post_id>post-1</post_id>
<post_url>http://www.releasewire.com/press-releases/how-amazons-fire-phone-stacks-up-against-the-competition-review-688172.htm</post_url>
<post_date>20160512</post_date>
<post_time>1615</post_time>
<username></username>
<post>
How Amazon&apos;s Fire Phone Stacks Up Against the Competition - Review The Fire Phone is the only smartphone with: Firefly Technology, Dynamic Perspective and Mayday. 
Salt Lake City, UT -- ( ReleaseWire ) -- 05/12/2016 --Since the creation and release of the iPhone by Apple, many companies have entered their hat into the ring releasing their own version of the popular mobile devices. The Fire Phone is the first smartphone from the online retail giant Amazon. The Fire Phone is the only smartphone with: Firefly Technology, Dynamic Perspective and Mayday. Users can now experience interactions impossible on other phone devices such as HTC or Samsung Galaxy phones. The Amazon Fire Phone is currently being offered as the deal of the day on Yugster.com for only $89.97. Users can tilt, auto-scroll, swivel, and peek to navigate menus and access shortcuts only with one hand. Search and install a new class of powerful and unique apps and games. Users can peek to show Yelp ratings in Maps, or take a character&apos;s viewpoint to see around corners or obstacles in games. A 2.2 GHz quad-core Snapdragon 800 processor, combined with 2GB of RAM, enables faster app launch times, quicker website load times, and smoother multi-tasking. An Adreno 330 graphics processor delivers the performance and fluidity needed for immersive gaming, video, and more. Fire Phone features nine bands of 4G-LTE, four bands of GSM, five bands of UMTS for better voice coverage, faster data speeds, and international roaming, plus 802.11ac support, Wi-Fi channel bonding, NFC and Bluetooth LE support. The Amazon Fire Phone normally retails for $299.99 on Amazon so it&apos;s really a steal at just $89.97 on yugster.com. Fire phone&apos;s 4.7&quot; HD display features dynamic image contrast, a wide viewing angle, circular polarizer, and an ultra-bright display at 590 nits, making it easy to see in all lighting conditions, indoors and out. With advanced power management technology, Fire phone delivers up to 285 hours of standby time, up to 22 hours of talk time, up to 65 hours of audio playback, and up to 11 hours of video playback. Dynamic Perspective uses four ultra-low power specialized cameras, plus four infrared LEDs for invisible illumination, real-time computer vision algorithms, and a custom graphics engine rendering at 60 fps. The Amazon Fire Phone received 3 out of 5 stars in a review on CNET . &quot;The Amazon Fire Phone has cool &quot;3D&quot; visuals and a fresh OS design, and it hits the sweet spot for one-handed operation. It has deep, convenient integration with Amazon services.&quot; wrote Jessica Dolcourt. Hurry to Yugster and grab the Amazon Fire Phone at a great price for a limited time only. Deals on Yugster often sellout, which is why Yugster&apos;s slogan is, &quot;Yours Until Gone.&quot; So grab this deal before it&apos;s gone! About Yugster Yugster is a popular daily deal website that has new deals every morning at 6AM EST. Located in Salt Lake City, Utah, Yugster services and ships their deals nationwide. Sign-up to get the deals emailed to your inbox every day, and for exclusive member only deals! Visit http://www.yugster.com for more information and to check out the latest deals. Media Relations Contact
</post>
<signature>

</signature>
<external_links>

</external_links>
<country>US</country>
<main_image>http://media.releasewire.com/photos/show/?id=26948</main_image>
</document>
