<?xml version="1.0" encoding="UTF-8"?>
<document>
<type>mainstream</type>
<forum>http://grani.ru/export/articles-rss2.xml</forum>
<forum_title>Грани.Ру // Статьи</forum_title>
<discussion_title>Работа с кадрами</discussion_title>
<language>russian</language>
<gmt_offset></gmt_offset>
<topic_url>http://grani.ru/Politics/Russia/Politzeki/m.251274.html</topic_url>
<topic_text>
Дмитрий Борко , 11.05.2016 Реклама 
На дворе век фотографии и видео. Каждую секунду по всему миру щелкают миллионы цифровых камер. Для правосудия это, казалось бы, лучший подарок - визуальная фиксация помогает установить истину. Но в нашей стране это верно лишь отчасти. Да, видеорегистраторы помогают в разборе ДТП и раскрытии многих преступлений. Но вместе с тем приход &quot;картинки&quot; в уголовный процесс породил кошмары. 
Власть в России не заинтересована в объективной истине. Приватизировав правосудие, она превращает любое объективное доказательство в орудие своих манипуляций. Под это заточены все механизмы. Например, отсутствие широкого публичного доступа к записям камер видеонаблюдения. Или судебная практика: оперативная съемка судом принимается, а видеозаписи, представленные защитой, - нет. В общественно-политической жизни это становится катастрофой. Начиная с Болотного дела власть массово использует видеозаписи как инструмент репрессий. Потому что суд готов видеть на кадрах даже то, чего на них просто нет. При этом сторона защиты (адвокаты, общественные защитники, группы поддержки) оказалась не готова к использованию этого &quot;оружия справедливости&quot;. Что тому приичиной - неумение или неверие в результат, - отдельный вопрос. 
В конце прошлого года почти одновременно возникли два совершенно безумных уголовных дела. Полгода в тюрьме сидят два человека, обвиняемых в применении насилия против полиции: Дмитрий Бученков (события на Болотной) и Сергей Ахметов (сход за Навального на Манежной 18 июля 2013 года). На каждого из них у следователей есть &quot;видеокомпромат&quot; - записи их действий во время митингов. Только на тех записях - не они. Их обоих вообще не было на месте событий. 
Оба действительно напоминают своих реальных &quot;прототипов&quot;. В обоих случаях следователям дали приказ найти &quot;обидчиков&quot; полицейских, и они воспользовались портретным сходством, чтобы отчитаться перед начальством. А в случае Бученкова - еще и &quot;закрыть&quot; оппозиционного активиста. Поэтому следствие и не реагирует на доводы арестованных. Не пытается перепроверить результаты портретной экспертизы, сделанной по плохоньким видеокадрам и &quot;фоткам&quot; из паспорта. Не ищет дополнительных материалов. 
Все это приходится делать защите. Я занимаюсь этим с начала Болотного дела. В первую очередь нужно найти видеозаписи, а лучше - фотографии (они гораздо качественнее для портретного сравнения) &quot;прототипов&quot; задержанных. Делается это просто: при просмотре десятков видеозаписей и сотен фотографий с места событий (они всегда в достатке лежат в сети) вычисляются все снимавшие события люди, затем устанавливаются их имена. Их надо найти - через соцсети, знакомых, служебные списки фотоагентств и пр. Потом связаться с каждым, объяснить причину и просмотреть его архив. Иногда это тысячи снимков. Чтобы найти попавшего в кадр фигуранта. Или не найти. А найденное сравнивать с добытыми фотографиями обвиняемого, желательно сделанными в год события. 
Я рассказываю это не для того чтобы похвастаться. Я бы очень хотел, чтобы моим опытом воспользовалась защита будущих обвиняемых. 
По Бученкову нашлось порядка 30 фотографов, а в их архивах - около десятка фотографий &quot;того человека&quot;, пригодных для сравнения с лицом Дмитрия. Ахметовым я не занимался до недавнего времени, и оказалось, что за полгода ареста в этой области не было сделано почти ничего. Попытка использовать имеющийся материал для доказательства невиновности оказалась совершенно неубедительной с точки зрения криминалистики. 
Такая работа занимает очень много времени. Но если повезет, то и за пару недель можно многое найти. Результаты ничего не гарантируют: правоохранители могу спокойно наплевать на безусловные факты. Значит, их должно узнать общество. В конечном счете именно обществу решать, кому доверить право себя судить и собой управлять. А пока стоит научиться самим себя защищать. Случай Сергея Ахметова и &quot;человека с Манежной&quot; На несогласованную акцию после приговора братьям Навальным в центре Москвы 18 июля 2013 года собралось, по разным данным, от 2 до 7 тысяч человек. Было задержано около 300. Неизвестный человек в синей майке, бейсболке и с фотоаппаратом несколько раз вступался за задерживаемых и в итоге сам оказался в автозаке. По утверждению следствия, он в ходе конфликта сорвал погон с полицейского. Спустя два с половиной года вместо него был задержан питерский архитектор Сергей Ахметов. Обратите внимание на нос, уши и комплекцию обоих. 
Анфас:
</topic_text>
<spam_score>0.00</spam_score>
<post_num>1</post_num>
<post_id>post-1</post_id>
<post_url>http://grani.ru/Politics/Russia/Politzeki/m.251274.html</post_url>
<post_date>20160511</post_date>
<post_time>0957</post_time>
<username></username>
<post>
Дмитрий Борко , 11.05.2016 Реклама 
На дворе век фотографии и видео. Каждую секунду по всему миру щелкают миллионы цифровых камер. Для правосудия это, казалось бы, лучший подарок - визуальная фиксация помогает установить истину. Но в нашей стране это верно лишь отчасти. Да, видеорегистраторы помогают в разборе ДТП и раскрытии многих преступлений. Но вместе с тем приход &quot;картинки&quot; в уголовный процесс породил кошмары. 
Власть в России не заинтересована в объективной истине. Приватизировав правосудие, она превращает любое объективное доказательство в орудие своих манипуляций. Под это заточены все механизмы. Например, отсутствие широкого публичного доступа к записям камер видеонаблюдения. Или судебная практика: оперативная съемка судом принимается, а видеозаписи, представленные защитой, - нет. В общественно-политической жизни это становится катастрофой. Начиная с Болотного дела власть массово использует видеозаписи как инструмент репрессий. Потому что суд готов видеть на кадрах даже то, чего на них просто нет. При этом сторона защиты (адвокаты, общественные защитники, группы поддержки) оказалась не готова к использованию этого &quot;оружия справедливости&quot;. Что тому приичиной - неумение или неверие в результат, - отдельный вопрос. 
В конце прошлого года почти одновременно возникли два совершенно безумных уголовных дела. Полгода в тюрьме сидят два человека, обвиняемых в применении насилия против полиции: Дмитрий Бученков (события на Болотной) и Сергей Ахметов (сход за Навального на Манежной 18 июля 2013 года). На каждого из них у следователей есть &quot;видеокомпромат&quot; - записи их действий во время митингов. Только на тех записях - не они. Их обоих вообще не было на месте событий. 
Оба действительно напоминают своих реальных &quot;прототипов&quot;. В обоих случаях следователям дали приказ найти &quot;обидчиков&quot; полицейских, и они воспользовались портретным сходством, чтобы отчитаться перед начальством. А в случае Бученкова - еще и &quot;закрыть&quot; оппозиционного активиста. Поэтому следствие и не реагирует на доводы арестованных. Не пытается перепроверить результаты портретной экспертизы, сделанной по плохоньким видеокадрам и &quot;фоткам&quot; из паспорта. Не ищет дополнительных материалов. 
Все это приходится делать защите. Я занимаюсь этим с начала Болотного дела. В первую очередь нужно найти видеозаписи, а лучше - фотографии (они гораздо качественнее для портретного сравнения) &quot;прототипов&quot; задержанных. Делается это просто: при просмотре десятков видеозаписей и сотен фотографий с места событий (они всегда в достатке лежат в сети) вычисляются все снимавшие события люди, затем устанавливаются их имена. Их надо найти - через соцсети, знакомых, служебные списки фотоагентств и пр. Потом связаться с каждым, объяснить причину и просмотреть его архив. Иногда это тысячи снимков. Чтобы найти попавшего в кадр фигуранта. Или не найти. А найденное сравнивать с добытыми фотографиями обвиняемого, желательно сделанными в год события. 
Я рассказываю это не для того чтобы похвастаться. Я бы очень хотел, чтобы моим опытом воспользовалась защита будущих обвиняемых. 
По Бученкову нашлось порядка 30 фотографов, а в их архивах - около десятка фотографий &quot;того человека&quot;, пригодных для сравнения с лицом Дмитрия. Ахметовым я не занимался до недавнего времени, и оказалось, что за полгода ареста в этой области не было сделано почти ничего. Попытка использовать имеющийся материал для доказательства невиновности оказалась совершенно неубедительной с точки зрения криминалистики. 
Такая работа занимает очень много времени. Но если повезет, то и за пару недель можно многое найти. Результаты ничего не гарантируют: правоохранители могу спокойно наплевать на безусловные факты. Значит, их должно узнать общество. В конечном счете именно обществу решать, кому доверить право себя судить и собой управлять. А пока стоит научиться самим себя защищать. Случай Сергея Ахметова и &quot;человека с Манежной&quot; На несогласованную акцию после приговора братьям Навальным в центре Москвы 18 июля 2013 года собралось, по разным данным, от 2 до 7 тысяч человек. Было задержано около 300. Неизвестный человек в синей майке, бейсболке и с фотоаппаратом несколько раз вступался за задерживаемых и в итоге сам оказался в автозаке. По утверждению следствия, он в ходе конфликта сорвал погон с полицейского. Спустя два с половиной года вместо него был задержан питерский архитектор Сергей Ахметов. Обратите внимание на нос, уши и комплекцию обоих. 
Анфас:
</post>
<signature>

</signature>
<external_links>

</external_links>
<country>RU</country>
<main_image>http://grani.ru/att/cards/251274.png</main_image>
</document>
