<?xml version="1.0" encoding="UTF-8"?>
<document>
<type>mainstream</type>
<forum></forum>
<forum_title></forum_title>
<discussion_title>Ocupan otro cultivo de marihuana</discussion_title>
<language>spanish</language>
<gmt_offset></gmt_offset>
<topic_url>http://www.primerahora.com/noticias/policia-tribunales/nota/ocupanotrocultivodemarihuana-1152798/</topic_url>
<topic_text>
Ocupan otro cultivo de marihuana Por Primerahora.com 05/11/2016 |11:57 a.m. 0 Esta vez la Policía confiscó 29 saludables plantas en Las Marías. 
Un agricultor con antecedentes penales fue arrestado por agentes adscritos a la División de Drogas y Narcóticos de Mayagüez que ocupar 29 plantas de marihuana durante un allanamiento en una residencia ubicada en el barrio Anones de Las Marías. 
Ademas del agricultor de 34 años, quien ha sido acusado en el pasado por violación a la Ley de Sustancias Controladas, se intervino con otra persona sobre la que no se divulgó información adicional. 
El teniente Rubén Lorenzo Hernández, director de la citada división, djio que las plantas estaban sembradas en tiestos y tenían distintos tamaños. 
El cultivo de marihuana es el segundo confiscado por la Policía en menos de dos días. Ayer se descubrió un cultivo hidropónico con 300 plantas de marihuana en Dorado. 
De otro lado, la División de Drogas de Carolina allanó una residencia en la com 
</topic_text>
<spam_score>0.00</spam_score>
<post_num>1</post_num>
<post_id>post-1</post_id>
<post_url>http://www.primerahora.com/noticias/policia-tribunales/nota/ocupanotrocultivodemarihuana-1152798/</post_url>
<post_date>20160511</post_date>
<post_time></post_time>
<username></username>
<post>
Ocupan otro cultivo de marihuana Por Primerahora.com 05/11/2016 |11:57 a.m. 0 Esta vez la Policía confiscó 29 saludables plantas en Las Marías. 
Un agricultor con antecedentes penales fue arrestado por agentes adscritos a la División de Drogas y Narcóticos de Mayagüez que ocupar 29 plantas de marihuana durante un allanamiento en una residencia ubicada en el barrio Anones de Las Marías. 
Ademas del agricultor de 34 años, quien ha sido acusado en el pasado por violación a la Ley de Sustancias Controladas, se intervino con otra persona sobre la que no se divulgó información adicional. 
El teniente Rubén Lorenzo Hernández, director de la citada división, djio que las plantas estaban sembradas en tiestos y tenían distintos tamaños. 
El cultivo de marihuana es el segundo confiscado por la Policía en menos de dos días. Ayer se descubrió un cultivo hidropónico con 300 plantas de marihuana en Dorado. 
De otro lado, la División de Drogas de Carolina allanó una residencia en la com 
</post>
<signature>

</signature>
<external_links>

</external_links>
<country>US</country>
<main_image>http://rec-eph.gfrcdn.net/images/2016/05/11/crop_cultivo.jpg</main_image>
</document>
