<?xml version="1.0" encoding="UTF-8"?>
<document>
<type>mainstream</type>
<forum>http://feeds.feedburner.com/Womenfreebiesca</forum>
<forum_title>Free Stuff, Samples, Coupons, Contests &amp; Giveaways | Womenfreebies.ca</forum_title>
<discussion_title>Win a $1,000 VISA Gift Card &amp; Movie Passes</discussion_title>
<language>english</language>
<gmt_offset></gmt_offset>
<topic_url>http://womenfreebies.ca/contest/win-a-visa-gift-card-movie-passes/</topic_url>
<topic_text>
0 Shares 
Canadian Living Magazine is celebrating the release of the new romantic film, Me Before You by giving you a chance to win 1 of 90 double advanced screening passes and the grand prize of a $1,000 VISA gift card ! Imagine having an extra $1,000 to spend on whatever your heart desires, exciting right? Enter once per day for a chance to win big!
</topic_text>
<spam_score>0.00</spam_score>
<post_num>1</post_num>
<post_id>post-1</post_id>
<post_url>http://womenfreebies.ca/contest/win-a-visa-gift-card-movie-passes/</post_url>
<post_date>20160512</post_date>
<post_time>1600</post_time>
<username>Awa Thioye</username>
<post>
0 Shares 
Canadian Living Magazine is celebrating the release of the new romantic film, Me Before You by giving you a chance to win 1 of 90 double advanced screening passes and the grand prize of a $1,000 VISA gift card ! Imagine having an extra $1,000 to spend on whatever your heart desires, exciting right? Enter once per day for a chance to win big!
</post>
<signature>

</signature>
<external_links>

</external_links>
<country>CA</country>
<main_image>http://storage.googleapis.com/cdn-womenfreebies-ca/wp-content/uploads/2016/05/Win-a-1000-VISA-Gift-Card-Movie-Passes.jpg</main_image>
</document>
