<?xml version="1.0" encoding="UTF-8"?>
<document>
<type>mainstream</type>
<forum>http://www.lecho.be/rss/entreprises_media_et_marketing.xml</forum>
<forum_title>Lecho.be Entreprises media et marketing en marketing</forum_title>
<discussion_title>Accord sur le financement de la radio numérique</discussion_title>
<language>french</language>
<gmt_offset></gmt_offset>
<topic_url>http://www.lecho.be/economie_politique/belgique_general/Accord_sur_le_financement_de_la_radio_numerique.9765508-4003.art?ckc=1&amp;ts=1463067465</topic_url>
<topic_text>
  
Le journalisme de qualité nécessite des investissements importants. Si vous souhaitez partager un article, nous vous invitons à utiliser le lien ci-dessous au lieu de la fonction couper/coller. Vous trouverez de plus amples informations concernant les droits d’auteur et la propriété intellectuelle dans nos Conditions Générales. http://aide.lecho.be/?op=detail&amp;articleId=8916064&amp;nodeId=3511 Toute personne souhaitant acheter des droits supplémentaires pour une utilisation collective ou commerciale peut consulter Copiepresse. http://www.copiepresse.be/ Ci-joint, vous trouverez le lien que vous pouvez aisément partager avec d’autres personnes: http://www.lecho.be/r/t/1/id/9765508  
</topic_text>
<spam_score>0.00</spam_score>
<post_num>1</post_num>
<post_id>post-1</post_id>
<post_url>http://www.lecho.be/economie_politique/belgique_general/Accord_sur_le_financement_de_la_radio_numerique.9765508-4003.art?ckc=1&amp;ts=1463067465</post_url>
<post_date>20160512</post_date>
<post_time>1324</post_time>
<username></username>
<post>
  
Le journalisme de qualité nécessite des investissements importants. Si vous souhaitez partager un article, nous vous invitons à utiliser le lien ci-dessous au lieu de la fonction couper/coller. Vous trouverez de plus amples informations concernant les droits d’auteur et la propriété intellectuelle dans nos Conditions Générales. http://aide.lecho.be/?op=detail&amp;articleId=8916064&amp;nodeId=3511 Toute personne souhaitant acheter des droits supplémentaires pour une utilisation collective ou commerciale peut consulter Copiepresse. http://www.copiepresse.be/ Ci-joint, vous trouverez le lien que vous pouvez aisément partager avec d’autres personnes: http://www.lecho.be/r/t/1/id/9765508  
</post>
<signature>

</signature>
<external_links>

</external_links>
<country>BE</country>
<main_image>https://images.lecho.be/view?iid=dc:22851114&amp;context=ONLINE&amp;ratio=16/9&amp;width=2000&amp;imageType=JPEG&amp;ts=1463063390000</main_image>
</document>
