<?xml version="1.0" encoding="UTF-8"?>
<document>
<type>mainstream</type>
<forum>http://www.europapress.es/cultura/libros-00132/</forum>
<forum_title>Libros | Noticias, libros más vendidos, novedades y recomendados </forum_title>
<discussion_title>Xanty Elías abre una embajada gastronómica de Huelva durante cinco semanas en Madrid</discussion_title>
<language>spanish</language>
<gmt_offset></gmt_offset>
<topic_url>http://www.europapress.es/andalucia/huelva-00354/noticia-xanty-elias-abre-embajada-gastronomica-huelva-cinco-semanas-madrid-20160512181340.html</topic_url>
<topic_text>
El restaurante onubense Acánthum, de Xanty Elías, es el sexto y último restaurante que visita The Table by en su segunda temporada, tras el paso de Culler de Pau, Andreu Genestra, Regueiro, La Salita e Hisop. Desde el 12 de mayo al 18 de junio los madrileños y visitantes podrán disfrutar de la cocina creativa y original con múltiples influencias y raíces onubenses del restaurante más reconocido de Huelva y primero en recibir, en la guía del 2016, una estrella Michelín en la provincia. Con la participación en este proyecto Xanty Elías pretende inundar Madrid de Onubensismo y transportar a todo el que lo visite a un viaje por toda la provincia de Huelva teniendo como vehículo conductor sus productos, reconocidos por su excelente calidad, tratados con la inagotable creatividad del chef onubense, ha informado la organización en una nota.
 Elías ha asegurado estar &quot;tremendamente ilusionado con este proyecto&quot; con el que además siente &quot;una enorme responsabilidad ya que queremos ser un escaparate de Huelva en Madrid y dejar a todo el que llegue con ganas de visitar Huelva, de vivirla&quot; además de &quot;aportar un granito de arena para continuar dando a conocer la gastronomía onubense y recoger apoyos para lograr que Huelva se convierta en Capital Española de la Gastronomía en 2017&quot;.
 Por último, Xanty ha agradecido públicamente al Patronato de Turismo y Diputación de Huelva, Ayuntamiento de Huelva a través de la Concejalía de Turismo, Cultura y Promoción de Huelva en el exterior, Bodegas Privilegio del Condado y Horno Martín Naranjo, su apoyo a &quot;este ilusionante proyecto&quot;.
 Inaugurado en 2011, Acánthum es el primer restaurante gastronómico de Huelva y punta de lanza de la gastronomía de la zona gracias al uso de productos de primer nivel, respeto a productores de la zona y un servicio muy cuidado tanto en cocina como en sala. Situado en el centro de la capital, tiene una capacidad para 25 comensales a la carta y 50 para eventos y cuenta con un espacio dedicado mejorar la cultura gastronómica de Huelva, a través de talleres, demostraciones y otras actividades.
 Nacido en Huelva en 1980, Xanty Elías comenzó su andadura profesional en diversos restaurantes onubenses en paralelo a sus estudios. Tras dos años de experiencia en Arzak, de vuelta a Huelva continuó su desarrollo profesional como segundo jefe de cocina del Hotel Isla Cristina Palace 5 estrellas.
 En 2011 fundó su propio restaurante Acánthum y, entre otros reconocimientos, ha sido nombrado Mejor Cocinero Andaluz 2011 y quedó finalista como Mejor Cocinero Revelación 2012 en Madrid Fusión. En 2012 recibió también un Sol de la Guía Repsol con Acánthum, y en 2015, su primera estrella Michelín.
</topic_text>
<spam_score>0.00</spam_score>
<post_num>1</post_num>
<post_id>post-1</post_id>
<post_url>http://www.europapress.es/andalucia/huelva-00354/noticia-xanty-elias-abre-embajada-gastronomica-huelva-cinco-semanas-madrid-20160512181340.html</post_url>
<post_date>20160512</post_date>
<post_time>1813</post_time>
<username>EUROPA PRESS</username>
<post>
El restaurante onubense Acánthum, de Xanty Elías, es el sexto y último restaurante que visita The Table by en su segunda temporada, tras el paso de Culler de Pau, Andreu Genestra, Regueiro, La Salita e Hisop. Desde el 12 de mayo al 18 de junio los madrileños y visitantes podrán disfrutar de la cocina creativa y original con múltiples influencias y raíces onubenses del restaurante más reconocido de Huelva y primero en recibir, en la guía del 2016, una estrella Michelín en la provincia. Con la participación en este proyecto Xanty Elías pretende inundar Madrid de Onubensismo y transportar a todo el que lo visite a un viaje por toda la provincia de Huelva teniendo como vehículo conductor sus productos, reconocidos por su excelente calidad, tratados con la inagotable creatividad del chef onubense, ha informado la organización en una nota.
 Elías ha asegurado estar &quot;tremendamente ilusionado con este proyecto&quot; con el que además siente &quot;una enorme responsabilidad ya que queremos ser un escaparate de Huelva en Madrid y dejar a todo el que llegue con ganas de visitar Huelva, de vivirla&quot; además de &quot;aportar un granito de arena para continuar dando a conocer la gastronomía onubense y recoger apoyos para lograr que Huelva se convierta en Capital Española de la Gastronomía en 2017&quot;.
 Por último, Xanty ha agradecido públicamente al Patronato de Turismo y Diputación de Huelva, Ayuntamiento de Huelva a través de la Concejalía de Turismo, Cultura y Promoción de Huelva en el exterior, Bodegas Privilegio del Condado y Horno Martín Naranjo, su apoyo a &quot;este ilusionante proyecto&quot;.
 Inaugurado en 2011, Acánthum es el primer restaurante gastronómico de Huelva y punta de lanza de la gastronomía de la zona gracias al uso de productos de primer nivel, respeto a productores de la zona y un servicio muy cuidado tanto en cocina como en sala. Situado en el centro de la capital, tiene una capacidad para 25 comensales a la carta y 50 para eventos y cuenta con un espacio dedicado mejorar la cultura gastronómica de Huelva, a través de talleres, demostraciones y otras actividades.
 Nacido en Huelva en 1980, Xanty Elías comenzó su andadura profesional en diversos restaurantes onubenses en paralelo a sus estudios. Tras dos años de experiencia en Arzak, de vuelta a Huelva continuó su desarrollo profesional como segundo jefe de cocina del Hotel Isla Cristina Palace 5 estrellas.
 En 2011 fundó su propio restaurante Acánthum y, entre otros reconocimientos, ha sido nombrado Mejor Cocinero Andaluz 2011 y quedó finalista como Mejor Cocinero Revelación 2012 en Madrid Fusión. En 2012 recibió también un Sol de la Guía Repsol con Acánthum, y en 2015, su primera estrella Michelín.
</post>
<signature>

</signature>
<external_links>

</external_links>
<country>ES</country>
<main_image>http://img2.europapress.net/fotoweb/fotonoticia_20160512181340_800.jpg</main_image>
</document>
