<?xml version="1.0" encoding="UTF-8"?>
<document>
<type>mainstream</type>
<forum>http://www.respublika-kz.info/rss/business</forum>
<forum_title>Информационно-аналитический портал РЕСПУБЛИКА / Бизнес</forum_title>
<discussion_title>В России растут цены на мясо и молоко</discussion_title>
<language>russian</language>
<gmt_offset></gmt_offset>
<topic_url>http://www.respublika-kaz.info/news/business/47175/</topic_url>
<topic_text>
В России растут цены на мясо и молоко Автор: Константин КРУТОВ 12.05.2016 Россияне обратили внимание на рост цен на овощи, фрукты, молоко и мясо, следует из результатов очередного опроса Всероссийского центра изучения общественного мнения (ВЦИОМ). 
Опрос проводился с 23 по 24 апреля в 130 населенных пунктах из 46 регионов России. В нем приняли участие 1600 граждан России старше 18 лет, ведущих домашнее хозяйство и занимающихся покупками, сообщается на сайте ВЦИОМа. 
Публикуемый ВЦИОМ Индекс роста цен демонстрирует восприятие россиянами инфляции. Чем выше значение индекса, тем выше инфляция, по мнению россиян. Показатель рассчитывается как разница положительных и отрицательных ответов на вопрос &quot;Как бы вы оценили рост цен на следующие товары и услуги в течение последнего месяца-двух ?&quot; 
Рост цен на овощи и фрукты (56 пунктов индекса) отметили 77% россиян, на молоко и молочные продукты (45 пунктов) — 70%, на мясо (47 пунктов) — 68%. 
Среди непродовольственных товаров и услуг 70% опрошенных назвали подорожание коммунальных платежей (51 пункт), 64% — стоимости бензина (47 пунктов) и 44% — проездных билетов (30 пунктов). 
Как поясняет эксперт-консультант Управления мониторинговых и электоральных исследований ВЦИОМ Олег Чернозуб, снижение реальных доходов продолжает быть для большинства россиян наиболее болезненным проявлением кризиса. В связи с этим повышение цен, пусть и замедленный, воспринимается ими достаточно остро.  
</topic_text>
<spam_score>0.00</spam_score>
<post_num>1</post_num>
<post_id>post-1</post_id>
<post_url>http://www.respublika-kaz.info/news/business/47175/</post_url>
<post_date>20160512</post_date>
<post_time>0147</post_time>
<username></username>
<post>
В России растут цены на мясо и молоко Автор: Константин КРУТОВ 12.05.2016 Россияне обратили внимание на рост цен на овощи, фрукты, молоко и мясо, следует из результатов очередного опроса Всероссийского центра изучения общественного мнения (ВЦИОМ). 
Опрос проводился с 23 по 24 апреля в 130 населенных пунктах из 46 регионов России. В нем приняли участие 1600 граждан России старше 18 лет, ведущих домашнее хозяйство и занимающихся покупками, сообщается на сайте ВЦИОМа. 
Публикуемый ВЦИОМ Индекс роста цен демонстрирует восприятие россиянами инфляции. Чем выше значение индекса, тем выше инфляция, по мнению россиян. Показатель рассчитывается как разница положительных и отрицательных ответов на вопрос &quot;Как бы вы оценили рост цен на следующие товары и услуги в течение последнего месяца-двух ?&quot; 
Рост цен на овощи и фрукты (56 пунктов индекса) отметили 77% россиян, на молоко и молочные продукты (45 пунктов) — 70%, на мясо (47 пунктов) — 68%. 
Среди непродовольственных товаров и услуг 70% опрошенных назвали подорожание коммунальных платежей (51 пункт), 64% — стоимости бензина (47 пунктов) и 44% — проездных билетов (30 пунктов). 
Как поясняет эксперт-консультант Управления мониторинговых и электоральных исследований ВЦИОМ Олег Чернозуб, снижение реальных доходов продолжает быть для большинства россиян наиболее болезненным проявлением кризиса. В связи с этим повышение цен, пусть и замедленный, воспринимается ими достаточно остро.  
</post>
<signature>

</signature>
<external_links>

</external_links>
<country>CA</country>
<main_image></main_image>
</document>
