<?xml version="1.0" encoding="UTF-8"?>
<document>
<type>mainstream</type>
<forum></forum>
<forum_title></forum_title>
<discussion_title>USC é parceira da Unesp no 7º Encontro Paulista de Professores de Jornalismo - USC</discussion_title>
<language>portuguese</language>
<gmt_offset></gmt_offset>
<topic_url>http://www.usc.br/usc-e-parceira-da-unesp-no-7o-encontro-paulista-de-professores-de-jornalismo/</topic_url>
<topic_text>
Home &gt; Geral &gt; USC é parceira da Unesp no 7º Encontro Paulista de Professores de Jornalismo USC é parceira da Unesp no 7º Encontro Paulista de Professores de Jornalismo Evento será realizado nos dias 20 e 21 de maio e terá como tema central: “Credibilidade perdida: a ética na cobertura jornalística política.” 05/11/2016 | Geral A Universidade do Sagrado Coração (USC) é parceira do Departamento do Comunicação Social, da Faculdade de Arquitetura, Artes e Comunicação (FAAC/Unesp) e do Fórum Nacional de Professores de Jornalismo no 7º Encontro Paulista de Professores de Jornalismo, que será realizado nos dias 20 e 21 de maio, com tema central: “Credibilidade perdida: a ética na cobertura jornalística política.” Além da conferência inaugural, mais três painéis discutirão os desafios na cobertura do jornalismo nos meios impressos, televisivos e multimeios. Haverá também seis GP’s para apresentação de relatos e artigos de professores e estudantes (de graduação e pós-graduação), que abarcam a temática principal do evento, levando a questionamentos sobre a ética e função social do jornalismo. Os interessados poderão submeter seus trabalhos até o próximo domingo (15). Serviço Informações, valores e inscrições no site: http://www.fnpj.org.br/soac236/index.php/7EPPJ/Paulista ou pela fan page no Facebook: https://www.facebook.com/EPPJ2016/ . 
Compartilhe Últimas Notícias 05/11/2016 
Toda quinta-feira, às 20h30, na Capela do Bloco F, é realizado na Universidade do Sagrado Coração (USC), o encontro do ... 05/11/2016 
Durante o mês de maio, no Setor Vivência do Bloco C, a Pastoral da Universidade (PdU) montou uma gruta de ... 05/11/2016 
</topic_text>
<spam_score>0.00</spam_score>
<post_num>1</post_num>
<post_id>post-1</post_id>
<post_url>http://www.usc.br/usc-e-parceira-da-unesp-no-7o-encontro-paulista-de-professores-de-jornalismo/</post_url>
<post_date>20160511</post_date>
<post_time></post_time>
<username></username>
<post>
Home &gt; Geral &gt; USC é parceira da Unesp no 7º Encontro Paulista de Professores de Jornalismo USC é parceira da Unesp no 7º Encontro Paulista de Professores de Jornalismo Evento será realizado nos dias 20 e 21 de maio e terá como tema central: “Credibilidade perdida: a ética na cobertura jornalística política.” 05/11/2016 | Geral A Universidade do Sagrado Coração (USC) é parceira do Departamento do Comunicação Social, da Faculdade de Arquitetura, Artes e Comunicação (FAAC/Unesp) e do Fórum Nacional de Professores de Jornalismo no 7º Encontro Paulista de Professores de Jornalismo, que será realizado nos dias 20 e 21 de maio, com tema central: “Credibilidade perdida: a ética na cobertura jornalística política.” Além da conferência inaugural, mais três painéis discutirão os desafios na cobertura do jornalismo nos meios impressos, televisivos e multimeios. Haverá também seis GP’s para apresentação de relatos e artigos de professores e estudantes (de graduação e pós-graduação), que abarcam a temática principal do evento, levando a questionamentos sobre a ética e função social do jornalismo. Os interessados poderão submeter seus trabalhos até o próximo domingo (15). Serviço Informações, valores e inscrições no site: http://www.fnpj.org.br/soac236/index.php/7EPPJ/Paulista ou pela fan page no Facebook: https://www.facebook.com/EPPJ2016/ . 
Compartilhe Últimas Notícias 05/11/2016 
Toda quinta-feira, às 20h30, na Capela do Bloco F, é realizado na Universidade do Sagrado Coração (USC), o encontro do ... 05/11/2016 
Durante o mês de maio, no Setor Vivência do Bloco C, a Pastoral da Universidade (PdU) montou uma gruta de ... 05/11/2016 
</post>
<signature>

</signature>
<external_links>

</external_links>
<country>BR</country>
<main_image>http://www.usc.br/wp-content/uploads/2016/05/7º-Encontro-Paulista-de-Professores-de-Jornalismo1.jpg</main_image>
</document>
