<?xml version="1.0" encoding="UTF-8"?>
<document>
<type>mainstream</type>
<forum></forum>
<forum_title></forum_title>
<discussion_title>independentmail.com: AP News</discussion_title>
<language>english</language>
<gmt_offset></gmt_offset>
<topic_url>http://hosted.ap.org/dynamic/stories/B/BKN_MAGIC_SKILES_RESIGNS</topic_url>
<topic_text>
ORLANDO, Fla. (AP) -- Scott Skiles has stepped down as coach of the Orlando Magic after just one year, the somewhat surprising decision coming about a month after the conclusion of a frustrating regular season. The team said a search for a new coach is starting immediately. Skiles was 35-47 this season, his lone year leading the Magic - the team that he spent five seasons with as a player as well. The Magic started 19-13 this season, then after the calendar flipped to 2016 they lost 34 of their final 50 games and missed the playoffs. &quot;After much thought and careful consideration, I and I alone, have come to the conclusion that I am not the right head coach for this team,&quot; Skiles said in a statement released by the team. &quot;Therefore, effective immediately, I resign my position as head coach of the Orlando Magic. I realize this type of decision can cause much speculation. &quot;The reality though is in the first sentence. It is simple and true. Any other rumors are pure conjecture.&quot; Orlando improved its win total by 10 this season compared to its pace from 2014-15, but most of those gains came early in the year. The Magic were 9-6 in November - the team&apos;s first winning month in nearly four years - then led the Eastern Conference with a 10-5 record in December. Skiles was the NBA&apos;s East coach of the month, and the Magic were squarely in the playoff hunt. And then came a freefall that never really stopped. The Magic finished 11th in the East, nine games out of a playoff spot. &quot;While we understand it was a challenging season, we reluctantly have accepted Scott&apos;s resignation,&quot; Magic general manager Rob Hennigan said. &quot;We appreciate Scott instilling a culture of accountability and certainly wish him and his family well.&quot; A news conference is scheduled for later Thursday in Orlando to discuss the move and what the Magic will do next. Orlando&apos;s next coach will be the team&apos;s fourth in the span of four years. Stan Van Gundy was fired in 2012, and he&apos;s been followed by Jacque Vaughn, James Borrego on an interim basis to end the 2014-15 season, and then Skiles this season. In parts of 14 seasons as a head coach, Skiles has a 478-480 record. He&apos;s also coached in Phoenix, Chicago and Milwaukee. &quot;I sincerely apologize for any unintended consequences that may adversely affect anyone associated with this decision,&quot; Skiles said. &quot;The Magic are a world-class organization that employs world-class people. I wish them nothing but great success.&quot; 
</topic_text>
<spam_score>0.00</spam_score>
<post_num>1</post_num>
<post_id>post-1</post_id>
<post_url>http://hosted.ap.org/dynamic/stories/B/BKN_MAGIC_SKILES_RESIGNS</post_url>
<post_date>20160512</post_date>
<post_time></post_time>
<username></username>
<post>
ORLANDO, Fla. (AP) -- Scott Skiles has stepped down as coach of the Orlando Magic after just one year, the somewhat surprising decision coming about a month after the conclusion of a frustrating regular season. The team said a search for a new coach is starting immediately. Skiles was 35-47 this season, his lone year leading the Magic - the team that he spent five seasons with as a player as well. The Magic started 19-13 this season, then after the calendar flipped to 2016 they lost 34 of their final 50 games and missed the playoffs. &quot;After much thought and careful consideration, I and I alone, have come to the conclusion that I am not the right head coach for this team,&quot; Skiles said in a statement released by the team. &quot;Therefore, effective immediately, I resign my position as head coach of the Orlando Magic. I realize this type of decision can cause much speculation. &quot;The reality though is in the first sentence. It is simple and true. Any other rumors are pure conjecture.&quot; Orlando improved its win total by 10 this season compared to its pace from 2014-15, but most of those gains came early in the year. The Magic were 9-6 in November - the team&apos;s first winning month in nearly four years - then led the Eastern Conference with a 10-5 record in December. Skiles was the NBA&apos;s East coach of the month, and the Magic were squarely in the playoff hunt. And then came a freefall that never really stopped. The Magic finished 11th in the East, nine games out of a playoff spot. &quot;While we understand it was a challenging season, we reluctantly have accepted Scott&apos;s resignation,&quot; Magic general manager Rob Hennigan said. &quot;We appreciate Scott instilling a culture of accountability and certainly wish him and his family well.&quot; A news conference is scheduled for later Thursday in Orlando to discuss the move and what the Magic will do next. Orlando&apos;s next coach will be the team&apos;s fourth in the span of four years. Stan Van Gundy was fired in 2012, and he&apos;s been followed by Jacque Vaughn, James Borrego on an interim basis to end the 2014-15 season, and then Skiles this season. In parts of 14 seasons as a head coach, Skiles has a 478-480 record. He&apos;s also coached in Phoenix, Chicago and Milwaukee. &quot;I sincerely apologize for any unintended consequences that may adversely affect anyone associated with this decision,&quot; Skiles said. &quot;The Magic are a world-class organization that employs world-class people. I wish them nothing but great success.&quot; 
</post>
<signature>

</signature>
<external_links>

</external_links>
<country>IL</country>
<main_image></main_image>
</document>
