<?xml version="1.0" encoding="UTF-8"?>
<document>
<type>mainstream</type>
<forum>http://wn.com/US</forum>
<forum_title>US News from WN Network</forum_title>
<discussion_title>Liberty University files suit against landowners over Ivy Lake dam</discussion_title>
<language>english</language>
<gmt_offset>0</gmt_offset>
<topic_url>http://article.wn.com/view/2016/05/12/Liberty_University_files_suit_against_landowners_over_Ivy_La/</topic_url>
<topic_text>
After ongoing discussions between Ivy Lake property owners in Forest and Liberty University broke down, the two parties are headed to court.
Ivy Hill Recreation LLC , one of Liberty University’s subsidiaries, filed a lawsuit against more
</topic_text>
<spam_score>0.00</spam_score>
<post_num>1</post_num>
<post_id>post-1</post_id>
<post_url>http://article.wn.com/view/2016/05/12/Liberty_University_files_suit_against_landowners_over_Ivy_La/</post_url>
<post_date>20160512</post_date>
<post_time></post_time>
<username>wn.com</username>
<post>
After ongoing discussions between Ivy Lake property owners in Forest and Liberty University broke down, the two parties are headed to court.
Ivy Hill Recreation LLC , one of Liberty University’s subsidiaries, filed a lawsuit against more
</post>
<signature>

</signature>
<external_links>

</external_links>
<country>GB</country>
<main_image>http://i.ytimg.com/vi/jQhxONcmVzs/0.jpg</main_image>
</document>
