<?xml version="1.0" encoding="UTF-8"?>
<document>
<type>mainstream</type>
<forum>http://grani.ru/export/articles-rss2.xml</forum>
<forum_title>Грани.Ру // Статьи</forum_title>
<discussion_title>Алгоритм с петлей на шее</discussion_title>
<language>russian</language>
<gmt_offset></gmt_offset>
<topic_url>http://grani.ru/opinion/milshtein/m.251304.html</topic_url>
<topic_text>
Алгоритм с петлей на шее Илья Мильштейн , 12.05.2016 Статья Работа или отпуск 
О том, какая из версий верна, сегодня остается только гадать. В том числе, вероятно, и самому Владимиру Владимировичу, который не торопясь подсчитывает плюсы и минусы. Костяшки вправо - жизнь Савченко, костяшки влево - смерть. Президент России знает, что по сути в отношении к нему ничего не изменится, отпустит он ее или нет. Илья Мильштейн Статья Надежда как угроза 
Каждый день, что Надежда Савченко проводит за решеткой, оборачивается для России, помимо прочего, пропагандистским кошмаром. И если предположить, что у России есть лютые, непримиримые враги, мечтающие о ее погибели, то сегодня на их улице праздник. И чем дольше будет сидеть узница, тем больше станут радоваться проклятые русофобы. Илья Мильштейн Статья Дилемма узницы 
Ясно, где добро, а где Россия, самым ярким спикером которой ныне выступает Жириновский, призывающий немедленно расстрелять не то повесить депутата ПАСЕ. Неизвестно, выживет ли Савченко и как сложится ее судьба, если выживет. И что будет все-таки со страной, чья репутация в эти мартовские дни оказалась намертво связанной с судьбой украинской гражданки. Илья Мильштейн 09.03.2016 
Мать не пустили в тюрьму к дочери. Переговоры насчет обмена пленных грушников на заложницу приостановлены. Новости из жизни Надежды Савченко только плохие , и это касается не одних лишь свежих новостей. 
Стойкое ощущение бреда оставляет и сообщение недельной давности со ссылкой на ФСИН РФ. Согласно которому тюремные бумаги относительно возвращения Савченко на родину будут переданы в российский суд при одном условии - что украинский Минюст &quot;предоставит гарантии исполнения решения&quot; указанного суда. Адвокат Полозов эту информацию уточнял: дома осужденную могут, разумеется, помиловать, но сперва Киев должен еще признать законность приговора. Ощущение бреда не проходило. 
Три недели назад, когда президент Порошенко заговорил про &quot;согласованный алгоритм&quot;, отдельные комментаторы даже начали подсчитывать дни и часы, оставшиеся до освобождения политзечки. Шутка ли, алгоритм! Имелось в виду, что Петр Алексеевич, дозвонившись до Владимира Владимировича, обсудил с ним возникшую проблему и варианты ее поэтапного решения. Причем в конструктивном ключе. 
Складывалось также впечатление, что Путин слегка, что ли, усомнился в эффективности своих шантажных технологий. Как минимум применительно к Савченко, на фоне ее сухих голодовок. Впрочем, поверить в то, что президент РФ скоро возьмет и отпустит заложницу, обменяв ее, допустим, на пленных десантников, тоже было нелегко. Это мало соответствовало образу российского национального лидера, оттого на заданную тему Петр Порошенко высказывался все же с некоторой осторожностью. 
Сегодня, похоже, сбываются худшие ожидания. Самые пессимистичные прогнозы, связанные с тем, что в Москве не просто тянут время, но и откровенно глумятся над Савченко, и более всего это проявляется в скверных свежих новостях. 78-летнюю Марию Ивановну Савченко можно же было заранее уведомить о том, что день рождения дочь встретит без нее. А что касается заявления адвоката Оксаны Соколовской, то легко предположить, что защитники российских бойцов постоянно согласовывают все свои речи с Москвой. 
Незадолго до вынесения приговора Ерофееву и Александрову они обещали обжаловать приговор. Чуть позже, когда Порошенко пообщался с Путиным, от этой идеи отказались, чтобы не затягивать сроки экстрадиции. Теперь Соколовская вновь призадумалась о кассации, и это значит, что процесс может быть отложен на неопределенное время. 
Тогда получается, что поэтапно в Кремле решают совсем другие задачи. При помощи Порошенко, с которым они перетирали про &quot;алгоритм&quot;, Путин обнадеживал Савченко, добиваясь прекращения голодовки. Тюремное российское ведомство имитировало процедуру передачи дела в суд. Суд не мог принять дело к рассмотрению до тех пор, пока политзечка не выплатит &quot;штраф за пересечение границы&quot;, и украинским консулам пришлось раскошеливаться. А когда дело дойдет до суда, вдруг выяснится, что не хватает еще какой-нибудь бумаги, а потом судья вынесет отрицательный вердикт и поименованный выше Путин как бы разведет руками, беседуя с Порошенко или с кем-нибудь еще. Мол, и рад бы, но закон превыше всего. Он немеет перед законом. 
Собственно, это так похоже на него, нашего законно избранного. В суде она громко посмеялась над его прокурорами и свидетелями, а теперь настала его очередь. Поскольку хорошо смеется тот, кто смеется последним, не правда ли? Однако реакция Савченко будет предсказуемой, и не факт, что ее надо убивать, оттого самые безысходные прогнозы тоже не кажутся достоверными и ситуация вновь обретает сложность. Время тянется, жилы выматываются, напряжение нарастает, но по сути, наверное, еще ничего не решено, и мы пока видим только, как работает тупая машина уничтожения. 
Машина, которая опять запущена, но может быть остановлена в любой момент. К примеру, когда чувство безнадежности и отчаяния у тех, кто болеет за Савченко, достигнет предела. Освободить неожиданно, как бы под воздействием мощного гуманистического чувства, - это будет акция в его фирменном стиле. 
На доске у Путина много фигур, то есть живых людей, и он, увлекаясь игрой, но и не теряя хладнокровия, просчитывает разные варианты. На Украине раньше счет шел на тысячи жизней, теперь остались только заложники и с каждым из них он разбирается не спеша. Десять дней назад тайно перевели в &quot;Лефортово&quot; крымского узника Геннадия Афанасьева и &quot;шпиона&quot; Юрия Солошенко, о чем стало известно лишь вчера, и это совсем новый ребус, который нам предложено разгадывать. В Кремле хотят обменять их на Ерофеева с Александровым, а Савченко дороже стоит? Речь действительно идет о &quot;следственных действиях&quot;, как уверяют во ФСИН? Заключенных временно переселили в Москву исключительно для того, чтобы загадать ребус? Или все-таки готовится большой общий обмен? 
Это тоже не полностью исключено, хотя новости из жизни Савченко ни малейших надежд не внушают - в силу своего однообразия. Ясно лишь, что к правосудию эти сообщения не имеют ни малейшего отношения, о чем было известно с первого дня. Собственно, это единственная, причем не устаревающая информация, которой следует доверять, размышляя о происходящем и напоминая о судьбе политзаключенной. Как можно чаще, и чем печальней новости оттуда, где она отбывает свой 22-летний срок, тем важнее повод о ней вспомнить и снова произнести ее имя вслух.
</topic_text>
<spam_score>0.00</spam_score>
<post_num>1</post_num>
<post_id>post-1</post_id>
<post_url>http://grani.ru/opinion/milshtein/m.251304.html</post_url>
<post_date>20160512</post_date>
<post_time>0644</post_time>
<username></username>
<post>
Алгоритм с петлей на шее Илья Мильштейн , 12.05.2016 Статья Работа или отпуск 
О том, какая из версий верна, сегодня остается только гадать. В том числе, вероятно, и самому Владимиру Владимировичу, который не торопясь подсчитывает плюсы и минусы. Костяшки вправо - жизнь Савченко, костяшки влево - смерть. Президент России знает, что по сути в отношении к нему ничего не изменится, отпустит он ее или нет. Илья Мильштейн Статья Надежда как угроза 
Каждый день, что Надежда Савченко проводит за решеткой, оборачивается для России, помимо прочего, пропагандистским кошмаром. И если предположить, что у России есть лютые, непримиримые враги, мечтающие о ее погибели, то сегодня на их улице праздник. И чем дольше будет сидеть узница, тем больше станут радоваться проклятые русофобы. Илья Мильштейн Статья Дилемма узницы 
Ясно, где добро, а где Россия, самым ярким спикером которой ныне выступает Жириновский, призывающий немедленно расстрелять не то повесить депутата ПАСЕ. Неизвестно, выживет ли Савченко и как сложится ее судьба, если выживет. И что будет все-таки со страной, чья репутация в эти мартовские дни оказалась намертво связанной с судьбой украинской гражданки. Илья Мильштейн 09.03.2016 
Мать не пустили в тюрьму к дочери. Переговоры насчет обмена пленных грушников на заложницу приостановлены. Новости из жизни Надежды Савченко только плохие , и это касается не одних лишь свежих новостей. 
Стойкое ощущение бреда оставляет и сообщение недельной давности со ссылкой на ФСИН РФ. Согласно которому тюремные бумаги относительно возвращения Савченко на родину будут переданы в российский суд при одном условии - что украинский Минюст &quot;предоставит гарантии исполнения решения&quot; указанного суда. Адвокат Полозов эту информацию уточнял: дома осужденную могут, разумеется, помиловать, но сперва Киев должен еще признать законность приговора. Ощущение бреда не проходило. 
Три недели назад, когда президент Порошенко заговорил про &quot;согласованный алгоритм&quot;, отдельные комментаторы даже начали подсчитывать дни и часы, оставшиеся до освобождения политзечки. Шутка ли, алгоритм! Имелось в виду, что Петр Алексеевич, дозвонившись до Владимира Владимировича, обсудил с ним возникшую проблему и варианты ее поэтапного решения. Причем в конструктивном ключе. 
Складывалось также впечатление, что Путин слегка, что ли, усомнился в эффективности своих шантажных технологий. Как минимум применительно к Савченко, на фоне ее сухих голодовок. Впрочем, поверить в то, что президент РФ скоро возьмет и отпустит заложницу, обменяв ее, допустим, на пленных десантников, тоже было нелегко. Это мало соответствовало образу российского национального лидера, оттого на заданную тему Петр Порошенко высказывался все же с некоторой осторожностью. 
Сегодня, похоже, сбываются худшие ожидания. Самые пессимистичные прогнозы, связанные с тем, что в Москве не просто тянут время, но и откровенно глумятся над Савченко, и более всего это проявляется в скверных свежих новостях. 78-летнюю Марию Ивановну Савченко можно же было заранее уведомить о том, что день рождения дочь встретит без нее. А что касается заявления адвоката Оксаны Соколовской, то легко предположить, что защитники российских бойцов постоянно согласовывают все свои речи с Москвой. 
Незадолго до вынесения приговора Ерофееву и Александрову они обещали обжаловать приговор. Чуть позже, когда Порошенко пообщался с Путиным, от этой идеи отказались, чтобы не затягивать сроки экстрадиции. Теперь Соколовская вновь призадумалась о кассации, и это значит, что процесс может быть отложен на неопределенное время. 
Тогда получается, что поэтапно в Кремле решают совсем другие задачи. При помощи Порошенко, с которым они перетирали про &quot;алгоритм&quot;, Путин обнадеживал Савченко, добиваясь прекращения голодовки. Тюремное российское ведомство имитировало процедуру передачи дела в суд. Суд не мог принять дело к рассмотрению до тех пор, пока политзечка не выплатит &quot;штраф за пересечение границы&quot;, и украинским консулам пришлось раскошеливаться. А когда дело дойдет до суда, вдруг выяснится, что не хватает еще какой-нибудь бумаги, а потом судья вынесет отрицательный вердикт и поименованный выше Путин как бы разведет руками, беседуя с Порошенко или с кем-нибудь еще. Мол, и рад бы, но закон превыше всего. Он немеет перед законом. 
Собственно, это так похоже на него, нашего законно избранного. В суде она громко посмеялась над его прокурорами и свидетелями, а теперь настала его очередь. Поскольку хорошо смеется тот, кто смеется последним, не правда ли? Однако реакция Савченко будет предсказуемой, и не факт, что ее надо убивать, оттого самые безысходные прогнозы тоже не кажутся достоверными и ситуация вновь обретает сложность. Время тянется, жилы выматываются, напряжение нарастает, но по сути, наверное, еще ничего не решено, и мы пока видим только, как работает тупая машина уничтожения. 
Машина, которая опять запущена, но может быть остановлена в любой момент. К примеру, когда чувство безнадежности и отчаяния у тех, кто болеет за Савченко, достигнет предела. Освободить неожиданно, как бы под воздействием мощного гуманистического чувства, - это будет акция в его фирменном стиле. 
На доске у Путина много фигур, то есть живых людей, и он, увлекаясь игрой, но и не теряя хладнокровия, просчитывает разные варианты. На Украине раньше счет шел на тысячи жизней, теперь остались только заложники и с каждым из них он разбирается не спеша. Десять дней назад тайно перевели в &quot;Лефортово&quot; крымского узника Геннадия Афанасьева и &quot;шпиона&quot; Юрия Солошенко, о чем стало известно лишь вчера, и это совсем новый ребус, который нам предложено разгадывать. В Кремле хотят обменять их на Ерофеева с Александровым, а Савченко дороже стоит? Речь действительно идет о &quot;следственных действиях&quot;, как уверяют во ФСИН? Заключенных временно переселили в Москву исключительно для того, чтобы загадать ребус? Или все-таки готовится большой общий обмен? 
Это тоже не полностью исключено, хотя новости из жизни Савченко ни малейших надежд не внушают - в силу своего однообразия. Ясно лишь, что к правосудию эти сообщения не имеют ни малейшего отношения, о чем было известно с первого дня. Собственно, это единственная, причем не устаревающая информация, которой следует доверять, размышляя о происходящем и напоминая о судьбе политзаключенной. Как можно чаще, и чем печальней новости оттуда, где она отбывает свой 22-летний срок, тем важнее повод о ней вспомнить и снова произнести ее имя вслух.
</post>
<signature>

</signature>
<external_links>

</external_links>
<country>RU</country>
<main_image>http://grani.ru/att/cards/251304.png</main_image>
</document>
