<?xml version="1.0" encoding="UTF-8"?>
<document>
<type>mainstream</type>
<forum>http://www.khnl.com/Global/category.asp?C=3497&amp;clienttype=rss</forum>
<forum_title>Hawaii News Now - News</forum_title>
<discussion_title>Grandpa jailed after stranding 5-year-old in desert with gun</discussion_title>
<language>english</language>
<gmt_offset></gmt_offset>
<topic_url>http://www.hawaiinewsnow.com/story/31955538/grandpa-jailed-after-stranding-5-year-old-in-desert-with-gun</topic_url>
<topic_text>
Grandpa jailed after stranding 5-year-old in desert with gun - Hawaii News Now - KGMB and KHNL Member Center: Grandpa jailed after stranding 5-year-old in desert with gun 2016-05-12T12:22:39Z 2016-05-12T12:22:39Z 
PHOENIX (AP) - An Arizona man has been sentenced to six months in jail after prosecutors say he left his 5-year-old granddaughter alone in the desert with a loaded handgun and stopped at a restaurant. 
Authorities in Maricopa County, Arizona, say Paul Rater took his granddaughter for a ride in his new pickup truck in November and got lost in the desert. He told authorities the vehicle got stuck and they had to walk for help. Rater told them he left the girl under a tree with a gun when she couldn&apos;t walk anymore. 
A helicopter later located the uninjured girl. He was later found eating and drinking at a restaurant. 
Maricopa County Attorney Bill Montgomery says Rater was sentenced Monday after pleading guilty to felony child abuse. Copyright 2016 The Associated Press. All rights reserved. This material may not be published, broadcast, rewritten or redistributed.
</topic_text>
<spam_score>0.00</spam_score>
<post_num>1</post_num>
<post_id>post-1</post_id>
<post_url>http://www.hawaiinewsnow.com/story/31955538/grandpa-jailed-after-stranding-5-year-old-in-desert-with-gun</post_url>
<post_date>20160512</post_date>
<post_time>1222</post_time>
<username></username>
<post>
Grandpa jailed after stranding 5-year-old in desert with gun - Hawaii News Now - KGMB and KHNL Member Center: Grandpa jailed after stranding 5-year-old in desert with gun 2016-05-12T12:22:39Z 2016-05-12T12:22:39Z 
PHOENIX (AP) - An Arizona man has been sentenced to six months in jail after prosecutors say he left his 5-year-old granddaughter alone in the desert with a loaded handgun and stopped at a restaurant. 
Authorities in Maricopa County, Arizona, say Paul Rater took his granddaughter for a ride in his new pickup truck in November and got lost in the desert. He told authorities the vehicle got stuck and they had to walk for help. Rater told them he left the girl under a tree with a gun when she couldn&apos;t walk anymore. 
A helicopter later located the uninjured girl. He was later found eating and drinking at a restaurant. 
Maricopa County Attorney Bill Montgomery says Rater was sentenced Monday after pleading guilty to felony child abuse. Copyright 2016 The Associated Press. All rights reserved. This material may not be published, broadcast, rewritten or redistributed.
</post>
<signature>

</signature>
<external_links>

</external_links>
<country>US</country>
<main_image></main_image>
</document>
