<?xml version="1.0" encoding="UTF-8"?>
<document>
<type>mainstream</type>
<forum></forum>
<forum_title></forum_title>
<discussion_title>Daddy Yankee podría iniciar gira con Nicky Jam</discussion_title>
<language>spanish</language>
<gmt_offset></gmt_offset>
<topic_url>http://www.primerahora.com/entretenimiento/musica/nota/daddyyankeepodriainiciargiraconnickyjam-1152987/</topic_url>
<topic_text>
Por Rosalina Marrero-Rodríguez Daddy Yankee, entretanto, continuará con sus compromisos, que incluyen la competencia de talento “La Voz Kids”, de Telemundo. (Archivo) Sigue en un limbo la gira “The Kingdom” 
</topic_text>
<spam_score>0.00</spam_score>
<post_num>1</post_num>
<post_id>post-1</post_id>
<post_url>http://www.primerahora.com/entretenimiento/musica/nota/daddyyankeepodriainiciargiraconnickyjam-1152987/</post_url>
<post_date>20160512</post_date>
<post_time></post_time>
<username></username>
<post>
Por Rosalina Marrero-Rodríguez Daddy Yankee, entretanto, continuará con sus compromisos, que incluyen la competencia de talento “La Voz Kids”, de Telemundo. (Archivo) Sigue en un limbo la gira “The Kingdom” 
</post>
<signature>

</signature>
<external_links>

</external_links>
<country>US</country>
<main_image>http://rec-eph.gfrcdn.net/images/2016/05/12/crop_daddyyankee.jpg</main_image>
</document>
