<?xml version="1.0" encoding="UTF-8"?>
<document>
<type>mainstream</type>
<forum>http://www.youm7.com/سياسة-319</forum>
<forum_title>سياسة | اليوم السابع</forum_title>
<discussion_title>رئيس لجنة الشئون الخارجية بمجلس النواب يلتقى وفدًا من البرلمان الهندى</discussion_title>
<language>arabic</language>
<gmt_offset></gmt_offset>
<topic_url>http://www.youm7.com/story/2016/5/12/رئيس-لجنة-الشئون-الخارجية-بمجلس-النواب-يلتقى-وفدًا-من-البرلم/2714965</topic_url>
<topic_text>
عقد السفير محمد العرابى، رئيس لجنة الشئون الخارجية بمجلس النواب، اجتماعاً صباح اليوم، مع النائب سوجاتو بوس، عضو لجنة العلاقات الخارجية فى البرلمان الهندى، بحضورالنائبة داليا يوسف والنائب طارق رضوان وكيلا لجنة العلاقات الخارجية، والنائب طارق الخولى أمين سر اللجنة، كما حضر اللقاء سفير الهند بالقاهرة سانجاى باتاتشاريا.
وقال بيان صادر عن اللجنة منذ قليل، أن الجانبين اهتما بضرورة توطيد علاقات التعاون بين البلدين خاصة فى المجال البرلمانى، متابعا: &quot;البلدين تجمعهما علاقات تاريخية منذ الخمسينيات من القرن الماضى، واتفقا على عقد ورشة عمل تعقد فى أى من البلدين يحضرها أعضاء لجنتى العلاقات الخارجية فى برلمانى الدولتين&quot;.
وتابع البيان: &quot;هذا بالإضافة إلى ضرورة تشجيع الهنود لزيارة مصر للسياحة والتعرف على الثقافة المصرية، وضرورة تفعيل دور الدبلوماسية البرلمانية&quot;. وأعربا الجانبان عن ضرورة تشكيل جمعية صداقة برلمانية بين البلدين.
واختتم اللقاء بحولة داخل اروقة المجلس وزيارة قاعة الجلسات العامة ومتحف المجلس.
موضوعات متعلقة..
- لجنة الشئون الخارجية بالبرلمان تشيد بأداء الدبلوماسية المصرية فى مجلس الأمن
- محمد العرابى يطالب باجتماع فورى مشترك لـ4 لجان بالبرلمان لبحث حقيقة الحرائق
</topic_text>
<spam_score>0.00</spam_score>
<post_num>1</post_num>
<post_id>post-1</post_id>
<post_url>http://www.youm7.com/story/2016/5/12/رئيس-لجنة-الشئون-الخارجية-بمجلس-النواب-يلتقى-وفدًا-من-البرلم/2714965</post_url>
<post_date>20160512</post_date>
<post_time>0626</post_time>
<username>youm7.com</username>
<post>
عقد السفير محمد العرابى، رئيس لجنة الشئون الخارجية بمجلس النواب، اجتماعاً صباح اليوم، مع النائب سوجاتو بوس، عضو لجنة العلاقات الخارجية فى البرلمان الهندى، بحضورالنائبة داليا يوسف والنائب طارق رضوان وكيلا لجنة العلاقات الخارجية، والنائب طارق الخولى أمين سر اللجنة، كما حضر اللقاء سفير الهند بالقاهرة سانجاى باتاتشاريا.
وقال بيان صادر عن اللجنة منذ قليل، أن الجانبين اهتما بضرورة توطيد علاقات التعاون بين البلدين خاصة فى المجال البرلمانى، متابعا: &quot;البلدين تجمعهما علاقات تاريخية منذ الخمسينيات من القرن الماضى، واتفقا على عقد ورشة عمل تعقد فى أى من البلدين يحضرها أعضاء لجنتى العلاقات الخارجية فى برلمانى الدولتين&quot;.
وتابع البيان: &quot;هذا بالإضافة إلى ضرورة تشجيع الهنود لزيارة مصر للسياحة والتعرف على الثقافة المصرية، وضرورة تفعيل دور الدبلوماسية البرلمانية&quot;. وأعربا الجانبان عن ضرورة تشكيل جمعية صداقة برلمانية بين البلدين.
واختتم اللقاء بحولة داخل اروقة المجلس وزيارة قاعة الجلسات العامة ومتحف المجلس.
موضوعات متعلقة..
- لجنة الشئون الخارجية بالبرلمان تشيد بأداء الدبلوماسية المصرية فى مجلس الأمن
- محمد العرابى يطالب باجتماع فورى مشترك لـ4 لجان بالبرلمان لبحث حقيقة الحرائق
</post>
<signature>

</signature>
<external_links>
<external_link>https://twitter.com/intent/tweet?button_hashtag=Youm7&amp;text=رئيس</external_link><external_link>http://adserver.adtech.de/adserv/3.0/1422/5999560/0/170/ADTECH;loc=300</external_link><external_link>http://adserver.adtech.de/adlink/3.0/1422/5999560/0/170/ADTECH;loc=300</external_link>
</external_links>
<country>US</country>
<main_image>http://img.youm7.com/images/NewsPics/large/s72011221241.jpg?v543</main_image>
</document>
