<?xml version="1.0" encoding="UTF-8"?>
<document>
<type>mainstream</type>
<forum>http://rssfeeds.wcnc.com/_/20/106502776/wcnc/entertainment</forum>
<forum_title>WCNC - Entertainment</forum_title>
<discussion_title>Caitlyn Jenner could de-transition</discussion_title>
<language>english</language>
<gmt_offset></gmt_offset>
<topic_url>http://www.wcnc.com/news/nation-now/report-caitlyn-jenner-could-de-transition/186884719</topic_url>
<topic_text>
LOS ANGELES -- Here’s a story you’re going to see all over social media. 
Could Caitlyn Jenner go back to being Bruce? 
Ian Halperin, the author of a new biography on the Kardashinan family, says Jenner has &quot;sex change regret,” according to TheWrap.com . 
Halperin’s sources say Jenner may de-transition in the next couple of years, but Caitlyn will always be happy to have helped raise awareness of transgender rights.
</topic_text>
<spam_score>0.00</spam_score>
<post_num>1</post_num>
<post_id>post-1</post_id>
<post_url>http://www.wcnc.com/news/nation-now/report-caitlyn-jenner-could-de-transition/186884719</post_url>
<post_date>20160512</post_date>
<post_time>1358</post_time>
<username></username>
<post>
LOS ANGELES -- Here’s a story you’re going to see all over social media. 
Could Caitlyn Jenner go back to being Bruce? 
Ian Halperin, the author of a new biography on the Kardashinan family, says Jenner has &quot;sex change regret,” according to TheWrap.com . 
Halperin’s sources say Jenner may de-transition in the next couple of years, but Caitlyn will always be happy to have helped raise awareness of transgender rights.
</post>
<signature>

</signature>
<external_links>

</external_links>
<country>US</country>
<main_image>http://content.wkyc.com/photo/2016/05/12/GettyImages-513037958_1463049291421_2239722_ver1.0_640_360.jpg</main_image>
</document>
