<?xml version="1.0" encoding="UTF-8"?>
<document>
<type>mainstream</type>
<forum>http://www.cbs8.com/category/307361/business-wire</forum>
<forum_title>Business Wire - CBS News 8 - San Diego, CA News Station - KFMB Channel 8</forum_title>
<discussion_title>Books-A-Million to Host Signing Event with Scotty McCreery on Fr</discussion_title>
<language>english</language>
<gmt_offset></gmt_offset>
<topic_url>http://www.cbs8.com/story/31957336/books-a-million-to-host-signing-event-with-scotty-mccreery-on-friday-may-13</topic_url>
<topic_text>
Special event featuring meet &amp; greet, photo opportunity and book signing with American Idol winner and country music star
CONCORD, N.C. --(BUSINESS WIRE) American Idol Winner Scotty McCreery will sign his first book, “Go Big or Go Home: The Journey Toward the Dream,” on Friday, May 13 at 7 p.m. at the Concord Mills Books-A-Million , located at 8301 Concord Mills Boulevard. Guests will enjoy a special meet-and-greet with the country music star, along with photo opportunities and a book signing.
“Go Big or Go Home” narrates Scotty&apos;s journey from being a kid from North Carolina imitating Elvis on the school bus to having 30 million people across America tune in to watch him win Season 10 of American Idol. The book highlights his North Carolina roots and focuses on the singing competition adventure that ultimately launched the musical career of his dreams. Now, as he completes his ground-breaking fourth album, Scotty shares a glimpse of where he came from and the impact his faith, family and friends have had on a humbled guy who keeps asking, “why me? &quot;
A wristband is required to attend this author event. A wristband comes with the purchase of Go Big or Go Home from the Concord Mills Books-A-Million.
For more information, visit booksamillion.com or call the Books-A-Million Concord Mills location at (704) 979-8300.
ABOUT BOOKS-A-MILLION
Books-A-Million, headquartered in Birmingham, Alabama, is the second largest chain of bookstores in the United States. Books-A-Million got its start in 1917 as a magazine stand in Florence, Alabama and now operates over 250 stores in the 32 states as well as an online store at http://www.booksamillion.com . While Books-A-Million’s presence has grown, the goal has remained the same: to serve each community with the best selection of books, toys, tech and more, all at great prices. Find the nearest Books-A-Million at http://www.booksamillion.com/storefinder .
Follow Books-A-Million on Twitter ( http://twitter.com/booksamillion ) and like us on Facebook ( http://facebook.com/booksamillion ).
 //www.businesswire.com/news/home/20160512005953/en/
BRAVE PR
Shannon King, 404-233-3993
sking@bravepublicrelations.com
 
</topic_text>
<spam_score>0.00</spam_score>
<post_num>1</post_num>
<post_id>post-1</post_id>
<post_url>http://www.cbs8.com/story/31957336/books-a-million-to-host-signing-event-with-scotty-mccreery-on-friday-may-13</post_url>
<post_date>20160512</post_date>
<post_time>1058</post_time>
<username>cbs8</username>
<post>
Special event featuring meet &amp; greet, photo opportunity and book signing with American Idol winner and country music star
CONCORD, N.C. --(BUSINESS WIRE) American Idol Winner Scotty McCreery will sign his first book, “Go Big or Go Home: The Journey Toward the Dream,” on Friday, May 13 at 7 p.m. at the Concord Mills Books-A-Million , located at 8301 Concord Mills Boulevard. Guests will enjoy a special meet-and-greet with the country music star, along with photo opportunities and a book signing.
“Go Big or Go Home” narrates Scotty&apos;s journey from being a kid from North Carolina imitating Elvis on the school bus to having 30 million people across America tune in to watch him win Season 10 of American Idol. The book highlights his North Carolina roots and focuses on the singing competition adventure that ultimately launched the musical career of his dreams. Now, as he completes his ground-breaking fourth album, Scotty shares a glimpse of where he came from and the impact his faith, family and friends have had on a humbled guy who keeps asking, “why me? &quot;
A wristband is required to attend this author event. A wristband comes with the purchase of Go Big or Go Home from the Concord Mills Books-A-Million.
For more information, visit booksamillion.com or call the Books-A-Million Concord Mills location at (704) 979-8300.
ABOUT BOOKS-A-MILLION
Books-A-Million, headquartered in Birmingham, Alabama, is the second largest chain of bookstores in the United States. Books-A-Million got its start in 1917 as a magazine stand in Florence, Alabama and now operates over 250 stores in the 32 states as well as an online store at http://www.booksamillion.com . While Books-A-Million’s presence has grown, the goal has remained the same: to serve each community with the best selection of books, toys, tech and more, all at great prices. Find the nearest Books-A-Million at http://www.booksamillion.com/storefinder .
Follow Books-A-Million on Twitter ( http://twitter.com/booksamillion ) and like us on Facebook ( http://facebook.com/booksamillion ).
 //www.businesswire.com/news/home/20160512005953/en/
BRAVE PR
Shannon King, 404-233-3993
sking@bravepublicrelations.com
 
</post>
<signature>

</signature>
<external_links>
<external_link>http://purl.org/rss/1.0/modules/content/</external_link><external_link>http://cts.businesswire.com/ct/CT?id=smartlink&amp;url=http%3A%2F%2Fwww.booksamillion.com%2Fp%2FGo-Big-Home%2FScotty-Mccreery%2F9780310345220&amp;esheet=51341346&amp;newsitemid=20160512005953&amp;lan=en-US&amp;anchor=%E2%80%9CGo+Big+or+Go+Home%3A+The+Journey+Toward+the+Dream%2C%E2%80%9D&amp;index=1&amp;md5=5fe088629bb766484f79ea17cbe06f8a</external_link><external_link>http://cts.businesswire.com/ct/CT?id=smartlink&amp;url=http%3A%2F%2Fwww.booksamillion.com&amp;esheet=51341346&amp;newsitemid=20160512005953&amp;lan=en-US&amp;anchor=http%3A%2F%2Fwww.booksamillion.com&amp;index=3&amp;md5=5831971848216c083a9a66be5b8a93c7</external_link><external_link>http://cts.businesswire.com/ct/CT?id=bwnews&amp;sty=20160512005953r1&amp;sid=56987&amp;distro=ftp</external_link><external_link>http://cts.businesswire.com/ct/CT?id=smartlink&amp;url=http%3A%2F%2Fwww.booksamillion.com%2Fstorefinder&amp;esheet=51341346&amp;newsitemid=20160512005953&amp;lan=en-US&amp;anchor=http%3A%2F%2Fwww.booksamillion.com%2Fstorefinder&amp;index=4&amp;md5=7bcaae8fec52ca072ce93d13340b5c7c</external_link><external_link>http://facebook.com/booksamillion</external_link><external_link>http://twitter.com/booksamillion</external_link><external_link>http://cts.businesswire.com/ct/CT?id=smartlink&amp;url=http%3A%2F%2Ffacebook.com%2Fbooksamillion&amp;esheet=51341346&amp;newsitemid=20160512005953&amp;lan=en-US&amp;anchor=http%3A%2F%2Ffacebook.com%2Fbooksamillion&amp;index=6&amp;md5=9f6477446f7011fb596c289fedd99229</external_link><external_link>http://cts.businesswire.com/ct/CT?id=smartlink&amp;url=http%3A%2F%2Fwww.booksamillion.com&amp;esheet=51341346&amp;newsitemid=20160512005953&amp;lan=en-US&amp;anchor=booksamillion.com&amp;index=2&amp;md5=630f8af0cac373dcb985098742adde45</external_link><external_link>http://cts.businesswire.com/ct/CT?id=smartlink&amp;url=http%3A%2F%2Ftwitter.com%2Fbooksamillion&amp;esheet=51341346&amp;newsitemid=20160512005953&amp;lan=en-US&amp;anchor=http%3A%2F%2Ftwitter.com%2Fbooksamillion&amp;index=5&amp;md5=36148a1850fd39b602e2e0157d46d0bc</external_link><external_link>http://www.businesswire.com/news/home/20160512005953/en/</external_link><external_link>http://www.booksamillion.com/storefinder</external_link>
</external_links>
<country>US</country>
<main_image>http://businesswire.images.worldnow.com/images/10540494_G.jpg</main_image>
</document>
