<?xml version="1.0" encoding="UTF-8"?>
<document>
<type>mainstream</type>
<forum>http://rss.nexttv.com.tw/news/realtime/rss.xml</forum>
<forum_title>壹電視-即時新聞</forum_title>
<discussion_title>《PM10點靈》暖化害地震？！海平面上升 板塊質量驟變</discussion_title>
<language>chineset</language>
<gmt_offset></gmt_offset>
<topic_url>http://www.nexttv.com.tw/news/realtime/latest/11560840/%E3%80%8APM10%E9%BB%9E%E9%9D%88%E3%80%8B%E6%9A%96%E5%8C%96%E5%AE%B3%E5%9C%B0%E9%9C%87%EF%BC%9F%EF%BC%81%E6%B5%B7%E5%B9%B3%E9%9D%A2%E4%B8%8A%E5%8D%87%E3%80%80%E6%9D%BF%E5%A1%8A%E8%B3%AA%E9%87%8F%E9%A9%9F%E8%AE%8A</topic_url>
<topic_text>
按〔讚〕加入壹電視Next TV FB粉絲團 分享：
</topic_text>
<spam_score>0.00</spam_score>
<post_num>1</post_num>
<post_id>post-1</post_id>
<post_url>http://www.nexttv.com.tw/news/realtime/latest/11560840/%E3%80%8APM10%E9%BB%9E%E9%9D%88%E3%80%8B%E6%9A%96%E5%8C%96%E5%AE%B3%E5%9C%B0%E9%9C%87%EF%BC%9F%EF%BC%81%E6%B5%B7%E5%B9%B3%E9%9D%A2%E4%B8%8A%E5%8D%87%E3%80%80%E6%9D%BF%E5%A1%8A%E8%B3%AA%E9%87%8F%E9%A9%9F%E8%AE%8A</post_url>
<post_date>20160512</post_date>
<post_time>1545</post_time>
<username></username>
<post>
按〔讚〕加入壹電視Next TV FB粉絲團 分享：
</post>
<signature>

</signature>
<external_links>

</external_links>
<country>TW</country>
<main_image>http://s.nexttv.com.tw/upload/2016/05/11560840-392x220.jpg</main_image>
</document>
