<?xml version="1.0" encoding="UTF-8"?>
<document>
<type>mainstream</type>
<forum>http://biertijd.com/xml-rss2.php</forum>
<forum_title>Biertijd.com</forum_title>
<discussion_title>Two Year Old Autism Kid vs Disney Magic</discussion_title>
<language>dutch</language>
<gmt_offset></gmt_offset>
<topic_url>http://biertijd.com/index.php?itemid=60961</topic_url>
<topic_text>
And That&apos;s Why I Hate Clowns.. &gt;&gt; Two Year Old Autism Kid vs Disney Magic Ze zeggen wel eens dat Disney magisch is, en dat blijkt maar weer met de twee jarige Jack. De kleine man heeft autisme en kan nog niet praten. Ook heeft hij moeite met vreemde mensen accepteren. Maar de magie van Disney doet wonderen. Sneeuwwitje is zijn schatje. 12 May &apos;16 - cat: Cool
</topic_text>
<spam_score>0.00</spam_score>
<post_num>1</post_num>
<post_id>post-1</post_id>
<post_url>http://biertijd.com/index.php?itemid=60961</post_url>
<post_date>20160511</post_date>
<post_time>2324</post_time>
<username></username>
<post>
And That&apos;s Why I Hate Clowns.. &gt;&gt; Two Year Old Autism Kid vs Disney Magic Ze zeggen wel eens dat Disney magisch is, en dat blijkt maar weer met de twee jarige Jack. De kleine man heeft autisme en kan nog niet praten. Ook heeft hij moeite met vreemde mensen accepteren. Maar de magie van Disney doet wonderen. Sneeuwwitje is zijn schatje. 12 May &apos;16 - cat: Cool
</post>
<signature>

</signature>
<external_links>

</external_links>
<country>NL</country>
<main_image></main_image>
</document>
