<?xml version="1.0" encoding="UTF-8"?>
<document>
<type>mainstream</type>
<forum>http://feeds.releasewire.com/rss/latest</forum>
<forum_title>ReleaseWire - Latest Press Releases</forum_title>
<discussion_title>Diamondregistry.com Offers Comprehensive Buying Guide on Wholesale Diamonds</discussion_title>
<language>english</language>
<gmt_offset></gmt_offset>
<topic_url>http://www.sbwire.com/press-releases/diamondregistrycom-offers-comprehensive-buying-guide-on-wholesale-diamonds-688349.htm</topic_url>
<topic_text>
Diamondregistry.com Offers Comprehensive Buying Guide on Wholesale Diamonds 
San Francisco, CA -- ( SBWIRE ) -- 05/12/2016 -- Diamondregistry.com, a premier web portal that offers complete information and prices on wholesale diamonds has recently published a comprehensive buying guide. According to the information provided at the site, this particular website has been created with an aim to provide complete information on the different types of diamonds that are available on the market. The experts at the site added that its company aims to help consumes make an informed buying decision while purchasing diamonds online. According to the information provided at the site, the company has helped a lot of consumers find the ideal diamond with the help of its complete diamond price and details provided by its experts. The website also added that its service streamlines global diamond supply and sales so that consumers can quickly and easily buy or sell every diamond size, quality and shape that will suit their needs and budget. The information provided at the site also revealed that its company was founded in the year 1961. The website also added that it initially began as a monthly newsletter that served to publish useful information regarding the diamond trends, diamond price, and progress in the diamond market. However, in 1997, the company&apos;s website was launched as the first online diamond information center and became the foremost entrance to the world&apos;s loose diamond supplier and the main source for information. The website&apos;s information also added that the company offers high quality service by building a bridge between the consumer and the wholesale diamond industry. The site further added that it offers GIA certified loose diamonds can be bought at wholesale price. Furthermore, consumers will be also able to design their own jewelry with the help of the company&apos;s extremely expert team of in-house jewelry. About Diamondregistry Diamondregistry.com is one of the world&apos;s leading companies that offer comprehensive information on the different types of diamond along with its current market pricing. The information provided at the site can be extremely valuable for consumers in making an informed buying decision. For more details go to http://www.diamondregistry.com/buy-loose-diamonds-wholesale.htm Contact Media:
</topic_text>
<spam_score>0.00</spam_score>
<post_num>1</post_num>
<post_id>post-1</post_id>
<post_url>http://www.sbwire.com/press-releases/diamondregistrycom-offers-comprehensive-buying-guide-on-wholesale-diamonds-688349.htm</post_url>
<post_date>20160512</post_date>
<post_time>1615</post_time>
<username></username>
<post>
Diamondregistry.com Offers Comprehensive Buying Guide on Wholesale Diamonds 
San Francisco, CA -- ( SBWIRE ) -- 05/12/2016 -- Diamondregistry.com, a premier web portal that offers complete information and prices on wholesale diamonds has recently published a comprehensive buying guide. According to the information provided at the site, this particular website has been created with an aim to provide complete information on the different types of diamonds that are available on the market. The experts at the site added that its company aims to help consumes make an informed buying decision while purchasing diamonds online. According to the information provided at the site, the company has helped a lot of consumers find the ideal diamond with the help of its complete diamond price and details provided by its experts. The website also added that its service streamlines global diamond supply and sales so that consumers can quickly and easily buy or sell every diamond size, quality and shape that will suit their needs and budget. The information provided at the site also revealed that its company was founded in the year 1961. The website also added that it initially began as a monthly newsletter that served to publish useful information regarding the diamond trends, diamond price, and progress in the diamond market. However, in 1997, the company&apos;s website was launched as the first online diamond information center and became the foremost entrance to the world&apos;s loose diamond supplier and the main source for information. The website&apos;s information also added that the company offers high quality service by building a bridge between the consumer and the wholesale diamond industry. The site further added that it offers GIA certified loose diamonds can be bought at wholesale price. Furthermore, consumers will be also able to design their own jewelry with the help of the company&apos;s extremely expert team of in-house jewelry. About Diamondregistry Diamondregistry.com is one of the world&apos;s leading companies that offer comprehensive information on the different types of diamond along with its current market pricing. The information provided at the site can be extremely valuable for consumers in making an informed buying decision. For more details go to http://www.diamondregistry.com/buy-loose-diamonds-wholesale.htm Contact Media:
</post>
<signature>

</signature>
<external_links>

</external_links>
<country>US</country>
<main_image>http://www.releasewire.com/images/logos/sbwire-profile.png</main_image>
</document>
