<?xml version="1.0" encoding="UTF-8"?>
<document>
<type>mainstream</type>
<forum>http://rssfeeds.9news.com/_/20/107322240/kusa-entertainment</forum>
<forum_title>KUSA - Entertainment</forum_title>
<discussion_title>Beyoncé&apos;s mom breaks down &apos;Lemonade&apos;</discussion_title>
<language>english</language>
<gmt_offset></gmt_offset>
<topic_url>http://www.9news.com/entertainment/beyoncs-mom-breaks-down-lemonade-for-those-who-missed-the-point/184637336</topic_url>
<topic_text>
Beyoncé&apos;s mom breaks down &apos;Lemonade&apos; for those who missed the point Jaleesa M. Jones, USA TODAY , WCNC 4:11 PM. MDT May 10, 2016 Singer Beyonce Knowles accepts the Millennium Award from her mother Tina Knowles and nephew Daniel Julez Smith Jr. during the 2011 Billboard Music Awards at the MGM Grand Garden Arena May 22, 2011 in Las Vegas. (Photo by Ethan Miller/Getty Images) (Photo: Ethan Miller, 2011 Getty Images) CONNECT TWEET LINKEDIN GOOGLE+ PINTEREST 
On April 23, Beyoncé gave us Lemonade, a living, breathing love letter to black women and a sweeping meditation on the emotional gauntlet we&apos;re so often expected to run in silence — the crosses we&apos;re expected to die on daily, the betrayal we&apos;re told to unflinchingly absorb, and the song of liberation we&apos;re expected to swallow. 
Two weeks later, some are still thirsting for more from Lemonade — not for the sake of healing, but rather for the satisfaction of knowing the intimate details — and alleged infidelity — that go into such an aching piece of art. 
And it&apos;s those people, says the singer&apos;s mother, who are missing the point. 
&quot;People make it all about the cheating and betrayal and, yes, that&apos;s a part of it because that is something you have to heal from,&quot; Tina Knowles-Lawson told ABC13 in Houston Sunday. &quot;If you really listen to the poetry it is one of hope and redemption and hopefully that can be healing for people.&quot;&quot;It could be about anyone&apos;s marriage,&quot; Knowles-Lawson continued in reference to speculation that Lemonade is a retrospective look at Jay Z&apos;s infidelity. &quot;I think that everybody at one time or another has been betrayed and lied to and it&apos;s about the pain and it&apos;s about the healing process and it&apos;s about how do you get past that and move on.&quot; 
Broaching her own experiences with betrayal, Knowles-Lawson opened up about how her daughters helped her move on from their father, Mathew Knowles, whom she divorced in 2011 following infidelity. &quot;I remember my first little pity party and I called them crying and you know, they all came,&quot; she shared. &quot;We had a slumber party, we watched old movies all night and ate ice cream — it was very healing.&quot; 
Knowles-Lawson has since learned to make lemonade of the lemons life has given her. She&apos;s now remarried to actor Richard Lawson and maintains that her family continues to give her strength. &quot;My children are my rock,&quot; she said. &quot;It&apos;s just been the best gift God could have given me.&quot;
</topic_text>
<spam_score>0.00</spam_score>
<post_num>1</post_num>
<post_id>post-1</post_id>
<post_url>http://www.9news.com/entertainment/beyoncs-mom-breaks-down-lemonade-for-those-who-missed-the-point/184637336</post_url>
<post_date>20160510</post_date>
<post_time>2211</post_time>
<username></username>
<post>
Beyoncé&apos;s mom breaks down &apos;Lemonade&apos; for those who missed the point Jaleesa M. Jones, USA TODAY , WCNC 4:11 PM. MDT May 10, 2016 Singer Beyonce Knowles accepts the Millennium Award from her mother Tina Knowles and nephew Daniel Julez Smith Jr. during the 2011 Billboard Music Awards at the MGM Grand Garden Arena May 22, 2011 in Las Vegas. (Photo by Ethan Miller/Getty Images) (Photo: Ethan Miller, 2011 Getty Images) CONNECT TWEET LINKEDIN GOOGLE+ PINTEREST 
On April 23, Beyoncé gave us Lemonade, a living, breathing love letter to black women and a sweeping meditation on the emotional gauntlet we&apos;re so often expected to run in silence — the crosses we&apos;re expected to die on daily, the betrayal we&apos;re told to unflinchingly absorb, and the song of liberation we&apos;re expected to swallow. 
Two weeks later, some are still thirsting for more from Lemonade — not for the sake of healing, but rather for the satisfaction of knowing the intimate details — and alleged infidelity — that go into such an aching piece of art. 
And it&apos;s those people, says the singer&apos;s mother, who are missing the point. 
&quot;People make it all about the cheating and betrayal and, yes, that&apos;s a part of it because that is something you have to heal from,&quot; Tina Knowles-Lawson told ABC13 in Houston Sunday. &quot;If you really listen to the poetry it is one of hope and redemption and hopefully that can be healing for people.&quot;&quot;It could be about anyone&apos;s marriage,&quot; Knowles-Lawson continued in reference to speculation that Lemonade is a retrospective look at Jay Z&apos;s infidelity. &quot;I think that everybody at one time or another has been betrayed and lied to and it&apos;s about the pain and it&apos;s about the healing process and it&apos;s about how do you get past that and move on.&quot; 
Broaching her own experiences with betrayal, Knowles-Lawson opened up about how her daughters helped her move on from their father, Mathew Knowles, whom she divorced in 2011 following infidelity. &quot;I remember my first little pity party and I called them crying and you know, they all came,&quot; she shared. &quot;We had a slumber party, we watched old movies all night and ate ice cream — it was very healing.&quot; 
Knowles-Lawson has since learned to make lemonade of the lemons life has given her. She&apos;s now remarried to actor Richard Lawson and maintains that her family continues to give her strength. &quot;My children are my rock,&quot; she said. &quot;It&apos;s just been the best gift God could have given me.&quot;
</post>
<signature>

</signature>
<external_links>

</external_links>
<country>US</country>
<main_image>http://content.wcnc.com/photo/2016/05/10/beyonce%20and%20her%20mom%20getty_1462907289679_2199927_ver1.0_640_360.jpg</main_image>
</document>
