<?xml version="1.0" encoding="UTF-8"?>
<document>
<type>mainstream</type>
<forum></forum>
<forum_title></forum_title>
<discussion_title>BMW: Konzern verteidigt Führungsanspruch in der Oberklasse - N24.de</discussion_title>
<language>german</language>
<gmt_offset></gmt_offset>
<topic_url>http://www.n24.de/n24/Nachrichten/Wirtschaft/d/8512324/konzern-verteidigt-fuehrungsanspruch-in-der-oberklasse.html</topic_url>
<topic_text>
Konzern verteidigt Führungsanspruch in der Oberklasse Leider konnte Ihre E-Mail nicht versendet werden. Bitte überprüfen Sie Ihre Angaben. Das Senden der E-Mail war erfolgreich. Verwandte Themen BMW Konzern verteidigt Führungsanspruch in der Oberklasse Hauptversammlung des Autoherstellers BMW in München. Foto: BMW AG/dpa (Foto: DPA) BMW feierte zuletzt ein Rekordjahr nach dem anderen. Jetzt befürchten die Anleger, Mercedes und Tesla könnten den Bayern davonfahren - und haben klare Forderungen an Vorstandschef Harald Krüger. 
BMW-Aktionäre haben von Konzernchef Harald Krüger mehr Mut zu Innovationen verlangt. In der Oberklasse und bei Elektroautos setzten heute Mercedes und Tesla die Maßstäbe, kritisierten sie am Donnerstag auf der Hauptversammlung in München. 
Krüger bekräftigte den Führungsanspruch seines Unternehmens und betonte mit einem Seitenhieb auf die Konkurrenz: &quot;Wir wachsen in den renditestarken Segmenten.&quot; 
BMW wolle in der Oberklasse und beim autonomen Fahren die Nummer eins sein. &quot;2015 war das sechste Rekordjahr in Folge. 2016 streben wir neue Bestwerte an&quot;, sagte Krüger. Mercedes hatte im ersten Quartal allerdings mehr Autos verkauft als BMW. Auch an der Börse gibt es Gegenwind, seit Jahresbeginn verlor die Aktie 20 Prozent. Krüger sagte: &quot;Auch für den Aktienkurs gilt: Wir denken nicht von Quartal zu Quartal.&quot; Ein Drittel seines Jahresgewinns von 6,4 Milliarden Euro schüttet der Dax-Konzern an die Aktionäre aus, die Dividende steigt um 10 Prozent. 
Daniela Bergdolt von der Deutschen Schutzvereinigung für Wertpapierbesitz (DSW) kritisierte, dass BMW seine nächste Generation von Elektroautos erst in fünf Jahren auf den Markt bringt. BMW sei zu früh gestartet, &quot;und jetzt verlässt sie ein bisschen der Mut&quot;. 
Union-Investment-Fondsmanager Ingo Speich warf BMW eine verfehlte Modellpolitik vor. &quot;Der neue 7er BMW macht bislang keinen Stich gegen die S-Klasse von Mercedes, die bereits 2013 auf den Markt kam&quot;, sagte er. &quot;Auf dem Weg zum autonomen Fahren ist Mercedes mit der neuen E-Klasse schon weiter als BMW mit dem neuen 7er. Bei Komfort, Sicherheit, Verarbeitung und gefühlter Qualität setzt Mercedes derzeit Maßstäbe.&quot; Die Münchner hätten &quot;der Stuttgarter Modelloffensive nur wenig entgegenzusetzen&quot;, erst in zwei Jahren sei bei BMW mit dem neuen 3er ein größerer Sprung zu erwarten. Speich forderte: &quot;Herr Krüger, treten Sie aus dem Schatten von Herrn Reithofer, beweisen Sie mehr Mut mit künftigen Modellen.&quot; 
Einhelliges Lob bekam BMW dagegen mit Blick auf den Diesel-Abgasskandal bei VW und Audi und die freiwilligen Rückrufe bei Mercedes und anderen Herstellern. &quot;Jeder Aktionär war froh, dass BMW eine weiße Weste im Absatzskandal hat&quot;, sagte Bergdolt, und Speich sagte BMW als &quot;positive Ausnahme&quot;. Krüger sagte, BMW habe weltweit einen Diesel-Anteil von 38 Prozent, und die Nachfrage sei stabil. 12.05.2016 | 15:00 Uhr, zuletzt aktualisiert um 16:41 Uhr DPA, N24 
Aus Datenschutzgründen wird Ihre IP-Adresse nur dann gespeichert, wenn Sie angemeldeter und eingeloggter Facebook-Nutzer sind. Wenn Sie mehr zum Thema Datenschutz wissen wollen, klicken Sie auf das i. 
</topic_text>
<spam_score>0.00</spam_score>
<post_num>1</post_num>
<post_id>post-1</post_id>
<post_url>http://www.n24.de/n24/Nachrichten/Wirtschaft/d/8512324/konzern-verteidigt-fuehrungsanspruch-in-der-oberklasse.html</post_url>
<post_date>20160512</post_date>
<post_time></post_time>
<username></username>
<post>
Konzern verteidigt Führungsanspruch in der Oberklasse Leider konnte Ihre E-Mail nicht versendet werden. Bitte überprüfen Sie Ihre Angaben. Das Senden der E-Mail war erfolgreich. Verwandte Themen BMW Konzern verteidigt Führungsanspruch in der Oberklasse Hauptversammlung des Autoherstellers BMW in München. Foto: BMW AG/dpa (Foto: DPA) BMW feierte zuletzt ein Rekordjahr nach dem anderen. Jetzt befürchten die Anleger, Mercedes und Tesla könnten den Bayern davonfahren - und haben klare Forderungen an Vorstandschef Harald Krüger. 
BMW-Aktionäre haben von Konzernchef Harald Krüger mehr Mut zu Innovationen verlangt. In der Oberklasse und bei Elektroautos setzten heute Mercedes und Tesla die Maßstäbe, kritisierten sie am Donnerstag auf der Hauptversammlung in München. 
Krüger bekräftigte den Führungsanspruch seines Unternehmens und betonte mit einem Seitenhieb auf die Konkurrenz: &quot;Wir wachsen in den renditestarken Segmenten.&quot; 
BMW wolle in der Oberklasse und beim autonomen Fahren die Nummer eins sein. &quot;2015 war das sechste Rekordjahr in Folge. 2016 streben wir neue Bestwerte an&quot;, sagte Krüger. Mercedes hatte im ersten Quartal allerdings mehr Autos verkauft als BMW. Auch an der Börse gibt es Gegenwind, seit Jahresbeginn verlor die Aktie 20 Prozent. Krüger sagte: &quot;Auch für den Aktienkurs gilt: Wir denken nicht von Quartal zu Quartal.&quot; Ein Drittel seines Jahresgewinns von 6,4 Milliarden Euro schüttet der Dax-Konzern an die Aktionäre aus, die Dividende steigt um 10 Prozent. 
Daniela Bergdolt von der Deutschen Schutzvereinigung für Wertpapierbesitz (DSW) kritisierte, dass BMW seine nächste Generation von Elektroautos erst in fünf Jahren auf den Markt bringt. BMW sei zu früh gestartet, &quot;und jetzt verlässt sie ein bisschen der Mut&quot;. 
Union-Investment-Fondsmanager Ingo Speich warf BMW eine verfehlte Modellpolitik vor. &quot;Der neue 7er BMW macht bislang keinen Stich gegen die S-Klasse von Mercedes, die bereits 2013 auf den Markt kam&quot;, sagte er. &quot;Auf dem Weg zum autonomen Fahren ist Mercedes mit der neuen E-Klasse schon weiter als BMW mit dem neuen 7er. Bei Komfort, Sicherheit, Verarbeitung und gefühlter Qualität setzt Mercedes derzeit Maßstäbe.&quot; Die Münchner hätten &quot;der Stuttgarter Modelloffensive nur wenig entgegenzusetzen&quot;, erst in zwei Jahren sei bei BMW mit dem neuen 3er ein größerer Sprung zu erwarten. Speich forderte: &quot;Herr Krüger, treten Sie aus dem Schatten von Herrn Reithofer, beweisen Sie mehr Mut mit künftigen Modellen.&quot; 
Einhelliges Lob bekam BMW dagegen mit Blick auf den Diesel-Abgasskandal bei VW und Audi und die freiwilligen Rückrufe bei Mercedes und anderen Herstellern. &quot;Jeder Aktionär war froh, dass BMW eine weiße Weste im Absatzskandal hat&quot;, sagte Bergdolt, und Speich sagte BMW als &quot;positive Ausnahme&quot;. Krüger sagte, BMW habe weltweit einen Diesel-Anteil von 38 Prozent, und die Nachfrage sei stabil. 12.05.2016 | 15:00 Uhr, zuletzt aktualisiert um 16:41 Uhr DPA, N24 
Aus Datenschutzgründen wird Ihre IP-Adresse nur dann gespeichert, wenn Sie angemeldeter und eingeloggter Facebook-Nutzer sind. Wenn Sie mehr zum Thema Datenschutz wissen wollen, klicken Sie auf das i. 
</post>
<signature>

</signature>
<external_links>

</external_links>
<country>DE</country>
<main_image>http://image1-cdn.n24.de/image/8512320/2/large16x9/ljq/bmw-verteidigt-fuehrungsanspruch-in-der-oberklasse-image_900x510.jpg</main_image>
</document>
