<?xml version="1.0" encoding="UTF-8"?>
<document>
<type>mainstream</type>
<forum>http://rss.nexttv.com.tw/news/realtime/rss.xml</forum>
<forum_title>壹電視-即時新聞</forum_title>
<discussion_title>汶川地震8年傷痛 家屬等「豆腐渣」公道</discussion_title>
<language>chineset</language>
<gmt_offset></gmt_offset>
<topic_url>http://www.nexttv.com.tw/news/realtime/latest/11560838/%E6%B1%B6%E5%B7%9D%E5%9C%B0%E9%9C%878%E5%B9%B4%E5%82%B7%E7%97%9B%E3%80%80%E5%AE%B6%E5%B1%AC%E7%AD%89%E3%80%8C%E8%B1%86%E8%85%90%E6%B8%A3%E3%80%8D%E5%85%AC%E9%81%93</topic_url>
<topic_text>
【壹電視報導】今天台灣發生了大地震，而正好八年前的同一天，大陸的四川也發生了芮氏規模8.3的強烈地震，造成將近7萬人罹難，37萬人輕重傷的慘劇。當時的強震也暴露出了許多豆腐渣工程建築的問題，至今仍有許多家屬，在等待官方一個答案。 即時新聞
</topic_text>
<spam_score>0.00</spam_score>
<post_num>1</post_num>
<post_id>post-1</post_id>
<post_url>http://www.nexttv.com.tw/news/realtime/latest/11560838/%E6%B1%B6%E5%B7%9D%E5%9C%B0%E9%9C%878%E5%B9%B4%E5%82%B7%E7%97%9B%E3%80%80%E5%AE%B6%E5%B1%AC%E7%AD%89%E3%80%8C%E8%B1%86%E8%85%90%E6%B8%A3%E3%80%8D%E5%85%AC%E9%81%93</post_url>
<post_date>20160512</post_date>
<post_time>1455</post_time>
<username></username>
<post>
【壹電視報導】今天台灣發生了大地震，而正好八年前的同一天，大陸的四川也發生了芮氏規模8.3的強烈地震，造成將近7萬人罹難，37萬人輕重傷的慘劇。當時的強震也暴露出了許多豆腐渣工程建築的問題，至今仍有許多家屬，在等待官方一個答案。 即時新聞
</post>
<signature>

</signature>
<external_links>

</external_links>
<country>TW</country>
<main_image>http://s.nexttv.com.tw/upload/2016/05/11560838-392x220.jpg</main_image>
</document>
