<?xml version="1.0" encoding="UTF-8"?>
<document>
<type>mainstream</type>
<forum></forum>
<forum_title></forum_title>
<discussion_title>Notice Regarding Partial Amendments to Articles of Incorporation | USHIO INC.</discussion_title>
<language>english</language>
<gmt_offset></gmt_offset>
<topic_url>http://www.ushio.co.jp/en/news/1004/2016-2016/500016.html</topic_url>
<topic_text>
Notice Regarding Partial Amendments to Articles of Incorporation 2016.05.12 
USHIO INC. (USHIO) hereby announces that, at the Board of Directors meeting held today, it was resolved that a proposal for the partial amendments to the Articles of Incorporation would be submitted to the 53rd Annual General Meeting of Shareholders to be held on June 29, 2016 as described in the attached file. 
For detailed information, please refer to this document （ For further information, please contact: 
USHIO INC. Corporate Communication Department TEL: +81-3-5657-1006 / FAX: +81-3-5657-1020 E-Mail: 
</topic_text>
<spam_score>0.00</spam_score>
<post_num>1</post_num>
<post_id>post-1</post_id>
<post_url>http://www.ushio.co.jp/en/news/1004/2016-2016/500016.html</post_url>
<post_date>20150423</post_date>
<post_time></post_time>
<username></username>
<post>
Notice Regarding Partial Amendments to Articles of Incorporation 2016.05.12 
USHIO INC. (USHIO) hereby announces that, at the Board of Directors meeting held today, it was resolved that a proposal for the partial amendments to the Articles of Incorporation would be submitted to the 53rd Annual General Meeting of Shareholders to be held on June 29, 2016 as described in the attached file. 
For detailed information, please refer to this document （ For further information, please contact: 
USHIO INC. Corporate Communication Department TEL: +81-3-5657-1006 / FAX: +81-3-5657-1020 E-Mail: 
</post>
<signature>

</signature>
<external_links>

</external_links>
<country>JP</country>
<main_image></main_image>
</document>
