<?xml version="1.0" encoding="UTF-8"?>
<document>
<type>mainstream</type>
<forum></forum>
<forum_title></forum_title>
<discussion_title>2016 Kickoffs and 2017 Football Schedule Released - Irish Sports Daily</discussion_title>
<language>english</language>
<gmt_offset></gmt_offset>
<topic_url>http://www.irishsportsdaily.com/2016/05/12/2016-kickoffs-and-2017-football-released/</topic_url>
<topic_text>
2016 Kickoffs and 2017 Football Schedule Released 
Author: Matt Freeman May 12, 2016 
We have some football news in May. 
Notre Dame released kickoff times for the 2016 regular season and released the 2017 football schedule on Thursday afternoon. 
The Irish will host two night games at Notre Dame Stadium in 2016 against Michigan State and Stanford, as both with will kickoff at 7:30 p.m. EST. 
There are four games yet to have a time announced and all could very well be night games, at Texas, Syracuse (MetLife Stadium), at North Carolina State and at USC have yet to set a time. 
Notre Dame will also have an interesting kickoff time against Navy in Jacksonville (EverBank Field) at 11:30 a.m. EST. 
2016 Notre Dame Football Schedule 
Sept. 4 – at Texas – TBD Sept. 10 – Nevada – 3:30 p.m. EST Sept. 17 – Michigan State – 7:30 p.m. EST Sept. 24 – Duke – 3:30 p.m. EST Oct. 1 – Syracuse (MetLIfe Stadium) – TBD Oct. 8 – at North Carolina State – TBD Oct. 15 – Stanford – 7:30 p.m. EST Oct. 22 – Bye Week Oct. 29 – Miami – 3:30 p.m. EST Nov. 5 – Navy – 11:30 a.m. EST Nov. 12 – Army (Alamodome) – 2:30 p.m. CST – Shamrock Series Nov. 19 – Virgina Tech – 3:30 p.m. EST Nov. 26 – at USC – TBD 
The 2017 schedule was also released on Thursday and it’s an interesting one. September will be a tough month with Georgia and Michigan State, but November is interesting with road games at Miami and Stanford. 
It will also mark the first time since 2010 that Notre Dame will play seen home games, as the Irish take a one-year break from the Shamrock Series. 
2017 Notre Dame Football Schedule 
Sept. 2 – Temple Sept. 16 – at Boston College Sept. 23 – at Michigan State Sept. 30 – Miami (Ohio) Oct. 7 – at North Carolina Oct. 14 – Bye Week Oct. 28 – North Carolina State Nov. 4 – Wake Forest 
</topic_text>
<spam_score>0.00</spam_score>
<post_num>1</post_num>
<post_id>post-1</post_id>
<post_url>http://www.irishsportsdaily.com/2016/05/12/2016-kickoffs-and-2017-football-released/</post_url>
<post_date>20160512</post_date>
<post_time></post_time>
<username></username>
<post>
2016 Kickoffs and 2017 Football Schedule Released 
Author: Matt Freeman May 12, 2016 
We have some football news in May. 
Notre Dame released kickoff times for the 2016 regular season and released the 2017 football schedule on Thursday afternoon. 
The Irish will host two night games at Notre Dame Stadium in 2016 against Michigan State and Stanford, as both with will kickoff at 7:30 p.m. EST. 
There are four games yet to have a time announced and all could very well be night games, at Texas, Syracuse (MetLife Stadium), at North Carolina State and at USC have yet to set a time. 
Notre Dame will also have an interesting kickoff time against Navy in Jacksonville (EverBank Field) at 11:30 a.m. EST. 
2016 Notre Dame Football Schedule 
Sept. 4 – at Texas – TBD Sept. 10 – Nevada – 3:30 p.m. EST Sept. 17 – Michigan State – 7:30 p.m. EST Sept. 24 – Duke – 3:30 p.m. EST Oct. 1 – Syracuse (MetLIfe Stadium) – TBD Oct. 8 – at North Carolina State – TBD Oct. 15 – Stanford – 7:30 p.m. EST Oct. 22 – Bye Week Oct. 29 – Miami – 3:30 p.m. EST Nov. 5 – Navy – 11:30 a.m. EST Nov. 12 – Army (Alamodome) – 2:30 p.m. CST – Shamrock Series Nov. 19 – Virgina Tech – 3:30 p.m. EST Nov. 26 – at USC – TBD 
The 2017 schedule was also released on Thursday and it’s an interesting one. September will be a tough month with Georgia and Michigan State, but November is interesting with road games at Miami and Stanford. 
It will also mark the first time since 2010 that Notre Dame will play seen home games, as the Irish take a one-year break from the Shamrock Series. 
2017 Notre Dame Football Schedule 
Sept. 2 – Temple Sept. 16 – at Boston College Sept. 23 – at Michigan State Sept. 30 – Miami (Ohio) Oct. 7 – at North Carolina Oct. 14 – Bye Week Oct. 28 – North Carolina State Nov. 4 – Wake Forest 
</post>
<signature>

</signature>
<external_links>

</external_links>
<country>US</country>
<main_image>http://www.irishsportsdaily.com/wp-content/uploads/2016/05/JustinYoon.jpg</main_image>
</document>
