<?xml version="1.0" encoding="UTF-8"?>
<document>
<type>mainstream</type>
<forum>http://wn.com/Lara_Dutta?upload_time=all_time&amp;orderby=published</forum>
<forum_title>Lara Dutta</forum_title>
<discussion_title>Dutta expresses desire to kiss Emraan Hashmi on screen</discussion_title>
<language>english</language>
<gmt_offset>0</gmt_offset>
<topic_url>http://article.wn.com/view/2016/04/05/Lara_Dutta_expresses_desire_to_kiss_Emraan_Hashmi_on_screen/</topic_url>
<topic_text>
Emraan hashmi has been tagged as the serial kissed of Bollywood and there are many actresses out there who would love to be wooed by the actor on screen. In his upcoming movie Arhaz, Emraan will be seen locking lips with his co-actors
</topic_text>
<spam_score>0.00</spam_score>
<post_num>1</post_num>
<post_id>post-1</post_id>
<post_url>http://article.wn.com/view/2016/04/05/Lara_Dutta_expresses_desire_to_kiss_Emraan_Hashmi_on_screen/</post_url>
<post_date>20160405</post_date>
<post_time></post_time>
<username>wn.com</username>
<post>
Emraan hashmi has been tagged as the serial kissed of Bollywood and there are many actresses out there who would love to be wooed by the actor on screen. In his upcoming movie Arhaz, Emraan will be seen locking lips with his co-actors
</post>
<signature>

</signature>
<external_links>

</external_links>
<country>GB</country>
<main_image>http://i.ytimg.com/vi/BeFSMnuNh2I/0.jpg</main_image>
</document>
