<?xml version="1.0" encoding="UTF-8"?>
<document>
<type>mainstream</type>
<forum>http://chelyabinsk.bezformata.ru/rss.xml</forum>
<forum_title>Новости города БезФормата.Ru Челябинская область Челябинск</forum_title>
<discussion_title>УралГУФК вышел на субботник</discussion_title>
<language>russian</language>
<gmt_offset></gmt_offset>
<topic_url>http://chelyabinsk.bezformata.ru/listnews/uralgufk-vishel-na-subbotnik/46771537/</topic_url>
<topic_text>
Фото: uralgufk.ru 
50 студентов убирали мусор совместно с Дмитрием Александровичем Ильинских (старший инженер отдела благоустройства и обеспечения территории Администрации Центрального района), который курировал работу на стадионе « Центральный ». Еще 74 студента работали под началом Татьяны Владимировны Павловой помощник по административно-хозяйственной работе учебно-спортивного корпуса) в МАУ «ЦПКиО им. Ю. А. Гагарина». 

Дмитрий Александрович похвалил ребят за хорошую работу. 

Организатор мероприятия со стороны Уральского государственного университета физической культуры — проректор по административно-хозяйственной работе Семен Александрович Михайлов.Курировала работу студентов Татьяна Владимировна Павлова (помощник по административно-хозяйственной работе учебно-спортивного корпуса).
</topic_text>
<spam_score>0.00</spam_score>
<post_num>1</post_num>
<post_id>post-1</post_id>
<post_url>http://chelyabinsk.bezformata.ru/listnews/uralgufk-vishel-na-subbotnik/46771537/</post_url>
<post_date>20160512</post_date>
<post_time>1418</post_time>
<username></username>
<post>
Фото: uralgufk.ru 
50 студентов убирали мусор совместно с Дмитрием Александровичем Ильинских (старший инженер отдела благоустройства и обеспечения территории Администрации Центрального района), который курировал работу на стадионе « Центральный ». Еще 74 студента работали под началом Татьяны Владимировны Павловой помощник по административно-хозяйственной работе учебно-спортивного корпуса) в МАУ «ЦПКиО им. Ю. А. Гагарина». 

Дмитрий Александрович похвалил ребят за хорошую работу. 

Организатор мероприятия со стороны Уральского государственного университета физической культуры — проректор по административно-хозяйственной работе Семен Александрович Михайлов.Курировала работу студентов Татьяна Владимировна Павлова (помощник по административно-хозяйственной работе учебно-спортивного корпуса).
</post>
<signature>

</signature>
<external_links>

</external_links>
<country>RU</country>
<main_image>http://chelyabinsk.bezformata.ru/content/image188606691.jpg</main_image>
</document>
