<?xml version="1.0" encoding="UTF-8"?>
<document>
<type>mainstream</type>
<forum></forum>
<forum_title></forum_title>
<discussion_title>Reabre La Bombonera</discussion_title>
<language>spanish</language>
<gmt_offset></gmt_offset>
<topic_url>http://www.primerahora.com/estilos-de-vida/cocina/nota/reabrelabombonera-1152803/</topic_url>
<topic_text>
[email protected] 05/11/2016 |12:46 p.m. 
Luego de cuatro años cerrado y de una exhaustiva y deslumbrante remodelación, el establecimiento tendrá su apertura oficial este viernes, 13 de mayo, cuando el público podrá volver a degustar del café y de los ofrecimientos gastronómicos de uno de los puntos de encuentros más populares de la capital del siglo pasado. 
afetera y la tostadora, íconos del establecimiento. 
“Para los vecinos de San Juan esto es un rayo de esperanza”, dijo la alcaldesa de la ciudad capital, Carmen Yulín Cruz. 
La directora ejecutiva de la Compañía de Turismo de Puerto Rico, Ingrid Rivera Rocafort, también se contó entre los asistentes. 
El anuncio de la reapertura se dio durante una degustación de entremeses españoles y dos vinos de la casa. En la vitrina se exhibían mayorcas y otros dulces de la pastelería española como el milhoja de guayaba, salchichas encapotadas y gató. 
Trascendió que, inicialmente, La Bombonera abrirá de martes a domingo, de 7:30 a.m. a 5:00 p.m. Se servirá desayuno, café, habrá un menú de almuerzo de 11:30 a.m. a 3:00 p.m., con tres platos de la cocina típica española y puertorriqueña, y el chocolate caliente &quot;de la casa&quot;, una novedad anunciada durante la actividad. 
Los nostálgicos podrán descansar con tranquilidad al saber que se mantendrá todo el menú original de comida y de pastelería, aunque se adaptarán las recetas originales del fundador, que fueron encontradas en una caja fuerte en el negocio. 
</topic_text>
<spam_score>0.00</spam_score>
<post_num>1</post_num>
<post_id>post-1</post_id>
<post_url>http://www.primerahora.com/estilos-de-vida/cocina/nota/reabrelabombonera-1152803/</post_url>
<post_date>20160511</post_date>
<post_time></post_time>
<username></username>
<post>
[email protected] 05/11/2016 |12:46 p.m. 
Luego de cuatro años cerrado y de una exhaustiva y deslumbrante remodelación, el establecimiento tendrá su apertura oficial este viernes, 13 de mayo, cuando el público podrá volver a degustar del café y de los ofrecimientos gastronómicos de uno de los puntos de encuentros más populares de la capital del siglo pasado. 
afetera y la tostadora, íconos del establecimiento. 
“Para los vecinos de San Juan esto es un rayo de esperanza”, dijo la alcaldesa de la ciudad capital, Carmen Yulín Cruz. 
La directora ejecutiva de la Compañía de Turismo de Puerto Rico, Ingrid Rivera Rocafort, también se contó entre los asistentes. 
El anuncio de la reapertura se dio durante una degustación de entremeses españoles y dos vinos de la casa. En la vitrina se exhibían mayorcas y otros dulces de la pastelería española como el milhoja de guayaba, salchichas encapotadas y gató. 
Trascendió que, inicialmente, La Bombonera abrirá de martes a domingo, de 7:30 a.m. a 5:00 p.m. Se servirá desayuno, café, habrá un menú de almuerzo de 11:30 a.m. a 3:00 p.m., con tres platos de la cocina típica española y puertorriqueña, y el chocolate caliente &quot;de la casa&quot;, una novedad anunciada durante la actividad. 
Los nostálgicos podrán descansar con tranquilidad al saber que se mantendrá todo el menú original de comida y de pastelería, aunque se adaptarán las recetas originales del fundador, que fueron encontradas en una caja fuerte en el negocio. 
</post>
<signature>

</signature>
<external_links>

</external_links>
<country>US</country>
<main_image>http://rec-eph.gfrcdn.net/images/2016/05/11/crop_bombonera_2717.jpg</main_image>
</document>
