<?xml version="1.0" encoding="UTF-8"?>
<document>
<type>mainstream</type>
<forum></forum>
<forum_title></forum_title>
<discussion_title>SalesforceVoice: How To Create Your Social Media Strategy In 4 Easy Steps</discussion_title>
<language>english</language>
<gmt_offset></gmt_offset>
<topic_url>http://www.forbes.com/sites/salesforce/2016/05/12/how-to-create-your-social-media-strategy-in-4-easy-steps/{{meta.canonical}}</topic_url>
<topic_text>

</topic_text>
<spam_score>0.00</spam_score>
<post_num>1</post_num>
<post_id>post-1</post_id>
<post_url>http://www.forbes.com/sites/salesforce/2016/05/12/how-to-create-your-social-media-strategy-in-4-easy-steps/{{meta.canonical}}</post_url>
<post_date>20160512</post_date>
<post_time></post_time>
<username></username>
<post>

</post>
<signature>

</signature>
<external_links>

</external_links>
<country>US</country>
<main_image>{{meta.image}}</main_image>
</document>
