<?xml version="1.0" encoding="UTF-8"?>
<document>
<type>mainstream</type>
<forum></forum>
<forum_title></forum_title>
<discussion_title>How Loneliness Raises Your Risk of Heart Attack and Stroke | Men&apos;s Health</discussion_title>
<language>english</language>
<gmt_offset></gmt_offset>
<topic_url>http://www.menshealth.com/health/loneliness-and-heart-attack-risk</topic_url>
<topic_text>

Privacy Policy | About Us 
Each study identified what qualified as “loneliness” or “isolation” in different ways. Some asked participants to rate how alone they felt in the past day or week. Other research asked participants to describe the strength and availability of their friendships. 
They discovered that people who were less connected to others were 29 percent more likely to have a heart attack and 32 percent more likely to suffer a stroke than people who had more social interactions and relationships. 
Receive The Latest From Men&apos;s Health and Your Free Guide Best Advice (EVER!) 
You may unsubscribe at any time. Privacy Policy | About Us 
And the heart risks are greatest for people who are bothered by their lack of connections, rather than those who enjoy the solitary time alone, says lead study author Nicole Valtorta, Ph.D.(c). 
For instance, a guy who moves to a new city and leaves behind his close-knit group of coworkers may be at a greater chance of heart problems than the man who chooses to always work from home. So how exactly does loneliness lead to heart attack or stroke? For one, it messes with your sleep, says Valtorta. 
When you’re surrounded by people you know and trust, you can sleep peacefully. When you don’t have a secure social circle to protect you, you may be “on alert” more often, listening and looking out for dangers. This may affect your ability to sleep, according to research from the University of Chicago. 
Poor sleep can weaken your body’s ability to repair damage and function properly, which can stress your heart over the years, says Valorta. 
Related : The Better Man Project from Men’s Health —2,000+ Awesome Tips on How to Live Your Healthiest Life 
Loneliness and isolation can also lead to depression and anxiety, both of which have been linked to buildup of plaque in your arteries. 
The good news, though, is adding any type of human interaction to your day can help minimize the effects. 
That includes reaching out to people using technology, though it’s unclear if things like texting or Skyping are as beneficial as face-to-face contact, Valorta says. 
Fitting in other kinds of interpersonal contact can help reduce your feelings of isolation, too. Go to the cashier instead of the self-checkout line. Chat with your neighbor at the mailbox. 
</topic_text>
<spam_score>0.00</spam_score>
<post_num>1</post_num>
<post_id>post-1</post_id>
<post_url>http://www.menshealth.com/health/loneliness-and-heart-attack-risk</post_url>
<post_date>20160511</post_date>
<post_time></post_time>
<username></username>
<post>

Privacy Policy | About Us 
Each study identified what qualified as “loneliness” or “isolation” in different ways. Some asked participants to rate how alone they felt in the past day or week. Other research asked participants to describe the strength and availability of their friendships. 
They discovered that people who were less connected to others were 29 percent more likely to have a heart attack and 32 percent more likely to suffer a stroke than people who had more social interactions and relationships. 
Receive The Latest From Men&apos;s Health and Your Free Guide Best Advice (EVER!) 
You may unsubscribe at any time. Privacy Policy | About Us 
And the heart risks are greatest for people who are bothered by their lack of connections, rather than those who enjoy the solitary time alone, says lead study author Nicole Valtorta, Ph.D.(c). 
For instance, a guy who moves to a new city and leaves behind his close-knit group of coworkers may be at a greater chance of heart problems than the man who chooses to always work from home. So how exactly does loneliness lead to heart attack or stroke? For one, it messes with your sleep, says Valtorta. 
When you’re surrounded by people you know and trust, you can sleep peacefully. When you don’t have a secure social circle to protect you, you may be “on alert” more often, listening and looking out for dangers. This may affect your ability to sleep, according to research from the University of Chicago. 
Poor sleep can weaken your body’s ability to repair damage and function properly, which can stress your heart over the years, says Valorta. 
Related : The Better Man Project from Men’s Health —2,000+ Awesome Tips on How to Live Your Healthiest Life 
Loneliness and isolation can also lead to depression and anxiety, both of which have been linked to buildup of plaque in your arteries. 
The good news, though, is adding any type of human interaction to your day can help minimize the effects. 
That includes reaching out to people using technology, though it’s unclear if things like texting or Skyping are as beneficial as face-to-face contact, Valorta says. 
Fitting in other kinds of interpersonal contact can help reduce your feelings of isolation, too. Go to the cashier instead of the self-checkout line. Chat with your neighbor at the mailbox. 
</post>
<signature>

</signature>
<external_links>

</external_links>
<country>US</country>
<main_image>http://www.menshealth.com/sites/menshealth.com/files/articles/2016/05/social-calendar.jpg</main_image>
</document>
