<?xml version="1.0" encoding="UTF-8"?>
<document>
<type>mainstream</type>
<forum></forum>
<forum_title></forum_title>
<discussion_title>Bigfork Schools Searched After Hoax Bomb Threat - Flathead Beacon</discussion_title>
<language>english</language>
<gmt_offset></gmt_offset>
<topic_url>http://flatheadbeacon.com/2016/05/12/bigfork-schools-searched-after-bomb-threat-hoax/</topic_url>
<topic_text>
Bigfork Schools Searched After Hoax Bomb Threat The search was completed late Wednesday night with no credible threat identified SHOW CAPTION 
An unfounded bomb threat at Bigfork High School on Wednesday prompted a search by the Flathead County Sheriff’s Office and detection dogs. 
Superintendent Matt Jensen said he was made aware of a threat written on the wall of a science lab in the high school around 3 p.m., May 11. School was not in session at the time but community groups and some students were at the site and were evacuated. School officials contacted the sheriff’s office and both the high school and adjacent middle school were closed while a search commenced, Jensen said. A private K-9 detection team was also brought in for the search. 
The search was completed around 10 p.m. with no credible threat identified, and Jensen sent out a message to parents in Bigfork informing them of the “hoax.” 
“There was no credibility to it. It was a hoax. We’ll continue to investigate the origins of the threat and communicate with that individual that these types of things are not to be taken lightly and are completely inappropriate,” Jensen said. Show Comments 
</topic_text>
<spam_score>0.00</spam_score>
<post_num>1</post_num>
<post_id>post-1</post_id>
<post_url>http://flatheadbeacon.com/2016/05/12/bigfork-schools-searched-after-bomb-threat-hoax/</post_url>
<post_date>20160512</post_date>
<post_time></post_time>
<username>Dillon Tabish</username>
<post>
Bigfork Schools Searched After Hoax Bomb Threat The search was completed late Wednesday night with no credible threat identified SHOW CAPTION 
An unfounded bomb threat at Bigfork High School on Wednesday prompted a search by the Flathead County Sheriff’s Office and detection dogs. 
Superintendent Matt Jensen said he was made aware of a threat written on the wall of a science lab in the high school around 3 p.m., May 11. School was not in session at the time but community groups and some students were at the site and were evacuated. School officials contacted the sheriff’s office and both the high school and adjacent middle school were closed while a search commenced, Jensen said. A private K-9 detection team was also brought in for the search. 
The search was completed around 10 p.m. with no credible threat identified, and Jensen sent out a message to parents in Bigfork informing them of the “hoax.” 
“There was no credibility to it. It was a hoax. We’ll continue to investigate the origins of the threat and communicate with that individual that these types of things are not to be taken lightly and are completely inappropriate,” Jensen said. Show Comments 
</post>
<signature>

</signature>
<external_links>

</external_links>
<country>US</country>
<main_image>http://flatheadbeacon.com/wp-content/uploads/2016/05/20141006_BHS_003.jpg</main_image>
</document>
