<?xml version="1.0" encoding="UTF-8"?>
<document>
<type>mainstream</type>
<forum>http://www.cbs8.com/category/307361/business-wire</forum>
<forum_title>Business Wire - CBS News 8 - San Diego, CA News Station - KFMB Channel 8</forum_title>
<discussion_title>Fitch Affirms Preferred Shares of Three Neuberger Berman Funds at &apos;AA&apos;</discussion_title>
<language>english</language>
<gmt_offset></gmt_offset>
<topic_url>http://www.cbs8.com/story/31956917/fitch-affirms-preferred-shares-of-three-neuberger-berman-funds-at-aa</topic_url>
<topic_text>
NEW YORK --(BUSINESS WIRE) Fitch Ratings affirms the &apos;AA&apos; long-term ratings assigned to the following Variable Rate Municipal Term Preferred Shares (VMTP Shares) issued by three closed-end funds managed by Neuberger Berman Management LLC (the Advisor):
Neuberger Berman Intermediate Municipal Fund Inc. (NYSE MKT: NBH)
--$179,400,000 of Series A VMTP affirmed at &apos;AA&apos;.
Neuberger Berman New York Intermediate Municipal Fund Inc. (NYSE MKT: NBO)
--$48,300,000 of Series A VMTP affirmed at &apos;AA&apos;.
Neuberger Berman California Intermediate Municipal Fund Inc. (NYSE MKT: NBW)
--$59,000,000 of Series A VMTP affirmed at &apos;AA&apos;.
KEY RATING DRIVERS
The &apos;AA&apos; long-term ratings primarily reflect:
--Sufficient asset coverage provided to the VMTP shares as calculated per the fund&apos;s over-collateralization (OC) tests;
--The structural protections afforded by mandatory collateral maintenance and de-leveraging provisions in the event of asset coverage declines;
--The legal and regulatory parameters that govern the fund&apos;s operations;
--The capabilities of Neuberger Berman as investment manager.
FUND PROFILES
All three funds are closed-end management investment companies regulated by the Investment Company Act of 1940. NBH&apos;s investment objective is to provide common stockholders a high level of current income exempt from federal income tax. NBO&apos;s investment objective is to provide common stockholders a high level of current income exempt from federal income tax and New York State and New York City personal income taxes. NBW&apos;s investment objective is to provide common stockholders a high level of current income exempt from federal income tax and California personal income tax.
All three funds may invest up to 20% in below investment grade and/or unrated securities. As of March 31, 2016, NBH had about $484 million in total assets, NBO had about $123 million in total assets and NBW had $146 million in total assets.
FUND LEVERAGE
As of March 31, 2016, NBH total leverage consisted of approximately $179 million of VMTP Shares and the effective leverage ratio was about 37%; NBO total leverage consisted of approximately $48 million of VMTP Shares and the effective leverage ratio was about 39% and NBW total leverage consisted of $59 million of VMTP Shares and the effective leverage ratio was about 40%.
ASSET COVERAGE
As of March 31, 2016, the funds&apos; asset coverage ratios for the VMTP shares, as calculated in accordance with the &apos;AA&apos; Fitch total and net over-collateralization tests (Fitch OC Tests) outlined in Fitch&apos;s criteria, were in excess of 100%. This is the minimum threshold required under the terms of the VMTP shares.
Also as of March 31, 2016, the asset coverage ratio for each fund, as calculated in accordance with the Investment Company Act of 1940 (Asset Coverage Test) at current market value, was in excess 225%. This is also the minimum asset coverage threshold required under the terms of the VMTP shares.
Finally, as of March 31, 2016, the effective leverage ratio (Effective Leverage Test) also calculated at current market value, was below 50%. This is the maximum leverage threshold allowed under the terms of the preferred shares (51% if the increase in the ratio is due exclusively to asset market value volatility).
In the event of breaches to any of the above thresholds, the funds are required to restore compliance per structural protections described below.
STRUCTURAL PROTECTIONS
Compliance with the Fitch OC, Asset Coverage and Effective Leverage thresholds is tested periodically. The fund manager is expected to cure any breach by altering the composition of the portfolio toward assets with lower discount factors (for Fitch OC Test breaches), or by reducing leverage in a sufficient amount (for all other breaches) within a pre-specified time period.
For Fitch OC, Asset Coverage and Effective Leverage Tests, the maximum market value exposures (i.e. valuation, cure and redemption) that preferred shareholders would be exposed to before cure or redemption is within Fitch&apos;s 60 business day criteria guideline.
THE ADVISOR
Neuberger Berman Investment Advisers LLC is an indirect subsidiary of Neuberger Berman Group LLC, which is a private, independent, employee-controlled investment manager founded in 1939. The firm has more than 1,900 employees and managed $243 billion in assets across equities, fixed income, and other alternative investments as of April 30, 2016.
RATING SENSITIVITIES
The ratings assigned to the VMTP shares may be sensitive to material changes in the leverage composition, portfolio credit quality or market risk of the fund, as described above. A material adverse deviation from Fitch guidelines for any key rating driver could cause ratings to be lowered by Fitch.
Additional information is available on www.fitchratings.com
Applicable Criteria
Rating Closed-End Fund Debt and Preferred Stock (pub. 16 Sep 2015)
https://www.fitchratings.com/creditdesk/reports/report_frame.cfm?rpt_id=871119
Additional Disclosures
Dodd-Frank Rating Information Disclosure Form
https://www.fitchratings.com/creditdesk/press_releases/content/ridf_frame.cfm?pr_id=1004371
Solicitation Status
https://www.fitchratings.com/gws/en/disclosure/solicitation?pr_id=1004371
Endorsement Policy
https://www.fitchratings.com/jsp/creditdesk/PolicyRegulation.faces?context=2&amp;detail=31
ALL FITCH CREDIT RATINGS ARE SUBJECT TO CERTAIN LIMITATIONS AND DISCLAIMERS. PLEASE READ THESE LIMITATIONS AND DISCLAIMERS BY FOLLOWING THIS LINK: HTTP://FITCHRATINGS.COM/UNDERSTANDINGCREDITRATINGS . IN ADDITION, RATING DEFINITIONS AND THE TERMS OF USE OF SUCH RATINGS ARE AVAILABLE ON THE AGENCY&apos;S PUBLIC WEBSITE &apos; WWW.FITCHRATINGS.COM &apos;. PUBLISHED RATINGS, CRITERIA AND METHODOLOGIES ARE AVAILABLE FROM THIS SITE AT ALL TIMES. FITCH&apos;S CODE OF CONDUCT, CONFIDENTIALITY, CONFLICTS OF INTEREST, AFFILIATE FIREWALL, COMPLIANCE AND OTHER RELEVANT POLICIES AND PROCEDURES ARE ALSO AVAILABLE FROM THE &apos;CODE OF CONDUCT&apos; SECTION OF THIS SITE. FITCH MAY HAVE PROVIDED ANOTHER PERMISSIBLE SERVICE TO THE RATED ENTITY OR ITS RELATED THIRD PARTIES. DETAILS OF THIS SERVICE FOR RATINGS FOR WHICH THE LEAD ANALYST IS BASED IN AN EU-REGISTERED ENTITY CAN BE FOUND ON THE ENTITY SUMMARY PAGE FOR THIS ISSUER ON THE FITCH WEBSITE.
 //www.businesswire.com/news/home/20160512005883/en/
Fitch Ratings
Primary Analyst
Ralph Aurora
Senior Director
+1-212-908-0528
Fitch Ratings, Inc.
33 Whitehall Street
New York, NY 10004
or
Secondary Analyst
Chelsea Nguyen
Analyst
+1-646-582-4917
or
Committee Chairperson
Davie Rodriguez, CFA
Senior Director
+1-212-908-0386
or
Media Relations:
Hannah James, +1 646-582-4947
hannah.james@fitchratings.com
 
</topic_text>
<spam_score>0.00</spam_score>
<post_num>1</post_num>
<post_id>post-1</post_id>
<post_url>http://www.cbs8.com/story/31956917/fitch-affirms-preferred-shares-of-three-neuberger-berman-funds-at-aa</post_url>
<post_date>20160512</post_date>
<post_time>1021</post_time>
<username>cbs8</username>
<post>
NEW YORK --(BUSINESS WIRE) Fitch Ratings affirms the &apos;AA&apos; long-term ratings assigned to the following Variable Rate Municipal Term Preferred Shares (VMTP Shares) issued by three closed-end funds managed by Neuberger Berman Management LLC (the Advisor):
Neuberger Berman Intermediate Municipal Fund Inc. (NYSE MKT: NBH)
--$179,400,000 of Series A VMTP affirmed at &apos;AA&apos;.
Neuberger Berman New York Intermediate Municipal Fund Inc. (NYSE MKT: NBO)
--$48,300,000 of Series A VMTP affirmed at &apos;AA&apos;.
Neuberger Berman California Intermediate Municipal Fund Inc. (NYSE MKT: NBW)
--$59,000,000 of Series A VMTP affirmed at &apos;AA&apos;.
KEY RATING DRIVERS
The &apos;AA&apos; long-term ratings primarily reflect:
--Sufficient asset coverage provided to the VMTP shares as calculated per the fund&apos;s over-collateralization (OC) tests;
--The structural protections afforded by mandatory collateral maintenance and de-leveraging provisions in the event of asset coverage declines;
--The legal and regulatory parameters that govern the fund&apos;s operations;
--The capabilities of Neuberger Berman as investment manager.
FUND PROFILES
All three funds are closed-end management investment companies regulated by the Investment Company Act of 1940. NBH&apos;s investment objective is to provide common stockholders a high level of current income exempt from federal income tax. NBO&apos;s investment objective is to provide common stockholders a high level of current income exempt from federal income tax and New York State and New York City personal income taxes. NBW&apos;s investment objective is to provide common stockholders a high level of current income exempt from federal income tax and California personal income tax.
All three funds may invest up to 20% in below investment grade and/or unrated securities. As of March 31, 2016, NBH had about $484 million in total assets, NBO had about $123 million in total assets and NBW had $146 million in total assets.
FUND LEVERAGE
As of March 31, 2016, NBH total leverage consisted of approximately $179 million of VMTP Shares and the effective leverage ratio was about 37%; NBO total leverage consisted of approximately $48 million of VMTP Shares and the effective leverage ratio was about 39% and NBW total leverage consisted of $59 million of VMTP Shares and the effective leverage ratio was about 40%.
ASSET COVERAGE
As of March 31, 2016, the funds&apos; asset coverage ratios for the VMTP shares, as calculated in accordance with the &apos;AA&apos; Fitch total and net over-collateralization tests (Fitch OC Tests) outlined in Fitch&apos;s criteria, were in excess of 100%. This is the minimum threshold required under the terms of the VMTP shares.
Also as of March 31, 2016, the asset coverage ratio for each fund, as calculated in accordance with the Investment Company Act of 1940 (Asset Coverage Test) at current market value, was in excess 225%. This is also the minimum asset coverage threshold required under the terms of the VMTP shares.
Finally, as of March 31, 2016, the effective leverage ratio (Effective Leverage Test) also calculated at current market value, was below 50%. This is the maximum leverage threshold allowed under the terms of the preferred shares (51% if the increase in the ratio is due exclusively to asset market value volatility).
In the event of breaches to any of the above thresholds, the funds are required to restore compliance per structural protections described below.
STRUCTURAL PROTECTIONS
Compliance with the Fitch OC, Asset Coverage and Effective Leverage thresholds is tested periodically. The fund manager is expected to cure any breach by altering the composition of the portfolio toward assets with lower discount factors (for Fitch OC Test breaches), or by reducing leverage in a sufficient amount (for all other breaches) within a pre-specified time period.
For Fitch OC, Asset Coverage and Effective Leverage Tests, the maximum market value exposures (i.e. valuation, cure and redemption) that preferred shareholders would be exposed to before cure or redemption is within Fitch&apos;s 60 business day criteria guideline.
THE ADVISOR
Neuberger Berman Investment Advisers LLC is an indirect subsidiary of Neuberger Berman Group LLC, which is a private, independent, employee-controlled investment manager founded in 1939. The firm has more than 1,900 employees and managed $243 billion in assets across equities, fixed income, and other alternative investments as of April 30, 2016.
RATING SENSITIVITIES
The ratings assigned to the VMTP shares may be sensitive to material changes in the leverage composition, portfolio credit quality or market risk of the fund, as described above. A material adverse deviation from Fitch guidelines for any key rating driver could cause ratings to be lowered by Fitch.
Additional information is available on www.fitchratings.com
Applicable Criteria
Rating Closed-End Fund Debt and Preferred Stock (pub. 16 Sep 2015)
https://www.fitchratings.com/creditdesk/reports/report_frame.cfm?rpt_id=871119
Additional Disclosures
Dodd-Frank Rating Information Disclosure Form
https://www.fitchratings.com/creditdesk/press_releases/content/ridf_frame.cfm?pr_id=1004371
Solicitation Status
https://www.fitchratings.com/gws/en/disclosure/solicitation?pr_id=1004371
Endorsement Policy
https://www.fitchratings.com/jsp/creditdesk/PolicyRegulation.faces?context=2&amp;detail=31
ALL FITCH CREDIT RATINGS ARE SUBJECT TO CERTAIN LIMITATIONS AND DISCLAIMERS. PLEASE READ THESE LIMITATIONS AND DISCLAIMERS BY FOLLOWING THIS LINK: HTTP://FITCHRATINGS.COM/UNDERSTANDINGCREDITRATINGS . IN ADDITION, RATING DEFINITIONS AND THE TERMS OF USE OF SUCH RATINGS ARE AVAILABLE ON THE AGENCY&apos;S PUBLIC WEBSITE &apos; WWW.FITCHRATINGS.COM &apos;. PUBLISHED RATINGS, CRITERIA AND METHODOLOGIES ARE AVAILABLE FROM THIS SITE AT ALL TIMES. FITCH&apos;S CODE OF CONDUCT, CONFIDENTIALITY, CONFLICTS OF INTEREST, AFFILIATE FIREWALL, COMPLIANCE AND OTHER RELEVANT POLICIES AND PROCEDURES ARE ALSO AVAILABLE FROM THE &apos;CODE OF CONDUCT&apos; SECTION OF THIS SITE. FITCH MAY HAVE PROVIDED ANOTHER PERMISSIBLE SERVICE TO THE RATED ENTITY OR ITS RELATED THIRD PARTIES. DETAILS OF THIS SERVICE FOR RATINGS FOR WHICH THE LEAD ANALYST IS BASED IN AN EU-REGISTERED ENTITY CAN BE FOUND ON THE ENTITY SUMMARY PAGE FOR THIS ISSUER ON THE FITCH WEBSITE.
 //www.businesswire.com/news/home/20160512005883/en/
Fitch Ratings
Primary Analyst
Ralph Aurora
Senior Director
+1-212-908-0528
Fitch Ratings, Inc.
33 Whitehall Street
New York, NY 10004
or
Secondary Analyst
Chelsea Nguyen
Analyst
+1-646-582-4917
or
Committee Chairperson
Davie Rodriguez, CFA
Senior Director
+1-212-908-0386
or
Media Relations:
Hannah James, +1 646-582-4947
hannah.james@fitchratings.com
 
</post>
<signature>

</signature>
<external_links>
<external_link>http://purl.org/rss/1.0/modules/content/</external_link><external_link>https://www.fitchratings.com/creditdesk/reports/report_frame.cfm?rpt_id=871119</external_link><external_link>HTTP://FITCHRATINGS.COM/UNDERSTANDINGCREDITRATINGS</external_link><external_link>http://cts.businesswire.com/ct/CT?id=smartlink&amp;url=https%3A%2F%2Fwww.fitchratings.com%2Fcreditdesk%2Fpress_releases%2Fcontent%2Fridf_frame.cfm%3Fpr_id%3D1004371&amp;esheet=51341311&amp;newsitemid=20160512005883&amp;lan=en-US&amp;anchor=https%3A%2F%2Fwww.fitchratings.com%2Fcreditdesk%2Fpress_releases%2Fcontent%2Fridf_frame.cfm%3Fpr_id%3D1004371&amp;index=3&amp;md5=178a557960ac79078be76e97964b1b9b</external_link><external_link>http://cts.businesswire.com/ct/CT?id=smartlink&amp;url=HTTP%3A%2F%2FFITCHRATINGS.COM%2FUNDERSTANDINGCREDITRATINGS&amp;esheet=51341311&amp;newsitemid=20160512005883&amp;lan=en-US&amp;anchor=HTTP%3A%2F%2FFITCHRATINGS.COM%2FUNDERSTANDINGCREDITRATINGS&amp;index=6&amp;md5=9a7101886b7f99e0b4115966250da428</external_link><external_link>http://cts.businesswire.com/ct/CT?id=smartlink&amp;url=https%3A%2F%2Fwww.fitchratings.com%2Fcreditdesk%2Freports%2Freport_frame.cfm%3Frpt_id%3D871119&amp;esheet=51341311&amp;newsitemid=20160512005883&amp;lan=en-US&amp;anchor=https%3A%2F%2Fwww.fitchratings.com%2Fcreditdesk%2Freports%2Freport_frame.cfm%3Frpt_id%3D871119&amp;index=2&amp;md5=6bee813cb2cdf7b9a233af97926f7041</external_link><external_link>http://cts.businesswire.com/ct/CT?id=smartlink&amp;url=https%3A%2F%2Fwww.fitchratings.com%2Fjsp%2Fcreditdesk%2FPolicyRegulation.faces%3Fcontext%3D2%26detail%3D31&amp;esheet=51341311&amp;newsitemid=20160512005883&amp;lan=en-US&amp;anchor=https%3A%2F%2Fwww.fitchratings.com%2Fjsp%2Fcreditdesk%2FPolicyRegulation.faces%3Fcontext%3D2%26detail%3D31&amp;index=5&amp;md5=de7b2e3f4486b26ff814e38524ff197c</external_link><external_link>http://www.businesswire.com/news/home/20160512005883/en/</external_link><external_link>http://cts.businesswire.com/ct/CT?id=smartlink&amp;url=http%3A%2F%2FWWW.FITCHRATINGS.COM&amp;esheet=51341311&amp;newsitemid=20160512005883&amp;lan=en-US&amp;anchor=WWW.FITCHRATINGS.COM&amp;index=7&amp;md5=15d11053315c48ee24769424d04469e4</external_link><external_link>http://cts.businesswire.com/ct/CT?id=smartlink&amp;url=http%3A%2F%2Fwww.fitchratings.com&amp;esheet=51341311&amp;newsitemid=20160512005883&amp;lan=en-US&amp;anchor=www.fitchratings.com&amp;index=1&amp;md5=18d896a63ea99eeea4b1bbec9f539049</external_link><external_link>https://www.fitchratings.com/gws/en/disclosure/solicitation?pr_id=1004371</external_link><external_link>https://www.fitchratings.com/jsp/creditdesk/PolicyRegulation.faces?context=2&amp;detail=31</external_link><external_link>http://cts.businesswire.com/ct/CT?id=bwnews&amp;sty=20160512005883r1&amp;sid=56987&amp;distro=ftp</external_link><external_link>https://www.fitchratings.com/creditdesk/press_releases/content/ridf_frame.cfm?pr_id=1004371</external_link><external_link>http://cts.businesswire.com/ct/CT?id=smartlink&amp;url=https%3A%2F%2Fwww.fitchratings.com%2Fgws%2Fen%2Fdisclosure%2Fsolicitation%3Fpr_id%3D1004371&amp;esheet=51341311&amp;newsitemid=20160512005883&amp;lan=en-US&amp;anchor=https%3A%2F%2Fwww.fitchratings.com%2Fgws%2Fen%2Fdisclosure%2Fsolicitation%3Fpr_id%3D1004371&amp;index=4&amp;md5=c30b87484f8cd274ec1dded28511886f</external_link>
</external_links>
<country>US</country>
<main_image></main_image>
</document>
