<?xml version="1.0" encoding="UTF-8"?>
<document>
<type>mainstream</type>
<forum>http://feeds.releasewire.com/rss/latest</forum>
<forum_title>ReleaseWire - Latest Press Releases</forum_title>
<discussion_title>Global Discovery Stage Partnering Terms and Agreements in Pharma and Biotech 2010- 2016: New Research Report Available</discussion_title>
<language>english</language>
<gmt_offset></gmt_offset>
<topic_url>http://www.sbwire.com/press-releases/global-discovery-stage-partnering-terms-agreements-pharma-biotech-687909.htm</topic_url>
<topic_text>
RSS Global Discovery Stage Partnering Terms and Agreements in Pharma and Biotech 2010- 2016: New Research Report Available Fast Market Research announces the availability of the new Current Partnering report, &quot;Global Discovery Stage Partnering Terms and Agreements in Pharma and Biotech 2010- 2016&quot;, on their comprehensive research portal 
Boston, MA -- ( SBWIRE ) -- 05/12/2016 -- The Global Discovery Stage Partnering Terms and Agreements in Pharma and Biotech 2010-2016 report. The report provides a detailed understanding and analysis of how, why and on what terms companies enter discovery stage partnering deals. These deals are discovery stage whereby the licensee obtains a right or an option right to license the licensors product or technology. These deals tend to be multicomponent, starting with collaborative R&amp;D, and commercialization of outcomes. This report provides details of the latest discovery agreements announced in the healthcare sector. Understanding the flexibility of a prospective partner&apos;s negotiated deals terms provides critical insight into the negotiation process in terms of what you can expect to achieve during the negotiation of terms. Whilst many smaller companies will be seeking details of the payments clauses, the devil is in the detail in terms of how payments are triggered - contract documents provide this insight where press releases and databases do not. Get More Details on this Report and a Full Table of Contents at Global Discovery Stage Partnering Terms and Agreements in Pharma and Biotech 2010- 2016 This report contains a comprehensive listing of all discovery stage partnering deals announced since 2010 including financial terms where available including over 3,000 links to online deal records of actual discovery partnering deals as disclosed by the deal parties. In addition, where available, records include contract documents as submitted to the Securities Exchange Commission by companies and their partners. Contract documents provide the answers to numerous questions about a prospective partner&apos;s flexibility on a wide range of important issues, many of which will have a significant impact on each party&apos;s ability to derive value from the deal. The initial chapters of this report provide an orientation of discovery stage deal making and business activities. Chapter 1 provides an introduction to the report, whilst chapter 2 provides an overview of why companies partner discovery stage compounds/products. Chapter 3 provides an overview of discovery stage deals strategy and deal structure including numerous case studies. Chapter 4 provides an overview of the various payment strategies used in discovery stage deals. Chapter 5 provides a review of discovery stage deal making since 2010. Deals activity is reviewed by year, therapeutic area, technology type, as well as most active dealmakers. Chapter 6 provides a detailed analysis of discovery stage payment terms including headline, upfront, milestone and royalty rates. Chapter 7 provides a review of the leading discovery stage deal by headline value. Each deal title links via Current Agreements deals and alliances database to an online version of the full deal record, and where available, the actual contract document, providing easy access to each deal record on demand. Chapter 8 provides a comprehensive listing of the top 50 most active discovery stage dealmaker companies. Each deal title links via Current Agreements deals and alliances database to an online version of the full deal record, and where available, the actual contract document, providing easy access to each deal record on demand. Chapter 9 provides a comprehensive and detailed review of discovery stage partnering deals signed and announced since 2010, where a contract document is available in the public domain. Chapter 10 provides a comprehensive directory of discovery stage partnering deals since 2010. The report includes deals announced by hundreds of life science companies including big pharma such as Abbott, Abbvie, Actavis, Amgen, Astellas, AstraZeneca, Baxter, Bayer, Biogen Idec, BMS, Celgene, Eisai, Eli Lilly, Gilead, GSK, J&amp;J, Kyowa Hakko, Merck, Mitsubishi, Mylan, Novartis, Pfizer, Roche, Sanofi, Shire, Takeda, Teva, and Valeant, amongst many others. The report also includes numerous tables and figures that illustrate the trends and activities in discovery stage partnering and deal making since 2010. In addition, a comprehensive appendix of all discovery deals since 2010 is provided organized by partnering company A-Z, deal type, therapy focus and technology type. Each deal title links via Weblink to an online version of the deal record and where available, the contract document, providing easy access to each contract document on demand. In conclusion, this report provides everything a prospective dealmaker needs to know about partnering in the research, development and commercialization of discovery stage products and compounds. Key benefits Global Discovery Stage Partnering Terms and Agreements in Pharma and Biotech 2010-2016 provide the reader with the following key benefits: In-depth understanding of discovery stage deal trends since 2010 Access to headline, upfront, milestone and royalty data About Fast Market Research Fast Market Research is a leading distributor of market research and business information. Representing the world&apos;s top research publishers and analysts, we provide quick and easy access to the best competitive intelligence available. Our unbiased, expert staff is always available to help you find the right research to fit your requirements and your budget. For more information about these or related research reports, please visit our website at http://www.fastmr.com or call us at 1.800.844.8156. Browse all Pharmaceuticals research reports at Fast Market Research You may also be interested in these related reports:
</topic_text>
<spam_score>0.00</spam_score>
<post_num>1</post_num>
<post_id>post-1</post_id>
<post_url>http://www.sbwire.com/press-releases/global-discovery-stage-partnering-terms-agreements-pharma-biotech-687909.htm</post_url>
<post_date>20160512</post_date>
<post_time>1551</post_time>
<username></username>
<post>
RSS Global Discovery Stage Partnering Terms and Agreements in Pharma and Biotech 2010- 2016: New Research Report Available Fast Market Research announces the availability of the new Current Partnering report, &quot;Global Discovery Stage Partnering Terms and Agreements in Pharma and Biotech 2010- 2016&quot;, on their comprehensive research portal 
Boston, MA -- ( SBWIRE ) -- 05/12/2016 -- The Global Discovery Stage Partnering Terms and Agreements in Pharma and Biotech 2010-2016 report. The report provides a detailed understanding and analysis of how, why and on what terms companies enter discovery stage partnering deals. These deals are discovery stage whereby the licensee obtains a right or an option right to license the licensors product or technology. These deals tend to be multicomponent, starting with collaborative R&amp;D, and commercialization of outcomes. This report provides details of the latest discovery agreements announced in the healthcare sector. Understanding the flexibility of a prospective partner&apos;s negotiated deals terms provides critical insight into the negotiation process in terms of what you can expect to achieve during the negotiation of terms. Whilst many smaller companies will be seeking details of the payments clauses, the devil is in the detail in terms of how payments are triggered - contract documents provide this insight where press releases and databases do not. Get More Details on this Report and a Full Table of Contents at Global Discovery Stage Partnering Terms and Agreements in Pharma and Biotech 2010- 2016 This report contains a comprehensive listing of all discovery stage partnering deals announced since 2010 including financial terms where available including over 3,000 links to online deal records of actual discovery partnering deals as disclosed by the deal parties. In addition, where available, records include contract documents as submitted to the Securities Exchange Commission by companies and their partners. Contract documents provide the answers to numerous questions about a prospective partner&apos;s flexibility on a wide range of important issues, many of which will have a significant impact on each party&apos;s ability to derive value from the deal. The initial chapters of this report provide an orientation of discovery stage deal making and business activities. Chapter 1 provides an introduction to the report, whilst chapter 2 provides an overview of why companies partner discovery stage compounds/products. Chapter 3 provides an overview of discovery stage deals strategy and deal structure including numerous case studies. Chapter 4 provides an overview of the various payment strategies used in discovery stage deals. Chapter 5 provides a review of discovery stage deal making since 2010. Deals activity is reviewed by year, therapeutic area, technology type, as well as most active dealmakers. Chapter 6 provides a detailed analysis of discovery stage payment terms including headline, upfront, milestone and royalty rates. Chapter 7 provides a review of the leading discovery stage deal by headline value. Each deal title links via Current Agreements deals and alliances database to an online version of the full deal record, and where available, the actual contract document, providing easy access to each deal record on demand. Chapter 8 provides a comprehensive listing of the top 50 most active discovery stage dealmaker companies. Each deal title links via Current Agreements deals and alliances database to an online version of the full deal record, and where available, the actual contract document, providing easy access to each deal record on demand. Chapter 9 provides a comprehensive and detailed review of discovery stage partnering deals signed and announced since 2010, where a contract document is available in the public domain. Chapter 10 provides a comprehensive directory of discovery stage partnering deals since 2010. The report includes deals announced by hundreds of life science companies including big pharma such as Abbott, Abbvie, Actavis, Amgen, Astellas, AstraZeneca, Baxter, Bayer, Biogen Idec, BMS, Celgene, Eisai, Eli Lilly, Gilead, GSK, J&amp;J, Kyowa Hakko, Merck, Mitsubishi, Mylan, Novartis, Pfizer, Roche, Sanofi, Shire, Takeda, Teva, and Valeant, amongst many others. The report also includes numerous tables and figures that illustrate the trends and activities in discovery stage partnering and deal making since 2010. In addition, a comprehensive appendix of all discovery deals since 2010 is provided organized by partnering company A-Z, deal type, therapy focus and technology type. Each deal title links via Weblink to an online version of the deal record and where available, the contract document, providing easy access to each contract document on demand. In conclusion, this report provides everything a prospective dealmaker needs to know about partnering in the research, development and commercialization of discovery stage products and compounds. Key benefits Global Discovery Stage Partnering Terms and Agreements in Pharma and Biotech 2010-2016 provide the reader with the following key benefits: In-depth understanding of discovery stage deal trends since 2010 Access to headline, upfront, milestone and royalty data About Fast Market Research Fast Market Research is a leading distributor of market research and business information. Representing the world&apos;s top research publishers and analysts, we provide quick and easy access to the best competitive intelligence available. Our unbiased, expert staff is always available to help you find the right research to fit your requirements and your budget. For more information about these or related research reports, please visit our website at http://www.fastmr.com or call us at 1.800.844.8156. Browse all Pharmaceuticals research reports at Fast Market Research You may also be interested in these related reports:
</post>
<signature>

</signature>
<external_links>

</external_links>
<country>US</country>
<main_image>http://media.releasewire.com/photos/show/?id=90667</main_image>
</document>
