<?xml version="1.0" encoding="UTF-8"?>
<document>
<type>mainstream</type>
<forum>http://www.business-standard.com/rss/b2b-connect-156.rss</forum>
<forum_title>B2B Connect</forum_title>
<discussion_title>AMRI buys Italian API maker Euticals for $ 358 mn</discussion_title>
<language>english</language>
<gmt_offset></gmt_offset>
<topic_url>http://www.business-standard.com/content/b2b-pharma/amri-buys-italian-api-maker-euticals-for-358-mn-116051000888_1.html</topic_url>
<topic_text>
AMRI has signed a definitive agreement to acquire Prime European Therapeuticals SpA, also known as Euticals, in a transaction valued at approximately $ 358 million (Euro 315 million), consisting of shares of AMRI common stock, cash, and a seller note.
 
Euticals is a privately-held company headquartered in Lodi (Italy), specialising in custom synthesis and the manufacture of active pharmaceutical ingredients (APIs). It operates a network of API facilities primarily in Italy, Germany, US and France.
 
&quot;The acquisition of Euticals will provide us an established custom synthesis presence in Europe and will further build on our expertise in complex APIs, positioning AMRI as a preeminent provider of contract research, development and manufacturing services to the pharmaceutical industry,” said William Marth, president and chief executive officer, AMRI.
 
Euticals&apos; expertise with niche and high barrier to entry technologies and products, including certain tetracyclines, monobactams, sterile and fermented APIs and controlled substances, will be an asset to AMRI. Additionally, Euticals&apos; large base of over 400 customers will provide AMRI with a number of new large pharma, biotech and generics partners, further extending its global reach and diversifying the revenue.
 
Albany Molecular Research Inc (AMRI), a global contract research and manufacturing organisation, has been working with the life sciences industry to improve patient outcomes and the quality of life for more than two decades. With locations in North America, Europe and Asia, its key business segments include discovery and development services (DDS), active pharmaceutical ingredients (API), and drug product manufacturing (DPM).  BS B2B Bureau Business Standard http://bsmedia.business-standard.com/_media/bs/wap/images/bs_logo_amp.png 177 22 ThingsMeet Solutions launches healthcare app Prescribez Special on B2B   A Commercial Feature Business Standard
</topic_text>
<spam_score>0.00</spam_score>
<post_num>1</post_num>
<post_id>post-1</post_id>
<post_url>http://www.business-standard.com/content/b2b-pharma/amri-buys-italian-api-maker-euticals-for-358-mn-116051000888_1.html</post_url>
<post_date>20160506</post_date>
<post_time></post_time>
<username>BS B2B Bureau</username>
<post>
AMRI has signed a definitive agreement to acquire Prime European Therapeuticals SpA, also known as Euticals, in a transaction valued at approximately $ 358 million (Euro 315 million), consisting of shares of AMRI common stock, cash, and a seller note.
 
Euticals is a privately-held company headquartered in Lodi (Italy), specialising in custom synthesis and the manufacture of active pharmaceutical ingredients (APIs). It operates a network of API facilities primarily in Italy, Germany, US and France.
 
&quot;The acquisition of Euticals will provide us an established custom synthesis presence in Europe and will further build on our expertise in complex APIs, positioning AMRI as a preeminent provider of contract research, development and manufacturing services to the pharmaceutical industry,” said William Marth, president and chief executive officer, AMRI.
 
Euticals&apos; expertise with niche and high barrier to entry technologies and products, including certain tetracyclines, monobactams, sterile and fermented APIs and controlled substances, will be an asset to AMRI. Additionally, Euticals&apos; large base of over 400 customers will provide AMRI with a number of new large pharma, biotech and generics partners, further extending its global reach and diversifying the revenue.
 
Albany Molecular Research Inc (AMRI), a global contract research and manufacturing organisation, has been working with the life sciences industry to improve patient outcomes and the quality of life for more than two decades. With locations in North America, Europe and Asia, its key business segments include discovery and development services (DDS), active pharmaceutical ingredients (API), and drug product manufacturing (DPM).  BS B2B Bureau Business Standard http://bsmedia.business-standard.com/_media/bs/wap/images/bs_logo_amp.png 177 22 ThingsMeet Solutions launches healthcare app Prescribez Special on B2B   A Commercial Feature Business Standard
</post>
<signature>

</signature>
<external_links>

</external_links>
<country>IN</country>
<main_image>http://bsmedia.business-standard.com/_media/bs/img/article/2015-01/12/full/1421065824-9035.jpg</main_image>
</document>
