<?xml version="1.0" encoding="UTF-8"?>
<document>
<type>mainstream</type>
<forum>http://news.morningstar.com/all/source/canada-news-wire.aspx</forum>
<forum_title>Press Releases Archive: Canada NewsWire</forum_title>
<discussion_title>Media Advisory - YVR Hosts its Annual Public Meeting</discussion_title>
<language>english</language>
<gmt_offset></gmt_offset>
<topic_url>http://news.morningstar.com/all/canada-news-wire/20160512C8614/media-advisory-yvr-hosts-its-annual-public-meeting.aspx</topic_url>
<topic_text>
Media Advisory - YVR Hosts its Annual Public Meeting Canada NewsWire
RICHMOND, BC, May 12, 2016
RICHMOND, BC , May 12, 2016 /CNW/ - Vancouver Airport Authority will host its Annual Public Meeting on Thursday, May 12 , at 3:30 p.m. Mary Jordan , Chair of the Board of Directors; Craig Richmond , President &amp; CEO; senior executives and YVR employees will present on activities and results from 2015, including key highlights such as new air services and the recent sale of YVR&apos;s subsidiary, Vantage Airport Group.
A hard copy of YVR&apos;s 2015 Sustainability Report will be available to all attendees at the meeting. The report contains in-depth information on YVR under our four pillars of sustainability: economic, social, environment and governance. The full 2015 Sustainability Report is available online at yvr.ca .
Date :
Thursday, May 12, 2015
Time :
3:00 p.m. Media registration
3:30 p.m. Meeting begins
5:00 p.m. Meeting ends
Location :
U.S. Check-in, Departures Level 3
International Terminal Building (Underneath Fairmont Vancouver Airport)
Vancouver International Airport
At the conclusion of the meeting, the President &amp; CEO and members of the executive team will be available for media interviews and questions from the public; we are also taking questions by email and through Twitter. A live stream of the meeting will be available on yvr.ca, under Annual Public Meeting .
Parking is available on levels 2 or 3 of the parkade and parking passes will be available. Attendees choosing to travel to YVR on the Canada Line can obtain single use passes at the registration desk.
SOURCE Vancouver Airport Authority
 
</topic_text>
<spam_score>0.00</spam_score>
<post_num>1</post_num>
<post_id>post-1</post_id>
<post_url>http://news.morningstar.com/all/canada-news-wire/20160512C8614/media-advisory-yvr-hosts-its-annual-public-meeting.aspx</post_url>
<post_date>20160512</post_date>
<post_time></post_time>
<username>morningstar.com</username>
<post>
Media Advisory - YVR Hosts its Annual Public Meeting Canada NewsWire
RICHMOND, BC, May 12, 2016
RICHMOND, BC , May 12, 2016 /CNW/ - Vancouver Airport Authority will host its Annual Public Meeting on Thursday, May 12 , at 3:30 p.m. Mary Jordan , Chair of the Board of Directors; Craig Richmond , President &amp; CEO; senior executives and YVR employees will present on activities and results from 2015, including key highlights such as new air services and the recent sale of YVR&apos;s subsidiary, Vantage Airport Group.
A hard copy of YVR&apos;s 2015 Sustainability Report will be available to all attendees at the meeting. The report contains in-depth information on YVR under our four pillars of sustainability: economic, social, environment and governance. The full 2015 Sustainability Report is available online at yvr.ca .
Date :
Thursday, May 12, 2015
Time :
3:00 p.m. Media registration
3:30 p.m. Meeting begins
5:00 p.m. Meeting ends
Location :
U.S. Check-in, Departures Level 3
International Terminal Building (Underneath Fairmont Vancouver Airport)
Vancouver International Airport
At the conclusion of the meeting, the President &amp; CEO and members of the executive team will be available for media interviews and questions from the public; we are also taking questions by email and through Twitter. A live stream of the meeting will be available on yvr.ca, under Annual Public Meeting .
Parking is available on levels 2 or 3 of the parkade and parking passes will be available. Attendees choosing to travel to YVR on the Canada Line can obtain single use passes at the registration desk.
SOURCE Vancouver Airport Authority
 
</post>
<signature>

</signature>
<external_links>
<external_link>http://www.yvr.ca/en/about-yvr/leadership-and-accountability/annual-public-meeting-presentations</external_link><external_link>http://s7.addthis.com/static/btn/sm-share-en.gif</external_link><external_link>http://im.mstar.com/Im/Mbr/Form_PremCheckbox_Checked.gif</external_link><external_link>http://im.mstar.com/Im/Mbr/Form_PremCheckbox_Unchecked.gif</external_link><external_link>http://rt.newswire.ca/rt.gif?NewsItemId=C8614&amp;Transmission_Id=201605120900CANADANWCANADAPR_C8614&amp;DateId=20160512</external_link><external_link>http://www.addthis.com/bookmark.php?v=250</external_link><external_link>http://www.yvr.ca/en/about-yvr/leadership-and-accountability/sustainability-report</external_link>
</external_links>
<country>US</country>
<main_image></main_image>
</document>
