<?xml version="1.0" encoding="UTF-8"?>
<document>
<type>mainstream</type>
<forum>http://wn.com/US</forum>
<forum_title>US News from WN Network</forum_title>
<discussion_title>Kim and Dave Dougherty honored at JDRF Gala</discussion_title>
<language>english</language>
<gmt_offset>0</gmt_offset>
<topic_url>http://article.wn.com/view/2016/05/12/Kim_and_Dave_Dougherty_honored_at_JDRF_Gala/</topic_url>
<topic_text>
JDRF Cincinnatians of the Year Gala raises $1.2M for type 1 diabetes research ...
</topic_text>
<spam_score>0.00</spam_score>
<post_num>1</post_num>
<post_id>post-1</post_id>
<post_url>http://article.wn.com/view/2016/05/12/Kim_and_Dave_Dougherty_honored_at_JDRF_Gala/</post_url>
<post_date>20160512</post_date>
<post_time></post_time>
<username>wn.com</username>
<post>
JDRF Cincinnatians of the Year Gala raises $1.2M for type 1 diabetes research ...
</post>
<signature>

</signature>
<external_links>

</external_links>
<country>GB</country>
<main_image>http://i.ytimg.com/vi/__U36aTVvgk/0.jpg</main_image>
</document>
