<?xml version="1.0" encoding="UTF-8"?>
<document>
<type>mainstream</type>
<forum>http://rss.nexttv.com.tw/news/realtime/rss.xml</forum>
<forum_title>壹電視-即時新聞</forum_title>
<discussion_title>大談育兒經！馬爆秘方「哺乳前喝啤酒」</discussion_title>
<language>chineset</language>
<gmt_offset></gmt_offset>
<topic_url>http://www.nexttv.com.tw/news/realtime/latest/11560782/%E5%A4%A7%E8%AB%87%E8%82%B2%E5%85%92%E7%B6%93%EF%BC%81%E9%A6%AC%E7%88%86%E7%A7%98%E6%96%B9%E3%80%8C%E5%93%BA%E4%B9%B3%E5%89%8D%E5%96%9D%E5%95%A4%E9%85%92%E3%80%8D</topic_url>
<topic_text>
【壹電視報導】總統馬英九今天(12號)下午，出席「國際護師節聯合慶祝大會」 ，在台上分享自己與護理師們接觸過的有趣經驗，但說了個小故事，卻提到母親哺乳前喝啤酒，可以讓小孩容易安靜些，雖然逗得台下哈哈大笑，卻也依稀可以聽到，不少護理師們竊竊私語，說這可不行啊！ 即時新聞
</topic_text>
<spam_score>0.00</spam_score>
<post_num>1</post_num>
<post_id>post-1</post_id>
<post_url>http://www.nexttv.com.tw/news/realtime/latest/11560782/%E5%A4%A7%E8%AB%87%E8%82%B2%E5%85%92%E7%B6%93%EF%BC%81%E9%A6%AC%E7%88%86%E7%A7%98%E6%96%B9%E3%80%8C%E5%93%BA%E4%B9%B3%E5%89%8D%E5%96%9D%E5%95%A4%E9%85%92%E3%80%8D</post_url>
<post_date>20160512</post_date>
<post_time>1215</post_time>
<username></username>
<post>
【壹電視報導】總統馬英九今天(12號)下午，出席「國際護師節聯合慶祝大會」 ，在台上分享自己與護理師們接觸過的有趣經驗，但說了個小故事，卻提到母親哺乳前喝啤酒，可以讓小孩容易安靜些，雖然逗得台下哈哈大笑，卻也依稀可以聽到，不少護理師們竊竊私語，說這可不行啊！ 即時新聞
</post>
<signature>

</signature>
<external_links>

</external_links>
<country>TW</country>
<main_image>http://s.nexttv.com.tw/upload/2016/05/11560782-392x220.jpg</main_image>
</document>
