<?xml version="1.0" encoding="UTF-8"?>
<document>
<type>mainstream</type>
<forum>http://chelyabinsk.bezformata.ru/rss.xml</forum>
<forum_title>Новости города БезФормата.Ru Челябинская область Челябинск</forum_title>
<discussion_title>Заблудившихся на Зюраткуле туристов эвакуируют вертолётом</discussion_title>
<language>russian</language>
<gmt_offset></gmt_offset>
<topic_url>http://chelyabinsk.bezformata.ru/listnews/zabludivshihsya-na-zyuratkule-turistov/46772304/</topic_url>
<topic_text>
Фото: images.aif.ru Спасатели эвакуируют из окрестностей Зюраткуля двоих заблудившихся туристов, один из которых находится в тяжёлом состоянии из-за приступа сахарного диабета, за ними вылетел вертолёт МЧС, сообщают в пресс-центре областной поисково-спасательной службы. 
Южноуралец заблудился в лесу возле садового товарищества 
Звонок от 25-летней девушки поступил на пульт дежурного около 17 часов 11 мая. Уроженка Ижевска сообщила, что они вместе с 28-летним другом отправились в поход по уральским горам, но на третий день молодому человеку стало плохо, так как он не взял с собой достаточное количество лекарств. 
Свой маршрут путешественники не зарегистрировали, и сотрудникам Златоустовского отряда ПСС не удалось найти их до темноты. На следующее утро к поискам присоединился Усть-Катавский отряд, в мероприятиях были задействованы 12 человек и два квадроцикла. Туристов нашли на восточном склоне горы Нургуш, причём состояние молодого человека к этому моменту оценивалось как тяжёлое. Уточняется, что его будут эвакуировать в больницу Сатки. 
Напомним, несколько дней назад помощь спасателей потребовалась туристке из Тюмени: женщина хотела попробовать дикий чеснок, но вместо него съела ядовитое растение и почувствовала себя очень плохо.
</topic_text>
<spam_score>0.00</spam_score>
<post_num>1</post_num>
<post_id>post-1</post_id>
<post_url>http://chelyabinsk.bezformata.ru/listnews/zabludivshihsya-na-zyuratkule-turistov/46772304/</post_url>
<post_date>20160512</post_date>
<post_time>1450</post_time>
<username></username>
<post>
Фото: images.aif.ru Спасатели эвакуируют из окрестностей Зюраткуля двоих заблудившихся туристов, один из которых находится в тяжёлом состоянии из-за приступа сахарного диабета, за ними вылетел вертолёт МЧС, сообщают в пресс-центре областной поисково-спасательной службы. 
Южноуралец заблудился в лесу возле садового товарищества 
Звонок от 25-летней девушки поступил на пульт дежурного около 17 часов 11 мая. Уроженка Ижевска сообщила, что они вместе с 28-летним другом отправились в поход по уральским горам, но на третий день молодому человеку стало плохо, так как он не взял с собой достаточное количество лекарств. 
Свой маршрут путешественники не зарегистрировали, и сотрудникам Златоустовского отряда ПСС не удалось найти их до темноты. На следующее утро к поискам присоединился Усть-Катавский отряд, в мероприятиях были задействованы 12 человек и два квадроцикла. Туристов нашли на восточном склоне горы Нургуш, причём состояние молодого человека к этому моменту оценивалось как тяжёлое. Уточняется, что его будут эвакуировать в больницу Сатки. 
Напомним, несколько дней назад помощь спасателей потребовалась туристке из Тюмени: женщина хотела попробовать дикий чеснок, но вместо него съела ядовитое растение и почувствовала себя очень плохо.
</post>
<signature>

</signature>
<external_links>

</external_links>
<country>RU</country>
<main_image>http://chelyabinsk.bezformata.ru/content/image188610101.jpg</main_image>
</document>
