<?xml version="1.0" encoding="UTF-8"?>
<document>
<type>mainstream</type>
<forum></forum>
<forum_title></forum_title>
<discussion_title>Recompensa de hasta miles de dólares por información sobre los asesinos de Arianys</discussion_title>
<language>spanish</language>
<gmt_offset></gmt_offset>
<topic_url>http://www.primerahora.com/noticias/policia-tribunales/nota/recompensadehastamilesdedolaresporinformacionsobrelosasesinosdearianys-1152955/</topic_url>
<topic_text>
Recompensa de hasta miles de dólares por información sobre los asesinos de Arianys Por Daniel Rivera Vargas 05/12/2016 |07:38 a.m. Según se informó, se trata de un Suzuki SX-4, de 2009 a 2012. Es rojo, pero con puertas negras, le falta el foco delantero del lado izquierdo y el guardalodos deleantero de ese lado tiene relleno gris. (Twitter) La Policía anunció que existe una compensación. 
Axel Valencia, director de la Oficina de Prensa de la Policía, informó que no se ha precisado qué cantidad se pagaría por información que lleve a la captura de los asesinos de la niña de 8 años Arianys Rosa Luquis, pero dijo que en ocasiones anteriores se han pagado hasta $25,000. 
Anoche el superintendente José Caldero anunció con la divulgación de las imágenes del carro en el que se cree viajaban los asesinos que se ofrecía una recompensa en relación a este crimen. Si tiene info q nos lleve al arresto de los sicarios q asesinaron a esta niña llame CONFIDENCIAL 343.2020 pic.twitter.com/BaJRcUVF31 — Policía Puerto Rico (@PRPDNoticias) 12 de mayo de 2016 
&quot;Se pagará por información que nos lleve hasta los responsables de este vil asesinato&quot;, reza la nota policiaca. 
Valencia dijo hoy a este medio que la cantidad a pagar dependerá de la información que se suministre. 
&quot;No hay una cantidad específica. Dependerá de la información que se de y de la veracidad&quot;, dijo Valencia a este medio. &quot;Hasta $25,000 se han pagado antes por confidencias que den la personas, pero depende de la ifnromación que se de&quot;, agregó. 
La niña de 8 años fue asesinada el pasado domingo mientras llegaba a su residencia en Ciales cuando el auto en el que viajaba con su madre embarazada y su padre fue tiroteado por desconocidos. 
La Policía suministró ayer una imagen del presunto auto usado por los gatilleros y es descrito como un Suzuki SX-4, de 2009 a 2012. Es rojo, pero con puertas negras, le falta el foco delantero del lado izquierdo y el guardalodos deleantero de ese lado tiene relleno gris. 
Valencia dijo que han estado llegando confidencias al momento, pero ninguna que concretamente lleva a la captura de los gatilleros. 
Los números para llamar para ofrecer información son el 787-343-2020, 787-878-2424, 787-878- 4000, informó Valencia. 
</topic_text>
<spam_score>0.00</spam_score>
<post_num>1</post_num>
<post_id>post-1</post_id>
<post_url>http://www.primerahora.com/noticias/policia-tribunales/nota/recompensadehastamilesdedolaresporinformacionsobrelosasesinosdearianys-1152955/</post_url>
<post_date>20160512</post_date>
<post_time></post_time>
<username></username>
<post>
Recompensa de hasta miles de dólares por información sobre los asesinos de Arianys Por Daniel Rivera Vargas 05/12/2016 |07:38 a.m. Según se informó, se trata de un Suzuki SX-4, de 2009 a 2012. Es rojo, pero con puertas negras, le falta el foco delantero del lado izquierdo y el guardalodos deleantero de ese lado tiene relleno gris. (Twitter) La Policía anunció que existe una compensación. 
Axel Valencia, director de la Oficina de Prensa de la Policía, informó que no se ha precisado qué cantidad se pagaría por información que lleve a la captura de los asesinos de la niña de 8 años Arianys Rosa Luquis, pero dijo que en ocasiones anteriores se han pagado hasta $25,000. 
Anoche el superintendente José Caldero anunció con la divulgación de las imágenes del carro en el que se cree viajaban los asesinos que se ofrecía una recompensa en relación a este crimen. Si tiene info q nos lleve al arresto de los sicarios q asesinaron a esta niña llame CONFIDENCIAL 343.2020 pic.twitter.com/BaJRcUVF31 — Policía Puerto Rico (@PRPDNoticias) 12 de mayo de 2016 
&quot;Se pagará por información que nos lleve hasta los responsables de este vil asesinato&quot;, reza la nota policiaca. 
Valencia dijo hoy a este medio que la cantidad a pagar dependerá de la información que se suministre. 
&quot;No hay una cantidad específica. Dependerá de la información que se de y de la veracidad&quot;, dijo Valencia a este medio. &quot;Hasta $25,000 se han pagado antes por confidencias que den la personas, pero depende de la ifnromación que se de&quot;, agregó. 
La niña de 8 años fue asesinada el pasado domingo mientras llegaba a su residencia en Ciales cuando el auto en el que viajaba con su madre embarazada y su padre fue tiroteado por desconocidos. 
La Policía suministró ayer una imagen del presunto auto usado por los gatilleros y es descrito como un Suzuki SX-4, de 2009 a 2012. Es rojo, pero con puertas negras, le falta el foco delantero del lado izquierdo y el guardalodos deleantero de ese lado tiene relleno gris. 
Valencia dijo que han estado llegando confidencias al momento, pero ninguna que concretamente lleva a la captura de los gatilleros. 
Los números para llamar para ofrecer información son el 787-343-2020, 787-878-2424, 787-878- 4000, informó Valencia. 
</post>
<signature>

</signature>
<external_links>

</external_links>
<country>US</country>
<main_image>http://rec-eph.gfrcdn.net/images/2016/05/12/crop_autodisparan.jpg</main_image>
</document>
