<?xml version="1.0" encoding="UTF-8"?>
<document>
<type>mainstream</type>
<forum>http://www.bignewsnetwork.com/index.php/nav/rss/dfb5c895ca980c17</forum>
<forum_title>Latest Big News Network RSS Feeds</forum_title>
<discussion_title>Trupti Desai prays at Haji Ali, trust spurns threat</discussion_title>
<language>english</language>
<gmt_offset></gmt_offset>
<topic_url>http://www.bignewsnetwork.com/news/244017501/trupti-desai-prays-at-haji-ali-trust-spurns-threat</topic_url>
<topic_text>
Trupti Desai prays at Haji Ali, trust spurns threat IANS   Mumbai, May 12 (IANS) Bhumata Brigade President Trupti Desai and a few activists prayed at the well known Haji Ali Dargah shrine on Thursday amid heavy police security.
After prayers, Trupti served a 15-days ultimatum to the Dargah trustees to permit women right upto the sanctum sanctorum, failing which she vowed to launch an agitation. 
However, a Haji Ali Dargah trustee, Suhail Khandwani, spurned her demands. 
&quot;We follow the laws of the land. She came like any other normal devotee today and nobody has stopped her. As for her demands, we shall not be cowed down by such threats,&quot; Khandwani told IANS. 
Shortly after daybreak, accompanied by a posse of police, Desai and her supporters walked through the half-a-kilometre narrow bridge on the Arabian Sea to reach the Dargah with scores of other devotees. 
She followed the prevalent customs and respectfully prayed outside -- barely four feet away from the inner sanctum, as permitted by the dargah trust and departed a few minutes later. 
&quot;I have prayed that women should be allowed to enter the sanctum sanctorum of the dargah as was the case till 2011 ... Next time, we shall make attempts to pray there,&quot; Desai told mediapersons later. 
She threatened to launch protests if the trustees did not allow women to pray till the spot where men were allowed. 
&quot;This is a fight to ensure gender equality at religious places. Today, we witnessed the point where men are allowed and women are not permitted. Within 15 days, the dargah trustees must allow women till the spot where men are permitted, failing which we shall protest,&quot; Desai said. 
Joint Police Comissioner Deven Bharti said: &quot;Desai and others visited the dargah around 6.00 a.m. and left after offering prayers. We have deployed police at the venue.&quot; 
Thursday&apos;s visit to the dargah was a follow-up to the aborted agitation carried out by Desai and other NGOs on April 28 under the banner &quot;Haji Ali For All&quot;. 
In view of a potentially sensitive situation and entry of political parties on the scene, the police intervened and did not permit Desai to enter the dargah. 
The shrine trustees reiterated that permitting women upto the tomb of Pir Haji Ali Shah Bukhari would be &quot;anti-Islam&quot; and claimed immunity as it was a &quot;minority trust&quot;. 
The iconic Haji Ali Dargah, where people of all faiths throng, is situated on a small rocky islet in the Arabian Sea, around 500 metres from the Mumbai shoreline at Worli. 
In the past few months, Desai has led successful agitations which culminated in women&apos;s entry to the Shani Shingnapur Temple in Ahmednagar, followed by the Trimbakeshwar Temple in Nashik in April, and a partially successful agitation at the Mahalaxmi Temple in Kolhapur. 
--IANS
</topic_text>
<spam_score>0.00</spam_score>
<post_num>1</post_num>
<post_id>post-1</post_id>
<post_url>http://www.bignewsnetwork.com/news/244017501/trupti-desai-prays-at-haji-ali-trust-spurns-threat</post_url>
<post_date>20160512</post_date>
<post_time>1101</post_time>
<username></username>
<post>
Trupti Desai prays at Haji Ali, trust spurns threat IANS   Mumbai, May 12 (IANS) Bhumata Brigade President Trupti Desai and a few activists prayed at the well known Haji Ali Dargah shrine on Thursday amid heavy police security.
After prayers, Trupti served a 15-days ultimatum to the Dargah trustees to permit women right upto the sanctum sanctorum, failing which she vowed to launch an agitation. 
However, a Haji Ali Dargah trustee, Suhail Khandwani, spurned her demands. 
&quot;We follow the laws of the land. She came like any other normal devotee today and nobody has stopped her. As for her demands, we shall not be cowed down by such threats,&quot; Khandwani told IANS. 
Shortly after daybreak, accompanied by a posse of police, Desai and her supporters walked through the half-a-kilometre narrow bridge on the Arabian Sea to reach the Dargah with scores of other devotees. 
She followed the prevalent customs and respectfully prayed outside -- barely four feet away from the inner sanctum, as permitted by the dargah trust and departed a few minutes later. 
&quot;I have prayed that women should be allowed to enter the sanctum sanctorum of the dargah as was the case till 2011 ... Next time, we shall make attempts to pray there,&quot; Desai told mediapersons later. 
She threatened to launch protests if the trustees did not allow women to pray till the spot where men were allowed. 
&quot;This is a fight to ensure gender equality at religious places. Today, we witnessed the point where men are allowed and women are not permitted. Within 15 days, the dargah trustees must allow women till the spot where men are permitted, failing which we shall protest,&quot; Desai said. 
Joint Police Comissioner Deven Bharti said: &quot;Desai and others visited the dargah around 6.00 a.m. and left after offering prayers. We have deployed police at the venue.&quot; 
Thursday&apos;s visit to the dargah was a follow-up to the aborted agitation carried out by Desai and other NGOs on April 28 under the banner &quot;Haji Ali For All&quot;. 
In view of a potentially sensitive situation and entry of political parties on the scene, the police intervened and did not permit Desai to enter the dargah. 
The shrine trustees reiterated that permitting women upto the tomb of Pir Haji Ali Shah Bukhari would be &quot;anti-Islam&quot; and claimed immunity as it was a &quot;minority trust&quot;. 
The iconic Haji Ali Dargah, where people of all faiths throng, is situated on a small rocky islet in the Arabian Sea, around 500 metres from the Mumbai shoreline at Worli. 
In the past few months, Desai has led successful agitations which culminated in women&apos;s entry to the Shani Shingnapur Temple in Ahmednagar, followed by the Trimbakeshwar Temple in Nashik in April, and a partially successful agitation at the Mahalaxmi Temple in Kolhapur. 
--IANS
</post>
<signature>

</signature>
<external_links>

</external_links>
<country>US</country>
<main_image>http://www.bignewsnetwork.com/images/big-news-network-slogan.jpg</main_image>
</document>
