<?xml version="1.0" encoding="UTF-8"?>
<document>
<type>mainstream</type>
<forum>http://www.destentor.nl/cmlink/1.3420421</forum>
<forum_title>de Stentor -Apeldoorn</forum_title>
<discussion_title>Project Marktplein in Twello nadert voltooiing</discussion_title>
<language>dutch</language>
<gmt_offset></gmt_offset>
<topic_url>http://www.destentor.nl/regio/voorst/project-marktplein-in-twello-nadert-voltooiing-1.6008087</topic_url>
<topic_text>
Home / Regio / Voorst / Project Marktplein in Twello nadert voltooiing Project Marktplein in Twello nadert voltooiing Fotograaf Koopmans Bouw TWELLO - De eerste bewoners van de nieuwbouw op het Twellose Marktplein betrekken in september hun huurwoningen. Woensdag vierden de aankomende bewoners van 22 appartementen samen met de winkeliers een feestje bij het bereiken van het hoogste punt, waarmee de blik definitief op de voltooiing van het Marktplein kan worden gericht. 
,,We hebben ons allemaal jaren gestoord aan de rotte plek op het Marktplein van voorheen. Maar de afsluiting is nu echt in zicht&quot;, zei wethouder Arjan Lagerweij. 
De 22 appartementen waren binnen de kortste keren aan de man gebracht. ,,We hebben zestig aanmeldingen gekregen, dat zegt genoeg&quot;, geeft Yolanda Winkelhorst, directeur-bestuurder van IJsseldal Wonen, aan. 
Voor de zes winkelpanden onder de appartementen is de animo ook groot. In één ervan komt Ami Kappers. Daarnaast vestigt kwalitaria Delífrance zich. Een derde winkelpand is aangekocht door een investeerder, die de ruimte wil verhuren en over de drie resterende panden zijn gesprekken gaande. 
Het grote hoekpand bij de Marktstraat (350 vierkante meter) heeft prioriteit. ,,We zijn voor dit pand in gesprek met een grotere keten&quot;, aldus Winkelhorst. ,,Bij de oplevering zit alles vol. Ik verwacht alleen wel dat de eerste winkels in november hun deuren openen. Ze worden casco opgeleverd en moeten nog worden ingericht.&quot; Zie ook
</topic_text>
<spam_score>0.00</spam_score>
<post_num>1</post_num>
<post_id>post-1</post_id>
<post_url>http://www.destentor.nl/regio/voorst/project-marktplein-in-twello-nadert-voltooiing-1.6008087</post_url>
<post_date>20160512</post_date>
<post_time>0830</post_time>
<username></username>
<post>
Home / Regio / Voorst / Project Marktplein in Twello nadert voltooiing Project Marktplein in Twello nadert voltooiing Fotograaf Koopmans Bouw TWELLO - De eerste bewoners van de nieuwbouw op het Twellose Marktplein betrekken in september hun huurwoningen. Woensdag vierden de aankomende bewoners van 22 appartementen samen met de winkeliers een feestje bij het bereiken van het hoogste punt, waarmee de blik definitief op de voltooiing van het Marktplein kan worden gericht. 
,,We hebben ons allemaal jaren gestoord aan de rotte plek op het Marktplein van voorheen. Maar de afsluiting is nu echt in zicht&quot;, zei wethouder Arjan Lagerweij. 
De 22 appartementen waren binnen de kortste keren aan de man gebracht. ,,We hebben zestig aanmeldingen gekregen, dat zegt genoeg&quot;, geeft Yolanda Winkelhorst, directeur-bestuurder van IJsseldal Wonen, aan. 
Voor de zes winkelpanden onder de appartementen is de animo ook groot. In één ervan komt Ami Kappers. Daarnaast vestigt kwalitaria Delífrance zich. Een derde winkelpand is aangekocht door een investeerder, die de ruimte wil verhuren en over de drie resterende panden zijn gesprekken gaande. 
Het grote hoekpand bij de Marktstraat (350 vierkante meter) heeft prioriteit. ,,We zijn voor dit pand in gesprek met een grotere keten&quot;, aldus Winkelhorst. ,,Bij de oplevering zit alles vol. Ik verwacht alleen wel dat de eerste winkels in november hun deuren openen. Ze worden casco opgeleverd en moeten nog worden ingericht.&quot; Zie ook
</post>
<signature>

</signature>
<external_links>

</external_links>
<country>NL</country>
<main_image>http://www.destentor.nl/polopoly_fs/1.6008088.1463042010!image/image-6008088.JPG</main_image>
</document>
