<?xml version="1.0" encoding="UTF-8"?>
<document>
<type>mainstream</type>
<forum></forum>
<forum_title></forum_title>
<discussion_title>Ретровседорожник Toyota уплывает в Вальхаллу</discussion_title>
<language>russian</language>
<gmt_offset></gmt_offset>
<topic_url>http://avtoryk.ru/archives/27510</topic_url>
<topic_text>
Сообщение не было отправлено — проверьте адреса электронной почты! Проверка по электронной почте не удалась, попробуйте еще раз К сожалению, ваш блог не может делиться ссылками на записи по электронной почте. %d такие блоггеры, как: 
</topic_text>
<spam_score>0.00</spam_score>
<post_num>1</post_num>
<post_id>post-1</post_id>
<post_url>http://avtoryk.ru/archives/27510</post_url>
<post_date>20160512</post_date>
<post_time></post_time>
<username></username>
<post>
Сообщение не было отправлено — проверьте адреса электронной почты! Проверка по электронной почте не удалась, попробуйте еще раз К сожалению, ваш блог не может делиться ссылками на записи по электронной почте. %d такие блоггеры, как: 
</post>
<signature>

</signature>
<external_links>

</external_links>
<country>US</country>
<main_image>http://i0.wp.com/avtoryk.ru/wp-content/uploads/2016/03/24777d3e86e5f58bb1d876fcc560ed403e671b5f.jpg?fit=960%2C540</main_image>
</document>
