<?xml version="1.0" encoding="UTF-8"?>
<document>
<type>mainstream</type>
<forum></forum>
<forum_title></forum_title>
<discussion_title>Detienen mujer que puso a la venta a su hijo en Facebook</discussion_title>
<language>spanish</language>
<gmt_offset></gmt_offset>
<topic_url>http://www.primerahora.com/noticias/mundo/nota/detienenmujerquepusoalaventaasuhijoenfacebook-1153019/</topic_url>
<topic_text>
Detienen mujer que puso a la venta a su hijo en Facebook Por El Comercio / Perú / GDA 05/12/2016 |11:53 a.m. &quot;Que latoso es este niño alguien lo kiere&quot; (sic), escribió la mujer en Facebook. (Captura de Facebook) Las autoridades mexianas removieron al menor y sus hermanitos de la casa. 
Brenda Raymundo fue detenida en su domicilio por vender a través de la red social Facebook al menor de sus hijos. Los pequeños fueron rescatados por el Sistema Estatal para el Desarrollo Integral de la Familia, que los llevó a un albergue de México. 
La mujer vivía con sus tres hijos en el municipio de Nanacamilpa de Mariano Arista, en el estado de Tlaxcala. Al lugar llegó la Procuraduría General de Justicia para arrestarla el pasado lunes 9 de mayo. 
Raymundo pedía vía fotografías publicadas en Facebook 840 dólares. Ante el polémico anuncio, el diario Excelsior se comunicó con ella y corroboró la noticia. 
&quot;Que latoso es este niño alguien lo kiere&quot; (sic), escribió la mujer en Facebook junto a su número telefónico. &quot;150 mil, fue error de dedo en la otra foto, disculpen, necesito dinero yo ya no puedo con el gasto&quot;, añadió. 
Los servidores públicos llegaron hasta Nanacamilpa para tomar en custodia a los tres hermanos, quienes fueron presentados ante un Juez de lo Familiar. Los padres de los menores se encuentran separados. 
La autoridad judicial resolvió que los niños fueran trasladados a un albergue del DIF hasta garantizar que no corran el riesgo de ser víctimas de algún delito. 
</topic_text>
<spam_score>0.00</spam_score>
<post_num>1</post_num>
<post_id>post-1</post_id>
<post_url>http://www.primerahora.com/noticias/mundo/nota/detienenmujerquepusoalaventaasuhijoenfacebook-1153019/</post_url>
<post_date>20160512</post_date>
<post_time></post_time>
<username></username>
<post>
Detienen mujer que puso a la venta a su hijo en Facebook Por El Comercio / Perú / GDA 05/12/2016 |11:53 a.m. &quot;Que latoso es este niño alguien lo kiere&quot; (sic), escribió la mujer en Facebook. (Captura de Facebook) Las autoridades mexianas removieron al menor y sus hermanitos de la casa. 
Brenda Raymundo fue detenida en su domicilio por vender a través de la red social Facebook al menor de sus hijos. Los pequeños fueron rescatados por el Sistema Estatal para el Desarrollo Integral de la Familia, que los llevó a un albergue de México. 
La mujer vivía con sus tres hijos en el municipio de Nanacamilpa de Mariano Arista, en el estado de Tlaxcala. Al lugar llegó la Procuraduría General de Justicia para arrestarla el pasado lunes 9 de mayo. 
Raymundo pedía vía fotografías publicadas en Facebook 840 dólares. Ante el polémico anuncio, el diario Excelsior se comunicó con ella y corroboró la noticia. 
&quot;Que latoso es este niño alguien lo kiere&quot; (sic), escribió la mujer en Facebook junto a su número telefónico. &quot;150 mil, fue error de dedo en la otra foto, disculpen, necesito dinero yo ya no puedo con el gasto&quot;, añadió. 
Los servidores públicos llegaron hasta Nanacamilpa para tomar en custodia a los tres hermanos, quienes fueron presentados ante un Juez de lo Familiar. Los padres de los menores se encuentran separados. 
La autoridad judicial resolvió que los niños fueran trasladados a un albergue del DIF hasta garantizar que no corran el riesgo de ser víctimas de algún delito. 
</post>
<signature>

</signature>
<external_links>

</external_links>
<country>US</country>
<main_image>http://rec-eph.gfrcdn.net/images/2016/05/12/capture.jpg</main_image>
</document>
