<?xml version="1.0" encoding="UTF-8"?>
<document>
<type>mainstream</type>
<forum>http://paltimes.net/category/19</forum>
<forum_title>بوابتك إلى الحقيقة - فلسطين الآن</forum_title>
<discussion_title>الشعبية تستنكر اعتقال السلطة للطالب &quot;قزمار&quot; من بيرزيت‎</discussion_title>
<language>arabic</language>
<gmt_offset></gmt_offset>
<topic_url>http://paltimes.net/post/131701/الشعبية-تستنكر-اعتقال-السلطة-للطالب-قزمار-من-بيرزيت‎</topic_url>
<topic_text>
رام الله - فلسطين الآن استنكرت الجبهة الشعبية لتحرير فلسطين بشدة إقدام أجهزة الضفة على اختطاف الطالب بجامعة بيرزيت، وعضو القطب التقدمي الطلابي، كفاح قزمار، داعية إلى إطلاق سراحه فوراً دون قيد أو شرط، ومعه جميع الطلبة المعتقلين على خلفية الرأي والتعبير.
ودعت الجبهة، في بيان لها &quot;لضرورة التصدي لسياسة اختطاف الطلبة على يد أجهزة الضفة، التي تصاعدت في الأسابيع الأخيرة&quot;، مؤكدة أن &quot;هذا الأسلوب البوليسي والتغول الفج ضد طلبتنا لا يزيد من الشرخ في الساحة الفلسطينية فحسب، بل يعرض حياة الطلبة والمعتقلين السياسيين للخطر في ظل استغلال الاحتلال لهذا الاعتقال لاعتقالهم&quot;.
 وكان جهاز المخابرات التابع للسلطة الفلسطينية في رام الله، اعتقل أمس، الشاب قزمار، أثناء عودته من جامعته &quot;بيرزيت&quot;.
ويشار إلى أن قزمار تعرّض للاعتداء برفقة آخرين، من أجهزة الضفة، وتم نقله للمستشفى قبل سنوات بعد مشاركته في تظاهرة خرجت تنديداً باعتداء العناصر الأمنية وقمعها تظاهرة رافضة للّقاءات مع قادة الاحتلال. كما استدعته المخابرات الفلسطينية، أكثر من مرة، سابقاً.
وتُنفّذ أجهزة الضفة بشكل شبه يومي، عمليات اعتقال في صفوف طلبة الجامعات والأسرى المحررين والمواطنين على خلفية سياسية.
المصدر: فلسطين الآن
رابط مختصر Please enable JavaScript to view the comments powered by Disqus.
</topic_text>
<spam_score>0.00</spam_score>
<post_num>1</post_num>
<post_id>post-1</post_id>
<post_url>http://paltimes.net/post/131701/الشعبية-تستنكر-اعتقال-السلطة-للطالب-قزمار-من-بيرزيت‎</post_url>
<post_date>20160512</post_date>
<post_time>0726</post_time>
<username>paltimes.net</username>
<post>
رام الله - فلسطين الآن استنكرت الجبهة الشعبية لتحرير فلسطين بشدة إقدام أجهزة الضفة على اختطاف الطالب بجامعة بيرزيت، وعضو القطب التقدمي الطلابي، كفاح قزمار، داعية إلى إطلاق سراحه فوراً دون قيد أو شرط، ومعه جميع الطلبة المعتقلين على خلفية الرأي والتعبير.
ودعت الجبهة، في بيان لها &quot;لضرورة التصدي لسياسة اختطاف الطلبة على يد أجهزة الضفة، التي تصاعدت في الأسابيع الأخيرة&quot;، مؤكدة أن &quot;هذا الأسلوب البوليسي والتغول الفج ضد طلبتنا لا يزيد من الشرخ في الساحة الفلسطينية فحسب، بل يعرض حياة الطلبة والمعتقلين السياسيين للخطر في ظل استغلال الاحتلال لهذا الاعتقال لاعتقالهم&quot;.
 وكان جهاز المخابرات التابع للسلطة الفلسطينية في رام الله، اعتقل أمس، الشاب قزمار، أثناء عودته من جامعته &quot;بيرزيت&quot;.
ويشار إلى أن قزمار تعرّض للاعتداء برفقة آخرين، من أجهزة الضفة، وتم نقله للمستشفى قبل سنوات بعد مشاركته في تظاهرة خرجت تنديداً باعتداء العناصر الأمنية وقمعها تظاهرة رافضة للّقاءات مع قادة الاحتلال. كما استدعته المخابرات الفلسطينية، أكثر من مرة، سابقاً.
وتُنفّذ أجهزة الضفة بشكل شبه يومي، عمليات اعتقال في صفوف طلبة الجامعات والأسرى المحررين والمواطنين على خلفية سياسية.
المصدر: فلسطين الآن
رابط مختصر Please enable JavaScript to view the comments powered by Disqus.
</post>
<signature>

</signature>
<external_links>
<external_link>https://disqus.com/?ref_noscript</external_link>
</external_links>
<country>US</country>
<main_image>http://paltimes.net/uploads//images/6aaf588096372a44aab6a9a2b0cf0562.jpg</main_image>
</document>
