<?xml version="1.0" encoding="UTF-8"?>
<document>
<type>mainstream</type>
<forum>http://chelyabinsk.bezformata.ru/rss.xml</forum>
<forum_title>Новости города БезФормата.Ru Челябинская область Челябинск</forum_title>
<discussion_title>Средняя стоимость путевки в летний лагерь Южного Урала составит 19,2 тысяч рублей</discussion_title>
<language>russian</language>
<gmt_offset></gmt_offset>
<topic_url>http://chelyabinsk.bezformata.ru/listnews/putevki-v-letnij-lager-yuzhnogo/46771413/</topic_url>
<topic_text>
Фото: www.1obl.ru В оздоровительных комплексах заканчиваются подготовительные работы в преддверии летнего сезона. 
Челябинская область готова к летней оздоровительной кампании. Такое заявление сделали сегодня в правительстве региона, отчитавшись, что в летних лагерях заканчиваются подготовительные работы. Кроме того, срок пребывания детей в оздоровительных лагерях будет увеличен на три дня. 
Этим летом на территории Южного Урала будут открыты 832 оздоровительных лагеря , 73 из которых — загородные, 3 — труда и отдыха, 12 — палаточных, остальные — лагеря дневного пребывания. Такое количество оздоровительных заведений готовится отворить свои двери для 273 тысяч южноуральских детей и подростков в возрасте от 6 до 18 лет. Стоит отметить, что количество лагерей увеличилось по сравнению с прошлым годом. 
— Увеличение количества лагерей планируется за счет развития государственно-частного партнерства, а также открытия профильных лагерей дневного пребывания, — отметила начальник управления воспитания и дополнительного образования Ирина Анфалова-Шишкина. 
Сейчас в заведениях завершаются работы по подготовке : противоклещевая обработка, проверка систем пожарной безопасности, эвакуации и водоснабжения. Для выполнения всех необходимых мероприятий и предоставления льготных путевок нуждающимся региональный бюджет выделил 450,7 миллионов рублей. Еще 420 миллионов запланированы в муниципальных бюджетах. Средняя же стоимость отдыха ребят в летних лагерях Южного Урала обойдется их родителям в 19,2 тысяч рублей. Кроме того, около 500 детей Челябинской области отдохнут этим летом в Краснодарском крае и Крыму. 
— На льготные путёвки по линии соцзащиты имеют право дети из малообеспеченных семей. Родителям, рассчитывающим на льготные путёвки, необходимо обратиться в управление соцзащиты по месту жительства. Субсидией на путёвку по линии Минобра может воспользоваться любой житель. Для этого родителям необходимо обратиться в управление образования муниципалитета, в котором они проживают, — отметила Ирина Анфалова-Шишкина. 
Также было принято решение об увеличении срока пребывания детей на 3 дня: с 18 до 21 дня в оздоровительных лагерях, с 21 до 24 — в санаторных учреждениях. 
Фото: sokolbaby.ru
</topic_text>
<spam_score>0.00</spam_score>
<post_num>1</post_num>
<post_id>post-1</post_id>
<post_url>http://chelyabinsk.bezformata.ru/listnews/putevki-v-letnij-lager-yuzhnogo/46771413/</post_url>
<post_date>20160512</post_date>
<post_time>1414</post_time>
<username></username>
<post>
Фото: www.1obl.ru В оздоровительных комплексах заканчиваются подготовительные работы в преддверии летнего сезона. 
Челябинская область готова к летней оздоровительной кампании. Такое заявление сделали сегодня в правительстве региона, отчитавшись, что в летних лагерях заканчиваются подготовительные работы. Кроме того, срок пребывания детей в оздоровительных лагерях будет увеличен на три дня. 
Этим летом на территории Южного Урала будут открыты 832 оздоровительных лагеря , 73 из которых — загородные, 3 — труда и отдыха, 12 — палаточных, остальные — лагеря дневного пребывания. Такое количество оздоровительных заведений готовится отворить свои двери для 273 тысяч южноуральских детей и подростков в возрасте от 6 до 18 лет. Стоит отметить, что количество лагерей увеличилось по сравнению с прошлым годом. 
— Увеличение количества лагерей планируется за счет развития государственно-частного партнерства, а также открытия профильных лагерей дневного пребывания, — отметила начальник управления воспитания и дополнительного образования Ирина Анфалова-Шишкина. 
Сейчас в заведениях завершаются работы по подготовке : противоклещевая обработка, проверка систем пожарной безопасности, эвакуации и водоснабжения. Для выполнения всех необходимых мероприятий и предоставления льготных путевок нуждающимся региональный бюджет выделил 450,7 миллионов рублей. Еще 420 миллионов запланированы в муниципальных бюджетах. Средняя же стоимость отдыха ребят в летних лагерях Южного Урала обойдется их родителям в 19,2 тысяч рублей. Кроме того, около 500 детей Челябинской области отдохнут этим летом в Краснодарском крае и Крыму. 
— На льготные путёвки по линии соцзащиты имеют право дети из малообеспеченных семей. Родителям, рассчитывающим на льготные путёвки, необходимо обратиться в управление соцзащиты по месту жительства. Субсидией на путёвку по линии Минобра может воспользоваться любой житель. Для этого родителям необходимо обратиться в управление образования муниципалитета, в котором они проживают, — отметила Ирина Анфалова-Шишкина. 
Также было принято решение об увеличении срока пребывания детей на 3 дня: с 18 до 21 дня в оздоровительных лагерях, с 21 до 24 — в санаторных учреждениях. 
Фото: sokolbaby.ru
</post>
<signature>

</signature>
<external_links>

</external_links>
<country>RU</country>
<main_image>http://chelyabinsk.bezformata.ru/content/image188606063.png</main_image>
</document>
