<?xml version="1.0" encoding="UTF-8"?>
<document>
<type>mainstream</type>
<forum></forum>
<forum_title></forum_title>
<discussion_title>Más cerca el duelo Canelo-Golovkin</discussion_title>
<language>spanish</language>
<gmt_offset></gmt_offset>
<topic_url>http://www.primerahora.com/deportes/boxeo/nota/mascercaelduelocanelogolovkin-1152824/</topic_url>
<topic_text>
05/11/2016 |02:22 p.m. 
Mejor todavía: no tiene nada que ver con Floyd Mayweather Jr. o el nuevo senador filipino Manny Pacquiao. 
Apunten la fecha del 17 de septiembre, aunque no compren boletos todavía. Después de todo, se trata de boxeo, y hay muchísimas peleas que estaban pactadas y que nunca se realizaron. 
De todas formas, Saúl &quot;Canelo&quot; Alvarez dice que la quiere. Gennady Golovkin también. 
Dos púgiles con martillos en las manos y apenas una derrota entre ambos, con todos los títulos del peso mediano en la balanza. 
&quot;Es una de esas peleas que podemos presentar&quot;, dijo Tom Loeffler, promotor de Golovkin. &quot;Sin duda es la pelea más importante que podría pactarse en el boxeo, y parece bastante claro que Canelo la quiere&quot;. 
Eso fue evidente el sábado, cuando Canelo destrozó a Amir Khan con una potente derecha, y después utilizó la misma mano para gesticular hacia Golovkin, quien estaba sentado en primera fila, para que subiera al cuadrilátero. 
Otro interesado que estaba en primera fila era el dueño de los Cowboys de Dallas, Jerry Jones, a quien le encantaría robarle la pelea a Las Vegas para realizarla en su estadio. 
&quot;Lo invité personalmente&quot;, dijo Oscar De La Hoya, promotor de Alvarez. &quot;Así de serio es en su interés por tener una pelea del Canelo&quot;. 
Hasta que el astro mexicano conectó la derecha que fulminó a Khan y después retó a Triple G, parecía que la pelea no sucedería, al menos no pronto. Alvarez es la joya de De La Hoya, y los rumores eran que el promotor no quería arriesgarlo ante Golovkin, quien está invicto y ha noqueado a 32 de los 35 oponentes que enfrentó. 
También podría haber un problema con el peso. Alvarez tiene un título del peso mediano (160 libras), pero peleó en un peso máximo de 155 libras ante Khan. Golovkin dice que cualquier pelea tiene que ser en el límite de la división. 
Pero Alvarez y De La Hoya ahora aseguran que el peso no sería un impedimento. Y la invitación de Alvarez para que Golovkin lo acompañara en el ring después del combate ante Khan disipó cualquier duda sobre el interés del oriundo de Guadalajara por enfrentar al kazajo. 
&quot;Lo invité porque no le temo&quot;, dijo Alvarez. &quot;Y quería demostrar que no tengo miedo&quot;. 
De La Hoya llamó a Loeffler el domingo, y ambos tenían planes de comenzar las negociaciones el martes. Loeffler dijo que trabajó con De La Hoya para el combate de Golovkin contra David Lemieux en octubre, y aseguró que no tendría problemas para colaborar para una pelea el 17 de septiembre. 
&quot;Estoy bastante seguro que podemos lograr un acuerdo&quot;, dijo Loeffler. &quot;No había motivo para que Canelo invitara a Gennady al cuadrilátero la otra noche si no quisiera la pelea&quot;. 
El combate debe ser atractivo, incluso para los aficionados casuales que se sienten engañados por los 100 dólares que pagaron para ver la aburrida pelea entre Mayweather y Pacquiao el año pasado. 
Ambos peleadores tienen excelente pegada, así que hay pocas probabilidades de que el combate sea tan aburrido como el de Mayweather-Pacquiao. 
&quot;Todos conocen el estilo de Gennady y de Canelo, así que la gente no quedará decepcionada por la acción en el ring&quot;, aseguró Loeffler. &quot;Son dos guerreros repletos de machismo&quot;. 
</topic_text>
<spam_score>0.00</spam_score>
<post_num>1</post_num>
<post_id>post-1</post_id>
<post_url>http://www.primerahora.com/deportes/boxeo/nota/mascercaelduelocanelogolovkin-1152824/</post_url>
<post_date>20160511</post_date>
<post_time></post_time>
<username></username>
<post>
05/11/2016 |02:22 p.m. 
Mejor todavía: no tiene nada que ver con Floyd Mayweather Jr. o el nuevo senador filipino Manny Pacquiao. 
Apunten la fecha del 17 de septiembre, aunque no compren boletos todavía. Después de todo, se trata de boxeo, y hay muchísimas peleas que estaban pactadas y que nunca se realizaron. 
De todas formas, Saúl &quot;Canelo&quot; Alvarez dice que la quiere. Gennady Golovkin también. 
Dos púgiles con martillos en las manos y apenas una derrota entre ambos, con todos los títulos del peso mediano en la balanza. 
&quot;Es una de esas peleas que podemos presentar&quot;, dijo Tom Loeffler, promotor de Golovkin. &quot;Sin duda es la pelea más importante que podría pactarse en el boxeo, y parece bastante claro que Canelo la quiere&quot;. 
Eso fue evidente el sábado, cuando Canelo destrozó a Amir Khan con una potente derecha, y después utilizó la misma mano para gesticular hacia Golovkin, quien estaba sentado en primera fila, para que subiera al cuadrilátero. 
Otro interesado que estaba en primera fila era el dueño de los Cowboys de Dallas, Jerry Jones, a quien le encantaría robarle la pelea a Las Vegas para realizarla en su estadio. 
&quot;Lo invité personalmente&quot;, dijo Oscar De La Hoya, promotor de Alvarez. &quot;Así de serio es en su interés por tener una pelea del Canelo&quot;. 
Hasta que el astro mexicano conectó la derecha que fulminó a Khan y después retó a Triple G, parecía que la pelea no sucedería, al menos no pronto. Alvarez es la joya de De La Hoya, y los rumores eran que el promotor no quería arriesgarlo ante Golovkin, quien está invicto y ha noqueado a 32 de los 35 oponentes que enfrentó. 
También podría haber un problema con el peso. Alvarez tiene un título del peso mediano (160 libras), pero peleó en un peso máximo de 155 libras ante Khan. Golovkin dice que cualquier pelea tiene que ser en el límite de la división. 
Pero Alvarez y De La Hoya ahora aseguran que el peso no sería un impedimento. Y la invitación de Alvarez para que Golovkin lo acompañara en el ring después del combate ante Khan disipó cualquier duda sobre el interés del oriundo de Guadalajara por enfrentar al kazajo. 
&quot;Lo invité porque no le temo&quot;, dijo Alvarez. &quot;Y quería demostrar que no tengo miedo&quot;. 
De La Hoya llamó a Loeffler el domingo, y ambos tenían planes de comenzar las negociaciones el martes. Loeffler dijo que trabajó con De La Hoya para el combate de Golovkin contra David Lemieux en octubre, y aseguró que no tendría problemas para colaborar para una pelea el 17 de septiembre. 
&quot;Estoy bastante seguro que podemos lograr un acuerdo&quot;, dijo Loeffler. &quot;No había motivo para que Canelo invitara a Gennady al cuadrilátero la otra noche si no quisiera la pelea&quot;. 
El combate debe ser atractivo, incluso para los aficionados casuales que se sienten engañados por los 100 dólares que pagaron para ver la aburrida pelea entre Mayweather y Pacquiao el año pasado. 
Ambos peleadores tienen excelente pegada, así que hay pocas probabilidades de que el combate sea tan aburrido como el de Mayweather-Pacquiao. 
&quot;Todos conocen el estilo de Gennady y de Canelo, así que la gente no quedará decepcionada por la acción en el ring&quot;, aseguró Loeffler. &quot;Son dos guerreros repletos de machismo&quot;. 
</post>
<signature>

</signature>
<external_links>

</external_links>
<country>US</country>
<main_image>http://rec-eph.gfrcdn.net/images/2016/05/11/crop_6f16015d-14ec-4804-a602-f24277bbe1ee_3.jpeg</main_image>
</document>
