<?xml version="1.0" encoding="UTF-8"?>
<document>
<type>mainstream</type>
<forum>http://www.ideal.es/sociedad/?reducido=1&amp;pag=612</forum>
<forum_title></forum_title>
<discussion_title>Un simple análisis de sangre evitará la temida amniocentesis en España</discussion_title>
<language>spanish</language>
<gmt_offset></gmt_offset>
<topic_url>http://www.ideal.es/sociedad/201507/04/simple-analisis-sangre-evitara-20150703170942.html</topic_url>
<topic_text>
Nada más conocer la feliz noticia de un embarazo, comienza en los futuros padres la incertidumbre y la preocupación por la salud de su pequeño. Durante los 9 meses de la gestación se sucederán numerosas pruebas para comprobar el buen estado tanto de la madre como del bebé.
Entre ellas una de las más arriesgadas y temidas, la amniocentesis, ya no supondrá un auténtico quebradero de cabeza, ya que podrá sustituirse por un simple análisis de sangre a la madre.
Una empresa valenciano ya cuenta con los medios para poder detectar con esta test hasta el 80% de las anomalías cromosómicas del feto, entre ellas la más conocida, el síndrome de Down.
Con tan solo una muestra de sangre es posible revelar anomalías en los cromosomas 21, 18 y 13, reducir el plazo de obtención de los resultados de 20 a 3 tres días, y además con un 99% de fiabilidad.
Una gran tranquilidad para los padres, ya que cualquier embarazada puede realizarse entre la semana 10 y la 12 este examen, cuyos falsos positivos se reducen a un 0,1%. Un test de diagnóstico prenatal que ha supuesto una auténtica revolución en el área de la obstetricia y que ha sido desarrollada en nuestro país por el laboratorio Igenomix.
Lo Más lo más 50
</topic_text>
<spam_score>0.00</spam_score>
<post_num>1</post_num>
<post_id>post-1</post_id>
<post_url>http://www.ideal.es/sociedad/201507/04/simple-analisis-sangre-evitara-20150703170942.html</post_url>
<post_date>20150704</post_date>
<post_time>0008</post_time>
<username>ideal.es</username>
<post>
Nada más conocer la feliz noticia de un embarazo, comienza en los futuros padres la incertidumbre y la preocupación por la salud de su pequeño. Durante los 9 meses de la gestación se sucederán numerosas pruebas para comprobar el buen estado tanto de la madre como del bebé.
Entre ellas una de las más arriesgadas y temidas, la amniocentesis, ya no supondrá un auténtico quebradero de cabeza, ya que podrá sustituirse por un simple análisis de sangre a la madre.
Una empresa valenciano ya cuenta con los medios para poder detectar con esta test hasta el 80% de las anomalías cromosómicas del feto, entre ellas la más conocida, el síndrome de Down.
Con tan solo una muestra de sangre es posible revelar anomalías en los cromosomas 21, 18 y 13, reducir el plazo de obtención de los resultados de 20 a 3 tres días, y además con un 99% de fiabilidad.
Una gran tranquilidad para los padres, ya que cualquier embarazada puede realizarse entre la semana 10 y la 12 este examen, cuyos falsos positivos se reducen a un 0,1%. Un test de diagnóstico prenatal que ha supuesto una auténtica revolución en el área de la obstetricia y que ha sido desarrollada en nuestro país por el laboratorio Igenomix.
Lo Más lo más 50
</post>
<signature>

</signature>
<external_links>

</external_links>
<country>ES</country>
<main_image>http://www.ideal.es/noticias/201507/03/media/cortadas/embarazo--575x323.jpeg</main_image>
</document>
