<?xml version="1.0" encoding="UTF-8"?>
<document>
<type>mainstream</type>
<forum>http://chelyabinsk.bezformata.ru/rss.xml</forum>
<forum_title>Новости города БезФормата.Ru Челябинская область Челябинск</forum_title>
<discussion_title>Дубровский решил дополнительно премировать тех, кто сдает оружие</discussion_title>
<language>russian</language>
<gmt_offset></gmt_offset>
<topic_url>http://kusa.bezformata.ru/listnews/teh-kto-sdaet-oruzhie/46771922/</topic_url>
<topic_text>
RSS О проекте Задать вопрос Дубровский решил дополнительно премировать тех, кто сдает оружие 
На плановом совещании с руководителями правоохранительных органов Борис Дубровский озвучил решение о дополнительном премировании южноуральцев, сдавших оружие в органы внутренних дел на утилизацию. На совещании обсуждались меры противодействия незаконному обороту оружия, боеприпасов и взрывчатых веществ. Статистика показала, что благодаря действию областной госпрограммы по выкупу у населения оружия, южноуральцы стали активнее разоружаться. Увеличилось финансирование, с 800 тысяч рублей до 1,2 млн. рублей, — увеличилось и количество сданного оружия. С начала 2016 года было сдано 414 единиц огнестрельного оружия и 1,5 тысячи единиц боеприпасов. Все это, соответственно, привело к снижению преступлений, связанных с оборотом и использованием оружия. В этой связи Борис Дубровский решил направить дополнительные средства на премирование южноуральцев, добровольно разоружившихся. В Кусинском районе прием оружия, сдаваемого гражданами на утилизацию, уже стартовало и продолжится до израсходования выделенных денежных средств. Жители, желающие добровольно сдать оружие, могут обращаться в отдел МВД по адресу: г. Куса, ул. Советская, дом № 16. Также сотрудники полиции могут принять незаконно хранящееся оружие по месту жительства обратившегося, если состояние его здоровья не позволяет прибыть лично в отдел. Подать заявление можно по телефонам: 02, 3-02-02, 3-39-22, 3-14-70.
</topic_text>
<spam_score>0.00</spam_score>
<post_num>1</post_num>
<post_id>post-1</post_id>
<post_url>http://kusa.bezformata.ru/listnews/teh-kto-sdaet-oruzhie/46771922/</post_url>
<post_date>20160512</post_date>
<post_time>1432</post_time>
<username></username>
<post>
RSS О проекте Задать вопрос Дубровский решил дополнительно премировать тех, кто сдает оружие 
На плановом совещании с руководителями правоохранительных органов Борис Дубровский озвучил решение о дополнительном премировании южноуральцев, сдавших оружие в органы внутренних дел на утилизацию. На совещании обсуждались меры противодействия незаконному обороту оружия, боеприпасов и взрывчатых веществ. Статистика показала, что благодаря действию областной госпрограммы по выкупу у населения оружия, южноуральцы стали активнее разоружаться. Увеличилось финансирование, с 800 тысяч рублей до 1,2 млн. рублей, — увеличилось и количество сданного оружия. С начала 2016 года было сдано 414 единиц огнестрельного оружия и 1,5 тысячи единиц боеприпасов. Все это, соответственно, привело к снижению преступлений, связанных с оборотом и использованием оружия. В этой связи Борис Дубровский решил направить дополнительные средства на премирование южноуральцев, добровольно разоружившихся. В Кусинском районе прием оружия, сдаваемого гражданами на утилизацию, уже стартовало и продолжится до израсходования выделенных денежных средств. Жители, желающие добровольно сдать оружие, могут обращаться в отдел МВД по адресу: г. Куса, ул. Советская, дом № 16. Также сотрудники полиции могут принять незаконно хранящееся оружие по месту жительства обратившегося, если состояние его здоровья не позволяет прибыть лично в отдел. Подать заявление можно по телефонам: 02, 3-02-02, 3-39-22, 3-14-70.
</post>
<signature>

</signature>
<external_links>

</external_links>
<country>RU</country>
<main_image></main_image>
</document>
