<?xml version="1.0" encoding="UTF-8"?>
<document>
<type>mainstream</type>
<forum>http://timesofindia.indiatimes.com/city/amritsar/articlelist/48264748.cms</forum>
<forum_title>Amritsar News, Latest Amritsar News Headlines &amp;amp; Live Updates - Times of India</forum_title>
<discussion_title>SLK seeks guv&apos;s help for corridor to Kartarpur Sahib</discussion_title>
<language>english</language>
<gmt_offset></gmt_offset>
<topic_url>http://timesofindia.indiatimes.com/city/amritsar/SLK-seeks-guvs-help-for-corridor-to-Kartarpur-Sahib/articleshow/52214008.cms</topic_url>
<topic_text>
Amritsar: After having failed to persuade the state government to take up the issue of building a corridor between Dera Baba Nanak at Gurdaspur in India and Kartarpur Sahib at Narowal in Pakistan a distance of nearly 4km with the Centre, a group has now sought Punjab governor Kaptan Singh Solanki&apos;s intervention in the matter.
Founder of Sangat Langha Kartarpur (SLK), an organization demanding the corridor, B S Goraya said that that they had submitted a memorandum to Solanki on Monday making an appeal to him. He said that Punjab legislative assembly had unanimously passed a resolution on October 1, 2010, asking the Union government to take up issue of the corridor with the Pakistan government.
&quot;The government has made arrangement for the visit of Hindu and Sikh jathas (groups of pilgrims) to various religious places in Pakistan, including Hinglaj temple, Katasraj, Nankana sahib and various other gurdwaras. But we are still unable to visit Gurdwara Kartarpur Sahib where Sikhs first master Guru Nanak Dev breathed his last,&quot; he added.
For a 4 kilometre distance, the devotees have to pass through cumbersome visa process and travel around 225 kilometres. &quot;With corridor in place, we would be able to pay obeisance at Gurdwara Kartarpur Sahib and return the very same day,&quot; he said.
At present, devotees gathers at international border and offer prayers while looking at Gurdwara Kartarpur Sahib which is visible on any clear day.
He said opening a corridor between two nations would strengthen the BJP government&apos;s secular image. He also wondered as to what was stopping the successive governments at the Centre in taking up the issue which was so close to the hearts of Sikhs.
</topic_text>
<spam_score>0.00</spam_score>
<post_num>1</post_num>
<post_id>post-1</post_id>
<post_url>http://timesofindia.indiatimes.com/city/amritsar/SLK-seeks-guvs-help-for-corridor-to-Kartarpur-Sahib/articleshow/52214008.cms</post_url>
<post_date>20160511</post_date>
<post_time>0132</post_time>
<username>Yudhvir Rana</username>
<post>
Amritsar: After having failed to persuade the state government to take up the issue of building a corridor between Dera Baba Nanak at Gurdaspur in India and Kartarpur Sahib at Narowal in Pakistan a distance of nearly 4km with the Centre, a group has now sought Punjab governor Kaptan Singh Solanki&apos;s intervention in the matter.
Founder of Sangat Langha Kartarpur (SLK), an organization demanding the corridor, B S Goraya said that that they had submitted a memorandum to Solanki on Monday making an appeal to him. He said that Punjab legislative assembly had unanimously passed a resolution on October 1, 2010, asking the Union government to take up issue of the corridor with the Pakistan government.
&quot;The government has made arrangement for the visit of Hindu and Sikh jathas (groups of pilgrims) to various religious places in Pakistan, including Hinglaj temple, Katasraj, Nankana sahib and various other gurdwaras. But we are still unable to visit Gurdwara Kartarpur Sahib where Sikhs first master Guru Nanak Dev breathed his last,&quot; he added.
For a 4 kilometre distance, the devotees have to pass through cumbersome visa process and travel around 225 kilometres. &quot;With corridor in place, we would be able to pay obeisance at Gurdwara Kartarpur Sahib and return the very same day,&quot; he said.
At present, devotees gathers at international border and offer prayers while looking at Gurdwara Kartarpur Sahib which is visible on any clear day.
He said opening a corridor between two nations would strengthen the BJP government&apos;s secular image. He also wondered as to what was stopping the successive governments at the Centre in taking up the issue which was so close to the hearts of Sikhs.
</post>
<signature>

</signature>
<external_links>

</external_links>
<country>IN</country>
<main_image>http://timesofindia.indiatimes.com/photo/47529300.cms</main_image>
</document>
