<?xml version="1.0" encoding="UTF-8"?>
<document>
<type>mainstream</type>
<forum>http://www.lavanguardia.com/economia</forum>
<forum_title>Economía en La Vanguardia</forum_title>
<discussion_title>El banco del Vaticano anuncia su total saneamiento</discussion_title>
<language>spanish</language>
<gmt_offset></gmt_offset>
<topic_url>http://www.lavanguardia.com/internacional/20160512/401746940950/banco-vaticano-ior-saneamiento-4935-cuentas-cerradas.html</topic_url>
<topic_text>
El banco del Vaticano , el IOR ( Instituto de Obras para la religión ), anunció este jueves que ha completado su &quot;profunda obra de saneamiento&quot; y que ha cerrado 4.935 cuentas desde 2013.
Con ocasión de la presentación hoy de los resultados del ejercicio de 2015, el presidente del banco, Jean-Baptiste De Franssu, explicó en Radio Vaticano que ahora &quot;es imposible lavar dinero en el IOR&quot;, aunque reconoció que &quot;en el pasado pudo ocurrir, como en muchas instituciones financieras de todo el mundo&quot;.
Precisó que el número de cuentas cerradas no se debe a que fueran &quot;sospechosas respecto a las normas de la Aml (Anti Lavado de Capitales)&quot; sino que muchas de ellas lo fueron porque no se correspondían con los nuevos criterios de los clientes o porque estaban inactivas desde hace mucho tiempo. &quot;Las posiciones sospechosas fueron denunciadas a las autoridades competentes&quot;, aseguró. &quot;Las reglas son muy severas y todo el equipo que trabaja en el IOR ha sido preparado para conocer, comprender y respetar estas reglas&quot;, añadió el presidente del banco, quien agregó que tras los acuerdos con otros Estados de intercambio de información bancaria &quot;es el último banco que se elegiría para lavar dinero&quot;.
Respecto a los resultados de 2015, el IOR comunicó un beneficio neto de 16,1 millones de euros, frente a los 69,3 millones de euros del año anterior, debido &quot;a un contexto de bajos tipos de interés y la incertidumbre del mercado financiero&quot;, explicó la entidad bancaria del Vaticano en una nota.
El resultado operativo fue el año pasado de 42,8 millones de euros, frente a los 104,5 millones de 2014, mientras que a 31 de diciembre, el patrimonio del Instituto era de 654 millones de euros.
Los clientes del IOR son cerca de 15.000 y no todos pueden abrir una cuenta ya que deben ser representantes de la Santa Sede y de sus instituciones, órdenes religiosas y miembros del clero y trabajadores en la Ciudad del Vaticano o miembros acreditados del cuerpo diplomático.
En total, el 75% de los clientes del IOR tiene su sede en Italia y el Vaticano, el 15% en Europa y el 10% en el resto del mundo.
Ante la pregunta de si es necesario un banco vaticano, De Franssu dijo que se trata de un Estado que tiene una economía propia y, por tanto, se necesita un ente que permita operar al resto de entes económicos del Vaticano. Agregó que el IOR ayuda a las congregaciones, instituciones y diócesis a gestionar su patrimonio.
</topic_text>
<spam_score>0.00</spam_score>
<post_num>2</post_num>
<post_id>post-2</post_id>
<post_url>http://www.lavanguardia.com/internacional/20160512/401746940950/banco-vaticano-ior-saneamiento-4935-cuentas-cerradas.html</post_url>
<post_date>20160512</post_date>
<post_time>1507</post_time>
<username>catindepe25</username>
<post>
Ahora sólo falta que extraditen desde EEUU al cardenal Marcinkus. El Juzgado de Torre Anunziata todavia lo está esperando.
</post>
<signature>

</signature>
<external_links>

</external_links>
<country>ES</country>
<main_image>http://www.lavanguardia.com/r/GODO/LV/p3/WebSite/2016/05/12/Recortada/AFP_AB15W_20160507131220-km0E--992x558@LaVanguardia-Web.jpg</main_image>
</document>
