<?xml version="1.0" encoding="UTF-8"?>
<document>
<type>mainstream</type>
<forum>http://www.cbs8.com/category/307361/business-wire</forum>
<forum_title>Business Wire - CBS News 8 - San Diego, CA News Station - KFMB Channel 8</forum_title>
<discussion_title>Russell Investments Mobilizes Asset Allocation Expertise Globall</discussion_title>
<language>english</language>
<gmt_offset></gmt_offset>
<topic_url>http://www.cbs8.com/story/31957909/russell-investments-mobilizes-asset-allocation-expertise-globally</topic_url>
<topic_text>
Newly dedicated team to drive further innovation in multi-asset solutions
SEATTLE --(BUSINESS WIRE) Russell Investments, a global asset manager providing multi-asset portfolios and services that include advice, investments and implementation, today announced the formation of a new team within its investment division. The Global Client Strategy &amp; Research (GCS&amp;R) team is charged with integrating the firm’s full breadth of asset allocation expertise across regions and businesses, enhancing its ability to design innovative strategies for multi-asset solutions.
“Investors increasingly want the asset management industry to focus on their individual outcomes, whether it’s increasing or preserving funded status for a pension plan or building a reliable stream of retirement income for an individual,” said Jeff Hussey , global chief investment officer at Russell Investments. “Multi-asset solutions offer investors the wide range of levers required to meet one’s investing goals, particularly amid volatile markets; and asset allocation is one of the most important considerations for translating objectives into true outcomes.”
Kevin Turner , a 21-year veteran of Russell Investments, has been appointed to lead the new GCS&amp;R team, reporting to Brian Meath , global chief investment officer, multi-asset solutions. Turner, who now holds the title of managing director, global head of Client Strategy &amp; Research, most recently served as the head of consulting for the firm’s institutional business in North America. He brings a deep understanding of investor needs and a clear vision for leveraging Russell Investments’ robust thought leadership in asset allocation to this new role in order to drive outcomes for clients.
“Studying the diversity of asset classes to understand how they interact in different market environments—both in their own right and when combined—and using that knowledge to design innovative solutions for investors, has been a core focus at Russell Investments for decades,” said Meath. “We believe that combining our full range of asset allocation expertise and capital markets insights within a dedicated global team, under Kevin’s insightful leadership, will produce a more powerful resource for clients and enhance Russell Investments’ position as a leading global provider of multi-asset solutions.”
Russell Investments defines multi-asset as solutions that combine asset allocation, capital markets insights, factor exposures, manager research and customized portfolio implementation. To learn more about the firm’s approach to achieving investor outcomes through a multi-asset approach , watch this video .
About Russell Investments
Russell Investments, a global asset manager, is one of only a few firms that offers actively managed multi-asset portfolios and services which include advice, investments and implementation. Russell Investments stands with institutional investors, financial advisors and individuals working with their advisors—using the firm’s core capabilities that extend across capital market insights, manager research, asset allocation, portfolio implementation and factor exposures to help each achieve their desired investment outcomes.
Russell Investments has more than $247 billion in assets under management (as of 3/31/2016) and works with more than 2,500 institutional clients, independent distribution partners and individual investors globally. As a consultant to some of the largest pools of capital in the world, Russell Investments has $2.2 trillion in assets under advisement (as of 6/30/2015). The firm has four decades of experience researching and selecting investment managers and meets annually with more than 2,200 managers around the world. Russell Investments also traded more than $2 trillion in 2015 through its implementation services business.
Headquartered in Seattle, Washington, Russell Investments is wholly owned by London Stock Exchange Group (LSEG) and operates globally, including through its offices in Seattle, New York, London, Paris, Amsterdam, Milan, Dubai, Sydney, Melbourne, Auckland, Seoul, Tokyo, Shanghai, Beijing, Toronto, Chicago and Milwaukee. For more information about how Russell Investments helps to improve financial security for people, visit www.russellinvestments.com or follow @Russell_Invest .
###
Investing involves risk and principal loss is possible.
Investments that are allocated across multiple types of securities may be exposed to a variety of risks based on the asset classes, investment styles, market sectors, and size of companies preferred by the investment managers. Investors should consider how the combined risks impact their total investment portfolio and understand that different risks can lead to varying financial consequences, including loss of principal.
Russell Investments is a trade name and registered trademark of Frank Russell Company, a Washington USA corporation, which operates through subsidiaries worldwide and is part of London Stock Exchange Group.
Nothing contained in this material is intended to constitute legal, tax, securities, or investment advice, nor an opinion regarding the appropriateness of any investment, nor a solicitation of any type. The general information contained in this publication should not be acted upon without obtaining specific legal, tax, and investment advice from a licensed professional.
 //www.businesswire.com/news/home/20160512006070/en/
Russell Investments
Steve Claiborne, 206-505-1858
newsroom@russellinvestments.com
or
The Neibart Group
Emily Serafin, 718-875-2122
russell_investments@neibartgroup.com
 
</topic_text>
<spam_score>0.00</spam_score>
<post_num>1</post_num>
<post_id>post-1</post_id>
<post_url>http://www.cbs8.com/story/31957909/russell-investments-mobilizes-asset-allocation-expertise-globally</post_url>
<post_date>20160512</post_date>
<post_time>1136</post_time>
<username>cbs8</username>
<post>
Newly dedicated team to drive further innovation in multi-asset solutions
SEATTLE --(BUSINESS WIRE) Russell Investments, a global asset manager providing multi-asset portfolios and services that include advice, investments and implementation, today announced the formation of a new team within its investment division. The Global Client Strategy &amp; Research (GCS&amp;R) team is charged with integrating the firm’s full breadth of asset allocation expertise across regions and businesses, enhancing its ability to design innovative strategies for multi-asset solutions.
“Investors increasingly want the asset management industry to focus on their individual outcomes, whether it’s increasing or preserving funded status for a pension plan or building a reliable stream of retirement income for an individual,” said Jeff Hussey , global chief investment officer at Russell Investments. “Multi-asset solutions offer investors the wide range of levers required to meet one’s investing goals, particularly amid volatile markets; and asset allocation is one of the most important considerations for translating objectives into true outcomes.”
Kevin Turner , a 21-year veteran of Russell Investments, has been appointed to lead the new GCS&amp;R team, reporting to Brian Meath , global chief investment officer, multi-asset solutions. Turner, who now holds the title of managing director, global head of Client Strategy &amp; Research, most recently served as the head of consulting for the firm’s institutional business in North America. He brings a deep understanding of investor needs and a clear vision for leveraging Russell Investments’ robust thought leadership in asset allocation to this new role in order to drive outcomes for clients.
“Studying the diversity of asset classes to understand how they interact in different market environments—both in their own right and when combined—and using that knowledge to design innovative solutions for investors, has been a core focus at Russell Investments for decades,” said Meath. “We believe that combining our full range of asset allocation expertise and capital markets insights within a dedicated global team, under Kevin’s insightful leadership, will produce a more powerful resource for clients and enhance Russell Investments’ position as a leading global provider of multi-asset solutions.”
Russell Investments defines multi-asset as solutions that combine asset allocation, capital markets insights, factor exposures, manager research and customized portfolio implementation. To learn more about the firm’s approach to achieving investor outcomes through a multi-asset approach , watch this video .
About Russell Investments
Russell Investments, a global asset manager, is one of only a few firms that offers actively managed multi-asset portfolios and services which include advice, investments and implementation. Russell Investments stands with institutional investors, financial advisors and individuals working with their advisors—using the firm’s core capabilities that extend across capital market insights, manager research, asset allocation, portfolio implementation and factor exposures to help each achieve their desired investment outcomes.
Russell Investments has more than $247 billion in assets under management (as of 3/31/2016) and works with more than 2,500 institutional clients, independent distribution partners and individual investors globally. As a consultant to some of the largest pools of capital in the world, Russell Investments has $2.2 trillion in assets under advisement (as of 6/30/2015). The firm has four decades of experience researching and selecting investment managers and meets annually with more than 2,200 managers around the world. Russell Investments also traded more than $2 trillion in 2015 through its implementation services business.
Headquartered in Seattle, Washington, Russell Investments is wholly owned by London Stock Exchange Group (LSEG) and operates globally, including through its offices in Seattle, New York, London, Paris, Amsterdam, Milan, Dubai, Sydney, Melbourne, Auckland, Seoul, Tokyo, Shanghai, Beijing, Toronto, Chicago and Milwaukee. For more information about how Russell Investments helps to improve financial security for people, visit www.russellinvestments.com or follow @Russell_Invest .
###
Investing involves risk and principal loss is possible.
Investments that are allocated across multiple types of securities may be exposed to a variety of risks based on the asset classes, investment styles, market sectors, and size of companies preferred by the investment managers. Investors should consider how the combined risks impact their total investment portfolio and understand that different risks can lead to varying financial consequences, including loss of principal.
Russell Investments is a trade name and registered trademark of Frank Russell Company, a Washington USA corporation, which operates through subsidiaries worldwide and is part of London Stock Exchange Group.
Nothing contained in this material is intended to constitute legal, tax, securities, or investment advice, nor an opinion regarding the appropriateness of any investment, nor a solicitation of any type. The general information contained in this publication should not be acted upon without obtaining specific legal, tax, and investment advice from a licensed professional.
 //www.businesswire.com/news/home/20160512006070/en/
Russell Investments
Steve Claiborne, 206-505-1858
newsroom@russellinvestments.com
or
The Neibart Group
Emily Serafin, 718-875-2122
russell_investments@neibartgroup.com
 
</post>
<signature>

</signature>
<external_links>
<external_link>http://cts.businesswire.com/ct/CT?id=smartlink&amp;url=https%3A%2F%2Fwww.youtube.com%2Fwatch%3Fv%3DC0XqvSkb1f0&amp;esheet=51341365&amp;newsitemid=20160512006070&amp;lan=en-US&amp;anchor=this+video&amp;index=2&amp;md5=78a3da2a12d26b441c733a7bbc30d5c1</external_link><external_link>http://purl.org/rss/1.0/modules/content/</external_link><external_link>http://cts.businesswire.com/ct/CT?id=smartlink&amp;url=https%3A%2F%2Ftwitter.com%2Frussell_invest&amp;esheet=51341365&amp;newsitemid=20160512006070&amp;lan=en-US&amp;anchor=%40Russell_Invest&amp;index=4&amp;md5=d02e2cbb95f107c7c5417c7b09fe0148</external_link><external_link>http://www.businesswire.com/news/home/20160512006070/en/</external_link><external_link>http://cts.businesswire.com/ct/CT?id=bwnews&amp;sty=20160512006070r1&amp;sid=56987&amp;distro=ftp</external_link><external_link>http://cts.businesswire.com/ct/CT?id=smartlink&amp;url=http%3A%2F%2Fwww.russell.com%2Fus%2Fmulti-asset-solutions%2Fdefault.page&amp;esheet=51341365&amp;newsitemid=20160512006070&amp;lan=en-US&amp;anchor=multi-asset+approach&amp;index=1&amp;md5=f7d008a22c277a3dfd8a351c6e4a9611</external_link><external_link>http://cts.businesswire.com/ct/CT?id=smartlink&amp;url=http%3A%2F%2Fwww.russellinvestments.com&amp;esheet=51341365&amp;newsitemid=20160512006070&amp;lan=en-US&amp;anchor=www.russellinvestments.com&amp;index=3&amp;md5=783bde0a0ddb7c52c73dec9d999fde73</external_link>
</external_links>
<country>US</country>
<main_image>http://businesswire.images.worldnow.com/images/10540919_G.jpg</main_image>
</document>
