<?xml version="1.0" encoding="UTF-8"?>
<document>
<type>mainstream</type>
<forum>http://www.dailymail.co.uk/news/articles.rss</forum>
<forum_title>News Articles | Mail Online</forum_title>
<discussion_title>Ten UFOs recorded in the skies over New Zealand in the past six years</discussion_title>
<language>english</language>
<gmt_offset></gmt_offset>
<topic_url>http://www.dailymail.co.uk/news/article-3584860/Ten-UFOs-recorded-skies-New-Zealand-past-six-years.html</topic_url>
<topic_text>
53 shares 56
View
comments
Authorities have recorded 10 UFO sightings in the skies above New Zealand over the past six years.
A list of unusual occurrences released to the New Zealand Herald contains sightings of unidentified objects and mysterious lights - but no aliens or flying sauces.
Among witness accounts are an &apos;unidentified red and orange light&apos; over Christchurch in 2015; moving lights in the Bay of Plenty and Hamilton, in the North Island, in 2013; and a star shaped object seen by a pilot within 400 to 500 of his plane&apos;s wingtip.
Scroll down for video
An Australian film crew working in New Zealand in 2014 inadvertently recorded two objects in the sky
The reports, which were recorded by New Zealand&apos;s Civil Aviation Authority (CAA), do not include a number of more recent sightings, the New Zealand Herald reported.
Suzanne Hansen, of the Ufocus NZ Research Network, told the newspaper that not everyone reported UFOs as there was &apos;still some resistance to the idea&apos;.
 Next UFO expert spots disk-shaped craft speeding high above the... Friends in powerful places? UFO hunters claim they have a... One incident that was not recorded by the CAA was a report from an Australian film crew working in New Zealand in 2014.
The crew, who were filming Colour in Your Life, inadvertently recorded two strange objects in the sky. They only noticed the objects while editing.
After slowing down the video and watching it frame by frame, the two shapes can be seen emerging from the trees, moving up into the sky and then disappearing.
All this managed to take place before a motorcyclist, also in the shot&apos;s background, rode cross the bridge they were filming near.
Certain that what they&apos;d captured was a UFO, the team decided to post the video online and &apos;see what everyone thought.&apos;
In 2010, the New Zealand Government released previously secret reports detailing thousands of unexplained sightings stretching back to 1952.
The Colour in Your Life crew said they didn&apos;t notice the flying objects until they started editing their footage
After slowing down the video and watching it frame by frame, the two shapes can be seen emerging from the trees
</topic_text>
<spam_score>0.00</spam_score>
<post_num>24</post_num>
<post_id>post-24</post_id>
<post_url>http://www.dailymail.co.uk/news/article-3584860/Ten-UFOs-recorded-skies-New-Zealand-past-six-years.html</post_url>
<post_date>20160512</post_date>
<post_time>0714</post_time>
<username>Hurricane123</username>
<post>
Now that drones have been invented, they could very well be drones and not ufos
</post>
<signature>

</signature>
<external_links>

</external_links>
<country>GB</country>
<main_image>http://i.dailymail.co.uk/i/pix/2016/05/11/14/340A651B00000578-0-image-a-47_1462973666030.jpg</main_image>
</document>
