<?xml version="1.0" encoding="UTF-8"?>
<document>
<type>mainstream</type>
<forum>http://www.cbs8.com/category/307361/business-wire</forum>
<forum_title>Business Wire - CBS News 8 - San Diego, CA News Station - KFMB Channel 8</forum_title>
<discussion_title>In Wake of Panama Papers, Cybersecurity Technology Innovator From Intensity Analytics to Speak on Technology Solutions for Law Firms</discussion_title>
<language>english</language>
<gmt_offset></gmt_offset>
<topic_url>http://www.cbs8.com/story/31956895/in-wake-of-panama-papers-cybersecurity-technology-innovator-from-intensity-analytics-to-speak-on-technology-solutions-for-law-firms</topic_url>
<topic_text>
--(BUSINESS WIRE) Intensity Analytics:
WHO:
Industry leader and co-founder of Intensity Analytics John Rome will speak on a cybersecurity panel.
WHAT:
Last month, the largest data breach in history saw 11.5 million client documents leaked from a single law firm in Panama. Cyberattackers are targeting law firms by name. WHY:
Because they know that law firms can be the least-fortified path to some of the most valuable data – intellectual property as well as inside information on pending M&amp;A transactions. Attorney and cybersecurity innovator John Rome will join a distinguished panel of legal industry experts in a discussion on the future of the practice of law and technical innovations attorneys can put to work for the benefit of their clients. WHEN:
Thursday, May 19 th / 5:30 p.m. – 8:30 p.m. MT
WHERE:
Lawgical/Legal Talk Network, 3120 Blake Street, Denver, CO 80205
The Client-Driven Technology Solutions event is organized by EvolveLaw and Lawgical as part of a nationwide series of conversations aimed at bridging the gap between innovators and the legal community. It offers an opportunity to network with Denver-area lawyers, view technical demonstrations and hear from legal-industry veterans.
http://evolvelawnow.com/event/client-driven-technology-solutions
ABOUT:
Intensity Analytics is a privately held behavioral security solutions company formed in 2009 by veteran entrepreneurs with decades of experience working together on enterprise software projects for Fortune 500 companies and large government agencies. We use physical behavioral analytics to recognize users at login, and after login, by how they type without using personal information, tokens or special hardware. Legacy attempts have not succeeded because they use biometrics or judge behavior by habit. That’s not useful for authentication nor blocking stolen credentials. The company has achieved independently verified breakthroughs in multidimensional mathematics to finally answer the critical question: who is at the keyboard . We protect your business from password hackers and malicious insiders, and help keep your reputation intact. For more information visit www.intensityanalytics.com .
 //www.businesswire.com/news/home/20160512005244/en/
The Blueshirt Group
Alex Wellins
alex@blueshirtgroup.com
 
</topic_text>
<spam_score>0.00</spam_score>
<post_num>1</post_num>
<post_id>post-1</post_id>
<post_url>http://www.cbs8.com/story/31956895/in-wake-of-panama-papers-cybersecurity-technology-innovator-from-intensity-analytics-to-speak-on-technology-solutions-for-law-firms</post_url>
<post_date>20160512</post_date>
<post_time>1021</post_time>
<username>cbs8</username>
<post>
--(BUSINESS WIRE) Intensity Analytics:
WHO:
Industry leader and co-founder of Intensity Analytics John Rome will speak on a cybersecurity panel.
WHAT:
Last month, the largest data breach in history saw 11.5 million client documents leaked from a single law firm in Panama. Cyberattackers are targeting law firms by name. WHY:
Because they know that law firms can be the least-fortified path to some of the most valuable data – intellectual property as well as inside information on pending M&amp;A transactions. Attorney and cybersecurity innovator John Rome will join a distinguished panel of legal industry experts in a discussion on the future of the practice of law and technical innovations attorneys can put to work for the benefit of their clients. WHEN:
Thursday, May 19 th / 5:30 p.m. – 8:30 p.m. MT
WHERE:
Lawgical/Legal Talk Network, 3120 Blake Street, Denver, CO 80205
The Client-Driven Technology Solutions event is organized by EvolveLaw and Lawgical as part of a nationwide series of conversations aimed at bridging the gap between innovators and the legal community. It offers an opportunity to network with Denver-area lawyers, view technical demonstrations and hear from legal-industry veterans.
http://evolvelawnow.com/event/client-driven-technology-solutions
ABOUT:
Intensity Analytics is a privately held behavioral security solutions company formed in 2009 by veteran entrepreneurs with decades of experience working together on enterprise software projects for Fortune 500 companies and large government agencies. We use physical behavioral analytics to recognize users at login, and after login, by how they type without using personal information, tokens or special hardware. Legacy attempts have not succeeded because they use biometrics or judge behavior by habit. That’s not useful for authentication nor blocking stolen credentials. The company has achieved independently verified breakthroughs in multidimensional mathematics to finally answer the critical question: who is at the keyboard . We protect your business from password hackers and malicious insiders, and help keep your reputation intact. For more information visit www.intensityanalytics.com .
 //www.businesswire.com/news/home/20160512005244/en/
The Blueshirt Group
Alex Wellins
alex@blueshirtgroup.com
 
</post>
<signature>

</signature>
<external_links>
<external_link>http://purl.org/rss/1.0/modules/content/</external_link><external_link>http://cts.businesswire.com/ct/CT?id=smartlink&amp;url=http%3A%2F%2Fevolvelawnow.com%2Fevent%2Fclient-driven-technology-solutions&amp;esheet=51340799&amp;newsitemid=20160512005244&amp;lan=en-US&amp;anchor=http%3A%2F%2Fevolvelawnow.com%2Fevent%2Fclient-driven-technology-solutions&amp;index=5&amp;md5=c274f39962ec7cb0d281614602243bd5</external_link><external_link>http://cts.businesswire.com/ct/CT?id=smartlink&amp;url=http%3A%2F%2Fevolvelawnow.com%2F&amp;esheet=51340799&amp;newsitemid=20160512005244&amp;lan=en-US&amp;anchor=EvolveLaw&amp;index=3&amp;md5=81c4ef30a343a5ffdc16ef3a8ed41f5b</external_link><external_link>http://cts.businesswire.com/ct/CT?id=smartlink&amp;url=http%3A%2F%2Fwww.intensityanalytics.com&amp;esheet=51340799&amp;newsitemid=20160512005244&amp;lan=en-US&amp;anchor=www.intensityanalytics.com&amp;index=6&amp;md5=e40ba3710a13bb8f3beeffdf696efd02</external_link><external_link>http://cts.businesswire.com/ct/CT?id=bwnews&amp;sty=20160512005244r1&amp;sid=56987&amp;distro=ftp</external_link><external_link>http://evolvelawnow.com/event/client-driven-technology-solutions</external_link><external_link>http://cts.businesswire.com/ct/CT?id=smartlink&amp;url=http%3A%2F%2Fwww.lawgical.com%2F&amp;esheet=51340799&amp;newsitemid=20160512005244&amp;lan=en-US&amp;anchor=Lawgical&amp;index=4&amp;md5=7ac9f301c89d7f6b0fb91f21da2d5567</external_link><external_link>http://www.businesswire.com/news/home/20160512005244/en/</external_link><external_link>http://cts.businesswire.com/ct/CT?id=smartlink&amp;url=http%3A%2F%2Fwww.intensityanalytics.com%2F&amp;esheet=51340799&amp;newsitemid=20160512005244&amp;lan=en-US&amp;anchor=Intensity+Analytics&amp;index=1&amp;md5=cd1c6491fe356181ca644baf0aa738ef</external_link><external_link>http://cts.businesswire.com/ct/CT?id=smartlink&amp;url=http%3A%2F%2Fwww.intensityanalytics.com%2Fcompany%2Fleadership-team%2F&amp;esheet=51340799&amp;newsitemid=20160512005244&amp;lan=en-US&amp;anchor=John+Rome&amp;index=2&amp;md5=b87a61eea053ffdbfb82c39a963517a6</external_link>
</external_links>
<country>US</country>
<main_image></main_image>
</document>
