<?xml version="1.0" encoding="UTF-8"?>
<document>
<type>mainstream</type>
<forum></forum>
<forum_title></forum_title>
<discussion_title>Histórica gesta del lanzador Max Scherzer</discussion_title>
<language>spanish</language>
<gmt_offset></gmt_offset>
<topic_url>http://www.primerahora.com/deportes/beisbol/nota/historicagestadellanzadormaxscherzer-1152910/</topic_url>
<topic_text>
Histórica gesta del lanzador Max Scherzer Por José Ayala Gordián 05/11/2016 |10:24 p.m. 0 En total, Scherzer enfrentó a 33 bateadores y realizó 119 lanzamientos. (AP) El abridor de los Nacionales ponchó a 20 bateadores en la victoria sobre los Tigres de Detroit 
El veterano lanzador derecho de los Nacionales de Washington, Max Scherzer, empató hoy, miércoles, la marca de más ponches en un partido de nueve entradas al tiempo que Washington superó, 3-2, a los Tigres de Detroit. 
Scherzer se unió a los retirados lanzadores Roger Clemens, Randy Johnson y Kerry Wood como los únicos en las Grandes Ligas en registrar 20 ponches en un desafío a nueve entradas. Clemens logró la gesta en dos ocasiones (1986 y 1996) con los Medias Rojas de Boston, mientras que Wood abanicó a 20 bateadores en un partido de 1998 en uniforme de los Cachorros de Chicago. Johnson lo logró en el 2001, con los Diamondbacks de Arizona, en un choque contra los Rojos de Cincinnati. 
El lanzador natural de Missouri firmó en el 2015 un contrato a siete años con los Nacionales valorado en $210 millones. Scherzer abrió el partido ponchando a J.D. Martínez y a Miguel Cabrera, y en la segunda vuelta, luego de permitirle un sencillo a Víctor Martínez, abanicó a Justin Upton, a James McCann y a Anthony Gose. 
Your browser does not support iframes. 
José Iglesias recibió a Scherzer con un jonrón solitario en la tercera, pero luego retiró mediante ponches a Jordan Zimmermann, a Ian Kinsler y a Martínez por segunda ocasión. En el resto del partido, Scherzer registró un ponche en la cuarta entrada, dos en la quinta, sexta y séptima, tres en la octava y dos para cerrar el noveno acto. 
En total, Scherzer enfrentó a 33 bateadores y realizó 119 lanzamientos. Kinsler, J.D. Martínez, Cabrera, McCann y Gose se poncharon tres veces cada uno en el partido, Upton abanicó en dos ocasiones e Iglesias y Zimmermann se poncharon una vez. Víctor Martínez fue el único jugador de la alineación inicial que no se ponchó. 
Scherzer alcanzó el total de ponches para un juego de nueve entradas (17) de su carrera en el 2015 como parte de un partido sin hits que lanzó contra los Mets de Nueva York; los 17 ponches también era la marca para la franquicia de los Nacionales. 
</topic_text>
<spam_score>0.00</spam_score>
<post_num>1</post_num>
<post_id>post-1</post_id>
<post_url>http://www.primerahora.com/deportes/beisbol/nota/historicagestadellanzadormaxscherzer-1152910/</post_url>
<post_date>20160511</post_date>
<post_time></post_time>
<username></username>
<post>
Histórica gesta del lanzador Max Scherzer Por José Ayala Gordián 05/11/2016 |10:24 p.m. 0 En total, Scherzer enfrentó a 33 bateadores y realizó 119 lanzamientos. (AP) El abridor de los Nacionales ponchó a 20 bateadores en la victoria sobre los Tigres de Detroit 
El veterano lanzador derecho de los Nacionales de Washington, Max Scherzer, empató hoy, miércoles, la marca de más ponches en un partido de nueve entradas al tiempo que Washington superó, 3-2, a los Tigres de Detroit. 
Scherzer se unió a los retirados lanzadores Roger Clemens, Randy Johnson y Kerry Wood como los únicos en las Grandes Ligas en registrar 20 ponches en un desafío a nueve entradas. Clemens logró la gesta en dos ocasiones (1986 y 1996) con los Medias Rojas de Boston, mientras que Wood abanicó a 20 bateadores en un partido de 1998 en uniforme de los Cachorros de Chicago. Johnson lo logró en el 2001, con los Diamondbacks de Arizona, en un choque contra los Rojos de Cincinnati. 
El lanzador natural de Missouri firmó en el 2015 un contrato a siete años con los Nacionales valorado en $210 millones. Scherzer abrió el partido ponchando a J.D. Martínez y a Miguel Cabrera, y en la segunda vuelta, luego de permitirle un sencillo a Víctor Martínez, abanicó a Justin Upton, a James McCann y a Anthony Gose. 
Your browser does not support iframes. 
José Iglesias recibió a Scherzer con un jonrón solitario en la tercera, pero luego retiró mediante ponches a Jordan Zimmermann, a Ian Kinsler y a Martínez por segunda ocasión. En el resto del partido, Scherzer registró un ponche en la cuarta entrada, dos en la quinta, sexta y séptima, tres en la octava y dos para cerrar el noveno acto. 
En total, Scherzer enfrentó a 33 bateadores y realizó 119 lanzamientos. Kinsler, J.D. Martínez, Cabrera, McCann y Gose se poncharon tres veces cada uno en el partido, Upton abanicó en dos ocasiones e Iglesias y Zimmermann se poncharon una vez. Víctor Martínez fue el único jugador de la alineación inicial que no se ponchó. 
Scherzer alcanzó el total de ponches para un juego de nueve entradas (17) de su carrera en el 2015 como parte de un partido sin hits que lanzó contra los Mets de Nueva York; los 17 ponches también era la marca para la franquicia de los Nacionales. 
</post>
<signature>

</signature>
<external_links>

</external_links>
<country>US</country>
<main_image>http://rec-eph.gfrcdn.net/images/2016/05/11/maxscherzer.jpg</main_image>
</document>
