<?xml version="1.0" encoding="UTF-8"?>
<document>
<type>mainstream</type>
<forum></forum>
<forum_title></forum_title>
<discussion_title>Ivonne Orsini se transforma en una mutante de X-Men</discussion_title>
<language>spanish</language>
<gmt_offset></gmt_offset>
<topic_url>http://www.primerahora.com/entretenimiento/farandula/nota/ivonneorsinisetransformaenunamutantedexmen-1152788/</topic_url>
<topic_text>
Por Primerahora.com (Suministrada) 
La presentadora de Viva la Tarde, Ivonne Orsini, se sometió a una sesión de “body painting” para convertirse en “Mystique”, una de las mutantes de X-Men. 
La modelo, quien se destaca por ser atleta y aficionada de los ejercicios, mostró su transformación a través de un vídeo que detalla el proceso. 
Tanto en los cómics como en las películas de los X-Men, Mystique es una mutante de piel azul que posee la habilidad de cambiar su aspecto. El personaje es uno de los primeros miembros de La Hermandad de Mutantes y es uno de los más leales a Magneto, el líder del grupo adversario de los X-Men. 
X-Men: Apocalypse, la más reciente entrega de la serie cinematográfica que comenzó en el 2000, estrena en Puerto Rico el 19 de mayo. 
Ivonne Orsini se transforma en una X-Men 
Fue maquillada como el personaje de &quot;Mystique&quot;. 
</topic_text>
<spam_score>0.00</spam_score>
<post_num>1</post_num>
<post_id>post-1</post_id>
<post_url>http://www.primerahora.com/entretenimiento/farandula/nota/ivonneorsinisetransformaenunamutantedexmen-1152788/</post_url>
<post_date>20160511</post_date>
<post_time></post_time>
<username></username>
<post>
Por Primerahora.com (Suministrada) 
La presentadora de Viva la Tarde, Ivonne Orsini, se sometió a una sesión de “body painting” para convertirse en “Mystique”, una de las mutantes de X-Men. 
La modelo, quien se destaca por ser atleta y aficionada de los ejercicios, mostró su transformación a través de un vídeo que detalla el proceso. 
Tanto en los cómics como en las películas de los X-Men, Mystique es una mutante de piel azul que posee la habilidad de cambiar su aspecto. El personaje es uno de los primeros miembros de La Hermandad de Mutantes y es uno de los más leales a Magneto, el líder del grupo adversario de los X-Men. 
X-Men: Apocalypse, la más reciente entrega de la serie cinematográfica que comenzó en el 2000, estrena en Puerto Rico el 19 de mayo. 
Ivonne Orsini se transforma en una X-Men 
Fue maquillada como el personaje de &quot;Mystique&quot;. 
</post>
<signature>

</signature>
<external_links>

</external_links>
<country>US</country>
<main_image>http://rec-eph.gfrcdn.net/images/2016/05/11/ivoen.jpg</main_image>
</document>
