<?xml version="1.0" encoding="UTF-8"?>
<document>
<type>mainstream</type>
<forum>http://www.leparisien.fr/insolite</forum>
<forum_title>Actualité insolite, photos et vidéos insolite - Le Parisien</forum_title>
<discussion_title>JO-2016: l&apos;équipe de France d&apos;athlétisme choisit Sao Paulo comme camp de base</discussion_title>
<language>french</language>
<gmt_offset></gmt_offset>
<topic_url>http://www.leparisien.fr/flash-actualite-sports/jo-2016-l-equipe-de-france-d-athletisme-choisit-sao-paulo-comme-camp-de-base-12-05-2016-5789735.php</topic_url>
<topic_text>
L&apos;équipe de France d&apos;athlétisme établira son camp de base à Sao Paulo dans les derniers jours précédents les jeux Olympiques de Rio (5-21 août), a annoncé jeudi la Fédération française d&apos;athlétisme ( FFA ).
Les athlètes français s&apos;installeront du 2 au 13 août au centre de pratiques sportives de l&apos;Université de Sao Paulo ( CEPEUSP ), précise la FFA dans un communiqué.
&quot;La proximité de Rio et les conditions d&apos;entraînement du site sont excellentes&quot;, estime le Directeur technique national Ghani Yalouz .
Sao Paulo se situe à plus de 400 km à l&apos; Ouest de Rio , mais à un moins d&apos;une heure d&apos;avion.
Les épreuves d&apos;athlétisme des JO de Rio sont programmées du 12 au 21 août.
AFP
Réagir
</topic_text>
<spam_score>0.00</spam_score>
<post_num>1</post_num>
<post_id>post-1</post_id>
<post_url>http://www.leparisien.fr/flash-actualite-sports/jo-2016-l-equipe-de-france-d-athletisme-choisit-sao-paulo-comme-camp-de-base-12-05-2016-5789735.php</post_url>
<post_date>20160512</post_date>
<post_time>1727</post_time>
<username>leparisien.fr</username>
<post>
L&apos;équipe de France d&apos;athlétisme établira son camp de base à Sao Paulo dans les derniers jours précédents les jeux Olympiques de Rio (5-21 août), a annoncé jeudi la Fédération française d&apos;athlétisme ( FFA ).
Les athlètes français s&apos;installeront du 2 au 13 août au centre de pratiques sportives de l&apos;Université de Sao Paulo ( CEPEUSP ), précise la FFA dans un communiqué.
&quot;La proximité de Rio et les conditions d&apos;entraînement du site sont excellentes&quot;, estime le Directeur technique national Ghani Yalouz .
Sao Paulo se situe à plus de 400 km à l&apos; Ouest de Rio , mais à un moins d&apos;une heure d&apos;avion.
Les épreuves d&apos;athlétisme des JO de Rio sont programmées du 12 au 21 août.
AFP
Réagir
</post>
<signature>

</signature>
<external_links>

</external_links>
<country>FR</country>
<main_image>http://s1.lprs1.fr/images/2016/05/12/5789735_1a05af6eae2fcbba9e2654a7a34ad06ca882be1c.jpg</main_image>
</document>
