<?xml version="1.0" encoding="UTF-8"?>
<document>
<type>mainstream</type>
<forum>http://biertijd.com/xml-rss2.php</forum>
<forum_title>Biertijd.com</forum_title>
<discussion_title>Bachelor&apos;s Airport Security Surprise</discussion_title>
<language>dutch</language>
<gmt_offset></gmt_offset>
<topic_url>http://biertijd.com/index.php?itemid=60954</topic_url>
<topic_text>
This Is What We Live For! &gt;&gt; Bachelor&apos;s Airport Security Surprise Als je maten je vrijgezellenavond regelen en je tevens voor de eerste keer moet vliegen kan je het nodige verwachten. Deze gast was op het vliegveld al de sjaak.. 11 May &apos;16 - cat: Humor
</topic_text>
<spam_score>0.00</spam_score>
<post_num>1</post_num>
<post_id>post-1</post_id>
<post_url>http://biertijd.com/index.php?itemid=60954</post_url>
<post_date>20160511</post_date>
<post_time>2058</post_time>
<username></username>
<post>
This Is What We Live For! &gt;&gt; Bachelor&apos;s Airport Security Surprise Als je maten je vrijgezellenavond regelen en je tevens voor de eerste keer moet vliegen kan je het nodige verwachten. Deze gast was op het vliegveld al de sjaak.. 11 May &apos;16 - cat: Humor
</post>
<signature>

</signature>
<external_links>

</external_links>
<country>NL</country>
<main_image></main_image>
</document>
