<?xml version="1.0" encoding="UTF-8"?>
<document>
<type>mainstream</type>
<forum>http://www.whitehalljournal.com/lifestyle/family?template=rss&amp;mime=xml</forum>
<forum_title>Family - The Whitehall Journal - White Hall, AR</forum_title>
<discussion_title>Dear teens: Wake up (and eat something)</discussion_title>
<language>english</language>
<gmt_offset></gmt_offset>
<topic_url>http://www.whitehalljournal.com/zz/lifestyle/20160512/dear-teens-wake-up-and-eat-something?rssfeed=true</topic_url>
<topic_text>
Dear teens: Wake up (and eat something) Dear teenagers who skip breakfast . . . please stop! Studies report that about 25 percent of U.S. teens deem the first meal of the day unnecessary. I understand this reasoning: I was a teenager once. But could you please take a few minutes to hear me out?   Casey SeidenbergSpecial   12, 2016 at 9:45 AM By Casey SeidenbergSpecial   12, 2016 at 9:45 AM Dear teenagers who skip breakfast . . . please stop! Studies report that about 25 percent of U.S. teens deem the first meal of the day unnecessary. I live with one of you, so I have heard your reasons. And I respect them, truly I do. First of all, you are tired. I mean, really, really tired. Too tired to eat, in fact. When you are so fatigued in the morning, the idea of eating breakfast is unappealing. You genuinely are not hungry, and some of you might actually feel nauseated. Many of you choose to model yourself after your parents, who chug coffee, and coffee alone, in the morning. It&apos;s not your fault; you thought they knew best. Others think you can maintain or lose weight by skipping breakfast. I understand this reasoning: I was a teenager once. But could you please take a few minutes to hear me out? Brain power Test scores of children who do not eat breakfast are generally lower than those who eat a well-balanced meal. Children who eat breakfast show improved academic performance, longer attention spans, greater attendance and decreased hyperactivity in school. So if you find yourself unable to focus in a class, think back to what you ate that morning. The reality might be that your teacher isn&apos;t so boring after all. Growth Four out of five children do not get enough vitamins and minerals from lunch and dinner alone (especially iron, which is important for energy and blood health). They need the nutrients from a nutritious breakfast to properly grow. Kids, look at it this way: You get only one shot at this childhood growth thing, so don&apos;t mess it up. Mood Skipping breakfast can make you tired, irritable and restless. The word &quot;hangry&quot; didn&apos;t secure a spot in the dictionary for no reason; it is a legitimate sensation. Disease prevention Breakfast is more important to your body than any other meal, because the time between dinner and breakfast tends to be the longest. Eating within two hours of waking can positively affect how your body metabolizes glucose, therefore stabilizing your blood sugar for the day. Stabilized blood sugar contributes to steady energy, fewer crashes and cravings, and a smaller chance of developing heart disease, obesity and diabetes. Weight Breakfast eaters tend to be more active throughout the day and less likely to be obese, so perhaps skipping breakfast, and wreaking havoc with your blood sugar, isn&apos;t such a great tactic to lose weight. Coffee Coffee is not breakfast, no matter what your parents claim. Adult brains are better than children&apos;s at adapting to lack of food and other stressors, so your parents might be able to muddle through on a caffeine high, but you really can&apos;t. Page 2 of 2 - So please humor me, and try some of these tactics to squeeze in a bite before school: - Stock your fridge with to-go breakfast options, such as Greek yogurt, low-sugar granola bars, hard-boiled eggs, trail mix, peanut butter and banana sandwiches, fruit or beef jerky. - Pack a breakfast to enjoy later in the morning, after your ride to school or your first period, when hunger has had a chance to strike. - Sip a smoothie - cold liquid might be more appealing and more refreshing when you are too tired to chew. - Plan the next day&apos;s breakfast the night before so you don&apos;t waste any brain power on it in the morning. Ask your parents to help have it at the ready. - Go to bed 30 minutes earlier, so you aren&apos;t as tired in the morning. - Get up 10 minutes earlier, so your body has more time to wake up and become hungry. - - - Author Information: Casey Seidenberg is co-founder of Nourish Schools, a D.C.-based nutrition education company, and author of “The Super Food Cards,” a collection of healthful recipes and advice.
</topic_text>
<spam_score>0.00</spam_score>
<post_num>1</post_num>
<post_id>post-1</post_id>
<post_url>http://www.whitehalljournal.com/zz/lifestyle/20160512/dear-teens-wake-up-and-eat-something?rssfeed=true</post_url>
<post_date>20160512</post_date>
<post_time>1445</post_time>
<username>Casey Seidenberg Special to The Washington Post</username>
<post>
Dear teens: Wake up (and eat something) Dear teenagers who skip breakfast . . . please stop! Studies report that about 25 percent of U.S. teens deem the first meal of the day unnecessary. I understand this reasoning: I was a teenager once. But could you please take a few minutes to hear me out?   Casey SeidenbergSpecial   12, 2016 at 9:45 AM By Casey SeidenbergSpecial   12, 2016 at 9:45 AM Dear teenagers who skip breakfast . . . please stop! Studies report that about 25 percent of U.S. teens deem the first meal of the day unnecessary. I live with one of you, so I have heard your reasons. And I respect them, truly I do. First of all, you are tired. I mean, really, really tired. Too tired to eat, in fact. When you are so fatigued in the morning, the idea of eating breakfast is unappealing. You genuinely are not hungry, and some of you might actually feel nauseated. Many of you choose to model yourself after your parents, who chug coffee, and coffee alone, in the morning. It&apos;s not your fault; you thought they knew best. Others think you can maintain or lose weight by skipping breakfast. I understand this reasoning: I was a teenager once. But could you please take a few minutes to hear me out? Brain power Test scores of children who do not eat breakfast are generally lower than those who eat a well-balanced meal. Children who eat breakfast show improved academic performance, longer attention spans, greater attendance and decreased hyperactivity in school. So if you find yourself unable to focus in a class, think back to what you ate that morning. The reality might be that your teacher isn&apos;t so boring after all. Growth Four out of five children do not get enough vitamins and minerals from lunch and dinner alone (especially iron, which is important for energy and blood health). They need the nutrients from a nutritious breakfast to properly grow. Kids, look at it this way: You get only one shot at this childhood growth thing, so don&apos;t mess it up. Mood Skipping breakfast can make you tired, irritable and restless. The word &quot;hangry&quot; didn&apos;t secure a spot in the dictionary for no reason; it is a legitimate sensation. Disease prevention Breakfast is more important to your body than any other meal, because the time between dinner and breakfast tends to be the longest. Eating within two hours of waking can positively affect how your body metabolizes glucose, therefore stabilizing your blood sugar for the day. Stabilized blood sugar contributes to steady energy, fewer crashes and cravings, and a smaller chance of developing heart disease, obesity and diabetes. Weight Breakfast eaters tend to be more active throughout the day and less likely to be obese, so perhaps skipping breakfast, and wreaking havoc with your blood sugar, isn&apos;t such a great tactic to lose weight. Coffee Coffee is not breakfast, no matter what your parents claim. Adult brains are better than children&apos;s at adapting to lack of food and other stressors, so your parents might be able to muddle through on a caffeine high, but you really can&apos;t. Page 2 of 2 - So please humor me, and try some of these tactics to squeeze in a bite before school: - Stock your fridge with to-go breakfast options, such as Greek yogurt, low-sugar granola bars, hard-boiled eggs, trail mix, peanut butter and banana sandwiches, fruit or beef jerky. - Pack a breakfast to enjoy later in the morning, after your ride to school or your first period, when hunger has had a chance to strike. - Sip a smoothie - cold liquid might be more appealing and more refreshing when you are too tired to chew. - Plan the next day&apos;s breakfast the night before so you don&apos;t waste any brain power on it in the morning. Ask your parents to help have it at the ready. - Go to bed 30 minutes earlier, so you aren&apos;t as tired in the morning. - Get up 10 minutes earlier, so your body has more time to wake up and become hungry. - - - Author Information: Casey Seidenberg is co-founder of Nourish Schools, a D.C.-based nutrition education company, and author of “The Super Food Cards,” a collection of healthful recipes and advice.
</post>
<signature>

</signature>
<external_links>

</external_links>
<country>US</country>
<main_image>http://www.whitehalljournal.com/storyimage/ZZ/20160512/LIFESTYLE/160519924/AR/0/bagel-cream-cheese-breakfast-ideas-teenagers-teens-growing-brains-.jpg</main_image>
</document>
