<?xml version="1.0" encoding="UTF-8"?>
<document>
<type>mainstream</type>
<forum>http://www.cpbj.com/section&amp;template=rss&amp;taxonomy=7150</forum>
<forum_title>CPBJ -
                Manufacturing and Distribution</forum_title>
<discussion_title>Wolf Home Products unveils new logo, branding</discussion_title>
<language>english</language>
<gmt_offset></gmt_offset>
<topic_url>http://www.cpbj.com/article/20160511/CPBJ01/160519950&amp;source=RSS</topic_url>
<topic_text>
Wolf Home Products unveils new logo, branding By , May 11, 2016 at 9:43 AM Wolf Home Products, which supplies kitchen and bath, outdoor living and building products, is now represented by a stylized W over its signature howling wolf silhouette. - (Photo / Submitted ) 
Here&apos;s something to howl over. 
York-based Wolf Home Products has unveiled a new logo as part of a rebranding effort to emphasize its &quot;independent streak and its commitment to independent building materials dealers.&quot; 
The company, which supplies kitchen and bath, outdoor living and building products, is now represented by a stylized W over its signature howling wolf silhouette. 
&quot;Wolf has successfully established itself as a leading supplier of American-made products available through independent dealers. Our Wolf-branded product lines have enabled us to rapidly expand our geographical footprint,&quot; President and CEO Craig Danielson said. &quot;This is the ideal time to introduce a new look-and-feel that represents the spirit of a company on the move.&quot; 
Wolf Home Products was launched in 2012 , as parent company The Wolf Organization Inc. looked to create a new division to oversee its Wolf-branded product lines for professional contractors and serious do-it-yourselfers. 
In 2013, Tom Wolf, a sixth-generation member of the company&apos;s founding family, announced his retirement in order to run for governor of Pennsylvania. He was elected to the post in November 2014. 
Danielson, who has been with the company since 1993, was named to succeed Wolf in January 2014 . 
Wolf Home Products delivers Wolf-branded lines and other cabinetry and building materials to more than 4,000 dealers.  
</topic_text>
<spam_score>0.00</spam_score>
<post_num>1</post_num>
<post_id>post-1</post_id>
<post_url>http://www.cpbj.com/article/20160511/CPBJ01/160519950&amp;source=RSS</post_url>
<post_date>20160511</post_date>
<post_time>1443</post_time>
<username></username>
<post>
Wolf Home Products unveils new logo, branding By , May 11, 2016 at 9:43 AM Wolf Home Products, which supplies kitchen and bath, outdoor living and building products, is now represented by a stylized W over its signature howling wolf silhouette. - (Photo / Submitted ) 
Here&apos;s something to howl over. 
York-based Wolf Home Products has unveiled a new logo as part of a rebranding effort to emphasize its &quot;independent streak and its commitment to independent building materials dealers.&quot; 
The company, which supplies kitchen and bath, outdoor living and building products, is now represented by a stylized W over its signature howling wolf silhouette. 
&quot;Wolf has successfully established itself as a leading supplier of American-made products available through independent dealers. Our Wolf-branded product lines have enabled us to rapidly expand our geographical footprint,&quot; President and CEO Craig Danielson said. &quot;This is the ideal time to introduce a new look-and-feel that represents the spirit of a company on the move.&quot; 
Wolf Home Products was launched in 2012 , as parent company The Wolf Organization Inc. looked to create a new division to oversee its Wolf-branded product lines for professional contractors and serious do-it-yourselfers. 
In 2013, Tom Wolf, a sixth-generation member of the company&apos;s founding family, announced his retirement in order to run for governor of Pennsylvania. He was elected to the post in November 2014. 
Danielson, who has been with the company since 1993, was named to succeed Wolf in January 2014 . 
Wolf Home Products delivers Wolf-branded lines and other cabinetry and building materials to more than 4,000 dealers.  
</post>
<signature>

</signature>
<external_links>

</external_links>
<country>US</country>
<main_image>http://www.cpbj.com/storyimage/JP/20160511/CPBJ01/160519950/AR/0/AR-160519950.jpg</main_image>
</document>
