<?xml version="1.0" encoding="UTF-8"?>
<document>
<type>mainstream</type>
<forum></forum>
<forum_title></forum_title>
<discussion_title>Recrean la pelea Mayweather-McGregor como si fuera un videojuego</discussion_title>
<language>spanish</language>
<gmt_offset></gmt_offset>
<topic_url>http://www.primerahora.com/deportes/boxeo/nota/recreanlapeleamayweathermcgregorcomosifueraunvideojuego-1152850/</topic_url>
<topic_text>
Recrean la pelea Mayweather-McGregor como si fuera un videojuego Por Primerahora.com 05/11/2016 |04:49 p.m. 0 Todos los días las especulaciones sobre el posible combate acaparan las redes sociales y los medios especializados en deportes. (Captura: YouTube) Todos los días las especulaciones sobre el posible combate acaparan las redes sociales y los medios especializados en deportes 
La posible pelea entre el retirado boxeador Floyd Mayweather y el luchador de artes marciales mixtas Conor McGregor tiene a los fanáticos de los deportes al borde del asiento. 
Y como se dice que más que una pelea, sería un espectáculo de entretenimiento, el usuario de YouTube Shady00018 recientemente publicó un creativo vídeo de cómo la lucha podría darse entre ambos. 
Todos los días las especulaciones sobre el posible combate acaparan las redes sociales y los medios especializados en deportes. 
Incluso hoy, el entrenador Freddie Roach dijo entre risas que si la pelea se da, McGregor tendría que pulirse al menos tres años para poder enfrentar a Mayweather. 
</topic_text>
<spam_score>0.00</spam_score>
<post_num>1</post_num>
<post_id>post-1</post_id>
<post_url>http://www.primerahora.com/deportes/boxeo/nota/recreanlapeleamayweathermcgregorcomosifueraunvideojuego-1152850/</post_url>
<post_date>20160511</post_date>
<post_time></post_time>
<username></username>
<post>
Recrean la pelea Mayweather-McGregor como si fuera un videojuego Por Primerahora.com 05/11/2016 |04:49 p.m. 0 Todos los días las especulaciones sobre el posible combate acaparan las redes sociales y los medios especializados en deportes. (Captura: YouTube) Todos los días las especulaciones sobre el posible combate acaparan las redes sociales y los medios especializados en deportes 
La posible pelea entre el retirado boxeador Floyd Mayweather y el luchador de artes marciales mixtas Conor McGregor tiene a los fanáticos de los deportes al borde del asiento. 
Y como se dice que más que una pelea, sería un espectáculo de entretenimiento, el usuario de YouTube Shady00018 recientemente publicó un creativo vídeo de cómo la lucha podría darse entre ambos. 
Todos los días las especulaciones sobre el posible combate acaparan las redes sociales y los medios especializados en deportes. 
Incluso hoy, el entrenador Freddie Roach dijo entre risas que si la pelea se da, McGregor tendría que pulirse al menos tres años para poder enfrentar a Mayweather. 
</post>
<signature>

</signature>
<external_links>

</external_links>
<country>US</country>
<main_image>http://rec-eph.gfrcdn.net/images/2016/05/11/conor.jpg</main_image>
</document>
