<?xml version="1.0" encoding="UTF-8"?>
<document>
<type>mainstream</type>
<forum></forum>
<forum_title></forum_title>
<discussion_title>Camión con cemento se vuelca en Sábana Grande</discussion_title>
<language>spanish</language>
<gmt_offset></gmt_offset>
<topic_url>http://www.primerahora.com/noticias/policia-tribunales/nota/camionconcementosevuelcaensabanagrande-1152802/</topic_url>
<topic_text>
Camión con cemento se vuelca en Sábana Grande Por Primerahora.com 05/11/2016 |12:45 p.m. El transito se desviará por la carretera PR-102 de Sabana Grande a San Germán. (Suministrada) La carga obstruyó el tránsito. 
Un camión se volcó esta mañana en la carretera PR-2, km 176.7 en dirección de Sabana Grande hacia San Germán. 
El Inspector Jorge Velázquez del Negociado Patrulla de Carreteras informó que el vehículo que transportaba cemento, provocando que toda carga cayera sobre el pavimento, obstruyendo la vía de rodaje la cual fue cerrada mientras se realizan los trabajos de remoción y limpieza. 
El transito se desviará por la carretera PR-102 de Sabana Grande a San Germán. 
No se reportó heridos. 
</topic_text>
<spam_score>0.00</spam_score>
<post_num>1</post_num>
<post_id>post-1</post_id>
<post_url>http://www.primerahora.com/noticias/policia-tribunales/nota/camionconcementosevuelcaensabanagrande-1152802/</post_url>
<post_date>20160511</post_date>
<post_time></post_time>
<username></username>
<post>
Camión con cemento se vuelca en Sábana Grande Por Primerahora.com 05/11/2016 |12:45 p.m. El transito se desviará por la carretera PR-102 de Sabana Grande a San Germán. (Suministrada) La carga obstruyó el tránsito. 
Un camión se volcó esta mañana en la carretera PR-2, km 176.7 en dirección de Sabana Grande hacia San Germán. 
El Inspector Jorge Velázquez del Negociado Patrulla de Carreteras informó que el vehículo que transportaba cemento, provocando que toda carga cayera sobre el pavimento, obstruyendo la vía de rodaje la cual fue cerrada mientras se realizan los trabajos de remoción y limpieza. 
El transito se desviará por la carretera PR-102 de Sabana Grande a San Germán. 
No se reportó heridos. 
</post>
<signature>

</signature>
<external_links>

</external_links>
<country>US</country>
<main_image>http://rec-eph.gfrcdn.net/images/2016/05/11/crop_camion3.jpg</main_image>
</document>
