<?xml version="1.0" encoding="UTF-8"?>
<document>
<type>mainstream</type>
<forum></forum>
<forum_title></forum_title>
<discussion_title>Localizan cadáver de menor ahogado en río de Juncos</discussion_title>
<language>spanish</language>
<gmt_offset></gmt_offset>
<topic_url>http://www.primerahora.com/noticias/policia-tribunales/nota/localizancadaverdemenorahogadoenriodejuncos-1152836/</topic_url>
<topic_text>
Localizan cadáver de menor ahogado en río de Juncos Por Primerahora.com 05/11/2016 |03:38 p.m. Agentes adscritos a la División de Homicidios de Caguas y el fiscal de turno se dirigen al lugar para iniciar la pesquisa de rigor. (Archivo) Las autoridades fueron alertadas a través del sistema de emergencias 9-1-1. 
Un adolescente pereció ahogado durante la tarde de hoy en el río Redondo localizado en el barrio Valenciano de Juncos, confirmó la Oficina de Prensa de la Policía. 
Las autoridades fueron alertadas a través del sistema de emergencias 9-1-1 sobre el menor ahogado, cuyo cadáver fue localizado desde el helicóptero de las Fuerzas Unidas de Rápida Acción (FURA), según informes preliminares. 

</topic_text>
<spam_score>0.00</spam_score>
<post_num>1</post_num>
<post_id>post-1</post_id>
<post_url>http://www.primerahora.com/noticias/policia-tribunales/nota/localizancadaverdemenorahogadoenriodejuncos-1152836/</post_url>
<post_date>20160511</post_date>
<post_time></post_time>
<username></username>
<post>
Localizan cadáver de menor ahogado en río de Juncos Por Primerahora.com 05/11/2016 |03:38 p.m. Agentes adscritos a la División de Homicidios de Caguas y el fiscal de turno se dirigen al lugar para iniciar la pesquisa de rigor. (Archivo) Las autoridades fueron alertadas a través del sistema de emergencias 9-1-1. 
Un adolescente pereció ahogado durante la tarde de hoy en el río Redondo localizado en el barrio Valenciano de Juncos, confirmó la Oficina de Prensa de la Policía. 
Las autoridades fueron alertadas a través del sistema de emergencias 9-1-1 sobre el menor ahogado, cuyo cadáver fue localizado desde el helicóptero de las Fuerzas Unidas de Rápida Acción (FURA), según informes preliminares. 

</post>
<signature>

</signature>
<external_links>

</external_links>
<country>US</country>
<main_image>http://rec-eph.gfrcdn.net/images/2016/05/11/crop_capture_11.jpg</main_image>
</document>
