<?xml version="1.0" encoding="UTF-8"?>
<document>
<type>mainstream</type>
<forum>http://www.cbs8.com/category/307361/business-wire</forum>
<forum_title>Business Wire - CBS News 8 - San Diego, CA News Station - KFMB Channel 8</forum_title>
<discussion_title>Amcor Rigid Plastics Continues Growth Strategy with Acquisition of Plastic Moulders Limited</discussion_title>
<language>english</language>
<gmt_offset></gmt_offset>
<topic_url>http://www.cbs8.com/story/31957911/amcor-rigid-plastics-continues-growth-strategy-with-acquisition-of-plastic-moulders-limited</topic_url>
<topic_text>
ANN ARBOR, Mich. --(BUSINESS WIRE) Amcor Rigid Plastics has purchased Plastic Moulders Limited, a privately held Toronto-based custom precision molding business.
“This acquisition will continue our growth strategy,” said Mike Schmitt, Amcor Rigid Plastics president. “Plastic Moulders’ technologies and superior technical capabilities will strengthen our business portfolio. We will be able to offer additional innovative products and services to customers globally.”
Plastic Moulders specializes in providing design, engineering, molding and assembly services for consumer packaged goods customers in the health, beauty, food, pharmaceutical and industrial markets.
“We look forward to welcoming the Plastic Moulders employees to Amcor Rigid Plastics,” Schmitt said. “Our combined focus will remain on delivering the highest levels of quality and service to all customers as we move forward.”
About Amcor Rigid Plastics
Amcor Rigid Plastics is among the world’s largest manufacturers of rigid plastic packaging for the food, beverage, spirits, personal care, home care and healthcare industries with 61 facilities in 12 countries. Based in Ann Arbor, Mich., Amcor Rigid Plastics is a subsidiary of Amcor Limited.
Amcor Limited is a global leader in responsible packaging solutions, employing more than 29,000 people worldwide and operating in more than 40 countries throughout 180-plus sites.
Amcor supplies rigid and flexible packaging solutions to enhance products consumers use in everyday life. Amcor also provides packaging-related services to help customers succeed through collaboration and innovation driven by art and science.
Amcor (AMC) is headquartered in Melbourne, Australia, and listed on the Australian Securities Exchange. For details, visit www.amcor.com .
Follow Amcor on social media :
Twitte r
@amcorpackaging
Facebook
https://www.facebook.com/amcorlimited
LinkedIn
https://www.linkedin.com/company/amcor
YouTube
https://www.youtube.com/user/AmcorPackaging
 //www.businesswire.com/news/home/20160512006093/en/
Amcor Rigid Plastics
Michael Hodges, 734-302-2503
Director, Communications
michael.hodges@amcor.com
 
</topic_text>
<spam_score>0.00</spam_score>
<post_num>1</post_num>
<post_id>post-1</post_id>
<post_url>http://www.cbs8.com/story/31957911/amcor-rigid-plastics-continues-growth-strategy-with-acquisition-of-plastic-moulders-limited</post_url>
<post_date>20160512</post_date>
<post_time>1136</post_time>
<username>cbs8</username>
<post>
ANN ARBOR, Mich. --(BUSINESS WIRE) Amcor Rigid Plastics has purchased Plastic Moulders Limited, a privately held Toronto-based custom precision molding business.
“This acquisition will continue our growth strategy,” said Mike Schmitt, Amcor Rigid Plastics president. “Plastic Moulders’ technologies and superior technical capabilities will strengthen our business portfolio. We will be able to offer additional innovative products and services to customers globally.”
Plastic Moulders specializes in providing design, engineering, molding and assembly services for consumer packaged goods customers in the health, beauty, food, pharmaceutical and industrial markets.
“We look forward to welcoming the Plastic Moulders employees to Amcor Rigid Plastics,” Schmitt said. “Our combined focus will remain on delivering the highest levels of quality and service to all customers as we move forward.”
About Amcor Rigid Plastics
Amcor Rigid Plastics is among the world’s largest manufacturers of rigid plastic packaging for the food, beverage, spirits, personal care, home care and healthcare industries with 61 facilities in 12 countries. Based in Ann Arbor, Mich., Amcor Rigid Plastics is a subsidiary of Amcor Limited.
Amcor Limited is a global leader in responsible packaging solutions, employing more than 29,000 people worldwide and operating in more than 40 countries throughout 180-plus sites.
Amcor supplies rigid and flexible packaging solutions to enhance products consumers use in everyday life. Amcor also provides packaging-related services to help customers succeed through collaboration and innovation driven by art and science.
Amcor (AMC) is headquartered in Melbourne, Australia, and listed on the Australian Securities Exchange. For details, visit www.amcor.com .
Follow Amcor on social media :
Twitte r
@amcorpackaging
Facebook
https://www.facebook.com/amcorlimited
LinkedIn
https://www.linkedin.com/company/amcor
YouTube
https://www.youtube.com/user/AmcorPackaging
 //www.businesswire.com/news/home/20160512006093/en/
Amcor Rigid Plastics
Michael Hodges, 734-302-2503
Director, Communications
michael.hodges@amcor.com
 
</post>
<signature>

</signature>
<external_links>
<external_link>http://www.businesswire.com/news/home/20160512006093/en/</external_link><external_link>http://purl.org/rss/1.0/modules/content/</external_link><external_link>http://cts.businesswire.com/ct/CT?id=smartlink&amp;url=https%3A%2F%2Fwww.linkedin.com%2Fcompany%2Famcor&amp;esheet=51341408&amp;newsitemid=20160512006093&amp;lan=en-US&amp;anchor=https%3A%2F%2Fwww.linkedin.com%2Fcompany%2Famcor&amp;index=4&amp;md5=a2e61e3a2674d85b67b62008d8009206</external_link><external_link>http://cts.businesswire.com/ct/CT?id=bwnews&amp;sty=20160512006093r1&amp;sid=56987&amp;distro=ftp</external_link><external_link>http://cts.businesswire.com/ct/CT?id=smartlink&amp;url=https%3A%2F%2Fwww.facebook.com%2Famcorlimited&amp;esheet=51341408&amp;newsitemid=20160512006093&amp;lan=en-US&amp;anchor=https%3A%2F%2Fwww.facebook.com%2Famcorlimited&amp;index=3&amp;md5=71f8d94c033f99e27a285fdf7a5bb4ce</external_link><external_link>https://www.facebook.com/amcorlimited</external_link><external_link>http://cts.businesswire.com/ct/CT?id=smartlink&amp;url=http%3A%2F%2Fwww.amcor.com&amp;esheet=51341408&amp;newsitemid=20160512006093&amp;lan=en-US&amp;anchor=www.amcor.com&amp;index=1&amp;md5=eae89ba77e6b79390b3475d6482f3088</external_link><external_link>http://cts.businesswire.com/ct/CT?id=smartlink&amp;url=https%3A%2F%2Fwww.youtube.com%2Fuser%2FAmcorPackaging&amp;esheet=51341408&amp;newsitemid=20160512006093&amp;lan=en-US&amp;anchor=https%3A%2F%2Fwww.youtube.com%2Fuser%2FAmcorPackaging&amp;index=5&amp;md5=9c81e378b5a9eafcd50e0e39e77f9fa2</external_link><external_link>https://www.youtube.com/user/AmcorPackaging</external_link><external_link>https://www.linkedin.com/company/amcor</external_link><external_link>http://cts.businesswire.com/ct/CT?id=smartlink&amp;url=https%3A%2F%2Fmobile.twitter.com%2Famcorpackaging%3Fref_src%3Dtwsrc%255Egoogle%257Ctwcamp%255Eserp%257Ctwgr%255Eauthor&amp;esheet=51341408&amp;newsitemid=20160512006093&amp;lan=en-US&amp;anchor=%40amcorpackaging&amp;index=2&amp;md5=fbe2f87333c9e3b30cdd277e7c26f498</external_link>
</external_links>
<country>US</country>
<main_image></main_image>
</document>
