<?xml version="1.0" encoding="UTF-8"?>
<document>
<type>mainstream</type>
<forum>http://www.diariodelweb.it/rss/edizione/vercelli/</forum>
<forum_title></forum_title>
<discussion_title>E&apos; un 43enne di Borgo d&apos;Ale l&apos;annegato nel canale Depretis</discussion_title>
<language>italian</language>
<gmt_offset></gmt_offset>
<topic_url>http://vercelli.diariodelweb.it/vercelli/articolo/?nid=20160512_381988</topic_url>
<topic_text>
Cronaca E&apos; un 43enne di Borgo d&apos;Ale l&apos;annegato nel canale Depretis Intervento dei Vigili del fuoco di Livorno Ferraris questa mattina lungo la Sp42 tra Tronzano e Alice Castello per recuperare il cadavere di un uomo dal corso d&apos;acqua. Per ora non si esclude nessuna ipotesi Stampa 
TRONZANO - I Vigili del fuoco di Livorno Ferraris sono intervenuti questa mattina poco dopo le 9 lungo la Sp42, che collega Tronzano ad Alice Castello, per recuperare la salma di un affogato nel canale Depretis. Si tratta di un uomo residente a Bordo D&apos;Ale, classe 1973. Al momento non si sa come sia potuto finire in acqua, potrebbe trattarsi di un incidente o di suicidio. Sul posto sono intervenuti anche i carabinieri di Vercelli e il medico legale per la rimozione della salma.
</topic_text>
<spam_score>0.00</spam_score>
<post_num>1</post_num>
<post_id>post-1</post_id>
<post_url>http://vercelli.diariodelweb.it/vercelli/articolo/?nid=20160512_381988</post_url>
<post_date>20160512</post_date>
<post_time>1353</post_time>
<username>Nicolò Sapellani</username>
<post>
Cronaca E&apos; un 43enne di Borgo d&apos;Ale l&apos;annegato nel canale Depretis Intervento dei Vigili del fuoco di Livorno Ferraris questa mattina lungo la Sp42 tra Tronzano e Alice Castello per recuperare il cadavere di un uomo dal corso d&apos;acqua. Per ora non si esclude nessuna ipotesi Stampa 
TRONZANO - I Vigili del fuoco di Livorno Ferraris sono intervenuti questa mattina poco dopo le 9 lungo la Sp42, che collega Tronzano ad Alice Castello, per recuperare la salma di un affogato nel canale Depretis. Si tratta di un uomo residente a Bordo D&apos;Ale, classe 1973. Al momento non si sa come sia potuto finire in acqua, potrebbe trattarsi di un incidente o di suicidio. Sul posto sono intervenuti anche i carabinieri di Vercelli e il medico legale per la rimozione della salma.
</post>
<signature>

</signature>
<external_links>

</external_links>
<country>IT</country>
<main_image>http://archivi.diariodelweb.it/img/995/381/381988-995x497.jpg</main_image>
</document>
