<?xml version="1.0" encoding="UTF-8"?>
<document>
<type>mainstream</type>
<forum></forum>
<forum_title></forum_title>
<discussion_title>Kleine brand in zorgcentrum Wilgenhof in Eindhoven</discussion_title>
<language>dutch</language>
<gmt_offset></gmt_offset>
<topic_url>http://www.ed.nl/regio/eindhoven/brand-op-zesde-etage-bij-zorgcentrum-wilgenhof-in-eindhoven-1.6010123</topic_url>
<topic_text>
Fotograaf Bert Jansen EINDHOVEN - Bij zorgcentrum de Wilgenhof in Eindhoven is donderdagavond korte tijd brand geweest op de zesde etage. 
De bewoner was aan het koken en dat ging mis. De persoon kon zelf het appartement verlaten. Drie personeelsleden schoten te hulp en hebben de brand geblust. Ze hadden rook ingeademd en kregen daardoor ademhalingsproblemen. Twee van de drie zijn met de ambulance naar het ziekenhuis gegaan. De derde is ter plekke behandeld. 
Er waren een aantal brandweerauto&apos;s en drie ambulances ter plekke. De bewoner was ongedeerd. Zie ook 
</topic_text>
<spam_score>0.00</spam_score>
<post_num>1</post_num>
<post_id>post-1</post_id>
<post_url>http://www.ed.nl/regio/eindhoven/brand-op-zesde-etage-bij-zorgcentrum-wilgenhof-in-eindhoven-1.6010123</post_url>
<post_date>20160512</post_date>
<post_time></post_time>
<username></username>
<post>
Fotograaf Bert Jansen EINDHOVEN - Bij zorgcentrum de Wilgenhof in Eindhoven is donderdagavond korte tijd brand geweest op de zesde etage. 
De bewoner was aan het koken en dat ging mis. De persoon kon zelf het appartement verlaten. Drie personeelsleden schoten te hulp en hebben de brand geblust. Ze hadden rook ingeademd en kregen daardoor ademhalingsproblemen. Twee van de drie zijn met de ambulance naar het ziekenhuis gegaan. De derde is ter plekke behandeld. 
Er waren een aantal brandweerauto&apos;s en drie ambulances ter plekke. De bewoner was ongedeerd. Zie ook 
</post>
<signature>

</signature>
<external_links>

</external_links>
<country>NL</country>
<main_image>http://www.ed.nl/polopoly_fs/1.6010147.1463068844!image/image-6010147.JPG</main_image>
</document>
