<?xml version="1.0" encoding="UTF-8"?>
<document>
<type>mainstream</type>
<forum></forum>
<forum_title></forum_title>
<discussion_title>Farruko termina en hospital por tratar de ayudar a un perro</discussion_title>
<language>spanish</language>
<gmt_offset></gmt_offset>
<topic_url>http://www.primerahora.com/entretenimiento/farandula/nota/farrukoterminaenhospitalportratardeayudaraunperro-1152865/</topic_url>
<topic_text>
Farruko termina en hospital por tratar de ayudar a un perro Por Primerahora.com 05/11/2016 |06:12 p.m. 0 (Archivo) El animal lo mordió en el brazo, según él mismo escribió en las redes sociales. 
El reguetonero Farruko tuvo que llegar hasta un hospital para recibir atención médica luego de que un perro lo mordiera. 
Según un vídeo que él mismo compartió en su cuenta de Instagram, fue en el momento en que intentó socorrer al animal que recibió el mordisco. 
&quot;Fui a ayudar a un perro en la calle y mira, el pana me mordió&quot;, dice el artista mientras muestra el área donde fua atacado. A video posted by Farruko (@farrukoofficial) on May 10, 2016 at 3:23pm PDT 
</topic_text>
<spam_score>0.00</spam_score>
<post_num>1</post_num>
<post_id>post-1</post_id>
<post_url>http://www.primerahora.com/entretenimiento/farandula/nota/farrukoterminaenhospitalportratardeayudaraunperro-1152865/</post_url>
<post_date>20160511</post_date>
<post_time></post_time>
<username></username>
<post>
Farruko termina en hospital por tratar de ayudar a un perro Por Primerahora.com 05/11/2016 |06:12 p.m. 0 (Archivo) El animal lo mordió en el brazo, según él mismo escribió en las redes sociales. 
El reguetonero Farruko tuvo que llegar hasta un hospital para recibir atención médica luego de que un perro lo mordiera. 
Según un vídeo que él mismo compartió en su cuenta de Instagram, fue en el momento en que intentó socorrer al animal que recibió el mordisco. 
&quot;Fui a ayudar a un perro en la calle y mira, el pana me mordió&quot;, dice el artista mientras muestra el área donde fua atacado. A video posted by Farruko (@farrukoofficial) on May 10, 2016 at 3:23pm PDT 
</post>
<signature>

</signature>
<external_links>

</external_links>
<country>US</country>
<main_image>http://rec-eph.gfrcdn.net/images/2016/05/11/farruko.jpg</main_image>
</document>
