<?xml version="1.0" encoding="UTF-8"?>
<document>
<type>mainstream</type>
<forum>http://echo.msk.ru/news/</forum>
<forum_title>Эхо Москвы :: Новости </forum_title>
<discussion_title>Прокуратура Крыма инициировала ограничение доступа к сайту «Крым. Реалии»</discussion_title>
<language>russian</language>
<gmt_offset></gmt_offset>
<topic_url>http://echo.msk.ru/news/1764148-echo.html</topic_url>
<topic_text>
Прокуратура Крыма инициировала ограничение доступа к сайту «Крым. Реалии», который является подразделением «радио Свобода» в Крыму. Об этом сообщила прокурор республики Наталья Поклонская. По её словам, публикации на сайте содержат оправдание диверсий и дискредитацию органов власти в Крыму, а также разжигание межнациональной вражды.
Решение прокуратуры для многих стало неожиданным, рассказал Эху руководитель проекта Владимир Притула.
Притула отметил, что рассматривается вопрос о возможности юридического оспаривания решения.
Тем временем в Роскомнадзоре сообщают, что несколько месяцев назад был ограничен доступ к одной из страниц сайта. Планов по блокировке проекта «Крым. Реалии» нет, рассказал Эху пресс-секретарь ведомства Владимир Ампелонский.
Проект «Крым. Реалии» был создан радиостанция Свобода в марте 2014 года. Материалы сайта позиционируются как альтернатива крымским СМИ.
</topic_text>
<spam_score>0.00</spam_score>
<post_num>19</post_num>
<post_id>post-19</post_id>
<post_url>http://echo.msk.ru/news/1764148-echo.html</post_url>
<post_date>20160512</post_date>
<post_time>1416</post_time>
<username>o_0</username>
<post>
&quot;Прокурор&quot; Крыма через 5 лет-http://images.google.de/imgres?imgurl=http://www.ochevidets.ru/userfiles/2012/12/31/2d0a48e9a6.jpg&amp;imgrefurl=http://www.ochevidets.ru/blog/5311/&amp;h=328&amp;w=580&amp;tbnid=sB9CYk8fmcslqM:&amp;tbnh=90&amp;tbnw=159&amp;docid=nL5rsjJaITPlZM&amp;client=safari&amp;usg=__QlhtwvGTP5Q9KjmzP_Tz1Zvj5NA=&amp;sa=X&amp;ved=0ahUKEwij7dfms9TMAhXEBywKHWEiD-IQ9QEIHjAA
</post>
<signature>

</signature>
<external_links>
<external_link>http://images.google.de/imgres?imgurl=http://www.ochevidets.ru/userfiles/2012/12/31/2d0a48e9a6.jpg&amp;imgrefurl=http://www.ochevidets.ru/blog/5311/&amp;h=328&amp;w=580&amp;tbnid=sB9CYk8fmcslqM:&amp;tbnh=90&amp;tbnw=159&amp;docid=nL5rsjJaITPlZM&amp;client=safari&amp;usg=__QlhtwvGTP5Q9KjmzP_Tz1Zvj5NA=&amp;sa=X&amp;ved=0ahUKEwij7dfms9TMAhXEBywKHWEiD-IQ9QEIHjAA</external_link>
</external_links>
<country>BZ</country>
<main_image>http://echo.msk.ru/i/big_logo.png</main_image>
</document>
