<?xml version="1.0" encoding="UTF-8"?>
<document>
<type>mainstream</type>
<forum></forum>
<forum_title></forum_title>
<discussion_title>Captain America: Civil War Review: Light and Hearty</discussion_title>
<language>english</language>
<gmt_offset></gmt_offset>
<topic_url>http://www.237geek.com/2016/05/07/captain-america-civil-war-review-light-and-hearty/</topic_url>
<topic_text>
Captain America: Civil War Review: Light and Hearty Another win for the house of ideas by Warren May 7, 2016 
If you haven’t seen Captain America: Civil War yet or you’re on the fence about seeing it, go, it’s worth your money. It’s everything your friends told you it was and more. 
The film currently has a 90% on rottentomatoes and plenty of fan approval. It also has already grossed $737 million in its first week, on track to easily top a billion. 
This is a spoiler-free review, assuming you’ve seen the trailers. 
The latest movie in the Marvel Cinematic Universe dazzles and delights. Perhaps even more so coming off the heels of a heavily maligned Batman v Superman movie. While it certainly has a serious tone, given the inner rift between the avengers, it still packs enough levity to make this a fun movie. 
I certainly would have loved if they had faithfully adapted the titular comic book series, but obviously they couldn’t, given movie rights limitations and the flow of what they’ve already set up with the previous films. But ideal world wishes aside, the movie storyline is good. It’s easy to follow and makes sense. There are believable motivations behind decisions and actions. But I will say that it feels much easier to choose the right side in the movie version than the comic. 
In terms of juggling characters, while not everyone gets equal screen time, that’s probably also what makes it work. That and the fact that Marvel has had many movies before to provide all the back stories, it does not feel too crowded at all. And for the two new characters who are introduced, Spider-Man really steals the show. His scenes in the movie are pure joy and fun, and just feels right having Spidey back home (Now if only a certain Marvel first family would follow suit). Meanwhile, Black Panther and the world of Wakanda provide a new perspective for the MCU, one that will surely be better explored in the upcoming Black Panther movie. The suit did look amazing though. 
Ultimately, it’s a great movie that reminds me of what I used to dream of seeing as a kid, the same feeling I got when seeing the Avengers for the first time. Marvel faithfully adapts their own characters without any unnecessary interpretations and that’s what makes it so right. The characters we loved as kids are finally coming to life and it’s a beautiful thing. Share this: 
</topic_text>
<spam_score>0.00</spam_score>
<post_num>1</post_num>
<post_id>post-1</post_id>
<post_url>http://www.237geek.com/2016/05/07/captain-america-civil-war-review-light-and-hearty/</post_url>
<post_date>20160507</post_date>
<post_time></post_time>
<username></username>
<post>
Captain America: Civil War Review: Light and Hearty Another win for the house of ideas by Warren May 7, 2016 
If you haven’t seen Captain America: Civil War yet or you’re on the fence about seeing it, go, it’s worth your money. It’s everything your friends told you it was and more. 
The film currently has a 90% on rottentomatoes and plenty of fan approval. It also has already grossed $737 million in its first week, on track to easily top a billion. 
This is a spoiler-free review, assuming you’ve seen the trailers. 
The latest movie in the Marvel Cinematic Universe dazzles and delights. Perhaps even more so coming off the heels of a heavily maligned Batman v Superman movie. While it certainly has a serious tone, given the inner rift between the avengers, it still packs enough levity to make this a fun movie. 
I certainly would have loved if they had faithfully adapted the titular comic book series, but obviously they couldn’t, given movie rights limitations and the flow of what they’ve already set up with the previous films. But ideal world wishes aside, the movie storyline is good. It’s easy to follow and makes sense. There are believable motivations behind decisions and actions. But I will say that it feels much easier to choose the right side in the movie version than the comic. 
In terms of juggling characters, while not everyone gets equal screen time, that’s probably also what makes it work. That and the fact that Marvel has had many movies before to provide all the back stories, it does not feel too crowded at all. And for the two new characters who are introduced, Spider-Man really steals the show. His scenes in the movie are pure joy and fun, and just feels right having Spidey back home (Now if only a certain Marvel first family would follow suit). Meanwhile, Black Panther and the world of Wakanda provide a new perspective for the MCU, one that will surely be better explored in the upcoming Black Panther movie. The suit did look amazing though. 
Ultimately, it’s a great movie that reminds me of what I used to dream of seeing as a kid, the same feeling I got when seeing the Avengers for the first time. Marvel faithfully adapts their own characters without any unnecessary interpretations and that’s what makes it so right. The characters we loved as kids are finally coming to life and it’s a beautiful thing. Share this: 
</post>
<signature>

</signature>
<external_links>

</external_links>
<country>US</country>
<main_image>http://www.237geek.com/wp-content/uploads/2016/05/Captain_America_Civil_War_100.png</main_image>
</document>
