<?xml version="1.0" encoding="UTF-8"?>
<document>
<type>mainstream</type>
<forum>http://biertijd.com/xml-rss2.php</forum>
<forum_title>Biertijd.com</forum_title>
<discussion_title>Best Of Dashcams - Bad Driving In Europe (47)</discussion_title>
<language>dutch</language>
<gmt_offset></gmt_offset>
<topic_url>http://biertijd.com/index.php?itemid=60937</topic_url>
<topic_text>
Claycat&apos;s DOOM &gt;&gt; Best Of Dashcams - Bad Driving In Europe (47) Nu er steeds meer mensen een dashcam in hun auto laten zetten zien we steeds meer filmpjes van dwazen op de weg. Zo ook in dit geval . 10 May &apos;16 - cat: WTF!
</topic_text>
<spam_score>0.00</spam_score>
<post_num>1</post_num>
<post_id>post-1</post_id>
<post_url>http://biertijd.com/index.php?itemid=60937</post_url>
<post_date>20160510</post_date>
<post_time>2009</post_time>
<username></username>
<post>
Claycat&apos;s DOOM &gt;&gt; Best Of Dashcams - Bad Driving In Europe (47) Nu er steeds meer mensen een dashcam in hun auto laten zetten zien we steeds meer filmpjes van dwazen op de weg. Zo ook in dit geval . 10 May &apos;16 - cat: WTF!
</post>
<signature>

</signature>
<external_links>

</external_links>
<country>NL</country>
<main_image></main_image>
</document>
