<?xml version="1.0" encoding="UTF-8"?>
<document>
<type>mainstream</type>
<forum>http://biertijd.com/xml-rss2.php</forum>
<forum_title>Biertijd.com</forum_title>
<discussion_title>And That&apos;s Why I Hate Clowns..</discussion_title>
<language>dutch</language>
<gmt_offset></gmt_offset>
<topic_url>http://biertijd.com/index.php?itemid=60958</topic_url>
<topic_text>
Crash Galore (378) &gt;&gt; And That&apos;s Why I Hate Clowns.. Een middag met je kids naar het circus, altijd gezellig toch? En als je dan ook nog met een clown mag optreden dan is je dag helemaal compleet. Althans .. 11 May &apos;16 - cat: WTF! Door: Patrick Comments Hoe is het nu met de beste man? Het is niet te hopen dat &apos;ie er een dwarslaesie aan overhoudt! Nougatine | 12 May &apos;16 | 17:10 Reactie
</topic_text>
<spam_score>0.00</spam_score>
<post_num>1</post_num>
<post_id>post-1</post_id>
<post_url>http://biertijd.com/index.php?itemid=60958</post_url>
<post_date>20160511</post_date>
<post_time>2149</post_time>
<username></username>
<post>
Crash Galore (378) &gt;&gt; And That&apos;s Why I Hate Clowns.. Een middag met je kids naar het circus, altijd gezellig toch? En als je dan ook nog met een clown mag optreden dan is je dag helemaal compleet. Althans .. 11 May &apos;16 - cat: WTF! Door: Patrick Comments Hoe is het nu met de beste man? Het is niet te hopen dat &apos;ie er een dwarslaesie aan overhoudt! Nougatine | 12 May &apos;16 | 17:10 Reactie
</post>
<signature>

</signature>
<external_links>

</external_links>
<country>NL</country>
<main_image></main_image>
</document>
