<?xml version="1.0" encoding="UTF-8"?>
<document>
<type>mainstream</type>
<forum></forum>
<forum_title></forum_title>
<discussion_title>Se inicia el proceso participativo para el desarrollo del Plan de Cultura con la celebración de sesiones sectoriales. Diario de Noticias de Navarra</discussion_title>
<language>spanish</language>
<gmt_offset></gmt_offset>
<topic_url>http://www.noticiasdenavarra.com/2016/05/12/ocio-y-cultura/cultura/se-inicia-el-proceso-participativo-para-el-desarrollo-del-plan-de-cultura-con-la-celebracion-de-sesiones-sectoriales</topic_url>
<topic_text>

La primera fase del proceso participativo consta de una serie de sesiones sectoriales que se inician la próxima semana. (PATXI CASCANTE) 
Vista: Más visual Galería Noticia 
PAMPLONA. La Dirección General de Cultura del Gobierno de Navarra pone en marcha a partir de la semana próxima la primera fase del proceso participativo que tiene por objeto convertir la opinión y consulta de la ciudadanía en pieza clave del desarrollo del Plan de Cultura. 
Así, y tomando como base la Ley foral 11/2012 de la Transparencia y del Gobierno Abierto, ha diseñado un proceso participativo, cuya primera fase consta de una serie de reuniones sectoriales de información y consulta, que se celebrarán en horario de 17.00 a 19.00 horas, en los lugares que se detallan y con el siguiente calendario: 16 de mayo, Museos (Sala Pío Baroja del INAP); 17 de mayo, Archivos (Archivo General de Navarra); 18 de mayo, Patrimonio Histórico (Sala Pío Baroja del INAP); 23 de mayo, Bibliotecas (Sala Pío Baroja del INAP); 24 de mayo, Acción Cultural-sector audiovisual y cinematográfico (Sala Pío Baroja del INAP); 1 de junio, Acción cultural-música (Sala Pío Baroja del INAP); y 2 de junio, Acción cultural-artes escénicas (teatro y danza) (Sala Pío Baroja del INAP). 
Para participar en cualquiera de ellas es preciso inscribirse en la dirección participacioncultura@navarra.es . Quienes así lo deseen podrán inscribirse a una o más sesiones. 
METODOLOGÍA DE LAS SESIONES 
Todas las sesiones sectoriales de participación tendrán un esquema y estructura común que incluye, en primer lugar, la explicación del proceso de participación general y de la sesión de participación en particular (reglas de juego, estructura de la sesión, etc.) por parte del técnico de Participación Ciudadana de la Empresa EIN, Javier Espinosa Ochoa. 
Se presentará a continuación el Plan de acción sectorial de la Dirección, a la que seguirá una dinámica de trabajo participativo en grupos y de la puesta en común del trabajo grupal. La duración aproximada de la sesión es de dos horas. 
OBJETIVOS DEL PLAN DE PARTICIPACIÓN 
El Plan de participación esta diseñado de acuerdo con los siguientes objetivos: informar a la ciudadanía sobre la planificación cultural pública en Navarra, implicarla en la construcción del discurso cultural, fomentar una política cultural con un alto componente participativo y teniendo en cuenta la pluralidad en todos sus ámbitos, adecuarla a las necesidades demandadas por la ciudadanía, mejorar la calidad de los servicios públicos y ajustar la planificación cultural del Departamento a través de las propuestas de interés público que realicen las entidades participantes. 
</topic_text>
<spam_score>0.00</spam_score>
<post_num>1</post_num>
<post_id>post-1</post_id>
<post_url>http://www.noticiasdenavarra.com/2016/05/12/ocio-y-cultura/cultura/se-inicia-el-proceso-participativo-para-el-desarrollo-del-plan-de-cultura-con-la-celebracion-de-sesiones-sectoriales</post_url>
<post_date>20160512</post_date>
<post_time></post_time>
<username></username>
<post>

La primera fase del proceso participativo consta de una serie de sesiones sectoriales que se inician la próxima semana. (PATXI CASCANTE) 
Vista: Más visual Galería Noticia 
PAMPLONA. La Dirección General de Cultura del Gobierno de Navarra pone en marcha a partir de la semana próxima la primera fase del proceso participativo que tiene por objeto convertir la opinión y consulta de la ciudadanía en pieza clave del desarrollo del Plan de Cultura. 
Así, y tomando como base la Ley foral 11/2012 de la Transparencia y del Gobierno Abierto, ha diseñado un proceso participativo, cuya primera fase consta de una serie de reuniones sectoriales de información y consulta, que se celebrarán en horario de 17.00 a 19.00 horas, en los lugares que se detallan y con el siguiente calendario: 16 de mayo, Museos (Sala Pío Baroja del INAP); 17 de mayo, Archivos (Archivo General de Navarra); 18 de mayo, Patrimonio Histórico (Sala Pío Baroja del INAP); 23 de mayo, Bibliotecas (Sala Pío Baroja del INAP); 24 de mayo, Acción Cultural-sector audiovisual y cinematográfico (Sala Pío Baroja del INAP); 1 de junio, Acción cultural-música (Sala Pío Baroja del INAP); y 2 de junio, Acción cultural-artes escénicas (teatro y danza) (Sala Pío Baroja del INAP). 
Para participar en cualquiera de ellas es preciso inscribirse en la dirección participacioncultura@navarra.es . Quienes así lo deseen podrán inscribirse a una o más sesiones. 
METODOLOGÍA DE LAS SESIONES 
Todas las sesiones sectoriales de participación tendrán un esquema y estructura común que incluye, en primer lugar, la explicación del proceso de participación general y de la sesión de participación en particular (reglas de juego, estructura de la sesión, etc.) por parte del técnico de Participación Ciudadana de la Empresa EIN, Javier Espinosa Ochoa. 
Se presentará a continuación el Plan de acción sectorial de la Dirección, a la que seguirá una dinámica de trabajo participativo en grupos y de la puesta en común del trabajo grupal. La duración aproximada de la sesión es de dos horas. 
OBJETIVOS DEL PLAN DE PARTICIPACIÓN 
El Plan de participación esta diseñado de acuerdo con los siguientes objetivos: informar a la ciudadanía sobre la planificación cultural pública en Navarra, implicarla en la construcción del discurso cultural, fomentar una política cultural con un alto componente participativo y teniendo en cuenta la pluralidad en todos sus ámbitos, adecuarla a las necesidades demandadas por la ciudadanía, mejorar la calidad de los servicios públicos y ajustar la planificación cultural del Departamento a través de las propuestas de interés público que realicen las entidades participantes. 
</post>
<signature>

</signature>
<external_links>

</external_links>
<country>ES</country>
<main_image></main_image>
</document>
