<?xml version="1.0" encoding="UTF-8"?>
<document>
<type>mainstream</type>
<forum>http://www.ideal.es/sociedad/?reducido=1&amp;pag=612</forum>
<forum_title></forum_title>
<discussion_title>Una empresa china obliga a sus trabajadoras a ajustarse a un calendario para quedarse embarazadas</discussion_title>
<language>spanish</language>
<gmt_offset></gmt_offset>
<topic_url>http://www.ideal.es/sociedad/201507/03/empresa-china-obliga-empleadas-20150703164524-rc.html</topic_url>
<topic_text>
Una empresa china ha sido acusada de exigir a sus empleadas que informen a la compañía sobre sus planes de maternidad y que se ajusten a un calendario para organizar las bajas , ya que de lo contrario serán multadas, según ha informado la prensa local.
&quot;Sólo las trabajadoras casadas que han estado empleadas en la empresa durante más de un año pueden postular a una plaza en el calendario de planificación de nacimientos&quot;, estipula el documento repartido por una cooperativa de crédito en Jiaozuo, en la provincia central de Henan. Si alguna se queda embarazada contrariando las reglas del plan será multado con 1.000 yuanes (161 dólares, 145 euros). Además, las empleadas que no se ajusten a la norma no serán consideradas para los ascensos y se les cancelarán sus bonos anuales, en el caso que su embarazo perjudique su trabajo, estipula la directiva.
El portal de noticias The Paper ha publicado una foto tomada a la circular, agregando que un representante de la empresa había afirmado que se trataba solo de conocer cuál era la opinión de las trabajadoras .
Los medios chinos han criticado la circular, y el diario estatal China Youth Daily la ha juzgado duramente denunciando que la empresa &quot; no considera a sus empleadas como seres humanos , en vez de eso las trata como herramientas de trabajo en una cadena de producción&quot;.
Las medidas obligadas de planificación familiar son algo conocido en China, donde la política del hijo único, impuesta a finales de la décadas de 1970, limita a la mayoría de las parejas a la hora de tener descendencia.
Lo Más lo más 50
</topic_text>
<spam_score>0.00</spam_score>
<post_num>1</post_num>
<post_id>post-1</post_id>
<post_url>http://www.ideal.es/sociedad/201507/03/empresa-china-obliga-empleadas-20150703164524-rc.html</post_url>
<post_date>20150703</post_date>
<post_time>1722</post_time>
<username>COLPISA / Afp</username>
<post>
Una empresa china ha sido acusada de exigir a sus empleadas que informen a la compañía sobre sus planes de maternidad y que se ajusten a un calendario para organizar las bajas , ya que de lo contrario serán multadas, según ha informado la prensa local.
&quot;Sólo las trabajadoras casadas que han estado empleadas en la empresa durante más de un año pueden postular a una plaza en el calendario de planificación de nacimientos&quot;, estipula el documento repartido por una cooperativa de crédito en Jiaozuo, en la provincia central de Henan. Si alguna se queda embarazada contrariando las reglas del plan será multado con 1.000 yuanes (161 dólares, 145 euros). Además, las empleadas que no se ajusten a la norma no serán consideradas para los ascensos y se les cancelarán sus bonos anuales, en el caso que su embarazo perjudique su trabajo, estipula la directiva.
El portal de noticias The Paper ha publicado una foto tomada a la circular, agregando que un representante de la empresa había afirmado que se trataba solo de conocer cuál era la opinión de las trabajadoras .
Los medios chinos han criticado la circular, y el diario estatal China Youth Daily la ha juzgado duramente denunciando que la empresa &quot; no considera a sus empleadas como seres humanos , en vez de eso las trata como herramientas de trabajo en una cadena de producción&quot;.
Las medidas obligadas de planificación familiar son algo conocido en China, donde la política del hijo único, impuesta a finales de la décadas de 1970, limita a la mayoría de las parejas a la hora de tener descendencia.
Lo Más lo más 50
</post>
<signature>

</signature>
<external_links>

</external_links>
<country>ES</country>
<main_image>http://www.ideal.es/RC/201507/03/media/cortadas/mujeres-china--575x323.jpg</main_image>
</document>
