<?xml version="1.0" encoding="UTF-8"?>
<document>
<type>mainstream</type>
<forum>http://rssfeeds.9news.com/_/20/107322240/kusa-entertainment</forum>
<forum_title>KUSA - Entertainment</forum_title>
<discussion_title>Man in CO prison says he&apos;s Prince&apos;s son</discussion_title>
<language>english</language>
<gmt_offset></gmt_offset>
<topic_url>http://www.9news.com/entertainment/colorado-prisoner-carlin-q-williams-says-hes-princes-son/184488609</topic_url>
<topic_text>
Man in Colorado prison says he&apos;s Prince&apos;s son 9NEWS at 5 p.m. 5/10/16. Victoria Sanchez, KUSA 6:08 PM. MDT May 10, 2016 
A Colorado prison inmate is claiming he is Prince&apos;s son and should inherit the late music legend&apos;s fortune. 
Prince has no known surviving children and did not have a will. Carlin Williams is currently in federal prison in Florence for firearm possession. On Monday, he filed a paternity claim stating he&apos;s the &quot;sole surviving legal heir.&quot; In court documents, Williams&apos; mother claims she and the singer met in the lobby of a hotel in Kansas City in July 1976 and had unprotected sex. Nine months later, she gave birth to her son. Under Minnesota law, if a DNA test proves the singer had a child, they get the multi-million dollar estate. 
&quot;If there is a lineal heir to Prince, that individual or those individuals inherit it all. His sister and other siblings will get nothing,&quot; said 9NEWS Legal Analyst Scott Robinson. &quot;There&apos;s an enormous pot of gold at the end of this rainbow for anyone who can prove they are a child of Prince.&quot; The first official paternity claim filed comes just days after a court ordered DNA testing of Prince&apos;s blood. The &quot;Purple Rain&quot; singer died at his Paisley Park compound in Minnesota on April 21 and his body was cremated. Blood was taken from the late singer during the autopsy and that could be used in paternity tests. 
Celebs who died in 2016 Loading... MIAMI GARDENS, FL - FEBRUARY 04: Prince performs during the &quot;Pepsi Halftime Show&quot; at Super Bowl XLI between the Indianapolis Colts and the Chicago Bears on February 4, 2007 at Dolphin Stadium in Miami Gardens, Florida. (Photo by Jonathan Daniel/Getty Images) Jonathan Daniel, 2007 Getty Images A portrait taken on May 11, 1983 shows British singer David Bowie during a press conference at the 36th Cannes Film Festival. He is the main actor in Nagisa Oshima&apos;s film &quot;Furyo (Merry christmas Mr. Lawrence)&quot;, official selection in Cannes. He is also with French actress Catherine Deneuve maina ctor in Tony Scott&apos;s film &quot;The hunger&quot; presented out competition at the festival. AFP PHOTO RALPH GATTI / AFP / RALPH GATTI (Photo credit should read RALPH GATTI/AFP/Getty Images) RALPH GATTI LONDON, ENGLAND - JULY 07: Alan Rickman attends the World Premiere of Harry Potter and The Deathly Hallows - Part 2 at Trafalgar Square on July 7, 2011 in London, England. (Photo by Ian Gavan/Getty Images) Ian Gavan, 2011 Getty Images WASHINGTON - NOVEMBER 05: Pulitzer Prize winner and &quot;To Kill A Mockingbird&quot; author Harper Lee smiles before receiving the 2007 Presidential Medal of Freedom in the East Room of the White House November 5, 2007 in Washington, DC. The Medal of Freedom is given to those who have made remarkable contributions to the security or national interests of the United States, world peace, culture, or other private or public endeavors. (Photo by Chip Somodevilla/Getty Images) Chip Somodevilla, 2007 Getty Images LOS ANGELES - NOVEMBER 16: Actress Chyna attends the 31st Annual American Music Awards at The Shrine Auditorium November 16, 2003 in Los Angeles, California. (Photo by Kevin Winter/Getty Images) Kevin Winter, 2003 Getty Images INDIO, CA - APRIL 24: Musician Merle Haggard performs during day 1 of Stagecoach: California&apos;s Country Music Festival 2010 held at The Empire Polo Club on April 24, 2010 in Indio, California. (Photo by Frazer Harrison/Getty Images) Frazer Harrison, 2010 Getty Images HOLLYWOOD - AUGUST 17: Actress Patty Duke (C) and sons MacKenzie (L) and Sean Astin attend the ceremony honoring her with a star on the Hollywood Walk of Fame August 17, 2004 in Hollywood, California. (Photo by Vince Bucci/Getty Images) Vince Bucci, 2004 Getty Images US President and Republican presidential candidate Ronald Reagan and his wife Nancy wave to supporters at an electoral meeting in November 1984, a few days before the american presidential election. (Photo credit should read DON RYPKA/AFP/Getty Images) DON RYPKA, 2011 AFP LOS ANGELES, CA - FEBRUARY 08: Musician Lemmy of Motorhead attends The 57th Annual GRAMMY Awards at the STAPLES Center on February 8, 2015 in Los Angeles, California. (Photo by Jason Merritt/Getty Images) Jason Merritt, 2015 Getty Images NEW YORK - OCTOBER 06: Actor Abe Vigoda attends The Motion Pictures Club&apos;s 65th Annual Awards &amp; Installation Luncheon at the Marriott Marquis Hotel October 06, 2005 in New York City. (Photo by Evan Agostini/Getty Images) Evan Agostini, 2005 Getty Images PHOENIX - JULY 03: Broadcaster Joe Garagiola talks with manager Joe Torre of the Los Angeles Dodgers in the dugout before the Major League Baseball game against the Arizona Diamondbacks at Chase Field on July 3, 2010 in Phoenix, Arizona. (Photo by Christian Petersen/Getty Images) Christian Petersen, 2010 Getty Images NEW YORK, NY - JANUARY 22: SAG-AFTRA President Ken Howard attends the grand opening of SAG-AFTRA on January 22, 2014 in New York City. (Photo by Stephen Lovekin/Getty Images for SAG-AFTRA) Stephen Lovekin, 2014 Getty Images NEW YORK, NY - JULY 08: Angela &quot;Big Ang&quot; Raiola attends the VH1 Big Ang Party at Trattoria Dopo Teatro on July 8, 2012 in New York City. (Photo by Neilson Barnard/Getty Images for VH1) Neilson Barnard, 2012 Getty Images ATLANTIC CITY, NJ - SEPTEMBER 14: Miss America 2014 contestant Miss New Jersey Cara McCollum appears in the 2014 Miss America Competition Parade at Boardwalk Hall Arena on September 14, 2013 in Atlantic City, New Jersey. (Photo by Michael Loccisano/Getty Images) Michael Loccisano, 2013 Getty Images TORONTO, CANADA- NOVEMBER 15: Toronto Mayor Rob Ford is swarmed by media at City Hall after City Council striped him of emergency management powers on November 15, 2013 in Toronto, Canada. (Photo by Aaron Vincent Elkaim/Getty Images) Aaron Vincent Elkaim, 2013 Getty Images LOS ANGELES, CA - MARCH 10: Keith Hefner arrives at the premiere of The Travel Channel&apos;s &quot;Bridget&apos;s Sexiest Beaches&quot; held at the Playboy Mansion on March 10, 2009 in Los Angeles, California. (Photo by Alberto E. Rodriguez/Getty Images) Alberto E. Rodriguez, 2009 Getty Images LAS VEGAS - JUNE 04: Singer Celine Dion (R) and her husband and manager Rene Angelil pose before a fashion show by jewelry designer Chris Aire at the Pure Nightclub at Caesars Palace June 4, 2006 in Las Vegas, Nevada. (Photo by Ethan Miller/Getty Images) Ethan Miller, 2006 Getty Images NASHVILLE, TN - OCTOBER 16: Glen Frey of the Eagles performs during &quot;History Of The Eagles Live In Concert&quot; at the Bridgestone Arena on October 16, 2013 in Nashville, Tennessee. (Photo by Rick Diamond/Getty Images) Rick Diamond, 2013 Getty Images NEW YORK, UNITED STATES: Maurice White (C) reacts to the crowd as his group, Earth, Wind and Fire, are inducted into the Rock and Roll Hall of Fame during the 15th annual induction ceremony 06 March 2000 at the Waldorf-Astoria Hotel in New York City. (ELECTRONIC IMAGE) AFP PHOTO/Stan HONDA (Photo credit should read STAN HONDA/AFP/Getty Images) STAN HONDA LOS ANGELES - MARCH 19: Garry Shandling performs at &quot;A Night of Comedy 3&quot; at the Wilshire Theatre on March 19, 2005 in Los Angeles, California. Proceeds from the event benefit the Children Affected By AIDS Foundation. (Photo by Karl Walter/Getty Images) Karl Walter, 2005 Getty Images Doris Roberts at the 54th Annual Primetime Emmy Awards at the Shrine Auditorium in Los Angeles, Ca. Sunday, Sept. 22, 2002. Photo by Kevin Winter/ImageDirect Kevin Winter WEST HOLLYWOOD, CA - JULY 25: Producer David Gest and wife, singer/actress Liza Minnelli, answer questions during a press conference at the House of Blues July 25, 2002 in West Hollywood, California. The couple will be starring in &quot;Liza and David&quot;, a weekly musical reality television series to be aired on the VH1 network in October of 2002. (Photo by Vince Bucci/Getty Images) Vince Bucci, (?) Copyright 2002 by Getty Images North America LAS VEGAS - APRIL 18: Musicians Joey Martin Feek (L) and Rory Lee Feek perform onstage during the 45th Annual Academy of Country Music Awards at the MGM Grand Garden Arena on April 18, 2010 in Las Vegas, Nevada. (Photo by Ethan Miller/ACMA2010/Getty Images for ACMA) Ethan Miller, 2010 Getty Images of
</topic_text>
<spam_score>0.00</spam_score>
<post_num>1</post_num>
<post_id>post-1</post_id>
<post_url>http://www.9news.com/entertainment/colorado-prisoner-carlin-q-williams-says-hes-princes-son/184488609</post_url>
<post_date>20160511</post_date>
<post_time>0008</post_time>
<username>Victoria Sanchez</username>
<post>
Man in Colorado prison says he&apos;s Prince&apos;s son 9NEWS at 5 p.m. 5/10/16. Victoria Sanchez, KUSA 6:08 PM. MDT May 10, 2016 
A Colorado prison inmate is claiming he is Prince&apos;s son and should inherit the late music legend&apos;s fortune. 
Prince has no known surviving children and did not have a will. Carlin Williams is currently in federal prison in Florence for firearm possession. On Monday, he filed a paternity claim stating he&apos;s the &quot;sole surviving legal heir.&quot; In court documents, Williams&apos; mother claims she and the singer met in the lobby of a hotel in Kansas City in July 1976 and had unprotected sex. Nine months later, she gave birth to her son. Under Minnesota law, if a DNA test proves the singer had a child, they get the multi-million dollar estate. 
&quot;If there is a lineal heir to Prince, that individual or those individuals inherit it all. His sister and other siblings will get nothing,&quot; said 9NEWS Legal Analyst Scott Robinson. &quot;There&apos;s an enormous pot of gold at the end of this rainbow for anyone who can prove they are a child of Prince.&quot; The first official paternity claim filed comes just days after a court ordered DNA testing of Prince&apos;s blood. The &quot;Purple Rain&quot; singer died at his Paisley Park compound in Minnesota on April 21 and his body was cremated. Blood was taken from the late singer during the autopsy and that could be used in paternity tests. 
Celebs who died in 2016 Loading... MIAMI GARDENS, FL - FEBRUARY 04: Prince performs during the &quot;Pepsi Halftime Show&quot; at Super Bowl XLI between the Indianapolis Colts and the Chicago Bears on February 4, 2007 at Dolphin Stadium in Miami Gardens, Florida. (Photo by Jonathan Daniel/Getty Images) Jonathan Daniel, 2007 Getty Images A portrait taken on May 11, 1983 shows British singer David Bowie during a press conference at the 36th Cannes Film Festival. He is the main actor in Nagisa Oshima&apos;s film &quot;Furyo (Merry christmas Mr. Lawrence)&quot;, official selection in Cannes. He is also with French actress Catherine Deneuve maina ctor in Tony Scott&apos;s film &quot;The hunger&quot; presented out competition at the festival. AFP PHOTO RALPH GATTI / AFP / RALPH GATTI (Photo credit should read RALPH GATTI/AFP/Getty Images) RALPH GATTI LONDON, ENGLAND - JULY 07: Alan Rickman attends the World Premiere of Harry Potter and The Deathly Hallows - Part 2 at Trafalgar Square on July 7, 2011 in London, England. (Photo by Ian Gavan/Getty Images) Ian Gavan, 2011 Getty Images WASHINGTON - NOVEMBER 05: Pulitzer Prize winner and &quot;To Kill A Mockingbird&quot; author Harper Lee smiles before receiving the 2007 Presidential Medal of Freedom in the East Room of the White House November 5, 2007 in Washington, DC. The Medal of Freedom is given to those who have made remarkable contributions to the security or national interests of the United States, world peace, culture, or other private or public endeavors. (Photo by Chip Somodevilla/Getty Images) Chip Somodevilla, 2007 Getty Images LOS ANGELES - NOVEMBER 16: Actress Chyna attends the 31st Annual American Music Awards at The Shrine Auditorium November 16, 2003 in Los Angeles, California. (Photo by Kevin Winter/Getty Images) Kevin Winter, 2003 Getty Images INDIO, CA - APRIL 24: Musician Merle Haggard performs during day 1 of Stagecoach: California&apos;s Country Music Festival 2010 held at The Empire Polo Club on April 24, 2010 in Indio, California. (Photo by Frazer Harrison/Getty Images) Frazer Harrison, 2010 Getty Images HOLLYWOOD - AUGUST 17: Actress Patty Duke (C) and sons MacKenzie (L) and Sean Astin attend the ceremony honoring her with a star on the Hollywood Walk of Fame August 17, 2004 in Hollywood, California. (Photo by Vince Bucci/Getty Images) Vince Bucci, 2004 Getty Images US President and Republican presidential candidate Ronald Reagan and his wife Nancy wave to supporters at an electoral meeting in November 1984, a few days before the american presidential election. (Photo credit should read DON RYPKA/AFP/Getty Images) DON RYPKA, 2011 AFP LOS ANGELES, CA - FEBRUARY 08: Musician Lemmy of Motorhead attends The 57th Annual GRAMMY Awards at the STAPLES Center on February 8, 2015 in Los Angeles, California. (Photo by Jason Merritt/Getty Images) Jason Merritt, 2015 Getty Images NEW YORK - OCTOBER 06: Actor Abe Vigoda attends The Motion Pictures Club&apos;s 65th Annual Awards &amp; Installation Luncheon at the Marriott Marquis Hotel October 06, 2005 in New York City. (Photo by Evan Agostini/Getty Images) Evan Agostini, 2005 Getty Images PHOENIX - JULY 03: Broadcaster Joe Garagiola talks with manager Joe Torre of the Los Angeles Dodgers in the dugout before the Major League Baseball game against the Arizona Diamondbacks at Chase Field on July 3, 2010 in Phoenix, Arizona. (Photo by Christian Petersen/Getty Images) Christian Petersen, 2010 Getty Images NEW YORK, NY - JANUARY 22: SAG-AFTRA President Ken Howard attends the grand opening of SAG-AFTRA on January 22, 2014 in New York City. (Photo by Stephen Lovekin/Getty Images for SAG-AFTRA) Stephen Lovekin, 2014 Getty Images NEW YORK, NY - JULY 08: Angela &quot;Big Ang&quot; Raiola attends the VH1 Big Ang Party at Trattoria Dopo Teatro on July 8, 2012 in New York City. (Photo by Neilson Barnard/Getty Images for VH1) Neilson Barnard, 2012 Getty Images ATLANTIC CITY, NJ - SEPTEMBER 14: Miss America 2014 contestant Miss New Jersey Cara McCollum appears in the 2014 Miss America Competition Parade at Boardwalk Hall Arena on September 14, 2013 in Atlantic City, New Jersey. (Photo by Michael Loccisano/Getty Images) Michael Loccisano, 2013 Getty Images TORONTO, CANADA- NOVEMBER 15: Toronto Mayor Rob Ford is swarmed by media at City Hall after City Council striped him of emergency management powers on November 15, 2013 in Toronto, Canada. (Photo by Aaron Vincent Elkaim/Getty Images) Aaron Vincent Elkaim, 2013 Getty Images LOS ANGELES, CA - MARCH 10: Keith Hefner arrives at the premiere of The Travel Channel&apos;s &quot;Bridget&apos;s Sexiest Beaches&quot; held at the Playboy Mansion on March 10, 2009 in Los Angeles, California. (Photo by Alberto E. Rodriguez/Getty Images) Alberto E. Rodriguez, 2009 Getty Images LAS VEGAS - JUNE 04: Singer Celine Dion (R) and her husband and manager Rene Angelil pose before a fashion show by jewelry designer Chris Aire at the Pure Nightclub at Caesars Palace June 4, 2006 in Las Vegas, Nevada. (Photo by Ethan Miller/Getty Images) Ethan Miller, 2006 Getty Images NASHVILLE, TN - OCTOBER 16: Glen Frey of the Eagles performs during &quot;History Of The Eagles Live In Concert&quot; at the Bridgestone Arena on October 16, 2013 in Nashville, Tennessee. (Photo by Rick Diamond/Getty Images) Rick Diamond, 2013 Getty Images NEW YORK, UNITED STATES: Maurice White (C) reacts to the crowd as his group, Earth, Wind and Fire, are inducted into the Rock and Roll Hall of Fame during the 15th annual induction ceremony 06 March 2000 at the Waldorf-Astoria Hotel in New York City. (ELECTRONIC IMAGE) AFP PHOTO/Stan HONDA (Photo credit should read STAN HONDA/AFP/Getty Images) STAN HONDA LOS ANGELES - MARCH 19: Garry Shandling performs at &quot;A Night of Comedy 3&quot; at the Wilshire Theatre on March 19, 2005 in Los Angeles, California. Proceeds from the event benefit the Children Affected By AIDS Foundation. (Photo by Karl Walter/Getty Images) Karl Walter, 2005 Getty Images Doris Roberts at the 54th Annual Primetime Emmy Awards at the Shrine Auditorium in Los Angeles, Ca. Sunday, Sept. 22, 2002. Photo by Kevin Winter/ImageDirect Kevin Winter WEST HOLLYWOOD, CA - JULY 25: Producer David Gest and wife, singer/actress Liza Minnelli, answer questions during a press conference at the House of Blues July 25, 2002 in West Hollywood, California. The couple will be starring in &quot;Liza and David&quot;, a weekly musical reality television series to be aired on the VH1 network in October of 2002. (Photo by Vince Bucci/Getty Images) Vince Bucci, (?) Copyright 2002 by Getty Images North America LAS VEGAS - APRIL 18: Musicians Joey Martin Feek (L) and Rory Lee Feek perform onstage during the 45th Annual Academy of Country Music Awards at the MGM Grand Garden Arena on April 18, 2010 in Las Vegas, Nevada. (Photo by Ethan Miller/ACMA2010/Getty Images for ACMA) Ethan Miller, 2010 Getty Images of
</post>
<signature>

</signature>
<external_links>

</external_links>
<country>US</country>
<main_image>http://content.tegna-media.com/photo/2016/05/09/1280_prince_GettyImages169175599_2182897_ver1.0_640_360.jpg</main_image>
</document>
