<?xml version="1.0" encoding="UTF-8"?>
<document>
<type>mainstream</type>
<forum>http://www.nwfdailynews.com/section/?template=rss_photos&amp;mime=xml</forum>
<forum_title>nwfdailynews.com</forum_title>
<discussion_title>Storm water troubles near Mooney Road</discussion_title>
<language>english</language>
<gmt_offset></gmt_offset>
<topic_url>http://www.nwfdailynews.com/photogallery/DA/20160512/PHOTOGALLERY/512009999/PH/73_629_2884?rssfeed=true</topic_url>
<topic_text>
Storm water troubles near Mooney Road View storm water sinkholes and run-off in Okaloosa County Posted May. 12, 2016 Sign  
</topic_text>
<spam_score>0.00</spam_score>
<post_num>1</post_num>
<post_id>post-1</post_id>
<post_url>http://www.nwfdailynews.com/photogallery/DA/20160512/PHOTOGALLERY/512009999/PH/73_629_2884?rssfeed=true</post_url>
<post_date>20160512</post_date>
<post_time>0500</post_time>
<username></username>
<post>
Storm water troubles near Mooney Road View storm water sinkholes and run-off in Okaloosa County Posted May. 12, 2016 Sign  
</post>
<signature>

</signature>
<external_links>

</external_links>
<country>US</country>
<main_image>http://www.nwfdailynews.com/galleryimage/DA/20160512/PHOTOGALLERY/512009999/PH/0/1/PH-512009999.jpg</main_image>
</document>
