<?xml version="1.0" encoding="UTF-8"?>
<document>
<type>mainstream</type>
<forum></forum>
<forum_title></forum_title>
<discussion_title>Boricuas son fans del béisbol sobre otros deportes</discussion_title>
<language>spanish</language>
<gmt_offset></gmt_offset>
<topic_url>http://www.primerahora.com/deportes/beisbol/nota/boricuassonfansdelbeisbolsobreotrosdeportes-1152989/</topic_url>
<topic_text>
Boricuas son fans del béisbol sobre otros deportes Por Agencia EFE 05/12/2016 |10:15 a.m. Anthony Rizzo llega a la base durante un juego entre los Chicago Cubs y los Washington Nationals. (EFE / EPA / Tannen Maury) Según Google, la pelota es la disciplina más buscada por los puertorriqueños. 
El béisbol es el deporte de mayor predilección de los puertorriqueños entre las disciplinas deportivas más buscadas entre los habitantes de la Isla, según un estudio realizado por Google Trends. 
&quot;Béisbol o fútbol, ¿qué se busca más en Puerto Rico?&quot;, lee el titular de un comunicado enviado por Google en referencia al análisis que el buscador realizó durante los pasados 12 meses. 
Según explicó Google en el comunicado, la idea del estudio surgió por la agenda deportiva de varios eventos internacionales a realizarse próximamente en Puerto Rico. 
Entre estas competencias estaban el juego amistoso de fútbol entre Puerto Rico y EE.UU. el próximo día 22 y la serie de dos partidos de Grandes Ligas que estaba previsto que jugaran los Piratas de Pittsburgh y los Marlins de Miami el 30 y 31 de este mes en San Juan, pero finalmente fueron cancelados por el virus del Zika. 
&quot;La comparación se hizo en los últimos 12 meses calendario, y como podemos observar en el gráfico, en ese lapso de tiempo el béisbol es la tendencia de búsqueda en el país puertorriqueño&quot;, indica el comunicado. 
Google detalló que en su página hubo un pico de búsquedas en su página en enero pasado cuando se llevó a cabo la serie final de la Liga de Béisbol Profesional de Puerto Rico Roberto Clemente entre los Indios de Mayagüez y los Cangrejeros de Santurce, y cuyo campeonato conquistaron los Cangrejeros. 
Por su parte, según Google, el fútbol presentó una tendencia de búsqueda &quot;muy irregular&quot; durante los pasados 12 meses. 
Este análisis fue realizado usando Google Trends, una herramienta que permite identificar las tendencias de búsqueda que se realizan en Google en diferentes períodos de tiempo, categorías y en diversos lugares geográficos. 
La funcionalidad de Google Trends brinda resultados enfocados en los términos más buscados -de acuerdo a su frecuencia-, y en aquellos términos cuyas búsquedas crecieron más en el tiempo. 
</topic_text>
<spam_score>0.00</spam_score>
<post_num>1</post_num>
<post_id>post-1</post_id>
<post_url>http://www.primerahora.com/deportes/beisbol/nota/boricuassonfansdelbeisbolsobreotrosdeportes-1152989/</post_url>
<post_date>20160512</post_date>
<post_time></post_time>
<username></username>
<post>
Boricuas son fans del béisbol sobre otros deportes Por Agencia EFE 05/12/2016 |10:15 a.m. Anthony Rizzo llega a la base durante un juego entre los Chicago Cubs y los Washington Nationals. (EFE / EPA / Tannen Maury) Según Google, la pelota es la disciplina más buscada por los puertorriqueños. 
El béisbol es el deporte de mayor predilección de los puertorriqueños entre las disciplinas deportivas más buscadas entre los habitantes de la Isla, según un estudio realizado por Google Trends. 
&quot;Béisbol o fútbol, ¿qué se busca más en Puerto Rico?&quot;, lee el titular de un comunicado enviado por Google en referencia al análisis que el buscador realizó durante los pasados 12 meses. 
Según explicó Google en el comunicado, la idea del estudio surgió por la agenda deportiva de varios eventos internacionales a realizarse próximamente en Puerto Rico. 
Entre estas competencias estaban el juego amistoso de fútbol entre Puerto Rico y EE.UU. el próximo día 22 y la serie de dos partidos de Grandes Ligas que estaba previsto que jugaran los Piratas de Pittsburgh y los Marlins de Miami el 30 y 31 de este mes en San Juan, pero finalmente fueron cancelados por el virus del Zika. 
&quot;La comparación se hizo en los últimos 12 meses calendario, y como podemos observar en el gráfico, en ese lapso de tiempo el béisbol es la tendencia de búsqueda en el país puertorriqueño&quot;, indica el comunicado. 
Google detalló que en su página hubo un pico de búsquedas en su página en enero pasado cuando se llevó a cabo la serie final de la Liga de Béisbol Profesional de Puerto Rico Roberto Clemente entre los Indios de Mayagüez y los Cangrejeros de Santurce, y cuyo campeonato conquistaron los Cangrejeros. 
Por su parte, según Google, el fútbol presentó una tendencia de búsqueda &quot;muy irregular&quot; durante los pasados 12 meses. 
Este análisis fue realizado usando Google Trends, una herramienta que permite identificar las tendencias de búsqueda que se realizan en Google en diferentes períodos de tiempo, categorías y en diversos lugares geográficos. 
La funcionalidad de Google Trends brinda resultados enfocados en los términos más buscados -de acuerdo a su frecuencia-, y en aquellos términos cuyas búsquedas crecieron más en el tiempo. 
</post>
<signature>

</signature>
<external_links>

</external_links>
<country>US</country>
<main_image>http://rec-eph.gfrcdn.net/images/2016/05/12/crop_26a12af6-91f3-4175-9632-9bfda1b62b11_1.jpg</main_image>
</document>
