<?xml version="1.0" encoding="UTF-8"?>
<document>
<type>mainstream</type>
<forum>http://chelyabinsk.bezformata.ru/rss.xml</forum>
<forum_title>Новости города БезФормата.Ru Челябинская область Челябинск</forum_title>
<discussion_title>Мнимый работник администрации вручил старушке 10 тысяч рублей «выплаты к майским праздникам» - банкнотами «Банка приколов»</discussion_title>
<language>russian</language>
<gmt_offset></gmt_offset>
<topic_url>http://chelyabinsk.bezformata.ru/listnews/starushke-10-tisyach-rublej-viplati/46771205/</topic_url>
<topic_text>
Мнимый работник администрации вручил старушке 10 тысяч рублей «выплаты к майским праздникам» - банкнотами «Банка приколов» Молодой мужчина обманул 88-летнюю пенсионерку в Южноуральске. В Южноуральске стражи порядка устанавливают личность мошенника, обманувшего местную жительницу. В конце апреля неизвестный мужчина, сказав, что он работник администрации, сообщил старушке о полагающейся ей дополнительной выплате к майским праздникам. По его словам, бабушке причитались 6 тысяч рублей, которые он мог бы вручить немедленно, только вот купюры у него по 5 тысяч. Несмотря на то, что у старушки нашлось только 3 тысячи 700 рублей сдачи, мошенник передал ей две пятитысячные купюры, забрал сдачу и покинул квартиру . Вернувшаяся из магазина дочь старушки обнаружила, что принесённые визитёром деньги – купюры «банка приколов». По данному факту отделением дознания Межмуниципального отдела МВД России « Южноуральский » возбуждено уголовное дело по ч.1 ст. 159 УК РФ (Мошенничество). Стражи порядка устанавливают личность мошенника. Приметы мошенника: мужчина славянской внешности на вид 30 лет, рост 175-180 см., худощавого телосложения, волосы короткие русые, голос спокойный без акцента. Был одет в короткую темного цвета куртку, рубашку и брюки темного цвета. При себе имел папку. Полицейские обращают внимание граждан на участившиеся случаи мошеннических действий в отношении пенсионеров города. « Поэтому обращаемся с просьбой - проведите со своими престарелыми родственниками профилактическую беседу по действиям мошенников ». – посоветовал начальник полиции Межмуниципального отдела МВД России « Южноуральский » подполковник полиции Ильгиз Кучербаев. Тех, кто владеет информацией о месте нахождения разыскиваемого, просят незамедлительно сообщить в дежурную часть Межмуниципального отдела МВД России « Южноуральский » по адресу ул. Спортивная-11, либо по телефонам 02, (8-351-34)4-22-30.
</topic_text>
<spam_score>0.00</spam_score>
<post_num>1</post_num>
<post_id>post-1</post_id>
<post_url>http://chelyabinsk.bezformata.ru/listnews/starushke-10-tisyach-rublej-viplati/46771205/</post_url>
<post_date>20160512</post_date>
<post_time>1403</post_time>
<username></username>
<post>
Мнимый работник администрации вручил старушке 10 тысяч рублей «выплаты к майским праздникам» - банкнотами «Банка приколов» Молодой мужчина обманул 88-летнюю пенсионерку в Южноуральске. В Южноуральске стражи порядка устанавливают личность мошенника, обманувшего местную жительницу. В конце апреля неизвестный мужчина, сказав, что он работник администрации, сообщил старушке о полагающейся ей дополнительной выплате к майским праздникам. По его словам, бабушке причитались 6 тысяч рублей, которые он мог бы вручить немедленно, только вот купюры у него по 5 тысяч. Несмотря на то, что у старушки нашлось только 3 тысячи 700 рублей сдачи, мошенник передал ей две пятитысячные купюры, забрал сдачу и покинул квартиру . Вернувшаяся из магазина дочь старушки обнаружила, что принесённые визитёром деньги – купюры «банка приколов». По данному факту отделением дознания Межмуниципального отдела МВД России « Южноуральский » возбуждено уголовное дело по ч.1 ст. 159 УК РФ (Мошенничество). Стражи порядка устанавливают личность мошенника. Приметы мошенника: мужчина славянской внешности на вид 30 лет, рост 175-180 см., худощавого телосложения, волосы короткие русые, голос спокойный без акцента. Был одет в короткую темного цвета куртку, рубашку и брюки темного цвета. При себе имел папку. Полицейские обращают внимание граждан на участившиеся случаи мошеннических действий в отношении пенсионеров города. « Поэтому обращаемся с просьбой - проведите со своими престарелыми родственниками профилактическую беседу по действиям мошенников ». – посоветовал начальник полиции Межмуниципального отдела МВД России « Южноуральский » подполковник полиции Ильгиз Кучербаев. Тех, кто владеет информацией о месте нахождения разыскиваемого, просят незамедлительно сообщить в дежурную часть Межмуниципального отдела МВД России « Южноуральский » по адресу ул. Спортивная-11, либо по телефонам 02, (8-351-34)4-22-30.
</post>
<signature>

</signature>
<external_links>

</external_links>
<country>RU</country>
<main_image></main_image>
</document>
