<?xml version="1.0" encoding="UTF-8"?>
<document>
<type>mainstream</type>
<forum>https://public.govdelivery.com/accounts/ORTRIMET/feed.rss?code=ORTRIMET</forum>
<forum_title>TriMet News and Service Alerts</forum_title>
<discussion_title>Service Alert: WES Commuter Rail service disrupted</discussion_title>
<language>english</language>
<gmt_offset></gmt_offset>
<topic_url>https://content.govdelivery.com/accounts/ORTRIMET/bulletins/148b159</topic_url>
<topic_text>
Service Alert: WES Commuter Rail service disrupted   05/11/2016 03:10 PM PDT 
WES Commuter Rail service is disrupted due to a signal issue. Shuttle buses will serve stations between Wilsonville and Beaverton Transit Center.
</topic_text>
<spam_score>0.00</spam_score>
<post_num>1</post_num>
<post_id>post-1</post_id>
<post_url>https://content.govdelivery.com/accounts/ORTRIMET/bulletins/148b159</post_url>
<post_date>20160511</post_date>
<post_time>2210</post_time>
<username></username>
<post>
Service Alert: WES Commuter Rail service disrupted   05/11/2016 03:10 PM PDT 
WES Commuter Rail service is disrupted due to a signal issue. Shuttle buses will serve stations between Wilsonville and Beaverton Transit Center.
</post>
<signature>

</signature>
<external_links>

</external_links>
<country>US</country>
<main_image>https://public.govdelivery.com/assets/transparent-24ac86b29e6f1532aff53d2e380ebbb4.gif</main_image>
</document>
