<?xml version="1.0" encoding="UTF-8"?>
<document>
<type>mainstream</type>
<forum>http://feeds.releasewire.com/rss/latest</forum>
<forum_title>ReleaseWire - Latest Press Releases</forum_title>
<discussion_title>Microwave Ovens Market - Global Industry, Trends, Analysis, Forecasts 2018</discussion_title>
<language>english</language>
<gmt_offset></gmt_offset>
<topic_url>http://www.sbwire.com/press-releases/microwave-ovens-market/release-688393.htm</topic_url>
<topic_text>
Microwave Ovens Market - Global Industry, Trends, Analysis, Forecasts 2018 Transparency Market Research Added A New Report &quot;Microwave Ovens Market&quot; And Its Full Database. 
Albany, NY -- ( SBWIRE ) -- 05/12/2016 -- A Microwave Oven is a kitchen appliance used for heating food with the use of electromagnetic radiation within the microwave spectrum. The process of dielectric heating takes place causing heating of food. Microwave oven heats food efficiently and quickly. Display panels, glass turntable, heating chamber and vents are some basic components of microwave ovens. The lifestyle of people is becoming busier, especially for the people living in cities. They cook food in advance and heat it as per need; thus, these practices are creating demand for microwave ovens. Browse The Market Research Report of Microwave Ovens Market : http://www.transparencymarketresearch.com/microwave-ovens-market.html Rising popularity of the microwavable food is driving the demand for microwave ovens. Microwavable foods are the food type which can be heated using microwave ovens. Along with it, developing market for home and kitchen appliances is offering growth potential for microwave ovens market. Furthermore, with the economic development and rising disposable incomes, living standard of people is increasing leading to the use of advanced kitchen and home appliances. Consumer spending on kitchen appliances is increasing leading to the growth of microwave market. In addition to it, increasing urbanization across the globe is leading to the adoption of household and kitchen appliances driving the market. Furthermore, demand for energy efficient kitchen appliances is leading to the growth in demand for technologically advanced microwave ovens. Demand for inverter based microwave ovens and connectivity in household appliances has grown strongly in last few years and is further expected to drive the microwave ovens market in coming time. In addition, more and more smart kitchen appliances are appearing in the appliances market and their sales are increasing steadily. Thus, development of smart household and kitchen appliances holds immense potential for players in microwave ovens market for future growth. Along with it, rise in replacement sales is driving the growth of microwave ovens in developed markets. Get Free Sample Report : http://www.transparencymarketresearch.com/sample/sample.php?flag=B&amp;rep_id=722 Global microwave ovens market is segmented on the basis of product type, size, placement, technology and geography. On the basis of product type microwave ovens market is segmented into solo microwave ovens, grill microwave ovens and convection microwave ovens. Further, on the basis of size the market for microwave oven is segmented into residential microwave ovens and commercial microwave ovens. On the basis of placement microwave ovens market is segmented into countertop microwaves and over the range microwaves. Regular microwave oven and Convection microwaves are the two major types of technologies used into microwave ovens market. North America is the leading market segment in terms of market revenue for microwave ovens market. However, Asia Pacific is experiencing strong growth in terms of sales. The market for microwave ovens is fragmented with high competition among a large number of Players. Alto-Shaam, Inc., Bonnet International, Bakers Pride Oven Co. Inc., Sharp Corporation, Frigidaire, Kenwood Limited, GE Appliances, Hoover Limited, Samsung Electronics Co Ltd, Manitowoc Foodservice, LG Electronics, Inc., Electrolux AB, Maytag Corporation, Panasonic Corporation, and Vulcan-Hart, among others are some of the major players in global microwave oven market. About Transparency Market Research Transparency Market Research is a global market intelligence company, providing global business information reports and services. Our exclusive blend of quantitative forecasting and trends analysis provides forward-looking insight for thousands of decision makers. Our experienced team of Analysts, Researchers, and Consultants, use proprietary data sources and various tools and techniques to gather, and analyze information. Our data repository is continuously updated and revised by a team of research experts, so that it always reflects the latest trends and information. With a broad research and analysis capability, Transparency Market Research employs rigorous primary and secondary research techniques in developing distinctive data sets and research material for business reports. Media Relations Contact
</topic_text>
<spam_score>0.00</spam_score>
<post_num>1</post_num>
<post_id>post-1</post_id>
<post_url>http://www.sbwire.com/press-releases/microwave-ovens-market/release-688393.htm</post_url>
<post_date>20160512</post_date>
<post_time>1556</post_time>
<username></username>
<post>
Microwave Ovens Market - Global Industry, Trends, Analysis, Forecasts 2018 Transparency Market Research Added A New Report &quot;Microwave Ovens Market&quot; And Its Full Database. 
Albany, NY -- ( SBWIRE ) -- 05/12/2016 -- A Microwave Oven is a kitchen appliance used for heating food with the use of electromagnetic radiation within the microwave spectrum. The process of dielectric heating takes place causing heating of food. Microwave oven heats food efficiently and quickly. Display panels, glass turntable, heating chamber and vents are some basic components of microwave ovens. The lifestyle of people is becoming busier, especially for the people living in cities. They cook food in advance and heat it as per need; thus, these practices are creating demand for microwave ovens. Browse The Market Research Report of Microwave Ovens Market : http://www.transparencymarketresearch.com/microwave-ovens-market.html Rising popularity of the microwavable food is driving the demand for microwave ovens. Microwavable foods are the food type which can be heated using microwave ovens. Along with it, developing market for home and kitchen appliances is offering growth potential for microwave ovens market. Furthermore, with the economic development and rising disposable incomes, living standard of people is increasing leading to the use of advanced kitchen and home appliances. Consumer spending on kitchen appliances is increasing leading to the growth of microwave market. In addition to it, increasing urbanization across the globe is leading to the adoption of household and kitchen appliances driving the market. Furthermore, demand for energy efficient kitchen appliances is leading to the growth in demand for technologically advanced microwave ovens. Demand for inverter based microwave ovens and connectivity in household appliances has grown strongly in last few years and is further expected to drive the microwave ovens market in coming time. In addition, more and more smart kitchen appliances are appearing in the appliances market and their sales are increasing steadily. Thus, development of smart household and kitchen appliances holds immense potential for players in microwave ovens market for future growth. Along with it, rise in replacement sales is driving the growth of microwave ovens in developed markets. Get Free Sample Report : http://www.transparencymarketresearch.com/sample/sample.php?flag=B&amp;rep_id=722 Global microwave ovens market is segmented on the basis of product type, size, placement, technology and geography. On the basis of product type microwave ovens market is segmented into solo microwave ovens, grill microwave ovens and convection microwave ovens. Further, on the basis of size the market for microwave oven is segmented into residential microwave ovens and commercial microwave ovens. On the basis of placement microwave ovens market is segmented into countertop microwaves and over the range microwaves. Regular microwave oven and Convection microwaves are the two major types of technologies used into microwave ovens market. North America is the leading market segment in terms of market revenue for microwave ovens market. However, Asia Pacific is experiencing strong growth in terms of sales. The market for microwave ovens is fragmented with high competition among a large number of Players. Alto-Shaam, Inc., Bonnet International, Bakers Pride Oven Co. Inc., Sharp Corporation, Frigidaire, Kenwood Limited, GE Appliances, Hoover Limited, Samsung Electronics Co Ltd, Manitowoc Foodservice, LG Electronics, Inc., Electrolux AB, Maytag Corporation, Panasonic Corporation, and Vulcan-Hart, among others are some of the major players in global microwave oven market. About Transparency Market Research Transparency Market Research is a global market intelligence company, providing global business information reports and services. Our exclusive blend of quantitative forecasting and trends analysis provides forward-looking insight for thousands of decision makers. Our experienced team of Analysts, Researchers, and Consultants, use proprietary data sources and various tools and techniques to gather, and analyze information. Our data repository is continuously updated and revised by a team of research experts, so that it always reflects the latest trends and information. With a broad research and analysis capability, Transparency Market Research employs rigorous primary and secondary research techniques in developing distinctive data sets and research material for business reports. Media Relations Contact
</post>
<signature>

</signature>
<external_links>

</external_links>
<country>US</country>
<main_image>http://media.releasewire.com/photos/show/?id=69214</main_image>
</document>
