<?xml version="1.0" encoding="UTF-8"?>
<document>
<type>mainstream</type>
<forum>http://pcpress.rs/feed/</forum>
<forum_title>PC Press</forum_title>
<discussion_title>XIV junsko savetovanje – Platne kartice 2016</discussion_title>
<language>slovenian</language>
<gmt_offset></gmt_offset>
<topic_url>http://pcpress.rs/xiv-junsko-savetovanje-platne-kartice-2016/</topic_url>
<topic_text>
Privredna komora Srbije, Grupacija za razvoj platnih kartica organizuje tradicionalno XIV junsko savetovanje – Platne kartice 2016 organizuje XIV junsko savetovanje – Platne kartice 2016, u Resavskoj 15. 
Tematski okvir savetovanja: Aktuelno stanje na tržištu platnih kartica u zemlji i inostranstvu Razvoj i nove tehnologije Razvoj infrastrukturne mreže (telekomunikacije, oprema) Beskontaktni platni sistemi Tehnološki aspekti prevencije i zaštite (proizvodnja kartica, oprema i sl) Prevencija i zaštita od zloupotreba platnih kartica Akceptantska mreža E – commerce i M – commerce Platne kartice i osiguranje 
Ukoliko ste zainteresovani da učestvujete na savetovanju sa prezentacijom u okviru navedenih tema molimo vas da naziv prezentacije i teze dostavite Programskom odboru na mejl bankarstvo@pks.rs najkasnije do 10. maja.
</topic_text>
<spam_score>0.00</spam_score>
<post_num>1</post_num>
<post_id>post-1</post_id>
<post_url>http://pcpress.rs/xiv-junsko-savetovanje-platne-kartice-2016/</post_url>
<post_date>20160512</post_date>
<post_time>1212</post_time>
<username>Nesa</username>
<post>
Privredna komora Srbije, Grupacija za razvoj platnih kartica organizuje tradicionalno XIV junsko savetovanje – Platne kartice 2016 organizuje XIV junsko savetovanje – Platne kartice 2016, u Resavskoj 15. 
Tematski okvir savetovanja: Aktuelno stanje na tržištu platnih kartica u zemlji i inostranstvu Razvoj i nove tehnologije Razvoj infrastrukturne mreže (telekomunikacije, oprema) Beskontaktni platni sistemi Tehnološki aspekti prevencije i zaštite (proizvodnja kartica, oprema i sl) Prevencija i zaštita od zloupotreba platnih kartica Akceptantska mreža E – commerce i M – commerce Platne kartice i osiguranje 
Ukoliko ste zainteresovani da učestvujete na savetovanju sa prezentacijom u okviru navedenih tema molimo vas da naziv prezentacije i teze dostavite Programskom odboru na mejl bankarstvo@pks.rs najkasnije do 10. maja.
</post>
<signature>

</signature>
<external_links>

</external_links>
<country>RS</country>
<main_image></main_image>
</document>
