<?xml version="1.0" encoding="UTF-8"?>
<document>
<type>mainstream</type>
<forum></forum>
<forum_title></forum_title>
<discussion_title>Asustada la gente del boxeo por el zika</discussion_title>
<language>spanish</language>
<gmt_offset></gmt_offset>
<topic_url>http://www.primerahora.com/deportes/boxeo/nota/asustadalagentedelboxeoporelzika-1152968/</topic_url>
<topic_text>
Asustada la gente del boxeo por el zika Por Primerahora.com 05/12/2016 |08:27 a.m. 0 Se asegura que cientos de líderes y figuras del boxeo no vendrán a la isla por miedo a la enfermedad. (Archivo) El presidente de la OMB dijo que altas figuras de ese deporte están preocupadas por la enfermedad por culpa de la proyecciíon que el gobierno le ha dado. 
El presidente de la Organización Mundial de Boxeo (OMB), Francisco Valcárcel, informó hoy que el miedo a los efectos del zika en Puerto Rico ha asustado a figuras del boxeo mundial, y culpó de los efectos de esta situación en el turismo al gobernador Alejandro García Padilla. 
Valcárcel dijo a Univision Radio que aunque esperaban unas 500 visitantes en la Isla para la convención de la OMB que se celebrará en Puerto Rico desde el próximo 17 de octubre, ante las preocupaciones con el zika ahora esperan cerca de la mitad de esa cantidad. Contenido relacionado ¡Importante! El Zika no es juego 
“La imagen de la crisis humanitaria, que no hay dinero para pagar enfer 
</topic_text>
<spam_score>0.00</spam_score>
<post_num>1</post_num>
<post_id>post-1</post_id>
<post_url>http://www.primerahora.com/deportes/boxeo/nota/asustadalagentedelboxeoporelzika-1152968/</post_url>
<post_date>20160512</post_date>
<post_time></post_time>
<username></username>
<post>
Asustada la gente del boxeo por el zika Por Primerahora.com 05/12/2016 |08:27 a.m. 0 Se asegura que cientos de líderes y figuras del boxeo no vendrán a la isla por miedo a la enfermedad. (Archivo) El presidente de la OMB dijo que altas figuras de ese deporte están preocupadas por la enfermedad por culpa de la proyecciíon que el gobierno le ha dado. 
El presidente de la Organización Mundial de Boxeo (OMB), Francisco Valcárcel, informó hoy que el miedo a los efectos del zika en Puerto Rico ha asustado a figuras del boxeo mundial, y culpó de los efectos de esta situación en el turismo al gobernador Alejandro García Padilla. 
Valcárcel dijo a Univision Radio que aunque esperaban unas 500 visitantes en la Isla para la convención de la OMB que se celebrará en Puerto Rico desde el próximo 17 de octubre, ante las preocupaciones con el zika ahora esperan cerca de la mitad de esa cantidad. Contenido relacionado ¡Importante! El Zika no es juego 
“La imagen de la crisis humanitaria, que no hay dinero para pagar enfer 
</post>
<signature>

</signature>
<external_links>

</external_links>
<country>US</country>
<main_image>http://rec-eph.gfrcdn.net/images/2016/05/12/crop_zika5_1.jpg</main_image>
</document>
