<?xml version="1.0" encoding="UTF-8"?>
<document>
<type>mainstream</type>
<forum></forum>
<forum_title></forum_title>
<discussion_title>Incendio en concesionario de Barranquitas</discussion_title>
<language>spanish</language>
<gmt_offset></gmt_offset>
<topic_url>http://www.primerahora.com/noticias/policia-tribunales/nota/incendioenconcesionariodebarranquitas-1152948/</topic_url>
<topic_text>
Incendio en concesionario de Barranquitas Por Primerahora.com 05/12/2016 |05:27 a.m. El fuego se investiga como un incidente provocado por mano criminal. ( [email ) 
nario Plumillo Auto Sales, ubicado en el barrio Quebradillas de Barranquitas. 
Según información preliminar, se investiga como un incidente provocado por mano criminal, ya que los primeros agentes en arribar a la escena hallaron indicios de que se aplicó un acelerante para provocar el fuego. 
Sin embargo, se espera por la confirmación de parte de la División de Explosivos de la Policía, que abundará en la investigación durante horas de la mañana. 
También se notificó que un vehículo del mismo concesionario fue hurtado. 
Se estimaron los daños, de forma preliminar, en cerca de $100,000. 
</topic_text>
<spam_score>0.00</spam_score>
<post_num>1</post_num>
<post_id>post-1</post_id>
<post_url>http://www.primerahora.com/noticias/policia-tribunales/nota/incendioenconcesionariodebarranquitas-1152948/</post_url>
<post_date>20160512</post_date>
<post_time></post_time>
<username></username>
<post>
Incendio en concesionario de Barranquitas Por Primerahora.com 05/12/2016 |05:27 a.m. El fuego se investiga como un incidente provocado por mano criminal. ( [email ) 
nario Plumillo Auto Sales, ubicado en el barrio Quebradillas de Barranquitas. 
Según información preliminar, se investiga como un incidente provocado por mano criminal, ya que los primeros agentes en arribar a la escena hallaron indicios de que se aplicó un acelerante para provocar el fuego. 
Sin embargo, se espera por la confirmación de parte de la División de Explosivos de la Policía, que abundará en la investigación durante horas de la mañana. 
También se notificó que un vehículo del mismo concesionario fue hurtado. 
Se estimaron los daños, de forma preliminar, en cerca de $100,000. 
</post>
<signature>

</signature>
<external_links>

</external_links>
<country>US</country>
<main_image>http://rec-eph.gfrcdn.net/images/2016/05/12/carros.jpg</main_image>
</document>
