<?xml version="1.0" encoding="UTF-8"?>
<document>
<type>mainstream</type>
<forum>http://feeds.releasewire.com/rss/latest</forum>
<forum_title>ReleaseWire - Latest Press Releases</forum_title>
<discussion_title>&quot;Global Rigid Plastic Packaging Market 2016-2020&quot; Published</discussion_title>
<language>english</language>
<gmt_offset></gmt_offset>
<topic_url>http://www.sbwire.com/press-releases/global-rigid-plastic-packaging-market-2016-2020-published-687910.htm</topic_url>
<topic_text>
RSS &quot;Global Rigid Plastic Packaging Market 2016-2020&quot; Published Fast Market Research announces the availability of the new TechNavio report, &quot;Global Rigid Plastic Packaging Market 2016-2020&quot;, on their comprehensive research portal 
Boston, MA -- ( SBWIRE ) -- 05/12/2016 -- Rigid plastics are a grade of highly toughened plastics that are used for a variety of applications for the purpose of packaging of bulk and unit materials. They are non-corrosive, light, cheap, and easily moldable, which makes them a perfect choice for packaging. Processes such as extrusion molding, injection molding, and blow molding are used to produce different rigid plastic packaging products. The major end-users of rigid plastic packaging products are the food and beverage, healthcare, and consumer packaged goods sectors. Rigid plastic packaging has certain inherent properties that makes it ideal for packaging products. They are sturdy, durable, easy to transport, and are not brittle like glass. Their cost per unit of production is low and they have a wide variety of applications. Plastic packaging even aids companies in marketing and advertising campaigns by allowing innovative and attractive designs. The popularity of biodegradable rigid plastic packaging is fueling the market growth. With stringent environmental compliance regulations worldwide, vendors are more likely to use biodegradable plastics as substitutes. Get More Details on this Report and a Full Table of Contents at Global Rigid Plastic Packaging Market 2016-2020 Technavio&apos;s analysts forecast the global rigid plastic packaging market to grow at a CAGR of 5.99% during the period 2016-2020. Covered in this report The report covers the present scenario and the growth prospects of the global rigid plastic packaging market for the forecast period 2016-2020. To calculate the market size, the report considers the revenue generated from the sales of plastic containers, bottles, and other plastic packs of different types, to industries such as the food and beverage, pharmaceutical, chemical, and other industries. The market is divided into the following segments based on geography: -APAC -North America -ROW Technavio&apos;s report, Global Rigid Plastic Packaging Market 2016-2020, has been prepared based on an in-depth market analysis with inputs from industry experts. The report covers the market landscape and its growth prospects over the coming years. The report also includes a discussion of the key vendors operating in this market. Key vendors
</topic_text>
<spam_score>0.00</spam_score>
<post_num>1</post_num>
<post_id>post-1</post_id>
<post_url>http://www.sbwire.com/press-releases/global-rigid-plastic-packaging-market-2016-2020-published-687910.htm</post_url>
<post_date>20160512</post_date>
<post_time>1552</post_time>
<username></username>
<post>
RSS &quot;Global Rigid Plastic Packaging Market 2016-2020&quot; Published Fast Market Research announces the availability of the new TechNavio report, &quot;Global Rigid Plastic Packaging Market 2016-2020&quot;, on their comprehensive research portal 
Boston, MA -- ( SBWIRE ) -- 05/12/2016 -- Rigid plastics are a grade of highly toughened plastics that are used for a variety of applications for the purpose of packaging of bulk and unit materials. They are non-corrosive, light, cheap, and easily moldable, which makes them a perfect choice for packaging. Processes such as extrusion molding, injection molding, and blow molding are used to produce different rigid plastic packaging products. The major end-users of rigid plastic packaging products are the food and beverage, healthcare, and consumer packaged goods sectors. Rigid plastic packaging has certain inherent properties that makes it ideal for packaging products. They are sturdy, durable, easy to transport, and are not brittle like glass. Their cost per unit of production is low and they have a wide variety of applications. Plastic packaging even aids companies in marketing and advertising campaigns by allowing innovative and attractive designs. The popularity of biodegradable rigid plastic packaging is fueling the market growth. With stringent environmental compliance regulations worldwide, vendors are more likely to use biodegradable plastics as substitutes. Get More Details on this Report and a Full Table of Contents at Global Rigid Plastic Packaging Market 2016-2020 Technavio&apos;s analysts forecast the global rigid plastic packaging market to grow at a CAGR of 5.99% during the period 2016-2020. Covered in this report The report covers the present scenario and the growth prospects of the global rigid plastic packaging market for the forecast period 2016-2020. To calculate the market size, the report considers the revenue generated from the sales of plastic containers, bottles, and other plastic packs of different types, to industries such as the food and beverage, pharmaceutical, chemical, and other industries. The market is divided into the following segments based on geography: -APAC -North America -ROW Technavio&apos;s report, Global Rigid Plastic Packaging Market 2016-2020, has been prepared based on an in-depth market analysis with inputs from industry experts. The report covers the market landscape and its growth prospects over the coming years. The report also includes a discussion of the key vendors operating in this market. Key vendors
</post>
<signature>

</signature>
<external_links>

</external_links>
<country>US</country>
<main_image>http://media.releasewire.com/photos/show/?id=90667</main_image>
</document>
