<?xml version="1.0" encoding="UTF-8"?>
<document>
<type>mainstream</type>
<forum></forum>
<forum_title></forum_title>
<discussion_title>Ahora El Exorcista y Lethal Weapon serán series de televisión</discussion_title>
<language>spanish</language>
<gmt_offset></gmt_offset>
<topic_url>http://www.primerahora.com/entretenimiento/tv/nota/ahoraelexorcistaylethalweaponseranseriesdetelevision-1152804/</topic_url>
<topic_text>
05/11/2016 |01:06 p.m. 
Dos seris de televisión basadas en éxitos del cine, &quot;Lethal Weapon&quot; y &quot;The Exorcist, formarán parte de la próxima temporada de la televisora Fox, informó ayer la cadena. 
La televisora informó que &quot;Lethal Weapon&quot; será estelarizada por Damon Wayans Sr. en el papel que interpretó Danny Glober en la serie de películas que arrancó en 1987. 
Mientras &quot;The Exorcist&quot;, basada en la película de 1973 sobre posesiones demoniacas, contará con la actriz ganadora del Oscar, Geena Davis, según la cadena. 
El anuncio de Fox se anticipa a las presentaciones a agencias de publicidad que se celebrará la semana próxima en Nueva York. 
</topic_text>
<spam_score>0.00</spam_score>
<post_num>1</post_num>
<post_id>post-1</post_id>
<post_url>http://www.primerahora.com/entretenimiento/tv/nota/ahoraelexorcistaylethalweaponseranseriesdetelevision-1152804/</post_url>
<post_date>20160511</post_date>
<post_time></post_time>
<username></username>
<post>
05/11/2016 |01:06 p.m. 
Dos seris de televisión basadas en éxitos del cine, &quot;Lethal Weapon&quot; y &quot;The Exorcist, formarán parte de la próxima temporada de la televisora Fox, informó ayer la cadena. 
La televisora informó que &quot;Lethal Weapon&quot; será estelarizada por Damon Wayans Sr. en el papel que interpretó Danny Glober en la serie de películas que arrancó en 1987. 
Mientras &quot;The Exorcist&quot;, basada en la película de 1973 sobre posesiones demoniacas, contará con la actriz ganadora del Oscar, Geena Davis, según la cadena. 
El anuncio de Fox se anticipa a las presentaciones a agencias de publicidad que se celebrará la semana próxima en Nueva York. 
</post>
<signature>

</signature>
<external_links>

</external_links>
<country>US</country>
<main_image>http://rec-eph.gfrcdn.net/images/2016/05/11/crop_crop_peliculas-miedo_3.jpg</main_image>
</document>
