<?xml version="1.0" encoding="UTF-8"?>
<document>
<type>mainstream</type>
<forum></forum>
<forum_title></forum_title>
<discussion_title>Más de la mitad se cuelga en la reválida para ejercer la abogacía</discussion_title>
<language>spanish</language>
<gmt_offset></gmt_offset>
<topic_url>http://www.primerahora.com/noticias/policia-tribunales/nota/masdelamitadsecuelgaenlarevalidaparaejercerlaabogacia-1152864/</topic_url>
<topic_text>
05/11/2016 |06:10 p.m. 
del total de aspirantes que tomó el examen de admisión al ejercicio de la abogacía en Puerto Rico, aprobó la reválida, informó hoy, miércoles, el director ejecutivo de la Junta Examinadora de Aspirantes al Ejercicio de la Abogacía y la Notaría del Tribunal Supremo, Héctor Rodríguez Mulet. 
Rodríguez Mulet indicó en un comunicado de prensa que el examen de Derecho General le fue administrado a 399 aspirantes, de los cuales 132 lo aprobaron. 
En lo relativo al examen de Derecho Notarial, administrado el 11 de marzo de 2016, se informó que 108 aspirantes de un total de 206, aprobó el mismo, lo que representa un 52% de pasantía para dicho examen. 
La Oficina de la Administración de los Tribunales (OAT), dijo además en el comunicado, que los aspirantes interesados en conocer su calificación pueden hacerlo accediendo su cuenta en el sistema de Solicitud Electrónica de Admisión (SEA) o en la página 
</topic_text>
<spam_score>0.00</spam_score>
<post_num>1</post_num>
<post_id>post-1</post_id>
<post_url>http://www.primerahora.com/noticias/policia-tribunales/nota/masdelamitadsecuelgaenlarevalidaparaejercerlaabogacia-1152864/</post_url>
<post_date>20160511</post_date>
<post_time></post_time>
<username></username>
<post>
05/11/2016 |06:10 p.m. 
del total de aspirantes que tomó el examen de admisión al ejercicio de la abogacía en Puerto Rico, aprobó la reválida, informó hoy, miércoles, el director ejecutivo de la Junta Examinadora de Aspirantes al Ejercicio de la Abogacía y la Notaría del Tribunal Supremo, Héctor Rodríguez Mulet. 
Rodríguez Mulet indicó en un comunicado de prensa que el examen de Derecho General le fue administrado a 399 aspirantes, de los cuales 132 lo aprobaron. 
En lo relativo al examen de Derecho Notarial, administrado el 11 de marzo de 2016, se informó que 108 aspirantes de un total de 206, aprobó el mismo, lo que representa un 52% de pasantía para dicho examen. 
La Oficina de la Administración de los Tribunales (OAT), dijo además en el comunicado, que los aspirantes interesados en conocer su calificación pueden hacerlo accediendo su cuenta en el sistema de Solicitud Electrónica de Admisión (SEA) o en la página 
</post>
<signature>

</signature>
<external_links>

</external_links>
<country>US</country>
<main_image>http://rec-eph.gfrcdn.net/images/2016/05/11/crop_colegioabogados_1.png</main_image>
</document>
