<?xml version="1.0" encoding="UTF-8"?>
<document>
<type>mainstream</type>
<forum></forum>
<forum_title></forum_title>
<discussion_title>Cameron will &apos;Krebsgeschwür&apos; der Korruption bekämpfen</discussion_title>
<language>german</language>
<gmt_offset></gmt_offset>
<topic_url>http://de.4-traders.com/boerse-nachrichten/Cameron-will-Krebsgeschwur-der-Korruption-bekampfen--22348097/</topic_url>
<topic_text>
(Sie können mehrere durch Komma getrennte Emailadressen eingeben) Nachricht : * Erforderliche Felder 
LONDON (dpa-AFX) - Großbritanniens Premier David Cameron und Vertreter Dutzender Staaten haben bei einem Gipfel in London weltweiter Korruption und Bestechung den Kampf angesagt. Bei dem eintägigen Treffen verpflichteten sie sich, derartige Kriminalität &quot;in allen ihren Formen&quot; einzudämmen, wie es am Donnerstag in einer Erklärung Camerons und der Delegationen aus rund 40 Ländern hieß. Der konservative Premier kündigte zudem den Start eines internationalen Anti-Korruptions-Zentrums an. 
Cameron bezeichnete Korruption als &quot;Krebsgeschwür&quot;, das eine ganze Reihe von Folgeproblemen wie Armut, Geldwäsche und Terrorismus begünstige. Bei der Bekämpfung wolle Großbritannien die Führung übernehmen. Mithilfe des neuen Anti-Korruptions-Zentrums sollten Informationen über Firmeneigentümer ausgetauscht und ausländische Immobilienkäufer dazu gebracht werden, die Herkunft ihrer finanziellen Mittel offenzulegen. &quot;Der absolute Schlüssel ist Transparenz&quot;, betonte Cameron. 
ür härtere Sanktionen gegen kriminelle Unternehmen ausgesprochen. Firmen müssten spürbarer zur Verantwortung gezogen werden, sagte Maas der Deutschen Presse-Agentur. &quot;Es muss höhere und wirksame Sanktionen geben.&quot; Bisher liege die starre Obergrenze für Bußgelder bei zehn Millionen Euro. &quot;Wir brauchen flexible Obergrenzen, das heißt: Die Höhe des Bußgeldes orientiert sich an Umsatz oder Gewinn des Unternehmens. Damit können wir gezielter vorgehen.&quot; 
ür die USA war Außenminister John Kerry nach London gereist. Korruption &quot;zerstört Nationalstaaten&quot;, sagte er - deshalb dürfe es keine sicheren Häfen geben. &quot;Wir müssen die globale Gemeinschaft dazu bringen zusammenzuarbeiten.&quot; 
öffentlichtes Video für Aufsehen gesorgt, in dem Cameron in einem Gespräch mit Königin Elizabeth II. Nigeria und Afghanistan als &quot;fantastisch korrupte&quot; Länder bezeichnete. Die Präsidenten beider Staaten nahmen an dem Treffen teil. Sie hätten jedoch deutlich signalisiert, dass sie die Verhältnisse ändern wollten, erklärte Cobus de Swardt, Chef der Organisation Transparency International. 
öffentlichung der &quot;Panama Papers&quot; zu Ermittlungen auf der ganzen Welt und einer internationalen Debatte über Steueroasen und Geldwäsche geführt. Zahlreiche Medien hatten damals über gut 200 000 von der panamaischen Kanzlei Mossack Fonseca gegründete Briefkastenfirmen berichtet, in denen Politiker, Sportler und andere Prominente ihr Vermögen geparkt haben sollen./bs/DP/edh 
</topic_text>
<spam_score>0.00</spam_score>
<post_num>1</post_num>
<post_id>post-1</post_id>
<post_url>http://de.4-traders.com/boerse-nachrichten/Cameron-will-Krebsgeschwur-der-Korruption-bekampfen--22348097/</post_url>
<post_date>20160512</post_date>
<post_time></post_time>
<username></username>
<post>
(Sie können mehrere durch Komma getrennte Emailadressen eingeben) Nachricht : * Erforderliche Felder 
LONDON (dpa-AFX) - Großbritanniens Premier David Cameron und Vertreter Dutzender Staaten haben bei einem Gipfel in London weltweiter Korruption und Bestechung den Kampf angesagt. Bei dem eintägigen Treffen verpflichteten sie sich, derartige Kriminalität &quot;in allen ihren Formen&quot; einzudämmen, wie es am Donnerstag in einer Erklärung Camerons und der Delegationen aus rund 40 Ländern hieß. Der konservative Premier kündigte zudem den Start eines internationalen Anti-Korruptions-Zentrums an. 
Cameron bezeichnete Korruption als &quot;Krebsgeschwür&quot;, das eine ganze Reihe von Folgeproblemen wie Armut, Geldwäsche und Terrorismus begünstige. Bei der Bekämpfung wolle Großbritannien die Führung übernehmen. Mithilfe des neuen Anti-Korruptions-Zentrums sollten Informationen über Firmeneigentümer ausgetauscht und ausländische Immobilienkäufer dazu gebracht werden, die Herkunft ihrer finanziellen Mittel offenzulegen. &quot;Der absolute Schlüssel ist Transparenz&quot;, betonte Cameron. 
ür härtere Sanktionen gegen kriminelle Unternehmen ausgesprochen. Firmen müssten spürbarer zur Verantwortung gezogen werden, sagte Maas der Deutschen Presse-Agentur. &quot;Es muss höhere und wirksame Sanktionen geben.&quot; Bisher liege die starre Obergrenze für Bußgelder bei zehn Millionen Euro. &quot;Wir brauchen flexible Obergrenzen, das heißt: Die Höhe des Bußgeldes orientiert sich an Umsatz oder Gewinn des Unternehmens. Damit können wir gezielter vorgehen.&quot; 
ür die USA war Außenminister John Kerry nach London gereist. Korruption &quot;zerstört Nationalstaaten&quot;, sagte er - deshalb dürfe es keine sicheren Häfen geben. &quot;Wir müssen die globale Gemeinschaft dazu bringen zusammenzuarbeiten.&quot; 
öffentlichtes Video für Aufsehen gesorgt, in dem Cameron in einem Gespräch mit Königin Elizabeth II. Nigeria und Afghanistan als &quot;fantastisch korrupte&quot; Länder bezeichnete. Die Präsidenten beider Staaten nahmen an dem Treffen teil. Sie hätten jedoch deutlich signalisiert, dass sie die Verhältnisse ändern wollten, erklärte Cobus de Swardt, Chef der Organisation Transparency International. 
öffentlichung der &quot;Panama Papers&quot; zu Ermittlungen auf der ganzen Welt und einer internationalen Debatte über Steueroasen und Geldwäsche geführt. Zahlreiche Medien hatten damals über gut 200 000 von der panamaischen Kanzlei Mossack Fonseca gegründete Briefkastenfirmen berichtet, in denen Politiker, Sportler und andere Prominente ihr Vermögen geparkt haben sollen./bs/DP/edh 
</post>
<signature>

</signature>
<external_links>

</external_links>
<country>FR</country>
<main_image></main_image>
</document>
