<?xml version="1.0" encoding="UTF-8"?>
<document>
<type>mainstream</type>
<forum>http://www.compuerta12.com/feed/</forum>
<forum_title>Compuerta 12</forum_title>
<discussion_title>Miskatonic 128 – Preacher (El Comic)</discussion_title>
<language>spanish</language>
<gmt_offset></gmt_offset>
<topic_url>http://www.compuerta12.com/2016/05/14510/</topic_url>
<topic_text>
  Miskatonic 128 – Preacher (El Comic)   11 mayo, 2016 Clip de audio: Es necesario tener Adobe Flash Player (versión 9 o superior) para reproducir este clip de audio. Descargue la versión más reciente aquí . También necesita tener activado Javascript en su navegador. 
Platicamos sobre la obra de Garth Ennis Preacher… 
Que lo disfruten!!!!
</topic_text>
<spam_score>0.00</spam_score>
<post_num>1</post_num>
<post_id>post-1</post_id>
<post_url>http://www.compuerta12.com/2016/05/14510/</post_url>
<post_date>20160512</post_date>
<post_time>0431</post_time>
<username>Gilberto Cardenas</username>
<post>
  Miskatonic 128 – Preacher (El Comic)   11 mayo, 2016 Clip de audio: Es necesario tener Adobe Flash Player (versión 9 o superior) para reproducir este clip de audio. Descargue la versión más reciente aquí . También necesita tener activado Javascript en su navegador. 
Platicamos sobre la obra de Garth Ennis Preacher… 
Que lo disfruten!!!!
</post>
<signature>

</signature>
<external_links>

</external_links>
<country>US</country>
<main_image></main_image>
</document>
