<?xml version="1.0" encoding="UTF-8"?>
<document>
<type>mainstream</type>
<forum></forum>
<forum_title></forum_title>
<discussion_title>Arrestado por violencia de género luchador de la WWE</discussion_title>
<language>english</language>
<gmt_offset></gmt_offset>
<topic_url>http://www.primerahora.com/deportes/otros/nota/arrestadoporviolenciadegeneroluchadordelawwe-1152815/</topic_url>
<topic_text>
05/11/2016 |01:27 p.m. Adam Rose and the Exotic Express make their victorious exit from #WWERockford (Vine by @WWEUniverse ) https://t.co/ZLmXTQdtF6 — Christine Lemley (@calemley63) 29 de abril de 2016 
problemas de pareja&quot;. 
testigo, además del de violencia doméstica. 
</topic_text>
<spam_score>0.00</spam_score>
<post_num>1</post_num>
<post_id>post-1</post_id>
<post_url>http://www.primerahora.com/deportes/otros/nota/arrestadoporviolenciadegeneroluchadordelawwe-1152815/</post_url>
<post_date>20160511</post_date>
<post_time></post_time>
<username></username>
<post>
05/11/2016 |01:27 p.m. Adam Rose and the Exotic Express make their victorious exit from #WWERockford (Vine by @WWEUniverse ) https://t.co/ZLmXTQdtF6 — Christine Lemley (@calemley63) 29 de abril de 2016 
problemas de pareja&quot;. 
testigo, además del de violencia doméstica. 
</post>
<signature>

</signature>
<external_links>

</external_links>
<country>US</country>
<main_image>http://rec-eph.gfrcdn.net/images/2016/05/11/crop_rose.jpg</main_image>
</document>
