<?xml version="1.0" encoding="UTF-8"?>
<document>
<type>mainstream</type>
<forum>http://www.cbs8.com/category/307361/business-wire</forum>
<forum_title>Business Wire - CBS News 8 - San Diego, CA News Station - KFMB Channel 8</forum_title>
<discussion_title>Coupa Announces InvoiceSmash Early Access Program</discussion_title>
<language>english</language>
<gmt_offset></gmt_offset>
<topic_url>http://www.cbs8.com/story/31957327/coupa-announces-invoicesmash-early-access-program</topic_url>
<topic_text>
Value-as-a-Service company adds Embedded Digital Invoice Processing to Increase AP Automation and Reduce Costs
SAN MATEO, Calif. --(BUSINESS WIRE) Coupa Software, a leader in cloud-based spend management solutions, today announced its plans to release an application that will help make processing supplier invoices faster, easier, and less expensive than is currently possible with legacy optical character recognition (OCR) solutions, while also improving compliance, data quality and supplier participation.
Coupa’s InvoiceSmash application is expected to be generally available later this year, however select customers are invited to join the early access program where they can start using it in production now, and provide feedback to Coupa before the general availability release. With the Early Access Program, Coupa takes the next step in transforming B2B commerce by further reducing the need for expensive supplier enablement initiatives and strengthening the way the world’s businesses use Coupa Invoicing and the Coupa Open Business Network TM for their e-invoicing transactions.
In today’s world of B2B commerce, extended global enterprises need modernized solutions to efficiently manage supplier transactions while staying compliant with local government requirements. These businesses also want to transact with one another quickly, without fees, paper or friction, which impact the overall cost of doing business. Coupa’s model of delivering e-invoicing compliant systems as a fully managed service delivers on this promise.
InvoiceSmash’s cloud-based technology has innovative closed-loop learning capabilities that extend Coupa’s Invoicing solution by instantly converting emailed invoices from suppliers into the digital format required for the buyer’s accounts payable process.
As Coupa brings these innovations to market, supplier enablement efforts and invoice processing costs will decrease as buyers and suppliers gain instant connectivity and the freedom to interact using their preferred processes and without supplier registration or fees via the Coupa Open Business Network TM . Finance and Treasury also get the added benefit of enhancing cash flow management and additional days to apply early payment discount terms to earn a return on payables.
“We continue to collaborate with our customers to achieve our goal of continually reducing AP costs through forward-thinking approaches to automating accounts payable and e-invoicing,” said Raja Hammoud, vice president of product marketing and management at Coupa. “Our customers are always inspiring us to improve and deliver innovations to drive measurable value for their organizations, and InvoiceSmash is a direct result of that.”
Innovative Accounts Payable &amp; e-Invoicing Technology
Designed to help organizations of all sizes digitize and automate the often painful accounts payable and invoicing process, InvoiceSmash is a new module available within Coupa’s cloud-based platform to instantly convert emailed invoice attachments into the field formats required by Accounts Payable organizations.
The solution’s closed-loop learning capabilities detect supplier invoice format changes,and creates learned templates for future invoices so the Coupa system grows smarter, for the benefit of all Coupa cloud customers, after a new supplier invoice format appears.
The Coupa Open Business Network TM
With no fees or friction, the Coupa Open Business Network TM instantly connects the world’s businesses, providing customers with both the flexibility and freedom they want to transact with their direct and indirect suppliers. Today, more than 2 million suppliers connect to Coupa customers to easily collaborate and transact.
By incorporating InvoiceSmash into the Coupa platform, emailed invoice attachments that currently flow freely through the Coupa Open Business Network TM AP Inbox functionality will be able to process automatically, resulting in more accurate and timely invoice processing while providing compliance with local government rules.
With faster invoice processing times, Finance teams benefit by gaining additional days to support their cash flow management initiatives, and the ability to maximize supplier discounts and earn a return on their payables through the power of Coupa’s dynamic discount support. Customers can also benefit by increasing e-invoicing connectivity with more of their suppliers without the pain and cost of extensive supplier enablement projects or having to use OCR systems to manually scan and digitize invoices.
About Coupa Software
Coupa Software, a leader in cloud-based spend management, enables businesses everywhere to recognize bottom-line financial success via Value-as-a-Service. Customers – small, medium and large - representing the Americas, EMEA, and APAC rely on Coupa to support business agility and reduce costs. Only Coupa provides an organic suite of true cloud spend management applications, including invoicing, procurement, expense management, sourcing and inventory, allowing customers to realize a return on investment that can start within a few months and grow continually. Learn more at www.coupa.com .
 //www.businesswire.com/news/home/20160512005431/en/
Coupa Software
Orlando De Bruce, 650-485-8629
Global Public Relations
orlando.debruce@coupa.com
 
</topic_text>
<spam_score>0.00</spam_score>
<post_num>1</post_num>
<post_id>post-1</post_id>
<post_url>http://www.cbs8.com/story/31957327/coupa-announces-invoicesmash-early-access-program</post_url>
<post_date>20160512</post_date>
<post_time>1058</post_time>
<username>cbs8</username>
<post>
Value-as-a-Service company adds Embedded Digital Invoice Processing to Increase AP Automation and Reduce Costs
SAN MATEO, Calif. --(BUSINESS WIRE) Coupa Software, a leader in cloud-based spend management solutions, today announced its plans to release an application that will help make processing supplier invoices faster, easier, and less expensive than is currently possible with legacy optical character recognition (OCR) solutions, while also improving compliance, data quality and supplier participation.
Coupa’s InvoiceSmash application is expected to be generally available later this year, however select customers are invited to join the early access program where they can start using it in production now, and provide feedback to Coupa before the general availability release. With the Early Access Program, Coupa takes the next step in transforming B2B commerce by further reducing the need for expensive supplier enablement initiatives and strengthening the way the world’s businesses use Coupa Invoicing and the Coupa Open Business Network TM for their e-invoicing transactions.
In today’s world of B2B commerce, extended global enterprises need modernized solutions to efficiently manage supplier transactions while staying compliant with local government requirements. These businesses also want to transact with one another quickly, without fees, paper or friction, which impact the overall cost of doing business. Coupa’s model of delivering e-invoicing compliant systems as a fully managed service delivers on this promise.
InvoiceSmash’s cloud-based technology has innovative closed-loop learning capabilities that extend Coupa’s Invoicing solution by instantly converting emailed invoices from suppliers into the digital format required for the buyer’s accounts payable process.
As Coupa brings these innovations to market, supplier enablement efforts and invoice processing costs will decrease as buyers and suppliers gain instant connectivity and the freedom to interact using their preferred processes and without supplier registration or fees via the Coupa Open Business Network TM . Finance and Treasury also get the added benefit of enhancing cash flow management and additional days to apply early payment discount terms to earn a return on payables.
“We continue to collaborate with our customers to achieve our goal of continually reducing AP costs through forward-thinking approaches to automating accounts payable and e-invoicing,” said Raja Hammoud, vice president of product marketing and management at Coupa. “Our customers are always inspiring us to improve and deliver innovations to drive measurable value for their organizations, and InvoiceSmash is a direct result of that.”
Innovative Accounts Payable &amp; e-Invoicing Technology
Designed to help organizations of all sizes digitize and automate the often painful accounts payable and invoicing process, InvoiceSmash is a new module available within Coupa’s cloud-based platform to instantly convert emailed invoice attachments into the field formats required by Accounts Payable organizations.
The solution’s closed-loop learning capabilities detect supplier invoice format changes,and creates learned templates for future invoices so the Coupa system grows smarter, for the benefit of all Coupa cloud customers, after a new supplier invoice format appears.
The Coupa Open Business Network TM
With no fees or friction, the Coupa Open Business Network TM instantly connects the world’s businesses, providing customers with both the flexibility and freedom they want to transact with their direct and indirect suppliers. Today, more than 2 million suppliers connect to Coupa customers to easily collaborate and transact.
By incorporating InvoiceSmash into the Coupa platform, emailed invoice attachments that currently flow freely through the Coupa Open Business Network TM AP Inbox functionality will be able to process automatically, resulting in more accurate and timely invoice processing while providing compliance with local government rules.
With faster invoice processing times, Finance teams benefit by gaining additional days to support their cash flow management initiatives, and the ability to maximize supplier discounts and earn a return on their payables through the power of Coupa’s dynamic discount support. Customers can also benefit by increasing e-invoicing connectivity with more of their suppliers without the pain and cost of extensive supplier enablement projects or having to use OCR systems to manually scan and digitize invoices.
About Coupa Software
Coupa Software, a leader in cloud-based spend management, enables businesses everywhere to recognize bottom-line financial success via Value-as-a-Service. Customers – small, medium and large - representing the Americas, EMEA, and APAC rely on Coupa to support business agility and reduce costs. Only Coupa provides an organic suite of true cloud spend management applications, including invoicing, procurement, expense management, sourcing and inventory, allowing customers to realize a return on investment that can start within a few months and grow continually. Learn more at www.coupa.com .
 //www.businesswire.com/news/home/20160512005431/en/
Coupa Software
Orlando De Bruce, 650-485-8629
Global Public Relations
orlando.debruce@coupa.com
 
</post>
<signature>

</signature>
<external_links>
<external_link>http://purl.org/rss/1.0/modules/content/</external_link><external_link>http://cts.businesswire.com/ct/CT?id=smartlink&amp;url=http%3A%2F%2Fwww.coupa.com%2F&amp;esheet=51340987&amp;newsitemid=20160512005431&amp;lan=en-US&amp;anchor=www.coupa.com&amp;index=1&amp;md5=5871fe39456061bc4486e9c7877c86a2</external_link><external_link>http://www.businesswire.com/news/home/20160512005431/en/</external_link><external_link>http://cts.businesswire.com/ct/CT?id=bwnews&amp;sty=20160512005431r1&amp;sid=56987&amp;distro=ftp</external_link>
</external_links>
<country>US</country>
<main_image>http://businesswire.images.worldnow.com/images/10540488_G.jpg</main_image>
</document>
