<?xml version="1.0" encoding="UTF-8"?>
<document>
<type>mainstream</type>
<forum>http://feeds.releasewire.com/rss/latest</forum>
<forum_title>ReleaseWire - Latest Press Releases</forum_title>
<discussion_title>Now Available: Global Robot Machine Tools Market 2016-2020</discussion_title>
<language>english</language>
<gmt_offset></gmt_offset>
<topic_url>http://www.sbwire.com/press-releases/now-available-global-robot-machine-tools-market-2016-2020-687906.htm</topic_url>
<topic_text>
RSS Now Available: Global Robot Machine Tools Market 2016-2020 Fast Market Research announces the availability of the new TechNavio report, &quot;Global Robot Machine Tools Market 2016-2020&quot;, on their comprehensive research portal 
Boston, MA -- ( SBWIRE ) -- 05/12/2016 -- Robot machine tools are reliable, perseverant, and precise devices that load blank parts into the CNC machines and unload the finished product after the processing is completed. The following recommendations are suggested to make the integration process smooth: -Planning work in advance by filling trays as buffers and stocking blanks -Using robots equipped with vision systems and sensitive grippers, so that the CNC machine can be fed accurately -Accurate programming of unloading of the CNC machine The CNC machines comprise microcomputers that control and monitor a machine tool, which performs functions such as turning, milling, welding, grinding, and drilling. A robot machine tool can operate to the fullest potential only in conjunction with a CNC machine to facilitate machining operation due to interoperability. Get More Details on this Report and a Full Table of Contents at Global Robot Machine Tools Market 2016-2020 Technavio&apos;s analysts forecast the global robot machine tools market to grow at a CAGR of 5.13% during the period 2016-2020. Covered in this report The report covers the present scenario and the growth prospects of the global robot machine tools market for 2016-2020. To calculate the market size, the report considers the revenue generated from the sales of hardware, software, software licenses; renewal of software licenses; upgrades of existing solutions; maintenance; and services The market is divided into the following segments based on geography: -APAC -EMEA -Americas Technavio&apos;s report, Global Robot Machine Tools Market 2016-2020, has been prepared based on an in-depth market analysis with inputs from industry experts. The report covers the market landscape and its growth prospects over the coming years. The report also includes a discussion of the key vendors operating in this market. Key vendors
</topic_text>
<spam_score>0.00</spam_score>
<post_num>1</post_num>
<post_id>post-1</post_id>
<post_url>http://www.sbwire.com/press-releases/now-available-global-robot-machine-tools-market-2016-2020-687906.htm</post_url>
<post_date>20160512</post_date>
<post_time>1550</post_time>
<username></username>
<post>
RSS Now Available: Global Robot Machine Tools Market 2016-2020 Fast Market Research announces the availability of the new TechNavio report, &quot;Global Robot Machine Tools Market 2016-2020&quot;, on their comprehensive research portal 
Boston, MA -- ( SBWIRE ) -- 05/12/2016 -- Robot machine tools are reliable, perseverant, and precise devices that load blank parts into the CNC machines and unload the finished product after the processing is completed. The following recommendations are suggested to make the integration process smooth: -Planning work in advance by filling trays as buffers and stocking blanks -Using robots equipped with vision systems and sensitive grippers, so that the CNC machine can be fed accurately -Accurate programming of unloading of the CNC machine The CNC machines comprise microcomputers that control and monitor a machine tool, which performs functions such as turning, milling, welding, grinding, and drilling. A robot machine tool can operate to the fullest potential only in conjunction with a CNC machine to facilitate machining operation due to interoperability. Get More Details on this Report and a Full Table of Contents at Global Robot Machine Tools Market 2016-2020 Technavio&apos;s analysts forecast the global robot machine tools market to grow at a CAGR of 5.13% during the period 2016-2020. Covered in this report The report covers the present scenario and the growth prospects of the global robot machine tools market for 2016-2020. To calculate the market size, the report considers the revenue generated from the sales of hardware, software, software licenses; renewal of software licenses; upgrades of existing solutions; maintenance; and services The market is divided into the following segments based on geography: -APAC -EMEA -Americas Technavio&apos;s report, Global Robot Machine Tools Market 2016-2020, has been prepared based on an in-depth market analysis with inputs from industry experts. The report covers the market landscape and its growth prospects over the coming years. The report also includes a discussion of the key vendors operating in this market. Key vendors
</post>
<signature>

</signature>
<external_links>

</external_links>
<country>US</country>
<main_image>http://media.releasewire.com/photos/show/?id=90667</main_image>
</document>
