<?xml version="1.0" encoding="UTF-8"?>
<document>
<type>mainstream</type>
<forum>http://feeds.releasewire.com/rss/latest</forum>
<forum_title>ReleaseWire - Latest Press Releases</forum_title>
<discussion_title>Now Available: Global Integrated Development Environment as a Service Market 2016-2020</discussion_title>
<language>english</language>
<gmt_offset></gmt_offset>
<topic_url>http://www.sbwire.com/press-releases/now-available-global-integrated-development-environment-service-market-687908.htm</topic_url>
<topic_text>
RSS Now Available: Global Integrated Development Environment as a Service Market 2016-2020 Fast Market Research announces the availability of the new TechNavio report, &quot;Global Integrated Development Environment as a Service Market 2016-2020&quot;, on their comprehensive research portal 
Boston, MA -- ( SBWIRE ) -- 05/12/2016 -- IDE solutions are software solutions that enable software developers to write code with the help pf automated tools. IDE as a service is a cloud-based solution that can be accessed through Internet networks based on developer&apos;s requirements. Software developers use IDE as a service solutions to reduce the overall costs for software development. IDE solutions provide an automated software development environment with multiple tools to quickly detect and fix bugs in software programs. Technavio&apos;s analysts forecast the global IDE as a service market to grow at a CAGR of 25.8% during the period 2016-2020. Get More Details on this Report and a Full Table of Contents at Global Integrated Development Environment as a Service Market 2016-2020 Covered in this report The report covers the present scenario and the growth prospects of the global IDE as a service market for 2016-2020. To calculate the market size, the report considers the revenue generated from cloud-based IDE solutions by vendors in the market. The market is divided into the following segments based on geography: -Americas -APAC -EMEA Technavio&apos;s report, Global Integrated Development Environment as a Service Market 2016-2020, has been prepared based on an in-depth market analysis with inputs from industry experts. The report covers the market landscape and its growth prospects over the coming years. The report also includes a discussion of the key vendors operating in this market. Key vendors
</topic_text>
<spam_score>0.00</spam_score>
<post_num>1</post_num>
<post_id>post-1</post_id>
<post_url>http://www.sbwire.com/press-releases/now-available-global-integrated-development-environment-service-market-687908.htm</post_url>
<post_date>20160512</post_date>
<post_time>1551</post_time>
<username></username>
<post>
RSS Now Available: Global Integrated Development Environment as a Service Market 2016-2020 Fast Market Research announces the availability of the new TechNavio report, &quot;Global Integrated Development Environment as a Service Market 2016-2020&quot;, on their comprehensive research portal 
Boston, MA -- ( SBWIRE ) -- 05/12/2016 -- IDE solutions are software solutions that enable software developers to write code with the help pf automated tools. IDE as a service is a cloud-based solution that can be accessed through Internet networks based on developer&apos;s requirements. Software developers use IDE as a service solutions to reduce the overall costs for software development. IDE solutions provide an automated software development environment with multiple tools to quickly detect and fix bugs in software programs. Technavio&apos;s analysts forecast the global IDE as a service market to grow at a CAGR of 25.8% during the period 2016-2020. Get More Details on this Report and a Full Table of Contents at Global Integrated Development Environment as a Service Market 2016-2020 Covered in this report The report covers the present scenario and the growth prospects of the global IDE as a service market for 2016-2020. To calculate the market size, the report considers the revenue generated from cloud-based IDE solutions by vendors in the market. The market is divided into the following segments based on geography: -Americas -APAC -EMEA Technavio&apos;s report, Global Integrated Development Environment as a Service Market 2016-2020, has been prepared based on an in-depth market analysis with inputs from industry experts. The report covers the market landscape and its growth prospects over the coming years. The report also includes a discussion of the key vendors operating in this market. Key vendors
</post>
<signature>

</signature>
<external_links>

</external_links>
<country>US</country>
<main_image>http://media.releasewire.com/photos/show/?id=90667</main_image>
</document>
