<?xml version="1.0" encoding="UTF-8"?>
<document>
<type>mainstream</type>
<forum>http://www.dailymail.co.uk/news/articles.rss</forum>
<forum_title>News Articles | Mail Online</forum_title>
<discussion_title>NHL star Linden Vey&apos;s father set to go on trial for &apos;plotting to kill his mother&apos;</discussion_title>
<language>english</language>
<gmt_offset></gmt_offset>
<topic_url>http://www.dailymail.co.uk/news/article-3585799/NHL-star-s-father-set-trial-plotting-kill-player-s-mother-mistress-s-spouse-having-affair.html</topic_url>
<topic_text>
1
View
comments
A NHL star is preparing for his father to go on trial for conspiracy to commit murder.
Vancouver Canucks right wing Linden Vey has struggled on the ice for the past two years.
But outside the rink the 24-year-old&apos;s family has been embroiled in a harrowing crime that rocked the small Christian community of Melfort in Saskatchewan.
In August 2013, his father Curtis was arrested alongside his mistress Angela Nicholson for allegedly plotting to kill their spouses while they were having an affair.
Vancouver Canucks right wing Linden Vey&apos;s father is set to stand trial for his part in a plot to kill the players mother and his mistress&apos;s spouse
According to Royal Canadian Mounted Police, the lovers planned to have Brigitte Vey, Curtis&apos; wife and Linden&apos;s mother, die in a house fire, and have Jim Taylor die of a drug overdose on Halloween.
Police said they were tipped off by Brigitte Vey and later tapped the phones of the pair.
That&apos;s when they allegedly uncovered the plot.
Linden told The Province : &apos;It changes your life.
&apos;Your life is a certain way for so many years and all of a sudden, you wake up one day and it&apos;s totally different.
&apos;But I&apos;m not going to sit here and say it&apos;s part of the reason I&apos;ve had two of the worst seasons of my career.&apos;
In August 2013, his father Curtis was arrested alongside his mistress Angela Nicholson for allegedly plotting to kill their spouses while they were having an affair. They allegedly planned for Linden&apos;s mother, Brigette, to die in a house fire
 Next Johnny Manziel puts post-rehab Cleveland home that was... &apos;Making memories to last a lifetime!&apos; Cleveland Browns star... Putin loses his cool on the ice: Russian leader takes a... Harry puts his money where his mouth is: Prince loses $20... Linden has openly admitted that he has struggled on the ice for the last two years, but insist it isn&apos;t down to their family&apos;s situation
He added: &apos;It&apos;s a tough situation for me. Sometimes, when you have something like that weighing on your mind, it&apos;s tough to be super focused.
&apos;But I do have a great family and support system. &apos;I try not to focus on it too much. Any time it&apos;s a family matter, you try to keep it as private as you can.
&apos;Everybody has something to go through. Life is never easy.&apos;
The trial is set to begin in the next two weeks.
</topic_text>
<spam_score>0.00</spam_score>
<post_num>1</post_num>
<post_id>post-1</post_id>
<post_url>http://www.dailymail.co.uk/news/article-3585799/NHL-star-s-father-set-trial-plotting-kill-player-s-mother-mistress-s-spouse-having-affair.html</post_url>
<post_date>20160511</post_date>
<post_time>2234</post_time>
<username>Wills Robinson For Dailymail.com</username>
<post>
1
View
comments
A NHL star is preparing for his father to go on trial for conspiracy to commit murder.
Vancouver Canucks right wing Linden Vey has struggled on the ice for the past two years.
But outside the rink the 24-year-old&apos;s family has been embroiled in a harrowing crime that rocked the small Christian community of Melfort in Saskatchewan.
In August 2013, his father Curtis was arrested alongside his mistress Angela Nicholson for allegedly plotting to kill their spouses while they were having an affair.
Vancouver Canucks right wing Linden Vey&apos;s father is set to stand trial for his part in a plot to kill the players mother and his mistress&apos;s spouse
According to Royal Canadian Mounted Police, the lovers planned to have Brigitte Vey, Curtis&apos; wife and Linden&apos;s mother, die in a house fire, and have Jim Taylor die of a drug overdose on Halloween.
Police said they were tipped off by Brigitte Vey and later tapped the phones of the pair.
That&apos;s when they allegedly uncovered the plot.
Linden told The Province : &apos;It changes your life.
&apos;Your life is a certain way for so many years and all of a sudden, you wake up one day and it&apos;s totally different.
&apos;But I&apos;m not going to sit here and say it&apos;s part of the reason I&apos;ve had two of the worst seasons of my career.&apos;
In August 2013, his father Curtis was arrested alongside his mistress Angela Nicholson for allegedly plotting to kill their spouses while they were having an affair. They allegedly planned for Linden&apos;s mother, Brigette, to die in a house fire
 Next Johnny Manziel puts post-rehab Cleveland home that was... &apos;Making memories to last a lifetime!&apos; Cleveland Browns star... Putin loses his cool on the ice: Russian leader takes a... Harry puts his money where his mouth is: Prince loses $20... Linden has openly admitted that he has struggled on the ice for the last two years, but insist it isn&apos;t down to their family&apos;s situation
He added: &apos;It&apos;s a tough situation for me. Sometimes, when you have something like that weighing on your mind, it&apos;s tough to be super focused.
&apos;But I do have a great family and support system. &apos;I try not to focus on it too much. Any time it&apos;s a family matter, you try to keep it as private as you can.
&apos;Everybody has something to go through. Life is never easy.&apos;
The trial is set to begin in the next two weeks.
</post>
<signature>

</signature>
<external_links>
<external_link>http://dailym.ai/1T9asDL</external_link><external_link>http://www.theprovince.com/sports/hockey/canucks-hockey/canuck+linden+caught+alleged+family+murder/11910187/story.html</external_link>
</external_links>
<country>GB</country>
<main_image>http://i.dailymail.co.uk/i/pix/2016/05/11/23/340F983E00000578-0-image-a-77_1463006566672.jpg</main_image>
</document>
