<?xml version="1.0" encoding="UTF-8"?>
<document>
<type>mainstream</type>
<forum>http://www.dailymail.co.uk/news/articles.rss</forum>
<forum_title>News Articles | Mail Online</forum_title>
<discussion_title>British adventurer reveals he fought off polar bear with a flare in video</discussion_title>
<language>english</language>
<gmt_offset></gmt_offset>
<topic_url>http://www.dailymail.co.uk/news/article-3584907/British-adventurer-reveals-fought-polar-bear-flare-animal-tried-smash-cabin-Greenland.html</topic_url>
<topic_text>
90 shares 19
View
comments
A British adventurer has revealed how he fought off a polar bear using a flare after coming face-to-face with it on a trip to Greenland.
Matt Hardy,a film cameraman, was sleeping in a remote cabin in the east of the with four colleagues when he was woken by banging noises and smashing glass at 5am.
The 23-year-old said he went to investigate armed with the handheld flare and peered out of the broken window to find a huge polar bear standing up on its hind legs just inches away.
Scroll down for video
Matt Hardy has revealed how he fought off a polar bear using a flare after coming face-to-face with it on a trip to Greenland
Matt Hardy,a film cameraman, was sleeping in a remote cabin with four colleagues when he was woken by banging noises and smashing glass at 5am. He then claims he scared a giant bear off with a flare
Mr Hardy, from Corfe Mullen, Dorset, quickly lit the red flare and said he shouted at the 8ft tall bear.
As the animal backed off Mr Hardy said he held the flare out of the window and waved it before the beast ran away.
A colleague, Phil Poole, then fired the team&apos;s rifle into the air to scare the bear off even more.
Mr Hardy, who was in Greenland to film a cross-country skiing race, took a photo of the creature about 100 metres away moments after the alarming incident.
He said: &apos;I had never seen a polar bear up so close. It&apos;s head filled the whole window space. On it&apos;s hind legs it was about 8ft tall.
 2 Next Boaty McBoatface LIVES (as David Attenborough&apos;s sidekick):... Race to save the Antarctic base: Research &apos;caterpillar&apos; will... Nature at its very worst and best: The breathtaking... &apos;In hindsight I think it was probably just curious but at the time I thought &apos;it wants to eat me&apos;.
&apos;I was just in my thermal layers and it was about minus 15 but the adrenaline was pumping.
&apos;Just as I was about to poke my head out the broken window, the bear stuck its in and I came face-to-face with it.
&apos;I just started shouting, that&apos;s what we were told to do. I yelled and pulled the pin on the flare. I just kept waving the flare and it started to back off. But it only went about 100 metres away and stopped.&apos;
Mr Hardy said: &apos;We thought it could come back. We only had so many flares and ammo and no one was going to come help us out there. It was rolling around in the snow, playing.&apos;
Mr Hardy, from Corfe Mullen, Dorset, quickly lit the red flare and said he shouted at the 8ft tall bear
A colleague, Phil Poole, then fired the team&apos;s rifle into the air to scare the bear off even more
Mr Hardy said to their horror a second polar bear appeared on the scene and came within four metres of the hut.
He said: &apos;We didn&apos;t realise there was another bear just to our left. You never ever get two male bears. They are not pack animals. They&apos;re always alone.
&apos;Deb Fletcher, another member of the team, had to go through the whole process again, lighting a flare and shouting at it.
&apos;It moved about 100 metres away as well and they stayed there for about 20 minutes before eventually walking off.&apos;
Mr Hardy was working as a freelance cameraman for Coldhouse Collective, a production company that specialises in working in challenging environments.
The team were staying at the hut overnight in Syd Cap, east Greenland.
He said: &apos;It was a very remote area, in the middle of nowhere, you can&apos;t really get much further from basecamp.
Remote: Mr Hardy was part of a team that was staying at a hut overnight in Syd Cap, east Greenland
Mr Hardy (pictured) said to their horror a second polar bear appeared on the scene and came within four metres of the hut
Pictures show the giant polar bear&apos;s footprints in the snow. Mr Hardy said that it was &apos;incredible&apos; to see the beast up close
&apos;The whole of Greenland is known for polar bears. We had a briefing about what to do if we saw one when we arrived but at that point you feel quite detached from it.
&apos;We were prepared, we never went anywhere without a gun and flares, but it was still a surprise to come that close.
&apos;The hut was right by the sea ice, which is where polar bears hunt seals, but it&apos;s one of those things you just don&apos;t expect to happen.
&apos;I&apos;ve been to the Arctic before, filming in Norway last year, which also has lots of polar bears. I was on high alert that time and we didn&apos;t see any.
&apos;It was pretty scary because they&apos;re one of the only animals that actively hunt humans and we were in the middle of nowhere.
&apos;But looking back now it was quite exciting. As scary as it was, it&apos;s incredible to be able to say I have seen a polar bear up close.&apos;
Polar bears, or Ursus maritimus in Latin, can weigh up to 110 stone and measure up to almost 10ft in length.
They are the most carnivorous member of the bear family and the powerful mammals are considered one of the most dangerous animals to humans.
</topic_text>
<spam_score>0.00</spam_score>
<post_num>20</post_num>
<post_id>post-20</post_id>
<post_url>http://www.dailymail.co.uk/news/article-3584907/British-adventurer-reveals-fought-polar-bear-flare-animal-tried-smash-cabin-Greenland.html</post_url>
<post_date>20160512</post_date>
<post_time>0724</post_time>
<username>Lynzey</username>
<post>
Adventurers! Idiots. The minute these so-called Ad&apos;s. get in the bears&apos; territory the bears are put at risk of being shot should they investigate the interlopers. The animal always will get the worst - the injury or death - when humans appear and there&apos;s a confrontation. These twits should join the Army and visit places east if they want risk, excitement, and the chance to kill or maim.
</post>
<signature>

</signature>
<external_links>

</external_links>
<country>GB</country>
<main_image>http://i.dailymail.co.uk/i/pix/2016/05/11/14/340A062100000578-0-image-a-81_1462973945412.jpg</main_image>
</document>
