<?xml version="1.0" encoding="UTF-8"?>
<document>
<type>mainstream</type>
<forum>https://public.govdelivery.com/accounts/ORTRIMET/feed.rss?code=ORTRIMET</forum>
<forum_title>TriMet News and Service Alerts</forum_title>
<discussion_title>UPDATED Service Alert: WES Commuter Rail resuming normal service</discussion_title>
<language>english</language>
<gmt_offset></gmt_offset>
<topic_url>https://content.govdelivery.com/accounts/ORTRIMET/bulletins/148b52e</topic_url>
<topic_text>
UPDATED Service Alert: WES Commuter Rail resuming normal service   05/11/2016 05:00 PM PDT 
WES Commuter Rail is resuming normal service after an earlier signal issue.
</topic_text>
<spam_score>0.00</spam_score>
<post_num>1</post_num>
<post_id>post-1</post_id>
<post_url>https://content.govdelivery.com/accounts/ORTRIMET/bulletins/148b52e</post_url>
<post_date>20160512</post_date>
<post_time>0000</post_time>
<username></username>
<post>
UPDATED Service Alert: WES Commuter Rail resuming normal service   05/11/2016 05:00 PM PDT 
WES Commuter Rail is resuming normal service after an earlier signal issue.
</post>
<signature>

</signature>
<external_links>

</external_links>
<country>US</country>
<main_image>https://public.govdelivery.com/assets/transparent-24ac86b29e6f1532aff53d2e380ebbb4.gif</main_image>
</document>
