<?xml version="1.0" encoding="UTF-8"?>
<document>
<type>mainstream</type>
<forum>http://chelyabinsk.bezformata.ru/rss.xml</forum>
<forum_title>Новости города БезФормата.Ru Челябинская область Челябинск</forum_title>
<discussion_title>Челябинские рэперы записали клип на ЧЭМК с двухметровым роботом в главной роли</discussion_title>
<language>russian</language>
<gmt_offset></gmt_offset>
<topic_url>http://chelyabinsk.bezformata.ru/listnews/klip-na-chemk-s-dvuhmetrovim-robotom/46771443/</topic_url>
<topic_text>
Фото: www.1obl.ru Ролик к треку « Идеальный мир » рассказывает о людях, страдающих от рутины. 
Челябинские рэперы Улисс и StaffOnly выпустили новый клип. Однако главные роли в ролике они сыграли не сами — в центре сюжета 2-метровый робот, который, как обычный человек, ездит на общественном транспорте, работает на ЧЭМК и трудится у ферросплавной печи. Релиз клипа приурочен к выходу альбома под названием « Одиссея ». 
Некоторое время в цехах завода ЧЭМК работал робот . Двухметровая машина добросовестно «пахала» у ферросплавной печи. Однако это не новая промышленная программа по механизации рабочей силы, а съемки клипа челябинских рэперов Улисс и StaffOnly. На днях ролик появился в сети. Как рассказывают его авторы, видео повествует об однотипных буднях и людях, страдающих от рутины. В клипе робот, будто самый обычный член общества, встает в 6 утра, еле-еле «затыкая» будильник», едет на автобусе до предприятия и вкалывает у печи. Затем все повторяется. 
— Робот лишь метафора на человека, который не может выбраться из рутины. Со временем герой привыкает к среде, она становится для него идеальным миром. Он превращается в машину, выполняющую определенный набор действий. Я видел такое, встречал молодых ребят, которых ломала повседневность, и они становились роботами, так и родилась идея для клипа, — объяснил задумку сайту « Первый областной » Теймур Халиков. 
Съемки в ЧЭМК проводились по договоренности с предприятием. Снимали прямо во время рабочего дня на дневной смене. Как рассказывают создатели, самыми сложными были сцены у ферросплавной печи. Костюм робота, весивший около 20 килограммов, сделан из пластмассы и мог расплавиться буквально на теле приглашенного актера. Вдобавок, работать в такой экипировке было крайне сложно, так как она плохо пропускала воздух, и актер страдал от духоты. 
Видео: KissMyTank
</topic_text>
<spam_score>0.00</spam_score>
<post_num>1</post_num>
<post_id>post-1</post_id>
<post_url>http://chelyabinsk.bezformata.ru/listnews/klip-na-chemk-s-dvuhmetrovim-robotom/46771443/</post_url>
<post_date>20160512</post_date>
<post_time>1414</post_time>
<username></username>
<post>
Фото: www.1obl.ru Ролик к треку « Идеальный мир » рассказывает о людях, страдающих от рутины. 
Челябинские рэперы Улисс и StaffOnly выпустили новый клип. Однако главные роли в ролике они сыграли не сами — в центре сюжета 2-метровый робот, который, как обычный человек, ездит на общественном транспорте, работает на ЧЭМК и трудится у ферросплавной печи. Релиз клипа приурочен к выходу альбома под названием « Одиссея ». 
Некоторое время в цехах завода ЧЭМК работал робот . Двухметровая машина добросовестно «пахала» у ферросплавной печи. Однако это не новая промышленная программа по механизации рабочей силы, а съемки клипа челябинских рэперов Улисс и StaffOnly. На днях ролик появился в сети. Как рассказывают его авторы, видео повествует об однотипных буднях и людях, страдающих от рутины. В клипе робот, будто самый обычный член общества, встает в 6 утра, еле-еле «затыкая» будильник», едет на автобусе до предприятия и вкалывает у печи. Затем все повторяется. 
— Робот лишь метафора на человека, который не может выбраться из рутины. Со временем герой привыкает к среде, она становится для него идеальным миром. Он превращается в машину, выполняющую определенный набор действий. Я видел такое, встречал молодых ребят, которых ломала повседневность, и они становились роботами, так и родилась идея для клипа, — объяснил задумку сайту « Первый областной » Теймур Халиков. 
Съемки в ЧЭМК проводились по договоренности с предприятием. Снимали прямо во время рабочего дня на дневной смене. Как рассказывают создатели, самыми сложными были сцены у ферросплавной печи. Костюм робота, весивший около 20 килограммов, сделан из пластмассы и мог расплавиться буквально на теле приглашенного актера. Вдобавок, работать в такой экипировке было крайне сложно, так как она плохо пропускала воздух, и актер страдал от духоты. 
Видео: KissMyTank
</post>
<signature>

</signature>
<external_links>

</external_links>
<country>RU</country>
<main_image>http://chelyabinsk.bezformata.ru/content/image188606171.png</main_image>
</document>
