<?xml version="1.0" encoding="UTF-8"?>
<document>
<type>mainstream</type>
<forum>http://feeds.releasewire.com/rss/latest</forum>
<forum_title>ReleaseWire - Latest Press Releases</forum_title>
<discussion_title>Global Advanced Phase Change Material (PCM) Market 2014 - 2020</discussion_title>
<language>english</language>
<gmt_offset></gmt_offset>
<topic_url>http://www.sbwire.com/press-releases/global-advanced-phase-change-material-pcm-market-2014-2020-688569.htm</topic_url>
<topic_text>
RSS Global Advanced Phase Change Material (PCM) Market 2014 - 2020 Based on the technology of the material used, advanced PCMs are broadly categorized as inorganic PCMs, organic PCMs, bio-based PCMs and other PCMs. 
New York, NY -- ( SBWIRE ) -- 05/12/2016 -- Materials that can store latent heat (energy released or absorbed by a material or a thermodynamic system at constant-temperature process) during the phase transition are called phase change materials (PCMs). PCMs latent heat transition can be achieved with solid-solid, solid-liquid, solid-gas, and liquid-gas phase change. However, only solid-liquid phase change is used in advanced PCMs at commercial level, since other methods required large volume and high pressure. Interested in report: Please follow the below links to meet your requirements; Request for the Report Brochure: http://www.persistencemarketresearch.com/samples/2786 Based on the technology of the material used, advanced PCMs are broadly categorized as inorganic PCMs, organic PCMs, bio-based PCMs and other PCMs. Organic PCMs are further classified as paraffin and non-paraffin materials; these materials melt and freeze repetitively without phase isolation and resulting degradation of their latent heat of fusion. Inorganic phase changed materials are further classified in salt hydrate and metallic. These advanced PCMs do not withdraw heat significantly and their heats of fusion do not decay with cycling. Bio-based advanced PCMs are mostly derived from plant oil or animal fat and poses higher biodegradability over others. On the basis of their application in various fields the advanced PCMs can be categories as building and construction, energy storage, heating, ventilation and air conditioning (HVAC), shipping and transportation, and others including textiles and protective clothing. Europe is the largest market for advanced PCMs followed by North America and Asia Pacific. Whereas increased construction works due to increasing urbanization is expected to boost the advance PCMs market in Asia Pacific region in coming years. Paraffin based advanced PCMs (organic PCMs) holds the largest market share while with increasing concern over environment and stiff regulation against biodegradability, bio-based PCMs are expected to gain the fastest growth in coming years. Global trend towards energy saving, sustainable development and increase demand of biodegradable materials, increasing construction works due to surge in urbanization in Asia Pacific countries and advancement in packaging science is driving the market for advanced PCMs. However, harmful character of chemicals used as PCMs is expected to inhibit the growth of the market. Lack of government inventiveness and encourage in the direction of the growth and expansion of PCM is a major challenge faced by the Advanced PCMs industry. Request TOC (table of content), Figures and Tables of the Report: http://www.persistencemarketresearch.com/toc/2786 Some of the global leading manufacturers of advanced PCMs are, Advansa B.V, BASF SE, Ciat Group, Cryopak Inc., Datum Phase Change Ltd., E. I. Du Pont De Nemours And Company, Emco Klimatechnik Gmbh &amp; Co. KG, Ewald Dörken AG, Honeywell Electronic Materials Inc., Laird PLC, Micron Technology Inc., Outlast Technologies LIC, PCM Energy P. Ltd, Phase Change Energy Solutions Inc., Phase Change Material Products Limited, Rgees LIC, Rubitherm Technologies GMBH, SALCA BV, SGL Group, The Bergquist Company Inc., Climator Sweden AB, Entropy Solutions Inc., Microtek Laboratories Inc., Pluss Polymers Pvt. Ltd. and Sonoco Products Co. Key points covered in the report 1) Report segments the market on the basis of types, application, products, technology, etc (as applicable) 2) The report covers g?eographic segmentation North America Asia RoW 3) The report provides the market size and forecast for the different segments and geographies for the period of 2010 to 2020 4) The report provides company profiles of some of the leading companies operating in the market 5) The report also provides porters five forces analysis of the market. About Persistence Market Research (PMR) Persistence Market Research (PMR) is a full-service market intelligence firm specializing in syndicated research, custom research, and consulting services. PMR boasts market research expertise across the Healthcare, Chemicals and Materials, Technology and Media, Energy and Mining, Food and Beverages, Semiconductor and Electronics, Consumer Goods, and Shipping and Transportation industries. The company draws from its multi-disciplinary capabilities and high-pedigree team of analysts to share data that precisely corresponds to clients&apos; business needs. PMR stands committed to bringing more accuracy and speed to clients&apos; business decisions. From ready-to-purchase market research reports to customized research solutions, PMR&apos;s engagement models are highly flexible without compromising on its deep-seated research values. Media Relations Contact
</topic_text>
<spam_score>0.00</spam_score>
<post_num>1</post_num>
<post_id>post-1</post_id>
<post_url>http://www.sbwire.com/press-releases/global-advanced-phase-change-material-pcm-market-2014-2020-688569.htm</post_url>
<post_date>20160512</post_date>
<post_time>1602</post_time>
<username></username>
<post>
RSS Global Advanced Phase Change Material (PCM) Market 2014 - 2020 Based on the technology of the material used, advanced PCMs are broadly categorized as inorganic PCMs, organic PCMs, bio-based PCMs and other PCMs. 
New York, NY -- ( SBWIRE ) -- 05/12/2016 -- Materials that can store latent heat (energy released or absorbed by a material or a thermodynamic system at constant-temperature process) during the phase transition are called phase change materials (PCMs). PCMs latent heat transition can be achieved with solid-solid, solid-liquid, solid-gas, and liquid-gas phase change. However, only solid-liquid phase change is used in advanced PCMs at commercial level, since other methods required large volume and high pressure. Interested in report: Please follow the below links to meet your requirements; Request for the Report Brochure: http://www.persistencemarketresearch.com/samples/2786 Based on the technology of the material used, advanced PCMs are broadly categorized as inorganic PCMs, organic PCMs, bio-based PCMs and other PCMs. Organic PCMs are further classified as paraffin and non-paraffin materials; these materials melt and freeze repetitively without phase isolation and resulting degradation of their latent heat of fusion. Inorganic phase changed materials are further classified in salt hydrate and metallic. These advanced PCMs do not withdraw heat significantly and their heats of fusion do not decay with cycling. Bio-based advanced PCMs are mostly derived from plant oil or animal fat and poses higher biodegradability over others. On the basis of their application in various fields the advanced PCMs can be categories as building and construction, energy storage, heating, ventilation and air conditioning (HVAC), shipping and transportation, and others including textiles and protective clothing. Europe is the largest market for advanced PCMs followed by North America and Asia Pacific. Whereas increased construction works due to increasing urbanization is expected to boost the advance PCMs market in Asia Pacific region in coming years. Paraffin based advanced PCMs (organic PCMs) holds the largest market share while with increasing concern over environment and stiff regulation against biodegradability, bio-based PCMs are expected to gain the fastest growth in coming years. Global trend towards energy saving, sustainable development and increase demand of biodegradable materials, increasing construction works due to surge in urbanization in Asia Pacific countries and advancement in packaging science is driving the market for advanced PCMs. However, harmful character of chemicals used as PCMs is expected to inhibit the growth of the market. Lack of government inventiveness and encourage in the direction of the growth and expansion of PCM is a major challenge faced by the Advanced PCMs industry. Request TOC (table of content), Figures and Tables of the Report: http://www.persistencemarketresearch.com/toc/2786 Some of the global leading manufacturers of advanced PCMs are, Advansa B.V, BASF SE, Ciat Group, Cryopak Inc., Datum Phase Change Ltd., E. I. Du Pont De Nemours And Company, Emco Klimatechnik Gmbh &amp; Co. KG, Ewald Dörken AG, Honeywell Electronic Materials Inc., Laird PLC, Micron Technology Inc., Outlast Technologies LIC, PCM Energy P. Ltd, Phase Change Energy Solutions Inc., Phase Change Material Products Limited, Rgees LIC, Rubitherm Technologies GMBH, SALCA BV, SGL Group, The Bergquist Company Inc., Climator Sweden AB, Entropy Solutions Inc., Microtek Laboratories Inc., Pluss Polymers Pvt. Ltd. and Sonoco Products Co. Key points covered in the report 1) Report segments the market on the basis of types, application, products, technology, etc (as applicable) 2) The report covers g?eographic segmentation North America Asia RoW 3) The report provides the market size and forecast for the different segments and geographies for the period of 2010 to 2020 4) The report provides company profiles of some of the leading companies operating in the market 5) The report also provides porters five forces analysis of the market. About Persistence Market Research (PMR) Persistence Market Research (PMR) is a full-service market intelligence firm specializing in syndicated research, custom research, and consulting services. PMR boasts market research expertise across the Healthcare, Chemicals and Materials, Technology and Media, Energy and Mining, Food and Beverages, Semiconductor and Electronics, Consumer Goods, and Shipping and Transportation industries. The company draws from its multi-disciplinary capabilities and high-pedigree team of analysts to share data that precisely corresponds to clients&apos; business needs. PMR stands committed to bringing more accuracy and speed to clients&apos; business decisions. From ready-to-purchase market research reports to customized research solutions, PMR&apos;s engagement models are highly flexible without compromising on its deep-seated research values. Media Relations Contact
</post>
<signature>

</signature>
<external_links>

</external_links>
<country>US</country>
<main_image>http://media.releasewire.com/photos/show/?id=92112</main_image>
</document>
