<?xml version="1.0" encoding="UTF-8"?>
<document>
<type>mainstream</type>
<forum>http://feeds.freenet.de/auto_news_motorsport.rss&apos;,&apos;Motorsport&apos;,&apos;News aus Formel 1, DTM und Ralleysport&apos;);</forum>
<forum_title>freenet Auto</forum_title>
<discussion_title>Daniel Ricciardo zu Verstappen</discussion_title>
<language>german</language>
<gmt_offset></gmt_offset>
<topic_url>http://www.freenet.de/auto/motorsport/daniel-ricciardo-zu-verstappen_5435460_5171138.html</topic_url>
<topic_text>
Daniel Ricciardo - GP Spanien 2016 © sutton-images.com 12.05.2016 - 17:33 Uhr von Michael Schmidt 
Die Nachricht, dass Max Verstappen in Barcelona an die Stelle von Daniil Kvyat tritt, kam auch für Daniel Ricciardo überraschend. Doch Angst vor dem Wunderkind hat der Australier nicht. 
Max Verstappen wusste es als Erster. Der Holländer bekam bereits im Verlauf des Montags nach dem GP Russland den Anruf aus Graz. Er solle sich am nächsten Tag dort einfinden. 
&quot;Wenn von dort Anrufe kommen, weißt du, dass es um etwas Wichtiges geht&quot;, sagt Vater Jos Verstappen . Dort erfuhr der Verstappen-Clan von Teamberater Helmut Marko , dass Max zum Red Bull-Fahrer befördert werden sollte. 
Daniil Kvyat wurde die schlechte Nachricht in einem 20-minütigen Telefonanruf mitgeteilt. Daniel Ricciardo wurde einen Tag vor der offiziellen Bekanntgabe in Kenntnis gesetzt. Das Gespräch wurde mit dem Satz eingeleitet: &quot;Du hast in Barcelona einen neuen Teamkollegen.&quot; 
Red Bull setzt Fahrer bewusst unter Druck 
Irgendeine Vorahnung, dass so etwas passieren könnte, muss Ricciardo gehabt haben. &quot;Ich hätte es aber eher in der zweiten Saisonhälfte erwartet und nicht so früh.&quot; 
Der Australier wollte sich dann aber nicht den Mund darüber verbrennen, ob der Zeitpunkt geschickt gewählt war. &quot;Es ist nicht meine Sache Entscheidungen des Teams zu kommentieren.&quot;An eine Bestrafung für die Startkollision in Sochi glaubt Ricciardo jedenfalls nicht: &quot;So ein Fahrerwechsel wird nicht wegen eines Rennens vorgenommen.&quot; 
Ricciardo kennt diese Situation aus eigener Erfahrung. In seiner letzten Formel Renault-Saison wurde ihm mitten in der Saison Jean-Eric Vergne zugelost. Deshalb sieht er die Beförderung von Verstappen auch als eine Art Test. Für Verstappen und ihn selbst. 
&quot;Es ist die Politik von Red Bull seine Fahrer unter Druck zu setzen, um herauszufinden, aus welchem Holz sie geschnitzt sind. So haben sie es auch mit Vettel und mir gemacht.&quot; 
Der WM-Dritte von 2014 sieht sich für die neue Aufgabe gerüstet: &quot;Ich mache mir keine Sorgen. Druck von Teamkollegen bin ich gewohnt. Max ist eine Herausforderung für mich, aber ich habe genug Vertrauen in meine Fähigkeiten.&quot; 
&quot;Ich bin aber auch nicht so naiv ihn zu unterschätzen, nur weil er jung ist. Max ist hungrig, schnell, und er wird sich schnell an den Red Bull gewöhnen. Auch weil wir unser Auto viel besser verstehen als im letzten Jahr.&quot; Quelle: 2016 Motor-Presse Stuttgart Klicken Sie &quot;Gefällt mir&quot; und erhalten Sie die besten Auto-Artikel kostenlos auf Facebook. Kommentare
</topic_text>
<spam_score>0.00</spam_score>
<post_num>1</post_num>
<post_id>post-1</post_id>
<post_url>http://www.freenet.de/auto/motorsport/daniel-ricciardo-zu-verstappen_5435460_5171138.html</post_url>
<post_date>20160512</post_date>
<post_time>1633</post_time>
<username></username>
<post>
Daniel Ricciardo - GP Spanien 2016 © sutton-images.com 12.05.2016 - 17:33 Uhr von Michael Schmidt 
Die Nachricht, dass Max Verstappen in Barcelona an die Stelle von Daniil Kvyat tritt, kam auch für Daniel Ricciardo überraschend. Doch Angst vor dem Wunderkind hat der Australier nicht. 
Max Verstappen wusste es als Erster. Der Holländer bekam bereits im Verlauf des Montags nach dem GP Russland den Anruf aus Graz. Er solle sich am nächsten Tag dort einfinden. 
&quot;Wenn von dort Anrufe kommen, weißt du, dass es um etwas Wichtiges geht&quot;, sagt Vater Jos Verstappen . Dort erfuhr der Verstappen-Clan von Teamberater Helmut Marko , dass Max zum Red Bull-Fahrer befördert werden sollte. 
Daniil Kvyat wurde die schlechte Nachricht in einem 20-minütigen Telefonanruf mitgeteilt. Daniel Ricciardo wurde einen Tag vor der offiziellen Bekanntgabe in Kenntnis gesetzt. Das Gespräch wurde mit dem Satz eingeleitet: &quot;Du hast in Barcelona einen neuen Teamkollegen.&quot; 
Red Bull setzt Fahrer bewusst unter Druck 
Irgendeine Vorahnung, dass so etwas passieren könnte, muss Ricciardo gehabt haben. &quot;Ich hätte es aber eher in der zweiten Saisonhälfte erwartet und nicht so früh.&quot; 
Der Australier wollte sich dann aber nicht den Mund darüber verbrennen, ob der Zeitpunkt geschickt gewählt war. &quot;Es ist nicht meine Sache Entscheidungen des Teams zu kommentieren.&quot;An eine Bestrafung für die Startkollision in Sochi glaubt Ricciardo jedenfalls nicht: &quot;So ein Fahrerwechsel wird nicht wegen eines Rennens vorgenommen.&quot; 
Ricciardo kennt diese Situation aus eigener Erfahrung. In seiner letzten Formel Renault-Saison wurde ihm mitten in der Saison Jean-Eric Vergne zugelost. Deshalb sieht er die Beförderung von Verstappen auch als eine Art Test. Für Verstappen und ihn selbst. 
&quot;Es ist die Politik von Red Bull seine Fahrer unter Druck zu setzen, um herauszufinden, aus welchem Holz sie geschnitzt sind. So haben sie es auch mit Vettel und mir gemacht.&quot; 
Der WM-Dritte von 2014 sieht sich für die neue Aufgabe gerüstet: &quot;Ich mache mir keine Sorgen. Druck von Teamkollegen bin ich gewohnt. Max ist eine Herausforderung für mich, aber ich habe genug Vertrauen in meine Fähigkeiten.&quot; 
&quot;Ich bin aber auch nicht so naiv ihn zu unterschätzen, nur weil er jung ist. Max ist hungrig, schnell, und er wird sich schnell an den Red Bull gewöhnen. Auch weil wir unser Auto viel besser verstehen als im letzten Jahr.&quot; Quelle: 2016 Motor-Presse Stuttgart Klicken Sie &quot;Gefällt mir&quot; und erhalten Sie die besten Auto-Artikel kostenlos auf Facebook. Kommentare
</post>
<signature>

</signature>
<external_links>

</external_links>
<country>DE</country>
<main_image>http://blob.freent.de/image/5435462/460x307/460/307/117efeefeea2501b5b828c14f9f8a63/IZ/daniel-ricciardo---gp-spanien-2016-ams-mdb-948219-d41d8cd98f00b204e9800998ecf8427e-1.jpg</main_image>
</document>
