<?xml version="1.0" encoding="UTF-8"?>
<document>
<type>mainstream</type>
<forum>http://www.hukuki.net/haber/feed/</forum>
<forum_title>Hukuk Haber</forum_title>
<discussion_title>İstanbul’da askeri servis aracına bombalı saldırı</discussion_title>
<language>turkish</language>
<gmt_offset></gmt_offset>
<topic_url>http://www.hukuki.net/haber/istanbulda-askeri-servis-aracina-bombali-saldiri/</topic_url>
<topic_text>
Avukat Kavramlar &apos;Dünya &apos;kadın Bakanı Basın Başbakan başkan Başkanı başladı Büyük Cumhurbaşkanı daha değil Erdoğan etti genel Gül için IŞİD kabul kararı karşı KILIÇDAROĞLU kişi milletvekili milyon oldu POLİS resmi saldırı seçim sordu Suriye Türk Türkiye Türkiye&apos;de verdi yaralı Yardımcısı yeni yıl ziyaret çok çıktı ölü İstanbul İstanbul’da askeri servis aracına bombalı saldırı 
İstanbul Sancaktepe’de TSK personelini taşıyan servis aracının geçişi sırasında bombalı saldırı gerçekleştirildi. TSK, olayda iki askeri personelin hafif şekilde yaralandığını, dört personel ile araç şoförünün kontrol amaçlı tedavi edildiğini açıkladı. 
Orijinal haber kaynağı için; BBCTurkce.com | Haberler – Ana Sayfa İstanbul’da askeri servis aracına bombalı saldırı İlgili haberler:
</topic_text>
<spam_score>0.00</spam_score>
<post_num>1</post_num>
<post_id>post-1</post_id>
<post_url>http://www.hukuki.net/haber/istanbulda-askeri-servis-aracina-bombali-saldiri/</post_url>
<post_date>20160512</post_date>
<post_time>1607</post_time>
<username>Hukuk Haber</username>
<post>
Avukat Kavramlar &apos;Dünya &apos;kadın Bakanı Basın Başbakan başkan Başkanı başladı Büyük Cumhurbaşkanı daha değil Erdoğan etti genel Gül için IŞİD kabul kararı karşı KILIÇDAROĞLU kişi milletvekili milyon oldu POLİS resmi saldırı seçim sordu Suriye Türk Türkiye Türkiye&apos;de verdi yaralı Yardımcısı yeni yıl ziyaret çok çıktı ölü İstanbul İstanbul’da askeri servis aracına bombalı saldırı 
İstanbul Sancaktepe’de TSK personelini taşıyan servis aracının geçişi sırasında bombalı saldırı gerçekleştirildi. TSK, olayda iki askeri personelin hafif şekilde yaralandığını, dört personel ile araç şoförünün kontrol amaçlı tedavi edildiğini açıkladı. 
Orijinal haber kaynağı için; BBCTurkce.com | Haberler – Ana Sayfa İstanbul’da askeri servis aracına bombalı saldırı İlgili haberler:
</post>
<signature>

</signature>
<external_links>

</external_links>
<country>TR</country>
<main_image></main_image>
</document>
