<?xml version="1.0" encoding="UTF-8"?>
<document>
<type>mainstream</type>
<forum></forum>
<forum_title></forum_title>
<discussion_title>A un paso de los 400 jonrones Carlos Beltrán</discussion_title>
<language>spanish</language>
<gmt_offset></gmt_offset>
<topic_url>http://www.primerahora.com/deportes/beisbol/nota/aunpasodelos400jonronescarlosbeltran-1152906/</topic_url>
<topic_text>

El jardinero puertorriqueño de los Yankees de Nueva York, Carlos Beltrán, se colocó a un cuadrangular para llegar al hito de 400 batazos de cuatro esquinas en las Grandes Ligas. 
Sin embargo, ese jonrón no pudo evitar que los Yankees perdieran, 7-3, ante los Reales de Kansas City. 
El manatieño le conectó un batazo sólido a una recta, de 95 millas, lanzador dominicano de los Reales, Yordano Ventura, en la parte baja de la segunda entrada para llegar a los 399 cuadrangulares de #MLBxESPN pic.twitter.com/pjryKMWViE May 12, 2016 
Tras ganar los primeros dos juegos en esta serie de cuatro, los Yanquis esperaban hilar tres victorias consecutivas, algo que consiguieron por última vez entre el 1 y el 4 de septiembre. En este año tienen una foja de 0-5 cuando intentan hilvanar su tercer triunfo seguido. 
Por los Reales, Christian Colón se fue de 3-1 con una anotada. Por los Yanquis, Beltrán conectó de 
</topic_text>
<spam_score>0.00</spam_score>
<post_num>1</post_num>
<post_id>post-1</post_id>
<post_url>http://www.primerahora.com/deportes/beisbol/nota/aunpasodelos400jonronescarlosbeltran-1152906/</post_url>
<post_date>20160511</post_date>
<post_time></post_time>
<username></username>
<post>

El jardinero puertorriqueño de los Yankees de Nueva York, Carlos Beltrán, se colocó a un cuadrangular para llegar al hito de 400 batazos de cuatro esquinas en las Grandes Ligas. 
Sin embargo, ese jonrón no pudo evitar que los Yankees perdieran, 7-3, ante los Reales de Kansas City. 
El manatieño le conectó un batazo sólido a una recta, de 95 millas, lanzador dominicano de los Reales, Yordano Ventura, en la parte baja de la segunda entrada para llegar a los 399 cuadrangulares de #MLBxESPN pic.twitter.com/pjryKMWViE May 12, 2016 
Tras ganar los primeros dos juegos en esta serie de cuatro, los Yanquis esperaban hilar tres victorias consecutivas, algo que consiguieron por última vez entre el 1 y el 4 de septiembre. En este año tienen una foja de 0-5 cuando intentan hilvanar su tercer triunfo seguido. 
Por los Reales, Christian Colón se fue de 3-1 con una anotada. Por los Yanquis, Beltrán conectó de 
</post>
<signature>

</signature>
<external_links>

</external_links>
<country>US</country>
<main_image>http://rec-eph.gfrcdn.net/images/2016/05/11/carlos-beltran-bate.jpg</main_image>
</document>
