<?xml version="1.0" encoding="UTF-8"?>
<document>
<type>mainstream</type>
<forum></forum>
<forum_title></forum_title>
<discussion_title>Al cine Teatro Breve</discussion_title>
<language>spanish</language>
<gmt_offset></gmt_offset>
<topic_url>http://www.primerahora.com/entretenimiento/cine/nota/alcineteatrobreve-1152991/</topic_url>
<topic_text>

e ese “hashtag” muy popular entre los puertorriqueños que hacen uso de las redes sociales, una desmitificación del exotismo que bordea nuestras playas. 
“Es un poco cómo los diferentes personajes perciben esta idea paradisíaca”, comenta la actriz Marisé “Tata” Álvarez de lo que ocurrirá una vez todos coincidan en ese punto tan secreto y a la vez tan conocido por muchos. 
“Además de la crítica a la belleza y a las contradicciones de la Isla, vamos a ver las relaciones humanas y cómo estos personajes tan distintos se encuentran”, sostuvo. 
La obra reúne al elenco de Teatro Breve conformado por Lucienne Hernández, Juan Pablo Díaz, Lourdes Quiñones, Alejandro Carpio, Isel Rodríguez, Mikephillippe Oliveros, Roy Sánchez-Vahamonde y Tata Álvarez. Como invitada estará Ramón “Kiko” Núñez, del grupo de teatro Eso es. 
Esta gira de presentaciones es la antesala al décimo aniversario del grupo, ocasión que contemplan celebrar con una nueva obra que ubicará al público dentro un programa de televisión que ocurre en directo. 
Pero lo que, definitivamente, dará otra experiencia al talento de Teatro Breve es el traslado de su trabajo al cine. Álvarez adelantó ayer, miércoles, que los directores puertorriqueños Mariem Pérez y Carlitos Ruiz ya desarrollan la adaptación de “I Live Where You Vacation” para la pantalla grande. 
“Sería una maravilla. Hace tiempo tenemos muchos deseos de llevar alguno de nuestros trabajos al cine”, comentó la integrante del colectivo tras mencionar que también han tenido acercamientos del actor y director Israel Lugo para llevar otro de las piezas al séptimo arte. 
“Son colegas que admiramos, así que estamos locos por que se lleve una pieza al cine. Creo que todos nos sentimos así, sería una manera divertida (de exponernos)”. 
</topic_text>
<spam_score>0.00</spam_score>
<post_num>1</post_num>
<post_id>post-1</post_id>
<post_url>http://www.primerahora.com/entretenimiento/cine/nota/alcineteatrobreve-1152991/</post_url>
<post_date>20160512</post_date>
<post_time></post_time>
<username></username>
<post>

e ese “hashtag” muy popular entre los puertorriqueños que hacen uso de las redes sociales, una desmitificación del exotismo que bordea nuestras playas. 
“Es un poco cómo los diferentes personajes perciben esta idea paradisíaca”, comenta la actriz Marisé “Tata” Álvarez de lo que ocurrirá una vez todos coincidan en ese punto tan secreto y a la vez tan conocido por muchos. 
“Además de la crítica a la belleza y a las contradicciones de la Isla, vamos a ver las relaciones humanas y cómo estos personajes tan distintos se encuentran”, sostuvo. 
La obra reúne al elenco de Teatro Breve conformado por Lucienne Hernández, Juan Pablo Díaz, Lourdes Quiñones, Alejandro Carpio, Isel Rodríguez, Mikephillippe Oliveros, Roy Sánchez-Vahamonde y Tata Álvarez. Como invitada estará Ramón “Kiko” Núñez, del grupo de teatro Eso es. 
Esta gira de presentaciones es la antesala al décimo aniversario del grupo, ocasión que contemplan celebrar con una nueva obra que ubicará al público dentro un programa de televisión que ocurre en directo. 
Pero lo que, definitivamente, dará otra experiencia al talento de Teatro Breve es el traslado de su trabajo al cine. Álvarez adelantó ayer, miércoles, que los directores puertorriqueños Mariem Pérez y Carlitos Ruiz ya desarrollan la adaptación de “I Live Where You Vacation” para la pantalla grande. 
“Sería una maravilla. Hace tiempo tenemos muchos deseos de llevar alguno de nuestros trabajos al cine”, comentó la integrante del colectivo tras mencionar que también han tenido acercamientos del actor y director Israel Lugo para llevar otro de las piezas al séptimo arte. 
“Son colegas que admiramos, así que estamos locos por que se lleve una pieza al cine. Creo que todos nos sentimos así, sería una manera divertida (de exponernos)”. 
</post>
<signature>

</signature>
<external_links>

</external_links>
<country>US</country>
<main_image>http://rec-eph.gfrcdn.net/images/2016/05/12/crop_breve150324.jpg</main_image>
</document>
