<?xml version="1.0" encoding="UTF-8"?>
<document>
<type>mainstream</type>
<forum>http://feeds.feedburner.com/vecherka</forum>
<forum_title>Вечерний Харьков</forum_title>
<discussion_title>Том Харди снимется в восьмых «Звездных войнах»</discussion_title>
<language>russian</language>
<gmt_offset></gmt_offset>
<topic_url>http://vecherniy.kharkov.ua/news/119578/</topic_url>
<topic_text>
45 / Том Харди снимется в восьмых «Звездных войнах» 12 мая 2016 г. 0 0 Актер Том Харди появится в восьмом эпизоде киноэпопеи «Звездные войны». Пока неизвестно, какая роль ему досталась, но она, скорее всего, незначительная — актер, к примеру, может предстать в образе штурмовика Первого Ордена. 
Отмечается, что возможный персонаж Харди — лучший друг бывшего штурмовика Финна, с которым они учились в военной академии. Он не знает, что приятель сбежал и примкнул к Сопротивлению, и уверен, что тот выполняет особое задание в стане врага. «Звездных войн» намечена на декабрь 2017 года. Названия он пока не получил. К своим ролям вернутся актеры, сыгравшие в предыдущем фильме «Звездные войны: Пробуждение силы» Джон Бойега (Финн), Дэйзи Ридли (Рей), Адам Драйвер (Кайло Рен) и Оскар Айзек (По Дэмерон). В серии впервые появится Бенисио дель Торо. 
«Пробуждении силы» такую же роль исполнил Дэниел Крэйг. 
Съемки восьмого эпизода «Звездных войн» проходят в британской студии Pinewood недалеко от Лондона. Работу закончат через несколько месяцев, после чего перейдут к монтажу.
</topic_text>
<spam_score>0.00</spam_score>
<post_num>1</post_num>
<post_id>post-1</post_id>
<post_url>http://vecherniy.kharkov.ua/news/119578/</post_url>
<post_date>20160512</post_date>
<post_time>1442</post_time>
<username>WebMaster@vecherniy.kharkov.ua</username>
<post>
45 / Том Харди снимется в восьмых «Звездных войнах» 12 мая 2016 г. 0 0 Актер Том Харди появится в восьмом эпизоде киноэпопеи «Звездные войны». Пока неизвестно, какая роль ему досталась, но она, скорее всего, незначительная — актер, к примеру, может предстать в образе штурмовика Первого Ордена. 
Отмечается, что возможный персонаж Харди — лучший друг бывшего штурмовика Финна, с которым они учились в военной академии. Он не знает, что приятель сбежал и примкнул к Сопротивлению, и уверен, что тот выполняет особое задание в стане врага. «Звездных войн» намечена на декабрь 2017 года. Названия он пока не получил. К своим ролям вернутся актеры, сыгравшие в предыдущем фильме «Звездные войны: Пробуждение силы» Джон Бойега (Финн), Дэйзи Ридли (Рей), Адам Драйвер (Кайло Рен) и Оскар Айзек (По Дэмерон). В серии впервые появится Бенисио дель Торо. 
«Пробуждении силы» такую же роль исполнил Дэниел Крэйг. 
Съемки восьмого эпизода «Звездных войн» проходят в британской студии Pinewood недалеко от Лондона. Работу закончат через несколько месяцев, после чего перейдут к монтажу.
</post>
<signature>

</signature>
<external_links>

</external_links>
<country>UA</country>
<main_image>http://vecherniy.kharkov.ua/images/news/121246.jpg</main_image>
</document>
