<?xml version="1.0" encoding="UTF-8"?>
<document>
<type>mainstream</type>
<forum>http://www.hukuki.net/haber/feed/</forum>
<forum_title>Hukuk Haber</forum_title>
<discussion_title>“Terör Örgütüne Hangi Gözle Bakıyorsak, Onların Tezlerini Savunanlara da Aynı Gözle Bakarız”</discussion_title>
<language>turkish</language>
<gmt_offset></gmt_offset>
<topic_url>http://www.hukuki.net/haber/teror-orgutune-hangi-gozle-bakiyorsak-onlarin-tezlerini-savunanlara-da-ayni-gozle-bakariz/</topic_url>
<topic_text>
Avukat Kavramlar &apos;Dünya &apos;kadın Bakanı Basın Başbakan başkan Başkanı başladı Büyük Cumhurbaşkanı daha değil Erdoğan etti genel Gül için IŞİD kabul kararı karşı KILIÇDAROĞLU kişi milletvekili milyon oldu POLİS resmi saldırı seçim sordu Suriye Türk Türkiye Türkiye&apos;de verdi yaralı Yardımcısı yeni yıl ziyaret çok çıktı ölü İstanbul “Terör Örgütüne Hangi Gözle Bakıyorsak, Onların Tezlerini Savunanlara da Aynı Gözle Bakarız” 
Türk Siyasi Tarihinde Yerli ve Millî İrade Konferansı’nda konuşan Cumhurbaşkanı Erdoğan, “Avrupa Birliği’nin tavrını görüyorsunuz. Neymiş efendim, terörle mücadeledeki, terör örgütü konusundaki tavrımızı yumuşatmalıymışız. Siz ne zamandan beri Türkiye’yi idare etmeye başladınız, kim size bu yetkiyi verdi?” dedi. 
Orijinal haber kaynağı için; Haberler RSS “Terör Örgütüne Hangi Gözle Bakıyorsak, Onların Tezlerini Savunanlara da Aynı Gözle Bakarız” İlgili haberler: 31 Temmuz 2014
</topic_text>
<spam_score>0.00</spam_score>
<post_num>1</post_num>
<post_id>post-1</post_id>
<post_url>http://www.hukuki.net/haber/teror-orgutune-hangi-gozle-bakiyorsak-onlarin-tezlerini-savunanlara-da-ayni-gozle-bakariz/</post_url>
<post_date>20160512</post_date>
<post_time>1609</post_time>
<username>Hukuk Haber</username>
<post>
Avukat Kavramlar &apos;Dünya &apos;kadın Bakanı Basın Başbakan başkan Başkanı başladı Büyük Cumhurbaşkanı daha değil Erdoğan etti genel Gül için IŞİD kabul kararı karşı KILIÇDAROĞLU kişi milletvekili milyon oldu POLİS resmi saldırı seçim sordu Suriye Türk Türkiye Türkiye&apos;de verdi yaralı Yardımcısı yeni yıl ziyaret çok çıktı ölü İstanbul “Terör Örgütüne Hangi Gözle Bakıyorsak, Onların Tezlerini Savunanlara da Aynı Gözle Bakarız” 
Türk Siyasi Tarihinde Yerli ve Millî İrade Konferansı’nda konuşan Cumhurbaşkanı Erdoğan, “Avrupa Birliği’nin tavrını görüyorsunuz. Neymiş efendim, terörle mücadeledeki, terör örgütü konusundaki tavrımızı yumuşatmalıymışız. Siz ne zamandan beri Türkiye’yi idare etmeye başladınız, kim size bu yetkiyi verdi?” dedi. 
Orijinal haber kaynağı için; Haberler RSS “Terör Örgütüne Hangi Gözle Bakıyorsak, Onların Tezlerini Savunanlara da Aynı Gözle Bakarız” İlgili haberler: 31 Temmuz 2014
</post>
<signature>

</signature>
<external_links>

</external_links>
<country>TR</country>
<main_image></main_image>
</document>
