<?xml version="1.0" encoding="UTF-8"?>
<document>
<type>mainstream</type>
<forum>http://rssfeeds.9news.com/_/20/107322240/kusa-entertainment</forum>
<forum_title>KUSA - Entertainment</forum_title>
<discussion_title>Details revealed of Dolly NBC sequel</discussion_title>
<language>english</language>
<gmt_offset></gmt_offset>
<topic_url>http://www.9news.com/news/local/details-revealed-for-coat-of-many-colors-nbc-sequel/185499521</topic_url>
<topic_text>
Details of Coat of Many Colors TV sequel revealed Meet the people bringing Dolly Parton&apos;s childhood to live in the NBC movie &quot;Coat of Many Colors.&quot; Andrew Weil, WBIR 1:04 PM. MDT May 11, 2016 DOLLY PARTON&quot;S COAT OF MANY COLORS -- &quot;Dolly Parton&apos;s Coat of Many Colors&quot; -- Pictured: Alyvia Alyn Lind as Dolly Parton. (Photo: Quantrell Colbert/NBC) 
The next chapter showcasing the life of young Dolly Parton is coming to NBC later this year. 
The network officially announced details Wednesday about &apos;Dolly Parton&apos;s Christmas of Many Colors: Circle of Love.&apos; 
The film is a sequel to &apos;Coat of Many Colors,&apos; which debuted last December to nearly 16 million viewers. 
The original cast will be returning for the sequel including Jennifer Nettles as Dolly&apos;s mom, Ricky Schroder as Robert Lee Parton, and Alyvia Alyn Lind as young Dolly Parton. 
&quot;It felt like a no-brainer to bring this talented cast back together and tell another compelling holiday story culled from Dolly’s own life growing up in the Smoky Mountains of Tennessee, said Robert Greenblatt, Chairman of NBC Entertainment. &quot;Her spirit and belief in God — and her music — will infuse this movie with the true spirit of Dolly Parton.”
</topic_text>
<spam_score>0.00</spam_score>
<post_num>1</post_num>
<post_id>post-1</post_id>
<post_url>http://www.9news.com/news/local/details-revealed-for-coat-of-many-colors-nbc-sequel/185499521</post_url>
<post_date>20160511</post_date>
<post_time>1904</post_time>
<username>Andrew Weil</username>
<post>
Details of Coat of Many Colors TV sequel revealed Meet the people bringing Dolly Parton&apos;s childhood to live in the NBC movie &quot;Coat of Many Colors.&quot; Andrew Weil, WBIR 1:04 PM. MDT May 11, 2016 DOLLY PARTON&quot;S COAT OF MANY COLORS -- &quot;Dolly Parton&apos;s Coat of Many Colors&quot; -- Pictured: Alyvia Alyn Lind as Dolly Parton. (Photo: Quantrell Colbert/NBC) 
The next chapter showcasing the life of young Dolly Parton is coming to NBC later this year. 
The network officially announced details Wednesday about &apos;Dolly Parton&apos;s Christmas of Many Colors: Circle of Love.&apos; 
The film is a sequel to &apos;Coat of Many Colors,&apos; which debuted last December to nearly 16 million viewers. 
The original cast will be returning for the sequel including Jennifer Nettles as Dolly&apos;s mom, Ricky Schroder as Robert Lee Parton, and Alyvia Alyn Lind as young Dolly Parton. 
&quot;It felt like a no-brainer to bring this talented cast back together and tell another compelling holiday story culled from Dolly’s own life growing up in the Smoky Mountains of Tennessee, said Robert Greenblatt, Chairman of NBC Entertainment. &quot;Her spirit and belief in God — and her music — will infuse this movie with the true spirit of Dolly Parton.”
</post>
<signature>

</signature>
<external_links>

</external_links>
<country>US</country>
<main_image>http://content.wbir.com/photo/2015/12/09/635852654086318840-NUP-170565-3657_14731_ver1.0_640_360.JPG</main_image>
</document>
