<?xml version="1.0" encoding="UTF-8"?>
<document>
<type>mainstream</type>
<forum></forum>
<forum_title></forum_title>
<discussion_title>Joven transmite su suicidio por Periscope</discussion_title>
<language>spanish</language>
<gmt_offset></gmt_offset>
<topic_url>http://www.primerahora.com/noticias/mundo/nota/joventransmitesusuicidioporperiscope-1152909/</topic_url>
<topic_text>
Por Prensa Asociada 
Las autoridades francesas investigan el caso de una adolescente que al parecer transmitió su suicidio en vivo en la popular aplicación Periscope. 
La fiscalía informó el miércoles que la joven se arrojó debajo de un tren de pasajeros en la estación suburbana de Egly, al sur de París. 
&quot;Supuestamente también formuló declaraciones a usuarios de internet por medio de la aplicación Periscope para explicar su acción&quot;, dijo el fiscal. La declaración agregó que la mujer nació en 1997, lo que significa que tenía entre 18 y 19 años. 

El video fue retirado de la aplicación, pero usuarios de YouTube compartieron lo que dijeron eran algunos pasajes, sin incluir la escena del suicidio. Muestran a una joven con cabello negro largo que dice: &quot;El video que estoy grabando ahora tiene el propósito de hacer que la gente reaccione, tener mentalidad abierta, nada más&quot;. 
No fue posible confirmar si la mujer en esos pasajes es quien se suicidó. 
Periscope, propiedad de Twitter, no formuló comentarios públicamente. 
Twitter, Facebook, YouTube y otras empresas de redes sociales dicen que se esfuerzan por retirar los videos que glorifican la violencia. Pero el ritmo vertiginoso de la tecnología moderna, especialmente los servicios que permiten que la gente transmita en vivo desde cualquier sitio, significa que es difícil controlar todo a toda hora. 
</topic_text>
<spam_score>0.00</spam_score>
<post_num>1</post_num>
<post_id>post-1</post_id>
<post_url>http://www.primerahora.com/noticias/mundo/nota/joventransmitesusuicidioporperiscope-1152909/</post_url>
<post_date>20160511</post_date>
<post_time></post_time>
<username></username>
<post>
Por Prensa Asociada 
Las autoridades francesas investigan el caso de una adolescente que al parecer transmitió su suicidio en vivo en la popular aplicación Periscope. 
La fiscalía informó el miércoles que la joven se arrojó debajo de un tren de pasajeros en la estación suburbana de Egly, al sur de París. 
&quot;Supuestamente también formuló declaraciones a usuarios de internet por medio de la aplicación Periscope para explicar su acción&quot;, dijo el fiscal. La declaración agregó que la mujer nació en 1997, lo que significa que tenía entre 18 y 19 años. 

El video fue retirado de la aplicación, pero usuarios de YouTube compartieron lo que dijeron eran algunos pasajes, sin incluir la escena del suicidio. Muestran a una joven con cabello negro largo que dice: &quot;El video que estoy grabando ahora tiene el propósito de hacer que la gente reaccione, tener mentalidad abierta, nada más&quot;. 
No fue posible confirmar si la mujer en esos pasajes es quien se suicidó. 
Periscope, propiedad de Twitter, no formuló comentarios públicamente. 
Twitter, Facebook, YouTube y otras empresas de redes sociales dicen que se esfuerzan por retirar los videos que glorifican la violencia. Pero el ritmo vertiginoso de la tecnología moderna, especialmente los servicios que permiten que la gente transmita en vivo desde cualquier sitio, significa que es difícil controlar todo a toda hora. 
</post>
<signature>

</signature>
<external_links>

</external_links>
<country>US</country>
<main_image>http://rec-eph.gfrcdn.net/images/2016/05/11/france-periscope-suicide.jpg</main_image>
</document>
