<?xml version="1.0" encoding="UTF-8"?>
<document>
<type>mainstream</type>
<forum></forum>
<forum_title></forum_title>
<discussion_title>What NRIs need to know about investing in MFs in India - What NRIs need to know about investing in mutual funds in India | The Economic Times</discussion_title>
<language>english</language>
<gmt_offset></gmt_offset>
<topic_url>http://economictimes.indiatimes.com/slideshows/nri/what-nris-need-to-know-about-investing-in-mutual-funds-in-india/what-nris-need-to-know-about-investing-in-mfs-in-india/slideshow/48313610.cms</topic_url>
<topic_text>
What NRIs need to know about investing in mutual funds in India 1/7 What NRIs need to know about investing in MFs in India 2 Aug, 2015 Text: Centre for Investment Education and Learning, contributions by Girija Gadre, Arti Bhargava and Labdhi Mehta An Indian citizen or a person of Indian origin residing out of India is termed a Non resident Indian (NRI).NRIs are allowed to invest in mutual funds in India on a repatriable or non-repatriable basis subject to regulations prescribed under the Foreign Exchange Management Act (FEMA). 
</topic_text>
<spam_score>0.00</spam_score>
<post_num>1</post_num>
<post_id>post-1</post_id>
<post_url>http://economictimes.indiatimes.com/slideshows/nri/what-nris-need-to-know-about-investing-in-mutual-funds-in-india/what-nris-need-to-know-about-investing-in-mfs-in-india/slideshow/48313610.cms</post_url>
<post_date>20150802</post_date>
<post_time></post_time>
<username></username>
<post>
What NRIs need to know about investing in mutual funds in India 1/7 What NRIs need to know about investing in MFs in India 2 Aug, 2015 Text: Centre for Investment Education and Learning, contributions by Girija Gadre, Arti Bhargava and Labdhi Mehta An Indian citizen or a person of Indian origin residing out of India is termed a Non resident Indian (NRI).NRIs are allowed to invest in mutual funds in India on a repatriable or non-repatriable basis subject to regulations prescribed under the Foreign Exchange Management Act (FEMA). 
</post>
<signature>

</signature>
<external_links>

</external_links>
<country>IL</country>
<main_image>http://economictimes.indiatimes.com/thumb/msid-48313610,width-640,resizemode-4/slideshows/nri/what-nris-need-to-know-about-investing-in-mutual-funds-in-india/what-nris-need-to-know-about-investing-in-mfs-in-india.jpg</main_image>
</document>
