<?xml version="1.0" encoding="UTF-8"?>
<document>
<type>mainstream</type>
<forum>http://www.postandcourier.com/apps/pbcs.dll/section?Category=PC16&amp;template=rss&amp;mime=XML</forum>
<forum_title>News</forum_title>
<discussion_title>Family of librarian killed in Emanuel AME shooting launches literacy effort</discussion_title>
<language>english</language>
<gmt_offset></gmt_offset>
<topic_url>http://www.postandcourier.com/20160512/160519803/family-of-librarian-killed-in-emanuel-ame-shooting-launches-literacy-effort&amp;ampsource=RSS</topic_url>
<topic_text>
May 12 2016 10:05 am May 12 12:14 pm Librarian Cynthia Graham Hurd was killed during a Bible study at Emanuel AME Church last June. FILE/GRACE BEAHM/STAFF × When Cynthia Graham Hurd’s four brothers raced outside to play in their free time, she’d park herself on the front porch of their downtown Charleston home with a good book. 
Charleston County Public Library locations 
Dorchester Road Regional Library: 6325 Dorchester Road, 843-552-6466 
Hurd/St. Andrews Regional Library: 1735 N. Woodmere Drive, 843-766-2546 
John’s Island Regional Library: 3531 Maybank Highway, 843-559-1945 
Main Library: 68 Calhoun Street, 843-805-6930 
Mt. Pleasant Regional Library: 1133 Mathis Ferry Road, 843-849-6161 
Otranto Road Regional Library: 2261 Otranto Road, 843-572-4094 On Thursday, almost a year after she was killed with eight others at Emanuel AME Church, those brothers announced the creation of a literacy foundation to honor the woman who grew up to spend 31 years as a librarian and branch manager in the Charleston County Public Library system. “Cynthia loved reading and sharing literacy with people of all ages,” her younger brother Malcolm Graham said. “This is about creating who Cynthia was in life.” The Cynthia Graham Hurd Foundation for Reading &amp; Civic Engagement will work to promote literacy and a love of reading, particularly among low-income children. The foundation’s first big effort is a two-city book drive in Charleston and Charlotte during June, the month of Hurd’s birthday. She died four days before turning 55. A lack of books at home contributes to huge reading disparities between upper- and lower-income children. About 80 percent of fourth graders from low-income families in South Carolina cannot read at grade level, said Kecia Greenho, executive director of the national nonprofit Reading Partners. “That is a staggering number,” said Greenho, whose group is working with the new Hurd foundation in their common quest to help struggling readers. Hurd’s brother Melvin Graham compared his sister’s life to the classic children’s book, “The Giving Tree,” about a tree that provides everything, even its life, to help a child. “The tree gave and gave and gave,” Melvin Graham said. “That’s how we describe Cynthia.” The brothers and Hurd’s sister, Averill “Jackie” Graham Jones, will serve on the foundation’s board without pay. They donated $5,000 and 315 books to kick it off. To help with the book drive, drop off donations at any Charleston County Public Library location. Reach Jennifer Hawes at (843) 937-5563 or follow her on Twitter at @JenBerryHawes. Enlarge Cynthia Graham Hurd&apos;s brothers gathered at the Charleston County Library Thursday to announce the formation of a literacy foundation they created in the librarian&apos;s name. Malcolm Graham, speaking, is joined by her other three brothers (from left) Robert Moultrie, Gilbert Moultrie and Melvin Graham. (Photo by Jennifer Berry Hawes) 
Cynthia Graham Hurd&apos;s brothers gathered at the Charleston County Library Thursday to announce the formation of a literacy foundation they created in the librarian&apos;s name. Malcolm Graham, speaking, is joined by her other three brothers (from left) Robert Moultrie, Gilbert Moultrie and Melvin Graham. (Photo by Jennifer Berry Hawes) × Keywords Most Popular
</topic_text>
<spam_score>0.00</spam_score>
<post_num>1</post_num>
<post_id>post-1</post_id>
<post_url>http://www.postandcourier.com/20160512/160519803/family-of-librarian-killed-in-emanuel-ame-shooting-launches-literacy-effort&amp;ampsource=RSS</post_url>
<post_date>20160512</post_date>
<post_time>1505</post_time>
<username></username>
<post>
May 12 2016 10:05 am May 12 12:14 pm Librarian Cynthia Graham Hurd was killed during a Bible study at Emanuel AME Church last June. FILE/GRACE BEAHM/STAFF × When Cynthia Graham Hurd’s four brothers raced outside to play in their free time, she’d park herself on the front porch of their downtown Charleston home with a good book. 
Charleston County Public Library locations 
Dorchester Road Regional Library: 6325 Dorchester Road, 843-552-6466 
Hurd/St. Andrews Regional Library: 1735 N. Woodmere Drive, 843-766-2546 
John’s Island Regional Library: 3531 Maybank Highway, 843-559-1945 
Main Library: 68 Calhoun Street, 843-805-6930 
Mt. Pleasant Regional Library: 1133 Mathis Ferry Road, 843-849-6161 
Otranto Road Regional Library: 2261 Otranto Road, 843-572-4094 On Thursday, almost a year after she was killed with eight others at Emanuel AME Church, those brothers announced the creation of a literacy foundation to honor the woman who grew up to spend 31 years as a librarian and branch manager in the Charleston County Public Library system. “Cynthia loved reading and sharing literacy with people of all ages,” her younger brother Malcolm Graham said. “This is about creating who Cynthia was in life.” The Cynthia Graham Hurd Foundation for Reading &amp; Civic Engagement will work to promote literacy and a love of reading, particularly among low-income children. The foundation’s first big effort is a two-city book drive in Charleston and Charlotte during June, the month of Hurd’s birthday. She died four days before turning 55. A lack of books at home contributes to huge reading disparities between upper- and lower-income children. About 80 percent of fourth graders from low-income families in South Carolina cannot read at grade level, said Kecia Greenho, executive director of the national nonprofit Reading Partners. “That is a staggering number,” said Greenho, whose group is working with the new Hurd foundation in their common quest to help struggling readers. Hurd’s brother Melvin Graham compared his sister’s life to the classic children’s book, “The Giving Tree,” about a tree that provides everything, even its life, to help a child. “The tree gave and gave and gave,” Melvin Graham said. “That’s how we describe Cynthia.” The brothers and Hurd’s sister, Averill “Jackie” Graham Jones, will serve on the foundation’s board without pay. They donated $5,000 and 315 books to kick it off. To help with the book drive, drop off donations at any Charleston County Public Library location. Reach Jennifer Hawes at (843) 937-5563 or follow her on Twitter at @JenBerryHawes. Enlarge Cynthia Graham Hurd&apos;s brothers gathered at the Charleston County Library Thursday to announce the formation of a literacy foundation they created in the librarian&apos;s name. Malcolm Graham, speaking, is joined by her other three brothers (from left) Robert Moultrie, Gilbert Moultrie and Melvin Graham. (Photo by Jennifer Berry Hawes) 
Cynthia Graham Hurd&apos;s brothers gathered at the Charleston County Library Thursday to announce the formation of a literacy foundation they created in the librarian&apos;s name. Malcolm Graham, speaking, is joined by her other three brothers (from left) Robert Moultrie, Gilbert Moultrie and Melvin Graham. (Photo by Jennifer Berry Hawes) × Keywords Most Popular
</post>
<signature>

</signature>
<external_links>

</external_links>
<country>US</country>
<main_image>http://www.postandcourier.com/storyimage/CP/20160512/PC16/160519803/AR/0/AR-160519803.jpg</main_image>
</document>
