<?xml version="1.0" encoding="UTF-8"?>
<document>
<type>mainstream</type>
<forum>http://www.cbs8.com/category/307361/business-wire</forum>
<forum_title>Business Wire - CBS News 8 - San Diego, CA News Station - KFMB Channel 8</forum_title>
<discussion_title>NexPlayer SDK now Supporting Amazon Fling</discussion_title>
<language>english</language>
<gmt_offset></gmt_offset>
<topic_url>http://www.cbs8.com/story/31956905/nexplayer-sdk-now-supporting-amazon-fling</topic_url>
<topic_text>
MADRID --(BUSINESS WIRE) NexStreaming (KOSDAQ:139670) announced today that it has added support for Amazon Fling to its NexPlayer SDK for Amazon Fire TV.
From now on, video service providers will be able to provide Amazon Fire TV Customers with the best HD quality video by integrating NexPlayer SDK with Fling in their mobile apps. This product upgrade allows users to send video from mobile apps powered by NexPlayer SDK to Amazon TV boxes, building an engaging multiscreen experience.
NexPlayer SDK with Fling will still support the most advanced playback features such as time shifting, close captioning, multiple audio tracks and offline playback. The HLS version of NexPlayer SDK is known for providing the best ABR experience in the market and it can be easily integrated into any Android or iOS application.
Carlos Lucas, VP at NexStreaming said: “Our customers will now be able to reproduce their mobile services on large TV screens thanks to the pre-integration of Amazon Fling with NexPlayer SDK. This is aligned with our strategy to extend the number of use cases and platforms where our customers can provide advanced video services with the best video quality”.
About NexStreaming
NexStreaming is a global mobile software company with Headquarters in Seoul (Korea) and branches in Spain, US, Taiwan, Japan and China. NexStreaming is known for its excellent customer support and highly competitive time to market. The flagship product is NexPlayer SDK, an HLS player SDK integrated in the mobile apps of more than 200 premium video service providers around the globe. NexPlayer SDK secures the best user experience in ALL Android and iOS devices.
NexStreaming is a publicly traded company listed on the Korean stock market, KOSDAQ 139670. For more information, visit www.nexstreaming.com
 //www.businesswire.com/news/home/20160512005728/en/
NexStreaming
Jorge Herrero
jorge.herrero@nexstreaming.com
 
</topic_text>
<spam_score>0.00</spam_score>
<post_num>1</post_num>
<post_id>post-1</post_id>
<post_url>http://www.cbs8.com/story/31956905/nexplayer-sdk-now-supporting-amazon-fling</post_url>
<post_date>20160512</post_date>
<post_time>1021</post_time>
<username>cbs8</username>
<post>
MADRID --(BUSINESS WIRE) NexStreaming (KOSDAQ:139670) announced today that it has added support for Amazon Fling to its NexPlayer SDK for Amazon Fire TV.
From now on, video service providers will be able to provide Amazon Fire TV Customers with the best HD quality video by integrating NexPlayer SDK with Fling in their mobile apps. This product upgrade allows users to send video from mobile apps powered by NexPlayer SDK to Amazon TV boxes, building an engaging multiscreen experience.
NexPlayer SDK with Fling will still support the most advanced playback features such as time shifting, close captioning, multiple audio tracks and offline playback. The HLS version of NexPlayer SDK is known for providing the best ABR experience in the market and it can be easily integrated into any Android or iOS application.
Carlos Lucas, VP at NexStreaming said: “Our customers will now be able to reproduce their mobile services on large TV screens thanks to the pre-integration of Amazon Fling with NexPlayer SDK. This is aligned with our strategy to extend the number of use cases and platforms where our customers can provide advanced video services with the best video quality”.
About NexStreaming
NexStreaming is a global mobile software company with Headquarters in Seoul (Korea) and branches in Spain, US, Taiwan, Japan and China. NexStreaming is known for its excellent customer support and highly competitive time to market. The flagship product is NexPlayer SDK, an HLS player SDK integrated in the mobile apps of more than 200 premium video service providers around the globe. NexPlayer SDK secures the best user experience in ALL Android and iOS devices.
NexStreaming is a publicly traded company listed on the Korean stock market, KOSDAQ 139670. For more information, visit www.nexstreaming.com
 //www.businesswire.com/news/home/20160512005728/en/
NexStreaming
Jorge Herrero
jorge.herrero@nexstreaming.com
 
</post>
<signature>

</signature>
<external_links>
<external_link>http://www.businesswire.com/news/home/20160512005728/en/</external_link><external_link>http://cts.businesswire.com/ct/CT?id=smartlink&amp;url=http%3A%2F%2Fwww.nexstreaming.com&amp;esheet=51341150&amp;newsitemid=20160512005728&amp;lan=en-US&amp;anchor=www.nexstreaming.com&amp;index=1&amp;md5=9a403786cfa26fb8b8261badbe0becea</external_link><external_link>http://purl.org/rss/1.0/modules/content/</external_link><external_link>http://cts.businesswire.com/ct/CT?id=bwnews&amp;sty=20160512005728r1&amp;sid=56987&amp;distro=ftp</external_link>
</external_links>
<country>US</country>
<main_image>http://businesswire.images.worldnow.com/images/10540229_G.jpg</main_image>
</document>
