<?xml version="1.0" encoding="UTF-8"?>
<document>
<type>mainstream</type>
<forum>http://wn.com/Lara_Dutta?upload_time=all_time&amp;orderby=published</forum>
<forum_title>Lara Dutta</forum_title>
<discussion_title>Dutta to play lawyer in Emraan Hashmi starrer Azhar</discussion_title>
<language>english</language>
<gmt_offset>0</gmt_offset>
<topic_url>http://article.wn.com/view/2016/03/29/Lara_Dutta_to_play_lawyer_in_Emraan_Hashmi_starrer_Azhar/</topic_url>
<topic_text>
Lara Dutta , who has played many roles onscreen, will now be seen as a no-nonsense lawyer in the upcoming film Azhar starring Emraan Hashmi in the lead role.
Lara Dutta, who has played many roles onscreen, will now be seen as a
</topic_text>
<spam_score>0.00</spam_score>
<post_num>1</post_num>
<post_id>post-1</post_id>
<post_url>http://article.wn.com/view/2016/03/29/Lara_Dutta_to_play_lawyer_in_Emraan_Hashmi_starrer_Azhar/</post_url>
<post_date>20160329</post_date>
<post_time></post_time>
<username>wn.com</username>
<post>
Lara Dutta , who has played many roles onscreen, will now be seen as a no-nonsense lawyer in the upcoming film Azhar starring Emraan Hashmi in the lead role.
Lara Dutta, who has played many roles onscreen, will now be seen as a
</post>
<signature>

</signature>
<external_links>

</external_links>
<country>GB</country>
<main_image>http://i.ytimg.com/vi/BeFSMnuNh2I/0.jpg</main_image>
</document>
