<?xml version="1.0" encoding="UTF-8"?>
<document>
<type>mainstream</type>
<forum>http://feeds.feedburner.com/vecherka</forum>
<forum_title>Вечерний Харьков</forum_title>
<discussion_title>Украинские пограничники объявили в своих рядах операцию «Чистые руки»</discussion_title>
<language>russian</language>
<gmt_offset></gmt_offset>
<topic_url>http://vecherniy.kharkov.ua/news/119619/</topic_url>
<topic_text>
/ Государственная пограничная служба начинает операцию &quot;Чистые руки&quot; для окончательного искоренения коррупции среди сотрудников ведомства. &quot;С учетом новых угроз, Госпогранслужба начинает операцию &quot;Чистые руки&quot;, которая направлена на выявление и окончательное искоренение коррупционных схем и отдельных коррупционеров в своих рядах. Операция предусматривает ряд мероприятий, среди которых и внезапные проверки в пунктах пропуска, полная замена состава смен пограничных нарядов, активизация взаимодействия с коллегами из других правоохранительных органов и другое&quot;, - заявил пресс-секретарь ведомства Олег Слободян. Он также отметил, что только в 2016 году было выявлено 26 преступлений, которые содержат признаки коррупции.&quot;По результатам проверок за различные нарушения из ведомства по негативным статьям уволено 337 человек, в том числе 248 - за служебное несоответствие, 13 - с лишением воинского звания, 240 привлечены к административной ответственности&quot;, - отметил Слободян.
</topic_text>
<spam_score>0.00</spam_score>
<post_num>1</post_num>
<post_id>post-1</post_id>
<post_url>http://vecherniy.kharkov.ua/news/119619/</post_url>
<post_date>20160512</post_date>
<post_time>1518</post_time>
<username>WebMaster@vecherniy.kharkov.ua</username>
<post>
/ Государственная пограничная служба начинает операцию &quot;Чистые руки&quot; для окончательного искоренения коррупции среди сотрудников ведомства. &quot;С учетом новых угроз, Госпогранслужба начинает операцию &quot;Чистые руки&quot;, которая направлена на выявление и окончательное искоренение коррупционных схем и отдельных коррупционеров в своих рядах. Операция предусматривает ряд мероприятий, среди которых и внезапные проверки в пунктах пропуска, полная замена состава смен пограничных нарядов, активизация взаимодействия с коллегами из других правоохранительных органов и другое&quot;, - заявил пресс-секретарь ведомства Олег Слободян. Он также отметил, что только в 2016 году было выявлено 26 преступлений, которые содержат признаки коррупции.&quot;По результатам проверок за различные нарушения из ведомства по негативным статьям уволено 337 человек, в том числе 248 - за служебное несоответствие, 13 - с лишением воинского звания, 240 привлечены к административной ответственности&quot;, - отметил Слободян.
</post>
<signature>

</signature>
<external_links>

</external_links>
<country>UA</country>
<main_image>http://vecherniy.kharkov.ua/images/news/121288.jpg</main_image>
</document>
