<?xml version="1.0" encoding="UTF-8"?>
<document>
<type>mainstream</type>
<forum></forum>
<forum_title></forum_title>
<discussion_title>Esta es la razón por la que Facebook eliminó la flor morada</discussion_title>
<language>spanish</language>
<gmt_offset></gmt_offset>
<topic_url>http://www.primerahora.com/noticias/tecnologia/nota/estaeslarazonporlaquefacebookeliminolaflormorada-1152907/</topic_url>
<topic_text>
Por El Comercio / Perú / GDA La flor morada es la primera reacción temporal que incorporó Facebook. (Facebook) 
Me enorgullece, pero solo por un día. El domingo último, Facebook introdujo un séptimo sentimiento a su lista de opciones de Reactions. Se trató de una flor morada que enunciaba &apos;me enorgullece&apos;. 
Sin embargo, la nueva incorporación fue flor de un solo día. Así como vino se fue. Pero por qué Facebook tomó esta decisión. ¿Una empresa son su experiencia experimentó un repentino cambio de decisión? 
La verdad de la flor morada es que solo se trató de un cambio temporal para celebrar el Día de la Madre. En 80 países del mundo se honraron a las mamás, como cada segundo domingo de mayo. Facebook se sumó a las fiestas con esta nueva reacción. 
Desde su página en la plataforma, Facebook dijo que: &quot;Con motivo del Día de la Madre estamos probando la capacidad de la gente de distintos lugares de dejar una flor como reacción&quot;. 
Facebook Messenger había anunciado en su sitio la incorporación de la flor morada para embellecer los mensajes, fotos y gifs en las conversaciones de la herramienta. 
La flor morada es la primera reacción temporal que incorporó Facebook. Estuvo disponible donde se celebró el Día de la Madre. La creación de nuevos emoticones similares solo podrán ser descubiertas con el tiempo, cuando lleguen otras fiestas mundiales. 
</topic_text>
<spam_score>0.00</spam_score>
<post_num>1</post_num>
<post_id>post-1</post_id>
<post_url>http://www.primerahora.com/noticias/tecnologia/nota/estaeslarazonporlaquefacebookeliminolaflormorada-1152907/</post_url>
<post_date>20160511</post_date>
<post_time></post_time>
<username></username>
<post>
Por El Comercio / Perú / GDA La flor morada es la primera reacción temporal que incorporó Facebook. (Facebook) 
Me enorgullece, pero solo por un día. El domingo último, Facebook introdujo un séptimo sentimiento a su lista de opciones de Reactions. Se trató de una flor morada que enunciaba &apos;me enorgullece&apos;. 
Sin embargo, la nueva incorporación fue flor de un solo día. Así como vino se fue. Pero por qué Facebook tomó esta decisión. ¿Una empresa son su experiencia experimentó un repentino cambio de decisión? 
La verdad de la flor morada es que solo se trató de un cambio temporal para celebrar el Día de la Madre. En 80 países del mundo se honraron a las mamás, como cada segundo domingo de mayo. Facebook se sumó a las fiestas con esta nueva reacción. 
Desde su página en la plataforma, Facebook dijo que: &quot;Con motivo del Día de la Madre estamos probando la capacidad de la gente de distintos lugares de dejar una flor como reacción&quot;. 
Facebook Messenger había anunciado en su sitio la incorporación de la flor morada para embellecer los mensajes, fotos y gifs en las conversaciones de la herramienta. 
La flor morada es la primera reacción temporal que incorporó Facebook. Estuvo disponible donde se celebró el Día de la Madre. La creación de nuevos emoticones similares solo podrán ser descubiertas con el tiempo, cuando lleguen otras fiestas mundiales. 
</post>
<signature>

</signature>
<external_links>

</external_links>
<country>US</country>
<main_image>http://rec-eph.gfrcdn.net/images/2016/05/11/flor-morada.jpg</main_image>
</document>
