<?xml version="1.0" encoding="UTF-8"?>
<document>
<type>mainstream</type>
<forum>http://www.almasryalyoum.com/</forum>
<forum_title>المصري اليوم</forum_title>
<discussion_title>بيكهام يدعم ثنائي توتنهام المتألق لقيادة إنجلترا في بطولة أوروبا</discussion_title>
<language>arabic</language>
<gmt_offset></gmt_offset>
<topic_url>http://www.almasryalyoum.com/news/details/946113</topic_url>
<topic_text>
قال ديفيد بيكهام، قائد منتخب إنجلترا السابق، إن هاري كين وديلي آلي، ثنائي توتنهام هوتسبير المتألق، يستطيعان قيادة البلاد للوصول إلى أبعد مدى في بطولة أوروبا لكرة القدم الشهر المقبل.
أخبار متعلقة
إنجلترا تتغنى بحارس «الأسود».. وإبرا يكرر إنجاز ويا
تعادل عادل بين مفاجأتي إنجلترا أمام أنظار هودجسون (تقرير)
لمسات «كين» تبقي «توتنهام» على طريق المنافسة في إنجلترا
ويتصدر المهاجم كين السباق للفوز بالحذاء الذهبي لهداف الدوري الممتاز برصيد 25 هدفًا بينما سجل آلي البالغ من العمر 20 عاما عشرة أهداف وصنع 12 هدفا في موسمه الأول مع توتنهام.
وأبلغ بيكهام وسائل إعلام بريطانية على هامش حفل ترويجي لقميص لعب ناديه السابق مانشستر يونايتد «تملك إنجلترا فرصة طيبة لتقديم عروض قوية جدا في بطولة أوروبا. بالنسبة لي قد يصنع الثنائي ديلي آلي وهاري كين الفارق».
وتابع «يلعب ديلي بشكل منتظم مع توتنهام وهو لا يهاب القيام بأي شيء واستمتع جدا بطريقة لعبه».
وأشار بيكهام إلى أن اللعب إلى جوار وين روني في الهجوم قد يساعد كين البالغ من العمر 22 عاما على تطوير الأداء.
وشرح بيكهام «هاري لاعب موهوب جدا ويمكنه التعلم من نجوم مثل روني».
وتأمل إنجلترا في الفوز بلقب بطولة كبرى لأول مرة منذ كأس العالم 1966 وستواجه روسيا وسلوفاكيا وويلز في المجموعة الثانية لبطولة أوروبا 2016 في فرنسا.
وسيعلن المدرب روي هودجسون تشكيلته للبطولة يوم الإثنين المقبل.
</topic_text>
<spam_score>0.00</spam_score>
<post_num>1</post_num>
<post_id>post-1</post_id>
<post_url>http://www.almasryalyoum.com/news/details/946113</post_url>
<post_date>20160512</post_date>
<post_time></post_time>
<username>almasryalyoum.com</username>
<post>
قال ديفيد بيكهام، قائد منتخب إنجلترا السابق، إن هاري كين وديلي آلي، ثنائي توتنهام هوتسبير المتألق، يستطيعان قيادة البلاد للوصول إلى أبعد مدى في بطولة أوروبا لكرة القدم الشهر المقبل.
أخبار متعلقة
إنجلترا تتغنى بحارس «الأسود».. وإبرا يكرر إنجاز ويا
تعادل عادل بين مفاجأتي إنجلترا أمام أنظار هودجسون (تقرير)
لمسات «كين» تبقي «توتنهام» على طريق المنافسة في إنجلترا
ويتصدر المهاجم كين السباق للفوز بالحذاء الذهبي لهداف الدوري الممتاز برصيد 25 هدفًا بينما سجل آلي البالغ من العمر 20 عاما عشرة أهداف وصنع 12 هدفا في موسمه الأول مع توتنهام.
وأبلغ بيكهام وسائل إعلام بريطانية على هامش حفل ترويجي لقميص لعب ناديه السابق مانشستر يونايتد «تملك إنجلترا فرصة طيبة لتقديم عروض قوية جدا في بطولة أوروبا. بالنسبة لي قد يصنع الثنائي ديلي آلي وهاري كين الفارق».
وتابع «يلعب ديلي بشكل منتظم مع توتنهام وهو لا يهاب القيام بأي شيء واستمتع جدا بطريقة لعبه».
وأشار بيكهام إلى أن اللعب إلى جوار وين روني في الهجوم قد يساعد كين البالغ من العمر 22 عاما على تطوير الأداء.
وشرح بيكهام «هاري لاعب موهوب جدا ويمكنه التعلم من نجوم مثل روني».
وتأمل إنجلترا في الفوز بلقب بطولة كبرى لأول مرة منذ كأس العالم 1966 وستواجه روسيا وسلوفاكيا وويلز في المجموعة الثانية لبطولة أوروبا 2016 في فرنسا.
وسيعلن المدرب روي هودجسون تشكيلته للبطولة يوم الإثنين المقبل.
</post>
<signature>

</signature>
<external_links>

</external_links>
<country>US</country>
<main_image>http://media.almasryalyoum.com/News/VeryLarge/2015/04/01/317902_0.jpg</main_image>
</document>
