<?xml version="1.0" encoding="UTF-8"?>
<document>
<type>mainstream</type>
<forum></forum>
<forum_title></forum_title>
<discussion_title>Night Shift お薦め設定（iPhone6編）(鴻池賢三) - 個人 - Yahoo!ニュース</discussion_title>
<language>japanese</language>
<gmt_offset></gmt_offset>
<topic_url>http://bylines.news.yahoo.co.jp/konoikekenzo/20160326-00055862/</topic_url>
<topic_text>
ブルーライトを出来る限り低減したいなら、白熱電球相当の「On(温かく) 2800K」が最も効果的です。ただし、赤味が強すぎて正しい色が判らなくなります。SNSの利用など、文字情報を読み取るだけなら問題なさそうですが、動画や写真の表示には不向きです。 
特にファッションのネットショッピングはNG。画面上で見た色と、届いた実物の色が違って、返品・・・ということにもなりかねません。 筆者のお薦めは、色温度値で5600K程度。動画や写真を見てもギリギリ違和感の無い範囲で、かつブルーライトもOFFの状態より幾分軽減できます。手元のiPhone6では、色温度を5600Kにするには、調整スライダーが概ね添付キャプチャ画面の通りでした。 iPhone6で5600K時のスライダー位置（赤線） 制作者の意図した色味を最大限に楽しむなら、常時「冷たく」 現在、映像の制作基準は6500K（D65）です。例えばネット配信大手のNetflixは、コンテンツ供給者に対し、制作工程で6500K（D65）を厳守するように指示しているほどです。 iPhone6の標準状態（Night Shift OFF）は色温度は7000Kで、Night Shift On(冷たく) の時は6000K。最適値はその中間と言えますが、視覚の特性も含めて厳密に分析すると、Night Shift On(冷たく) の方がより制作基準の6500K(D65)に近いことが判りました。iPhone6で、制作者の意図した色味を最大限に楽しむなら、常時「冷たい」に設定しておくと良いでしょう。 
なお、人間が画面の映像を見る際は、「色順応」の影響も受けます。日中の屋外なら、iPhone6の標準状態（Night Shift OFF）が概ね適切です。（雑多なAndroid端末に比べ、Appleの製品は実に良く考えられています） さいごに ・可能であれば、就寝目標の2時間程度前までには、スマホ、タブレット、テレビの利用を止める。 ・夜間もスマホ、タブレット、テレビを見るなら、画面の明るさは最小限に。輝度を下がれば、ブルーライトも少なくなります。 ・日没後は、照明を白熱球のみに。（LED照明は電球色でもブルーライトを比較的多く含みます） 
</topic_text>
<spam_score>0.00</spam_score>
<post_num>1</post_num>
<post_id>post-1</post_id>
<post_url>http://bylines.news.yahoo.co.jp/konoikekenzo/20160326-00055862/</post_url>
<post_date>20160326</post_date>
<post_time></post_time>
<username></username>
<post>
ブルーライトを出来る限り低減したいなら、白熱電球相当の「On(温かく) 2800K」が最も効果的です。ただし、赤味が強すぎて正しい色が判らなくなります。SNSの利用など、文字情報を読み取るだけなら問題なさそうですが、動画や写真の表示には不向きです。 
特にファッションのネットショッピングはNG。画面上で見た色と、届いた実物の色が違って、返品・・・ということにもなりかねません。 筆者のお薦めは、色温度値で5600K程度。動画や写真を見てもギリギリ違和感の無い範囲で、かつブルーライトもOFFの状態より幾分軽減できます。手元のiPhone6では、色温度を5600Kにするには、調整スライダーが概ね添付キャプチャ画面の通りでした。 iPhone6で5600K時のスライダー位置（赤線） 制作者の意図した色味を最大限に楽しむなら、常時「冷たく」 現在、映像の制作基準は6500K（D65）です。例えばネット配信大手のNetflixは、コンテンツ供給者に対し、制作工程で6500K（D65）を厳守するように指示しているほどです。 iPhone6の標準状態（Night Shift OFF）は色温度は7000Kで、Night Shift On(冷たく) の時は6000K。最適値はその中間と言えますが、視覚の特性も含めて厳密に分析すると、Night Shift On(冷たく) の方がより制作基準の6500K(D65)に近いことが判りました。iPhone6で、制作者の意図した色味を最大限に楽しむなら、常時「冷たい」に設定しておくと良いでしょう。 
なお、人間が画面の映像を見る際は、「色順応」の影響も受けます。日中の屋外なら、iPhone6の標準状態（Night Shift OFF）が概ね適切です。（雑多なAndroid端末に比べ、Appleの製品は実に良く考えられています） さいごに ・可能であれば、就寝目標の2時間程度前までには、スマホ、タブレット、テレビの利用を止める。 ・夜間もスマホ、タブレット、テレビを見るなら、画面の明るさは最小限に。輝度を下がれば、ブルーライトも少なくなります。 ・日没後は、照明を白熱球のみに。（LED照明は電球色でもブルーライトを比較的多く含みます） 
</post>
<signature>

</signature>
<external_links>

</external_links>
<country>JP</country>
<main_image>http://rpr.c.yimg.jp/amd/20160326-00055862-roupeiro-000-11-view.jpg</main_image>
</document>
