<?xml version="1.0" encoding="UTF-8"?>
<document>
<type>mainstream</type>
<forum>http://chelyabinsk.bezformata.ru/rss.xml</forum>
<forum_title>Новости города БезФормата.Ru Челябинская область Челябинск</forum_title>
<discussion_title>В Чебаркульском районе Челябинской области сотрудники полиции задержали с поличным подозреваемого в совершении серии квартирных краж</discussion_title>
<language>russian</language>
<gmt_offset></gmt_offset>
<topic_url>http://chelyabinsk.bezformata.ru/listnews/chebarkulskom-rajone-chelyabinskoj/46771067/</topic_url>
<topic_text>
Фото: 74.mvd.ru 
11 мая в поселке Боровое Чебаркульского района неизвестный проник в частный дом через окно, однако не успел покинуть чужое жилище незамеченным. На месте преступления сотрудники вневедомственной охраны задержали молодого человека с двумя пакетами в руках. В полиэтиленовых мешках находились продукты питания, дорогой алкоголь и электролобзик. Всего злоумышленник похитил имущество хозяев дома на сумму более 6 тысяч рублей. 
Задержанным оказался житель города Челябинска 1989 года рождения. Как установили полицейские, ранее не судимый молодой человек причастен к совершению еще двух аналогичных имущественных преступлений. Так, в декабре 2015 года из квартиры в городе Чебаркуле им был похищен ручной электроинструмент и медные трубы, предназначенные для отопления, на общую сумму около 175 тысяч рублей, а в феврале 2016 года - телевизор из квартиры в городе Челябинске. Тогда по факту краж, совершенных с незаконным проникновением в жилище, в Чебаркуле и Челябинске были возбуждены уголовные дела. 
В настоящее время в Межмуниципальном отделе МВД России « Чебаркульский » возбуждено уголовное дело по признакам состава преступления, предусмотренного ч. 3 ст. 158 Уголовного кодекса РФ « Кража ». В отношении подозреваемого избрана мера пресечения в виде подписки о невыезде и надлежащем поведении. Санкцией статьи за совершение данного преступления предусмотрено наказание в виде лишения свободы на срок до 6 лет. 

Пресс-служба ГУ МВД России по Челябинской области
</topic_text>
<spam_score>0.00</spam_score>
<post_num>1</post_num>
<post_id>post-1</post_id>
<post_url>http://chelyabinsk.bezformata.ru/listnews/chebarkulskom-rajone-chelyabinskoj/46771067/</post_url>
<post_date>20160512</post_date>
<post_time>1400</post_time>
<username></username>
<post>
Фото: 74.mvd.ru 
11 мая в поселке Боровое Чебаркульского района неизвестный проник в частный дом через окно, однако не успел покинуть чужое жилище незамеченным. На месте преступления сотрудники вневедомственной охраны задержали молодого человека с двумя пакетами в руках. В полиэтиленовых мешках находились продукты питания, дорогой алкоголь и электролобзик. Всего злоумышленник похитил имущество хозяев дома на сумму более 6 тысяч рублей. 
Задержанным оказался житель города Челябинска 1989 года рождения. Как установили полицейские, ранее не судимый молодой человек причастен к совершению еще двух аналогичных имущественных преступлений. Так, в декабре 2015 года из квартиры в городе Чебаркуле им был похищен ручной электроинструмент и медные трубы, предназначенные для отопления, на общую сумму около 175 тысяч рублей, а в феврале 2016 года - телевизор из квартиры в городе Челябинске. Тогда по факту краж, совершенных с незаконным проникновением в жилище, в Чебаркуле и Челябинске были возбуждены уголовные дела. 
В настоящее время в Межмуниципальном отделе МВД России « Чебаркульский » возбуждено уголовное дело по признакам состава преступления, предусмотренного ч. 3 ст. 158 Уголовного кодекса РФ « Кража ». В отношении подозреваемого избрана мера пресечения в виде подписки о невыезде и надлежащем поведении. Санкцией статьи за совершение данного преступления предусмотрено наказание в виде лишения свободы на срок до 6 лет. 

Пресс-служба ГУ МВД России по Челябинской области
</post>
<signature>

</signature>
<external_links>

</external_links>
<country>RU</country>
<main_image>http://chelyabinsk.bezformata.ru/content/image188604167.jpg</main_image>
</document>
