<?xml version="1.0" encoding="UTF-8"?>
<document>
<type>mainstream</type>
<forum>http://rssfeeds.9news.com/_/20/107322240/kusa-entertainment</forum>
<forum_title>KUSA - Entertainment</forum_title>
<discussion_title>T.D. Jakes premieres Sept. 12</discussion_title>
<language>english</language>
<gmt_offset></gmt_offset>
<topic_url>http://www.9news.com/entertainment/television/programs/td-jakes/empowering-new-daily-talk-show-td-jakes-set-to-premiere-monday-september-12/184558962</topic_url>
<topic_text>
Empowering new daily talk show T.D. Jakes premieres Sept. 12 Daily talk show &quot;T.D. Jakes&quot; will premiere Monday, September 12 in more than 50 markets. T.D. Jakes , KUSA 1:01 PM. MDT May 10, 2016 CONNECT TWEET LINKEDIN GOOGLE+ PINTEREST MCLEAN, VA. - TEGNA Media Syndicated Series Cleared in More Than 50 U.S. Markets 
TEGNA Inc. (NYSE: TGNA) announced today that the new syndicated daily one-hour talk show, “T.D. JAKES,” hosted by best-selling author, film and music producer and entrepreneur T.D. Jakes, will premiere in more than 50 cleared U.S. markets on MONDAY, SEPTEMBER 12, 2016. 
The enriching show and its original social media content will feature real personal stories and honest conversations with celebrity and non-celebrity guests along with the unique signature wisdom that only T.D. Jakes can bring. Led by Jakes, and infused with his powerful authenticity, soulful presence and uplifting wit, “T.D. JAKES” will be filmed before a live studio audience in Los Angeles and will air weekdays in afternoon time periods around the country. It will also live as a multi-platform content experience on Facebook, Twitter and Instagram where audiences can engage with the show 24/7 through @tdjakesshow . 
“It’s a thrill and a great honor to begin this new journey with such powerhouse media partners as TEGNA Media, 44 Blue Productions and enLight Productions,” said T.D. Jakes. “I’m grateful for this exciting opportunity to bring meaningful, thought provoking content to audiences across the country.” 
T.D. Jakes is a prominent, prolific and highly respected Dallas-based pastor, entrepreneur, author and businessman, whose multi-platform reach extends far beyond the pulpit of his 30,000-member church and humanitarian organization, The Potter’s House. His online presence includes 11 million social media followers across Facebook, Twitter and Instagram, with nearly three million listeners tuning in each week through radio syndication. Jakes is a best-selling author of more than 40 books, including his latest Destiny , which debuted in the top ten on The New York Times Bestseller List in August 2015, and his bestseller Instinct , which continues to resonate with readers around the world. He has produced Grammy Award winning music and several feature films including the recent box office hit “Miracles from Heaven,” starring Jennifer Garner, which has topped $60 million in domestic sales and eight million internationally; as well as “Sparkle,”“Jumping the Broom,” and others. Additionally, T.D. Jakes has advised the last three U.S. Presidents, was a featured speaker at the historic 2009 Inauguration of President Barack Obama and gave remarks at the 2011 White House Easter Prayer Breakfast and the funeral of Whitney Houston in 2012. Jakes is a frequent commentator for cable news outlets CNN, MSNBC and The Fox News Channel. Called “America’s Treasure” by Oprah Winfrey, he is a welcomed guest on OWN’s Oprah’s Next Chapter, Lifeclass and Super Soul Sunday. He is a trusted advisor to Dr. Phil and serves on the advisory boards for the Soledad O’Brien + Brad Raymond Foundation and for prolific producers Mark Burnett and Roma Downey. T.D. Jakes participates in op-ed articles for Time Magazine, CNN.com, The Washington Post, The Huffington Post, Inc. and Bloomberg/BusinessWEEK, and pens his own columns for ESSENCE Magazine and others. 
In a move designed to create more original content and grow its multi-platform slate of programming, TEGNA Media co-produced a successful limited test run season for select markets last summer. To date, TEGNA Media has cleared the show in top 20 markets such as Chicago, Detroit and Orlando, in addition to 30 TEGNA owned media stations around the country. Clearance-to-date represents nearly 40% of U.S. Television Households. 
“T.D. Jakes is a powerful, highly visible and well respected figure across a variety of media and social platforms. His inimitable approach and innate ability to connect with people will bring a welcome, positive new addition to the daytime television landscape,” said Bob Sullivan, Senior Vice President of Programming for TEGNA Media. With Jakes as host, we look forward to a long, successful run of impactful content that will undoubtedly draw large audiences and make a lasting impression on viewers across multiple platforms.” 
“We’re proud to be one of the first broadcast partners to air the new ‘T.D. JAKES’ show, which will enlighten, inspire and entertain our Orlando WFTV/WRDQ and Memphis WHBQ audiences,” said Jane Williams, Cox Media Group Executive Vice President of Television. “Cox Media Group endeavors to provide our viewing audiences with unique content that reaches across a broad spectrum of platforms and consumer interests, and ‘T.D. JAKES’ is a perfect fit for us.” 
“T.D. JAKES” is produced by TEGNA Media, Emmy-nominated 44 Blue Productions (A&amp;E’s “Wahlburgers,” daytime syndicated series “Family Court with Judge Penny”), Jakes’ own TDJ Enterprises and enLight Productions. Industry veteran Scott Carlin leads syndication sales of the show. Executive producers are 44 Blue’s Emmy-winning president and co-founder Stephanie Noonan Drachkovitch, as well as Jakes, Derrick M. Williams (executive vice president, T.D. Jakes Entertainment) and EnLight’s Emmy-award winning president Adriane Hopper Williams. Stephanie Eno is Executive in Charge of Production. 
“T.D. JAKES” will air weekdays on 30 TEGNA Media Stations as well as WCIU (Chicago, IL), WMYD (Detroit, MI), WFTV/WRDQ (Orlando, FL), WMAR (Baltimore, MD), KSAT (San Antonio, TX), KSL (Salt Lake City, UT), WDJT/WMLW (Milwaukee, WI), KGTV (San Diego, CA), WCPO (Cincinnati, OH), WVTM (Birmingham, AL), WHBQ (Memphis, TN), WUPV (Richmond, VA), WXCW (Fort Meyers-Naples, FL), WCSC (Charleston, SC), WGBA (Green Bay, WI), WCWW/WMYS (South Bend IN), WEMT (Tri Cities, TN), KNOE/KAQY (Monroe, LA), WHPM (Hattiesburg, MS), KJNB, (Jonesboro, AR) and WMDN (Meridian, MS), among others. 
About TEGNA: TEGNA Inc. (NYSE: TGNA) is comprised of a dynamic portfolio of media and digital businesses that provide content that matters and brands that deliver. TEGNA reaches more than 90 million Americans and delivers highly relevant, useful and smart content, when and how people need it, to make the best decisions possible. TEGNA Media includes 46 television stations and is the largest independent station group of major network affiliates in the top 25 markets, reaching approximately one-third of all television households nationwide. TEGNA Digital is comprised of Cars.com, the leading online destination for automotive consumers, CareerBuilder, a global leader in human capital solutions, and other powerful brands such as G/O Digital and Cofactor. For more information, visit www.TEGNA.com . 
For TEGNA media inquiries, contact: Steve Kidera
</topic_text>
<spam_score>0.00</spam_score>
<post_num>1</post_num>
<post_id>post-1</post_id>
<post_url>http://www.9news.com/entertainment/television/programs/td-jakes/empowering-new-daily-talk-show-td-jakes-set-to-premiere-monday-september-12/184558962</post_url>
<post_date>20160510</post_date>
<post_time>1901</post_time>
<username></username>
<post>
Empowering new daily talk show T.D. Jakes premieres Sept. 12 Daily talk show &quot;T.D. Jakes&quot; will premiere Monday, September 12 in more than 50 markets. T.D. Jakes , KUSA 1:01 PM. MDT May 10, 2016 CONNECT TWEET LINKEDIN GOOGLE+ PINTEREST MCLEAN, VA. - TEGNA Media Syndicated Series Cleared in More Than 50 U.S. Markets 
TEGNA Inc. (NYSE: TGNA) announced today that the new syndicated daily one-hour talk show, “T.D. JAKES,” hosted by best-selling author, film and music producer and entrepreneur T.D. Jakes, will premiere in more than 50 cleared U.S. markets on MONDAY, SEPTEMBER 12, 2016. 
The enriching show and its original social media content will feature real personal stories and honest conversations with celebrity and non-celebrity guests along with the unique signature wisdom that only T.D. Jakes can bring. Led by Jakes, and infused with his powerful authenticity, soulful presence and uplifting wit, “T.D. JAKES” will be filmed before a live studio audience in Los Angeles and will air weekdays in afternoon time periods around the country. It will also live as a multi-platform content experience on Facebook, Twitter and Instagram where audiences can engage with the show 24/7 through @tdjakesshow . 
“It’s a thrill and a great honor to begin this new journey with such powerhouse media partners as TEGNA Media, 44 Blue Productions and enLight Productions,” said T.D. Jakes. “I’m grateful for this exciting opportunity to bring meaningful, thought provoking content to audiences across the country.” 
T.D. Jakes is a prominent, prolific and highly respected Dallas-based pastor, entrepreneur, author and businessman, whose multi-platform reach extends far beyond the pulpit of his 30,000-member church and humanitarian organization, The Potter’s House. His online presence includes 11 million social media followers across Facebook, Twitter and Instagram, with nearly three million listeners tuning in each week through radio syndication. Jakes is a best-selling author of more than 40 books, including his latest Destiny , which debuted in the top ten on The New York Times Bestseller List in August 2015, and his bestseller Instinct , which continues to resonate with readers around the world. He has produced Grammy Award winning music and several feature films including the recent box office hit “Miracles from Heaven,” starring Jennifer Garner, which has topped $60 million in domestic sales and eight million internationally; as well as “Sparkle,”“Jumping the Broom,” and others. Additionally, T.D. Jakes has advised the last three U.S. Presidents, was a featured speaker at the historic 2009 Inauguration of President Barack Obama and gave remarks at the 2011 White House Easter Prayer Breakfast and the funeral of Whitney Houston in 2012. Jakes is a frequent commentator for cable news outlets CNN, MSNBC and The Fox News Channel. Called “America’s Treasure” by Oprah Winfrey, he is a welcomed guest on OWN’s Oprah’s Next Chapter, Lifeclass and Super Soul Sunday. He is a trusted advisor to Dr. Phil and serves on the advisory boards for the Soledad O’Brien + Brad Raymond Foundation and for prolific producers Mark Burnett and Roma Downey. T.D. Jakes participates in op-ed articles for Time Magazine, CNN.com, The Washington Post, The Huffington Post, Inc. and Bloomberg/BusinessWEEK, and pens his own columns for ESSENCE Magazine and others. 
In a move designed to create more original content and grow its multi-platform slate of programming, TEGNA Media co-produced a successful limited test run season for select markets last summer. To date, TEGNA Media has cleared the show in top 20 markets such as Chicago, Detroit and Orlando, in addition to 30 TEGNA owned media stations around the country. Clearance-to-date represents nearly 40% of U.S. Television Households. 
“T.D. Jakes is a powerful, highly visible and well respected figure across a variety of media and social platforms. His inimitable approach and innate ability to connect with people will bring a welcome, positive new addition to the daytime television landscape,” said Bob Sullivan, Senior Vice President of Programming for TEGNA Media. With Jakes as host, we look forward to a long, successful run of impactful content that will undoubtedly draw large audiences and make a lasting impression on viewers across multiple platforms.” 
“We’re proud to be one of the first broadcast partners to air the new ‘T.D. JAKES’ show, which will enlighten, inspire and entertain our Orlando WFTV/WRDQ and Memphis WHBQ audiences,” said Jane Williams, Cox Media Group Executive Vice President of Television. “Cox Media Group endeavors to provide our viewing audiences with unique content that reaches across a broad spectrum of platforms and consumer interests, and ‘T.D. JAKES’ is a perfect fit for us.” 
“T.D. JAKES” is produced by TEGNA Media, Emmy-nominated 44 Blue Productions (A&amp;E’s “Wahlburgers,” daytime syndicated series “Family Court with Judge Penny”), Jakes’ own TDJ Enterprises and enLight Productions. Industry veteran Scott Carlin leads syndication sales of the show. Executive producers are 44 Blue’s Emmy-winning president and co-founder Stephanie Noonan Drachkovitch, as well as Jakes, Derrick M. Williams (executive vice president, T.D. Jakes Entertainment) and EnLight’s Emmy-award winning president Adriane Hopper Williams. Stephanie Eno is Executive in Charge of Production. 
“T.D. JAKES” will air weekdays on 30 TEGNA Media Stations as well as WCIU (Chicago, IL), WMYD (Detroit, MI), WFTV/WRDQ (Orlando, FL), WMAR (Baltimore, MD), KSAT (San Antonio, TX), KSL (Salt Lake City, UT), WDJT/WMLW (Milwaukee, WI), KGTV (San Diego, CA), WCPO (Cincinnati, OH), WVTM (Birmingham, AL), WHBQ (Memphis, TN), WUPV (Richmond, VA), WXCW (Fort Meyers-Naples, FL), WCSC (Charleston, SC), WGBA (Green Bay, WI), WCWW/WMYS (South Bend IN), WEMT (Tri Cities, TN), KNOE/KAQY (Monroe, LA), WHPM (Hattiesburg, MS), KJNB, (Jonesboro, AR) and WMDN (Meridian, MS), among others. 
About TEGNA: TEGNA Inc. (NYSE: TGNA) is comprised of a dynamic portfolio of media and digital businesses that provide content that matters and brands that deliver. TEGNA reaches more than 90 million Americans and delivers highly relevant, useful and smart content, when and how people need it, to make the best decisions possible. TEGNA Media includes 46 television stations and is the largest independent station group of major network affiliates in the top 25 markets, reaching approximately one-third of all television households nationwide. TEGNA Digital is comprised of Cars.com, the leading online destination for automotive consumers, CareerBuilder, a global leader in human capital solutions, and other powerful brands such as G/O Digital and Cofactor. For more information, visit www.TEGNA.com . 
For TEGNA media inquiries, contact: Steve Kidera
</post>
<signature>

</signature>
<external_links>

</external_links>
<country>US</country>
<main_image>http://content.11alive.com/photo/2016/05/10/Puzzle%20End%20Frame%5B4%5D_1462902719137_2199578_ver1.0_640_360.png</main_image>
</document>
