<?xml version="1.0" encoding="UTF-8"?>
<document>
<type>mainstream</type>
<forum></forum>
<forum_title></forum_title>
<discussion_title>Aseguran que Miley Cyrus está embarazada</discussion_title>
<language>spanish</language>
<gmt_offset></gmt_offset>
<topic_url>http://www.primerahora.com/entretenimiento/farandula/nota/aseguranquemileycyrusestaembarazada-1152852/</topic_url>
<topic_text>
Aseguran que Miley Cyrus está embarazada Por Primerahora.com 05/11/2016 |05:04 p.m. 0 La pareja se casará en verano. (Archivo) Según afirma la revista Life &amp; Style, la pareja está buscando ahora la manera de acelerar sus planes de boda. 
La excéntrica cantante Miley Cyrus pudiera estar esperando su primer hijo junto al actor Liam Hemsworth. 
Según afirma la revista Life &amp; Style , la pareja está buscando la manera de acelerar sus planes de boda para contraer matrimonio antes de que la criatura nazca. 
&quot;Es bastante temprano, pero Miley le ha anunciado a un selecto grupo de amistades que está embarazada. Ella se había estado sintiendo con náuseas todo el tiempo y ella imaginaba que era que estaba embarazada&quot;, aseguró una fuente a la publicación. 
Para el verano, la pareja estaría casándose. 
</topic_text>
<spam_score>0.00</spam_score>
<post_num>1</post_num>
<post_id>post-1</post_id>
<post_url>http://www.primerahora.com/entretenimiento/farandula/nota/aseguranquemileycyrusestaembarazada-1152852/</post_url>
<post_date>20160511</post_date>
<post_time></post_time>
<username></username>
<post>
Aseguran que Miley Cyrus está embarazada Por Primerahora.com 05/11/2016 |05:04 p.m. 0 La pareja se casará en verano. (Archivo) Según afirma la revista Life &amp; Style, la pareja está buscando ahora la manera de acelerar sus planes de boda. 
La excéntrica cantante Miley Cyrus pudiera estar esperando su primer hijo junto al actor Liam Hemsworth. 
Según afirma la revista Life &amp; Style , la pareja está buscando la manera de acelerar sus planes de boda para contraer matrimonio antes de que la criatura nazca. 
&quot;Es bastante temprano, pero Miley le ha anunciado a un selecto grupo de amistades que está embarazada. Ella se había estado sintiendo con náuseas todo el tiempo y ella imaginaba que era que estaba embarazada&quot;, aseguró una fuente a la publicación. 
Para el verano, la pareja estaría casándose. 
</post>
<signature>

</signature>
<external_links>

</external_links>
<country>US</country>
<main_image>http://rec-eph.gfrcdn.net/images/2016/05/11/miley-cyrus-y-liam.jpg</main_image>
</document>
