<?xml version="1.0" encoding="UTF-8"?>
<document>
<type>mainstream</type>
<forum>http://feeds.feedburner.com/vecherka</forum>
<forum_title>Вечерний Харьков</forum_title>
<discussion_title>В Харькове создадут календарь туристических событий</discussion_title>
<language>russian</language>
<gmt_offset></gmt_offset>
<topic_url>http://vecherniy.kharkov.ua/news/119617/</topic_url>
<topic_text>
46 В Харькове создадут календарь туристических событий 12 мая 2016 г. – Сейчас мы формируем календарь туристических событий, в котором объединим Харьков и Харьковскую область, рассказала начальник отдела Департамента международного сотрудничества Юлия Згурская во время VIII Международного туристического форума «Харьков: партнерство в туризме», который проходит в Харькове. – Это будут фестивали, различные культурные программы. Хорошо бы для начала проводить два-три крупных события в год и распространять информацию о них среди различных организаций, ассоциаций, в городах-побратимах и городах-партнерах. Сегодняшний форум – – За этот год у нас действительно увеличился поток туристов благодаря тому, что из городов-побратимов начали приезжать не только делегации, но и простые туристы. Ведь наши коллеги – это своего рода послы Харькова, которые рассказывают у себя дома, что у нас вполне безопасно. Даже на примере форума это видно: если в прошлом году в Харьков приехало около 10 делегаций, то сейчас мы принимаем 24 делегации из 11 стран, – Читайте также:
</topic_text>
<spam_score>0.00</spam_score>
<post_num>1</post_num>
<post_id>post-1</post_id>
<post_url>http://vecherniy.kharkov.ua/news/119617/</post_url>
<post_date>20160512</post_date>
<post_time>1454</post_time>
<username>WebMaster@vecherniy.kharkov.ua</username>
<post>
46 В Харькове создадут календарь туристических событий 12 мая 2016 г. – Сейчас мы формируем календарь туристических событий, в котором объединим Харьков и Харьковскую область, рассказала начальник отдела Департамента международного сотрудничества Юлия Згурская во время VIII Международного туристического форума «Харьков: партнерство в туризме», который проходит в Харькове. – Это будут фестивали, различные культурные программы. Хорошо бы для начала проводить два-три крупных события в год и распространять информацию о них среди различных организаций, ассоциаций, в городах-побратимах и городах-партнерах. Сегодняшний форум – – За этот год у нас действительно увеличился поток туристов благодаря тому, что из городов-побратимов начали приезжать не только делегации, но и простые туристы. Ведь наши коллеги – это своего рода послы Харькова, которые рассказывают у себя дома, что у нас вполне безопасно. Даже на примере форума это видно: если в прошлом году в Харьков приехало около 10 делегаций, то сейчас мы принимаем 24 делегации из 11 стран, – Читайте также:
</post>
<signature>

</signature>
<external_links>

</external_links>
<country>UA</country>
<main_image>http://vecherniy.kharkov.ua/images/news/121286.jpg</main_image>
</document>
