<?xml version="1.0" encoding="UTF-8"?>
<document>
<type>mainstream</type>
<forum>http://www.ideal.es/sociedad/?reducido=1&amp;pag=612</forum>
<forum_title></forum_title>
<discussion_title>Una china dedica su vida y su dinero a rescatar perros de las carnicerías</discussion_title>
<language>spanish</language>
<gmt_offset></gmt_offset>
<topic_url>http://www.ideal.es/sociedad/201507/04/china-dedica-vida-dinero-20150703172359.html</topic_url>
<topic_text>
La historia de Yang Xiaoyun ha dado la vuelta al mundo, porque si alguien siente pasión por los animales es ella. La mujer de 66 años lo ha dejado todo por salvar a estos animales de las carnicerías asiáticas.
Comer carne de perro es una antigua tradición que cada año congrega a cientos de personas en el festival Yulin Dog Meat de GuangXi, en China. Son miles de personas las que han firmado una petición para que se cancele, sin embargo, en esta región es legal y se sigue haciendo negocio con los animales.
La rescatadora de los canes sin embargo no se ha quedado con los brazos cruzados. Tras abandonar su trabajo como profesora de literatura y vender varias casa familiares, ha abierto un hogar para perros, el Common Home For All, en Tianjín.
En 1995 salvó al primer perro y desde entonces invierte tiempo y grandes sumas de dinero para evitar que acaben siendo comida para los asistentes al festival. Y ello a pesar de que su fama ha ido en su contra, y los comerciantes elevan los precios de los animales cuando la ven llegar.
Lo Más lo más 50
</topic_text>
<spam_score>0.00</spam_score>
<post_num>1</post_num>
<post_id>post-1</post_id>
<post_url>http://www.ideal.es/sociedad/201507/04/china-dedica-vida-dinero-20150703172359.html</post_url>
<post_date>20150704</post_date>
<post_time>0009</post_time>
<username>ideal.es</username>
<post>
La historia de Yang Xiaoyun ha dado la vuelta al mundo, porque si alguien siente pasión por los animales es ella. La mujer de 66 años lo ha dejado todo por salvar a estos animales de las carnicerías asiáticas.
Comer carne de perro es una antigua tradición que cada año congrega a cientos de personas en el festival Yulin Dog Meat de GuangXi, en China. Son miles de personas las que han firmado una petición para que se cancele, sin embargo, en esta región es legal y se sigue haciendo negocio con los animales.
La rescatadora de los canes sin embargo no se ha quedado con los brazos cruzados. Tras abandonar su trabajo como profesora de literatura y vender varias casa familiares, ha abierto un hogar para perros, el Common Home For All, en Tianjín.
En 1995 salvó al primer perro y desde entonces invierte tiempo y grandes sumas de dinero para evitar que acaben siendo comida para los asistentes al festival. Y ello a pesar de que su fama ha ido en su contra, y los comerciantes elevan los precios de los animales cuando la ven llegar.
Lo Más lo más 50
</post>
<signature>

</signature>
<external_links>

</external_links>
<country>ES</country>
<main_image>http://www.ideal.es/noticias/201507/03/media/cortadas/mujer-china-perros_xoptimizadax--644x362--575x323.jpg</main_image>
</document>
