<?xml version="1.0" encoding="UTF-8"?>
<document>
<type>mainstream</type>
<forum></forum>
<forum_title></forum_title>
<discussion_title>Fort McMurray wildfire evacuees line up for emergency funds in droves for second day | Report 24 Canada</discussion_title>
<language>english</language>
<gmt_offset></gmt_offset>
<topic_url>https://reportca.net/2016/05/fort-mcmurray-wildfire-evacuees-line-up-for-emergency-funds-in-droves-for-second-day/</topic_url>
<topic_text>

— Julia Wong (@JWongGlobalNews) May 11, 2016 
Evacuees in Edmonton said the support is much appreciated. 
“It is good help for us,” said Sujeewa Pjlagala, who has lived in Fort McMurray with his young family for the last nine years after moving there from Sri Lanka. 
He said the support from Alberta and Edmonton has been overwhelming. 
“They have been providing food for us since we came. It is great help for us,” Pjlagala said. 
“I have three kids. My girl’s first birthday was yesterday, but we’re homeless, basically, but still I think positive.” 
His family hopes to one day return to Fort McMurray. 
“I hope we can build our place like it was. And my kids will grow up in the same place.” 
READ MORE: Where Fort McMurray fire evacuees can get help and information 
Watch below: On Wednesday, the Alberta government began to distribute money aimed at providing financial relief for Fort McMurray residents displaced by a massive wildfire. Tom Vernon reports. 
Maranda Bos, her husband and son are staying with family after being forced out of Fort McMurray. She’s lost her home and her job but is trying to stay positive. 
“You’ve just got to put your best foot forward,” Bos said. “I have friends who have lost their home too. We’re all kind of supporting each other and just getting through this. That’s all you can do.” 
She lives in the Wood Buffalo neighbourhood and they just bought their home there two years ago. The provincial and Red Cross support is reassuring. 
“We have pretty good insurance so our insurance has stepped us and given us some money, but every little bit helps when you’re rebuilding.” 
Those displaced by the Fort McMurray wildfire line up outside Edmonton’s Butterdome for government cash cards, May 11, 2016. 
Global News 
Those displaced by the Fort McMurray wildfire line up outside Edmonton’s Butterdome for government cash cards, May 11, 2016. 
Global News 
Those displaced by the Fort McMurray wildfire line up outside Edmonton’s Butterdome for government cash cards, May 11, 2016. 
Global News 
Fort McMurray wildfire evacuees line up outside Edmonton’s Butterdome to pick up debit cards from the province, May 11, 2016. 
Global News 
Fort McMurray wildfire evacuees line up outside Edmonton’s Butterdome to pick up debit cards from the province, May 11, 2016. 
Global News 
Fort McMurray wildfire evacuees line up outside Edmonton’s Butterdome to pick up debit cards from the province, May 11, 2016. 
Global News 
Fort McMurray wildfire evacuees line up outside Edmonton’s Butterdome to pick up debit cards from the province, May 11, 2016. 
Julia Wong, Global News 
Fort McMurray wildfire evacuees line up in Edmonton outside the Butterdome to pick up cash cards from the province. May 11, 2016. 
Vassy Kapelos, Global News 
Fort McMurray wildfire evacuees line up outside Edmonton’s Butterdome to pick up debit cards from the province, May 11, 2016. 
Julia Wong, Global News 
Fort McMurray wildfire evacuees line up outside Edmonton’s Butterdome to pick up debit cards from the province, May 11, 2016. 
Julia Wong, Global News 
Other people arrived Wednesday, saw the line, and decided not to wait it out. A man just came out saying he doesn”t want to wait in line. He was near the front. “I”m not waiting until 8 pm for nothing” #ymmfire #ymm 
— Julia Wong (@JWongGlobalNews) May 11, 2016 
Others were determined to wait hours if need be. Michele Gosselin said she would wait as long as it takes. 
“We will wait with passion,” she said. Michele gosselin is waiting in line with son, his girlfriend and their child. She says the money is impt to get supplies, clothes for baby 
— Julia Wong (@JWongGlobalNews) May 11, 2016 Stephen Keats is staying in a tent outside #YEG . He just got to line at butterdome, plans to wait a couple hours pic.twitter.com/xiTEloGu82 
— Julia Wong (@JWongGlobalNews) May 11, 2016 
Watch below: When a massive wildfire ripped through their community, many Fort McMurray residents fled their homes with little more than the clothes on their backs. On Wednesday, the province began handing out debit cards aimed at giving evacuees some much needed emergency cash. Julia Wong has more. 
One couple was planning to wait in line but said they’d let families and those with kids go first. This couple says they waited in line but decided they”ll let families and those with kids go first. #YEG #ymmfire pic.twitter.com/ezviSVOH3L 
— Julia Wong (@JWongGlobalNews) May 11, 2016 
Global News was told it should take between five and 15 minutes for evacuees to be processed for the cash cards. 
Distribution centres for pre-loaded debit cards from the Alberta government will be set up for Fort McMurray wildfire evacuees at the following locations. 
Courtesy, Alberta government 
In Calgary, there were huge lineups at McMahon Stadium. In Lac La Biche, people waited in lines outside the Bold Centre. 
The line to pick up cash cards at Calgary’s McMahon Stadium, May 11, 2016. 
Global News 
The line to pick up cash cards at Calgary’s McMahon Stadium, May 11, 2016. 
Global News 
Lineups for cash cards at McMahon Stadium Wednesday, May 11, 2016. 
Global News 
The lineup for provincial cash cards outside the Bold Centre in Lac La Biche, May 11, 2016. 
Global News 
WATCH: Hundreds of evacuees line up at McMahon Stadium to pick up emergency funding relief cards from the province Calgary evacuee lineup 
</topic_text>
<spam_score>0.00</spam_score>
<post_num>1</post_num>
<post_id>post-1</post_id>
<post_url>https://reportca.net/2016/05/fort-mcmurray-wildfire-evacuees-line-up-for-emergency-funds-in-droves-for-second-day/</post_url>
<post_date>20160512</post_date>
<post_time></post_time>
<username></username>
<post>

— Julia Wong (@JWongGlobalNews) May 11, 2016 
Evacuees in Edmonton said the support is much appreciated. 
“It is good help for us,” said Sujeewa Pjlagala, who has lived in Fort McMurray with his young family for the last nine years after moving there from Sri Lanka. 
He said the support from Alberta and Edmonton has been overwhelming. 
“They have been providing food for us since we came. It is great help for us,” Pjlagala said. 
“I have three kids. My girl’s first birthday was yesterday, but we’re homeless, basically, but still I think positive.” 
His family hopes to one day return to Fort McMurray. 
“I hope we can build our place like it was. And my kids will grow up in the same place.” 
READ MORE: Where Fort McMurray fire evacuees can get help and information 
Watch below: On Wednesday, the Alberta government began to distribute money aimed at providing financial relief for Fort McMurray residents displaced by a massive wildfire. Tom Vernon reports. 
Maranda Bos, her husband and son are staying with family after being forced out of Fort McMurray. She’s lost her home and her job but is trying to stay positive. 
“You’ve just got to put your best foot forward,” Bos said. “I have friends who have lost their home too. We’re all kind of supporting each other and just getting through this. That’s all you can do.” 
She lives in the Wood Buffalo neighbourhood and they just bought their home there two years ago. The provincial and Red Cross support is reassuring. 
“We have pretty good insurance so our insurance has stepped us and given us some money, but every little bit helps when you’re rebuilding.” 
Those displaced by the Fort McMurray wildfire line up outside Edmonton’s Butterdome for government cash cards, May 11, 2016. 
Global News 
Those displaced by the Fort McMurray wildfire line up outside Edmonton’s Butterdome for government cash cards, May 11, 2016. 
Global News 
Those displaced by the Fort McMurray wildfire line up outside Edmonton’s Butterdome for government cash cards, May 11, 2016. 
Global News 
Fort McMurray wildfire evacuees line up outside Edmonton’s Butterdome to pick up debit cards from the province, May 11, 2016. 
Global News 
Fort McMurray wildfire evacuees line up outside Edmonton’s Butterdome to pick up debit cards from the province, May 11, 2016. 
Global News 
Fort McMurray wildfire evacuees line up outside Edmonton’s Butterdome to pick up debit cards from the province, May 11, 2016. 
Global News 
Fort McMurray wildfire evacuees line up outside Edmonton’s Butterdome to pick up debit cards from the province, May 11, 2016. 
Julia Wong, Global News 
Fort McMurray wildfire evacuees line up in Edmonton outside the Butterdome to pick up cash cards from the province. May 11, 2016. 
Vassy Kapelos, Global News 
Fort McMurray wildfire evacuees line up outside Edmonton’s Butterdome to pick up debit cards from the province, May 11, 2016. 
Julia Wong, Global News 
Fort McMurray wildfire evacuees line up outside Edmonton’s Butterdome to pick up debit cards from the province, May 11, 2016. 
Julia Wong, Global News 
Other people arrived Wednesday, saw the line, and decided not to wait it out. A man just came out saying he doesn”t want to wait in line. He was near the front. “I”m not waiting until 8 pm for nothing” #ymmfire #ymm 
— Julia Wong (@JWongGlobalNews) May 11, 2016 
Others were determined to wait hours if need be. Michele Gosselin said she would wait as long as it takes. 
“We will wait with passion,” she said. Michele gosselin is waiting in line with son, his girlfriend and their child. She says the money is impt to get supplies, clothes for baby 
— Julia Wong (@JWongGlobalNews) May 11, 2016 Stephen Keats is staying in a tent outside #YEG . He just got to line at butterdome, plans to wait a couple hours pic.twitter.com/xiTEloGu82 
— Julia Wong (@JWongGlobalNews) May 11, 2016 
Watch below: When a massive wildfire ripped through their community, many Fort McMurray residents fled their homes with little more than the clothes on their backs. On Wednesday, the province began handing out debit cards aimed at giving evacuees some much needed emergency cash. Julia Wong has more. 
One couple was planning to wait in line but said they’d let families and those with kids go first. This couple says they waited in line but decided they”ll let families and those with kids go first. #YEG #ymmfire pic.twitter.com/ezviSVOH3L 
— Julia Wong (@JWongGlobalNews) May 11, 2016 
Global News was told it should take between five and 15 minutes for evacuees to be processed for the cash cards. 
Distribution centres for pre-loaded debit cards from the Alberta government will be set up for Fort McMurray wildfire evacuees at the following locations. 
Courtesy, Alberta government 
In Calgary, there were huge lineups at McMahon Stadium. In Lac La Biche, people waited in lines outside the Bold Centre. 
The line to pick up cash cards at Calgary’s McMahon Stadium, May 11, 2016. 
Global News 
The line to pick up cash cards at Calgary’s McMahon Stadium, May 11, 2016. 
Global News 
Lineups for cash cards at McMahon Stadium Wednesday, May 11, 2016. 
Global News 
The lineup for provincial cash cards outside the Bold Centre in Lac La Biche, May 11, 2016. 
Global News 
WATCH: Hundreds of evacuees line up at McMahon Stadium to pick up emergency funding relief cards from the province Calgary evacuee lineup 
</post>
<signature>

</signature>
<external_links>

</external_links>
<country>US</country>
<main_image>http://i1.wp.com/media.globalnews.ca/videostatic/722/427/2016-05-11T17-15-38.733Z--1280x720.jpg?w=300&amp;amp;quality=70&amp;amp;strip=all</main_image>
</document>
