<?xml version="1.0" encoding="UTF-8"?>
<document>
<type>mainstream</type>
<forum></forum>
<forum_title></forum_title>
<discussion_title>Levakovics familie jubler: Tak Danmark - TV 2</discussion_title>
<language>danish</language>
<gmt_offset></gmt_offset>
<topic_url>http://nyheder.tv2.dk/samfund/2016-05-12-levakovics-familie-jubler-tak-danmark</topic_url>
<topic_text>
af Elisabeth Thiis Santino og Jimmi Levakovic, Gimi Levakovic&apos; familiemedlemmer, var i dag glade over afgørelsen. 
Den selvudnævnte sigøjnerboss Gimi Levakovic har i dag fået Højesterets ord for, at han kan få lov at blive i Danmark. 
&quot;Tak Danmark,&quot; lød det fra 46-åriges familie, da de forlod retten, efter dommen var faldet. 
- Nu skal vi integreres, sagde Santino Levakovic, søn af Gimi Levakovic, til Ekstra Bladet. . 
Sammen med Gimi Levakovic’ nevø, Jimmi Levakovic, var sønnen mødt op foran retten, hvor de spændt ventede på at høre dommen. 
Efter domsafsigelsen skyndte de sig mod deres - ulovligt parkerede - bil med store smil og en skare af spørgelystne journalister i hælene. 
</topic_text>
<spam_score>0.00</spam_score>
<post_num>1</post_num>
<post_id>post-1</post_id>
<post_url>http://nyheder.tv2.dk/samfund/2016-05-12-levakovics-familie-jubler-tak-danmark</post_url>
<post_date>20160512</post_date>
<post_time></post_time>
<username></username>
<post>
af Elisabeth Thiis Santino og Jimmi Levakovic, Gimi Levakovic&apos; familiemedlemmer, var i dag glade over afgørelsen. 
Den selvudnævnte sigøjnerboss Gimi Levakovic har i dag fået Højesterets ord for, at han kan få lov at blive i Danmark. 
&quot;Tak Danmark,&quot; lød det fra 46-åriges familie, da de forlod retten, efter dommen var faldet. 
- Nu skal vi integreres, sagde Santino Levakovic, søn af Gimi Levakovic, til Ekstra Bladet. . 
Sammen med Gimi Levakovic’ nevø, Jimmi Levakovic, var sønnen mødt op foran retten, hvor de spændt ventede på at høre dommen. 
Efter domsafsigelsen skyndte de sig mod deres - ulovligt parkerede - bil med store smil og en skare af spørgelystne journalister i hælene. 
</post>
<signature>

</signature>
<external_links>

</external_links>
<country>DK</country>
<main_image>http://imbo2.tv2.dk/users/editorial/images/380be8a4-be0b-47e0-a78d-198df4157d8f.jpg?publicKey=drupal&amp;amp;t[0]=tv2cropping:width=940,height=529&amp;amp;accessToken=f2dc7846956f29349dfb561830f59a96e81944ed71f811b0e164352fdf6ba3c0</main_image>
</document>
