<?xml version="1.0" encoding="UTF-8"?>
<document>
<type>mainstream</type>
<forum></forum>
<forum_title></forum_title>
<discussion_title>Cinco errores a la hora de pintarte el pelo en tu casa</discussion_title>
<language>spanish</language>
<gmt_offset></gmt_offset>
<topic_url>http://www.primerahora.com/estilos-de-vida/mujer/nota/cincoerroresalahoradepintarteelpeloentucasa-1152704/</topic_url>
<topic_text>
Cinco errores a la hora de pintarte el pelo en tu casa Por Primerahora.com 05/11/2016 |00:00 a.m. 0 (Archivo) Es importante que sigas al pie de la letra el tiempo y la aplicación del tinte. 
1. Comprar una sola cajita o pote de tinte . Si tienes el cabello corto no tendrás problema, pero si es largo no será suficiente para la melena. 
2. Lavar el pelo antes de pintarlo. No es recomendable. Para que el color quede bien se sugiere que el cabello esté sucio ya que posee aceites naturales. 
3. Cambiar las instrucciones. Es importante que sigas al pie de la letra el tiempo y la aplicación del tinte. No debes omitir ningún paso, ya que podrías dañarte el cabello. 
4. Elegir mal el color. Pasar de un pelo negro a un rubio en la casa es casi imposible. Esto hay que hacerlo en el salón. Lo ideal es seleccionar un color que sea dos tonos más claros o dos más oscuro que el que tienes. 
5. Escoger un tono permanente. Si es tu primera vez aplicando el tinte en tu hogar, procura los tonos semi permanentes. De esta forma, si no te gusta el color, al lavarte el cabello irás eliminando el tinte. 
</topic_text>
<spam_score>0.00</spam_score>
<post_num>1</post_num>
<post_id>post-1</post_id>
<post_url>http://www.primerahora.com/estilos-de-vida/mujer/nota/cincoerroresalahoradepintarteelpeloentucasa-1152704/</post_url>
<post_date>20160510</post_date>
<post_time></post_time>
<username></username>
<post>
Cinco errores a la hora de pintarte el pelo en tu casa Por Primerahora.com 05/11/2016 |00:00 a.m. 0 (Archivo) Es importante que sigas al pie de la letra el tiempo y la aplicación del tinte. 
1. Comprar una sola cajita o pote de tinte . Si tienes el cabello corto no tendrás problema, pero si es largo no será suficiente para la melena. 
2. Lavar el pelo antes de pintarlo. No es recomendable. Para que el color quede bien se sugiere que el cabello esté sucio ya que posee aceites naturales. 
3. Cambiar las instrucciones. Es importante que sigas al pie de la letra el tiempo y la aplicación del tinte. No debes omitir ningún paso, ya que podrías dañarte el cabello. 
4. Elegir mal el color. Pasar de un pelo negro a un rubio en la casa es casi imposible. Esto hay que hacerlo en el salón. Lo ideal es seleccionar un color que sea dos tonos más claros o dos más oscuro que el que tienes. 
5. Escoger un tono permanente. Si es tu primera vez aplicando el tinte en tu hogar, procura los tonos semi permanentes. De esta forma, si no te gusta el color, al lavarte el cabello irás eliminando el tinte. 
</post>
<signature>

</signature>
<external_links>

</external_links>
<country>US</country>
<main_image>http://rec-eph.gfrcdn.net/images/2016/05/10/pelopintado.jpg</main_image>
</document>
