<?xml version="1.0" encoding="UTF-8"?>
<document>
<type>mainstream</type>
<forum>http://rss.noticias.lainformacion.com/america/estados-unidos/L_hCy212p2RfF3S8NZUO12D2/</forum>
<forum_title>lainformacion - Estados Unidos</forum_title>
<discussion_title>El policía que mató al joven Trayvon Martin subasta el arma</discussion_title>
<language>spanish</language>
<gmt_offset></gmt_offset>
<topic_url>http://noticias.lainformacion.com/disturbios-conflictos-y-guerra/armas/policia-joven-Trayvon-Martin-subasta_0_916109446.html</topic_url>
<topic_text>
Estados Unidos Armas Arma De Fuego Magistratura Criminalidad El expolicía George Zimmerman, responsable de la muerte del joven negro Trayvon Martin hace cuatro años, ha confirmado que subastará la pistola que utilizó en este incidente, ante el estupor de la familia del joven negro abatido en Sanford (Florida). Un jurado absolvió a Zimmerman de cualquier delito tras la polémica muerte de Martin, que reavivó en 2012 las protestas contra el racismo de las fuerzas de seguridad. El Departamento de Justicia le devolvió recientemente el arma, una Kel Tec de nueve milímetros. Una página web dedicada a la subasta de armas ha difundido un mensaje en el que, por un precio inicial de 5.000 dólares, se pone a la venta el arma, descrito como un &quot;icono&quot; y un &quot;pedazo de la historia&quot;. &quot;Fue usada para defender mi vida y terminar con el brutal ataque de Trayvon Martin&quot;, recoge el texto. En declaraciones a la cadena WOFL-TV, el propio Zimmerman ha confirmado que quiere vender el arma. &quot;Soy un ciudadano libre. Puedo hacer lo que quiera con mis posesiones&quot;, ha alegado, en una entrevista en la que también ha denunciado las amenazas de muerte que estaría recibiendo. La familia de Martin no ha querido comentar esta polémica venta y, en cambio, ha subrayado que seguirá trabajando para poner fin a la violencia con armas de fuego en Estados Unidos, informa la cadena estadounidense CNN. Últimas noticias
</topic_text>
<spam_score>0.00</spam_score>
<post_num>1</post_num>
<post_id>post-1</post_id>
<post_url>http://noticias.lainformacion.com/disturbios-conflictos-y-guerra/armas/policia-joven-Trayvon-Martin-subasta_0_916109446.html</post_url>
<post_date>20160512</post_date>
<post_time>1321</post_time>
<username></username>
<post>
Estados Unidos Armas Arma De Fuego Magistratura Criminalidad El expolicía George Zimmerman, responsable de la muerte del joven negro Trayvon Martin hace cuatro años, ha confirmado que subastará la pistola que utilizó en este incidente, ante el estupor de la familia del joven negro abatido en Sanford (Florida). Un jurado absolvió a Zimmerman de cualquier delito tras la polémica muerte de Martin, que reavivó en 2012 las protestas contra el racismo de las fuerzas de seguridad. El Departamento de Justicia le devolvió recientemente el arma, una Kel Tec de nueve milímetros. Una página web dedicada a la subasta de armas ha difundido un mensaje en el que, por un precio inicial de 5.000 dólares, se pone a la venta el arma, descrito como un &quot;icono&quot; y un &quot;pedazo de la historia&quot;. &quot;Fue usada para defender mi vida y terminar con el brutal ataque de Trayvon Martin&quot;, recoge el texto. En declaraciones a la cadena WOFL-TV, el propio Zimmerman ha confirmado que quiere vender el arma. &quot;Soy un ciudadano libre. Puedo hacer lo que quiera con mis posesiones&quot;, ha alegado, en una entrevista en la que también ha denunciado las amenazas de muerte que estaría recibiendo. La familia de Martin no ha querido comentar esta polémica venta y, en cambio, ha subrayado que seguirá trabajando para poner fin a la violencia con armas de fuego en Estados Unidos, informa la cadena estadounidense CNN. Últimas noticias
</post>
<signature>

</signature>
<external_links>

</external_links>
<country>IE</country>
<main_image></main_image>
</document>
