<?xml version="1.0" encoding="UTF-8"?>
<document>
<type>mainstream</type>
<forum></forum>
<forum_title></forum_title>
<discussion_title>Ebrio choca auto de juez y exsenador</discussion_title>
<language>spanish</language>
<gmt_offset></gmt_offset>
<topic_url>http://www.primerahora.com/noticias/policia-tribunales/nota/ebriochocaautodejuezyexsenador-1153020/</topic_url>
<topic_text>
Ebrio choca auto de juez y exsenador Por Primerahora.com 05/12/2016 |11:52 a.m. El magistrado salió ileso. (Archivo) Defensa de Manny Manuel busca suprimir prueba de alcohol 
Según la información suministrada, Raúl Cintrón Méndez, de 26 años residente de Arecibo, conducía el vehículo Pontiac Sunfire color oro en dirección de Arecibo a Lares y “no guardo la distancia requerida por ley” por lo que impactó el Toyota Prius color negro que transitaba en la misma dirección y era conducido por González Velázquez. 
El hoy juez superior del Tribunal de Aguadilla salió ileso, mientras Cintrón Méndez fue puesto bajo arresto pero posteriormente se le citó para una fecha posterior, esto luego de que el porcentaje de alcohol detectado fuera mayor al permitido por la ley de 0.08%. 
</topic_text>
<spam_score>0.00</spam_score>
<post_num>1</post_num>
<post_id>post-1</post_id>
<post_url>http://www.primerahora.com/noticias/policia-tribunales/nota/ebriochocaautodejuezyexsenador-1153020/</post_url>
<post_date>20160512</post_date>
<post_time></post_time>
<username></username>
<post>
Ebrio choca auto de juez y exsenador Por Primerahora.com 05/12/2016 |11:52 a.m. El magistrado salió ileso. (Archivo) Defensa de Manny Manuel busca suprimir prueba de alcohol 
Según la información suministrada, Raúl Cintrón Méndez, de 26 años residente de Arecibo, conducía el vehículo Pontiac Sunfire color oro en dirección de Arecibo a Lares y “no guardo la distancia requerida por ley” por lo que impactó el Toyota Prius color negro que transitaba en la misma dirección y era conducido por González Velázquez. 
El hoy juez superior del Tribunal de Aguadilla salió ileso, mientras Cintrón Méndez fue puesto bajo arresto pero posteriormente se le citó para una fecha posterior, esto luego de que el porcentaje de alcohol detectado fuera mayor al permitido por la ley de 0.08%. 
</post>
<signature>

</signature>
<external_links>

</external_links>
<country>US</country>
<main_image>http://rec-eph.gfrcdn.net/images/2016/05/12/crop_accidente.jpg</main_image>
</document>
