<?xml version="1.0" encoding="UTF-8"?>
<document>
<type>mainstream</type>
<forum></forum>
<forum_title></forum_title>
<discussion_title>Pide Johhny Rullán la Guardia Nacional contra el zika</discussion_title>
<language>spanish</language>
<gmt_offset></gmt_offset>
<topic_url>http://www.primerahora.com/noticias/gobierno-politica/nota/pidejohhnyrullanlaguardianacionalcontraelzika-1152969/</topic_url>
<topic_text>
Piden cancelar las Olimpiadas por el zika 
“Nuestro enemigo es el mosquito, no es el CDC (Centro de Control de Enfermedades) no es la gente de California, es el mosquito”, indicó Rullán en la entrevista radial. “Hay varias alternativas, la fumigación área con pesticida mezclado con larvicida, la parte de verdaderamente meternos en las áreas calientes como se hizo en Panamá y traer todas las tropas de la Guardia Nacional y trabajar de forma intensa para erradicar todos los criaderos de mosquitos”. 
También dijo que se debe pedir ayuda al Departamento de Salud federal para que se envíen recursos adicionales. 
Rullán rechazó que la estrategia se limite a una simple campaña publicitaria en el exterior, porque entiende que al extrapolar los números oficiales indica que “aquí hay ahora mismo hay 70,000 casos”. 
“El gobierno de Puerto Rico tiene que trabajar de forma más agresiva para tener un resultado más positivo”, expresó Rullán. “¿Dónde está el plan nuestro para convencer el mundo de poderlos recibir sin una picadura de mosquito? No le echemos la culpa a los peloteros, al CDC, a California, vamos a mirarnos a dentro para decir que tenemos un plan para erradicar el mosquito a nuestra mejor habilidad”. 
</topic_text>
<spam_score>0.00</spam_score>
<post_num>1</post_num>
<post_id>post-1</post_id>
<post_url>http://www.primerahora.com/noticias/gobierno-politica/nota/pidejohhnyrullanlaguardianacionalcontraelzika-1152969/</post_url>
<post_date>20160512</post_date>
<post_time></post_time>
<username></username>
<post>
Piden cancelar las Olimpiadas por el zika 
“Nuestro enemigo es el mosquito, no es el CDC (Centro de Control de Enfermedades) no es la gente de California, es el mosquito”, indicó Rullán en la entrevista radial. “Hay varias alternativas, la fumigación área con pesticida mezclado con larvicida, la parte de verdaderamente meternos en las áreas calientes como se hizo en Panamá y traer todas las tropas de la Guardia Nacional y trabajar de forma intensa para erradicar todos los criaderos de mosquitos”. 
También dijo que se debe pedir ayuda al Departamento de Salud federal para que se envíen recursos adicionales. 
Rullán rechazó que la estrategia se limite a una simple campaña publicitaria en el exterior, porque entiende que al extrapolar los números oficiales indica que “aquí hay ahora mismo hay 70,000 casos”. 
“El gobierno de Puerto Rico tiene que trabajar de forma más agresiva para tener un resultado más positivo”, expresó Rullán. “¿Dónde está el plan nuestro para convencer el mundo de poderlos recibir sin una picadura de mosquito? No le echemos la culpa a los peloteros, al CDC, a California, vamos a mirarnos a dentro para decir que tenemos un plan para erradicar el mosquito a nuestra mejor habilidad”. 
</post>
<signature>

</signature>
<external_links>

</external_links>
<country>US</country>
<main_image>http://rec-eph.gfrcdn.net/images/2016/05/12/crop_20130912_not__3808260.jpg</main_image>
</document>
