<?xml version="1.0" encoding="UTF-8"?>
<document>
<type>mainstream</type>
<forum></forum>
<forum_title></forum_title>
<discussion_title>Brazil&apos;s president Dilma Rousseff WILL face impeachment trial - The Real ArticlesThe Real Articles</discussion_title>
<language>english</language>
<gmt_offset></gmt_offset>
<topic_url>http://www.therealarticles.com/brazils-president-dilma-rousseff-will-face-impeachment-trial/</topic_url>
<topic_text>
News Brazil&apos;s president Dilma Rousseff WILL face impeachment trial Brazil ‘s President Dilma Rousseff has been suspended and will face trial after the country’s Senate voted to impeach her after a 20-hour deliberation on Thursday Rousseff, 68, was impeached for allegedly using illegal accounting tricks that critics said were meant to hide ballooning deficits and bolster an embattled government. The Senate’s vote, carried with 55 for and 22 against impeachment, could hurl Latin America’s largest country into political turmoil just months before it hosts the Summer Olympics. President Dilma Rousseff has been suspended and will face trial after the country’s Senate voted to impeach Brazil’s first female president, who was tortured under the country’s dictatorship, has frequently blasted the impeachment push as modern-day coup, arguing she had not been charged with a crime and previous presidents did similar things. She has also suggested that sexism in the male-dominated Congress played a role in the impeachment. Rousseff’s suspension and likely permanent removal ends 13 years of rule by the left-leaning Workers’ Party, which is credited with lifting millions out of abject poverty but vilified for being at the wheel when billions were siphoned from the state oil company Petrobras. Rousseff’s enraged backers called the move a coup d’etat and threatened wide-scale protests and strikes. Her foes, meanwhile, insisted that she had broken the law, and that the country’s deep political, social and economic woes could only be tackled… 
</topic_text>
<spam_score>0.00</spam_score>
<post_num>1</post_num>
<post_id>post-1</post_id>
<post_url>http://www.therealarticles.com/brazils-president-dilma-rousseff-will-face-impeachment-trial/</post_url>
<post_date>20160512</post_date>
<post_time></post_time>
<username></username>
<post>
News Brazil&apos;s president Dilma Rousseff WILL face impeachment trial Brazil ‘s President Dilma Rousseff has been suspended and will face trial after the country’s Senate voted to impeach her after a 20-hour deliberation on Thursday Rousseff, 68, was impeached for allegedly using illegal accounting tricks that critics said were meant to hide ballooning deficits and bolster an embattled government. The Senate’s vote, carried with 55 for and 22 against impeachment, could hurl Latin America’s largest country into political turmoil just months before it hosts the Summer Olympics. President Dilma Rousseff has been suspended and will face trial after the country’s Senate voted to impeach Brazil’s first female president, who was tortured under the country’s dictatorship, has frequently blasted the impeachment push as modern-day coup, arguing she had not been charged with a crime and previous presidents did similar things. She has also suggested that sexism in the male-dominated Congress played a role in the impeachment. Rousseff’s suspension and likely permanent removal ends 13 years of rule by the left-leaning Workers’ Party, which is credited with lifting millions out of abject poverty but vilified for being at the wheel when billions were siphoned from the state oil company Petrobras. Rousseff’s enraged backers called the move a coup d’etat and threatened wide-scale protests and strikes. Her foes, meanwhile, insisted that she had broken the law, and that the country’s deep political, social and economic woes could only be tackled… 
</post>
<signature>

</signature>
<external_links>

</external_links>
<country>CA</country>
<main_image>http://i.dailymail.co.uk/i/pix/2016/05/12/14/33FC8D0000000578-3586146-image-a-55_1463059347629.jpg</main_image>
</document>
