<?xml version="1.0" encoding="UTF-8"?>
<document>
<type>mainstream</type>
<forum>http://www.almasryalyoum.com/</forum>
<forum_title>المصري اليوم</forum_title>
<discussion_title>استشهاد ضابط برصاص مجهولين بكمين أمني برفح</discussion_title>
<language>arabic</language>
<gmt_offset></gmt_offset>
<topic_url>http://www.almasryalyoum.com/news/details/946136</topic_url>
<topic_text>
استشهد ضابط بقوات أمن شمال سيناء، اليوم الخميس، برصاص مسلحين مجهولين أثناء وقوفه بمحل خدمته بكمين أمني جنوب رفح.
أخبار متعلقة
انفجار عبوة ناسفة في كمين أمني بكرداسة
مقتل 3 تكفيريين وإصابة 3 آخرين في إحباط هجوم على كمين أمني برفح
ضبط 8 أشخاص لاتهامهم بـ«اغتيال ضابط و3 أمناء شرطة ومهاجمة كمينين» ببني سويف
وتلقت الأجهزة الأمنية بشمال سيناء إخطاراً باستشهاد الملازم أول منصور محمد،24 سنة، إثر إصابته بطلق ناري بالرقبة من قناص، أثناء وقوفه بمحل خدمته بكمين الماسورة جنوب رفح.
تم نقل جثة الشهيد إلى المستشفى العسكري بالعريش، وأخطرت الجهات المعنية للتحقيق.
</topic_text>
<spam_score>0.00</spam_score>
<post_num>1</post_num>
<post_id>post-1</post_id>
<post_url>http://www.almasryalyoum.com/news/details/946136</post_url>
<post_date>20160512</post_date>
<post_time></post_time>
<username>almasryalyoum.com</username>
<post>
استشهد ضابط بقوات أمن شمال سيناء، اليوم الخميس، برصاص مسلحين مجهولين أثناء وقوفه بمحل خدمته بكمين أمني جنوب رفح.
أخبار متعلقة
انفجار عبوة ناسفة في كمين أمني بكرداسة
مقتل 3 تكفيريين وإصابة 3 آخرين في إحباط هجوم على كمين أمني برفح
ضبط 8 أشخاص لاتهامهم بـ«اغتيال ضابط و3 أمناء شرطة ومهاجمة كمينين» ببني سويف
وتلقت الأجهزة الأمنية بشمال سيناء إخطاراً باستشهاد الملازم أول منصور محمد،24 سنة، إثر إصابته بطلق ناري بالرقبة من قناص، أثناء وقوفه بمحل خدمته بكمين الماسورة جنوب رفح.
تم نقل جثة الشهيد إلى المستشفى العسكري بالعريش، وأخطرت الجهات المعنية للتحقيق.
</post>
<signature>

</signature>
<external_links>

</external_links>
<country>US</country>
<main_image>http://media.almasryalyoum.com/News/VeryLarge//2013/05/18/115366/_trk8925.jpg</main_image>
</document>
