<?xml version="1.0" encoding="UTF-8"?>
<document>
<type>mainstream</type>
<forum>http://www.dailymail.co.uk/news/articles.rss</forum>
<forum_title>News Articles | Mail Online</forum_title>
<discussion_title>Half a million BBC iPlayer &apos;free riders&apos; will now have to pay the licence fee</discussion_title>
<language>english</language>
<gmt_offset></gmt_offset>
<topic_url>http://www.dailymail.co.uk/news/article-3586462/Half-million-BBC-iPlayer-free-riders-pay-licence-fee-classic-shows-pay-view.html</topic_url>
<topic_text>
90 shares 556
View
comments
The 500,000 &apos;free riders&apos; who watch the BBC for free on iPlayer will be forced to pay the licence fee - but experts say it will be easy to get round it.
The Government is closing the loophole allowing people to avoid paying £145.50-a-year by watching TV on their computer, tablet or phone.
The corporation is also being encouraged to charge viewers extra if they want to watch repeats of hit shows like Bake Off, Strictly and Sherlock if they are more than 30 days old.
In a series of BBC reforms the Culture Secretary John Whittingdale paved the way for the introduction of a separate subscription for the streaming device.
Big changes: The 500,000 people who watch BBC live - or its shows - via iPlayer for free will now have to pay the licence fee
Mr Whittingdale said online viewers who do not also have a TV licence would no longer get a &apos;free ride&apos; to watch shows such as Sherlock, left, and the Great British Bake Off, won last year by Nadiya Jamir Hussain, right
The BBC will be able to trial an additional subscription service to ensure that those watching hit shows outside the 30-day catch up window are made to pay extra.
The corporation will also be ordered to put password controls on its iPlayer service to ensure people have to pay up.
It could also lead to BBC fans in foreign countries paying to subscribe to services.
 2 Next BBC stars earning less than £450,000-a-year will keep their... Too hot for radio! Listeners are stunned by Woman&apos;s Hour... How the Queen&apos;s plastic umbrella &apos;acted like a satellite... EXCLUSIVE: Inside the eerie deserted dorms where Apple... &apos;This shouldn&apos;t be happening to him&apos;: Sex abuse claims have... 90 shares The government&apos;s white paper on the future of the corporation, published today, is expected to include plans to force iPlayer viewers to sign in before watching.
It will put a stop to those who currently access the service online but do not buy a TV licence because they don&apos;t watch live television.
Culture secretary John Whittingdale will also ask the BBC to trial an additional subscription service to ensure that those watching hit shows outside the 30-day catch up window are made to pay extra.
John Whittingdale, who has been under huge pressure over BBC reforms, and finally set out Government policy today
The corporation has been considering adding password controls to allow viewers to personalise the service.
But bosses are concerned that a future government could charge people a separate fee for iPlayer as well as their TV licence.
Last month Mr Whittingdale pledged to rush forward legislation to close the iPlayer loophole.
He said: &apos;The BBC works on the basis that all who watch it pay for it. Giving a free ride to those who enjoy Sherlock or Bake Off an hour, a day or a week after they are broadcast was never intended and is wrong.&apos;
Technology reporter David McClelland, a regular on BBC&apos;s Watchdog, warned the system could be open to abuse and it would need policing to be properly enforced.
He said: &apos;Obviously there would need to be many different user names per television licence because households will potentially have many family members in them.
&apos;You will inevitably get people who will try to subvert the system. You might have a household of two people with 30 people trying to register under the licence.
&apos;What&apos;s to say I wouldn&apos;t be able to share my user name and password with my mum and dad who may not wish to pay the television licence but still want to watch Match Of The Day because Leicester FC are doing well?
&apos;The BBC will have to look at how to try to stop that.&apos;
Dr George Buchanan, director of the Centre for Human-Computer Interaction Design at City University, said anyone &apos;technologically savvy&apos; will easily be able to get around the charge.
He said just as many British internet users now use proxy servers to access material only available in the US, the iPlayer proposals can also be &apos;circumvented&apos;.
He said: &apos;The practicalities are going to be quite hard to enforce consistently.
&apos;You will have a lot of people who have technological friends who will be able to circumvent these rules relatively easily, and those who are not so technologically savvy will have to pay whack.
&apos;I would say probably half the population could pretty easily get access to it without paying.
&apos;Those who are less technologically literate will pay over the odds. However, there will be a certain degree to which some people decide to pay up because it is easier.&apos;
Dr Enrico Bonadio, senior lecturer in intellectual property at the City Law School, said the introduction of a verification process for BBC iPlayer can be seen as part of a wider trend in which publishers try to protect and make consumers pay for their content in the internet age.
A spokesman for the DCMS said a statutory instrument to bring in the change will be laid before Parliament &apos;in the coming weeks&apos;.
The changes to force viewers to &apos;verify&apos; they are licence fee payers will be brought in &apos;later this year&apos;, the spokesman added.
Viewers were outraged by the decision to start charging for the iPlayer and some questioned how the BBC would enforce the new charge
Viewers suggested the BBC only charge for the programmes they watch while others called for the corporation to put its whole catalogue online if it starts charging for the iPlayer
</topic_text>
<spam_score>0.00</spam_score>
<post_num>85</post_num>
<post_id>post-85</post_id>
<post_url>http://www.dailymail.co.uk/news/article-3586462/Half-million-BBC-iPlayer-free-riders-pay-licence-fee-classic-shows-pay-view.html</post_url>
<post_date>20160512</post_date>
<post_time>1608</post_time>
<username>anon</username>
<post>
You will be surprised I pay near enough that too
</post>
<signature>

</signature>
<external_links>

</external_links>
<country>GB</country>
<main_image>http://i.dailymail.co.uk/i/pix/2016/05/12/10/191D1C1B000005DC-0-image-a-17_1463043934360.jpg</main_image>
</document>
