<?xml version="1.0" encoding="UTF-8"?>
<document>
<type>mainstream</type>
<forum>http://portalautomotriz.com//feed.xml</forum>
<forum_title>PortalAutomotriz.com - El Portal de la Industria Automotriz</forum_title>
<discussion_title>Mayor personalidad deportiva: el nuevo Competition Package para el BMW M3 y el BMW M4 ya está disponible en México</discussion_title>
<language>spanish</language>
<gmt_offset></gmt_offset>
<topic_url>http://www.portalautomotriz.com/noticias/corporativo-e-industria/mayor-personalidad-deportiva-el-nuevo-competition-package-para-el</topic_url>
<topic_text>
Enviar 3 El exclusivo Competition Package de BMW M GmbH para los BMW M3 Sedán, BMW M4 Coupé y BMW M4 Convertible, llega a México con el objetivo de llevar la personalización de alto desempeño al siguiente nivel. El paquete que además de brindar una mayor presencia deportiva, logra una dinámica de vehículo mejorada, e incluye características exclusivas como un aumento de 19 hp para llegar a 450 hp, y un sistema de escape deportivo M con sonido mejorado y tubos de escape en cromo negro. bmw_114.jpg 
Tanto el BMW M3 Sedán, como el BMW M4 Coupé con Transmisión M de Doble Embrague y 7 velocidades, logran con el nuevo Competition Package ir de 0 a 100 km/hr en 4.0 segundos; mientras que el BMW M4 Convertible alcanza la misma velocidad en 4.3 segundos. El desempeño mejorado también depende de los cambios en la puesta a punto de la suspensión que brinda este paquete, pues incluye la Suspensión M Adaptativa con nuevos resortes, nuevo software para amortiguadores y nuevas barras estabilizadoras, junto con nuevos ajustes en los modos de manejo (Comfort, Sport y Sport +). De igual forma, el Diferencial Activo M en el eje trasero y el Control Dinámico de Estabilidad (DSC), son configurados bajo la nueva dinámica del vehículo. Los rines M de 20 pulgadas forjados y maquinados, fueron optimizados en peso y rigidez para esta versión, -adelante 9J x 20; atrás 10J x 20–, con el exclusivo diseño 666 M en estrella neumáticos combinados (adelante: 265/30 R20; atrás: 285/30 R20), completando las mejoras en el chasis. 
En materia de diseño, el Competition Package es adornado por el acabado exterior Shadow Line en color negro de brillo intenso de BMW Individual. Este acabado ha sid colocado en los bordes de las ventanas, en los espejos laterales, en las parrillas en form de riñón de BMW, en las tomas de aire laterales, así como en el emblema de la parte posterior. El interior, por su parte, para el BMW M3 Sedán y BMW M4 Coupé, incluye asientos deportivos M especiales de bajo peso con respaldo abierto, que combina soporte en condiciones de manejo extremo, con un gran confort para viajes largos, elementos como los colores M en los cinturones de seguridad. 
BMW Competition Package – BMW M3 Sedán y BMW M4 Coupé 
Precio: $65, 800 MXN 
BMW Competition Package – BMW M4 Convertible 
Precio: $47, 800 MXN
</topic_text>
<spam_score>0.00</spam_score>
<post_num>1</post_num>
<post_id>post-1</post_id>
<post_url>http://www.portalautomotriz.com/noticias/corporativo-e-industria/mayor-personalidad-deportiva-el-nuevo-competition-package-para-el</post_url>
<post_date>20160512</post_date>
<post_time>1600</post_time>
<username>Alejandra Lindoro Díaz</username>
<post>
Enviar 3 El exclusivo Competition Package de BMW M GmbH para los BMW M3 Sedán, BMW M4 Coupé y BMW M4 Convertible, llega a México con el objetivo de llevar la personalización de alto desempeño al siguiente nivel. El paquete que además de brindar una mayor presencia deportiva, logra una dinámica de vehículo mejorada, e incluye características exclusivas como un aumento de 19 hp para llegar a 450 hp, y un sistema de escape deportivo M con sonido mejorado y tubos de escape en cromo negro. bmw_114.jpg 
Tanto el BMW M3 Sedán, como el BMW M4 Coupé con Transmisión M de Doble Embrague y 7 velocidades, logran con el nuevo Competition Package ir de 0 a 100 km/hr en 4.0 segundos; mientras que el BMW M4 Convertible alcanza la misma velocidad en 4.3 segundos. El desempeño mejorado también depende de los cambios en la puesta a punto de la suspensión que brinda este paquete, pues incluye la Suspensión M Adaptativa con nuevos resortes, nuevo software para amortiguadores y nuevas barras estabilizadoras, junto con nuevos ajustes en los modos de manejo (Comfort, Sport y Sport +). De igual forma, el Diferencial Activo M en el eje trasero y el Control Dinámico de Estabilidad (DSC), son configurados bajo la nueva dinámica del vehículo. Los rines M de 20 pulgadas forjados y maquinados, fueron optimizados en peso y rigidez para esta versión, -adelante 9J x 20; atrás 10J x 20–, con el exclusivo diseño 666 M en estrella neumáticos combinados (adelante: 265/30 R20; atrás: 285/30 R20), completando las mejoras en el chasis. 
En materia de diseño, el Competition Package es adornado por el acabado exterior Shadow Line en color negro de brillo intenso de BMW Individual. Este acabado ha sid colocado en los bordes de las ventanas, en los espejos laterales, en las parrillas en form de riñón de BMW, en las tomas de aire laterales, así como en el emblema de la parte posterior. El interior, por su parte, para el BMW M3 Sedán y BMW M4 Coupé, incluye asientos deportivos M especiales de bajo peso con respaldo abierto, que combina soporte en condiciones de manejo extremo, con un gran confort para viajes largos, elementos como los colores M en los cinturones de seguridad. 
BMW Competition Package – BMW M3 Sedán y BMW M4 Coupé 
Precio: $65, 800 MXN 
BMW Competition Package – BMW M4 Convertible 
Precio: $47, 800 MXN
</post>
<signature>

</signature>
<external_links>

</external_links>
<country>US</country>
<main_image>http://www.portalautomotriz.com/sites/default/files/media/photos/bmw_114.jpg</main_image>
</document>
