<?xml version="1.0" encoding="UTF-8"?>
<document>
<type>mainstream</type>
<forum>http://www.bignewsnetwork.com/index.php/nav/rss/dfb5c895ca980c17</forum>
<forum_title>Latest Big News Network RSS Feeds</forum_title>
<discussion_title>Wrestlers Ravinder, Babita latest to book Rio berth</discussion_title>
<language>english</language>
<gmt_offset></gmt_offset>
<topic_url>http://www.bignewsnetwork.com/news/244017795/wrestlers-ravinder-babita-latest-to-book-rio-berth</topic_url>
<topic_text>
Wrestlers Ravinder, Babita latest to book Rio berth IANS   New Delhi, May 12 (IANS) The total number of quota places for India, emerging as a global power in wrestling, has swelled to eight after Ravinder Khatri and Babita Kumari booked their spots for the upcoming Rio Olympics, slated to be held from August 5 to 21.
Both Ravinder and Babita confirmed their ticket to Rio after their rivals failed a dope test. 
Khatri was awarded the berth in the Greco-Roman 85kg after Kenzheev Zhanarbek of Kyrgyzstan tested positive at the Asian Olympic qualifier while Babita booked the berth after Mongolian wrestler Sumiya Erdenechimeg failed the dope test in 53kg freestyle at the same event. 
Last week, Vinesh Phogat and Sakshi Malik secured Rio berths in 48kg and 58kg, respectively, at the second World Olympic Qualifying tournament in a historic feat of two Indian women wrestlers qualifying for Olympics for the first time. 
While Vinesh won a gold in 48kg category, Sakshi bagged a silver in 58kg class as they booked a Rio Games quota place each for the country. 
This is the first time three women wrestlers from India have qualified for the Olympics. Geeta Phogat was India&apos;s lone female wrestler competing at the London Games four year ago. 
The Rio Games will also be the first time that India will be represented in all three formats -- men&apos;s freestyle, female wrestling and Greco-Roman. 
--IANS
</topic_text>
<spam_score>0.00</spam_score>
<post_num>1</post_num>
<post_id>post-1</post_id>
<post_url>http://www.bignewsnetwork.com/news/244017795/wrestlers-ravinder-babita-latest-to-book-rio-berth</post_url>
<post_date>20160512</post_date>
<post_time>1159</post_time>
<username></username>
<post>
Wrestlers Ravinder, Babita latest to book Rio berth IANS   New Delhi, May 12 (IANS) The total number of quota places for India, emerging as a global power in wrestling, has swelled to eight after Ravinder Khatri and Babita Kumari booked their spots for the upcoming Rio Olympics, slated to be held from August 5 to 21.
Both Ravinder and Babita confirmed their ticket to Rio after their rivals failed a dope test. 
Khatri was awarded the berth in the Greco-Roman 85kg after Kenzheev Zhanarbek of Kyrgyzstan tested positive at the Asian Olympic qualifier while Babita booked the berth after Mongolian wrestler Sumiya Erdenechimeg failed the dope test in 53kg freestyle at the same event. 
Last week, Vinesh Phogat and Sakshi Malik secured Rio berths in 48kg and 58kg, respectively, at the second World Olympic Qualifying tournament in a historic feat of two Indian women wrestlers qualifying for Olympics for the first time. 
While Vinesh won a gold in 48kg category, Sakshi bagged a silver in 58kg class as they booked a Rio Games quota place each for the country. 
This is the first time three women wrestlers from India have qualified for the Olympics. Geeta Phogat was India&apos;s lone female wrestler competing at the London Games four year ago. 
The Rio Games will also be the first time that India will be represented in all three formats -- men&apos;s freestyle, female wrestling and Greco-Roman. 
--IANS
</post>
<signature>

</signature>
<external_links>

</external_links>
<country>US</country>
<main_image>http://www.bignewsnetwork.com/images/big-news-network-slogan.jpg</main_image>
</document>
