<?xml version="1.0" encoding="UTF-8"?>
<document>
<type>mainstream</type>
<forum>http://biertijd.com/xml-rss2.php</forum>
<forum_title>Biertijd.com</forum_title>
<discussion_title>Gold Bar Rim Cliff Riding</discussion_title>
<language>dutch</language>
<gmt_offset></gmt_offset>
<topic_url>http://biertijd.com/index.php?itemid=60939</topic_url>
<topic_text>
Best Of Dashcams - Bad Driving In Europe (47) &gt;&gt; Gold Bar Rim Cliff Riding Fietsen door de bossen en over bergpaadjes is simpelweg tof. Maar of het veilig is is een ander verhaal. 10 May &apos;16 - cat: WTF! Door: Patrick Comments Sorry, maar deze twee gasten zijn gek, knettergek. Als het fout gaat moeten andere mensen hun leven wagen om ze op te halen. Sorry, zonder hersens geboren. grijzevos | 10 May &apos;16 | 22:37 Reactie
</topic_text>
<spam_score>0.00</spam_score>
<post_num>1</post_num>
<post_id>post-1</post_id>
<post_url>http://biertijd.com/index.php?itemid=60939</post_url>
<post_date>20160510</post_date>
<post_time>2030</post_time>
<username></username>
<post>
Best Of Dashcams - Bad Driving In Europe (47) &gt;&gt; Gold Bar Rim Cliff Riding Fietsen door de bossen en over bergpaadjes is simpelweg tof. Maar of het veilig is is een ander verhaal. 10 May &apos;16 - cat: WTF! Door: Patrick Comments Sorry, maar deze twee gasten zijn gek, knettergek. Als het fout gaat moeten andere mensen hun leven wagen om ze op te halen. Sorry, zonder hersens geboren. grijzevos | 10 May &apos;16 | 22:37 Reactie
</post>
<signature>

</signature>
<external_links>

</external_links>
<country>NL</country>
<main_image></main_image>
</document>
