<?xml version="1.0" encoding="UTF-8"?>
<document>
<type>mainstream</type>
<forum>http://chelyabinsk.bezformata.ru/rss.xml</forum>
<forum_title>Новости города БезФормата.Ru Челябинская область Челябинск</forum_title>
<discussion_title>Приближается непогода</discussion_title>
<language>russian</language>
<gmt_offset></gmt_offset>
<topic_url>http://kusa.bezformata.ru/listnews/priblizhaetsya-nepogoda/46771918/</topic_url>
<topic_text>
Центр Белгородская область Брянская область Владимирская область Воронежская область г. Москва Ивановская область Калужская область Костромская область Курская область Липецкая область Московская область Орловская область Рязанская область Смоленская область Тамбовская область Тверская область Тульская область Ярославская область Приволжье Кировская область Нижегородская область Оренбургская область Пензенская область Пермский край Республика Башкортостан Республика Марий Эл Республика Мордовия Республика Татарстан Самарская область Саратовская область Удмуртская Республика Ульяновская область Чувашская Республика Сибирь
</topic_text>
<spam_score>0.00</spam_score>
<post_num>1</post_num>
<post_id>post-1</post_id>
<post_url>http://kusa.bezformata.ru/listnews/priblizhaetsya-nepogoda/46771918/</post_url>
<post_date>20160512</post_date>
<post_time>1432</post_time>
<username></username>
<post>
Центр Белгородская область Брянская область Владимирская область Воронежская область г. Москва Ивановская область Калужская область Костромская область Курская область Липецкая область Московская область Орловская область Рязанская область Смоленская область Тамбовская область Тверская область Тульская область Ярославская область Приволжье Кировская область Нижегородская область Оренбургская область Пензенская область Пермский край Республика Башкортостан Республика Марий Эл Республика Мордовия Республика Татарстан Самарская область Саратовская область Удмуртская Республика Ульяновская область Чувашская Республика Сибирь
</post>
<signature>

</signature>
<external_links>

</external_links>
<country>RU</country>
<main_image></main_image>
</document>
