<?xml version="1.0" encoding="UTF-8"?>
<document>
<type>mainstream</type>
<forum>http://www.youm7.com/سياسة-319</forum>
<forum_title>سياسة | اليوم السابع</forum_title>
<discussion_title>نقيب المحامين: من يلمحون لفرض الحراسة على &quot;الصحفيين&quot; بحاجة إلى قراءة الدستور</discussion_title>
<language>arabic</language>
<gmt_offset></gmt_offset>
<topic_url>http://www.youm7.com/story/2016/5/12/نقيب-المحامين--من-يلمحون-لفرض-الحراسة-على-الصحفيين-بحاجة-إلى/2714951</topic_url>
<topic_text>
أكد سامح عاشور، نقيب المحامين، أن الدستور المصرى يشدد على أنه لا يجوز فرض الحراسة على أى نقابة مهنية.
وأضاف نقيب المحامين، فى تصريح لـ&quot;اليوم السابع&quot; أن تصريحات بعض النواب التى تلمح بفرض الحراسة على نقابة الصحفيين، تؤكد حاجتهم لقراءة الدستور، مشيرًا إلى أن من يهددون بفرض الحراسة يجهلون الدستور المصرى والمادة الخاصة بتنظيم إنشاء النقابات المهنية وإدارتها.
موضوعات متعلقة..
- نقيب المحامين: الحماية المدنية تؤمن جميع مقرات وأندية النقابة ضد الحرائق
</topic_text>
<spam_score>0.00</spam_score>
<post_num>2</post_num>
<post_id>post-2</post_id>
<post_url>http://www.youm7.com/story/2016/5/12/نقيب-المحامين--من-يلمحون-لفرض-الحراسة-على-الصحفيين-بحاجة-إلى/2714951</post_url>
<post_date>20160512</post_date>
<post_time>0248</post_time>
<username>مصطفى</username>
<post>
القانون فوق الجميع القانون فوق الجميع وعلى راسهم نقابة المحامين و الصحفين والاطباء واضح ان هذة النقابات فاكرة على راسها ريشة يا سيادة النقيب لو كل نقابة سوف تحمى الخارجين عن القانون بحجة الدستور والحصانات بيقى مطلوب اعادة النظر فى هذة القوانين تحيا مصر وعاشت الشرطة المصرية وابطال الجيش الذى يدافع عن المصرين مش اللى بيدافع عن المجرمين وتجار المخدرات والحرمية باسم القانون
</post>
<signature>

</signature>
<external_links>

</external_links>
<country>US</country>
<main_image>http://img.youm7.com/images/NewsPics/large/320169142048362HASSAN-MOHAMED-(2).jpg?v543</main_image>
</document>
