<?xml version="1.0" encoding="UTF-8"?>
<document>
<type>mainstream</type>
<forum>http://www.postandcourier.com/apps/pbcs.dll/section?Category=PC16&amp;template=rss&amp;mime=XML</forum>
<forum_title>News</forum_title>
<discussion_title>Trump, Ryan describe meeting as &apos;very positive step toward unification&apos;</discussion_title>
<language>english</language>
<gmt_offset></gmt_offset>
<topic_url>http://www.postandcourier.com/20160512/160519798/trump-ryan-describe-meeting-as-very-positive-step-toward-unification&amp;ampsource=RSS</topic_url>
<topic_text>
Trump, Ryan describe meeting as ‘very positive step toward unification’ 
By ERICA WERNER 
AP Congressional Correspondent May 12 2016 12:09 pm May 12 12:10 pm House Speaker Paul Ryan (R-Wis.) at a news conference following a meeting with Donald Trump, the presumptive Republican nominee, at the Capitol Building in Washington Thursday. Trump’s meetings with Speaker Ryan and other Republican leaders wary of supporting him represent a critical test for his candidacy. (Zach Gibson/The New York Times) × WASHINGTON — Donald Trump and House Speaker Paul Ryan pledged to work together despite their differences after a meeting Thursday aimed at repairing their breach and unifying a party torn over Trump’s rise to the cusp of the GOP presidential nomination. They issued a statement describing their meeting as a “very positive step toward unification” that recognized “many important areas of common ground” as well as areas where they disagree. Ryan has yet to come out in support of Trump, a week after stunning Republicans by withholding his endorsement. But their statement suggested both are invested in tamping down the Republican infighting as they try to pull the GOP together for the fight against Hilary Clinton and Democrats in the fall. The much-anticipated meeting unfolded Thursday morning as more Republicans have begun urging the party to put the extraordinary discord behind. “The meeting was great,” Reince Priebus, chairman of the Republican National Committee, tweeted after. “It was a very positive step toward party unity.” Priebus attended the opening meeting with the two before Trump and Ryan sat down with a small group of GOP House leaders. Trump entered the RNC building, the venue a few blocks from the Capitol, through a side door as about a dozen protesters who oppose his immigration positions demonstrated at the front, chanting “Down, down with deportation. Up, up with liberation.” They tried to deliver a cardboard coffin to the RNC representing the suffering of immigrants under GOP policies and what they say will be the death of the party under Trump. They were not allowed inside. Democratic Rep. Joaquin Castro of Texas walked by and remarked that Trump is “tearing people apart. You can see the circus out here. He’s just bad for the country.” Republican Rep. Lee Zeldin of New York, a Trump supporter, said it will help both the candidate and the speaker if they can work through their differences. “I don’t think it’s do or die, any endorsement in particular,” he said outside the building. But “Donald Trump’s candidacy is strengthened with an endorsement from the most powerful person, top-ranking Republican in the country. It helps.” On the eve of the meetings, Trump eased his defiant tone of recent days. Asked on Fox News who leads the party in his view, he said Ryan. “I would say Paul for the time being and maybe for a long time,” he said. “We can always have differences,” he said. “If you agree on 70 percent, that’s always a lot.” The two men represent vastly different visions for the Republican Party, and whether they can come together may foretell whether the GOP will heal itself after a bruising primary season or face irrevocable rupture. Trump, for years a registered Democrat, has offended women, Hispanics, and others while violating establishment party orthodoxy on numerous issues Ryan holds dear, from trade to wages to religious freedom. Ryan, a policy-focused conservative, insists the GOP must be a party of ideas, and has championed an agenda that has drawn Trump’s scorn by pushing cuts in Medicare and other government programs. Indeed, a broader swath of Republican voters appears to be moving behind Trump, despite big-name holdouts such as Ryan, both former president Bushes and the party’s 2012 nominee, Mitt Romney. Romney went after Trump on Wednesday over his refusal thus far to release his taxes, calling it “disqualifying” and asserting that the only explanation must be “a bombshell of unusual size.” Still, almost two in three Republican-leaning voters now view Trump favorably, compared with 31 percent who view him unfavorably, according to a national Gallup Poll taken last week. The numbers represent a near total reversal from Gallup’s survey in early March. And on Capitol Hill, where Ryan has managed to remain popular since taking over as speaker in the fall, some Republicans made clear that they would like to see him come around to supporting Trump sooner rather than later. Rep. Tom Cole of Oklahoma, an ally of GOP leadership, said Thursday his biggest worry about Trump is that he is “‘unpredictable.” Yet Trump is also a “change agent,” Cole said. “That’s exactly what people want right now, so in that sense he’s very well-positioned for a general election.” “It seems to me they have every incentive to find common ground,” he said of Trump and Ryan, “because to be successful they both in a sense need one another.” Three meetings were on tap for Trump: the one with Ryan and the party chairman, then with Ryan joined by other senior House GOP leaders and one with Senate Majority Leader Mitch McConnell and other top Senate Republicans. McConnell was quick to embrace the mogul after he clinched the nomination and said this week that Trump is looking like he’ll be “very competitive” in November. ——— Associated Press writers Steve Peoples, Thomas Beaumont, Alan Fram, Mary Clare Jalonick and Lisa Lerer contributed to this report. Keywords Most Popular
</topic_text>
<spam_score>0.00</spam_score>
<post_num>1</post_num>
<post_id>post-1</post_id>
<post_url>http://www.postandcourier.com/20160512/160519798/trump-ryan-describe-meeting-as-very-positive-step-toward-unification&amp;ampsource=RSS</post_url>
<post_date>20160512</post_date>
<post_time>1709</post_time>
<username></username>
<post>
Trump, Ryan describe meeting as ‘very positive step toward unification’ 
By ERICA WERNER 
AP Congressional Correspondent May 12 2016 12:09 pm May 12 12:10 pm House Speaker Paul Ryan (R-Wis.) at a news conference following a meeting with Donald Trump, the presumptive Republican nominee, at the Capitol Building in Washington Thursday. Trump’s meetings with Speaker Ryan and other Republican leaders wary of supporting him represent a critical test for his candidacy. (Zach Gibson/The New York Times) × WASHINGTON — Donald Trump and House Speaker Paul Ryan pledged to work together despite their differences after a meeting Thursday aimed at repairing their breach and unifying a party torn over Trump’s rise to the cusp of the GOP presidential nomination. They issued a statement describing their meeting as a “very positive step toward unification” that recognized “many important areas of common ground” as well as areas where they disagree. Ryan has yet to come out in support of Trump, a week after stunning Republicans by withholding his endorsement. But their statement suggested both are invested in tamping down the Republican infighting as they try to pull the GOP together for the fight against Hilary Clinton and Democrats in the fall. The much-anticipated meeting unfolded Thursday morning as more Republicans have begun urging the party to put the extraordinary discord behind. “The meeting was great,” Reince Priebus, chairman of the Republican National Committee, tweeted after. “It was a very positive step toward party unity.” Priebus attended the opening meeting with the two before Trump and Ryan sat down with a small group of GOP House leaders. Trump entered the RNC building, the venue a few blocks from the Capitol, through a side door as about a dozen protesters who oppose his immigration positions demonstrated at the front, chanting “Down, down with deportation. Up, up with liberation.” They tried to deliver a cardboard coffin to the RNC representing the suffering of immigrants under GOP policies and what they say will be the death of the party under Trump. They were not allowed inside. Democratic Rep. Joaquin Castro of Texas walked by and remarked that Trump is “tearing people apart. You can see the circus out here. He’s just bad for the country.” Republican Rep. Lee Zeldin of New York, a Trump supporter, said it will help both the candidate and the speaker if they can work through their differences. “I don’t think it’s do or die, any endorsement in particular,” he said outside the building. But “Donald Trump’s candidacy is strengthened with an endorsement from the most powerful person, top-ranking Republican in the country. It helps.” On the eve of the meetings, Trump eased his defiant tone of recent days. Asked on Fox News who leads the party in his view, he said Ryan. “I would say Paul for the time being and maybe for a long time,” he said. “We can always have differences,” he said. “If you agree on 70 percent, that’s always a lot.” The two men represent vastly different visions for the Republican Party, and whether they can come together may foretell whether the GOP will heal itself after a bruising primary season or face irrevocable rupture. Trump, for years a registered Democrat, has offended women, Hispanics, and others while violating establishment party orthodoxy on numerous issues Ryan holds dear, from trade to wages to religious freedom. Ryan, a policy-focused conservative, insists the GOP must be a party of ideas, and has championed an agenda that has drawn Trump’s scorn by pushing cuts in Medicare and other government programs. Indeed, a broader swath of Republican voters appears to be moving behind Trump, despite big-name holdouts such as Ryan, both former president Bushes and the party’s 2012 nominee, Mitt Romney. Romney went after Trump on Wednesday over his refusal thus far to release his taxes, calling it “disqualifying” and asserting that the only explanation must be “a bombshell of unusual size.” Still, almost two in three Republican-leaning voters now view Trump favorably, compared with 31 percent who view him unfavorably, according to a national Gallup Poll taken last week. The numbers represent a near total reversal from Gallup’s survey in early March. And on Capitol Hill, where Ryan has managed to remain popular since taking over as speaker in the fall, some Republicans made clear that they would like to see him come around to supporting Trump sooner rather than later. Rep. Tom Cole of Oklahoma, an ally of GOP leadership, said Thursday his biggest worry about Trump is that he is “‘unpredictable.” Yet Trump is also a “change agent,” Cole said. “That’s exactly what people want right now, so in that sense he’s very well-positioned for a general election.” “It seems to me they have every incentive to find common ground,” he said of Trump and Ryan, “because to be successful they both in a sense need one another.” Three meetings were on tap for Trump: the one with Ryan and the party chairman, then with Ryan joined by other senior House GOP leaders and one with Senate Majority Leader Mitch McConnell and other top Senate Republicans. McConnell was quick to embrace the mogul after he clinched the nomination and said this week that Trump is looking like he’ll be “very competitive” in November. ——— Associated Press writers Steve Peoples, Thomas Beaumont, Alan Fram, Mary Clare Jalonick and Lisa Lerer contributed to this report. Keywords Most Popular
</post>
<signature>

</signature>
<external_links>

</external_links>
<country>US</country>
<main_image>http://www.postandcourier.com/storyimage/CP/20160512/PC1603/160519798/AR/0/AR-160519798.jpg</main_image>
</document>
