<?xml version="1.0" encoding="UTF-8"?>
<document>
<type>mainstream</type>
<forum>http://www.elnortedecastilla.es/tecnologia/gadgets/</forum>
<forum_title>Gadgets . elnortedecastilla.es</forum_title>
<discussion_title>La Universidad de Valladolid homenajea al historiador Celso Almuiña</discussion_title>
<language>spanish</language>
<gmt_offset></gmt_offset>
<topic_url>http://www.elnortedecastilla.es/culturas/libros/201605/12/universidad-valladolid-homenajea-historiador-20160512175345.html</topic_url>
<topic_text>
Ente su maestro, Luis Miguel Enciso, y sus discípulos, junto a sus compañeros y respaldado por el rector, así recibió Celso Almuiña, catedrático de Historia Contemporánea el homenaje de la Universidad de Valladolid en la que ha recorrido casi todos los escalones y cargos posibles. La vertiente investigadora, la docente, la gestora y la humana se sucedieron en las intervenciones de sus colegas y amigos. De todo ello da cuenta además el libro que ha publicado la Universidad de Valladolid, ‘Estudios de homenaje al profesor Celso Almuiña Fernández: Historia, Periodismo y Comunicación’.
El departamento en el que Almuiña entró como profesor adjunto, el de Historia Moderna, ha ido sumando apellidos y áreas coincidentes en cierta manera con la carrera del gallego-vallisoletano. Así lo fueron rememorando Milagros Alario, decana de Filosofía y Letras, Rosa María González, la directora del departamento que hoy abarca la Historia Moderna, Contemporánea, de América, Periodismo, Comunicación Audiovisual y Publicidad, y el catedrático emérito Luis Miguel Enciso.
Precisamente este último fue el maestro de Almuiña, quien abrió en él la curiosidad por la opinión pública y el estudio de la prensa. De ahí nace su tesis sobre la ‘Historia de la Prensa de Valladolid en el siglo XIX’.
Rosa González fue la encargada de presentar el libro homenaje que recoge una primera parte dedicada a destacar «un hombre que ha enseñado historia, ha hecho historia y ha enseñado a otros a hacerla». Una segunda parte de trabajos sobre Historia Moderna y de América firmados por sus colegas. Una tercera centrada en la Contemporánea y una cuarta sobre la línea de investigación que acabó en Facultad, los trabajos aportados por los profesores de Periodismo.
Los profesores Ricardo Martín de la Guardia, Guillermo Pérez, Teófanes Egido, el padre Palomares o Germán Delibes estuvieron entre el público que aplaudió al homenajeado en el salón Lope de Rueda.
 El alcalde no descarta anular la selección de un periodista tras las denuncias de los aspirantes 7 El 8 El Estado Islámico arremete contra Al-Qaida por la liberación de los periodistas españoles 9 Sánchez 10 La huella de Isabel Carrasco se pierde en el tiempo 
</topic_text>
<spam_score>0.00</spam_score>
<post_num>1</post_num>
<post_id>post-1</post_id>
<post_url>http://www.elnortedecastilla.es/culturas/libros/201605/12/universidad-valladolid-homenajea-historiador-20160512175345.html</post_url>
<post_date>20160512</post_date>
<post_time>1800</post_time>
<username>Victoria M. Niño</username>
<post>
Ente su maestro, Luis Miguel Enciso, y sus discípulos, junto a sus compañeros y respaldado por el rector, así recibió Celso Almuiña, catedrático de Historia Contemporánea el homenaje de la Universidad de Valladolid en la que ha recorrido casi todos los escalones y cargos posibles. La vertiente investigadora, la docente, la gestora y la humana se sucedieron en las intervenciones de sus colegas y amigos. De todo ello da cuenta además el libro que ha publicado la Universidad de Valladolid, ‘Estudios de homenaje al profesor Celso Almuiña Fernández: Historia, Periodismo y Comunicación’.
El departamento en el que Almuiña entró como profesor adjunto, el de Historia Moderna, ha ido sumando apellidos y áreas coincidentes en cierta manera con la carrera del gallego-vallisoletano. Así lo fueron rememorando Milagros Alario, decana de Filosofía y Letras, Rosa María González, la directora del departamento que hoy abarca la Historia Moderna, Contemporánea, de América, Periodismo, Comunicación Audiovisual y Publicidad, y el catedrático emérito Luis Miguel Enciso.
Precisamente este último fue el maestro de Almuiña, quien abrió en él la curiosidad por la opinión pública y el estudio de la prensa. De ahí nace su tesis sobre la ‘Historia de la Prensa de Valladolid en el siglo XIX’.
Rosa González fue la encargada de presentar el libro homenaje que recoge una primera parte dedicada a destacar «un hombre que ha enseñado historia, ha hecho historia y ha enseñado a otros a hacerla». Una segunda parte de trabajos sobre Historia Moderna y de América firmados por sus colegas. Una tercera centrada en la Contemporánea y una cuarta sobre la línea de investigación que acabó en Facultad, los trabajos aportados por los profesores de Periodismo.
Los profesores Ricardo Martín de la Guardia, Guillermo Pérez, Teófanes Egido, el padre Palomares o Germán Delibes estuvieron entre el público que aplaudió al homenajeado en el salón Lope de Rueda.
 El alcalde no descarta anular la selección de un periodista tras las denuncias de los aspirantes 7 El 8 El Estado Islámico arremete contra Al-Qaida por la liberación de los periodistas españoles 9 Sánchez 10 La huella de Isabel Carrasco se pierde en el tiempo 
</post>
<signature>

</signature>
<external_links>
<external_link>http://www.addthis.com/bookmark.php</external_link>
</external_links>
<country>ES</country>
<main_image>http://www.elnortedecastilla.es/noticias/201605/12/media/cortadas/Celso_xoptimizadax--575x323.jpg</main_image>
</document>
