<?xml version="1.0" encoding="UTF-8"?>
<document>
<type>mainstream</type>
<forum></forum>
<forum_title></forum_title>
<discussion_title>No permiten ingreso a edificio de constructora CDO que presentaba problemas | Noticias RCN</discussion_title>
<language>spanish</language>
<gmt_offset></gmt_offset>
<topic_url>http://noticiasrcn.com/nacional-pais/no-permiten-ingreso-edificio-constructora-cdo-presentaba-problemas</topic_url>
<topic_text>
No permiten ingreso a edificio de constructora CDO que presentaba problemas País - Mayo 12 de 2016, 10:38 am Un grupo de vecinos de Continental Towers, edificio construido por Alsacia CDO denunció que el horas pasadas llamaron a los Bomberos de la ciudad, alarmados porque se escuchaban ruidos extraños que, al parecer, provenían del edificio. Un grupo de vecinos de Continental Towers, edificio construido por Alsacia CDO denunció que el horas pasadas llamaron a los Bomberos de la ciudad, alarmados porque se escuchaban ruidos extraños que, al parecer, provenían del edificio. Una tripulación de Bomberos acudió al lugar pero los habitantes de la zona denunciaron que el personal de la empresa de vigilancia privada impidió que los socorristas ingresaran al complejo habitacional para verificar las condiciones del edificio. Esta denuncia fue respaldada por el director del Dagrd, Camilo Zapata Wills. “En la madrugada de hizo una visita en el barrio El Poblado, en el edificio Continental Towers, por solicitud de la comunidad. Al llegar al sitio, se les negó el ingreso por parte de la empresa de vigilancia. La construcción está evacuada por una recomendación del Dagrd”, señaló el funcionario. Los 109 apartamentos de Continental Towers permanecen evacuados desde 2013, cuando se detectaron fallas estructurales, luego del desplome de Space. Los dos edificios están ubicados en el barrio El Poblado. Actualmente, en la Curaduría Urbana Primera de Medellín se tramita una propuesta de repotenciación que presentó la constructora Alsacia CDO, pese a la negativa de los propietarios de habitar nuevamente los apartamentos. Colombia cdo Medellín 
</topic_text>
<spam_score>0.00</spam_score>
<post_num>1</post_num>
<post_id>post-1</post_id>
<post_url>http://noticiasrcn.com/nacional-pais/no-permiten-ingreso-edificio-constructora-cdo-presentaba-problemas</post_url>
<post_date>20160512</post_date>
<post_time></post_time>
<username></username>
<post>
No permiten ingreso a edificio de constructora CDO que presentaba problemas País - Mayo 12 de 2016, 10:38 am Un grupo de vecinos de Continental Towers, edificio construido por Alsacia CDO denunció que el horas pasadas llamaron a los Bomberos de la ciudad, alarmados porque se escuchaban ruidos extraños que, al parecer, provenían del edificio. Un grupo de vecinos de Continental Towers, edificio construido por Alsacia CDO denunció que el horas pasadas llamaron a los Bomberos de la ciudad, alarmados porque se escuchaban ruidos extraños que, al parecer, provenían del edificio. Una tripulación de Bomberos acudió al lugar pero los habitantes de la zona denunciaron que el personal de la empresa de vigilancia privada impidió que los socorristas ingresaran al complejo habitacional para verificar las condiciones del edificio. Esta denuncia fue respaldada por el director del Dagrd, Camilo Zapata Wills. “En la madrugada de hizo una visita en el barrio El Poblado, en el edificio Continental Towers, por solicitud de la comunidad. Al llegar al sitio, se les negó el ingreso por parte de la empresa de vigilancia. La construcción está evacuada por una recomendación del Dagrd”, señaló el funcionario. Los 109 apartamentos de Continental Towers permanecen evacuados desde 2013, cuando se detectaron fallas estructurales, luego del desplome de Space. Los dos edificios están ubicados en el barrio El Poblado. Actualmente, en la Curaduría Urbana Primera de Medellín se tramita una propuesta de repotenciación que presentó la constructora Alsacia CDO, pese a la negativa de los propietarios de habitar nuevamente los apartamentos. Colombia cdo Medellín 
</post>
<signature>

</signature>
<external_links>

</external_links>
<country>US</country>
<main_image>http://www.noticiasrcn.com/sites/default/files/styles/thumbnail/public/noticias/otroedificioenpeligro1510131230pm_0.jpg?itok=L7JaxpLF</main_image>
</document>
