<?xml version="1.0" encoding="UTF-8"?>
<document>
<type>mainstream</type>
<forum>http://wn.com/Lara_Dutta?upload_time=all_time&amp;orderby=published</forum>
<forum_title>Lara Dutta</forum_title>
<discussion_title>How Spent Time With Family on Her Birthday</discussion_title>
<language>english</language>
<gmt_offset>0</gmt_offset>
<topic_url>http://article.wn.com/view/2016/04/17/How_Lara_Spent_Time_With_Family_on_Her_Birthday/</topic_url>
<topic_text>
As we all know, the much-loved Lara Dutta recently turned a year older. And as it so happens, the actress brought in her birthday in the best way possible. She decided spend her” B-day” with her family members in the beautiful Mauritius .
</topic_text>
<spam_score>0.00</spam_score>
<post_num>1</post_num>
<post_id>post-1</post_id>
<post_url>http://article.wn.com/view/2016/04/17/How_Lara_Spent_Time_With_Family_on_Her_Birthday/</post_url>
<post_date>20160417</post_date>
<post_time></post_time>
<username>wn.com</username>
<post>
As we all know, the much-loved Lara Dutta recently turned a year older. And as it so happens, the actress brought in her birthday in the best way possible. She decided spend her” B-day” with her family members in the beautiful Mauritius .
</post>
<signature>

</signature>
<external_links>

</external_links>
<country>GB</country>
<main_image>http://i.ytimg.com/vi/xYRwWJExh_Y/0.jpg</main_image>
</document>
