<?xml version="1.0" encoding="UTF-8"?>
<document>
<type>mainstream</type>
<forum></forum>
<forum_title></forum_title>
<discussion_title>| الديار</discussion_title>
<language>arabic</language>
<gmt_offset></gmt_offset>
<topic_url>http://www.addiyar.com/article/1169733-article</topic_url>
<topic_text>
هذا البريد الإلكتروني مسجّل مسبقا لقد تمّ تسجيلك بنجاح حصل خطأ ما. اللرّجاء المحاولة من جديد الرجاء إدخال بريدك الإلكتروني 
</topic_text>
<spam_score>0.00</spam_score>
<post_num>1</post_num>
<post_id>post-1</post_id>
<post_url>http://www.addiyar.com/article/1169733-article</post_url>
<post_date>20160512</post_date>
<post_time></post_time>
<username></username>
<post>
هذا البريد الإلكتروني مسجّل مسبقا لقد تمّ تسجيلك بنجاح حصل خطأ ما. اللرّجاء المحاولة من جديد الرجاء إدخال بريدك الإلكتروني 
</post>
<signature>

</signature>
<external_links>

</external_links>
<country>US</country>
<main_image>http://static.addiyar.com/storage/attachments/1170/caricature-12_05_2016_979741_large.jpg</main_image>
</document>
