<?xml version="1.0" encoding="UTF-8"?>
<document>
<type>mainstream</type>
<forum></forum>
<forum_title></forum_title>
<discussion_title>Z.Tao (feat. Wiz Khalifa) – Hello, Hello – Kel &amp; Mel Reviews</discussion_title>
<language>english</language>
<gmt_offset></gmt_offset>
<topic_url>https://kelandmelreviews.com/2016/05/12/z-tao-feat-wiz-khalifa-hello-hello/</topic_url>
<topic_text>
( 0 ) 
So…Tao’s L.A. team just knows errbody? 
Continuing his string of videos that have noteworthy actor and directors, Z.Tao now throws in a pretty noteworthy feature by getting Wiz Khalifa to guest on his latest single. 
Hello, Hello has a mixture of languages as Wiz’s verse and the chorus are English and Z.Tao does his verses in what we believe Mandarin (if someone knows for sure, let us know). The point of the song is that, as he blows up in the industry, Tao is leaving the woman he loves behind to further his own dreams. It’s an interesting take on fame, but the concept seems to be either similar to or a continuation of the last song we posted about him, Reluctantly . 
Wiz’s verse can initially be taken as being the flipside of Tao’s more morose characterizations of a life of fame and excess but, given his past features (and even his own songs), we’re more inclined to think that Wiz just did his own verse independent of the meaning of the rest of the song. Still, the fact that it vaguely relates deserves some credit. 
This is the first single from Z.Tao’s upcoming album, The Road . No word as to whether it will be all new material or just a compilation of all the singles he has released over the last year. 
Hit the [CC] button in the player to see the translated (English) lyrics. Share this: 
</topic_text>
<spam_score>0.00</spam_score>
<post_num>1</post_num>
<post_id>post-1</post_id>
<post_url>https://kelandmelreviews.com/2016/05/12/z-tao-feat-wiz-khalifa-hello-hello/</post_url>
<post_date>20160512</post_date>
<post_time></post_time>
<username></username>
<post>
( 0 ) 
So…Tao’s L.A. team just knows errbody? 
Continuing his string of videos that have noteworthy actor and directors, Z.Tao now throws in a pretty noteworthy feature by getting Wiz Khalifa to guest on his latest single. 
Hello, Hello has a mixture of languages as Wiz’s verse and the chorus are English and Z.Tao does his verses in what we believe Mandarin (if someone knows for sure, let us know). The point of the song is that, as he blows up in the industry, Tao is leaving the woman he loves behind to further his own dreams. It’s an interesting take on fame, but the concept seems to be either similar to or a continuation of the last song we posted about him, Reluctantly . 
Wiz’s verse can initially be taken as being the flipside of Tao’s more morose characterizations of a life of fame and excess but, given his past features (and even his own songs), we’re more inclined to think that Wiz just did his own verse independent of the meaning of the rest of the song. Still, the fact that it vaguely relates deserves some credit. 
This is the first single from Z.Tao’s upcoming album, The Road . No word as to whether it will be all new material or just a compilation of all the singles he has released over the last year. 
Hit the [CC] button in the player to see the translated (English) lyrics. Share this: 
</post>
<signature>

</signature>
<external_links>

</external_links>
<country>US</country>
<main_image>https://kelandmelreviews.files.wordpress.com/2016/05/ztao-5391.jpg</main_image>
</document>
