<?xml version="1.0" encoding="UTF-8"?>
<document>
<type>mainstream</type>
<forum>http://www.ideal.es/sociedad/?reducido=1&amp;pag=612</forum>
<forum_title></forum_title>
<discussion_title>Operación Salida verano 2015: Consultar estado de las carreteras y el tráfico en directo</discussion_title>
<language>spanish</language>
<gmt_offset></gmt_offset>
<topic_url>http://www.ideal.es/sociedad/201507/03/operacion-salida-verano-2015-consultar-estado-carreteras-trafico-directo-20150703160551.html</topic_url>
<topic_text>
¿Vacaciones? Espera, recuerda que estamos en plena Operación Salida verano 2015 , y por ello debes consultar el estado de las carreteras y el tráfico en directo . Tal y como estaba previsto por la Dirección General de Tráfico (DGT), este viernes 3 de julio sirve como antesala al primer fin de semana del séptimo mes del año y por tanto el inicio de las vacaciones de verano para un número considerable de españoles. Por ello, para evitar cualquier incidente debes tomar cualquier medida de precaución.
Según cifras se prevén 81.5 millones de desplazamientos por carretera, más incluso que el pasado año. Si bien es cierto la previsión habla de que será en agosto cuando más de la mitad proceda a tomar el coche para emprender rumbo al lugar de vacaciones. Pero en julio habrá tráfico, y no poco.
La DGT y las autoridades desplegarán a un total de 10.000 agentes de la Guardia Civil que destinarán la totalidad de la jornada a la vigilancia de las vías principales y carreteras secundarias. Estos estarán especialmente pendientes este año del estado de los vehículos que se desplacen.
Como ya es conocido por todos, se instalarán radares en un amplio abanico de tramos de carretera considerados como de alta peligrosidad, atendiendo a los datos estadísticos de los caso de siniestros. Esta información la puedes encontrar en el portal de la DGT por provincias .
También el sitio de la Dirección General de Tráfico proporciona la posibilidad de controlar cualquier tipo de incidente en un punto determinado de España a través de su mapa de carreteras o bien a través de las mismas cámaras de tráfico .
Otra opción es seguir a través de la cuenta de Twitter de la DGT toda la información referente al estado de las carreteras, tráfico e incidencias por la vía pública. Todo ello en tiempo real.
Las recomendaciones de cara a esta Operación Salida verano 2015: Consultar estado de las carreteras y el tráfico en directo son la de tomar el coche, si es absolutamente necesario, con el tiempo necesario, sin consumir alcohol o drogas y por supuesto lo suficientemente descansado. Todo para ir y volver tranquilamente de las vacaciones.
Lo Más lo más 50
</topic_text>
<spam_score>0.00</spam_score>
<post_num>1</post_num>
<post_id>post-1</post_id>
<post_url>http://www.ideal.es/sociedad/201507/03/operacion-salida-verano-2015-consultar-estado-carreteras-trafico-directo-20150703160551.html</post_url>
<post_date>20150703</post_date>
<post_time>1607</post_time>
<username>ideal.es</username>
<post>
¿Vacaciones? Espera, recuerda que estamos en plena Operación Salida verano 2015 , y por ello debes consultar el estado de las carreteras y el tráfico en directo . Tal y como estaba previsto por la Dirección General de Tráfico (DGT), este viernes 3 de julio sirve como antesala al primer fin de semana del séptimo mes del año y por tanto el inicio de las vacaciones de verano para un número considerable de españoles. Por ello, para evitar cualquier incidente debes tomar cualquier medida de precaución.
Según cifras se prevén 81.5 millones de desplazamientos por carretera, más incluso que el pasado año. Si bien es cierto la previsión habla de que será en agosto cuando más de la mitad proceda a tomar el coche para emprender rumbo al lugar de vacaciones. Pero en julio habrá tráfico, y no poco.
La DGT y las autoridades desplegarán a un total de 10.000 agentes de la Guardia Civil que destinarán la totalidad de la jornada a la vigilancia de las vías principales y carreteras secundarias. Estos estarán especialmente pendientes este año del estado de los vehículos que se desplacen.
Como ya es conocido por todos, se instalarán radares en un amplio abanico de tramos de carretera considerados como de alta peligrosidad, atendiendo a los datos estadísticos de los caso de siniestros. Esta información la puedes encontrar en el portal de la DGT por provincias .
También el sitio de la Dirección General de Tráfico proporciona la posibilidad de controlar cualquier tipo de incidente en un punto determinado de España a través de su mapa de carreteras o bien a través de las mismas cámaras de tráfico .
Otra opción es seguir a través de la cuenta de Twitter de la DGT toda la información referente al estado de las carreteras, tráfico e incidencias por la vía pública. Todo ello en tiempo real.
Las recomendaciones de cara a esta Operación Salida verano 2015: Consultar estado de las carreteras y el tráfico en directo son la de tomar el coche, si es absolutamente necesario, con el tiempo necesario, sin consumir alcohol o drogas y por supuesto lo suficientemente descansado. Todo para ir y volver tranquilamente de las vacaciones.
Lo Más lo más 50
</post>
<signature>

</signature>
<external_links>
<external_link>http://infocar.dgt.es/etraffic/</external_link><external_link>http://www.dgt.es/es/el-trafico/camaras-de-trafico/</external_link><external_link>https://twitter.com/InformacionDGT</external_link><external_link>http://www.dgt.es/es/el-trafico/control-de-velocidad/index-radares.shtml</external_link>
</external_links>
<country>ES</country>
<main_image>http://www.ideal.es/noticias/201507/03/media/cortadas/dgt--575x323.JPG</main_image>
</document>
