<?xml version="1.0" encoding="UTF-8"?>
<document>
<type>mainstream</type>
<forum>http://chelyabinsk.bezformata.ru/rss.xml</forum>
<forum_title>Новости города БезФормата.Ru Челябинская область Челябинск</forum_title>
<discussion_title>Сотрудниками отдела МВД России по городу Копейску установлен местный житель за причинение тяжкого вреда здоровью, повлекшее смерть потерпевшего</discussion_title>
<language>russian</language>
<gmt_offset></gmt_offset>
<topic_url>http://chelyabinsk.bezformata.ru/listnews/kopejsku-ustanovlen-mestnij-zhitel/46771101/</topic_url>
<topic_text>
Сотрудниками отдела МВД России по городу Копейску установлен местный житель за причинение тяжкого вреда здоровью, повлекшее смерть потерпевшего 
Днем 10 мая около дома по пер.Крымский был обнаружен с колото-резанными ранами бедра труп 48-летнего мужчины. 
В ходе проведенных мероприятий по подозрению в совершении данного преступления сотрудниками уголовного розыска отдела МВД России по городу Копейску задержан 35-летний копейчанин, который лишь год назад освободился из мест лишения свободы, где отбывал наказание за убийство. 
По данному факту возбуждено уголовное дело по признакам состава преступления, предусмотренного ч. 4 ст. 111 Уголовного кодекса РФ « Умышленное причинение тяжкого вреда здоровью ». Санкция данной части статьи предусматривает максимальное наказание в виде лишения свободы на срок до 15 лет. 
Подозреваемый в порядке ст. 91 Уголовно-процессуального кодекса Российской Федерации водворен в изолятор временного содержания.
</topic_text>
<spam_score>0.00</spam_score>
<post_num>1</post_num>
<post_id>post-1</post_id>
<post_url>http://chelyabinsk.bezformata.ru/listnews/kopejsku-ustanovlen-mestnij-zhitel/46771101/</post_url>
<post_date>20160512</post_date>
<post_time>1401</post_time>
<username></username>
<post>
Сотрудниками отдела МВД России по городу Копейску установлен местный житель за причинение тяжкого вреда здоровью, повлекшее смерть потерпевшего 
Днем 10 мая около дома по пер.Крымский был обнаружен с колото-резанными ранами бедра труп 48-летнего мужчины. 
В ходе проведенных мероприятий по подозрению в совершении данного преступления сотрудниками уголовного розыска отдела МВД России по городу Копейску задержан 35-летний копейчанин, который лишь год назад освободился из мест лишения свободы, где отбывал наказание за убийство. 
По данному факту возбуждено уголовное дело по признакам состава преступления, предусмотренного ч. 4 ст. 111 Уголовного кодекса РФ « Умышленное причинение тяжкого вреда здоровью ». Санкция данной части статьи предусматривает максимальное наказание в виде лишения свободы на срок до 15 лет. 
Подозреваемый в порядке ст. 91 Уголовно-процессуального кодекса Российской Федерации водворен в изолятор временного содержания.
</post>
<signature>

</signature>
<external_links>

</external_links>
<country>RU</country>
<main_image></main_image>
</document>
