<?xml version="1.0" encoding="UTF-8"?>
<document>
<type>mainstream</type>
<forum></forum>
<forum_title></forum_title>
<discussion_title>Fuegos artificiales ante cambio político en Brasil</discussion_title>
<language>spanish</language>
<gmt_offset></gmt_offset>
<topic_url>http://www.primerahora.com/noticias/mundo/nota/fuegosartificialesantecambiopoliticoenbrasil-1152961/</topic_url>
<topic_text>
Fuegos artificiales ante cambio político en Brasil Por Agencia EFE 05/12/2016 |08:05 a.m. 0 En la Avenida Paulista de Sao Paulo, considerada el &quot;corazón financiero&quot; de país, se escucharon bocinas de cientos de automovilistas para celebrar la salida de Rousseff del poder. (AP) En las próximas horas Dilma Rousseff recibirá formalmente la notificación de la decisión del Senado y abandonará la sede del Ejecutivo. 
Río de Janeiro.- La decisión del Senado brasileño de apartar temporalmente a Dilma Rousseff del poder fue recibida con fuegos artificiales en algunos barrios de Brasilia y por llamamientos a la movilización entre los partidarios de la presidenta tras una noche de incidentes aislados en las calles. 
Después de una sesión maratoniana que se prolongó más de 20 horas, el Senado brasileño decidió hoy iniciar un juicio político contra Rousseff, por 55 votos contra 22, lo que convierte al vicepresidente, Michel Temer, en presidente interino durante los 180 días que se tomará la Cámara Alta para definir si finalmente destituye a la mandataria. 
La decisión fue celebrada con fuegos artificiales en algunos barrios de Brasilia, la capital del país, donde durante la madrugada se registraron incidentes aislados entre partidarios de Rousseff y la policía que concluyeron con al menos una persona detenida por incitación a la violencia. 
En la Avenida Paulista de Sao Paulo, considerada el &quot;corazón financiero&quot; de país, se escucharon bocinas de cientos de automovilistas para saludar el cambio y un reducido grupo de detractores de Rousseff que llevaba varios días acampado frente a la sede de la influyente patronal Federación de las Industrias del Estado de Sao Paulo (FIESP) celebró con gritos la decisión. 
En Río de Janeiro, simpatizantes del Partido de los Trabajadores (PT) protagonizaron en la noche del miércoles un altercado con opositores al Gobierno que no tuvo consecuencias. 
Tras la votación en el Senado, el PT llamó hoy a la movilización y la &quot;resistencia&quot; contra el Gobierno de Temer, al que calificó de &quot;ilegítimo&quot;. 
En las próximas horas Rousseff recibirá formalmente la notificación de la decisión del Senado y abandonará la sede del Ejecutivo, el Palacio de Planalto. 
Temer presentará hoy mismo su equipo, que asumirá con el desafío de levantar la economía brasileña y recuperar la confianza de los brasileños en la cuestionada clase política. 
</topic_text>
<spam_score>0.00</spam_score>
<post_num>1</post_num>
<post_id>post-1</post_id>
<post_url>http://www.primerahora.com/noticias/mundo/nota/fuegosartificialesantecambiopoliticoenbrasil-1152961/</post_url>
<post_date>20160512</post_date>
<post_time></post_time>
<username></username>
<post>
Fuegos artificiales ante cambio político en Brasil Por Agencia EFE 05/12/2016 |08:05 a.m. 0 En la Avenida Paulista de Sao Paulo, considerada el &quot;corazón financiero&quot; de país, se escucharon bocinas de cientos de automovilistas para celebrar la salida de Rousseff del poder. (AP) En las próximas horas Dilma Rousseff recibirá formalmente la notificación de la decisión del Senado y abandonará la sede del Ejecutivo. 
Río de Janeiro.- La decisión del Senado brasileño de apartar temporalmente a Dilma Rousseff del poder fue recibida con fuegos artificiales en algunos barrios de Brasilia y por llamamientos a la movilización entre los partidarios de la presidenta tras una noche de incidentes aislados en las calles. 
Después de una sesión maratoniana que se prolongó más de 20 horas, el Senado brasileño decidió hoy iniciar un juicio político contra Rousseff, por 55 votos contra 22, lo que convierte al vicepresidente, Michel Temer, en presidente interino durante los 180 días que se tomará la Cámara Alta para definir si finalmente destituye a la mandataria. 
La decisión fue celebrada con fuegos artificiales en algunos barrios de Brasilia, la capital del país, donde durante la madrugada se registraron incidentes aislados entre partidarios de Rousseff y la policía que concluyeron con al menos una persona detenida por incitación a la violencia. 
En la Avenida Paulista de Sao Paulo, considerada el &quot;corazón financiero&quot; de país, se escucharon bocinas de cientos de automovilistas para saludar el cambio y un reducido grupo de detractores de Rousseff que llevaba varios días acampado frente a la sede de la influyente patronal Federación de las Industrias del Estado de Sao Paulo (FIESP) celebró con gritos la decisión. 
En Río de Janeiro, simpatizantes del Partido de los Trabajadores (PT) protagonizaron en la noche del miércoles un altercado con opositores al Gobierno que no tuvo consecuencias. 
Tras la votación en el Senado, el PT llamó hoy a la movilización y la &quot;resistencia&quot; contra el Gobierno de Temer, al que calificó de &quot;ilegítimo&quot;. 
En las próximas horas Rousseff recibirá formalmente la notificación de la decisión del Senado y abandonará la sede del Ejecutivo, el Palacio de Planalto. 
Temer presentará hoy mismo su equipo, que asumirá con el desafío de levantar la economía brasileña y recuperar la confianza de los brasileños en la cuestionada clase política. 
</post>
<signature>

</signature>
<external_links>

</external_links>
<country>US</country>
<main_image>http://rec-eph.gfrcdn.net/images/2016/05/12/rhou.jpg</main_image>
</document>
