<?xml version="1.0" encoding="UTF-8"?>
<document>
<type>mainstream</type>
<forum>http://en.interfax.com.ua/news/last.rss</forum>
<forum_title>Interfax-Ukraine</forum_title>
<discussion_title>Ukraine recovers 17 paintings stolen from Verona museum</discussion_title>
<language>english</language>
<gmt_offset></gmt_offset>
<topic_url>http://en.interfax.com.ua/news/economic/342821.html</topic_url>
<topic_text>
2016-05-12T11:31+02:00 11:31 12.05.2016 Ukraine recovers 17 paintings stolen from Verona museum 
Ukraine has recovered 17 paintings, including works by Peter Paul Rubens, Jacopo Tintoretto, Antonio Pisanello, Giovanni Caroto, Andrea Mantegna, which were stolen by armed robbers from the Castelvecchio museum in Verona last November, State Border Guard Chief of Ukraine Viktor Nazarenko said on Wednesday in a report to Ukrainian President Petro Poroshenko. 
The Ukrainian authorities will now invite Italian experts to authenticate the paintings – which have an estimated value of more than EUR16 million ($18.3 million) and prepare for them to be handed back, his office said in a statement. 
Footage released by the president&apos;s office showed Ukrainian border guards unwrapping the paintings, which had been covered with plastic sheets. 
The art works were found about 1.5 km from the border with Moldova in Odesa region on May 6, 2016, the statement said. 
For his part, director of operational search activity department of the State Gorder Guard Service of Ukraine Petro Tsyhykal said that the operation conducted by the Italian law enforces was called &quot;Twins&quot; because two brothers stole the paintings. One worked as a security guard at the museum. They imitated an attack on the guard and stole the paintings. The theft was commissioned by someone in Russia, probably by a private collector in Chechnya, he said. 
Poroshenko said recovering the paintings showed what Ukraine was capable of. 
&quot;Today, this brilliant operation reminds the world about the efficient struggle of Ukraine against smuggling and corruption, inter alia, smuggling of works of art,&quot; Poroshenko said. 
The paintings were stolen on November 19 by thieves, who acted just after the Verona museum&apos;s 11 staff had left, but before a remote alarm system with the police station had been activated. They tied up the museum cashier and forced an armed guard to hand over keys to his car, which they used to get away. 
In mid March Italian police detained ten citizens of Moldova on suspicion of involvement into the robbery in Verona museum. Economy
</topic_text>
<spam_score>0.00</spam_score>
<post_num>1</post_num>
<post_id>post-1</post_id>
<post_url>http://en.interfax.com.ua/news/economic/342821.html</post_url>
<post_date>20160512</post_date>
<post_time>0831</post_time>
<username></username>
<post>
2016-05-12T11:31+02:00 11:31 12.05.2016 Ukraine recovers 17 paintings stolen from Verona museum 
Ukraine has recovered 17 paintings, including works by Peter Paul Rubens, Jacopo Tintoretto, Antonio Pisanello, Giovanni Caroto, Andrea Mantegna, which were stolen by armed robbers from the Castelvecchio museum in Verona last November, State Border Guard Chief of Ukraine Viktor Nazarenko said on Wednesday in a report to Ukrainian President Petro Poroshenko. 
The Ukrainian authorities will now invite Italian experts to authenticate the paintings – which have an estimated value of more than EUR16 million ($18.3 million) and prepare for them to be handed back, his office said in a statement. 
Footage released by the president&apos;s office showed Ukrainian border guards unwrapping the paintings, which had been covered with plastic sheets. 
The art works were found about 1.5 km from the border with Moldova in Odesa region on May 6, 2016, the statement said. 
For his part, director of operational search activity department of the State Gorder Guard Service of Ukraine Petro Tsyhykal said that the operation conducted by the Italian law enforces was called &quot;Twins&quot; because two brothers stole the paintings. One worked as a security guard at the museum. They imitated an attack on the guard and stole the paintings. The theft was commissioned by someone in Russia, probably by a private collector in Chechnya, he said. 
Poroshenko said recovering the paintings showed what Ukraine was capable of. 
&quot;Today, this brilliant operation reminds the world about the efficient struggle of Ukraine against smuggling and corruption, inter alia, smuggling of works of art,&quot; Poroshenko said. 
The paintings were stolen on November 19 by thieves, who acted just after the Verona museum&apos;s 11 staff had left, but before a remote alarm system with the police station had been activated. They tied up the museum cashier and forced an armed guard to hand over keys to his car, which they used to get away. 
In mid March Italian police detained ten citizens of Moldova on suspicion of involvement into the robbery in Verona museum. Economy
</post>
<signature>

</signature>
<external_links>

</external_links>
<country>UA</country>
<main_image>http://images.interfax.com.ua/img/0207_165438.jpg</main_image>
</document>
