<?xml version="1.0" encoding="UTF-8"?>
<document>
<type>mainstream</type>
<forum>https://public.govdelivery.com/accounts/ORTRIMET/feed.rss?code=ORTRIMET</forum>
<forum_title>TriMet News and Service Alerts</forum_title>
<discussion_title>Service Alert:All MAX lines disrupted</discussion_title>
<language>english</language>
<gmt_offset></gmt_offset>
<topic_url>https://content.govdelivery.com/accounts/ORTRIMET/bulletins/148b987</topic_url>
<topic_text>
Service Alert:All MAX lines disrupted   05/11/2016 07:34 PM PDT 
MAX lines are disrupted due to a mechanical issue at the Convention Center Station. Shuttle buses that are serving temporary stops due to 1st Avenue Improvements also will serve the Convention Center, NE 7th Ave and Lloyd Center/NE 11th Ave stations.
</topic_text>
<spam_score>0.00</spam_score>
<post_num>1</post_num>
<post_id>post-1</post_id>
<post_url>https://content.govdelivery.com/accounts/ORTRIMET/bulletins/148b987</post_url>
<post_date>20160512</post_date>
<post_time>0234</post_time>
<username></username>
<post>
Service Alert:All MAX lines disrupted   05/11/2016 07:34 PM PDT 
MAX lines are disrupted due to a mechanical issue at the Convention Center Station. Shuttle buses that are serving temporary stops due to 1st Avenue Improvements also will serve the Convention Center, NE 7th Ave and Lloyd Center/NE 11th Ave stations.
</post>
<signature>

</signature>
<external_links>

</external_links>
<country>US</country>
<main_image>https://public.govdelivery.com/assets/transparent-24ac86b29e6f1532aff53d2e380ebbb4.gif</main_image>
</document>
