<?xml version="1.0" encoding="UTF-8"?>
<document>
<type>mainstream</type>
<forum>http://pcpress.rs/feed/</forum>
<forum_title>PC Press</forum_title>
<discussion_title>Počinju prijave za Telenor Forum mladih 2016.</discussion_title>
<language>croatian</language>
<gmt_offset></gmt_offset>
<topic_url>http://pcpress.rs/pocinju-prijave-za-telenor-forum-mladih-2016/</topic_url>
<topic_text>
Tweet 
Digitalizacija za mir: putovanje od Osla preko Bangkoka do Nobelovog centra za mir 
Telenor poziva mlade da se prijave na konkurs za učešće na Telenor Forumu mladih, koji se organizuje u saradnji Telenor grupe i Nobelovog centra za mir. Forum će se održati pod sloganom „Digitalizacija za mir“. 
Studenti i diplomci, od 20 do 28 godina, koji veruju da digitalna rešenja mogu da doprinesu rešavanju društvenih izazova, mogu da se prijave za učešće putem sajta https://www.telenor.com/youthforum/ , najkasnije do 15. juna. Nakon izbora užeg kruga kandidata, o finalnom izboru delegata iz Srbije odlučiće Telenorov žiri. 
Dvoje delegata učestvovaće na Forumu mladih, gde će se okupiti mladi društveni lideri iz trinaest zemalja u kojima Telenor posluje. Forum počinje skupom u Oslu u nedelji svečanosti povodom dodele Nobelove nagrade za mir, u decembru, a delegati će se ponovo okupiti u Bangkoku, 2017. godine. Mladi će tokom godine u virtuelnim timovima raditi na rešenjima za koja veruju da mogu da odgovore na neko društveno pitanje. Takođe, sarađivaće s Nobelovim centrom za mir na pripremi digitalne izložbe koja će predstaviti njihov rad, a koja će biti otvorena na jesen 2017. godine. 
Telenor Forum mladih organizuje se četvrtu godinu zaredom. Reč je o jednogodišnjem programu, čiji je cilj globalno angažovanje u prevazilaženju društvenih izazova uz doprinos digitalnih tehnologija. 
Više o Telenor Forumu mladih i načinu prijavljivanja možete pronaći na sajtu http://www.telenor.rs/sr/O-Telenoru/Telenor-u-Srbiji/Telenor-Forum-mladih-2016/
</topic_text>
<spam_score>0.00</spam_score>
<post_num>1</post_num>
<post_id>post-1</post_id>
<post_url>http://pcpress.rs/pocinju-prijave-za-telenor-forum-mladih-2016/</post_url>
<post_date>20160512</post_date>
<post_time>1121</post_time>
<username>Bojan Stanojević</username>
<post>
Tweet 
Digitalizacija za mir: putovanje od Osla preko Bangkoka do Nobelovog centra za mir 
Telenor poziva mlade da se prijave na konkurs za učešće na Telenor Forumu mladih, koji se organizuje u saradnji Telenor grupe i Nobelovog centra za mir. Forum će se održati pod sloganom „Digitalizacija za mir“. 
Studenti i diplomci, od 20 do 28 godina, koji veruju da digitalna rešenja mogu da doprinesu rešavanju društvenih izazova, mogu da se prijave za učešće putem sajta https://www.telenor.com/youthforum/ , najkasnije do 15. juna. Nakon izbora užeg kruga kandidata, o finalnom izboru delegata iz Srbije odlučiće Telenorov žiri. 
Dvoje delegata učestvovaće na Forumu mladih, gde će se okupiti mladi društveni lideri iz trinaest zemalja u kojima Telenor posluje. Forum počinje skupom u Oslu u nedelji svečanosti povodom dodele Nobelove nagrade za mir, u decembru, a delegati će se ponovo okupiti u Bangkoku, 2017. godine. Mladi će tokom godine u virtuelnim timovima raditi na rešenjima za koja veruju da mogu da odgovore na neko društveno pitanje. Takođe, sarađivaće s Nobelovim centrom za mir na pripremi digitalne izložbe koja će predstaviti njihov rad, a koja će biti otvorena na jesen 2017. godine. 
Telenor Forum mladih organizuje se četvrtu godinu zaredom. Reč je o jednogodišnjem programu, čiji je cilj globalno angažovanje u prevazilaženju društvenih izazova uz doprinos digitalnih tehnologija. 
Više o Telenor Forumu mladih i načinu prijavljivanja možete pronaći na sajtu http://www.telenor.rs/sr/O-Telenoru/Telenor-u-Srbiji/Telenor-Forum-mladih-2016/
</post>
<signature>

</signature>
<external_links>

</external_links>
<country>RS</country>
<main_image></main_image>
</document>
