<?xml version="1.0" encoding="UTF-8"?>
<document>
<type>mainstream</type>
<forum>http://chelyabinsk.bezformata.ru/rss.xml</forum>
<forum_title>Новости города БезФормата.Ru Челябинская область Челябинск</forum_title>
<discussion_title>Пожарные Снежинска – абсолютные победители юбилейной легкоатлетической эстафеты</discussion_title>
<language>russian</language>
<gmt_offset></gmt_offset>
<topic_url>http://chelyabinsk.bezformata.ru/listnews/snezhinska-absolyutnie-pobediteli-yubilejnoj/46773604/</topic_url>
<topic_text>
RSS О проекте Задать вопрос Пожарные Снежинска – абсолютные победители юбилейной легкоатлетической эстафеты 
9 мая в Снежинске состоялась 55-ая городская легкоатлетическая эстафета, посвященная 71-ой годовщине Победы в Великой Отечественной Войне Советской Армии над нацистской Германией. На состязания заявились 23 команды: 7 команд школ города, 16 трудовых коллективов города. Эстафета проходила в 2 забега: в 1-ом соревновались команды школ города, во 2-ом на старт вышли взрослые. 
Эстафета состояла из 13 этапов, проходящих по центральным улицам города Снежинска. Команда Специального управления Федеральной противопожарной службы № 7 МЧС России - « Сигнал » в упорной борьбе впервые победила в забеге, опередив все трудовые коллективы города Снежинска более чем на 5 секунд. 
Команда бывших сотрудников Спецуправления « Сигнал - ветеран », в состав которой вошли сотрудники старше 35 лет, в своей возрастной групп, также заняла первое место, став обладателем кубка города среди ветеранов. 
На первом этапе каждого из забегов, традиционно, выступали самые сильные спортсмены сборных команд. Сотрудник Специального управление ФПС № 7 МЧС России Калинин И.В. занял второе место на своем этапе (дистанция 565 метров) с результатом 1 минута 17,2 секунды, уступив в упорной борьбе всего 0,2 секунды. 
А сотрудник Герасимов С.В., представлявший на первом этапе команду « Сигнал - ветеран », занял 2 место в своей возрастной категории с результатом 1 минута 39 секунд. 
Отметим, что в состав команды входили не только мужчины, но и три сотрудницы Спецуправления. 
Протяженность маршрута эстафеты составила более 3,5 километров. Команда « Сигнал » преодолела эту дистанцию с результатом 8 минут 32 секунды. Финальное время команды « Сигнал-ветеран » составило 9 минут 33 секунды. 
Впервые в истории гарнизона пожарные Снежинска получили сразу три кубка: Главный кубок, Кубок ветеранов и кубок за первое место среди коллективов города. 
Напомним, история главного кубка началась в далеком 1961 году. Тогда, 55 лет назад, было принято решение о создании переходящего кубка. Названия команд-победителей навечно вписываются в историю города и на латунное основание самого кубка. 
И особенно примечательно то, что в 2016 году – в Год пожарной охраны –обладателями Кубка стали именно пожарные города Снежинска.
</topic_text>
<spam_score>0.00</spam_score>
<post_num>1</post_num>
<post_id>post-1</post_id>
<post_url>http://chelyabinsk.bezformata.ru/listnews/snezhinska-absolyutnie-pobediteli-yubilejnoj/46773604/</post_url>
<post_date>20160512</post_date>
<post_time>1603</post_time>
<username></username>
<post>
RSS О проекте Задать вопрос Пожарные Снежинска – абсолютные победители юбилейной легкоатлетической эстафеты 
9 мая в Снежинске состоялась 55-ая городская легкоатлетическая эстафета, посвященная 71-ой годовщине Победы в Великой Отечественной Войне Советской Армии над нацистской Германией. На состязания заявились 23 команды: 7 команд школ города, 16 трудовых коллективов города. Эстафета проходила в 2 забега: в 1-ом соревновались команды школ города, во 2-ом на старт вышли взрослые. 
Эстафета состояла из 13 этапов, проходящих по центральным улицам города Снежинска. Команда Специального управления Федеральной противопожарной службы № 7 МЧС России - « Сигнал » в упорной борьбе впервые победила в забеге, опередив все трудовые коллективы города Снежинска более чем на 5 секунд. 
Команда бывших сотрудников Спецуправления « Сигнал - ветеран », в состав которой вошли сотрудники старше 35 лет, в своей возрастной групп, также заняла первое место, став обладателем кубка города среди ветеранов. 
На первом этапе каждого из забегов, традиционно, выступали самые сильные спортсмены сборных команд. Сотрудник Специального управление ФПС № 7 МЧС России Калинин И.В. занял второе место на своем этапе (дистанция 565 метров) с результатом 1 минута 17,2 секунды, уступив в упорной борьбе всего 0,2 секунды. 
А сотрудник Герасимов С.В., представлявший на первом этапе команду « Сигнал - ветеран », занял 2 место в своей возрастной категории с результатом 1 минута 39 секунд. 
Отметим, что в состав команды входили не только мужчины, но и три сотрудницы Спецуправления. 
Протяженность маршрута эстафеты составила более 3,5 километров. Команда « Сигнал » преодолела эту дистанцию с результатом 8 минут 32 секунды. Финальное время команды « Сигнал-ветеран » составило 9 минут 33 секунды. 
Впервые в истории гарнизона пожарные Снежинска получили сразу три кубка: Главный кубок, Кубок ветеранов и кубок за первое место среди коллективов города. 
Напомним, история главного кубка началась в далеком 1961 году. Тогда, 55 лет назад, было принято решение о создании переходящего кубка. Названия команд-победителей навечно вписываются в историю города и на латунное основание самого кубка. 
И особенно примечательно то, что в 2016 году – в Год пожарной охраны –обладателями Кубка стали именно пожарные города Снежинска.
</post>
<signature>

</signature>
<external_links>

</external_links>
<country>RU</country>
<main_image></main_image>
</document>
