<?xml version="1.0" encoding="UTF-8"?>
<document>
<type>mainstream</type>
<forum>http://feeds.feedburner.com/vecherka</forum>
<forum_title>Вечерний Харьков</forum_title>
<discussion_title>Завтра Харьковскую область посетит Владимир Гройсман</discussion_title>
<language>russian</language>
<gmt_offset></gmt_offset>
<topic_url>http://vecherniy.kharkov.ua/news/119613/</topic_url>
<topic_text>
/ Как сообщили в пресс-службе облгосадминистрации, визит Гройсмана будет посвящен добыче газа на Харьковщине. Планируется, что премьер посетит ГПУ «Шебелинкагаздобыча», посмотрит буровые установки и скважины в Балаклеевском районе. Читайте также:
</topic_text>
<spam_score>0.00</spam_score>
<post_num>1</post_num>
<post_id>post-1</post_id>
<post_url>http://vecherniy.kharkov.ua/news/119613/</post_url>
<post_date>20160512</post_date>
<post_time>1353</post_time>
<username>WebMaster@vecherniy.kharkov.ua</username>
<post>
/ Как сообщили в пресс-службе облгосадминистрации, визит Гройсмана будет посвящен добыче газа на Харьковщине. Планируется, что премьер посетит ГПУ «Шебелинкагаздобыча», посмотрит буровые установки и скважины в Балаклеевском районе. Читайте также:
</post>
<signature>

</signature>
<external_links>

</external_links>
<country>UA</country>
<main_image>http://vecherniy.kharkov.ua/images/news/121282.jpg</main_image>
</document>
