<?xml version="1.0" encoding="UTF-8"?>
<document>
<type>mainstream</type>
<forum></forum>
<forum_title></forum_title>
<discussion_title>Manus x Machina: How The 2016 Met Ball Theme Resonates With Jewelry | Woman JTLA</discussion_title>
<language>english</language>
<gmt_offset></gmt_offset>
<topic_url>http://howto.seeingjp.com/basutoup/2016/05/13/manus-x-machina-how-the-2016-met-ball-theme-resonates-with-jewelry/</topic_url>
<topic_text>
jewlery – BingNews Manus x Machina: How The 2016 Met Ball Theme Resonates With Jewelry Although the infamous celebration of the ‘First Monday in May’ at New York City’s Met Gala is over, the Manus X Machina theme still resonates. Whether it be the ever elegant Cindy Crawford, the more daring Lady Gaga or the criticized Sarah Jessica … more info… In Brussels, a Mix of Jewelry BRUSSELS — In 2007, Caroline Van Hoek decided to forgo a career in the insurance business to open a jewelry gallery in a trendy neighborhood here. Today, her gallery showcases such work as solid gold bracelets by the Dutch industrial designer Gijs Bakker … 
</topic_text>
<spam_score>0.00</spam_score>
<post_num>1</post_num>
<post_id>post-1</post_id>
<post_url>http://howto.seeingjp.com/basutoup/2016/05/13/manus-x-machina-how-the-2016-met-ball-theme-resonates-with-jewelry/</post_url>
<post_date>20160513</post_date>
<post_time></post_time>
<username></username>
<post>
jewlery – BingNews Manus x Machina: How The 2016 Met Ball Theme Resonates With Jewelry Although the infamous celebration of the ‘First Monday in May’ at New York City’s Met Gala is over, the Manus X Machina theme still resonates. Whether it be the ever elegant Cindy Crawford, the more daring Lady Gaga or the criticized Sarah Jessica … more info… In Brussels, a Mix of Jewelry BRUSSELS — In 2007, Caroline Van Hoek decided to forgo a career in the insurance business to open a jewelry gallery in a trendy neighborhood here. Today, her gallery showcases such work as solid gold bracelets by the Dutch industrial designer Gijs Bakker … 
</post>
<signature>

</signature>
<external_links>

</external_links>
<country>JP</country>
<main_image>http://howto.seeingjp.com/basutoup/wp-content/uploads/2016/05/CiRIiMhXAAAjv48.jpg</main_image>
</document>
