<?xml version="1.0" encoding="UTF-8"?>
<document>
<type>mainstream</type>
<forum>http://www.postandcourier.com/apps/pbcs.dll/section?Category=PC16&amp;template=rss&amp;mime=XML</forum>
<forum_title>News</forum_title>
<discussion_title>Toddler dies after choking at Greenville day care</discussion_title>
<language>english</language>
<gmt_offset></gmt_offset>
<topic_url>http://www.postandcourier.com/20160512/160519797/toddler-dies-after-choking-at-greenville-day-care&amp;ampsource=RSS</topic_url>
<topic_text>
Toddler dies after choking at Greenville day care 
Associated Press May 12 2016 12:14 pm × GREENVILLE, S.C. — Authorities are investigating after a 1-year-old child apparently choked to death while eating lunch at a day care facility in Greenville. Coroner Parks Evans tells local media outlets that Sydney Ryan Alongio of Greenville was reported not breathing shortly after 11 a.m. Wednesday. The child was pronounced dead at a hospital about an hour later. An autopsy was scheduled Thursday. Keywords Most Popular
</topic_text>
<spam_score>0.00</spam_score>
<post_num>1</post_num>
<post_id>post-1</post_id>
<post_url>http://www.postandcourier.com/20160512/160519797/toddler-dies-after-choking-at-greenville-day-care&amp;ampsource=RSS</post_url>
<post_date>20160512</post_date>
<post_time>1714</post_time>
<username></username>
<post>
Toddler dies after choking at Greenville day care 
Associated Press May 12 2016 12:14 pm × GREENVILLE, S.C. — Authorities are investigating after a 1-year-old child apparently choked to death while eating lunch at a day care facility in Greenville. Coroner Parks Evans tells local media outlets that Sydney Ryan Alongio of Greenville was reported not breathing shortly after 11 a.m. Wednesday. The child was pronounced dead at a hospital about an hour later. An autopsy was scheduled Thursday. Keywords Most Popular
</post>
<signature>

</signature>
<external_links>

</external_links>
<country>US</country>
<main_image>http://www.postandcourier.com/storyimage/CP/20160512/PC1610/160519797/AR/0/AR-160519797.jpg</main_image>
</document>
