<?xml version="1.0" encoding="UTF-8"?>
<document>
<type>mainstream</type>
<forum>http://biertijd.com/xml-rss2.php</forum>
<forum_title>Biertijd.com</forum_title>
<discussion_title>Jack Jones - How To Get Any Girls Number</discussion_title>
<language>dutch</language>
<gmt_offset></gmt_offset>
<topic_url>http://biertijd.com/index.php?itemid=60944</topic_url>
<topic_text>
Gold Bar Rim Cliff Riding &gt;&gt; Jack Jones - How To Get Any Girls Number Heb je niet het lef om op een mooie meid af te stappen om haar telefoonnummer te vragen? Doe het zoals Jack Jones . Makkie! 11 May &apos;16 - cat: Humor
</topic_text>
<spam_score>0.00</spam_score>
<post_num>1</post_num>
<post_id>post-1</post_id>
<post_url>http://biertijd.com/index.php?itemid=60944</post_url>
<post_date>20160511</post_date>
<post_time>1834</post_time>
<username></username>
<post>
Gold Bar Rim Cliff Riding &gt;&gt; Jack Jones - How To Get Any Girls Number Heb je niet het lef om op een mooie meid af te stappen om haar telefoonnummer te vragen? Doe het zoals Jack Jones . Makkie! 11 May &apos;16 - cat: Humor
</post>
<signature>

</signature>
<external_links>

</external_links>
<country>NL</country>
<main_image></main_image>
</document>
