<?xml version="1.0" encoding="UTF-8"?>
<document>
<type>mainstream</type>
<forum>http://www.khnl.com/Global/category.asp?C=3497&amp;clienttype=rss</forum>
<forum_title>Hawaii News Now - News</forum_title>
<discussion_title>Court rejects Ex-coal CEO&apos;s bid to remain free during appeal</discussion_title>
<language>english</language>
<gmt_offset></gmt_offset>
<topic_url>http://www.hawaiinewsnow.com/story/31956249/court-rejects-ex-coal-ceos-bid-to-remain-free-during-appeal</topic_url>
<topic_text>
Court rejects Ex-coal CEO&apos;s bid to remain free during appeal - Hawaii News Now - KGMB and KHNL Member Center: Court rejects Ex-coal CEO&apos;s bid to remain free during appeal 2016-05-12T13:22:50Z By JOHN RABYAssociated Press 
CHARLESTON, W.Va. (AP) - A federal appeals court has rejected a bid by former Massey Energy CEO Don Blankenship to remain free while the court considers an appeal of his conviction related to the deadliest U.S. mine explosion in four decades. 
A three-judge panel of the 4th U.S. Circuit Court of Appeals announced the ruling in a brief statement Thursday, the same day Blankenship was scheduled to report to start serving his one-year sentence. 
Blankenship&apos;s attorneys filed an emergency motion with the appeals court Tuesday, noting that he&apos;s was scheduled to head to an unspecified California prison. 
Blankenship was sentenced April 6 to a year in prison and ordered to pay a $250,000 fine for conspiring to willfully violate mine safety standards at West Virginia&apos;s Upper Big Branch coal mine, which exploded in 2010, killing 29 men. 
The appeals court previously set a May 31 deadline for initial briefs on Blankenship&apos;s conviction appeal. 
Federal prosecutors in Charleston had said allowing the 66-year-old Blankenship to continue his $1 million bail would be contrary to federal law, which allows appeals to delay jail sentences only in &quot;exceptional circumstances.&quot; 
&quot;None of defendant&apos;s contentions raise a substantial question likely to result in reversal,&quot; Assistant U.S. Attorney Steve Ruby wrote in an April 25 court filing. 
According to federal law, defendants can remain free pending appeal if they can show their arguments on appeal raise a substantial question of law or fact likely to result in reversal, an order for a new trial, a sentence that does not include a prison term, or a substantially reduced jail sentence. 
In the prosecution&apos;s filing, Ruby said the amount of time Blankenship serves in prison while his appeal is pending is not a relevant consideration. 
&quot;It makes no difference whether his sentence is a year or 40 years - the sentence cannot be stayed,&quot; Ruby wrote. 
The 4th Circuit previously set May 31 as the deadline for both sides to file their initial briefs on the appeal of Blankenship&apos;s conviction. 
Blankenship&apos;s attorneys say he could serve much, or all, of his sentence before an appellate decision on the appeal is reached. Copyright 2016 The Associated Press. All rights reserved. This material may not be published, broadcast, rewritten or redistributed.
</topic_text>
<spam_score>0.00</spam_score>
<post_num>1</post_num>
<post_id>post-1</post_id>
<post_url>http://www.hawaiinewsnow.com/story/31956249/court-rejects-ex-coal-ceos-bid-to-remain-free-during-appeal</post_url>
<post_date>20160512</post_date>
<post_time>1322</post_time>
<username></username>
<post>
Court rejects Ex-coal CEO&apos;s bid to remain free during appeal - Hawaii News Now - KGMB and KHNL Member Center: Court rejects Ex-coal CEO&apos;s bid to remain free during appeal 2016-05-12T13:22:50Z By JOHN RABYAssociated Press 
CHARLESTON, W.Va. (AP) - A federal appeals court has rejected a bid by former Massey Energy CEO Don Blankenship to remain free while the court considers an appeal of his conviction related to the deadliest U.S. mine explosion in four decades. 
A three-judge panel of the 4th U.S. Circuit Court of Appeals announced the ruling in a brief statement Thursday, the same day Blankenship was scheduled to report to start serving his one-year sentence. 
Blankenship&apos;s attorneys filed an emergency motion with the appeals court Tuesday, noting that he&apos;s was scheduled to head to an unspecified California prison. 
Blankenship was sentenced April 6 to a year in prison and ordered to pay a $250,000 fine for conspiring to willfully violate mine safety standards at West Virginia&apos;s Upper Big Branch coal mine, which exploded in 2010, killing 29 men. 
The appeals court previously set a May 31 deadline for initial briefs on Blankenship&apos;s conviction appeal. 
Federal prosecutors in Charleston had said allowing the 66-year-old Blankenship to continue his $1 million bail would be contrary to federal law, which allows appeals to delay jail sentences only in &quot;exceptional circumstances.&quot; 
&quot;None of defendant&apos;s contentions raise a substantial question likely to result in reversal,&quot; Assistant U.S. Attorney Steve Ruby wrote in an April 25 court filing. 
According to federal law, defendants can remain free pending appeal if they can show their arguments on appeal raise a substantial question of law or fact likely to result in reversal, an order for a new trial, a sentence that does not include a prison term, or a substantially reduced jail sentence. 
In the prosecution&apos;s filing, Ruby said the amount of time Blankenship serves in prison while his appeal is pending is not a relevant consideration. 
&quot;It makes no difference whether his sentence is a year or 40 years - the sentence cannot be stayed,&quot; Ruby wrote. 
The 4th Circuit previously set May 31 as the deadline for both sides to file their initial briefs on the appeal of Blankenship&apos;s conviction. 
Blankenship&apos;s attorneys say he could serve much, or all, of his sentence before an appellate decision on the appeal is reached. Copyright 2016 The Associated Press. All rights reserved. This material may not be published, broadcast, rewritten or redistributed.
</post>
<signature>

</signature>
<external_links>

</external_links>
<country>US</country>
<main_image></main_image>
</document>
