<?xml version="1.0" encoding="UTF-8"?>
<document>
<type>mainstream</type>
<forum>http://y107.com/feed</forum>
<forum_title>Y107</forum_title>
<discussion_title>Mike Will Be Live at Sprint</discussion_title>
<language>english</language>
<gmt_offset></gmt_offset>
<topic_url>http://y107.com/mike-will-be-live-at-sprint/</topic_url>
<topic_text>
May 12,   
Mike from Cosmo &amp; Mike in the Morning will be on location at Sprint, at Stadium and West Broadway in Columbia, this Saturday from noon til 2! 
Seriously… we’ll have SO many prizes, including a grand prize winner, who will get a Harman Kardon speaker, valued at $400! PLUS gift cards for customers that sign up for a new line of service or purchase a tablet. See you at Sprint, at the Crossroads Shopping Center in Columbia! 2016-05-12
</topic_text>
<spam_score>0.00</spam_score>
<post_num>1</post_num>
<post_id>post-1</post_id>
<post_url>http://y107.com/mike-will-be-live-at-sprint/</post_url>
<post_date>20160512</post_date>
<post_time>1452</post_time>
<username>mike</username>
<post>
May 12,   
Mike from Cosmo &amp; Mike in the Morning will be on location at Sprint, at Stadium and West Broadway in Columbia, this Saturday from noon til 2! 
Seriously… we’ll have SO many prizes, including a grand prize winner, who will get a Harman Kardon speaker, valued at $400! PLUS gift cards for customers that sign up for a new line of service or purchase a tablet. See you at Sprint, at the Crossroads Shopping Center in Columbia! 2016-05-12
</post>
<signature>

</signature>
<external_links>

</external_links>
<country>US</country>
<main_image></main_image>
</document>
