<?xml version="1.0" encoding="UTF-8"?>
<document>
<type>mainstream</type>
<forum>http://www.informare.it/news/gennews/idx.asp</forum>
<forum_title>inforMARE - Notizie</forum_title>
<discussion_title>Noticias - Este año en los puertos adriatiques se espera más allá de 4.9 millones de crocieristi (+3,6%)</discussion_title>
<language>spanish</language>
<gmt_offset></gmt_offset>
<topic_url>http://www.informare.it/news/gennews/2016/20160660-previsioni-2016-crociere-ferry-Risposte-Turismoes.asp</topic_url>
<topic_text>
Página traducida automáticamente por
Noticia original Este año en los puertos adriatiques se espera más allá de 4.9 millones de crocieristi (+3,6%)
a en el sector de los recipientes el informe anual de Respuestas Turismo prevé un tráfico alrededor de 17.9 millones de pasajeros (+1,9%)
C y año en los puertos del Adriático está previsto un tráfico de crocieristi pares a más allá a 4.9 millones de pasajeros, con un aumento de los +3,6% sobre del 2015. El aprecio es de Respuestas Turismo, sociedad de investigación y consulta a servicio del sector del turismo, y se incluye en la nueva edición del Adriatic Sea Tourism Informe, el informe de búsqueda realizado de la empresa que analiza los flujos, las dimensiones, las direcciones y los comportamientos de los movimientos turísticos mar en la superficie adriática (cruceros, recipientes y náutico) que interesan los siete Países que sobre ella se ponen de manifiesto (Albania, Bosnia Erzegovina, Croacia, Grecia, Italia, Montenegro y Slovenia).
el informe precisa que en del 2016 es esperas 3.460 afectadas de barcos de crucero en los puertos adriatiques, con uno +8,3% sobre el último año. El puerto de Venecia confirmará de verdad primer lugar en el mercado con 1.55 millones de pasajeros (- 2,1%) y 529 afectadas barco (+1,5%), seguido de Dubrovnik con 880mil de los pasajeros (+8,3%) y 629 afectadas barco (+4,3%).
Se espera a por otro lado para el 2016 alrededor de 17.9 millones de pasajeros de los recipientes animados en los puertos adriatiques (+1,9% sobre del 2015), con Vaciado guiar la clasificación de las escalas, gracias a 4.48 millones de movimentazioni (+2,3%), seguido de Zara (2.23 millones, +2,1%).
&quot;los números que presentamos en la nueva edición de Adriatic Sea Tourism Informe - incluido observaron a Francesco de César, Presidente de Respuestas Turismo - ellos confirmamos la importancia del marítimo tourism en Adriático y la oportunidad para las regiones que se ponen de manifiesto sobre esta superficie de capitalizar lo mejor posible la afortunada localización geográfica gozan, invirtiendo de los recursos materiales e inmateriales para aumentar la potencia y de adaptar su ofrecida a deseada de una cuestión potencial cada vez más global como procedencia y madurado en sus elecciones&quot;.
el Adriatic Sea Tourism Informe presenta incluso a los datos definitivos del tráfico crocieristico y de los pasajeros transbordador animados registrados en del 2015. Para los cruceros, en del 2015 entre los Países que se ponen de manifiesto sobre la superficie adriática Italia se colocó al primer lugar con más allá de 2.3 millones de pasajeros animados (el 48,4% del total), sigue de Croacia (1.28 millones de pasajeros, 26,8%) y Grecia (poco más 650mil momentáneos, 13,6% del total). Por lo que se refiere por el contrario al sector de los recipientes, incluso en del 2015 se confirmó el liderazgo de la Croacia obtenida gracias alrededor a 9.3 millones de pasajeros animados (el 53,1% del tráfico global) y más allá del 43mil de las afectadas barco (el 54,8% del total); a sus hombros Grecia con alrededor de 4.4 millones de pasajeros animados (el 25,1% del total) y más allá del 25mil afectados barco (el 31,8% del total) e Italia al tercer lugar en virtudes alrededor de 2.8 millones de pasajeros (el 15,9% del total) y más allá de 8.400 afectadas barco (el 10,7% del total).
</topic_text>
<spam_score>0.00</spam_score>
<post_num>1</post_num>
<post_id>post-1</post_id>
<post_url>http://www.informare.it/news/gennews/2016/20160660-previsioni-2016-crociere-ferry-Risposte-Turismoes.asp</post_url>
<post_date>20160512</post_date>
<post_time></post_time>
<username>informare.it</username>
<post>
Página traducida automáticamente por
Noticia original Este año en los puertos adriatiques se espera más allá de 4.9 millones de crocieristi (+3,6%)
a en el sector de los recipientes el informe anual de Respuestas Turismo prevé un tráfico alrededor de 17.9 millones de pasajeros (+1,9%)
C y año en los puertos del Adriático está previsto un tráfico de crocieristi pares a más allá a 4.9 millones de pasajeros, con un aumento de los +3,6% sobre del 2015. El aprecio es de Respuestas Turismo, sociedad de investigación y consulta a servicio del sector del turismo, y se incluye en la nueva edición del Adriatic Sea Tourism Informe, el informe de búsqueda realizado de la empresa que analiza los flujos, las dimensiones, las direcciones y los comportamientos de los movimientos turísticos mar en la superficie adriática (cruceros, recipientes y náutico) que interesan los siete Países que sobre ella se ponen de manifiesto (Albania, Bosnia Erzegovina, Croacia, Grecia, Italia, Montenegro y Slovenia).
el informe precisa que en del 2016 es esperas 3.460 afectadas de barcos de crucero en los puertos adriatiques, con uno +8,3% sobre el último año. El puerto de Venecia confirmará de verdad primer lugar en el mercado con 1.55 millones de pasajeros (- 2,1%) y 529 afectadas barco (+1,5%), seguido de Dubrovnik con 880mil de los pasajeros (+8,3%) y 629 afectadas barco (+4,3%).
Se espera a por otro lado para el 2016 alrededor de 17.9 millones de pasajeros de los recipientes animados en los puertos adriatiques (+1,9% sobre del 2015), con Vaciado guiar la clasificación de las escalas, gracias a 4.48 millones de movimentazioni (+2,3%), seguido de Zara (2.23 millones, +2,1%).
&quot;los números que presentamos en la nueva edición de Adriatic Sea Tourism Informe - incluido observaron a Francesco de César, Presidente de Respuestas Turismo - ellos confirmamos la importancia del marítimo tourism en Adriático y la oportunidad para las regiones que se ponen de manifiesto sobre esta superficie de capitalizar lo mejor posible la afortunada localización geográfica gozan, invirtiendo de los recursos materiales e inmateriales para aumentar la potencia y de adaptar su ofrecida a deseada de una cuestión potencial cada vez más global como procedencia y madurado en sus elecciones&quot;.
el Adriatic Sea Tourism Informe presenta incluso a los datos definitivos del tráfico crocieristico y de los pasajeros transbordador animados registrados en del 2015. Para los cruceros, en del 2015 entre los Países que se ponen de manifiesto sobre la superficie adriática Italia se colocó al primer lugar con más allá de 2.3 millones de pasajeros animados (el 48,4% del total), sigue de Croacia (1.28 millones de pasajeros, 26,8%) y Grecia (poco más 650mil momentáneos, 13,6% del total). Por lo que se refiere por el contrario al sector de los recipientes, incluso en del 2015 se confirmó el liderazgo de la Croacia obtenida gracias alrededor a 9.3 millones de pasajeros animados (el 53,1% del tráfico global) y más allá del 43mil de las afectadas barco (el 54,8% del total); a sus hombros Grecia con alrededor de 4.4 millones de pasajeros animados (el 25,1% del total) y más allá del 25mil afectados barco (el 31,8% del total) e Italia al tercer lugar en virtudes alrededor de 2.8 millones de pasajeros (el 15,9% del total) y más allá de 8.400 afectadas barco (el 10,7% del total).
</post>
<signature>

</signature>
<external_links>

</external_links>
<country>IT</country>
<main_image></main_image>
</document>
