<?xml version="1.0" encoding="UTF-8"?>
<document>
<type>mainstream</type>
<forum></forum>
<forum_title></forum_title>
<discussion_title>日本には「寝てるクマのオムライス」があるらしい！→海外「可愛い！」「食べたら罪悪感を感じそうｗ」 海外の反応 | 2chまとめまとめ三昧</discussion_title>
<language>japanese</language>
<gmt_offset></gmt_offset>
<topic_url>http://kaigai-matome.net/archives/35564640.html</topic_url>
<topic_text>
日本には「寝てるクマのオムライス」があるらしい！→海外「可愛い！」「食べたら罪悪感を感じそうｗ」 海外の反応 
スポンサードリンク 
</topic_text>
<spam_score>0.00</spam_score>
<post_num>1</post_num>
<post_id>post-1</post_id>
<post_url>http://kaigai-matome.net/archives/35564640.html</post_url>
<post_date>20160512</post_date>
<post_time></post_time>
<username></username>
<post>
日本には「寝てるクマのオムライス」があるらしい！→海外「可愛い！」「食べたら罪悪感を感じそうｗ」 海外の反応 
スポンサードリンク 
</post>
<signature>

</signature>
<external_links>

</external_links>
<country>JP</country>
<main_image>http://matomematome-zanmai.com/wp-content/uploads/2016/03/news-1074604_1280-2.jpg</main_image>
</document>
