<?xml version="1.0" encoding="UTF-8"?>
<document>
<type>mainstream</type>
<forum>http://biertijd.com/xml-rss2.php</forum>
<forum_title>Biertijd.com</forum_title>
<discussion_title>SketchShe - Safari Mash Up!</discussion_title>
<language>dutch</language>
<gmt_offset></gmt_offset>
<topic_url>http://biertijd.com/index.php?itemid=60947</topic_url>
<topic_text>
Jack Jones - How To Get Any Girls Number &gt;&gt; SketchShe - Safari Mash Up! De dames van SketchShe zijn een geweldig trio. En ze zijn terug met een hilarische Safari Mash Up . Kijk mee! 11 May &apos;16 - cat: Humor
</topic_text>
<spam_score>0.00</spam_score>
<post_num>1</post_num>
<post_id>post-1</post_id>
<post_url>http://biertijd.com/index.php?itemid=60947</post_url>
<post_date>20160511</post_date>
<post_time>1847</post_time>
<username></username>
<post>
Jack Jones - How To Get Any Girls Number &gt;&gt; SketchShe - Safari Mash Up! De dames van SketchShe zijn een geweldig trio. En ze zijn terug met een hilarische Safari Mash Up . Kijk mee! 11 May &apos;16 - cat: Humor
</post>
<signature>

</signature>
<external_links>

</external_links>
<country>NL</country>
<main_image></main_image>
</document>
