<?xml version="1.0" encoding="UTF-8"?>
<document>
<type>mainstream</type>
<forum></forum>
<forum_title></forum_title>
<discussion_title>Cinco sencillos peinados para combatir el calor - Grupo Milenio</discussion_title>
<language>spanish</language>
<gmt_offset></gmt_offset>
<topic_url>http://www.milenio.com/tendencias/peinados_calor-tutorial_trenza_espiga-tutorial_chongo_despeinado-peinados_primavera_0_735526710.html</topic_url>
<topic_text>
Instagram Cinco sencillos peinados para combatir el calor Para que no te veas siempre igual pero tampoco padezcas por el clima, prueba estos cinco lindos peinados (en su mayoría) bastante fáciles de hacer Relacionadas Una colita de caballo o una trenza de espiga son unas opciones para que peines tu cabello durante esta temporada de calor. (Especial) 12/05/2016 10:07 AM Ciudad de México 
Con el calor y las lluvias de todos los días, es casi imposible traer el pelo suelto. Al medio día parece que tienes un horno en el cuello y en la tarde, con la lluvia y la humedad, el frizz se vuelve incontrolable. 
Una colita de caballo puede ser la opción un día, pero para que no te veas siempre igual, te damos algunas opciones de peinados con todo y su tutorial. Así te verás impecable aún cuendo tengas al clima en contra. 
Trenza de espiga 
Ideal si tienes el pelo largo. Cuando domines el arte de trenzado, seguro se va a convertir en una de tus favoritas. No es sólo bonita, también puede verse muy elegante. 
Nivel de dificultad: medio 
Corona de trenzas 
Este peinado te dará un look romántico perfecto para el día y para la noche. Para hacértelo, necesitarás un poco de paciencia y tiempo, pues son varios pasos a seguir. 
Nivel de dificultad: alto 
Media colita Una de las tendencias de primavera es la media colita. Puedes recoger más de la mitad del cabello en un pequeño chongo o tomar unas secciones delgadas de cabello y amarrarlas. Tal vez en un día muy caluroso no sea la mejor opción, pero cuando es un día lluvioso sí, pues no sólo tienes una parte de cabello suelta, sino que además controlas la parte que más suele tener frizz por la humedad. Este tutorial le da un twist y lo convierte en un moño. Nivel de dificultad: bajo. 
Colita de caballo 
Ya sea despeinada o totalmente alaciada, este peinado es de los más fáciles y rápidos de lograr. En este tutorial encontrarás algunas variaciones del práctico clásico. 
Nivel de dificultad: bajo. 
Chongo relajado 
Si tienes una junta de trabajo o vas a salir a caminar, este peinado es la opción, pues se adapta a lo que sea que estés usando, por lo que siempre te verás bien. Puede hacerse con cualquier largo. Lo mejor es que mientras más pelo suelto dejes, mejor. 
Nivel de dificultad: bajo. 
</topic_text>
<spam_score>0.00</spam_score>
<post_num>1</post_num>
<post_id>post-1</post_id>
<post_url>http://www.milenio.com/tendencias/peinados_calor-tutorial_trenza_espiga-tutorial_chongo_despeinado-peinados_primavera_0_735526710.html</post_url>
<post_date>20160512</post_date>
<post_time></post_time>
<username>Milenio Digital</username>
<post>
Instagram Cinco sencillos peinados para combatir el calor Para que no te veas siempre igual pero tampoco padezcas por el clima, prueba estos cinco lindos peinados (en su mayoría) bastante fáciles de hacer Relacionadas Una colita de caballo o una trenza de espiga son unas opciones para que peines tu cabello durante esta temporada de calor. (Especial) 12/05/2016 10:07 AM Ciudad de México 
Con el calor y las lluvias de todos los días, es casi imposible traer el pelo suelto. Al medio día parece que tienes un horno en el cuello y en la tarde, con la lluvia y la humedad, el frizz se vuelve incontrolable. 
Una colita de caballo puede ser la opción un día, pero para que no te veas siempre igual, te damos algunas opciones de peinados con todo y su tutorial. Así te verás impecable aún cuendo tengas al clima en contra. 
Trenza de espiga 
Ideal si tienes el pelo largo. Cuando domines el arte de trenzado, seguro se va a convertir en una de tus favoritas. No es sólo bonita, también puede verse muy elegante. 
Nivel de dificultad: medio 
Corona de trenzas 
Este peinado te dará un look romántico perfecto para el día y para la noche. Para hacértelo, necesitarás un poco de paciencia y tiempo, pues son varios pasos a seguir. 
Nivel de dificultad: alto 
Media colita Una de las tendencias de primavera es la media colita. Puedes recoger más de la mitad del cabello en un pequeño chongo o tomar unas secciones delgadas de cabello y amarrarlas. Tal vez en un día muy caluroso no sea la mejor opción, pero cuando es un día lluvioso sí, pues no sólo tienes una parte de cabello suelta, sino que además controlas la parte que más suele tener frizz por la humedad. Este tutorial le da un twist y lo convierte en un moño. Nivel de dificultad: bajo. 
Colita de caballo 
Ya sea despeinada o totalmente alaciada, este peinado es de los más fáciles y rápidos de lograr. En este tutorial encontrarás algunas variaciones del práctico clásico. 
Nivel de dificultad: bajo. 
Chongo relajado 
Si tienes una junta de trabajo o vas a salir a caminar, este peinado es la opción, pues se adapta a lo que sea que estés usando, por lo que siempre te verás bien. Puede hacerse con cualquier largo. Lo mejor es que mientras más pelo suelto dejes, mejor. 
Nivel de dificultad: bajo. 
</post>
<signature>

</signature>
<external_links>

</external_links>
<country>US</country>
<main_image>http://www.milenio.com/tendencias/caballo-trenza-opciones-cabello-temporada_MILIMA20160511_0375_14.jpg</main_image>
</document>
