<?xml version="1.0" encoding="UTF-8"?>
<document>
<type>mainstream</type>
<forum></forum>
<forum_title></forum_title>
<discussion_title>Albany’s Dan Kelly suspended, won’t play in playoffs vs. Marlies | Toronto Star</discussion_title>
<language>english</language>
<gmt_offset></gmt_offset>
<topic_url>https://www.thestar.com/sports/leafs/2016/05/12/albanys-dan-kelly-suspended-wont-play-in-playoffs-vs-marlies.html</topic_url>
<topic_text>
Albany’s Dan Kelly suspended, won’t play in playoffs vs. Marlies AHL bans defenceman for 10 games for vicious elbow to Toronto forward Andreas Johnson’s head. Albany Devils defenceman Dan Kelly (right) seen here last week battling with the Marlies&apos; Josh Leivo, has been suspended 10 games by the AHL for a vicious elbow to Toronto forward Andreas Johnson’s head Tuesday. ( Steve Russell / Toronto Star file photo ) By Mark Zwolinski Sports reporter 12:17 PM, Thu., May 12, 2016 Albany Devils defenceman Dan Kelly will miss the rest of his AHL team’s playoff series against the Marlies after he was suspended 10 games for an illegal hit on Toronto forward Andreas Johnson. Kelly, 26, who has spent the last six seasons with Albany and has yet to play a minute in the NHL, was suspended Thursday by the American Hockey League after a review of an elbow to Johnson’s head in Game 4 of the series in Albany. Kelly’s suspension begins Thursday night with Game 5 against the Marlies in Albany, and will continue into next season if the Devils are eliminated by Toronto. The series is tied 2-2. Johnson, 21, was struck after crossing the Devils’ blue line in the first period of Game 4 on Tuesday. The Marlies said afterwards that the winger was “okay,” but that a concussion is suspected. Johnson was playing in just his second AHL game; drafted 202nd overall in 2013, Johnson had just joined Toronto for the playoffs after helping Frolunda win the Swedish League championship. Article Continued Below 
</topic_text>
<spam_score>0.00</spam_score>
<post_num>1</post_num>
<post_id>post-1</post_id>
<post_url>https://www.thestar.com/sports/leafs/2016/05/12/albanys-dan-kelly-suspended-wont-play-in-playoffs-vs-marlies.html</post_url>
<post_date>20160512</post_date>
<post_time></post_time>
<username>Mark Zwolinski</username>
<post>
Albany’s Dan Kelly suspended, won’t play in playoffs vs. Marlies AHL bans defenceman for 10 games for vicious elbow to Toronto forward Andreas Johnson’s head. Albany Devils defenceman Dan Kelly (right) seen here last week battling with the Marlies&apos; Josh Leivo, has been suspended 10 games by the AHL for a vicious elbow to Toronto forward Andreas Johnson’s head Tuesday. ( Steve Russell / Toronto Star file photo ) By Mark Zwolinski Sports reporter 12:17 PM, Thu., May 12, 2016 Albany Devils defenceman Dan Kelly will miss the rest of his AHL team’s playoff series against the Marlies after he was suspended 10 games for an illegal hit on Toronto forward Andreas Johnson. Kelly, 26, who has spent the last six seasons with Albany and has yet to play a minute in the NHL, was suspended Thursday by the American Hockey League after a review of an elbow to Johnson’s head in Game 4 of the series in Albany. Kelly’s suspension begins Thursday night with Game 5 against the Marlies in Albany, and will continue into next season if the Devils are eliminated by Toronto. The series is tied 2-2. Johnson, 21, was struck after crossing the Devils’ blue line in the first period of Game 4 on Tuesday. The Marlies said afterwards that the winger was “okay,” but that a concussion is suspected. Johnson was playing in just his second AHL game; drafted 202nd overall in 2013, Johnson had just joined Toronto for the playoffs after helping Frolunda win the Swedish League championship. Article Continued Below 
</post>
<signature>

</signature>
<external_links>

</external_links>
<country>CA</country>
<main_image>https://www.thestar.com/content/dam/thestar/sports/leafs/2016/05/12/albanys-dan-kelly-suspended-wont-play-in-playoffs-vs-marlies/dan-kelly.jpg</main_image>
</document>
