<?xml version="1.0" encoding="UTF-8"?>
<document>
<type>mainstream</type>
<forum></forum>
<forum_title></forum_title>
<discussion_title>Investigan asesinato en Hato Rey</discussion_title>
<language>spanish</language>
<gmt_offset></gmt_offset>
<topic_url>http://www.primerahora.com/noticias/policia-tribunales/nota/investiganasesinatoenhatorey-1152952/</topic_url>
<topic_text>
Por Primerahora.com En lo que va de año han ocurrido 226 asesinatos, 21 más que los reportados a esta fecha durante el 2015. (Archivo) 
</topic_text>
<spam_score>0.00</spam_score>
<post_num>1</post_num>
<post_id>post-1</post_id>
<post_url>http://www.primerahora.com/noticias/policia-tribunales/nota/investiganasesinatoenhatorey-1152952/</post_url>
<post_date>20160512</post_date>
<post_time></post_time>
<username></username>
<post>
Por Primerahora.com En lo que va de año han ocurrido 226 asesinatos, 21 más que los reportados a esta fecha durante el 2015. (Archivo) 
</post>
<signature>

</signature>
<external_links>

</external_links>
<country>US</country>
<main_image>http://rec-eph.gfrcdn.net/images/2016/05/12/asesinato03.jpg</main_image>
</document>
