<?xml version="1.0" encoding="UTF-8"?>
<document>
<type>mainstream</type>
<forum></forum>
<forum_title></forum_title>
<discussion_title>بالصور.. إدراج مدينة العمال ضمن التطوير بمحافظة المنيا‎ | Masry News</discussion_title>
<language>arabic</language>
<gmt_offset></gmt_offset>
<topic_url>http://onaeg.com/?p=2583843</topic_url>
<topic_text>
صورة من الحدث مراسل«ONA»: 
إستقبل محافظ المنيا اللواء طارق نصر الخميس 12 مايو ، نائب وزير الإسكان لشئون التطوير الحضري والعشوائيات الدكتور أحمد عادل درويش ، ووكيل وزارة بصندوق تطوير المناطق العشوائية المهندسة سعاد نجيب. 
بحث الطرفان عدد من مشروعات التطوير الحضري والعشوائيات بالمحافظة منها إدراج مدينة العمال الملاصقة لعشش محفوظ ضمن أعمال التطوير وكذلك المقترح الخاص بضم منطقة الإشراف بمركز ملوي لأعمال التطوير وكذلك الموقف التنفيذي لتطوير منطقة عشش محفوظ بالمنيا وتطوير أسواق الحبشي. استعرض مدير وحدة تطوير العشوائيات المهندس نيازي مصطفى ، مشروع التطوير المقترح لمدينة العمال والتي تقع بمنطقة أبو هلال جنوب مدينة المنيا والملاصقة لمنطقة عشش محفوظ وتقع على مساحة 4.4 فدان وتسع حوالي 1389 نسمة بتكلفة إجمالية قدرها 56 مليون و194 ألف و379 جنيه ، مشيراً إلى أن الدراسات العمرانية للمنطقة شملت عمارات العمال وعمارات الإيواء وعمارات الأهالي . 
وأضاف، أنه تم عمل حصر للوحدات السكنية وغير السكنية بالمنطقة حيث تبين وجود 53 عمارة لعدد 1389 مواطن وعدد وحدات سكنية 394 و6 وحدات تجارية و7 وحدات مهنية وحرفية و7 وحدات إدارية. 
وأشار المهندس نيازي مصطفى، إلى أن الهدف من تطوير المنطقة هو هدم وإزالة جميع المباني الموجودة بالمنطقة وإعادة توطين الوحدات السكنية وغير سكنية ، بالإضافة إلى تطوير شبكة الطرق والمرافق من “مياه ـ صرف ـكهرباء”. 
وتم الأخذ بالاعتبار عند وضع خطة التطوير انخفاض مستوى المداخل الرئيسية للعمارات والتعديات والتعليات الموجودة بمساكن العمال بالإضافة إلى سوء حالة الطرق والمباني والإشغالات . 
من جانبه أكد اللواء طارق نصر، أن تطوير منطقة عشش محفوظ بجنوب مدينة المنيا ، يعد إنجازا كبيرا للدولة، وللعاملين في صندوق تطوير المناطق العشوائية ، نظرا لخطورة وصعوبة الحياة بالمنطقة، حيث تم حصرها ضمن المناطق العشوائية ذات الخطورة على مستوى الجمهورية وقد تم إتمام المرحلة الأولى من المشروع ، وجار العمل في المرحلتين الثانية والثالثة ، مطالبا بدفع العمل في المشروع وتحقيق أعلى معدلات للإنجاز. 
وأوضح الدكتور أشرف أبو العيون المشرف على وحدة تطوير العشوائيات خلال العرض أن تطوير سوق الحبشي تم إدراجه الخريطة القومية للأسواق العشوائية طبقا لحصر صندوق تطوير المناطق العشوائية على مستوى الجمهورية خلال 2012ويعد السوق ضمن الأسواق العشوائية التي تم إدراجها للتطوير بخطة 2015/2016، ويقع السوق في منطقة جنوب مدينة المنيا على مساحة 2.5 فدان و يمثل السوق الشعبي العشوائي الرئيسي لمدينة المنيا و يشغل مساحة كبيرة من الطرق الرئيسية الهامة بالمدينة منها شارع سعد زغلول و محمد بدوي والقنطرة وبعض الطرق الفرعية ويضم 1040 وحدة نشاط تتضمن أنشطة لبيع المواد الغذائية و التجارية . 
وأضاف، أنه تم وضع تصور وتصميم مبنى السوق المركزي«مجمع السوق الرسمي التجاري الخدمي ــــ الإداري» حيث تم وضع 4 بدائل مقترحة لتصميم المشروع . ويتضمن التطوير أرض الساحة الشعبية على مساحة 2000 م2، ومنطقة السوق المركزي القائم على مساحة 2300م2 ،وهى سوق الجملة اليومي القائم ومبنى السوق الرسمي المغلق على مساحة 200م2 ،ومبنى مصلى قائم و أكشاك الجملة على مساحة 350م2 . 
وفيما يتعلق بمنطقة الإشراف فقد تم عرض خطة العمل لتطوير المنطقة والتي تقع في مدينة ملوي على مساحة 2.19 فدان وتستوعب 709 نسمة أي ما يعادل 133 أسرة بعدد 106 مبنى وتعد منطقة الإشراف من المناطق المصنفة بدرجة الخطورة الثالثة . 
وتضمنت الخطة رصد الوضع الراهن للمنطقة ووضع إستراتيجية التطوير مع إعداد مخطط التنمية والتصميمات الابتدائية وإعداد برنامج التنفيذ والخطة المالية . وأضاف أن من أهم أسباب التطوير هو ارتفاع منسوب المياه الجوفية وظهور الرشح على جدران المباني والأضرحة. 2016-05-12 
</topic_text>
<spam_score>0.00</spam_score>
<post_num>1</post_num>
<post_id>post-1</post_id>
<post_url>http://onaeg.com/?p=2583843</post_url>
<post_date>20160512</post_date>
<post_time></post_time>
<username></username>
<post>
صورة من الحدث مراسل«ONA»: 
إستقبل محافظ المنيا اللواء طارق نصر الخميس 12 مايو ، نائب وزير الإسكان لشئون التطوير الحضري والعشوائيات الدكتور أحمد عادل درويش ، ووكيل وزارة بصندوق تطوير المناطق العشوائية المهندسة سعاد نجيب. 
بحث الطرفان عدد من مشروعات التطوير الحضري والعشوائيات بالمحافظة منها إدراج مدينة العمال الملاصقة لعشش محفوظ ضمن أعمال التطوير وكذلك المقترح الخاص بضم منطقة الإشراف بمركز ملوي لأعمال التطوير وكذلك الموقف التنفيذي لتطوير منطقة عشش محفوظ بالمنيا وتطوير أسواق الحبشي. استعرض مدير وحدة تطوير العشوائيات المهندس نيازي مصطفى ، مشروع التطوير المقترح لمدينة العمال والتي تقع بمنطقة أبو هلال جنوب مدينة المنيا والملاصقة لمنطقة عشش محفوظ وتقع على مساحة 4.4 فدان وتسع حوالي 1389 نسمة بتكلفة إجمالية قدرها 56 مليون و194 ألف و379 جنيه ، مشيراً إلى أن الدراسات العمرانية للمنطقة شملت عمارات العمال وعمارات الإيواء وعمارات الأهالي . 
وأضاف، أنه تم عمل حصر للوحدات السكنية وغير السكنية بالمنطقة حيث تبين وجود 53 عمارة لعدد 1389 مواطن وعدد وحدات سكنية 394 و6 وحدات تجارية و7 وحدات مهنية وحرفية و7 وحدات إدارية. 
وأشار المهندس نيازي مصطفى، إلى أن الهدف من تطوير المنطقة هو هدم وإزالة جميع المباني الموجودة بالمنطقة وإعادة توطين الوحدات السكنية وغير سكنية ، بالإضافة إلى تطوير شبكة الطرق والمرافق من “مياه ـ صرف ـكهرباء”. 
وتم الأخذ بالاعتبار عند وضع خطة التطوير انخفاض مستوى المداخل الرئيسية للعمارات والتعديات والتعليات الموجودة بمساكن العمال بالإضافة إلى سوء حالة الطرق والمباني والإشغالات . 
من جانبه أكد اللواء طارق نصر، أن تطوير منطقة عشش محفوظ بجنوب مدينة المنيا ، يعد إنجازا كبيرا للدولة، وللعاملين في صندوق تطوير المناطق العشوائية ، نظرا لخطورة وصعوبة الحياة بالمنطقة، حيث تم حصرها ضمن المناطق العشوائية ذات الخطورة على مستوى الجمهورية وقد تم إتمام المرحلة الأولى من المشروع ، وجار العمل في المرحلتين الثانية والثالثة ، مطالبا بدفع العمل في المشروع وتحقيق أعلى معدلات للإنجاز. 
وأوضح الدكتور أشرف أبو العيون المشرف على وحدة تطوير العشوائيات خلال العرض أن تطوير سوق الحبشي تم إدراجه الخريطة القومية للأسواق العشوائية طبقا لحصر صندوق تطوير المناطق العشوائية على مستوى الجمهورية خلال 2012ويعد السوق ضمن الأسواق العشوائية التي تم إدراجها للتطوير بخطة 2015/2016، ويقع السوق في منطقة جنوب مدينة المنيا على مساحة 2.5 فدان و يمثل السوق الشعبي العشوائي الرئيسي لمدينة المنيا و يشغل مساحة كبيرة من الطرق الرئيسية الهامة بالمدينة منها شارع سعد زغلول و محمد بدوي والقنطرة وبعض الطرق الفرعية ويضم 1040 وحدة نشاط تتضمن أنشطة لبيع المواد الغذائية و التجارية . 
وأضاف، أنه تم وضع تصور وتصميم مبنى السوق المركزي«مجمع السوق الرسمي التجاري الخدمي ــــ الإداري» حيث تم وضع 4 بدائل مقترحة لتصميم المشروع . ويتضمن التطوير أرض الساحة الشعبية على مساحة 2000 م2، ومنطقة السوق المركزي القائم على مساحة 2300م2 ،وهى سوق الجملة اليومي القائم ومبنى السوق الرسمي المغلق على مساحة 200م2 ،ومبنى مصلى قائم و أكشاك الجملة على مساحة 350م2 . 
وفيما يتعلق بمنطقة الإشراف فقد تم عرض خطة العمل لتطوير المنطقة والتي تقع في مدينة ملوي على مساحة 2.19 فدان وتستوعب 709 نسمة أي ما يعادل 133 أسرة بعدد 106 مبنى وتعد منطقة الإشراف من المناطق المصنفة بدرجة الخطورة الثالثة . 
وتضمنت الخطة رصد الوضع الراهن للمنطقة ووضع إستراتيجية التطوير مع إعداد مخطط التنمية والتصميمات الابتدائية وإعداد برنامج التنفيذ والخطة المالية . وأضاف أن من أهم أسباب التطوير هو ارتفاع منسوب المياه الجوفية وظهور الرشح على جدران المباني والأضرحة. 2016-05-12 
</post>
<signature>

</signature>
<external_links>

</external_links>
<country>AU</country>
<main_image></main_image>
</document>
