<?xml version="1.0" encoding="UTF-8"?>
<document>
<type>mainstream</type>
<forum></forum>
<forum_title></forum_title>
<discussion_title>VIDEO: Becoming Me: Flesh and Bones | JOSEPH BARKLEY</discussion_title>
<language>english</language>
<gmt_offset></gmt_offset>
<topic_url>http://www.josephbarkley.com/2016/05/12/8184/</topic_url>
<topic_text>
Conference, church service, retreat, podcast, publication... DATE * Date of event or deadline for publication TOPIC(S) * Please briefly explain the purpose of this engagement WILL THERE BE AN HONORARIUM? Submit ABOUT JOSEPH Joseph Barkley is the lead pastor in Radius Church, a church based in Los Angeles for people convinced church is irrelevant. He speaks frequently on change, vocation and church in creative urban centers. RADIUS CHURCH 
</topic_text>
<spam_score>0.00</spam_score>
<post_num>1</post_num>
<post_id>post-1</post_id>
<post_url>http://www.josephbarkley.com/2016/05/12/8184/</post_url>
<post_date>20160512</post_date>
<post_time></post_time>
<username></username>
<post>
Conference, church service, retreat, podcast, publication... DATE * Date of event or deadline for publication TOPIC(S) * Please briefly explain the purpose of this engagement WILL THERE BE AN HONORARIUM? Submit ABOUT JOSEPH Joseph Barkley is the lead pastor in Radius Church, a church based in Los Angeles for people convinced church is irrelevant. He speaks frequently on change, vocation and church in creative urban centers. RADIUS CHURCH 
</post>
<signature>

</signature>
<external_links>

</external_links>
<country>US</country>
<main_image>http://i0.wp.com/www.josephbarkley.com/wp-content/uploads/2016/04/PBC_0285.jpg?fit=1200%2C800</main_image>
</document>
