<?xml version="1.0" encoding="UTF-8"?>
<document>
<type>mainstream</type>
<forum></forum>
<forum_title></forum_title>
<discussion_title>Actiedag woonreferendum | Rotterdam</discussion_title>
<language>dutch</language>
<gmt_offset></gmt_offset>
<topic_url>https://rotterdam.groenlinks.nl/agenda/actiedag-woonreferendum</topic_url>
<topic_text>
Stedelijke actiedag Woonreferendum op Zuid, doe je mee? Op zaterdag 14 mei gaat het actiecomité Woonreferendum massaal de straat op in Rotterdam-Zuid. Deze dag willen we 1.000 handtekeningen verzamelen voor het Woonreferendum tegen de afbraak van duizenden betaalbare woningen. We gaan dit doen door zo veel mogelijk bewoners en lokale ondernemers in Tarwewijk, Carnisse en Bloemhof te bereiken. Wil je ook helpen, kom dan 14 mei om 10.30 uur naar de Speeltuin Tarwewijk en geef je op bij: Dieudonnee Penning . 14 mei 2016 
</topic_text>
<spam_score>0.00</spam_score>
<post_num>1</post_num>
<post_id>post-1</post_id>
<post_url>https://rotterdam.groenlinks.nl/agenda/actiedag-woonreferendum</post_url>
<post_date>20160514</post_date>
<post_time></post_time>
<username></username>
<post>
Stedelijke actiedag Woonreferendum op Zuid, doe je mee? Op zaterdag 14 mei gaat het actiecomité Woonreferendum massaal de straat op in Rotterdam-Zuid. Deze dag willen we 1.000 handtekeningen verzamelen voor het Woonreferendum tegen de afbraak van duizenden betaalbare woningen. We gaan dit doen door zo veel mogelijk bewoners en lokale ondernemers in Tarwewijk, Carnisse en Bloemhof te bereiken. Wil je ook helpen, kom dan 14 mei om 10.30 uur naar de Speeltuin Tarwewijk en geef je op bij: Dieudonnee Penning . 14 mei 2016 
</post>
<signature>

</signature>
<external_links>

</external_links>
<country>NL</country>
<main_image>https://rotterdam.groenlinks.nl/sites/all/themes/twokings/groenlinks/groenlinks_socialmedia_logo.png</main_image>
</document>
