<?xml version="1.0" encoding="UTF-8"?>
<document>
<type>mainstream</type>
<forum>https://public.govdelivery.com/accounts/ORTRIMET/feed.rss?code=ORTRIMET</forum>
<forum_title>TriMet News and Service Alerts</forum_title>
<discussion_title>Service Alert Update: MAX lines delayed through 10 p.m. after mechanical issue</discussion_title>
<language>english</language>
<gmt_offset></gmt_offset>
<topic_url>https://content.govdelivery.com/accounts/ORTRIMET/bulletins/148ba1a</topic_url>
<topic_text>
Service Alert Update: MAX lines delayed through 10 p.m. after mechanical issue   05/11/2016 08:18 PM PDT 
Update: All MAX lines are experiencing delays through 10 p.m. following earlier mechanical issue.
</topic_text>
<spam_score>0.00</spam_score>
<post_num>1</post_num>
<post_id>post-1</post_id>
<post_url>https://content.govdelivery.com/accounts/ORTRIMET/bulletins/148ba1a</post_url>
<post_date>20160512</post_date>
<post_time>0318</post_time>
<username></username>
<post>
Service Alert Update: MAX lines delayed through 10 p.m. after mechanical issue   05/11/2016 08:18 PM PDT 
Update: All MAX lines are experiencing delays through 10 p.m. following earlier mechanical issue.
</post>
<signature>

</signature>
<external_links>

</external_links>
<country>US</country>
<main_image>https://public.govdelivery.com/assets/transparent-24ac86b29e6f1532aff53d2e380ebbb4.gif</main_image>
</document>
