<?xml version="1.0" encoding="UTF-8"?>
<document>
<type>mainstream</type>
<forum>http://www.aljazeera.com/</forum>
<forum_title>Al Jazeera: Live News | Bold Perspectives | Exclusive Films</forum_title>
<discussion_title>Border fencing escalates Pakistan-Afghanistan tension - AJE News</discussion_title>
<language>english</language>
<gmt_offset></gmt_offset>
<topic_url>http://www.aljazeera.com/news/2016/05/border-fencing-escalates-pakistan-afghanistan-tension-160512135324053.html</topic_url>
<topic_text>
Tension at the Pakistan-Afghanistan border has escalated over the fencing of a 2km area at the Torkham crossing which was stopped by the Afghan forces.
The border crossing has been closed for three days and Pakistani officials have insisted that it would remain shut until Afghanistan takes back its objection to the fencing.
Pakistan said there is infiltration of fighters from the Afghanistan side and fencing of the border was the only immediate solution to keep a check on the people crossing the border.
Al Jazeera&apos;s Kamal Hyder, reporting from the Pakistan side of the Torkham crossing, said there were thousands of trucks that have been stranded at the border for three days because of the closure.
&quot;The drivers are facing hardships and are living in tough conditions by the roadside,&quot; he said.
&quot;They are carrying supplies for the NATO forces in Afghanistan and there are perishable items including food and vegetables on the trucks.&quot;
Families waiting to cross the border into Afghanistan told Al Jazeera they wanted to go back to their homeland and start a new life after spending almost three decades as refugees in Pakistan.
The truck drivers complained of being stranded on the roadside without food and water for three days and urged both governments to resolve the issues on an immediate basis.
</topic_text>
<spam_score>0.00</spam_score>
<post_num>2</post_num>
<post_id>post-2</post_id>
<post_url>http://www.aljazeera.com/news/2016/05/border-fencing-escalates-pakistan-afghanistan-tension-160512135324053.html</post_url>
<post_date>20160512</post_date>
<post_time>1919</post_time>
<username>Bulldog_Ralph</username>
<post>
Pakistan is the armpit of the universe.
</post>
<signature>

</signature>
<external_links>

</external_links>
<country>US</country>
<main_image>http://www.aljazeera.com/mritems/Images/2016/5/12/1899179948384f888c4afe426dc9604e_18.jpg</main_image>
</document>
