<?xml version="1.0" encoding="UTF-8"?>
<document>
<type>mainstream</type>
<forum>http://www.ideal.es/sociedad/?reducido=1&amp;pag=612</forum>
<forum_title></forum_title>
<discussion_title>El Parkinson de Hitler, su perdición en la Guerra</discussion_title>
<language>spanish</language>
<gmt_offset></gmt_offset>
<topic_url>http://www.ideal.es/sociedad/201507/04/parkinson-hitler-perdicion-guerra-20150701142617.html</topic_url>
<topic_text>
Sobre los últimos días de Hitler se han escrito multitud de teorías, muchas de las cuales no suelen presentar muchas concordancias. Hay quien dice que tras perder la Guerra huyó a España y en 197 murió en Paraguay . Un último estudio quiere averiguar precisamente cómo se encontraba el dictador cuando el conflicto se acercaba a su final. Es evidente que su mano izquierda temblaba sin parar , como muestran los vídeos que hay grabados sobre él.
Esta misma semana, un grupo de neurólogos estadounidenses ha señalado que el «Führer» pudo verse influido negativamente a la hora de tomar decisiones debido al Parkinson que sufría, hasta el punto de condicionar su estrategia y encaminarla hacia una derrota segura.
Raghav Gupta encabeza este trabajo que ha sido publicado en la revista especializada «World Neurosurgery» y que revela por primera vez que esta enfermedad pudo hacerle impulsivo y temerario. &quot;Creemos que la enfermedad pudo hacer que Hitler atacase Rusia antes de tiempo, en 1941&quot;, añade.
En este sentido, los neurólogos citan otras malas decisiones de Hitler que pudieron estar afectadas por el Parkinson , como la de no defender adecuadamente las playas de Normandía en 1944 o su negativa a que la «Wehrmacht» se retirase de Stalingrado, donde caían a miles los soldados germanos. Cabe destacar que Gupta no cree que los millones de asesinatos de judíos y la temible «Solución Final» de Hitler estuviesen fomentados por la dolencia
Como era de esperar tratándose de una figura de la trascendencia de Hitler , el estudio ya ha suscitado una gran cantidad de críticas en apenas unas horas, añadiendo que el dictador ya protagonizó varios levantamientos sin que el Parkinson hubiera hecho acto de presencia en él.
Lo Más lo más 50
</topic_text>
<spam_score>0.00</spam_score>
<post_num>1</post_num>
<post_id>post-1</post_id>
<post_url>http://www.ideal.es/sociedad/201507/04/parkinson-hitler-perdicion-guerra-20150701142617.html</post_url>
<post_date>20150704</post_date>
<post_time>0009</post_time>
<username>ideal.es</username>
<post>
Sobre los últimos días de Hitler se han escrito multitud de teorías, muchas de las cuales no suelen presentar muchas concordancias. Hay quien dice que tras perder la Guerra huyó a España y en 197 murió en Paraguay . Un último estudio quiere averiguar precisamente cómo se encontraba el dictador cuando el conflicto se acercaba a su final. Es evidente que su mano izquierda temblaba sin parar , como muestran los vídeos que hay grabados sobre él.
Esta misma semana, un grupo de neurólogos estadounidenses ha señalado que el «Führer» pudo verse influido negativamente a la hora de tomar decisiones debido al Parkinson que sufría, hasta el punto de condicionar su estrategia y encaminarla hacia una derrota segura.
Raghav Gupta encabeza este trabajo que ha sido publicado en la revista especializada «World Neurosurgery» y que revela por primera vez que esta enfermedad pudo hacerle impulsivo y temerario. &quot;Creemos que la enfermedad pudo hacer que Hitler atacase Rusia antes de tiempo, en 1941&quot;, añade.
En este sentido, los neurólogos citan otras malas decisiones de Hitler que pudieron estar afectadas por el Parkinson , como la de no defender adecuadamente las playas de Normandía en 1944 o su negativa a que la «Wehrmacht» se retirase de Stalingrado, donde caían a miles los soldados germanos. Cabe destacar que Gupta no cree que los millones de asesinatos de judíos y la temible «Solución Final» de Hitler estuviesen fomentados por la dolencia
Como era de esperar tratándose de una figura de la trascendencia de Hitler , el estudio ya ha suscitado una gran cantidad de críticas en apenas unas horas, añadiendo que el dictador ya protagonizó varios levantamientos sin que el Parkinson hubiera hecho acto de presencia en él.
Lo Más lo más 50
</post>
<signature>

</signature>
<external_links>

</external_links>
<country>ES</country>
<main_image>http://www.ideal.es/noticias/201507/01/media/cortadas/hitler1--575x323.jpg</main_image>
</document>
