<?xml version="1.0" encoding="UTF-8"?>
<document>
<type>mainstream</type>
<forum>http://www.msnewsnow.com/Global/category.asp?C=7855&amp;clienttype=rss</forum>
<forum_title>Mississippi News Now - Home</forum_title>
<discussion_title>Mayor: North Carolina city won&apos;t back down on LGBT equality</discussion_title>
<language>english</language>
<gmt_offset></gmt_offset>
<topic_url>http://www.msnewsnow.com/story/31957539/mayor-north-carolina-city-wont-back-down-on-lgbt-equality</topic_url>
<topic_text>
Mayor: North Carolina city won&apos;t back down on LGBT equality - MSNewsNow.com - Jackson, MS Member Center: Mayor: North Carolina city won&apos;t back down on LGBT equality 2016-05-12T15:15:56Z 2016-05-12T15:15:56Z 
CHARLOTTE, N.C. (AP) - A North Carolina mayor says her city will not compromise on its equality law allowing transgender people to use the restroom of the gender with which they identify. 
The Charlotte Observer reports ( http://bit.ly/1XmWhuP ) that Mayor Jennifer Roberts told the city&apos;s most influential LGBT supporters Wednesday the city council will not back off its equal rights ordinance. 
The Charlotte ordinance prompted North Carolina lawmakers to approve legislation requiring people in government buildings to use bathrooms that match the sex on their birth certificates. 
The state law has been widely criticized. Top legislative leaders are reported to have met privately with Roberts about defusing the national backlash against the law. 
Legislative leaders have suggested that if Charlotte repealed its nondiscrimination ordinance, the General Assembly might change the much-criticized state law. 
Information from: The Charlotte Observer, http://www.charlotteobserver.com Copyright 2016 The Associated Press. All rights reserved. This material may not be published, broadcast, rewritten or redistributed.
</topic_text>
<spam_score>0.00</spam_score>
<post_num>1</post_num>
<post_id>post-1</post_id>
<post_url>http://www.msnewsnow.com/story/31957539/mayor-north-carolina-city-wont-back-down-on-lgbt-equality</post_url>
<post_date>20160512</post_date>
<post_time>1515</post_time>
<username></username>
<post>
Mayor: North Carolina city won&apos;t back down on LGBT equality - MSNewsNow.com - Jackson, MS Member Center: Mayor: North Carolina city won&apos;t back down on LGBT equality 2016-05-12T15:15:56Z 2016-05-12T15:15:56Z 
CHARLOTTE, N.C. (AP) - A North Carolina mayor says her city will not compromise on its equality law allowing transgender people to use the restroom of the gender with which they identify. 
The Charlotte Observer reports ( http://bit.ly/1XmWhuP ) that Mayor Jennifer Roberts told the city&apos;s most influential LGBT supporters Wednesday the city council will not back off its equal rights ordinance. 
The Charlotte ordinance prompted North Carolina lawmakers to approve legislation requiring people in government buildings to use bathrooms that match the sex on their birth certificates. 
The state law has been widely criticized. Top legislative leaders are reported to have met privately with Roberts about defusing the national backlash against the law. 
Legislative leaders have suggested that if Charlotte repealed its nondiscrimination ordinance, the General Assembly might change the much-criticized state law. 
Information from: The Charlotte Observer, http://www.charlotteobserver.com Copyright 2016 The Associated Press. All rights reserved. This material may not be published, broadcast, rewritten or redistributed.
</post>
<signature>

</signature>
<external_links>

</external_links>
<country>US</country>
<main_image></main_image>
</document>
