<?xml version="1.0" encoding="UTF-8"?>
<document>
<type>mainstream</type>
<forum></forum>
<forum_title></forum_title>
<discussion_title>Sofía Vergara protagoniza trifulca en un bar</discussion_title>
<language>spanish</language>
<gmt_offset></gmt_offset>
<topic_url>http://www.primerahora.com/entretenimiento/farandula/nota/sofiavergaraprotagonizatrifulcaenunbar-1152800/</topic_url>
<topic_text>
05/11/2016 |12:08 p.m. 
Sofía Vergara regresó a Colombia para participar de una campaña publicitaria y de la celebración de la boda de su primo Alejandro; sin embargo, no todo ha sido alegría para ella. Como se aprecia en un video de Twitter compartido por la periodista María Camila Orozco, la actriz protagonizó un incidente en un bar al que llegó con sus amigos a su paso por Cartagena. 
Según indica la prensa colombiana, Sofía Vergara se encontraba en el establecimiento llamado La jugada pasando un buen rato, cuando su presencia despertó la curiosidad y varias personas se acercaron a pedirle fotografías. Uno de ellos se habría intentado propasar, lo que habría generado esta reacción: En empujones, así terminó la primera noche de la &apos;Toti&apos; en Cartagena. pic.twitter.com/4yj6b1TFRQ — María Camila Orozco (@MCamilaOrozco) May 7, 2016 
Aunque la estrella de series como &quot;Modern Family&quot; no se ha pronunciado al respecto, el portal semana.com se comunicó con Juan Pablo Borge, el dueño del bar donde tuvo lugar el altercado, quien dijo lo siguiente. La primera noche de Sofía Vergara en Cartagena terminó en una acalorada discusión en el bar La Jugada. pic.twitter.com/ya3H6E4IH7 — María Camila Orozco (@MCamilaOrozco) May 7, 2016 
&quot;Ella se tomó demasiadas fotos con la gente, muchísimas, no paraban de tomarse fotos con ella. Pero hubo un momento donde Sofía no quería más fotos, estaba cansada. Creo que ahí se armó el inconveniente. No faltan las personas necias con las fotografías&quot;, declaró el empresario. 
Pese al incidente, Sofía Vergara ha continuado de manera normal sus actividades. 
</topic_text>
<spam_score>0.00</spam_score>
<post_num>1</post_num>
<post_id>post-1</post_id>
<post_url>http://www.primerahora.com/entretenimiento/farandula/nota/sofiavergaraprotagonizatrifulcaenunbar-1152800/</post_url>
<post_date>20160511</post_date>
<post_time></post_time>
<username></username>
<post>
05/11/2016 |12:08 p.m. 
Sofía Vergara regresó a Colombia para participar de una campaña publicitaria y de la celebración de la boda de su primo Alejandro; sin embargo, no todo ha sido alegría para ella. Como se aprecia en un video de Twitter compartido por la periodista María Camila Orozco, la actriz protagonizó un incidente en un bar al que llegó con sus amigos a su paso por Cartagena. 
Según indica la prensa colombiana, Sofía Vergara se encontraba en el establecimiento llamado La jugada pasando un buen rato, cuando su presencia despertó la curiosidad y varias personas se acercaron a pedirle fotografías. Uno de ellos se habría intentado propasar, lo que habría generado esta reacción: En empujones, así terminó la primera noche de la &apos;Toti&apos; en Cartagena. pic.twitter.com/4yj6b1TFRQ — María Camila Orozco (@MCamilaOrozco) May 7, 2016 
Aunque la estrella de series como &quot;Modern Family&quot; no se ha pronunciado al respecto, el portal semana.com se comunicó con Juan Pablo Borge, el dueño del bar donde tuvo lugar el altercado, quien dijo lo siguiente. La primera noche de Sofía Vergara en Cartagena terminó en una acalorada discusión en el bar La Jugada. pic.twitter.com/ya3H6E4IH7 — María Camila Orozco (@MCamilaOrozco) May 7, 2016 
&quot;Ella se tomó demasiadas fotos con la gente, muchísimas, no paraban de tomarse fotos con ella. Pero hubo un momento donde Sofía no quería más fotos, estaba cansada. Creo que ahí se armó el inconveniente. No faltan las personas necias con las fotografías&quot;, declaró el empresario. 
Pese al incidente, Sofía Vergara ha continuado de manera normal sus actividades. 
</post>
<signature>

</signature>
<external_links>

</external_links>
<country>US</country>
<main_image>http://rec-eph.gfrcdn.net/images/2016/05/11/crop_capture_3_1.jpg</main_image>
</document>
