<?xml version="1.0" encoding="UTF-8"?>
<document>
<type>mainstream</type>
<forum>http://feeds.releasewire.com/rss/latest</forum>
<forum_title>ReleaseWire - Latest Press Releases</forum_title>
<discussion_title>Electrodes for Medical Devices Market to Reach US$1,451.2 Mn by 2019 Boosted by Increasing Demand for Ablation Electrodes</discussion_title>
<language>english</language>
<gmt_offset></gmt_offset>
<topic_url>http://www.sbwire.com/press-releases/electrodes-for-medical-devices/release-688568.htm</topic_url>
<topic_text>
Electrodes for Medical Devices Market to Reach US$1,451.2 Mn by 2019 Boosted by Increasing Demand for Ablation Electrodes Transparency Market Research Report Added &quot;Electrodes for Medical Devices Market&quot; to its database. 
Albany, NY -- ( SBWIRE ) -- 05/12/2016 -- A new Transparency Market Research report states that the global electrodes for medical devices market was pegged at US$633.6 mn in 2012 and is anticipated to reach US$1,451.2 mn by 2019, expanding at a CAGR of 11.70% from 2013 to 2019. The title of the report is &quot;Electrodes for Medical Devices Market - Global Industry Analysis, Size, Share, Growth, Trends and Forecast, 2013 - 2019.&quot; The utilization of electrodes in medical devices serves to transfer the ionic current energy into electrical current within the human body. These currents have proven to be very useful in diagnosing and treating a number of diseases and can be amplified as per the need. These electrodes are composed of metals such as silver, nickel, copper, manganese oxide, cadmium, and zinc, among others. Electrodes such as electrocardiography (ECG) electrodes are used for the diagnosis of cardiac disorders. On the other hand, electrosurgical electrodes are utilized in different surgeries and enable accurate incisions involving minimal blood loss. According to the report, the increasing need for portable medical devices to lower the increasing healthcare and hospital expenses is a key factor stimulating the electrodes for medical devices market. In addition, there is an increasing demand for disposable electrodes owing to the increasing safety and health concerns globally. Furthermore, ablation electrodes are in high demand owing to the increasing requirement for minimally invasive surgical technologies. On the other hand, the report states that electrical burns caused by overheating and the absence of biocompatibility tests have inhibited the acceptance and utilization of electrodes in medical devices, hence impeding the development of the overall market. In addition, delays in the pre-market approval process owing to the classification of pacemaker electrodes as high-risk devices by the FDA may also pose a negative impact on the growth of the market. In terms of product type, the market is segmented into ECG, EMG, EEG, fetal scalp electrodes, ERG electrodes, and others. Amongst these, ECG electrodes are poised to lead the market with a CAGR of 3.0% from 2013 to 2019. The ECG electrodes segment will be trailed by the segment of fetal scalp electrodes in the forecast horizon. The therapeutic electrodes for medical devices market, by product, is segmented into pacemaker electrodes, TENS electrodes, electrosurgical electrodes, defibrillator electrodes, and others. Amongst these, defibrillator electrodes and electrosurgical electrodes are anticipated to register the greatest CAGR from 2013 to 2019. This is owing to ZOLL Medical Corporation&apos;s launch of wearable defibrillators that monitor the wearer&apos;s cardiac rhythms and administer a carefully measured electrical shock to the wearer in case of abnormal cardiac rhythms so as to help regain the normal functioning of the heart. Get a Sample of this Report: http://www.transparencymarketresearch.com/sample/sample.php?flag=S&amp;rep_id=1579 Geographically, the report segments the electrodes for medical devices market into North America, Europe, Asia Pacific, and Rest of the World (RoW). Amongst these, in 2012, Europe and North America held the largest share of over 60% in the market owing to the proliferation of cutting-edge medical devices supporting the presence of technologically developed electrodes. Furthermore, the soaring count of cardiac disorders and the rising rate of diagnosis within these two regions will also support the growth of the market here. On the other hand, Asia Pacific is predicted to record the greatest growth rate in the forecast horizon owing to the increasing trend of medical tourism and the soaring count of smokers here. As per the report, the chief players dominant in the market are 3M Company, CONMED Corporation, and Natus Medical, Inc. among others Key segments of the Electrodes for Medical Devices Market are: Diagnostic Electrodes for Medical Devices Market, by Product Type ECG Electrodes
</topic_text>
<spam_score>0.00</spam_score>
<post_num>1</post_num>
<post_id>post-1</post_id>
<post_url>http://www.sbwire.com/press-releases/electrodes-for-medical-devices/release-688568.htm</post_url>
<post_date>20160512</post_date>
<post_time>1601</post_time>
<username></username>
<post>
Electrodes for Medical Devices Market to Reach US$1,451.2 Mn by 2019 Boosted by Increasing Demand for Ablation Electrodes Transparency Market Research Report Added &quot;Electrodes for Medical Devices Market&quot; to its database. 
Albany, NY -- ( SBWIRE ) -- 05/12/2016 -- A new Transparency Market Research report states that the global electrodes for medical devices market was pegged at US$633.6 mn in 2012 and is anticipated to reach US$1,451.2 mn by 2019, expanding at a CAGR of 11.70% from 2013 to 2019. The title of the report is &quot;Electrodes for Medical Devices Market - Global Industry Analysis, Size, Share, Growth, Trends and Forecast, 2013 - 2019.&quot; The utilization of electrodes in medical devices serves to transfer the ionic current energy into electrical current within the human body. These currents have proven to be very useful in diagnosing and treating a number of diseases and can be amplified as per the need. These electrodes are composed of metals such as silver, nickel, copper, manganese oxide, cadmium, and zinc, among others. Electrodes such as electrocardiography (ECG) electrodes are used for the diagnosis of cardiac disorders. On the other hand, electrosurgical electrodes are utilized in different surgeries and enable accurate incisions involving minimal blood loss. According to the report, the increasing need for portable medical devices to lower the increasing healthcare and hospital expenses is a key factor stimulating the electrodes for medical devices market. In addition, there is an increasing demand for disposable electrodes owing to the increasing safety and health concerns globally. Furthermore, ablation electrodes are in high demand owing to the increasing requirement for minimally invasive surgical technologies. On the other hand, the report states that electrical burns caused by overheating and the absence of biocompatibility tests have inhibited the acceptance and utilization of electrodes in medical devices, hence impeding the development of the overall market. In addition, delays in the pre-market approval process owing to the classification of pacemaker electrodes as high-risk devices by the FDA may also pose a negative impact on the growth of the market. In terms of product type, the market is segmented into ECG, EMG, EEG, fetal scalp electrodes, ERG electrodes, and others. Amongst these, ECG electrodes are poised to lead the market with a CAGR of 3.0% from 2013 to 2019. The ECG electrodes segment will be trailed by the segment of fetal scalp electrodes in the forecast horizon. The therapeutic electrodes for medical devices market, by product, is segmented into pacemaker electrodes, TENS electrodes, electrosurgical electrodes, defibrillator electrodes, and others. Amongst these, defibrillator electrodes and electrosurgical electrodes are anticipated to register the greatest CAGR from 2013 to 2019. This is owing to ZOLL Medical Corporation&apos;s launch of wearable defibrillators that monitor the wearer&apos;s cardiac rhythms and administer a carefully measured electrical shock to the wearer in case of abnormal cardiac rhythms so as to help regain the normal functioning of the heart. Get a Sample of this Report: http://www.transparencymarketresearch.com/sample/sample.php?flag=S&amp;rep_id=1579 Geographically, the report segments the electrodes for medical devices market into North America, Europe, Asia Pacific, and Rest of the World (RoW). Amongst these, in 2012, Europe and North America held the largest share of over 60% in the market owing to the proliferation of cutting-edge medical devices supporting the presence of technologically developed electrodes. Furthermore, the soaring count of cardiac disorders and the rising rate of diagnosis within these two regions will also support the growth of the market here. On the other hand, Asia Pacific is predicted to record the greatest growth rate in the forecast horizon owing to the increasing trend of medical tourism and the soaring count of smokers here. As per the report, the chief players dominant in the market are 3M Company, CONMED Corporation, and Natus Medical, Inc. among others Key segments of the Electrodes for Medical Devices Market are: Diagnostic Electrodes for Medical Devices Market, by Product Type ECG Electrodes
</post>
<signature>

</signature>
<external_links>

</external_links>
<country>US</country>
<main_image>http://media.releasewire.com/photos/show/?id=69214</main_image>
</document>
