<?xml version="1.0" encoding="UTF-8"?>
<document>
<type>mainstream</type>
<forum>http://www.postandcourier.com/apps/pbcs.dll/section?Category=PC16&amp;template=rss&amp;mime=XML</forum>
<forum_title>News</forum_title>
<discussion_title>Pickens County man found dead after standoff with deputies</discussion_title>
<language>english</language>
<gmt_offset></gmt_offset>
<topic_url>http://www.postandcourier.com/20160512/160519799/pickens-county-man-found-dead-after-standoff-with-deputies&amp;ampsource=RSS</topic_url>
<topic_text>
Pickens County man found dead after standoff with deputies 
Associated Press May 12 2016 11:59 am EASLEY, S.C. — A Pickens County man who authorities say shot his neighbor is now dead after barricading himself in his home. Pickens County Sheriff Rick Clark tells local media that authorities received a 911 call Wednesday afternoon reporting that a woman had been shot. The shooting victim was able to tell deputies that the man across the street had shot her. He had locked himself in his home when deputies arrived. A SWAT team tried for three hours to get the man to come out of his house, before eventually resorting to tear gas and entering the residence. Officers found the man’s body inside. Clark says he doesn’t know how the man died. The man’s identity hasn’t been released. The woman is recovering at Greenville memorial hospital. Keywords Most Popular
</topic_text>
<spam_score>0.00</spam_score>
<post_num>1</post_num>
<post_id>post-1</post_id>
<post_url>http://www.postandcourier.com/20160512/160519799/pickens-county-man-found-dead-after-standoff-with-deputies&amp;ampsource=RSS</post_url>
<post_date>20160512</post_date>
<post_time>1659</post_time>
<username></username>
<post>
Pickens County man found dead after standoff with deputies 
Associated Press May 12 2016 11:59 am EASLEY, S.C. — A Pickens County man who authorities say shot his neighbor is now dead after barricading himself in his home. Pickens County Sheriff Rick Clark tells local media that authorities received a 911 call Wednesday afternoon reporting that a woman had been shot. The shooting victim was able to tell deputies that the man across the street had shot her. He had locked himself in his home when deputies arrived. A SWAT team tried for three hours to get the man to come out of his house, before eventually resorting to tear gas and entering the residence. Officers found the man’s body inside. Clark says he doesn’t know how the man died. The man’s identity hasn’t been released. The woman is recovering at Greenville memorial hospital. Keywords Most Popular
</post>
<signature>

</signature>
<external_links>

</external_links>
<country>US</country>
<main_image>http://www.postandcourier.com/storyimage/CP/20160512/PC1610/160519799/AR/0/AR-160519799.jpg</main_image>
</document>
