<?xml version="1.0" encoding="UTF-8"?>
<document>
<type>mainstream</type>
<forum></forum>
<forum_title></forum_title>
<discussion_title>Gibson extendió el turno hasta llevar el conteo a 3-2</discussion_title>
<language>english</language>
<gmt_offset></gmt_offset>
<topic_url>http://www.primerahora.com/videos/maquillajeconairbrush-123287</topic_url>
<topic_text>

</topic_text>
<spam_score>0.00</spam_score>
<post_num>1</post_num>
<post_id>post-1</post_id>
<post_url>http://www.primerahora.com/videos/maquillajeconairbrush-123287</post_url>
<post_date>20160512</post_date>
<post_time></post_time>
<username></username>
<post>

</post>
<signature>

</signature>
<external_links>

</external_links>
<country>US</country>
<main_image>http://assets.gfrvideo.com/ph/2016/05/12/198443_20160512020529_gibson-extendio-el-turno-hasta-llevar-el-conteo-a-3-2/stills/1.jpg</main_image>
</document>
