<?xml version="1.0" encoding="UTF-8"?>
<document>
<type>mainstream</type>
<forum></forum>
<forum_title></forum_title>
<discussion_title>定款の一部変更に関するお知らせ | ウシオ電機</discussion_title>
<language>english</language>
<gmt_offset></gmt_offset>
<topic_url>http://www.ushio.co.jp/jp/news/1004/2016-2016/500014.html</topic_url>
<topic_text>

</topic_text>
<spam_score>0.00</spam_score>
<post_num>1</post_num>
<post_id>post-1</post_id>
<post_url>http://www.ushio.co.jp/jp/news/1004/2016-2016/500014.html</post_url>
<post_date>20150423</post_date>
<post_time></post_time>
<username></username>
<post>

</post>
<signature>

</signature>
<external_links>

</external_links>
<country>JP</country>
<main_image>http://www.ushio.co.jp/jp/content_file/file/business_image_534x330.png</main_image>
</document>
