<?xml version="1.0" encoding="UTF-8"?>
<document>
<type>mainstream</type>
<forum>https://public.govdelivery.com/accounts/ORTRIMET/feed.rss?code=ORTRIMET</forum>
<forum_title>TriMet News and Service Alerts</forum_title>
<discussion_title>Service Alert Update: MAX Blue, Green and Red lines disrupted</discussion_title>
<language>english</language>
<gmt_offset></gmt_offset>
<topic_url>https://content.govdelivery.com/accounts/ORTRIMET/bulletins/148b8bb</topic_url>
<topic_text>
Service Alert Update: MAX Blue, Green and Red lines disrupted   05/11/2016 07:56 PM PDT 
MAX Blue, Green and Red lines are disrupted due to a mechanical issue at the Convention Center Station. Eastbound shuttle buses are serving temporary stops: on SW Yamhill at 9th, between 5th/6th and at 2nd; on 2nd at Oak, Ash and Everett; at Rose Quarter &amp; Holladay; and across from Convention Center, NE 7th and Lloyd Center stations. Westbound shuttle buses are serving temporary stops: Across from Lloyd Center, NE 7th, Convention Center and Rose Quarter Transit Center; on 3rd at Everett, Ash and Oak; and on Morrison at 5th and 10th. 
MAX Orange and Yellow lines may continue to experience delays.
</topic_text>
<spam_score>0.00</spam_score>
<post_num>1</post_num>
<post_id>post-1</post_id>
<post_url>https://content.govdelivery.com/accounts/ORTRIMET/bulletins/148b8bb</post_url>
<post_date>20160512</post_date>
<post_time>0256</post_time>
<username></username>
<post>
Service Alert Update: MAX Blue, Green and Red lines disrupted   05/11/2016 07:56 PM PDT 
MAX Blue, Green and Red lines are disrupted due to a mechanical issue at the Convention Center Station. Eastbound shuttle buses are serving temporary stops: on SW Yamhill at 9th, between 5th/6th and at 2nd; on 2nd at Oak, Ash and Everett; at Rose Quarter &amp; Holladay; and across from Convention Center, NE 7th and Lloyd Center stations. Westbound shuttle buses are serving temporary stops: Across from Lloyd Center, NE 7th, Convention Center and Rose Quarter Transit Center; on 3rd at Everett, Ash and Oak; and on Morrison at 5th and 10th. 
MAX Orange and Yellow lines may continue to experience delays.
</post>
<signature>

</signature>
<external_links>

</external_links>
<country>US</country>
<main_image>https://public.govdelivery.com/assets/transparent-24ac86b29e6f1532aff53d2e380ebbb4.gif</main_image>
</document>
