<?xml version="1.0" encoding="UTF-8"?>
<document>
<type>mainstream</type>
<forum>http://www.pulaskicountymirror.com/search/?q=&amp;t=article&amp;l=100&amp;d=&amp;d1=&amp;d2=&amp;s=start_time&amp;sd=desc&amp;nsa=eedition&amp;c[]=missouri_news,missouri_news/*&amp;f=rss</forum>
<forum_title>Pulaski County Mirror - missouri news,missouri news/</forum_title>
<discussion_title>Missouri Senate Overrides Governor Nixon&apos;s veto to change school funding formula</discussion_title>
<language>english</language>
<gmt_offset></gmt_offset>
<topic_url>http://www.pulaskicountymirror.com/missouri_news/article_d911422e-1778-11e6-ac24-fb6ee7cdc286.html</topic_url>
<topic_text>
Missouri Senate Overrides Governor Nixon&apos;s veto to change school funding formula Mo. Digital News   
JEFFERSON CITY -The Missouri Senate has voted to override Governor Jay Nixon&apos;s veto of a bill to change the state&apos;s school funding formula. 
Senators said that the bill to change the state&apos;s school funding formula would help everyone since the original formula was not fully funded. 
Sen. Maria Chappelle-Nadal, D-St.Louis County, said legislators had negotiated with Gov. Jay Nixon, and they thought they found a better formula than before. 
&quot;Here is my opinion when you are trying to make a compromise you show good faith,&quot; Chappelle-Nadal said. &quot;If nothing else you have your word and he did not keep his.&quot; 
In his official veto, Gov. Nixon said that he could not pass the bill because it would break promises made to local schools. Nixon also said that the bill would provide legislators with an excuse not to pay for adequate school funding. 
Sen. Eric Schmitt, R-St. Louis County, said he thought Nixon was using St. Louis residents as pawns. 
&quot;I have to tell you it&apos;s truly remarkable that this governor who failed the people of Ferguson to grandstand and veto a bill with Ferguson as a backdrop,&quot; Schmitt said. 
Chappelle-Nadal also said that Nixon contributed the schools being underfunded, not just the Missouri legislature. 
&quot;His words in the press release were that there would be millions of dollars that would be eliminated,&quot; Nadal said. &quot;So what we said to that, it&apos;s kinda like it&apos;s a million dollars you never had? His logic is based on a fully funded formula which he&apos;s been part of not funding.&quot; 
The bill would enact a new formula that would cut some of the St. Louis schools budget but would also help taxpayers. 
The Missouri Senate overrode the veto by a 25-to-7 vote and the veto will be voted on by the Missouri House next.
</topic_text>
<spam_score>0.00</spam_score>
<post_num>1</post_num>
<post_id>post-1</post_id>
<post_url>http://www.pulaskicountymirror.com/missouri_news/article_d911422e-1778-11e6-ac24-fb6ee7cdc286.html</post_url>
<post_date>20160511</post_date>
<post_time>1304</post_time>
<username>Mo. Digital News</username>
<post>
Missouri Senate Overrides Governor Nixon&apos;s veto to change school funding formula Mo. Digital News   
JEFFERSON CITY -The Missouri Senate has voted to override Governor Jay Nixon&apos;s veto of a bill to change the state&apos;s school funding formula. 
Senators said that the bill to change the state&apos;s school funding formula would help everyone since the original formula was not fully funded. 
Sen. Maria Chappelle-Nadal, D-St.Louis County, said legislators had negotiated with Gov. Jay Nixon, and they thought they found a better formula than before. 
&quot;Here is my opinion when you are trying to make a compromise you show good faith,&quot; Chappelle-Nadal said. &quot;If nothing else you have your word and he did not keep his.&quot; 
In his official veto, Gov. Nixon said that he could not pass the bill because it would break promises made to local schools. Nixon also said that the bill would provide legislators with an excuse not to pay for adequate school funding. 
Sen. Eric Schmitt, R-St. Louis County, said he thought Nixon was using St. Louis residents as pawns. 
&quot;I have to tell you it&apos;s truly remarkable that this governor who failed the people of Ferguson to grandstand and veto a bill with Ferguson as a backdrop,&quot; Schmitt said. 
Chappelle-Nadal also said that Nixon contributed the schools being underfunded, not just the Missouri legislature. 
&quot;His words in the press release were that there would be millions of dollars that would be eliminated,&quot; Nadal said. &quot;So what we said to that, it&apos;s kinda like it&apos;s a million dollars you never had? His logic is based on a fully funded formula which he&apos;s been part of not funding.&quot; 
The bill would enact a new formula that would cut some of the St. Louis schools budget but would also help taxpayers. 
The Missouri Senate overrode the veto by a 25-to-7 vote and the veto will be voted on by the Missouri House next.
</post>
<signature>

</signature>
<external_links>

</external_links>
<country>US</country>
<main_image></main_image>
</document>
