<?xml version="1.0" encoding="UTF-8"?>
<document>
<type>mainstream</type>
<forum></forum>
<forum_title></forum_title>
<discussion_title>Analyste prix de revient et reporting - Mont-Royal, QC - 05020-0000774345 - FR | Robert Half - Canada</discussion_title>
<language>french</language>
<gmt_offset></gmt_offset>
<topic_url>https://www.roberthalf.ca/fr/finance/job-search/mont-royal-qc/analyste-prix-de-revient-et-reporting/43639202</topic_url>
<topic_text>
Accueil / Finance / Job Search / Analyste prix de revient et reporting - Mont-Royal, QC - 05020-0000774345 - FR Analyste prix de revient et reporting Salaire: 55,000 CAD - 65,000 CAD/Year Lieu: Mont-Royal, QC Date affiché : May 12, 2016 Type d&apos;emploi: Permanent Postuler Description: Entreprise internationale dans le domaine manufacturier. Un leader dans son industrie. Lentreprise vivant présentement une grande croissance, elle cherche à ajouter des membres à son équipe comptable. Responsabilités reliées au poste danalyste prix de revient et reporting : - Voir à la mise à jour des prix unitaires des produits, afin détablir les prix de vente; - Participer à létablissement dune structure de prix de revient; - Produire le rapport dinventaire mensuel; - Participer à la vérification des inventaires mensuels; - Analyser les contributions marginales sur nos produits de revente, installation et transport; - Préparer certains rapports de gestion; - Participer à la préparation du dossier de vérification annuel; - Assister à la préparation des états financiers mensuels; - Effectuer toute autre tâche connexe reliée au poste. Exigences Bilinguisme anglais/français, parlé et écrit - Excellente connaissance d&apos;Excel - Minimum deux (2) années d’expérience pertinente - Titre professionnel - Expérience en coût de revient - Expérience en entreprise manufacturière - Expérience avec décomptes d’inventaire. Envoyez votre curriculum vitae à [email protected] le plusrapidement possible afin que votre candidature soit traitée en priorité. Note : L&apos;usage du générique masculin a pour seul but d&apos;alléger la lecture du texte. Depuis plus de 65 ans, Robert Half Finance et Comptabilité assure le placement de professionnels hautement qualifiés en finance et comptabilité auprès d’entreprises de choix à travers le monde. Nous assurons aux professionnels l’accès à des opportunités enrichissantes en finance et comptabilité, et assistons les entreprises à trouver le talent dont elles ont besoin pour assurer leur succès continu. Apprenez-en davantage à www.roberthalffinance.ca .Robert Half figure une fois de plus au palmarès des entreprises les plus admirées au monde du magazine FORTUNE®, occupant le plus haut rang parmi les agences de recrutement. (1 mars 2016)Tous les postulants à un emploi au Canada doivent être autorisés à travailler au Canada.En cliquant “Postuler” vous indiquez avoir pris connaissance et accepté les Conditions d&apos;utilisation . Le générique masculin est utilisé dans le seul but d&apos;alléger la lecture du texte. Postuler 
</topic_text>
<spam_score>0.00</spam_score>
<post_num>1</post_num>
<post_id>post-1</post_id>
<post_url>https://www.roberthalf.ca/fr/finance/job-search/mont-royal-qc/analyste-prix-de-revient-et-reporting/43639202</post_url>
<post_date>20160512</post_date>
<post_time></post_time>
<username></username>
<post>
Accueil / Finance / Job Search / Analyste prix de revient et reporting - Mont-Royal, QC - 05020-0000774345 - FR Analyste prix de revient et reporting Salaire: 55,000 CAD - 65,000 CAD/Year Lieu: Mont-Royal, QC Date affiché : May 12, 2016 Type d&apos;emploi: Permanent Postuler Description: Entreprise internationale dans le domaine manufacturier. Un leader dans son industrie. Lentreprise vivant présentement une grande croissance, elle cherche à ajouter des membres à son équipe comptable. Responsabilités reliées au poste danalyste prix de revient et reporting : - Voir à la mise à jour des prix unitaires des produits, afin détablir les prix de vente; - Participer à létablissement dune structure de prix de revient; - Produire le rapport dinventaire mensuel; - Participer à la vérification des inventaires mensuels; - Analyser les contributions marginales sur nos produits de revente, installation et transport; - Préparer certains rapports de gestion; - Participer à la préparation du dossier de vérification annuel; - Assister à la préparation des états financiers mensuels; - Effectuer toute autre tâche connexe reliée au poste. Exigences Bilinguisme anglais/français, parlé et écrit - Excellente connaissance d&apos;Excel - Minimum deux (2) années d’expérience pertinente - Titre professionnel - Expérience en coût de revient - Expérience en entreprise manufacturière - Expérience avec décomptes d’inventaire. Envoyez votre curriculum vitae à [email protected] le plusrapidement possible afin que votre candidature soit traitée en priorité. Note : L&apos;usage du générique masculin a pour seul but d&apos;alléger la lecture du texte. Depuis plus de 65 ans, Robert Half Finance et Comptabilité assure le placement de professionnels hautement qualifiés en finance et comptabilité auprès d’entreprises de choix à travers le monde. Nous assurons aux professionnels l’accès à des opportunités enrichissantes en finance et comptabilité, et assistons les entreprises à trouver le talent dont elles ont besoin pour assurer leur succès continu. Apprenez-en davantage à www.roberthalffinance.ca .Robert Half figure une fois de plus au palmarès des entreprises les plus admirées au monde du magazine FORTUNE®, occupant le plus haut rang parmi les agences de recrutement. (1 mars 2016)Tous les postulants à un emploi au Canada doivent être autorisés à travailler au Canada.En cliquant “Postuler” vous indiquez avoir pris connaissance et accepté les Conditions d&apos;utilisation . Le générique masculin est utilisé dans le seul but d&apos;alléger la lecture du texte. Postuler 
</post>
<signature>

</signature>
<external_links>

</external_links>
<country>US</country>
<main_image>https://www.roberthalf.ca/fr//sites/all/themes/custom/rhalf/images/robert-half-social-logo.gif</main_image>
</document>
