<?xml version="1.0" encoding="UTF-8"?>
<document>
<type>mainstream</type>
<forum></forum>
<forum_title></forum_title>
<discussion_title>Lenovo accede al primer puesto mundial en el campo de los portátiles | Silicon</discussion_title>
<language>spanish</language>
<gmt_offset></gmt_offset>
<topic_url>http://www.silicon.es/lenovo-accede-al-primer-puesto-mundial-en-el-campo-de-los-portatiles-2308379</topic_url>
<topic_text>
0 No hay comentarios 
La marca china ha logrado alcanzar el liderato en el mercado de ordenadores portátiles en el primer trimestre de 2016. 
Según se desprende de los datos publicados por la firma TrendForce , Lenovo es la marca más popular en el campo de los portátiles , tras cerrar el Q1 de este año con una cuota de mercado del 22,2% . 
Eso implica que HP pierde fuelle y baja a la segunda posición al tener que conformarse con un 20,4% , mientras que Dell mantiene la tercera plaza con un control del 14,7% del mercado de portátiles a nivel mundial. 
Más atrás aparece Asus , que llega al 11,4% , un dato que implica un importante descenso frente al 13% con el que la compañía taiwanesa finalizó el año pasado. 
El quinto en el ranking de Trendforce es Acer con un 7,3% , mientras que Apple es sexta con un 7,1% , una cifra que refleja un elevado retroceso en las ventas de portátiles de la compañía de la manzana, que en el Q4 de 2015 se situaba con una cuota de mercado del 9,7%. 
Cerrando la clasificación se ubican los portátiles de Toshiba y Samsung , que solo logran un 2,4% y un 2,2% , respectivamente. Jaime Domenech Tras varios años de experiencia en información tecnológica para medios y empresas, accedo al grupo NetMedia Europe a finales de 2010 para trabajar en la web TheInquirer, donde estoy más de dos años. En 2013 cambio a la web Silicon News y más adelante paso a colaborar también para SiliconWeek.es y SiliconWeek.com. Sígame 
</topic_text>
<spam_score>0.00</spam_score>
<post_num>1</post_num>
<post_id>post-1</post_id>
<post_url>http://www.silicon.es/lenovo-accede-al-primer-puesto-mundial-en-el-campo-de-los-portatiles-2308379</post_url>
<post_date>20160512</post_date>
<post_time></post_time>
<username>Jaime Domenech</username>
<post>
0 No hay comentarios 
La marca china ha logrado alcanzar el liderato en el mercado de ordenadores portátiles en el primer trimestre de 2016. 
Según se desprende de los datos publicados por la firma TrendForce , Lenovo es la marca más popular en el campo de los portátiles , tras cerrar el Q1 de este año con una cuota de mercado del 22,2% . 
Eso implica que HP pierde fuelle y baja a la segunda posición al tener que conformarse con un 20,4% , mientras que Dell mantiene la tercera plaza con un control del 14,7% del mercado de portátiles a nivel mundial. 
Más atrás aparece Asus , que llega al 11,4% , un dato que implica un importante descenso frente al 13% con el que la compañía taiwanesa finalizó el año pasado. 
El quinto en el ranking de Trendforce es Acer con un 7,3% , mientras que Apple es sexta con un 7,1% , una cifra que refleja un elevado retroceso en las ventas de portátiles de la compañía de la manzana, que en el Q4 de 2015 se situaba con una cuota de mercado del 9,7%. 
Cerrando la clasificación se ubican los portátiles de Toshiba y Samsung , que solo logran un 2,4% y un 2,2% , respectivamente. Jaime Domenech Tras varios años de experiencia en información tecnológica para medios y empresas, accedo al grupo NetMedia Europe a finales de 2010 para trabajar en la web TheInquirer, donde estoy más de dos años. En 2013 cambio a la web Silicon News y más adelante paso a colaborar también para SiliconWeek.es y SiliconWeek.com. Sígame 
</post>
<signature>

</signature>
<external_links>

</external_links>
<country>FR</country>
<main_image>http://www.silicon.es/wp-content/uploads/2016/05/lenovo-g450-t6600.jpg</main_image>
</document>
