<?xml version="1.0" encoding="UTF-8"?>
<document>
<type>mainstream</type>
<forum>http://www.cbs8.com/category/307361/business-wire</forum>
<forum_title>Business Wire - CBS News 8 - San Diego, CA News Station - KFMB Channel 8</forum_title>
<discussion_title>Fitch Affirms Preferred Shares Issued by Two Federated Municipal Funds at &apos;AAA&apos;</discussion_title>
<language>english</language>
<gmt_offset></gmt_offset>
<topic_url>http://www.cbs8.com/story/31956926/fitch-affirms-preferred-shares-issued-by-two-federated-municipal-funds-at-aaa</topic_url>
<topic_text>
NEW YORK --(BUSINESS WIRE) Fitch Ratings has affirmed the &apos;AAA&apos; ratings on the Variable Rate Municipal Term Preferred Shares (VMTP Shares) and auction market preferred shares (AMPS) issued by Federated Premier Municipal Income Fund (NYSE: FMN) and Federated Premier Intermediate Municipal Income Fund (NYSE: FPT) as follows:
FMN
--$35,525,000 of VMTP Shares, series 2017, with a liquidation preference of $25,000 per share, due June 19, 2017, affirmed at &apos;AAA&apos;;
--$18,150,000 of AMPS, series A, with a liquidation preference of $25,000 per share, affirmed at &apos;AAA&apos;.
FPT
--$46,175,000 of VMTP Shares, series 2017, with a liquidation preference of $25,000 per share, due June 19, 2017, affirmed at &apos;AAA&apos;;
--$14,900,000 of AMPS, series A, with a liquidation preference of $25,000 per share, affirmed at &apos;AAA&apos;.
KEY RATING DRIVERS
The &apos;AAA&apos; long-term ratings primarily reflect:
--Sufficient asset coverage provided to the AMPS and VMTP shares as calculated per each fund&apos;s overcollateralization (OC) tests;
--The structural protections afforded by mandatory de-leveraging provisions in the event of asset coverage declines;
--The legal and regulatory parameters that govern each fund&apos;s operations;
--The capabilities of Federated as investment advisor.
FUND LEVERAGE
As of March 31, 2016, FMN had about $54 million in leverage, consisting of approximately $35.5 million of Fitch-rated VMTP Shares and $18.2 Fitch-rated AMPS. The total leverage ratio as of March 31, 2016 was approximately 36%.
As of March 31, 2016, FPT had about $61 million in leverage, consisting of approximately $46.2 million of Fitch-rated VMTP Shares and approximately $14.9 Fitch-rated AMPS. The total leverage ratio as of March 31, 2016 was approximately 38%.
ASSET COVERAGE
As of March 31, 2016, each fund&apos;s asset coverage ratios for total outstanding preferred shares, as calculated in accordance with the Investment Company Act of 1940, was in excess of the minimum asset coverage of 225% required by each fund&apos;s governing documents.
As of the same date, each fund&apos;s effective leverage ratio was below the 45% (46% if due solely to fluctuations in the market value of a fund&apos;s portfolio securities) maximum leverage ratio allowed by each fund&apos;s governing documents for the preferred shares.
STRUCTURAL PROTECTIONS
Compliance with the Asset Coverage Test and Effective Leverage Test thresholds are tested periodically for each fund. A breach of either the Asset Coverage or Effective Leverage threshold requires the fund to redeem sufficient Preferred Shares to restore compliance.
For the Asset Coverage and Effective Leverage Ratio tests, the total market value exposure periods (i.e. the pre-specified time period allotted for valuation, cure and redemption in the event of a breach) are within the 60 business day Fitch criteria guidelines.
THE FUNDS
Federated Premier Municipal Income Fund is a diversified, closed-end management investment company that commenced investment operations in 2002. The fund invests primarily in investment-grade securities that pay interest exempt from federal income tax, including AMT. Substantially all of the fund&apos;s assets (at least 90%) are invested in tax-exempt securities.
Federated Premier Intermediate Municipal Income Fund is a diversified, closed-end management investment company that commenced investment operations in 2002. The fund invests primarily in intermediate-term, investment-grade securities that pay interest exempt from federal income tax, including AMT. Substantially all of the fund&apos;s assets (at least 90%) are invested in tax-exempt securities.
From a credit quality perspective, the funds&apos; investment parameters mandate that at the time of purchase, at least 80% of total assets will be invested in securities of investment-grade credit quality, no more than 20% of total assets will be invested in securities rated below investment-grade, and no investments will be made in securities rated below a &apos;B&apos; rating, or deemed as such by the funds&apos; internal credit ratings.
Federated serves as the fund&apos;s investment advisor and is a direct wholly owned subsidiary of Federated Investors, Inc. As of March 31, 2016, Federated Investors, Inc. and affiliates had approximately $369.7 billion in assets under management.
STRESS TESTS
Fitch performed various stress tests on the funds to assess the strength of the structural protections available to the rated preferred shares compared to the stresses outlined in Fitch&apos;s closed-end fund rating criteria. These tests included determining various &apos;worst case&apos; scenarios where each fund&apos;s leverage and portfolio composition migrated to the outer limits of each fund&apos;s operating and investment guidelines.
Only under certain circumstances, such as increasing each fund&apos;s issuer concentration while simultaneously migrating the portfolios to a mix of 80% long-term &apos;BBB&apos; bonds and 20% high yield bonds, did the asset coverage available to the VMTP Shares fall below the &apos;AAA&apos; threshold and instead passed at an &apos;AA&apos; rating level.
Given the highly unlikely nature of the stress scenarios, and the minimal rating impact, Fitch views each fund&apos;s permitted investments, municipal issuer diversification framework and mandatory deleveraging mechanisms as consistent with a &apos;AAA&apos; rating.
RATING SENSITIVITIES
The ratings assigned to the preferred shares may be sensitive to material changes in the leverage composition, portfolio credit quality or market risk of each fund, as described above. A material adverse deviation from Fitch guidelines for any key rating driver could cause ratings to be lowered by Fitch.
Each fund has the ability to assume economic leverage through derivative transactions which may not be captured by the funds&apos; Preferred Shares Asset Coverage test or Effective Leverage Ratio. The funds do not currently engage in derivative activities for speculative purposes and do not envision engaging in material amounts of such activity in the future. Material derivative exposure in the future could have potential negative rating implications if it adversely affects asset coverage available to rated preferred shares.
Additional information is available on www.fitchratings.com
Applicable Criteria
Rating Closed-End Fund Debt and Preferred Stock (pub. 16 Sep 2015)
https://www.fitchratings.com/creditdesk/reports/report_frame.cfm?rpt_id=871119
Additional Disclosures
Dodd-Frank Rating Information Disclosure Form
https://www.fitchratings.com/creditdesk/press_releases/content/ridf_frame.cfm?pr_id=1004373
Solicitation Status
https://www.fitchratings.com/gws/en/disclosure/solicitation?pr_id=1004373
Endorsement Policy
https://www.fitchratings.com/jsp/creditdesk/PolicyRegulation.faces?context=2&amp;detail=31
ALL FITCH CREDIT RATINGS ARE SUBJECT TO CERTAIN LIMITATIONS AND DISCLAIMERS. PLEASE READ THESE LIMITATIONS AND DISCLAIMERS BY FOLLOWING THIS LINK: HTTP://FITCHRATINGS.COM/UNDERSTANDINGCREDITRATINGS . IN ADDITION, RATING DEFINITIONS AND THE TERMS OF USE OF SUCH RATINGS ARE AVAILABLE ON THE AGENCY&apos;S PUBLIC WEBSITE &apos; WWW.FITCHRATINGS.COM &apos;. PUBLISHED RATINGS, CRITERIA AND METHODOLOGIES ARE AVAILABLE FROM THIS SITE AT ALL TIMES. FITCH&apos;S CODE OF CONDUCT, CONFIDENTIALITY, CONFLICTS OF INTEREST, AFFILIATE FIREWALL, COMPLIANCE AND OTHER RELEVANT POLICIES AND PROCEDURES ARE ALSO AVAILABLE FROM THE &apos;CODE OF CONDUCT&apos; SECTION OF THIS SITE. FITCH MAY HAVE PROVIDED ANOTHER PERMISSIBLE SERVICE TO THE RATED ENTITY OR ITS RELATED THIRD PARTIES. DETAILS OF THIS SERVICE FOR RATINGS FOR WHICH THE LEAD ANALYST IS BASED IN AN EU-REGISTERED ENTITY CAN BE FOUND ON THE ENTITY SUMMARY PAGE FOR THIS ISSUER ON THE FITCH WEBSITE.
 //www.businesswire.com/news/home/20160512005901/en/
Fitch Ratings
Primary Analyst
Brian Knudsen
Associate Director
+1-646-582-4904
Fitch Ratings, Inc.
33 Whitehall Street
New York, NY 10004
or
Secondary Analyst
Greg Fayvilevich
Senior Director
+1-212-908-9151
or
Committee Chairperson
Davie Rodriguez, CFA
Senior Director
+1-212-908-0386
or
Media Relations:
Hannah James, +1 646-582-4947
hannah.james@fitchratings.com
 
</topic_text>
<spam_score>0.00</spam_score>
<post_num>1</post_num>
<post_id>post-1</post_id>
<post_url>http://www.cbs8.com/story/31956926/fitch-affirms-preferred-shares-issued-by-two-federated-municipal-funds-at-aaa</post_url>
<post_date>20160512</post_date>
<post_time>1021</post_time>
<username>cbs8</username>
<post>
NEW YORK --(BUSINESS WIRE) Fitch Ratings has affirmed the &apos;AAA&apos; ratings on the Variable Rate Municipal Term Preferred Shares (VMTP Shares) and auction market preferred shares (AMPS) issued by Federated Premier Municipal Income Fund (NYSE: FMN) and Federated Premier Intermediate Municipal Income Fund (NYSE: FPT) as follows:
FMN
--$35,525,000 of VMTP Shares, series 2017, with a liquidation preference of $25,000 per share, due June 19, 2017, affirmed at &apos;AAA&apos;;
--$18,150,000 of AMPS, series A, with a liquidation preference of $25,000 per share, affirmed at &apos;AAA&apos;.
FPT
--$46,175,000 of VMTP Shares, series 2017, with a liquidation preference of $25,000 per share, due June 19, 2017, affirmed at &apos;AAA&apos;;
--$14,900,000 of AMPS, series A, with a liquidation preference of $25,000 per share, affirmed at &apos;AAA&apos;.
KEY RATING DRIVERS
The &apos;AAA&apos; long-term ratings primarily reflect:
--Sufficient asset coverage provided to the AMPS and VMTP shares as calculated per each fund&apos;s overcollateralization (OC) tests;
--The structural protections afforded by mandatory de-leveraging provisions in the event of asset coverage declines;
--The legal and regulatory parameters that govern each fund&apos;s operations;
--The capabilities of Federated as investment advisor.
FUND LEVERAGE
As of March 31, 2016, FMN had about $54 million in leverage, consisting of approximately $35.5 million of Fitch-rated VMTP Shares and $18.2 Fitch-rated AMPS. The total leverage ratio as of March 31, 2016 was approximately 36%.
As of March 31, 2016, FPT had about $61 million in leverage, consisting of approximately $46.2 million of Fitch-rated VMTP Shares and approximately $14.9 Fitch-rated AMPS. The total leverage ratio as of March 31, 2016 was approximately 38%.
ASSET COVERAGE
As of March 31, 2016, each fund&apos;s asset coverage ratios for total outstanding preferred shares, as calculated in accordance with the Investment Company Act of 1940, was in excess of the minimum asset coverage of 225% required by each fund&apos;s governing documents.
As of the same date, each fund&apos;s effective leverage ratio was below the 45% (46% if due solely to fluctuations in the market value of a fund&apos;s portfolio securities) maximum leverage ratio allowed by each fund&apos;s governing documents for the preferred shares.
STRUCTURAL PROTECTIONS
Compliance with the Asset Coverage Test and Effective Leverage Test thresholds are tested periodically for each fund. A breach of either the Asset Coverage or Effective Leverage threshold requires the fund to redeem sufficient Preferred Shares to restore compliance.
For the Asset Coverage and Effective Leverage Ratio tests, the total market value exposure periods (i.e. the pre-specified time period allotted for valuation, cure and redemption in the event of a breach) are within the 60 business day Fitch criteria guidelines.
THE FUNDS
Federated Premier Municipal Income Fund is a diversified, closed-end management investment company that commenced investment operations in 2002. The fund invests primarily in investment-grade securities that pay interest exempt from federal income tax, including AMT. Substantially all of the fund&apos;s assets (at least 90%) are invested in tax-exempt securities.
Federated Premier Intermediate Municipal Income Fund is a diversified, closed-end management investment company that commenced investment operations in 2002. The fund invests primarily in intermediate-term, investment-grade securities that pay interest exempt from federal income tax, including AMT. Substantially all of the fund&apos;s assets (at least 90%) are invested in tax-exempt securities.
From a credit quality perspective, the funds&apos; investment parameters mandate that at the time of purchase, at least 80% of total assets will be invested in securities of investment-grade credit quality, no more than 20% of total assets will be invested in securities rated below investment-grade, and no investments will be made in securities rated below a &apos;B&apos; rating, or deemed as such by the funds&apos; internal credit ratings.
Federated serves as the fund&apos;s investment advisor and is a direct wholly owned subsidiary of Federated Investors, Inc. As of March 31, 2016, Federated Investors, Inc. and affiliates had approximately $369.7 billion in assets under management.
STRESS TESTS
Fitch performed various stress tests on the funds to assess the strength of the structural protections available to the rated preferred shares compared to the stresses outlined in Fitch&apos;s closed-end fund rating criteria. These tests included determining various &apos;worst case&apos; scenarios where each fund&apos;s leverage and portfolio composition migrated to the outer limits of each fund&apos;s operating and investment guidelines.
Only under certain circumstances, such as increasing each fund&apos;s issuer concentration while simultaneously migrating the portfolios to a mix of 80% long-term &apos;BBB&apos; bonds and 20% high yield bonds, did the asset coverage available to the VMTP Shares fall below the &apos;AAA&apos; threshold and instead passed at an &apos;AA&apos; rating level.
Given the highly unlikely nature of the stress scenarios, and the minimal rating impact, Fitch views each fund&apos;s permitted investments, municipal issuer diversification framework and mandatory deleveraging mechanisms as consistent with a &apos;AAA&apos; rating.
RATING SENSITIVITIES
The ratings assigned to the preferred shares may be sensitive to material changes in the leverage composition, portfolio credit quality or market risk of each fund, as described above. A material adverse deviation from Fitch guidelines for any key rating driver could cause ratings to be lowered by Fitch.
Each fund has the ability to assume economic leverage through derivative transactions which may not be captured by the funds&apos; Preferred Shares Asset Coverage test or Effective Leverage Ratio. The funds do not currently engage in derivative activities for speculative purposes and do not envision engaging in material amounts of such activity in the future. Material derivative exposure in the future could have potential negative rating implications if it adversely affects asset coverage available to rated preferred shares.
Additional information is available on www.fitchratings.com
Applicable Criteria
Rating Closed-End Fund Debt and Preferred Stock (pub. 16 Sep 2015)
https://www.fitchratings.com/creditdesk/reports/report_frame.cfm?rpt_id=871119
Additional Disclosures
Dodd-Frank Rating Information Disclosure Form
https://www.fitchratings.com/creditdesk/press_releases/content/ridf_frame.cfm?pr_id=1004373
Solicitation Status
https://www.fitchratings.com/gws/en/disclosure/solicitation?pr_id=1004373
Endorsement Policy
https://www.fitchratings.com/jsp/creditdesk/PolicyRegulation.faces?context=2&amp;detail=31
ALL FITCH CREDIT RATINGS ARE SUBJECT TO CERTAIN LIMITATIONS AND DISCLAIMERS. PLEASE READ THESE LIMITATIONS AND DISCLAIMERS BY FOLLOWING THIS LINK: HTTP://FITCHRATINGS.COM/UNDERSTANDINGCREDITRATINGS . IN ADDITION, RATING DEFINITIONS AND THE TERMS OF USE OF SUCH RATINGS ARE AVAILABLE ON THE AGENCY&apos;S PUBLIC WEBSITE &apos; WWW.FITCHRATINGS.COM &apos;. PUBLISHED RATINGS, CRITERIA AND METHODOLOGIES ARE AVAILABLE FROM THIS SITE AT ALL TIMES. FITCH&apos;S CODE OF CONDUCT, CONFIDENTIALITY, CONFLICTS OF INTEREST, AFFILIATE FIREWALL, COMPLIANCE AND OTHER RELEVANT POLICIES AND PROCEDURES ARE ALSO AVAILABLE FROM THE &apos;CODE OF CONDUCT&apos; SECTION OF THIS SITE. FITCH MAY HAVE PROVIDED ANOTHER PERMISSIBLE SERVICE TO THE RATED ENTITY OR ITS RELATED THIRD PARTIES. DETAILS OF THIS SERVICE FOR RATINGS FOR WHICH THE LEAD ANALYST IS BASED IN AN EU-REGISTERED ENTITY CAN BE FOUND ON THE ENTITY SUMMARY PAGE FOR THIS ISSUER ON THE FITCH WEBSITE.
 //www.businesswire.com/news/home/20160512005901/en/
Fitch Ratings
Primary Analyst
Brian Knudsen
Associate Director
+1-646-582-4904
Fitch Ratings, Inc.
33 Whitehall Street
New York, NY 10004
or
Secondary Analyst
Greg Fayvilevich
Senior Director
+1-212-908-9151
or
Committee Chairperson
Davie Rodriguez, CFA
Senior Director
+1-212-908-0386
or
Media Relations:
Hannah James, +1 646-582-4947
hannah.james@fitchratings.com
 
</post>
<signature>

</signature>
<external_links>
<external_link>https://www.fitchratings.com/gws/en/disclosure/solicitation?pr_id=1004373</external_link><external_link>http://cts.businesswire.com/ct/CT?id=bwnews&amp;sty=20160512005901r1&amp;sid=56987&amp;distro=ftp</external_link><external_link>http://purl.org/rss/1.0/modules/content/</external_link><external_link>https://www.fitchratings.com/creditdesk/reports/report_frame.cfm?rpt_id=871119</external_link><external_link>http://cts.businesswire.com/ct/CT?id=smartlink&amp;url=http%3A%2F%2Fwww.fitchratings.com&amp;esheet=51341317&amp;newsitemid=20160512005901&amp;lan=en-US&amp;anchor=www.fitchratings.com&amp;index=1&amp;md5=4909732e0a63a7ce92772c7b2c15802c</external_link><external_link>http://www.businesswire.com/news/home/20160512005901/en/</external_link><external_link>http://cts.businesswire.com/ct/CT?id=smartlink&amp;url=https%3A%2F%2Fwww.fitchratings.com%2Fjsp%2Fcreditdesk%2FPolicyRegulation.faces%3Fcontext%3D2%26detail%3D31&amp;esheet=51341317&amp;newsitemid=20160512005901&amp;lan=en-US&amp;anchor=https%3A%2F%2Fwww.fitchratings.com%2Fjsp%2Fcreditdesk%2FPolicyRegulation.faces%3Fcontext%3D2%26detail%3D31&amp;index=5&amp;md5=3ad9c137da89af0920dd72d438b205e0</external_link><external_link>http://cts.businesswire.com/ct/CT?id=smartlink&amp;url=https%3A%2F%2Fwww.fitchratings.com%2Fcreditdesk%2Fpress_releases%2Fcontent%2Fridf_frame.cfm%3Fpr_id%3D1004373&amp;esheet=51341317&amp;newsitemid=20160512005901&amp;lan=en-US&amp;anchor=https%3A%2F%2Fwww.fitchratings.com%2Fcreditdesk%2Fpress_releases%2Fcontent%2Fridf_frame.cfm%3Fpr_id%3D1004373&amp;index=3&amp;md5=3a79a836ba71a7dabf02d676175c9b8f</external_link><external_link>http://cts.businesswire.com/ct/CT?id=smartlink&amp;url=https%3A%2F%2Fwww.fitchratings.com%2Fcreditdesk%2Freports%2Freport_frame.cfm%3Frpt_id%3D871119&amp;esheet=51341317&amp;newsitemid=20160512005901&amp;lan=en-US&amp;anchor=https%3A%2F%2Fwww.fitchratings.com%2Fcreditdesk%2Freports%2Freport_frame.cfm%3Frpt_id%3D871119&amp;index=2&amp;md5=f63c9665693a346e1e6b2872a75c15f6</external_link><external_link>http://cts.businesswire.com/ct/CT?id=smartlink&amp;url=https%3A%2F%2Fwww.fitchratings.com%2Fgws%2Fen%2Fdisclosure%2Fsolicitation%3Fpr_id%3D1004373&amp;esheet=51341317&amp;newsitemid=20160512005901&amp;lan=en-US&amp;anchor=https%3A%2F%2Fwww.fitchratings.com%2Fgws%2Fen%2Fdisclosure%2Fsolicitation%3Fpr_id%3D1004373&amp;index=4&amp;md5=356994614dca22114c65a1568ee68330</external_link><external_link>https://www.fitchratings.com/jsp/creditdesk/PolicyRegulation.faces?context=2&amp;detail=31</external_link><external_link>http://cts.businesswire.com/ct/CT?id=smartlink&amp;url=http%3A%2F%2FWWW.FITCHRATINGS.COM&amp;esheet=51341317&amp;newsitemid=20160512005901&amp;lan=en-US&amp;anchor=WWW.FITCHRATINGS.COM&amp;index=7&amp;md5=88c7bf7bbd3c11131ebd95599d0577c2</external_link><external_link>HTTP://FITCHRATINGS.COM/UNDERSTANDINGCREDITRATINGS</external_link><external_link>https://www.fitchratings.com/creditdesk/press_releases/content/ridf_frame.cfm?pr_id=1004373</external_link><external_link>http://cts.businesswire.com/ct/CT?id=smartlink&amp;url=HTTP%3A%2F%2FFITCHRATINGS.COM%2FUNDERSTANDINGCREDITRATINGS&amp;esheet=51341317&amp;newsitemid=20160512005901&amp;lan=en-US&amp;anchor=HTTP%3A%2F%2FFITCHRATINGS.COM%2FUNDERSTANDINGCREDITRATINGS&amp;index=6&amp;md5=13aac5cec9920388d6b39af0da5e7b8d</external_link>
</external_links>
<country>US</country>
<main_image></main_image>
</document>
