<?xml version="1.0" encoding="UTF-8"?>
<document>
<type>mainstream</type>
<forum></forum>
<forum_title></forum_title>
<discussion_title>Foto Bugil Gadis Desa Yang Hot Banget | Sub Bugil</discussion_title>
<language>malay</language>
<gmt_offset></gmt_offset>
<topic_url>http://bugil.hindixxx.pw/foto-bugil-gadis-desa-yang-hot-banget/</topic_url>
<topic_text>
Like? Added by bugil on May 12, 2016 Foto Bugil Gadis Desa Yang Hot Banget – Kumpulan foto bugil, foto telanjang, pamer memek, memek mulus, foto bugil artis indonesia bulu memek, memek sempit, Foto Bugil Tante memek gatel, foto hot artis bugil, download video porno,download video porno 3gp, foto bugil artis download video bokep,download video bokep 3gp, abg lagi ngentot dan ciuman, foto tante ngentot, tante gatel, foto hot abg, artis buka baju 
</topic_text>
<spam_score>0.00</spam_score>
<post_num>1</post_num>
<post_id>post-1</post_id>
<post_url>http://bugil.hindixxx.pw/foto-bugil-gadis-desa-yang-hot-banget/</post_url>
<post_date>20160512</post_date>
<post_time></post_time>
<username>Added Bugil</username>
<post>
Like? Added by bugil on May 12, 2016 Foto Bugil Gadis Desa Yang Hot Banget – Kumpulan foto bugil, foto telanjang, pamer memek, memek mulus, foto bugil artis indonesia bulu memek, memek sempit, Foto Bugil Tante memek gatel, foto hot artis bugil, download video porno,download video porno 3gp, foto bugil artis download video bokep,download video bokep 3gp, abg lagi ngentot dan ciuman, foto tante ngentot, tante gatel, foto hot abg, artis buka baju 
</post>
<signature>

</signature>
<external_links>

</external_links>
<country>US</country>
<main_image></main_image>
</document>
