<?xml version="1.0" encoding="UTF-8"?>
<document>
<type>mainstream</type>
<forum></forum>
<forum_title></forum_title>
<discussion_title>Sismo de magnitud 4.9 sacude México</discussion_title>
<language>spanish</language>
<gmt_offset></gmt_offset>
<topic_url>http://www.primerahora.com/noticias/mundo/nota/sismodemagnitud49sacudemexico-1152889/</topic_url>
<topic_text>

El Servicio Sismológico Nacional indicó en su página web que el temblor, que se originó a una profundidad de 16 kilómetros y con epicentro a 28 kilómetros al noreste de Nuevo México, Jalisco, se registró a las 5:35 p.m. hora local. 
El gobernador Aristóteles Sandoval reportó a través de Twitter que &quot;se sintió un fuerte temblor en la Zona Metropolitana de Guadalajara y en algunas zonas de Jalisco&quot;. Sismo @EnGuadalajara cae pedazo de cantera del edificio de la Tesorería en Miguel Blanco y Colón, solo el susto. pic.twitter.com/IjubZzt0T5 — Heriberto GlezPineda (@glezpineda) May 11, 2016 
</topic_text>
<spam_score>0.00</spam_score>
<post_num>1</post_num>
<post_id>post-1</post_id>
<post_url>http://www.primerahora.com/noticias/mundo/nota/sismodemagnitud49sacudemexico-1152889/</post_url>
<post_date>20160511</post_date>
<post_time></post_time>
<username></username>
<post>

El Servicio Sismológico Nacional indicó en su página web que el temblor, que se originó a una profundidad de 16 kilómetros y con epicentro a 28 kilómetros al noreste de Nuevo México, Jalisco, se registró a las 5:35 p.m. hora local. 
El gobernador Aristóteles Sandoval reportó a través de Twitter que &quot;se sintió un fuerte temblor en la Zona Metropolitana de Guadalajara y en algunas zonas de Jalisco&quot;. Sismo @EnGuadalajara cae pedazo de cantera del edificio de la Tesorería en Miguel Blanco y Colón, solo el susto. pic.twitter.com/IjubZzt0T5 — Heriberto GlezPineda (@glezpineda) May 11, 2016 
</post>
<signature>

</signature>
<external_links>

</external_links>
<country>US</country>
<main_image>http://rec-eph.gfrcdn.net/images/2016/05/11/crop_crop_capture_19.jpg</main_image>
</document>
