<?xml version="1.0" encoding="UTF-8"?>
<document>
<type>mainstream</type>
<forum>http://feeds.releasewire.com/rss/latest</forum>
<forum_title>ReleaseWire - Latest Press Releases</forum_title>
<discussion_title>Ecotourism Market Segment Forecasts Up to 2023, Research Reports</discussion_title>
<language>english</language>
<gmt_offset></gmt_offset>
<topic_url>http://www.sbwire.com/press-releases/ecotourism-market/release-688383.htm</topic_url>
<topic_text>
Ecotourism Market Segment Forecasts Up to 2023, Research Reports Transparency Market Research Added A New Report &quot;Ecotourism Market&quot; And Its Full Database. 
Albany, NY -- ( SBWIRE ) -- 05/12/2016 -- Transparency Market Research Has Published a New Report &quot;Ecotourism Market&quot;.Ecotourism involves visiting fragile and undisturbed places on earth which is not yet affected by human invasion. It is a small scale alternative to mass scale tourism. The market is growing due to the rising awareness of global warming across the world. Browse The Market Research Report of Ecotourism Market : http://www.transparencymarketresearch.com/ecotourism-market.html Ecotourism is a growing market and is expected to grow during the forecast period due to the rising concerns of reviving the nature. Moreover, ecotourism attracts travelers because of their fresh environment. In addition, most of the families have working couples with hectic schedules which in returns gives them the urge to visit peaceful undisturbed areas in order to rejuvenate them. Furthermore, ecotourism also involves visiting unexplored areas which is of great interests for travel enthusiasts. The idea of adventure has also become a trend in the youth which is also acting as a driver for the market. In addition, ecotourism also helps the tourists to mix up with the local population and understand their concerns and needs which is making it more popular. Ecotourism focuses on visiting unexplored areas which consists of underdeveloped regions. Thus, it also helps in the growth of the economy as the local government earns their revenue from the tourists. This is another major factor which is driving the market for growth. However, ecotourism is niche market and involves significant amount of expenditure when compared to mass tourism which is restraining the market as a whole. Moreover, ecotourism involves visiting unexplored areas which can be insecure and thus many travelers prefer the traditional tours in such cases. This is in return hindering the market. Get Free Sample Report : http://www.transparencymarketresearch.com/sample/sample.php?flag=b&amp;rep_id=4777 Ecotourism market is expected to grow significantly in the future. The idea of green tourism is a part of ecotourism which is growing very popular among the travelers. Moreover, cruising has become recently because of their less polluting nature and this is acting as an opportunity for the market. Furthermore, the rising awareness of saving the planet is forcing the tourism industry to look for fresh destinations to attract the travelers. In addition, the travelling trend is changing to visiting new places such as Costa Rica and Queensland which are expected to act as an opportunity in the market. The market can be segmented regionally into six parts: North America, Europe, Asia Pacific, Middle East and Latin America. North America is a saturated market as most of the places are already popular with mass tourism industry. However Europe is expected to see growth in ecotourism due to the rising awareness of unexplored areas such as Portugal, Macedonia and Albania among others. In addition, Asia Pacific market is also expected to grow significantly. Latin America has been a new attraction for ecotourism which undiscovered places such as Costa Rica, Peru, Patagonia (Argentina) and Venezuela among others. Moreover, these destinations are exotic in nature and attract young travelers and couples. Some of the Key Players in this market include tourism websites and companies such as Responsible Travel, Natural Discovery, Good Travel Company, National Geographic Expedition, Baobab Travel and Small World Journeys among others. About Transparency Market Research Transparency Market Research is a global market intelligence company, providing global business information reports and services. Our exclusive blend of quantitative forecasting and trends analysis provides forward-looking insight for thousands of decision makers. Our experienced team of Analysts, Researchers, and Consultants, use proprietary data sources and various tools and techniques to gather, and analyze information. Our data repository is continuously updated and revised by a team of research experts, so that it always reflects the latest trends and information. With a broad research and analysis capability, Transparency Market Research employs rigorous primary and secondary research techniques in developing distinctive data sets and research material for business reports. Media Relations Contact
</topic_text>
<spam_score>0.00</spam_score>
<post_num>1</post_num>
<post_id>post-1</post_id>
<post_url>http://www.sbwire.com/press-releases/ecotourism-market/release-688383.htm</post_url>
<post_date>20160512</post_date>
<post_time>1554</post_time>
<username></username>
<post>
Ecotourism Market Segment Forecasts Up to 2023, Research Reports Transparency Market Research Added A New Report &quot;Ecotourism Market&quot; And Its Full Database. 
Albany, NY -- ( SBWIRE ) -- 05/12/2016 -- Transparency Market Research Has Published a New Report &quot;Ecotourism Market&quot;.Ecotourism involves visiting fragile and undisturbed places on earth which is not yet affected by human invasion. It is a small scale alternative to mass scale tourism. The market is growing due to the rising awareness of global warming across the world. Browse The Market Research Report of Ecotourism Market : http://www.transparencymarketresearch.com/ecotourism-market.html Ecotourism is a growing market and is expected to grow during the forecast period due to the rising concerns of reviving the nature. Moreover, ecotourism attracts travelers because of their fresh environment. In addition, most of the families have working couples with hectic schedules which in returns gives them the urge to visit peaceful undisturbed areas in order to rejuvenate them. Furthermore, ecotourism also involves visiting unexplored areas which is of great interests for travel enthusiasts. The idea of adventure has also become a trend in the youth which is also acting as a driver for the market. In addition, ecotourism also helps the tourists to mix up with the local population and understand their concerns and needs which is making it more popular. Ecotourism focuses on visiting unexplored areas which consists of underdeveloped regions. Thus, it also helps in the growth of the economy as the local government earns their revenue from the tourists. This is another major factor which is driving the market for growth. However, ecotourism is niche market and involves significant amount of expenditure when compared to mass tourism which is restraining the market as a whole. Moreover, ecotourism involves visiting unexplored areas which can be insecure and thus many travelers prefer the traditional tours in such cases. This is in return hindering the market. Get Free Sample Report : http://www.transparencymarketresearch.com/sample/sample.php?flag=b&amp;rep_id=4777 Ecotourism market is expected to grow significantly in the future. The idea of green tourism is a part of ecotourism which is growing very popular among the travelers. Moreover, cruising has become recently because of their less polluting nature and this is acting as an opportunity for the market. Furthermore, the rising awareness of saving the planet is forcing the tourism industry to look for fresh destinations to attract the travelers. In addition, the travelling trend is changing to visiting new places such as Costa Rica and Queensland which are expected to act as an opportunity in the market. The market can be segmented regionally into six parts: North America, Europe, Asia Pacific, Middle East and Latin America. North America is a saturated market as most of the places are already popular with mass tourism industry. However Europe is expected to see growth in ecotourism due to the rising awareness of unexplored areas such as Portugal, Macedonia and Albania among others. In addition, Asia Pacific market is also expected to grow significantly. Latin America has been a new attraction for ecotourism which undiscovered places such as Costa Rica, Peru, Patagonia (Argentina) and Venezuela among others. Moreover, these destinations are exotic in nature and attract young travelers and couples. Some of the Key Players in this market include tourism websites and companies such as Responsible Travel, Natural Discovery, Good Travel Company, National Geographic Expedition, Baobab Travel and Small World Journeys among others. About Transparency Market Research Transparency Market Research is a global market intelligence company, providing global business information reports and services. Our exclusive blend of quantitative forecasting and trends analysis provides forward-looking insight for thousands of decision makers. Our experienced team of Analysts, Researchers, and Consultants, use proprietary data sources and various tools and techniques to gather, and analyze information. Our data repository is continuously updated and revised by a team of research experts, so that it always reflects the latest trends and information. With a broad research and analysis capability, Transparency Market Research employs rigorous primary and secondary research techniques in developing distinctive data sets and research material for business reports. Media Relations Contact
</post>
<signature>

</signature>
<external_links>

</external_links>
<country>US</country>
<main_image>http://media.releasewire.com/photos/show/?id=69214</main_image>
</document>
