<?xml version="1.0" encoding="UTF-8"?>
<document>
<type>mainstream</type>
<forum>http://en.interfax.com.ua/news/last.rss</forum>
<forum_title>Interfax-Ukraine</forum_title>
<discussion_title>Ukraine should become fully energy independent - Groysman</discussion_title>
<language>english</language>
<gmt_offset></gmt_offset>
<topic_url>http://en.interfax.com.ua/news/general/342918.html</topic_url>
<topic_text>
2016-05-12T14:47+02:00 14:47 12.05.2016 Ukraine should become fully energy independent - Groysman 
Ukraine should become a fully energy independent state and is able to do this in the medium term, Prime Minister Volodymyr Groysman has stated. 
&quot;Now we are starting to increase own gas production. And if former Cabinet members did everything to switch from the Russian pipeline to the European one, our task is to become a fully energy independent state. We have enough of own resources, our own opportunities, which will allow us to be absolutely energy independent, develop alternative energy and do a lot to replace traditional energy sources,&quot; he said at the second Energy Efficient Partnership Forum. 
Groysman believes this could be done in the medium term. 
&quot;I believe those right steps the government is doing today, on the one hand, will protect those in need of social protection, on the other hand, will provide an opportunity for our independence,&quot; he said. Facts
</topic_text>
<spam_score>0.00</spam_score>
<post_num>1</post_num>
<post_id>post-1</post_id>
<post_url>http://en.interfax.com.ua/news/general/342918.html</post_url>
<post_date>20160512</post_date>
<post_time>1147</post_time>
<username></username>
<post>
2016-05-12T14:47+02:00 14:47 12.05.2016 Ukraine should become fully energy independent - Groysman 
Ukraine should become a fully energy independent state and is able to do this in the medium term, Prime Minister Volodymyr Groysman has stated. 
&quot;Now we are starting to increase own gas production. And if former Cabinet members did everything to switch from the Russian pipeline to the European one, our task is to become a fully energy independent state. We have enough of own resources, our own opportunities, which will allow us to be absolutely energy independent, develop alternative energy and do a lot to replace traditional energy sources,&quot; he said at the second Energy Efficient Partnership Forum. 
Groysman believes this could be done in the medium term. 
&quot;I believe those right steps the government is doing today, on the one hand, will protect those in need of social protection, on the other hand, will provide an opportunity for our independence,&quot; he said. Facts
</post>
<signature>

</signature>
<external_links>

</external_links>
<country>UA</country>
<main_image>http://images.interfax.com.ua/img/2509_111342.jpg</main_image>
</document>
