<?xml version="1.0" encoding="UTF-8"?>
<document>
<type>mainstream</type>
<forum>http://www.cnet.com/</forum>
<forum_title>Product reviews, how-tos, deals and the latest tech news - CNET</forum_title>
<discussion_title>ATSC 3.0: What you need to know about the future of broadcast television</discussion_title>
<language>english</language>
<gmt_offset></gmt_offset>
<topic_url>http://www.cnet.com/news/atsc-3-0-what-you-need-to-know-about-the-future-of-broadcast-television/</topic_url>
<topic_text>
The next generation of broadcast TV is coming, whether you&apos;re ready or not. Actually, no one&apos;s ready, and that&apos;s sort of the point.
ATSC, or Advanced Television Systems Committee, is the group that decides what over-the-air (and more) TV signals look like. Last year about 76 percent of US households subscribed to cable, satellite or fiber for TV, while 21 percent relied on antenna reception for at least one TV in the home. But that antenna number went up four points compared to 2014, according to the Consumer Technology Association.
The airwaves are still an important source of free TV for millions of Americans, and this is despite FCC auctions selling off TV spectrum to wireless carriers like T-Mobile. Free TV, however, is in for some big changes.
Back in the day, the ATSC decided on 1080i and 720p resolutions for digital and HDTV broadcasts, and today just about every cable or satellite show uses one or the other. Up next, not surprisingly, is 4K resolution, along with a host of other improvements including high dynamic range (HDR) , better sound and even 3D (remember that?) and access via your phone.
Their standards and by extension, what&apos;s next for over-the-air TV, will have effects that reach far beyond the people who get their TV via antenna. It could affect what you see and hear on your TV for years, maybe even decades, to come.
So what is the ATSC? ATSC The Advanced Television Systems Committee is an international group of broadcasters, TV manufacturers, and other tech companies. If it&apos;s a tech company you&apos;ve heard of, they probably have a seat at the table. Originally the ATSC was created to establish the then-futuristic &quot;HDTV&quot; and what that entailed. Believe it or not, that was almost 25 years ago. We&apos;re about as far from that now as they were from color television. We&apos;ve moved past 1080i/720p. Like it or not, we&apos;re in the 4K era.
While Ultra HD TVs have come fast and furious, 4K content has not. We have more now than we ever have , and more is on its way , but it&apos;s not a ton. Notably, there is almost no cable or satellite 4K content, and absolutely no over-the-air broadcasts.
When HD hit, the TVs arrived right around the time of the Digital Transition, so we had lovely OTA HD broadcasts to watch on our shiny new HDTVs. Not so much now with 4K. Re-enter the ATSC.
3.0 (i.e., 2 better than 1.0) Things are moving quickly, or as quickly as you&apos;d expect from a group of companies that are often fierce competitors outside the ATSC. At the end of March one of the major components of the standard, &quot; System Discovery and Signaling ,&quot; was finalized. This is but one small part, but it&apos;s a step. A lot of what&apos;s being worked on now are the nuts and bolts. The behind the scenes stuff, so to speak, that won&apos;t matter much to us in the long run.
The roadmap for the ATSC 3.0 roll-out. It all starts with the &quot;System Discovery and Signaling,&quot; which is how the new signal will be found by tuners.
CNET/ATSC Because the standard isn&apos;t finalized, we don&apos;t know exactly what it will be. We do know a few things for sure, and a few things we can guess at given the committee&apos;s stated intentions.
The resolution is going to be 3,840x2,160, commonly known as 4K or UHD . There are plans for enabling even higher resolutions in the future. Getting that to your screen is going to be H.265 compression, which ATSC and other group&apos;s testing found to be 35-50 percent more efficient than H.264 (which itself was a big leap from HD&apos;s MPEG-2).
The option for frame rates up to 120fps are being discussed, which is way beyond what we have access to right now other than with games on high-end PCs (Ultra HD Blu-rays are all currently 24fps because that&apos;s what nearly all movies are). Higher frame rates of 60 and 120fps will be great for sports, and a bit of techno overkill for most other programming.
The different picture quality improvements, and how much additional bandwidth each requires.
CNET/ATSC Not wanting to let ATSC 3.0 be obsolete before it&apos;s even launched, they&apos;re looking into including high-dynamic range and wide color gamut . Unlike Ultra HD Blu-ray , they&apos;re even looking to include a 3D option.
The audio side isn&apos;t being neglected either. MPEG-H and Dolby AC-4 are potential candidates. Both are more efficient and flexible than the Dolby Digital used in current broadcasts. We probably won&apos;t see Dolby Atmos specifically, but some version of object-based surround sound, with height channels, will likely be an option.
Perhaps just as interesting, a lot of attention is being paid to a multiple audio options within a program. Different languages of course, but also different commentary tracks (Not having to listen to stupefyingly inane &quot;color commentary&quot; might be enough to get me to watch sportsball). There will be the option for &quot;contouring&quot; the audio based on the user and the device. So this means you can still hear the dialog when listening through a tablet &apos;s speakers, it sounds like you&apos;re listening to speakers in a room when you&apos;re on headphones , the thunder sounds massive when you&apos;re in your home theater, and grandpa can hear Bill O&apos;Reilly though his 32-inch TV in the den without cranking the volume to 100.
Plus, in what will surely be ATSC 3.0&apos;s most beloved feature, dynamic range limiting means no more loud commercials.
Airwaves augmented by the Internet, mobile Would you like to know more? What is UHD Alliance Premium Certified? What do I need for 4K? Where can I get 4K Ultra HD TV shows and movies today? What is HDR for TVs, and why should you care? How to get free HDTV As you&apos;d expect in today&apos;s connected world, something the original creators of ATSC 1.0 couldn&apos;t have dreamed about a quarter century ago, ATSC 3.0 is being created with the idea that most devices will be Internet-connected. They envision a &quot;hybrid&quot; system, where the main content (audio and video) will be sent over the air, but other content (targeted ads, for example) will get sent over broadband and integrated into the program.
The transmission itself will be IP-based, like how video is send over the Internet, instead of the current MPEG stream. The easiest way to imagine this difference is the current OTA broadcast is like water from your faucet. The new system will be bottles of water: same amount of water, just handled differently. This opens up a number of options for broadcasters and content providers, not least encryption and access restriction (yep, we all should have expected that), but also end-user-friendly features like video-on-demand.
Unlike 1.0, 3.0 is incorporating mobile as an integral part of the package. So, in theory, you&apos;d be able to watch the game while taking the train home from work without using your data plan or dealing with an overly compressed SD stream.
A diagram explaining how ATSC plans to have both a robust signal for mobile and distant receivers, and a high-bandwidth signal for Ultra HD resolutions.
CNET/ATSC Lastly, if a station doesn&apos;t want to use their extra bandwidth for Ultra HD, they&apos;ll be able to share bandwidth with an entirely different channel , potentially saving them money and freeing up valuable frequency spectrum for the FCC to auction off.
Will I need a new TV or tuner? Well...yes. Sort of. There is no intention in making ATSC 3.0 backward compatible. This is a huge leap forward, and that&apos;s only possible if the standards developed in the early &apos;90s (which in turn were hamstrung by tech from the &apos; 50s ) are left behind.
However, it&apos;s going to be a long time before this will be an issue. Initially there&apos;s going to be bandwidth sharing, so current ATSC 1.0 tuners will still work well into the 3.0 transition. There will also be multiple options to get the new signal to older TVs. Think HDMI dongles, standalone tuners, perhaps even whole-home tuners that receive the signal and then send that over your home Wi-Fi.
Since an ATSC 1.0 tuner box can be had right now for $40, it&apos;s likely this aspect will be worked out inexpensively for the &quot;legacy&quot; TVs still in use, just like how HD is available now on all the old SD TVs still in use.
Once the standards are finalized, you&apos;ll start seeing ATSC 3.0 tuners in TVs, hopefully with a more marketing-friendly name like &quot;4K Broadcast Ready&quot; or something. But we&apos;re a few years away from that.
What the ATSC says I spoke with Rich Chernock, chairman of the Technology and Standards Group at ATSC, about what their goals were for 3.0. &quot;To provide broadcasters with a new set of tools that would allow them to construct new services to match their business models,&quot; he replied, stressing &quot;flexibility&quot; and &quot;evolveability.&quot; They want to give broadcasters as many tech tools as possible so they can give you what you want, and perhaps convince you not to subscribe to cable and satellite.
The other half is just as interesting, &quot;to allow the system to gracefully evolve with new technologies without needing the disruptions that we&apos;ve had in the past.&quot; As you saw in many of the potential specs listed above, ATSC is going far beyond what we have use for now, anticipating the best they can figure for future changes and directions. By not having the rigid specs we&apos;ve had in the past, they&apos;re leaving open for future advancements so a hard break like the one we&apos;ll have to get to 3.0 won&apos;t have to happen again.
At least not for another quarter century or so.
Wait, what happened to 2.0? If ATSC 1.0 was 1080i/720p HD, what was 2.0? 2.0 was going to be enhancements to 1.0, but ended up getting &quot;eclipsed&quot; as Chernock says, for the far more advanced 3.0.
Bottom line 4K over-the-air broadcasts are coming, but not in the next year or two. ATSC 3.0 is already being tested in cities around the world, though it&apos;s still in the early stages. Cord cutters should be the most excited, as free 4K signals over-the-air is a great idea. OTA HD is still some of the best looking HD (other than Blu-ray), so with any luck, OTA 4K will be high-quality too.
But more than that, ATSC 3.0 aims to change the very nature of broadcast television and bring it into the new millennium, becoming a part of our digital present and digital future. What we&apos;ve covered here merely scratches the surface. The ATSC is &quot;going big&quot; and hoping to get right what time and tech wasn&apos;t able to with 1.0. Will they succeed? Let&apos;s hope so, because better free TV is pretty cool.
As more aspects are finalized, some later this year and all by Q2 2017, we&apos;ll revisit and discuss.
</topic_text>
<spam_score>0.00</spam_score>
<post_num>7</post_num>
<post_id>post-7</post_id>
<post_url>http://www.cnet.com/news/atsc-3-0-what-you-need-to-know-about-the-future-of-broadcast-television/</post_url>
<post_date>20160512</post_date>
<post_time>0038</post_time>
<username>mechengineer1400</username>
<post>
The no1 benefit of free over-the-air TV is that it is absolutely a one-way anonymous transmission. Commercials that pay for it are targeted to the geographical area the signal covers. There is no physical way the broadcaster can identify a receiver, no less spy on and sell the personal details of the person viewing the screen. Free TV exists, by FCC rules, to serve a public purpose. This ATSC change seems to entirely undermine all of this.
Also, as 4K offers no benefit other than on a H-U-G-E TV, which costs so much that the satellite bill seems like chump change, is there any purpose, other than more privacy invasion? Cord cutters typically watch the local news and maybe the local NFL team on antenna, everything else is on the streaming box. Where&apos;s the market?
</post>
<signature>

</signature>
<external_links>

</external_links>
<country>US</country>
<main_image>https://cnet4.cbsistatic.com/hub/i/r/2016/05/11/111e9c0a-15c9-4f40-b640-998e1f05476f/thumbnail/670x503/81692869839b03a13a4ed9799222b14e/antenna-gettyimages-514908042.jpg</main_image>
</document>
