<?xml version="1.0" encoding="UTF-8"?>
<document>
<type>mainstream</type>
<forum>http://chelyabinsk.bezformata.ru/rss.xml</forum>
<forum_title>Новости города БезФормата.Ru Челябинская область Челябинск</forum_title>
<discussion_title>В Челябинске продолжается озеленение районов</discussion_title>
<language>russian</language>
<gmt_offset></gmt_offset>
<topic_url>http://chelyabinsk.bezformata.ru/listnews/prodolzhaetsya-ozelenenie-rajonov/46771320/</topic_url>
<topic_text>
RSS О проекте Задать вопрос В Челябинске продолжается озеленение районов 
Тракторозаводский и Советский районы готовы к высадке цветочных клумб. Как и в других районах Челябинска, благоустройство территорий начнется к лету, завершающий этап состоится в сентябре. 
Всего в Тракторозаводском районе высадят порядка 50 тысяч цветочных культур. Специалисты озеленят улицы Салютная, Героев Танкограда, Комарова, Ленина, а также высадят цветники на пересечении улиц Горького и Савина, Первой Пятилетки и Горького, Комарова и Бажова, кроме того, на участки Комсомольской площади и газоны вдоль магистрали в аэропорт. 
Комплекс работ по высадке цветников в Советском районе охватит улицы Орджоникидзе и Свободы, перекрестки улиц Блюхера и Воровского, Тимирязева и Свободы, Цвиллинга и Тимирязева, а также поселок Смолино. Клумбы появятся в районе торгового комплекса « Изумруд », на въезде в Челябинск по Уфимскому тракту. Общее количество цветочных культур превысит 110 тысяч саженцев. 
Стоит отметить, что перечень объектов благоустройства территорий по озеленению полностью утвержден, торги в данных районах завершены и находятся на стадии подписания договоров. Все сопутствующие работы, в том числе очистку участков от мусора и их планировку, посадку растений и уход, будет осуществлять победитель конкурсных процедур - ООО « СпецСервис-74 ». 
Напомним, в прошлом году торги на озеленение территории города были отменены решением регионального УФАСа. В 2016 году впервые районные администрации впервые провели эти процедуры самостоятельно, предварительно определив места по устройству цветников. В настоящее время практически все торги либо завершены, либо находятся на финальной стадии, а подрядчики-победители уже приступили к работам.
</topic_text>
<spam_score>0.00</spam_score>
<post_num>1</post_num>
<post_id>post-1</post_id>
<post_url>http://chelyabinsk.bezformata.ru/listnews/prodolzhaetsya-ozelenenie-rajonov/46771320/</post_url>
<post_date>20160512</post_date>
<post_time>1409</post_time>
<username></username>
<post>
RSS О проекте Задать вопрос В Челябинске продолжается озеленение районов 
Тракторозаводский и Советский районы готовы к высадке цветочных клумб. Как и в других районах Челябинска, благоустройство территорий начнется к лету, завершающий этап состоится в сентябре. 
Всего в Тракторозаводском районе высадят порядка 50 тысяч цветочных культур. Специалисты озеленят улицы Салютная, Героев Танкограда, Комарова, Ленина, а также высадят цветники на пересечении улиц Горького и Савина, Первой Пятилетки и Горького, Комарова и Бажова, кроме того, на участки Комсомольской площади и газоны вдоль магистрали в аэропорт. 
Комплекс работ по высадке цветников в Советском районе охватит улицы Орджоникидзе и Свободы, перекрестки улиц Блюхера и Воровского, Тимирязева и Свободы, Цвиллинга и Тимирязева, а также поселок Смолино. Клумбы появятся в районе торгового комплекса « Изумруд », на въезде в Челябинск по Уфимскому тракту. Общее количество цветочных культур превысит 110 тысяч саженцев. 
Стоит отметить, что перечень объектов благоустройства территорий по озеленению полностью утвержден, торги в данных районах завершены и находятся на стадии подписания договоров. Все сопутствующие работы, в том числе очистку участков от мусора и их планировку, посадку растений и уход, будет осуществлять победитель конкурсных процедур - ООО « СпецСервис-74 ». 
Напомним, в прошлом году торги на озеленение территории города были отменены решением регионального УФАСа. В 2016 году впервые районные администрации впервые провели эти процедуры самостоятельно, предварительно определив места по устройству цветников. В настоящее время практически все торги либо завершены, либо находятся на финальной стадии, а подрядчики-победители уже приступили к работам.
</post>
<signature>

</signature>
<external_links>

</external_links>
<country>RU</country>
<main_image></main_image>
</document>
