<?xml version="1.0" encoding="UTF-8"?>
<document>
<type>mainstream</type>
<forum>http://ewallstreeter.com/rss.php?c=176</forum>
<forum_title>eWallstreeter</forum_title>
<discussion_title>First Edition: May 11, 2016</discussion_title>
<language>english</language>
<gmt_offset></gmt_offset>
<topic_url>http://ewallstreeter.com/first-edition-may-2060/</topic_url>
<topic_text>
First Edition: May 11, 2016 From Kaiser Health News - Mental HealthMay 11, 2016 - 6:29am Today&apos;s early morning highlights from the major news organizations.  
</topic_text>
<spam_score>0.00</spam_score>
<post_num>1</post_num>
<post_id>post-1</post_id>
<post_url>http://ewallstreeter.com/first-edition-may-2060/</post_url>
<post_date>20160511</post_date>
<post_time>1029</post_time>
<username></username>
<post>
First Edition: May 11, 2016 From Kaiser Health News - Mental HealthMay 11, 2016 - 6:29am Today&apos;s early morning highlights from the major news organizations.  
</post>
<signature>

</signature>
<external_links>

</external_links>
<country>US</country>
<main_image></main_image>
</document>
