<?xml version="1.0" encoding="UTF-8"?>
<document>
<type>mainstream</type>
<forum>http://news.morningstar.com/all/source/canada-news-wire.aspx</forum>
<forum_title>Press Releases Archive: Canada NewsWire</forum_title>
<discussion_title>Samsung Galaxy TabPro S: The Best of a Tablet and a Laptop</discussion_title>
<language>english</language>
<gmt_offset></gmt_offset>
<topic_url>http://news.morningstar.com/all/canada-news-wire/20160512C2951/samsung-galaxy-tabpro-s-the-best-of-a-tablet-and-a-laptop.aspx</topic_url>
<topic_text>
Samsung Galaxy TabPro S: The Best of a Tablet and a Laptop Canada NewsWire
MISSISSAUGA, ON, May 12, 2016
Featuring Microsoft Windows 10 Pro, Samsung Canada introduces the Galaxy TabPro S, the two-in-one device that lets you enjoy both worlds
MISSISSAUGA, ON , May 12, 2016 /CNW/ - Samsung Electronics Canada, one of the leading suppliers of mobile technology in Canada , announced today the Canadian availability of the Galaxy TabPro S, a two-in-one device designed for on-the-go consumers and business professionals seeking the productivity of a laptop with the ultra-portability of a tablet. The Galaxy TabPro S is the first in the Galaxy family of devices to run on the Windows 10 Pro operating system, offering a full-size ergonomic keyboard with trackpad along with a 12&quot; Super AMOLED touch screen display that delivers an unparalleled mobile office experience.
&quot;Our world is more mobile than ever and there is a demand for a device that meets both the personal and business consumption needs of Canadians,&quot; said Paul Brannen , Senior Vice President Mobile, Samsung Electronics Canada. &quot;Whether you&apos;re working, browsing, streaming or gaming, the Samsung Galaxy TabPro S lets you do all those things, delivering excellent productivity and functionality within an ultra-portable, two-in-one design.&quot;
The Galaxy TabPro S with Windows 10 Pro combines the convenience of a tablet with the high performance of a laptop to deliver the ultimate style, speed and power that can be easily adapted to the home and business environments for maximum efficiency and enjoyment. With a 12-inch Super AMOLED display, a long-lasting 10.5 hour battery*, Adaptive Fast-Charging* and a streamlined, compact tablet form factor, Tab Pro S provides true mobile business productivity. Windows 10 Pro offers innovative features such as Cortana, a personal digital assistant; Microsoft Edge, designed to deliver a better web experience; and streaming Xbox One game content to Windows PCs.
&quot;The Galaxy TabPro S is a Windows-based two-in-one, perfect for Canadians who want the functionality of a Windows 10 Pro device,&quot; said Jason Hermitage, General Manager, Microsoft Canada. &quot;The Windows 10 Pro-based Galaxy TabPro S is a great companion for someone in the office, between meetings, or at home relaxing.&quot;
About the Galaxy TabPro S:
Super AMOLED display: The lightweight, power-efficient 12-inch AMOLED display allows users to work efficiently and enjoy entertainment with exceptional clarity and colour accuracy. The Galaxy TabPro S features a multi-touch screen and deep colour contrast to show true-to-life colours and precise details for an optimal viewing experience whether indoors or outdoors. Powerful PC Performance: Bringing PC performance to a tablet, the Galaxy TabPro S runs Windows 10 Pro from Microsoft. It combines an Intel ® Core™ m3 processor with 4 GB RAM + 128 GB solid state drive so you&apos;ll have the power to work and a faster, with a more reliable place to store your data. The fanless design features 4.5W of power consumption, reducing noise disruption and at 2.5 hours charging time, the innovative battery technology allows for up to 10.5 hours of work and play*. Productivity Where You Need it: Working from home and work and everywhere in between is now easy. The Galaxy TabPro S comes with a full-size, detachable keyboard and integrated touchpad, so you can do just about everything you need to do on your tablet, from polishing a presentation to writing an email. Slim. Sleek. Stylish: Thin and light, the Galaxy TabPro S is designed with the sleek lines you expect from Samsung. At .25 inches thin and weighing only 1.5 pounds, Galaxy TabPro S is designed to be easily carried around all day.
Retail Availability
The Samsung Galaxy TabPro S will be offered in black and available for pre-order beginning May 13 th at Samsung Experience Stores and available at major retailers across Canada on May 25 th . The device will retail for $1,399 CDN (MRSP) and the detachable keyboard is included in the price.
For more information, visit: http://www.samsung.com/ca/tabpro-s/
Samsung Galaxy TabPro S Product Specification
Model Code
SM-W703NZKAXAC
Attribute
Value
UPC Code
887276169064
Operating System
Windows 10 Pro
Processor
CPU Speed
2.2GHz
CPU Type
Dual-Core
Display
Size (Main Display)
12.0&quot; (303.7mm)
Resolution (Main Display)
2160 x 1440 (FHD+)
Technology (Main Display)
Super AMOLED
Colour Depth (Main Display)
16M
C-Pen
Optional
Camera
Video Recording Resolution
FHD (1920 x 1080)@30fps
Main Camera - Resolution
CMOS 5.0 MP
Front Camera - Resolution
CMOS 5.0 MP
Main Camera - Flash
No
Main Camera - Auto Focus
Yes
Memory
RAM Size (GB)
4 GB
Network/Bearer
Multi-SIM
N/A
SIM size
N/A
Infra
Wi-Fi Only
Connectivity
ANT+
No
USB Version
USB 3.1
Location Technology
GPS, Glonass
Earjack
3.5mm Stereo
MHL
No
Wi-Fi
802.11 a/b/g/n/ac 2.4G+5GHz, VHT80 MIMO
Wi-Fi Direct
Yes
Bluetooth Version
Bluetooth v4.1
NFC
Yes
Bluetooth Profiles
A2DP,AVRCP,DI,DUN,HFP,HID,HOGP,OPP,PAN
PC Sync.
N/A
General Information
Form Factor
Tablet
Sensors
Accelerometer, Hall Sensor, Light Sensor
Physical specification
Dimension (HxWxD, mm)
198.8 x 290.3 x 6.3
Weight (g)
693
Video Playback Time (Hours)
Up to 10.5
Standard Battery Capacity (mAh)
5200
Removable
No
Audio and Video
Video Playing Format
MP4,WMV
Video Playing Resolution
UHD 4K (3840 x 2160)@24fps
Audio Playing Format
MP3,M4A,AAC,WAV,WMA,FLAC
Services and Applications
Gear Support
N/A
S-Voice
No
Mobile TV
No
Colour
BLACK
ROM Size (GB)
128GB
Expandable Memory
N/A
*Recharge time and duration may vary according to individual usage patterns. This data was compiled from testing performed by Samsung under specific test conditions. Results may vary based on testing conditions. Based on laboratory testing. Battery power consumption depends on factors such as network configuration, signal strength, operating temperature, features selected, vibrate mode, backlight settings, browser use, and voice, data and other application-usage patterns
About Samsung Electronics Canada
Samsung Electronics Canada inspires the world and shapes the future with transformative ideas and technologies, redefining the worlds of TVs, smartphones, wearable devices, tablets, cameras, digital appliances and printers. Samsung is a leader in the Internet of Things space through, among others, our Smart Home initiatives. In 2015, Samsung was ranked one of the top 10 most influential brands in Canada, based on a study by Ipsos Reid. Committed to making a difference in communities across Canada, its Samsung Hope for Children corporate giving program supports children&apos;s education, sustainability and health-related issues. Globally, Samsung employs 319,000 people across 84 countries with annual sales of $196 billion.
To discover more, please visit www.samsung.com .
Follow Samsung Canada at facebook.com/SamsungCanada , on Twitter @SamsungCanada
SOURCE Samsung Electronics Canada
 
</topic_text>
<spam_score>0.00</spam_score>
<post_num>1</post_num>
<post_id>post-1</post_id>
<post_url>http://news.morningstar.com/all/canada-news-wire/20160512C2951/samsung-galaxy-tabpro-s-the-best-of-a-tablet-and-a-laptop.aspx</post_url>
<post_date>20160512</post_date>
<post_time></post_time>
<username>morningstar.com</username>
<post>
Samsung Galaxy TabPro S: The Best of a Tablet and a Laptop Canada NewsWire
MISSISSAUGA, ON, May 12, 2016
Featuring Microsoft Windows 10 Pro, Samsung Canada introduces the Galaxy TabPro S, the two-in-one device that lets you enjoy both worlds
MISSISSAUGA, ON , May 12, 2016 /CNW/ - Samsung Electronics Canada, one of the leading suppliers of mobile technology in Canada , announced today the Canadian availability of the Galaxy TabPro S, a two-in-one device designed for on-the-go consumers and business professionals seeking the productivity of a laptop with the ultra-portability of a tablet. The Galaxy TabPro S is the first in the Galaxy family of devices to run on the Windows 10 Pro operating system, offering a full-size ergonomic keyboard with trackpad along with a 12&quot; Super AMOLED touch screen display that delivers an unparalleled mobile office experience.
&quot;Our world is more mobile than ever and there is a demand for a device that meets both the personal and business consumption needs of Canadians,&quot; said Paul Brannen , Senior Vice President Mobile, Samsung Electronics Canada. &quot;Whether you&apos;re working, browsing, streaming or gaming, the Samsung Galaxy TabPro S lets you do all those things, delivering excellent productivity and functionality within an ultra-portable, two-in-one design.&quot;
The Galaxy TabPro S with Windows 10 Pro combines the convenience of a tablet with the high performance of a laptop to deliver the ultimate style, speed and power that can be easily adapted to the home and business environments for maximum efficiency and enjoyment. With a 12-inch Super AMOLED display, a long-lasting 10.5 hour battery*, Adaptive Fast-Charging* and a streamlined, compact tablet form factor, Tab Pro S provides true mobile business productivity. Windows 10 Pro offers innovative features such as Cortana, a personal digital assistant; Microsoft Edge, designed to deliver a better web experience; and streaming Xbox One game content to Windows PCs.
&quot;The Galaxy TabPro S is a Windows-based two-in-one, perfect for Canadians who want the functionality of a Windows 10 Pro device,&quot; said Jason Hermitage, General Manager, Microsoft Canada. &quot;The Windows 10 Pro-based Galaxy TabPro S is a great companion for someone in the office, between meetings, or at home relaxing.&quot;
About the Galaxy TabPro S:
Super AMOLED display: The lightweight, power-efficient 12-inch AMOLED display allows users to work efficiently and enjoy entertainment with exceptional clarity and colour accuracy. The Galaxy TabPro S features a multi-touch screen and deep colour contrast to show true-to-life colours and precise details for an optimal viewing experience whether indoors or outdoors. Powerful PC Performance: Bringing PC performance to a tablet, the Galaxy TabPro S runs Windows 10 Pro from Microsoft. It combines an Intel ® Core™ m3 processor with 4 GB RAM + 128 GB solid state drive so you&apos;ll have the power to work and a faster, with a more reliable place to store your data. The fanless design features 4.5W of power consumption, reducing noise disruption and at 2.5 hours charging time, the innovative battery technology allows for up to 10.5 hours of work and play*. Productivity Where You Need it: Working from home and work and everywhere in between is now easy. The Galaxy TabPro S comes with a full-size, detachable keyboard and integrated touchpad, so you can do just about everything you need to do on your tablet, from polishing a presentation to writing an email. Slim. Sleek. Stylish: Thin and light, the Galaxy TabPro S is designed with the sleek lines you expect from Samsung. At .25 inches thin and weighing only 1.5 pounds, Galaxy TabPro S is designed to be easily carried around all day.
Retail Availability
The Samsung Galaxy TabPro S will be offered in black and available for pre-order beginning May 13 th at Samsung Experience Stores and available at major retailers across Canada on May 25 th . The device will retail for $1,399 CDN (MRSP) and the detachable keyboard is included in the price.
For more information, visit: http://www.samsung.com/ca/tabpro-s/
Samsung Galaxy TabPro S Product Specification
Model Code
SM-W703NZKAXAC
Attribute
Value
UPC Code
887276169064
Operating System
Windows 10 Pro
Processor
CPU Speed
2.2GHz
CPU Type
Dual-Core
Display
Size (Main Display)
12.0&quot; (303.7mm)
Resolution (Main Display)
2160 x 1440 (FHD+)
Technology (Main Display)
Super AMOLED
Colour Depth (Main Display)
16M
C-Pen
Optional
Camera
Video Recording Resolution
FHD (1920 x 1080)@30fps
Main Camera - Resolution
CMOS 5.0 MP
Front Camera - Resolution
CMOS 5.0 MP
Main Camera - Flash
No
Main Camera - Auto Focus
Yes
Memory
RAM Size (GB)
4 GB
Network/Bearer
Multi-SIM
N/A
SIM size
N/A
Infra
Wi-Fi Only
Connectivity
ANT+
No
USB Version
USB 3.1
Location Technology
GPS, Glonass
Earjack
3.5mm Stereo
MHL
No
Wi-Fi
802.11 a/b/g/n/ac 2.4G+5GHz, VHT80 MIMO
Wi-Fi Direct
Yes
Bluetooth Version
Bluetooth v4.1
NFC
Yes
Bluetooth Profiles
A2DP,AVRCP,DI,DUN,HFP,HID,HOGP,OPP,PAN
PC Sync.
N/A
General Information
Form Factor
Tablet
Sensors
Accelerometer, Hall Sensor, Light Sensor
Physical specification
Dimension (HxWxD, mm)
198.8 x 290.3 x 6.3
Weight (g)
693
Video Playback Time (Hours)
Up to 10.5
Standard Battery Capacity (mAh)
5200
Removable
No
Audio and Video
Video Playing Format
MP4,WMV
Video Playing Resolution
UHD 4K (3840 x 2160)@24fps
Audio Playing Format
MP3,M4A,AAC,WAV,WMA,FLAC
Services and Applications
Gear Support
N/A
S-Voice
No
Mobile TV
No
Colour
BLACK
ROM Size (GB)
128GB
Expandable Memory
N/A
*Recharge time and duration may vary according to individual usage patterns. This data was compiled from testing performed by Samsung under specific test conditions. Results may vary based on testing conditions. Based on laboratory testing. Battery power consumption depends on factors such as network configuration, signal strength, operating temperature, features selected, vibrate mode, backlight settings, browser use, and voice, data and other application-usage patterns
About Samsung Electronics Canada
Samsung Electronics Canada inspires the world and shapes the future with transformative ideas and technologies, redefining the worlds of TVs, smartphones, wearable devices, tablets, cameras, digital appliances and printers. Samsung is a leader in the Internet of Things space through, among others, our Smart Home initiatives. In 2015, Samsung was ranked one of the top 10 most influential brands in Canada, based on a study by Ipsos Reid. Committed to making a difference in communities across Canada, its Samsung Hope for Children corporate giving program supports children&apos;s education, sustainability and health-related issues. Globally, Samsung employs 319,000 people across 84 countries with annual sales of $196 billion.
To discover more, please visit www.samsung.com .
Follow Samsung Canada at facebook.com/SamsungCanada , on Twitter @SamsungCanada
SOURCE Samsung Electronics Canada
 
</post>
<signature>

</signature>
<external_links>
<external_link>http://s7.addthis.com/static/btn/sm-share-en.gif</external_link><external_link>http://www.samsung.com/</external_link><external_link>http://www.samsung.com/ca/tabpro-s/</external_link><external_link>http://www.facebook.com/SamsungCanada</external_link><external_link>http://im.mstar.com/Im/Mbr/Form_PremCheckbox_Checked.gif</external_link><external_link>http://rt.newswire.ca/rt.gif?NewsItemId=C2951&amp;Transmission_Id=201605120900CANADANWCANADAPR_C2951&amp;DateId=20160512</external_link><external_link>http://im.mstar.com/Im/Mbr/Form_PremCheckbox_Unchecked.gif</external_link><external_link>http://www.addthis.com/bookmark.php?v=250</external_link>
</external_links>
<country>US</country>
<main_image></main_image>
</document>
