<?xml version="1.0" encoding="UTF-8"?>
<document>
<type>mainstream</type>
<forum></forum>
<forum_title></forum_title>
<discussion_title>Tongan Ayana Haze 2 - Porndoza</discussion_title>
<language>indonesian</language>
<gmt_offset></gmt_offset>
<topic_url>http://porndoza.com/tongan-ayana-haze-2/</topic_url>
<topic_text>

Tongan Ayana Haze 2, bangbros, Full HD Share : 
</topic_text>
<spam_score>0.00</spam_score>
<post_num>1</post_num>
<post_id>post-1</post_id>
<post_url>http://porndoza.com/tongan-ayana-haze-2/</post_url>
<post_date>20160503</post_date>
<post_time></post_time>
<username></username>
<post>

Tongan Ayana Haze 2, bangbros, Full HD Share : 
</post>
<signature>

</signature>
<external_links>

</external_links>
<country>US</country>
<main_image>http://i.imgur.com/9C3bhAQ.jpg</main_image>
</document>
