<?xml version="1.0" encoding="UTF-8"?>
<document>
<type>mainstream</type>
<forum>http://www.wfsb.com/category/162901/ap-news-center?clienttype=rss</forum>
<forum_title>WFSB - U.S. &amp; World - Top Story</forum_title>
<discussion_title>Oil, gas industry challenges efforts to protect Western bird</discussion_title>
<language>english</language>
<gmt_offset></gmt_offset>
<topic_url>http://www.wfsb.com/story/31957294/oil-gas-industry-challenges-efforts-to-protect-western-bird</topic_url>
<topic_text>
Oil, gas industry challenges efforts to protect Western bird Posted: By MATTHEW BROWNAssociated Press 
BILLINGS, Mont. (AP) - Representatives of the oil and gas industry say they are suing the Obama administration over drilling restrictions meant to protect a struggling bird that ranges across 11 Western states. 
Thursday&apos;s announcement comes from the Western Energy Alliance and North Dakota Petroleum Council.They said local and state efforts to prop up populations of greater sage grouse have been effective, and changes to federal land use policies are not needed. 
The move marks the oil industry&apos;s first attempt to undo federal policies that already have drawn widespread opposition. 
Environmentalists say there are too many loopholes in new rules on oil and gas drilling, grazing and other activities blamed for the bird&apos;s long-term decline. 
Mining companies, ranchers and officials in Utah, Idaho and Nevada have argued the rules impede economic development.  
</topic_text>
<spam_score>0.00</spam_score>
<post_num>1</post_num>
<post_id>post-1</post_id>
<post_url>http://www.wfsb.com/story/31957294/oil-gas-industry-challenges-efforts-to-protect-western-bird</post_url>
<post_date>20160512</post_date>
<post_time>1523</post_time>
<username></username>
<post>
Oil, gas industry challenges efforts to protect Western bird Posted: By MATTHEW BROWNAssociated Press 
BILLINGS, Mont. (AP) - Representatives of the oil and gas industry say they are suing the Obama administration over drilling restrictions meant to protect a struggling bird that ranges across 11 Western states. 
Thursday&apos;s announcement comes from the Western Energy Alliance and North Dakota Petroleum Council.They said local and state efforts to prop up populations of greater sage grouse have been effective, and changes to federal land use policies are not needed. 
The move marks the oil industry&apos;s first attempt to undo federal policies that already have drawn widespread opposition. 
Environmentalists say there are too many loopholes in new rules on oil and gas drilling, grazing and other activities blamed for the bird&apos;s long-term decline. 
Mining companies, ranchers and officials in Utah, Idaho and Nevada have argued the rules impede economic development.  
</post>
<signature>

</signature>
<external_links>

</external_links>
<country>US</country>
<main_image></main_image>
</document>
