<?xml version="1.0" encoding="UTF-8"?>
<document>
<type>mainstream</type>
<forum></forum>
<forum_title></forum_title>
<discussion_title>はもりたかっただけです / 文奈 | nana</discussion_title>
<language>english</language>
<gmt_offset></gmt_offset>
<topic_url>http://nana-music.com/sounds/016595ca/</topic_url>
<topic_text>

Appears in the following playlists × Close 
</topic_text>
<spam_score>0.00</spam_score>
<post_num>1</post_num>
<post_id>post-1</post_id>
<post_url>http://nana-music.com/sounds/016595ca/</post_url>
<post_date>20160513</post_date>
<post_time></post_time>
<username></username>
<post>

Appears in the following playlists × Close 
</post>
<signature>

</signature>
<external_links>

</external_links>
<country>JP</country>
<main_image>http://storage.nana-music.com/picture/316484-51c7e776-0f90-45c0-aebd-301b0f311340-large.png</main_image>
</document>
