<?xml version="1.0" encoding="UTF-8"?>
<document>
<type>mainstream</type>
<forum>http://feeds.releasewire.com/rss/latest</forum>
<forum_title>ReleaseWire - Latest Press Releases</forum_title>
<discussion_title>Just Published: &quot;Thrombophilia Global Clinical Trials Review, H1, 2016&quot;</discussion_title>
<language>english</language>
<gmt_offset></gmt_offset>
<topic_url>http://www.sbwire.com/press-releases/just-published-thrombophilia-global-clinical-trials-review-h1-687907.htm</topic_url>
<topic_text>
RSS Just Published: &quot;Thrombophilia Global Clinical Trials Review, H1, 2016&quot; Fast Market Research announces the availability of the new GlobalData report, &quot;Thrombophilia Global Clinical Trials Review, H1, 2016&quot;, on their comprehensive research portal 
Boston, MA -- ( SBWIRE ) -- 05/12/2016 -- GlobalData&apos;s clinical trial report, &quot;Thrombophilia Global Clinical Trials Review, H1, 2016&quot; provides an overview of Thrombophilia clinical trials scenario. This report provides top line data relating to the clinical trials on Thrombophilia. Report includes an overview of trial numbers and their average enrollment in top countries conducted across the globe. The report offers coverage of disease clinical trials by region, country (G7 &amp; E7), phase, trial status, end points status and sponsor type. Report also provides prominent drugs for in-progress trials (based on number of ongoing trials). GlobalData Clinical Trial Reports are generated using GlobalData&apos;s proprietary database - Pharma eTrack Clinical trials database. Clinical trials are collated from 80+ different clinical trial registries, conferences, journals, news etc across the globe. Clinical trials database undergoes periodic update by dynamic process. Get More Details on this Report and a Full Table of Contents at Thrombophilia Global Clinical Trials Review, H1, 2016 The report enhances the decision making capabilities and helps to create an effective counter strategies to gain competitive advantage. *Note: Certain sections in the report may be removed or altered based on the availability and relevance of data for the indicated disease. Report Scope -The report provides a snapshot of the global clinical trials landscape -Report provides top level data related to the clinical trials by Region, Country (G7 &amp; E7), Trial Status, Trial Phase, Sponsor Type and End point status -The report reviews top companies involved and enlists all trials (Trial title, Phase, and Status) pertaining to the company -The report provides all the unaccomplished trials (Terminated, Suspended and Withdrawn) with reason for unaccomplishment -The Report provides enrollment trends for the past five years -Report provides latest news for the past three months *Note: Certain sections in the report may be removed or altered based on the availability and relevance of data for the indicated disease. Reasons to Get this Report -Assists in formulating key business strategies with regards to investment -Helps in identifying prominent locations for conducting clinical trials which saves time and cost -Provides top level analysis of Global Clinical Trials Market which helps in identifying key business opportunities -Supports understanding of trials count and enrollment trends by country in global therapeutics market -Aids in interpreting the success rates of clinical trials by providing a comparative scenario of completed and uncompleted (terminated, suspended or withdrawn) trials -Facilitates clinical trial assessment of the indication on a global, regional and country level *Note: Certain sections in the report may be removed or altered based on the availability and relevance of data for the indicated disease. Companies Mentioned in this Report: Bayer AG, Pfizer Inc., LFB S.A., F. Hoffmann-La Roche Ltd., Bristol-Myers Squibb Company, Baxalta Incorporated, Arthritis Research UK, Alexion Pharmaceuticals, Inc. About Fast Market Research Fast Market Research is a leading distributor of market research and business information. Representing the world&apos;s top research publishers and analysts, we provide quick and easy access to the best competitive intelligence available. Our unbiased, expert staff is always available to help you find the right research to fit your requirements and your budget. For more information about these or related research reports, please visit our website at http://www.fastmr.com or call us at 1.800.844.8156. Browse all Pharmaceuticals research reports at Fast Market Research You may also be interested in these related reports:
</topic_text>
<spam_score>0.00</spam_score>
<post_num>1</post_num>
<post_id>post-1</post_id>
<post_url>http://www.sbwire.com/press-releases/just-published-thrombophilia-global-clinical-trials-review-h1-687907.htm</post_url>
<post_date>20160512</post_date>
<post_time>1550</post_time>
<username></username>
<post>
RSS Just Published: &quot;Thrombophilia Global Clinical Trials Review, H1, 2016&quot; Fast Market Research announces the availability of the new GlobalData report, &quot;Thrombophilia Global Clinical Trials Review, H1, 2016&quot;, on their comprehensive research portal 
Boston, MA -- ( SBWIRE ) -- 05/12/2016 -- GlobalData&apos;s clinical trial report, &quot;Thrombophilia Global Clinical Trials Review, H1, 2016&quot; provides an overview of Thrombophilia clinical trials scenario. This report provides top line data relating to the clinical trials on Thrombophilia. Report includes an overview of trial numbers and their average enrollment in top countries conducted across the globe. The report offers coverage of disease clinical trials by region, country (G7 &amp; E7), phase, trial status, end points status and sponsor type. Report also provides prominent drugs for in-progress trials (based on number of ongoing trials). GlobalData Clinical Trial Reports are generated using GlobalData&apos;s proprietary database - Pharma eTrack Clinical trials database. Clinical trials are collated from 80+ different clinical trial registries, conferences, journals, news etc across the globe. Clinical trials database undergoes periodic update by dynamic process. Get More Details on this Report and a Full Table of Contents at Thrombophilia Global Clinical Trials Review, H1, 2016 The report enhances the decision making capabilities and helps to create an effective counter strategies to gain competitive advantage. *Note: Certain sections in the report may be removed or altered based on the availability and relevance of data for the indicated disease. Report Scope -The report provides a snapshot of the global clinical trials landscape -Report provides top level data related to the clinical trials by Region, Country (G7 &amp; E7), Trial Status, Trial Phase, Sponsor Type and End point status -The report reviews top companies involved and enlists all trials (Trial title, Phase, and Status) pertaining to the company -The report provides all the unaccomplished trials (Terminated, Suspended and Withdrawn) with reason for unaccomplishment -The Report provides enrollment trends for the past five years -Report provides latest news for the past three months *Note: Certain sections in the report may be removed or altered based on the availability and relevance of data for the indicated disease. Reasons to Get this Report -Assists in formulating key business strategies with regards to investment -Helps in identifying prominent locations for conducting clinical trials which saves time and cost -Provides top level analysis of Global Clinical Trials Market which helps in identifying key business opportunities -Supports understanding of trials count and enrollment trends by country in global therapeutics market -Aids in interpreting the success rates of clinical trials by providing a comparative scenario of completed and uncompleted (terminated, suspended or withdrawn) trials -Facilitates clinical trial assessment of the indication on a global, regional and country level *Note: Certain sections in the report may be removed or altered based on the availability and relevance of data for the indicated disease. Companies Mentioned in this Report: Bayer AG, Pfizer Inc., LFB S.A., F. Hoffmann-La Roche Ltd., Bristol-Myers Squibb Company, Baxalta Incorporated, Arthritis Research UK, Alexion Pharmaceuticals, Inc. About Fast Market Research Fast Market Research is a leading distributor of market research and business information. Representing the world&apos;s top research publishers and analysts, we provide quick and easy access to the best competitive intelligence available. Our unbiased, expert staff is always available to help you find the right research to fit your requirements and your budget. For more information about these or related research reports, please visit our website at http://www.fastmr.com or call us at 1.800.844.8156. Browse all Pharmaceuticals research reports at Fast Market Research You may also be interested in these related reports:
</post>
<signature>

</signature>
<external_links>

</external_links>
<country>US</country>
<main_image>http://media.releasewire.com/photos/show/?id=90667</main_image>
</document>
