<?xml version="1.0" encoding="UTF-8"?>
<document>
<type>mainstream</type>
<forum>http://www.fr-online.de/panorama/-/1472782/1472782/-/view/asFeed/-/index.xml</forum>
<forum_title>Frankfurter Rundschau Panorama</forum_title>
<discussion_title>Asperger-Syndrom - Wie auf einem fremden Planeten</discussion_title>
<language>german</language>
<gmt_offset></gmt_offset>
<topic_url>http://www.fr-online.de/panorama/asperger-syndrom-wie-auf-einem-fremden-planeten,1472782,34234622.html</topic_url>
<topic_text>
Asperger-Syndrom: Wie auf einem fremden Planeten Von Anke Brodmerkel Im vergangenen Jahr hat Denise Linke ihr Buch „Nicht normal, aber das richtig gut“ auf der Frankfurter Buchmesse vorgestellt. Foto: picture alliance / dpa Denise Linke nimmt die Welt anders als andere wahr. Sie ist Asperger-Autistin und hat zudem ADHS. Trotzdem schreibt sie Bücher und gibt sogar eine Zeitschrift heraus – gemacht von Leuten wie ihr. Drucken per Mail Manchmal reicht ein Satz, und nichts ist mehr, wie es mal war. „Wann hast du deine Diagnose bekommen?“, waren die Worte, die das Leben von Denise Linke für immer verändern sollten. Es war im Sommer 2011, die damals 22-Jährige saß in ihrer WG in Los Angeles mit ein paar Freunden zusammen, als draußen ein Krankenwagen mit schriller Sirene vorbeifuhr. Intuitiv hatte die junge Frau sich die Ohren zugehalten – ebenso wie ihr Mitbewohner Sam, der die entscheidende Frage stellte und selbst Asperger-Autist war. Linke wusste damals noch nichts von ihrer Krankheit. „Aber mein Instinkt sagte mir sofort, dass Sam recht haben musste“, erzählt sie, während ihre schmalen Hände unablässig an zwei Silberringen spielen. „Sein Verdacht erklärte, warum ich mich mein ganzes Leben lang wie auf einem fremden Planeten gefühlt hatte.“ Zwei ärztliche Untersuchungen – eine in den USA, die andere kurz danach in Berlin – bestätigten die Vermutung. Linke hat ein Asperger-Syndrom, eine vermutlich genetisch bedingte Entwicklungsstörung, die unter anderem bewirkt, dass Reize völlig ungefiltert ins Gehirn eindringen, jedes noch so kleinste Detail der Umgebung wahrgenommen wird. Das Leben ist laut und grell „Wenn ich zum Beispiel in einem Café sitze, vermischen sich die Eindrücke“, erzählt sie. „Das Gespräch, das ich gerade führe, ist genauso intensiv da wie das am Nebentisch. Oder wie das Geräusch der Kaffeemaschine, die vor dem Fenster vorbeifahrenden Autos, das Singen der Vögel, das Kratzen eines Bleistifts auf dem Papier.“ Helligkeit verstärkt die Lautstärke noch. Für Denise Linke ist das Leben daher fast immer laut und grell. Ab und an genießt sie, wie alles in rasender Geschwindigkeit an ihr vorbeizieht, doch manchmal wird es unerträglich. Dann braucht sie eine Pause, muss sich zurückziehen. „Ich habe mir das Rauchen angewöhnt“, sagt sie, „um mir diese Auszeiten leichter nehmen zu können.“ Vieles, was für andere selbstverständlich ist, musste Linke sich mühsam beibringen. Small Talk zu führen zum Beispiel: „Ich habe das gepaukt, so wie andere Formeln oder Daten für eine Prüfung büffeln“, erinnert sie sich. „Mit der Zeit bekam ich den Dreh raus: Man muss Fragen stellen, aufmerksam nicken, Bezug nehmen auf das, was der andere gesagt hat, und an den richtigen Stellen im Gespräch lächeln.“ In der Schule hielten die meisten Klassenkameraden das scheue Mädchen für eine Lügnerin. „Ich habe lange nicht verstanden, woran das lag“, sagt sie. „Erst viel später kapierte ich, dass andere von mir erwarten, dass ich ihnen bei einem Gespräch in die Augen gucke – sonst glauben sie, dass ich nicht die Wahrheit sage.“ Anderen Menschen ins Gesicht zu schauen, hat die zarte, fast durchscheinend wirkende Frau mit den großen dunkelbraunen Augen inzwischen gelernt. Einige andere Fähigkeiten sind ihr bis heute verwehrt geblieben. „Ich bin ein hoffnungsloser Fall, wenn es darum geht, die Mimik anderer zu deuten“, sagt sie und lacht. „Dieses Zusammenspiel der vielen Gesichtsmuskeln, die sich auf die unterschiedlichsten Arten in die verschiedensten Richtungen drehen können: All das signalisiert mir nicht das Geringste.“ Trotz vieler Schwierigkeiten in der Schule und an der Uni machte Denise Linke ihr Abitur, studierte erfolgreich Politik und Geschichte. Ihr Traum war es, Journalistin zu werden. Der zweite Wendepunkt in ihrem Leben wurde dann auch nicht von einem Satz hervorgerufen, sondern von ganz vielen Sätzen: Ein Artikel zum Thema Inklusion, den sie im Sommer 2014 in der „Frankfurter Allgemeinen Sonntagszeitung“ veröffentlichte, ließ Medien und Verlage auf die Autistin aufmerksam werden. Interesse der Öffentlichkeit „Noch am gleichen Abend klingelte mein Telefon, und es stand die nächsten Tage nicht mehr still“, erzählt Linke. Die Anrufer baten die begabte Autorin – die einen Artikel, für den andere zwei Tage bräuchten, in einer Stunde schreibt – um Interviews, wollten mehr über ihre Erkrankung wissen. „Diese Phase meines Lebens hat mir unglaublich viel Selbstbewusstsein gegeben“, sagt sie. Das Interesse der anderen an ihr bestärkte sie in einem Plan, den sie sich ein paar Monate zuvor ausgedacht hatte. Eines Morgens im Dezember 2013 stand sie unter der Dusche und überlegte, was sie später in der U-Bahn lesen könnte. „Eine Zeitschrift von und für Autisten müsste es geben“, dachte sie – und beschloss, da sie im Internet nichts dergleichen fand, selbst eine herauszubringen. Es war die Geburtsstunde von „N#mmer“, einem Magazin für Autisten, AD(H)Sler und Astronauten, wie es im Untertitel heißt. Mit Astronauten sind die anderen, die Normalos gemeint, die den fremden Planeten der Autisten und ADHSler kennenlernen sollen. ADHS ist die Abkürzung für eine Aufmerksamkeits-Defizit-Störung, die oft von Hyperaktivität begleitet wird. Der Titel der Zeitschrift spielt mit einem Klischee: „Ihr Autisten könnt doch so gut mit Zahlen“, hatte ein befreundeter Chefredakteur gesagt. Zudem kommunizieren sie oft lieber übers Internet. „Es ist weniger anstrengend“, sagt Linke. Autismus und ADHS sind zwei Erscheinungen, die sich in mancher Hinsicht ähneln. Oft kommen sie gleichzeitig vor. Auch bei Denise Linke wurde Ende 2014 ADHS diagnostiziert. Sie ist selbst erstaunt, warum dies erst so spät geschah: „Länger als ein paar Sekunden wirklich stillzusitzen, ist mir seit jeher ein Gräuel“, sagt sie. „Außerdem mache ich ständig Sachen kaputt, weil ich dauernd an ihnen herumnestele.“ Sich auf eine Sache über einen längeren Zeitraum hinweg zu konzentrieren, fällt ihr extrem schwer. Kurzfristig hingegen kann sie sich hervorragend fokussieren: „Sobald irgendetwas mein Interesse weckt, ist nichts anderes mehr wichtig“, sagt sie: „Weder Arbeit noch Freunde, auch kein Schlaf oder Nahrung.“ Dass sie das Essen oft vergisst, sieht man ihrem sehnigen Körper an. „Oft bemerke ich erst, dass ich hungrig bin, wenn ich davon Bauchschmerzen bekomme“, sagt sie. Doch ihre Beeinträchtigungen hielten Denise Linke nicht von ihren Plänen ab. In Berlin, wo die gebürtige Elmshornerin inzwischen lebt, sprach sie mit Redakteuren, Grafikern und potenziellen Autoren, sammelte über die Crowdfunding-Plattform Startnext mehr als 10 000 Euro für ihr Projekt. Nur ein Jahr nach dem folgenreichen Duschbad hielt sie ihr erstes Heft in der Hand. Schwerpunkt der Ausgabe: die Liebe. „Viele neurotypische Menschen denken ja, Autisten seien zu Liebe und anderen Gefühlen nicht fähig“, sagt Linke. Ein Vorurteil, mit dem sie aufräumen will. So ging es in ihrem ersten Heft um Themen wie Online-Dating, Selbstliebe und darüber, wie sich ADHS auf Beziehungen auswirkt. Linke weiß, wovon sie spricht: Ihr Partner, mit dem sie seit Herbst zusammenwohnt, hat auch ADHS. Die Tiere geben Struktur Ihre Altbauwohnung teilen die beiden mit zwei Katern und seit kurzem auch mit einem Hundebaby. „Die Tiere, vor allem der Hund, geben meinem Tag Struktur“, sagt sie. „Er zwingt mich, morgens aufzustehen und als Erstes, noch bevor ich mich an den Schreibtisch setze, mit ihm eine Runde zu drehen.“ Genau 2500 Exemplare von „N#mmer“, verpackt in 103 Kartons, die zusammen mehr als 800 Kilo wogen, hatte sie drucken lassen, in ihre Wohnung geschleppt und eigenhändig verschickt. Inzwischen ist die Ausgabe vergriffen. Die Resonanz auf ihr Magazin ist groß: „Ich bekomme jeden Tag Mails von Menschen, die mir schreiben, dass sie sich endlich verstanden fühlen“, erzählt Linke, auf deren Unterarm ein „N#mmer“-Tattoo prangt, nicht ohne Stolz. Zwei weitere Ausgaben sind bereits erschienen, die insgesamt vierte ist gerade in Arbeit. Um „Leid und Pride“ geht es darin. „Unter Autisten und ADHSlern finden sich zwei große Gruppen“, erklärt Linke. „Die einen leiden unter ihrer Diagnose, die anderen respektieren sie und lassen sich ihren Stolz von ihr nicht nehmen.“ Die Journalistin hofft, mit ihrem Heft dazu beizutragen, dass sich die beiden Gruppen besser verstehen. Denn auch sie heimst von anderen Autisten nicht nur Lob ein. Nachdem sie im Oktober ihr autobiografisches Buch „Nicht normal, aber das richtig gut“ herausgebracht hatte, zweifelten Leser an der Richtigkeit von Linkes Diagnose, öffentlich im Internet und nicht immer mit freundlichen Worten. „Sie schrieben so seltsame Sachen wie: Wer sich die Haare färbe, könne keine Autistin sein“, erinnert sich Linke, die – eigentlich brünett – auf dem Buchcover platinblondes Haar trägt. Ohnehin entspricht die junge Frau in vielerlei Hinsicht nicht den üblichen Klischees: Zwar schminkt sie sich fast nie, doch hat sie eine Schwäche für Schmuck und Piercings. Den Nasenring, den sie trägt, hat sie sich an einem Abend in Manhattan kurz entschlossen stechen lassen. Auch die Reisen, die sie unternimmt – zuletzt war sie in New York und in Florida –, wären für die meisten Autisten wohl der blanke Horror. Zudem ist Denise Linke mit keiner der für ihre Diagnose so typischen Inselbegabungen ausgestattet. „Ich habe zwar die IBANs und BICs meiner vier Konten und auch mein WLAN-Passwort im Kopf, bin aber weder in der Lage, Telefonbücher auswendig zu lernen noch in Sekundenschnelle komplizierte mathematische Aufgaben zu lösen“, sagt sie amüsiert. Doch schnell schreiben, das kann sie. Bereits kommenden Herbst soll ein weiteres Buch von ihr erscheinen. Sie erzählt darin die wahre Geschichte eines Vaters, dessen Söhne nach Syrien gegangen sind, um für den IS zu kämpfen. Damit nicht genug: Linke plant gerade ein weiteres Magazin. „Diesmal eins speziell für Frauen, aber garantiert ohne Mode, Klatsch und Diäten“, sagt sie. Dass sie vom Journalismus leben kann, ist eines ihrer Ziele. Doch es gibt noch ein größeres: „Ich wünsche mir, dass sowohl Autisten als auch ADHSler aufhören, sich untereinander zu beharken – und stattdessen anfangen, Probleme zu lösen, die uns alle angehen“, sagt sie. „Wir sollten uns zum Beispiel dafür einsetzen, dass die Talente jedes Einzelnen von uns endlich erkannt und auch genutzt werden. Oder dass die oft menschenverachtenden Therapien, mit denen man uns angeblich helfen will, schnellstmöglich ein Ende finden.“ Ein einziger Satz wird dafür ganz bestimmt nicht reichen. Doch viele Sätze dürften dazu beitragen, das Leben so mancher Autisten und ADHSler zu verbessern.  
</topic_text>
<spam_score>0.00</spam_score>
<post_num>1</post_num>
<post_id>post-1</post_id>
<post_url>http://www.fr-online.de/panorama/asperger-syndrom-wie-auf-einem-fremden-planeten,1472782,34234622.html</post_url>
<post_date>20160512</post_date>
<post_time>1420</post_time>
<username></username>
<post>
Asperger-Syndrom: Wie auf einem fremden Planeten Von Anke Brodmerkel Im vergangenen Jahr hat Denise Linke ihr Buch „Nicht normal, aber das richtig gut“ auf der Frankfurter Buchmesse vorgestellt. Foto: picture alliance / dpa Denise Linke nimmt die Welt anders als andere wahr. Sie ist Asperger-Autistin und hat zudem ADHS. Trotzdem schreibt sie Bücher und gibt sogar eine Zeitschrift heraus – gemacht von Leuten wie ihr. Drucken per Mail Manchmal reicht ein Satz, und nichts ist mehr, wie es mal war. „Wann hast du deine Diagnose bekommen?“, waren die Worte, die das Leben von Denise Linke für immer verändern sollten. Es war im Sommer 2011, die damals 22-Jährige saß in ihrer WG in Los Angeles mit ein paar Freunden zusammen, als draußen ein Krankenwagen mit schriller Sirene vorbeifuhr. Intuitiv hatte die junge Frau sich die Ohren zugehalten – ebenso wie ihr Mitbewohner Sam, der die entscheidende Frage stellte und selbst Asperger-Autist war. Linke wusste damals noch nichts von ihrer Krankheit. „Aber mein Instinkt sagte mir sofort, dass Sam recht haben musste“, erzählt sie, während ihre schmalen Hände unablässig an zwei Silberringen spielen. „Sein Verdacht erklärte, warum ich mich mein ganzes Leben lang wie auf einem fremden Planeten gefühlt hatte.“ Zwei ärztliche Untersuchungen – eine in den USA, die andere kurz danach in Berlin – bestätigten die Vermutung. Linke hat ein Asperger-Syndrom, eine vermutlich genetisch bedingte Entwicklungsstörung, die unter anderem bewirkt, dass Reize völlig ungefiltert ins Gehirn eindringen, jedes noch so kleinste Detail der Umgebung wahrgenommen wird. Das Leben ist laut und grell „Wenn ich zum Beispiel in einem Café sitze, vermischen sich die Eindrücke“, erzählt sie. „Das Gespräch, das ich gerade führe, ist genauso intensiv da wie das am Nebentisch. Oder wie das Geräusch der Kaffeemaschine, die vor dem Fenster vorbeifahrenden Autos, das Singen der Vögel, das Kratzen eines Bleistifts auf dem Papier.“ Helligkeit verstärkt die Lautstärke noch. Für Denise Linke ist das Leben daher fast immer laut und grell. Ab und an genießt sie, wie alles in rasender Geschwindigkeit an ihr vorbeizieht, doch manchmal wird es unerträglich. Dann braucht sie eine Pause, muss sich zurückziehen. „Ich habe mir das Rauchen angewöhnt“, sagt sie, „um mir diese Auszeiten leichter nehmen zu können.“ Vieles, was für andere selbstverständlich ist, musste Linke sich mühsam beibringen. Small Talk zu führen zum Beispiel: „Ich habe das gepaukt, so wie andere Formeln oder Daten für eine Prüfung büffeln“, erinnert sie sich. „Mit der Zeit bekam ich den Dreh raus: Man muss Fragen stellen, aufmerksam nicken, Bezug nehmen auf das, was der andere gesagt hat, und an den richtigen Stellen im Gespräch lächeln.“ In der Schule hielten die meisten Klassenkameraden das scheue Mädchen für eine Lügnerin. „Ich habe lange nicht verstanden, woran das lag“, sagt sie. „Erst viel später kapierte ich, dass andere von mir erwarten, dass ich ihnen bei einem Gespräch in die Augen gucke – sonst glauben sie, dass ich nicht die Wahrheit sage.“ Anderen Menschen ins Gesicht zu schauen, hat die zarte, fast durchscheinend wirkende Frau mit den großen dunkelbraunen Augen inzwischen gelernt. Einige andere Fähigkeiten sind ihr bis heute verwehrt geblieben. „Ich bin ein hoffnungsloser Fall, wenn es darum geht, die Mimik anderer zu deuten“, sagt sie und lacht. „Dieses Zusammenspiel der vielen Gesichtsmuskeln, die sich auf die unterschiedlichsten Arten in die verschiedensten Richtungen drehen können: All das signalisiert mir nicht das Geringste.“ Trotz vieler Schwierigkeiten in der Schule und an der Uni machte Denise Linke ihr Abitur, studierte erfolgreich Politik und Geschichte. Ihr Traum war es, Journalistin zu werden. Der zweite Wendepunkt in ihrem Leben wurde dann auch nicht von einem Satz hervorgerufen, sondern von ganz vielen Sätzen: Ein Artikel zum Thema Inklusion, den sie im Sommer 2014 in der „Frankfurter Allgemeinen Sonntagszeitung“ veröffentlichte, ließ Medien und Verlage auf die Autistin aufmerksam werden. Interesse der Öffentlichkeit „Noch am gleichen Abend klingelte mein Telefon, und es stand die nächsten Tage nicht mehr still“, erzählt Linke. Die Anrufer baten die begabte Autorin – die einen Artikel, für den andere zwei Tage bräuchten, in einer Stunde schreibt – um Interviews, wollten mehr über ihre Erkrankung wissen. „Diese Phase meines Lebens hat mir unglaublich viel Selbstbewusstsein gegeben“, sagt sie. Das Interesse der anderen an ihr bestärkte sie in einem Plan, den sie sich ein paar Monate zuvor ausgedacht hatte. Eines Morgens im Dezember 2013 stand sie unter der Dusche und überlegte, was sie später in der U-Bahn lesen könnte. „Eine Zeitschrift von und für Autisten müsste es geben“, dachte sie – und beschloss, da sie im Internet nichts dergleichen fand, selbst eine herauszubringen. Es war die Geburtsstunde von „N#mmer“, einem Magazin für Autisten, AD(H)Sler und Astronauten, wie es im Untertitel heißt. Mit Astronauten sind die anderen, die Normalos gemeint, die den fremden Planeten der Autisten und ADHSler kennenlernen sollen. ADHS ist die Abkürzung für eine Aufmerksamkeits-Defizit-Störung, die oft von Hyperaktivität begleitet wird. Der Titel der Zeitschrift spielt mit einem Klischee: „Ihr Autisten könnt doch so gut mit Zahlen“, hatte ein befreundeter Chefredakteur gesagt. Zudem kommunizieren sie oft lieber übers Internet. „Es ist weniger anstrengend“, sagt Linke. Autismus und ADHS sind zwei Erscheinungen, die sich in mancher Hinsicht ähneln. Oft kommen sie gleichzeitig vor. Auch bei Denise Linke wurde Ende 2014 ADHS diagnostiziert. Sie ist selbst erstaunt, warum dies erst so spät geschah: „Länger als ein paar Sekunden wirklich stillzusitzen, ist mir seit jeher ein Gräuel“, sagt sie. „Außerdem mache ich ständig Sachen kaputt, weil ich dauernd an ihnen herumnestele.“ Sich auf eine Sache über einen längeren Zeitraum hinweg zu konzentrieren, fällt ihr extrem schwer. Kurzfristig hingegen kann sie sich hervorragend fokussieren: „Sobald irgendetwas mein Interesse weckt, ist nichts anderes mehr wichtig“, sagt sie: „Weder Arbeit noch Freunde, auch kein Schlaf oder Nahrung.“ Dass sie das Essen oft vergisst, sieht man ihrem sehnigen Körper an. „Oft bemerke ich erst, dass ich hungrig bin, wenn ich davon Bauchschmerzen bekomme“, sagt sie. Doch ihre Beeinträchtigungen hielten Denise Linke nicht von ihren Plänen ab. In Berlin, wo die gebürtige Elmshornerin inzwischen lebt, sprach sie mit Redakteuren, Grafikern und potenziellen Autoren, sammelte über die Crowdfunding-Plattform Startnext mehr als 10 000 Euro für ihr Projekt. Nur ein Jahr nach dem folgenreichen Duschbad hielt sie ihr erstes Heft in der Hand. Schwerpunkt der Ausgabe: die Liebe. „Viele neurotypische Menschen denken ja, Autisten seien zu Liebe und anderen Gefühlen nicht fähig“, sagt Linke. Ein Vorurteil, mit dem sie aufräumen will. So ging es in ihrem ersten Heft um Themen wie Online-Dating, Selbstliebe und darüber, wie sich ADHS auf Beziehungen auswirkt. Linke weiß, wovon sie spricht: Ihr Partner, mit dem sie seit Herbst zusammenwohnt, hat auch ADHS. Die Tiere geben Struktur Ihre Altbauwohnung teilen die beiden mit zwei Katern und seit kurzem auch mit einem Hundebaby. „Die Tiere, vor allem der Hund, geben meinem Tag Struktur“, sagt sie. „Er zwingt mich, morgens aufzustehen und als Erstes, noch bevor ich mich an den Schreibtisch setze, mit ihm eine Runde zu drehen.“ Genau 2500 Exemplare von „N#mmer“, verpackt in 103 Kartons, die zusammen mehr als 800 Kilo wogen, hatte sie drucken lassen, in ihre Wohnung geschleppt und eigenhändig verschickt. Inzwischen ist die Ausgabe vergriffen. Die Resonanz auf ihr Magazin ist groß: „Ich bekomme jeden Tag Mails von Menschen, die mir schreiben, dass sie sich endlich verstanden fühlen“, erzählt Linke, auf deren Unterarm ein „N#mmer“-Tattoo prangt, nicht ohne Stolz. Zwei weitere Ausgaben sind bereits erschienen, die insgesamt vierte ist gerade in Arbeit. Um „Leid und Pride“ geht es darin. „Unter Autisten und ADHSlern finden sich zwei große Gruppen“, erklärt Linke. „Die einen leiden unter ihrer Diagnose, die anderen respektieren sie und lassen sich ihren Stolz von ihr nicht nehmen.“ Die Journalistin hofft, mit ihrem Heft dazu beizutragen, dass sich die beiden Gruppen besser verstehen. Denn auch sie heimst von anderen Autisten nicht nur Lob ein. Nachdem sie im Oktober ihr autobiografisches Buch „Nicht normal, aber das richtig gut“ herausgebracht hatte, zweifelten Leser an der Richtigkeit von Linkes Diagnose, öffentlich im Internet und nicht immer mit freundlichen Worten. „Sie schrieben so seltsame Sachen wie: Wer sich die Haare färbe, könne keine Autistin sein“, erinnert sich Linke, die – eigentlich brünett – auf dem Buchcover platinblondes Haar trägt. Ohnehin entspricht die junge Frau in vielerlei Hinsicht nicht den üblichen Klischees: Zwar schminkt sie sich fast nie, doch hat sie eine Schwäche für Schmuck und Piercings. Den Nasenring, den sie trägt, hat sie sich an einem Abend in Manhattan kurz entschlossen stechen lassen. Auch die Reisen, die sie unternimmt – zuletzt war sie in New York und in Florida –, wären für die meisten Autisten wohl der blanke Horror. Zudem ist Denise Linke mit keiner der für ihre Diagnose so typischen Inselbegabungen ausgestattet. „Ich habe zwar die IBANs und BICs meiner vier Konten und auch mein WLAN-Passwort im Kopf, bin aber weder in der Lage, Telefonbücher auswendig zu lernen noch in Sekundenschnelle komplizierte mathematische Aufgaben zu lösen“, sagt sie amüsiert. Doch schnell schreiben, das kann sie. Bereits kommenden Herbst soll ein weiteres Buch von ihr erscheinen. Sie erzählt darin die wahre Geschichte eines Vaters, dessen Söhne nach Syrien gegangen sind, um für den IS zu kämpfen. Damit nicht genug: Linke plant gerade ein weiteres Magazin. „Diesmal eins speziell für Frauen, aber garantiert ohne Mode, Klatsch und Diäten“, sagt sie. Dass sie vom Journalismus leben kann, ist eines ihrer Ziele. Doch es gibt noch ein größeres: „Ich wünsche mir, dass sowohl Autisten als auch ADHSler aufhören, sich untereinander zu beharken – und stattdessen anfangen, Probleme zu lösen, die uns alle angehen“, sagt sie. „Wir sollten uns zum Beispiel dafür einsetzen, dass die Talente jedes Einzelnen von uns endlich erkannt und auch genutzt werden. Oder dass die oft menschenverachtenden Therapien, mit denen man uns angeblich helfen will, schnellstmöglich ein Ende finden.“ Ein einziger Satz wird dafür ganz bestimmt nicht reichen. Doch viele Sätze dürften dazu beitragen, das Leben so mancher Autisten und ADHSler zu verbessern.  
</post>
<signature>

</signature>
<external_links>

</external_links>
<country>DE</country>
<main_image>http://www.fr-online.de/image/view/2016/4/12/34234626,37650823,highRes,RS_Denise+Linke+62677934.jpg</main_image>
</document>
