<?xml version="1.0" encoding="UTF-8"?>
<document>
<type>mainstream</type>
<forum>http://rss.nexttv.com.tw/news/realtime/rss.xml</forum>
<forum_title>壹電視-即時新聞</forum_title>
<discussion_title>山腳斷層穿台北 久未動「恐引7強震」？</discussion_title>
<language>chineset</language>
<gmt_offset></gmt_offset>
<topic_url>http://www.nexttv.com.tw/news/realtime/latest/11560663/%E5%B1%B1%E8%85%B3%E6%96%B7%E5%B1%A4%E7%A9%BF%E5%8F%B0%E5%8C%97%E3%80%80%E4%B9%85%E6%9C%AA%E5%8B%95%E3%80%8C%E6%81%90%E5%BC%957%E5%BC%B7%E9%9C%87%E3%80%8D%EF%BC%9F</topic_url>
<topic_text>
點閱： 656 【壹電視報導】今天宜蘭地牛翻身，讓人引發對「山腳斷層」的關注! 這條屬於活動性高的正斷層，橫跨大台北地區，從三峽一直延伸到大屯山，甚至有研究說它延伸到金山，專家說一旦整體活動，不排除引發規模七以上地震。之前南台灣，這次東台灣，都陸續釋放能量發生地震，反倒山腳斷層已經很久沒動，格外讓人憂心。 即時新聞
</topic_text>
<spam_score>0.00</spam_score>
<post_num>1</post_num>
<post_id>post-1</post_id>
<post_url>http://www.nexttv.com.tw/news/realtime/latest/11560663/%E5%B1%B1%E8%85%B3%E6%96%B7%E5%B1%A4%E7%A9%BF%E5%8F%B0%E5%8C%97%E3%80%80%E4%B9%85%E6%9C%AA%E5%8B%95%E3%80%8C%E6%81%90%E5%BC%957%E5%BC%B7%E9%9C%87%E3%80%8D%EF%BC%9F</post_url>
<post_date>20160512</post_date>
<post_time>1213</post_time>
<username></username>
<post>
點閱： 656 【壹電視報導】今天宜蘭地牛翻身，讓人引發對「山腳斷層」的關注! 這條屬於活動性高的正斷層，橫跨大台北地區，從三峽一直延伸到大屯山，甚至有研究說它延伸到金山，專家說一旦整體活動，不排除引發規模七以上地震。之前南台灣，這次東台灣，都陸續釋放能量發生地震，反倒山腳斷層已經很久沒動，格外讓人憂心。 即時新聞
</post>
<signature>

</signature>
<external_links>

</external_links>
<country>TW</country>
<main_image>http://s.nexttv.com.tw/upload/2016/05/11560663-392x220.jpg</main_image>
</document>
