<?xml version="1.0" encoding="UTF-8"?>
<document>
<type>mainstream</type>
<forum>http://livemint.com//rss/homepage</forum>
<forum_title>homepage</forum_title>
<discussion_title>The Mint Planner, 13 May 2016</discussion_title>
<language>english</language>
<gmt_offset></gmt_offset>
<topic_url>http://www.livemint.com/Leisure/U7YX3wGbrTDsaIH1pebCbP/The-Mint-Planner-13-May-2016.html</topic_url>
<topic_text>
Delhi 
Dance 
O’ Bullayah 
16 May 
Conceptualized by Sufi Kathak dancer Manjari Chaturvedi, this performance is a tribute to Bulleh Shah. Chaturvedi will dance to the verses of the Punjabi poet, sung by traditional qawwal s from the state.
7.30-9.30pm. The Zone, at The Kila, Seven Style Mile, opposite Qutub Minar, Mehrauli. For passes, call 9810345081. 
Theatre 
30 Days Of September 
15 May 
Directed by Arvind Gaur and written by Mahesh Dattani, this Hindi play deals with child sexual abuse. The story revolves around Mala, who is haunted by memories of her past. 1 hour, 30 minutes.
7pm. Shri Ram Centre, 4, Safdar Hashmi Marg (23714307). Tickets, Rs. 100 and Rs. 200, available on in.bookmyshow.com 
Art 
Narratives For Modernity—The Aesthetics Of Brij Mohan Anand 
Till 22 May
The India International Centre (IIC) is hosting an exhibition of previously unseen works of the late painter and illustrator Brij Mohan Anand. On display are scratchboards, sketches and pastoral images, among other works.
11am-6pm. Main Art Gallery, Kamaladevi Complex, IIC, Max Mueller Marg (24619431). 
Around town 
Tah-Koh 
Till 31 August
Pan-Asian restaurant Mamagoto is offering a special menu of soft-shell tacos. They include the pork-belly filled Porky, crispy duck-filled Smoky, Cheesy (panko-encrusted goat cheese, mango sauce, kimchi, mint and micro greens) and Tofuish (tofu in Korean barbecue sauce, served with green chill mayo, taco sauce and cream cheese). 
Noon-11.30pm. Available at all Mamagoto outlets in the National Capital Region. Prices start from Rs. 329. 
Music 
Sarah Farina 
13 May
Berlin’s popular DJ, Sarah Farina, will perform, supported by London-based Wild City DJ, aka Moniker, who plays hip hop, bass and alternative electronica, and UP7T, a Delhi-based bass player.
9pm. antiSOCIAL, 9&amp;12A, Hauz Khas Village. For details, call 7838652039. 
By Pooja Singh 
Mumbai 
Click here for enlarge 
Photography 
Legacy Of Photojournalism— The Deepak Puri Collection 
Till 26 May
On display are photographs shot by Deepak Puri, who was photo editor of the Time magazine, Raghu Rai and 49 others, including James Nachtwey and John Stanmeyer. The exhibition has been organized by Tasveer, an organization that promotes photography, in collaboration with the Bengaluru-based Museum of Art and Photography (MAP). 
11am-6pm (closed on Sundays and Mondays). F35/36, Dhanraj Mahal, Apollo Bunder, Colaba (66150424). 
Around town 
On The Epic Trail 
15 May
This interactive, guided tour for children and their parents will give an insight into Dr Bhau Daji Lad Mumbai City Museum’s collection of art objects, clay models and dioramas. 
11am-1pm. Dr Bhau Daji Lad Mumbai City Museum, 91-A, Byculla East. Entry, Rs. 2 (students) and Rs. 10 (adults). 
Theatre 
Waiting For Naseer 
15 May
The story is about two actors who are waiting at the Prithvi theatre café to watch a new play of their favourite actor, Naseeruddin Shah. But only one of them is entitled to a ticket. The play is in both Hindi and English. 1 hour, 20 minutes. 
7.30pm. Brewbot, G-01 &amp; 101, Morya Landmark 1, Andheri (West). Tickets Rs. 300, available on in.bookmyshow.com
Film 
Soy Cuba (I Am Cuba) 
13 May 
Directed by Mikhail Kalatozov, this Spanish film is set in the days leading up to the Cuban revolution (1953-59). It weaves in four stories that narrate the problems Cubans faced in the pre-revolution days. The film is subtitled in English. 
6-8.30pm. Dr Bhau Daji Lad Mumbai City Museum. 
By Shweta Upadhyay 
Kolkata 

Film 
Nothing But The Truth 
13 May
Directed by Rod Lurie, this 2008 film is about a journalist whose investigative story reveals the identity of a CIA agent. The US government orders her to reveal her source but she refuses, and is jailed. 1 hour, 48 minutes. 
6pm. American Center, 38-A, Jawaharlal Nehru Road (39846300). Entry on first-come, first-served basis. 
Click here for enlarge 
Photography 
Bricks Of The Raj 
Till 28 May
This exhibition is showcasing images taken by film-maker Sanjeet Chowdhury and amateur photographer Rajiv Soni. Their pictures, in both colour and black and white, capture Kolkata’s British-era architecture. 
11am-7pm (Sundays closed). Ganges Art Gallery, 33-A, Jatin Das Road. For details, visit www.gangesart.com 
By Indranil Bhoumik 
Chennai 
Click here for enlarge 
Theatre 
Maa—Mother Above All 
14 May 
GMime Studio will pay tribute to motherhood with a musical mime show, Maa—Mother Above All . K. Gopinath, popularly known as Mime Gopi, the founder of the studio, has conceptualized and directed the show. 1 hour, 40 minutes.
3-6pm. Kamraj Arangam, Anna Salai, Teynampet. Tickets, Rs. 500 and Rs. 1,000, available on www.ticketnew.com 
Around town 
Storytelling Session 
15 May 
This storytelling session for children, in French, will be conducted by Sowmya Srinivasan, one of the founding members of the Bangalore Storytelling Society. She will narrate tales from French folklore. The session is open to children aged 6 and above.
11am-noon. AFM Library, Alliance Française, College Road, Nungambakkam. 
Songs Of The Mist 
14 May 
This is a reading of author Shashi’s book, Songs Of The Mist, which traces the journeys of people from different professions and looks at the science of spirituality. The book-reading session will be interspersed with Carnatic music by Swetha Sriram (vocals), Vittal Rangan (violin) and Thanjavur Praveen Kumar (mridangam).
7-8pm. The Leela Palace, 175, Satyadev Avenue, Adyar Seaface. 
Dance 
Dasavatar 
16-30 May 
City-based danseuse Sanhita Basu Ghose will conduct a 15-day Odissi workshop, organized by the Konarak Odissi Dance Academy. The workshop will explain the origin and history of the classical dance form, as well as the basics of the dance. Those aged 10 and above can participate. No prior training in dance is necessary. 
3-6pm. Konarak Odissi Dance Academy, 24, VGP Layout, Palavakkam. Workshop fee, Rs. 4,500; registration fee, Rs. 500. For details, call 9940012947. 
By Nandini Reddy 
Hyderabad 
Dance 
Rani Rudrama &amp; Tandavam 
14 May
As part of the Hyderabad Arts Festival, Kuchipudi dancer Prateeksha Kashi will pay tribute to Rani Rudrama Devi, one of the prominent women rulers of the Kakatiya dynasty.
7-10pm. Amphitheatre, Centre for Cultural Resources and Training, Hitech City Road, Kothaguda. Passes, available on www.meraevents.com . For details, call 66335533. 
Around town 
Pt Bhimsen Joshi National Festival Of Music And Dance 
13-15 May
The 2016 edition of this festival will feature music and dance performances by artistes such as Shinjini Kulkarni (Kathak), Purbayan Chatterjee (sitar), Mahalaxmi Iyer (vocals), Shashank Subramanyam (flute), Satyajit Talwalkar (tabla), Rhythm Shaw (guitar) and Prakash Ulliyeri (keyboard). The festival is organized by non-profit Suranjali Foundation.
7-9pm. Taramati Baradari, near Golconda Fort. Tickets, Rs. 300, Rs. 600 and Rs. 1,500, available on www.meraevents.com
Unlimited Kebabs &amp; Beverages 
Till 15 May
Haldi, the Indian-speciality restaurant at the Novotel Hyderabad Airport hotel, is hosting a food festival. On the menu are a range of kebabs and breads, served with complementary beer. 
7-11pm. Novotel Hyderabad Airport, Shamshabad (6625000). Meal for one, Rs. 1,550, plus taxes. 
By Yogendra Kalavalapalli 
Bengaluru 

Film 
Undercover Asia—Witch-Hunt Diaries 
18 May
Journalist Mayurica Biswas’ investigative English documentary chronicles the lives of two women—one, a widow, lynched by her own community for being a witch, and another, a witch-hunt survivor who was banished from her village for over 10 years. 52 minutes.
6.30pm. Bangalore International Centre Auditorium, Teri Complex, 4th Main, 2nd Cross, Domlur II Stage. For details, call 9886599675. 
Theatre 
Untitled 
13-15 May
Directed by Shashank Purushotham, this English play, culled from the experiences of playwright Vijay Padaki, moves between two time frames, observing the conflicts of a family with an unwanted child. 
1 hour, 15 minutes.
4.30pm/7.30pm. Alliance Française, Thimmaiah Road, Vasanthnagar. Tickets, Rs. 300, available on in.bookmyshow.com
Click here for enlarge 
Music 
Blues Rock With Soulmate 
14 May
Shillong-based blues rock band Soulmate, led by Rudy Wallang and Tipriti Kharbangar, will perform in the city. Formed in 2003, the band is inspired by blues, blues rock, rock ‘n’ roll, funk and R&amp;B. 
9pm. BFlat Bar, 776, 100 Feet Road, Indiranagar. Tickets, Rs. 499, available at the venue and on in.bookmyshow.com 
KRUNK’S 7-Year Anniversary— ft. Lafawndah, EZ Riser and Gautham Reddy 
13 May
Globe-trotting singer Yasmine Dubois, aka Lafawndah, is inspired by traditional Middle- Eastern music. The half-Iranian, half-Egyptian artiste will be supported by Gautham Reddy and Sohail Arora, the founder of KRUNK, which does bookings for music concerts.
9pm. The Humming Tree, 949, 12th Main, Indiranagar. Tickets, Rs. 300, available at the venue. For details, call 9066021808. 
Art 
Melting Pot 
Till 21 May
The works of four women artists—Barbara Ash (UK), Katarina Rasic (Serbia), Gayatri Gamuz (Spain) and Pritam Bhatty (India)—are on display. Their work showcases the similarities and differences in their perspectives on identity, femininity and culture.
11am-8pm (Sundays closed). Sublime Galleria, UB City Mall, Vittal Mallya Road. Prices, Rs. 56,000-90,000. 
By Shivani Kagti
</topic_text>
<spam_score>0.00</spam_score>
<post_num>1</post_num>
<post_id>post-1</post_id>
<post_url>http://www.livemint.com/Leisure/U7YX3wGbrTDsaIH1pebCbP/The-Mint-Planner-13-May-2016.html</post_url>
<post_date>20160512</post_date>
<post_time>2050</post_time>
<username>Livemint</username>
<post>
Delhi 
Dance 
O’ Bullayah 
16 May 
Conceptualized by Sufi Kathak dancer Manjari Chaturvedi, this performance is a tribute to Bulleh Shah. Chaturvedi will dance to the verses of the Punjabi poet, sung by traditional qawwal s from the state.
7.30-9.30pm. The Zone, at The Kila, Seven Style Mile, opposite Qutub Minar, Mehrauli. For passes, call 9810345081. 
Theatre 
30 Days Of September 
15 May 
Directed by Arvind Gaur and written by Mahesh Dattani, this Hindi play deals with child sexual abuse. The story revolves around Mala, who is haunted by memories of her past. 1 hour, 30 minutes.
7pm. Shri Ram Centre, 4, Safdar Hashmi Marg (23714307). Tickets, Rs. 100 and Rs. 200, available on in.bookmyshow.com 
Art 
Narratives For Modernity—The Aesthetics Of Brij Mohan Anand 
Till 22 May
The India International Centre (IIC) is hosting an exhibition of previously unseen works of the late painter and illustrator Brij Mohan Anand. On display are scratchboards, sketches and pastoral images, among other works.
11am-6pm. Main Art Gallery, Kamaladevi Complex, IIC, Max Mueller Marg (24619431). 
Around town 
Tah-Koh 
Till 31 August
Pan-Asian restaurant Mamagoto is offering a special menu of soft-shell tacos. They include the pork-belly filled Porky, crispy duck-filled Smoky, Cheesy (panko-encrusted goat cheese, mango sauce, kimchi, mint and micro greens) and Tofuish (tofu in Korean barbecue sauce, served with green chill mayo, taco sauce and cream cheese). 
Noon-11.30pm. Available at all Mamagoto outlets in the National Capital Region. Prices start from Rs. 329. 
Music 
Sarah Farina 
13 May
Berlin’s popular DJ, Sarah Farina, will perform, supported by London-based Wild City DJ, aka Moniker, who plays hip hop, bass and alternative electronica, and UP7T, a Delhi-based bass player.
9pm. antiSOCIAL, 9&amp;12A, Hauz Khas Village. For details, call 7838652039. 
By Pooja Singh 
Mumbai 
Click here for enlarge 
Photography 
Legacy Of Photojournalism— The Deepak Puri Collection 
Till 26 May
On display are photographs shot by Deepak Puri, who was photo editor of the Time magazine, Raghu Rai and 49 others, including James Nachtwey and John Stanmeyer. The exhibition has been organized by Tasveer, an organization that promotes photography, in collaboration with the Bengaluru-based Museum of Art and Photography (MAP). 
11am-6pm (closed on Sundays and Mondays). F35/36, Dhanraj Mahal, Apollo Bunder, Colaba (66150424). 
Around town 
On The Epic Trail 
15 May
This interactive, guided tour for children and their parents will give an insight into Dr Bhau Daji Lad Mumbai City Museum’s collection of art objects, clay models and dioramas. 
11am-1pm. Dr Bhau Daji Lad Mumbai City Museum, 91-A, Byculla East. Entry, Rs. 2 (students) and Rs. 10 (adults). 
Theatre 
Waiting For Naseer 
15 May
The story is about two actors who are waiting at the Prithvi theatre café to watch a new play of their favourite actor, Naseeruddin Shah. But only one of them is entitled to a ticket. The play is in both Hindi and English. 1 hour, 20 minutes. 
7.30pm. Brewbot, G-01 &amp; 101, Morya Landmark 1, Andheri (West). Tickets Rs. 300, available on in.bookmyshow.com
Film 
Soy Cuba (I Am Cuba) 
13 May 
Directed by Mikhail Kalatozov, this Spanish film is set in the days leading up to the Cuban revolution (1953-59). It weaves in four stories that narrate the problems Cubans faced in the pre-revolution days. The film is subtitled in English. 
6-8.30pm. Dr Bhau Daji Lad Mumbai City Museum. 
By Shweta Upadhyay 
Kolkata 

Film 
Nothing But The Truth 
13 May
Directed by Rod Lurie, this 2008 film is about a journalist whose investigative story reveals the identity of a CIA agent. The US government orders her to reveal her source but she refuses, and is jailed. 1 hour, 48 minutes. 
6pm. American Center, 38-A, Jawaharlal Nehru Road (39846300). Entry on first-come, first-served basis. 
Click here for enlarge 
Photography 
Bricks Of The Raj 
Till 28 May
This exhibition is showcasing images taken by film-maker Sanjeet Chowdhury and amateur photographer Rajiv Soni. Their pictures, in both colour and black and white, capture Kolkata’s British-era architecture. 
11am-7pm (Sundays closed). Ganges Art Gallery, 33-A, Jatin Das Road. For details, visit www.gangesart.com 
By Indranil Bhoumik 
Chennai 
Click here for enlarge 
Theatre 
Maa—Mother Above All 
14 May 
GMime Studio will pay tribute to motherhood with a musical mime show, Maa—Mother Above All . K. Gopinath, popularly known as Mime Gopi, the founder of the studio, has conceptualized and directed the show. 1 hour, 40 minutes.
3-6pm. Kamraj Arangam, Anna Salai, Teynampet. Tickets, Rs. 500 and Rs. 1,000, available on www.ticketnew.com 
Around town 
Storytelling Session 
15 May 
This storytelling session for children, in French, will be conducted by Sowmya Srinivasan, one of the founding members of the Bangalore Storytelling Society. She will narrate tales from French folklore. The session is open to children aged 6 and above.
11am-noon. AFM Library, Alliance Française, College Road, Nungambakkam. 
Songs Of The Mist 
14 May 
This is a reading of author Shashi’s book, Songs Of The Mist, which traces the journeys of people from different professions and looks at the science of spirituality. The book-reading session will be interspersed with Carnatic music by Swetha Sriram (vocals), Vittal Rangan (violin) and Thanjavur Praveen Kumar (mridangam).
7-8pm. The Leela Palace, 175, Satyadev Avenue, Adyar Seaface. 
Dance 
Dasavatar 
16-30 May 
City-based danseuse Sanhita Basu Ghose will conduct a 15-day Odissi workshop, organized by the Konarak Odissi Dance Academy. The workshop will explain the origin and history of the classical dance form, as well as the basics of the dance. Those aged 10 and above can participate. No prior training in dance is necessary. 
3-6pm. Konarak Odissi Dance Academy, 24, VGP Layout, Palavakkam. Workshop fee, Rs. 4,500; registration fee, Rs. 500. For details, call 9940012947. 
By Nandini Reddy 
Hyderabad 
Dance 
Rani Rudrama &amp; Tandavam 
14 May
As part of the Hyderabad Arts Festival, Kuchipudi dancer Prateeksha Kashi will pay tribute to Rani Rudrama Devi, one of the prominent women rulers of the Kakatiya dynasty.
7-10pm. Amphitheatre, Centre for Cultural Resources and Training, Hitech City Road, Kothaguda. Passes, available on www.meraevents.com . For details, call 66335533. 
Around town 
Pt Bhimsen Joshi National Festival Of Music And Dance 
13-15 May
The 2016 edition of this festival will feature music and dance performances by artistes such as Shinjini Kulkarni (Kathak), Purbayan Chatterjee (sitar), Mahalaxmi Iyer (vocals), Shashank Subramanyam (flute), Satyajit Talwalkar (tabla), Rhythm Shaw (guitar) and Prakash Ulliyeri (keyboard). The festival is organized by non-profit Suranjali Foundation.
7-9pm. Taramati Baradari, near Golconda Fort. Tickets, Rs. 300, Rs. 600 and Rs. 1,500, available on www.meraevents.com
Unlimited Kebabs &amp; Beverages 
Till 15 May
Haldi, the Indian-speciality restaurant at the Novotel Hyderabad Airport hotel, is hosting a food festival. On the menu are a range of kebabs and breads, served with complementary beer. 
7-11pm. Novotel Hyderabad Airport, Shamshabad (6625000). Meal for one, Rs. 1,550, plus taxes. 
By Yogendra Kalavalapalli 
Bengaluru 

Film 
Undercover Asia—Witch-Hunt Diaries 
18 May
Journalist Mayurica Biswas’ investigative English documentary chronicles the lives of two women—one, a widow, lynched by her own community for being a witch, and another, a witch-hunt survivor who was banished from her village for over 10 years. 52 minutes.
6.30pm. Bangalore International Centre Auditorium, Teri Complex, 4th Main, 2nd Cross, Domlur II Stage. For details, call 9886599675. 
Theatre 
Untitled 
13-15 May
Directed by Shashank Purushotham, this English play, culled from the experiences of playwright Vijay Padaki, moves between two time frames, observing the conflicts of a family with an unwanted child. 
1 hour, 15 minutes.
4.30pm/7.30pm. Alliance Française, Thimmaiah Road, Vasanthnagar. Tickets, Rs. 300, available on in.bookmyshow.com
Click here for enlarge 
Music 
Blues Rock With Soulmate 
14 May
Shillong-based blues rock band Soulmate, led by Rudy Wallang and Tipriti Kharbangar, will perform in the city. Formed in 2003, the band is inspired by blues, blues rock, rock ‘n’ roll, funk and R&amp;B. 
9pm. BFlat Bar, 776, 100 Feet Road, Indiranagar. Tickets, Rs. 499, available at the venue and on in.bookmyshow.com 
KRUNK’S 7-Year Anniversary— ft. Lafawndah, EZ Riser and Gautham Reddy 
13 May
Globe-trotting singer Yasmine Dubois, aka Lafawndah, is inspired by traditional Middle- Eastern music. The half-Iranian, half-Egyptian artiste will be supported by Gautham Reddy and Sohail Arora, the founder of KRUNK, which does bookings for music concerts.
9pm. The Humming Tree, 949, 12th Main, Indiranagar. Tickets, Rs. 300, available at the venue. For details, call 9066021808. 
Art 
Melting Pot 
Till 21 May
The works of four women artists—Barbara Ash (UK), Katarina Rasic (Serbia), Gayatri Gamuz (Spain) and Pritam Bhatty (India)—are on display. Their work showcases the similarities and differences in their perspectives on identity, femininity and culture.
11am-8pm (Sundays closed). Sublime Galleria, UB City Mall, Vittal Mallya Road. Prices, Rs. 56,000-90,000. 
By Shivani Kagti
</post>
<signature>

</signature>
<external_links>

</external_links>
<country>US</country>
<main_image>http://www.livemint.com/rf/Image-621x414/LiveMint/Period2/2016/05/13/Photos/delhi-kjaE--621x414@LiveMint.jpg</main_image>
</document>
