<?xml version="1.0" encoding="UTF-8"?>
<document>
<type>mainstream</type>
<forum></forum>
<forum_title></forum_title>
<discussion_title>Ryan Gosling se da cuenta muy tarde que su pantalón está muy apretado</discussion_title>
<language>spanish</language>
<gmt_offset></gmt_offset>
<topic_url>http://www.primerahora.com/entretenimiento/farandula/nota/ryangoslingsedacuentamuytardequesupantalonestamuyapretado-1152856/</topic_url>
<topic_text>
Ryan Gosling se da cuenta muy tarde que su pantalón está muy apretado Por Primerahora.com 05/11/2016 |05:26 p.m. Su cara de incomodidad fue evidente. (youtube) Apareció así en el programa Jimmy Kimmel Live. 
El actor Ryan Gosling aprendió una nueva lección tras su participación en el programa de Jimmy Kimmel; prueba la ropa antes de salir en televisión. 
Resulta que el compañero de la actriz Eva Mendes fue al programa Jimmy Kimmel Live a promocionar su nueva película &quot;The Nice Guys&quot;y tan pronto se sentó al lado del animador, sintió un apretón que le marcó hasta lo que tenía en el bolsillo. 
Su cara de incomodidad fue evidente. 
&quot;Tengo que admitir algo. no me probé este traje antes de salir y me doy cuenta que está muy apretado&quot;, dijo mientras el público grita y se ríe. 
Mira cómo trata de arreglar la situación. 


</topic_text>
<spam_score>0.00</spam_score>
<post_num>1</post_num>
<post_id>post-1</post_id>
<post_url>http://www.primerahora.com/entretenimiento/farandula/nota/ryangoslingsedacuentamuytardequesupantalonestamuyapretado-1152856/</post_url>
<post_date>20160511</post_date>
<post_time></post_time>
<username></username>
<post>
Ryan Gosling se da cuenta muy tarde que su pantalón está muy apretado Por Primerahora.com 05/11/2016 |05:26 p.m. Su cara de incomodidad fue evidente. (youtube) Apareció así en el programa Jimmy Kimmel Live. 
El actor Ryan Gosling aprendió una nueva lección tras su participación en el programa de Jimmy Kimmel; prueba la ropa antes de salir en televisión. 
Resulta que el compañero de la actriz Eva Mendes fue al programa Jimmy Kimmel Live a promocionar su nueva película &quot;The Nice Guys&quot;y tan pronto se sentó al lado del animador, sintió un apretón que le marcó hasta lo que tenía en el bolsillo. 
Su cara de incomodidad fue evidente. 
&quot;Tengo que admitir algo. no me probé este traje antes de salir y me doy cuenta que está muy apretado&quot;, dijo mientras el público grita y se ríe. 
Mira cómo trata de arreglar la situación. 


</post>
<signature>

</signature>
<external_links>

</external_links>
<country>US</country>
<main_image>http://rec-eph.gfrcdn.net/images/2016/05/11/pantalon-apretado.jpg</main_image>
</document>
