<?xml version="1.0" encoding="UTF-8"?>
<document>
<type>mainstream</type>
<forum>http://pcpress.rs/feed/</forum>
<forum_title>PC Press</forum_title>
<discussion_title>Konferencija i izložba TECHNOBANK</discussion_title>
<language>serbian</language>
<gmt_offset></gmt_offset>
<topic_url>http://pcpress.rs/konferencija-i-izlozba-technobank/</topic_url>
<topic_text>
Novosti u tehnologijama plaćanja i operacija Fizička i tehnička bezbednost u bankarskom okruženju –nova rešenja Osiguravajuća društva i novi vidovi osiguranja Business Intelligence (BI) i Management Information Systems (MIS) Novi aspekti home banking i e-banking sistema Kreditni biroi Druga inovativna bankarska rešenja i primeri najbolje prakse 
CARD FORUM &amp; EXPO 2016 EMV i non-EMV kontaktni i beskontaktni platni sistemi Beskontaktni POS terminali NFC (Near Field Communications) platne tehnologije M-banking i M-payment sistemi Kartice lojaliteta, poklon kartice i kartice sa slikama CAP i DPA EMV sistemi dinamičkih lozinki CAP/DPA connected/unconnected čitači smart kartica Access Control Server 3D secure sistemi – inhouse ili outsource? Neki aspekti EMV migracije Aspekti personalizacije i proizvodnje kartica Instant issuance sistemi PCI (Payment Card Industry) bezbednosni standard E-commerce sistemi 3D Security sistem za bezbedne e-commerce sisteme Nove platne aplikacije Novi aspekti u tehnologijama POS terminala i bankomata SEPA okvir E-purse sistemi i šeme lojaliteta Prevencija pronevera i upravljanje rizikom Regionalna saradnja između banaka i drugih finansijskih institucija Specifičnosti regionalnog tržišta – pretnje i mogućnosti 
SECURITY IT Security strategy IT &amp; users – new IT devices that are not corporative, mobility, tablets – from the point of security Applying &amp; security solutions implementation Nowadays Cyber threats, evolution, challenges, protection Virtual surrounding security – differences and challenges compared to classic systems Cloud security – security in the cloud and out Consciousness about security in Serbia (Case Studies) Security from the point of view of security expert Security from the point of view of security user Security from the point of view of security hacker Solutions against identity theft 
OKRUGLI STO 
Tokom Technobank 2016 Konferencije, biće organizovan Okrugli sto sa sledećom temom – “Digitalna Banka – ključni razvojni elementi za banku budućnosti” 
IZLOŽBA 
Izložba će se održati paralelno sa glavnim sesijama Konferencije. Učesnici će imati pristup izložbenom prostoru tokom cele Konferencije. 
Za informacije o mogućnostima sponzorstva i izlaganja, molimo Vas da nas kontaktirate. 
Poseban interes je izazvao stand MUP-a koji je omogućavao zainteresovanima da na licu mesta, na osnovu lične karte sa čipom odmah bezplatno dobiju svoj kvalifikovani elektronski potpis.
</topic_text>
<spam_score>0.00</spam_score>
<post_num>1</post_num>
<post_id>post-1</post_id>
<post_url>http://pcpress.rs/konferencija-i-izlozba-technobank/</post_url>
<post_date>20160512</post_date>
<post_time>1202</post_time>
<username>Nesa</username>
<post>
Novosti u tehnologijama plaćanja i operacija Fizička i tehnička bezbednost u bankarskom okruženju –nova rešenja Osiguravajuća društva i novi vidovi osiguranja Business Intelligence (BI) i Management Information Systems (MIS) Novi aspekti home banking i e-banking sistema Kreditni biroi Druga inovativna bankarska rešenja i primeri najbolje prakse 
CARD FORUM &amp; EXPO 2016 EMV i non-EMV kontaktni i beskontaktni platni sistemi Beskontaktni POS terminali NFC (Near Field Communications) platne tehnologije M-banking i M-payment sistemi Kartice lojaliteta, poklon kartice i kartice sa slikama CAP i DPA EMV sistemi dinamičkih lozinki CAP/DPA connected/unconnected čitači smart kartica Access Control Server 3D secure sistemi – inhouse ili outsource? Neki aspekti EMV migracije Aspekti personalizacije i proizvodnje kartica Instant issuance sistemi PCI (Payment Card Industry) bezbednosni standard E-commerce sistemi 3D Security sistem za bezbedne e-commerce sisteme Nove platne aplikacije Novi aspekti u tehnologijama POS terminala i bankomata SEPA okvir E-purse sistemi i šeme lojaliteta Prevencija pronevera i upravljanje rizikom Regionalna saradnja između banaka i drugih finansijskih institucija Specifičnosti regionalnog tržišta – pretnje i mogućnosti 
SECURITY IT Security strategy IT &amp; users – new IT devices that are not corporative, mobility, tablets – from the point of security Applying &amp; security solutions implementation Nowadays Cyber threats, evolution, challenges, protection Virtual surrounding security – differences and challenges compared to classic systems Cloud security – security in the cloud and out Consciousness about security in Serbia (Case Studies) Security from the point of view of security expert Security from the point of view of security user Security from the point of view of security hacker Solutions against identity theft 
OKRUGLI STO 
Tokom Technobank 2016 Konferencije, biće organizovan Okrugli sto sa sledećom temom – “Digitalna Banka – ključni razvojni elementi za banku budućnosti” 
IZLOŽBA 
Izložba će se održati paralelno sa glavnim sesijama Konferencije. Učesnici će imati pristup izložbenom prostoru tokom cele Konferencije. 
Za informacije o mogućnostima sponzorstva i izlaganja, molimo Vas da nas kontaktirate. 
Poseban interes je izazvao stand MUP-a koji je omogućavao zainteresovanima da na licu mesta, na osnovu lične karte sa čipom odmah bezplatno dobiju svoj kvalifikovani elektronski potpis.
</post>
<signature>

</signature>
<external_links>

</external_links>
<country>RS</country>
<main_image></main_image>
</document>
