<?xml version="1.0" encoding="UTF-8"?>
<document>
<type>mainstream</type>
<forum>http://rss.nexttv.com.tw/news/realtime/rss.xml</forum>
<forum_title>壹電視-即時新聞</forum_title>
<discussion_title>英商撞死送報生 引渡住豪華房吃漢堡</discussion_title>
<language>chineset</language>
<gmt_offset></gmt_offset>
<topic_url>http://www.nexttv.com.tw/news/realtime/latest/11560785/%E8%8B%B1%E5%95%86%E6%92%9E%E6%AD%BB%E9%80%81%E5%A0%B1%E7%94%9F%20%E5%BC%95%E6%B8%A1%E4%BD%8F%E8%B1%AA%E8%8F%AF%E6%88%BF%E5%90%83%E6%BC%A2%E5%A0%A1</topic_url>
<topic_text>
【壹電視報導】英商林克穎在2010年撞死送報生後逃亡國外，遭英國警方逮捕，台灣法務部要求引渡他回國，但林克穎向英國法院表示，台灣的監獄沒人權，打官司拒絕來台服刑，現在週刊傳出台灣法務部為了要引渡他回台，祭出雙人套房，房間內還有乾濕分離的浴廁，菜單還將提供漢堡、義大利麵。 即時新聞
</topic_text>
<spam_score>0.00</spam_score>
<post_num>1</post_num>
<post_id>post-1</post_id>
<post_url>http://www.nexttv.com.tw/news/realtime/latest/11560785/%E8%8B%B1%E5%95%86%E6%92%9E%E6%AD%BB%E9%80%81%E5%A0%B1%E7%94%9F%20%E5%BC%95%E6%B8%A1%E4%BD%8F%E8%B1%AA%E8%8F%AF%E6%88%BF%E5%90%83%E6%BC%A2%E5%A0%A1</post_url>
<post_date>20160512</post_date>
<post_time>1215</post_time>
<username></username>
<post>
【壹電視報導】英商林克穎在2010年撞死送報生後逃亡國外，遭英國警方逮捕，台灣法務部要求引渡他回國，但林克穎向英國法院表示，台灣的監獄沒人權，打官司拒絕來台服刑，現在週刊傳出台灣法務部為了要引渡他回台，祭出雙人套房，房間內還有乾濕分離的浴廁，菜單還將提供漢堡、義大利麵。 即時新聞
</post>
<signature>

</signature>
<external_links>

</external_links>
<country>TW</country>
<main_image>http://s.nexttv.com.tw/upload/2016/05/11560785-392x220.jpg</main_image>
</document>
