<?xml version="1.0" encoding="UTF-8"?>
<document>
<type>mainstream</type>
<forum></forum>
<forum_title></forum_title>
<discussion_title>Alliander mag nevenactiviteiten voortzetten | ACM.nl</discussion_title>
<language>dutch</language>
<gmt_offset></gmt_offset>
<topic_url>https://www.acm.nl/nl/publicaties/publicatie/15734/Alliander-mag-nevenactiviteiten-voortzetten/</topic_url>
<topic_text>
Alliander mag nevenactiviteiten voortzetten 09-05-2016 
Alliander mag doorgaan met zijn nevenactiviteiten. RWE/Essent had ACM gevraagd hier handhavend tegen op te treden maar de huidige wet biedt daarvoor geen aanknopingspunten. Dat betekent dat Energy Exchange Enablers (EXE), HOOM en MPARE (dochters van Alliander) respectievelijk de softwaredienst voor energietransacties, advisering over energiebesparing en het platform voor energiedata mogen voortzetten. 
De nevenactiviteiten van Alliander houden volgens ACM verband met diensten die verwant zijn aan infrastructuur. Bovendien houden de activiteiten geen energieproductie, -levering of –handel in. 
Tijdens het ronde tafel gesprek in de Tweede Kamer in maart 2015 over de rol van het netbeheer heeft ACM opgemerkt dat netwerkbedrijven steeds meer nevenactiviteiten ontplooien. Volgens ACM moet ervoor worden gewaakt dat deze activiteiten door hun aard of omvang risico’s inhouden voor het netbeheer. ACM is voorstander van een duidelijke afbakening van de rol van netwerkbedrijven, om mogelijk marktverstorend gedrag te voorkomen. Dit is ook de insteek van het wetsvoorstel Voortgang Energietransitie, dat ter consultatie ligt. Daarnaast roept ACM de netwerkbedrijven op om transparant te zijn over hun activiteiten. 
</topic_text>
<spam_score>0.00</spam_score>
<post_num>1</post_num>
<post_id>post-1</post_id>
<post_url>https://www.acm.nl/nl/publicaties/publicatie/15734/Alliander-mag-nevenactiviteiten-voortzetten/</post_url>
<post_date>20160905</post_date>
<post_time></post_time>
<username></username>
<post>
Alliander mag nevenactiviteiten voortzetten 09-05-2016 
Alliander mag doorgaan met zijn nevenactiviteiten. RWE/Essent had ACM gevraagd hier handhavend tegen op te treden maar de huidige wet biedt daarvoor geen aanknopingspunten. Dat betekent dat Energy Exchange Enablers (EXE), HOOM en MPARE (dochters van Alliander) respectievelijk de softwaredienst voor energietransacties, advisering over energiebesparing en het platform voor energiedata mogen voortzetten. 
De nevenactiviteiten van Alliander houden volgens ACM verband met diensten die verwant zijn aan infrastructuur. Bovendien houden de activiteiten geen energieproductie, -levering of –handel in. 
Tijdens het ronde tafel gesprek in de Tweede Kamer in maart 2015 over de rol van het netbeheer heeft ACM opgemerkt dat netwerkbedrijven steeds meer nevenactiviteiten ontplooien. Volgens ACM moet ervoor worden gewaakt dat deze activiteiten door hun aard of omvang risico’s inhouden voor het netbeheer. ACM is voorstander van een duidelijke afbakening van de rol van netwerkbedrijven, om mogelijk marktverstorend gedrag te voorkomen. Dit is ook de insteek van het wetsvoorstel Voortgang Energietransitie, dat ter consultatie ligt. Daarnaast roept ACM de netwerkbedrijven op om transparant te zijn over hun activiteiten. 
</post>
<signature>

</signature>
<external_links>

</external_links>
<country>NL</country>
<main_image></main_image>
</document>
