<?xml version="1.0" encoding="UTF-8"?>
<document>
<type>mainstream</type>
<forum></forum>
<forum_title></forum_title>
<discussion_title>Buscan paciente mental desaparecido</discussion_title>
<language>spanish</language>
<gmt_offset></gmt_offset>
<topic_url>http://www.primerahora.com/noticias/policia-tribunales/nota/buscanpacientementaldesaparecido-1152830/</topic_url>
<topic_text>
Fue visto por última vez en Isabela. 
Las autoridades intentan localizar a un paciente mental que se encuentra desaparecido desde finales del mes pasado, informó la Policía. 
Aurelio Valentín Berríos, de 32 años, fue visto por última vez por su progenitora el 24 de abril cuando salió de su residencia en Isabela y no regresó. 
El desaparecido vestía una camisa negra, mahón azul y zapatos deportivos. Fue descrito como de tez trigueña, 5’10” de estatura, pesa unas 180 libras, tiene ojos color marrón y destellos rubios en el cabello. 
Cualquier información que ayude a localizarlo será recibida por la agente Roxanna Márquez, a través del (787) 891-3800 extensión 4205. 
</topic_text>
<spam_score>0.00</spam_score>
<post_num>1</post_num>
<post_id>post-1</post_id>
<post_url>http://www.primerahora.com/noticias/policia-tribunales/nota/buscanpacientementaldesaparecido-1152830/</post_url>
<post_date>20160511</post_date>
<post_time></post_time>
<username></username>
<post>
Fue visto por última vez en Isabela. 
Las autoridades intentan localizar a un paciente mental que se encuentra desaparecido desde finales del mes pasado, informó la Policía. 
Aurelio Valentín Berríos, de 32 años, fue visto por última vez por su progenitora el 24 de abril cuando salió de su residencia en Isabela y no regresó. 
El desaparecido vestía una camisa negra, mahón azul y zapatos deportivos. Fue descrito como de tez trigueña, 5’10” de estatura, pesa unas 180 libras, tiene ojos color marrón y destellos rubios en el cabello. 
Cualquier información que ayude a localizarlo será recibida por la agente Roxanna Márquez, a través del (787) 891-3800 extensión 4205. 
</post>
<signature>

</signature>
<external_links>

</external_links>
<country>US</country>
<main_image>http://rec-eph.gfrcdn.net/images/2016/05/11/crop_aureliovalentinberrios.jpg</main_image>
</document>
