<?xml version="1.0" encoding="UTF-8"?>
<document>
<type>mainstream</type>
<forum></forum>
<forum_title></forum_title>
<discussion_title>Dos piezas pertenecen casi con certeza a vuelo 370 de Malasia</discussion_title>
<language>spanish</language>
<gmt_offset></gmt_offset>
<topic_url>http://www.primerahora.com/noticias/mundo/nota/dospiezaspertenecencasiconcertezaavuelo370demalasia-1152936/</topic_url>
<topic_text>
Dos piezas pertenecen &quot;casi con certeza&quot; a vuelo 370 de Malasia Por Prensa Asociada 05/11/2016 |11:48 p.m. 0 En marzo, investigadores confirmaron que dos piezas que fueron localizadas en las costas de Mozambique pertenecen casi con seguridad a la aeronave. (Archivo) Un equipo de expertos, que examinó los escombros, concluyó que ambas piezas son consistentes con los paneles del Boeing 777 de Malaysia Airlines. 
Con los dos del anuncio, en total se han descubierto cinco restos de la aeronave en varios puntos en costas del océano Índico. El vuelo MH370 desapareció el 8 de marzo de 2014 mientras cubría la ruta entre Kuala Lumpur y Beijing. 
El ministro malasio de Transporte, Liow Tiong Lai, dijo que las dos nuevas piezas son una parte de la cubierta del motor, con parte de un logo de Rolls-Royce, y la parte interior del panel de cabina, que es el primer fragmento del interior de la aeronave que aparece. 
Un equipo de expertos internacionales en Australia que examinó los escombros, concluyó que ambas piezas son consistentes con los paneles del Boeing 777 de Malaysia Airlines que se habían encontrado previamente, explicó Liow. 
&quot;Como tal, el equipo confirmó que ambos restos encontrados en Sudáfrica e isla Rodrigues casi seguro pertenecen al MH370&quot;, agregó en un comunicado. 
En marzo, investigadores confirmaron que dos piezas que fueron localizadas en las costas de Mozambique pertenecen casi con seguridad a la aeronave. El año pasado, las corrientes arrastraron una parte del ala a la isla francesa de Reunión. 
Se cree que el vuelo 370 se estrelló en una parte remota en el sur del océano Índico, a unos 1,800 kilómetros (a unas 1,100 millas) de la costa occidental de Australia, pero la operación de búsqueda en la zona no han arrojado resultados hasta la fecha. Las autoridades creen que todos los restos de la aeronave que no se encuentren en el lecho marino eventualmente serán arrastrados por la corriente hacia las costas del este de África. 
</topic_text>
<spam_score>0.00</spam_score>
<post_num>1</post_num>
<post_id>post-1</post_id>
<post_url>http://www.primerahora.com/noticias/mundo/nota/dospiezaspertenecencasiconcertezaavuelo370demalasia-1152936/</post_url>
<post_date>20160511</post_date>
<post_time></post_time>
<username></username>
<post>
Dos piezas pertenecen &quot;casi con certeza&quot; a vuelo 370 de Malasia Por Prensa Asociada 05/11/2016 |11:48 p.m. 0 En marzo, investigadores confirmaron que dos piezas que fueron localizadas en las costas de Mozambique pertenecen casi con seguridad a la aeronave. (Archivo) Un equipo de expertos, que examinó los escombros, concluyó que ambas piezas son consistentes con los paneles del Boeing 777 de Malaysia Airlines. 
Con los dos del anuncio, en total se han descubierto cinco restos de la aeronave en varios puntos en costas del océano Índico. El vuelo MH370 desapareció el 8 de marzo de 2014 mientras cubría la ruta entre Kuala Lumpur y Beijing. 
El ministro malasio de Transporte, Liow Tiong Lai, dijo que las dos nuevas piezas son una parte de la cubierta del motor, con parte de un logo de Rolls-Royce, y la parte interior del panel de cabina, que es el primer fragmento del interior de la aeronave que aparece. 
Un equipo de expertos internacionales en Australia que examinó los escombros, concluyó que ambas piezas son consistentes con los paneles del Boeing 777 de Malaysia Airlines que se habían encontrado previamente, explicó Liow. 
&quot;Como tal, el equipo confirmó que ambos restos encontrados en Sudáfrica e isla Rodrigues casi seguro pertenecen al MH370&quot;, agregó en un comunicado. 
En marzo, investigadores confirmaron que dos piezas que fueron localizadas en las costas de Mozambique pertenecen casi con seguridad a la aeronave. El año pasado, las corrientes arrastraron una parte del ala a la isla francesa de Reunión. 
Se cree que el vuelo 370 se estrelló en una parte remota en el sur del océano Índico, a unos 1,800 kilómetros (a unas 1,100 millas) de la costa occidental de Australia, pero la operación de búsqueda en la zona no han arrojado resultados hasta la fecha. Las autoridades creen que todos los restos de la aeronave que no se encuentren en el lecho marino eventualmente serán arrastrados por la corriente hacia las costas del este de África. 
</post>
<signature>

</signature>
<external_links>

</external_links>
<country>US</country>
<main_image>http://rec-eph.gfrcdn.net/images/2016/05/11/malasiaavion.jpg</main_image>
</document>
