<?xml version="1.0" encoding="UTF-8"?>
<document>
<type>mainstream</type>
<forum>http://www.cbs8.com/category/48526/food-beverage</forum>
<forum_title>Food &amp;amp; Beverage - CBS News 8 - San Diego, CA News Station - KFMB Channel 8</forum_title>
<discussion_title>Carnival Vista Offers Nearly 30 Dining And Bar Venues Showcasing Diverse Flavors From Around The World</discussion_title>
<language>english</language>
<gmt_offset></gmt_offset>
<topic_url>http://www.cbs8.com/story/31958323/carnival-vista-offers-nearly-30-dining-and-bar-venues-showcasing-diverse-flavors-from-around-the-world</topic_url>
<topic_text>
 Carnival Cruise Line
Most Innovative Carnival Ship Features Everything from Ji Ji Asian Kitchen and Cucina del Capitano Italian Restaurant to Seafood Shack and Havana Bar … and an Onboard Brewery!
MIAMI , May 12, From authentic Asian delicacies and a New England–inspired seafood eatery to light bites with a Cuban flair, the new Carnival Vista offers an exciting and flavorful array of international dining choices.
Complementing the delicious fare is a wide variety of bars, lounges and watering holes including the line&apos;s first on-board brewery.
With a comprehensive selection of eateries, Carnival Vista features several exclusive outlets that are only on board the line&apos;s newest, largest, and most innovative ship, including Seafood Shack, modeled after roadside seafood stands that dot the New England coast, and expanded versions of Bonsai Sushi and Cherry on Top offering both indoor and outdoor seating.
International flavors take center stage on Carnival Vista, taking guests on a culinary journey around the world. Ji Ji Asian Kitchen offers a taste of the Orient; BlueIguana Cantina features fresh Mexican cuisine and a tortilla-making machine; Cucina del Capitano brings the flavors of Italy on board; and Fahrenheit 555 is a classic American steakhouse.
Several bars also serve a light menu that perfectly pairs with a cocktail or brew. Havana Bar offers authentic Cuban pastries, sandwiches and other bites while guests at RedFrog Pub &amp; Brewery can enjoy Caribbean -inspired pub fare like grouper fingers, Jamaican-style chicken wings and more, in addition to the three different craft beers brewed on board.
Dining venues and bars featured on Carnival Vista include:
BlueIguana Cantina – Open for breakfast and lunch, BlueIguana Cantina serves authentic tacos on fresh-made tortillas and made-to-order burritos that can be personalized by diners at an extensive salsa and toppings bar. Bonsai Sushi - Bonsai Sushi has been expanded on Carnival Vista to offer cooked-to-order items like Shrimp Tempura, Chicken Katsu, Omakase (Chef&apos;s Choice) and various noodle bowls, complementing a variety of sushi, sashimi and bento boxes. Cherry on Top - For those with a sweet tooth, Cherry on Top serves up ingredients mixed by hand and made to order. Cool concoctions include a base of ice cream and at least four toppings, from whipped cream and hot fudge to Oreo cookie pieces and pineapple chunks. Additionally, when guests order Brownie Buoy – hand-selected by kids at St. Jude Children&apos;s Research Hospital – a donation is made to the hospital. Cucina del Capitano - A celebration of Carnival Cruise Line&apos;s deep roots in Italy - all of the fleet&apos;s captains are Italian - Cucina del Capitano serves up a variety of Italian favorites family-style. Fahrenheit 555 - This classic American steakhouse offers mouth-watering steaks and other gourmet fare with impeccable service. Guy&apos;s Burger Joint - A guest favorite, Guy&apos;s features fresh-made burgers, hand-cut fries and innovative toppings created in partnership with Food Network personality Guy Fieri . Havana Bar - This popular bar specializing in mojitos and Cuba Libres has added a bar menu. From Sabor de Habana , a sampler plate, to ceviche de mariscos , ropa vieja and pan con bistec , guests can taste authentic dishes of Cuba . JavaBlue Café - Featuring coffee straight-up, or perhaps with an upgrade, JavaBlue Café serves hot and cold drinks with a fun twist. Guests also can enjoy sweet treats and comfort snacks. Ji Ji Asian Kitchen - Serving up enticing dishes in an eclectic space, Ji Ji brings not only great food, but good fortune to the table. Offering a full-service menu featuring a mix of exotic and familiar dishes designed to challenge and delight the senses, the venue offers a truly unique culinary experience. Pizzeria del Capitano - Pizzeria del Capitano offers five varieties of hand-tossed artisanal-style pizza, all available free of charge 24 hours a day. Lido Marketplace - A casual poolside eatery offering an array of international favorites, from paninis to comfort food to a New York-style deli and just about everything in between. Ocean Plaza - An indoor/outdoor café serving cappuccinos, lattes, and espressos as well as pastries and other confections. RedFrog Pub &amp; Brewery - Delicious Caribbean bites are served here, but the star is the hand-crafted beer brewed on board in the line&apos;s first onboard brewery developed in collaboration with Miami -based Concrete Beach Brewery. The Caribbean -inspired brews include the aromatic and citrusy ThirstyFrog Port Hoppin&apos; IPA, ThirstyFrog Caribbean Wheat spiced and unfiltered ale, and rich and creamy FriskyFrog Java Stout. Seafood Shack – A Carnival Vista exclusive, Seafood Shack features traditional fare like New England clam chowder, lobster rolls, crab cake sliders and fried clam strips served by the bucket, with steamed lobster, snow crab, peel-and-eat shrimp and raw oysters sold by the pound. Serenity - Salads, sandwiches, wraps and other light fare is available at the ship&apos;s exclusive adults-only retreat. Shake Spot - Shake Spot offers more than just your average shakes and floats. Guests can sip on hand-crafted classics, fruity-flavored treats and even spiked indulgences. The Chef&apos;s Table - This VIP experience starts with cocktails and hors d&apos;oeuvres for an exclusive group of 14 guests, followed by a tour to see the galley in operation. The evening concludes with an impressive full-service dinner of appetizers, entrees and desserts not found on the regular menus, all hosted by one of the ship&apos;s master chefs. The Taste Bar - Offering complimentary bite-size preview offerings inspired by popular Carnival dining venues, along with a signature cocktail tied to the day&apos;s particular theme available for purchase. American Table/American Feast – Featuring extensive menus and wine lists in the Horizons and Reflections main dining rooms with a wide range of appetizers, side dishes, entrees and desserts, as well as shareable items for the table. Carnival Vista debuted May 1 with a 13-day cruise departing from Trieste, Italy -- the first European voyage for Carnival in three years. A variety of spectacular Mediterranean itineraries will be offered with port calls throughout Italy , France , Spain and Croatia as well as several new destinations for Carnival such as Crete (Heraklion), and Corfu, Greece ; Valletta, Malta ; Palermo, Sicily ; Cagliari, Sardinia ; and Gibraltar .
On Oct. 21, 2016 , Carnival Vista embarks on a special 13-day transatlantic crossing and arrives in New York Nov. 3 , then operates a pair of 11-day voyages from the Big Apple before repositioning to Miami for year-round Caribbean departures later that month.
For additional information and reservations for Carnival Cruise Line, contact any travel agent, call 1-800-CARNIVAL or visit carnival.com . Carnival can also be found on:
Twitter: www.twitter.com/carnivalcruise
Facebook Fan Page: www.facebook.com/carnival
YouTube: www.youtube.com/carnival
Instagram: www.instagram.com/carnival
Journalists also can visit Carnival&apos;s media site, www.carnival-news.com or follow the line&apos;s PR department on Twitter at www.twitter.com/CarnivalPR .
About Carnival Cruise Line
Carnival, a unit of Carnival Corporation &amp; plc (NYSE/LSE: CCL; NYSE: CUK), is &quot;The World&apos;s Most Popular Cruise Line®&quot; with 25 ships operating three- to 16-day voyages to The Bahamas , Caribbean , Mexican Riviera, Alaska , Hawaii , Canada , New England, Bermuda , Australia , New Zealand and the Pacific Islands. The company currently has an as-yet-unnamed 133,500-ton ship under construction and scheduled to enter service in 2018.
Photo - http://photos.prnewswire.com/prnh/20160512/366943
To view the original version on PR Newswire, visit: http://www.prnewswire.com/news-releases/carnival-vista-offers-nearly-30-dining-and-bar-venues-showcasing-diverse-flavors-from-around-the-world-300267714.html
 
</topic_text>
<spam_score>0.00</spam_score>
<post_num>1</post_num>
<post_id>post-1</post_id>
<post_url>http://www.cbs8.com/story/31958323/carnival-vista-offers-nearly-30-dining-and-bar-venues-showcasing-diverse-flavors-from-around-the-world</post_url>
<post_date>20160512</post_date>
<post_time></post_time>
<username>cbs8</username>
<post>
 Carnival Cruise Line
Most Innovative Carnival Ship Features Everything from Ji Ji Asian Kitchen and Cucina del Capitano Italian Restaurant to Seafood Shack and Havana Bar … and an Onboard Brewery!
MIAMI , May 12, From authentic Asian delicacies and a New England–inspired seafood eatery to light bites with a Cuban flair, the new Carnival Vista offers an exciting and flavorful array of international dining choices.
Complementing the delicious fare is a wide variety of bars, lounges and watering holes including the line&apos;s first on-board brewery.
With a comprehensive selection of eateries, Carnival Vista features several exclusive outlets that are only on board the line&apos;s newest, largest, and most innovative ship, including Seafood Shack, modeled after roadside seafood stands that dot the New England coast, and expanded versions of Bonsai Sushi and Cherry on Top offering both indoor and outdoor seating.
International flavors take center stage on Carnival Vista, taking guests on a culinary journey around the world. Ji Ji Asian Kitchen offers a taste of the Orient; BlueIguana Cantina features fresh Mexican cuisine and a tortilla-making machine; Cucina del Capitano brings the flavors of Italy on board; and Fahrenheit 555 is a classic American steakhouse.
Several bars also serve a light menu that perfectly pairs with a cocktail or brew. Havana Bar offers authentic Cuban pastries, sandwiches and other bites while guests at RedFrog Pub &amp; Brewery can enjoy Caribbean -inspired pub fare like grouper fingers, Jamaican-style chicken wings and more, in addition to the three different craft beers brewed on board.
Dining venues and bars featured on Carnival Vista include:
BlueIguana Cantina – Open for breakfast and lunch, BlueIguana Cantina serves authentic tacos on fresh-made tortillas and made-to-order burritos that can be personalized by diners at an extensive salsa and toppings bar. Bonsai Sushi - Bonsai Sushi has been expanded on Carnival Vista to offer cooked-to-order items like Shrimp Tempura, Chicken Katsu, Omakase (Chef&apos;s Choice) and various noodle bowls, complementing a variety of sushi, sashimi and bento boxes. Cherry on Top - For those with a sweet tooth, Cherry on Top serves up ingredients mixed by hand and made to order. Cool concoctions include a base of ice cream and at least four toppings, from whipped cream and hot fudge to Oreo cookie pieces and pineapple chunks. Additionally, when guests order Brownie Buoy – hand-selected by kids at St. Jude Children&apos;s Research Hospital – a donation is made to the hospital. Cucina del Capitano - A celebration of Carnival Cruise Line&apos;s deep roots in Italy - all of the fleet&apos;s captains are Italian - Cucina del Capitano serves up a variety of Italian favorites family-style. Fahrenheit 555 - This classic American steakhouse offers mouth-watering steaks and other gourmet fare with impeccable service. Guy&apos;s Burger Joint - A guest favorite, Guy&apos;s features fresh-made burgers, hand-cut fries and innovative toppings created in partnership with Food Network personality Guy Fieri . Havana Bar - This popular bar specializing in mojitos and Cuba Libres has added a bar menu. From Sabor de Habana , a sampler plate, to ceviche de mariscos , ropa vieja and pan con bistec , guests can taste authentic dishes of Cuba . JavaBlue Café - Featuring coffee straight-up, or perhaps with an upgrade, JavaBlue Café serves hot and cold drinks with a fun twist. Guests also can enjoy sweet treats and comfort snacks. Ji Ji Asian Kitchen - Serving up enticing dishes in an eclectic space, Ji Ji brings not only great food, but good fortune to the table. Offering a full-service menu featuring a mix of exotic and familiar dishes designed to challenge and delight the senses, the venue offers a truly unique culinary experience. Pizzeria del Capitano - Pizzeria del Capitano offers five varieties of hand-tossed artisanal-style pizza, all available free of charge 24 hours a day. Lido Marketplace - A casual poolside eatery offering an array of international favorites, from paninis to comfort food to a New York-style deli and just about everything in between. Ocean Plaza - An indoor/outdoor café serving cappuccinos, lattes, and espressos as well as pastries and other confections. RedFrog Pub &amp; Brewery - Delicious Caribbean bites are served here, but the star is the hand-crafted beer brewed on board in the line&apos;s first onboard brewery developed in collaboration with Miami -based Concrete Beach Brewery. The Caribbean -inspired brews include the aromatic and citrusy ThirstyFrog Port Hoppin&apos; IPA, ThirstyFrog Caribbean Wheat spiced and unfiltered ale, and rich and creamy FriskyFrog Java Stout. Seafood Shack – A Carnival Vista exclusive, Seafood Shack features traditional fare like New England clam chowder, lobster rolls, crab cake sliders and fried clam strips served by the bucket, with steamed lobster, snow crab, peel-and-eat shrimp and raw oysters sold by the pound. Serenity - Salads, sandwiches, wraps and other light fare is available at the ship&apos;s exclusive adults-only retreat. Shake Spot - Shake Spot offers more than just your average shakes and floats. Guests can sip on hand-crafted classics, fruity-flavored treats and even spiked indulgences. The Chef&apos;s Table - This VIP experience starts with cocktails and hors d&apos;oeuvres for an exclusive group of 14 guests, followed by a tour to see the galley in operation. The evening concludes with an impressive full-service dinner of appetizers, entrees and desserts not found on the regular menus, all hosted by one of the ship&apos;s master chefs. The Taste Bar - Offering complimentary bite-size preview offerings inspired by popular Carnival dining venues, along with a signature cocktail tied to the day&apos;s particular theme available for purchase. American Table/American Feast – Featuring extensive menus and wine lists in the Horizons and Reflections main dining rooms with a wide range of appetizers, side dishes, entrees and desserts, as well as shareable items for the table. Carnival Vista debuted May 1 with a 13-day cruise departing from Trieste, Italy -- the first European voyage for Carnival in three years. A variety of spectacular Mediterranean itineraries will be offered with port calls throughout Italy , France , Spain and Croatia as well as several new destinations for Carnival such as Crete (Heraklion), and Corfu, Greece ; Valletta, Malta ; Palermo, Sicily ; Cagliari, Sardinia ; and Gibraltar .
On Oct. 21, 2016 , Carnival Vista embarks on a special 13-day transatlantic crossing and arrives in New York Nov. 3 , then operates a pair of 11-day voyages from the Big Apple before repositioning to Miami for year-round Caribbean departures later that month.
For additional information and reservations for Carnival Cruise Line, contact any travel agent, call 1-800-CARNIVAL or visit carnival.com . Carnival can also be found on:
Twitter: www.twitter.com/carnivalcruise
Facebook Fan Page: www.facebook.com/carnival
YouTube: www.youtube.com/carnival
Instagram: www.instagram.com/carnival
Journalists also can visit Carnival&apos;s media site, www.carnival-news.com or follow the line&apos;s PR department on Twitter at www.twitter.com/CarnivalPR .
About Carnival Cruise Line
Carnival, a unit of Carnival Corporation &amp; plc (NYSE/LSE: CCL; NYSE: CUK), is &quot;The World&apos;s Most Popular Cruise Line®&quot; with 25 ships operating three- to 16-day voyages to The Bahamas , Caribbean , Mexican Riviera, Alaska , Hawaii , Canada , New England, Bermuda , Australia , New Zealand and the Pacific Islands. The company currently has an as-yet-unnamed 133,500-ton ship under construction and scheduled to enter service in 2018.
Photo - http://photos.prnewswire.com/prnh/20160512/366943
To view the original version on PR Newswire, visit: http://www.prnewswire.com/news-releases/carnival-vista-offers-nearly-30-dining-and-bar-venues-showcasing-diverse-flavors-from-around-the-world-300267714.html
 
</post>
<signature>

</signature>
<external_links>
<external_link>http://www.youtube.com/carnival</external_link><external_link>http://www.instagram.com/carnival</external_link><external_link>https://photos.prnewswire.com/prnvar/20160512/366943</external_link><external_link>http://rt.prnewswire.com/rt.gif?NewsItemId=CL97322&amp;Transmission_Id=201605121129PR_NEWS_USPR_____CL97322&amp;DateId=20160512</external_link><external_link>http://www.twitter.com/CarnivalPR</external_link><external_link>http://www.twitter.com/carnivalcruise</external_link><external_link>http://carnival.com/</external_link><external_link>http://photos.prnewswire.com/prnh/20160512/366943</external_link><external_link>http://www.facebook.com/carnival</external_link><external_link>http://www.xmlnews.org/ns/</external_link><external_link>http://www.prnewswire.com/news-releases/carnival-vista-offers-nearly-30-dining-and-bar-venues-showcasing-diverse-flavors-from-around-the-world-300267714.html</external_link><external_link>http://www.carnival-news.com/</external_link>
</external_links>
<country>US</country>
<main_image></main_image>
</document>
