<?xml version="1.0" encoding="UTF-8"?>
<document>
<type>mainstream</type>
<forum>http://feeds.releasewire.com/rss/latest</forum>
<forum_title>ReleaseWire - Latest Press Releases</forum_title>
<discussion_title>Global Small Appliances Market Driven by Rising Disposable Incomes in Developing Regions</discussion_title>
<language>english</language>
<gmt_offset></gmt_offset>
<topic_url>http://www.sbwire.com/press-releases/small-appliances-market/release-688385.htm</topic_url>
<topic_text>
Global Small Appliances Market Driven by Rising Disposable Incomes in Developing Regions Transparency Market Research Added A New Report &quot;Small Appliances Market&quot; And Its Full Database. 
Albany, NY -- ( SBWIRE ) -- 05/12/2016 -- The global market for small appliances has been evaluated in a recent market research report by Transparency Market Research. The comprehensive market research document, titled &quot;Small Appliances Market - Global Industry Size, Share, Trends, Analysis, And Forecasts 2012 – 2018,&quot; gives a forward-looking perspective about key elements of the market and several other factors that are projected to have significant impact on the market&apos;s growth trajectory through the years 2012 – 2018. Browse The Market Research Report of Small Appliances Market : http://www.transparencymarketresearch.com/small-appliances-market.html The small appliance market comprises everyday use home appliances that are either completely or partially moveable and can be operated on counters, tables, or other platforms. Small appliances are fundamentally categorized into two categories: Home appliances and commercial appliances. Commercial appliances are the ones that are used in office or business settings, while home appliances are used for household purposes. The report states that the global small appliance market will expand at a favorable pace over the report&apos;s forecast period, driven primarily by factors such as the rising disposable incomes, especially of the people residing in the developing parts of the world, the consequent improvement in standards of living, and the enhanced demand for added comfort. Technological advancements in the field of electronics, the ample product options available in the market, declining prices owing to the rising competition among market vendors, and the availability of products with value-added features are also some of the most crucial factors that are driving the global small appliances market. Some of the key advantages of using small appliances include time saved in undertaking a range of tasks, reduction in manual efforts, and effective results. Get Free Sample Report Copy : http://www.transparencymarketresearch.com/sample/sample.php?flag=B&amp;rep_id=606 The report segments the global small appliance market on the basis of product type into food preparation appliances, personal care appliances, heating appliances, irons, small cooking appliances, non-cooking small kitchen appliances, and vacuum cleaners. From a geographical perspective, the global small appliances market has been examined for Asia Pacific, North America, Europe, and Rest of the World. The report gives qualitative as well as quantitative insights about the current state of the market segments in these regional markets. An overview of the technological developments introduced in the regional markets has also been included in the report. The report also presents a detailed overview of the competitive scenario of the global small appliances market, wherein details such as business profiles, SWOT analysis, Porter&apos;s five forces analysis, recent development, finance and revenue related data, and market strategies pertaining to some of the major vendors in the global small appliances market have been discussed in the report. Some of the most prominent vendors in this highly fragmented marketplace profiled in the report are Hamilton Beach Brands, Haier, LG, Electrolux, Philips, Brother Industries, Braun Company, BPL Group, Tiger Corporation, Proctor Silex, Blendtec, Meyer Corporation, Kitchen Aid, Russell Hobbs Inc., Krups, and Zojirushi Corporation. About Transparency Market Research (TMR) Transparency Market Research (TMR) is a global market intelligence company providing business information reports and services. The company&apos;s exclusive blend of quantitative forecasting and trend analysis provides forward-looking insight for thousands of decision makers. TMR&apos;s experienced team of analysts, researchers, and consultants use proprietary data sources and various tools and techniques to gather and analyze information. TMR&apos;s data repository is continuously updated and revised by a team of research experts so that it always reflects the latest trends and information. With extensive research and analysis capabilities, Transparency Market Research employs rigorous primary and secondary research techniques to develop distinctive data sets and research material for business reports. Media Relations Contact
</topic_text>
<spam_score>0.00</spam_score>
<post_num>1</post_num>
<post_id>post-1</post_id>
<post_url>http://www.sbwire.com/press-releases/small-appliances-market/release-688385.htm</post_url>
<post_date>20160512</post_date>
<post_time>1555</post_time>
<username></username>
<post>
Global Small Appliances Market Driven by Rising Disposable Incomes in Developing Regions Transparency Market Research Added A New Report &quot;Small Appliances Market&quot; And Its Full Database. 
Albany, NY -- ( SBWIRE ) -- 05/12/2016 -- The global market for small appliances has been evaluated in a recent market research report by Transparency Market Research. The comprehensive market research document, titled &quot;Small Appliances Market - Global Industry Size, Share, Trends, Analysis, And Forecasts 2012 – 2018,&quot; gives a forward-looking perspective about key elements of the market and several other factors that are projected to have significant impact on the market&apos;s growth trajectory through the years 2012 – 2018. Browse The Market Research Report of Small Appliances Market : http://www.transparencymarketresearch.com/small-appliances-market.html The small appliance market comprises everyday use home appliances that are either completely or partially moveable and can be operated on counters, tables, or other platforms. Small appliances are fundamentally categorized into two categories: Home appliances and commercial appliances. Commercial appliances are the ones that are used in office or business settings, while home appliances are used for household purposes. The report states that the global small appliance market will expand at a favorable pace over the report&apos;s forecast period, driven primarily by factors such as the rising disposable incomes, especially of the people residing in the developing parts of the world, the consequent improvement in standards of living, and the enhanced demand for added comfort. Technological advancements in the field of electronics, the ample product options available in the market, declining prices owing to the rising competition among market vendors, and the availability of products with value-added features are also some of the most crucial factors that are driving the global small appliances market. Some of the key advantages of using small appliances include time saved in undertaking a range of tasks, reduction in manual efforts, and effective results. Get Free Sample Report Copy : http://www.transparencymarketresearch.com/sample/sample.php?flag=B&amp;rep_id=606 The report segments the global small appliance market on the basis of product type into food preparation appliances, personal care appliances, heating appliances, irons, small cooking appliances, non-cooking small kitchen appliances, and vacuum cleaners. From a geographical perspective, the global small appliances market has been examined for Asia Pacific, North America, Europe, and Rest of the World. The report gives qualitative as well as quantitative insights about the current state of the market segments in these regional markets. An overview of the technological developments introduced in the regional markets has also been included in the report. The report also presents a detailed overview of the competitive scenario of the global small appliances market, wherein details such as business profiles, SWOT analysis, Porter&apos;s five forces analysis, recent development, finance and revenue related data, and market strategies pertaining to some of the major vendors in the global small appliances market have been discussed in the report. Some of the most prominent vendors in this highly fragmented marketplace profiled in the report are Hamilton Beach Brands, Haier, LG, Electrolux, Philips, Brother Industries, Braun Company, BPL Group, Tiger Corporation, Proctor Silex, Blendtec, Meyer Corporation, Kitchen Aid, Russell Hobbs Inc., Krups, and Zojirushi Corporation. About Transparency Market Research (TMR) Transparency Market Research (TMR) is a global market intelligence company providing business information reports and services. The company&apos;s exclusive blend of quantitative forecasting and trend analysis provides forward-looking insight for thousands of decision makers. TMR&apos;s experienced team of analysts, researchers, and consultants use proprietary data sources and various tools and techniques to gather and analyze information. TMR&apos;s data repository is continuously updated and revised by a team of research experts so that it always reflects the latest trends and information. With extensive research and analysis capabilities, Transparency Market Research employs rigorous primary and secondary research techniques to develop distinctive data sets and research material for business reports. Media Relations Contact
</post>
<signature>

</signature>
<external_links>

</external_links>
<country>US</country>
<main_image>http://media.releasewire.com/photos/show/?id=69214</main_image>
</document>
