<?xml version="1.0" encoding="UTF-8"?>
<document>
<type>mainstream</type>
<forum>http://feeds.releasewire.com/rss/latest</forum>
<forum_title>ReleaseWire - Latest Press Releases</forum_title>
<discussion_title>Sleeve Label Market - Global Industry Analysis, Forecast 2016 – 2024</discussion_title>
<language>english</language>
<gmt_offset></gmt_offset>
<topic_url>http://www.sbwire.com/press-releases/sleeve-label-market/release-688395.htm</topic_url>
<topic_text>
Sleeve Label Market - Global Industry Analysis, Forecast 2016 – 2024 Transparency Market Research Added A New Report &quot;Sleeve Label Market&quot; And Its Full Database. 
Albany, NY -- ( SBWIRE ) -- 05/12/2016 -- The growing number of choices available for the customers for choosing products indirectly causing manufacturers difficulty in differentiating the product with competitors. Hence packaging especially sleeve labels play prominent role in product visibility. It also helps in improving the aesthetic appearance of product. This is primarily beneficial to the manufactures who want their products to be easily recognizable and attractive. The changing consumer habits and growing inclination towards packaged goods is estimated to be the key reason for the growth of global sleeve label packaging. The wide application sector such food and beverages, pharmaceutical, cosmetics, home care and personal care products and increasing product categories within the mentioned application sector are the factors which are estimated to affect the growth of the global sleeve label market. Browse The Market Research Report of Sleeve Label Market : http://www.transparencymarketresearch.com/sleeve-label-market.html The major driver for the Global Sleeve Label Market is the growing demand for packaged food and beverages and rapidly increasing number of products in the packaged food segments. Growing inclination of consumers towards packaged foods and beverages is estimated to benefit the global sleeve label market. Another major driver for the global sleeve label market is the growing cosmetic and personal care industry. The desire for better personality and physical appearance are the major factors in the growth of the cosmetic and personal care market which is anticipated to drive the global sleeve label market. Pharmaceutical is also an important growth contributor in the global sleeve label market. The advantage such as better brand identity, improved product visual presence and superior marketing opportunity is estimated to drive the global sleeve label market. On the other hand global sleeve label market is becoming fragmented which is estimated to push the global sleeve label industry to operate under tough competition. The opportunity for the global sleeve label market lies in providing innovative solution for the manufactures. The sleeve market is estimated to have huge opportunities in producing recyclable products with low cost structure. The sleeve label market is estimated to have vast opportunity in digital sleeve labels. The global sleeve label market is segmented on the basis of type, application method, materials, end use sector and geography. On the basis of type the global sleeve label market is segmented into Shrink and stretch labels. The shrink sleeve label is estimated to lead the global sleeve label market due to its ease in application. Global sleeve label market is segmented on the basis of application method into Pressure Sensitive, Heat Transfer, In-Mold, Heat-Shrink &amp; Stretch and Glue-Applied. On the basis of material the global sleeve label market is segmented into paper, plastic and others. On the basis of end use application sector the global sleeve label market is segmented into food and beverages, Cosmetics and personal care, Home Care, Industrial goods and others. The food and beverages end use sector is estimated to be the largest contributor in terms of value and volume for the global sleeve label market. Get Free Sample Report Copy : http://www.transparencymarketresearch.com/sample/sample.php?flag=B&amp;rep_id=9290 On the basis of geography the global sleeve label market is segmented into North America, Europe, Asia Pacific (APAC), the Middle East and Africa (MEA) and Latin America. Europe is estimated to be the largest market for the global sleeve label market. Asia pacific followed by Europe is estimated to be the fastest growing market. The growing urban population and increasing per capita expenditure are estimate to be the major factors in the growth of Asia pacific sleeve label market. Followed by Asia Pacific, North America is estimated to grow in global sleeve label market. The rapidly growing economies in Middle East and Africa is also estimated to show a significant growth in the global sleeve label market. Some of the Key Players in the global sleeve label market are Avery Dennison Corporation., Accraply, Inc., TAGHLEEF INDUSTRIES GROUP, Bonset America Corporation, Eastman Chemical Company, Esko-Graphics bvba, Flint Group, CCL Industries, SleeveCo, Inc. and others. About Transparency Market Research Transparency Market Research is a global market intelligence company, providing global business information reports and services. Our exclusive blend of quantitative forecasting and trends analysis provides forward-looking insight for thousands of decision makers. Our experienced team of Analysts, Researchers, and Consultants, use proprietary data sources and various tools and techniques to gather, and analyze information. Our data repository is continuously updated and revised by a team of research experts, so that it always reflects the latest trends and information. With a broad research and analysis capability, Transparency Market Research employs rigorous primary and secondary research techniques in developing distinctive data sets and research material for business reports. Media Relations Contact
</topic_text>
<spam_score>0.00</spam_score>
<post_num>1</post_num>
<post_id>post-1</post_id>
<post_url>http://www.sbwire.com/press-releases/sleeve-label-market/release-688395.htm</post_url>
<post_date>20160512</post_date>
<post_time>1558</post_time>
<username></username>
<post>
Sleeve Label Market - Global Industry Analysis, Forecast 2016 – 2024 Transparency Market Research Added A New Report &quot;Sleeve Label Market&quot; And Its Full Database. 
Albany, NY -- ( SBWIRE ) -- 05/12/2016 -- The growing number of choices available for the customers for choosing products indirectly causing manufacturers difficulty in differentiating the product with competitors. Hence packaging especially sleeve labels play prominent role in product visibility. It also helps in improving the aesthetic appearance of product. This is primarily beneficial to the manufactures who want their products to be easily recognizable and attractive. The changing consumer habits and growing inclination towards packaged goods is estimated to be the key reason for the growth of global sleeve label packaging. The wide application sector such food and beverages, pharmaceutical, cosmetics, home care and personal care products and increasing product categories within the mentioned application sector are the factors which are estimated to affect the growth of the global sleeve label market. Browse The Market Research Report of Sleeve Label Market : http://www.transparencymarketresearch.com/sleeve-label-market.html The major driver for the Global Sleeve Label Market is the growing demand for packaged food and beverages and rapidly increasing number of products in the packaged food segments. Growing inclination of consumers towards packaged foods and beverages is estimated to benefit the global sleeve label market. Another major driver for the global sleeve label market is the growing cosmetic and personal care industry. The desire for better personality and physical appearance are the major factors in the growth of the cosmetic and personal care market which is anticipated to drive the global sleeve label market. Pharmaceutical is also an important growth contributor in the global sleeve label market. The advantage such as better brand identity, improved product visual presence and superior marketing opportunity is estimated to drive the global sleeve label market. On the other hand global sleeve label market is becoming fragmented which is estimated to push the global sleeve label industry to operate under tough competition. The opportunity for the global sleeve label market lies in providing innovative solution for the manufactures. The sleeve market is estimated to have huge opportunities in producing recyclable products with low cost structure. The sleeve label market is estimated to have vast opportunity in digital sleeve labels. The global sleeve label market is segmented on the basis of type, application method, materials, end use sector and geography. On the basis of type the global sleeve label market is segmented into Shrink and stretch labels. The shrink sleeve label is estimated to lead the global sleeve label market due to its ease in application. Global sleeve label market is segmented on the basis of application method into Pressure Sensitive, Heat Transfer, In-Mold, Heat-Shrink &amp; Stretch and Glue-Applied. On the basis of material the global sleeve label market is segmented into paper, plastic and others. On the basis of end use application sector the global sleeve label market is segmented into food and beverages, Cosmetics and personal care, Home Care, Industrial goods and others. The food and beverages end use sector is estimated to be the largest contributor in terms of value and volume for the global sleeve label market. Get Free Sample Report Copy : http://www.transparencymarketresearch.com/sample/sample.php?flag=B&amp;rep_id=9290 On the basis of geography the global sleeve label market is segmented into North America, Europe, Asia Pacific (APAC), the Middle East and Africa (MEA) and Latin America. Europe is estimated to be the largest market for the global sleeve label market. Asia pacific followed by Europe is estimated to be the fastest growing market. The growing urban population and increasing per capita expenditure are estimate to be the major factors in the growth of Asia pacific sleeve label market. Followed by Asia Pacific, North America is estimated to grow in global sleeve label market. The rapidly growing economies in Middle East and Africa is also estimated to show a significant growth in the global sleeve label market. Some of the Key Players in the global sleeve label market are Avery Dennison Corporation., Accraply, Inc., TAGHLEEF INDUSTRIES GROUP, Bonset America Corporation, Eastman Chemical Company, Esko-Graphics bvba, Flint Group, CCL Industries, SleeveCo, Inc. and others. About Transparency Market Research Transparency Market Research is a global market intelligence company, providing global business information reports and services. Our exclusive blend of quantitative forecasting and trends analysis provides forward-looking insight for thousands of decision makers. Our experienced team of Analysts, Researchers, and Consultants, use proprietary data sources and various tools and techniques to gather, and analyze information. Our data repository is continuously updated and revised by a team of research experts, so that it always reflects the latest trends and information. With a broad research and analysis capability, Transparency Market Research employs rigorous primary and secondary research techniques in developing distinctive data sets and research material for business reports. Media Relations Contact
</post>
<signature>

</signature>
<external_links>

</external_links>
<country>US</country>
<main_image>http://media.releasewire.com/photos/show/?id=69214</main_image>
</document>
