<?xml version="1.0" encoding="UTF-8"?>
<document>
<type>mainstream</type>
<forum>http://www.cbs8.com/category/307361/business-wire</forum>
<forum_title>Business Wire - CBS News 8 - San Diego, CA News Station - KFMB Channel 8</forum_title>
<discussion_title>Keysight Technologies Strengthens Its Collaborations with China</discussion_title>
<language>english</language>
<gmt_offset></gmt_offset>
<topic_url>http://www.cbs8.com/story/31957882/keysight-technologies-strengthens-its-collaborations-with-china-mobile-research-institute-on-key-5g-technologies-focused-on-channel-measurement-and</topic_url>
<topic_text>
Highlights:
Keysight is the demonstrated leader with its 5G MIMO Channel Sounding Reference Solution The continued collaboration with China Mobile is intended to provide new 5G test and measurement solutions and support for the whole 5G ecosystem Keysight will continue to drive 5G technology R&amp;D and commercialization, together with China Mobile and other industry-leading partners SANTA ROSA, Calif. --(BUSINESS WIRE) Keysight Technologies, Inc. (NYSE:KEYS) today announced new collaborations with China Mobile on key 5G technologies. This includes channel measurement and modeling and massive MIMO over-the-air (OTA) testing. China Mobile is the world’s largest mobile network operator. This work is a continuation and strengthening of the 5G collaborations with China Mobile Communications Co. Ltd. Research Institute (CMRI) that began in 2014.
As a leading electronic design and test solution company, Keysight is focused on 5G technology research and development and providing a comprehensive set of 5G design and test solutions. One of the ways this is accomplished is by collaborating closely with industrial and academic partners—the collaboration with China mobile on key 5G technologies being an important example.
“Massive MIMO technology R&amp;D and commercialization is one key focus of China Mobile Research Institute’s 5G R&amp;D team,” said Guangyi Liu, chief technology officer, Wireless Department, China Mobile Research Institute. “The joint collaboration and innovation, together with our long-time partner Keysight Technologies within the China Mobile 5G Innovation Center framework, will greatly speed-up the R&amp;D work, including massive MIMO channel measurement, modeling and OTA test. This will help accelerate massive MIMO technology maturation and drive the technology commercialization.”
Channel measurement and modeling are critical for 5G technology research and development, as well as for standardization. Keysight has the industry-leading 5G MIMO Channel Sounding Reference Solution, which addresses the wide-frequency coverage, broad bandwidth and the multi-channel challenges facing 5G channel measurement and modeling research. Based on Keysight’s advanced modeling and measurement tools, Keysight Labs has established the collaboration with CMRI on 5G channel measurement and modeling. This collaboration supports CMRI’s research on establishing the 5G channel models covering from 6GHz up to 100 GHz.
“As the long-time test and measurement solution partner for China Mobile, these on-going collaborations demonstrate Keysight’s commitment to the fifth generation of wireless,” said Jay Alexander, chief technology officer and senior vice president of Keysight Technologies. “Keysight will continue to drive 5G technology R&amp;D and commercialization together with China Mobile and other industry-leading partners well into the future.”
Massive MIMO is another important technology for 5G and 5G massive MIMO OTA test is key for 5G system design and verification. Based on Keysight’s proprietary massive MIMO antenna test and calibration technology, and CMRI’s proprietary massive MIMO antenna array, known as SmartTile, Keysight Labs and CMRI have established a deep collaboration on massive MIMO OTA test and measurement. This collaboration has already yielded some productive results, even at this early stage of collaboration.
At MWC 2016, CMCC announced the CMCC 5G Innovation Center. Keysight was among the first 11 partners supporting the new center. The 5G channel measurement and modeling, and massive MIMO OTA collaborations, represent a further strengthening of the deep collaboration between Keysight and CMCC, now under the 5G Innovation Center framework.
Keysight’s collaborative work with China Mobile on 5G research reinforces the strong commitments by Keysight in China to support industry leaders in the development of 5G technologies. Keysight will have a dedicated team in its R&amp;D center in Beijing to work directly with the CMRI teams to support the 5G Innovation Center project.
About Keysight in 5G
The development of 5G depends on up-to-date tools that let designers easily explore new signals, scenarios and topologies. Keysight’s 5G solutions are ready to enable deeper insights as development evolves with the standard. In design and test, Keysight is helping industry leaders innovate across new and existing technologies as they transform ideas into reality. Additional information about Keysight&apos;s 5G design, test and measurement solutions is available at www.keysight.com/find/5G .
About Keysight Technologies
Keysight Technologies (NYSE: KEYS) is a global electronic measurement technology and market leader helping to transform its customers’ measurement experience through innovations in wireless, modular, and software solutions. Keysight’s electronic measurement instruments, systems, software and services are used in the design, development, manufacture, installation, deployment and operation of electronic equipment. The business had revenues of $2.9 billion in fiscal year 2015. Information about Keysight is available at www.keysight.com .
Additional information about Keysight Technologies is available in the newsroom at www.keysight.com/go/news .
 //www.businesswire.com/news/home/20160512005380/en/
Keysight Technologies, Inc.
Janet Smith, +1 970-679-5397 (Americas)
janet_smith@keysight.com
Twitter: @KeysightJSmith
or
Sarah Calnan, +44 (118) 927 5101 (Europe)
sarah_calnan@keysight.com
or
Connie Wong, +852 3197-7818 (Asia)
connie-ky_wong@keysight.com
 
</topic_text>
<spam_score>0.00</spam_score>
<post_num>1</post_num>
<post_id>post-1</post_id>
<post_url>http://www.cbs8.com/story/31957882/keysight-technologies-strengthens-its-collaborations-with-china-mobile-research-institute-on-key-5g-technologies-focused-on-channel-measurement-and</post_url>
<post_date>20160512</post_date>
<post_time>1135</post_time>
<username>cbs8</username>
<post>
Highlights:
Keysight is the demonstrated leader with its 5G MIMO Channel Sounding Reference Solution The continued collaboration with China Mobile is intended to provide new 5G test and measurement solutions and support for the whole 5G ecosystem Keysight will continue to drive 5G technology R&amp;D and commercialization, together with China Mobile and other industry-leading partners SANTA ROSA, Calif. --(BUSINESS WIRE) Keysight Technologies, Inc. (NYSE:KEYS) today announced new collaborations with China Mobile on key 5G technologies. This includes channel measurement and modeling and massive MIMO over-the-air (OTA) testing. China Mobile is the world’s largest mobile network operator. This work is a continuation and strengthening of the 5G collaborations with China Mobile Communications Co. Ltd. Research Institute (CMRI) that began in 2014.
As a leading electronic design and test solution company, Keysight is focused on 5G technology research and development and providing a comprehensive set of 5G design and test solutions. One of the ways this is accomplished is by collaborating closely with industrial and academic partners—the collaboration with China mobile on key 5G technologies being an important example.
“Massive MIMO technology R&amp;D and commercialization is one key focus of China Mobile Research Institute’s 5G R&amp;D team,” said Guangyi Liu, chief technology officer, Wireless Department, China Mobile Research Institute. “The joint collaboration and innovation, together with our long-time partner Keysight Technologies within the China Mobile 5G Innovation Center framework, will greatly speed-up the R&amp;D work, including massive MIMO channel measurement, modeling and OTA test. This will help accelerate massive MIMO technology maturation and drive the technology commercialization.”
Channel measurement and modeling are critical for 5G technology research and development, as well as for standardization. Keysight has the industry-leading 5G MIMO Channel Sounding Reference Solution, which addresses the wide-frequency coverage, broad bandwidth and the multi-channel challenges facing 5G channel measurement and modeling research. Based on Keysight’s advanced modeling and measurement tools, Keysight Labs has established the collaboration with CMRI on 5G channel measurement and modeling. This collaboration supports CMRI’s research on establishing the 5G channel models covering from 6GHz up to 100 GHz.
“As the long-time test and measurement solution partner for China Mobile, these on-going collaborations demonstrate Keysight’s commitment to the fifth generation of wireless,” said Jay Alexander, chief technology officer and senior vice president of Keysight Technologies. “Keysight will continue to drive 5G technology R&amp;D and commercialization together with China Mobile and other industry-leading partners well into the future.”
Massive MIMO is another important technology for 5G and 5G massive MIMO OTA test is key for 5G system design and verification. Based on Keysight’s proprietary massive MIMO antenna test and calibration technology, and CMRI’s proprietary massive MIMO antenna array, known as SmartTile, Keysight Labs and CMRI have established a deep collaboration on massive MIMO OTA test and measurement. This collaboration has already yielded some productive results, even at this early stage of collaboration.
At MWC 2016, CMCC announced the CMCC 5G Innovation Center. Keysight was among the first 11 partners supporting the new center. The 5G channel measurement and modeling, and massive MIMO OTA collaborations, represent a further strengthening of the deep collaboration between Keysight and CMCC, now under the 5G Innovation Center framework.
Keysight’s collaborative work with China Mobile on 5G research reinforces the strong commitments by Keysight in China to support industry leaders in the development of 5G technologies. Keysight will have a dedicated team in its R&amp;D center in Beijing to work directly with the CMRI teams to support the 5G Innovation Center project.
About Keysight in 5G
The development of 5G depends on up-to-date tools that let designers easily explore new signals, scenarios and topologies. Keysight’s 5G solutions are ready to enable deeper insights as development evolves with the standard. In design and test, Keysight is helping industry leaders innovate across new and existing technologies as they transform ideas into reality. Additional information about Keysight&apos;s 5G design, test and measurement solutions is available at www.keysight.com/find/5G .
About Keysight Technologies
Keysight Technologies (NYSE: KEYS) is a global electronic measurement technology and market leader helping to transform its customers’ measurement experience through innovations in wireless, modular, and software solutions. Keysight’s electronic measurement instruments, systems, software and services are used in the design, development, manufacture, installation, deployment and operation of electronic equipment. The business had revenues of $2.9 billion in fiscal year 2015. Information about Keysight is available at www.keysight.com .
Additional information about Keysight Technologies is available in the newsroom at www.keysight.com/go/news .
 //www.businesswire.com/news/home/20160512005380/en/
Keysight Technologies, Inc.
Janet Smith, +1 970-679-5397 (Americas)
janet_smith@keysight.com
Twitter: @KeysightJSmith
or
Sarah Calnan, +44 (118) 927 5101 (Europe)
sarah_calnan@keysight.com
or
Connie Wong, +852 3197-7818 (Asia)
connie-ky_wong@keysight.com
 
</post>
<signature>

</signature>
<external_links>
<external_link>http://purl.org/rss/1.0/modules/content/</external_link><external_link>http://cts.businesswire.com/ct/CT?id=smartlink&amp;url=http%3A%2F%2Fwww.keysight.com&amp;esheet=51340941&amp;newsitemid=20160512005380&amp;lan=en-US&amp;anchor=www.keysight.com&amp;index=2&amp;md5=f1e73993df96a250ef15c66c97990bd4</external_link><external_link>http://cts.businesswire.com/ct/CT?id=smartlink&amp;url=http%3A%2F%2Ftwitter.com%2FKeysightJSmith&amp;esheet=51340941&amp;lan=en-US&amp;anchor=%40KeysightJSmith&amp;index=4&amp;md5=03a7b0874769b7362834bc9bdcd4958a</external_link><external_link>http://cts.businesswire.com/ct/CT?id=smartlink&amp;url=http%3A%2F%2Fwww.keysight.com%2Fgo%2Fnews&amp;esheet=51340941&amp;newsitemid=20160512005380&amp;lan=en-US&amp;anchor=www.keysight.com%2Fgo%2Fnews&amp;index=3&amp;md5=a9dbebc27f5c33fec84b67eaff2f3381</external_link><external_link>http://cts.businesswire.com/ct/CT?id=smartlink&amp;url=http%3A%2F%2Fwww.keysight.com%2Ffind%2F5G&amp;esheet=51340941&amp;newsitemid=20160512005380&amp;lan=en-US&amp;anchor=www.keysight.com%2Ffind%2F5G&amp;index=1&amp;md5=1f4f4f4e50abf4608efe4e729a764ecc</external_link><external_link>http://cts.businesswire.com/ct/CT?id=bwnews&amp;sty=20160512005380r1&amp;sid=56987&amp;distro=ftp</external_link><external_link>http://www.businesswire.com/news/home/20160512005380/en/</external_link>
</external_links>
<country>US</country>
<main_image>http://businesswire.images.worldnow.com/images/10540887_G.jpg</main_image>
</document>
