<?xml version="1.0" encoding="UTF-8"?>
<document>
<type>mainstream</type>
<forum>http://chelyabinsk.bezformata.ru/rss.xml</forum>
<forum_title>Новости города БезФормата.Ru Челябинская область Челябинск</forum_title>
<discussion_title>Двух туристов, заблудившихся на Зюраткуле, эвакуировали на вертолете</discussion_title>
<language>russian</language>
<gmt_offset></gmt_offset>
<topic_url>http://chelyabinsk.bezformata.ru/listnews/turistov-zabludivshihsya-na-zyuratkule/46772412/</topic_url>
<topic_text>
RSS О проекте Задать вопрос Двух туристов, заблудившихся на Зюраткуле, эвакуировали на вертолете 
Спасатели и врачи эвакуировали двух туристов, заблудившихся в районе горы Большой Нургуш в нацпарке « Зюраткуль ». Один из них находится в тяжелом состоянии в связи с обострением хронического заболевания, сообщили в пресс-службе минздрава. 
Туристы искали дорогу в течение нескольких часов. У одного из них, мужчины 1988 года рождения, резко ухудшилось самочувствие из-за диабета. Заблудившимся удалось выйти на связь и сообщить о своем бедственном положении в Единую дежурно-диспетчерскую службу, рассказали « МК-Урал » в управлении МЧС. Для поисков туристов была сформирована поисково-спасательная группа. Около 13 часов 30 минут их нашли сотрудники национального парка. К тому моменту молодой мужчина уже не мог самостоятельно передвигаться. Было принято решение вызвать для его эвакуации вертолет. 
В областном минздраве напоминают, что, отправляясь в поход, нужно правильно оценивать свои силы и состояние здоровья. Особенно осторожными надо быть людям с хроническими заболеваниями.
</topic_text>
<spam_score>0.00</spam_score>
<post_num>1</post_num>
<post_id>post-1</post_id>
<post_url>http://chelyabinsk.bezformata.ru/listnews/turistov-zabludivshihsya-na-zyuratkule/46772412/</post_url>
<post_date>20160512</post_date>
<post_time>1458</post_time>
<username></username>
<post>
RSS О проекте Задать вопрос Двух туристов, заблудившихся на Зюраткуле, эвакуировали на вертолете 
Спасатели и врачи эвакуировали двух туристов, заблудившихся в районе горы Большой Нургуш в нацпарке « Зюраткуль ». Один из них находится в тяжелом состоянии в связи с обострением хронического заболевания, сообщили в пресс-службе минздрава. 
Туристы искали дорогу в течение нескольких часов. У одного из них, мужчины 1988 года рождения, резко ухудшилось самочувствие из-за диабета. Заблудившимся удалось выйти на связь и сообщить о своем бедственном положении в Единую дежурно-диспетчерскую службу, рассказали « МК-Урал » в управлении МЧС. Для поисков туристов была сформирована поисково-спасательная группа. Около 13 часов 30 минут их нашли сотрудники национального парка. К тому моменту молодой мужчина уже не мог самостоятельно передвигаться. Было принято решение вызвать для его эвакуации вертолет. 
В областном минздраве напоминают, что, отправляясь в поход, нужно правильно оценивать свои силы и состояние здоровья. Особенно осторожными надо быть людям с хроническими заболеваниями.
</post>
<signature>

</signature>
<external_links>

</external_links>
<country>RU</country>
<main_image></main_image>
</document>
