<?xml version="1.0" encoding="UTF-8"?>
<document>
<type>mainstream</type>
<forum>http://www.wfsb.com/category/162901/ap-news-center?clienttype=rss</forum>
<forum_title>WFSB - U.S. &amp; World - Top Story</forum_title>
<discussion_title>The Latest: Rousseff compares impeachment to torture</discussion_title>
<language>english</language>
<gmt_offset></gmt_offset>
<topic_url>http://www.wfsb.com/story/31954491/the-latest-rousseff-compares-impeachment-to-torture</topic_url>
<topic_text>
The Latest: Rousseff compares impeachment to torture - WFSB 3 Connecticut Member Center: The Latest: Rousseff compares impeachment to torture Posted: Updated: (AP Photo/Felipe Dana). An anti-government demonstrator shows off her Brazilian flag motif face paint outside Congress in Brasilia, Brazil, Wednesday, May 11, 2016. Brazil&apos;s Senate is nearing a historic vote on impeaching President Dilma Rousseff, like... (AP Photo/Felipe Dana). Pro-government demonstrators shout during clashes with the police outside Congress, in Brasilia, Brazil, Wednesday, May 11, 2016. Brazil&apos;s Senate is nearing a historic vote on impeaching President Dilma Rousseff, likely ending 1... (AP Photo/Eraldo Peres). Brazil&apos;s Senate during the debate session that&apos;s expected to culminate in a vote on whether to impeach President Dilma Rousseff, in Brasilia, Brazil, Wednesday, May 11, 2016. If a simple majority of the 81 senators vote in favo... (AP Photo/Felipe Dana). Pro-government demonstrators run from a cloud of pepper spray during clashes with the police outside Congress, in Brasilia, Brazil, Wednesday, May 11, 2016. Brazil&apos;s Senate is nearing a historic vote on impeaching President Dilm... (AP Photo/Felipe Dana). A pro-government supporter is frisked after clashing with the police when he attempted to advance towards the Congress building, in Brasilia, Brazil, Wednesday, May 11, 2016. Brazil&apos;s Senate is nearing a historic vote on impeach... 
BRASILIA, Brazil (AP) - The Latest on the debate on impeachment of Brazilian president Dilma Rousseff (all times local): 
11:45 a.m. 
Brazil&apos;s suspended President Dilma Rousseff is comparing the pain of being impeached to the torture she suffered under the country&apos;s past military dictatorship. 
She says at a news conference that &quot;it&apos;s the most brutal of things that can happen to a human being - to be condemned for a crime you didn&apos;t commit.&quot; 
In her words, &quot;I may have committed errors but I never committed crimes.&quot; 
___ 
11:30 a.m. 
Brazilian President Dilma Rousseff remains defiant in the face of impeachment, saying &quot;Never will I stop fighting.&quot; 
She&apos;s appeared publicly for the first time since the Senate voted to impeach and suspend her, calling the process &quot;fraudulent&quot; and &quot;a coup.&quot; 
She says it&apos;s been cooked up by opponents eager to snatch the power and roll back social programs. 
___ 
9:20 a.m. 
Just hours after the Senate vote that suspended Brazilian President Dilma Rousseff, her entire Cabinet was dismissed. 
The G1 internet portal of the Globo television network says notice of the dismissal of the 27 ministers has appeared in Thursday&apos;s edition of the government gazette. 
Those sacked include former President Luiz Inacio Lula da Silva, Rousseff&apos;s predecessor and mentor, whom she named as her chief of staff in March. 
The dismissals appear to open the way for Rousseff&apos;s Vice President Michel Temer to swear in his own Cabinet as early as Thursday. 
Temer has suggested he&apos;ll slash the number of Cabinet posts to 22. 
___ 
9 a.m. 
The International Olympic Committee says it is looking forward to working with the new Brazilian government ahead of the Olympics in Rio de Janeiro following the impeachment of President Dilma Rousseff. 
IOC President Thomas Bach says &quot;there is strong support for the Olympic Games in Brazil and we look forward to working with the new government to deliver successful Games in Rio this summer.&quot; 
Bach says preparations for the Aug. 5-21 games &quot;have now entered into a very operational phase and issues such as these have much less influence than at other stages of organizing the Olympic Games.&quot; 
He adds: &quot;We have seen the great progress being made in Rio de Janeiro and we remain confident about the success of the Olympic Games in August.&quot; 
___ 
8:15 a.m. 
Senate President Renan Calheiros says that President Dilma Rousseff will remain in the presidential residence despite being impeached and suspended by the Senate. Now that lawmakers have voted to impeach Rousseff, the chamber has up to 180 days to conduct a trial and then vote whether to remove her permanently. 
Calheiros says that in the meantime Rousseff will have security guards, health care, and the right to air and ground travel, as well as staff for her personal office. He also says she&apos;ll receive a salary, though he didn&apos;t specify what it would be. 
___ 
7:15 a.m. 
Sen. Romero Juca says the 55-22 vote to impeach Brazilian President Dilma Rousseff suggests it would be very difficult for her to win her mandate back during the impeachment trial. 
Juca is from the opposition Democratic Movement Party, the main motor behind the impeachment. 
Vice President Michel Temer will now take over while the Senate conducts a trial within the next 180 days. 
Juca says: &quot;It was a painful process, a process that has changed Brazil - but it is necessary to change Brazil. People today are having difficulties. Thousands of people are losing their jobs every day, companies are closing. Life is getting worse. It&apos;s not possible to continue the way things are.&quot; 
Sen. Humberto Costa, the Workers&apos; Party leader in the Senate, acknowledged the government&apos;s defeat and pledged to be a &quot;strong and hard&quot; opposition to the new Temer government. 
___ 
Brazil&apos;s Senate has voted 55-22 to impeach the South American giant&apos;s first woman president. 
President Dilma Rousseff is accused of using accounting tricks to hide large budget deficits. 
Rousseff will be suspended and replaced for up to six months by Vice President Michel Temer pending a trial in the Senate. The trial will determine whether Rousseff can serve out her second term, or whether her ally-turned-enemy, Temer, will remain in the top job through the December 2018 end of the term. 
The result represents a victory for the pro-impeachment camp. It was significantly higher than the simple majority of 41 votes needed to suspend her. It sends a signal that Rousseff faces an uphill battle to return to power. 
Thursday&apos;s vote capped a marathon session in the Senate that lasted more than 20 hours. 
1:00 a.m. 
A rancorous Senate debate on the fate of President Dilma Rousseff has dragged into a new day Thursday, with her critics arguing that she caused deep damage to Latin America&apos;s largest nation while supporters are calling the effort to impeach her a coup d&apos;etat. 
The Senate&apos;s march toward a historic vote on impeaching Rousseff began Wednesday morning. The debate droned on through the day and into the wee hours of Thursday, with the vote possibly coming sometime around dawn. 
Senate President Renan Calheiros said at one point: &quot;I&apos;m asking for everybody&apos;s patience because we need to see this through to the end.&quot;  
</topic_text>
<spam_score>0.00</spam_score>
<post_num>1</post_num>
<post_id>post-1</post_id>
<post_url>http://www.wfsb.com/story/31954491/the-latest-rousseff-compares-impeachment-to-torture</post_url>
<post_date>20160512</post_date>
<post_time>1513</post_time>
<username></username>
<post>
The Latest: Rousseff compares impeachment to torture - WFSB 3 Connecticut Member Center: The Latest: Rousseff compares impeachment to torture Posted: Updated: (AP Photo/Felipe Dana). An anti-government demonstrator shows off her Brazilian flag motif face paint outside Congress in Brasilia, Brazil, Wednesday, May 11, 2016. Brazil&apos;s Senate is nearing a historic vote on impeaching President Dilma Rousseff, like... (AP Photo/Felipe Dana). Pro-government demonstrators shout during clashes with the police outside Congress, in Brasilia, Brazil, Wednesday, May 11, 2016. Brazil&apos;s Senate is nearing a historic vote on impeaching President Dilma Rousseff, likely ending 1... (AP Photo/Eraldo Peres). Brazil&apos;s Senate during the debate session that&apos;s expected to culminate in a vote on whether to impeach President Dilma Rousseff, in Brasilia, Brazil, Wednesday, May 11, 2016. If a simple majority of the 81 senators vote in favo... (AP Photo/Felipe Dana). Pro-government demonstrators run from a cloud of pepper spray during clashes with the police outside Congress, in Brasilia, Brazil, Wednesday, May 11, 2016. Brazil&apos;s Senate is nearing a historic vote on impeaching President Dilm... (AP Photo/Felipe Dana). A pro-government supporter is frisked after clashing with the police when he attempted to advance towards the Congress building, in Brasilia, Brazil, Wednesday, May 11, 2016. Brazil&apos;s Senate is nearing a historic vote on impeach... 
BRASILIA, Brazil (AP) - The Latest on the debate on impeachment of Brazilian president Dilma Rousseff (all times local): 
11:45 a.m. 
Brazil&apos;s suspended President Dilma Rousseff is comparing the pain of being impeached to the torture she suffered under the country&apos;s past military dictatorship. 
She says at a news conference that &quot;it&apos;s the most brutal of things that can happen to a human being - to be condemned for a crime you didn&apos;t commit.&quot; 
In her words, &quot;I may have committed errors but I never committed crimes.&quot; 
___ 
11:30 a.m. 
Brazilian President Dilma Rousseff remains defiant in the face of impeachment, saying &quot;Never will I stop fighting.&quot; 
She&apos;s appeared publicly for the first time since the Senate voted to impeach and suspend her, calling the process &quot;fraudulent&quot; and &quot;a coup.&quot; 
She says it&apos;s been cooked up by opponents eager to snatch the power and roll back social programs. 
___ 
9:20 a.m. 
Just hours after the Senate vote that suspended Brazilian President Dilma Rousseff, her entire Cabinet was dismissed. 
The G1 internet portal of the Globo television network says notice of the dismissal of the 27 ministers has appeared in Thursday&apos;s edition of the government gazette. 
Those sacked include former President Luiz Inacio Lula da Silva, Rousseff&apos;s predecessor and mentor, whom she named as her chief of staff in March. 
The dismissals appear to open the way for Rousseff&apos;s Vice President Michel Temer to swear in his own Cabinet as early as Thursday. 
Temer has suggested he&apos;ll slash the number of Cabinet posts to 22. 
___ 
9 a.m. 
The International Olympic Committee says it is looking forward to working with the new Brazilian government ahead of the Olympics in Rio de Janeiro following the impeachment of President Dilma Rousseff. 
IOC President Thomas Bach says &quot;there is strong support for the Olympic Games in Brazil and we look forward to working with the new government to deliver successful Games in Rio this summer.&quot; 
Bach says preparations for the Aug. 5-21 games &quot;have now entered into a very operational phase and issues such as these have much less influence than at other stages of organizing the Olympic Games.&quot; 
He adds: &quot;We have seen the great progress being made in Rio de Janeiro and we remain confident about the success of the Olympic Games in August.&quot; 
___ 
8:15 a.m. 
Senate President Renan Calheiros says that President Dilma Rousseff will remain in the presidential residence despite being impeached and suspended by the Senate. Now that lawmakers have voted to impeach Rousseff, the chamber has up to 180 days to conduct a trial and then vote whether to remove her permanently. 
Calheiros says that in the meantime Rousseff will have security guards, health care, and the right to air and ground travel, as well as staff for her personal office. He also says she&apos;ll receive a salary, though he didn&apos;t specify what it would be. 
___ 
7:15 a.m. 
Sen. Romero Juca says the 55-22 vote to impeach Brazilian President Dilma Rousseff suggests it would be very difficult for her to win her mandate back during the impeachment trial. 
Juca is from the opposition Democratic Movement Party, the main motor behind the impeachment. 
Vice President Michel Temer will now take over while the Senate conducts a trial within the next 180 days. 
Juca says: &quot;It was a painful process, a process that has changed Brazil - but it is necessary to change Brazil. People today are having difficulties. Thousands of people are losing their jobs every day, companies are closing. Life is getting worse. It&apos;s not possible to continue the way things are.&quot; 
Sen. Humberto Costa, the Workers&apos; Party leader in the Senate, acknowledged the government&apos;s defeat and pledged to be a &quot;strong and hard&quot; opposition to the new Temer government. 
___ 
Brazil&apos;s Senate has voted 55-22 to impeach the South American giant&apos;s first woman president. 
President Dilma Rousseff is accused of using accounting tricks to hide large budget deficits. 
Rousseff will be suspended and replaced for up to six months by Vice President Michel Temer pending a trial in the Senate. The trial will determine whether Rousseff can serve out her second term, or whether her ally-turned-enemy, Temer, will remain in the top job through the December 2018 end of the term. 
The result represents a victory for the pro-impeachment camp. It was significantly higher than the simple majority of 41 votes needed to suspend her. It sends a signal that Rousseff faces an uphill battle to return to power. 
Thursday&apos;s vote capped a marathon session in the Senate that lasted more than 20 hours. 
1:00 a.m. 
A rancorous Senate debate on the fate of President Dilma Rousseff has dragged into a new day Thursday, with her critics arguing that she caused deep damage to Latin America&apos;s largest nation while supporters are calling the effort to impeach her a coup d&apos;etat. 
The Senate&apos;s march toward a historic vote on impeaching Rousseff began Wednesday morning. The debate droned on through the day and into the wee hours of Thursday, with the vote possibly coming sometime around dawn. 
Senate President Renan Calheiros said at one point: &quot;I&apos;m asking for everybody&apos;s patience because we need to see this through to the end.&quot;  
</post>
<signature>

</signature>
<external_links>

</external_links>
<country>US</country>
<main_image>http://images.worldnow.com/AP/images/10538686_G.jpg</main_image>
</document>
