<?xml version="1.0" encoding="UTF-8"?>
<document>
<type>mainstream</type>
<forum></forum>
<forum_title></forum_title>
<discussion_title>Blackfeet Tribe Wants to Intervene in Oil Exploration Case - Flathead Beacon</discussion_title>
<language>english</language>
<gmt_offset></gmt_offset>
<topic_url>http://flatheadbeacon.com/2016/05/12/blackfeet-tribe-wants-intervene-oil-exploration-case/</topic_url>
<topic_text>
Blackfeet Tribe Wants to Intervene in Oil Exploration Case Tribes wants seat at table in discussion about future of Badger-Two Medicine By ASSOCIATED PRESS // Badger Two-Medicine Hearing Draws Overwhelming Support 
MISSOULA — The Blackfeet Tribe wants to intervene in a Louisiana oil company’s appeal of the cancellation of its federal leases to drill for oil and gas along the Rocky Mountain Front. 
Several other groups also are seeking intervener status in the case between Solenex LLC and the U.S. Department of Interior. Solenex is appealing an Interior Department decision to cancel Solenex’s drilling leases on public land just south of the Blackfeet Indian Reservation, on land sacred to the tribe. 
Earthjustice attorney Tim Preso tells the Missoulian that Solenex is arguing the leases were improperly suspended in March, but the tribe and conservation groups argue they were improperly granted in the 1980s. Show Comments 
</topic_text>
<spam_score>0.00</spam_score>
<post_num>1</post_num>
<post_id>post-1</post_id>
<post_url>http://flatheadbeacon.com/2016/05/12/blackfeet-tribe-wants-intervene-oil-exploration-case/</post_url>
<post_date>20160512</post_date>
<post_time></post_time>
<username>Associated Press</username>
<post>
Blackfeet Tribe Wants to Intervene in Oil Exploration Case Tribes wants seat at table in discussion about future of Badger-Two Medicine By ASSOCIATED PRESS // Badger Two-Medicine Hearing Draws Overwhelming Support 
MISSOULA — The Blackfeet Tribe wants to intervene in a Louisiana oil company’s appeal of the cancellation of its federal leases to drill for oil and gas along the Rocky Mountain Front. 
Several other groups also are seeking intervener status in the case between Solenex LLC and the U.S. Department of Interior. Solenex is appealing an Interior Department decision to cancel Solenex’s drilling leases on public land just south of the Blackfeet Indian Reservation, on land sacred to the tribe. 
Earthjustice attorney Tim Preso tells the Missoulian that Solenex is arguing the leases were improperly suspended in March, but the tribe and conservation groups argue they were improperly granted in the 1980s. Show Comments 
</post>
<signature>

</signature>
<external_links>

</external_links>
<country>US</country>
<main_image>http://flatheadbeacon.com/wp-content/uploads/2015/11/20150507_BLACKFEET_415.jpg</main_image>
</document>
