<?xml version="1.0" encoding="UTF-8"?>
<document>
<type>mainstream</type>
<forum></forum>
<forum_title></forum_title>
<discussion_title>Joven alega discrimen por ser autista</discussion_title>
<language>spanish</language>
<gmt_offset></gmt_offset>
<topic_url>http://www.primerahora.com/noticias/puerto-rico/nota/jovenalegadiscrimenporserautista-1152911/</topic_url>
<topic_text>
Por Bárbara J. Figueroa Rosa / [email 
Carolina. Hace seis años Solsirette Santiago García, una joven con retardo leve y rasgos de autismo que lleva una vida funcional, sacó su licencia de conducir como parte de la preparación que durante años ha recibido para iniciar una vida independiente. 
Desde entonces, su vida transcurría con normalidad-dentro de sus limitaciones- y había avanzado a pasos agigantados en sus objetivos pues logró obtener un trabajo estable en la empresa Caribbean Cinemas, donde labora hace cinco años en el área de mantenimiento. 
En términos personales, Solsirette -quien tiene 27 años y posee un certificado de curso vocacional en procesamiento de información- se describió como una chica feliz a la que le gustaba salir en su auto a pasear con su familia e ir al cine a ver películas de comedia. 
En cambio, su ánimo se vino abajo desde el pasado mes de diciembre cuando le negaron renovar su licencia de conducir en las oficinas de la Directoría de Servicios al Conductor (DISCO), en Carolina, hasta que no llevara una evaluación detallada de su condición por un psiquiatra o genetista. 
Aparte de ese requerimiento, no hubo otra explicación, según alegan la joven y su madre Evelyn García, a quien se le indicó que la decisión final del caso la tomaría la Junta Médica del DISCO. 
Alega discrimen por ser autista 
Solsirette Santiago García dice que el DTOP le negó la renovación de su licencia de conducir, aún cuando ha sido conductora responsable 
“Ellos dicen que la licencia tiene un stop por yo ser autista... y eso es discriminación”, destacó la joven sin poder evitar las lágrimas al tiempo que añadió que como conductora nunca ha recibido un boleto de tránsito y tampoco ha sido involucrada en algún accidente de autos. 
El desconcierto de Solsirette es evidente. Está triste. Su mamá, Evelyn, también luce en desasosiego “pues a estas alturas no me esperaba este golpe del Gobierno”. 
“Mi hija es funcional porque como madre me he preocupado durante 27 años por sus derechos, por su desarrollo y para que se pueda defender en el momento que yo falte. Además, no quiero que sea una carga para el Gobierno. Por eso trabaja y rinde planillas de contribución sobre ingresos y aporta al bienestar del País”, destacó la progenitora quien también fue vencida por el llanto. 
Como parte de su esfuerzo para resolver el asunto, la mamá de Solsirette pidió una reconsideración al Departamento de Transportación y Obras Públicas (DTOP) agencia que cobija al DISCO. 
También recurrió por auxilio a la Oficina del Procurador del Ciudadano y a la Oficina del Procurador de las personas con Impedimentos (OPPI). 
Precisamente, en OPPI la citaron el pasado mes de marzo para participar junto a personal del DTOP de una reunión cuyo fin era “resolver la controversia”, según constató Primera Hora en una misiva entregada a la parte afectada. 
En cambio, los portavoces de DTOP nunca llegaron por lo que se prosiguió a poner en agenda para el 20 de mayo una vista administrativa, según explicó a este diario Daniela Martínez, secretaria del procurador, Iván Díaz Carrasquillo. La oficial intercesora por parte de OPPI es Noraima Guerrero. 
“Ya yo estoy tan desesperada y viendo a mi hija sufrir que he decidido recurrir a una abogada para que me ayude porque realmente estoy bien frustrada”, dijo Evelyn quien cuenta con el apoyo de la directora y portavoz de la Alianza de Autismo de Puerto Rico (AAPR), Joyce M. Dávila. 
Así las cosas contrató los servicios de la licenciada Lizannette Morales, quien se dispone a enviar una carta de notificación a DTOP informando el interés que tienen Solsirette y su familia de demandar a la agencia por discrimen y daños. 
“Obviamente, no queríamos llegar a esto. Nuestro interés en todo momento ha sido que se resuelva el caso y que le otorguen la licencia a Solsirette. Pero, claramente, aquí hay un discrimen por su condición, obviando que hay una violación a sus derechos ”, dijo citando varios estatutos. 
Entre ellos la Carta de Derechos de las Personas con Impedimentos y la Ley 220 de 2012 que insta a promover y prestar servicios a las personas con autismo con el propósito de garantizar su derecho a tener una vida independiente y desarrollar sus capacidades al máximo. 
La versión del DTOP 
Mientras, a solicitud de Primera Hora, Gerónimo Vázquez, director ejecutivo de DISCO, reaccionó a las alegaciones de discrimen indicando que la Junta Médica evaluó el caso la noche del 10 de mayo y tras analizar el expediente de Solsirette se recomendó pedir a la joven varios documentos que serán determinantes en la decisión final. 
“Debido a la confidencialidad de la información de los documentos solicitados estoy imposibilitado de divulgar los mismos”, expresó Vázquez por escrito al agregar que mientras tanto “la solicitud de renovación queda en espera”. 
</topic_text>
<spam_score>0.00</spam_score>
<post_num>1</post_num>
<post_id>post-1</post_id>
<post_url>http://www.primerahora.com/noticias/puerto-rico/nota/jovenalegadiscrimenporserautista-1152911/</post_url>
<post_date>20160511</post_date>
<post_time></post_time>
<username></username>
<post>
Por Bárbara J. Figueroa Rosa / [email 
Carolina. Hace seis años Solsirette Santiago García, una joven con retardo leve y rasgos de autismo que lleva una vida funcional, sacó su licencia de conducir como parte de la preparación que durante años ha recibido para iniciar una vida independiente. 
Desde entonces, su vida transcurría con normalidad-dentro de sus limitaciones- y había avanzado a pasos agigantados en sus objetivos pues logró obtener un trabajo estable en la empresa Caribbean Cinemas, donde labora hace cinco años en el área de mantenimiento. 
En términos personales, Solsirette -quien tiene 27 años y posee un certificado de curso vocacional en procesamiento de información- se describió como una chica feliz a la que le gustaba salir en su auto a pasear con su familia e ir al cine a ver películas de comedia. 
En cambio, su ánimo se vino abajo desde el pasado mes de diciembre cuando le negaron renovar su licencia de conducir en las oficinas de la Directoría de Servicios al Conductor (DISCO), en Carolina, hasta que no llevara una evaluación detallada de su condición por un psiquiatra o genetista. 
Aparte de ese requerimiento, no hubo otra explicación, según alegan la joven y su madre Evelyn García, a quien se le indicó que la decisión final del caso la tomaría la Junta Médica del DISCO. 
Alega discrimen por ser autista 
Solsirette Santiago García dice que el DTOP le negó la renovación de su licencia de conducir, aún cuando ha sido conductora responsable 
“Ellos dicen que la licencia tiene un stop por yo ser autista... y eso es discriminación”, destacó la joven sin poder evitar las lágrimas al tiempo que añadió que como conductora nunca ha recibido un boleto de tránsito y tampoco ha sido involucrada en algún accidente de autos. 
El desconcierto de Solsirette es evidente. Está triste. Su mamá, Evelyn, también luce en desasosiego “pues a estas alturas no me esperaba este golpe del Gobierno”. 
“Mi hija es funcional porque como madre me he preocupado durante 27 años por sus derechos, por su desarrollo y para que se pueda defender en el momento que yo falte. Además, no quiero que sea una carga para el Gobierno. Por eso trabaja y rinde planillas de contribución sobre ingresos y aporta al bienestar del País”, destacó la progenitora quien también fue vencida por el llanto. 
Como parte de su esfuerzo para resolver el asunto, la mamá de Solsirette pidió una reconsideración al Departamento de Transportación y Obras Públicas (DTOP) agencia que cobija al DISCO. 
También recurrió por auxilio a la Oficina del Procurador del Ciudadano y a la Oficina del Procurador de las personas con Impedimentos (OPPI). 
Precisamente, en OPPI la citaron el pasado mes de marzo para participar junto a personal del DTOP de una reunión cuyo fin era “resolver la controversia”, según constató Primera Hora en una misiva entregada a la parte afectada. 
En cambio, los portavoces de DTOP nunca llegaron por lo que se prosiguió a poner en agenda para el 20 de mayo una vista administrativa, según explicó a este diario Daniela Martínez, secretaria del procurador, Iván Díaz Carrasquillo. La oficial intercesora por parte de OPPI es Noraima Guerrero. 
“Ya yo estoy tan desesperada y viendo a mi hija sufrir que he decidido recurrir a una abogada para que me ayude porque realmente estoy bien frustrada”, dijo Evelyn quien cuenta con el apoyo de la directora y portavoz de la Alianza de Autismo de Puerto Rico (AAPR), Joyce M. Dávila. 
Así las cosas contrató los servicios de la licenciada Lizannette Morales, quien se dispone a enviar una carta de notificación a DTOP informando el interés que tienen Solsirette y su familia de demandar a la agencia por discrimen y daños. 
“Obviamente, no queríamos llegar a esto. Nuestro interés en todo momento ha sido que se resuelva el caso y que le otorguen la licencia a Solsirette. Pero, claramente, aquí hay un discrimen por su condición, obviando que hay una violación a sus derechos ”, dijo citando varios estatutos. 
Entre ellos la Carta de Derechos de las Personas con Impedimentos y la Ley 220 de 2012 que insta a promover y prestar servicios a las personas con autismo con el propósito de garantizar su derecho a tener una vida independiente y desarrollar sus capacidades al máximo. 
La versión del DTOP 
Mientras, a solicitud de Primera Hora, Gerónimo Vázquez, director ejecutivo de DISCO, reaccionó a las alegaciones de discrimen indicando que la Junta Médica evaluó el caso la noche del 10 de mayo y tras analizar el expediente de Solsirette se recomendó pedir a la joven varios documentos que serán determinantes en la decisión final. 
“Debido a la confidencialidad de la información de los documentos solicitados estoy imposibilitado de divulgar los mismos”, expresó Vázquez por escrito al agregar que mientras tanto “la solicitud de renovación queda en espera”. 
</post>
<signature>

</signature>
<external_links>

</external_links>
<country>US</country>
<main_image>http://rec-eph.gfrcdn.net/images/2016/05/11/solsirette.jpg</main_image>
</document>
