<?xml version="1.0" encoding="UTF-8"?>
<document>
<type>mainstream</type>
<forum>http://www.postandcourier.com/apps/pbcs.dll/section?Category=PC16&amp;template=rss&amp;mime=XML</forum>
<forum_title>News</forum_title>
<discussion_title>Tire recycler says it will bring 200 jobs to upper Berkeley County</discussion_title>
<language>english</language>
<gmt_offset></gmt_offset>
<topic_url>http://www.postandcourier.com/20160512/160519802/tire-recycler-says-it-will-bring-200-jobs-to-upper-berkeley-county&amp;ampsource=RSS</topic_url>
<topic_text>
Tire recycler says it will bring 200 jobs to upper Berkeley County Staff reports Facebook @postandcourier May 12 2016 11:17 am May 12 11:55 am Viva Holdings Group Inc., a tire and rubber recycling business, said it will invest $28 million to expand into St. Stephen in a deal that’s expected to create 200 jobs. 
Online 
www.vivarecycling.com. The plant is scheduled to open in the rural upper Berkeley County town in the first quarter of 2017 and could be expanded. Viva’s subsidiary, Viva TPE Products, LLC, is a manufacturer of semi-finished rubber goods with proprietary technology for export to China, along with a variety injection-molded finished products. The company will be renovating a 177,000-square-foot industrial site at 315 Ravenell Drive in St. Stephen. Keywords Most Popular
</topic_text>
<spam_score>0.00</spam_score>
<post_num>1</post_num>
<post_id>post-1</post_id>
<post_url>http://www.postandcourier.com/20160512/160519802/tire-recycler-says-it-will-bring-200-jobs-to-upper-berkeley-county&amp;ampsource=RSS</post_url>
<post_date>20160512</post_date>
<post_time>1617</post_time>
<username></username>
<post>
Tire recycler says it will bring 200 jobs to upper Berkeley County Staff reports Facebook @postandcourier May 12 2016 11:17 am May 12 11:55 am Viva Holdings Group Inc., a tire and rubber recycling business, said it will invest $28 million to expand into St. Stephen in a deal that’s expected to create 200 jobs. 
Online 
www.vivarecycling.com. The plant is scheduled to open in the rural upper Berkeley County town in the first quarter of 2017 and could be expanded. Viva’s subsidiary, Viva TPE Products, LLC, is a manufacturer of semi-finished rubber goods with proprietary technology for export to China, along with a variety injection-molded finished products. The company will be renovating a 177,000-square-foot industrial site at 315 Ravenell Drive in St. Stephen. Keywords Most Popular
</post>
<signature>

</signature>
<external_links>

</external_links>
<country>US</country>
<main_image>http://www.postandcourier.com/storyimage/CP/20160512/PC05/160519802/AR/0/AR-160519802.jpg</main_image>
</document>
