<?xml version="1.0" encoding="UTF-8"?>
<document>
<type>mainstream</type>
<forum></forum>
<forum_title></forum_title>
<discussion_title>Acusan a empleado civil de la Policía por robo de identidad</discussion_title>
<language>spanish</language>
<gmt_offset></gmt_offset>
<topic_url>http://www.primerahora.com/noticias/policia-tribunales/nota/acusanaempleadocivildelapoliciaporrobodeidentidad-1153014/</topic_url>
<topic_text>
Por Maribel Hernández Pérez 
Los hechos que se le imputan se remontan a los años 2013 y 2014 mientras Efigenio García Vale, de 58 años, laboraba en la División de Antecedentes Penales y presuntamente les robó la identida 
Gracias a 
La investigación continúa. 
</topic_text>
<spam_score>0.00</spam_score>
<post_num>1</post_num>
<post_id>post-1</post_id>
<post_url>http://www.primerahora.com/noticias/policia-tribunales/nota/acusanaempleadocivildelapoliciaporrobodeidentidad-1153014/</post_url>
<post_date>20160512</post_date>
<post_time></post_time>
<username></username>
<post>
Por Maribel Hernández Pérez 
Los hechos que se le imputan se remontan a los años 2013 y 2014 mientras Efigenio García Vale, de 58 años, laboraba en la División de Antecedentes Penales y presuntamente les robó la identida 
Gracias a 
La investigación continúa. 
</post>
<signature>

</signature>
<external_links>

</external_links>
<country>US</country>
<main_image>http://rec-eph.gfrcdn.net/images/2016/05/12/crop_crop_policia01.jpg</main_image>
</document>
