<?xml version="1.0" encoding="UTF-8"?>
<document>
<type>mainstream</type>
<forum>http://feeds.releasewire.com/rss/latest</forum>
<forum_title>ReleaseWire - Latest Press Releases</forum_title>
<discussion_title>Stretch and Shrink Film Market - Global Industry Analysis, Growth, Trends, Forecast 2016 – 2024</discussion_title>
<language>english</language>
<gmt_offset></gmt_offset>
<topic_url>http://www.sbwire.com/press-releases/stretch-and-shrink-film-market/release-688394.htm</topic_url>
<topic_text>
Stretch and Shrink Film Market - Global Industry Analysis, Growth, Trends, Forecast 2016 – 2024 Transparency Market Research Added A New Report &quot;Stretch and Shrink Film Market&quot; And Its Full Database. 
Albany, NY -- ( SBWIRE ) -- 05/12/2016 -- Packaging is an important activity carried out for keeping the products safe. It enables easy transportation of products. Various types of packaging techniques are being developed globally as per product specifications. However, when it comes to securing the product from damage and improving its shelf life, the stretch and shrink films play an important role. Stretch films are highly stretchable plastic films that are wrapped around products. The elastic recovery keeps the product tightly bound. Stretch films are made up of polyethylene plastic. Stretch films are available in different ranges. Stretch films are applicable for all kinds of long distance shipping. Browse The Market Research Report of Stretch and Shrink Film Market : http://www.transparencymarketresearch.com/stretch-shrink-film-market.html Shrink films are clear polymer based films, which shrink when heated to conform to the shape of object they are wrapped around. Shrink films form a very tight seal important for safeguarding the product from pests, moisture, contaminants, dust, and insecticides. The shrink films are used on a large scale for food packaging. Stretch films are available in a variety of designs and widths, depending upon end use requirement. Stretch and Shrink Film Market: Drivers &amp; Restraints Rise in developments in the food and beverage industries, especially in terms of packaging, are driving growth of the global stretch and shrink films market currently. The major aim of the suppliers, globally, is to supply and transport the products in the most efficient manner. Rise in industrial developments in developing countries indirectly affects the growth of the packaging industry. Concepts such as SEZ and &apos;Smart Factories&apos; demand the use of smart packaging systems for contaminants free packaging of finished products, thereby boosting the market growth. Increasing healthcare awareness among consumers and rise in environment concerns are making manufacturers more conscious about following proper packaging practices, especially in case of finished goods, thereby fueling growth of the stretch and shrink films market. However, sustainability of the market for stretch and shrink films majorly depends on the price and supply of raw materials, such as crude oil. The fluctuations in crude oil prices could render the value chain of stretch and shrink films. Presence of big and small packaging firms has created a highly competitive environment in the overall packaging market. Get Free Sample Report Copy : Stretch and Shrink Film Market: Market Segmentation The global stretch and shrink film market is segmented on the basis of product type into: Low Density Polyethylene Based Linear Low Density Polyethylene Based Polyvinyl Chloride Based The global stretch and shrink film market is segmented on the basis of application into: Storage and Distribution Pallet Utilization Bundling The global stretch and shrink film market is segmented on the basis of end use into: Foods and Beverages Consumer Products Stretch and Shrink Film Market: Regional-Outlook The global stretch and shrink film is segmented into seven key geographical regions, which include North America, Latin America, Western Europe, Eastern Europe, Asia Pacific, Japan, and the Middle East &amp; Africa. Asia Pacific is expected to dominate the stretch and shrink film market in the coming years. Increase in end use application of the stretch and shrink films in the region is expected to drive growth of the stretch and shrink film market in the region. The market in Asia Pacific is expected to be followed by Western Europe and North America, which are major contributors to the food and beverages industries as well as the consumer products. The Latin America and the Middle East and Africa markets are also expected to be major contributors to the growth of the overall stretch and shrink films market in the coming years. Increasing investments in the food and beverages industry in Latin America and emerging countries in the Middle East and Africa is the major factor anticipated to drive the market growth in these regions. Stretch and Shrink Film Market: Key players Some of the key players in the global stretch and shrink film market are: Berry Plastics Group
</topic_text>
<spam_score>0.00</spam_score>
<post_num>1</post_num>
<post_id>post-1</post_id>
<post_url>http://www.sbwire.com/press-releases/stretch-and-shrink-film-market/release-688394.htm</post_url>
<post_date>20160512</post_date>
<post_time>1558</post_time>
<username></username>
<post>
Stretch and Shrink Film Market - Global Industry Analysis, Growth, Trends, Forecast 2016 – 2024 Transparency Market Research Added A New Report &quot;Stretch and Shrink Film Market&quot; And Its Full Database. 
Albany, NY -- ( SBWIRE ) -- 05/12/2016 -- Packaging is an important activity carried out for keeping the products safe. It enables easy transportation of products. Various types of packaging techniques are being developed globally as per product specifications. However, when it comes to securing the product from damage and improving its shelf life, the stretch and shrink films play an important role. Stretch films are highly stretchable plastic films that are wrapped around products. The elastic recovery keeps the product tightly bound. Stretch films are made up of polyethylene plastic. Stretch films are available in different ranges. Stretch films are applicable for all kinds of long distance shipping. Browse The Market Research Report of Stretch and Shrink Film Market : http://www.transparencymarketresearch.com/stretch-shrink-film-market.html Shrink films are clear polymer based films, which shrink when heated to conform to the shape of object they are wrapped around. Shrink films form a very tight seal important for safeguarding the product from pests, moisture, contaminants, dust, and insecticides. The shrink films are used on a large scale for food packaging. Stretch films are available in a variety of designs and widths, depending upon end use requirement. Stretch and Shrink Film Market: Drivers &amp; Restraints Rise in developments in the food and beverage industries, especially in terms of packaging, are driving growth of the global stretch and shrink films market currently. The major aim of the suppliers, globally, is to supply and transport the products in the most efficient manner. Rise in industrial developments in developing countries indirectly affects the growth of the packaging industry. Concepts such as SEZ and &apos;Smart Factories&apos; demand the use of smart packaging systems for contaminants free packaging of finished products, thereby boosting the market growth. Increasing healthcare awareness among consumers and rise in environment concerns are making manufacturers more conscious about following proper packaging practices, especially in case of finished goods, thereby fueling growth of the stretch and shrink films market. However, sustainability of the market for stretch and shrink films majorly depends on the price and supply of raw materials, such as crude oil. The fluctuations in crude oil prices could render the value chain of stretch and shrink films. Presence of big and small packaging firms has created a highly competitive environment in the overall packaging market. Get Free Sample Report Copy : Stretch and Shrink Film Market: Market Segmentation The global stretch and shrink film market is segmented on the basis of product type into: Low Density Polyethylene Based Linear Low Density Polyethylene Based Polyvinyl Chloride Based The global stretch and shrink film market is segmented on the basis of application into: Storage and Distribution Pallet Utilization Bundling The global stretch and shrink film market is segmented on the basis of end use into: Foods and Beverages Consumer Products Stretch and Shrink Film Market: Regional-Outlook The global stretch and shrink film is segmented into seven key geographical regions, which include North America, Latin America, Western Europe, Eastern Europe, Asia Pacific, Japan, and the Middle East &amp; Africa. Asia Pacific is expected to dominate the stretch and shrink film market in the coming years. Increase in end use application of the stretch and shrink films in the region is expected to drive growth of the stretch and shrink film market in the region. The market in Asia Pacific is expected to be followed by Western Europe and North America, which are major contributors to the food and beverages industries as well as the consumer products. The Latin America and the Middle East and Africa markets are also expected to be major contributors to the growth of the overall stretch and shrink films market in the coming years. Increasing investments in the food and beverages industry in Latin America and emerging countries in the Middle East and Africa is the major factor anticipated to drive the market growth in these regions. Stretch and Shrink Film Market: Key players Some of the key players in the global stretch and shrink film market are: Berry Plastics Group
</post>
<signature>

</signature>
<external_links>

</external_links>
<country>US</country>
<main_image>http://media.releasewire.com/photos/show/?id=69214</main_image>
</document>
