<?xml version="1.0" encoding="UTF-8"?>
<document>
<type>mainstream</type>
<forum></forum>
<forum_title></forum_title>
<discussion_title>«Очень порадовало, что «Спартак» опять не пропустил», сообщает Дмитрий Аленичев - Футбол - Sports.ru</discussion_title>
<language>russian</language>
<gmt_offset></gmt_offset>
<topic_url>http://www.sports.ru/football/1039953228.html</topic_url>
<topic_text>

Главный тренер «Спартака» Дмитрий Аленичев ответил на вопросы после победы над «Уралом» (1:0). 
– «Спартак» сегодня предстал разными командами в первом и во втором таймах. С чем это связано? 
– Нам удалось забить гол незадолго до перерыва. Во втором тайме команда уже играла по счету. Если б Промес , имевший стопроцентный момент, забил еще один гол, то не было бы такой нервной концовки. 
Очень порадовало, что мы уже третий матч кряду отыграли без пропущенных мячей. Команда оборонялась организованно, очень надежно. Мы практически ничего не дали создать «Уралу». 
– Вы впервые обыграли «Урал» в качестве тренера. Держали это в голове? 
– Нет. Столь пристального внимания статистике не уделяю. Для меня важнее, чтобы выигрывала команда. Сейчас на первый план, конечно же, выходит результат. В трех турах подряд мы его добиваемся, – сказал Аленичев. 
</topic_text>
<spam_score>0.00</spam_score>
<post_num>1</post_num>
<post_id>post-1</post_id>
<post_url>http://www.sports.ru/football/1039953228.html</post_url>
<post_date>20160512</post_date>
<post_time></post_time>
<username></username>
<post>

Главный тренер «Спартака» Дмитрий Аленичев ответил на вопросы после победы над «Уралом» (1:0). 
– «Спартак» сегодня предстал разными командами в первом и во втором таймах. С чем это связано? 
– Нам удалось забить гол незадолго до перерыва. Во втором тайме команда уже играла по счету. Если б Промес , имевший стопроцентный момент, забил еще один гол, то не было бы такой нервной концовки. 
Очень порадовало, что мы уже третий матч кряду отыграли без пропущенных мячей. Команда оборонялась организованно, очень надежно. Мы практически ничего не дали создать «Уралу». 
– Вы впервые обыграли «Урал» в качестве тренера. Держали это в голове? 
– Нет. Столь пристального внимания статистике не уделяю. Для меня важнее, чтобы выигрывала команда. Сейчас на первый план, конечно же, выходит результат. В трех турах подряд мы его добиваемся, – сказал Аленичев. 
</post>
<signature>

</signature>
<external_links>

</external_links>
<country>RU</country>
<main_image>http://www.sports.ru/dynamic_images/news/103/995/322/8/share/d56644.png</main_image>
</document>
