<?xml version="1.0" encoding="UTF-8"?>
<document>
<type>mainstream</type>
<forum></forum>
<forum_title></forum_title>
<discussion_title>Watch exo sexo&apos;s Vine &quot;Me at parties (or in a house near a party)&quot;</discussion_title>
<language>english</language>
<gmt_offset></gmt_offset>
<topic_url>https://vine.co/v/ePdFJtFTT7L</topic_url>
<topic_text>
Me at parties (or in a house near a party) 617337 Loops 
</topic_text>
<spam_score>0.00</spam_score>
<post_num>1</post_num>
<post_id>post-1</post_id>
<post_url>https://vine.co/v/ePdFJtFTT7L</post_url>
<post_date>20150922</post_date>
<post_time></post_time>
<username></username>
<post>
Me at parties (or in a house near a party) 617337 Loops 
</post>
<signature>

</signature>
<external_links>

</external_links>
<country>US</country>
<main_image>https://v.cdn.vine.co/r/thumbs/8FBB7A09131258089699541929984_SW_WEBM_1442926140153_image.jpg?versionId=98xMNYddThhuNq4SqY5efjQxqfoV70M7</main_image>
</document>
