<?xml version="1.0" encoding="UTF-8"?>
<document>
<type>mainstream</type>
<forum></forum>
<forum_title></forum_title>
<discussion_title>Williams heeft het even lastig tegen McHale | NOS</discussion_title>
<language>dutch</language>
<gmt_offset></gmt_offset>
<topic_url>http://nos.nl/artikel/2104633-williams-heeft-het-even-lastig-tegen-mchale.html</topic_url>
<topic_text>
Williams heeft het even lastig tegen McHale Vandaag, 17:51 Tennis Serena Williams in actie tijdens haar partij tegen Christina McHale AFP 
Serena Williams is doorgedrongen tot de kwartfinales van het WTA-toernooi in Rome. De Amerikaanse nummer een van de wereld had het even lastig, maar won met 7-6 (7), 6-1 van haar landgenote Christina McHale. 
De drievoudig kampioene werkte in de eerste set een reeks breekpunten weg, maar op nummer acht sloeg McHale toe. De donderdag 24 jaar geworden Amerikaanse mocht vervolgens op 5-3 serveren voor de set. Dat ging echter mis, waarna ze in de tiebreak nog een setpunt verspeelde. 
Williams sloeg op haar derde setpunt wel toe en had in het tweede bedrijf geen kind meer aan de nummer 56 van de wereld. In de volgende ronde wacht de Russin Svetlana Koeznetsova (9). Deel dit artikel: 
</topic_text>
<spam_score>0.00</spam_score>
<post_num>1</post_num>
<post_id>post-1</post_id>
<post_url>http://nos.nl/artikel/2104633-williams-heeft-het-even-lastig-tegen-mchale.html</post_url>
<post_date>20160512</post_date>
<post_time></post_time>
<username></username>
<post>
Williams heeft het even lastig tegen McHale Vandaag, 17:51 Tennis Serena Williams in actie tijdens haar partij tegen Christina McHale AFP 
Serena Williams is doorgedrongen tot de kwartfinales van het WTA-toernooi in Rome. De Amerikaanse nummer een van de wereld had het even lastig, maar won met 7-6 (7), 6-1 van haar landgenote Christina McHale. 
De drievoudig kampioene werkte in de eerste set een reeks breekpunten weg, maar op nummer acht sloeg McHale toe. De donderdag 24 jaar geworden Amerikaanse mocht vervolgens op 5-3 serveren voor de set. Dat ging echter mis, waarna ze in de tiebreak nog een setpunt verspeelde. 
Williams sloeg op haar derde setpunt wel toe en had in het tweede bedrijf geen kind meer aan de nummer 56 van de wereld. In de volgende ronde wacht de Russin Svetlana Koeznetsova (9). Deel dit artikel: 
</post>
<signature>

</signature>
<external_links>

</external_links>
<country>NL</country>
<main_image>http://nos.nl/data/image/2016/05/12/281554/xxl.jpg</main_image>
</document>
