<?xml version="1.0" encoding="UTF-8"?>
<document>
<type>mainstream</type>
<forum></forum>
<forum_title></forum_title>
<discussion_title>San Juan y Maunabo lucharán mañana por el campeonato del Deporte Escolar</discussion_title>
<language>spanish</language>
<gmt_offset></gmt_offset>
<topic_url>http://www.primerahora.com/deportes/futbol/nota/sanjuanymaunabolucharanmananaporelcampeonatodeldeporteescolar-1152854/</topic_url>
<topic_text>
05/11/2016 |05:20 p.m. 
El 

la Wilfredo Laracuente, de Humacao, con la Venus Gardens, de San Juan. 
</topic_text>
<spam_score>0.00</spam_score>
<post_num>1</post_num>
<post_id>post-1</post_id>
<post_url>http://www.primerahora.com/deportes/futbol/nota/sanjuanymaunabolucharanmananaporelcampeonatodeldeporteescolar-1152854/</post_url>
<post_date>20160511</post_date>
<post_time></post_time>
<username></username>
<post>
05/11/2016 |05:20 p.m. 
El 

la Wilfredo Laracuente, de Humacao, con la Venus Gardens, de San Juan. 
</post>
<signature>

</signature>
<external_links>

</external_links>
<country>US</country>
<main_image>http://rec-eph.gfrcdn.net/images/2016/05/11/soccer1.jpg</main_image>
</document>
