<?xml version="1.0" encoding="UTF-8"?>
<document>
<type>mainstream</type>
<forum>http://www.ideal.es/sociedad/?reducido=1&amp;pag=649</forum>
<forum_title></forum_title>
<discussion_title>Asprogrades celebra en la Fuente de las Batallas la XVIII Muestra Artesanal y Artística</discussion_title>
<language>spanish</language>
<gmt_offset></gmt_offset>
<topic_url>http://www.ideal.es/granada/201605/12/asprogrades-celebra-fuente-batallas-20160512180734.html</topic_url>
<topic_text>
La asociación Asprogrades celebra estos días en la Fuente de las Batallas de Granada la XVIII Muestra Artesanal y Artística de sus centros, a favor de las personas con discapacidad intelectual, y en ella se pueden contemplar y adquirir una gran variedad de objetos artesanales elaborados por unas 200 personas usuarias de Asprogrades.
La delegada de la Junta, Sandra García, acompañada por el delegado de Igualdad, Salud y Políticas Sociales, Higinio Almagro, han asistido a la inauguración de la muestra, cuando García ha señalado que se trata de una forma de &quot;acercar a la población el magnífico trabajo que Asprogrades hace con personas con discapacidad intelectual&quot;. &quot;Desde la Junta de Andalucía queremos agradecerles que estén ahí, porque la labor que realizan es fundamental para construir una vida que ofrezca oportunidades para todos y todas, una vida con calidad, con solidaridad&quot;, ha dicho.
Hace 50 años esta asociación fue declarada de utilidad pública y de interés social, así la responsable del Gobierno andaluz quiso felicitarles por los &quot;esfuerzos y conquistas&quot; pero también de por los &quot;reveses&quot; superados.
&quot;Es un agradecimiento a la colaboración, al buen hacer del equipo de profesionales y a las familias tan implicadas en este modelo de atención tan profesionalizado y tan cercano; y también a todos y todas las personas que como usuarios han pasado por Asprogrades y de los que siempre encontramos muy buenas referencias&quot;, ha dicho la delegada.
Asprogrades atiende a 185 personas con un coste para la Junta de Andalucía de 1.626.773 euros anuales en la concertación de las plazas, además de otras partidas que pueda recibir en subvenciones para hacer frente a otras actividades como colonias, adquisición de vehículo adaptado, reformas de la Unidad Estancia Diurna entre otros.
Lo Más lo más 50
</topic_text>
<spam_score>0.00</spam_score>
<post_num>1</post_num>
<post_id>post-1</post_id>
<post_url>http://www.ideal.es/granada/201605/12/asprogrades-celebra-fuente-batallas-20160512180734.html</post_url>
<post_date>20160512</post_date>
<post_time>1808</post_time>
<username>europa press</username>
<post>
La asociación Asprogrades celebra estos días en la Fuente de las Batallas de Granada la XVIII Muestra Artesanal y Artística de sus centros, a favor de las personas con discapacidad intelectual, y en ella se pueden contemplar y adquirir una gran variedad de objetos artesanales elaborados por unas 200 personas usuarias de Asprogrades.
La delegada de la Junta, Sandra García, acompañada por el delegado de Igualdad, Salud y Políticas Sociales, Higinio Almagro, han asistido a la inauguración de la muestra, cuando García ha señalado que se trata de una forma de &quot;acercar a la población el magnífico trabajo que Asprogrades hace con personas con discapacidad intelectual&quot;. &quot;Desde la Junta de Andalucía queremos agradecerles que estén ahí, porque la labor que realizan es fundamental para construir una vida que ofrezca oportunidades para todos y todas, una vida con calidad, con solidaridad&quot;, ha dicho.
Hace 50 años esta asociación fue declarada de utilidad pública y de interés social, así la responsable del Gobierno andaluz quiso felicitarles por los &quot;esfuerzos y conquistas&quot; pero también de por los &quot;reveses&quot; superados.
&quot;Es un agradecimiento a la colaboración, al buen hacer del equipo de profesionales y a las familias tan implicadas en este modelo de atención tan profesionalizado y tan cercano; y también a todos y todas las personas que como usuarios han pasado por Asprogrades y de los que siempre encontramos muy buenas referencias&quot;, ha dicho la delegada.
Asprogrades atiende a 185 personas con un coste para la Junta de Andalucía de 1.626.773 euros anuales en la concertación de las plazas, además de otras partidas que pueda recibir en subvenciones para hacer frente a otras actividades como colonias, adquisición de vehículo adaptado, reformas de la Unidad Estancia Diurna entre otros.
Lo Más lo más 50
</post>
<signature>

</signature>
<external_links>

</external_links>
<country>ES</country>
<main_image>http://www.ideal.es/noticias/201605/12/media/cortadas/asprogrades--575x323.jpg</main_image>
</document>
