<?xml version="1.0" encoding="UTF-8"?>
<document>
<type>mainstream</type>
<forum>http://chelyabinsk.bezformata.ru/rss.xml</forum>
<forum_title>Новости города БезФормата.Ru Челябинская область Челябинск</forum_title>
<discussion_title>Программа государственной поддержки формирования пенсионных накоплений продолжает действовать</discussion_title>
<language>russian</language>
<gmt_offset></gmt_offset>
<topic_url>http://kopeysk.bezformata.ru/listnews/podderzhki-formirovaniya-pensionnih/46771600/</topic_url>
<topic_text>
RSS О проекте Задать вопрос Программа государственной поддержки формирования пенсионных накоплений продолжает действовать 
Вступление в Программу государственного софинансирования пенсионных накоплений завершилось 31 декабря 2014 года. Более 5 тыс. копейчан являются участниками программы и активно уплачивают взносы. 
С 2009 года, в рамках программы «тысяча на тысячу», жители города Копейска перечислили на будущую пенсию более 55 млн. руб. 
Напомним, что программа софинансирования пенсии дает возможность гражданину увеличить свой пенсионный капитал при участии государства. 
Право на получение государственной поддержки формирования пенсионных накоплений имеют застрахованные лица, подавшие заявление о добровольном вступлении в правоотношения по обязательному пенсионному страхованию в целях уплаты дополнительных страховых взносов на накопительную пенсию в период с 1 октября 2008 года по 31 декабря 2014 года и начавшие уплату указанных взносов в период по 31 января 2015 года (кроме лиц, подавших заявление о вступлении в программу в период с 05.11.2014 по 31.12.2014, и являющимися на день подачи заявления получателями любого вида пенсии в соответствии с законодательством РФ). 
При уплате в течение года от 2 000 до 12 000 рублей в год, государство внесет такую же сумму. При этом участник вправе сам определять и менять размер взносов. Программа рассчитана на 10 лет с момента уплаты первого взноса. 
Важно отметить, что взносы в рамках программы «тысяча на тысячу» не облагаются налогом на доходы физических лиц (НДФЛ). В связи с этим можно получать налоговый вычет в размере 13 % от уплаченной суммы. В зависимости от взносов, которые участник программы внес на пенсионный счет в течение года, возврат может составить от 260 до 1560 рублей. 
Для получения вычета необходимо предоставить в налоговый орган по месту жительства декларацию о доходах, справку о заработной плате (форма 2-НДФЛ, выдается по месту работы) и документ, подтверждающий уплату взносов. Если гражданин самостоятельно уплачивал взносы на накопительную часть пенсии, то таким документом будет квитанция об их уплате через кредитную организацию (банк). Если же взносы перечислялись через работодателя, необходима справка из бухгалтерии по установленной форме об удержании данных взносов из зарплаты.
</topic_text>
<spam_score>0.00</spam_score>
<post_num>1</post_num>
<post_id>post-1</post_id>
<post_url>http://kopeysk.bezformata.ru/listnews/podderzhki-formirovaniya-pensionnih/46771600/</post_url>
<post_date>20160512</post_date>
<post_time>1425</post_time>
<username></username>
<post>
RSS О проекте Задать вопрос Программа государственной поддержки формирования пенсионных накоплений продолжает действовать 
Вступление в Программу государственного софинансирования пенсионных накоплений завершилось 31 декабря 2014 года. Более 5 тыс. копейчан являются участниками программы и активно уплачивают взносы. 
С 2009 года, в рамках программы «тысяча на тысячу», жители города Копейска перечислили на будущую пенсию более 55 млн. руб. 
Напомним, что программа софинансирования пенсии дает возможность гражданину увеличить свой пенсионный капитал при участии государства. 
Право на получение государственной поддержки формирования пенсионных накоплений имеют застрахованные лица, подавшие заявление о добровольном вступлении в правоотношения по обязательному пенсионному страхованию в целях уплаты дополнительных страховых взносов на накопительную пенсию в период с 1 октября 2008 года по 31 декабря 2014 года и начавшие уплату указанных взносов в период по 31 января 2015 года (кроме лиц, подавших заявление о вступлении в программу в период с 05.11.2014 по 31.12.2014, и являющимися на день подачи заявления получателями любого вида пенсии в соответствии с законодательством РФ). 
При уплате в течение года от 2 000 до 12 000 рублей в год, государство внесет такую же сумму. При этом участник вправе сам определять и менять размер взносов. Программа рассчитана на 10 лет с момента уплаты первого взноса. 
Важно отметить, что взносы в рамках программы «тысяча на тысячу» не облагаются налогом на доходы физических лиц (НДФЛ). В связи с этим можно получать налоговый вычет в размере 13 % от уплаченной суммы. В зависимости от взносов, которые участник программы внес на пенсионный счет в течение года, возврат может составить от 260 до 1560 рублей. 
Для получения вычета необходимо предоставить в налоговый орган по месту жительства декларацию о доходах, справку о заработной плате (форма 2-НДФЛ, выдается по месту работы) и документ, подтверждающий уплату взносов. Если гражданин самостоятельно уплачивал взносы на накопительную часть пенсии, то таким документом будет квитанция об их уплате через кредитную организацию (банк). Если же взносы перечислялись через работодателя, необходима справка из бухгалтерии по установленной форме об удержании данных взносов из зарплаты.
</post>
<signature>

</signature>
<external_links>

</external_links>
<country>RU</country>
<main_image></main_image>
</document>
