<?xml version="1.0" encoding="UTF-8"?>
<document>
<type>mainstream</type>
<forum></forum>
<forum_title></forum_title>
<discussion_title>Hombre muere tras atragantamiento en negocio de Toa Baja</discussion_title>
<language>spanish</language>
<gmt_offset></gmt_offset>
<topic_url>http://www.primerahora.com/noticias/policia-tribunales/nota/hombremueretrasatragantamientoennegociodetoabaja-1152855/</topic_url>
<topic_text>
05/11/2016 |05:22 p.m. 

El hombre, identificado por las autoridades como Efraín Ortiz Mejías de 58 años y residente de Dorado, se encontraba en Tony&apos;s Pincho y se atragantó con los alimentos que consumía. 
Ortiz fue transportado al Centro de Salud Moica en Levittown en donde el Dr. Rocero certificó su muerte. 
</topic_text>
<spam_score>0.00</spam_score>
<post_num>1</post_num>
<post_id>post-1</post_id>
<post_url>http://www.primerahora.com/noticias/policia-tribunales/nota/hombremueretrasatragantamientoennegociodetoabaja-1152855/</post_url>
<post_date>20160511</post_date>
<post_time></post_time>
<username></username>
<post>
05/11/2016 |05:22 p.m. 

El hombre, identificado por las autoridades como Efraín Ortiz Mejías de 58 años y residente de Dorado, se encontraba en Tony&apos;s Pincho y se atragantó con los alimentos que consumía. 
Ortiz fue transportado al Centro de Salud Moica en Levittown en donde el Dr. Rocero certificó su muerte. 
</post>
<signature>

</signature>
<external_links>

</external_links>
<country>US</country>
<main_image>http://rec-eph.gfrcdn.net/images/2016/05/11/crop_capture_15.jpg</main_image>
</document>
