<?xml version="1.0" encoding="UTF-8"?>
<document>
<type>mainstream</type>
<forum></forum>
<forum_title></forum_title>
<discussion_title>Renunciaría a su escaño en el Senado si llega la Junta de Control Fiscal</discussion_title>
<language>spanish</language>
<gmt_offset></gmt_offset>
<topic_url>http://www.primerahora.com/noticias/gobierno-politica/nota/renunciariaasuescanoenelsenadosillegalajuntadecontrolfiscal-1152985/</topic_url>
<topic_text>
Por Primerahora.com &quot;Tenemos ya que comenzar a mirar esto bien seriamente a lo que resulta ser una asalto a las instituciones de Puerto Rico y lo que representa”, dijo Pereira. (Archivo) 
El senador Miguel Pereira renunciaría a su escaño si se aprueba la propuesta Junta de Control Fiscal, informó a varios medios. 
Cuestionado hoy en Univisión Radio, Pereira dijo que de aprobarse la Junta de Control Fiscal él y el resto de los legisladores deberían “renunciar”. 
“Seguro, no hay función para nadie”, dijo Pereira, quien aspira a la reelección en u segundo término. Contenido relacionado 
</topic_text>
<spam_score>0.00</spam_score>
<post_num>1</post_num>
<post_id>post-1</post_id>
<post_url>http://www.primerahora.com/noticias/gobierno-politica/nota/renunciariaasuescanoenelsenadosillegalajuntadecontrolfiscal-1152985/</post_url>
<post_date>20160512</post_date>
<post_time></post_time>
<username></username>
<post>
Por Primerahora.com &quot;Tenemos ya que comenzar a mirar esto bien seriamente a lo que resulta ser una asalto a las instituciones de Puerto Rico y lo que representa”, dijo Pereira. (Archivo) 
El senador Miguel Pereira renunciaría a su escaño si se aprueba la propuesta Junta de Control Fiscal, informó a varios medios. 
Cuestionado hoy en Univisión Radio, Pereira dijo que de aprobarse la Junta de Control Fiscal él y el resto de los legisladores deberían “renunciar”. 
“Seguro, no hay función para nadie”, dijo Pereira, quien aspira a la reelección en u segundo término. Contenido relacionado 
</post>
<signature>

</signature>
<external_links>

</external_links>
<country>US</country>
<main_image>http://rec-eph.gfrcdn.net/images/2016/05/12/crop_pereira.jpg</main_image>
</document>
