<?xml version="1.0" encoding="UTF-8"?>
<document>
<type>mainstream</type>
<forum></forum>
<forum_title></forum_title>
<discussion_title>Piden cancelar las Olimpiadas por el zika</discussion_title>
<language>spanish</language>
<gmt_offset></gmt_offset>
<topic_url>http://www.primerahora.com/deportes/otros/nota/pidencancelarlasolimpiadasporelzika-1152826/</topic_url>
<topic_text>
05/11/2016 |02:53 p.m. 
A menos de tres meses de la ceremonia inaugural de los Juegos Olímpicos de Río de Janeiro, un profesor canadiense recomendó que los Juegos sean pospuestos o cambiados de sede debido al brote del zika, al advertir que la llegada de visitantes a Brasil podría provocar un aumento en el nacimiento de bebés con microcefalia. 
&quot;Si no fuese por los Juegos, ¿quién recomendaría mandar medio millón adicional de visitantes a Brasil ahora mismo?&quot;, cuestionó el profesor de la Universidad de Ottawa, Amir Attaran, un experto en sanidad pública, en un artículo publicado esta semana en el Harvard Public Health Review. 

ue los científicos confirmaron que puede producir defectos congénitos, incluyendo microcefalia y problemas neurológicos. 
En febrero, la Organización Mundial de la Salud (OMS) declaró que la epidemia era una emergencia sanitaria mundial. La OMS afirma que no hay restricciones a los viajes o contacto con países afectados por el zika, pero recomienda que las mujeres embarazadas no viajen a esas regiones. 
La opinión de Attaran no es compartida por las autoridades olímpicas y sanitarias, que aseguran que los Juegos del 5 al 21 de agosto no serán alterados por el virus. 
El COI, que sigue las recomendaciones de la OMS, indicó que no hay planes de posponer o cambiar la sede de los Juegos. 
&quot;La declaración de la OMS de que no debe haber restricción a los viajes o el comercio significa que no hay motivo para cancelar o retrasar o posponer o mudar los Juegos de Río&quot;, dijo a la AP el doctor Richard Budgett, director médico del COI. &quot;El COI seguirá pendiente de la situación y trabajará en estrecha colaboración con la OMS, y confiamos, como nos dijeron los expertos, que la situación mejorará en los próximos tres meses&quot;. 
Los organizadores esperan que unos 500,000 visitantes de otros países lleguen a Brasil para los Juegos, una situación que Attaran teme que propague el virus a otras regiones del mundo. 
&quot;Si el COI y la Organización Mundial de la Salud no tienen la generosidad para retrasar los Juegos y evitar que nazcan niños incapacitados por toda su vida, entonces son dos de las instituciones más crueles del mundo&quot;, dijo Attaran en una entrevista telefónica con la AP. Attaran ha sido un crítico de la OMS. 
El brote del zika es sólo uno de los retos que enfrenta Brasil en la antesala de los primeros Juegos Olímpicos en Sudamérica. La presidenta del país, Dilma Rousseff, encara un juicio político, y la economía atraviesa su peor recesión en décadas. 
</topic_text>
<spam_score>0.00</spam_score>
<post_num>1</post_num>
<post_id>post-1</post_id>
<post_url>http://www.primerahora.com/deportes/otros/nota/pidencancelarlasolimpiadasporelzika-1152826/</post_url>
<post_date>20160511</post_date>
<post_time></post_time>
<username></username>
<post>
05/11/2016 |02:53 p.m. 
A menos de tres meses de la ceremonia inaugural de los Juegos Olímpicos de Río de Janeiro, un profesor canadiense recomendó que los Juegos sean pospuestos o cambiados de sede debido al brote del zika, al advertir que la llegada de visitantes a Brasil podría provocar un aumento en el nacimiento de bebés con microcefalia. 
&quot;Si no fuese por los Juegos, ¿quién recomendaría mandar medio millón adicional de visitantes a Brasil ahora mismo?&quot;, cuestionó el profesor de la Universidad de Ottawa, Amir Attaran, un experto en sanidad pública, en un artículo publicado esta semana en el Harvard Public Health Review. 

ue los científicos confirmaron que puede producir defectos congénitos, incluyendo microcefalia y problemas neurológicos. 
En febrero, la Organización Mundial de la Salud (OMS) declaró que la epidemia era una emergencia sanitaria mundial. La OMS afirma que no hay restricciones a los viajes o contacto con países afectados por el zika, pero recomienda que las mujeres embarazadas no viajen a esas regiones. 
La opinión de Attaran no es compartida por las autoridades olímpicas y sanitarias, que aseguran que los Juegos del 5 al 21 de agosto no serán alterados por el virus. 
El COI, que sigue las recomendaciones de la OMS, indicó que no hay planes de posponer o cambiar la sede de los Juegos. 
&quot;La declaración de la OMS de que no debe haber restricción a los viajes o el comercio significa que no hay motivo para cancelar o retrasar o posponer o mudar los Juegos de Río&quot;, dijo a la AP el doctor Richard Budgett, director médico del COI. &quot;El COI seguirá pendiente de la situación y trabajará en estrecha colaboración con la OMS, y confiamos, como nos dijeron los expertos, que la situación mejorará en los próximos tres meses&quot;. 
Los organizadores esperan que unos 500,000 visitantes de otros países lleguen a Brasil para los Juegos, una situación que Attaran teme que propague el virus a otras regiones del mundo. 
&quot;Si el COI y la Organización Mundial de la Salud no tienen la generosidad para retrasar los Juegos y evitar que nazcan niños incapacitados por toda su vida, entonces son dos de las instituciones más crueles del mundo&quot;, dijo Attaran en una entrevista telefónica con la AP. Attaran ha sido un crítico de la OMS. 
El brote del zika es sólo uno de los retos que enfrenta Brasil en la antesala de los primeros Juegos Olímpicos en Sudamérica. La presidenta del país, Dilma Rousseff, encara un juicio político, y la economía atraviesa su peor recesión en décadas. 
</post>
<signature>

</signature>
<external_links>

</external_links>
<country>US</country>
<main_image>http://rec-eph.gfrcdn.net/images/2016/05/11/crop_russiadailylife_3.jpeg</main_image>
</document>
