<?xml version="1.0" encoding="UTF-8"?>
<document>
<type>mainstream</type>
<forum></forum>
<forum_title></forum_title>
<discussion_title>George Zimmerman subastará pistola con la que mató a joven negro</discussion_title>
<language>spanish</language>
<gmt_offset></gmt_offset>
<topic_url>http://www.primerahora.com/noticias/estados-unidos/nota/georgezimmermansubastarapistolaconlaquematoajovennegro-1152986/</topic_url>
<topic_text>
George Zimmerman subastará pistola con la que mató a joven negro Por Prensa Asociada 05/12/2016 |09:26 a.m. Zimmerman, ahora de 32 años, ha dicho que se defendía cuando le disparó y mató a Martin, de 17, en una comunidad cerrada, cerca de Orlando. (AP) La subasta comienza hoy a las 11:00 a.m. 
Florida.- El ex voluntario de vigilancia vecinal George Zimmerman subastará la pistola que utilizó para matar a Trayvon Martin, un joven adolescente desarmado, cuyo causó sacudió a Estados Unidos en el 2012. 
En una entrevista con el canal de televisión WOFL, Zimmerman dijo que acaba de recibir de vuelta el arma luego de que el Departamento de Justicia se la quitara. 
“Creo que es tiempo de dejar atrás el arma de fuego”, dijo Zimmerman a la estación. “Y si la vendo y se vende, puedo moverme hacia delante. De lo contrario, la pondré en una caja fuerte para mis nietos y no se volverá a usar. 
El anuncio de la subasta en GunBroker.com enumera la pistola de 9 mm como “Pistola Kel-Tec PF-9”. La subasta empieza a las 11:00 a.m. de hoy y termina mañana a la misma hora. La subasta comienza en $ 5.000. 
El listado de subasta también dice que una parte de los beneficios se destinarán a la lucha contra lo que Zimmerman considera un llamado a la violencia por el movimiento Black Lives Matter contra agentes encargados de hacer cumplir la ley, combatir la retórica anti-armas de la candidata presidencial demócrata Hillary Clinton y terminar la carrera de Angela Corey, la abogada que dirigió la acusación contra él. 
El anuncio termina con una frase latina que se traduce como &quot;si quieres la paz, prepara la guerra&quot;. 
Zimmerman, ahora de 32 años, ha dicho que se defendía cuando le disparó y mató a Martin, de 17, en una comunidad cerrada, cerca de Orlando. Martin, que vivía en Miami con su madre, estaba visitando a su padre en el momento. 
Zimmerman, que se identifica como hispano, fue absuelto en febrero de 2012 del asesinato de Martin en un caso que provocó protestas y un debate nacional sobre las relaciones raciales. El Departamento de Justicia después decidió no presentar una demanda de derechos civiles contra Zimmerman. 
</topic_text>
<spam_score>0.00</spam_score>
<post_num>1</post_num>
<post_id>post-1</post_id>
<post_url>http://www.primerahora.com/noticias/estados-unidos/nota/georgezimmermansubastarapistolaconlaquematoajovennegro-1152986/</post_url>
<post_date>20160512</post_date>
<post_time></post_time>
<username></username>
<post>
George Zimmerman subastará pistola con la que mató a joven negro Por Prensa Asociada 05/12/2016 |09:26 a.m. Zimmerman, ahora de 32 años, ha dicho que se defendía cuando le disparó y mató a Martin, de 17, en una comunidad cerrada, cerca de Orlando. (AP) La subasta comienza hoy a las 11:00 a.m. 
Florida.- El ex voluntario de vigilancia vecinal George Zimmerman subastará la pistola que utilizó para matar a Trayvon Martin, un joven adolescente desarmado, cuyo causó sacudió a Estados Unidos en el 2012. 
En una entrevista con el canal de televisión WOFL, Zimmerman dijo que acaba de recibir de vuelta el arma luego de que el Departamento de Justicia se la quitara. 
“Creo que es tiempo de dejar atrás el arma de fuego”, dijo Zimmerman a la estación. “Y si la vendo y se vende, puedo moverme hacia delante. De lo contrario, la pondré en una caja fuerte para mis nietos y no se volverá a usar. 
El anuncio de la subasta en GunBroker.com enumera la pistola de 9 mm como “Pistola Kel-Tec PF-9”. La subasta empieza a las 11:00 a.m. de hoy y termina mañana a la misma hora. La subasta comienza en $ 5.000. 
El listado de subasta también dice que una parte de los beneficios se destinarán a la lucha contra lo que Zimmerman considera un llamado a la violencia por el movimiento Black Lives Matter contra agentes encargados de hacer cumplir la ley, combatir la retórica anti-armas de la candidata presidencial demócrata Hillary Clinton y terminar la carrera de Angela Corey, la abogada que dirigió la acusación contra él. 
El anuncio termina con una frase latina que se traduce como &quot;si quieres la paz, prepara la guerra&quot;. 
Zimmerman, ahora de 32 años, ha dicho que se defendía cuando le disparó y mató a Martin, de 17, en una comunidad cerrada, cerca de Orlando. Martin, que vivía en Miami con su madre, estaba visitando a su padre en el momento. 
Zimmerman, que se identifica como hispano, fue absuelto en febrero de 2012 del asesinato de Martin en un caso que provocó protestas y un debate nacional sobre las relaciones raciales. El Departamento de Justicia después decidió no presentar una demanda de derechos civiles contra Zimmerman. 
</post>
<signature>

</signature>
<external_links>

</external_links>
<country>US</country>
<main_image>http://rec-eph.gfrcdn.net/images/2016/05/12/zimm.jpg</main_image>
</document>
