<?xml version="1.0" encoding="UTF-8"?>
<document>
<type>mainstream</type>
<forum></forum>
<forum_title></forum_title>
<discussion_title>Freddie Roach asegura que Conor McGregor necesitaría 3 años para pelear con Mayweather</discussion_title>
<language>spanish</language>
<gmt_offset></gmt_offset>
<topic_url>http://www.primerahora.com/deportes/boxeo/nota/freddieroachaseguraqueconormcgregornecesitaria3anosparapelearconmayweather-1152785/</topic_url>
<topic_text>
Freddie Roach asegura que Conor McGregor necesitaría 3 años para pelear con Mayweather Por Primerahora.com 05/11/2016 |10:55 a.m. 0 “Admitámoslo, si pelean en boxeo, Mayweather gana, si pelean MMA gana McGregor, son demasiadas reglas, muy distintas”, afirmó Roach. (Archivo) En una entrevista el afamado entrenador dijo que alguien le llamó para que entrenara al luchador de UFC. 
Si es que se da, no será tan fácil para Conor McGregor... 
Así lo aseguró uno de los mejores entrenadores de boxeo en la actualidad, Freddie Roach. 
En una entrevista con Fight Hub TV, Roach aseguró que de ser contactado para entrenar al luchador de artes marciales mixtas, por supuesto que lo haría. 
Cuesta arriba para McGregor vencer a Floyd 
El afamado entrenador Freddy Roack explica que sería difícil para McGregor vencer a Floyd Mayweather. 
Pero la mala noticia es que, según él mismo, McGregor necesitaría un mínimo de tres años de arduo entrenamiento para poder enfrentar al campeón invicto Floyd Mayweather Jr. 
, el propio Freddie confirmó que recibió una llamada de alguien (presumiblemente desde el campamento de Conor) pidiendo entrenar a la estrella de UFC de cara a una muy posible pelea de boxeo contra el “Money Maker”. 
Freddie afirmó que con gusto aceptaría acondicionar a McGregor, pero que para que tuviera oportunidad ante Floyd, necesita al menos 3 años de entrenamiento. 
&quot;Tendría que entrenarlo durante 3 años para prepararlo para Mayweather&quot;, dijo Roach entre risas. 
&quot;Quiero decir que es bueno en MMA, ¿pero el boxeo? Por supuesto que no. Son deportes muy diferentes&quot;. 
“Admitámoslo, si pelean en boxeo, Mayweather gana, si pelean MMA gana McGregor, son demasiadas reglas, muy distintas”, afirmó. 
</topic_text>
<spam_score>0.00</spam_score>
<post_num>1</post_num>
<post_id>post-1</post_id>
<post_url>http://www.primerahora.com/deportes/boxeo/nota/freddieroachaseguraqueconormcgregornecesitaria3anosparapelearconmayweather-1152785/</post_url>
<post_date>20160511</post_date>
<post_time></post_time>
<username></username>
<post>
Freddie Roach asegura que Conor McGregor necesitaría 3 años para pelear con Mayweather Por Primerahora.com 05/11/2016 |10:55 a.m. 0 “Admitámoslo, si pelean en boxeo, Mayweather gana, si pelean MMA gana McGregor, son demasiadas reglas, muy distintas”, afirmó Roach. (Archivo) En una entrevista el afamado entrenador dijo que alguien le llamó para que entrenara al luchador de UFC. 
Si es que se da, no será tan fácil para Conor McGregor... 
Así lo aseguró uno de los mejores entrenadores de boxeo en la actualidad, Freddie Roach. 
En una entrevista con Fight Hub TV, Roach aseguró que de ser contactado para entrenar al luchador de artes marciales mixtas, por supuesto que lo haría. 
Cuesta arriba para McGregor vencer a Floyd 
El afamado entrenador Freddy Roack explica que sería difícil para McGregor vencer a Floyd Mayweather. 
Pero la mala noticia es que, según él mismo, McGregor necesitaría un mínimo de tres años de arduo entrenamiento para poder enfrentar al campeón invicto Floyd Mayweather Jr. 
, el propio Freddie confirmó que recibió una llamada de alguien (presumiblemente desde el campamento de Conor) pidiendo entrenar a la estrella de UFC de cara a una muy posible pelea de boxeo contra el “Money Maker”. 
Freddie afirmó que con gusto aceptaría acondicionar a McGregor, pero que para que tuviera oportunidad ante Floyd, necesita al menos 3 años de entrenamiento. 
&quot;Tendría que entrenarlo durante 3 años para prepararlo para Mayweather&quot;, dijo Roach entre risas. 
&quot;Quiero decir que es bueno en MMA, ¿pero el boxeo? Por supuesto que no. Son deportes muy diferentes&quot;. 
“Admitámoslo, si pelean en boxeo, Mayweather gana, si pelean MMA gana McGregor, son demasiadas reglas, muy distintas”, afirmó. 
</post>
<signature>

</signature>
<external_links>

</external_links>
<country>US</country>
<main_image>http://rec-eph.gfrcdn.net/images/2016/05/11/crop_asd_3.jpg</main_image>
</document>
