<?xml version="1.0" encoding="UTF-8"?>
<document>
<type>mainstream</type>
<forum>http://rssfeeds.wcnc.com/_/20/106502776/wcnc/entertainment</forum>
<forum_title>WCNC - Entertainment</forum_title>
<discussion_title>Playboy intros 2016 Playmate of the Year</discussion_title>
<language>english</language>
<gmt_offset></gmt_offset>
<topic_url>http://www.wcnc.com/entertainment/playboy-introduces-eugena-washington-as-2016-playmate-of-the-year/186886284</topic_url>
<topic_text>
Playboy introduces Eugena Washington as 2016 Playmate of the Year 2016 Playboy Playmate of the Year - Eugena Washington Michael King, WCNC 8:59 AM. EST May 12, 2016 The cover of the June 2016 edition of Playboy Magazine (Photo: Jason Lee Parry) CONNECT TWEET LINKEDIN GOOGLE+ PINTEREST 
ATLANTA (WXIA) – Playboy Magazine introduced its 2016 Playmate of the Year, 31 year-old Eugena Washington during an announcement at the Playboy Mansion in Holmby Hills, California on Wednesday. 
Washington is featured on the cover of the June 2016 issue of Playboy and in a 10-page pictorial spread in the magazine. 
Playboy made headlines earlier this year by stepping back from including nude photographs of its playmates in the pages of the legendary mens’ magazine. 
Previously, Washington was seen on American television as a runner-up in the 7 th cycle of the CW series America’s Next Top Model . She also appeared in the music video of rapper B.o.B.’s single “ Nothin’ on You ,” and has a recurring role in CBS’ soap opera The Bold and the Beautiful . She appears in the recently released film The Perfect Match and will appear in the upcoming film Like. Share. Follow . Washington plans to launch her own organic hair-care line DTMH (Don’t Touch My Hair) by Eugena , later this year. 
“It’s a great time for this. The world is changing. I hope this brings different eyes to the magazine and new audiences,” Washington said. “This is a story and chapter in my life to build around. I’m enjoying the ride, and right now, I’m doing whatever I want to do, day by day. That’s how I live. That’s what my life is about. As long as I’m doing what I want to do, I’m happy. Right now, being a part of Playboy is what I want to do.” 
Washington gets $100,000 in prize money, and a 2-year lease on a 2017 Fiat 124 Spider, which revives the classic 2-seater European convertible roaster. The 2017 Spider is based on and designed around the Mazda Miata, according to Car and Driver. 
In a release, Playboy said Washington first appeared in Playboy as the December 2015 Playmate of the Month before being selected Playmate of the Year. She is the magazine’s 57 th Playmate of the Year, and only the third black model to hold the iconic title, behind Renee Tenison, who was selected 1990 Playmate of the Year and Ida Ljungqvist, 2009 Playmate of the Year. 
Playboy’s first Playmate of the Year, Ellen Stratton, was selected in 1960. 
The 2016 Playmate of the Year issue will hit newsstands on Friday, May 20, 2016, Additional photos and video are online now at http://www.playboy.com/pmoy2016 . 
%
</topic_text>
<spam_score>0.00</spam_score>
<post_num>1</post_num>
<post_id>post-1</post_id>
<post_url>http://www.wcnc.com/entertainment/playboy-introduces-eugena-washington-as-2016-playmate-of-the-year/186886284</post_url>
<post_date>20160512</post_date>
<post_time>1359</post_time>
<username>Michael King</username>
<post>
Playboy introduces Eugena Washington as 2016 Playmate of the Year 2016 Playboy Playmate of the Year - Eugena Washington Michael King, WCNC 8:59 AM. EST May 12, 2016 The cover of the June 2016 edition of Playboy Magazine (Photo: Jason Lee Parry) CONNECT TWEET LINKEDIN GOOGLE+ PINTEREST 
ATLANTA (WXIA) – Playboy Magazine introduced its 2016 Playmate of the Year, 31 year-old Eugena Washington during an announcement at the Playboy Mansion in Holmby Hills, California on Wednesday. 
Washington is featured on the cover of the June 2016 issue of Playboy and in a 10-page pictorial spread in the magazine. 
Playboy made headlines earlier this year by stepping back from including nude photographs of its playmates in the pages of the legendary mens’ magazine. 
Previously, Washington was seen on American television as a runner-up in the 7 th cycle of the CW series America’s Next Top Model . She also appeared in the music video of rapper B.o.B.’s single “ Nothin’ on You ,” and has a recurring role in CBS’ soap opera The Bold and the Beautiful . She appears in the recently released film The Perfect Match and will appear in the upcoming film Like. Share. Follow . Washington plans to launch her own organic hair-care line DTMH (Don’t Touch My Hair) by Eugena , later this year. 
“It’s a great time for this. The world is changing. I hope this brings different eyes to the magazine and new audiences,” Washington said. “This is a story and chapter in my life to build around. I’m enjoying the ride, and right now, I’m doing whatever I want to do, day by day. That’s how I live. That’s what my life is about. As long as I’m doing what I want to do, I’m happy. Right now, being a part of Playboy is what I want to do.” 
Washington gets $100,000 in prize money, and a 2-year lease on a 2017 Fiat 124 Spider, which revives the classic 2-seater European convertible roaster. The 2017 Spider is based on and designed around the Mazda Miata, according to Car and Driver. 
In a release, Playboy said Washington first appeared in Playboy as the December 2015 Playmate of the Month before being selected Playmate of the Year. She is the magazine’s 57 th Playmate of the Year, and only the third black model to hold the iconic title, behind Renee Tenison, who was selected 1990 Playmate of the Year and Ida Ljungqvist, 2009 Playmate of the Year. 
Playboy’s first Playmate of the Year, Ellen Stratton, was selected in 1960. 
The 2016 Playmate of the Year issue will hit newsstands on Friday, May 20, 2016, Additional photos and video are online now at http://www.playboy.com/pmoy2016 . 
%
</post>
<signature>

</signature>
<external_links>

</external_links>
<country>US</country>
<main_image>http://content.11alive.com/photo/2016/05/12/Playboy-June-2016-cover_1463025774081_2229174_ver1.0_640_360.jpg</main_image>
</document>
