<?xml version="1.0" encoding="UTF-8"?>
<document>
<type>mainstream</type>
<forum>http://y107.com/feed</forum>
<forum_title>Y107</forum_title>
<discussion_title>Y107 Live At Creative Car Audio</discussion_title>
<language>english</language>
<gmt_offset></gmt_offset>
<topic_url>http://y107.com/32125-2/</topic_url>
<topic_text>
May 12,   
Cosmo will be live at Creative Car Audio in Columbia on Friday, May 13 from 4-6p to celebrate their 25th Anniversary ! They are on Cooper Drive just down from Andy’s Frozen Custard.
</topic_text>
<spam_score>0.00</spam_score>
<post_num>1</post_num>
<post_id>post-1</post_id>
<post_url>http://y107.com/32125-2/</post_url>
<post_date>20160512</post_date>
<post_time>1445</post_time>
<username>cosmo</username>
<post>
May 12,   
Cosmo will be live at Creative Car Audio in Columbia on Friday, May 13 from 4-6p to celebrate their 25th Anniversary ! They are on Cooper Drive just down from Andy’s Frozen Custard.
</post>
<signature>

</signature>
<external_links>

</external_links>
<country>US</country>
<main_image></main_image>
</document>
