<?xml version="1.0" encoding="UTF-8"?>
<document>
<type>mainstream</type>
<forum>http://www.sportschau.de/sportschauindex100.feed</forum>
<forum_title>sportschau.de</forum_title>
<discussion_title>Eishockey-WM in Russland: USA besiegt Frankreich deutlich</discussion_title>
<language>german</language>
<gmt_offset></gmt_offset>
<topic_url>http://www.sportschau.de/weitere/eishockey/eishockey-wm-sammler-102.html</topic_url>
<topic_text>
Eishockey-WM in Russland USA besiegt Frankreich deutlich Die Auswahl der USA hat bei der Eishockey-WM Frankreich besiegt und damit einem deutschen Konkurrenten Punkte im Kampf um die Viertelfinal-Qualifikation genommen. Neuer Abschnitt In St. Petersburg legte das US-Team mit drei Toren in rund fünfeinhalb Minuten im Mitteldrittel den Grundstein für das 4:0 (0:0, 3:0, 1:0). Die USA hat nun zwei Siege und sechs Punkte nach vier Partien verbucht, Frankreich bleibt bei fünf Zählern. Gegen die Franzosen hatte die Auswahl von Bundestrainer Marco Sturm zum Auftakt mit 2:3 nach Penaltyschießen verloren. Die USA sind am Sonntag vorletzter deutscher Vorrundengegner in der Gruppe B. Tschechen fertigen Norwegen ab In der Gruppe A in Moskau feierte die Top-Nation Tschechien im vierten Spiel ihren bislang höchsten Sieg. Mit 7:0 (3:0, 4:0, 0:0) fertigten die Tschechen am Donnerstag Norwegen ab und steuern dem Gruppensieg entgegen. sid/dpa | Stand: 12.05.2016, 18:05
</topic_text>
<spam_score>0.00</spam_score>
<post_num>1</post_num>
<post_id>post-1</post_id>
<post_url>http://www.sportschau.de/weitere/eishockey/eishockey-wm-sammler-102.html</post_url>
<post_date>20160512</post_date>
<post_time>1605</post_time>
<username>sportschau.de</username>
<post>
Eishockey-WM in Russland USA besiegt Frankreich deutlich Die Auswahl der USA hat bei der Eishockey-WM Frankreich besiegt und damit einem deutschen Konkurrenten Punkte im Kampf um die Viertelfinal-Qualifikation genommen. Neuer Abschnitt In St. Petersburg legte das US-Team mit drei Toren in rund fünfeinhalb Minuten im Mitteldrittel den Grundstein für das 4:0 (0:0, 3:0, 1:0). Die USA hat nun zwei Siege und sechs Punkte nach vier Partien verbucht, Frankreich bleibt bei fünf Zählern. Gegen die Franzosen hatte die Auswahl von Bundestrainer Marco Sturm zum Auftakt mit 2:3 nach Penaltyschießen verloren. Die USA sind am Sonntag vorletzter deutscher Vorrundengegner in der Gruppe B. Tschechen fertigen Norwegen ab In der Gruppe A in Moskau feierte die Top-Nation Tschechien im vierten Spiel ihren bislang höchsten Sieg. Mit 7:0 (3:0, 4:0, 0:0) fertigten die Tschechen am Donnerstag Norwegen ab und steuern dem Gruppensieg entgegen. sid/dpa | Stand: 12.05.2016, 18:05
</post>
<signature>

</signature>
<external_links>

</external_links>
<country>DE</country>
<main_image>http://www.sportschau.de/weitere/eishockey/usa178~_v-gseagaleriexl.jpg</main_image>
</document>
