<?xml version="1.0" encoding="UTF-8"?>
<document>
<type>mainstream</type>
<forum></forum>
<forum_title></forum_title>
<discussion_title>Gigantic Official Perfect World Announcement Trailer - WIN 50 EURO ALL VIDEOS IS IN WIN 50 EURO ALL VIDEOS IS IN</discussion_title>
<language>english</language>
<gmt_offset></gmt_offset>
<topic_url>http://www.papasifazzi.com/games/gigantic-official-perfect-world-announcement-trailer/</topic_url>
<topic_text>
Added by admin 2 days ago 0 Views 0 Comments 0 Likes THANKS FOR YOUR VISIT !!!! A4-120 by PAPASIFIS A4-116 by PAPASIFIS ... Leave a Reply Your email address will not be published. Required fields are marked * Name 
</topic_text>
<spam_score>0.00</spam_score>
<post_num>1</post_num>
<post_id>post-1</post_id>
<post_url>http://www.papasifazzi.com/games/gigantic-official-perfect-world-announcement-trailer/</post_url>
<post_date>20160512</post_date>
<post_time></post_time>
<username>Added Admin</username>
<post>
Added by admin 2 days ago 0 Views 0 Comments 0 Likes THANKS FOR YOUR VISIT !!!! A4-120 by PAPASIFIS A4-116 by PAPASIFIS ... Leave a Reply Your email address will not be published. Required fields are marked * Name 
</post>
<signature>

</signature>
<external_links>

</external_links>
<country>US</country>
<main_image>http://www.papasifazzi.com/wp-content/uploads/2016/05/gigantic-official-perfect-world.jpg</main_image>
</document>
