<?xml version="1.0" encoding="UTF-8"?>
<document>
<type>mainstream</type>
<forum></forum>
<forum_title></forum_title>
<discussion_title>Se esperan unas 40 mil personas en el PR Comic Con</discussion_title>
<language>spanish</language>
<gmt_offset></gmt_offset>
<topic_url>http://www.primerahora.com/entretenimiento/farandula/nota/seesperanunas40milpersonasenelprcomiccon-1152851/</topic_url>
<topic_text>
Por Agencia EFE En esta cita de tres días participarán también unos 250 coleccionistas. (Archivo) 
&quot;Nosotros somos bien meticulosos en lo que vamos a presentar&quot; en el Centro de Convenciones de la capital en los próximos días, dijo Carrión, quien recordó que el año pasado acudieron cerca de 42,000 personas de todas las edades. 
Para la edición de este año la agenda incluye la visita de varios artistas, como la actriz de descendencia puertorriqueña Lana Parrilla, que encarna a The Evil Queen en la serie de televisión &quot;Once upon a time&quot;, Lyndsy Fonseca, de la secuela de películas &quot;Kick-Ass&quot;. 
En esta cita de tres días participarán también unos 250 coleccionistas y el dibujante estadounidense John Romita, Jr., conocido por su amplio trabajo para la editorial de cómics Marvel Comics desde la década de los años 70. 
Marvel Comics ha presentado en los pasados años varias películas de algunos de sus superhéroes más famosos, como el Capitán América, Hulk o Spider-Man, entre otros, lo que para Carrión ha dado un gran impulso al interés que despierta entre la ciudadanía el mundo del cómic y la celebración de eventos como el PRCC. 
&quot;Las películas de Marvel han ayudado a hacer crecer el interés&quot; por esta cita anual con los cómics, reconoció Carrión, quien apuntó que esa editorial, así como la casa Sony, ofrecerán adelantos exclusivos de alguna de sus próximas películas. 
Esta convención, la principal dedicada al arte independiente y de cultura &quot;pop&quot; en Puerto Rico, h 
</topic_text>
<spam_score>0.00</spam_score>
<post_num>1</post_num>
<post_id>post-1</post_id>
<post_url>http://www.primerahora.com/entretenimiento/farandula/nota/seesperanunas40milpersonasenelprcomiccon-1152851/</post_url>
<post_date>20160511</post_date>
<post_time></post_time>
<username></username>
<post>
Por Agencia EFE En esta cita de tres días participarán también unos 250 coleccionistas. (Archivo) 
&quot;Nosotros somos bien meticulosos en lo que vamos a presentar&quot; en el Centro de Convenciones de la capital en los próximos días, dijo Carrión, quien recordó que el año pasado acudieron cerca de 42,000 personas de todas las edades. 
Para la edición de este año la agenda incluye la visita de varios artistas, como la actriz de descendencia puertorriqueña Lana Parrilla, que encarna a The Evil Queen en la serie de televisión &quot;Once upon a time&quot;, Lyndsy Fonseca, de la secuela de películas &quot;Kick-Ass&quot;. 
En esta cita de tres días participarán también unos 250 coleccionistas y el dibujante estadounidense John Romita, Jr., conocido por su amplio trabajo para la editorial de cómics Marvel Comics desde la década de los años 70. 
Marvel Comics ha presentado en los pasados años varias películas de algunos de sus superhéroes más famosos, como el Capitán América, Hulk o Spider-Man, entre otros, lo que para Carrión ha dado un gran impulso al interés que despierta entre la ciudadanía el mundo del cómic y la celebración de eventos como el PRCC. 
&quot;Las películas de Marvel han ayudado a hacer crecer el interés&quot; por esta cita anual con los cómics, reconoció Carrión, quien apuntó que esa editorial, así como la casa Sony, ofrecerán adelantos exclusivos de alguna de sus próximas películas. 
Esta convención, la principal dedicada al arte independiente y de cultura &quot;pop&quot; en Puerto Rico, h 
</post>
<signature>

</signature>
<external_links>

</external_links>
<country>US</country>
<main_image>http://rec-eph.gfrcdn.net/images/2016/05/11/comiccon.jpg</main_image>
</document>
