<?xml version="1.0" encoding="UTF-8"?>
<document>
<type>mainstream</type>
<forum>http://biertijd.com/xml-rss2.php</forum>
<forum_title>Biertijd.com</forum_title>
<discussion_title>Claycat&apos;s DOOM</discussion_title>
<language>dutch</language>
<gmt_offset></gmt_offset>
<topic_url>http://biertijd.com/index.php?itemid=60935</topic_url>
<topic_text>
Crash Galore (377) &gt;&gt; Claycat&apos;s DOOM Lee Hardcastle is geen onbekende bij ons. De man is erg handig met het maken van claymotion filmpjes. En ja, die zijn best grof maar erg cool. Vooral zijn laatste creatie Claycat&apos;s DOOM ! 10 May &apos;16 - cat: Cool
</topic_text>
<spam_score>0.00</spam_score>
<post_num>1</post_num>
<post_id>post-1</post_id>
<post_url>http://biertijd.com/index.php?itemid=60935</post_url>
<post_date>20160510</post_date>
<post_time>1906</post_time>
<username></username>
<post>
Crash Galore (377) &gt;&gt; Claycat&apos;s DOOM Lee Hardcastle is geen onbekende bij ons. De man is erg handig met het maken van claymotion filmpjes. En ja, die zijn best grof maar erg cool. Vooral zijn laatste creatie Claycat&apos;s DOOM ! 10 May &apos;16 - cat: Cool
</post>
<signature>

</signature>
<external_links>

</external_links>
<country>NL</country>
<main_image></main_image>
</document>
