<?xml version="1.0" encoding="UTF-8"?>
<document>
<type>mainstream</type>
<forum>http://www.leparisien.fr/insolite</forum>
<forum_title>Actualité insolite, photos et vidéos insolite - Le Parisien</forum_title>
<discussion_title>L&apos;emblématique hôtel Lutetia, en plein travaux de rénovation pour une réouverture en 2017</discussion_title>
<language>french</language>
<gmt_offset></gmt_offset>
<topic_url>http://www.leparisien.fr/flash-actualite-culture/l-emblematique-hotel-lutetia-en-plein-travaux-de-renovation-pour-une-reouverture-en-2017-12-05-2016-5789795.php</topic_url>
<topic_text>
Le Lutetia , emblématique hôtel art déco parisien fermé en 2014 pour sa première cure de jouvence depuis sa construction en 1910 et actuellement en plein travaux de gros-?uvre, doit rouvrir au deuxième semestre 2017.
&quot;Il s&apos;agit d&apos;un chantier majeur, unique mais très technique. La plus grosse difficulté est l&apos;environnement urbain, nous n&apos;avons qu&apos;un seul accès alors qu&apos;il en faudrait deux ou trois. Trois salons sont par ailleurs classés, nous n&apos;y touchons pas, ce qui pose une grosse contrainte pour le déroulé des travaux&quot;, a expliqué lors d&apos;un point presse Florent Bonnet , directeur d&apos;exploitation en charge du projet, pour le groupe de BTP Eiffage .
L&apos;hôtel de sept étages situé Rive gauche, qui a abrité les services de renseignement allemands pendant l&apos;occupation puis les déportés de retour des camps, a été racheté par le groupe israélien Alrov, en 2010.
Le coût de ses travaux de gros-?uvre, débutés en avril 2015 et devant s&apos;achever entre juin et juillet, s&apos;élève à 22,8 millions d&apos;euros. Arriveront ensuite les travaux techniques, les cloisonnements et enfin la décoration. Le tout orchestré par l&apos; architecte Jean-Michel Wilmotte.
Ce gros-?uvre représente 65.000 heures de travail et emploie actuellement une équipe de 155 personnes. Et 15 engins démolissent, cassent, creusent sous les six bâtiments existants en cours de reconstruction.
&quot;Nous avons créé un troisième sous-sol inexistant et nous avons étendu le deuxième sous-sol. Tous deux abriteront des locaux techniques quand le premier sous-sol sera lui dédié à la piscine, au spa , aux cuisines et aux locaux du personnel&quot;, détaille M. Bonnet.
Il a donc fallu creuser &quot;entre 12 et 17 mètres de profondeur&quot; et ainsi &quot;mettre en place une installation spécifique de renouvellement d&apos;air pour que les eployés puissent travailler dans ce milieu confiné&quot;, souligne-t-il.
Durant ces travaux, l&apos;équipe s&apos;attendait &quot;à tomber sur un bunker de la seconde guerre mondiale&quot; en raison du passé de l&apos;établissement. &quot;Mais nous n&apos;avons absolument rien découvert&quot;, lâche le directeur d&apos;exploitation.
L&apos;établissement, rendez-vous du monde littéraire, devrait rouvrir ses portes au deuxième semestre 2017.
Les collections du Lutetia, dont une centaine d&apos;?uvres d&apos;art réalisées in situ et 8.000 bouteilles de vins et de spiritueux, ont été vendues aux enchères en février 2014.
Le Lutetia est le quatrième palace parisien à avoir fermé ses portes pour rénovation, après le Ritz, fermé en août 2012 et qui doit rouvrir en juin, le Crillon, fermé depuis mars 2013, ou encore le Plaza Athénée, fermé pendant 10 mois et qui a rouvert en septembre 2014.
AFP
Réagir
</topic_text>
<spam_score>0.00</spam_score>
<post_num>1</post_num>
<post_id>post-1</post_id>
<post_url>http://www.leparisien.fr/flash-actualite-culture/l-emblematique-hotel-lutetia-en-plein-travaux-de-renovation-pour-une-reouverture-en-2017-12-05-2016-5789795.php</post_url>
<post_date>20160512</post_date>
<post_time>1744</post_time>
<username>leparisien.fr</username>
<post>
Le Lutetia , emblématique hôtel art déco parisien fermé en 2014 pour sa première cure de jouvence depuis sa construction en 1910 et actuellement en plein travaux de gros-?uvre, doit rouvrir au deuxième semestre 2017.
&quot;Il s&apos;agit d&apos;un chantier majeur, unique mais très technique. La plus grosse difficulté est l&apos;environnement urbain, nous n&apos;avons qu&apos;un seul accès alors qu&apos;il en faudrait deux ou trois. Trois salons sont par ailleurs classés, nous n&apos;y touchons pas, ce qui pose une grosse contrainte pour le déroulé des travaux&quot;, a expliqué lors d&apos;un point presse Florent Bonnet , directeur d&apos;exploitation en charge du projet, pour le groupe de BTP Eiffage .
L&apos;hôtel de sept étages situé Rive gauche, qui a abrité les services de renseignement allemands pendant l&apos;occupation puis les déportés de retour des camps, a été racheté par le groupe israélien Alrov, en 2010.
Le coût de ses travaux de gros-?uvre, débutés en avril 2015 et devant s&apos;achever entre juin et juillet, s&apos;élève à 22,8 millions d&apos;euros. Arriveront ensuite les travaux techniques, les cloisonnements et enfin la décoration. Le tout orchestré par l&apos; architecte Jean-Michel Wilmotte.
Ce gros-?uvre représente 65.000 heures de travail et emploie actuellement une équipe de 155 personnes. Et 15 engins démolissent, cassent, creusent sous les six bâtiments existants en cours de reconstruction.
&quot;Nous avons créé un troisième sous-sol inexistant et nous avons étendu le deuxième sous-sol. Tous deux abriteront des locaux techniques quand le premier sous-sol sera lui dédié à la piscine, au spa , aux cuisines et aux locaux du personnel&quot;, détaille M. Bonnet.
Il a donc fallu creuser &quot;entre 12 et 17 mètres de profondeur&quot; et ainsi &quot;mettre en place une installation spécifique de renouvellement d&apos;air pour que les eployés puissent travailler dans ce milieu confiné&quot;, souligne-t-il.
Durant ces travaux, l&apos;équipe s&apos;attendait &quot;à tomber sur un bunker de la seconde guerre mondiale&quot; en raison du passé de l&apos;établissement. &quot;Mais nous n&apos;avons absolument rien découvert&quot;, lâche le directeur d&apos;exploitation.
L&apos;établissement, rendez-vous du monde littéraire, devrait rouvrir ses portes au deuxième semestre 2017.
Les collections du Lutetia, dont une centaine d&apos;?uvres d&apos;art réalisées in situ et 8.000 bouteilles de vins et de spiritueux, ont été vendues aux enchères en février 2014.
Le Lutetia est le quatrième palace parisien à avoir fermé ses portes pour rénovation, après le Ritz, fermé en août 2012 et qui doit rouvrir en juin, le Crillon, fermé depuis mars 2013, ou encore le Plaza Athénée, fermé pendant 10 mois et qui a rouvert en septembre 2014.
AFP
Réagir
</post>
<signature>

</signature>
<external_links>
<external_link>http://etudiant.aujourdhui.fr/etudiant/metiers/fiche-metier/architecte.html</external_link>
</external_links>
<country>FR</country>
<main_image>http://s1.lprs1.fr/images/2016/05/12/5789795_eda2537fb544351848deb915239297bc184a7c9b.jpg</main_image>
</document>
