<?xml version="1.0" encoding="UTF-8"?>
<document>
<type>mainstream</type>
<forum></forum>
<forum_title></forum_title>
<discussion_title>Vídeo: Hombre abre puerta del carro en plena acción del car wash</discussion_title>
<language>spanish</language>
<gmt_offset></gmt_offset>
<topic_url>http://www.primerahora.com/noticias/increible/nota/videohombreabrepuertadelcarroenplenaacciondelcarwash-1152814/</topic_url>
<topic_text>
Vídeo: Hombre abre puerta del carro en plena acción del &quot;car wash&quot; Por El Comercio / Perú / GDA 05/11/2016 |01:20 p.m. Nunca imaginó lo que pasaría. 
Luego de ver este video de YouTube para miles de conductores queda muy claro que abrir la puerta de su vehículo durante un lavado automático es quizás una de las peores ideas. Las imágenes de este accidente fueron captadas por la cámara de seguridad. 
Decidió lavar su vehículo en un servicio automático para carros, pero una distracción lo hizo abrir inoportunamente la puerta y perjudicar su camioneta. Así lo registró la cámara de seguridad del local, las imágenes fueron compartidas en YouTube y en menos de una semana ya han dado la vuelta al mundo. 
Hombre abre puerta del carro en plena acción del &quot;car wash&quot; 
Nunca imaginó lo que pasaría. 
En las escenas difundidas por YouTube, podemos ver cómo un confiado hombre se distrae durante el lavado de su camioneta y por salir a acomodar la pluma del limpiaparabrisas terminó perdiendo la puerta del vehículo. 
Como se ve en el video de YouTube, la máquina que asea carros de forma automática pasó sobre la puerta de la camioneta del descuidado conductor y prácticamente la arrancó. Incluso, si el hombre no hubiera ingresado a tiempo al vehículo podría haber sufrido alguna lesión grave. 
El conductor intentó buscar explicaciones al accidente, sin embargo toda responsabilidad recae sobre él. 
</topic_text>
<spam_score>0.00</spam_score>
<post_num>1</post_num>
<post_id>post-1</post_id>
<post_url>http://www.primerahora.com/noticias/increible/nota/videohombreabrepuertadelcarroenplenaacciondelcarwash-1152814/</post_url>
<post_date>20160511</post_date>
<post_time></post_time>
<username></username>
<post>
Vídeo: Hombre abre puerta del carro en plena acción del &quot;car wash&quot; Por El Comercio / Perú / GDA 05/11/2016 |01:20 p.m. Nunca imaginó lo que pasaría. 
Luego de ver este video de YouTube para miles de conductores queda muy claro que abrir la puerta de su vehículo durante un lavado automático es quizás una de las peores ideas. Las imágenes de este accidente fueron captadas por la cámara de seguridad. 
Decidió lavar su vehículo en un servicio automático para carros, pero una distracción lo hizo abrir inoportunamente la puerta y perjudicar su camioneta. Así lo registró la cámara de seguridad del local, las imágenes fueron compartidas en YouTube y en menos de una semana ya han dado la vuelta al mundo. 
Hombre abre puerta del carro en plena acción del &quot;car wash&quot; 
Nunca imaginó lo que pasaría. 
En las escenas difundidas por YouTube, podemos ver cómo un confiado hombre se distrae durante el lavado de su camioneta y por salir a acomodar la pluma del limpiaparabrisas terminó perdiendo la puerta del vehículo. 
Como se ve en el video de YouTube, la máquina que asea carros de forma automática pasó sobre la puerta de la camioneta del descuidado conductor y prácticamente la arrancó. Incluso, si el hombre no hubiera ingresado a tiempo al vehículo podría haber sufrido alguna lesión grave. 
El conductor intentó buscar explicaciones al accidente, sin embargo toda responsabilidad recae sobre él. 
</post>
<signature>

</signature>
<external_links>

</external_links>
<country>US</country>
<main_image>http://rec-eph.gfrcdn.net/images/2016/05/11/crop_capture_6.jpg</main_image>
</document>
