<?xml version="1.0" encoding="UTF-8"?>
<document>
<type>mainstream</type>
<forum></forum>
<forum_title></forum_title>
<discussion_title>Pareja de hombres lucha por registrar hijos nacidos de vientre en alquiler</discussion_title>
<language>spanish</language>
<gmt_offset></gmt_offset>
<topic_url>http://www.primerahora.com/noticias/mundo/nota/parejadehombresluchaporregistrarhijosnacidosdevientreenalquiler-1152843/</topic_url>
<topic_text>
Pareja de hombres lucha por registrar hijos nacidos de vientre en alquiler Por Agencia EFE 05/11/2016 |04:14 p.m. El matrimonio formado por Daniel Tagliani y Sebastián Nieva demandó a los responsables del Registro Civil de Buenos Aires. (Archivo) 
Dos hombres argentinos pelean contra las autoridades de Buenos Aires que no les permiten inscribir como hijos de ambos a los mellizos que tuvieron mediante vientre de alquiler en Estados Unidos, de la misma madre pero cada uno de uno de los padres, informaron hoy a Efe los protagonistas. 
El matrimonio formado por Daniel Tagliani y Sebastián Nieva demandó a los responsables del Registro Civil de Buenos Aires y trasladó su caso a distintos responsables políticos de la capital por lo que consideran un claro caso de &quot;discriminación&quot; por tratarse de &quot;dos hombres&quot;, explicó a Efe Tagliani. 
&quot;A cualquiera que va a reconocer un hijo con dos testigos se lo aceptan y a nosotros nos dicen que tenemos que judicializar, que no pueden inscribirnos a los dos como padres&quot;, señaló el implicado. 
Los pequeños nacieron hace ya un año, &quot;del mismo útero, con dos minutos de diferencia&quot;, y son hermanos biológicos porque los óvulos de los que proceden fueron aportados por la misma persona, contó Tagliani. 
Además, los dos padres llevan 15 años como pareja, están casados desde 2014 y los dos pequeños tienen el apellido de ambos, según figura en la partida de nacimiento registrada en el estado de Texas. 
Pese a ello, las autoridades de Buenos Aires no reconocen la &quot;coparentalidad mutua&quot;. 
&quot;Si, por ejemplo, yo me muero, mi hijo queda totalmente huérfano, no tenemos nada que compruebe que es hijo de los dos&quot;, lamentó Tagliani. 
Los bebés permanecen incluso en situación de irregularidad migratoria porque están como turistas en Argentina, lo que implica que cada tres meses tienen que salir del país. 
&quot;Nadie asume el costo político de decir que no, hicimos una denuncia en el Inadi (Instituto Nacional contra la Discriminación, la Xenofobia y el Racismo) contra el jefe de registro civil y enviamos carta al jefe de Gobierno de la Ciudad&quot;, apuntó Tagliani. 
Para los progenitores, el trámite es &quot;muy simple&quot; e instan a &quot;abrir la cabeza&quot; porque &quot;en todas partes hay familias nuevas&quot;, en palabras del afectado. 
&quot;Hay que solucionar esto cuanto antes porque es una clara situación de desprotección para los hijos&quot;, subrayó Tagliani. 
Hasta el momento, tras ser consultados por Efe, desde el Registro Civil de Buenos Aires no se han pronunciado sobre el problema. 
</topic_text>
<spam_score>0.00</spam_score>
<post_num>1</post_num>
<post_id>post-1</post_id>
<post_url>http://www.primerahora.com/noticias/mundo/nota/parejadehombresluchaporregistrarhijosnacidosdevientreenalquiler-1152843/</post_url>
<post_date>20160511</post_date>
<post_time></post_time>
<username></username>
<post>
Pareja de hombres lucha por registrar hijos nacidos de vientre en alquiler Por Agencia EFE 05/11/2016 |04:14 p.m. El matrimonio formado por Daniel Tagliani y Sebastián Nieva demandó a los responsables del Registro Civil de Buenos Aires. (Archivo) 
Dos hombres argentinos pelean contra las autoridades de Buenos Aires que no les permiten inscribir como hijos de ambos a los mellizos que tuvieron mediante vientre de alquiler en Estados Unidos, de la misma madre pero cada uno de uno de los padres, informaron hoy a Efe los protagonistas. 
El matrimonio formado por Daniel Tagliani y Sebastián Nieva demandó a los responsables del Registro Civil de Buenos Aires y trasladó su caso a distintos responsables políticos de la capital por lo que consideran un claro caso de &quot;discriminación&quot; por tratarse de &quot;dos hombres&quot;, explicó a Efe Tagliani. 
&quot;A cualquiera que va a reconocer un hijo con dos testigos se lo aceptan y a nosotros nos dicen que tenemos que judicializar, que no pueden inscribirnos a los dos como padres&quot;, señaló el implicado. 
Los pequeños nacieron hace ya un año, &quot;del mismo útero, con dos minutos de diferencia&quot;, y son hermanos biológicos porque los óvulos de los que proceden fueron aportados por la misma persona, contó Tagliani. 
Además, los dos padres llevan 15 años como pareja, están casados desde 2014 y los dos pequeños tienen el apellido de ambos, según figura en la partida de nacimiento registrada en el estado de Texas. 
Pese a ello, las autoridades de Buenos Aires no reconocen la &quot;coparentalidad mutua&quot;. 
&quot;Si, por ejemplo, yo me muero, mi hijo queda totalmente huérfano, no tenemos nada que compruebe que es hijo de los dos&quot;, lamentó Tagliani. 
Los bebés permanecen incluso en situación de irregularidad migratoria porque están como turistas en Argentina, lo que implica que cada tres meses tienen que salir del país. 
&quot;Nadie asume el costo político de decir que no, hicimos una denuncia en el Inadi (Instituto Nacional contra la Discriminación, la Xenofobia y el Racismo) contra el jefe de registro civil y enviamos carta al jefe de Gobierno de la Ciudad&quot;, apuntó Tagliani. 
Para los progenitores, el trámite es &quot;muy simple&quot; e instan a &quot;abrir la cabeza&quot; porque &quot;en todas partes hay familias nuevas&quot;, en palabras del afectado. 
&quot;Hay que solucionar esto cuanto antes porque es una clara situación de desprotección para los hijos&quot;, subrayó Tagliani. 
Hasta el momento, tras ser consultados por Efe, desde el Registro Civil de Buenos Aires no se han pronunciado sobre el problema. 
</post>
<signature>

</signature>
<external_links>

</external_links>
<country>US</country>
<main_image>http://rec-eph.gfrcdn.net/images/2016/05/11/embarazomotivo.jpg</main_image>
</document>
