<?xml version="1.0" encoding="UTF-8"?>
<document>
<type>mainstream</type>
<forum></forum>
<forum_title></forum_title>
<discussion_title>danica patrick 1920x1200</discussion_title>
<language>english</language>
<gmt_offset></gmt_offset>
<topic_url>http://www.djmastersound.com/danica-patrick-1920x1200/</topic_url>
<topic_text>
Djmastersound EDM Trance House Electro Dancefloor Frenchtouch (000) 111-222 
</topic_text>
<spam_score>0.00</spam_score>
<post_num>1</post_num>
<post_id>post-1</post_id>
<post_url>http://www.djmastersound.com/danica-patrick-1920x1200/</post_url>
<post_date>20151023</post_date>
<post_time></post_time>
<username></username>
<post>
Djmastersound EDM Trance House Electro Dancefloor Frenchtouch (000) 111-222 
</post>
<signature>

</signature>
<external_links>

</external_links>
<country>FR</country>
<main_image>http://i1.wp.com/www.djmastersound.com/wp-content/uploads/2015/10/danica-patrick-1920x1200.jpg?fit=1920%2C1200</main_image>
</document>
