<?xml version="1.0" encoding="UTF-8"?>
<document>
<type>mainstream</type>
<forum>http://www.cbs8.com/category/307361/business-wire</forum>
<forum_title>Business Wire - CBS News 8 - San Diego, CA News Station - KFMB Channel 8</forum_title>
<discussion_title>Agricultural Biologicals Market by Type, Application, Sources, &amp;</discussion_title>
<language>english</language>
<gmt_offset></gmt_offset>
<topic_url>http://www.cbs8.com/story/31956915/agricultural-biologicals-market-by-type-application-sources-by-mode-of-application-global-forecast-to-2020-research-and-markets</topic_url>
<topic_text>
DUBLIN --(BUSINESS WIRE) Research and Markets has announced the addition of the &quot;Agricultural Biologicals Market by Type, Application, Sources, and by Mode of Application - Global Forecast to 2020&quot; report to their offering.
The growth of this market is attributed to the increasing demand for organic products, the increasing global population, improved yield &amp; productivity, and rising cost of fertilizers &amp; pesticides.
Increase in demand for organic foods, swift growth in the use of microbial seed treatment products, abbreviated chemical hazards ,and easier residue management along with the promotion and aid by government agencies have fueled the usage of biologicals among the modern agricultural practices.
The global agricultural biologicals market is dominated by Europe and is closely followed by North America. These regions are quite ahead in adopting modern agricultural technology and organic farming as they are more developed as compared to other developing regions round the globe. This has led to create an increased demand for the overall organic ways to produce crops in the European market. These factors have played a major role in the dominance of the European Agricultural biologicals industry across the globe.
However, the demand for agricultural biological products from developing regions, such as Asia-Pacific and Latin America, has significantly increased. Increasing land degradation and rise in productivity of high quality crops have put tremendous pressure on countries with agrarian economy.
Key Topics Covered:
1 Introduction
2 Research Methodology
3 Executive Summary
4 Premium Insights
5 Market Overview
6 Industry Trends
7 Agricultural Biologicals Market, By Type
8 Agricultural Biologicals Market, By Application
9 Agricultural Biologicals , By Source
10 Agricultural Biologicals By Mode of Application
11 Agricultural Biologicals Market, By Region
12 Competitive Landscape
13 Company Profiles
Companies Mentioned:
Arysta Lifescience Limited BASF SE Bayer Cropscience AG Certis USA LLC ISARRO SPA Koppert B.V. Marrone Bio Innovation Inc. Novozyme A/S Syngenta T. Stanes &amp; Company Limited The DOW Chemical Company
For more information visit http://www.researchandmarkets.com/research/ht4xsq/agricultural
 //www.businesswire.com/news/home/20160512005878/en/
Research and Markets
Laura Wood, Senior Manager
press@researchandmarkets.com
For E.S.T Office Hours Call 1-917-300-0470
For U.S./CAN Toll Free Call 1-800-526-8630
For GMT Office Hours Call +353-1-416-8900
U.S. Fax: 646-607-1907
Fax (outside U.S.): +353-1-481-1716
Sector: Agriculture , Biopharmaceuticals
 
</topic_text>
<spam_score>0.00</spam_score>
<post_num>1</post_num>
<post_id>post-1</post_id>
<post_url>http://www.cbs8.com/story/31956915/agricultural-biologicals-market-by-type-application-sources-by-mode-of-application-global-forecast-to-2020-research-and-markets</post_url>
<post_date>20160512</post_date>
<post_time>1021</post_time>
<username>cbs8</username>
<post>
DUBLIN --(BUSINESS WIRE) Research and Markets has announced the addition of the &quot;Agricultural Biologicals Market by Type, Application, Sources, and by Mode of Application - Global Forecast to 2020&quot; report to their offering.
The growth of this market is attributed to the increasing demand for organic products, the increasing global population, improved yield &amp; productivity, and rising cost of fertilizers &amp; pesticides.
Increase in demand for organic foods, swift growth in the use of microbial seed treatment products, abbreviated chemical hazards ,and easier residue management along with the promotion and aid by government agencies have fueled the usage of biologicals among the modern agricultural practices.
The global agricultural biologicals market is dominated by Europe and is closely followed by North America. These regions are quite ahead in adopting modern agricultural technology and organic farming as they are more developed as compared to other developing regions round the globe. This has led to create an increased demand for the overall organic ways to produce crops in the European market. These factors have played a major role in the dominance of the European Agricultural biologicals industry across the globe.
However, the demand for agricultural biological products from developing regions, such as Asia-Pacific and Latin America, has significantly increased. Increasing land degradation and rise in productivity of high quality crops have put tremendous pressure on countries with agrarian economy.
Key Topics Covered:
1 Introduction
2 Research Methodology
3 Executive Summary
4 Premium Insights
5 Market Overview
6 Industry Trends
7 Agricultural Biologicals Market, By Type
8 Agricultural Biologicals Market, By Application
9 Agricultural Biologicals , By Source
10 Agricultural Biologicals By Mode of Application
11 Agricultural Biologicals Market, By Region
12 Competitive Landscape
13 Company Profiles
Companies Mentioned:
Arysta Lifescience Limited BASF SE Bayer Cropscience AG Certis USA LLC ISARRO SPA Koppert B.V. Marrone Bio Innovation Inc. Novozyme A/S Syngenta T. Stanes &amp; Company Limited The DOW Chemical Company
For more information visit http://www.researchandmarkets.com/research/ht4xsq/agricultural
 //www.businesswire.com/news/home/20160512005878/en/
Research and Markets
Laura Wood, Senior Manager
press@researchandmarkets.com
For E.S.T Office Hours Call 1-917-300-0470
For U.S./CAN Toll Free Call 1-800-526-8630
For GMT Office Hours Call +353-1-416-8900
U.S. Fax: 646-607-1907
Fax (outside U.S.): +353-1-481-1716
Sector: Agriculture , Biopharmaceuticals
 
</post>
<signature>

</signature>
<external_links>
<external_link>http://purl.org/rss/1.0/modules/content/</external_link><external_link>http://www.businesswire.com/news/home/20160512005878/en/</external_link><external_link>http://www.researchandmarkets.com/categories.asp?cat_id=56&amp;campaign_id=ht4xsq</external_link><external_link>http://www.researchandmarkets.com/research/ht4xsq/agricultural</external_link><external_link>http://www.researchandmarkets.com/categories.asp?cat_id=583&amp;campaign_id=ht4xsq</external_link><external_link>http://cts.businesswire.com/ct/CT?id=bwnews&amp;sty=20160512005878r1&amp;sid=56987&amp;distro=ftp</external_link>
</external_links>
<country>US</country>
<main_image>http://businesswire.images.worldnow.com/images/10540240_G.jpg</main_image>
</document>
