<?xml version="1.0" encoding="UTF-8"?>
<document>
<type>mainstream</type>
<forum>http://chelyabinsk.bezformata.ru/rss.xml</forum>
<forum_title>Новости города БезФормата.Ru Челябинская область Челябинск</forum_title>
<discussion_title>Конференция «IT-специалисты. Европейский уровень обучения в Челябинске» состоится в пресс-центре ОТВ</discussion_title>
<language>russian</language>
<gmt_offset></gmt_offset>
<topic_url>http://chelyabinsk.bezformata.ru/listnews/konferentciya-it-spetcialisti-evropejskij/46771393/</topic_url>
<topic_text>
Фото: www.1obl.ru Мероприятие в прямом эфире покажет сайт 1obl.tv. 
Четыре известных в Челябинске и за его пределами спикера в сфере IT выступят завтра на пресс-конференции в медиахолдинге ОТВ. Тема мероприятия — «IT-специалисты. Европейский уровень обучения в Челябинске». Прямая трансляция будет доступна в разделе « Онлайн-ТВ », начало в 11:00 . 
Завтра в пресс-центре медиахолдинга ОТВ состоится пресс-конференция на тему образования в сфере IT. Под вывеской «IT-специалисты. Европейский уровень обучения в Челябинске» выступят четыре спикера, непосредственно связанных с информационными технологиями. Кроме того, большинство из них являются действующими преподавателями. Это директор образовательного Центра европейских квалификаций в области информационно-коммуникационных технологий, доцент кафедры ЭВМ (ЮУрГУ) Юлия Плаксина, координатор международного проекта « ТЕМПУС », доцент кафедры ЭВМ (ЮУрГУ) Игорь Кафтанников, руководитель ByndyuSoft, тренер, преподаватель в ЮУрГУ и ЧелГУ Александр Бындю, а также директор ЗАО « Научно-технический центр локальных и географических информационных систем » Татьяна Окулова. 
— В ходе конференции будут рассмотрены вопросы подготовки IT-специалистов европейского уровня. Гости расскажут о разнице в подходах к обучению между Россией и Европой, объяснят какие специалисты востребованы сейчас на рынке информационных технологий, а также поднимут проблему того, что современные выпускники вузов вынуждены переобучаться, чтобы найти работу в России и за рубежом, — рассказала сайту « Первый областной » координатор конференции Марина Клинова. 
Начало пресс-конференции запланировано на 11:00 , прямая трансляция будет доступна на сайте « Первый областной », в разделе « Онлайн-ТВ ». 
Фото:contents.i.sdska.ru
</topic_text>
<spam_score>0.00</spam_score>
<post_num>1</post_num>
<post_id>post-1</post_id>
<post_url>http://chelyabinsk.bezformata.ru/listnews/konferentciya-it-spetcialisti-evropejskij/46771393/</post_url>
<post_date>20160512</post_date>
<post_time>1413</post_time>
<username></username>
<post>
Фото: www.1obl.ru Мероприятие в прямом эфире покажет сайт 1obl.tv. 
Четыре известных в Челябинске и за его пределами спикера в сфере IT выступят завтра на пресс-конференции в медиахолдинге ОТВ. Тема мероприятия — «IT-специалисты. Европейский уровень обучения в Челябинске». Прямая трансляция будет доступна в разделе « Онлайн-ТВ », начало в 11:00 . 
Завтра в пресс-центре медиахолдинга ОТВ состоится пресс-конференция на тему образования в сфере IT. Под вывеской «IT-специалисты. Европейский уровень обучения в Челябинске» выступят четыре спикера, непосредственно связанных с информационными технологиями. Кроме того, большинство из них являются действующими преподавателями. Это директор образовательного Центра европейских квалификаций в области информационно-коммуникационных технологий, доцент кафедры ЭВМ (ЮУрГУ) Юлия Плаксина, координатор международного проекта « ТЕМПУС », доцент кафедры ЭВМ (ЮУрГУ) Игорь Кафтанников, руководитель ByndyuSoft, тренер, преподаватель в ЮУрГУ и ЧелГУ Александр Бындю, а также директор ЗАО « Научно-технический центр локальных и географических информационных систем » Татьяна Окулова. 
— В ходе конференции будут рассмотрены вопросы подготовки IT-специалистов европейского уровня. Гости расскажут о разнице в подходах к обучению между Россией и Европой, объяснят какие специалисты востребованы сейчас на рынке информационных технологий, а также поднимут проблему того, что современные выпускники вузов вынуждены переобучаться, чтобы найти работу в России и за рубежом, — рассказала сайту « Первый областной » координатор конференции Марина Клинова. 
Начало пресс-конференции запланировано на 11:00 , прямая трансляция будет доступна на сайте « Первый областной », в разделе « Онлайн-ТВ ». 
Фото:contents.i.sdska.ru
</post>
<signature>

</signature>
<external_links>

</external_links>
<country>RU</country>
<main_image>http://chelyabinsk.bezformata.ru/content/image188606010.png</main_image>
</document>
