<?xml version="1.0" encoding="UTF-8"?>
<document>
<type>mainstream</type>
<forum></forum>
<forum_title></forum_title>
<discussion_title>Serena Williams sintió que moriría en Roma</discussion_title>
<language>spanish</language>
<gmt_offset></gmt_offset>
<topic_url>http://www.primerahora.com/deportes/otros/nota/serenawilliamssintioquemoririaenroma-1152862/</topic_url>
<topic_text>
Serena Williams sintió que moriría en Roma Por Primerahora.com 05/11/2016 |06:04 p.m. Williams estuvo en el Masters 1,000 de Roma celebrado en el Foro Italico en Roma, Italia. (EFE / Ettore Ferrari) La estrella del tenis publicó un vídeo explicando lo que le sucedió. 
La campeona de tenis Serena Williams expresó que sintió que moriría. Esto luego de que en un hotel de Roma, donde participa de un torneo internacional, tuviera que ir al baño decenas de veces. 
La misma Serena grabó un vídeo relatando lo que sucedió. 
Explicó que vio en su habitación un menú para perros como parte del servicio del hotel. Ella, que estaba acompañada de su perrito Chip, decidió ordenarle una cena del exclusivo menú, donde los precios comenzaban desde los $15. 
</topic_text>
<spam_score>0.00</spam_score>
<post_num>1</post_num>
<post_id>post-1</post_id>
<post_url>http://www.primerahora.com/deportes/otros/nota/serenawilliamssintioquemoririaenroma-1152862/</post_url>
<post_date>20160511</post_date>
<post_time></post_time>
<username></username>
<post>
Serena Williams sintió que moriría en Roma Por Primerahora.com 05/11/2016 |06:04 p.m. Williams estuvo en el Masters 1,000 de Roma celebrado en el Foro Italico en Roma, Italia. (EFE / Ettore Ferrari) La estrella del tenis publicó un vídeo explicando lo que le sucedió. 
La campeona de tenis Serena Williams expresó que sintió que moriría. Esto luego de que en un hotel de Roma, donde participa de un torneo internacional, tuviera que ir al baño decenas de veces. 
La misma Serena grabó un vídeo relatando lo que sucedió. 
Explicó que vio en su habitación un menú para perros como parte del servicio del hotel. Ella, que estaba acompañada de su perrito Chip, decidió ordenarle una cena del exclusivo menú, donde los precios comenzaban desde los $15. 
</post>
<signature>

</signature>
<external_links>

</external_links>
<country>US</country>
<main_image>http://rec-eph.gfrcdn.net/images/2016/05/11/crop_70f36ec6-3e2c-408d-9901-ca1a575ddcfa_3.jpg</main_image>
</document>
