<?xml version="1.0" encoding="UTF-8"?>
<document>
<type>mainstream</type>
<forum>http://chelyabinsk.bezformata.ru/rss.xml</forum>
<forum_title>Новости города БезФормата.Ru Челябинская область Челябинск</forum_title>
<discussion_title>Больного диабетом ижевского туриста эвакуируют из нацпарка «Зюраткуль»</discussion_title>
<language>russian</language>
<gmt_offset></gmt_offset>
<topic_url>http://chelyabinsk.bezformata.ru/listnews/diabetom-izhevskogo-turista-evakuiruyut/46772317/</topic_url>
<topic_text>
Фото: uralpolit.ru 
ЧЕЛЯБИНСК, 12 мая, ИА УралПолит.Ru. Туристы из Ижевска — 25-летняя девушка и 28-летний больной диабетом мужчина ожидают прибытия воздушного судна для эвакуации в районе Зюраткуля. Состояние молодого человека оценивается как тяжелое, сообщает пресс-служба областного минздрава. 
По данным Областной поисково-спасательной службы, рядом с туристами находятся шесть спасателей, которые следят за самочувствием пострадавшего. Сообщение о том, что туристам требуется помощь поступило на пульт оперативного дежурного 11 мая. Туристов искали до темноты и продолжили поиски сегодня, 12 мая. 
Всего в поисках было задействовано 12 человек и шесть единиц техники, включая два квадроцикла. Район поиска составил 20 квадратных километров. Туристы были найдены на восточном склоне горы Нургуш в 20 километрах от пропускного пункта национального парка. Молодой человек находится в тяжелом состоянии и не транспортабелен, у него случился приступ сахарного диабета. Областные спасатели подготовили площадку для авиации и сигнальные огни. 
Минздрав Челябинской области напоминает, что крайне важно проявлять благоразумие и правильно оценивать свои силы и состояние здоровья, прежде чем отправляться в поход. Людям, страдающим от хронических заболеваний, стоит быть особенно осторожными и обязательно консультироваться с лечащим врачом.
</topic_text>
<spam_score>0.00</spam_score>
<post_num>1</post_num>
<post_id>post-1</post_id>
<post_url>http://chelyabinsk.bezformata.ru/listnews/diabetom-izhevskogo-turista-evakuiruyut/46772317/</post_url>
<post_date>20160512</post_date>
<post_time>1451</post_time>
<username></username>
<post>
Фото: uralpolit.ru 
ЧЕЛЯБИНСК, 12 мая, ИА УралПолит.Ru. Туристы из Ижевска — 25-летняя девушка и 28-летний больной диабетом мужчина ожидают прибытия воздушного судна для эвакуации в районе Зюраткуля. Состояние молодого человека оценивается как тяжелое, сообщает пресс-служба областного минздрава. 
По данным Областной поисково-спасательной службы, рядом с туристами находятся шесть спасателей, которые следят за самочувствием пострадавшего. Сообщение о том, что туристам требуется помощь поступило на пульт оперативного дежурного 11 мая. Туристов искали до темноты и продолжили поиски сегодня, 12 мая. 
Всего в поисках было задействовано 12 человек и шесть единиц техники, включая два квадроцикла. Район поиска составил 20 квадратных километров. Туристы были найдены на восточном склоне горы Нургуш в 20 километрах от пропускного пункта национального парка. Молодой человек находится в тяжелом состоянии и не транспортабелен, у него случился приступ сахарного диабета. Областные спасатели подготовили площадку для авиации и сигнальные огни. 
Минздрав Челябинской области напоминает, что крайне важно проявлять благоразумие и правильно оценивать свои силы и состояние здоровья, прежде чем отправляться в поход. Людям, страдающим от хронических заболеваний, стоит быть особенно осторожными и обязательно консультироваться с лечащим врачом.
</post>
<signature>

</signature>
<external_links>

</external_links>
<country>RU</country>
<main_image>http://chelyabinsk.bezformata.ru/content/image188610160.jpg</main_image>
</document>
