<?xml version="1.0" encoding="UTF-8"?>
<document>
<type>mainstream</type>
<forum>http://wn.com/Lara_Dutta?upload_time=all_time&amp;orderby=published</forum>
<forum_title>Lara Dutta</forum_title>
<discussion_title>My role in &apos;Azhar&apos; challenging: Dutta</discussion_title>
<language>english</language>
<gmt_offset>0</gmt_offset>
<topic_url>http://article.wn.com/view/2016/03/29/My_role_in_Azhar_challenging_Lara_Dutta/</topic_url>
<topic_text>
Mumbai , Mar 29 () Bollywood actress Lara Dutta will be seen playing a no-nonsense lawyer in the upcoming sports -biopic &quot; Azhar &quot; and says her role in the film is challenging.
Last seen in &quot; Fitoor &quot;, Lara portrays the role of public
</topic_text>
<spam_score>0.00</spam_score>
<post_num>1</post_num>
<post_id>post-1</post_id>
<post_url>http://article.wn.com/view/2016/03/29/My_role_in_Azhar_challenging_Lara_Dutta/</post_url>
<post_date>20160329</post_date>
<post_time></post_time>
<username>wn.com</username>
<post>
Mumbai , Mar 29 () Bollywood actress Lara Dutta will be seen playing a no-nonsense lawyer in the upcoming sports -biopic &quot; Azhar &quot; and says her role in the film is challenging.
Last seen in &quot; Fitoor &quot;, Lara portrays the role of public
</post>
<signature>

</signature>
<external_links>

</external_links>
<country>GB</country>
<main_image>http://i.ytimg.com/vi/BeFSMnuNh2I/0.jpg</main_image>
</document>
