<?xml version="1.0" encoding="UTF-8"?>
<document>
<type>mainstream</type>
<forum>http://www.cbs8.com/category/307361/business-wire</forum>
<forum_title>Business Wire - CBS News 8 - San Diego, CA News Station - KFMB Channel 8</forum_title>
<discussion_title>Cirrus Insight Book Club Weekly Giveaway</discussion_title>
<language>english</language>
<gmt_offset></gmt_offset>
<topic_url>http://www.cbs8.com/story/31957330/cirrus-insight-book-club-weekly-giveaway</topic_url>
<topic_text>
It’s time to build your summer reading list. Join us as we read one book every week.
IRVINE, Calif. &amp; KNOXVILLE, Tenn. --(BUSINESS WIRE) Cirrus Insight today announced its summer Book Club for business readers.
“We’re sharing what we’re reading as a company, and every week we’re giving away 30 copies of the book,” said Brandon Bruce, co-founder of Cirrus Insight.
“We started with Behind the Cloud by Marc Benioff since we’re a Salesforce partner. We’re currently reading the best-seller The Challenger Sale . Next week we’ll be reading the best-selling sequel The Challenger Customer . And then we’ll do back-to-back classics for scaling companies. First up will be Predictable Revenue: Turn Your Business Into a Sales Machine with the $100 Million Best Practices of Salesforce.com by Aaron Ross and then From Impossible To Inevitable: How Hyper-Growth Companies Create Predictable Revenue by Aaron Ross and Jason Lemkin.”
Cirrus Insight gives away 30 copies of each book on Amazon. You can sign up to be notified of the weekly giveaway at www.cirrusinsight.com/books
“We want to build a community of business readers that care about sales and marketing and customer success like we do,” said Bruce. “And we’re always looking for recommendations of great books to include in the weekly giveaway.”
“Every grade school student starts summer with a reading list,” said Bruce. “Sales and marketing professionals should keep up the habit. It’s how we learn from each other and get better.”
Cirrus Insight will run the Book Club during the summer and plans to continue the club throughout the year.
“There are so many great business books that we expect to keep the Book Club going for years,” said Bruce.
About Cirrus Insight
Cirrus Insight automatically keeps Salesforce CRM up to date for sales teams. It intelligently syncs emails and appointments from Microsoft Office 365 and Google for Work to matching leads, contacts, accounts, opportunities, and cases in Salesforce. Cirrus Insight also includes power tools for salespeople in Outlook and Gmail including email tracking, follow up reminders, mail merge campaigns, and its popular book meeting feature to schedule 3x more appointments. Get more information and start a free 14-day trial at www.cirrusinsight.com
 //www.businesswire.com/news/home/20160512005932/en/
Cirrus Insight
Jason Hubbard
VP of Marketing
949-342-6981
jhubbard@cirruspath.com
 
</topic_text>
<spam_score>0.00</spam_score>
<post_num>1</post_num>
<post_id>post-1</post_id>
<post_url>http://www.cbs8.com/story/31957330/cirrus-insight-book-club-weekly-giveaway</post_url>
<post_date>20160512</post_date>
<post_time>1058</post_time>
<username>cbs8</username>
<post>
It’s time to build your summer reading list. Join us as we read one book every week.
IRVINE, Calif. &amp; KNOXVILLE, Tenn. --(BUSINESS WIRE) Cirrus Insight today announced its summer Book Club for business readers.
“We’re sharing what we’re reading as a company, and every week we’re giving away 30 copies of the book,” said Brandon Bruce, co-founder of Cirrus Insight.
“We started with Behind the Cloud by Marc Benioff since we’re a Salesforce partner. We’re currently reading the best-seller The Challenger Sale . Next week we’ll be reading the best-selling sequel The Challenger Customer . And then we’ll do back-to-back classics for scaling companies. First up will be Predictable Revenue: Turn Your Business Into a Sales Machine with the $100 Million Best Practices of Salesforce.com by Aaron Ross and then From Impossible To Inevitable: How Hyper-Growth Companies Create Predictable Revenue by Aaron Ross and Jason Lemkin.”
Cirrus Insight gives away 30 copies of each book on Amazon. You can sign up to be notified of the weekly giveaway at www.cirrusinsight.com/books
“We want to build a community of business readers that care about sales and marketing and customer success like we do,” said Bruce. “And we’re always looking for recommendations of great books to include in the weekly giveaway.”
“Every grade school student starts summer with a reading list,” said Bruce. “Sales and marketing professionals should keep up the habit. It’s how we learn from each other and get better.”
Cirrus Insight will run the Book Club during the summer and plans to continue the club throughout the year.
“There are so many great business books that we expect to keep the Book Club going for years,” said Bruce.
About Cirrus Insight
Cirrus Insight automatically keeps Salesforce CRM up to date for sales teams. It intelligently syncs emails and appointments from Microsoft Office 365 and Google for Work to matching leads, contacts, accounts, opportunities, and cases in Salesforce. Cirrus Insight also includes power tools for salespeople in Outlook and Gmail including email tracking, follow up reminders, mail merge campaigns, and its popular book meeting feature to schedule 3x more appointments. Get more information and start a free 14-day trial at www.cirrusinsight.com
 //www.businesswire.com/news/home/20160512005932/en/
Cirrus Insight
Jason Hubbard
VP of Marketing
949-342-6981
jhubbard@cirruspath.com
 
</post>
<signature>

</signature>
<external_links>
<external_link>http://cts.businesswire.com/ct/CT?id=bwnews&amp;sty=20160512005932r1&amp;sid=56987&amp;distro=ftp</external_link><external_link>http://www.businesswire.com/news/home/20160512005932/en/</external_link><external_link>http://purl.org/rss/1.0/modules/content/</external_link><external_link>http://cts.businesswire.com/ct/CT?id=smartlink&amp;url=http%3A%2F%2Fwww.cirrusinsight.com&amp;esheet=51341319&amp;newsitemid=20160512005932&amp;lan=en-US&amp;anchor=www.cirrusinsight.com&amp;index=2&amp;md5=bb8ea7583d6b51a012599f27fc0ae031</external_link><external_link>http://cts.businesswire.com/ct/CT?id=smartlink&amp;url=http%3A%2F%2Fwww.cirrusinsight.com%2Fbooks&amp;esheet=51341319&amp;newsitemid=20160512005932&amp;lan=en-US&amp;anchor=www.cirrusinsight.com%2Fbooks&amp;index=1&amp;md5=a6623d80b02add2fa3e4376b699f9d34</external_link>
</external_links>
<country>US</country>
<main_image>http://businesswire.images.worldnow.com/images/10540491_G.jpg</main_image>
</document>
