<?xml version="1.0" encoding="UTF-8"?>
<document>
<type>mainstream</type>
<forum>http://www.wfsb.com/category/162901/ap-news-center?clienttype=rss</forum>
<forum_title>WFSB - U.S. &amp; World - Top Story</forum_title>
<discussion_title>Filmmaker Duncan Jones still inspired by dad David Bowie</discussion_title>
<language>english</language>
<gmt_offset></gmt_offset>
<topic_url>http://www.wfsb.com/story/31958104/filmmaker-duncan-jones-still-inspired-by-dad-david-bowie</topic_url>
<topic_text>
Filmmaker Duncan Jones still inspired by dad David Bowie Posted: By NICOLE EVATTAssociated Press 
LOS ANGELES (AP) - Filmmaker Duncan Jones says his dad, David Bowie, inspired him to make movies. 
The director of &quot;Moon&quot; and &quot;Source Code&quot; talked about his late father Wednesday at the Los Angeles premiere of Jones&apos; latest film, the video-game adaptation &quot;Warcraft.&quot; Bowie died in January at age 69. 
&quot;My dad was obviously prolific in music, but he also acted and I think I had the most fun when we were on film sets... I think I got the (directing) bug back then,&quot; Jones said. &quot;Because the musical gene did not express itself in the way one might have hoped, my main hobby with my dad was shooting little one-stop animations and I just always carried that interest in film.&quot; 
The director said his dad also taught him to trust his creative instincts. 
&quot;I think as much on the creativity level - his bravery and willingness to try stuff that other people weren&apos;t expecting,&quot; Jones said. &quot;I did two science-fiction films and then jumped into a video game movie, and now I&apos;m going to go from this behemoth to another tiny, little indie. So just doing what feels right at the moment on a creative level is certainly something I got from him.&quot; 
&quot;Warcraft&quot; is an adaptation of the long-running role-playing game, which centers on the conflict between orcs and humans depicted in &quot;World of Warcraft&quot; and the original &quot;Warcraft&quot; games from the 1990s. The film stars Travis Fimmel, Dominic Cooper, Ben Foster, Toby Kebbell and Paula Patton and opens June 10.  
</topic_text>
<spam_score>0.00</spam_score>
<post_num>1</post_num>
<post_id>post-1</post_id>
<post_url>http://www.wfsb.com/story/31958104/filmmaker-duncan-jones-still-inspired-by-dad-david-bowie</post_url>
<post_date>20160512</post_date>
<post_time>1602</post_time>
<username></username>
<post>
Filmmaker Duncan Jones still inspired by dad David Bowie Posted: By NICOLE EVATTAssociated Press 
LOS ANGELES (AP) - Filmmaker Duncan Jones says his dad, David Bowie, inspired him to make movies. 
The director of &quot;Moon&quot; and &quot;Source Code&quot; talked about his late father Wednesday at the Los Angeles premiere of Jones&apos; latest film, the video-game adaptation &quot;Warcraft.&quot; Bowie died in January at age 69. 
&quot;My dad was obviously prolific in music, but he also acted and I think I had the most fun when we were on film sets... I think I got the (directing) bug back then,&quot; Jones said. &quot;Because the musical gene did not express itself in the way one might have hoped, my main hobby with my dad was shooting little one-stop animations and I just always carried that interest in film.&quot; 
The director said his dad also taught him to trust his creative instincts. 
&quot;I think as much on the creativity level - his bravery and willingness to try stuff that other people weren&apos;t expecting,&quot; Jones said. &quot;I did two science-fiction films and then jumped into a video game movie, and now I&apos;m going to go from this behemoth to another tiny, little indie. So just doing what feels right at the moment on a creative level is certainly something I got from him.&quot; 
&quot;Warcraft&quot; is an adaptation of the long-running role-playing game, which centers on the conflict between orcs and humans depicted in &quot;World of Warcraft&quot; and the original &quot;Warcraft&quot; games from the 1990s. The film stars Travis Fimmel, Dominic Cooper, Ben Foster, Toby Kebbell and Paula Patton and opens June 10.  
</post>
<signature>

</signature>
<external_links>

</external_links>
<country>US</country>
<main_image></main_image>
</document>
