<?xml version="1.0" encoding="UTF-8"?>
<document>
<type>mainstream</type>
<forum></forum>
<forum_title></forum_title>
<discussion_title>Atlética 9 de Maio da USC comemora dois anos - USC</discussion_title>
<language>portuguese</language>
<gmt_offset></gmt_offset>
<topic_url>http://www.usc.br/30446-2/</topic_url>
<topic_text>
Home &gt; Geral &gt; Atlética 9 de Maio da USC comemora dois anos Atlética 9 de Maio da USC comemora dois anos Para o aniversário, atletas programaram uma campanha do agasalho durante esta semana (de 9 a 14 de maio), com ponto de arrecadação no Bloco J, ao lado do elevador 05/09/2016 | Geral Na foto,Marcela, Guilherme, Eduardo, Leonardo, Felipe, Vivian, Gustavo, Laura, Luan, Giovani e Joelma, alguns membros da diretoria da Atlética. Comemorando dois anos nesta semana, a Atlética 9 de Maio da Universidade do Sagrado Coração (USC), tem por objetivo principal difundir o esporte no meio universitário, usando isto para unir cada vez mais os estudantes. “Outras qualidades são crescentes também, como a disciplina entre os atletas, o respeito e a tolerância ao próximo”, acrescenta Giovani Araújo, estudante de Engenharia Civil e presidente da Atlética USC. A A9, como é chamada, preza pelo empenho, responsabilidade, compromisso e dedicação de seus associados. “Continuaremos sempre honrando cada gota de suor derramada nos jogos, cada grito de incentivo que vem das arquibancadas. Na vitória ou na derrota nossa união nos torna campeões! Avante A9!”, afirma Giovani. Qualquer estudante ou pessoa que possua vínculo com a Universidade pode se tornar um associado da Atlética. Basta preencher uma ficha com os dados pessoais e realizar o pagamento de uma anuidade no valor de R$30 reais. Em 20 dias, a carteirinha de associado é produzida e entregue ao associado, que tem direito a descontos em empresas parceiras da A9 e em todos os produtos ou eventos realizados pela atlética. Comemoração ajudando quem precisa! Aproveitando as festividades, a Atlética 9 de Maio realizará uma campanha do agasalho durante toda esta semana (09 a 14 de maio), tendo seu ponto arrecadação no Bloco J, ao lado do elevador. Mais informações podem ser obtidas no telefone (14)2107-7208. 
Compartilhe Últimas Notícias 05/11/2016 
Toda quinta-feira, às 20h30, na Capela do Bloco F, é realizado na Universidade do Sagrado Coração (USC), o encontro do ... 05/11/2016 
Durante o mês de maio, no Setor Vivência do Bloco C, a Pastoral da Universidade (PdU) montou uma gruta de ... 05/11/2016 
</topic_text>
<spam_score>0.00</spam_score>
<post_num>1</post_num>
<post_id>post-1</post_id>
<post_url>http://www.usc.br/30446-2/</post_url>
<post_date>20160509</post_date>
<post_time></post_time>
<username></username>
<post>
Home &gt; Geral &gt; Atlética 9 de Maio da USC comemora dois anos Atlética 9 de Maio da USC comemora dois anos Para o aniversário, atletas programaram uma campanha do agasalho durante esta semana (de 9 a 14 de maio), com ponto de arrecadação no Bloco J, ao lado do elevador 05/09/2016 | Geral Na foto,Marcela, Guilherme, Eduardo, Leonardo, Felipe, Vivian, Gustavo, Laura, Luan, Giovani e Joelma, alguns membros da diretoria da Atlética. Comemorando dois anos nesta semana, a Atlética 9 de Maio da Universidade do Sagrado Coração (USC), tem por objetivo principal difundir o esporte no meio universitário, usando isto para unir cada vez mais os estudantes. “Outras qualidades são crescentes também, como a disciplina entre os atletas, o respeito e a tolerância ao próximo”, acrescenta Giovani Araújo, estudante de Engenharia Civil e presidente da Atlética USC. A A9, como é chamada, preza pelo empenho, responsabilidade, compromisso e dedicação de seus associados. “Continuaremos sempre honrando cada gota de suor derramada nos jogos, cada grito de incentivo que vem das arquibancadas. Na vitória ou na derrota nossa união nos torna campeões! Avante A9!”, afirma Giovani. Qualquer estudante ou pessoa que possua vínculo com a Universidade pode se tornar um associado da Atlética. Basta preencher uma ficha com os dados pessoais e realizar o pagamento de uma anuidade no valor de R$30 reais. Em 20 dias, a carteirinha de associado é produzida e entregue ao associado, que tem direito a descontos em empresas parceiras da A9 e em todos os produtos ou eventos realizados pela atlética. Comemoração ajudando quem precisa! Aproveitando as festividades, a Atlética 9 de Maio realizará uma campanha do agasalho durante toda esta semana (09 a 14 de maio), tendo seu ponto arrecadação no Bloco J, ao lado do elevador. Mais informações podem ser obtidas no telefone (14)2107-7208. 
Compartilhe Últimas Notícias 05/11/2016 
Toda quinta-feira, às 20h30, na Capela do Bloco F, é realizado na Universidade do Sagrado Coração (USC), o encontro do ... 05/11/2016 
Durante o mês de maio, no Setor Vivência do Bloco C, a Pastoral da Universidade (PdU) montou uma gruta de ... 05/11/2016 
</post>
<signature>

</signature>
<external_links>

</external_links>
<country>BR</country>
<main_image>http://www.usc.br/wp-content/uploads/2016/05/Atlética-9-de-Maio-da-USC1.jpg</main_image>
</document>
