<?xml version="1.0" encoding="UTF-8"?>
<document>
<type>mainstream</type>
<forum></forum>
<forum_title></forum_title>
<discussion_title>Revelan auto en el que huyeron sospechosos de crimen de niña en Ciales</discussion_title>
<language>english</language>
<gmt_offset></gmt_offset>
<topic_url>http://www.primerahora.com/noticias/policia-tribunales/nota/revelanautoenelquehuyeronsospechososdecrimendeninaenciales-1152857/</topic_url>
<topic_text>
05/11/2016 |05:33 p.m. 
es. 


</topic_text>
<spam_score>0.00</spam_score>
<post_num>1</post_num>
<post_id>post-1</post_id>
<post_url>http://www.primerahora.com/noticias/policia-tribunales/nota/revelanautoenelquehuyeronsospechososdecrimendeninaenciales-1152857/</post_url>
<post_date>20160511</post_date>
<post_time></post_time>
<username></username>
<post>
05/11/2016 |05:33 p.m. 
es. 


</post>
<signature>

</signature>
<external_links>

</external_links>
<country>US</country>
<main_image>http://rec-eph.gfrcdn.net/images/2016/05/11/crop_fotoooo.jpg</main_image>
</document>
