<?xml version="1.0" encoding="UTF-8"?>
<document>
<type>mainstream</type>
<forum></forum>
<forum_title></forum_title>
<discussion_title>USC inicia período de avaliação da docência - USC</discussion_title>
<language>portuguese</language>
<gmt_offset></gmt_offset>
<topic_url>http://www.usc.br/usc-inicia-periodo-de-avaliacao-da-docencia/</topic_url>
<topic_text>
USC inicia período de avaliação da docência Até o dia 22 de maio (domingo), pelo Portal do Aluno 05/11/2016 | Geral A Universidade do Sagrado Coração (USC), iniciou no dia 2 de maio (segunda-feira), o período da avaliação da docência pelo Portal do Aluno. A avaliação encerra-se no dia 22 de maio (domingo) e é de extrema importância que todos os estudantes contribuam com suas opiniões, avaliando os professores do seu curso. O processo de avaliação, realizado pela Comissão Própria de Avaliação (CPA), é parte integrante e cotidiana da vida universitária, tido como instrumento de melhoria e fortalecimento das ações. 
Compartilhe Últimas Notícias 05/11/2016 
Toda quinta-feira, às 20h30, na Capela do Bloco F, é realizado na Universidade do Sagrado Coração (USC), o encontro do ... 05/11/2016 
Durante o mês de maio, no Setor Vivência do Bloco C, a Pastoral da Universidade (PdU) montou uma gruta de ... 05/11/2016 
</topic_text>
<spam_score>0.00</spam_score>
<post_num>1</post_num>
<post_id>post-1</post_id>
<post_url>http://www.usc.br/usc-inicia-periodo-de-avaliacao-da-docencia/</post_url>
<post_date>20160511</post_date>
<post_time></post_time>
<username></username>
<post>
USC inicia período de avaliação da docência Até o dia 22 de maio (domingo), pelo Portal do Aluno 05/11/2016 | Geral A Universidade do Sagrado Coração (USC), iniciou no dia 2 de maio (segunda-feira), o período da avaliação da docência pelo Portal do Aluno. A avaliação encerra-se no dia 22 de maio (domingo) e é de extrema importância que todos os estudantes contribuam com suas opiniões, avaliando os professores do seu curso. O processo de avaliação, realizado pela Comissão Própria de Avaliação (CPA), é parte integrante e cotidiana da vida universitária, tido como instrumento de melhoria e fortalecimento das ações. 
Compartilhe Últimas Notícias 05/11/2016 
Toda quinta-feira, às 20h30, na Capela do Bloco F, é realizado na Universidade do Sagrado Coração (USC), o encontro do ... 05/11/2016 
Durante o mês de maio, no Setor Vivência do Bloco C, a Pastoral da Universidade (PdU) montou uma gruta de ... 05/11/2016 
</post>
<signature>

</signature>
<external_links>

</external_links>
<country>BR</country>
<main_image>http://www.usc.br/wp-content/uploads/2016/05/avaliação-da-docência1.jpg</main_image>
</document>
