<?xml version="1.0" encoding="UTF-8"?>
<document>
<type>mainstream</type>
<forum>http://www.cbs8.com/category/307361/business-wire</forum>
<forum_title>Business Wire - CBS News 8 - San Diego, CA News Station - KFMB Channel 8</forum_title>
<discussion_title>LRES Releases White Paper Addressing Advantages Smaller Communit</discussion_title>
<language>english</language>
<gmt_offset></gmt_offset>
<topic_url>http://www.cbs8.com/story/31956669/lres-releases-white-paper-addressing-advantages-smaller-community-financial-institutions-gain-by-working-with-fewer-vendors</topic_url>
<topic_text>
-Why fewer vendors with broader service offerings is one of the most effective best practices for credit unions, community banks-
ORANGE, Calif. --(BUSINESS WIRE) LRES, a national REO and appraisal management company offering property valuations, asset management, HOA and technology solutions for the mortgage and real estate industry, announced that it now offers a free white paper, “How to Select and Manage Mortgage Service Vendors for Credit Unions and Community Banks.”
Click here to download “How to Select and Manage Mortgage Service Vendors for Credit Unions and Community Banks”: http://info.lres.com/how-to-select-and-manage-mortgage-service-vendors-for-credit-unions-and-community-banks
This new white paper outlines the unique challenges credit unions and community banks must now overcome when selecting and managing multiple mortgage services vendors. It addresses the challenges brought on by the foreclosure crisis, challenges brought on by new compliance rules, the advantages gained by working with fewer vendors and why smaller institutions are choosing LRES to help manage their mortgage needs.
After the Great Recession, many smaller institutions clearly saw the opportunity to expand their product sets, taking advantage of their strong local customer relationships to fill the gap left by larger lenders. The white paper explains that while these smaller financial institutions have won a larger share of overall mortgage originations and can compete more strongly, they are dealing with a new set of challenges, chief among them the need to carefully vet and manage all third party mortgage service providers.
“Our new white paper offers advice to credit unions and community banks looking to compete more strongly in mortgage lending by reducing the number of vendors they rely on to provide their loan products,” said Roger Beane, LRES founder and CEO. “LRES made the decision to expand our commitment to this market and provide a range of mortgage services tailored specifically for community banks and credit unions.”
About LRES
Orange County, Calif.-based LRES is a national value-add solutions partner offering REO and appraisal management company services, HOA and technology solutions for the mortgage and real estate industries. With more than 14 years of continued growth, LRES offers residential and commercial solutions and managed business processes for the origination and default markets. For more information about LRES, visit its website at www.lres.com .
Follow LRES
Twitter: LRES Twitter
LinkedIn: LRES LinkedIn
Facebook: LRES Facebook
 //www.businesswire.com/news/home/20160512005835/en/
William Mills Agency
Sarah Wroble, 678-781-7236
sarah@williammills.com
 
</topic_text>
<spam_score>0.00</spam_score>
<post_num>1</post_num>
<post_id>post-1</post_id>
<post_url>http://www.cbs8.com/story/31956669/lres-releases-white-paper-addressing-advantages-smaller-community-financial-institutions-gain-by-working-with-fewer-vendors</post_url>
<post_date>20160512</post_date>
<post_time>0944</post_time>
<username>cbs8</username>
<post>
-Why fewer vendors with broader service offerings is one of the most effective best practices for credit unions, community banks-
ORANGE, Calif. --(BUSINESS WIRE) LRES, a national REO and appraisal management company offering property valuations, asset management, HOA and technology solutions for the mortgage and real estate industry, announced that it now offers a free white paper, “How to Select and Manage Mortgage Service Vendors for Credit Unions and Community Banks.”
Click here to download “How to Select and Manage Mortgage Service Vendors for Credit Unions and Community Banks”: http://info.lres.com/how-to-select-and-manage-mortgage-service-vendors-for-credit-unions-and-community-banks
This new white paper outlines the unique challenges credit unions and community banks must now overcome when selecting and managing multiple mortgage services vendors. It addresses the challenges brought on by the foreclosure crisis, challenges brought on by new compliance rules, the advantages gained by working with fewer vendors and why smaller institutions are choosing LRES to help manage their mortgage needs.
After the Great Recession, many smaller institutions clearly saw the opportunity to expand their product sets, taking advantage of their strong local customer relationships to fill the gap left by larger lenders. The white paper explains that while these smaller financial institutions have won a larger share of overall mortgage originations and can compete more strongly, they are dealing with a new set of challenges, chief among them the need to carefully vet and manage all third party mortgage service providers.
“Our new white paper offers advice to credit unions and community banks looking to compete more strongly in mortgage lending by reducing the number of vendors they rely on to provide their loan products,” said Roger Beane, LRES founder and CEO. “LRES made the decision to expand our commitment to this market and provide a range of mortgage services tailored specifically for community banks and credit unions.”
About LRES
Orange County, Calif.-based LRES is a national value-add solutions partner offering REO and appraisal management company services, HOA and technology solutions for the mortgage and real estate industries. With more than 14 years of continued growth, LRES offers residential and commercial solutions and managed business processes for the origination and default markets. For more information about LRES, visit its website at www.lres.com .
Follow LRES
Twitter: LRES Twitter
LinkedIn: LRES LinkedIn
Facebook: LRES Facebook
 //www.businesswire.com/news/home/20160512005835/en/
William Mills Agency
Sarah Wroble, 678-781-7236
sarah@williammills.com
 
</post>
<signature>

</signature>
<external_links>
<external_link>http://purl.org/rss/1.0/modules/content/</external_link><external_link>http://cts.businesswire.com/ct/CT?id=bwnews&amp;sty=20160512005835r1&amp;sid=56987&amp;distro=ftp</external_link><external_link>http://cts.businesswire.com/ct/CT?id=smartlink&amp;url=https%3A%2F%2Ftwitter.com%2FLRESCorp&amp;esheet=51341272&amp;newsitemid=20160512005835&amp;lan=en-US&amp;anchor=LRES+Twitter&amp;index=4&amp;md5=bebe792cdeb3cea712ebd3147e53f25c</external_link><external_link>http://cts.businesswire.com/ct/CT?id=smartlink&amp;url=https%3A%2F%2Fwww.facebook.com%2FLRES-Corp-114616658563585%2F%3Ffref%3Dts&amp;esheet=51341272&amp;newsitemid=20160512005835&amp;lan=en-US&amp;anchor=LRES+Facebook&amp;index=6&amp;md5=c4aaee4ce45b1001e21c9c48d567dc44</external_link><external_link>http://cts.businesswire.com/ct/CT?id=smartlink&amp;url=http%3A%2F%2Fwww.lres.com&amp;esheet=51341272&amp;newsitemid=20160512005835&amp;lan=en-US&amp;anchor=www.lres.com&amp;index=3&amp;md5=6c7a56a360dd54db9145b1f758b8e490</external_link><external_link>http://info.lres.com/how-to-select-and-manage-mortgage-service-vendors-for-credit-unions-and-community-banks</external_link><external_link>http://www.businesswire.com/news/home/20160512005835/en/</external_link><external_link>http://cts.businesswire.com/ct/CT?id=smartlink&amp;url=https%3A%2F%2Fwww.linkedin.com%2Fcompany%2F345607%3Ftrk%3Dtyah%26trkInfo%3DclickedVertical%253Acompany%252Cidx%253A2-1-6%252CtarId%253A1427214314202%252Ctas%253Alres&amp;esheet=51341272&amp;newsitemid=20160512005835&amp;lan=en-US&amp;anchor=LRES+LinkedIn&amp;index=5&amp;md5=e86334cf12d8e1e896586af1d9f76d40</external_link><external_link>http://cts.businesswire.com/ct/CT?id=smartlink&amp;url=http%3A%2F%2Fwww.lres.com&amp;esheet=51341272&amp;newsitemid=20160512005835&amp;lan=en-US&amp;anchor=appraisal+management+company&amp;index=1&amp;md5=6545d9cdf2f26f8cd0de6d3e6f997bbd</external_link><external_link>http://cts.businesswire.com/ct/CT?id=smartlink&amp;url=http%3A%2F%2Finfo.lres.com%2Fhow-to-select-and-manage-mortgage-service-vendors-for-credit-unions-and-community-banks&amp;esheet=51341272&amp;newsitemid=20160512005835&amp;lan=en-US&amp;anchor=http%3A%2F%2Finfo.lres.com%2Fhow-to-select-and-manage-mortgage-service-vendors-for-credit-unions-and-community-banks&amp;index=2&amp;md5=faf7b0e2c157d09166a84c5272d1a673</external_link>
</external_links>
<country>US</country>
<main_image>http://businesswire.images.worldnow.com/images/10539989_G.jpg</main_image>
</document>
