<?xml version="1.0" encoding="UTF-8"?>
<document>
<type>mainstream</type>
<forum>http://www.cbs8.com/category/307361/business-wire</forum>
<forum_title>Business Wire - CBS News 8 - San Diego, CA News Station - KFMB Channel 8</forum_title>
<discussion_title>Global Pancreatitis Pipeline Review 2016 - 8 Companies &amp; Drug Pr</discussion_title>
<language>english</language>
<gmt_offset></gmt_offset>
<topic_url>http://www.cbs8.com/story/31956918/global-pancreatitis-pipeline-review-2016-8-companies-drug-profiles-research-and-markets</topic_url>
<topic_text>
DUBLIN --(BUSINESS WIRE) Research and Markets has announced the addition of the &quot;Pancreatitis - Pipeline Review, H1 2016&quot; report to their offering.
This report provides comprehensive information on the therapeutic development for Pancreatitis, complete with comparative analysis at various stages, therapeutics assessment by drug target, mechanism of action (MoA), route of administration (RoA) and molecule type, along with latest updates, and featured news and press releases. It also reviews key players involved in the therapeutic development for Pancreatitis and special features on late-stage and discontinued projects.
The report enhances decision making capabilities and help to create effective counter strategies to gain competitive advantage. It strengthens R&amp;D pipelines by identifying new targets and MOAs to produce first-in-class and best-in-class products.
Key Topics Covered:
Introduction Pancreatitis Overview Therapeutics Development Pipeline Products for Pancreatitis - Overview Pipeline Products for Pancreatitis - Comparative Analysis Pancreatitis - Therapeutics under Development by Companies Pancreatitis - Therapeutics under Investigation by Universities/Institutes Pancreatitis Products Glance Late Stage Products Clinical Stage Products Early Stage Products Pancreatitis - Products under Development by Companies Pancreatitis - Products under Investigation by Universities/Institutes Pancreatitis - Companies Involved in Therapeutics Development Angion Biomedica Corp. Atox Bio Inc. Bharat Serums And Vaccines Limited CalciMedica, Inc. Dynavax Technologies Corporation Generon (Shanghai) Corporation Ltd. GlaxoSmithKline Plc Pharming Group N.V. For more information visit http://www.researchandmarkets.com/research/7lwvpq/pancreatitis
 //www.businesswire.com/news/home/20160512005885/en/
Research and Markets
Laura Wood, Senior Manager
press@researchandmarkets.com
For E.S.T Office Hours Call 1-917-300-0470
For U.S./CAN Toll Free Call 1-800-526-8630
For GMT Office Hours Call +353-1-416-8900
U.S. Fax: 646-607-1907
Fax (outside U.S.): +353-1-481-1716
Sector: Gastrointestinal Drugs , Endocrine and Metabolic Disorder Drugs
 
</topic_text>
<spam_score>0.00</spam_score>
<post_num>1</post_num>
<post_id>post-1</post_id>
<post_url>http://www.cbs8.com/story/31956918/global-pancreatitis-pipeline-review-2016-8-companies-drug-profiles-research-and-markets</post_url>
<post_date>20160512</post_date>
<post_time>1021</post_time>
<username>cbs8</username>
<post>
DUBLIN --(BUSINESS WIRE) Research and Markets has announced the addition of the &quot;Pancreatitis - Pipeline Review, H1 2016&quot; report to their offering.
This report provides comprehensive information on the therapeutic development for Pancreatitis, complete with comparative analysis at various stages, therapeutics assessment by drug target, mechanism of action (MoA), route of administration (RoA) and molecule type, along with latest updates, and featured news and press releases. It also reviews key players involved in the therapeutic development for Pancreatitis and special features on late-stage and discontinued projects.
The report enhances decision making capabilities and help to create effective counter strategies to gain competitive advantage. It strengthens R&amp;D pipelines by identifying new targets and MOAs to produce first-in-class and best-in-class products.
Key Topics Covered:
Introduction Pancreatitis Overview Therapeutics Development Pipeline Products for Pancreatitis - Overview Pipeline Products for Pancreatitis - Comparative Analysis Pancreatitis - Therapeutics under Development by Companies Pancreatitis - Therapeutics under Investigation by Universities/Institutes Pancreatitis Products Glance Late Stage Products Clinical Stage Products Early Stage Products Pancreatitis - Products under Development by Companies Pancreatitis - Products under Investigation by Universities/Institutes Pancreatitis - Companies Involved in Therapeutics Development Angion Biomedica Corp. Atox Bio Inc. Bharat Serums And Vaccines Limited CalciMedica, Inc. Dynavax Technologies Corporation Generon (Shanghai) Corporation Ltd. GlaxoSmithKline Plc Pharming Group N.V. For more information visit http://www.researchandmarkets.com/research/7lwvpq/pancreatitis
 //www.businesswire.com/news/home/20160512005885/en/
Research and Markets
Laura Wood, Senior Manager
press@researchandmarkets.com
For E.S.T Office Hours Call 1-917-300-0470
For U.S./CAN Toll Free Call 1-800-526-8630
For GMT Office Hours Call +353-1-416-8900
U.S. Fax: 646-607-1907
Fax (outside U.S.): +353-1-481-1716
Sector: Gastrointestinal Drugs , Endocrine and Metabolic Disorder Drugs
 
</post>
<signature>

</signature>
<external_links>
<external_link>http://purl.org/rss/1.0/modules/content/</external_link><external_link>http://www.businesswire.com/news/home/20160512005885/en/</external_link><external_link>http://www.researchandmarkets.com/research/7lwvpq/pancreatitis</external_link><external_link>http://www.researchandmarkets.com/categories.asp?cat_id=741&amp;campaign_id=7lwvpq</external_link><external_link>http://www.researchandmarkets.com/categories.asp?cat_id=967&amp;campaign_id=7lwvpq</external_link><external_link>http://cts.businesswire.com/ct/CT?id=bwnews&amp;sty=20160512005885r1&amp;sid=56987&amp;distro=ftp</external_link>
</external_links>
<country>US</country>
<main_image>http://businesswire.images.worldnow.com/images/10540241_G.jpg</main_image>
</document>
