<?xml version="1.0" encoding="UTF-8"?>
<document>
<type>mainstream</type>
<forum></forum>
<forum_title></forum_title>
<discussion_title>Los abridores tienen un alto valor y Arrieta lo sabe</discussion_title>
<language>spanish</language>
<gmt_offset></gmt_offset>
<topic_url>http://www.primerahora.com/deportes/beisbol/nota/losabridorestienenunaltovaloryarrietalosabe-1152875/</topic_url>
<topic_text>
Los abridores tienen un alto valor y Arrieta lo sabe Por Prensa Asociada 05/11/2016 |06:21 p.m. 0 Aunque no puede declararse agente libre hasta 2018, Arrieta está pendiente del mercado. (Archivo) El serpentinero de los Cachorros de Chicago, Jake Arrieta, dio su parecer acerca del contrato que le dieron los Nacionales de Washington a Stephen Strasburgh. 
Chicago. - El as de los Cachorros, Jake Arrieta, aseguró que no le sorprende el nuevo contrato de Stephen Strasburg con los Nacionales de Washington. 
Arrieta es uno de varios jugadores cuyo valor podría verse afectado por el contrato por siete años y 175 millones de dólares que Strasburg pactó con los Nacionales. Arrieta evitó acudir a un proceso de arbitraje salarial y firmó un acuerdo por un año y 10.7 millones con Chicago en febrero. 
Aunque no puede declararse agente libre hasta 2018, Arrieta está pendiente del mercado. 
&quot;Me parece que cada año sube un poco (el valor)&quot;, dijo Arrieta el miércoles. &quot;Hay pocos pitchers agentes libres este año, y ahora que Strasburg firmó (antes de la agencia libre) hay incluso menos&quot;. 
&quot;Por eso es tan valioso el pitcheo abridor. No hay muchos tipos en la liga que pueden encabezar una rotación&quot;. 
Arrieta tuvo una temporada histórica en 2015, cuando ganó el Cy Young de la Liga Nacional con récord de 22-6 y 1.77 de efectividad, además de ayudar a los Cachorros a llegar hasta la serie de campeonato de la Nacional. 
Strasburg, elegido con el primer turno del draft de 2009, tuvo marca de 11-7 con 3.46 de efectividad en 23 salidas con Washington el año pasado. Su nuevo contrato, anunciado el martes, incluye cláusulas de rescisión después de las temporadas de 2019 y 2020, y unos 70 millones de dólares en pagos diferidos. 
Strasburg fue elegido al Juego de Estrellas en 2012, pero esa campaña fue abreviada porque el equipo temía que se dañase el codo que había sido operado. 
&quot;Obviamente es un tremendo contrato para un tipo que tuvo (la cirugía) Tommy John, pero ese es el precio del pitcheo, especialmente el buen pitcheo abridor&quot;, consideró Arrieta. 
Arrieta y Strasburg son representados por Scott Boras, un agente que tiene fama de llevar a sus clientes a la agencia libre para exprimir hasta el último centavo de los equipos. 
Arrieta ha brillado desde que fue adquirido por los Cachorros en un canje con Baltimore en julio de 2013, y tiene marca de 42-13, con 2.15 de efectividad, en 74 salidas con Chicago. 
&quot;Uno quiere que le paguen como le pagan a sus colegas. No creo que alguien te vaya a decir lo contrario&quot;, afirmó. &quot;Siempre he dicho que me gusta Chicago. Si fuese por mí, me quedaría aquí. Pero no depende sólo de mí. Ya veremos&quot;. 
</topic_text>
<spam_score>0.00</spam_score>
<post_num>1</post_num>
<post_id>post-1</post_id>
<post_url>http://www.primerahora.com/deportes/beisbol/nota/losabridorestienenunaltovaloryarrietalosabe-1152875/</post_url>
<post_date>20160511</post_date>
<post_time></post_time>
<username></username>
<post>
Los abridores tienen un alto valor y Arrieta lo sabe Por Prensa Asociada 05/11/2016 |06:21 p.m. 0 Aunque no puede declararse agente libre hasta 2018, Arrieta está pendiente del mercado. (Archivo) El serpentinero de los Cachorros de Chicago, Jake Arrieta, dio su parecer acerca del contrato que le dieron los Nacionales de Washington a Stephen Strasburgh. 
Chicago. - El as de los Cachorros, Jake Arrieta, aseguró que no le sorprende el nuevo contrato de Stephen Strasburg con los Nacionales de Washington. 
Arrieta es uno de varios jugadores cuyo valor podría verse afectado por el contrato por siete años y 175 millones de dólares que Strasburg pactó con los Nacionales. Arrieta evitó acudir a un proceso de arbitraje salarial y firmó un acuerdo por un año y 10.7 millones con Chicago en febrero. 
Aunque no puede declararse agente libre hasta 2018, Arrieta está pendiente del mercado. 
&quot;Me parece que cada año sube un poco (el valor)&quot;, dijo Arrieta el miércoles. &quot;Hay pocos pitchers agentes libres este año, y ahora que Strasburg firmó (antes de la agencia libre) hay incluso menos&quot;. 
&quot;Por eso es tan valioso el pitcheo abridor. No hay muchos tipos en la liga que pueden encabezar una rotación&quot;. 
Arrieta tuvo una temporada histórica en 2015, cuando ganó el Cy Young de la Liga Nacional con récord de 22-6 y 1.77 de efectividad, además de ayudar a los Cachorros a llegar hasta la serie de campeonato de la Nacional. 
Strasburg, elegido con el primer turno del draft de 2009, tuvo marca de 11-7 con 3.46 de efectividad en 23 salidas con Washington el año pasado. Su nuevo contrato, anunciado el martes, incluye cláusulas de rescisión después de las temporadas de 2019 y 2020, y unos 70 millones de dólares en pagos diferidos. 
Strasburg fue elegido al Juego de Estrellas en 2012, pero esa campaña fue abreviada porque el equipo temía que se dañase el codo que había sido operado. 
&quot;Obviamente es un tremendo contrato para un tipo que tuvo (la cirugía) Tommy John, pero ese es el precio del pitcheo, especialmente el buen pitcheo abridor&quot;, consideró Arrieta. 
Arrieta y Strasburg son representados por Scott Boras, un agente que tiene fama de llevar a sus clientes a la agencia libre para exprimir hasta el último centavo de los equipos. 
Arrieta ha brillado desde que fue adquirido por los Cachorros en un canje con Baltimore en julio de 2013, y tiene marca de 42-13, con 2.15 de efectividad, en 74 salidas con Chicago. 
&quot;Uno quiere que le paguen como le pagan a sus colegas. No creo que alguien te vaya a decir lo contrario&quot;, afirmó. &quot;Siempre he dicho que me gusta Chicago. Si fuese por mí, me quedaría aquí. Pero no depende sólo de mí. Ya veremos&quot;. 
</post>
<signature>

</signature>
<external_links>

</external_links>
<country>US</country>
<main_image>http://rec-eph.gfrcdn.net/images/2016/05/11/jake-arrieta.jpg</main_image>
</document>
