<?xml version="1.0" encoding="UTF-8"?>
<document>
<type>mainstream</type>
<forum></forum>
<forum_title></forum_title>
<discussion_title>Lo que sucede si escribes Barack Obama en Google Translate</discussion_title>
<language>spanish</language>
<gmt_offset></gmt_offset>
<topic_url>http://www.primerahora.com/noticias/estados-unidos/nota/loquesucedesiescribesbarackobamaengoogletranslate-1152797/</topic_url>
<topic_text>
Por El Comercio / Perú / GDA Cabe señalar que el mandatario norteamericano fue galardonado con el Premio Nobel de la Paz en 2009. (AP) 
Google Translate, herramienta de la plataforma para aprender significados nuevos, ha despertado la burla de cibernautas, debido a un error al traducir el nombre del presidente de Estados Unidos, Barack Obama. 
Si se traduce del inglés al corso las palabras “barack Obama”, con la primera “b” en minúscula, el resultado es “peace, Obama” (“paz, Obama” en español). 

Cabe señalar que el mandatario norteamericano fue galardonado con el Premio Nobel de la Paz en 2009. 
</topic_text>
<spam_score>0.00</spam_score>
<post_num>1</post_num>
<post_id>post-1</post_id>
<post_url>http://www.primerahora.com/noticias/estados-unidos/nota/loquesucedesiescribesbarackobamaengoogletranslate-1152797/</post_url>
<post_date>20160511</post_date>
<post_time></post_time>
<username></username>
<post>
Por El Comercio / Perú / GDA Cabe señalar que el mandatario norteamericano fue galardonado con el Premio Nobel de la Paz en 2009. (AP) 
Google Translate, herramienta de la plataforma para aprender significados nuevos, ha despertado la burla de cibernautas, debido a un error al traducir el nombre del presidente de Estados Unidos, Barack Obama. 
Si se traduce del inglés al corso las palabras “barack Obama”, con la primera “b” en minúscula, el resultado es “peace, Obama” (“paz, Obama” en español). 

Cabe señalar que el mandatario norteamericano fue galardonado con el Premio Nobel de la Paz en 2009. 
</post>
<signature>

</signature>
<external_links>

</external_links>
<country>US</country>
<main_image>http://rec-eph.gfrcdn.net/images/2016/05/11/crop_capture.jpg</main_image>
</document>
