<?xml version="1.0" encoding="UTF-8"?>
<document>
<type>mainstream</type>
<forum></forum>
<forum_title></forum_title>
<discussion_title>UNNA estrena su nuevo vídeo &quot;Necesito&quot;</discussion_title>
<language>spanish</language>
<gmt_offset></gmt_offset>
<topic_url>http://www.primerahora.com/videos/-166157</topic_url>
<topic_text>
UNNA estrena su nuevo vídeo &quot;Necesito&quot; Publicado: 05/11/2016 04:44 PM 
</topic_text>
<spam_score>0.00</spam_score>
<post_num>1</post_num>
<post_id>post-1</post_id>
<post_url>http://www.primerahora.com/videos/-166157</post_url>
<post_date>20160511</post_date>
<post_time></post_time>
<username></username>
<post>
UNNA estrena su nuevo vídeo &quot;Necesito&quot; Publicado: 05/11/2016 04:44 PM 
</post>
<signature>

</signature>
<external_links>

</external_links>
<country>US</country>
<main_image>http://assets.gfrvideo.com/ph/2016/05/11/198413_20160511204433_unna-estrena-su-nuevo-video-necesito/still_0.jpg</main_image>
</document>
