<?xml version="1.0" encoding="UTF-8"?>
<document>
<type>mainstream</type>
<forum></forum>
<forum_title></forum_title>
<discussion_title>Kohl&apos;s 1Q results miss Street as spring funk hits retailers | News OK</discussion_title>
<language>english</language>
<gmt_offset></gmt_offset>
<topic_url>http://newsok.com/article/feed/1011685</topic_url>
<topic_text>
Kohl&apos;s 1Q results miss Street as spring funk hits retailers Published on NewsOK Updated: 2 hours ago 0 shares FILE - In this Nov. 27, 2015, file photo, shoppers push a cart of items as they leave Kohl&apos;s in Corpus Christi, Texas. Kohl&apos;s first-quarter results were announced Thursday, May 12, 2016. (Courtney Sacco/Corpus Christi Caller-Times via AP, File) MANDATORY CREDIT; MAGS OUT; TV OUT 
MENOMONEE FALLS, Wis. (AP) — Kohl&apos;s first-quarter results missed analysts&apos; estimates, weighed down by hefty costs as the department store operator&apos;s sales dropped. 
A lackluster holiday season across much of the retail sector has become a spring funk. Macy&apos;s Inc. slashed its profit and sales expectations for the year on Wednesday and Gap Inc. had some startling numbers and projections earlier this week. 
Kohl&apos;s shares slid almost 9 percent in morning trading Thursday. 
For the three months ended April 30, Kohl&apos;s Corp. earned $17 million, or 9 cents per share. A year earlier the Menomonee Falls, Wisconsin-based company earned $127 million, or 63 cents per share. 
The current quarter included $64 million in impairments, store closing and other costs. 
Earnings, adjusted for those costs, were 31 cents per share. That&apos;s below the 36 cents per share that analysts surveyed by Zacks Investment Research were calling for. 
Kohl&apos;s revenue fell to $3.97 billion from $4.12 billion. Analysts polled by Zacks expected higher revenue of $4.12 billion. 
Sales at stores open at least a year, a key gauge of a retailer&apos;s health, declined 3.9 percent. This metric excludes results from locations recently opened or closed. 
Kevin Mansell, Kohl&apos;s chairman, president and CEO, said in a statement that Kohl&apos;s Corp. had to take some markdowns in order to clear excess inventory. 
Shares of Kohl&apos;s fell $3.28, or 8.7 percent, to $35.42 in morning trading. Its shares are down more than 13 percent over the past year. 
___ 
Elements of this story were generated by Automated Insights (http://automatedinsights.com/ap) using data from Zacks Investment Research. Access a Zacks stock report on KSS at http://www.zacks.com/ap/KSS 

</topic_text>
<spam_score>0.00</spam_score>
<post_num>1</post_num>
<post_id>post-1</post_id>
<post_url>http://newsok.com/article/feed/1011685</post_url>
<post_date>20160512</post_date>
<post_time></post_time>
<username>Published On Newsok</username>
<post>
Kohl&apos;s 1Q results miss Street as spring funk hits retailers Published on NewsOK Updated: 2 hours ago 0 shares FILE - In this Nov. 27, 2015, file photo, shoppers push a cart of items as they leave Kohl&apos;s in Corpus Christi, Texas. Kohl&apos;s first-quarter results were announced Thursday, May 12, 2016. (Courtney Sacco/Corpus Christi Caller-Times via AP, File) MANDATORY CREDIT; MAGS OUT; TV OUT 
MENOMONEE FALLS, Wis. (AP) — Kohl&apos;s first-quarter results missed analysts&apos; estimates, weighed down by hefty costs as the department store operator&apos;s sales dropped. 
A lackluster holiday season across much of the retail sector has become a spring funk. Macy&apos;s Inc. slashed its profit and sales expectations for the year on Wednesday and Gap Inc. had some startling numbers and projections earlier this week. 
Kohl&apos;s shares slid almost 9 percent in morning trading Thursday. 
For the three months ended April 30, Kohl&apos;s Corp. earned $17 million, or 9 cents per share. A year earlier the Menomonee Falls, Wisconsin-based company earned $127 million, or 63 cents per share. 
The current quarter included $64 million in impairments, store closing and other costs. 
Earnings, adjusted for those costs, were 31 cents per share. That&apos;s below the 36 cents per share that analysts surveyed by Zacks Investment Research were calling for. 
Kohl&apos;s revenue fell to $3.97 billion from $4.12 billion. Analysts polled by Zacks expected higher revenue of $4.12 billion. 
Sales at stores open at least a year, a key gauge of a retailer&apos;s health, declined 3.9 percent. This metric excludes results from locations recently opened or closed. 
Kevin Mansell, Kohl&apos;s chairman, president and CEO, said in a statement that Kohl&apos;s Corp. had to take some markdowns in order to clear excess inventory. 
Shares of Kohl&apos;s fell $3.28, or 8.7 percent, to $35.42 in morning trading. Its shares are down more than 13 percent over the past year. 
___ 
Elements of this story were generated by Automated Insights (http://automatedinsights.com/ap) using data from Zacks Investment Research. Access a Zacks stock report on KSS at http://www.zacks.com/ap/KSS 

</post>
<signature>

</signature>
<external_links>

</external_links>
<country>US</country>
<main_image>http://cdn2.newsok.biz/cache/r960-591f719e566d53e6c4175ec1748c1192.jpg</main_image>
</document>
