<?xml version="1.0" encoding="UTF-8"?>
<document>
<type>mainstream</type>
<forum></forum>
<forum_title></forum_title>
<discussion_title>Trasladarán a Jesús Reyna a Mil Cumbres</discussion_title>
<language>spanish</language>
<gmt_offset></gmt_offset>
<topic_url>http://www.unotv.com/noticias/estados/michoacan/detalle/trasladan-a-jesus-reyna-a-mil-cumbres-651004/</topic_url>
<topic_text>

Derechos Reservados © Publicidad y Contenido Editorial S.A. de C.V. Secciones Trasladarán a Jesús Reyna a Mil Cumbres 12/05/2016 09:59 Agencia Michoacán Michoacán Quadratín 
La justicia federal lo acusa de delito de delincuencia organizada. Foto: Cuartoscuro/Archivo El exgobernador priísta interino, Jesús Reyna García arribará a las 10 horas de este jueves al Aeropuerto Francisco J. Múgica, p rocedente del penal del Altiplano mexiquense para ser trasladado al penal David Franco Rodríguez, informaron fuentes gubernamentales. Reyna García, exdirigente priísta y exsecretario de gobierno, finalmente logró ser reubicado a esta capital para desde aquí seguir su proceso penal, en el que la justicia federal lo acusa de delito de delincuencia organizada. El también exdiputado federal fue vinculado al máximo líder templario, Servando Gómez &quot;La Tuta&quot; , mediante un video donde presuntamente aparece dialogando con el líder criminal, preso también junto con el líder transportista, José Trinidad Martínez Pasalagua, recién liberado del penal de máxima seguridad. Se prevé que Reyna García sea trasladado mediante un fuerte dispositivo de seguridad como lo establecen los protocolos penitenciarios al penal de Mil Cumbres, donde será instalado para desde ahí seguir su defensa legal. 
</topic_text>
<spam_score>0.00</spam_score>
<post_num>1</post_num>
<post_id>post-1</post_id>
<post_url>http://www.unotv.com/noticias/estados/michoacan/detalle/trasladan-a-jesus-reyna-a-mil-cumbres-651004/</post_url>
<post_date>20160512</post_date>
<post_time></post_time>
<username></username>
<post>

Derechos Reservados © Publicidad y Contenido Editorial S.A. de C.V. Secciones Trasladarán a Jesús Reyna a Mil Cumbres 12/05/2016 09:59 Agencia Michoacán Michoacán Quadratín 
La justicia federal lo acusa de delito de delincuencia organizada. Foto: Cuartoscuro/Archivo El exgobernador priísta interino, Jesús Reyna García arribará a las 10 horas de este jueves al Aeropuerto Francisco J. Múgica, p rocedente del penal del Altiplano mexiquense para ser trasladado al penal David Franco Rodríguez, informaron fuentes gubernamentales. Reyna García, exdirigente priísta y exsecretario de gobierno, finalmente logró ser reubicado a esta capital para desde aquí seguir su proceso penal, en el que la justicia federal lo acusa de delito de delincuencia organizada. El también exdiputado federal fue vinculado al máximo líder templario, Servando Gómez &quot;La Tuta&quot; , mediante un video donde presuntamente aparece dialogando con el líder criminal, preso también junto con el líder transportista, José Trinidad Martínez Pasalagua, recién liberado del penal de máxima seguridad. Se prevé que Reyna García sea trasladado mediante un fuerte dispositivo de seguridad como lo establecen los protocolos penitenciarios al penal de Mil Cumbres, donde será instalado para desde ahí seguir su defensa legal. 
</post>
<signature>

</signature>
<external_links>

</external_links>
<country>MX</country>
<main_image>http://www.unotv.com/portal/unotv/imagenes/33702-Principal.jpg</main_image>
</document>
