<?xml version="1.0" encoding="UTF-8"?>
<document>
<type>mainstream</type>
<forum>http://votreargent.lexpress.fr/droit/</forum>
<forum_title>Vos droits - Pension alimentaire, Dotation, Droit de succession - L&apos;Express Votre Argent</forum_title>
<discussion_title>Bolloré: recul de 25 % de l&apos;activité logistique pétrolière.</discussion_title>
<language>french</language>
<gmt_offset></gmt_offset>
<topic_url>http://votreargent.lexpress.fr/bourse-de-paris/bollore-recul-de-25-de-l-activite-logistique-petroliere_1791552.html</topic_url>
<topic_text>
Le chiffre d&apos;affaires du Groupe est de 2 407 millions d&apos;euros au premier trimestre 2016 en données publiées en baisse de 9 %. A périmètre et taux de change constants, il est e... Le chiffre d&apos;affaires du Groupe est de 2 407 millions d&apos;euros au premier trimestre 2016 en données publiées en baisse de 9 %. A périmètre et taux de change constants, il est en repli de 7 %.
&apos; Cette évolution résulte principalement du recul de 25 % de l&apos;activité logistique pétrolière consécutif à la baisse des prix des produits pétroliers &apos; explique le groupe.
Le chiffre d&apos;affaires de l&apos;activité transport et logistique est en baisse de 5 %. &apos; Alors que les volumes de nos activités dans le monde (États-Unis, Europe, Asie) sont globalement en hausse, la situation dans certains pays d&apos;Afrique (Gabon, Congo, Nigeria, Mozambique et Angola) est impactée par la baisse des prix des matières premières et du pétrole &apos; explique le groupe.
Dans le secteur de la communication (Havas, médias, télécoms), le chiffre d&apos;affaires est en hausse de 3 % grâce à Havas dont l&apos;activité a progressé sur l&apos;ensemble des régions, plus particulièrement en Europe, en Amérique latine et en Asie Pacifique.
Le chiffre d&apos;affaires des activités industrielles (stockage d&apos;électricité, films plastiques, terminaux et systèmes spécialisés) progresse de 17 % comparé au premier trimestre 2015.
Copyright (c) 2016 CercleFinance.com. Tous droits réservés.
+ Plus d&apos;actualité :
Impôts 2016 et épargne retraite : les versements que vous pouvez déduire de vos revenus Six pistes pour réduire son ISF... légalement Immobilier : qui peut encore acheter en Ile-de-France ? Voici la solution du moment pour faire baisser votre facture de fioul
</topic_text>
<spam_score>0.00</spam_score>
<post_num>1</post_num>
<post_id>post-1</post_id>
<post_url>http://votreargent.lexpress.fr/bourse-de-paris/bollore-recul-de-25-de-l-activite-logistique-petroliere_1791552.html</post_url>
<post_date>20160512</post_date>
<post_time>1756</post_time>
<username>lexpress.fr</username>
<post>
Le chiffre d&apos;affaires du Groupe est de 2 407 millions d&apos;euros au premier trimestre 2016 en données publiées en baisse de 9 %. A périmètre et taux de change constants, il est e... Le chiffre d&apos;affaires du Groupe est de 2 407 millions d&apos;euros au premier trimestre 2016 en données publiées en baisse de 9 %. A périmètre et taux de change constants, il est en repli de 7 %.
&apos; Cette évolution résulte principalement du recul de 25 % de l&apos;activité logistique pétrolière consécutif à la baisse des prix des produits pétroliers &apos; explique le groupe.
Le chiffre d&apos;affaires de l&apos;activité transport et logistique est en baisse de 5 %. &apos; Alors que les volumes de nos activités dans le monde (États-Unis, Europe, Asie) sont globalement en hausse, la situation dans certains pays d&apos;Afrique (Gabon, Congo, Nigeria, Mozambique et Angola) est impactée par la baisse des prix des matières premières et du pétrole &apos; explique le groupe.
Dans le secteur de la communication (Havas, médias, télécoms), le chiffre d&apos;affaires est en hausse de 3 % grâce à Havas dont l&apos;activité a progressé sur l&apos;ensemble des régions, plus particulièrement en Europe, en Amérique latine et en Asie Pacifique.
Le chiffre d&apos;affaires des activités industrielles (stockage d&apos;électricité, films plastiques, terminaux et systèmes spécialisés) progresse de 17 % comparé au premier trimestre 2015.
Copyright (c) 2016 CercleFinance.com. Tous droits réservés.
+ Plus d&apos;actualité :
Impôts 2016 et épargne retraite : les versements que vous pouvez déduire de vos revenus Six pistes pour réduire son ISF... légalement Immobilier : qui peut encore acheter en Ile-de-France ? Voici la solution du moment pour faire baisser votre facture de fioul
</post>
<signature>

</signature>
<external_links>

</external_links>
<country>FR</country>
<main_image></main_image>
</document>
