<?xml version="1.0" encoding="UTF-8"?>
<document>
<type>mainstream</type>
<forum>http://feeds.freenet.de/auto_news_motorsport.rss&apos;,&apos;Motorsport&apos;,&apos;News aus Formel 1, DTM und Ralleysport&apos;);</forum>
<forum_title>freenet Auto</forum_title>
<discussion_title>Vettel über Red Bull-Wechsel</discussion_title>
<language>german</language>
<gmt_offset></gmt_offset>
<topic_url>http://www.freenet.de/auto/motorsport/vettel-ueber-red-bullwechsel_5435456_5171138.html</topic_url>
<topic_text>
Sebastian Vettel hat das Lachen noch nicht verlernt. © sutton-images.com 12.05.2016 - 17:23 Uhr von Andreas Haupt 
Sebastian Vettel goss in Barcelona kein weiteres Öl ins Feuer. Stattdessen lobte der viermalige Champion den Mut von Daniil Kvyat, sich für seinen Fehler zu entschuldigen. 
Sebastian Vettel und Daniil Kvyat gerieten in den letzten beiden Grand Prix aneinander. In Russland sogar so sehr, dass der Ferrari-Pilot nach wenigen hundert Metern seinen Rennwagen in der Streckenbegrenzung wieder fand. Kvyat krachte zweimal von hinten in das rote Auto und schob es von der Strecke. Das ist bekannt. Was darauf folgte, wird im Fahrerlager von Barcelona heiß diskutiert: Red Bull degradierte Kvyat zum Schwesterteam von Toro Rosso . 
&quot;Soweit ich weiß, wurde die Entscheidung schon vorher getroffen. Das hatte nichts mit China oder Russland zu tun&quot;, äußerte sich Vettel am Donnerstag in Spanien . &quot;Für den einen sind es eben gute Nachrichten, für den anderen schlechte.&quot; Die guten Nachrichten beziehen sich auf Max Verstappen , der ab dem fünften GP des Jahres in den Red Bull RB12 klettern darf. 
In seiner Medienrunde schilderte Vettel nochmals den Startcrash aus seiner Sicht. Kvyat habe sich verschätzt und sei in ihn gekracht. Als Folge rutschte Vettel in Ricciardo, der wiederrum in Perez. Das Kuddelmuddel ging auch in der Omega-Kurve weiter. Hamilton habe etwas wegen Perez gebremst, Vettel dann ebenfalls. Und Kvyat sei ein zweites Mal in den Ferrari gedonnert. „Daniil hat vielleicht nicht weit genug vorausgeschaut“, meint Vettel . 
Zwei Wochen später hat der viermalige F1-Champion die Sache abgehakt. Der 28-Jährige lobt Kvyat dafür, dass er sich nach dem Rennen in Russland telefonisch bei ihm gemeldet hat. &quot;Es bringt nichts, weiter auf den Jungen einzudreschen. Mir ist schon manch ein Fahrer mit über 30 Jahren ins Auto gefahren, und die hatten nicht die Eier, danach bei mir anzurufen.&quot; Das Talent des russischen Piloten steht laut Vettel außer Frage: &quot;Daniil ist sehr talentiert. Sein Grundspeed ist sehr stark. Er verdient sich seinen Platz in der Formel 1.&quot; 
Keine Kritik an Red Bull 
Kritik an der Vorgehensweise seines ehemaligen Arbeitgebers äußert der 28-Jährige nicht. &quot;Man sollte das Positive sehen, dass Red Bull viel Geld in die Hand nimmt, um junge Talente zu fördern&quot;, findet Vettel . &quot;Klar gibt es Druck, und man muss liefern. Ob es gelingt, hängt von vielen Faktoren ab.&quot; 
Dann wehrt Vettel jene Kritiker ab, denen sein Verhalten während des GP Russland nicht gefallen hat. Der Heppenheimer war an den Kommandostand von Red Bull gegangen und sprach mit Teamchef Christian Horner . &quot;Daniil fuhr ja noch weiter. Ich habe Christian nur gesagt, dass er bitte mit ihm sprechen möge.&quot; 
Die bisherige Saison verlief für Vettel alles andere als optimal. In 4 Rennen fiel er zweimal aus. In der WM fehlen ihm schon 67 Punkte auf Spitzenreiter Nico Rosberg. Ist der WM-Zug schon abgefahren? &quot;Oh, das kann man nach 4 Rennen noch nicht sagen. Es sieht nicht rosig aus. Aber das Potential ist da. Wir fühlen uns deutlich wohler mit unserem Auto&quot;, erklärt Vettel . 
Der Blick des Ferrari-Stars geht nach vorne. &quot;Klar hätten die Rennen besser sein können. Aber es bringt nichts, zurück zu schauen und zu lamentieren. Es wäre klüger, uns auf die kommenden Rennen zu konzentrieren.&quot; Das nächste steht in Barcelona an. Eine Strecke, die Ferrari aufgrund der vielen schnellen Kurven liegen sollte. 
&quot;Die Wintertests hier liefen ganz gut. China und Russland spielten Mercedes in die Karten. Die nächsten zwei Strecken liegen uns besser. Barcelona ist ein bisschen ein Bruch zu den letzten Pisten. Und Monaco hat seine ganz eigenen Gesetze. Da kann man als Fahrer mehr den Unterschied machen. Ich kann jedoch nichts versprechen.&quot; 
Ferrari-Geheimnis um Updates 
Vettel spielt weiter den Feuerwehrmann. Er versucht alles, um im roten Lager keine schlechte Stimmung aufkeimen zu lassen. Und er versucht, für den GP Spanien etwas Druck von den Schultern seiner Mannschaft zu nehmen. &quot;Der Druck ist derselbe, wie bei jedem anderen Rennen auch. In den beiden Rennen, in denen wir ins Ziel gekommen sind, war es ja nicht schlecht. Einmal hätten wir gewinnen können, das andere Mal haben wir das Beste aus der Situation gemacht.&quot; 
Druck ist ein gutes Stichwort. Ferrari-Oberhaupt Sergio Marchionne fordert Ergebnisse. Und Siege. Am besten schon in Spanien . &quot;Ich habe seine Aussagen selbst nicht gelesen. Aber es ist ja erst einmal toll, dass sich unser Präsident so kümmert. Natürlich ist er genauso traurig wie wir, wenn die Ergebnisse nicht so sind, wie sie sein könnten&quot;, befindet Vettel . 
Für das Rennen vor den Toren der katalanischen Metropole hat Ferrari ein Update-Paket vorbereitet. Details, was neu ist, gibt es nicht. &quot;Alles streng geheim. Auf dem Papier sollte es uns helfen. Aber wir fahren nicht auf dem Papier, sondern auf der Strecke.&quot; 
Ein bisschen Kritik lässt Vettel in seiner Medienrunde aber doch zu. &quot;Unser Ziel war es, dieses Jahr zu gewinnen. Bislang haben wir das nicht erreicht. Dafür könnt ihr uns kritisieren.&quot; Quelle: 2016 Motor-Presse Stuttgart Klicken Sie &quot;Gefällt mir&quot; und erhalten Sie die besten Auto-Artikel kostenlos auf Facebook. Kommentare
</topic_text>
<spam_score>0.00</spam_score>
<post_num>1</post_num>
<post_id>post-1</post_id>
<post_url>http://www.freenet.de/auto/motorsport/vettel-ueber-red-bullwechsel_5435456_5171138.html</post_url>
<post_date>20160512</post_date>
<post_time>1623</post_time>
<username></username>
<post>
Sebastian Vettel hat das Lachen noch nicht verlernt. © sutton-images.com 12.05.2016 - 17:23 Uhr von Andreas Haupt 
Sebastian Vettel goss in Barcelona kein weiteres Öl ins Feuer. Stattdessen lobte der viermalige Champion den Mut von Daniil Kvyat, sich für seinen Fehler zu entschuldigen. 
Sebastian Vettel und Daniil Kvyat gerieten in den letzten beiden Grand Prix aneinander. In Russland sogar so sehr, dass der Ferrari-Pilot nach wenigen hundert Metern seinen Rennwagen in der Streckenbegrenzung wieder fand. Kvyat krachte zweimal von hinten in das rote Auto und schob es von der Strecke. Das ist bekannt. Was darauf folgte, wird im Fahrerlager von Barcelona heiß diskutiert: Red Bull degradierte Kvyat zum Schwesterteam von Toro Rosso . 
&quot;Soweit ich weiß, wurde die Entscheidung schon vorher getroffen. Das hatte nichts mit China oder Russland zu tun&quot;, äußerte sich Vettel am Donnerstag in Spanien . &quot;Für den einen sind es eben gute Nachrichten, für den anderen schlechte.&quot; Die guten Nachrichten beziehen sich auf Max Verstappen , der ab dem fünften GP des Jahres in den Red Bull RB12 klettern darf. 
In seiner Medienrunde schilderte Vettel nochmals den Startcrash aus seiner Sicht. Kvyat habe sich verschätzt und sei in ihn gekracht. Als Folge rutschte Vettel in Ricciardo, der wiederrum in Perez. Das Kuddelmuddel ging auch in der Omega-Kurve weiter. Hamilton habe etwas wegen Perez gebremst, Vettel dann ebenfalls. Und Kvyat sei ein zweites Mal in den Ferrari gedonnert. „Daniil hat vielleicht nicht weit genug vorausgeschaut“, meint Vettel . 
Zwei Wochen später hat der viermalige F1-Champion die Sache abgehakt. Der 28-Jährige lobt Kvyat dafür, dass er sich nach dem Rennen in Russland telefonisch bei ihm gemeldet hat. &quot;Es bringt nichts, weiter auf den Jungen einzudreschen. Mir ist schon manch ein Fahrer mit über 30 Jahren ins Auto gefahren, und die hatten nicht die Eier, danach bei mir anzurufen.&quot; Das Talent des russischen Piloten steht laut Vettel außer Frage: &quot;Daniil ist sehr talentiert. Sein Grundspeed ist sehr stark. Er verdient sich seinen Platz in der Formel 1.&quot; 
Keine Kritik an Red Bull 
Kritik an der Vorgehensweise seines ehemaligen Arbeitgebers äußert der 28-Jährige nicht. &quot;Man sollte das Positive sehen, dass Red Bull viel Geld in die Hand nimmt, um junge Talente zu fördern&quot;, findet Vettel . &quot;Klar gibt es Druck, und man muss liefern. Ob es gelingt, hängt von vielen Faktoren ab.&quot; 
Dann wehrt Vettel jene Kritiker ab, denen sein Verhalten während des GP Russland nicht gefallen hat. Der Heppenheimer war an den Kommandostand von Red Bull gegangen und sprach mit Teamchef Christian Horner . &quot;Daniil fuhr ja noch weiter. Ich habe Christian nur gesagt, dass er bitte mit ihm sprechen möge.&quot; 
Die bisherige Saison verlief für Vettel alles andere als optimal. In 4 Rennen fiel er zweimal aus. In der WM fehlen ihm schon 67 Punkte auf Spitzenreiter Nico Rosberg. Ist der WM-Zug schon abgefahren? &quot;Oh, das kann man nach 4 Rennen noch nicht sagen. Es sieht nicht rosig aus. Aber das Potential ist da. Wir fühlen uns deutlich wohler mit unserem Auto&quot;, erklärt Vettel . 
Der Blick des Ferrari-Stars geht nach vorne. &quot;Klar hätten die Rennen besser sein können. Aber es bringt nichts, zurück zu schauen und zu lamentieren. Es wäre klüger, uns auf die kommenden Rennen zu konzentrieren.&quot; Das nächste steht in Barcelona an. Eine Strecke, die Ferrari aufgrund der vielen schnellen Kurven liegen sollte. 
&quot;Die Wintertests hier liefen ganz gut. China und Russland spielten Mercedes in die Karten. Die nächsten zwei Strecken liegen uns besser. Barcelona ist ein bisschen ein Bruch zu den letzten Pisten. Und Monaco hat seine ganz eigenen Gesetze. Da kann man als Fahrer mehr den Unterschied machen. Ich kann jedoch nichts versprechen.&quot; 
Ferrari-Geheimnis um Updates 
Vettel spielt weiter den Feuerwehrmann. Er versucht alles, um im roten Lager keine schlechte Stimmung aufkeimen zu lassen. Und er versucht, für den GP Spanien etwas Druck von den Schultern seiner Mannschaft zu nehmen. &quot;Der Druck ist derselbe, wie bei jedem anderen Rennen auch. In den beiden Rennen, in denen wir ins Ziel gekommen sind, war es ja nicht schlecht. Einmal hätten wir gewinnen können, das andere Mal haben wir das Beste aus der Situation gemacht.&quot; 
Druck ist ein gutes Stichwort. Ferrari-Oberhaupt Sergio Marchionne fordert Ergebnisse. Und Siege. Am besten schon in Spanien . &quot;Ich habe seine Aussagen selbst nicht gelesen. Aber es ist ja erst einmal toll, dass sich unser Präsident so kümmert. Natürlich ist er genauso traurig wie wir, wenn die Ergebnisse nicht so sind, wie sie sein könnten&quot;, befindet Vettel . 
Für das Rennen vor den Toren der katalanischen Metropole hat Ferrari ein Update-Paket vorbereitet. Details, was neu ist, gibt es nicht. &quot;Alles streng geheim. Auf dem Papier sollte es uns helfen. Aber wir fahren nicht auf dem Papier, sondern auf der Strecke.&quot; 
Ein bisschen Kritik lässt Vettel in seiner Medienrunde aber doch zu. &quot;Unser Ziel war es, dieses Jahr zu gewinnen. Bislang haben wir das nicht erreicht. Dafür könnt ihr uns kritisieren.&quot; Quelle: 2016 Motor-Presse Stuttgart Klicken Sie &quot;Gefällt mir&quot; und erhalten Sie die besten Auto-Artikel kostenlos auf Facebook. Kommentare
</post>
<signature>

</signature>
<external_links>

</external_links>
<country>DE</country>
<main_image>http://blob.freent.de/image/5435458/460x307/460/307/abc54952816aaa7773aed9a81ece322e/Tg/sebastian-vettel--amp--nico-rosberg---gp-spanien-2-ams-mdb-948218-49fffac0648dc9c73cd499e1ab857882-1.jpg</main_image>
</document>
