<?xml version="1.0" encoding="UTF-8"?>
<document>
<type>mainstream</type>
<forum>http://mobilmania.cz//rss/sc-47/default.aspx</forum>
<forum_title>MobilMania.cz</forum_title>
<discussion_title>Samsung připravuje pro Galaxy Note 6 vlastní „BlackBerry Hub“</discussion_title>
<language>czech</language>
<gmt_offset></gmt_offset>
<topic_url>http://samsungmania.mobilmania.cz/bleskovky/samsung-pripravuje-pro-galaxy-note-6-vlastni-blackberry-hub/sc-310-a-1334406/default.aspx</topic_url>
<topic_text>
Martin Chroust 11. května 2016 Další Honor V8 oficiálně: zatopí konkurenci i stájové P9 Plus SDÍLET DISKUZE (5) 
BlackBerry Hub je pro majitele zařízení BlackBerry stěžejním rozcestníkem veškeré komunikace. Je to místo, kde se zobrazují veškerá upozornění, zprávy, události a další notifikace. K tomu můžete připočíst rychlé otevření aplikace odkudkoliv, filtrování či pokročilou organizaci. Něco podobného chystá i Samsung v rámci debutu připravovaného tabletofonu Galaxy Note 6. Nečekané? Samsung Galaxy Note 6 možná bude mít zahnutý displej 
Řešení ponese označení Samsung Focus, a v rámci jedné aplikace či systémové součásti budou integrovány kontakty, e-maily, kalendář a poznámky. Zatím není jasné, zda Samsung do celého řešení zahrne i Gmail, nebo se bude týkat jen základní aplikace E-Mail. 
Hlavní obrazovka bude ukazovat veškeré plány na aktuální a příští dny, půjde z ní rychle přidat nová událost do kalendáře, vytvořit poznámka či přijmout pozvánka ke schůzce. Pro kontakty bude vyhrazena speciální stránka, ke každému kontaktu bude samostatně vedena historie e-mailů, zpráv a pozvánek z kalendáře. Uživatel si také bude moci nastavit prioritní kontakty a prioritní notifikace podle zadaných klíčových slov. Samsung Galaxy Note 6: 256GB ROM a konektor USB Type-C 
Uživatelské rozhraní má být velmi povedené, Samsung v něm použije designové instrukce pro Material Design. I přesto, že Samsung Focus poslouží jako komunikační „koncentrátor“, zachová zřejmě Samsung i stávající jednoúčelové aplikace. Ovšem důvodů pro jejich samostatné spouštění by v Galaxy Note 6 mělo být daleko méně.
</topic_text>
<spam_score>0.00</spam_score>
<post_num>1</post_num>
<post_id>post-1</post_id>
<post_url>http://samsungmania.mobilmania.cz/bleskovky/samsung-pripravuje-pro-galaxy-note-6-vlastni-blackberry-hub/sc-310-a-1334406/default.aspx</post_url>
<post_date>20160511</post_date>
<post_time>1400</post_time>
<username>Martin Chroust</username>
<post>
Martin Chroust 11. května 2016 Další Honor V8 oficiálně: zatopí konkurenci i stájové P9 Plus SDÍLET DISKUZE (5) 
BlackBerry Hub je pro majitele zařízení BlackBerry stěžejním rozcestníkem veškeré komunikace. Je to místo, kde se zobrazují veškerá upozornění, zprávy, události a další notifikace. K tomu můžete připočíst rychlé otevření aplikace odkudkoliv, filtrování či pokročilou organizaci. Něco podobného chystá i Samsung v rámci debutu připravovaného tabletofonu Galaxy Note 6. Nečekané? Samsung Galaxy Note 6 možná bude mít zahnutý displej 
Řešení ponese označení Samsung Focus, a v rámci jedné aplikace či systémové součásti budou integrovány kontakty, e-maily, kalendář a poznámky. Zatím není jasné, zda Samsung do celého řešení zahrne i Gmail, nebo se bude týkat jen základní aplikace E-Mail. 
Hlavní obrazovka bude ukazovat veškeré plány na aktuální a příští dny, půjde z ní rychle přidat nová událost do kalendáře, vytvořit poznámka či přijmout pozvánka ke schůzce. Pro kontakty bude vyhrazena speciální stránka, ke každému kontaktu bude samostatně vedena historie e-mailů, zpráv a pozvánek z kalendáře. Uživatel si také bude moci nastavit prioritní kontakty a prioritní notifikace podle zadaných klíčových slov. Samsung Galaxy Note 6: 256GB ROM a konektor USB Type-C 
Uživatelské rozhraní má být velmi povedené, Samsung v něm použije designové instrukce pro Material Design. I přesto, že Samsung Focus poslouží jako komunikační „koncentrátor“, zachová zřejmě Samsung i stávající jednoúčelové aplikace. Ovšem důvodů pro jejich samostatné spouštění by v Galaxy Note 6 mělo být daleko méně.
</post>
<signature>

</signature>
<external_links>

</external_links>
<country>CZ</country>
<main_image>http://samsungmania.mobilmania.cz/getthumbnail.aspx?q=100&amp;height=20000&amp;width=20000&amp;id_file=359140857</main_image>
</document>
