<?xml version="1.0" encoding="UTF-8"?>
<document>
<type>mainstream</type>
<forum></forum>
<forum_title></forum_title>
<discussion_title>¡Dolores llega al cine!</discussion_title>
<language>spanish</language>
<gmt_offset></gmt_offset>
<topic_url>http://www.primerahora.com/entretenimiento/cine/nota/doloresllegaalcine-1152913/</topic_url>
<topic_text>
Por Melba Brugueras / [email protected] 05/12/2016 |09:00 a.m. 0 La conmovedora historia de la Pit Bull que fue quemada con ácido fue plasmada en un libro infantil y pronto llegará al cine con un mensaje inspirador. La lección de amor, nobleza y lealtad que ha dado la perrita luego del brutal maltrato que vivió ha sido de inspiración para muchos. (Suministrada) 
El maltrato que sufrió la Pit Bull Dolores Esperanza dejó su rastro para siempre en su piel y carita. 
Un 30% de su cuerpo sufrió quemaduras graves y el párpado de su ojito izquierdo se vio afectado, luego de que alguien vertiera sobre ella lo que se cree fue ácido. 
Después fue abandonada a su suerte en el estacionamiento del Hospital Episcopal San Lucas, en Ponce. Contenido relacionado Un milagro de vida la perrita &quot;Dolores Esperanza&quot; 
Sin embargo, la lección de amor y perdón que dio la perrita luego del cruel acto de maltrato sirvió de inspiración a su rescatista Arleen Muñiz, para que plasmara su historia en un libro infantil. Ahora, la historia de Dolores llegará al cine. 
“Hacer esta película sobre la vida de Dolores era algo que tenía que hacer antes de morir. Quería exponer lo bueno que salió de todo lo trágico que ella vivió”, explicó a Primera Hora Muñiz, fundadora de la organización sin fines de lucro Colitas Sonrientes, destinada a brindar ayuda a mascotas necesitadas. 
La película, que se llamará precisamente Dolores Esperanza, se comenzará a filmar a finales de este mes bajo la dirección y producción de Glory Torres, de Glory Talento Productions. El guión del largometraje pertenece a Arleen. 
“Glory y yo le enviamos la propuesta de la película a Caribbean Cinemas y gracias a Dios ellos la van a exponer de forma gratuita”, compartió Muñiz, quien mencionó que el rodaje comenzará a finales de este mes. 
“Esperamos que el filme esté listo para principios del año próximo”, adelantó la rescatista y activista de derechos de los animales. 
Durante el fin de semana del 29 y 30 de abril se realizaron precisamente unas audiciones buscando diferentes perritos y actores para el proyecto. 
“Los actores no serán conocidos y no nos cobrarán. Los perritos, muchos de ellos, están entrenados. Responden a comandos básicos. Todo lo que se recaude en taquilla es para nuestros rescates y gastos veterinarios”, abundó Arleen. 
“Para nosotros, lo importante con la película Dolores Esperanza, que es un drama, es llevar el mensaje de la importancia de respetar a los animales, de esterilizar, de no callar ante el maltrato. De eso se trata esta producción que va combinar datos de la vida real de Dolores con elementos de ficción”, añadió. 
Dolores, según adelantó su guardiana, aparecerá en la cinta. 
“Claro, ella es la estrella, pero no quiero entrar en muchos detalles para que el público vaya a verla”, mencionó. 
Arleen Muñiz es también la autora del libro infantil La vida de Dolores Esperanza Muñiz: Maestra del perdón y oportunidad. 
La publicación, de 23 páginas a color, fue lanzada en septiembre de 2015, a un año del rescate del animal. 
El libro repasa el caso de la perrita con fotos reales de su proceso de rescate y recuperación y concluye pidiendo justicia para el can. Y es que al sol de hoy, todavía su caso no se ha resuelto. 
</topic_text>
<spam_score>0.00</spam_score>
<post_num>1</post_num>
<post_id>post-1</post_id>
<post_url>http://www.primerahora.com/entretenimiento/cine/nota/doloresllegaalcine-1152913/</post_url>
<post_date>20160511</post_date>
<post_time></post_time>
<username></username>
<post>
Por Melba Brugueras / [email protected] 05/12/2016 |09:00 a.m. 0 La conmovedora historia de la Pit Bull que fue quemada con ácido fue plasmada en un libro infantil y pronto llegará al cine con un mensaje inspirador. La lección de amor, nobleza y lealtad que ha dado la perrita luego del brutal maltrato que vivió ha sido de inspiración para muchos. (Suministrada) 
El maltrato que sufrió la Pit Bull Dolores Esperanza dejó su rastro para siempre en su piel y carita. 
Un 30% de su cuerpo sufrió quemaduras graves y el párpado de su ojito izquierdo se vio afectado, luego de que alguien vertiera sobre ella lo que se cree fue ácido. 
Después fue abandonada a su suerte en el estacionamiento del Hospital Episcopal San Lucas, en Ponce. Contenido relacionado Un milagro de vida la perrita &quot;Dolores Esperanza&quot; 
Sin embargo, la lección de amor y perdón que dio la perrita luego del cruel acto de maltrato sirvió de inspiración a su rescatista Arleen Muñiz, para que plasmara su historia en un libro infantil. Ahora, la historia de Dolores llegará al cine. 
“Hacer esta película sobre la vida de Dolores era algo que tenía que hacer antes de morir. Quería exponer lo bueno que salió de todo lo trágico que ella vivió”, explicó a Primera Hora Muñiz, fundadora de la organización sin fines de lucro Colitas Sonrientes, destinada a brindar ayuda a mascotas necesitadas. 
La película, que se llamará precisamente Dolores Esperanza, se comenzará a filmar a finales de este mes bajo la dirección y producción de Glory Torres, de Glory Talento Productions. El guión del largometraje pertenece a Arleen. 
“Glory y yo le enviamos la propuesta de la película a Caribbean Cinemas y gracias a Dios ellos la van a exponer de forma gratuita”, compartió Muñiz, quien mencionó que el rodaje comenzará a finales de este mes. 
“Esperamos que el filme esté listo para principios del año próximo”, adelantó la rescatista y activista de derechos de los animales. 
Durante el fin de semana del 29 y 30 de abril se realizaron precisamente unas audiciones buscando diferentes perritos y actores para el proyecto. 
“Los actores no serán conocidos y no nos cobrarán. Los perritos, muchos de ellos, están entrenados. Responden a comandos básicos. Todo lo que se recaude en taquilla es para nuestros rescates y gastos veterinarios”, abundó Arleen. 
“Para nosotros, lo importante con la película Dolores Esperanza, que es un drama, es llevar el mensaje de la importancia de respetar a los animales, de esterilizar, de no callar ante el maltrato. De eso se trata esta producción que va combinar datos de la vida real de Dolores con elementos de ficción”, añadió. 
Dolores, según adelantó su guardiana, aparecerá en la cinta. 
“Claro, ella es la estrella, pero no quiero entrar en muchos detalles para que el público vaya a verla”, mencionó. 
Arleen Muñiz es también la autora del libro infantil La vida de Dolores Esperanza Muñiz: Maestra del perdón y oportunidad. 
La publicación, de 23 páginas a color, fue lanzada en septiembre de 2015, a un año del rescate del animal. 
El libro repasa el caso de la perrita con fotos reales de su proceso de rescate y recuperación y concluye pidiendo justicia para el can. Y es que al sol de hoy, todavía su caso no se ha resuelto. 
</post>
<signature>

</signature>
<external_links>

</external_links>
<country>US</country>
<main_image>http://rec-eph.gfrcdn.net/images/2016/05/11/dolores.jpg</main_image>
</document>
