<?xml version="1.0" encoding="UTF-8"?>
<document>
<type>mainstream</type>
<forum>http://chelyabinsk.bezformata.ru/rss.xml</forum>
<forum_title>Новости города БезФормата.Ru Челябинская область Челябинск</forum_title>
<discussion_title>Пострадавший на Зюраткуле доставлен в больницу г. Сатки</discussion_title>
<language>russian</language>
<gmt_offset></gmt_offset>
<topic_url>http://chelyabinsk.bezformata.ru/listnews/zyuratkule-dostavlen-v-bolnitcu-g-satki/46773602/</topic_url>
<topic_text>
RSS О проекте Задать вопрос Пострадавший на Зюраткуле доставлен в больницу г. Сатки 
Благодаря оперативности проведённой поисково-спасательной операции и помощи коллег из Уральского регионального центра МЧС России, пострадавший турист вертолётом доставлен с Зюраткуля в больницу города Сатки. 

В 17.18 вертолёт приземлился в н.п. Зюраткуль, принял на борт двух медицинских работников и в 17.20 вылетел к месту нахождения больного туриста. В 17.29 борт МЧС приземлился на южном склоне горы Б. Нургуш, больной был загружен в авиационный транспорт и в 17.39 вылетел в г. Сатка. 
В 17.54 вертолёт авиационно-спасательного центра УРЦ МЧС России прибыл в Сатку, а уже в 18.00 часов молодой человек был доставлен в реанимационное отделение. Его состояние оценивается как тяжёлое.
</topic_text>
<spam_score>0.00</spam_score>
<post_num>1</post_num>
<post_id>post-1</post_id>
<post_url>http://chelyabinsk.bezformata.ru/listnews/zyuratkule-dostavlen-v-bolnitcu-g-satki/46773602/</post_url>
<post_date>20160512</post_date>
<post_time>1603</post_time>
<username></username>
<post>
RSS О проекте Задать вопрос Пострадавший на Зюраткуле доставлен в больницу г. Сатки 
Благодаря оперативности проведённой поисково-спасательной операции и помощи коллег из Уральского регионального центра МЧС России, пострадавший турист вертолётом доставлен с Зюраткуля в больницу города Сатки. 

В 17.18 вертолёт приземлился в н.п. Зюраткуль, принял на борт двух медицинских работников и в 17.20 вылетел к месту нахождения больного туриста. В 17.29 борт МЧС приземлился на южном склоне горы Б. Нургуш, больной был загружен в авиационный транспорт и в 17.39 вылетел в г. Сатка. 
В 17.54 вертолёт авиационно-спасательного центра УРЦ МЧС России прибыл в Сатку, а уже в 18.00 часов молодой человек был доставлен в реанимационное отделение. Его состояние оценивается как тяжёлое.
</post>
<signature>

</signature>
<external_links>

</external_links>
<country>RU</country>
<main_image></main_image>
</document>
