<?xml version="1.0" encoding="UTF-8"?>
<document>
<type>mainstream</type>
<forum></forum>
<forum_title></forum_title>
<discussion_title>Video: Woman filmed picking foot scabs on train and eating them | Metro News</discussion_title>
<language>english</language>
<gmt_offset></gmt_offset>
<topic_url>http://metro.co.uk/2016/05/12/train-passenger-filmed-picking-at-her-foot-scabs-and-eating-them-5877608/</topic_url>
<topic_text>
Tanveer Mann for Metro.co.uk Thursday 12 May 2016 4:54 pm To view this video please enable JavaScript, and consider upgrading to a web browser that supports HTML5 video 
We’ve seen some pretty nasty habits on the train, but this could just be the grossest one ever. 
Footage has emerged showing a smartly dressed woman removing her shoes on a train and picking at dry skin on the bottom of her foot. 
Okay, whatever floats her boat. But then the unthinkable happens. MORE: Waitress shares photo of her bloodied feet after working a full shift in heels and we feel her pain 
Rather than discarding the dry scabs in a tissue, or even on the floor, she decides to eat it. 
The clip, recorded by a shocked fellow passenger, shows the woman devouring the dry scabs in front of repulsed commuters. 
</topic_text>
<spam_score>0.00</spam_score>
<post_num>1</post_num>
<post_id>post-1</post_id>
<post_url>http://metro.co.uk/2016/05/12/train-passenger-filmed-picking-at-her-foot-scabs-and-eating-them-5877608/</post_url>
<post_date>20160512</post_date>
<post_time></post_time>
<username>Tanveer Mann For Metro.Co.Uk</username>
<post>
Tanveer Mann for Metro.co.uk Thursday 12 May 2016 4:54 pm To view this video please enable JavaScript, and consider upgrading to a web browser that supports HTML5 video 
We’ve seen some pretty nasty habits on the train, but this could just be the grossest one ever. 
Footage has emerged showing a smartly dressed woman removing her shoes on a train and picking at dry skin on the bottom of her foot. 
Okay, whatever floats her boat. But then the unthinkable happens. MORE: Waitress shares photo of her bloodied feet after working a full shift in heels and we feel her pain 
Rather than discarding the dry scabs in a tissue, or even on the floor, she decides to eat it. 
The clip, recorded by a shocked fellow passenger, shows the woman devouring the dry scabs in front of repulsed commuters. 
</post>
<signature>

</signature>
<external_links>

</external_links>
<country>US</country>
<main_image>http://metrouk2.files.wordpress.com/2016/05/train-woman.jpg</main_image>
</document>
