<?xml version="1.0" encoding="UTF-8"?>
<document>
<type>mainstream</type>
<forum></forum>
<forum_title></forum_title>
<discussion_title>Investigan asesinato de un hombre en Dorado</discussion_title>
<language>spanish</language>
<gmt_offset></gmt_offset>
<topic_url>http://www.primerahora.com/noticias/policia-tribunales/nota/investiganasesinatodeunhombreendorado-1152829/</topic_url>
<topic_text>
Investigan asesinato de un hombre en Dorado Por Primerahora.com 05/11/2016 |03:26 p.m. En lo que va de año han ocurrido 225 asesinatos, 20 más que los reportados a esta fecha en el 2015. (Archivo) 

</topic_text>
<spam_score>0.00</spam_score>
<post_num>1</post_num>
<post_id>post-1</post_id>
<post_url>http://www.primerahora.com/noticias/policia-tribunales/nota/investiganasesinatodeunhombreendorado-1152829/</post_url>
<post_date>20160511</post_date>
<post_time></post_time>
<username></username>
<post>
Investigan asesinato de un hombre en Dorado Por Primerahora.com 05/11/2016 |03:26 p.m. En lo que va de año han ocurrido 225 asesinatos, 20 más que los reportados a esta fecha en el 2015. (Archivo) 

</post>
<signature>

</signature>
<external_links>

</external_links>
<country>US</country>
<main_image>http://rec-eph.gfrcdn.net/images/2016/05/11/crop_capture_10.jpg</main_image>
</document>
