<?xml version="1.0" encoding="UTF-8"?>
<document>
<type>mainstream</type>
<forum></forum>
<forum_title></forum_title>
<discussion_title>Trump’s Tax Plan Goes Head to Head with Hillary’s Tax Plan – The Result is Shocking – TruthFeed</discussion_title>
<language>english</language>
<gmt_offset></gmt_offset>
<topic_url>http://truthfeed.com/?p=2350</topic_url>
<topic_text>
Trump’s Tax Plan Goes Head to Head with Hillary’s Tax Plan – The Result is Shocking Trump’s Tax Plan Goes Head to Head with Hillary’s Tax Plan – The Result is Shocking By TruthFeedNews May 12, 2016 Politics 
Hillary’s tax plan is not very different than what we have now with Obama. Her proposed surcharge on high-income taxpayers was created to compete with Bernie Sanders’ hawking wealth redistribution. There are no significant cuts for the middle class, and there is nothing real interesting here that will help the economy grow. It’s status quo Obama with a few new bells and whistles. 
Trump’s tax plan is a huge re-haul and was designed to boost the economy. The brackets are all simplified including a 0% bracket, meaning lower earners will pay nothing under a Trump administration. Reducing the corporate rate of tax to 15% will fuel small businesses and job growth and the one-time 10% repatriation tax on foreign profits will bring offshore money back to the United States. 
The impact is clear. Trump’s plan will result in massive GDP growth, capital investment growth, wage growth and millions of new jobs. Hillary’s plan will take the already sluggish US Economy right into the gutter. In addition, without big bank, big oil and multi-national corporate donors he has to please like Hillary has , Trump will save the United States billions (possibly trillions) by cutting out the corruption that comes with returned favors to big money donors. 
Share on Facebook Share Recommended For You 
</topic_text>
<spam_score>0.00</spam_score>
<post_num>1</post_num>
<post_id>post-1</post_id>
<post_url>http://truthfeed.com/?p=2350</post_url>
<post_date>20160512</post_date>
<post_time></post_time>
<username></username>
<post>
Trump’s Tax Plan Goes Head to Head with Hillary’s Tax Plan – The Result is Shocking Trump’s Tax Plan Goes Head to Head with Hillary’s Tax Plan – The Result is Shocking By TruthFeedNews May 12, 2016 Politics 
Hillary’s tax plan is not very different than what we have now with Obama. Her proposed surcharge on high-income taxpayers was created to compete with Bernie Sanders’ hawking wealth redistribution. There are no significant cuts for the middle class, and there is nothing real interesting here that will help the economy grow. It’s status quo Obama with a few new bells and whistles. 
Trump’s tax plan is a huge re-haul and was designed to boost the economy. The brackets are all simplified including a 0% bracket, meaning lower earners will pay nothing under a Trump administration. Reducing the corporate rate of tax to 15% will fuel small businesses and job growth and the one-time 10% repatriation tax on foreign profits will bring offshore money back to the United States. 
The impact is clear. Trump’s plan will result in massive GDP growth, capital investment growth, wage growth and millions of new jobs. Hillary’s plan will take the already sluggish US Economy right into the gutter. In addition, without big bank, big oil and multi-national corporate donors he has to please like Hillary has , Trump will save the United States billions (possibly trillions) by cutting out the corruption that comes with returned favors to big money donors. 
Share on Facebook Share Recommended For You 
</post>
<signature>

</signature>
<external_links>

</external_links>
<country>US</country>
<main_image>http://truthfeed.com/wp-content/uploads/2016/05/hillary-clinton-vs-trump.jpg</main_image>
</document>
