<?xml version="1.0" encoding="UTF-8"?>
<document>
<type>mainstream</type>
<forum>http://www.dailytelegraph.com.au/?nk=10ada7d7e45052cfc886a33727f5acfb-1463007522</forum>
<forum_title>Daily Telegraph | Breaking News and Headlines from Sydney and News South Wales | Daily Telegraph</forum_title>
<discussion_title>David Koch: tips to clean up your finances</discussion_title>
<language>english</language>
<gmt_offset></gmt_offset>
<topic_url>http://www.dailytelegraph.com.au/business/david-koch-tips-to-clean-up-your-finances-ahead-of-the-end-of-the-tax-year/news-story/e61df810adc4db4e6c1334362d0fff7e</topic_url>
<topic_text>
THE Federal Budget is now behind us and the long boring election campaign is just getting started. For all the initiatives outlined in the Budget, they’re worth nothing if the government isn’t re-elected… and if they’re not there is no guarantee they’ll push ahead with what’s been announced.
There’s an old saying in politics, “do or saying anything to get elected and, when you are, then do whatever you like”. Cynical but true.
With that in mind the next eight weeks is not just about the election but it’s also getting your affairs in order for the end of financial year.
With 30 June fast approaching, now’s a great time to turn over a new leaf. Here are our top tips to get your finances in shape for tax time.
Take advantage of superannuation concessions
The end of financial year is a great time to focus on boosting super. Yes the Budget cracked down on the tax concessions for the rich, but for most of us it’s business as usual when it comes to superannuation.
 
</topic_text>
<spam_score>0.00</spam_score>
<post_num>1</post_num>
<post_id>post-1</post_id>
<post_url>http://www.dailytelegraph.com.au/business/david-koch-tips-to-clean-up-your-finances-ahead-of-the-end-of-the-tax-year/news-story/e61df810adc4db4e6c1334362d0fff7e</post_url>
<post_date>20160512</post_date>
<post_time>0136</post_time>
<username>DAVID &amp; LIBBY KOCH</username>
<post>
THE Federal Budget is now behind us and the long boring election campaign is just getting started. For all the initiatives outlined in the Budget, they’re worth nothing if the government isn’t re-elected… and if they’re not there is no guarantee they’ll push ahead with what’s been announced.
There’s an old saying in politics, “do or saying anything to get elected and, when you are, then do whatever you like”. Cynical but true.
With that in mind the next eight weeks is not just about the election but it’s also getting your affairs in order for the end of financial year.
With 30 June fast approaching, now’s a great time to turn over a new leaf. Here are our top tips to get your finances in shape for tax time.
Take advantage of superannuation concessions
The end of financial year is a great time to focus on boosting super. Yes the Budget cracked down on the tax concessions for the rich, but for most of us it’s business as usual when it comes to superannuation.
 
</post>
<signature>

</signature>
<external_links>
<external_link>http://cdn.newsapi.com.au/image/v1/thumbnail/28a76047505351a900633d1753800106</external_link><external_link>http://cdn.newsapi.com.au/image/v1/thumbnail/b9c6982d5735aa0b552fdb9282a937fc</external_link><external_link>http://cdn.newsapi.com.au/image/v1/thumbnail/96a26e7bfb5033e6b94a5792981d912c</external_link><external_link>http://cdn.newsapi.com.au/image/v1/thumbnail/1b15455ae4c8e7f3842cd3044fe347c0</external_link><external_link>http://cdn.newsapi.com.au/image/v1/thumbnail/fee6b76d1b439257df4d0703972d9b0d</external_link>
</external_links>
<country>AU</country>
<main_image>http://cdn.newsapi.com.au/image/v1/86cf441bafc21500735f2e3564c3203c</main_image>
</document>
