<?xml version="1.0" encoding="UTF-8"?>
<document>
<type>mainstream</type>
<forum>http://www.dogsnow.com/havanese.xm8</forum>
<forum_title>Havanese Puppies for Sale</forum_title>
<discussion_title>Oreo</discussion_title>
<language>english</language>
<gmt_offset></gmt_offset>
<topic_url>http://www.dogsnow.com/dog-ad-o4219995742</topic_url>
<topic_text>
  
Oreo is sooo cute and lovable! He has the thickest coat and the most attractive face! He is playful and friendly just as a Havanese should be :-). My havanese usually end up in the 12-15lb range when grown. My pups are all up to date on vaccinations and worming, and come with a 1yr guarantee. They are well socialized with kids, other pups, and used to being handled by groomers. I can micro chip for an additional $50, and can ship for an additional $350. ... ( read more ) I accept all cards except amexover the phone or you can pay using paypal from my website. Please visit my web sitefor more info .xxx... or just call/text me at xxx-xxx-xxxx. Thanks! Becca Shipping Notes 
Local Delivery 
 
</topic_text>
<spam_score>0.00</spam_score>
<post_num>1</post_num>
<post_id>post-1</post_id>
<post_url>http://www.dogsnow.com/dog-ad-o4219995742</post_url>
<post_date>20160511</post_date>
<post_time>1757</post_time>
<username></username>
<post>
  
Oreo is sooo cute and lovable! He has the thickest coat and the most attractive face! He is playful and friendly just as a Havanese should be :-). My havanese usually end up in the 12-15lb range when grown. My pups are all up to date on vaccinations and worming, and come with a 1yr guarantee. They are well socialized with kids, other pups, and used to being handled by groomers. I can micro chip for an additional $50, and can ship for an additional $350. ... ( read more ) I accept all cards except amexover the phone or you can pay using paypal from my website. Please visit my web sitefor more info .xxx... or just call/text me at xxx-xxx-xxxx. Thanks! Becca Shipping Notes 
Local Delivery 
 
</post>
<signature>

</signature>
<external_links>

</external_links>
<country>US</country>
<main_image>http://i.oodleimg.com/item/4219995742t_1j_dogs_in_ruston_la/?1463059345</main_image>
</document>
