<?xml version="1.0" encoding="UTF-8"?>
<document>
<type>mainstream</type>
<forum></forum>
<forum_title></forum_title>
<discussion_title>وزیراعظم نے کل کے بجائے پیر کو قومی اسمبلی میں جانے کافیصلہ کر لیا ،پارلیمنٹ کی کارروائی کو پر امن بنانے کے لیے ایاز صادق کے رابطے</discussion_title>
<language>urdu</language>
<gmt_offset></gmt_offset>
<topic_url>http://dailypakistan.com.pk/national/12-May-2016/380312</topic_url>
<topic_text>
وزیراعظم نے کل کے بجائے پیر کو قومی اسمبلی میں جانے کافیصلہ کر لیا ،پارلیمنٹ کی کارروائی کو پر امن بنانے کے لیے ایاز صادق کے رابطے 12 مئی 2016 (21:15) Next 
اسلام آباد (مانیٹرنگ ڈیسک )سپیکر قومی اسمبلی ایاز صادق نے کہا ہے کہ وزیر اعظم نواز شریف نے کل قومی اسمبلی میں جانے کا پروگرام ملتوی کر دیا۔ان کا کہنا ہے کہ وزیر اعظم جمعے کے بجائے پیر کو پاناما لیکس پر پالیسی بیان دیں گے ۔سپیکر قومی اسمبلی ایاز صادق نے قائد حزب اختلاف خورشید شا ہ سے رابطہ کیاسمیت اپوزیشن اور حکومت کے اراکین سے رابطہ کیا اور وزیر اعظم کی پیر کے روز پارلیمنٹ میں آمد سے متعلق آگاہ کیا۔رابطو ں کے دوران ایاز صادق نے کارروائی پر امن انداز میں مکمل کرنے کے لیے حکومتی وزراءسے بھی مشاورت کی ۔بعد ازاں میڈ یا سے گفتگو کرتے ہوئے ایاز صادق نے کہا وزیراعظم کے پالیسی بیان پر اپوزیشن سے معاملات طے پاگئے ہیں۔ وزیراعظم کی موجودگی میں کارروائی خوشگوار ماحول میں چلانا چاہتا ہوں ،اپوزیشن جماعتوں نے وزیر اعظم کے خطاب کے دوران ماحول خراب نہ کرنے کی یقین دہانی کر ادی ۔ ان کا کہنا ہے کہ اپوزیشن لیڈر خورشید شاہ علیل ہیں وہ بھی پیر کو اجلاس میں شریک ہوں گے۔ اپوزیشن نے خطاب کے دوران ماحول خراب نہ کرنے کی یقین دہانی کرا دی ہے اور حکومتی وزراسے بھی مشاورت کی ہے تاکہ کارروائی پرامن انداز میں مکمل ہو۔ ان کا مزید کہنا تھا وزیراعظم جمعہ کو بھی آنا چاہیں تو ان کی مرضی ہے لیکن پاناما لیکس پر پالیسی بیان پیر کو ایوان میں دیں گے۔ متعلقہ خبریں 
</topic_text>
<spam_score>0.00</spam_score>
<post_num>1</post_num>
<post_id>post-1</post_id>
<post_url>http://dailypakistan.com.pk/national/12-May-2016/380312</post_url>
<post_date>20160512</post_date>
<post_time></post_time>
<username></username>
<post>
وزیراعظم نے کل کے بجائے پیر کو قومی اسمبلی میں جانے کافیصلہ کر لیا ،پارلیمنٹ کی کارروائی کو پر امن بنانے کے لیے ایاز صادق کے رابطے 12 مئی 2016 (21:15) Next 
اسلام آباد (مانیٹرنگ ڈیسک )سپیکر قومی اسمبلی ایاز صادق نے کہا ہے کہ وزیر اعظم نواز شریف نے کل قومی اسمبلی میں جانے کا پروگرام ملتوی کر دیا۔ان کا کہنا ہے کہ وزیر اعظم جمعے کے بجائے پیر کو پاناما لیکس پر پالیسی بیان دیں گے ۔سپیکر قومی اسمبلی ایاز صادق نے قائد حزب اختلاف خورشید شا ہ سے رابطہ کیاسمیت اپوزیشن اور حکومت کے اراکین سے رابطہ کیا اور وزیر اعظم کی پیر کے روز پارلیمنٹ میں آمد سے متعلق آگاہ کیا۔رابطو ں کے دوران ایاز صادق نے کارروائی پر امن انداز میں مکمل کرنے کے لیے حکومتی وزراءسے بھی مشاورت کی ۔بعد ازاں میڈ یا سے گفتگو کرتے ہوئے ایاز صادق نے کہا وزیراعظم کے پالیسی بیان پر اپوزیشن سے معاملات طے پاگئے ہیں۔ وزیراعظم کی موجودگی میں کارروائی خوشگوار ماحول میں چلانا چاہتا ہوں ،اپوزیشن جماعتوں نے وزیر اعظم کے خطاب کے دوران ماحول خراب نہ کرنے کی یقین دہانی کر ادی ۔ ان کا کہنا ہے کہ اپوزیشن لیڈر خورشید شاہ علیل ہیں وہ بھی پیر کو اجلاس میں شریک ہوں گے۔ اپوزیشن نے خطاب کے دوران ماحول خراب نہ کرنے کی یقین دہانی کرا دی ہے اور حکومتی وزراسے بھی مشاورت کی ہے تاکہ کارروائی پرامن انداز میں مکمل ہو۔ ان کا مزید کہنا تھا وزیراعظم جمعہ کو بھی آنا چاہیں تو ان کی مرضی ہے لیکن پاناما لیکس پر پالیسی بیان پیر کو ایوان میں دیں گے۔ متعلقہ خبریں 
</post>
<signature>

</signature>
<external_links>

</external_links>
<country>DE</country>
<main_image>http://media.dailypakistan.com.pk/assets/dailypakistan/uploads_cdn/digital_news/2016-05-12/news-1463069725-6364_large.jpg</main_image>
</document>
