<?xml version="1.0" encoding="UTF-8"?>
<document>
<type>mainstream</type>
<forum>http://feeds.freenet.de/auto_news_motorsport.rss&apos;,&apos;Motorsport&apos;,&apos;News aus Formel 1, DTM und Ralleysport&apos;);</forum>
<forum_title>freenet Auto</forum_title>
<discussion_title>Tesla Model S Autopilot trifft Motte</discussion_title>
<language>german</language>
<gmt_offset></gmt_offset>
<topic_url>http://www.freenet.de/auto/neuheiten/tesla-model-s-autopilot-trifft-motte_4692990_4717844.html</topic_url>
<topic_text>
Tesla Model S Autopilot trifft Motte Bild 1 von 38 © Newspress 12.05.2016 - 17:41 Uhr von Uli Baumann 
Dank Software-Update kann das Model S teilautonom fahren. auto motor und sport hat das System getestet. Die Leistungen sind trotz einiger Fehler und Schwächen überraschend gut, außer es bekommt die Motten. 
Motte ist in diesem Fall wörtlich zu nehmen. In den USA wurde ein Tesla-Pilot nämlich jetzt von einer solchen ausgebremst. Wie Redebo in seinem Post auf Reddit schreibt, stieg der Autopilot in seinem Tesla unerwartet aus und verlangte vom Piloten das Steuer zu übernehmen. Der Autopilot zeigte ein Problem mit dem Radarsystem an. Ein kurzer Stopp brachte schnell Klärung: Eine Riesenmotte war genau auf dem Radarauge an der Tesla-Front eingeschlagen und machte dieses blind. Ein kurzer Wisch und das System war wieder voll einsatzfähig. 
Wie das System dann funktioniert, lesen Sie in den folgenden Absätzen oder hier. 
Nach dem Update hält der Tesla Model S bei aktiviertem Autopilot ab einer Geschwindigkeit von 30 km/h den Abstand zum Vordermann und die Spur. Obwohl man die Hände während der Fahrt vom Lenkrad nehmen kann, empfiehlt Elon Musk aus Sicherheitsgründen das Steuer trotzdem festzuhalten: Die Verantwortung für das Fahrzeug liegt nämlich nach wie vor beim Fahrer. 
Tesla Model S autonom: Selbstständiger Spurwechsel 
Wenn der Blinker gesetzt wird, führt der Model S einen autonomen Spurwechsel durch. Außerdem erkennt das System freie Parklücken und parkt den Wagen dort auf Wunsch selbstständig ein. Voraussetzung für das selbstständige Einparken ist die Ausrüstung des Fahrzeugs mit Radar- und Ultraschallsensoren sowie einer Frontkamera. 
Allerdings funktioniert die Software nicht auf allen Straßen zuverlässig. Bei Straßen mit unklarer Spuraufteilung gibt es noch Probleme. Hier will Tesla die Daten der Fahrzeuge sammeln, um die Software weiter zu verbessern. Das Update steht zunächst nur für den US-Markt zur Verfügung, weitere Regionen sollen folgen. Auch das jüngst vorgestellte Elektro-SUV Tesla Model X soll die Software zum teilautonomen Fahren bekommen. Elon Musk geht davon aus, dass bereits 2017 komplett autonomes Fahren mit fahrerlosen Autos möglich sein wird. 
Autopilot überzeugt im Test 
In einem ersten Test von auto motor und sport funktioniert der hinzulernende Autopilot überraschend gut. So steuert der Tesla auch bei höheren Geschwindigkeiten von mehr als 80 km/h sicher, wenn auch ein bisschen ruckelig, durch die Kurven, wechselt die Fahrspur, überholt und fährt sogar nach längeren Rotphasen an der Ampel sicher los. Und das alles ohne Eingriffe des Fahrers. 
Schwächen hat das System allerdings noch in der Stadt. Im dichten Stadtverkehr versagt der Autopilot und übergibt an den Fahrer. Doch auch da verspricht Tesla baldige Verbesserungen. Denn alle Sensordaten werden per Mobilfunk auf einen Firmenserver übertragen und dort analysiert, um das Verkehrsgeschehen besser zu verstehen. Mit jedem Software-Update soll sich das Verhalten des Fahrzeugs verbessern. 
Andere Hersteller wagen sich an pilotiertes Fahren bei Serienautos bei Tempo 100 und schneller noch gar nicht heran. Dass Tesla dies trotz der rechtlichen Lage schon anbieten kann, liegt an einem Trick: Beim Aktivieren der Autopilot-Funktion muss der Fahrer umfangreichen Nutzungsbedingungen zustimmen. Die besagen unter anderem, dass der Fahrer in jeder Situation die volle Verantwortung trägt und möglichst immer die Hände am Lenkrad zu lassen hat. Lässt er dieses zu lange los, ermahnt ihn ein Piepton. 
Tesla drückt nicht nur bei den Assistenz-Systemen auf die Tube, auch die Antriebe kommen nicht zu kurz. So sind inzwischen Allradvarianten des Model S verfügbar. Die Allradfähigkeit wird durch den Einsatz eines zweiten Elektromotors hinter der Vorderachse erreicht. Der E-Motor mit 188 PS an sich ist identisch mit den Heckmotoren aus dem Tesla 60 und Tesla 85, beim P85D leistet dieser aber abweichend 221 PS. 
Der Tesla Model S 70D kommt so auf eine Gesamtleistung von 332 PS, die Spurtzeit (0 - 100 km/h) wird mit 5,4 Sekunden angegeben, die Reichweite mit 442 km. Die Höchstgeschwindigkeit soll 225 km/h betragen. Für den 85D liegen die Werte bei 442 PS, 4,4 Sekunden, 528 km und 250 km/h. Das Topmodell P85D wird bei Tesla mit 539 PS, 3,0 Sekunden, 491 km und ebenfalls 250 km/h geführt. Ursprünglich sollte das Top-Modell mit über 700 PS angegeben werden, um EU-Richtlinien zu erfüllen wurde die Nennleistung nach unten korrigiert. Quelle: 2016 Motor-Presse Stuttgart Klicken Sie &quot;Gefällt mir&quot; und erhalten Sie die besten Auto-Artikel kostenlos auf Facebook. Kommentare
</topic_text>
<spam_score>0.00</spam_score>
<post_num>1</post_num>
<post_id>post-1</post_id>
<post_url>http://www.freenet.de/auto/neuheiten/tesla-model-s-autopilot-trifft-motte_4692990_4717844.html</post_url>
<post_date>20160512</post_date>
<post_time>1641</post_time>
<username></username>
<post>
Tesla Model S Autopilot trifft Motte Bild 1 von 38 © Newspress 12.05.2016 - 17:41 Uhr von Uli Baumann 
Dank Software-Update kann das Model S teilautonom fahren. auto motor und sport hat das System getestet. Die Leistungen sind trotz einiger Fehler und Schwächen überraschend gut, außer es bekommt die Motten. 
Motte ist in diesem Fall wörtlich zu nehmen. In den USA wurde ein Tesla-Pilot nämlich jetzt von einer solchen ausgebremst. Wie Redebo in seinem Post auf Reddit schreibt, stieg der Autopilot in seinem Tesla unerwartet aus und verlangte vom Piloten das Steuer zu übernehmen. Der Autopilot zeigte ein Problem mit dem Radarsystem an. Ein kurzer Stopp brachte schnell Klärung: Eine Riesenmotte war genau auf dem Radarauge an der Tesla-Front eingeschlagen und machte dieses blind. Ein kurzer Wisch und das System war wieder voll einsatzfähig. 
Wie das System dann funktioniert, lesen Sie in den folgenden Absätzen oder hier. 
Nach dem Update hält der Tesla Model S bei aktiviertem Autopilot ab einer Geschwindigkeit von 30 km/h den Abstand zum Vordermann und die Spur. Obwohl man die Hände während der Fahrt vom Lenkrad nehmen kann, empfiehlt Elon Musk aus Sicherheitsgründen das Steuer trotzdem festzuhalten: Die Verantwortung für das Fahrzeug liegt nämlich nach wie vor beim Fahrer. 
Tesla Model S autonom: Selbstständiger Spurwechsel 
Wenn der Blinker gesetzt wird, führt der Model S einen autonomen Spurwechsel durch. Außerdem erkennt das System freie Parklücken und parkt den Wagen dort auf Wunsch selbstständig ein. Voraussetzung für das selbstständige Einparken ist die Ausrüstung des Fahrzeugs mit Radar- und Ultraschallsensoren sowie einer Frontkamera. 
Allerdings funktioniert die Software nicht auf allen Straßen zuverlässig. Bei Straßen mit unklarer Spuraufteilung gibt es noch Probleme. Hier will Tesla die Daten der Fahrzeuge sammeln, um die Software weiter zu verbessern. Das Update steht zunächst nur für den US-Markt zur Verfügung, weitere Regionen sollen folgen. Auch das jüngst vorgestellte Elektro-SUV Tesla Model X soll die Software zum teilautonomen Fahren bekommen. Elon Musk geht davon aus, dass bereits 2017 komplett autonomes Fahren mit fahrerlosen Autos möglich sein wird. 
Autopilot überzeugt im Test 
In einem ersten Test von auto motor und sport funktioniert der hinzulernende Autopilot überraschend gut. So steuert der Tesla auch bei höheren Geschwindigkeiten von mehr als 80 km/h sicher, wenn auch ein bisschen ruckelig, durch die Kurven, wechselt die Fahrspur, überholt und fährt sogar nach längeren Rotphasen an der Ampel sicher los. Und das alles ohne Eingriffe des Fahrers. 
Schwächen hat das System allerdings noch in der Stadt. Im dichten Stadtverkehr versagt der Autopilot und übergibt an den Fahrer. Doch auch da verspricht Tesla baldige Verbesserungen. Denn alle Sensordaten werden per Mobilfunk auf einen Firmenserver übertragen und dort analysiert, um das Verkehrsgeschehen besser zu verstehen. Mit jedem Software-Update soll sich das Verhalten des Fahrzeugs verbessern. 
Andere Hersteller wagen sich an pilotiertes Fahren bei Serienautos bei Tempo 100 und schneller noch gar nicht heran. Dass Tesla dies trotz der rechtlichen Lage schon anbieten kann, liegt an einem Trick: Beim Aktivieren der Autopilot-Funktion muss der Fahrer umfangreichen Nutzungsbedingungen zustimmen. Die besagen unter anderem, dass der Fahrer in jeder Situation die volle Verantwortung trägt und möglichst immer die Hände am Lenkrad zu lassen hat. Lässt er dieses zu lange los, ermahnt ihn ein Piepton. 
Tesla drückt nicht nur bei den Assistenz-Systemen auf die Tube, auch die Antriebe kommen nicht zu kurz. So sind inzwischen Allradvarianten des Model S verfügbar. Die Allradfähigkeit wird durch den Einsatz eines zweiten Elektromotors hinter der Vorderachse erreicht. Der E-Motor mit 188 PS an sich ist identisch mit den Heckmotoren aus dem Tesla 60 und Tesla 85, beim P85D leistet dieser aber abweichend 221 PS. 
Der Tesla Model S 70D kommt so auf eine Gesamtleistung von 332 PS, die Spurtzeit (0 - 100 km/h) wird mit 5,4 Sekunden angegeben, die Reichweite mit 442 km. Die Höchstgeschwindigkeit soll 225 km/h betragen. Für den 85D liegen die Werte bei 442 PS, 4,4 Sekunden, 528 km und 250 km/h. Das Topmodell P85D wird bei Tesla mit 539 PS, 3,0 Sekunden, 491 km und ebenfalls 250 km/h geführt. Ursprünglich sollte das Top-Modell mit über 700 PS angegeben werden, um EU-Richtlinien zu erfüllen wurde die Nennleistung nach unten korrigiert. Quelle: 2016 Motor-Presse Stuttgart Klicken Sie &quot;Gefällt mir&quot; und erhalten Sie die besten Auto-Artikel kostenlos auf Facebook. Kommentare
</post>
<signature>

</signature>
<external_links>

</external_links>
<country>DE</country>
<main_image>http://blob.freent.de/image/5099484/460x307/460/307/c354954fcd515a7c03a35b1bd370c95f/to/tesla-model-s-ams-mdb-835397-d41d8cd98f00b204e9800998ecf8427e-1.jpg</main_image>
</document>
