<?xml version="1.0" encoding="UTF-8"?>
<document>
<type>mainstream</type>
<forum>http://chelyabinsk.bezformata.ru/rss.xml</forum>
<forum_title>Новости города БезФормата.Ru Челябинская область Челябинск</forum_title>
<discussion_title>За нарушение Закона о тишине будут наказывать штрафом.</discussion_title>
<language>russian</language>
<gmt_offset></gmt_offset>
<topic_url>http://kusa.bezformata.ru/listnews/zakona-o-tishine-budut-nakazivat/46771919/</topic_url>
<topic_text>
RSS О проекте Задать вопрос За нарушение Закона о тишине будут наказывать штрафом. 
Депутаты Законодательного Собрания Челябинской области 28 апреля приняли изменения в нормативно-правовых актах, которые сделали возможным применение Закона о тишине. Нарушителей спокойствия в позднее время суток будут наказывать штрафами. 
Принятый в целях борьбы с нарушителями спокойствия в 2014 году Закон о тишине не принес результатов, поскольку сотрудники полиции не были вправе составлять протоколы об административных правонарушениях, посягающих на общественный порядок. При этом, в полицию от кусинцев ежедневно поступают жалобы на громких соседей. По инициативе руководства ГУ МВД России по Челябинской области после обсуждения с органами местного самоуправления принято решение, что вся работа по сбору материалов для составления протоколов и оперативное информирование должностных лиц местного самоуправления о совершенном правонарушении будет проводиться сотрудниками полиции. При этом протокол об административном правонарушении будет составляться должностным лицом местного самоуправления, уполномоченным на составление протокола, а затем передаваться мировым судьям. В настоящее время закон вступил в силу. Напомню, согласно Закону о тишине, в будни нельзя громко слушать музыку или проводить ремонтные работы выходные с 22:00 до 6:00. В выходные и праздники запрещено шуметь с 23:00 до 8:00. За нарушение этого запрета гражданам придется оплатить штраф от одной до пяти тыс. рублей, юридическим лицам – от 10 до 100 тыс. рублей. 
Евгений Винс,
</topic_text>
<spam_score>0.00</spam_score>
<post_num>1</post_num>
<post_id>post-1</post_id>
<post_url>http://kusa.bezformata.ru/listnews/zakona-o-tishine-budut-nakazivat/46771919/</post_url>
<post_date>20160512</post_date>
<post_time>1432</post_time>
<username></username>
<post>
RSS О проекте Задать вопрос За нарушение Закона о тишине будут наказывать штрафом. 
Депутаты Законодательного Собрания Челябинской области 28 апреля приняли изменения в нормативно-правовых актах, которые сделали возможным применение Закона о тишине. Нарушителей спокойствия в позднее время суток будут наказывать штрафами. 
Принятый в целях борьбы с нарушителями спокойствия в 2014 году Закон о тишине не принес результатов, поскольку сотрудники полиции не были вправе составлять протоколы об административных правонарушениях, посягающих на общественный порядок. При этом, в полицию от кусинцев ежедневно поступают жалобы на громких соседей. По инициативе руководства ГУ МВД России по Челябинской области после обсуждения с органами местного самоуправления принято решение, что вся работа по сбору материалов для составления протоколов и оперативное информирование должностных лиц местного самоуправления о совершенном правонарушении будет проводиться сотрудниками полиции. При этом протокол об административном правонарушении будет составляться должностным лицом местного самоуправления, уполномоченным на составление протокола, а затем передаваться мировым судьям. В настоящее время закон вступил в силу. Напомню, согласно Закону о тишине, в будни нельзя громко слушать музыку или проводить ремонтные работы выходные с 22:00 до 6:00. В выходные и праздники запрещено шуметь с 23:00 до 8:00. За нарушение этого запрета гражданам придется оплатить штраф от одной до пяти тыс. рублей, юридическим лицам – от 10 до 100 тыс. рублей. 
Евгений Винс,
</post>
<signature>

</signature>
<external_links>

</external_links>
<country>RU</country>
<main_image></main_image>
</document>
