<?xml version="1.0" encoding="UTF-8"?>
<document>
<type>mainstream</type>
<forum></forum>
<forum_title></forum_title>
<discussion_title>Por ahí viene otra película con Amy Schumer</discussion_title>
<language>spanish</language>
<gmt_offset></gmt_offset>
<topic_url>http://www.primerahora.com/entretenimiento/cine/nota/porahivieneotrapeliculaconamyschumer-1152904/</topic_url>
<topic_text>
Por ahí viene otra película con Amy Schumer Por Agencia EFE 05/11/2016 |08:09 p.m. 0 Amy Schumer es una de las actrices cómicas más populares del momento en Estados Unidos. (Archivo) Sin título todavía, el filme será dirigido por Jonathan Levine (&quot;50/50&quot;, 2011) y tendrá como guionista a Katie Dippold 
El actor español Óscar Jaenada continúa abriéndose camino en Hollywood y participará en una comedia familiar protagonizada por Amy Schumer y Goldie Hawn, informó hoy el medio especializado Deadline. 
Sin título todavía, el filme será dirigido por Jonathan Levine (&quot;50/50&quot;, 2011) y tendrá como guionista a Katie Dippold, quien se inspiró en su propia vida para tejer una comedia de aventuras acerca de la relación entre una madre y su hija. 
Amy Schumer es una de las actrices cómicas más populares del momento en Estados Unidos y su filme de 2015 &quot;Trainwreck&quot;, que escribió y protagonizó, recaudó 140 millones de dólares en taquilla en todo el mundo. 
Jaenada dio vida al legendario artista flamenco Camáron de la Isla en &quot;Camarón&quot; (2005) y también encarnó al célebre cómico mexicano Cantinflas en la cinta homónima de 2014. 
Entre sus proyectos más recientes, todavía sin estrenar, se encuentra &quot;Hands of Stone&quot;, película basada en la vida del boxeador panameño Roberto Durán, en la que interpretará a su mejor amigo y compartirá cartel con Robert de Niro, el actor venezolano Édgar Ramírez y la actriz cubana Ana de Armas. 
Jaenada también aparecerá en el reparto de &quot;The Shallows&quot;, un thriller en pleno océano protagonizado por Blake Lively y dirigido por el cineasta español Jaume Collet-Serra (&quot;Non-Stop&quot;, 2014). 
</topic_text>
<spam_score>0.00</spam_score>
<post_num>1</post_num>
<post_id>post-1</post_id>
<post_url>http://www.primerahora.com/entretenimiento/cine/nota/porahivieneotrapeliculaconamyschumer-1152904/</post_url>
<post_date>20160511</post_date>
<post_time></post_time>
<username></username>
<post>
Por ahí viene otra película con Amy Schumer Por Agencia EFE 05/11/2016 |08:09 p.m. 0 Amy Schumer es una de las actrices cómicas más populares del momento en Estados Unidos. (Archivo) Sin título todavía, el filme será dirigido por Jonathan Levine (&quot;50/50&quot;, 2011) y tendrá como guionista a Katie Dippold 
El actor español Óscar Jaenada continúa abriéndose camino en Hollywood y participará en una comedia familiar protagonizada por Amy Schumer y Goldie Hawn, informó hoy el medio especializado Deadline. 
Sin título todavía, el filme será dirigido por Jonathan Levine (&quot;50/50&quot;, 2011) y tendrá como guionista a Katie Dippold, quien se inspiró en su propia vida para tejer una comedia de aventuras acerca de la relación entre una madre y su hija. 
Amy Schumer es una de las actrices cómicas más populares del momento en Estados Unidos y su filme de 2015 &quot;Trainwreck&quot;, que escribió y protagonizó, recaudó 140 millones de dólares en taquilla en todo el mundo. 
Jaenada dio vida al legendario artista flamenco Camáron de la Isla en &quot;Camarón&quot; (2005) y también encarnó al célebre cómico mexicano Cantinflas en la cinta homónima de 2014. 
Entre sus proyectos más recientes, todavía sin estrenar, se encuentra &quot;Hands of Stone&quot;, película basada en la vida del boxeador panameño Roberto Durán, en la que interpretará a su mejor amigo y compartirá cartel con Robert de Niro, el actor venezolano Édgar Ramírez y la actriz cubana Ana de Armas. 
Jaenada también aparecerá en el reparto de &quot;The Shallows&quot;, un thriller en pleno océano protagonizado por Blake Lively y dirigido por el cineasta español Jaume Collet-Serra (&quot;Non-Stop&quot;, 2014). 
</post>
<signature>

</signature>
<external_links>

</external_links>
<country>US</country>
<main_image>http://rec-eph.gfrcdn.net/images/2016/05/11/amy-schumer.jpg</main_image>
</document>
