<?xml version="1.0" encoding="UTF-8"?>
<document>
<type>mainstream</type>
<forum>http://www.cbs8.com/category/307361/business-wire</forum>
<forum_title>Business Wire - CBS News 8 - San Diego, CA News Station - KFMB Channel 8</forum_title>
<discussion_title>Telecom Billing and Revenue Management Market to $9.27 Bn by 202</discussion_title>
<language>english</language>
<gmt_offset></gmt_offset>
<topic_url>http://www.cbs8.com/story/31956675/telecom-billing-and-revenue-management-market-to-927-bn-by-2025-global-analysis-and-forecasts-by-types-of-solutions-services-and-deployment-types</topic_url>
<topic_text>
DUBLIN --(BUSINESS WIRE) Research and Markets has announced the addition of the &quot;Telecom Billing and Revenue Management Market to 2025 - Global Analysis and Forecasts, by Types of Solutions, Services, and Deployment Types&quot; report to their offering.
The global telecom billing and revenue management market was valued at US$ 9.27 Bn in 2015 and is expected to reach US$ 25.27 Bn by 2025.
The report showcases trends that are dominant in the global market and the factors that act as barrier to the growth of telecom billing and revenue management market.
Telecom billing and revenue management solutions and services support telcos and communication service providers (CSP&apos;s) to channelize and manage business-critical revenue and processes. In addition to the revenue management, these solutions also helps CSP&apos;s to optimize operational expenditure (OPEX); fraud detection, prevention and management; launching new services in short period of time and improve the overall costumer experience.
Increasing mobile penetration and consumer base in emerging economies along with the rising need for innovative billing and revenue management solutions and services are some of the factors expected to boost the telecom billing and revenue management market during the forecast period. However, high initial cost of deployment and network up gradations is expected to restrict the global market. The billing and charging software leads the telecom billing and revenue management market currently and is expected to hold the highest market share during the forecasted period by accounting for 37.56% of the total market revenue share in the year 2025.
High subscriber base in emerging economies especially in the Asia Pacific (APAC) and Middle East &amp; Africa (MEA) coupled with increasing technological adoptions within the telecommunication industry is providing ample opportunities to telecom billing and revenue management solution and service providers. On the other hand, North America and Europe are expected to experience a comparatively slow market growth due to maturity of their telecom industry.
Key Topics Covered:
1 Tables &amp; Figures
2 Telecom Billing and Revenue Management Market Landscape
2.1 Overview
2.2 Market Segmentation
2.3 Telecom Billing and Revenue Management Market Ecosystem
2.4 Feasibility of New Project Investment Proposals
3 Global Telecom Billing and Revenue Management Market - Key Industry Dynamics
3.1 Key Market Drivers
3.2 Key Market Restraints
3.3 Key Market Opportunities
3.4 Future Trends
4 Telecom Billing and Revenue Management Market - Five Forces Analysis
5 Telecom Billing and Revenue Management Market - Competitive Landscape
5.1 Global Telecom Billing and Revenue Management Market Sales Revenue (US$ Bn), 2014 - 2025
5.2 Telecom Billing and Revenue Management Market - Market Positioning of Key Players, 2015
6 Global Telecom Billing and Revenue Management Market Analysis -By Solutions
6.1 Overview
6.2 Billing and Charging Software
6.3 Mediation Software
6.4 Fraud Management Software
6.5 Revenue Assurance Software
6.6 Partner and Interconnects Management Software
7 Global Telecom Billing and Revenue Management Market Analysis - By Services
7.1 Overview
7.2 Consulting Services
7.3 Managed Services
7.4 Operations Services
7.5 System Integration Services
8 Global Telecom Billing and Revenue Management Analysis - By Deployment Types
8.1 Overview
8.2 On-premise Deployment
8.3 Cloud-based Deployment
8.4 Hybrid Deployment
9 Global Telecom Billing and Revenue Management Market - Geographical Analysis
10 Telecom Billing and Revenue Management Market, Key Company Profiles
10.1 Accenture PLC
10.2 Alcatel-Lucent S.A.
10.3 Amdocs, Inc.
10.4 CERILLION PLC
10.5 CSG Systems International, Inc.
10.6 Ericsson
10.7 goTransverse International, Inc.
10.8 Hewlett-Packard Development Company, L.P.
10.9 Huawei Technologies Co., Ltd.
10.10 NEC Corporation
10.11 Oracle Corporation
10.12 Redknee, Inc.
10.13 SAP SE
10.14 XURA, Inc.
For more information visit http://www.researchandmarkets.com/research/mzf3vn/telecom_billing
 //www.businesswire.com/news/home/20160512005851/en/
Research and Markets
Laura Wood, Senior Manager
press@researchandmarkets.com
For E.S.T Office Hours Call 1-917-300-0470
For U.S./CAN Toll Free Call 1-800-526-8630
For GMT Office Hours Call +353-1-416-8900
U.S. Fax: 646-607-1907
Fax (outside U.S.): +353-1-481-1716
Sector: Telecommunications and Networks
 
</topic_text>
<spam_score>0.00</spam_score>
<post_num>1</post_num>
<post_id>post-1</post_id>
<post_url>http://www.cbs8.com/story/31956675/telecom-billing-and-revenue-management-market-to-927-bn-by-2025-global-analysis-and-forecasts-by-types-of-solutions-services-and-deployment-types</post_url>
<post_date>20160512</post_date>
<post_time>0944</post_time>
<username>cbs8</username>
<post>
DUBLIN --(BUSINESS WIRE) Research and Markets has announced the addition of the &quot;Telecom Billing and Revenue Management Market to 2025 - Global Analysis and Forecasts, by Types of Solutions, Services, and Deployment Types&quot; report to their offering.
The global telecom billing and revenue management market was valued at US$ 9.27 Bn in 2015 and is expected to reach US$ 25.27 Bn by 2025.
The report showcases trends that are dominant in the global market and the factors that act as barrier to the growth of telecom billing and revenue management market.
Telecom billing and revenue management solutions and services support telcos and communication service providers (CSP&apos;s) to channelize and manage business-critical revenue and processes. In addition to the revenue management, these solutions also helps CSP&apos;s to optimize operational expenditure (OPEX); fraud detection, prevention and management; launching new services in short period of time and improve the overall costumer experience.
Increasing mobile penetration and consumer base in emerging economies along with the rising need for innovative billing and revenue management solutions and services are some of the factors expected to boost the telecom billing and revenue management market during the forecast period. However, high initial cost of deployment and network up gradations is expected to restrict the global market. The billing and charging software leads the telecom billing and revenue management market currently and is expected to hold the highest market share during the forecasted period by accounting for 37.56% of the total market revenue share in the year 2025.
High subscriber base in emerging economies especially in the Asia Pacific (APAC) and Middle East &amp; Africa (MEA) coupled with increasing technological adoptions within the telecommunication industry is providing ample opportunities to telecom billing and revenue management solution and service providers. On the other hand, North America and Europe are expected to experience a comparatively slow market growth due to maturity of their telecom industry.
Key Topics Covered:
1 Tables &amp; Figures
2 Telecom Billing and Revenue Management Market Landscape
2.1 Overview
2.2 Market Segmentation
2.3 Telecom Billing and Revenue Management Market Ecosystem
2.4 Feasibility of New Project Investment Proposals
3 Global Telecom Billing and Revenue Management Market - Key Industry Dynamics
3.1 Key Market Drivers
3.2 Key Market Restraints
3.3 Key Market Opportunities
3.4 Future Trends
4 Telecom Billing and Revenue Management Market - Five Forces Analysis
5 Telecom Billing and Revenue Management Market - Competitive Landscape
5.1 Global Telecom Billing and Revenue Management Market Sales Revenue (US$ Bn), 2014 - 2025
5.2 Telecom Billing and Revenue Management Market - Market Positioning of Key Players, 2015
6 Global Telecom Billing and Revenue Management Market Analysis -By Solutions
6.1 Overview
6.2 Billing and Charging Software
6.3 Mediation Software
6.4 Fraud Management Software
6.5 Revenue Assurance Software
6.6 Partner and Interconnects Management Software
7 Global Telecom Billing and Revenue Management Market Analysis - By Services
7.1 Overview
7.2 Consulting Services
7.3 Managed Services
7.4 Operations Services
7.5 System Integration Services
8 Global Telecom Billing and Revenue Management Analysis - By Deployment Types
8.1 Overview
8.2 On-premise Deployment
8.3 Cloud-based Deployment
8.4 Hybrid Deployment
9 Global Telecom Billing and Revenue Management Market - Geographical Analysis
10 Telecom Billing and Revenue Management Market, Key Company Profiles
10.1 Accenture PLC
10.2 Alcatel-Lucent S.A.
10.3 Amdocs, Inc.
10.4 CERILLION PLC
10.5 CSG Systems International, Inc.
10.6 Ericsson
10.7 goTransverse International, Inc.
10.8 Hewlett-Packard Development Company, L.P.
10.9 Huawei Technologies Co., Ltd.
10.10 NEC Corporation
10.11 Oracle Corporation
10.12 Redknee, Inc.
10.13 SAP SE
10.14 XURA, Inc.
For more information visit http://www.researchandmarkets.com/research/mzf3vn/telecom_billing
 //www.businesswire.com/news/home/20160512005851/en/
Research and Markets
Laura Wood, Senior Manager
press@researchandmarkets.com
For E.S.T Office Hours Call 1-917-300-0470
For U.S./CAN Toll Free Call 1-800-526-8630
For GMT Office Hours Call +353-1-416-8900
U.S. Fax: 646-607-1907
Fax (outside U.S.): +353-1-481-1716
Sector: Telecommunications and Networks
 
</post>
<signature>

</signature>
<external_links>
<external_link>http://www.researchandmarkets.com/categories.asp?cat_id=20&amp;campaign_id=mzf3vn</external_link><external_link>http://www.businesswire.com/news/home/20160512005851/en/</external_link><external_link>http://purl.org/rss/1.0/modules/content/</external_link><external_link>http://cts.businesswire.com/ct/CT?id=bwnews&amp;sty=20160512005851r1&amp;sid=56987&amp;distro=ftp</external_link><external_link>http://www.researchandmarkets.com/research/mzf3vn/telecom_billing</external_link>
</external_links>
<country>US</country>
<main_image>http://businesswire.images.worldnow.com/images/10539995_G.jpg</main_image>
</document>
