<?xml version="1.0" encoding="UTF-8"?>
<document>
<type>mainstream</type>
<forum>http://chelyabinsk.bezformata.ru/rss.xml</forum>
<forum_title>Новости города БезФормата.Ru Челябинская область Челябинск</forum_title>
<discussion_title>Областной ГУФСИН и челябинская епархия подписали соглашение о сотрудничестве</discussion_title>
<language>russian</language>
<gmt_offset></gmt_offset>
<topic_url>http://chelyabinsk.bezformata.ru/listnews/gufsin-i-chelyabinskaya-eparhiya-podpisali/46771395/</topic_url>
<topic_text>
Фото: www.1obl.ru Епархия называет своей главной целью духовное возрождение человека. 
Служба исполнения наказаний по Челябинской области договорилась с епархией о сотрудничестве. Начальник ГУФСИН Виктор Брант и Митрополит Челябинский и Златоустовский подписали соглашение. Своей главной целью епархия называет духовное возрождение человека и помощь в исправлении содеянного. 
Сегодня в ГУФСИН Челябинской области было заключено соглашение между руководством пенитенциарной службы и Челябинской Епархией. Согласно документу, свои подписи под которым поставили начальльник ГУФСИН Виктор Брант и Митрополит Челябинский и Златоустовский, дальнейшая работа будет нацелена на обеспечение прав на свободу совести, вероисповедания, образования, а также духовное просвещение осужденных и лиц, заключенных под стражу. Основной целью называется содействие со стороны духовенства администрации исправительных колоний в восстановлении социальных связей осужденных и их подготовка к освобождению. 
— Главная цель, которую мы ставим перед собой — это духовное возрождение человека, помочь человеку исправить содеянное и стать достойным представителем нашего Отечества — сообщил в своем выступлении Митрополит Челябинский и Златоустовский Никодим. 
В завершении встречи стороны наметили ряд совместных мероприятий . 
Отметим, что взаимодействие между Русской православной церковью и ГУФСИН существует уже с 2000 года. За каждым исправительным учреждением закреплен священнослужитель, оборудованы молельные комнаты и действующие православные храмы. 
Фото:ГУФСИН РОССИИ по Челябинской области
</topic_text>
<spam_score>0.00</spam_score>
<post_num>1</post_num>
<post_id>post-1</post_id>
<post_url>http://chelyabinsk.bezformata.ru/listnews/gufsin-i-chelyabinskaya-eparhiya-podpisali/46771395/</post_url>
<post_date>20160512</post_date>
<post_time>1413</post_time>
<username></username>
<post>
Фото: www.1obl.ru Епархия называет своей главной целью духовное возрождение человека. 
Служба исполнения наказаний по Челябинской области договорилась с епархией о сотрудничестве. Начальник ГУФСИН Виктор Брант и Митрополит Челябинский и Златоустовский подписали соглашение. Своей главной целью епархия называет духовное возрождение человека и помощь в исправлении содеянного. 
Сегодня в ГУФСИН Челябинской области было заключено соглашение между руководством пенитенциарной службы и Челябинской Епархией. Согласно документу, свои подписи под которым поставили начальльник ГУФСИН Виктор Брант и Митрополит Челябинский и Златоустовский, дальнейшая работа будет нацелена на обеспечение прав на свободу совести, вероисповедания, образования, а также духовное просвещение осужденных и лиц, заключенных под стражу. Основной целью называется содействие со стороны духовенства администрации исправительных колоний в восстановлении социальных связей осужденных и их подготовка к освобождению. 
— Главная цель, которую мы ставим перед собой — это духовное возрождение человека, помочь человеку исправить содеянное и стать достойным представителем нашего Отечества — сообщил в своем выступлении Митрополит Челябинский и Златоустовский Никодим. 
В завершении встречи стороны наметили ряд совместных мероприятий . 
Отметим, что взаимодействие между Русской православной церковью и ГУФСИН существует уже с 2000 года. За каждым исправительным учреждением закреплен священнослужитель, оборудованы молельные комнаты и действующие православные храмы. 
Фото:ГУФСИН РОССИИ по Челябинской области
</post>
<signature>

</signature>
<external_links>

</external_links>
<country>RU</country>
<main_image>http://chelyabinsk.bezformata.ru/content/image188606013.png</main_image>
</document>
