<?xml version="1.0" encoding="UTF-8"?>
<document>
<type>mainstream</type>
<forum>https://feeds.feedblitz.com/detroit/home</forum>
<forum_title>Detroit News - Home</forum_title>
<discussion_title>Tell FDA what you fear more: Zika or GMO mosquitoes?</discussion_title>
<language>english</language>
<gmt_offset></gmt_offset>
<topic_url>http://www.detroitnews.com/story/news/nation/2016/05/12/zika-modified-mosquitos/84276206/</topic_url>
<topic_text>
Containers hold genetically modified aedes aegypti mosquitoes before being released in Panama City, Panama. The U.S. Food and Drug Administration is considering whether the biotech firm Oxitec should test its lab-bred mosquitoes near Key West. (Photo: Arnulfo Franco / AP) 
Miami — What are you more afraid of, the Zika virus, or a plan to kill the disease-carrying mosquitoes by releasing genetically engineered bugs in Florida?
The public has until midnight Friday to weigh in. The U.S. Food and Drug Administration will then decide whether the biotech firm Oxitec can release its lab-bred mosquitoes near Key West.
Oxitec plans to release non-biting male mosquitoes, modified to produce offspring that don’t survive.
Fear is common in the nearly 2,000 comments posted online so far, but there’s a split over what’s more frightening: birth defects linked to Zika, or genetic engineering.
Supporters say the risks of mosquito-borne diseases are much greater. Opponents say genetic engineering could have dangerous unforeseen consequences, and more research is needed.
Copyright 2016 The Associated Press. All rights reserved. This material may not be published, broadcast, rewritten or redistributed.
</topic_text>
<spam_score>0.00</spam_score>
<post_num>1</post_num>
<post_id>post-1</post_id>
<post_url>http://www.detroitnews.com/story/news/nation/2016/05/12/zika-modified-mosquitos/84276206/</post_url>
<post_date>20160512</post_date>
<post_time>1040</post_time>
<username>detroitnews.com</username>
<post>
Containers hold genetically modified aedes aegypti mosquitoes before being released in Panama City, Panama. The U.S. Food and Drug Administration is considering whether the biotech firm Oxitec should test its lab-bred mosquitoes near Key West. (Photo: Arnulfo Franco / AP) 
Miami — What are you more afraid of, the Zika virus, or a plan to kill the disease-carrying mosquitoes by releasing genetically engineered bugs in Florida?
The public has until midnight Friday to weigh in. The U.S. Food and Drug Administration will then decide whether the biotech firm Oxitec can release its lab-bred mosquitoes near Key West.
Oxitec plans to release non-biting male mosquitoes, modified to produce offspring that don’t survive.
Fear is common in the nearly 2,000 comments posted online so far, but there’s a split over what’s more frightening: birth defects linked to Zika, or genetic engineering.
Supporters say the risks of mosquito-borne diseases are much greater. Opponents say genetic engineering could have dangerous unforeseen consequences, and more research is needed.
Copyright 2016 The Associated Press. All rights reserved. This material may not be published, broadcast, rewritten or redistributed.
</post>
<signature>

</signature>
<external_links>

</external_links>
<country>US</country>
<main_image>http://www.gannett-cdn.com/-mm-/d933eca852dce9d648edfdf903c31c5bdb64d26c/c=0-248-4716-2901&amp;amp;r=x1683&amp;amp;c=3200x1680/local/-/media/2016/05/12/DetroitNews/B99393612Z.1_20160512104041_000_G70UHKS3.2-0.jpg</main_image>
</document>
