<?xml version="1.0" encoding="UTF-8"?>
<document>
<type>mainstream</type>
<forum></forum>
<forum_title></forum_title>
<discussion_title>Soy víctima de un golpe y lucharé para terminar mi mandato: Rousseff</discussion_title>
<language>spanish</language>
<gmt_offset></gmt_offset>
<topic_url>http://elquiosco.mx/soy-victima-de-un-golpe-y-luchare-para-terminar-mi-mandato-rousseff/</topic_url>
<topic_text>
Notimex - 12 mayo, 2016 
BRASILIA.- La presidenta de Brasil, Dilma Rousseff, catalogó hoy como un “golpe” la decisión del Senado de separarla del cargo por 180 días, mientras es sometida a una investigación, y afirmó que luchará por concluir su periodo para el que fue electa en diciembre de 2018. 
La decisión del Senado, “es un golpe (…) mi gobierno fue blanco insistente de sabotaje (…) crearon el ambiente propicio para el golpe”, aseguró la mandataria en una declaración televisada en cadena nacional. 
Rousseff insistió en que no ha cometido ningún crimen o delito en su vida, y remarcó que va a luchar, “con todos los instrumentos legales”, para concluir su mandato para el que fue electa el 31 de diciembre de 2018. 
Pidió a sus seguidores a mantenerse movilizados, “porque el pueblo sabe que la democracia se logra con la lucha”. 
Rousseff quedará apartada del poder por 180 días mientras transcurre el juicio político contra ella en el Senado. 
La oposición acusa a Rousseff de un “crimen de responsabilidad” punible con el “impeachment”, según la Constitución, cuando usó presuntamente artimañas contables por medio de créditos de instituciones públicas para cuadrar las cuentas de 2014 y 2015. Compartir 
</topic_text>
<spam_score>0.00</spam_score>
<post_num>1</post_num>
<post_id>post-1</post_id>
<post_url>http://elquiosco.mx/soy-victima-de-un-golpe-y-luchare-para-terminar-mi-mandato-rousseff/</post_url>
<post_date>20160512</post_date>
<post_time></post_time>
<username>Notimex -</username>
<post>
Notimex - 12 mayo, 2016 
BRASILIA.- La presidenta de Brasil, Dilma Rousseff, catalogó hoy como un “golpe” la decisión del Senado de separarla del cargo por 180 días, mientras es sometida a una investigación, y afirmó que luchará por concluir su periodo para el que fue electa en diciembre de 2018. 
La decisión del Senado, “es un golpe (…) mi gobierno fue blanco insistente de sabotaje (…) crearon el ambiente propicio para el golpe”, aseguró la mandataria en una declaración televisada en cadena nacional. 
Rousseff insistió en que no ha cometido ningún crimen o delito en su vida, y remarcó que va a luchar, “con todos los instrumentos legales”, para concluir su mandato para el que fue electa el 31 de diciembre de 2018. 
Pidió a sus seguidores a mantenerse movilizados, “porque el pueblo sabe que la democracia se logra con la lucha”. 
Rousseff quedará apartada del poder por 180 días mientras transcurre el juicio político contra ella en el Senado. 
La oposición acusa a Rousseff de un “crimen de responsabilidad” punible con el “impeachment”, según la Constitución, cuando usó presuntamente artimañas contables por medio de créditos de instituciones públicas para cuadrar las cuentas de 2014 y 2015. Compartir 
</post>
<signature>

</signature>
<external_links>

</external_links>
<country>US</country>
<main_image>http://elquiosco.mx/wp-content/uploads/2016/05/Dilma1.jpg</main_image>
</document>
