<?xml version="1.0" encoding="UTF-8"?>
<document>
<type>mainstream</type>
<forum>http://feeds.feedburner.com/vecherka</forum>
<forum_title>Вечерний Харьков</forum_title>
<discussion_title>В Харькове начали выпускать военные кепки</discussion_title>
<language>russian</language>
<gmt_offset></gmt_offset>
<topic_url>http://vecherniy.kharkov.ua/news/119618/</topic_url>
<topic_text>
12 мая 2016 г. Вечерний Харьков – отметил исполняющий обязанности начальника учреждения, подполковник внутренней службы Роман Хвостов.
</topic_text>
<spam_score>0.00</spam_score>
<post_num>1</post_num>
<post_id>post-1</post_id>
<post_url>http://vecherniy.kharkov.ua/news/119618/</post_url>
<post_date>20160512</post_date>
<post_time>1506</post_time>
<username>WebMaster@vecherniy.kharkov.ua</username>
<post>
12 мая 2016 г. Вечерний Харьков – отметил исполняющий обязанности начальника учреждения, подполковник внутренней службы Роман Хвостов.
</post>
<signature>

</signature>
<external_links>

</external_links>
<country>UA</country>
<main_image>http://vecherniy.kharkov.ua/images/news/121287.jpg</main_image>
</document>
