<?xml version="1.0" encoding="UTF-8"?>
<document>
<type>mainstream</type>
<forum>http://chelyabinsk.bezformata.ru/rss.xml</forum>
<forum_title>Новости города БезФормата.Ru Челябинская область Челябинск</forum_title>
<discussion_title>Сергей Филичкин стал номинантом на звание «Заслуженный руководитель»</discussion_title>
<language>russian</language>
<gmt_offset></gmt_offset>
<topic_url>http://chelyabinsk.bezformata.ru/listnews/filichkin-stal-nominantom-na-zvanie/46772410/</topic_url>
<topic_text>
RSS О проекте Задать вопрос Сергей Филичкин стал номинантом на звание «Заслуженный руководитель» 
Директор газет « Вечерний Челябинск » и « Южноуральская панорама » Сергей Филичкин попал в список лучших руководителей предприятий страны. Ему может быть вручен золотой знак « За управленческие заслуги ». 
Как сообщили « МК-Урал » в организационном комитете всероссийского рейтинга « Национальный управленческий резерв », Сергей Владимирович по решению президентского совета фонда поддержи предпринимательских инициатив объявлен номинантов на звание « Заслуженный руководитель ». 
Отметим, что торжественный прием и церемония награждения лауреатов запланированы на 19 мая. Мероприятие пройдет в московском « Президент-Отеле ». В нем примут участие депутаты Госдумы, руководители федеральных министерств и ведомств, а также авторитетные представители общественных организаций и СМИ.
</topic_text>
<spam_score>0.00</spam_score>
<post_num>1</post_num>
<post_id>post-1</post_id>
<post_url>http://chelyabinsk.bezformata.ru/listnews/filichkin-stal-nominantom-na-zvanie/46772410/</post_url>
<post_date>20160512</post_date>
<post_time>1458</post_time>
<username></username>
<post>
RSS О проекте Задать вопрос Сергей Филичкин стал номинантом на звание «Заслуженный руководитель» 
Директор газет « Вечерний Челябинск » и « Южноуральская панорама » Сергей Филичкин попал в список лучших руководителей предприятий страны. Ему может быть вручен золотой знак « За управленческие заслуги ». 
Как сообщили « МК-Урал » в организационном комитете всероссийского рейтинга « Национальный управленческий резерв », Сергей Владимирович по решению президентского совета фонда поддержи предпринимательских инициатив объявлен номинантов на звание « Заслуженный руководитель ». 
Отметим, что торжественный прием и церемония награждения лауреатов запланированы на 19 мая. Мероприятие пройдет в московском « Президент-Отеле ». В нем примут участие депутаты Госдумы, руководители федеральных министерств и ведомств, а также авторитетные представители общественных организаций и СМИ.
</post>
<signature>

</signature>
<external_links>

</external_links>
<country>RU</country>
<main_image></main_image>
</document>
