<?xml version="1.0" encoding="UTF-8"?>
<document>
<type>mainstream</type>
<forum>http://www.cbs8.com/category/307361/business-wire</forum>
<forum_title>Business Wire - CBS News 8 - San Diego, CA News Station - KFMB Channel 8</forum_title>
<discussion_title>Zumasys Achieves SOC Certification</discussion_title>
<language>english</language>
<gmt_offset></gmt_offset>
<topic_url>http://www.cbs8.com/story/31957326/zumasys-achieves-soc-certification</topic_url>
<topic_text>
Cloud Provider Helps Keep Business Critical Applications Secure &amp; Compliant
IRVINE, Calif. --(BUSINESS WIRE) Zumasys, a leading provider of cloud computing solutions for business critical applications, announced today that it has achieved Service Organization Controls (SOC) 2 , Type 1 standards certification. The completion of this phase of Zumasys’ SOC 2 audit, completed by A-LIGN Security and Compliance, establishes that the company’s cloud computing business operations are in compliance with industry and regulatory standards and best practices.
As government and regulatory agencies increase requirements on companies to meet compliance and security standards, SOC certification is becoming a critical component of IT purchasing decisions. Customers want technology partners that are both capable and trusted. These qualities are especially important for customers in the financial industry. Achieving SOC 2, Type 1 certification gives Zumasys customers peace of mind and differentiates the company from the competition. Zumasys is able to provide a detailed report of its SOC 2, Type 1 certification to customers upon request, demonstrating to management and decision makers the qualifications they need to make informed partnership choices.
“Most hosting providers are new to the business and don’t have the experience or the operational consistency to achieve this level of certification,” says Michelle Moreno, Operations Manager for Zumasys. “Our customers trust us to follow industry standards when it comes to managing the hosting of their most critical business applications. By becoming SOC 2 compliant, we are differentiating ourselves from our competitors and ratifying that confidence.”
The SOC 2, Type 1 audit scrutinized every aspect of Zumasys’ cloud service operations, including the nature of the service provided, how Zumasys interacts with user entities and subservice organizations, internal controls, and its limitations.
This Type 1 audit reports on standards and controls as of December 15, 2015. To complete its SOC 2 certification, Zumasys will also undergo a Type 2 audit later this year, ensuring that the company continues to align with the policies and procedures that were validated in the Type 1 audit.
About Zumasys:
Zumasys helps businesses of every size Conquer the Cloud. Our personalized approach to cloud computing means we take the time to listen to our customers, understand their business objectives, and develop a customized solution that accommodates any application. We are passionate about providing a unique and exceptional service experience for every customer. From its beginnings in 2000, Zumasys has grown to encompass three divisions – cloud computing, infrastructure technologies, and software development – with offices throughout the United States and the United Kingdom.
 //www.businesswire.com/news/home/20160512005387/en/
Zumasys
Yvette Castro, (949) 334-0322
yvettec@zumasys.com
 
</topic_text>
<spam_score>0.00</spam_score>
<post_num>1</post_num>
<post_id>post-1</post_id>
<post_url>http://www.cbs8.com/story/31957326/zumasys-achieves-soc-certification</post_url>
<post_date>20160512</post_date>
<post_time>1058</post_time>
<username>cbs8</username>
<post>
Cloud Provider Helps Keep Business Critical Applications Secure &amp; Compliant
IRVINE, Calif. --(BUSINESS WIRE) Zumasys, a leading provider of cloud computing solutions for business critical applications, announced today that it has achieved Service Organization Controls (SOC) 2 , Type 1 standards certification. The completion of this phase of Zumasys’ SOC 2 audit, completed by A-LIGN Security and Compliance, establishes that the company’s cloud computing business operations are in compliance with industry and regulatory standards and best practices.
As government and regulatory agencies increase requirements on companies to meet compliance and security standards, SOC certification is becoming a critical component of IT purchasing decisions. Customers want technology partners that are both capable and trusted. These qualities are especially important for customers in the financial industry. Achieving SOC 2, Type 1 certification gives Zumasys customers peace of mind and differentiates the company from the competition. Zumasys is able to provide a detailed report of its SOC 2, Type 1 certification to customers upon request, demonstrating to management and decision makers the qualifications they need to make informed partnership choices.
“Most hosting providers are new to the business and don’t have the experience or the operational consistency to achieve this level of certification,” says Michelle Moreno, Operations Manager for Zumasys. “Our customers trust us to follow industry standards when it comes to managing the hosting of their most critical business applications. By becoming SOC 2 compliant, we are differentiating ourselves from our competitors and ratifying that confidence.”
The SOC 2, Type 1 audit scrutinized every aspect of Zumasys’ cloud service operations, including the nature of the service provided, how Zumasys interacts with user entities and subservice organizations, internal controls, and its limitations.
This Type 1 audit reports on standards and controls as of December 15, 2015. To complete its SOC 2 certification, Zumasys will also undergo a Type 2 audit later this year, ensuring that the company continues to align with the policies and procedures that were validated in the Type 1 audit.
About Zumasys:
Zumasys helps businesses of every size Conquer the Cloud. Our personalized approach to cloud computing means we take the time to listen to our customers, understand their business objectives, and develop a customized solution that accommodates any application. We are passionate about providing a unique and exceptional service experience for every customer. From its beginnings in 2000, Zumasys has grown to encompass three divisions – cloud computing, infrastructure technologies, and software development – with offices throughout the United States and the United Kingdom.
 //www.businesswire.com/news/home/20160512005387/en/
Zumasys
Yvette Castro, (949) 334-0322
yvettec@zumasys.com
 
</post>
<signature>

</signature>
<external_links>
<external_link>http://cts.businesswire.com/ct/CT?id=bwnews&amp;sty=20160512005387r1&amp;sid=56987&amp;distro=ftp</external_link><external_link>http://purl.org/rss/1.0/modules/content/</external_link><external_link>http://cts.businesswire.com/ct/CT?id=smartlink&amp;url=http%3A%2F%2Fwww.a-lign.com%2Fservices%2Fsoc-2-at-101-examination%2F&amp;esheet=51340871&amp;newsitemid=20160512005387&amp;lan=en-US&amp;anchor=Service+Organization+Controls+%28SOC%29+2&amp;index=2&amp;md5=53efab4fb77d02ae1c62b46bab4ad962</external_link><external_link>http://cts.businesswire.com/ct/CT?id=smartlink&amp;url=http%3A%2F%2Fwww.zumasys.com%2Fsolutions%2Fcloud%2Fapplication-hosting%2F&amp;esheet=51340871&amp;newsitemid=20160512005387&amp;lan=en-US&amp;anchor=cloud+computing&amp;index=1&amp;md5=aea7707282be26f0ba0a4d31f1c4f866</external_link><external_link>http://www.businesswire.com/news/home/20160512005387/en/</external_link>
</external_links>
<country>US</country>
<main_image>http://businesswire.images.worldnow.com/images/10540487_G.jpg</main_image>
</document>
