<?xml version="1.0" encoding="UTF-8"?>
<document>
<type>mainstream</type>
<forum></forum>
<forum_title></forum_title>
<discussion_title>Artistas piden alimentos para los necesitados</discussion_title>
<language>spanish</language>
<gmt_offset></gmt_offset>
<topic_url>http://www.primerahora.com/entretenimiento/farandula/nota/artistaspidenalimentosparalosnecesitados-1152891/</topic_url>
<topic_text>
Artistas piden alimentos para los necesitados Por Damaris Hernández Mercado 05/12/2016 |00:00 a.m. El tradicional recogido de alimentos “Food Drive 2016, Puerto Rico en contra del hambre” será este sábado. (Suministrada) 
En Puerto Rico hay hambre y basta con abrir la nevera y la alacena de tu hogar para que alguien tenga un plato de 
Esta es y ha sido la misión por 18 años de la Asociación Nacional de Carteros de Puerto Rico que de manera voluntaria realizan el recogido de alimentos no perecederos para distribuirlo en diferentes organizaciones de lucro en la Isla. 
El tradicional recogido de alimentos “Food Drive 2016, Puerto Rico en contra del hambre” será este sábado, 14 de mayo y se exhorta a los ciudadanos a donar y colocar los alimentos enlatados, sacos de arroz, granos, café y harinas al lado del buzón o llevarlo a la ventanilla de cualquier correo en la Isla. Todos los alimentos serán recogidos por los carteros y los entregarán ese mismo día a más de 130 instituciones afiliadas a Fondo Unidos que impactan a diversas poblaciones de escasos recursos y en desventaja social. Muchos de estas organizaciones sin fines de 
“Si podemos ayudar con un platito de arroz en un hogar eso hace la diferencia. Vuelvo a unirme a esta gran campaña porque al igual que me fascina cantar y trabajar me llena de alegría ayudar al prójimo y ser parte del cambio que todos podemos hacer. A nivel personal siento una alegría inmensa de ver las caritas de las personas que reciben los alimentos y que por al menos una semana tendrán alimentos en la alacena. Sé que este año será mucho mejor y que las noticias sean que se duplicó la meta”, sostuvo hoy la cantante Melina León, quien al igual que otros artistas se integran como portavoces 
Este año, Jerry Rivas cantante de El Gran Combo, NG2, Oscar Serrano, Juan José Hernández, Remi, Abrante, Marileyda Hernández y Fabela , entre otros, son parte de las figuras públicas que a través de diversos anuncios comerciales invitan a las personas a aportar. 
El cantante de los Mulatos del sabor expresó que se unió tras acompañar a su hijo Gerardo Rivas a un evento de la Asociación Nacional de Carteros de Puerto Rico y al conocer la misión de inmediato se integró. Rivas aseguró que el próximo año será El Gran Combo quienes se integren a la campaña que en Estados Unidos se realiza hace 24 años. 
La joven cantante Marileyda destacó que en ocasiones por ignorancia muchas personas desconocen de estas iniciativas y el hecho 
Las expectativas para el recogido de este sábado según expresó John Kennedy, presidente de Asociación Nacional de Carteros de Puerto Rico es sobrepasar las 350,000 libras de 
“Este año esperamos sobrepasar las 500,000 libras de alimentos. Puerto Rico es uno de los territorios de Estados Unidos que recoge más comida. La particularidad es que el mismo sábado le llega a todas las instituciones participantes”, indicó Kennedy en un aparte con este medio durante la conferencia de prensa realizada hoy en el Correo 
Cabe señalar que las personas que vivan en condominio pueden dejar su aportación en la oficina del administrador del edificio. Es importante que los alimentos no estén expirados y en el caso del arroz se coloque en una bolsa plástica para 
</topic_text>
<spam_score>0.00</spam_score>
<post_num>1</post_num>
<post_id>post-1</post_id>
<post_url>http://www.primerahora.com/entretenimiento/farandula/nota/artistaspidenalimentosparalosnecesitados-1152891/</post_url>
<post_date>20160511</post_date>
<post_time></post_time>
<username></username>
<post>
Artistas piden alimentos para los necesitados Por Damaris Hernández Mercado 05/12/2016 |00:00 a.m. El tradicional recogido de alimentos “Food Drive 2016, Puerto Rico en contra del hambre” será este sábado. (Suministrada) 
En Puerto Rico hay hambre y basta con abrir la nevera y la alacena de tu hogar para que alguien tenga un plato de 
Esta es y ha sido la misión por 18 años de la Asociación Nacional de Carteros de Puerto Rico que de manera voluntaria realizan el recogido de alimentos no perecederos para distribuirlo en diferentes organizaciones de lucro en la Isla. 
El tradicional recogido de alimentos “Food Drive 2016, Puerto Rico en contra del hambre” será este sábado, 14 de mayo y se exhorta a los ciudadanos a donar y colocar los alimentos enlatados, sacos de arroz, granos, café y harinas al lado del buzón o llevarlo a la ventanilla de cualquier correo en la Isla. Todos los alimentos serán recogidos por los carteros y los entregarán ese mismo día a más de 130 instituciones afiliadas a Fondo Unidos que impactan a diversas poblaciones de escasos recursos y en desventaja social. Muchos de estas organizaciones sin fines de 
“Si podemos ayudar con un platito de arroz en un hogar eso hace la diferencia. Vuelvo a unirme a esta gran campaña porque al igual que me fascina cantar y trabajar me llena de alegría ayudar al prójimo y ser parte del cambio que todos podemos hacer. A nivel personal siento una alegría inmensa de ver las caritas de las personas que reciben los alimentos y que por al menos una semana tendrán alimentos en la alacena. Sé que este año será mucho mejor y que las noticias sean que se duplicó la meta”, sostuvo hoy la cantante Melina León, quien al igual que otros artistas se integran como portavoces 
Este año, Jerry Rivas cantante de El Gran Combo, NG2, Oscar Serrano, Juan José Hernández, Remi, Abrante, Marileyda Hernández y Fabela , entre otros, son parte de las figuras públicas que a través de diversos anuncios comerciales invitan a las personas a aportar. 
El cantante de los Mulatos del sabor expresó que se unió tras acompañar a su hijo Gerardo Rivas a un evento de la Asociación Nacional de Carteros de Puerto Rico y al conocer la misión de inmediato se integró. Rivas aseguró que el próximo año será El Gran Combo quienes se integren a la campaña que en Estados Unidos se realiza hace 24 años. 
La joven cantante Marileyda destacó que en ocasiones por ignorancia muchas personas desconocen de estas iniciativas y el hecho 
Las expectativas para el recogido de este sábado según expresó John Kennedy, presidente de Asociación Nacional de Carteros de Puerto Rico es sobrepasar las 350,000 libras de 
“Este año esperamos sobrepasar las 500,000 libras de alimentos. Puerto Rico es uno de los territorios de Estados Unidos que recoge más comida. La particularidad es que el mismo sábado le llega a todas las instituciones participantes”, indicó Kennedy en un aparte con este medio durante la conferencia de prensa realizada hoy en el Correo 
Cabe señalar que las personas que vivan en condominio pueden dejar su aportación en la oficina del administrador del edificio. Es importante que los alimentos no estén expirados y en el caso del arroz se coloque en una bolsa plástica para 
</post>
<signature>

</signature>
<external_links>

</external_links>
<country>US</country>
<main_image>http://rec-eph.gfrcdn.net/images/2016/05/11/alimentos.jpg</main_image>
</document>
