<?xml version="1.0" encoding="UTF-8"?>
<document>
<type>mainstream</type>
<forum>http://www.morgenpost.de/berlin/leute/</forum>
<forum_title>Leute in Berlin - Promis &amp;amp; prominente Persönlichkeiten - Berliner Morgenpost</forum_title>
<discussion_title>Die Wandelbare: Senta Berger feiert ihren 75. Geburtstag</discussion_title>
<language>german</language>
<gmt_offset></gmt_offset>
<topic_url>http://www.morgenpost.de/berlin/leute/article207555057/Die-Wandelbare-Senta-Berger-feiert-ihren-75-Geburtstag.html</topic_url>
<topic_text>
Ihre umwerfende Schönheit ist zeitlos. Das milde Lächeln, das so viel Wärme verströmt, begleitet uns seit Jahrzehnten. Der wache Blick, hinter dem Beharrlichkeit und Bedachtsamkeit herrschen, ohne dass Empörung ihr fremd wäre, hat uns gelehrt, welch gestandene, lebenskluge Frau in dieser Hülle steckt: Senta Berger , der Deutschen Inbegriff vollkommener Weiblichkeit, wird am Freitag tatsächlich 75 Jahre alt. Das Faszinierende an ihr bleibt, dass sie über all die Jahrzehnte immer wieder ihre Rollen gefunden hat. Diesseits und jenseits der Leinwand. Die Wiener Schauspielerin war stets da, selbst wenn sie nicht hier war, wenn sie in Hollywood oder Italien drehte. Wer könnte sich damit messen?
Ein Stück ihres Erfolges geht mit ihrer Wandlung einher, die dazu führte, dass Senta Berger zu jedem Zeitpunkt ihrer Karriere den gefragten Frauentyp ihrer Altersgruppe versinnbildlichte, ohne sich verstellen zu müssen: das bildhübsche, verführerische Girl in den 60er-Jahren, die Emanzipierte in den 70er-Jahren, die sich für das legendäre &quot;Stern&quot;-Cover &quot;Wir haben abgetrieben&quot; ablichten ließ, in den 80ern und 90ern die Hemdsärmelige, die nicht nur der bayerischen Männerwelt die Stirn bot, schließlich die reife, kluge Frau von Welt, die ihre Bodenhaftung nie verliert.
Nein, feiern mag sie nicht, &quot;ich bin ein Geburtstagsmuffel&quot;, hat Senta Berger dieser Tage der Deutschen Presseagentur in einem Interview erzählt. Die Goldene Hochzeit mit Regisseur Michael Verhoeven (77) im September, die schon, am liebsten auf der Wiesn. Nichts Spektakuläres, aber da will sie mit ihm hin.
Dass sie sich nicht nur in solch privaten Dingen ihre Bodenständigkeit bewahrt hat, muss sie niemandem vorspielen, man glaubt es ihr. Senta Berger hat früh gelernt, sich auf die Verhältnisse einzustellen. Ihr Leben beginnt in einer 22 Quadratmeter kleinen Wohnung ohne Toilette und fließendes Wasser mit ihren Eltern, der Vater ist ein erfolgloser Musiker. &quot;Ich habe die Enge gar nicht wahrgenommen, für mich war das ein Nest&quot;, hat sie vor ein paar Jahren einmal bei einem Podiumsgespräch in Bochum erzählt. War das nächste Zuhause doppelt so groß, habe sie das als &quot;zugefallenen Reichtum&quot; empfunden. Es befeuert ihre Zielstrebigkeit. Sie nimmt Ballett- und Schauspielunterricht, wird mit 17 Jahren jüngstes Ensemblemitglied am berühmten Wiener Theater in der Josefstadt. Der Film entdeckt sie, aber es gelingt ihr, wie ihrer Landsfrau Romy Schneider, Opas deutschem Kino zu entkommen und in Hollywood Anfang der 60er-Jahre Fuß zu fassen. Die Columbia gibt ihr einen Fünfjahresvertrag. Sie spielt in Western und Thrillern, steht an der Seite von Heldentypen wie Charlton Heston, Omar Sharif oder Kirk Douglas . Anders als Romy Schneider in Frankreich aber bleiben ihr die ganz großen, prägenden Rollen verwehrt, sie gehört jedoch zum erweiterten Kreis. Sie hadert nicht damit, dass es in den USA zum echten Durchbruch nicht reicht, und verlegt 1969 ihren Lebensmittelpunkt wieder nach Deutschland. Nach München, zu ihrem Mann, dem Vater ihrer beiden Söhne.
Wer die Spannweite ihrer Arbeit betrachtet, fasst sie am besten so zusammen: Senta Berger spielte die Buhlschaft im Salzburger &quot;Jedermann&quot; so lange wie keine zweite, gönnte sich allerdings auch Auftritte in italienischen Streifen wie &quot;Als die Frauen noch Schwänze hatten&quot;. Italien ist in den 70er-Jahren ihr künstlerischer Fluchtpunkt, weil sie am deutschen Autorenkino wenig Interesse findet, und das deutsche Autorenkino an ihr, bis auf zwei, drei Ausnahmen, ebenso wenig.
Reibungslos wie keine zweite schafft sie den Übergang ins Fernsehen, erfindet sich neu und wird in deutschen Wohnzimmern neben Iris Berben und Hannelore Elsner zur beliebtesten Besucherin. Nicht nur, aber auch in wertigen Serien: als fesche Mona in Helmut Dietls hinreißender Schickeria-Abrechnung &quot;Kir Royal&quot;, als &quot;schnelle Gerdi&quot; im Taxi und seit nunmehr 14 Jahren als Kriminalrätin Dr. Eva-Maria Prohacek in &quot;Unter Verdacht&quot;. Zwei, drei Folgen noch, dann soll allerdings Schluss sein. Schauspielerisch unerhört gereift, ist sie in ihren Filmen oft die Frau der leisen Töne geworden, mit einem Kompass für jene Mischung aus Gefühl und Verstand, die Herz und Kopf erreicht und die sie beim Publikum so unerhört beliebt macht. &quot;Ich habe ja gewusst, dass ich fliegen kann&quot;, heißt Senta Bergers Autobiografie. Wir wissen es nun auch.
</topic_text>
<spam_score>0.00</spam_score>
<post_num>1</post_num>
<post_id>post-1</post_id>
<post_url>http://www.morgenpost.de/berlin/leute/article207555057/Die-Wandelbare-Senta-Berger-feiert-ihren-75-Geburtstag.html</post_url>
<post_date>20160512</post_date>
<post_time></post_time>
<username>Morgenpost.de</username>
<post>
Ihre umwerfende Schönheit ist zeitlos. Das milde Lächeln, das so viel Wärme verströmt, begleitet uns seit Jahrzehnten. Der wache Blick, hinter dem Beharrlichkeit und Bedachtsamkeit herrschen, ohne dass Empörung ihr fremd wäre, hat uns gelehrt, welch gestandene, lebenskluge Frau in dieser Hülle steckt: Senta Berger , der Deutschen Inbegriff vollkommener Weiblichkeit, wird am Freitag tatsächlich 75 Jahre alt. Das Faszinierende an ihr bleibt, dass sie über all die Jahrzehnte immer wieder ihre Rollen gefunden hat. Diesseits und jenseits der Leinwand. Die Wiener Schauspielerin war stets da, selbst wenn sie nicht hier war, wenn sie in Hollywood oder Italien drehte. Wer könnte sich damit messen?
Ein Stück ihres Erfolges geht mit ihrer Wandlung einher, die dazu führte, dass Senta Berger zu jedem Zeitpunkt ihrer Karriere den gefragten Frauentyp ihrer Altersgruppe versinnbildlichte, ohne sich verstellen zu müssen: das bildhübsche, verführerische Girl in den 60er-Jahren, die Emanzipierte in den 70er-Jahren, die sich für das legendäre &quot;Stern&quot;-Cover &quot;Wir haben abgetrieben&quot; ablichten ließ, in den 80ern und 90ern die Hemdsärmelige, die nicht nur der bayerischen Männerwelt die Stirn bot, schließlich die reife, kluge Frau von Welt, die ihre Bodenhaftung nie verliert.
Nein, feiern mag sie nicht, &quot;ich bin ein Geburtstagsmuffel&quot;, hat Senta Berger dieser Tage der Deutschen Presseagentur in einem Interview erzählt. Die Goldene Hochzeit mit Regisseur Michael Verhoeven (77) im September, die schon, am liebsten auf der Wiesn. Nichts Spektakuläres, aber da will sie mit ihm hin.
Dass sie sich nicht nur in solch privaten Dingen ihre Bodenständigkeit bewahrt hat, muss sie niemandem vorspielen, man glaubt es ihr. Senta Berger hat früh gelernt, sich auf die Verhältnisse einzustellen. Ihr Leben beginnt in einer 22 Quadratmeter kleinen Wohnung ohne Toilette und fließendes Wasser mit ihren Eltern, der Vater ist ein erfolgloser Musiker. &quot;Ich habe die Enge gar nicht wahrgenommen, für mich war das ein Nest&quot;, hat sie vor ein paar Jahren einmal bei einem Podiumsgespräch in Bochum erzählt. War das nächste Zuhause doppelt so groß, habe sie das als &quot;zugefallenen Reichtum&quot; empfunden. Es befeuert ihre Zielstrebigkeit. Sie nimmt Ballett- und Schauspielunterricht, wird mit 17 Jahren jüngstes Ensemblemitglied am berühmten Wiener Theater in der Josefstadt. Der Film entdeckt sie, aber es gelingt ihr, wie ihrer Landsfrau Romy Schneider, Opas deutschem Kino zu entkommen und in Hollywood Anfang der 60er-Jahre Fuß zu fassen. Die Columbia gibt ihr einen Fünfjahresvertrag. Sie spielt in Western und Thrillern, steht an der Seite von Heldentypen wie Charlton Heston, Omar Sharif oder Kirk Douglas . Anders als Romy Schneider in Frankreich aber bleiben ihr die ganz großen, prägenden Rollen verwehrt, sie gehört jedoch zum erweiterten Kreis. Sie hadert nicht damit, dass es in den USA zum echten Durchbruch nicht reicht, und verlegt 1969 ihren Lebensmittelpunkt wieder nach Deutschland. Nach München, zu ihrem Mann, dem Vater ihrer beiden Söhne.
Wer die Spannweite ihrer Arbeit betrachtet, fasst sie am besten so zusammen: Senta Berger spielte die Buhlschaft im Salzburger &quot;Jedermann&quot; so lange wie keine zweite, gönnte sich allerdings auch Auftritte in italienischen Streifen wie &quot;Als die Frauen noch Schwänze hatten&quot;. Italien ist in den 70er-Jahren ihr künstlerischer Fluchtpunkt, weil sie am deutschen Autorenkino wenig Interesse findet, und das deutsche Autorenkino an ihr, bis auf zwei, drei Ausnahmen, ebenso wenig.
Reibungslos wie keine zweite schafft sie den Übergang ins Fernsehen, erfindet sich neu und wird in deutschen Wohnzimmern neben Iris Berben und Hannelore Elsner zur beliebtesten Besucherin. Nicht nur, aber auch in wertigen Serien: als fesche Mona in Helmut Dietls hinreißender Schickeria-Abrechnung &quot;Kir Royal&quot;, als &quot;schnelle Gerdi&quot; im Taxi und seit nunmehr 14 Jahren als Kriminalrätin Dr. Eva-Maria Prohacek in &quot;Unter Verdacht&quot;. Zwei, drei Folgen noch, dann soll allerdings Schluss sein. Schauspielerisch unerhört gereift, ist sie in ihren Filmen oft die Frau der leisen Töne geworden, mit einem Kompass für jene Mischung aus Gefühl und Verstand, die Herz und Kopf erreicht und die sie beim Publikum so unerhört beliebt macht. &quot;Ich habe ja gewusst, dass ich fliegen kann&quot;, heißt Senta Bergers Autobiografie. Wir wissen es nun auch.
</post>
<signature>

</signature>
<external_links>
<external_link>http://ww251.smartadserver.com/call/pubi/30888/(leuteinberlin_story)/4459/S/1463070391489/?</external_link><external_link>http://bm.met.vgwort.de/na/e83a10c583b14cd88715b5fe2723a7aa</external_link><external_link>http://ww251.smartadserver.com/call/pubjumpi/30888/(leuteinberlin_story)/4459/S/1463070391489/?</external_link>
</external_links>
<country>DE</country>
<main_image>http://img.morgenpost.de/img/leute/crop207555697/1622601343-w820-cv16_9-q85/zgbdc5-6dpuko4zf8y676ql96j-original.jpg</main_image>
</document>
