<?xml version="1.0" encoding="UTF-8"?>
<document>
<type>mainstream</type>
<forum>http://www.antorcha.es/feed</forum>
<forum_title>Grupo Scout Antorcha</forum_title>
<discussion_title>Pioneros en Mil Encinas</discussion_title>
<language>spanish</language>
<gmt_offset></gmt_offset>
<topic_url>http://www.antorcha.es/2016/05/12/pioneros-en-mil-encinas/</topic_url>
<topic_text>
by antorcha 
El sábado pasado la unidad pionera quedó a las 8:30 en la base, para poner rumbo a Carcedo y colaborar con la asociación Mil Encinas en la plantación de árboles y en la construcción de un muro. Fuimos hasta allí en bici todos juntos y una vez en la sede de la asociación, visitamos sus instalaciones y atendimos a las explicaciones acerca de su funcionamiento. Iniciamos nuestro trabajo con una limpieza de la parcela y una recogida de piedras para la posterior construcción del muro. Posteriormente, plantamos unas encinas alrededor del perímetro de la parcela. Finalizado el trabajo y recogido el material, nos encaminamos a la Galeron’s finca donde nos enseñaron los caballos que cuidan y como ya era hora de reponer fuerzas sacamos nuestros apetitosos bocadillos y nos pusimos a comer. Tras una larga sobremesa, tocaba recoger y volver a la ciudad. La actividad había acabado. Esperamos, ansiosos, la próxima.   Unidad  
</topic_text>
<spam_score>0.00</spam_score>
<post_num>1</post_num>
<post_id>post-1</post_id>
<post_url>http://www.antorcha.es/2016/05/12/pioneros-en-mil-encinas/</post_url>
<post_date>20160512</post_date>
<post_time>1524</post_time>
<username>antorcha</username>
<post>
by antorcha 
El sábado pasado la unidad pionera quedó a las 8:30 en la base, para poner rumbo a Carcedo y colaborar con la asociación Mil Encinas en la plantación de árboles y en la construcción de un muro. Fuimos hasta allí en bici todos juntos y una vez en la sede de la asociación, visitamos sus instalaciones y atendimos a las explicaciones acerca de su funcionamiento. Iniciamos nuestro trabajo con una limpieza de la parcela y una recogida de piedras para la posterior construcción del muro. Posteriormente, plantamos unas encinas alrededor del perímetro de la parcela. Finalizado el trabajo y recogido el material, nos encaminamos a la Galeron’s finca donde nos enseñaron los caballos que cuidan y como ya era hora de reponer fuerzas sacamos nuestros apetitosos bocadillos y nos pusimos a comer. Tras una larga sobremesa, tocaba recoger y volver a la ciudad. La actividad había acabado. Esperamos, ansiosos, la próxima.   Unidad  
</post>
<signature>

</signature>
<external_links>

</external_links>
<country>ES</country>
<main_image></main_image>
</document>
