<?xml version="1.0" encoding="UTF-8"?>
<document>
<type>mainstream</type>
<forum>http://www.forbes.com/home_europe/</forum>
<forum_title>Forbes Europe</forum_title>
<discussion_title>5 Ways To Stay Sane When Launching A New Business</discussion_title>
<language>english</language>
<gmt_offset></gmt_offset>
<topic_url>http://www.forbes.com/sites/raquelbaldelomar/2016/05/11/5-ways-to-stay-sane-when-launching-a-new-business/</topic_url>
<topic_text>
If you plan on launching a business, forget about work-life balance. Work is going to dominate your world for the next few years. Even well established companies have periods of time that are hectic and time consuming. But that doesn’t mean that you can’t have a personal life and maintain your health. The phrase “work-life balance” is misleading. If you think of a scale, it’s only in balance for a brief second. As you add and remove items, the scale shifts from one extreme to the other. The same is true in life. You are never going to achieve a perfectly balanced scale between your work and personal time. Your time will fluctuate between the two and will likely shift from one extreme to the other. The key for entrepreneurs and business leaders is to integrate their work and life in a manner that leads to success on both fronts. Here are five strategies to build a successful business while maintaining a healthy personal life.[caption id=&quot;attachment_170659364&quot; align=&quot;&quot; width=&quot;960&quot;] When launching a new business, its crucial to be honest and have an open line of communication with your loved ones about work commitments. (Shutterstock)[/caption] 1. Establish a support system. Launching a business can be a lonely endeavor. It’s crucial to have the support of close family and friends. There is a reason that studies have found that people with a supportive romantic partner tend to have higher job satisfaction, better pay and more promotions. That person enables you to focus on work because he or she is handling the home front. While a support network is important for everyone, it’s vital for entrepreneurs.Tom Villante was 30 years old when he co-founded YapStone , an electronic payment services company. He went from having a fairly successful career in private equity and investment banking in New York to a 300-square-foot office in Los Angeles. At the same time most of his friends careers were starting to take off. “There were more bad days than good days in the beginning,” Villante says. “I began to isolate myself a bit from my friends, as I would compare my situation with theirs, and wanted to avoid asking myself, ‘Am I doing the right thing?’ My wife and parents really became my main source of support.”Villante adds that starting the business also brought he and his wife closer together. “Previously, I would share my work experiences primarily with my work colleagues and to friends who had similar jobs. In the very beginning I had no one else to talk to. She helped keep things in perspective for me,” he says. 2. Be realistic about your time commitments. Work will take over your life for a period of time when you’re first launching your business as well as when your business goes through any major change. Allen Miller, CEO of Los Angeles-based COPE Health Solutions , says the most important lesson he ever learned was when his wife told him not to lie about when he’d be home. Rather than saying ‘I’ll be home soon,’ and then arriving four hours later, Miller advises fellow business leaders and entrepreneurs to “just be honest if you will be late.” Miller has led COPE since its inception in 1995 as an all-volunteer community health education group through its incorporation in 2002 to its current form as a healthcare consulting company. “That lesson has served me well and, overall, points to having a healthy, open and honest relationship with your partner and family about what you need to do for work and how they can best support you and vice versa.”Villante, who had his first child six months prior to starting YapStone, agrees. “I didn’t have time to think about work-life harmony. I was just focused on survival,” he explains, adding that he worked 90- to 100-hour weeks for the first several years. “I would wake up in the middle of the night with ideas and scribble them down for hours,” says Villante. He emphasizes the importance of having a very honest, open line of communication with your partner. “It not only helped my wife understand what I was doing, but added value to my work.”[gallery2012] 3. Plan ahead family time. Finding time for family and friends as well as all of your work commitments requires careful planning. Otherwise you risk scheduling a work meeting during an important family event or vice versa. You are going to have to carefully integrate your work and life together to be successful. Planning your work around important family events shows your loved ones that you care and will always be there for them when it matters, says Villante. Likewise, “you need to give your family a heads up when work is going to need more of your time, so that they can cut you some slack when things get busier,” he says.Miller, who travels every week usually between New York and Los Angeles, stresses the importance of planning family time even when you are on the road. “When I’m traveling, usually from late Monday night until late Thursday night, I’m available pretty much all the time for clients,” he says. “Since I’m on Eastern Time Zone for my travel though, I can usually read to my kids before bedtime. I take their favorite books with me and use FaceTime to read to them most travel nights.” 4. Blend your work and personal life into one. It’s important to take advantage of quality time with family whenever and wherever you can. For example, Miller tries to consistently have breakfast with his kids and drive them to school on Monday and Friday mornings—even if that is bracketed by work calls on some days. “Because they have gymnastics until 7pm on Mondays and Fridays, I’m almost always able to be home to have dinner with them by 7:30pm, even if I need to stop at an event or have a drink on the way home,” Miller adds. On weekends, Miller makes sure to play games or go for a bike ride or hike with his family, and if he has a client event on the weekend, he takes his family whenever possible.When you are away for extended periods of time, it’s important to find ways to come together as a family. “My family frequently travels during school breaks and long weekends to spend time with me where I’m working,” he says. “This summer they’re going to live with me for a month in New York. The kids even have their gymnastics spot worked out. Of course this is all only possible through the amazing efforts and patience of my incredible wife.” 5. Create a business that supports a culture of work-life integration. It’s important to build a work environment and culture that values life outside of the office. “My family is as much a part of my work as work is a part of our family life. My kids are even going to be in the wedding for my amazing assistant,” says Miller. “Our firm values supporting our team members’ being able to be with their families and partners.” For instance, COPE will fly everyone’s immediate family and partners out to its annual holiday party or company retreat. Families are also welcome in our offices and at every company event, he says.People want more than money from their job, says Villante. “They want to be valued, have job satisfaction, a sense of accomplishment and a quality working environment.” He says that promoting work-life integration helps show your employees that you care about them as people, not just what they can do for your company. This is one of the reasons that Quaintise provides 12-weeks of paid maternity leave for employees. It’s important the staff knows that the company supports and values their life and time outside of the office. “Emotionally investing in your employees is, first and foremost, the right thing to do, but it also has added benefits,” says Villante, “Happier employees are better at their jobs, which means that you, as the leader, will spend less time putting out fires.”Work and life will never be completely balanced. Whether you are launching a new business or just going through a busy time at work, your success hinges on how well you blend your work and personal life.
</topic_text>
<spam_score>0.00</spam_score>
<post_num>1</post_num>
<post_id>post-1</post_id>
<post_url>http://www.forbes.com/sites/raquelbaldelomar/2016/05/11/5-ways-to-stay-sane-when-launching-a-new-business/</post_url>
<post_date>20160512</post_date>
<post_time>0112</post_time>
<username>Raquel Baldelomar</username>
<post>
If you plan on launching a business, forget about work-life balance. Work is going to dominate your world for the next few years. Even well established companies have periods of time that are hectic and time consuming. But that doesn’t mean that you can’t have a personal life and maintain your health. The phrase “work-life balance” is misleading. If you think of a scale, it’s only in balance for a brief second. As you add and remove items, the scale shifts from one extreme to the other. The same is true in life. You are never going to achieve a perfectly balanced scale between your work and personal time. Your time will fluctuate between the two and will likely shift from one extreme to the other. The key for entrepreneurs and business leaders is to integrate their work and life in a manner that leads to success on both fronts. Here are five strategies to build a successful business while maintaining a healthy personal life.[caption id=&quot;attachment_170659364&quot; align=&quot;&quot; width=&quot;960&quot;] When launching a new business, its crucial to be honest and have an open line of communication with your loved ones about work commitments. (Shutterstock)[/caption] 1. Establish a support system. Launching a business can be a lonely endeavor. It’s crucial to have the support of close family and friends. There is a reason that studies have found that people with a supportive romantic partner tend to have higher job satisfaction, better pay and more promotions. That person enables you to focus on work because he or she is handling the home front. While a support network is important for everyone, it’s vital for entrepreneurs.Tom Villante was 30 years old when he co-founded YapStone , an electronic payment services company. He went from having a fairly successful career in private equity and investment banking in New York to a 300-square-foot office in Los Angeles. At the same time most of his friends careers were starting to take off. “There were more bad days than good days in the beginning,” Villante says. “I began to isolate myself a bit from my friends, as I would compare my situation with theirs, and wanted to avoid asking myself, ‘Am I doing the right thing?’ My wife and parents really became my main source of support.”Villante adds that starting the business also brought he and his wife closer together. “Previously, I would share my work experiences primarily with my work colleagues and to friends who had similar jobs. In the very beginning I had no one else to talk to. She helped keep things in perspective for me,” he says. 2. Be realistic about your time commitments. Work will take over your life for a period of time when you’re first launching your business as well as when your business goes through any major change. Allen Miller, CEO of Los Angeles-based COPE Health Solutions , says the most important lesson he ever learned was when his wife told him not to lie about when he’d be home. Rather than saying ‘I’ll be home soon,’ and then arriving four hours later, Miller advises fellow business leaders and entrepreneurs to “just be honest if you will be late.” Miller has led COPE since its inception in 1995 as an all-volunteer community health education group through its incorporation in 2002 to its current form as a healthcare consulting company. “That lesson has served me well and, overall, points to having a healthy, open and honest relationship with your partner and family about what you need to do for work and how they can best support you and vice versa.”Villante, who had his first child six months prior to starting YapStone, agrees. “I didn’t have time to think about work-life harmony. I was just focused on survival,” he explains, adding that he worked 90- to 100-hour weeks for the first several years. “I would wake up in the middle of the night with ideas and scribble them down for hours,” says Villante. He emphasizes the importance of having a very honest, open line of communication with your partner. “It not only helped my wife understand what I was doing, but added value to my work.”[gallery2012] 3. Plan ahead family time. Finding time for family and friends as well as all of your work commitments requires careful planning. Otherwise you risk scheduling a work meeting during an important family event or vice versa. You are going to have to carefully integrate your work and life together to be successful. Planning your work around important family events shows your loved ones that you care and will always be there for them when it matters, says Villante. Likewise, “you need to give your family a heads up when work is going to need more of your time, so that they can cut you some slack when things get busier,” he says.Miller, who travels every week usually between New York and Los Angeles, stresses the importance of planning family time even when you are on the road. “When I’m traveling, usually from late Monday night until late Thursday night, I’m available pretty much all the time for clients,” he says. “Since I’m on Eastern Time Zone for my travel though, I can usually read to my kids before bedtime. I take their favorite books with me and use FaceTime to read to them most travel nights.” 4. Blend your work and personal life into one. It’s important to take advantage of quality time with family whenever and wherever you can. For example, Miller tries to consistently have breakfast with his kids and drive them to school on Monday and Friday mornings—even if that is bracketed by work calls on some days. “Because they have gymnastics until 7pm on Mondays and Fridays, I’m almost always able to be home to have dinner with them by 7:30pm, even if I need to stop at an event or have a drink on the way home,” Miller adds. On weekends, Miller makes sure to play games or go for a bike ride or hike with his family, and if he has a client event on the weekend, he takes his family whenever possible.When you are away for extended periods of time, it’s important to find ways to come together as a family. “My family frequently travels during school breaks and long weekends to spend time with me where I’m working,” he says. “This summer they’re going to live with me for a month in New York. The kids even have their gymnastics spot worked out. Of course this is all only possible through the amazing efforts and patience of my incredible wife.” 5. Create a business that supports a culture of work-life integration. It’s important to build a work environment and culture that values life outside of the office. “My family is as much a part of my work as work is a part of our family life. My kids are even going to be in the wedding for my amazing assistant,” says Miller. “Our firm values supporting our team members’ being able to be with their families and partners.” For instance, COPE will fly everyone’s immediate family and partners out to its annual holiday party or company retreat. Families are also welcome in our offices and at every company event, he says.People want more than money from their job, says Villante. “They want to be valued, have job satisfaction, a sense of accomplishment and a quality working environment.” He says that promoting work-life integration helps show your employees that you care about them as people, not just what they can do for your company. This is one of the reasons that Quaintise provides 12-weeks of paid maternity leave for employees. It’s important the staff knows that the company supports and values their life and time outside of the office. “Emotionally investing in your employees is, first and foremost, the right thing to do, but it also has added benefits,” says Villante, “Happier employees are better at their jobs, which means that you, as the leader, will spend less time putting out fires.”Work and life will never be completely balanced. Whether you are launching a new business or just going through a busy time at work, your success hinges on how well you blend your work and personal life.
</post>
<signature>

</signature>
<external_links>
<external_link>http://specials-images.forbesimg.com/imageserve/170659364/960x0.jpg?fit=scale</external_link><external_link>http://www.psychologicalscience.org/index.php/news/minds-business/how-your-better-half-may-impact-your-success-at-work.html</external_link>
</external_links>
<country>US</country>
<main_image>{{meta.image}}</main_image>
</document>
