<?xml version="1.0" encoding="UTF-8"?>
<document>
<type>mainstream</type>
<forum>http://feeds.feedburner.com/vecherka</forum>
<forum_title>Вечерний Харьков</forum_title>
<discussion_title>Под Харьковом переименовали населенные пункты: список</discussion_title>
<language>russian</language>
<gmt_offset></gmt_offset>
<topic_url>http://vecherniy.kharkov.ua/news/119616/</topic_url>
<topic_text>
поселок городского типа Красный Донец Балаклейского района - Донец; село Ильичевка Барвенковского района - Родное; село Воровского Близнюковского района - Слобожанское; село Кирово Близнюковского района - Апрельское; село Петровское Близнюковского района - Мирное; село Совхозное Близнюковского района - Вишневое; поселок Красная Нива Богодуховского района - Викторовка; поселок Комсомольское Великобурлукского района - Сонино; село Пролетарка Великобурлукского района - Юрьевка; село Петровское Волчанского района - Заречное; село Красноармейское Первое Волчанского района - Семеновка; село Октябрьское Изюмского района - Боголюбовка; село Советское Изюмского района - Родной Край; село Красный Оскол Изюмского района - Оскол; село Октябрьское Коломакского района - Новоивановское; поселок Октябрьское Красноградского района - Покровское; село Октябрьское Красноградского района - Ивановское; село Петровка Купянского района - Осиново; село Ленинское Сахновщинского района - Зеленый Клин; село Чапаевка Сахновщинского района - Зеленое; село Октябрьское Харьковского района - Слобожанское; поселок Коммунар Коротичанского поселкового совета Харьковского района - Новый Коротич; поселок Коммунист Харьковского района - Докучаевское; село Соцсоревнования Чугуевского городского совета - Васильев Хутор.
</topic_text>
<spam_score>0.00</spam_score>
<post_num>1</post_num>
<post_id>post-1</post_id>
<post_url>http://vecherniy.kharkov.ua/news/119616/</post_url>
<post_date>20160512</post_date>
<post_time>1430</post_time>
<username>WebMaster@vecherniy.kharkov.ua</username>
<post>
поселок городского типа Красный Донец Балаклейского района - Донец; село Ильичевка Барвенковского района - Родное; село Воровского Близнюковского района - Слобожанское; село Кирово Близнюковского района - Апрельское; село Петровское Близнюковского района - Мирное; село Совхозное Близнюковского района - Вишневое; поселок Красная Нива Богодуховского района - Викторовка; поселок Комсомольское Великобурлукского района - Сонино; село Пролетарка Великобурлукского района - Юрьевка; село Петровское Волчанского района - Заречное; село Красноармейское Первое Волчанского района - Семеновка; село Октябрьское Изюмского района - Боголюбовка; село Советское Изюмского района - Родной Край; село Красный Оскол Изюмского района - Оскол; село Октябрьское Коломакского района - Новоивановское; поселок Октябрьское Красноградского района - Покровское; село Октябрьское Красноградского района - Ивановское; село Петровка Купянского района - Осиново; село Ленинское Сахновщинского района - Зеленый Клин; село Чапаевка Сахновщинского района - Зеленое; село Октябрьское Харьковского района - Слобожанское; поселок Коммунар Коротичанского поселкового совета Харьковского района - Новый Коротич; поселок Коммунист Харьковского района - Докучаевское; село Соцсоревнования Чугуевского городского совета - Васильев Хутор.
</post>
<signature>

</signature>
<external_links>

</external_links>
<country>UA</country>
<main_image>http://vecherniy.kharkov.ua/images/news/121285.jpg</main_image>
</document>
