<?xml version="1.0" encoding="UTF-8"?>
<document>
<type>mainstream</type>
<forum></forum>
<forum_title></forum_title>
<discussion_title>LA SEXTA TV | Torres Hurtado, tras declarar: &quot;Yo no he firmado nada, ni he participado en nada, estoy bastante sorprendido&quot;</discussion_title>
<language>spanish</language>
<gmt_offset></gmt_offset>
<topic_url>http://www.lasexta.com/noticias/nacional/torres-hurtado-tras-declarar-yo-no-he-firmado-nada-ni-he-participado-en-nada-estoy-bastante-sorprendido_20160512573490984beb2895a65b3099.html</topic_url>
<topic_text>
Comments 
El exalcalde de Granada, José Torres Hurtado, ha declarado en los juzgados de la ciudad por su presunta implicación en una trama de corrupción urbanística. A la salida aseguraba estar sorprendido de las acusaciones ya que afirma que &quot;no ha firmado nada&quot; ni ha &quot;participado en nada&quot;. Publicidad 
laSexta.com | Madrid | Actualizado el 12/05/2016 a las 16:18 horas Tags relacionados 
</topic_text>
<spam_score>0.00</spam_score>
<post_num>1</post_num>
<post_id>post-1</post_id>
<post_url>http://www.lasexta.com/noticias/nacional/torres-hurtado-tras-declarar-yo-no-he-firmado-nada-ni-he-participado-en-nada-estoy-bastante-sorprendido_20160512573490984beb2895a65b3099.html</post_url>
<post_date>20160512</post_date>
<post_time></post_time>
<username>Lasexta.Com</username>
<post>
Comments 
El exalcalde de Granada, José Torres Hurtado, ha declarado en los juzgados de la ciudad por su presunta implicación en una trama de corrupción urbanística. A la salida aseguraba estar sorprendido de las acusaciones ya que afirma que &quot;no ha firmado nada&quot; ni ha &quot;participado en nada&quot;. Publicidad 
laSexta.com | Madrid | Actualizado el 12/05/2016 a las 16:18 horas Tags relacionados 
</post>
<signature>

</signature>
<external_links>

</external_links>
<country>ES</country>
<main_image>http://fotografias.lasexta.com//clipping/cmsimages02//2016/05/12/D0D5B552-9B7C-425C-B77D-C187AC52862F/27.jpg</main_image>
</document>
