<?xml version="1.0" encoding="UTF-8"?>
<document>
<type>mainstream</type>
<forum>http://www.cbs8.com/category/307361/business-wire</forum>
<forum_title>Business Wire - CBS News 8 - San Diego, CA News Station - KFMB Channel 8</forum_title>
<discussion_title>SmartBear on Tour API Customer Social Kicks Off at Somerville He</discussion_title>
<language>english</language>
<gmt_offset></gmt_offset>
<topic_url>http://www.cbs8.com/story/31957904/smartbear-on-tour-api-customer-social-kicks-off-at-somerville-headquarters</topic_url>
<topic_text>
API Customer-Only Appreciation Event Hosted at SmartBear – Thursday, May 19, 2016 – Somerville, Massachusetts
SOMERVILLE, Mass. --(BUSINESS WIRE) SmartBear Software , the leader in software quality tools for the connected world, is hosting the customer-exclusive appreciation event, “ SmartBear on Tour: API Customer Social ,” on Thursday, May 19, 2016 at SmartBear’s corporate headquarters in Somerville, Massachusetts. The free event is an opportunity to engage with API customers and share experiences. SmartBear uses these types of events to engage with its customers, share experiences and insights, and discuss future direction.
WHAT:
SmartBear on Tour: API Customer Social WHEN:
Thursday, May 19, 2016, 5:30 p.m. – 8:30 p.m. EDT WHERE:
SmartBear’s Corporate Headquarters, Assembly Row, 450 Artisan Way, 4 th Floor, Somerville, Massachusetts The event includes SmartBear speakers, John Purcell , Vice President, Products and Mike Giller , Manager of Sales Engineer Team, discussing industry perspectives and how they shape API product direction. There will also be informational sharing about customer stories, networking with local SmartBear customers, open and interactive Q&amp;A, as well as beer and pizza.
Ready! API customers in the New England area can register using the following link: https://www.eventbrite.com/e/smartbear-on-tour-api-customer-social-somerville-ma-tickets-24810871986
Other customer appreciation dates are being held at IRCE , June 7-10, 2016 in Chicago and Velocity , June 22-23, 2016 in Santa Clara, California. Dates are to be announced.
About SmartBear Software
As the leader in software quality tools for the connected world, SmartBear supports more than four million software professionals and over 25,000 organizations in 194 countries that use its products to build and deliver the world’s greatest applications. With today’s applications deploying on mobile, Web, desktop, Internet of Things (IoT) or even embedded computing platforms, the connected nature of these applications through public and private APIs presents a unique set of challenges for developers, testers and operations teams. SmartBear&apos;s software quality tools assist with code review, functional and load testing, API readiness as well as performance monitoring of these modern applications. For more information, visit: http://smartbear.com , or for the SmartBear community, go to: Facebook , Twitter , LinkedIn or Google+ .
All trademarks recognized.
 //www.businesswire.com/news/home/20160512006059/en/
BroadPR
Tracy Wemett, +1-617-868-5031
tracy@broadpr.com
 
</topic_text>
<spam_score>0.00</spam_score>
<post_num>1</post_num>
<post_id>post-1</post_id>
<post_url>http://www.cbs8.com/story/31957904/smartbear-on-tour-api-customer-social-kicks-off-at-somerville-headquarters</post_url>
<post_date>20160512</post_date>
<post_time>1135</post_time>
<username>cbs8</username>
<post>
API Customer-Only Appreciation Event Hosted at SmartBear – Thursday, May 19, 2016 – Somerville, Massachusetts
SOMERVILLE, Mass. --(BUSINESS WIRE) SmartBear Software , the leader in software quality tools for the connected world, is hosting the customer-exclusive appreciation event, “ SmartBear on Tour: API Customer Social ,” on Thursday, May 19, 2016 at SmartBear’s corporate headquarters in Somerville, Massachusetts. The free event is an opportunity to engage with API customers and share experiences. SmartBear uses these types of events to engage with its customers, share experiences and insights, and discuss future direction.
WHAT:
SmartBear on Tour: API Customer Social WHEN:
Thursday, May 19, 2016, 5:30 p.m. – 8:30 p.m. EDT WHERE:
SmartBear’s Corporate Headquarters, Assembly Row, 450 Artisan Way, 4 th Floor, Somerville, Massachusetts The event includes SmartBear speakers, John Purcell , Vice President, Products and Mike Giller , Manager of Sales Engineer Team, discussing industry perspectives and how they shape API product direction. There will also be informational sharing about customer stories, networking with local SmartBear customers, open and interactive Q&amp;A, as well as beer and pizza.
Ready! API customers in the New England area can register using the following link: https://www.eventbrite.com/e/smartbear-on-tour-api-customer-social-somerville-ma-tickets-24810871986
Other customer appreciation dates are being held at IRCE , June 7-10, 2016 in Chicago and Velocity , June 22-23, 2016 in Santa Clara, California. Dates are to be announced.
About SmartBear Software
As the leader in software quality tools for the connected world, SmartBear supports more than four million software professionals and over 25,000 organizations in 194 countries that use its products to build and deliver the world’s greatest applications. With today’s applications deploying on mobile, Web, desktop, Internet of Things (IoT) or even embedded computing platforms, the connected nature of these applications through public and private APIs presents a unique set of challenges for developers, testers and operations teams. SmartBear&apos;s software quality tools assist with code review, functional and load testing, API readiness as well as performance monitoring of these modern applications. For more information, visit: http://smartbear.com , or for the SmartBear community, go to: Facebook , Twitter , LinkedIn or Google+ .
All trademarks recognized.
 //www.businesswire.com/news/home/20160512006059/en/
BroadPR
Tracy Wemett, +1-617-868-5031
tracy@broadpr.com
 
</post>
<signature>

</signature>
<external_links>
<external_link>http://purl.org/rss/1.0/modules/content/</external_link><external_link>http://cts.businesswire.com/ct/CT?id=smartlink&amp;url=https%3A%2F%2Fwww.facebook.com%2Fsmartbear&amp;esheet=51341402&amp;newsitemid=20160512006059&amp;lan=en-US&amp;anchor=Facebook&amp;index=11&amp;md5=fe2822f3e694b141fe06c687080f79df</external_link><external_link>http://cts.businesswire.com/ct/CT?id=smartlink&amp;url=http%3A%2F%2Fconferences.oreilly.com%2Fvelocity%2Fdevops-web-performance-ca&amp;esheet=51341402&amp;newsitemid=20160512006059&amp;lan=en-US&amp;anchor=Velocity&amp;index=9&amp;md5=0ae97707734b62c0721dab3802deec00</external_link><external_link>http://cts.businesswire.com/ct/CT?id=smartlink&amp;url=https%3A%2F%2Fsmartbear.com%2Fnew-headquarters%2F&amp;esheet=51341402&amp;newsitemid=20160512006059&amp;lan=en-US&amp;anchor=corporate+headquarters&amp;index=3&amp;md5=4900faa5369f0d036f7a33e56756616f</external_link><external_link>http://cts.businesswire.com/ct/CT?id=smartlink&amp;url=http%3A%2F%2Fwww.irce.com%2F&amp;esheet=51341402&amp;newsitemid=20160512006059&amp;lan=en-US&amp;anchor=IRCE&amp;index=8&amp;md5=cfdea3a22f27ae64fdee91091b6c9280</external_link><external_link>http://cts.businesswire.com/ct/CT?id=smartlink&amp;url=https%3A%2F%2Fwww.linkedin.com%2Fin%2Fmichaelgiller&amp;esheet=51341402&amp;newsitemid=20160512006059&amp;lan=en-US&amp;anchor=Mike+Giller&amp;index=5&amp;md5=dc9b769eab4c7c610f1515c5e8003029</external_link><external_link>http://www.businesswire.com/news/home/20160512006059/en/</external_link><external_link>http://cts.businesswire.com/ct/CT?id=bwnews&amp;sty=20160512006059r1&amp;sid=56987&amp;distro=ftp</external_link><external_link>http://cts.businesswire.com/ct/CT?id=smartlink&amp;url=http%3A%2F%2Fsmartbear.com&amp;esheet=51341402&amp;newsitemid=20160512006059&amp;lan=en-US&amp;anchor=http%3A%2F%2Fsmartbear.com&amp;index=10&amp;md5=bf1083ba8868a1e4e72cfaeb552ca43b</external_link><external_link>http://cts.businesswire.com/ct/CT?id=smartlink&amp;url=https%3A%2F%2Fwww.linkedin.com%2Fcompany%2Fsmartbear-software&amp;esheet=51341402&amp;newsitemid=20160512006059&amp;lan=en-US&amp;anchor=LinkedIn&amp;index=13&amp;md5=e4758ddc8f95be07d1f41cdb8719616e</external_link><external_link>http://cts.businesswire.com/ct/CT?id=smartlink&amp;url=http%3A%2F%2Fsmartbear.com%2F&amp;esheet=51341402&amp;newsitemid=20160512006059&amp;lan=en-US&amp;anchor=SmartBear+Software&amp;index=1&amp;md5=71338cf3dab0a75e4cfd99afec7e5e10</external_link><external_link>http://cts.businesswire.com/ct/CT?id=smartlink&amp;url=https%3A%2F%2Fwww.eventbrite.com%2Fe%2Fsmartbear-on-tour-api-customer-social-somerville-ma-tickets-24810871986&amp;esheet=51341402&amp;newsitemid=20160512006059&amp;lan=en-US&amp;anchor=https%3A%2F%2Fwww.eventbrite.com%2Fe%2Fsmartbear-on-tour-api-customer-social-somerville-ma-tickets-24810871986&amp;index=7&amp;md5=ee51f532e8ad9314c1728be34689e151</external_link><external_link>http://cts.businesswire.com/ct/CT?id=smartlink&amp;url=https%3A%2F%2Fwww.linkedin.com%2Fin%2Fjohnpurcell10&amp;esheet=51341402&amp;newsitemid=20160512006059&amp;lan=en-US&amp;anchor=John+Purcell&amp;index=4&amp;md5=35c223feb3404a78b42c16fe0627e970</external_link><external_link>http://cts.businesswire.com/ct/CT?id=smartlink&amp;url=https%3A%2F%2Fsmartbear.com%2Fproduct%2Fready-api%2Foverview%2F&amp;esheet=51341402&amp;newsitemid=20160512006059&amp;lan=en-US&amp;anchor=Ready%21+API&amp;index=6&amp;md5=24554a8d5644211efdbc8331df34ba79</external_link><external_link>https://www.eventbrite.com/e/smartbear-on-tour-api-customer-social-somerville-ma-tickets-24810871986</external_link><external_link>http://cts.businesswire.com/ct/CT?id=smartlink&amp;url=https%3A%2F%2Fplus.google.com%2F112549653237106886127%2Fposts&amp;esheet=51341402&amp;newsitemid=20160512006059&amp;lan=en-US&amp;anchor=Google%2B&amp;index=14&amp;md5=9bea69e325e4e8b6951d66663a84f2d2</external_link><external_link>http://cts.businesswire.com/ct/CT?id=smartlink&amp;url=https%3A%2F%2Fwww.eventbrite.com%2Fe%2Fsmartbear-on-tour-api-customer-social-somerville-ma-tickets-24810871986&amp;esheet=51341402&amp;newsitemid=20160512006059&amp;lan=en-US&amp;anchor=SmartBear+on+Tour%3A+API+Customer+Social&amp;index=2&amp;md5=5c29671163e8e56930e76da7c1c7b40b</external_link><external_link>http://cts.businesswire.com/ct/CT?id=smartlink&amp;url=http%3A%2F%2Ftwitter.com%2Fsmartbear&amp;esheet=51341402&amp;newsitemid=20160512006059&amp;lan=en-US&amp;anchor=Twitter&amp;index=12&amp;md5=8607d1b64524c06ae248fc12ec631ac0</external_link>
</external_links>
<country>US</country>
<main_image>http://businesswire.images.worldnow.com/images/10540913_G.jpg</main_image>
</document>
