<?xml version="1.0" encoding="UTF-8"?>
<document>
<type>mainstream</type>
<forum>http://rssfeeds.9news.com/_/20/107322240/kusa-entertainment</forum>
<forum_title>KUSA - Entertainment</forum_title>
<discussion_title>Shia LaBeouf tweets Boulder coordinates</discussion_title>
<language>english</language>
<gmt_offset></gmt_offset>
<topic_url>http://www.9news.com/entertainment/why-is-shia-labeouf-tweeting-boulder-county-gps-coordinates/184731777</topic_url>
<topic_text>
Why is Shia LaBeouf tweeting Boulder County GPS coordinates? Allison Sylte, KUSA 4:57 PM. MDT May 10, 2016 Actor Shia LaBeouf attends &quot;LoveTrue&quot; Premiere - 2016 Tribeca Film Festival at SVA Theatre 1 on April 15, 2016 in New York City. (Photo: Ilya S. Savenok, 2016 Getty Images) CONNECT TWEET LINKEDIN GOOGLE+ PINTEREST 
BOULDER COUNTY - WHAT IS SHIA LABEOUF TRYING TO TELL US?! 
At this point, we have no answers. What we do know is that the actor you probably know from “The Transformers,”“Indiana Jones” and “Even Stevens” (if you’re a Millennial) has been tweeting GPS coordinates that point to Boulder County locations. 
The first of two cryptic tweets was posted by the 29-year-old at exactly noon on Monday. — Shia LaBeouf (@thecampaignbook) May 9, 2016 

This tweet pointed to a road near the NOAA Table Mountain Test Facility. 
Here’s what it looks like on Google Earth. As you can see, it’s literally just a road. 
Another road Shia Labeouf tweeted the coordinates to in Boulder County. (Photo: Google Earth) 
The next tweet was posted at noon on Tuesday. — Shia LaBeouf (@thecampaignbook) May 10, 2016 

This tweet led to a rural location in the Sugarloaf Mountain area, surrounded by dirt roads and a rock outcropping. 
Analyze the location from Google Earth below, if that’s your thing. Perhaps Shia has posted a cryptic message? 
A road that Shia Labeouf tweeted the coordinates for in Boulder County. (Photo: Google Earth) 
Per Google Maps, the two locations are 20.4 miles away (or a 43 minute drive). Will Shia be going on this journey? Is he just fascinated by Boulder County locations? Did he fall asleep on his keyboard, and these coordinates randomly showed up? Does this somehow relate to the bunker from “Lost?” Should we buy a lottery ticket with these numbers? 
We tweeted him for answers. At this point, no response has been received. 
@thecampaignbook Howdy! I&apos;m a digital producer at 9NEWS in Denver. Any reason why you&apos;re tweeting these coordinates? — Allison Sylte (@AllisonSylte) May 10, 2016 

Here are a few theories about what these numbers could mean from our digital team: 
They somehow pertain to Shia Labeouf’s May 22 appearance in Boulder 
Per the Boulder Daily Camera , Labeouf is expected to be a part of a panel discussion at the Boulder Museum of Contemporary Art. That will bring him relatively close to both GPS locations. 
Shia Labeouf is standing on a mountain and waiting for us, Luke Skywalker-style 
Shia Labeouf is looking for the robotic lazy chair he made in the “Even Stevens Movie” 
It appears to have escaped. Perhaps it has been gone for all these years? 
Shia Labeouf is just trolling us 
To an extent ... this is probably what&apos;s happening.
</topic_text>
<spam_score>0.00</spam_score>
<post_num>1</post_num>
<post_id>post-1</post_id>
<post_url>http://www.9news.com/entertainment/why-is-shia-labeouf-tweeting-boulder-county-gps-coordinates/184731777</post_url>
<post_date>20160510</post_date>
<post_time>2257</post_time>
<username>Allison Sylte</username>
<post>
Why is Shia LaBeouf tweeting Boulder County GPS coordinates? Allison Sylte, KUSA 4:57 PM. MDT May 10, 2016 Actor Shia LaBeouf attends &quot;LoveTrue&quot; Premiere - 2016 Tribeca Film Festival at SVA Theatre 1 on April 15, 2016 in New York City. (Photo: Ilya S. Savenok, 2016 Getty Images) CONNECT TWEET LINKEDIN GOOGLE+ PINTEREST 
BOULDER COUNTY - WHAT IS SHIA LABEOUF TRYING TO TELL US?! 
At this point, we have no answers. What we do know is that the actor you probably know from “The Transformers,”“Indiana Jones” and “Even Stevens” (if you’re a Millennial) has been tweeting GPS coordinates that point to Boulder County locations. 
The first of two cryptic tweets was posted by the 29-year-old at exactly noon on Monday. — Shia LaBeouf (@thecampaignbook) May 9, 2016 

This tweet pointed to a road near the NOAA Table Mountain Test Facility. 
Here’s what it looks like on Google Earth. As you can see, it’s literally just a road. 
Another road Shia Labeouf tweeted the coordinates to in Boulder County. (Photo: Google Earth) 
The next tweet was posted at noon on Tuesday. — Shia LaBeouf (@thecampaignbook) May 10, 2016 

This tweet led to a rural location in the Sugarloaf Mountain area, surrounded by dirt roads and a rock outcropping. 
Analyze the location from Google Earth below, if that’s your thing. Perhaps Shia has posted a cryptic message? 
A road that Shia Labeouf tweeted the coordinates for in Boulder County. (Photo: Google Earth) 
Per Google Maps, the two locations are 20.4 miles away (or a 43 minute drive). Will Shia be going on this journey? Is he just fascinated by Boulder County locations? Did he fall asleep on his keyboard, and these coordinates randomly showed up? Does this somehow relate to the bunker from “Lost?” Should we buy a lottery ticket with these numbers? 
We tweeted him for answers. At this point, no response has been received. 
@thecampaignbook Howdy! I&apos;m a digital producer at 9NEWS in Denver. Any reason why you&apos;re tweeting these coordinates? — Allison Sylte (@AllisonSylte) May 10, 2016 

Here are a few theories about what these numbers could mean from our digital team: 
They somehow pertain to Shia Labeouf’s May 22 appearance in Boulder 
Per the Boulder Daily Camera , Labeouf is expected to be a part of a panel discussion at the Boulder Museum of Contemporary Art. That will bring him relatively close to both GPS locations. 
Shia Labeouf is standing on a mountain and waiting for us, Luke Skywalker-style 
Shia Labeouf is looking for the robotic lazy chair he made in the “Even Stevens Movie” 
It appears to have escaped. Perhaps it has been gone for all these years? 
Shia Labeouf is just trolling us 
To an extent ... this is probably what&apos;s happening.
</post>
<signature>

</signature>
<external_links>

</external_links>
<country>US</country>
<main_image>http://content.9news.com/photo/2016/05/10/GettyImages-521444946_1462920927355_2201256_ver1.0_640_360.jpg</main_image>
</document>
