<?xml version="1.0" encoding="UTF-8"?>
<document>
<type>mainstream</type>
<forum>http://www.youm7.com/سياسة-319</forum>
<forum_title>سياسة | اليوم السابع</forum_title>
<discussion_title>على عبد العال يوافق على تخصيص قاعة فى البرلمان باسم &quot;سيف اليزل&quot;</discussion_title>
<language>arabic</language>
<gmt_offset></gmt_offset>
<topic_url>http://www.youm7.com/story/2016/5/12/على-عبد-العال-يوافق-على-تخصيص-قاعة-فى-البرلمان-باسم-سيف-اليز/2714946</topic_url>
<topic_text>
طالب السيد الشريف، وكيل مجلس النواب، بتخصيص قاعة داخل مجلس النواب باسم اللواء سامح سيف اليزل، وذلك خلال كلمته بحفل تأبين النائب الراحل سامح سيف اليزل المقام حاليًا بجريدة الجمهورية.
ومن جانبه، رد الدكتور على عبد العال رئيس مجلس النواب بالإيجاب وذلك خلال حضوره حفل التأبين قائلا: &quot;أوافق على تخصيص قاعة بالمجلس باسم الراحل سيف اليزل&quot;.
وتابع وكيل مجلس النواب قائلا:&quot;أنه حينما يتذكر الراحل سيف اليزل يتذكر حديث الرسول: (أقربكم منى يوم القيامة أحسنكم خلقًا)، ولقد صدق قول الرسول على الراحل سيف اليزل حيث أنه كان حسن الخلق&quot;.
وعرض القائمين على تنظيم حفل تأبين اللواء سامح سيف اليزل، فيلم قصير عن اللواء الراحل، تحت عنوان: &quot;حب الناس كنز اعطاه الله لىّ&quot;.
وقال اليزل خلال مقطع مصور فى إحدى لقاءاته التلفزيونية، أن الله أعطاه فوق ما يتمنى، مضيفاً: &quot;أعظم ما اعطاه الله له هو حب الناس، وعندما أمشى فى الشارع أجد أن الناس يحبونى وهذا كنز يكفينى&quot;.
كما شمل المقطع المصور عدد من الصور التذكارية التى التقطها الراحل على مدار حياته وبعض الأغانى الوطنية، وقال &quot;اليزل&quot; فى ختام الفيديو أنه يشكر الله سبحانه وتعالى على ما حققه، ويعتذر لأى شخص أساء فهمه.
موضوعات متعلقة..
- بالصور.. بدء حفل تأبين سيف اليزل بحضور رئيس مجلس النواب وعبدالسلام المحجوب
</topic_text>
<spam_score>0.00</spam_score>
<post_num>1</post_num>
<post_id>post-1</post_id>
<post_url>http://www.youm7.com/story/2016/5/12/على-عبد-العال-يوافق-على-تخصيص-قاعة-فى-البرلمان-باسم-سيف-اليز/2714946</post_url>
<post_date>20160512</post_date>
<post_time>0627</post_time>
<username>youm7.com</username>
<post>
طالب السيد الشريف، وكيل مجلس النواب، بتخصيص قاعة داخل مجلس النواب باسم اللواء سامح سيف اليزل، وذلك خلال كلمته بحفل تأبين النائب الراحل سامح سيف اليزل المقام حاليًا بجريدة الجمهورية.
ومن جانبه، رد الدكتور على عبد العال رئيس مجلس النواب بالإيجاب وذلك خلال حضوره حفل التأبين قائلا: &quot;أوافق على تخصيص قاعة بالمجلس باسم الراحل سيف اليزل&quot;.
وتابع وكيل مجلس النواب قائلا:&quot;أنه حينما يتذكر الراحل سيف اليزل يتذكر حديث الرسول: (أقربكم منى يوم القيامة أحسنكم خلقًا)، ولقد صدق قول الرسول على الراحل سيف اليزل حيث أنه كان حسن الخلق&quot;.
وعرض القائمين على تنظيم حفل تأبين اللواء سامح سيف اليزل، فيلم قصير عن اللواء الراحل، تحت عنوان: &quot;حب الناس كنز اعطاه الله لىّ&quot;.
وقال اليزل خلال مقطع مصور فى إحدى لقاءاته التلفزيونية، أن الله أعطاه فوق ما يتمنى، مضيفاً: &quot;أعظم ما اعطاه الله له هو حب الناس، وعندما أمشى فى الشارع أجد أن الناس يحبونى وهذا كنز يكفينى&quot;.
كما شمل المقطع المصور عدد من الصور التذكارية التى التقطها الراحل على مدار حياته وبعض الأغانى الوطنية، وقال &quot;اليزل&quot; فى ختام الفيديو أنه يشكر الله سبحانه وتعالى على ما حققه، ويعتذر لأى شخص أساء فهمه.
موضوعات متعلقة..
- بالصور.. بدء حفل تأبين سيف اليزل بحضور رئيس مجلس النواب وعبدالسلام المحجوب
</post>
<signature>

</signature>
<external_links>
<external_link>https://twitter.com/intent/tweet?button_hashtag=Youm7&amp;text=على</external_link><external_link>http://adserver.adtech.de/adlink/3.0/1422/5999560/0/170/ADTECH;loc=300</external_link><external_link>http://adserver.adtech.de/adserv/3.0/1422/5999560/0/170/ADTECH;loc=300</external_link>
</external_links>
<country>US</country>
<main_image>http://img.youm7.com/images/NewsPics/large/520168144337488hالجلسه-العامه-(5).jpg?v543</main_image>
</document>
