<?xml version="1.0" encoding="UTF-8"?>
<document>
<type>mainstream</type>
<forum></forum>
<forum_title></forum_title>
<discussion_title>Michel Temer não tem legitimidade para conduzir o Brasil, diz Joaquim Barbosa - Notícias de política - Notícias de Porto Alegre e Rio Grande do Sul - ZH</discussion_title>
<language>portuguese</language>
<gmt_offset></gmt_offset>
<topic_url>http://zh.clicrbs.com.br/rs/noticias/politica/noticia/2016/05/michel-temer-nao-tem-legitimidade-para-conduzir-o-brasil-diz-joaquim-barbosa-5799776.html</topic_url>
<topic_text>
Em evento em SP Michel Temer não tem legitimidade para conduzir o Brasil, diz Joaquim Barbosa Para ele, ideal seria que novas eleições fossem convocadas, mas admitiu que dificilmente o STF aprovaria algo desse tipo Por: Estadão Conteúdo Compartilhar Twitter Facebook O ex-ministro do Supremo Tribunal Federal Joaquim Barbosa Foto: Betina Humeres / Agencia RBS 
Após o Senado votar pela admissibilidade do processo de impeachment de Dilma Rousseff, o ex-ministro do Supremo Tribunal Federal (STF) Joaquim Barbosa questionou a maneira como o processo foi conduzido e, embora tenha admitido que Dilma falhou como presidente, disse que Michel Temer não tem legitimidade para governar o país. Para ele, o ideal seria que novas eleições fossem convocadas, mas admitiu que dificilmente o STF aprovaria algo desse tipo. 
Barbosa participou, nesta quinta-feira, de evento em São Paulo, para o qual foi convidado para discorrer sobre as instituições brasileiras. Afirmou ter sido uma coincidência o evento ter caído no mesmo dia em que o Senado votou o processo de impeachment. Aproveitou, portanto, para fazer algumas provocações aos parlamentares. 
Leia mais PT avalia estratégia para retornar ao Planalto 
— Tenho sérias duvidas quanto à integridade e à adequação desse processo pelo motivo que foi escolhido. Se a presidente estivesse sendo processada pelo Congresso por sua cumplicidade e ambiguidade em relação à corrupção avassaladora mostrada no país nos últimos anos, eu não veria nenhum problema. Mas não é isso que está em causa — afirmou. 
Para Barbosa, o descumprimento de regras orçamentárias, principal motivo apontado no pedido de impeachment, não é forte o suficiente para afastar um presidente. 
— Temos um problema sério de proporcionalidade, pois a irresponsabilidade fiscal é o comportamento mais comum entre nossos governantes em todas as esferas. Vejam a penúria financeira dos nossos Estados, o que é isso senão fruto da irresponsabilidade orçamentária dos governadores — provocou. 
O ex-ministro reconheceu que, &quot;do ponto de vista puramente jurídico&quot;, o impeachment pode ser justificado, mas disse que tem &quot;dúvidas muito sinceras&quot; quanto à sua &quot;justeza e ao acerto político que foi tomado para essa decisão&quot;. 
— O impeachment é a punição máxima a um presidente que cometeu um deslize funcional gravíssimo. Trata-se de um mecanismo extremo, traumático, que pode abalar o sistema político como um todo, pode provocar ódio e rancores e tornar a população ainda mais refratária ao próprio sistema político — alertou Barbosa. 
Ele também não poupou críticas a Dilma Rousseff. Para ele, a petista não soube conduzir o país, não soube se comunicar com a população, fez péssimas escolhas e limitou-se a governar para seu grupo político e aliados de ocasião. 
— Não digo que ela compactuou abertamente com segmentos corruptos em seu governo, em seu partido e em sua base de apoio, mas se omitiu, silenciou-se, foi ambígua e não soube se distanciar do ambiente deletério que a cercava, não soube exercer comando e acabou engolida por essa gente — disse. 
Apesar das críticas a Dilma, Barbosa afirmou que Temer não tem legitimidade para governar o Brasil. 
— É muito grave tirar a presidente do cargo e colocar em seu lugar alguém que é seu adversário oculto ou ostensivo, alguém que perdeu uma eleição presidencial ou alguém que sequer um dia teria o sonho de disputar uma eleição para presidente. Anotem: o Brasil terá de conviver por mais 2 anos com essa anomalia — afirmou o ex-ministro, que também criticou o PSDB. — É um grupo que, em 2018, completará 20 anos sem ganhar uma eleição. 
A solução, disse Barbosa, seria a convocação de novas eleições. 
— Eliminaria toda essa anomalia e o mal estar com o qual seremos obrigados a conviver nos próximos dois anos. 
Admitiu, no entanto, que provavelmente o STF rejeitaria a aprovação no Congresso de uma emenda constitucional para a convocação de novas eleições. Diante disso, afirmou que Dilma deveria ter renunciado há alguns meses, sob a condição de que Temer fizesse o mesmo e, assim, o Congresso fosse obrigado a convocar novas eleições, sem necessidade de emendas. 
Ao fim de sua palestra, Barbosa ressaltou que está preocupado com o futuro das instituições brasileiras. 
— Eu me pergunto se esse impeachment não resultará em golpe certeiro em nossas instituições, eu me pergunto se elas não sairão fragilizadas, imprestáveis — questionou. — E vai aqui mais uma provocação: quem, na perspectiva de vocês, vai querer investir em um país em que se derruba presidente com tanta ligeireza, com tanta facilidade e com tanta afoiteza? Eu deixo essa reflexão a todos — concluiu. 
</topic_text>
<spam_score>0.00</spam_score>
<post_num>1</post_num>
<post_id>post-1</post_id>
<post_url>http://zh.clicrbs.com.br/rs/noticias/politica/noticia/2016/05/michel-temer-nao-tem-legitimidade-para-conduzir-o-brasil-diz-joaquim-barbosa-5799776.html</post_url>
<post_date>20160512</post_date>
<post_time></post_time>
<username></username>
<post>
Em evento em SP Michel Temer não tem legitimidade para conduzir o Brasil, diz Joaquim Barbosa Para ele, ideal seria que novas eleições fossem convocadas, mas admitiu que dificilmente o STF aprovaria algo desse tipo Por: Estadão Conteúdo Compartilhar Twitter Facebook O ex-ministro do Supremo Tribunal Federal Joaquim Barbosa Foto: Betina Humeres / Agencia RBS 
Após o Senado votar pela admissibilidade do processo de impeachment de Dilma Rousseff, o ex-ministro do Supremo Tribunal Federal (STF) Joaquim Barbosa questionou a maneira como o processo foi conduzido e, embora tenha admitido que Dilma falhou como presidente, disse que Michel Temer não tem legitimidade para governar o país. Para ele, o ideal seria que novas eleições fossem convocadas, mas admitiu que dificilmente o STF aprovaria algo desse tipo. 
Barbosa participou, nesta quinta-feira, de evento em São Paulo, para o qual foi convidado para discorrer sobre as instituições brasileiras. Afirmou ter sido uma coincidência o evento ter caído no mesmo dia em que o Senado votou o processo de impeachment. Aproveitou, portanto, para fazer algumas provocações aos parlamentares. 
Leia mais PT avalia estratégia para retornar ao Planalto 
— Tenho sérias duvidas quanto à integridade e à adequação desse processo pelo motivo que foi escolhido. Se a presidente estivesse sendo processada pelo Congresso por sua cumplicidade e ambiguidade em relação à corrupção avassaladora mostrada no país nos últimos anos, eu não veria nenhum problema. Mas não é isso que está em causa — afirmou. 
Para Barbosa, o descumprimento de regras orçamentárias, principal motivo apontado no pedido de impeachment, não é forte o suficiente para afastar um presidente. 
— Temos um problema sério de proporcionalidade, pois a irresponsabilidade fiscal é o comportamento mais comum entre nossos governantes em todas as esferas. Vejam a penúria financeira dos nossos Estados, o que é isso senão fruto da irresponsabilidade orçamentária dos governadores — provocou. 
O ex-ministro reconheceu que, &quot;do ponto de vista puramente jurídico&quot;, o impeachment pode ser justificado, mas disse que tem &quot;dúvidas muito sinceras&quot; quanto à sua &quot;justeza e ao acerto político que foi tomado para essa decisão&quot;. 
— O impeachment é a punição máxima a um presidente que cometeu um deslize funcional gravíssimo. Trata-se de um mecanismo extremo, traumático, que pode abalar o sistema político como um todo, pode provocar ódio e rancores e tornar a população ainda mais refratária ao próprio sistema político — alertou Barbosa. 
Ele também não poupou críticas a Dilma Rousseff. Para ele, a petista não soube conduzir o país, não soube se comunicar com a população, fez péssimas escolhas e limitou-se a governar para seu grupo político e aliados de ocasião. 
— Não digo que ela compactuou abertamente com segmentos corruptos em seu governo, em seu partido e em sua base de apoio, mas se omitiu, silenciou-se, foi ambígua e não soube se distanciar do ambiente deletério que a cercava, não soube exercer comando e acabou engolida por essa gente — disse. 
Apesar das críticas a Dilma, Barbosa afirmou que Temer não tem legitimidade para governar o Brasil. 
— É muito grave tirar a presidente do cargo e colocar em seu lugar alguém que é seu adversário oculto ou ostensivo, alguém que perdeu uma eleição presidencial ou alguém que sequer um dia teria o sonho de disputar uma eleição para presidente. Anotem: o Brasil terá de conviver por mais 2 anos com essa anomalia — afirmou o ex-ministro, que também criticou o PSDB. — É um grupo que, em 2018, completará 20 anos sem ganhar uma eleição. 
A solução, disse Barbosa, seria a convocação de novas eleições. 
— Eliminaria toda essa anomalia e o mal estar com o qual seremos obrigados a conviver nos próximos dois anos. 
Admitiu, no entanto, que provavelmente o STF rejeitaria a aprovação no Congresso de uma emenda constitucional para a convocação de novas eleições. Diante disso, afirmou que Dilma deveria ter renunciado há alguns meses, sob a condição de que Temer fizesse o mesmo e, assim, o Congresso fosse obrigado a convocar novas eleições, sem necessidade de emendas. 
Ao fim de sua palestra, Barbosa ressaltou que está preocupado com o futuro das instituições brasileiras. 
— Eu me pergunto se esse impeachment não resultará em golpe certeiro em nossas instituições, eu me pergunto se elas não sairão fragilizadas, imprestáveis — questionou. — E vai aqui mais uma provocação: quem, na perspectiva de vocês, vai querer investir em um país em que se derruba presidente com tanta ligeireza, com tanta facilidade e com tanta afoiteza? Eu deixo essa reflexão a todos — concluiu. 
</post>
<signature>

</signature>
<external_links>

</external_links>
<country>BR</country>
<main_image></main_image>
</document>
