<?xml version="1.0" encoding="UTF-8"?>
<document>
<type>mainstream</type>
<forum>http://www.destentor.nl/cmlink/1.3420421</forum>
<forum_title>de Stentor -Apeldoorn</forum_title>
<discussion_title>Jumbo in Twello paar dagen dicht voor verhuizing</discussion_title>
<language>dutch</language>
<gmt_offset></gmt_offset>
<topic_url>http://www.destentor.nl/regio/voorst/jumbo-in-twello-paar-dagen-dicht-voor-verhuizing-1.6009767</topic_url>
<topic_text>
article 1.6009767 TWELLO - Jumbo Binnendijk aan de Duistervoordseweg in Twello sluit op vrijdag 3 juni om 18.00 uur haar deuren. Vanaf woensdag 8 juni zijn klanten welkom op de nieuwe locatie aan de Michiel de Ruyterstraat. Jumbo in Twello paar dagen dicht voor verhuizing TWELLO - Jumbo Binnendijk aan de Duistervoordseweg in Twello sluit op vrijdag 3 juni om 18.00 uur haar deuren. Vanaf woensdag 8 juni zijn klanten welkom op de nieuwe locatie aan de Michiel de Ruyterstraat. http://www.destentor.nl/regio/voorst/jumbo-in-twello-paar-dagen-dicht-voor-verhuizing-1.6009767
</topic_text>
<spam_score>0.00</spam_score>
<post_num>1</post_num>
<post_id>post-1</post_id>
<post_url>http://www.destentor.nl/regio/voorst/jumbo-in-twello-paar-dagen-dicht-voor-verhuizing-1.6009767</post_url>
<post_date>20160512</post_date>
<post_time>1410</post_time>
<username></username>
<post>
article 1.6009767 TWELLO - Jumbo Binnendijk aan de Duistervoordseweg in Twello sluit op vrijdag 3 juni om 18.00 uur haar deuren. Vanaf woensdag 8 juni zijn klanten welkom op de nieuwe locatie aan de Michiel de Ruyterstraat. Jumbo in Twello paar dagen dicht voor verhuizing TWELLO - Jumbo Binnendijk aan de Duistervoordseweg in Twello sluit op vrijdag 3 juni om 18.00 uur haar deuren. Vanaf woensdag 8 juni zijn klanten welkom op de nieuwe locatie aan de Michiel de Ruyterstraat. http://www.destentor.nl/regio/voorst/jumbo-in-twello-paar-dagen-dicht-voor-verhuizing-1.6009767
</post>
<signature>

</signature>
<external_links>

</external_links>
<country>NL</country>
<main_image>http://www.destentor.nl/polopoly_fs/1.4105339.1403172980!image/image-4105339.jpg</main_image>
</document>
