<?xml version="1.0" encoding="UTF-8"?>
<document>
<type>mainstream</type>
<forum>http://www.boursier.com/syndication/rss/news</forum>
<forum_title>Boursier.com - Actualités de la Bourse</forum_title>
<discussion_title>Les auto-entrepreneurs restent fragiles</discussion_title>
<language>french</language>
<gmt_offset></gmt_offset>
<topic_url>http://www.boursier.com/actualites/reuters/les-auto-entrepreneurs-restent-fragiles-189974.html?rss</topic_url>
<topic_text>
Crédit photo © Reuters 
PARIS (Reuters) - Trois ans après leur immatriculation, seuls 30% des auto-entrepreneurs inscrits au premier semestre 2010 étaient toujours actifs dans ce régime, selon une enquête publiée jeudi par l&apos;Insee. 
Et parmi les 62% qui ont réellement démarré une activité, 49% étaient encore là trois ans plus tard, soit nettement moins que les 62% créateurs d&apos;entreprises individuelles classiques de la même génération. 
L&apos;enquête de l&apos;Insee porte sur les 191.000 auto-entrepreneurs inscrits au premier semestre 2010, un an après la mise en place de ce nouveau régime rebaptisé depuis micro-entrepreneurs, qui s&apos;est soldée par une forte hausse des créations d&apos;entreprises. 
A fin juin 2015, le réseau des Urssaf recensait 1.075.000 auto-entrepreneurs inscrits, dont 600.000 économiquement actifs (ayant déclaré un chiffre d&apos;affaires positif sur le dernier trimestre). 
Sur l&apos;échantillon du premier semestre 2010, 38% n&apos;ont jamais été actifs, les taux d&apos;activité variant fortement selon les secteurs : seulement 54% des auto-entrepreneurs inscrits dans le commerce ont démarré une activité mais plus de 75% dans l&apos;enseignement, la santé et l&apos;action sociale. 
Trois ans après, 30% étaient encore actifs dans le régime 
d’auto-entrepreneur et moins de 2% l’ont quitté au profit du régime général. 
Le taux de pérennité à trois ans des auto-entrepreneurs ayant démarré en activité principale (52%) était plus élevé que celui de ceux qui l&apos;ont débuté en activité de complément (45%), même si, pour un tiers des premiers, &quot;l’activité principale au démarrage devient une simple source de revenu d’appoint quelques années plus tard&quot;, note l&apos;Insee. 
La pérennité est la plus élevée dans la santé humaine-action sociale et l’enseignement, plus faible dans le commerce, les activités spécialisées scientifiques et techniques et l&apos;information-communication. 
De plus, les chances de pérennité à trois ans d’un auto-entrepreneur augmentent avec son âge - elles passent de 40% avant 30 ans à 55% au-delà de 50 ans - quand, pour une entreprise individuelle classique, les chance de survie sont les plus fortes quand le créateur a entre 30 et 39 ans. 
Enfin, son chiffre d’affaires reste beaucoup plus faible que celui des créateurs individuels classiques : les auto-entrepreneurs toujours actifs fin 2013 déclaraient en moyenne 10.000 euros en 2012 et les trois quarts un chiffre d’affaires inférieur à 15.000 euros contre seulement 14% des créateurs individuels. 
La moyenne était un peu plus haute (13.000 euros) pour ceux dont l&apos;auto-entreprise était la principale source de revenu 
(Yann Le Guernigou, édité par Yves Clarisse) click here for restriction
</topic_text>
<spam_score>0.00</spam_score>
<post_num>1</post_num>
<post_id>post-1</post_id>
<post_url>http://www.boursier.com/actualites/reuters/les-auto-entrepreneurs-restent-fragiles-189974.html?rss</post_url>
<post_date>20160512</post_date>
<post_time>1611</post_time>
<username></username>
<post>
Crédit photo © Reuters 
PARIS (Reuters) - Trois ans après leur immatriculation, seuls 30% des auto-entrepreneurs inscrits au premier semestre 2010 étaient toujours actifs dans ce régime, selon une enquête publiée jeudi par l&apos;Insee. 
Et parmi les 62% qui ont réellement démarré une activité, 49% étaient encore là trois ans plus tard, soit nettement moins que les 62% créateurs d&apos;entreprises individuelles classiques de la même génération. 
L&apos;enquête de l&apos;Insee porte sur les 191.000 auto-entrepreneurs inscrits au premier semestre 2010, un an après la mise en place de ce nouveau régime rebaptisé depuis micro-entrepreneurs, qui s&apos;est soldée par une forte hausse des créations d&apos;entreprises. 
A fin juin 2015, le réseau des Urssaf recensait 1.075.000 auto-entrepreneurs inscrits, dont 600.000 économiquement actifs (ayant déclaré un chiffre d&apos;affaires positif sur le dernier trimestre). 
Sur l&apos;échantillon du premier semestre 2010, 38% n&apos;ont jamais été actifs, les taux d&apos;activité variant fortement selon les secteurs : seulement 54% des auto-entrepreneurs inscrits dans le commerce ont démarré une activité mais plus de 75% dans l&apos;enseignement, la santé et l&apos;action sociale. 
Trois ans après, 30% étaient encore actifs dans le régime 
d’auto-entrepreneur et moins de 2% l’ont quitté au profit du régime général. 
Le taux de pérennité à trois ans des auto-entrepreneurs ayant démarré en activité principale (52%) était plus élevé que celui de ceux qui l&apos;ont débuté en activité de complément (45%), même si, pour un tiers des premiers, &quot;l’activité principale au démarrage devient une simple source de revenu d’appoint quelques années plus tard&quot;, note l&apos;Insee. 
La pérennité est la plus élevée dans la santé humaine-action sociale et l’enseignement, plus faible dans le commerce, les activités spécialisées scientifiques et techniques et l&apos;information-communication. 
De plus, les chances de pérennité à trois ans d’un auto-entrepreneur augmentent avec son âge - elles passent de 40% avant 30 ans à 55% au-delà de 50 ans - quand, pour une entreprise individuelle classique, les chance de survie sont les plus fortes quand le créateur a entre 30 et 39 ans. 
Enfin, son chiffre d’affaires reste beaucoup plus faible que celui des créateurs individuels classiques : les auto-entrepreneurs toujours actifs fin 2013 déclaraient en moyenne 10.000 euros en 2012 et les trois quarts un chiffre d’affaires inférieur à 15.000 euros contre seulement 14% des créateurs individuels. 
La moyenne était un peu plus haute (13.000 euros) pour ceux dont l&apos;auto-entreprise était la principale source de revenu 
(Yann Le Guernigou, édité par Yves Clarisse) click here for restriction
</post>
<signature>

</signature>
<external_links>

</external_links>
<country>FR</country>
<main_image>http://cdn-static.boursier.com/illustrations/feeds/reuters/auto-entrepreneur-un-regime-fragile-big.jpg</main_image>
</document>
