<?xml version="1.0" encoding="UTF-8"?>
<document>
<type>mainstream</type>
<forum>http://www.wfsb.com/category/162901/ap-news-center?clienttype=rss</forum>
<forum_title>WFSB - U.S. &amp; World - Top Story</forum_title>
<discussion_title>The Latest: Rep. Rodgers: Trump talks 1st step toward unity</discussion_title>
<language>english</language>
<gmt_offset></gmt_offset>
<topic_url>http://www.wfsb.com/story/31955650/the-latest-rep-rodgers-trump-talks-1st-step-toward-unity</topic_url>
<topic_text>
The Latest: Rep. Rodgers: Trump talks 1st step toward unity - WFSB 3 Connecticut Member Center: The Latest: Rep. Rodgers: Trump talks 1st step toward unity Posted: Updated: (AP Photo/Evan Vucci). House Speaker Paul Ryan of Wis. pauses during a news conference on Capitol Hill in Washington, Wednesday, May 11, 2016. (AP Photo/Evan Vucci). House Speaker Paul Ryan of Wis., second from left, stands with, from left, House Majority Leader Kevin McCarthy of Calif., House Majority Whip Steve Scalise of La., and Rep. Cathy McMorris Rodgers, R- Wash., during a news confere... 
WASHINGTON (AP) - The Latest on developments in the presidential campaign, including Donald Trump&apos;s meetings Thursday with House Speaker Paul Ryan and with other congressional leaders: (all times local): 
11:50 a.m. 
The highest-ranking woman in the House GOP leadership calls the meeting with Donald Trump a &quot;very important first step&quot; toward unifying Republicans. 
Rep. Cathy McMorris Rodgers of Washington state says Thursday&apos;s meeting was the first chance for her to make clear to the presumptive presidential nominee this core value for the party: &quot;Dreaming big for everyone and turning its back on no one.&quot; 
___ 
11:40 a.m. 
House Speaker Paul Ryan says he was &quot;very encouraged by what I heard from Donald Trump&quot; in their much-anticipated meeting. 
The Wisconsin lawmaker - who&apos;s has yet to say he&apos;s ready to back the presumptive Republican presidential nominee - says &quot;it&apos;s not a secret&quot; that the two have had &quot;our differences.&quot; 
Ryan says at a news conference after the meeting that the big question is &quot;what do we need to do to unify the party.&quot; He says they&apos;re &quot;planting the seeds&quot; to accomplish that goal. 
___ 
11:25 a.m. 
The head of the committee to elect Republicans to the House says he may disagree with Donald Trump&apos;s rhetoric and policies, but that the presumptive GOP presidential nominee is a better White House option than front-running Democrat Hillary Clinton would be. 
Rep. Greg Walden of Oregon says in a statement that he intends to support the GOP nominee. Walden&apos;s statement came out shortly after other House Republican leaders met with Trump at Republican Party headquarters on Capitol Hill. 
Walden says the last thing he wants is to give Democrats another four years in charge in the White House. 
___ 
11:15 a.m. 
Donald Trump and House Speaker Paul Ryan say they had a productive meeting and see a great chance to unite the Republican Party and win the presidential election in November. 
The presumptive GOP nominee and the party&apos;s top elected official said in a statement after their meeting on party headquarters on Capitol Hill that they are &quot;totally committed to working together&quot; to achieve that goal. 
They say they were &quot;honest about our few differences&quot; but also recognize &quot;many important areas of common ground.&quot; 
More discussions are promised, but this first one was described as &quot;a very positive step toward unification.&quot; 
Ryan has yet to come out in support of Trump. But the two say it&apos;s critical for Republicans to united around &quot;our shared principles, advance a conservative agenda and do all we can to win this fall.&quot; 
___ 
10:55 a.m. 
Donald Trump has wrapped up his meeting with House Republican leaders, including Speaker Paul Ryan, who&apos;s expressed reservations about backing the presumptive presidential nominee. 
Trump held back-to-back meetings on Thursday at party headquarters on Capitol Hill. 
First, Trump met with Ryan and the party chairman, Reince Priebus (ryns PREE&apos;-bus). Then he sat down with other members of the House Republican leadership, including Majority Leader Kevin McCarthy and Whip Steve Scalise (skuh-LEES&apos;). 
Trump plans a separate meeting with Senate GOP leaders later Thursday. 
___ 
10:20 a.m. 
The head of the Republican Party says the meeting with Donald Trump and House Speaker Paul Ryan was &quot;a very positive step toward party unity.&quot; 
Reince Priebus (ryns PREE&apos;-bus) tweeted that comment after their meeting Thursday morning at GOP headquarters on Capitol Hill. 
Priebus tweeted: &quot;The meeting was great. It was a very positive step toward party unity.&quot; 
Ryan said last week that he wasn&apos;t ready to endorse Trump, the presumptive presidential nominee. 
___ 
10:05 a.m. 
The longest serving Republican in the Senate says he&apos;ll now support Donald Trump. But Utah&apos;s Orrin Hatch says the presumptive GOP presidential nominee needs to tone it down. 
Hatch is among the Senate GOP leaders set to meet with Trump later Thursday. 
Hatch says Trump needs to soften his rhetoric and &quot;always act in a manner worthy&quot; of a nominee. The senator isn&apos;t getting into details, but Trump has made critical comments about women, Hispanics and others. 
Hatch says many of his constituents &quot;have serious reservations&quot; about Trump. In March, Utah voters went big for Trump&apos;s chief rival at the time, Texas Sen. Ted Cruz, in the state&apos;s caucuses. 
Hatch says Trump could unite Republicans and broaden his appeal by reconsidering his views on trade and overhauling benefit programs. 
Hatch initially backed Jeb Bush in the race, and then Florida Sen. Marco Rubio. Hatch says he&apos;ll &quot;do what I can&quot; to help Trump run a successful campaign. 
___ 
9:40 a.m. 
It&apos;s a &quot;circus out here.&quot; 
That&apos;s what a Democratic congressman says as he walked by the Capitol Hill building where Donald Trump and House Speaker Paul Ryan are meeting - and where boisterous protesters have gathered in the street. 
Texas lawmaker Joaquin Castro says Trump - the presumptive Republican presidential nominee - &quot;has been extremely divisive for the country&quot; and is &quot;tearing people apart. You can see the circus out here.&quot; 
___ 
9:15 a.m. 
Donald Trump has taken strong stands on immigration - and drawn equally strong reactions during his presidential campaign. 
And it was no different when the Republican candidate arrived at a Capitol Hill building for his meeting Thursday morning with House Speaker Paul Ryan. 
Protesters tried to deliver a cardboard coffin to the Republican National Committee that they said represented the suffering of immigrants under GOP policies - and the death of the party under Trump. 
The protesters weren&apos;t allowed inside, but they did continue chanting and waving signs. 
9:05 a.m. 
A smattering of protesters are outside the Republican National Committee offices on Capitol Hill where Donald Trump and House Speaker Paul Ryan are meeting. 
The presidential candidate entered the building through a side door for his first-ever get-together with the Wisconsin lawmaker - who hasn&apos;t yet backed the presumptive nominee. 
Outside, fewer than a dozen people are demonstrating - but they&apos;re outnumbered by a sizable pack of reporters. 
Some demonstrators are carrying signs that say &quot;R.I.P. GOP&quot; and using a megaphone to express their views that Trump&apos;s rise means the fall of the Republican Party. One chant is: &quot;Down with deportation, up with liberation&quot;  
</topic_text>
<spam_score>0.00</spam_score>
<post_num>1</post_num>
<post_id>post-1</post_id>
<post_url>http://www.wfsb.com/story/31955650/the-latest-rep-rodgers-trump-talks-1st-step-toward-unity</post_url>
<post_date>20160512</post_date>
<post_time>1602</post_time>
<username></username>
<post>
The Latest: Rep. Rodgers: Trump talks 1st step toward unity - WFSB 3 Connecticut Member Center: The Latest: Rep. Rodgers: Trump talks 1st step toward unity Posted: Updated: (AP Photo/Evan Vucci). House Speaker Paul Ryan of Wis. pauses during a news conference on Capitol Hill in Washington, Wednesday, May 11, 2016. (AP Photo/Evan Vucci). House Speaker Paul Ryan of Wis., second from left, stands with, from left, House Majority Leader Kevin McCarthy of Calif., House Majority Whip Steve Scalise of La., and Rep. Cathy McMorris Rodgers, R- Wash., during a news confere... 
WASHINGTON (AP) - The Latest on developments in the presidential campaign, including Donald Trump&apos;s meetings Thursday with House Speaker Paul Ryan and with other congressional leaders: (all times local): 
11:50 a.m. 
The highest-ranking woman in the House GOP leadership calls the meeting with Donald Trump a &quot;very important first step&quot; toward unifying Republicans. 
Rep. Cathy McMorris Rodgers of Washington state says Thursday&apos;s meeting was the first chance for her to make clear to the presumptive presidential nominee this core value for the party: &quot;Dreaming big for everyone and turning its back on no one.&quot; 
___ 
11:40 a.m. 
House Speaker Paul Ryan says he was &quot;very encouraged by what I heard from Donald Trump&quot; in their much-anticipated meeting. 
The Wisconsin lawmaker - who&apos;s has yet to say he&apos;s ready to back the presumptive Republican presidential nominee - says &quot;it&apos;s not a secret&quot; that the two have had &quot;our differences.&quot; 
Ryan says at a news conference after the meeting that the big question is &quot;what do we need to do to unify the party.&quot; He says they&apos;re &quot;planting the seeds&quot; to accomplish that goal. 
___ 
11:25 a.m. 
The head of the committee to elect Republicans to the House says he may disagree with Donald Trump&apos;s rhetoric and policies, but that the presumptive GOP presidential nominee is a better White House option than front-running Democrat Hillary Clinton would be. 
Rep. Greg Walden of Oregon says in a statement that he intends to support the GOP nominee. Walden&apos;s statement came out shortly after other House Republican leaders met with Trump at Republican Party headquarters on Capitol Hill. 
Walden says the last thing he wants is to give Democrats another four years in charge in the White House. 
___ 
11:15 a.m. 
Donald Trump and House Speaker Paul Ryan say they had a productive meeting and see a great chance to unite the Republican Party and win the presidential election in November. 
The presumptive GOP nominee and the party&apos;s top elected official said in a statement after their meeting on party headquarters on Capitol Hill that they are &quot;totally committed to working together&quot; to achieve that goal. 
They say they were &quot;honest about our few differences&quot; but also recognize &quot;many important areas of common ground.&quot; 
More discussions are promised, but this first one was described as &quot;a very positive step toward unification.&quot; 
Ryan has yet to come out in support of Trump. But the two say it&apos;s critical for Republicans to united around &quot;our shared principles, advance a conservative agenda and do all we can to win this fall.&quot; 
___ 
10:55 a.m. 
Donald Trump has wrapped up his meeting with House Republican leaders, including Speaker Paul Ryan, who&apos;s expressed reservations about backing the presumptive presidential nominee. 
Trump held back-to-back meetings on Thursday at party headquarters on Capitol Hill. 
First, Trump met with Ryan and the party chairman, Reince Priebus (ryns PREE&apos;-bus). Then he sat down with other members of the House Republican leadership, including Majority Leader Kevin McCarthy and Whip Steve Scalise (skuh-LEES&apos;). 
Trump plans a separate meeting with Senate GOP leaders later Thursday. 
___ 
10:20 a.m. 
The head of the Republican Party says the meeting with Donald Trump and House Speaker Paul Ryan was &quot;a very positive step toward party unity.&quot; 
Reince Priebus (ryns PREE&apos;-bus) tweeted that comment after their meeting Thursday morning at GOP headquarters on Capitol Hill. 
Priebus tweeted: &quot;The meeting was great. It was a very positive step toward party unity.&quot; 
Ryan said last week that he wasn&apos;t ready to endorse Trump, the presumptive presidential nominee. 
___ 
10:05 a.m. 
The longest serving Republican in the Senate says he&apos;ll now support Donald Trump. But Utah&apos;s Orrin Hatch says the presumptive GOP presidential nominee needs to tone it down. 
Hatch is among the Senate GOP leaders set to meet with Trump later Thursday. 
Hatch says Trump needs to soften his rhetoric and &quot;always act in a manner worthy&quot; of a nominee. The senator isn&apos;t getting into details, but Trump has made critical comments about women, Hispanics and others. 
Hatch says many of his constituents &quot;have serious reservations&quot; about Trump. In March, Utah voters went big for Trump&apos;s chief rival at the time, Texas Sen. Ted Cruz, in the state&apos;s caucuses. 
Hatch says Trump could unite Republicans and broaden his appeal by reconsidering his views on trade and overhauling benefit programs. 
Hatch initially backed Jeb Bush in the race, and then Florida Sen. Marco Rubio. Hatch says he&apos;ll &quot;do what I can&quot; to help Trump run a successful campaign. 
___ 
9:40 a.m. 
It&apos;s a &quot;circus out here.&quot; 
That&apos;s what a Democratic congressman says as he walked by the Capitol Hill building where Donald Trump and House Speaker Paul Ryan are meeting - and where boisterous protesters have gathered in the street. 
Texas lawmaker Joaquin Castro says Trump - the presumptive Republican presidential nominee - &quot;has been extremely divisive for the country&quot; and is &quot;tearing people apart. You can see the circus out here.&quot; 
___ 
9:15 a.m. 
Donald Trump has taken strong stands on immigration - and drawn equally strong reactions during his presidential campaign. 
And it was no different when the Republican candidate arrived at a Capitol Hill building for his meeting Thursday morning with House Speaker Paul Ryan. 
Protesters tried to deliver a cardboard coffin to the Republican National Committee that they said represented the suffering of immigrants under GOP policies - and the death of the party under Trump. 
The protesters weren&apos;t allowed inside, but they did continue chanting and waving signs. 
9:05 a.m. 
A smattering of protesters are outside the Republican National Committee offices on Capitol Hill where Donald Trump and House Speaker Paul Ryan are meeting. 
The presidential candidate entered the building through a side door for his first-ever get-together with the Wisconsin lawmaker - who hasn&apos;t yet backed the presumptive nominee. 
Outside, fewer than a dozen people are demonstrating - but they&apos;re outnumbered by a sizable pack of reporters. 
Some demonstrators are carrying signs that say &quot;R.I.P. GOP&quot; and using a megaphone to express their views that Trump&apos;s rise means the fall of the Republican Party. One chant is: &quot;Down with deportation, up with liberation&quot;  
</post>
<signature>

</signature>
<external_links>

</external_links>
<country>US</country>
<main_image>http://images.worldnow.com/AP/images/10539479_G.jpg</main_image>
</document>
