<?xml version="1.0" encoding="UTF-8"?>
<document>
<type>mainstream</type>
<forum>http://chelyabinsk.bezformata.ru/rss.xml</forum>
<forum_title>Новости города БезФормата.Ru Челябинская область Челябинск</forum_title>
<discussion_title>Рабочая группа по проблемам дольщиков «Гринфлайта» ищет инвесторов для разрешения ситуации</discussion_title>
<language>russian</language>
<gmt_offset></gmt_offset>
<topic_url>http://chelyabinsk.bezformata.ru/listnews/dolshikov-grinflajta-ishet-investorov/46771426/</topic_url>
<topic_text>
Фото: www.1obl.ru На данный момент строительные работы в новом микрорайоне приостановлены. 
Две компании запросили документы у « Гринфлайта », чтобы оценить инвестиционную привлекательность вложения средств в замороженную стройку нового микрорайона. Однако официального ответа пока не получено. Тем временем правительство региона и банк-кредитор продолжают поиск инвесторов. 
Сегодня в Челябинске в очередной раз состоялась встреча рабочей группы по проблеме компании « Гринфлайт » и ее дольщков. Решаются все насущные вопросы, связанные с замороженной стройкой, проводятся встречи с жителями города, вложившими свои средства в строительство. Сегодня, в частности, на встрече с дольщиками присутствовал представитель Минстроя Челябинской области. Правительство региона продолжает поиски потенциальных инвесторов, к настоящему моменту среди кандидатов две компании. 
— Есть потенциальные инвесторы, которые запросили у компании материалы, изучают их, но пока ни от одного, ни от другого не получено какого-либо официального подтверждения. В поиске компаний, желающих вложить деньги в незавершенные проекты, заинтересованы как правительство, так и банк, — рассказал сайту « Первый областной » вице-губернатор Челябинской области Сергей Шаль. 
Руководство региона также планирует в ближайшее время провести переговоры с компанией, которая заявилась в суде по банкротству « Гринфлайта ». Правительство Челябинской области намерено выяснить мотивы и цели предпринимателей. 
— Будем встречаться с ними сегодня-завтра , чтобы выяснить их намерения, чего они хотят. Одно дело, если речь идет о желании получить свои деньги. Они выкупили у дольщиков 15 миллионов. Другое дело, если вдруг у них принципиальная позиция по банкротству, — добавил Сергей Шаль. 
Вице-губернатор также заверил, что правительству небезразлична судьба трудового коллектива самой компании. В ближайшее время руководство « Гринфлайта » должно предоставить информацию о том, сколько человек уже уволилось, сколько находятся в отпуске до конца месяца. 
Фото: uralpolit.ru
</topic_text>
<spam_score>0.00</spam_score>
<post_num>1</post_num>
<post_id>post-1</post_id>
<post_url>http://chelyabinsk.bezformata.ru/listnews/dolshikov-grinflajta-ishet-investorov/46771426/</post_url>
<post_date>20160512</post_date>
<post_time>1414</post_time>
<username></username>
<post>
Фото: www.1obl.ru На данный момент строительные работы в новом микрорайоне приостановлены. 
Две компании запросили документы у « Гринфлайта », чтобы оценить инвестиционную привлекательность вложения средств в замороженную стройку нового микрорайона. Однако официального ответа пока не получено. Тем временем правительство региона и банк-кредитор продолжают поиск инвесторов. 
Сегодня в Челябинске в очередной раз состоялась встреча рабочей группы по проблеме компании « Гринфлайт » и ее дольщков. Решаются все насущные вопросы, связанные с замороженной стройкой, проводятся встречи с жителями города, вложившими свои средства в строительство. Сегодня, в частности, на встрече с дольщиками присутствовал представитель Минстроя Челябинской области. Правительство региона продолжает поиски потенциальных инвесторов, к настоящему моменту среди кандидатов две компании. 
— Есть потенциальные инвесторы, которые запросили у компании материалы, изучают их, но пока ни от одного, ни от другого не получено какого-либо официального подтверждения. В поиске компаний, желающих вложить деньги в незавершенные проекты, заинтересованы как правительство, так и банк, — рассказал сайту « Первый областной » вице-губернатор Челябинской области Сергей Шаль. 
Руководство региона также планирует в ближайшее время провести переговоры с компанией, которая заявилась в суде по банкротству « Гринфлайта ». Правительство Челябинской области намерено выяснить мотивы и цели предпринимателей. 
— Будем встречаться с ними сегодня-завтра , чтобы выяснить их намерения, чего они хотят. Одно дело, если речь идет о желании получить свои деньги. Они выкупили у дольщиков 15 миллионов. Другое дело, если вдруг у них принципиальная позиция по банкротству, — добавил Сергей Шаль. 
Вице-губернатор также заверил, что правительству небезразлична судьба трудового коллектива самой компании. В ближайшее время руководство « Гринфлайта » должно предоставить информацию о том, сколько человек уже уволилось, сколько находятся в отпуске до конца месяца. 
Фото: uralpolit.ru
</post>
<signature>

</signature>
<external_links>

</external_links>
<country>RU</country>
<main_image>http://chelyabinsk.bezformata.ru/content/image188606112.png</main_image>
</document>
