<?xml version="1.0" encoding="UTF-8"?>
<document>
<type>mainstream</type>
<forum></forum>
<forum_title></forum_title>
<discussion_title>Пресс-служба Пугачева назвала ложью сообщения об аресте его яхты и вилл :: Общество :: РБК</discussion_title>
<language>russian</language>
<gmt_offset></gmt_offset>
<topic_url>http://www.rbc.ru/society/12/05/2016/5734a8d69a7947fa958934ae</topic_url>
<topic_text>
Пресс-служба Пугачева назвала ложью сообщения об аресте его яхты и вилл 
Основатель Межпромбанка Сергей Пугачев Фото: Дмитрий Азаров/Коммерсантъ Пресс-служба основателя Межпромбанка назвала заявление АСВ об аресте активов экс-банкира «откровенной ложью» и попыткой отвлечь общественность 
Пресс-служба живущего во Франции основателя Межпромбанка Сергея Пугачева опровергла сообщения об аресте активов экс-банкира во Франции, Люксембурге и на Каймановых островах по требованию российского Агентства по страхованию вкладов (АСВ). 
«Сообщение АСВ об аресте активов Сергея Пугачева не соответствует действительности. Высокий суд Лондона 14 июня 2015 года обязал экс-сенатора раскрыть информацию о его активах в рамках freezing order, что и было сделано. С тех пор ничего нового не произошло», — отмечается в сообщении пресс-службы Пугачева. 
Представители бывшего сенатора заявили, что своим заявлением АСВ пытается отвлечь внимание общественности от появившихся в СМИ «критических статей». 
«Уже много лет АСВ заявляет об аресте дома во Франции, принадлежащего Сергею Пугачеву, что является откровенной ложью», — отмечается в сообщении. 
Ранее в четверг АСВ сообщило , что ему удалось добиться ареста таких активов Пугачева, как 47-метровая яхта DB9, виллы Шато де Гаро, «Аннушка», «Вальберг» и вилла №40, расположенная в Сен-Жан-Кап-Ферра. 
«Данные правовые действия проводятся в рамках реализации стратегии АСВ по приведению в исполнение определения Арбитражного суда Москвы и обращения взыскания на активы С.В. Пугачева с целью пополнения конкурсной массы банка и удовлетворения требований его кредиторов», — отмечается в сообщении АСВ. 
Сергей Пугачев был членом Совета Федерации с 2001 до 2011 года и входил в «Золотую сотню» российского Forbes (в последний раз он попал в рейтинг в 2009 году, тогда е го состояние было оценено в $500 млн). В 2010 году основанный им Межпромбанк лишили лицензии. Вскоре после этого по заявлению АСВ, которое стало конкурсным управляющим банка, начали расследование по делу о преднамеренном банкротстве банка. 
В России Пугачеву заочно предъявлены обвинения по ст. 160 («Присвоение») и 201 («Злоупотребление полномочиями») Уголовного кодекса. Бывший сенатор объявлен в международный розыск, судом заочно принято решение о его заключении под стражу. Теги 
</topic_text>
<spam_score>0.00</spam_score>
<post_num>1</post_num>
<post_id>post-1</post_id>
<post_url>http://www.rbc.ru/society/12/05/2016/5734a8d69a7947fa958934ae</post_url>
<post_date>20160512</post_date>
<post_time></post_time>
<username></username>
<post>
Пресс-служба Пугачева назвала ложью сообщения об аресте его яхты и вилл 
Основатель Межпромбанка Сергей Пугачев Фото: Дмитрий Азаров/Коммерсантъ Пресс-служба основателя Межпромбанка назвала заявление АСВ об аресте активов экс-банкира «откровенной ложью» и попыткой отвлечь общественность 
Пресс-служба живущего во Франции основателя Межпромбанка Сергея Пугачева опровергла сообщения об аресте активов экс-банкира во Франции, Люксембурге и на Каймановых островах по требованию российского Агентства по страхованию вкладов (АСВ). 
«Сообщение АСВ об аресте активов Сергея Пугачева не соответствует действительности. Высокий суд Лондона 14 июня 2015 года обязал экс-сенатора раскрыть информацию о его активах в рамках freezing order, что и было сделано. С тех пор ничего нового не произошло», — отмечается в сообщении пресс-службы Пугачева. 
Представители бывшего сенатора заявили, что своим заявлением АСВ пытается отвлечь внимание общественности от появившихся в СМИ «критических статей». 
«Уже много лет АСВ заявляет об аресте дома во Франции, принадлежащего Сергею Пугачеву, что является откровенной ложью», — отмечается в сообщении. 
Ранее в четверг АСВ сообщило , что ему удалось добиться ареста таких активов Пугачева, как 47-метровая яхта DB9, виллы Шато де Гаро, «Аннушка», «Вальберг» и вилла №40, расположенная в Сен-Жан-Кап-Ферра. 
«Данные правовые действия проводятся в рамках реализации стратегии АСВ по приведению в исполнение определения Арбитражного суда Москвы и обращения взыскания на активы С.В. Пугачева с целью пополнения конкурсной массы банка и удовлетворения требований его кредиторов», — отмечается в сообщении АСВ. 
Сергей Пугачев был членом Совета Федерации с 2001 до 2011 года и входил в «Золотую сотню» российского Forbes (в последний раз он попал в рейтинг в 2009 году, тогда е го состояние было оценено в $500 млн). В 2010 году основанный им Межпромбанк лишили лицензии. Вскоре после этого по заявлению АСВ, которое стало конкурсным управляющим банка, начали расследование по делу о преднамеренном банкротстве банка. 
В России Пугачеву заочно предъявлены обвинения по ст. 160 («Присвоение») и 201 («Злоупотребление полномочиями») Уголовного кодекса. Бывший сенатор объявлен в международный розыск, судом заочно принято решение о его заключении под стражу. Теги 
</post>
<signature>

</signature>
<external_links>

</external_links>
<country>RU</country>
<main_image>http://pics.v7.top.rbk.ru/v6_top_pics/media/img/8/82/754630698434828.jpg</main_image>
</document>
