<?xml version="1.0" encoding="UTF-8"?>
<document>
<type>mainstream</type>
<forum>http://rss.nexttv.com.tw/news/realtime/rss.xml</forum>
<forum_title>壹電視-即時新聞</forum_title>
<discussion_title>《PM10點靈》神奇！特殊吸管可殺菌 髒水秒變飲用水</discussion_title>
<language>chineset</language>
<gmt_offset></gmt_offset>
<topic_url>http://www.nexttv.com.tw/news/realtime/latest/11560834/%E3%80%8APM10%E9%BB%9E%E9%9D%88%E3%80%8B%E7%A5%9E%E5%A5%87%EF%BC%81%E7%89%B9%E6%AE%8A%E5%90%B8%E7%AE%A1%E5%8F%AF%E6%AE%BA%E8%8F%8C%E3%80%80%E9%AB%92%E6%B0%B4%E7%A7%92%E8%AE%8A%E9%A3%B2%E7%94%A8%E6%B0%B4</topic_url>
<topic_text>
【壹電視報導】乾淨的飲用水對於台灣人來說並不難取得，但是若有天災地震發生時，取用得乾淨的水就有難度了，有發明家發明出一個特殊的吸管，號稱直接把吸管插入未煮沸、未過濾的髒水中之後，可以殺菌99.999%，民眾絕對可以安心飲用。這根吸管裡面，有甚麼神奇的秘密，一起來看看。 即時新聞
</topic_text>
<spam_score>0.00</spam_score>
<post_num>1</post_num>
<post_id>post-1</post_id>
<post_url>http://www.nexttv.com.tw/news/realtime/latest/11560834/%E3%80%8APM10%E9%BB%9E%E9%9D%88%E3%80%8B%E7%A5%9E%E5%A5%87%EF%BC%81%E7%89%B9%E6%AE%8A%E5%90%B8%E7%AE%A1%E5%8F%AF%E6%AE%BA%E8%8F%8C%E3%80%80%E9%AB%92%E6%B0%B4%E7%A7%92%E8%AE%8A%E9%A3%B2%E7%94%A8%E6%B0%B4</post_url>
<post_date>20160512</post_date>
<post_time>1452</post_time>
<username></username>
<post>
【壹電視報導】乾淨的飲用水對於台灣人來說並不難取得，但是若有天災地震發生時，取用得乾淨的水就有難度了，有發明家發明出一個特殊的吸管，號稱直接把吸管插入未煮沸、未過濾的髒水中之後，可以殺菌99.999%，民眾絕對可以安心飲用。這根吸管裡面，有甚麼神奇的秘密，一起來看看。 即時新聞
</post>
<signature>

</signature>
<external_links>

</external_links>
<country>TW</country>
<main_image>http://s.nexttv.com.tw/upload/2016/05/11560834-392x220.jpg</main_image>
</document>
