<?xml version="1.0" encoding="UTF-8"?>
<document>
<type>mainstream</type>
<forum>http://biertijd.com/xml-rss2.php</forum>
<forum_title>Biertijd.com</forum_title>
<discussion_title>This Is What We Live For!</discussion_title>
<language>dutch</language>
<gmt_offset></gmt_offset>
<topic_url>http://biertijd.com/index.php?itemid=60950</topic_url>
<topic_text>
SketchShe - Safari Mash Up! &gt;&gt; This Is What We Live For! Of het nou basejumpers, FMX, skiërs of surfers zijn, de pro&apos;s blijven zorgen voor geweldige beelden. Zie hier &apos; This is what we live for! &apos;.. 11 May &apos;16 - cat: Cool
</topic_text>
<spam_score>0.00</spam_score>
<post_num>1</post_num>
<post_id>post-1</post_id>
<post_url>http://biertijd.com/index.php?itemid=60950</post_url>
<post_date>20160511</post_date>
<post_time>1858</post_time>
<username></username>
<post>
SketchShe - Safari Mash Up! &gt;&gt; This Is What We Live For! Of het nou basejumpers, FMX, skiërs of surfers zijn, de pro&apos;s blijven zorgen voor geweldige beelden. Zie hier &apos; This is what we live for! &apos;.. 11 May &apos;16 - cat: Cool
</post>
<signature>

</signature>
<external_links>

</external_links>
<country>NL</country>
<main_image></main_image>
</document>
