<?xml version="1.0" encoding="UTF-8"?>
<document>
<type>mainstream</type>
<forum></forum>
<forum_title></forum_title>
<discussion_title>Giant Tortoise at Zurich Zoo Hatches 9 Adorable Babies</discussion_title>
<language>english</language>
<gmt_offset></gmt_offset>
<topic_url>http://www.cntraveler.com/stories/2016-05-12/giant-tortoise-at-zurich-zoo-hatches-9-adorable-babies</topic_url>
<topic_text>

They&apos;ll soon be 220 pounds like their mother, but for now, these tortoises are adorably small. Courtesy Zurich Zoo/Samuel Furrer 
Nigrita and one of the hatchlings. 
Get ready for your Thursday morning squ : After making history as the first Galápagos tortoise in Zurich in 1946, Nigrita has now gifted one German zoo nine new baby tortoises. Herself born in the 1930s, Nigrita laid the eggs last fall, and her latest batch of hatchlings will join their brothers and sisters at zoos around the world. As the only institution in Europe to have successfully bred Galapagos tortoises in captivity, the Zurich Zoo houses 19 young turtles from a few days old to eight years, alongside 80-year-old Nigrita and the father of her baby tortoises, Jumbo (who weighs a measly 440 pounds). 
Galápagos tortoises can live for up to 150 years, and, at 80, Nigrita is in her egg-laying prime. Each time she lays eggs, zookeepers dig them up and put them in a temperature-controlled incubator, to ensure healthy growth. Since she started producing hatchlings, Nigrita has laid around 300 eggs and hatched 91 babies. Courtesy Zurich Zoo/Samuel Furrer 
80-year-old Nigrita and her newest baby turtles at the Zurich Zoo. Courtesy Zurich Zoo/Corinne Invernizzi 
</topic_text>
<spam_score>0.00</spam_score>
<post_num>1</post_num>
<post_id>post-1</post_id>
<post_url>http://www.cntraveler.com/stories/2016-05-12/giant-tortoise-at-zurich-zoo-hatches-9-adorable-babies</post_url>
<post_date>20160512</post_date>
<post_time></post_time>
<username>Meredith Carey Meredith Carey Is The Digital Editorial Assistant For Cond</username>
<post>

They&apos;ll soon be 220 pounds like their mother, but for now, these tortoises are adorably small. Courtesy Zurich Zoo/Samuel Furrer 
Nigrita and one of the hatchlings. 
Get ready for your Thursday morning squ : After making history as the first Galápagos tortoise in Zurich in 1946, Nigrita has now gifted one German zoo nine new baby tortoises. Herself born in the 1930s, Nigrita laid the eggs last fall, and her latest batch of hatchlings will join their brothers and sisters at zoos around the world. As the only institution in Europe to have successfully bred Galapagos tortoises in captivity, the Zurich Zoo houses 19 young turtles from a few days old to eight years, alongside 80-year-old Nigrita and the father of her baby tortoises, Jumbo (who weighs a measly 440 pounds). 
Galápagos tortoises can live for up to 150 years, and, at 80, Nigrita is in her egg-laying prime. Each time she lays eggs, zookeepers dig them up and put them in a temperature-controlled incubator, to ensure healthy growth. Since she started producing hatchlings, Nigrita has laid around 300 eggs and hatched 91 babies. Courtesy Zurich Zoo/Samuel Furrer 
80-year-old Nigrita and her newest baby turtles at the Zurich Zoo. Courtesy Zurich Zoo/Corinne Invernizzi 
</post>
<signature>

</signature>
<external_links>

</external_links>
<country>US</country>
<main_image>http://media.cntraveler.com/photos/57348b44225596e31ceba3bf/master/pass/cr-zurich-zoo-turtle2-Samuel-Furrer.jpg</main_image>
</document>
