<?xml version="1.0" encoding="UTF-8"?>
<document>
<type>mainstream</type>
<forum>https://feeds.feedblitz.com/detroit/home</forum>
<forum_title>Detroit News - Home</forum_title>
<discussion_title>B-52s, Patti LaBelle and more to headline River Days</discussion_title>
<language>english</language>
<gmt_offset></gmt_offset>
<topic_url>http://www.detroitnews.com/story/entertainment/music/2016/05/12/patti-labelle-headline-river-days/84276456/</topic_url>
<topic_text>
SWV, Mint Condition and Jeffrey Osborne will also play the festival, June 24-26 New wave party band the B-52s will perform at River Days on June 24 (Photo: Pieter M. Van Hattem) 
3 CONNECT TWEET 1 LINKEDIN COMMENT EMAIL MORE Powerhouse singers in new wave, pop, R&amp;B and soul will headline at this year’s GM River Days festival on the Detroit Riverfront.
New wave party band the B-52s will headline on the Quicken Loans National Stage June 24. R&amp;B singer and pie entrepreneur Patti LaBelle and ’90s R&amp;B girl group SWV are set for June 25.
Mint Condition and Jeffrey Osborne will close out the three day festival with more R&amp;B on June 26.
More than 40 local bands and performers will also perform the 10th annual river front event; that line up will be announced later. Besides live music, River Days boasts a carnival, jet ski performers, United States Coast Guard Auxiliary demos, tours of the Appledore IV Tall Ship, Diamond Jack river tours, an air show with the Tuskegee Airmen National Historical Museum, a zip line and more.
The event, which reaches from the William G. Milliken State Park to just past the Renaissance Center, requires a $3-$5 admission. There is free admission from 11 a.m.-5 p.m. on June 24. For the concerts, VIP seating is available for $35 and includes admission.
Festival hours are 11 a.m.-10 p.m. all three days. Visit RiverDays.com for tickets.
mbaetens@detroitnews.com 
(313) 222-2402 
Twitter: @melodybaetens
</topic_text>
<spam_score>0.00</spam_score>
<post_num>1</post_num>
<post_id>post-1</post_id>
<post_url>http://www.detroitnews.com/story/entertainment/music/2016/05/12/patti-labelle-headline-river-days/84276456/</post_url>
<post_date>20160512</post_date>
<post_time>1103</post_time>
<username>detroitnews.com</username>
<post>
SWV, Mint Condition and Jeffrey Osborne will also play the festival, June 24-26 New wave party band the B-52s will perform at River Days on June 24 (Photo: Pieter M. Van Hattem) 
3 CONNECT TWEET 1 LINKEDIN COMMENT EMAIL MORE Powerhouse singers in new wave, pop, R&amp;B and soul will headline at this year’s GM River Days festival on the Detroit Riverfront.
New wave party band the B-52s will headline on the Quicken Loans National Stage June 24. R&amp;B singer and pie entrepreneur Patti LaBelle and ’90s R&amp;B girl group SWV are set for June 25.
Mint Condition and Jeffrey Osborne will close out the three day festival with more R&amp;B on June 26.
More than 40 local bands and performers will also perform the 10th annual river front event; that line up will be announced later. Besides live music, River Days boasts a carnival, jet ski performers, United States Coast Guard Auxiliary demos, tours of the Appledore IV Tall Ship, Diamond Jack river tours, an air show with the Tuskegee Airmen National Historical Museum, a zip line and more.
The event, which reaches from the William G. Milliken State Park to just past the Renaissance Center, requires a $3-$5 admission. There is free admission from 11 a.m.-5 p.m. on June 24. For the concerts, VIP seating is available for $35 and includes admission.
Festival hours are 11 a.m.-10 p.m. all three days. Visit RiverDays.com for tickets.
mbaetens@detroitnews.com 
(313) 222-2402 
Twitter: @melodybaetens
</post>
<signature>

</signature>
<external_links>

</external_links>
<country>US</country>
<main_image>http://www.gannett-cdn.com/-mm-/f7992f974a910dce1cf1c79182cdbac741bb6fa0/c=0-186-1365-954&amp;amp;r=x633&amp;amp;c=1200x630/local/-/media/2016/05/12/DetroitNews/B99393351Z.1_20160512104638_000_GKIUGOOH.1-0.jpg</main_image>
</document>
