<?xml version="1.0" encoding="UTF-8"?>
<document>
<type>mainstream</type>
<forum>http://lb.ua/export/rss.xml</forum>
<forum_title>LB.ua</forum_title>
<discussion_title>НАБУ оправдало Кононенко</discussion_title>
<language>russian</language>
<gmt_offset></gmt_offset>
<topic_url>http://lb.ua/news/2016/05/12/334971_nabu_opravdalo_kononenko_.html</topic_url>
<topic_text>
Кононенко восстановили в должности первого замглавы БПП 
Заявления Абромавичуса не подтвердились, утверждают в антикоррупционной прокуратуре. 
Национальное антикоррупционное бюро не нашло подтверждений того, что нардеп Игорь Кононенко оказывал незаконное влияние на экс-министра экономики Айвараса Абромавичуса . 
Об этом сообщается в письме и.о. руководителя Специализированной антикоррупционной прокуратуры (работает в спайке с НАБУ) Максима Грищука в адрес главы фракции БПП Юрия Луценко. Письмо обнародовано на сайте фракции. 
&quot;Утверждения А.Абромавичуса, высказанные для прессы, относительно совершения на него также незаконного влияния со стороны народного депутата Украины Кононенко И.В. своего подтверждения не нашли. Показания заявителя по этому поводу относительно фактических [действий], при которых, по его мнению, оказывалось давление, не подтверждают его высказывания в заявлении для прессы. Кроме этого, такие факты полностью отрицают как Кононенко И.В., так и Пасишник А.П., они не подтверждаются собранными материалами&quot;, - отмечено в документе. 
При этом НАБУ продолжает расследовать заявления Абромавичуса о давлении других лиц. 
&quot;Для проверки других обстоятельств, указанных А.Абромавичусом, при которых, по его мнению, на него оказывали давление другие лица, препятствуя занятию служебной деятельностью, выделено отдельное уголовное производство&quot;, - сказано в письме. 
Напомним, БПП утром в четверг восстановила Кононенко на посту первого заместителя председателя фракции. 
3 февраля Абромавичус подал в отставку, обвинив одного из лидеров БПП Игоря Кононенко в попытке подмять под себя ведомство, назначив подконтрольного замминистра. Абромавичус также рассказал, что Кононенко лоббировал свои интересы через нардепа Геннадия Чекиту. 
Позже Абромавичус назвал имя человека, которого ему &quot;настоятельно рекомендовали&quot; в качестве заместителя. Им оказался исполнительный директор &quot;Нафтогаза&quot; Андрей Пасишник. При этом фамилию человека из Администрации президента, который просил внести кандидатуру Пасишника на утверждение, Абромавичус назвать отказался. 
Сам Пасишник заявил, что действительно предлагал свою кандидатуру на должность замминистра экономики, но ему отказали. 
4 февраля Кононенко сложил с себя полномочия первого заместителя главы фракции БПП на период расследования НАБУ заявлений Абромавичуса. 
В середине апреля НАБУ направило в суд обвинительный акт в уголовном производстве по факту незаконного влияния Пасишника на Абромавичуса. При этом сообщалось, что заявления Абромавичуса о давлении со стороны других лиц продолжают расследоваться в рамках отдельного уголовного производства. &lt;&gt;
</topic_text>
<spam_score>0.00</spam_score>
<post_num>1</post_num>
<post_id>post-1</post_id>
<post_url>http://lb.ua/news/2016/05/12/334971_nabu_opravdalo_kononenko_.html</post_url>
<post_date>20160512</post_date>
<post_time>0657</post_time>
<username>info@lb.ua (LB.ua)</username>
<post>
Кононенко восстановили в должности первого замглавы БПП 
Заявления Абромавичуса не подтвердились, утверждают в антикоррупционной прокуратуре. 
Национальное антикоррупционное бюро не нашло подтверждений того, что нардеп Игорь Кононенко оказывал незаконное влияние на экс-министра экономики Айвараса Абромавичуса . 
Об этом сообщается в письме и.о. руководителя Специализированной антикоррупционной прокуратуры (работает в спайке с НАБУ) Максима Грищука в адрес главы фракции БПП Юрия Луценко. Письмо обнародовано на сайте фракции. 
&quot;Утверждения А.Абромавичуса, высказанные для прессы, относительно совершения на него также незаконного влияния со стороны народного депутата Украины Кононенко И.В. своего подтверждения не нашли. Показания заявителя по этому поводу относительно фактических [действий], при которых, по его мнению, оказывалось давление, не подтверждают его высказывания в заявлении для прессы. Кроме этого, такие факты полностью отрицают как Кононенко И.В., так и Пасишник А.П., они не подтверждаются собранными материалами&quot;, - отмечено в документе. 
При этом НАБУ продолжает расследовать заявления Абромавичуса о давлении других лиц. 
&quot;Для проверки других обстоятельств, указанных А.Абромавичусом, при которых, по его мнению, на него оказывали давление другие лица, препятствуя занятию служебной деятельностью, выделено отдельное уголовное производство&quot;, - сказано в письме. 
Напомним, БПП утром в четверг восстановила Кононенко на посту первого заместителя председателя фракции. 
3 февраля Абромавичус подал в отставку, обвинив одного из лидеров БПП Игоря Кононенко в попытке подмять под себя ведомство, назначив подконтрольного замминистра. Абромавичус также рассказал, что Кононенко лоббировал свои интересы через нардепа Геннадия Чекиту. 
Позже Абромавичус назвал имя человека, которого ему &quot;настоятельно рекомендовали&quot; в качестве заместителя. Им оказался исполнительный директор &quot;Нафтогаза&quot; Андрей Пасишник. При этом фамилию человека из Администрации президента, который просил внести кандидатуру Пасишника на утверждение, Абромавичус назвать отказался. 
Сам Пасишник заявил, что действительно предлагал свою кандидатуру на должность замминистра экономики, но ему отказали. 
4 февраля Кононенко сложил с себя полномочия первого заместителя главы фракции БПП на период расследования НАБУ заявлений Абромавичуса. 
В середине апреля НАБУ направило в суд обвинительный акт в уголовном производстве по факту незаконного влияния Пасишника на Абромавичуса. При этом сообщалось, что заявления Абромавичуса о давлении со стороны других лиц продолжают расследоваться в рамках отдельного уголовного производства. &lt;&gt;
</post>
<signature>

</signature>
<external_links>

</external_links>
<country>UA</country>
<main_image>http://i.lb.ua/055/35/573429d48dc31.jpeg</main_image>
</document>
