<?xml version="1.0" encoding="UTF-8"?>
<document>
<type>mainstream</type>
<forum></forum>
<forum_title></forum_title>
<discussion_title>Un millar de escolares en el Clarinetarium . Las Provincias</discussion_title>
<language>spanish</language>
<gmt_offset></gmt_offset>
<topic_url>http://www.lasprovincias.es/elche/201605/11/millar-escolares-clarinetarium-20160511013255-v.html</topic_url>
<topic_text>
Aceptar s de la historia de la música y descubre de forma lúdica los secretos del clarinete 
n con el Ayuntamiento, el espectáculo familiar &apos;Clarinetarium&apos;, al que asistirán entre ayer y hoy un millar de escolares de infantil y primaria&apos;. Creado e interpretado por el grupo Ensemble Una Cosa Rara, propone un viaje a través de la historia de la música y descubre de forma lúdica los secretos del clarinete. s lo m 
</topic_text>
<spam_score>0.00</spam_score>
<post_num>1</post_num>
<post_id>post-1</post_id>
<post_url>http://www.lasprovincias.es/elche/201605/11/millar-escolares-clarinetarium-20160511013255-v.html</post_url>
<post_date>20160511</post_date>
<post_time></post_time>
<username>R.E.</username>
<post>
Aceptar s de la historia de la música y descubre de forma lúdica los secretos del clarinete 
n con el Ayuntamiento, el espectáculo familiar &apos;Clarinetarium&apos;, al que asistirán entre ayer y hoy un millar de escolares de infantil y primaria&apos;. Creado e interpretado por el grupo Ensemble Una Cosa Rara, propone un viaje a través de la historia de la música y descubre de forma lúdica los secretos del clarinete. s lo m 
</post>
<signature>

</signature>
<external_links>

</external_links>
<country>ES</country>
<main_image>http://www.lasprovincias.es/img/2014/logoC-200.png</main_image>
</document>
