<?xml version="1.0" encoding="UTF-8"?>
<document>
<type>mainstream</type>
<forum>http://www.mv-online.de/feed/18-lokales.xml</forum>
<forum_title>Lokales</forum_title>
<discussion_title>Wem gehören diese Geldkassetten?</discussion_title>
<language>german</language>
<gmt_offset></gmt_offset>
<topic_url>http://www.mv-online.de/lokales/kreis-steinfurt_artikel,-Wem-gehoeren-diese-Geldkassetten-_arid,590547.html</topic_url>
<topic_text>
12.05.2016 Wem gehören diese Geldkassetten? Zwei Geldkassetten, die vermutlich aus einer Straftat stammen, haben Zeugen jetzt in der Steinfurter Aa entdeckt. Die Polizei ermittelt und bittet um Hinweise zur Herkunft der beiden Geldkassetten. 552820 
Am Dienstag übergab ein Zeuge der Polizei zwei Geldkassetten, die er gegen 13.30 Uhr in der Steinfurter Aa in Höhe der Terbergerstraße gefunden hatte. Die Kassetten wurden gewaltsam geöffnet. Sie stammen vermutlich aus einer Straftat und wurden in der Aa entsorgt, schreibt die Polizei in einer Pressemitteilung. 
Bei einer der Kassetten handelt es sich um eine gewöhnliche weiße Geldkassette. Die andere Kassette ist in grau gehalten und dürfte aus einem Automaten stammen. Die Polizei kann beide Geldbehältnisse derzeit nicht zuordnen. Es werden Zeugen gesucht, die nähere Angaben zu den Fundstücken machen können. 
Hinweise bitte an die Polizei in Steinfurt unter Telefon 02551/15-4115. Artikel bewerten
</topic_text>
<spam_score>0.00</spam_score>
<post_num>1</post_num>
<post_id>post-1</post_id>
<post_url>http://www.mv-online.de/lokales/kreis-steinfurt_artikel,-Wem-gehoeren-diese-Geldkassetten-_arid,590547.html</post_url>
<post_date>20160512</post_date>
<post_time>1330</post_time>
<username></username>
<post>
12.05.2016 Wem gehören diese Geldkassetten? Zwei Geldkassetten, die vermutlich aus einer Straftat stammen, haben Zeugen jetzt in der Steinfurter Aa entdeckt. Die Polizei ermittelt und bittet um Hinweise zur Herkunft der beiden Geldkassetten. 552820 
Am Dienstag übergab ein Zeuge der Polizei zwei Geldkassetten, die er gegen 13.30 Uhr in der Steinfurter Aa in Höhe der Terbergerstraße gefunden hatte. Die Kassetten wurden gewaltsam geöffnet. Sie stammen vermutlich aus einer Straftat und wurden in der Aa entsorgt, schreibt die Polizei in einer Pressemitteilung. 
Bei einer der Kassetten handelt es sich um eine gewöhnliche weiße Geldkassette. Die andere Kassette ist in grau gehalten und dürfte aus einem Automaten stammen. Die Polizei kann beide Geldbehältnisse derzeit nicht zuordnen. Es werden Zeugen gesucht, die nähere Angaben zu den Fundstücken machen können. 
Hinweise bitte an die Polizei in Steinfurt unter Telefon 02551/15-4115. Artikel bewerten
</post>
<signature>

</signature>
<external_links>

</external_links>
<country>DE</country>
<main_image>http://www.mv-online.de/cms_media/module_img/1105/552820_1_articledetail_2_kassetten.jpg</main_image>
</document>
