<?xml version="1.0" encoding="UTF-8"?>
<document>
<type>mainstream</type>
<forum>http://france3-regions.francetvinfo.fr/patrimoine/rss</forum>
<forum_title>France 3 Régions - patrimoine</forum_title>
<discussion_title>La porcelaine de Limoges, à la 4ème place du Bocuse d’Or</discussion_title>
<language>french</language>
<gmt_offset></gmt_offset>
<topic_url>http://france3-regions.francetvinfo.fr/limousin/haute-vienne/la-porcelaine-de-limoges-la-4eme-place-du-bocuse-d-or-996019.html</topic_url>
<topic_text>
Haute-Vienne La porcelaine de Limoges, à la 4ème place du Bocuse d’Or 
Le chef catalan Laurent Lemal est arrivé à la 4ème place, lors de la finale européenne du Bocuse d’Or à Budapest. Ses plats reposaient sur de la porcelaine de Linards, dessinée par Sylvie Coquet. Par Gwendolina Duval 12 mai 2016 à 15:28 , mis à jour le 12 mai 2016 à 15:49 © F3 Limousin Le chef français Laurent Lemal occupe la 4ème place de la finale européenne du Bocuse d’or , derrière la Hongrie, la Norvège et la Suède. Il a même obtenu la première position pour le plat de viande. Cette place lui permet d’être qualifié pour le concours mondial. Il représentera la France au Bocuse d’or qui se déroule à Lyon en 2017. Lors du concours, toute sa présentation reposait sur de la porcelaine de la région. Sur le thème du cerf, les créations originales ont été dessinées par Sylvie Coquet. Fabriquées dans l’atelier de Linards en Haute-Vienne, quatre-vingt-dix pièces ont été réalisées en moins de deux mois. L&apos;une d&apos;entre elles est un un plateau de 65 cm de diamètre en forme de cor de chasse.
</topic_text>
<spam_score>0.00</spam_score>
<post_num>1</post_num>
<post_id>post-1</post_id>
<post_url>http://france3-regions.francetvinfo.fr/limousin/haute-vienne/la-porcelaine-de-limoges-la-4eme-place-du-bocuse-d-or-996019.html</post_url>
<post_date>20160512</post_date>
<post_time>1328</post_time>
<username>Gwendolina Duval</username>
<post>
Haute-Vienne La porcelaine de Limoges, à la 4ème place du Bocuse d’Or 
Le chef catalan Laurent Lemal est arrivé à la 4ème place, lors de la finale européenne du Bocuse d’Or à Budapest. Ses plats reposaient sur de la porcelaine de Linards, dessinée par Sylvie Coquet. Par Gwendolina Duval 12 mai 2016 à 15:28 , mis à jour le 12 mai 2016 à 15:49 © F3 Limousin Le chef français Laurent Lemal occupe la 4ème place de la finale européenne du Bocuse d’or , derrière la Hongrie, la Norvège et la Suède. Il a même obtenu la première position pour le plat de viande. Cette place lui permet d’être qualifié pour le concours mondial. Il représentera la France au Bocuse d’or qui se déroule à Lyon en 2017. Lors du concours, toute sa présentation reposait sur de la porcelaine de la région. Sur le thème du cerf, les créations originales ont été dessinées par Sylvie Coquet. Fabriquées dans l’atelier de Linards en Haute-Vienne, quatre-vingt-dix pièces ont été réalisées en moins de deux mois. L&apos;une d&apos;entre elles est un un plateau de 65 cm de diamètre en forme de cor de chasse.
</post>
<signature>

</signature>
<external_links>

</external_links>
<country>FR</country>
<main_image>http://france3-regions.francetvinfo.fr/limousin/sites/regions_france3/files/styles/top_big/public/assets/images/2016/05/12/bocuse_d_or-00_01_57_04.jpg?itok=bZYKjVR2</main_image>
</document>
