<?xml version="1.0" encoding="UTF-8"?>
<document>
<type>mainstream</type>
<forum></forum>
<forum_title></forum_title>
<discussion_title>Solicitan penas de cárcel por vender cedés piratas . Las Provincias</discussion_title>
<language>spanish</language>
<gmt_offset></gmt_offset>
<topic_url>http://www.lasprovincias.es/alicante/201605/11/solicitan-penas-carcel-vender-20160511013229-v.html</topic_url>
<topic_text>
Aceptar árcel por vender cedés piratas 01:32 
ños de prisión y a la expulsión del país, por residir de forma ilegal. Así lo recoge Ministerio Público en su escrito provisional de acusación contra los siete procesados por fabricar casi mil deuvedés y 1.700 cedés con música, películas y videojuegos copiados, artículos de los que intervino la fuerza policial en los registros efectuados en 2004 a los tres domicilios de Alicante desde los que supuestamente operaban. El cabecilla se encargaba de repartir las tareas y el material para duplicar el contenido y ponerlo a la venta en el mercado negro. Además de los discos, los agentes decomisaron ropa de marca y gafas. ás 
</topic_text>
<spam_score>0.00</spam_score>
<post_num>1</post_num>
<post_id>post-1</post_id>
<post_url>http://www.lasprovincias.es/alicante/201605/11/solicitan-penas-carcel-vender-20160511013229-v.html</post_url>
<post_date>20160511</post_date>
<post_time></post_time>
<username>L. C.</username>
<post>
Aceptar árcel por vender cedés piratas 01:32 
ños de prisión y a la expulsión del país, por residir de forma ilegal. Así lo recoge Ministerio Público en su escrito provisional de acusación contra los siete procesados por fabricar casi mil deuvedés y 1.700 cedés con música, películas y videojuegos copiados, artículos de los que intervino la fuerza policial en los registros efectuados en 2004 a los tres domicilios de Alicante desde los que supuestamente operaban. El cabecilla se encargaba de repartir las tareas y el material para duplicar el contenido y ponerlo a la venta en el mercado negro. Además de los discos, los agentes decomisaron ropa de marca y gafas. ás 
</post>
<signature>

</signature>
<external_links>

</external_links>
<country>ES</country>
<main_image>http://www.lasprovincias.es/img/2014/logoC-200.png</main_image>
</document>
