<?xml version="1.0" encoding="UTF-8"?>
<document>
<type>mainstream</type>
<forum></forum>
<forum_title></forum_title>
<discussion_title>موس چیست و چه کاربردهایی دارد | vipmode | وی آی پی مد</discussion_title>
<language>persian</language>
<gmt_offset></gmt_offset>
<topic_url>http://vipmode.ir/1395/02/23/%d9%85%d9%88%d8%b3-%da%86%db%8c%d8%b3%d8%aa-%d9%88-%da%86%d9%87-%da%a9%d8%a7%d8%b1%d8%a8%d8%b1%d8%af%d9%87%d8%a7%db%8c%db%8c-%d8%af%d8%a7%d8%b1%d8%af-11/</topic_url>
<topic_text>
0 6 بازدید گاهی از مدل موهایمان خسته می شویم و تلاش می کنیم حالت یا مدل آن را تغییر دهیم. شکل دادن به مو تاریخچه ای بسیار طولانی به قدمت دوران باستان دارد. در آن دوران از استوانه های فلزی، روغن ها و مواد معطر برای این منظور استفاده می شد، اما امروزه فرآورده های گوناگونی تولید شده که همواره بخشی از در آمد ما صرف خریداری آنها می شود. 
* این حالت دهنده های عزیزژل، اسپری، موس، فوم ، کرم، واکس و … نام هایی که در بالا به آن اشاره شد، برای خانم ها و آقایانی که موهایشان بر خلاف جاذبه زمین در هیچ جهت دیگری قرار نمی گیرد! وآنها که موهایشان همیشه داخل صورتشان است و در جستجوی راهی هستند که مویشان را به سمت بالا شانه وآن را در همان مکان تثبیت کنند، نام هائی بسیار آشنا هستند. 
* موس چیست؟موس یا فوم یکی از محصولات شکل دهنده مو به شمار می آید که به شکل کف کرم مانند از بطری خارج می شود. 
مواد تشکیل دهنده این فراورده، شبیه ژل موست با این تفاوت که در قوطی های تحت فشار عرضه می شود و در ترکیب آن علاوه بر مواد فعال مقدار اندکی ماده پیشران وجود دارد که وظیفه خارج کردن ماده و ایجاد کف را دارد. این کف به وسیله شانه روی مو پخش می شود. 
موس لایه نازک تری نسبت به ژل بر روی مو برجای می گذارد. در عوض قدرت نگه داری کمتر و توانایی کمتری در شکل دادن به مو دارد و فرد در موقع استفاده از موس نسبت به ژل احساس مطبوع تری دارد. 
موس ها در واقع برای قوام و ضخامت دادن به مو در نظر گرفته شده اند و بیشتر به همراه سشوار استفاده می شوند. 
اگر موهایی مجعد و فر دارید… 
مسلما شما دوست دارید فر موهای تان را کاملا کنترل کنید، مخصوصا زمانی که رطوبت یا گرمای هوا بر کوتیکول های مو تاثیر می گذارند و موها وز و پف کرده می شوند. خودتان بهتر می دانید هیچ چیز بدتر از موهای وز کرده نیست چون نه تنها موها حالتی ندارند بلکه شاید بتوان گفت زیبایی چهره را نیز کاهش می دهند. 
راه دیگر این که برای حالت دهی و قوام بیشتر قبل از مصرف خوب تکان دهید. قوطی را سر و ته کرده، مقداری از موس رادر کف دست خود اسپری کرده، سپس به موهای خشک یا مرطوب بزنید. برای افزایش پوشش از گرمای سشوار استفاده کنید 
همچنین موهای فر، بیشتر مستعد خشک شدن و آسیب پذیرتر شدن هستند، به همین دلیل است که موهای فر به نرم کننده و حالت دهنده قوی تری نیاز دارند تا بتوانند نرمی خود را حفظ کنند و کمتر دچار وز شوند.اگر شما جزء آن دسته افرادی هستید که وقت سشوار کشیدن و یا استفاده از بیگودی را ندارند، به یکباره حمام رفته و می خواهند که سریعتر موهای خود را آرایش کنند، پیشنهاد ما برای این شما استفاده از موس می باشد. 
کاربرد موس مو 
با توجه به نوع موها و نیازتان، موس مناسب تهیه فرمایید روش مصرف : پیش از خشک کردن، موس را به موهای تان بزنید، سپس از ریشه تا نوک مو را در حرکاتی رو به پایین خشک کنید تا کوتیکول های مو خوابیده و درخشش بیشتری حاصل شود. از رموز خشک کردن مو آن است که در هنگام خشک کردن، موهای خشک را محکم در دست گرفته، سر سشوار را رو به پایین، یعنی دور از پوست سر، نگه داشته و باد سرد به موها بزنید؛ این کار کوتیکول های مو را خوابانده نهایت درخشش مو حاصل می شود. 
راه دیگر این که برای حالت دهی و قوام بیشتر قبل از مصرف خوب تکان دهید. قوطی را سر و ته کرده، مقداری از موس رادر کف دست خود اسپری کرده، سپس به موهای خشک یا مرطوب بزنید. برای افزایش پوشش از گرمای سشوار استفاده کنید. 
اگر موهایی بدون حالت دارید…موهای شما درست نقطه مقابل موهای وز است، به محض اینکه شما کمی در هوای گرم یا مرطوب قدم بزنید یا کمی عرق کنید، موهای تان حالت خود را از دست می دهد و صاف و بدون حالت روی گردن تان می ریزد و به راحتی تمام حالتی را که با کلی دردسر به آنها داده اید از دست می دهند. برای برطرف شدن این مشکل ،بعد از شستن موها، موهای بالای سرتان را بلند کنید و مقداری موس را به طور مستقیم به ریشه های نم دار موهای تان بمالید، موس را مثل شامپو روی سر ماساژ دهید سپس موها را رها کنید، بلافاصله موها را با سشوار خشک کنید، وقتی موها را فقط با سشوار خشک کنید آنها کاملا صاف باقی می مانند. اگر می خواهید موها کمی حالت داشته باشند باید با یک برس گرد موها را کمی پف دهید و سشوار را از بالا به پایین بگیرید. 
موس ها برای مقاصد مختلفی طراحی و ساخت شده که طبقه بندی آن توسط تولید کننده و سازنده آن انجام می گردد مثلا موس ها یا همان فوم های شرکت های مختلف به صورت زیر طبقه بندی شده است:نگهدارنده نرمال، Normal holdنگهدارنده قوی،Extra strong holdنگهدارنده فوق العاده قوی ،Ultra strong holdحجم دهنده، Hold and volume for fine hairموس برای موی آسیب دیده، Hold and protection for coloured hairموس برای موی رنگ شده Hold and care for damaged hairموس برای موهای مواج Styling for curly/wavy hairموس صاف کنندهGet straight smoothing mousseموس حجم دهنده Volumizing mousseموس برای موی رنگ شده Radiant response mousseموس برای موی فردارCurl scrunching mousseموس برای موهای معمولی In control shaping mousseموس برای موهای نازک Extra fullness mousse 
می توانید با توجه به نوع موها و نیازتان، موس مناسب تهیه فرمایید و موهایتان را آنگونه که می پسندید، آرایش کنید. 
</topic_text>
<spam_score>0.00</spam_score>
<post_num>1</post_num>
<post_id>post-1</post_id>
<post_url>http://vipmode.ir/1395/02/23/%d9%85%d9%88%d8%b3-%da%86%db%8c%d8%b3%d8%aa-%d9%88-%da%86%d9%87-%da%a9%d8%a7%d8%b1%d8%a8%d8%b1%d8%af%d9%87%d8%a7%db%8c%db%8c-%d8%af%d8%a7%d8%b1%d8%af-11/</post_url>
<post_date>20160512</post_date>
<post_time></post_time>
<username></username>
<post>
0 6 بازدید گاهی از مدل موهایمان خسته می شویم و تلاش می کنیم حالت یا مدل آن را تغییر دهیم. شکل دادن به مو تاریخچه ای بسیار طولانی به قدمت دوران باستان دارد. در آن دوران از استوانه های فلزی، روغن ها و مواد معطر برای این منظور استفاده می شد، اما امروزه فرآورده های گوناگونی تولید شده که همواره بخشی از در آمد ما صرف خریداری آنها می شود. 
* این حالت دهنده های عزیزژل، اسپری، موس، فوم ، کرم، واکس و … نام هایی که در بالا به آن اشاره شد، برای خانم ها و آقایانی که موهایشان بر خلاف جاذبه زمین در هیچ جهت دیگری قرار نمی گیرد! وآنها که موهایشان همیشه داخل صورتشان است و در جستجوی راهی هستند که مویشان را به سمت بالا شانه وآن را در همان مکان تثبیت کنند، نام هائی بسیار آشنا هستند. 
* موس چیست؟موس یا فوم یکی از محصولات شکل دهنده مو به شمار می آید که به شکل کف کرم مانند از بطری خارج می شود. 
مواد تشکیل دهنده این فراورده، شبیه ژل موست با این تفاوت که در قوطی های تحت فشار عرضه می شود و در ترکیب آن علاوه بر مواد فعال مقدار اندکی ماده پیشران وجود دارد که وظیفه خارج کردن ماده و ایجاد کف را دارد. این کف به وسیله شانه روی مو پخش می شود. 
موس لایه نازک تری نسبت به ژل بر روی مو برجای می گذارد. در عوض قدرت نگه داری کمتر و توانایی کمتری در شکل دادن به مو دارد و فرد در موقع استفاده از موس نسبت به ژل احساس مطبوع تری دارد. 
موس ها در واقع برای قوام و ضخامت دادن به مو در نظر گرفته شده اند و بیشتر به همراه سشوار استفاده می شوند. 
اگر موهایی مجعد و فر دارید… 
مسلما شما دوست دارید فر موهای تان را کاملا کنترل کنید، مخصوصا زمانی که رطوبت یا گرمای هوا بر کوتیکول های مو تاثیر می گذارند و موها وز و پف کرده می شوند. خودتان بهتر می دانید هیچ چیز بدتر از موهای وز کرده نیست چون نه تنها موها حالتی ندارند بلکه شاید بتوان گفت زیبایی چهره را نیز کاهش می دهند. 
راه دیگر این که برای حالت دهی و قوام بیشتر قبل از مصرف خوب تکان دهید. قوطی را سر و ته کرده، مقداری از موس رادر کف دست خود اسپری کرده، سپس به موهای خشک یا مرطوب بزنید. برای افزایش پوشش از گرمای سشوار استفاده کنید 
همچنین موهای فر، بیشتر مستعد خشک شدن و آسیب پذیرتر شدن هستند، به همین دلیل است که موهای فر به نرم کننده و حالت دهنده قوی تری نیاز دارند تا بتوانند نرمی خود را حفظ کنند و کمتر دچار وز شوند.اگر شما جزء آن دسته افرادی هستید که وقت سشوار کشیدن و یا استفاده از بیگودی را ندارند، به یکباره حمام رفته و می خواهند که سریعتر موهای خود را آرایش کنند، پیشنهاد ما برای این شما استفاده از موس می باشد. 
کاربرد موس مو 
با توجه به نوع موها و نیازتان، موس مناسب تهیه فرمایید روش مصرف : پیش از خشک کردن، موس را به موهای تان بزنید، سپس از ریشه تا نوک مو را در حرکاتی رو به پایین خشک کنید تا کوتیکول های مو خوابیده و درخشش بیشتری حاصل شود. از رموز خشک کردن مو آن است که در هنگام خشک کردن، موهای خشک را محکم در دست گرفته، سر سشوار را رو به پایین، یعنی دور از پوست سر، نگه داشته و باد سرد به موها بزنید؛ این کار کوتیکول های مو را خوابانده نهایت درخشش مو حاصل می شود. 
راه دیگر این که برای حالت دهی و قوام بیشتر قبل از مصرف خوب تکان دهید. قوطی را سر و ته کرده، مقداری از موس رادر کف دست خود اسپری کرده، سپس به موهای خشک یا مرطوب بزنید. برای افزایش پوشش از گرمای سشوار استفاده کنید. 
اگر موهایی بدون حالت دارید…موهای شما درست نقطه مقابل موهای وز است، به محض اینکه شما کمی در هوای گرم یا مرطوب قدم بزنید یا کمی عرق کنید، موهای تان حالت خود را از دست می دهد و صاف و بدون حالت روی گردن تان می ریزد و به راحتی تمام حالتی را که با کلی دردسر به آنها داده اید از دست می دهند. برای برطرف شدن این مشکل ،بعد از شستن موها، موهای بالای سرتان را بلند کنید و مقداری موس را به طور مستقیم به ریشه های نم دار موهای تان بمالید، موس را مثل شامپو روی سر ماساژ دهید سپس موها را رها کنید، بلافاصله موها را با سشوار خشک کنید، وقتی موها را فقط با سشوار خشک کنید آنها کاملا صاف باقی می مانند. اگر می خواهید موها کمی حالت داشته باشند باید با یک برس گرد موها را کمی پف دهید و سشوار را از بالا به پایین بگیرید. 
موس ها برای مقاصد مختلفی طراحی و ساخت شده که طبقه بندی آن توسط تولید کننده و سازنده آن انجام می گردد مثلا موس ها یا همان فوم های شرکت های مختلف به صورت زیر طبقه بندی شده است:نگهدارنده نرمال، Normal holdنگهدارنده قوی،Extra strong holdنگهدارنده فوق العاده قوی ،Ultra strong holdحجم دهنده، Hold and volume for fine hairموس برای موی آسیب دیده، Hold and protection for coloured hairموس برای موی رنگ شده Hold and care for damaged hairموس برای موهای مواج Styling for curly/wavy hairموس صاف کنندهGet straight smoothing mousseموس حجم دهنده Volumizing mousseموس برای موی رنگ شده Radiant response mousseموس برای موی فردارCurl scrunching mousseموس برای موهای معمولی In control shaping mousseموس برای موهای نازک Extra fullness mousse 
می توانید با توجه به نوع موها و نیازتان، موس مناسب تهیه فرمایید و موهایتان را آنگونه که می پسندید، آرایش کنید. 
</post>
<signature>

</signature>
<external_links>

</external_links>
<country>FR</country>
<main_image></main_image>
</document>
