<?xml version="1.0" encoding="UTF-8"?>
<document>
<type>mainstream</type>
<forum>http://thebricspost.com/feed/rss</forum>
<forum_title>The BRICS Post</forum_title>
<discussion_title>India home to 6 of top 10 cities on planet with dirtiest air: WHO</discussion_title>
<language>english</language>
<gmt_offset></gmt_offset>
<topic_url>http://thebricspost.com/india-home-to-6-of-top-10-cities-on-planet-with-dirtiest-air-who/</topic_url>
<topic_text>
  India home to 6 of top 10 cities on planet with dirtiest air: WHO May 12, 2016, 5:43 am File photo: Smog-filled road in New Delhi [Xinhua] According to the World Health Organisation, six Indian cities feature among the top ten with the worst polluted air.
India’s capital New Delhi was the survey’s ninth worst city, with an annual average PM2.5 measurement of 122, WHO said on Thursday. 
Central Indian cities of Gwalior, Allahabad, Patna and Raipur followed Iranian city of Zabol as the the top five cities with the dirtiest air. Ludhiana and Delhi were also in the top ten. 
Two Chinese cities Xingtai and Baoding were ranked seventh and eight respectively. 
WHO compared a total of 795 cities in 67 countries for levels of small and fine particulate matter (PM 10 and PM 2.5 ) during the five-year period, 2008-2013. 
The report showed that while rich countries improved the state of their air over the same period, poorer nations struggled. 
“The highest urban air pollution levels were experienced in low-and middle-income countries in WHO’s Eastern Mediterranean and South-East Asia Regions, with annual mean levels often exceeding 5-10 times WHO limits, followed by low-income cities in the Western Pacific Region,” the report said. 
“Air pollution is a major cause of disease and death. It is good news that more cities are stepping up to monitor air quality, so when they take actions to improve it they have a benchmark,” says Dr Flavia Bustreo, WHO Assistant-Director General, Family, Women and Children’s Health. “When dirty air blankets our cities the most vulnerable urban populations—the youngest, oldest and poorest—are the most impacted.” 
After endorsing the Paris climate pact, the Indian government is under pressure to limit human and environmental costs linked to fossil-fuel consumption in India, where thermal coal accounts for more than 60 per cent of electricity generation. Toxic emissions from India’s coal-fired power plants have put millions of Indians at various health risks. 
Ambient air pollution, made of high concentrations of small and fine particulate matter, is the greatest environmental risk to health—causing more than 3 million premature deaths worldwide ever year, warns WHO.
</topic_text>
<spam_score>0.00</spam_score>
<post_num>1</post_num>
<post_id>post-1</post_id>
<post_url>http://thebricspost.com/india-home-to-6-of-top-10-cities-on-planet-with-dirtiest-air-who/</post_url>
<post_date>20160512</post_date>
<post_time>0543</post_time>
<username>NewsDesk</username>
<post>
  India home to 6 of top 10 cities on planet with dirtiest air: WHO May 12, 2016, 5:43 am File photo: Smog-filled road in New Delhi [Xinhua] According to the World Health Organisation, six Indian cities feature among the top ten with the worst polluted air.
India’s capital New Delhi was the survey’s ninth worst city, with an annual average PM2.5 measurement of 122, WHO said on Thursday. 
Central Indian cities of Gwalior, Allahabad, Patna and Raipur followed Iranian city of Zabol as the the top five cities with the dirtiest air. Ludhiana and Delhi were also in the top ten. 
Two Chinese cities Xingtai and Baoding were ranked seventh and eight respectively. 
WHO compared a total of 795 cities in 67 countries for levels of small and fine particulate matter (PM 10 and PM 2.5 ) during the five-year period, 2008-2013. 
The report showed that while rich countries improved the state of their air over the same period, poorer nations struggled. 
“The highest urban air pollution levels were experienced in low-and middle-income countries in WHO’s Eastern Mediterranean and South-East Asia Regions, with annual mean levels often exceeding 5-10 times WHO limits, followed by low-income cities in the Western Pacific Region,” the report said. 
“Air pollution is a major cause of disease and death. It is good news that more cities are stepping up to monitor air quality, so when they take actions to improve it they have a benchmark,” says Dr Flavia Bustreo, WHO Assistant-Director General, Family, Women and Children’s Health. “When dirty air blankets our cities the most vulnerable urban populations—the youngest, oldest and poorest—are the most impacted.” 
After endorsing the Paris climate pact, the Indian government is under pressure to limit human and environmental costs linked to fossil-fuel consumption in India, where thermal coal accounts for more than 60 per cent of electricity generation. Toxic emissions from India’s coal-fired power plants have put millions of Indians at various health risks. 
Ambient air pollution, made of high concentrations of small and fine particulate matter, is the greatest environmental risk to health—causing more than 3 million premature deaths worldwide ever year, warns WHO.
</post>
<signature>

</signature>
<external_links>

</external_links>
<country>CA</country>
<main_image>http://thebricspost.com/wp-content/uploads/2016/05/delhi.jpg</main_image>
</document>
