<?xml version="1.0" encoding="UTF-8"?>
<document>
<type>mainstream</type>
<forum>http://www.thewestmorlandgazette.co.uk/leisure/music/whats_on/rss</forum>
<forum_title>The Westmorland Gazette | What&apos;s on</forum_title>
<discussion_title>Prog at the Priory brings YES man Steve Howe to Lancaster</discussion_title>
<language>english</language>
<gmt_offset></gmt_offset>
<topic_url>http://www.thewestmorlandgazette.co.uk/leisure/music/whats_on/14489371.Prog_at_the_Priory_brings_YES_man_Steve_Howe_to_Lancaster/?ref=rss</topic_url>
<topic_text>
Prog at the Priory brings YES man Steve Howe to Lancaster Steve Howe, credit ocad123 0 comments 
AFTER the hugely successful candlelit concerts featuring YES keyboardist Rick Wakeman last year, Lancaster Music Festival will be bringing legendary guitarist Steve Howe to Lancaster Priory on Friday, October 21. 
The YES guitarist, who joined the band in 1970 and first featured on their third record &apos;The Yes Album&apos;, and went onto release 29 studio and live albums with the band in two stints. 
MORE TOP STORIES : BEHIND THE NEWS: Second homes - should Lakes follow Cornwall&apos;s suit? 
He will be performing a candlelit performance as part of a solo UK tour promoting his &apos;Homebrew 6&apos; album. 
The Steve Howe concert will be the final concert of the Prog at the Priory 2016 season, which includes two concerts within the next month. 
On Saturday, May 28, internationally-renowned organist and pianist Marco Lo Muscio and flautist John Hackett, brother of Genesis guitarist Steve, will perform instrumental interpretations of some of the masterpieces from the classic period of progressive rock including tracks by Pink Floyd, Rick Wakeman, ELP and King Crimson. 
The following weekend, on Friday, June 3, Sir Thijs van Leer of legendary Dutch band Focus will perform an acoustic set accompanied by the guitarist of Focus, Menno Gootjes. Share:
</topic_text>
<spam_score>0.00</spam_score>
<post_num>1</post_num>
<post_id>post-1</post_id>
<post_url>http://www.thewestmorlandgazette.co.uk/leisure/music/whats_on/14489371.Prog_at_the_Priory_brings_YES_man_Steve_Howe_to_Lancaster/?ref=rss</post_url>
<post_date>20160512</post_date>
<post_time>1435</post_time>
<username></username>
<post>
Prog at the Priory brings YES man Steve Howe to Lancaster Steve Howe, credit ocad123 0 comments 
AFTER the hugely successful candlelit concerts featuring YES keyboardist Rick Wakeman last year, Lancaster Music Festival will be bringing legendary guitarist Steve Howe to Lancaster Priory on Friday, October 21. 
The YES guitarist, who joined the band in 1970 and first featured on their third record &apos;The Yes Album&apos;, and went onto release 29 studio and live albums with the band in two stints. 
MORE TOP STORIES : BEHIND THE NEWS: Second homes - should Lakes follow Cornwall&apos;s suit? 
He will be performing a candlelit performance as part of a solo UK tour promoting his &apos;Homebrew 6&apos; album. 
The Steve Howe concert will be the final concert of the Prog at the Priory 2016 season, which includes two concerts within the next month. 
On Saturday, May 28, internationally-renowned organist and pianist Marco Lo Muscio and flautist John Hackett, brother of Genesis guitarist Steve, will perform instrumental interpretations of some of the masterpieces from the classic period of progressive rock including tracks by Pink Floyd, Rick Wakeman, ELP and King Crimson. 
The following weekend, on Friday, June 3, Sir Thijs van Leer of legendary Dutch band Focus will perform an acoustic set accompanied by the guitarist of Focus, Menno Gootjes. Share:
</post>
<signature>

</signature>
<external_links>

</external_links>
<country>GB</country>
<main_image>http://www.thewestmorlandgazette.co.uk/resources/images/5056793/</main_image>
</document>
