<?xml version="1.0" encoding="UTF-8"?>
<document>
<type>mainstream</type>
<forum></forum>
<forum_title></forum_title>
<discussion_title>“窜天猴”票价格有望回落趋稳-千龙网·中国首都网</discussion_title>
<language>chinese</language>
<gmt_offset></gmt_offset>
<topic_url>http://finance.qianlong.com/2016/0509/592591.shtml</topic_url>
<topic_text>

176年前的5月6日，英国人罗兰·希尔为改变当时英国不合理的邮费制度，发明了世界上第一批邮票，即著名的“黑便士”邮票。这批邮票票面是黑色，上面印着英国维多利亚女皇的浮雕像，每张面值一便士。 
很快其他国家开始学习英国发行邮票，而且票面印制愈发精美。邮票逐渐成为一种艺术品。1878年7月，清朝政府海关试办邮政，首次发行中国第一套邮票“大龙邮票”，这套邮票共3枚，主图是清皇室的象征——云龙。“大龙邮票”的问世标志着中国邮票正式开始。 
经过近两个世纪的发展和沉淀，中国邮票凭借着票面设计精美、收藏投资价值高等特点备受藏家青睐，并演化为收藏中的一个重要版块。 
广东省集藏投资协会新邮专业委员会主任王立均表示，由于邮票的价格普遍不高，比较亲民，使得受众群体非常广泛，但其中也不乏有价值连城的珍品，“国内的像‘大龙邮票’、‘山河一片红’、‘80年猴票’等五种珍品，国外的‘黑便士邮票’，均处于有价无市的行情。” 
以最近中国邮政在4月23日世界读书日发行的《全民阅读》特种邮票，以及5月5日发行的《二十四节气（二）》特种邮票为例，此类以特殊时间节点发行的特种邮票，票面价格极为亲民，单枚只有1.2元，只能用作收藏，具有纪念意义，但升值空间极小。 
在中国邮政史上，除了较为亲民的普通邮票外，更有对于普通藏家来说可望不可及“五大珍品”邮票。作为中国首枚邮票“大龙邮票”，一整版的大龙邮票就曾在拍卖会上拍出561万元的高价，全套大龙、小龙、蟠龙邮票更是高达2000万元。 
王立均表示，说到五大珍品邮票，不得不提的便是中国首枚生肖猴票。1980年我国发行的庚申年猴票，公开发行500万枚，业内估计实际发行360万枚。30年间，庚申年猴票涨了18万倍，升值速度不但在中国邮票里绝无仅有，在世界邮票中也难找到。 
另外，五大珍品中的1953年发行的“蓝军邮”以及中国第一枚“代用邮票”红印花邮票也曾分别拍出340万元和242万元天价。王立均表示，这些珍品邮票目前存世量非常稀少，量少为王，在日常的集邮市场上很少交易。 
王立均告诉记者，根据目前的记录来看，现有的世界上最贵的邮票应该是英属圭亚那洋红一分票，这枚邮票曾在2014年纽约举行的苏富比拍卖会上亮相，起拍价就已经高达450万美元，并且在2分钟内以948万美元（约5880万元人民币）的价格落槌，创下世界最贵邮票纪录。 
“生肖”系列更受藏家关注 
需要注意的是，上述价格高昂、数量稀少的珍邮，对于普通收藏家来说收藏难度非常大。而对于普通集邮藏家来说，更关注的则是对国人具有特殊意义的生肖邮票，而其中猴票更是备受青睐。 
截至目前，生肖猴票已经发行了4轮，特别是今年1月5日发行的第四轮“丙申年”猴票，发行伊始便受到藏家热捧，价格也不断攀升，被人戏称为“窜天猴”。目前价格虽然略微回落，但依然较其38.4元的面值高出20倍左右。 
有业内人士认为，根据历年生肖猴的表现来看，目前丙申年猴票的行情略微回落是正常情况。“猴票在我国有着广泛的群众基础，无论是在收藏界，还是投资界。邮票都有阶段性和周期性。”以前三轮猴票为例，除了1980年发行的庚申年猴票，大版80枚市场价保持在150万元左右，还有1992年发行的壬申年猴票，发行量2.04亿枚，票面20分/50分，大版32枚目前的市场价在300元左右，涨幅约13倍。2004年发行的甲申年猴票，发行量180万枚，票面80分，小版目前的市场价400元左右，大版在1000元左右，涨幅约80倍。 
该业内人士表示，自己依然看好丙申年猴票行情，“发行单位至今没有公布发行量，而且渠道控制好于以往生肖票，发行节奏控制得当，加上题材好，所以卖点足。” 
不过也有资深藏家认为，猴票价格可能会在6月左右降到最低点。在广州纵原邮币卡市场从事邮票收藏多年的陈姓店主认为，发行初期丙申年猴票炒作过热，被寄予了过高的升值期望，而实际上它是很难达到1980年版庚申年猴票那样的天价的。 
陈先生表示，目前来说，丙申猴票高开回落，但仍远高于面值。但是等到今年6月初猴币开始第二轮兑换时，猴票可能会回落至底部，但也不会出现跳水的情况，“只是说价格趋于理性稳定。后期最关键的影响因素还是它的发行量”。 
陈先生提醒，当下猴票市场行情热度未减，假货频现，市场上甚至出现有人高价收购包装猴票的正版外壳的情况，用意不言而喻。“若是邮品低于市场价15%出售，藏家应仔细判断真假。” 责任编辑： 贾奕炜（QF0013） 作者： 胡新科 相关阅读 
</topic_text>
<spam_score>0.00</spam_score>
<post_num>1</post_num>
<post_id>post-1</post_id>
<post_url>http://finance.qianlong.com/2016/0509/592591.shtml</post_url>
<post_date>20160509</post_date>
<post_time></post_time>
<username></username>
<post>

176年前的5月6日，英国人罗兰·希尔为改变当时英国不合理的邮费制度，发明了世界上第一批邮票，即著名的“黑便士”邮票。这批邮票票面是黑色，上面印着英国维多利亚女皇的浮雕像，每张面值一便士。 
很快其他国家开始学习英国发行邮票，而且票面印制愈发精美。邮票逐渐成为一种艺术品。1878年7月，清朝政府海关试办邮政，首次发行中国第一套邮票“大龙邮票”，这套邮票共3枚，主图是清皇室的象征——云龙。“大龙邮票”的问世标志着中国邮票正式开始。 
经过近两个世纪的发展和沉淀，中国邮票凭借着票面设计精美、收藏投资价值高等特点备受藏家青睐，并演化为收藏中的一个重要版块。 
广东省集藏投资协会新邮专业委员会主任王立均表示，由于邮票的价格普遍不高，比较亲民，使得受众群体非常广泛，但其中也不乏有价值连城的珍品，“国内的像‘大龙邮票’、‘山河一片红’、‘80年猴票’等五种珍品，国外的‘黑便士邮票’，均处于有价无市的行情。” 
以最近中国邮政在4月23日世界读书日发行的《全民阅读》特种邮票，以及5月5日发行的《二十四节气（二）》特种邮票为例，此类以特殊时间节点发行的特种邮票，票面价格极为亲民，单枚只有1.2元，只能用作收藏，具有纪念意义，但升值空间极小。 
在中国邮政史上，除了较为亲民的普通邮票外，更有对于普通藏家来说可望不可及“五大珍品”邮票。作为中国首枚邮票“大龙邮票”，一整版的大龙邮票就曾在拍卖会上拍出561万元的高价，全套大龙、小龙、蟠龙邮票更是高达2000万元。 
王立均表示，说到五大珍品邮票，不得不提的便是中国首枚生肖猴票。1980年我国发行的庚申年猴票，公开发行500万枚，业内估计实际发行360万枚。30年间，庚申年猴票涨了18万倍，升值速度不但在中国邮票里绝无仅有，在世界邮票中也难找到。 
另外，五大珍品中的1953年发行的“蓝军邮”以及中国第一枚“代用邮票”红印花邮票也曾分别拍出340万元和242万元天价。王立均表示，这些珍品邮票目前存世量非常稀少，量少为王，在日常的集邮市场上很少交易。 
王立均告诉记者，根据目前的记录来看，现有的世界上最贵的邮票应该是英属圭亚那洋红一分票，这枚邮票曾在2014年纽约举行的苏富比拍卖会上亮相，起拍价就已经高达450万美元，并且在2分钟内以948万美元（约5880万元人民币）的价格落槌，创下世界最贵邮票纪录。 
“生肖”系列更受藏家关注 
需要注意的是，上述价格高昂、数量稀少的珍邮，对于普通收藏家来说收藏难度非常大。而对于普通集邮藏家来说，更关注的则是对国人具有特殊意义的生肖邮票，而其中猴票更是备受青睐。 
截至目前，生肖猴票已经发行了4轮，特别是今年1月5日发行的第四轮“丙申年”猴票，发行伊始便受到藏家热捧，价格也不断攀升，被人戏称为“窜天猴”。目前价格虽然略微回落，但依然较其38.4元的面值高出20倍左右。 
有业内人士认为，根据历年生肖猴的表现来看，目前丙申年猴票的行情略微回落是正常情况。“猴票在我国有着广泛的群众基础，无论是在收藏界，还是投资界。邮票都有阶段性和周期性。”以前三轮猴票为例，除了1980年发行的庚申年猴票，大版80枚市场价保持在150万元左右，还有1992年发行的壬申年猴票，发行量2.04亿枚，票面20分/50分，大版32枚目前的市场价在300元左右，涨幅约13倍。2004年发行的甲申年猴票，发行量180万枚，票面80分，小版目前的市场价400元左右，大版在1000元左右，涨幅约80倍。 
该业内人士表示，自己依然看好丙申年猴票行情，“发行单位至今没有公布发行量，而且渠道控制好于以往生肖票，发行节奏控制得当，加上题材好，所以卖点足。” 
不过也有资深藏家认为，猴票价格可能会在6月左右降到最低点。在广州纵原邮币卡市场从事邮票收藏多年的陈姓店主认为，发行初期丙申年猴票炒作过热，被寄予了过高的升值期望，而实际上它是很难达到1980年版庚申年猴票那样的天价的。 
陈先生表示，目前来说，丙申猴票高开回落，但仍远高于面值。但是等到今年6月初猴币开始第二轮兑换时，猴票可能会回落至底部，但也不会出现跳水的情况，“只是说价格趋于理性稳定。后期最关键的影响因素还是它的发行量”。 
陈先生提醒，当下猴票市场行情热度未减，假货频现，市场上甚至出现有人高价收购包装猴票的正版外壳的情况，用意不言而喻。“若是邮品低于市场价15%出售，藏家应仔细判断真假。” 责任编辑： 贾奕炜（QF0013） 作者： 胡新科 相关阅读 
</post>
<signature>

</signature>
<external_links>

</external_links>
<country>CN</country>
<main_image></main_image>
</document>
