<?xml version="1.0" encoding="UTF-8"?>
<document>
<type>mainstream</type>
<forum></forum>
<forum_title></forum_title>
<discussion_title>Räppäri laukoi rasistisia kommentteja, suututti kokonaisen skenen ja menetti ison festarikeikan - Rumba.fi</discussion_title>
<language>finnish</language>
<gmt_offset></gmt_offset>
<topic_url>http://www.rumba.fi/uutiset/rappari-laukoi-rasistisia-kommentteja-suututti-kokonaisen-skenen-ja-menetti-ison-festarikeikan/</topic_url>
<topic_text>
Rumba » Uutiset » Räppäri laukoi rasistisia kommentteja, suututti kokonaisen skenen ja menetti ison festarikeikan Räppäri laukoi rasistisia kommentteja, suututti kokonaisen skenen ja menetti ison festarikeikan Tuomas Aflecht seuraava juttu → 
Viime viikolla uutisoimme miten Azealia Banks hyökkäsi Twitterissä Beyoncén kimppuun. Banks on jatkanut hämmentävää käytöstään laukomalla rasistisia kommentteja. Tällä kertaa kohteena on One Directionin entinen jäsen Zayn Malik, jonka isä on pakistanilainen ja äiti englantilainen. 
Kaikki sai alkunsa ilmeisesti oheisesta Instagram-postauksesta, jossa Banks syyttää Zaynia matkimisesta. Banksin mukaan Zaynin Like I Would -kappaleen video on samankaltainen kuin Banksin Chasing Time . Kuva, jonka Azealia Banks (@azealiabanks) julkaisi 10. 05ta 2016 klo 9.15 PDT 
Myöhemmin Zayn Malik twiittasi ettei häntä kiinnosta eräiden henkilöiden pyrkimykset. Azealia Banks ilmeisesti katsoi twiitin koskeneen juuri häntä. 
Lopulta Zayn myös itse vastasi Banksille tähdentäen ettei kyseinen twiitti koskenut häntä. Asia ei ilmeisesti mennyt perille ja lopputuloksena oli vielä mauttomampia twiittauksia. 
Lopulta Rinse FM sai asiasta tarpeekseen ja päätti hyllyttää Banksin Born &amp; Bred -festivaalin esiintyjäkaartista. Banks olisi ollut yksi tapahtuman pääesiintyjistä. 
— Rinse I Born &amp; Bred (@bornandbredLDN) May 11, 2016 
Tämän jälkeen Banks päätti, jo poistetuissa twiiteissä haukkua koko grime-musiikin ja iso-britannialaisen hiphop-kulttuurin yleisesti. Kyseisen festivaalin ohjelmisto koostuu suurelta osin juurikin grime-artisteista. Novelist halusi muistuttaa ettei grime varsinaisesti edes kuulu luokiteltavaksi hip-hopiin. P-Money taas ei arvosta Banksin musiikillisia suorituksia. Nolay lähetti taas hieman ytimekkäämmät terveiset. @AZEALIABANKS Please dont talk about Grime or UK rappers you are very average and i will spin you back into your mothers womb. 
Ilmeisesti Azelialla oli jonkun verran tullut ohjeistusta kommenttiensa jälkeen ja päätyikin selvittelemään Zayn Malikiin kohdistuneita kommentteja. Samalla Banks on myös päättänyt deletoida kohua aiheuttaneet twiittinsä. 
Thoughts on everything (loads of typos) pic.twitter.com/kmGhgkrKyz 
— BRUJA DEL BLOQUE (@AZEALIABANKS) May 11, 2016 
Näiden tekstien päätteeksi Banks tosin twiittasikin olevansa äärimmäisen lahjakas ja nyt lähinnä alentuneensa muiden tasolle. Jää nähtäväksi, että jatkuuko käytös samaan malliin jatkossakin. 
Uusimpien tietojen mukaan Banksin twiittailut tutkitaan ja lopputuloksena voi olla porttikielto Iso-Britanniaan. 
</topic_text>
<spam_score>0.00</spam_score>
<post_num>1</post_num>
<post_id>post-1</post_id>
<post_url>http://www.rumba.fi/uutiset/rappari-laukoi-rasistisia-kommentteja-suututti-kokonaisen-skenen-ja-menetti-ison-festarikeikan/</post_url>
<post_date>20160512</post_date>
<post_time></post_time>
<username></username>
<post>
Rumba » Uutiset » Räppäri laukoi rasistisia kommentteja, suututti kokonaisen skenen ja menetti ison festarikeikan Räppäri laukoi rasistisia kommentteja, suututti kokonaisen skenen ja menetti ison festarikeikan Tuomas Aflecht seuraava juttu → 
Viime viikolla uutisoimme miten Azealia Banks hyökkäsi Twitterissä Beyoncén kimppuun. Banks on jatkanut hämmentävää käytöstään laukomalla rasistisia kommentteja. Tällä kertaa kohteena on One Directionin entinen jäsen Zayn Malik, jonka isä on pakistanilainen ja äiti englantilainen. 
Kaikki sai alkunsa ilmeisesti oheisesta Instagram-postauksesta, jossa Banks syyttää Zaynia matkimisesta. Banksin mukaan Zaynin Like I Would -kappaleen video on samankaltainen kuin Banksin Chasing Time . Kuva, jonka Azealia Banks (@azealiabanks) julkaisi 10. 05ta 2016 klo 9.15 PDT 
Myöhemmin Zayn Malik twiittasi ettei häntä kiinnosta eräiden henkilöiden pyrkimykset. Azealia Banks ilmeisesti katsoi twiitin koskeneen juuri häntä. 
Lopulta Zayn myös itse vastasi Banksille tähdentäen ettei kyseinen twiitti koskenut häntä. Asia ei ilmeisesti mennyt perille ja lopputuloksena oli vielä mauttomampia twiittauksia. 
Lopulta Rinse FM sai asiasta tarpeekseen ja päätti hyllyttää Banksin Born &amp; Bred -festivaalin esiintyjäkaartista. Banks olisi ollut yksi tapahtuman pääesiintyjistä. 
— Rinse I Born &amp; Bred (@bornandbredLDN) May 11, 2016 
Tämän jälkeen Banks päätti, jo poistetuissa twiiteissä haukkua koko grime-musiikin ja iso-britannialaisen hiphop-kulttuurin yleisesti. Kyseisen festivaalin ohjelmisto koostuu suurelta osin juurikin grime-artisteista. Novelist halusi muistuttaa ettei grime varsinaisesti edes kuulu luokiteltavaksi hip-hopiin. P-Money taas ei arvosta Banksin musiikillisia suorituksia. Nolay lähetti taas hieman ytimekkäämmät terveiset. @AZEALIABANKS Please dont talk about Grime or UK rappers you are very average and i will spin you back into your mothers womb. 
Ilmeisesti Azelialla oli jonkun verran tullut ohjeistusta kommenttiensa jälkeen ja päätyikin selvittelemään Zayn Malikiin kohdistuneita kommentteja. Samalla Banks on myös päättänyt deletoida kohua aiheuttaneet twiittinsä. 
Thoughts on everything (loads of typos) pic.twitter.com/kmGhgkrKyz 
— BRUJA DEL BLOQUE (@AZEALIABANKS) May 11, 2016 
Näiden tekstien päätteeksi Banks tosin twiittasikin olevansa äärimmäisen lahjakas ja nyt lähinnä alentuneensa muiden tasolle. Jää nähtäväksi, että jatkuuko käytös samaan malliin jatkossakin. 
Uusimpien tietojen mukaan Banksin twiittailut tutkitaan ja lopputuloksena voi olla porttikielto Iso-Britanniaan. 
</post>
<signature>

</signature>
<external_links>

</external_links>
<country>GB</country>
<main_image>http://www.rumba.fi/wp-content/uploads/azealiabanks.jpg</main_image>
</document>
