<?xml version="1.0" encoding="UTF-8"?>
<document>
<type>mainstream</type>
<forum>http://bouwformatie.nl/rss.aspx</forum>
<forum_title>Bouwformatie</forum_title>
<discussion_title>Nieuwe bestemming Philips-terrein Roosendaal</discussion_title>
<language>dutch</language>
<gmt_offset></gmt_offset>
<topic_url>http://Bouwformatie.nl/bouwnieuws/nieuwe-bestemming-philips-terrein-roosendaal</topic_url>
<topic_text>
  ROOSENDAAL - Het oude Philips-terrein in Roosendaal is aangekocht door de internationale projectontwikkelaar Logistics Capital Partners en het Duitse vastgoedbedrijf Dietz. De partijen willen er het grootste distributiecentrum van Zuid-Nederland neerzetten. 
Het gaat om het uit de jaren vijftig stammende gebied waar tot eind vorig jaar een gloeilampenfabriek van Philips was gevestigd. Volgens de kopers is het een van de weinige locaties in Nederland met ruimte voor een distributiecentrum van zo’n 100.000 vierkante meter. Daarbij is het terrein gunstig gelegen aan de snelweg A58. Hoeveel geld Philips krijgt voor de grond, werd niet bekendgemaakt. Het project kan de regio Roosendaal mogelijk wel duizend banen opleveren. Er is alleen nog geen gebruiker gevonden voor het distributiecentrum. Die gaan de kopers van de grond nu eerst zoeken, terwijl Philips nog bezig is met de laatste sloop- en saneringswerkzaamheden op het terrein. De bouw van het nieuwe complex start op zijn vroegst in de eerste helft van volgend jaar.
</topic_text>
<spam_score>0.00</spam_score>
<post_num>1</post_num>
<post_id>post-1</post_id>
<post_url>http://Bouwformatie.nl/bouwnieuws/nieuwe-bestemming-philips-terrein-roosendaal</post_url>
<post_date>20160512</post_date>
<post_time>1143</post_time>
<username></username>
<post>
  ROOSENDAAL - Het oude Philips-terrein in Roosendaal is aangekocht door de internationale projectontwikkelaar Logistics Capital Partners en het Duitse vastgoedbedrijf Dietz. De partijen willen er het grootste distributiecentrum van Zuid-Nederland neerzetten. 
Het gaat om het uit de jaren vijftig stammende gebied waar tot eind vorig jaar een gloeilampenfabriek van Philips was gevestigd. Volgens de kopers is het een van de weinige locaties in Nederland met ruimte voor een distributiecentrum van zo’n 100.000 vierkante meter. Daarbij is het terrein gunstig gelegen aan de snelweg A58. Hoeveel geld Philips krijgt voor de grond, werd niet bekendgemaakt. Het project kan de regio Roosendaal mogelijk wel duizend banen opleveren. Er is alleen nog geen gebruiker gevonden voor het distributiecentrum. Die gaan de kopers van de grond nu eerst zoeken, terwijl Philips nog bezig is met de laatste sloop- en saneringswerkzaamheden op het terrein. De bouw van het nieuwe complex start op zijn vroegst in de eerste helft van volgend jaar.
</post>
<signature>

</signature>
<external_links>

</external_links>
<country>NL</country>
<main_image></main_image>
</document>
