<?xml version="1.0" encoding="UTF-8"?>
<document>
<type>mainstream</type>
<forum>http://feeds.uri.lv/decisionatelier</forum>
<forum_title>Décision Atelier</forum_title>
<discussion_title>Hydroparts Assistance ouvre son 2ème magasin en Rhône-Alpes</discussion_title>
<language>french</language>
<gmt_offset></gmt_offset>
<topic_url>http://www.decisionatelier.com/Hydroparts-Assistance-ouvre-son-2eme-magasin-en-Rhone-Alpes,8266</topic_url>
<topic_text>
Hydroparts Assistance ouvre son 2ème magasin en Rhône-Alpes 
Publié le par Fabio CROCCO . 
C’est à Mions, en périphérie lyonnaise, que Hydroparts Assistance vient d’ouvrir son second magasin de proximité dédié aux pièces détachées pour hayons élévateurs toutes marques. Plus de 2 000 références de pièces y sont disponibles selon le même principe que le 1er magasin lancé en 2015, en région toulousaine. L’affaire a été créée par Nicolas Capdaspe-Couchet , franchisé Hydroparts Assistance depuis juillet 2012. 
« Avec la création de ce magasin de proximité, nous allons encore plus loin en apportant un service attendu par notre clientèle qui possède une flotte de plusieurs véhicules. Souvent en mesure d’effectuer une partie des interventions d’entretien, en venant s’approvisionner chez nous, non seulement ils gagnent un temps précieux mais en plus, ils sont certains d’avoir la bonne pièce grâce au professionnalisme et aux conseils de l’équipe de vente » explique le franchisé. 
Nicolas Capdaspe-Couchet est aujourd’hui à la tête d’une entreprise qui compte 8 collaborateurs, une flotte de 4 véhicules dont 2 véhicules-ateliers itinérants et 6 techniciens intervenant sur site 24h/24 et 7J/7.
</topic_text>
<spam_score>0.00</spam_score>
<post_num>1</post_num>
<post_id>post-1</post_id>
<post_url>http://www.decisionatelier.com/Hydroparts-Assistance-ouvre-son-2eme-magasin-en-Rhone-Alpes,8266</post_url>
<post_date>20160512</post_date>
<post_time>1345</post_time>
<username>Fabio CROCCO</username>
<post>
Hydroparts Assistance ouvre son 2ème magasin en Rhône-Alpes 
Publié le par Fabio CROCCO . 
C’est à Mions, en périphérie lyonnaise, que Hydroparts Assistance vient d’ouvrir son second magasin de proximité dédié aux pièces détachées pour hayons élévateurs toutes marques. Plus de 2 000 références de pièces y sont disponibles selon le même principe que le 1er magasin lancé en 2015, en région toulousaine. L’affaire a été créée par Nicolas Capdaspe-Couchet , franchisé Hydroparts Assistance depuis juillet 2012. 
« Avec la création de ce magasin de proximité, nous allons encore plus loin en apportant un service attendu par notre clientèle qui possède une flotte de plusieurs véhicules. Souvent en mesure d’effectuer une partie des interventions d’entretien, en venant s’approvisionner chez nous, non seulement ils gagnent un temps précieux mais en plus, ils sont certains d’avoir la bonne pièce grâce au professionnalisme et aux conseils de l’équipe de vente » explique le franchisé. 
Nicolas Capdaspe-Couchet est aujourd’hui à la tête d’une entreprise qui compte 8 collaborateurs, une flotte de 4 véhicules dont 2 véhicules-ateliers itinérants et 6 techniciens intervenant sur site 24h/24 et 7J/7.
</post>
<signature>

</signature>
<external_links>

</external_links>
<country>LV</country>
<main_image>http://www.decisionatelier.com/local/cache-vignettes/L376xH500/arton8266-3f78c.jpg</main_image>
</document>
