<?xml version="1.0" encoding="UTF-8"?>
<document>
<type>mainstream</type>
<forum>http://feeds.reuters.com/reuters/UKbankingFinancial/</forum>
<forum_title>Reuters: Financial Services and Real Estate</forum_title>
<discussion_title>Germany&apos;s Schaeuble - vote for Brexit cannot be used to renegotiate</discussion_title>
<language>english</language>
<gmt_offset></gmt_offset>
<topic_url>http://www.reuters.com/article/britain-eu-germany-idUSL5N18969S</topic_url>
<topic_text>
Markets | Thu May 12, 2016 10:23am EDT Germany&apos;s Schaeuble - vote for Brexit cannot be used to renegotiate 
FRANKFURT May 12 Any vote in Britain to leave the European Union would mean the country&apos;s departure from the bloc and could not be used to renegotiate its membership, Germany&apos;s finance minister said on Thursday. 
&quot;This is the only deal on the table,&quot; Wolfgang Schaeuble told a conference in Frankfurt. &quot;An &apos;out&apos; vote cannot and will not be used ... to get a better deal.&quot; 
&quot;If the UK votes in, this deal will apply immediately. If it votes out, then the exit process begins.&quot; (Reporting By John O&apos;Donnell; Editing by Toby Chopra)
</topic_text>
<spam_score>0.00</spam_score>
<post_num>1</post_num>
<post_id>post-1</post_id>
<post_url>http://www.reuters.com/article/britain-eu-germany-idUSL5N18969S</post_url>
<post_date>20160512</post_date>
<post_time>1423</post_time>
<username></username>
<post>
Markets | Thu May 12, 2016 10:23am EDT Germany&apos;s Schaeuble - vote for Brexit cannot be used to renegotiate 
FRANKFURT May 12 Any vote in Britain to leave the European Union would mean the country&apos;s departure from the bloc and could not be used to renegotiate its membership, Germany&apos;s finance minister said on Thursday. 
&quot;This is the only deal on the table,&quot; Wolfgang Schaeuble told a conference in Frankfurt. &quot;An &apos;out&apos; vote cannot and will not be used ... to get a better deal.&quot; 
&quot;If the UK votes in, this deal will apply immediately. If it votes out, then the exit process begins.&quot; (Reporting By John O&apos;Donnell; Editing by Toby Chopra)
</post>
<signature>

</signature>
<external_links>

</external_links>
<country>US</country>
<main_image>http://s4.reutersmedia.net/resources_v2/images/rcom-default.png</main_image>
</document>
