<?xml version="1.0" encoding="UTF-8"?>
<document>
<type>mainstream</type>
<forum></forum>
<forum_title></forum_title>
<discussion_title>electric submersible pumps</discussion_title>
<language>english</language>
<gmt_offset></gmt_offset>
<topic_url>http://listofcompanies.co.in/electric-submersible-pumps-2/</topic_url>
<topic_text>
We need your support. Donate Now and Help Keep Listofcompanies.co.in FREE. Any money you donate is only used to keep this site running and will be used directly to pay the expenses we incur. As a result every donation is critical to the long-term survival of the site. Even a small donation helps. Business Broadcast 
</topic_text>
<spam_score>0.00</spam_score>
<post_num>1</post_num>
<post_id>post-1</post_id>
<post_url>http://listofcompanies.co.in/electric-submersible-pumps-2/</post_url>
<post_date>20160512</post_date>
<post_time></post_time>
<username></username>
<post>
We need your support. Donate Now and Help Keep Listofcompanies.co.in FREE. Any money you donate is only used to keep this site running and will be used directly to pay the expenses we incur. As a result every donation is critical to the long-term survival of the site. Even a small donation helps. Business Broadcast 
</post>
<signature>

</signature>
<external_links>

</external_links>
<country>IN</country>
<main_image>http://listofcompanies.co.in/wp-content/plugins/all-in-one-seo-pack-pro/images/default-user-image.png</main_image>
</document>
