<?xml version="1.0" encoding="UTF-8"?>
<document>
<type>mainstream</type>
<forum></forum>
<forum_title></forum_title>
<discussion_title>Campagna elettorale e peripezie politiche</discussion_title>
<language>italian</language>
<gmt_offset></gmt_offset>
<topic_url>http://socialmediamanager.it/tech/campagna-elettorale-peripezie-politiche_161815</topic_url>
<topic_text>
Fonte immagine: Kaspersky Lab - link 12 maggio 2016 Negli Stati Uniti, la stagione politica si surriscalda mentre il paese si prepara a eleggere il successore di Barack Obama. L’intero agone politico comincia quasi a somigliare a un reality show. Questo evento non viene seguito solo dai cittadini americani (e da politologi in giro per il mondo), ma è uno spettacolo di cui vogliono approfittare i cybercriminali. Proprio come per eventi sportivi tipo gli Europei 2016, il Draft NFL o i Mondiali di calcio, i criminali sanno che c’è la possibilit[...] Questo è solo un estratto, per leggere il testo completo vai all&apos;articolo originale Fallo sapere a tutti! 
</topic_text>
<spam_score>0.00</spam_score>
<post_num>1</post_num>
<post_id>post-1</post_id>
<post_url>http://socialmediamanager.it/tech/campagna-elettorale-peripezie-politiche_161815</post_url>
<post_date>20160512</post_date>
<post_time></post_time>
<username></username>
<post>
Fonte immagine: Kaspersky Lab - link 12 maggio 2016 Negli Stati Uniti, la stagione politica si surriscalda mentre il paese si prepara a eleggere il successore di Barack Obama. L’intero agone politico comincia quasi a somigliare a un reality show. Questo evento non viene seguito solo dai cittadini americani (e da politologi in giro per il mondo), ma è uno spettacolo di cui vogliono approfittare i cybercriminali. Proprio come per eventi sportivi tipo gli Europei 2016, il Draft NFL o i Mondiali di calcio, i criminali sanno che c’è la possibilit[...] Questo è solo un estratto, per leggere il testo completo vai all&apos;articolo originale Fallo sapere a tutti! 
</post>
<signature>

</signature>
<external_links>

</external_links>
<country>NL</country>
<main_image>http://socialmediamanager.it/img.php?src=https://kasperskycontenthub.com/italy/files/2016/05/political-madness-featured.jpg&amp;w=600&amp;h=316&amp;q=70&amp;a=t</main_image>
</document>
