<?xml version="1.0" encoding="UTF-8"?>
<document>
<type>mainstream</type>
<forum>http://wn.com/gar forman?upload_time=all_time&amp;orderby=relevance</forum>
<forum_title>Gar Forman</forum_title>
<discussion_title>Timberwolves hire Thibodeau as coach/president, Layden is GM</discussion_title>
<language>english</language>
<gmt_offset>6</gmt_offset>
<topic_url>http://article.wn.com/view/2016/04/21/Timberwolves_hire_Thibodeau_as_coach_president_Layden_is_GM_m/</topic_url>
<topic_text>
MINNEAPOLIS (AP) — The Minnesota Timberwolves have hired former Chicago Bulls coach Tom Thibodeau as coach and president of basketball operations, the team announced Wednesday night.
Thibodeau was the most coveted coach on the market,
</topic_text>
<spam_score>0.00</spam_score>
<post_num>1</post_num>
<post_id>post-1</post_id>
<post_url>http://article.wn.com/view/2016/04/21/Timberwolves_hire_Thibodeau_as_coach_president_Layden_is_GM_m/</post_url>
<post_date>20160421</post_date>
<post_time></post_time>
<username>wn.com</username>
<post>
MINNEAPOLIS (AP) — The Minnesota Timberwolves have hired former Chicago Bulls coach Tom Thibodeau as coach and president of basketball operations, the team announced Wednesday night.
Thibodeau was the most coveted coach on the market,
</post>
<signature>

</signature>
<external_links>

</external_links>
<country>GB</country>
<main_image>http://i.ytimg.com/vi/p7a0o0lP-j8/0.jpg</main_image>
</document>
