<?xml version="1.0" encoding="UTF-8"?>
<document>
<type>mainstream</type>
<forum>http://wn.com/gar forman?upload_time=all_time&amp;orderby=relevance</forum>
<forum_title>Gar Forman</forum_title>
<discussion_title>Who wins if the Bulls become Jimmy Butler vs. Gar Forman?</discussion_title>
<language>english</language>
<gmt_offset>6</gmt_offset>
<topic_url>http://article.wn.com/view/2016/05/10/Who_wins_if_the_Bulls_become_Jimmy_Butler_vs_Gar_Forman/</topic_url>
<topic_text>
As Gar Forman’s championship-caliber Bulls wait for the NBA lottery, let me get this right: Fred Hoiberg’s last NBA job was in Minnesota but he ends up with the Bulls and they get worse. Meanwhile, Tom Thibodeau’s last NBA job was in Chicago, but he ends up running the Timberwolves and everyone... ...
</topic_text>
<spam_score>0.00</spam_score>
<post_num>1</post_num>
<post_id>post-1</post_id>
<post_url>http://article.wn.com/view/2016/05/10/Who_wins_if_the_Bulls_become_Jimmy_Butler_vs_Gar_Forman/</post_url>
<post_date>20160510</post_date>
<post_time></post_time>
<username>wn.com</username>
<post>
As Gar Forman’s championship-caliber Bulls wait for the NBA lottery, let me get this right: Fred Hoiberg’s last NBA job was in Minnesota but he ends up with the Bulls and they get worse. Meanwhile, Tom Thibodeau’s last NBA job was in Chicago, but he ends up running the Timberwolves and everyone... ...
</post>
<signature>

</signature>
<external_links>

</external_links>
<country>GB</country>
<main_image>http://i.ytimg.com/vi/bdCdLNZFiKc/0.jpg</main_image>
</document>
