<?xml version="1.0" encoding="UTF-8"?>
<document>
<type>mainstream</type>
<forum></forum>
<forum_title></forum_title>
<discussion_title>Davido Steps Out In Agbada Along With His Dad &amp; Brother For His Sister&apos;s Traditional Wedding Today-GistReel</discussion_title>
<language>english</language>
<gmt_offset></gmt_offset>
<topic_url>http://gistreel.com/2016/05/12/davido-steps-agbada-along-dad-brother-sisters-traditional-wedding-today/</topic_url>
<topic_text>
Home / Entertainment News / Celebrity Gist / Davido Steps Out In Agbada Along With His Dad &amp; Brother For His Sister’s Traditional Wedding Today Davido Steps Out In Agbada Along With His Dad &amp; Brother For His Sister’s Traditional Wedding Today By Olamide A on May 12, 2016 @mr_norkid 
Davido’s eldest sister, Coco Adeleke, is tying the knot traditionally today. The singer and his billionaire father Deji Adeleke, are pictured leaving for the event. Peep more snaps below… 
</topic_text>
<spam_score>0.00</spam_score>
<post_num>1</post_num>
<post_id>post-1</post_id>
<post_url>http://gistreel.com/2016/05/12/davido-steps-agbada-along-dad-brother-sisters-traditional-wedding-today/</post_url>
<post_date>20160512</post_date>
<post_time></post_time>
<username>Olamide A</username>
<post>
Home / Entertainment News / Celebrity Gist / Davido Steps Out In Agbada Along With His Dad &amp; Brother For His Sister’s Traditional Wedding Today Davido Steps Out In Agbada Along With His Dad &amp; Brother For His Sister’s Traditional Wedding Today By Olamide A on May 12, 2016 @mr_norkid 
Davido’s eldest sister, Coco Adeleke, is tying the knot traditionally today. The singer and his billionaire father Deji Adeleke, are pictured leaving for the event. Peep more snaps below… 
</post>
<signature>

</signature>
<external_links>

</external_links>
<country>IE</country>
<main_image>http://gistreel.com/wp-content/uploads/2016/05/ZOWn-283-150x150.jpg</main_image>
</document>
