<?xml version="1.0" encoding="UTF-8"?>
<document>
<type>mainstream</type>
<forum>http://www.wbrc.com/category/151717/sports?clienttype=rss</forum>
<forum_title>FOX6 WBRC - MyFoxAL.com - Sports</forum_title>
<discussion_title>10 Things to Know for Today</discussion_title>
<language>english</language>
<gmt_offset></gmt_offset>
<topic_url>http://www.wbrc.com/story/31954724/10-things-to-know-for-today</topic_url>
<topic_text>
10 Things to Know for Today 2016-05-12T10:22:39Z 2016-05-12T10:22:42Z (AP Photo/Felipe Dana). Supporters of President Dilma Rousseff shout during clashes with the police outside Congress, in Brasilia, Brazil, Wednesday, May 11, 2016. Brazil&apos;s Senate is nearing a historic vote on impeaching Rousseff, likely ending 13 yea... Map locates debris believed to be from Malaysia Airlines Flight 370; 2c x 2 inches; 96.3 mm x 50 mm; (Courtesy WHDH via AP). This aerial image made from a helicopter video provided by WHDH shows Richard Simone kneeling and putting his hands on the ground after a high-speed police pursuit in Nashua, N.H., Wednesday, May 11, 2016. Moments later several ... By The Associated Press
Your daily look at late-breaking news, upcoming events and the stories that will be talked about today: 
1. BRAZIL&apos;S SENATE IMPEACHES PRESIDENT ROUSSEFF 
The South American giant&apos;s first female president is accused of using accounting tricks to hide large budget deficits. 
2. WHAT TRUMP AND RYAN HAVE TO SAY TO ONE ANOTHER 
The likely GOP presidential nominee and House speaker sit down face-to-face for the first time, a week after Ryan stunned his party by refusing to back the mercurial billionaire for the White House. 
3. MALAYSIA: 2 MORE PIECES &apos;ALMOST CERTAINLY&apos; FROM FLIGHT 370 
The debris, discovered in South Africa and Rodrigues Island off Mauritius, brings the total number of parts believed to have come from the missing Malaysian jetliner to five. 
4. SECOND TRIAL IN FREDDIE GRAY CASE GETS UNDER WAY 
The trial for Officer Edward Nero, who faces assault, misconduct in office and reckless endangerment charges, goes before a judge, giving it a better chance of ending with a verdict. 
5. TEXAS PLANT EXPLOSION CALLED &apos;CRIMINAL ACT&apos; 
Federal officials&apos; announcement that arson caused a massive explosion at a fertilizer plant in 2013 has residents of West wondering who might have done it and why. 
6. HOW NEW HAMPSHIRE IS DEALING WITH POLICE PURSUIT CASE 
The governor is calling for an investigation into the use of force by police after video surfaced of officers appearing to pummel a suspect who had led them on a high-speed chase from Massachusetts to New Hampshire. 
7. WHY RUSSIA IS INFURIATED BY LATEST MOVE FROM THE WEST 
A U.S. missile defense site in Romania aimed at protecting Europe from ballistic missile threats is set to become operational, angering Moscow which opposes having the advanced military system in its former area of influence. 
8. WHO IS AUCTIONING GUN USED TO KLLL TRAYVON MARTIN 
George Zimmerman, the former neighborhood watch volunteer, tells a Florida TV station that his motivation for selling it was that it was &quot;time to move past the firearm.&quot; 
9. WHERE GEORGE CARLIN COLLECTION IS HEADED 
Items belonging to the late comedian are getting a new home in upstate New York. 
10. WHAT WASHINGTON&apos;S $210 MILLION MAN ACCOMPLISHED 
Max Scherzer struck out 20 batters to match the major league record for a nine-inning game in the Nationals&apos; 3-2 victory over the Detroit Tigers. Copyright 2016 The Associated Press.   This material may not be published, broadcast, rewritten or redistributed.
</topic_text>
<spam_score>0.00</spam_score>
<post_num>1</post_num>
<post_id>post-1</post_id>
<post_url>http://www.wbrc.com/story/31954724/10-things-to-know-for-today</post_url>
<post_date>20160512</post_date>
<post_time>1022</post_time>
<username></username>
<post>
10 Things to Know for Today 2016-05-12T10:22:39Z 2016-05-12T10:22:42Z (AP Photo/Felipe Dana). Supporters of President Dilma Rousseff shout during clashes with the police outside Congress, in Brasilia, Brazil, Wednesday, May 11, 2016. Brazil&apos;s Senate is nearing a historic vote on impeaching Rousseff, likely ending 13 yea... Map locates debris believed to be from Malaysia Airlines Flight 370; 2c x 2 inches; 96.3 mm x 50 mm; (Courtesy WHDH via AP). This aerial image made from a helicopter video provided by WHDH shows Richard Simone kneeling and putting his hands on the ground after a high-speed police pursuit in Nashua, N.H., Wednesday, May 11, 2016. Moments later several ... By The Associated Press
Your daily look at late-breaking news, upcoming events and the stories that will be talked about today: 
1. BRAZIL&apos;S SENATE IMPEACHES PRESIDENT ROUSSEFF 
The South American giant&apos;s first female president is accused of using accounting tricks to hide large budget deficits. 
2. WHAT TRUMP AND RYAN HAVE TO SAY TO ONE ANOTHER 
The likely GOP presidential nominee and House speaker sit down face-to-face for the first time, a week after Ryan stunned his party by refusing to back the mercurial billionaire for the White House. 
3. MALAYSIA: 2 MORE PIECES &apos;ALMOST CERTAINLY&apos; FROM FLIGHT 370 
The debris, discovered in South Africa and Rodrigues Island off Mauritius, brings the total number of parts believed to have come from the missing Malaysian jetliner to five. 
4. SECOND TRIAL IN FREDDIE GRAY CASE GETS UNDER WAY 
The trial for Officer Edward Nero, who faces assault, misconduct in office and reckless endangerment charges, goes before a judge, giving it a better chance of ending with a verdict. 
5. TEXAS PLANT EXPLOSION CALLED &apos;CRIMINAL ACT&apos; 
Federal officials&apos; announcement that arson caused a massive explosion at a fertilizer plant in 2013 has residents of West wondering who might have done it and why. 
6. HOW NEW HAMPSHIRE IS DEALING WITH POLICE PURSUIT CASE 
The governor is calling for an investigation into the use of force by police after video surfaced of officers appearing to pummel a suspect who had led them on a high-speed chase from Massachusetts to New Hampshire. 
7. WHY RUSSIA IS INFURIATED BY LATEST MOVE FROM THE WEST 
A U.S. missile defense site in Romania aimed at protecting Europe from ballistic missile threats is set to become operational, angering Moscow which opposes having the advanced military system in its former area of influence. 
8. WHO IS AUCTIONING GUN USED TO KLLL TRAYVON MARTIN 
George Zimmerman, the former neighborhood watch volunteer, tells a Florida TV station that his motivation for selling it was that it was &quot;time to move past the firearm.&quot; 
9. WHERE GEORGE CARLIN COLLECTION IS HEADED 
Items belonging to the late comedian are getting a new home in upstate New York. 
10. WHAT WASHINGTON&apos;S $210 MILLION MAN ACCOMPLISHED 
Max Scherzer struck out 20 batters to match the major league record for a nine-inning game in the Nationals&apos; 3-2 victory over the Detroit Tigers. Copyright 2016 The Associated Press.   This material may not be published, broadcast, rewritten or redistributed.
</post>
<signature>

</signature>
<external_links>

</external_links>
<country>US</country>
<main_image>http://images.worldnow.com/AP/images/10538846_G.jpg</main_image>
</document>
