<?xml version="1.0" encoding="UTF-8"?>
<document>
<type>mainstream</type>
<forum></forum>
<forum_title></forum_title>
<discussion_title>29 Indians evacuated from Libya arrive in Kochi | Latest News &amp; Gossip on Popular Trends at India.com</discussion_title>
<language>english</language>
<gmt_offset></gmt_offset>
<topic_url>http://www.india.com/news/world/29-indians-evacuated-from-libya-arrive-in-kochi-1179640/</topic_url>
<topic_text>
Next Article » 29 Indians evacuated from Libya arrive in Kochi Most of the evacuated personnel, belonging to six families from Kerala and three from Tamil Nadu, were working in Zawiya Hospital in Libya&apos;s Sabratha city. By ANI on May 12, 2016 at 11:45 AM 
Kochi (Kerala), May.12 : Twenty-nine people hailing from Kerala and Tamil Nadu reached Kochi Airport this morning after being rescued from Libya. (Read: Rescued Indians from Libya to come home in two days: Narendra Modi) 
Most of the evacuated personnel, belonging to six families from Kerala and three from Tamil Nadu, were working in Zawiya Hospital in Libya’s Sabratha city. Their families had demanded evacuation after the death of a Kerala nurse and her son in shelling at their house in Sabratha in March. 
While confirming the nurse’s death on March 26, External Affairs Minister Sushma Swaraj had renewed her call to Indians abroad to move out of conflict zones. 
She had then said there were 26 more Indians working in the Zawiya hospital. 
Modified Date: May 12, 2016 11:45 AM 
</topic_text>
<spam_score>0.00</spam_score>
<post_num>1</post_num>
<post_id>post-1</post_id>
<post_url>http://www.india.com/news/world/29-indians-evacuated-from-libya-arrive-in-kochi-1179640/</post_url>
<post_date>20160512</post_date>
<post_time></post_time>
<username></username>
<post>
Next Article » 29 Indians evacuated from Libya arrive in Kochi Most of the evacuated personnel, belonging to six families from Kerala and three from Tamil Nadu, were working in Zawiya Hospital in Libya&apos;s Sabratha city. By ANI on May 12, 2016 at 11:45 AM 
Kochi (Kerala), May.12 : Twenty-nine people hailing from Kerala and Tamil Nadu reached Kochi Airport this morning after being rescued from Libya. (Read: Rescued Indians from Libya to come home in two days: Narendra Modi) 
Most of the evacuated personnel, belonging to six families from Kerala and three from Tamil Nadu, were working in Zawiya Hospital in Libya’s Sabratha city. Their families had demanded evacuation after the death of a Kerala nurse and her son in shelling at their house in Sabratha in March. 
While confirming the nurse’s death on March 26, External Affairs Minister Sushma Swaraj had renewed her call to Indians abroad to move out of conflict zones. 
She had then said there were 26 more Indians working in the Zawiya hospital. 
Modified Date: May 12, 2016 11:45 AM 
</post>
<signature>

</signature>
<external_links>

</external_links>
<country>SG</country>
<main_image>http://s3.india.com/wp-content/uploads/2016/05/libya12may16.jpg</main_image>
</document>
