<?xml version="1.0" encoding="UTF-8"?>
<document>
<type>mainstream</type>
<forum>http://amsterdam.nieuws.nl/feed</forum>
<forum_title>Amsterdam</forum_title>
<discussion_title>Ajax bevestigd vertrek De Boer</discussion_title>
<language>dutch</language>
<gmt_offset></gmt_offset>
<topic_url>http://amsterdam.nieuws.nl/knipsels/99351/ajax-bevestigd-vertrek-de-boer/</topic_url>
<topic_text>
Ajax bevestigd vertrek De Boer 
AMSTERDAM – Ajax heeft donderdagochtend het vertrek van trainer Frank de Boer bevestigd.
</topic_text>
<spam_score>0.00</spam_score>
<post_num>1</post_num>
<post_id>post-1</post_id>
<post_url>http://amsterdam.nieuws.nl/knipsels/99351/ajax-bevestigd-vertrek-de-boer/</post_url>
<post_date>20160512</post_date>
<post_time>0739</post_time>
<username>devops</username>
<post>
Ajax bevestigd vertrek De Boer 
AMSTERDAM – Ajax heeft donderdagochtend het vertrek van trainer Frank de Boer bevestigd.
</post>
<signature>

</signature>
<external_links>

</external_links>
<country>NL</country>
<main_image></main_image>
</document>
