<?xml version="1.0" encoding="UTF-8"?>
<document>
<type>mainstream</type>
<forum></forum>
<forum_title></forum_title>
<discussion_title>Whitecaps&apos; Masato Kudo taken to hospital after collision with Chicago GK | MLSsoccer.com</discussion_title>
<language>english</language>
<gmt_offset></gmt_offset>
<topic_url>http://www.mlssoccer.com/post/2016/05/11/whitecaps-masato-kudo-taken-hospital-after-collision-chicago-gk</topic_url>
<topic_text>
Whitecaps&apos; Masato Kudo taken to hospital after collision with Chicago GK May 11, 2016 11:00 PM EDT Follow@ MLSAnalyst 
Vancouver Whitecaps forward Masato Kudo left Wednesday night&apos;s game against the Chicago Fire in the first half following a violent collision with Chicago Fire goalkeeper Matt Lampson . 
Kudo, a Japanese international in his first year with the Whitecaps, appeared dazed and bloodied, and has been taken to a local Vancouver hospital for evaluation. Masato Kudo on his way to VGH for further examination. He&apos;s alert and aware. #VWFC — Farhan Devji (@farhandevji) May 12, 2016 
The incident occurred in the 12th minute. Kudo was chasing a long-ball from &apos;Caps midfielder Matias Laba as Lampson came off his line to collect the wayward pass. Lampson was first to the ball, cradling it before attempting to duck out of the way. 
Unfortunately he and Kudo slammed into each other, and Kudo received the worst of the collision. He reportedly bit his tongue and lip on impact, which led to profuse bleeding. 
Chicago defender Joao Meira and midfielder Razvan Cocis both immediately rushed to Kudo&apos;s side, signaling to the sideline for the trainers and appearing to stabilize Kudo&apos;s head and neck. 
The Whitecaps trainers tended to Kudo for several minutes, after which he was able to sit up and then stand. He was driven off the field in a cart. 
&quot;It&apos;s just unlucky,&quot; Lampson told CSN-Chicago at halftime. &quot;I&apos;m going in, I think his head just hit my shoulder. It&apos;s just part of the game.&quot; Latest Videos 
</topic_text>
<spam_score>0.00</spam_score>
<post_num>1</post_num>
<post_id>post-1</post_id>
<post_url>http://www.mlssoccer.com/post/2016/05/11/whitecaps-masato-kudo-taken-hospital-after-collision-chicago-gk</post_url>
<post_date>20160512</post_date>
<post_time></post_time>
<username>Matthew Doylemlssoccer.Com</username>
<post>
Whitecaps&apos; Masato Kudo taken to hospital after collision with Chicago GK May 11, 2016 11:00 PM EDT Follow@ MLSAnalyst 
Vancouver Whitecaps forward Masato Kudo left Wednesday night&apos;s game against the Chicago Fire in the first half following a violent collision with Chicago Fire goalkeeper Matt Lampson . 
Kudo, a Japanese international in his first year with the Whitecaps, appeared dazed and bloodied, and has been taken to a local Vancouver hospital for evaluation. Masato Kudo on his way to VGH for further examination. He&apos;s alert and aware. #VWFC — Farhan Devji (@farhandevji) May 12, 2016 
The incident occurred in the 12th minute. Kudo was chasing a long-ball from &apos;Caps midfielder Matias Laba as Lampson came off his line to collect the wayward pass. Lampson was first to the ball, cradling it before attempting to duck out of the way. 
Unfortunately he and Kudo slammed into each other, and Kudo received the worst of the collision. He reportedly bit his tongue and lip on impact, which led to profuse bleeding. 
Chicago defender Joao Meira and midfielder Razvan Cocis both immediately rushed to Kudo&apos;s side, signaling to the sideline for the trainers and appearing to stabilize Kudo&apos;s head and neck. 
The Whitecaps trainers tended to Kudo for several minutes, after which he was able to sit up and then stand. He was driven off the field in a cart. 
&quot;It&apos;s just unlucky,&quot; Lampson told CSN-Chicago at halftime. &quot;I&apos;m going in, I think his head just hit my shoulder. It&apos;s just part of the game.&quot; Latest Videos 
</post>
<signature>

</signature>
<external_links>

</external_links>
<country>US</country>
<main_image>http://league-mp7static.mlsdigital.net/styles/image_default/s3/f38afd97485905fd842e07ddd9755c14.jpg?null&amp;amp;itok=OIGBKOQV</main_image>
</document>
