<?xml version="1.0" encoding="UTF-8"?>
<document>
<type>mainstream</type>
<forum>http://www.cbs8.com/category/307361/business-wire</forum>
<forum_title>Business Wire - CBS News 8 - San Diego, CA News Station - KFMB Channel 8</forum_title>
<discussion_title>VRstudios Showcases Its First Multiplayer, Wireless VR Game Bark</discussion_title>
<language>english</language>
<gmt_offset></gmt_offset>
<topic_url>http://www.cbs8.com/story/31957887/vrstudios-showcases-its-first-multiplayer-wireless-vr-game-barking-irons-at-international-consumer-vr-show-in-vancouver-bc-may-14</topic_url>
<topic_text>
Western Shoot-Out Game Is First to Feature Wireless Head-Mounted Display and Multiplayer Capabilities for Full Immersion and Interaction Without Any Wires, Phones or Backpacks
BELLEVUE, Wash. --(BUSINESS WIRE) VRstudios, the emerging leader in the global delivery of wireless, full-motion, and multi-user VR experiences for entertainment and commercial enterprise customers, announced today that the company will showcase its new “Barking Irons” western shoot-out game at the International Consumer VR Exhibition and Conference, May 14, in the Vancouver Convention Centre.
VRstudios’ “Barking Irons” is the first VR game to feature multiplayer capabilities combined with the industry’s first wireless head-mounted display running on a high-powered gaming computer – all provided without the need for any wires, mobile phones or backpacks.
“This is a revolutionary development for full-motion VR gameplay,” said Jamie Kelly of VRcade, which is VRstudios’ gaming and entertainment division. “‘Barking Irons’ is the first multiplayer game that our studio has developed, and it really highlights the benefits of a full-motion, untethered VR platform. The ability to physically move around a space with another player makes the experience feel much more natural and keeps you immersed in the game.”
VRstudios’ unique capabilities make their gaming experiences extremely popular with customers and at industry shows. Its developers and executives are looking forward to seeing the elevated level of interaction with their new game at the upcoming CVR show. “Our games definitely draw crowds. Now with ‘Barking Irons,’ your physical actions are matched perfectly by the game and your athleticism is a core element to your level of success in the game,” said Ivan Blaustein, director, product integration at VRstudios. “This also makes spectating a game much more like a sporting event than a video game. We are seeing a glimpse of the next wave of eSports.”
VRstudios’ systems, content and experiences are gaining momentum around the globe. During the last month, VRstudios has announced worldwide agreements with prominent amusement theme park and arcade companies Meraas’ Hub Zero in Dubai, Simuline of Korea and Denmark’s Smartlaunch, which operate globally.
About VRstudios:
Launched in 2014 and headquartered in Bellevue, Washington, VRstudios ( www.vrstudios.com ) is the industry’s premier VR company, providing a collection of unique VR capabilities and content to the entertainment and commercial enterprise industries through its unprecedented patent-pending platform and turn-key systems. The company&apos;s technology brings a completely immersive and interactive experience that is wireless, provides full-motion, and allows simultaneous multiple users in the same physical and virtual space.
Follow VRstudios here:
https://www.facebook.com/vrstudiosusa/
https://twitter.com/VRStudiosUSA
https://www.linkedin.com/company/vrstudios
 //www.businesswire.com/news/home/20160512005920/en/
VRstudios
Teresa Fausti
VP of Corporate Communications
teresa.fausti@vrstudios.com
 
</topic_text>
<spam_score>0.00</spam_score>
<post_num>1</post_num>
<post_id>post-1</post_id>
<post_url>http://www.cbs8.com/story/31957887/vrstudios-showcases-its-first-multiplayer-wireless-vr-game-barking-irons-at-international-consumer-vr-show-in-vancouver-bc-may-14</post_url>
<post_date>20160512</post_date>
<post_time>1135</post_time>
<username>cbs8</username>
<post>
Western Shoot-Out Game Is First to Feature Wireless Head-Mounted Display and Multiplayer Capabilities for Full Immersion and Interaction Without Any Wires, Phones or Backpacks
BELLEVUE, Wash. --(BUSINESS WIRE) VRstudios, the emerging leader in the global delivery of wireless, full-motion, and multi-user VR experiences for entertainment and commercial enterprise customers, announced today that the company will showcase its new “Barking Irons” western shoot-out game at the International Consumer VR Exhibition and Conference, May 14, in the Vancouver Convention Centre.
VRstudios’ “Barking Irons” is the first VR game to feature multiplayer capabilities combined with the industry’s first wireless head-mounted display running on a high-powered gaming computer – all provided without the need for any wires, mobile phones or backpacks.
“This is a revolutionary development for full-motion VR gameplay,” said Jamie Kelly of VRcade, which is VRstudios’ gaming and entertainment division. “‘Barking Irons’ is the first multiplayer game that our studio has developed, and it really highlights the benefits of a full-motion, untethered VR platform. The ability to physically move around a space with another player makes the experience feel much more natural and keeps you immersed in the game.”
VRstudios’ unique capabilities make their gaming experiences extremely popular with customers and at industry shows. Its developers and executives are looking forward to seeing the elevated level of interaction with their new game at the upcoming CVR show. “Our games definitely draw crowds. Now with ‘Barking Irons,’ your physical actions are matched perfectly by the game and your athleticism is a core element to your level of success in the game,” said Ivan Blaustein, director, product integration at VRstudios. “This also makes spectating a game much more like a sporting event than a video game. We are seeing a glimpse of the next wave of eSports.”
VRstudios’ systems, content and experiences are gaining momentum around the globe. During the last month, VRstudios has announced worldwide agreements with prominent amusement theme park and arcade companies Meraas’ Hub Zero in Dubai, Simuline of Korea and Denmark’s Smartlaunch, which operate globally.
About VRstudios:
Launched in 2014 and headquartered in Bellevue, Washington, VRstudios ( www.vrstudios.com ) is the industry’s premier VR company, providing a collection of unique VR capabilities and content to the entertainment and commercial enterprise industries through its unprecedented patent-pending platform and turn-key systems. The company&apos;s technology brings a completely immersive and interactive experience that is wireless, provides full-motion, and allows simultaneous multiple users in the same physical and virtual space.
Follow VRstudios here:
https://www.facebook.com/vrstudiosusa/
https://twitter.com/VRStudiosUSA
https://www.linkedin.com/company/vrstudios
 //www.businesswire.com/news/home/20160512005920/en/
VRstudios
Teresa Fausti
VP of Corporate Communications
teresa.fausti@vrstudios.com
 
</post>
<signature>

</signature>
<external_links>
<external_link>https://www.facebook.com/vrstudiosusa/</external_link><external_link>http://cts.businesswire.com/ct/CT?id=bwnews&amp;sty=20160512005920r1&amp;sid=56987&amp;distro=ftp</external_link><external_link>http://cts.businesswire.com/ct/CT?id=smartlink&amp;url=http%3A%2F%2Fwww.vrstudios.com&amp;esheet=51340924&amp;newsitemid=20160512005920&amp;lan=en-US&amp;anchor=www.vrstudios.com&amp;index=1&amp;md5=cf2b0d4935a8f0f7bf68c21ccf5c239e</external_link><external_link>http://www.businesswire.com/news/home/20160512005920/en/</external_link><external_link>http://purl.org/rss/1.0/modules/content/</external_link><external_link>https://www.linkedin.com/company/vrstudios</external_link><external_link>http://cts.businesswire.com/ct/CT?id=smartlink&amp;url=https%3A%2F%2Fwww.linkedin.com%2Fcompany%2Fvrstudios&amp;esheet=51340924&amp;newsitemid=20160512005920&amp;lan=en-US&amp;anchor=https%3A%2F%2Fwww.linkedin.com%2Fcompany%2Fvrstudios&amp;index=4&amp;md5=a2c03710b70a7467d65ef9342f354e40</external_link><external_link>https://twitter.com/VRStudiosUSA</external_link><external_link>http://cts.businesswire.com/ct/CT?id=smartlink&amp;url=https%3A%2F%2Fwww.facebook.com%2Fvrstudiosusa%2F&amp;esheet=51340924&amp;newsitemid=20160512005920&amp;lan=en-US&amp;anchor=https%3A%2F%2Fwww.facebook.com%2Fvrstudiosusa%2F&amp;index=2&amp;md5=d082a8d95d9d48e6147f95c28991419a</external_link><external_link>http://cts.businesswire.com/ct/CT?id=smartlink&amp;url=https%3A%2F%2Ftwitter.com%2FVRStudiosUSA&amp;esheet=51340924&amp;newsitemid=20160512005920&amp;lan=en-US&amp;anchor=https%3A%2F%2Ftwitter.com%2FVRStudiosUSA&amp;index=3&amp;md5=a78d7e0905b0bcc20cfaddcd1d44d729</external_link>
</external_links>
<country>US</country>
<main_image>http://businesswire.images.worldnow.com/images/10540894_G.jpg</main_image>
</document>
