<?xml version="1.0" encoding="UTF-8"?>
<document>
<type>mainstream</type>
<forum>http://www.ideal.es/sociedad/?reducido=1&amp;pag=646</forum>
<forum_title></forum_title>
<discussion_title>La ansiedad dificultad la recuperación tras la extracción de la muela del juicio</discussion_title>
<language>spanish</language>
<gmt_offset></gmt_offset>
<topic_url>http://www.ideal.es/sociedad/salud/investigacion/201506/16/ansiedad-dificultad-recuperacion-tras-20150616114329-rc.html</topic_url>
<topic_text>
Expertos de la Universidad de Sevilla y del Hospital Universitario Virgen del Rocío demuestran que la ansiedad generada antes de someterse a la extracción de la muela del juicio influye notablemente en la recuperación postoperatoria del paciente.
Además, y según el profesor de la Facultad de Odontología Daniel Torres, «la ansiedad influye en el dolor que percibe el paciente durante el postoperatorio en cirugía bucal y en la toma de analgésicos».
Los investigadores han detectado que cuando el odontólogo o el cirujano maxilofacial le ofrecen la información preoperatoria al paciente de manera oral y le explican la intervención de manera dialogada, y no solo con la hoja informativa de consentimiento que deben firmar, éste se siente más relajado y disminuye su nivel de ansiedad.
La anestesia local también incrementa el nerviosismo del paciente, que está consciente durante la intervención.
El estudio prospectivo se realizó sobre una serie de 88 pacientes consecutivos que precisaban la extracción de un tercer molar inferior. Antes de recibir ninguna información acerca de la extracción los pacientes completaron el test Spielberger State-Trait Anxiety Inventory — Trait and State. Tras la extracción se evaluó la inflamación y el dolor. Los pacientes rellenaron una escala visual analógica (EVA) de diez puntos en casa cada día a la misma hora de la intervención hasta el octavo día tras la cirugía, cuando se retiró la sutura.
Este trabajo ha sido premiado como el mejor artículo científico publicado en la revista ‘Medicina Oral, Patología Oral y Cirugía Bucal’.
Lo Más lo más 50
</topic_text>
<spam_score>0.00</spam_score>
<post_num>1</post_num>
<post_id>post-1</post_id>
<post_url>http://www.ideal.es/sociedad/salud/investigacion/201506/16/ansiedad-dificultad-recuperacion-tras-20150616114329-rc.html</post_url>
<post_date>20150616</post_date>
<post_time>1150</post_time>
<username>redacción</username>
<post>
Expertos de la Universidad de Sevilla y del Hospital Universitario Virgen del Rocío demuestran que la ansiedad generada antes de someterse a la extracción de la muela del juicio influye notablemente en la recuperación postoperatoria del paciente.
Además, y según el profesor de la Facultad de Odontología Daniel Torres, «la ansiedad influye en el dolor que percibe el paciente durante el postoperatorio en cirugía bucal y en la toma de analgésicos».
Los investigadores han detectado que cuando el odontólogo o el cirujano maxilofacial le ofrecen la información preoperatoria al paciente de manera oral y le explican la intervención de manera dialogada, y no solo con la hoja informativa de consentimiento que deben firmar, éste se siente más relajado y disminuye su nivel de ansiedad.
La anestesia local también incrementa el nerviosismo del paciente, que está consciente durante la intervención.
El estudio prospectivo se realizó sobre una serie de 88 pacientes consecutivos que precisaban la extracción de un tercer molar inferior. Antes de recibir ninguna información acerca de la extracción los pacientes completaron el test Spielberger State-Trait Anxiety Inventory — Trait and State. Tras la extracción se evaluó la inflamación y el dolor. Los pacientes rellenaron una escala visual analógica (EVA) de diez puntos en casa cada día a la misma hora de la intervención hasta el octavo día tras la cirugía, cuando se retiró la sutura.
Este trabajo ha sido premiado como el mejor artículo científico publicado en la revista ‘Medicina Oral, Patología Oral y Cirugía Bucal’.
Lo Más lo más 50
</post>
<signature>

</signature>
<external_links>

</external_links>
<country>ES</country>
<main_image>http://www.ideal.es/RC/201506/16/media/cortadas/muela--575x323.jpg</main_image>
</document>
