<?xml version="1.0" encoding="UTF-8"?>
<document>
<type>mainstream</type>
<forum>http://tudocelular.com//feed/</forum>
<forum_title>Tudocelular.com</forum_title>
<discussion_title>Internautas estão usando sticker de vômito para mostrar desagrado pelo PMDB no Facebook</discussion_title>
<language>portuguese</language>
<gmt_offset></gmt_offset>
<topic_url>http://www.tudocelular.com/curiosidade/noticias/n71780/pagina-pmdb-facebook-protesto-sticker.html</topic_url>
<topic_text>
Postagens mais antigas chegam a mais de 40 mil comentários, sendo a imensa maioria apenas o sticker. Não é possível afirmar que sejam apenas simpatizantes do PT ou de Dilma Rousseff que estão se mobilizando em resposta aos memes do afastamento da titular, que começaram j na terça-feira (10). Uma pesquisa do Datafolha indicou que 58% da população quer o impeachment do vice, enquanto 61% era a favor da cassação da titular. Já o Ibope apontou que o vice-presidente teria apoio de apenas 8% da população em um eventual governo. A maioria da população (62%) prefere novas eleições. 
Mas não são apenas os posts relacionados ao presidente interino que estão recebendo a manifestação. Qualquer postagem realizada pelo perfil do partido na rede recebe uma onda de stickers de vômito. Veja alguns exemplos dos posts mais comentados na galeria abaixo: 
Informações dão conta de que os responsáveis pelo perfil do partido começaram a bloquear usuários que postam o sticker na página. No entanto, se você quiser deixar a sua marda, basta entrar na página do PMDB no Facebook, começar a escrever um comentário e selecionar o ícone para enviar um emoticon ou sticker. O vômito está no pacote &quot;Meep&quot;, que, se você ainda não tiver, pode ser baixado de graça pelo ícone do carrinho de compras. É instantâneo.
</topic_text>
<spam_score>0.00</spam_score>
<post_num>1</post_num>
<post_id>post-1</post_id>
<post_url>http://www.tudocelular.com/curiosidade/noticias/n71780/pagina-pmdb-facebook-protesto-sticker.html</post_url>
<post_date>20160512</post_date>
<post_time>1025</post_time>
<username>Tudocelular.com</username>
<post>
Postagens mais antigas chegam a mais de 40 mil comentários, sendo a imensa maioria apenas o sticker. Não é possível afirmar que sejam apenas simpatizantes do PT ou de Dilma Rousseff que estão se mobilizando em resposta aos memes do afastamento da titular, que começaram j na terça-feira (10). Uma pesquisa do Datafolha indicou que 58% da população quer o impeachment do vice, enquanto 61% era a favor da cassação da titular. Já o Ibope apontou que o vice-presidente teria apoio de apenas 8% da população em um eventual governo. A maioria da população (62%) prefere novas eleições. 
Mas não são apenas os posts relacionados ao presidente interino que estão recebendo a manifestação. Qualquer postagem realizada pelo perfil do partido na rede recebe uma onda de stickers de vômito. Veja alguns exemplos dos posts mais comentados na galeria abaixo: 
Informações dão conta de que os responsáveis pelo perfil do partido começaram a bloquear usuários que postam o sticker na página. No entanto, se você quiser deixar a sua marda, basta entrar na página do PMDB no Facebook, começar a escrever um comentário e selecionar o ícone para enviar um emoticon ou sticker. O vômito está no pacote &quot;Meep&quot;, que, se você ainda não tiver, pode ser baixado de graça pelo ícone do carrinho de compras. É instantâneo.
</post>
<signature>

</signature>
<external_links>

</external_links>
<country>US</country>
<main_image>http://i2.tudocdn.net/img/type28/width646/height284/id172565_1.jpg</main_image>
</document>
