<?xml version="1.0" encoding="UTF-8"?>
<document>
<type>mainstream</type>
<forum></forum>
<forum_title></forum_title>
<discussion_title>E! Reality TV Star Khloé Kardashian Stuns In A Transperent Beige Balmain Outfit - Crystalgbedu Media</discussion_title>
<language>english</language>
<gmt_offset></gmt_offset>
<topic_url>http://crystalgbedu.com/e-reality-tv-star-khloe-kardashian-stuns-in-a-transperent-beige-balmain-outfit/</topic_url>
<topic_text>
SHARE 
Khloe Kardashian wore this sheer beige Balmain outfit to tape the Ellen DeGeneres show, yesterday. 
She shared photos of herself via IG and revealed that her stylist had to add a slip (pictured left) to the dress because it was too sheer for TV. 
</topic_text>
<spam_score>0.00</spam_score>
<post_num>1</post_num>
<post_id>post-1</post_id>
<post_url>http://crystalgbedu.com/e-reality-tv-star-khloe-kardashian-stuns-in-a-transperent-beige-balmain-outfit/</post_url>
<post_date>20160512</post_date>
<post_time></post_time>
<username></username>
<post>
SHARE 
Khloe Kardashian wore this sheer beige Balmain outfit to tape the Ellen DeGeneres show, yesterday. 
She shared photos of herself via IG and revealed that her stylist had to add a slip (pictured left) to the dress because it was too sheer for TV. 
</post>
<signature>

</signature>
<external_links>

</external_links>
<country>GB</country>
<main_image>http://crystalgbedu.com/wp-content/uploads/2016/05/wp-1463069885041.jpg</main_image>
</document>
