<?xml version="1.0" encoding="UTF-8"?>
<document>
<type>mainstream</type>
<forum></forum>
<forum_title></forum_title>
<discussion_title>Union &amp; Actions - 147 - 08 - Coup de froid sur le moral des chefs de PME / 147 - 13-05-2016 / 2016 / Edition du journal / Accueil U&amp;A / PlateForme</discussion_title>
<language>french</language>
<gmt_offset></gmt_offset>
<topic_url>http://www.unionetactions.be/Edition-du-journal/2016/147-13-05-2016/Coup-de-froid-sur-le-moral-des-chefs-de-PME</topic_url>
<topic_text>
Conjoncture | Baromètre trimestriel UCM Coup de froid sur le moral des chefs de PME Le baromètre trimestriel de l&apos;UCM réalisé auprès des chefs de PME était en hausse depuis un an et demi. Il est en sérieux repli en ce début 2016. L&apos;effet sans doute des attentats et des tensions sociales... 
Chaque trimestre depuis deux ans, l&apos;UCM établit un baromètre des PME wallonnes et bruxelloises en interrogeant plusieurs centaines de chefs d&apos;entreprise sur leur situation et leurs prévisions. Un indicateur global synthétise leur perception de la santé économique de leur PME. 
Depuis l&apos;été 2014, cet indice global était à la hausse, passant de 96,8 à 98,7 au dernier trimestre de l&apos;an dernier. Le premier trimestre 2016 montre un net recul à 97,8. L&apos;analyse montre que ce sont surtout les prévisions pour les prochains mois qui sont moins bonnes. Les éléments objectifs de santé financière, d&apos;emploi... restent stables. 
Plusieurs éléments peuvent expliquer cette chute de la confiance. D&apos;abord, il y a eu les attentats du 22 mars à Bruxelles. L&apos;enquête trimestrielle a été lancée dans les jours qui ont suivi. L&apos;émotion suscitée par l&apos;horreur des faits a certainement pesé sur les réponses des entrepreneurs. 
Le retour de la tension sociale est un autre élément qui a sans doute refroidi l&apos;optimisme de 2015. Même si les syndicats n&apos;avaient pas encore annoncé de manifestations et de grèves, il était évident au moment du sondage qu&apos;ils étaient prêts à repartir en guerre contre le gouvernement. On peut encore ajouter l&apos;entrée en vigueur de la taxe kilométrique au 1 er avril ou un budget de l&apos;État en dérapage pour expliquer ce recul de la confiance des chefs de PME. Pression fiscale : ça va mieux 
Selon le baromètre UCM, l&apos;activité est restée stable au premier trimestre 2016, mais les bénéfices et la rentabilité sont en léger recul. Pour les mois suivants, les chefs de PME restent positifs sur l&apos;évolution de leur activité avec un indice de 101,6, inférieur toutefois au record enregistré au trimestre précédent (102,9). Ils sont pessimistes quant à leur rentabilité. D&apos;ailleurs, la perception de l&apos;évolution du climat économique est mauvaise à 88,5 (- 2,7). 
Logiquement, les entrepreneurs sondés indiquent avoir globalement augmenté l&apos;emploi durant les trois premiers mois de cette année. Mais ils anticipent une légère contraction et envisagent de réduire leurs investissements. 
Le baromètre interroge les chefs de PME sur les freins à leur activité. Il est intéressant de noter que si la pression fiscale (54,3 %) et le coût du travail (53,3 %) arrivent toujours en tête des obstacles les plus souvent cités, une amélioration est sensible. Le coût du travail en particulier était encore pointé par 57,1 % des répondants au dernier trimestre de 2015. Cela prouve que la modération salariale et les mesures du tax shift fédéral commencent à montrer leurs effets, même si le problème des charges reste lourd. Les chefs de PME sondés ayant, par définition, déjà du personnel, ils ne bénéficient pas de la mesure phare du tax shift : l&apos;exonération totale des charges patronales sur le premier emploi. 
Toujours au rayon des freins à l&apos;activité, l&apos;environnement économique incertain arrive en troisième position (48,3 %, + 2 %), devant les &quot;normes et législations excessives&quot; (46 %, + 1,4 %). La difficulté à obtenir un crédit reste en huitième position, mais la situation s&apos;améliore (13,9 %, - 3,7 %). Partagez Z&apos;ont dit De Paul Magnette 
(PS), ministre-président wallon : &quot;La grève à l&apos;ancienne, la manifestation de masse à l&apos;ancienne, une certaine rhétorique ne passent plus. Les syndicats et la gauche, nous perdons la bataille de la communication.&quot; (Le Soir, 30/04/16) LES PLUS LUS / TOP 10 
</topic_text>
<spam_score>0.00</spam_score>
<post_num>1</post_num>
<post_id>post-1</post_id>
<post_url>http://www.unionetactions.be/Edition-du-journal/2016/147-13-05-2016/Coup-de-froid-sur-le-moral-des-chefs-de-PME</post_url>
<post_date>20140417</post_date>
<post_time></post_time>
<username></username>
<post>
Conjoncture | Baromètre trimestriel UCM Coup de froid sur le moral des chefs de PME Le baromètre trimestriel de l&apos;UCM réalisé auprès des chefs de PME était en hausse depuis un an et demi. Il est en sérieux repli en ce début 2016. L&apos;effet sans doute des attentats et des tensions sociales... 
Chaque trimestre depuis deux ans, l&apos;UCM établit un baromètre des PME wallonnes et bruxelloises en interrogeant plusieurs centaines de chefs d&apos;entreprise sur leur situation et leurs prévisions. Un indicateur global synthétise leur perception de la santé économique de leur PME. 
Depuis l&apos;été 2014, cet indice global était à la hausse, passant de 96,8 à 98,7 au dernier trimestre de l&apos;an dernier. Le premier trimestre 2016 montre un net recul à 97,8. L&apos;analyse montre que ce sont surtout les prévisions pour les prochains mois qui sont moins bonnes. Les éléments objectifs de santé financière, d&apos;emploi... restent stables. 
Plusieurs éléments peuvent expliquer cette chute de la confiance. D&apos;abord, il y a eu les attentats du 22 mars à Bruxelles. L&apos;enquête trimestrielle a été lancée dans les jours qui ont suivi. L&apos;émotion suscitée par l&apos;horreur des faits a certainement pesé sur les réponses des entrepreneurs. 
Le retour de la tension sociale est un autre élément qui a sans doute refroidi l&apos;optimisme de 2015. Même si les syndicats n&apos;avaient pas encore annoncé de manifestations et de grèves, il était évident au moment du sondage qu&apos;ils étaient prêts à repartir en guerre contre le gouvernement. On peut encore ajouter l&apos;entrée en vigueur de la taxe kilométrique au 1 er avril ou un budget de l&apos;État en dérapage pour expliquer ce recul de la confiance des chefs de PME. Pression fiscale : ça va mieux 
Selon le baromètre UCM, l&apos;activité est restée stable au premier trimestre 2016, mais les bénéfices et la rentabilité sont en léger recul. Pour les mois suivants, les chefs de PME restent positifs sur l&apos;évolution de leur activité avec un indice de 101,6, inférieur toutefois au record enregistré au trimestre précédent (102,9). Ils sont pessimistes quant à leur rentabilité. D&apos;ailleurs, la perception de l&apos;évolution du climat économique est mauvaise à 88,5 (- 2,7). 
Logiquement, les entrepreneurs sondés indiquent avoir globalement augmenté l&apos;emploi durant les trois premiers mois de cette année. Mais ils anticipent une légère contraction et envisagent de réduire leurs investissements. 
Le baromètre interroge les chefs de PME sur les freins à leur activité. Il est intéressant de noter que si la pression fiscale (54,3 %) et le coût du travail (53,3 %) arrivent toujours en tête des obstacles les plus souvent cités, une amélioration est sensible. Le coût du travail en particulier était encore pointé par 57,1 % des répondants au dernier trimestre de 2015. Cela prouve que la modération salariale et les mesures du tax shift fédéral commencent à montrer leurs effets, même si le problème des charges reste lourd. Les chefs de PME sondés ayant, par définition, déjà du personnel, ils ne bénéficient pas de la mesure phare du tax shift : l&apos;exonération totale des charges patronales sur le premier emploi. 
Toujours au rayon des freins à l&apos;activité, l&apos;environnement économique incertain arrive en troisième position (48,3 %, + 2 %), devant les &quot;normes et législations excessives&quot; (46 %, + 1,4 %). La difficulté à obtenir un crédit reste en huitième position, mais la situation s&apos;améliore (13,9 %, - 3,7 %). Partagez Z&apos;ont dit De Paul Magnette 
(PS), ministre-président wallon : &quot;La grève à l&apos;ancienne, la manifestation de masse à l&apos;ancienne, une certaine rhétorique ne passent plus. Les syndicats et la gauche, nous perdons la bataille de la communication.&quot; (Le Soir, 30/04/16) LES PLUS LUS / TOP 10 
</post>
<signature>

</signature>
<external_links>

</external_links>
<country>BE</country>
<main_image>http://www.unionetactions.be/extension/ucm/design/common/images/logo-unionetactions-og-image-20140417.jpg</main_image>
</document>
