<?xml version="1.0" encoding="UTF-8"?>
<document>
<type>mainstream</type>
<forum>http://www.la-razon.com/rss/</forum>
<forum_title>La Razón (Bolivia) - Home</forum_title>
<discussion_title>Rousseff afirma que está en juego ‘el futuro de Brasil’ y no su mandato</discussion_title>
<language>spanish</language>
<gmt_offset></gmt_offset>
<topic_url>http://www.la-razon.com/mundo/brasil-rousseff-discurso_0_2489151096.html</topic_url>
<topic_text>
brasil Rousseff afirma que está en juego ‘el futuro de Brasil’ y no su mandato Arropada por quienes fueron sus ministros y colaboradores, Rousseff hizo un pronunciamiento en el Palacio presidencial de Planalto tras ser notificada de su suspensión. 
Rousseff dijo este jueves que la democracia y la Constitución están en juego después de verse obligada a dejar la presidencia. Foto: AFP 
La Razón Digital / EFE / Brasilia 
11:20   La presidenta de Brasil, Dilma Rousseff, suspendida de su cargo por el Senado, afirmó este jueves que en el juicio político al que será sometida en el Parlamento, no estará en juego su mandato, sino el &quot;futuro&quot; del propio país. Arropada por quienes fueron sus ministros y colaboradores, Rousseff hizo un pronunciamiento en el Palacio presidencial de Planalto tras ser notificada de su suspensión y aseguró que sufre &quot;la mayor de las brutalidades que se puede cometer contra un ser humano: castigarlo por un crimen que no cometió&quot;. Rousseff hizo un emocionado discurso pero supo mantener el temple para volver a denunciar lo que en su opinión es un &quot;golpe&quot;, frente al cual pidió a sus partidarios que se mantengan &quot;movilizados, unidos y en paz&quot;, porque &quot;la lucha por la democracia no tiene una fecha para acabar&quot;. La mandataria, ya suspendida de su cargo durante los 180 días que puede durar el juicio político abierto hoy por el Senado, aseguró que esa decisión abre &quot;un momento decisivo para la democracia&quot; y el &quot;futuro de la nación&quot;, que es lo que se jugará en el proceso. Rousseff evitó la condición de &quot;suspendida&quot; y dijo que se dirigía al país en condición de &quot;presidenta electa&quot; por los 54 millones de votos que recibió en los comicios de 2014, cuando fue reelegida para el segundo período interrumpido hoy. Afirmó que &quot;lo que está en juego ahora&quot; no es su mandato, sino &quot;el respeto a las urnas, a la voluntad soberana del pueblo y la Constitución&quot;, las &quot;conquistas sociales de los últimos años&quot;, la &quot;esperanza&quot; de los más pobres y también la enorme riqueza petrolera descubierta en aguas profundas del océano Atlántico. Tal como ha hecho en los últimos meses, negó las acusaciones en su contra, fundamentadas en unas maniobras fiscales irregulares en que incurrió el Gobierno en 2014 y 2015, y aseguró que cuando se acusa a un gobernante sin pruebas, &quot;en el mundo democrático se lo llama golpe&quot;. Insistió en que es objeto de un &quot;proceso frágil, jurídicamente inconsistente e injusto, contra alguien que no ha cometido ningún delito&quot; y reiteró que &quot;no existe injusticia más devastadora que condenar a un inocente&quot;. También aseguró, en franca alusión al vicepresidente Michel Temer, que asumirá su cargo a partir de hoy, que &quot;el mayor riesgo en este momento es que el país sea dirigido por los sin votos, aquellos que no fueron elegidos por la población y que no tienen legitimidad para enfrentar los desafíos&quot; de Brasil. Advirtió de que la gestión que encabezará Temer &quot;podrá verse tentada a reprimir a quienes piensen distinto&quot; y afirmó que ese nuevo Gobierno &quot;será la gran razón para la continuidad de la crisis política&quot; en el país. &quot;Tengo orgullo de ser la primera mujer electa presidenta de Brasil&quot; y &quot;lucharé con todos los instrumentos legales para ejercer mi mandado hasta el fin, indicó Rousseff, quien dijo que &quot;el destino siempre&quot; le reservó duros desafíos. Citó &quot;el dolor invisible de la tortura&quot; que sufrió en su juventud en las cárceles de la dictadura, y el dolor de un cáncer que le fue detectado en 2009. &quot;Conseguí vencerlos siempre, pero ahora sufro el dolor de la injusticia y lo que más duele es la injusticia, el percibir que soy víctima de una farsa jurídica y política&quot; cuando &quot;creía que ya no sería necesario volver a luchar contra un golpe&quot;, declaró con la voz a punto de quebrarse y casi con lágrimas en los ojos. No obstante, garantizó que &quot;la lucha contra el golpe es larga, puede ser vencida y será vencida&quot;, pues &quot;se le probará al mundo que hay millones de defensores de la democracia&quot; en Brasil. &quot;Nuestro pueblo sabe que la historia es hecha de lucha y que siempre vale la pena luchar por la democracia, que es el lado cierto de la historia&quot;, declaró Rousseff, que podría recuperar el cargo si fuera absuelta en el proceso que enfrentará en el Senado. (12-05-2016)
</topic_text>
<spam_score>0.00</spam_score>
<post_num>1</post_num>
<post_id>post-1</post_id>
<post_url>http://www.la-razon.com/mundo/brasil-rousseff-discurso_0_2489151096.html</post_url>
<post_date>20160512</post_date>
<post_time>1520</post_time>
<username></username>
<post>
brasil Rousseff afirma que está en juego ‘el futuro de Brasil’ y no su mandato Arropada por quienes fueron sus ministros y colaboradores, Rousseff hizo un pronunciamiento en el Palacio presidencial de Planalto tras ser notificada de su suspensión. 
Rousseff dijo este jueves que la democracia y la Constitución están en juego después de verse obligada a dejar la presidencia. Foto: AFP 
La Razón Digital / EFE / Brasilia 
11:20   La presidenta de Brasil, Dilma Rousseff, suspendida de su cargo por el Senado, afirmó este jueves que en el juicio político al que será sometida en el Parlamento, no estará en juego su mandato, sino el &quot;futuro&quot; del propio país. Arropada por quienes fueron sus ministros y colaboradores, Rousseff hizo un pronunciamiento en el Palacio presidencial de Planalto tras ser notificada de su suspensión y aseguró que sufre &quot;la mayor de las brutalidades que se puede cometer contra un ser humano: castigarlo por un crimen que no cometió&quot;. Rousseff hizo un emocionado discurso pero supo mantener el temple para volver a denunciar lo que en su opinión es un &quot;golpe&quot;, frente al cual pidió a sus partidarios que se mantengan &quot;movilizados, unidos y en paz&quot;, porque &quot;la lucha por la democracia no tiene una fecha para acabar&quot;. La mandataria, ya suspendida de su cargo durante los 180 días que puede durar el juicio político abierto hoy por el Senado, aseguró que esa decisión abre &quot;un momento decisivo para la democracia&quot; y el &quot;futuro de la nación&quot;, que es lo que se jugará en el proceso. Rousseff evitó la condición de &quot;suspendida&quot; y dijo que se dirigía al país en condición de &quot;presidenta electa&quot; por los 54 millones de votos que recibió en los comicios de 2014, cuando fue reelegida para el segundo período interrumpido hoy. Afirmó que &quot;lo que está en juego ahora&quot; no es su mandato, sino &quot;el respeto a las urnas, a la voluntad soberana del pueblo y la Constitución&quot;, las &quot;conquistas sociales de los últimos años&quot;, la &quot;esperanza&quot; de los más pobres y también la enorme riqueza petrolera descubierta en aguas profundas del océano Atlántico. Tal como ha hecho en los últimos meses, negó las acusaciones en su contra, fundamentadas en unas maniobras fiscales irregulares en que incurrió el Gobierno en 2014 y 2015, y aseguró que cuando se acusa a un gobernante sin pruebas, &quot;en el mundo democrático se lo llama golpe&quot;. Insistió en que es objeto de un &quot;proceso frágil, jurídicamente inconsistente e injusto, contra alguien que no ha cometido ningún delito&quot; y reiteró que &quot;no existe injusticia más devastadora que condenar a un inocente&quot;. También aseguró, en franca alusión al vicepresidente Michel Temer, que asumirá su cargo a partir de hoy, que &quot;el mayor riesgo en este momento es que el país sea dirigido por los sin votos, aquellos que no fueron elegidos por la población y que no tienen legitimidad para enfrentar los desafíos&quot; de Brasil. Advirtió de que la gestión que encabezará Temer &quot;podrá verse tentada a reprimir a quienes piensen distinto&quot; y afirmó que ese nuevo Gobierno &quot;será la gran razón para la continuidad de la crisis política&quot; en el país. &quot;Tengo orgullo de ser la primera mujer electa presidenta de Brasil&quot; y &quot;lucharé con todos los instrumentos legales para ejercer mi mandado hasta el fin, indicó Rousseff, quien dijo que &quot;el destino siempre&quot; le reservó duros desafíos. Citó &quot;el dolor invisible de la tortura&quot; que sufrió en su juventud en las cárceles de la dictadura, y el dolor de un cáncer que le fue detectado en 2009. &quot;Conseguí vencerlos siempre, pero ahora sufro el dolor de la injusticia y lo que más duele es la injusticia, el percibir que soy víctima de una farsa jurídica y política&quot; cuando &quot;creía que ya no sería necesario volver a luchar contra un golpe&quot;, declaró con la voz a punto de quebrarse y casi con lágrimas en los ojos. No obstante, garantizó que &quot;la lucha contra el golpe es larga, puede ser vencida y será vencida&quot;, pues &quot;se le probará al mundo que hay millones de defensores de la democracia&quot; en Brasil. &quot;Nuestro pueblo sabe que la historia es hecha de lucha y que siempre vale la pena luchar por la democracia, que es el lado cierto de la historia&quot;, declaró Rousseff, que podría recuperar el cargo si fuera absuelta en el proceso que enfrentará en el Senado. (12-05-2016)
</post>
<signature>

</signature>
<external_links>

</external_links>
<country>US</country>
<main_image></main_image>
</document>
