<?xml version="1.0" encoding="UTF-8"?>
<document>
<type>mainstream</type>
<forum></forum>
<forum_title></forum_title>
<discussion_title>Radikal PSV&apos;li taraftarların şınav çektirdiği mülte haberini oku</discussion_title>
<language>turkish</language>
<gmt_offset></gmt_offset>
<topic_url>http://www.medyatrendleri.com/radikal-haberleri/psvli-taraftarlarin-sinav-cektirdigi-multeciler-istanbullu-cikti-c5721b6</topic_url>
<topic_text>
KAPAT PSV&apos;li taraftarların şınav çektirdiği mülteciler İstanbullu çıktı! Geçtiğimiz gün sosyal medyayı sallayan PSV&apos;li taraftarların mültecilere para atıp dalga geçtiği, şınav çektirdiği mültecileri Haluk Levent buldu. Haluk Levent&apos;in yayınladığı video inanılmaz bir gerçeği ortaya çıkarttı. Söz konusu görüntülerdeki mülteciler İstanbullu çıktı! Radikal Magazin - 17.03.2016 14:00 
</topic_text>
<spam_score>0.00</spam_score>
<post_num>1</post_num>
<post_id>post-1</post_id>
<post_url>http://www.medyatrendleri.com/radikal-haberleri/psvli-taraftarlarin-sinav-cektirdigi-multeciler-istanbullu-cikti-c5721b6</post_url>
<post_date>20160512</post_date>
<post_time></post_time>
<username></username>
<post>
KAPAT PSV&apos;li taraftarların şınav çektirdiği mülteciler İstanbullu çıktı! Geçtiğimiz gün sosyal medyayı sallayan PSV&apos;li taraftarların mültecilere para atıp dalga geçtiği, şınav çektirdiği mültecileri Haluk Levent buldu. Haluk Levent&apos;in yayınladığı video inanılmaz bir gerçeği ortaya çıkarttı. Söz konusu görüntülerdeki mülteciler İstanbullu çıktı! Radikal Magazin - 17.03.2016 14:00 
</post>
<signature>

</signature>
<external_links>

</external_links>
<country></country>
<main_image>http://xdn001.medyatrendleri.com/images/2016-05-12/psvli-taraftarlarin-sinav-cektirdigi-multeciler-istanbullu-cikti-c5721b6.jpg</main_image>
</document>
