<?xml version="1.0" encoding="UTF-8"?>
<document>
<type>mainstream</type>
<forum>http://bangka.tribunnews.com/rss</forum>
<forum_title>Bangka Pos</forum_title>
<discussion_title>Sebut Tyas Mirasih &apos;Dipakai Berulang-ulang’ Netizen Ini Pun Langsung Minta Maaf</discussion_title>
<language>malay</language>
<gmt_offset></gmt_offset>
<topic_url>http://bangka.tribunnews.com/2016/05/12/sebut-tyas-mirasih-dipakai-berulang-ulang-netizen-ini-pun-langsung-minta-maaf</topic_url>
<topic_text>
Hal ini menyusul pernyataan Roby Abbas, mucikari prostitusi online yangsaat ini menjalani proses hukum. 
Tak pelak, Tyas Mirasih kini menjadi bahan bullyan di media sosial. 
Serangan haters itu rupanya membuat gerah mantan kekasih Bams ‘Samsons’ ini. 
Saking gerahnya, Tyas menangkap salah satu netizen yang menghujatnya di instagram.
</topic_text>
<spam_score>0.00</spam_score>
<post_num>1</post_num>
<post_id>post-1</post_id>
<post_url>http://bangka.tribunnews.com/2016/05/12/sebut-tyas-mirasih-dipakai-berulang-ulang-netizen-ini-pun-langsung-minta-maaf</post_url>
<post_date>20160512</post_date>
<post_time>1327</post_time>
<username></username>
<post>
Hal ini menyusul pernyataan Roby Abbas, mucikari prostitusi online yangsaat ini menjalani proses hukum. 
Tak pelak, Tyas Mirasih kini menjadi bahan bullyan di media sosial. 
Serangan haters itu rupanya membuat gerah mantan kekasih Bams ‘Samsons’ ini. 
Saking gerahnya, Tyas menangkap salah satu netizen yang menghujatnya di instagram.
</post>
<signature>

</signature>
<external_links>

</external_links>
<country>US</country>
<main_image>http://cdn-2.tstatic.net/bangka/foto/bank/images/tyas-mirasih_20160106_091605.jpg</main_image>
</document>
