<?xml version="1.0" encoding="UTF-8"?>
<document>
<type>mainstream</type>
<forum>http://www.monitor.hr/rss</forum>
<forum_title>Monitor.hr</forum_title>
<discussion_title>Šef mladeži HDZ-a Josip Bilaver (30), ekonomist, koji nema nikakve veze sa zdravstvom, postavljen da upravlja zaraznom bolnicom</discussion_title>
<language>croatian</language>
<gmt_offset></gmt_offset>
<topic_url>http://www.index.hr/vijesti/clanak/ruganje-lijecnicima-sef-mladezi-hdza-koji-nema-nikave-veze-sa-zdravstvom-upravlja-zaraznom/892629.aspx</topic_url>
<topic_text>
Tekst 
Foto: FAH, Google maps ZA UPRAVLJANJE bolnicom u Hrvatskoj dovoljno je imati završen ekonomski fakultet, 30 godina starosti i biti predsjednik Mladeži HDZ-a. Vlada je prije desetak dana na zatvorenom dijelu sjednice, na kojem uobičajeno raspravlja o kadrovskim pitanjima, imenovala Josipa Bilavera predsjednikom upravnog vijeća Klinike za infektivne bolesti Fran Mihaljević. 
U razgovoru za Index Bilaver je ranije potvrdio da je imenovan na tu poziciju te kako će uskoro imenovati novog ravnatelja bolnice. Kako glavnog kandidata istaknuo je dr. Roka Čivljaka, dopredsjednika Hrvatskog katoličkog liječničkog društva iza kojeg stoji biskup Pozaić.&quot;Još nismo sazvali sjednicu Upravnog vijeća, niti sam se sastao s dr. Vince. Imamo nekoliko kandidata za ravnatelja, a Čivljak je glavni kandidat, no moramo još vidjeti rezultate bolnice i rezultate dr. Vince te porazgovarati sa svima. Sve su mogućnosti otvorene, želimo donijeti odluku koja će biti u najboljem interesu bolnice. Iako su se pojavile glasine da je dr. Vince smijenjena, to nije istina&quot;, rekao je Bilaver za Index, dodajući kako mu je cilj prvenstveno smanjiti troškove bolnice. &quot;Moramo napraviti određene promjene i smjena neće biti radi smjene već moramo vidjeti rezultate&quot;, kazao nam je Bilaver. Od svih liječnika, a samo u bolnici koju Zagrepčani kolokvijalno nazivaju &quot;Zarazna&quot; ima ih pedesetak, ministar zdravlja Dario Nakić izabrao je mladog Zadranina Bilavera koji sa zdravstvom nema baš nikakve veze, a u službenoj biografiji ne navodi se ni neko radno iskustvo koje bi moglo biti referenca za te poslove. Kao šef upravnog vijeća Josip Bilaver bit će nadređen Petrani Brečić, psihijatrici, i Milanu Vrkljanu, endokrinologu. Njih dvoje je vlada imenovala na istoj sjednici, a Vrkljan iza sebe ima aferu iz 2012. godine kada je nepravomoćno osuđen za uzimanje mita. Rodbinske veze i propala tvrtka No, mladi Bilaver ima druge reference, daleko važnije. Predsjednik Mladeži HDZ-a postao je kao jedini kandidat nakon što je Tomislav Karamarko osvojio stranku. Na tom je mjestu naslijedio Martinu Banić koja je bila nepoželjna kao suradnica Karamarkove prethodnice Jadranke Kosor. Mladi Škabrnjanin obiteljski je povezan s Frankom Bilaverom, nekadašnjim HDZ-ovim povjerenikom za Sjevernu Ameriku, prekaljenim HDZ-ovim internetskim ratnikom koji se proslavio kada je s fotografije Ive Sanadera i Georga Busha uklonio tadašnjeg ministra kulture Božu Biškupića i montirao svoj lik. 
Josip Bilaver vlasnik je male tvrtke Alicante Consult za savjetovanje. Imao je i tvrtku Mediatus Poslovno savjetovanje, ali ona je u manje od dvije godine završila u stečaju. Trenutno je zastupnik u Saboru. Dosad su barem imenovali liječnike Podsjetimo, ovo nije prvi, iako je najdrastičniji primjer političkog kadroviranja u zdravstvu. Aktualna vlada je nastavila praksu svojih prethodnica tako da je Ante Čorušić postao sanacijski upravitelj KBC Zagreb, kada mu je izmaklo obećano mjesto ministra zdravlja. SDP-ovac Zoran Milanović, pak, javno se pohvalio da je Rajku Ostojiću stranka osigurala sve što je htio u toj istoj bolnici. Hrvatska liječnička komora osudila je političko kadroviranje u zdravstvu nakon Milanovićevih riječi. O Bilaverovom slučaju se još nije oglasila. 
Komentari Komentari na forumu objavljuju se u realnom vremenu i Index.hr ne može se smatrati odgovornim za izrečeno. Zabranjeno je vrijeđanje, psovanje i klevetanje. Upisi s takvim sadržajem bit će izbrisani, a njihovi autori prijavljeni nadležnim službama. Vezano
</topic_text>
<spam_score>0.00</spam_score>
<post_num>1</post_num>
<post_id>post-1</post_id>
<post_url>http://www.index.hr/vijesti/clanak/ruganje-lijecnicima-sef-mladezi-hdza-koji-nema-nikave-veze-sa-zdravstvom-upravlja-zaraznom/892629.aspx</post_url>
<post_date>20160512</post_date>
<post_time>1622</post_time>
<username></username>
<post>
Tekst 
Foto: FAH, Google maps ZA UPRAVLJANJE bolnicom u Hrvatskoj dovoljno je imati završen ekonomski fakultet, 30 godina starosti i biti predsjednik Mladeži HDZ-a. Vlada je prije desetak dana na zatvorenom dijelu sjednice, na kojem uobičajeno raspravlja o kadrovskim pitanjima, imenovala Josipa Bilavera predsjednikom upravnog vijeća Klinike za infektivne bolesti Fran Mihaljević. 
U razgovoru za Index Bilaver je ranije potvrdio da je imenovan na tu poziciju te kako će uskoro imenovati novog ravnatelja bolnice. Kako glavnog kandidata istaknuo je dr. Roka Čivljaka, dopredsjednika Hrvatskog katoličkog liječničkog društva iza kojeg stoji biskup Pozaić.&quot;Još nismo sazvali sjednicu Upravnog vijeća, niti sam se sastao s dr. Vince. Imamo nekoliko kandidata za ravnatelja, a Čivljak je glavni kandidat, no moramo još vidjeti rezultate bolnice i rezultate dr. Vince te porazgovarati sa svima. Sve su mogućnosti otvorene, želimo donijeti odluku koja će biti u najboljem interesu bolnice. Iako su se pojavile glasine da je dr. Vince smijenjena, to nije istina&quot;, rekao je Bilaver za Index, dodajući kako mu je cilj prvenstveno smanjiti troškove bolnice. &quot;Moramo napraviti određene promjene i smjena neće biti radi smjene već moramo vidjeti rezultate&quot;, kazao nam je Bilaver. Od svih liječnika, a samo u bolnici koju Zagrepčani kolokvijalno nazivaju &quot;Zarazna&quot; ima ih pedesetak, ministar zdravlja Dario Nakić izabrao je mladog Zadranina Bilavera koji sa zdravstvom nema baš nikakve veze, a u službenoj biografiji ne navodi se ni neko radno iskustvo koje bi moglo biti referenca za te poslove. Kao šef upravnog vijeća Josip Bilaver bit će nadređen Petrani Brečić, psihijatrici, i Milanu Vrkljanu, endokrinologu. Njih dvoje je vlada imenovala na istoj sjednici, a Vrkljan iza sebe ima aferu iz 2012. godine kada je nepravomoćno osuđen za uzimanje mita. Rodbinske veze i propala tvrtka No, mladi Bilaver ima druge reference, daleko važnije. Predsjednik Mladeži HDZ-a postao je kao jedini kandidat nakon što je Tomislav Karamarko osvojio stranku. Na tom je mjestu naslijedio Martinu Banić koja je bila nepoželjna kao suradnica Karamarkove prethodnice Jadranke Kosor. Mladi Škabrnjanin obiteljski je povezan s Frankom Bilaverom, nekadašnjim HDZ-ovim povjerenikom za Sjevernu Ameriku, prekaljenim HDZ-ovim internetskim ratnikom koji se proslavio kada je s fotografije Ive Sanadera i Georga Busha uklonio tadašnjeg ministra kulture Božu Biškupića i montirao svoj lik. 
Josip Bilaver vlasnik je male tvrtke Alicante Consult za savjetovanje. Imao je i tvrtku Mediatus Poslovno savjetovanje, ali ona je u manje od dvije godine završila u stečaju. Trenutno je zastupnik u Saboru. Dosad su barem imenovali liječnike Podsjetimo, ovo nije prvi, iako je najdrastičniji primjer političkog kadroviranja u zdravstvu. Aktualna vlada je nastavila praksu svojih prethodnica tako da je Ante Čorušić postao sanacijski upravitelj KBC Zagreb, kada mu je izmaklo obećano mjesto ministra zdravlja. SDP-ovac Zoran Milanović, pak, javno se pohvalio da je Rajku Ostojiću stranka osigurala sve što je htio u toj istoj bolnici. Hrvatska liječnička komora osudila je političko kadroviranje u zdravstvu nakon Milanovićevih riječi. O Bilaverovom slučaju se još nije oglasila. 
Komentari Komentari na forumu objavljuju se u realnom vremenu i Index.hr ne može se smatrati odgovornim za izrečeno. Zabranjeno je vrijeđanje, psovanje i klevetanje. Upisi s takvim sadržajem bit će izbrisani, a njihovi autori prijavljeni nadležnim službama. Vezano
</post>
<signature>

</signature>
<external_links>

</external_links>
<country>HR</country>
<main_image>http://www.index.hr/images2/politicar_dogadaj_template_bilavermihaljevic.jpg</main_image>
</document>
