<?xml version="1.0" encoding="UTF-8"?>
<document>
<type>mainstream</type>
<forum>http://www.smh.com.au/entertainment/stage</forum>
<forum_title>Stage</forum_title>
<discussion_title>From Coyote Ugly to the UK&apos;s Got to Dance, Adam Garcia takes a Gene Kelly turn</discussion_title>
<language>english</language>
<gmt_offset></gmt_offset>
<topic_url>http://www.smh.com.au/entertainment/dance/from-coyote-ugly-to-the-uks-got-to-dance-adam-garcia-takes-a-gene-kelly-turn-20160502-gnp96j.html</topic_url>
<topic_text>
Adam Garcia is back in Australia for Singin&apos; in the Rain. Photo: Luis Ascui
Even before Adam Garcia arrives for lunch at South Melbourne&apos;s Bellota wine bar (a text message has arrived to say he is running 10 minutes late) there is considerable pre-prandial consternation. Waitress Holly, a native of Somerset, England, is aquiver, explaining that &quot;every teenage girl&quot; 16 years ago was ga-ga about Garcia after his infamous bar-room strip tease in the American flick Coyote Ugly . And Tasha and Donna, business-lunching at the next table, have also twigged to the pending arrival and seem visibly skittish. Me? I am more enthused about the Quote: Garcia gave a magazine journalist in an interview some years back: &quot;I have no filter with journalists – I just say whatever pops in to my head.&quot; This is a promising prospect.
Twenty minutes later, over the Spanish white anchovies we both chose for entree, Garcia does not disappoint. &quot;The bid for me today,&quot; he says of that strip-tease (which attracted $250 in the movie), &quot;would probably be around $254, given negative inflation.&quot; Despite his youthful good looks, Garcia is now a 42-year-old married father with a new baby.
After enjoying two decades of life as a movie and stage sex symbol, Garcia is now grappling with the everyday stresses of mere mortals. He and wife Nathalia have brought six-month-old Arya (it means &quot;noble&quot; and &quot;pure&quot; in Persian) to Australia with them, no easy task for any parents. They may be here for up to a year while Garcia stars in the new production of Singin&apos; In The Rain , opening at Melbourne&apos;s Her Majesty&apos;s Theatre in May, then heading north. He married Nathalia last year after meeting her in the green room at the Sky One TV station, one of recently remarried Rupert Murdoch&apos;s media creations. &quot;[Murdoch&apos;s new bride Jerry Hall] likes marrying either powerful men or people who have sold their lives to the devil,&quot; remarks Garcia, unprompted and unfiltered. &quot;Or a bit of both.&quot;
Adam Garcia&apos;s John Dory with potato, tomato, clams, green olive dish at Bellota. Photo: Luis Ascui
Australian-born Garcia has lived in London for the past 22 years. His Singin&apos; stage role as Don Lockwood is the part made famous by Gene Kelly in the movie and is one that Garcia has always fancied. However, like many of his previous dancing roles, Garcia faces a considerable physical challenge. &quot;One dance routine is 12 minutes long,&quot; he says. &quot;I am on stage the entire show. But I have done Tap Dogs so should be able to do anything.&quot; It is 24 years since he did a musical in his native land and for this production he began physical training last year. It is being promoted as a &quot;splash-hit&quot; and indeed there are 12,000 litres of water being deployed on stage – with raincoats available for the front row.
Advertisement It was his role in the David Atkins-inspired Hot Shoe Shuffle that took him to the UK in the first place – while some other cast members opted out after two years of touring Australia, Garcia went along for the ride when it moved to London. He has been in musicals, movies and stage productions ever since. Garcia even performed Shakespeare&apos;s The Winter&apos;s Tale recently with Judy Dench and Kenneth Branagh.
It is a far cry from a career as a chemical biologist, the vocation he had in mind when he began studies at Sydney University as a teenager. With nary a whiff of showbiz in the family (estranged Columbian father Fabio has been a bullion dealer and realtor, Australian-born mother Jean is a physiotherapist) it was the Rocky Horror Picture Show that lit the fuse for Garcia.
The tiger prawns, romesco and kipfler potato dish at Bellota. Photo: Luis Ascui
&quot;Dad took me as an eight-year-old,&quot; he says. &quot;Reg Livermore was playing Frank N Furter. He was the most amazing performer I had ever seen. I decided then: I want to be a performer too.&quot; The principal at Garcia&apos;s Knox Grammar School (fellow thespian Hugh Jackman was school captain and dux while Garcia was there) also nourished his student&apos;s talent. &quot;He put on huge school musicals,&quot; says Garcia. &quot;While I was in Year 11 I got offered a part in 42nd Street but the principal, Mr Paterson, convinced me to stay at school. However he gave me a lot of leeway to work in entertainment. I had a month off school to do a tour of Australia with a ballroom dancing show. &quot;
Adam Garcia had dance lessons early in life and became accustomed to the gaze of audience eyeballs thanks to mother Jean. &quot;I had a thin but muscular body,&quot; he says. &quot;So when mum lectured, she would take me along as a 10-year-old anatomical model. I&apos;d stand on stage while she pointed out: &apos;This is pec major, pec minor, the obliques&apos;... So that was quite handy.&quot;
Adam Garcia has said he has no filter with journalists. Photo: Luis Ascui
Now Holly&apos;s back at our table and we study the culinary form guide. Bellota wine bar, which positions itself as a &quot;chic bistro with a European vibe&quot;, adjoins the Prince Wine Store and thus lays claim to being a &quot;wine-lover&apos;s dream come true&quot;. On that basis we accept the young lady&apos;s recommendation, the Keller Riesling Trocken 2014, and maintain the marine theme with the tucker – for the interviewer, tiger prawns with romesco (red-pepper) sauce and kipfler potatoes, and for the interviewee, fish with potatoes, tomato, clams and green olives.
I figure the man is now sufficiently relaxed at this stage to ask an impertinent question about his pants. Does he really have a pair he has worn almost every day for almost 13 years? (And hey, if he doesn&apos;t want to talk about it he should not have mentioned the pants to his 103,000 Twitter followers).
But he&apos;s cool. &quot;Yes, they are Nike track pants but they look like trousers. Very comfortable. I took off the metal swoosh years ago because it prickled. I fell in love with the idea – why wear jeans when you can wear tracksuit pants?&quot; Just before Garcia and his family flew out to Australia his mother-in-law finally recognised his unique sartorial love affair. &quot;I know I have said to get rid of them,&quot; she told Garcia. &quot;but I will have them dry-cleaned and they&apos;ll be waiting when you get back in a year.&quot;
Receipt for lunch with Adam Garcia at Bellota
You can thank the old American musical 42nd Street for the revival of tap dancing on the Australian stage. It had an Australian run in the late 1980s and, says Garcia, when the show closed the tap dancers had nothing to do. So Dein Perry, one of the nation&apos;s best tappers, formed a group and David Atkins produced a show for them. Hot Shoe Shuffle became one of the most successful Australian musicals of all time and the first to run successfully in the West End. Garcia was part of it.
 &quot;I&apos;ve been lucky enough to keep dancing,&quot; says Garcia. &quot;Forty-two is quite old for a dancer. Singin&apos; In The Rain is very physical – [energy-wise] you probably play a game of AFL football each show and over weekends we will be doing four shows in 48 hours.&quot; Those nimble Garcia feet (not to mention a quality singing voice) have taken him far. For four seasons Garcia was a judge on the British talent show Got To Dance, which propelled him to TV stardom as well. He has had roles in 12 movies, multiple TV shows (including Dr Who and House ) and many stage musicals.
However his inner perfectionist often nags at him over past performances. &quot;I watch things I&apos;ve done in the past and feel I could have done better – even characters. I played Fiyero in [the London production of] Wicked 10 years ago and I would really like to play him again. At the time they wouldn&apos;t let me but I would love to play him as a sort of an entirely lazy Euro-trash guy. Back then they thought no one would understand me because I had this semi Antonio Banderas accent.&quot;
We&apos;re just discussing the recent move by his Sydney-based mother and brother to live in Melbourne (they say Sydney traffic got too bad) when publicist Vicky arrives – there is another interview booked at 3AW in 40 minutes. But Adam Garcia, the Aussie tap dog made good, still has time to pose for a fan photo for waitress Holly – and exchange pleasantries with Donna and Tash before departing; they all seem thrilled. The boy&apos;s still got it.
Singin&apos; in the Rain opens on May 7.
</topic_text>
<spam_score>0.00</spam_score>
<post_num>1</post_num>
<post_id>post-1</post_id>
<post_url>http://www.smh.com.au/entertainment/dance/from-coyote-ugly-to-the-uks-got-to-dance-adam-garcia-takes-a-gene-kelly-turn-20160502-gnp96j.html</post_url>
<post_date>20160506</post_date>
<post_time></post_time>
<username>Lawrence Money</username>
<post>
Adam Garcia is back in Australia for Singin&apos; in the Rain. Photo: Luis Ascui
Even before Adam Garcia arrives for lunch at South Melbourne&apos;s Bellota wine bar (a text message has arrived to say he is running 10 minutes late) there is considerable pre-prandial consternation. Waitress Holly, a native of Somerset, England, is aquiver, explaining that &quot;every teenage girl&quot; 16 years ago was ga-ga about Garcia after his infamous bar-room strip tease in the American flick Coyote Ugly . And Tasha and Donna, business-lunching at the next table, have also twigged to the pending arrival and seem visibly skittish. Me? I am more enthused about the Quote: Garcia gave a magazine journalist in an interview some years back: &quot;I have no filter with journalists – I just say whatever pops in to my head.&quot; This is a promising prospect.
Twenty minutes later, over the Spanish white anchovies we both chose for entree, Garcia does not disappoint. &quot;The bid for me today,&quot; he says of that strip-tease (which attracted $250 in the movie), &quot;would probably be around $254, given negative inflation.&quot; Despite his youthful good looks, Garcia is now a 42-year-old married father with a new baby.
After enjoying two decades of life as a movie and stage sex symbol, Garcia is now grappling with the everyday stresses of mere mortals. He and wife Nathalia have brought six-month-old Arya (it means &quot;noble&quot; and &quot;pure&quot; in Persian) to Australia with them, no easy task for any parents. They may be here for up to a year while Garcia stars in the new production of Singin&apos; In The Rain , opening at Melbourne&apos;s Her Majesty&apos;s Theatre in May, then heading north. He married Nathalia last year after meeting her in the green room at the Sky One TV station, one of recently remarried Rupert Murdoch&apos;s media creations. &quot;[Murdoch&apos;s new bride Jerry Hall] likes marrying either powerful men or people who have sold their lives to the devil,&quot; remarks Garcia, unprompted and unfiltered. &quot;Or a bit of both.&quot;
Adam Garcia&apos;s John Dory with potato, tomato, clams, green olive dish at Bellota. Photo: Luis Ascui
Australian-born Garcia has lived in London for the past 22 years. His Singin&apos; stage role as Don Lockwood is the part made famous by Gene Kelly in the movie and is one that Garcia has always fancied. However, like many of his previous dancing roles, Garcia faces a considerable physical challenge. &quot;One dance routine is 12 minutes long,&quot; he says. &quot;I am on stage the entire show. But I have done Tap Dogs so should be able to do anything.&quot; It is 24 years since he did a musical in his native land and for this production he began physical training last year. It is being promoted as a &quot;splash-hit&quot; and indeed there are 12,000 litres of water being deployed on stage – with raincoats available for the front row.
Advertisement It was his role in the David Atkins-inspired Hot Shoe Shuffle that took him to the UK in the first place – while some other cast members opted out after two years of touring Australia, Garcia went along for the ride when it moved to London. He has been in musicals, movies and stage productions ever since. Garcia even performed Shakespeare&apos;s The Winter&apos;s Tale recently with Judy Dench and Kenneth Branagh.
It is a far cry from a career as a chemical biologist, the vocation he had in mind when he began studies at Sydney University as a teenager. With nary a whiff of showbiz in the family (estranged Columbian father Fabio has been a bullion dealer and realtor, Australian-born mother Jean is a physiotherapist) it was the Rocky Horror Picture Show that lit the fuse for Garcia.
The tiger prawns, romesco and kipfler potato dish at Bellota. Photo: Luis Ascui
&quot;Dad took me as an eight-year-old,&quot; he says. &quot;Reg Livermore was playing Frank N Furter. He was the most amazing performer I had ever seen. I decided then: I want to be a performer too.&quot; The principal at Garcia&apos;s Knox Grammar School (fellow thespian Hugh Jackman was school captain and dux while Garcia was there) also nourished his student&apos;s talent. &quot;He put on huge school musicals,&quot; says Garcia. &quot;While I was in Year 11 I got offered a part in 42nd Street but the principal, Mr Paterson, convinced me to stay at school. However he gave me a lot of leeway to work in entertainment. I had a month off school to do a tour of Australia with a ballroom dancing show. &quot;
Adam Garcia had dance lessons early in life and became accustomed to the gaze of audience eyeballs thanks to mother Jean. &quot;I had a thin but muscular body,&quot; he says. &quot;So when mum lectured, she would take me along as a 10-year-old anatomical model. I&apos;d stand on stage while she pointed out: &apos;This is pec major, pec minor, the obliques&apos;... So that was quite handy.&quot;
Adam Garcia has said he has no filter with journalists. Photo: Luis Ascui
Now Holly&apos;s back at our table and we study the culinary form guide. Bellota wine bar, which positions itself as a &quot;chic bistro with a European vibe&quot;, adjoins the Prince Wine Store and thus lays claim to being a &quot;wine-lover&apos;s dream come true&quot;. On that basis we accept the young lady&apos;s recommendation, the Keller Riesling Trocken 2014, and maintain the marine theme with the tucker – for the interviewer, tiger prawns with romesco (red-pepper) sauce and kipfler potatoes, and for the interviewee, fish with potatoes, tomato, clams and green olives.
I figure the man is now sufficiently relaxed at this stage to ask an impertinent question about his pants. Does he really have a pair he has worn almost every day for almost 13 years? (And hey, if he doesn&apos;t want to talk about it he should not have mentioned the pants to his 103,000 Twitter followers).
But he&apos;s cool. &quot;Yes, they are Nike track pants but they look like trousers. Very comfortable. I took off the metal swoosh years ago because it prickled. I fell in love with the idea – why wear jeans when you can wear tracksuit pants?&quot; Just before Garcia and his family flew out to Australia his mother-in-law finally recognised his unique sartorial love affair. &quot;I know I have said to get rid of them,&quot; she told Garcia. &quot;but I will have them dry-cleaned and they&apos;ll be waiting when you get back in a year.&quot;
Receipt for lunch with Adam Garcia at Bellota
You can thank the old American musical 42nd Street for the revival of tap dancing on the Australian stage. It had an Australian run in the late 1980s and, says Garcia, when the show closed the tap dancers had nothing to do. So Dein Perry, one of the nation&apos;s best tappers, formed a group and David Atkins produced a show for them. Hot Shoe Shuffle became one of the most successful Australian musicals of all time and the first to run successfully in the West End. Garcia was part of it.
 &quot;I&apos;ve been lucky enough to keep dancing,&quot; says Garcia. &quot;Forty-two is quite old for a dancer. Singin&apos; In The Rain is very physical – [energy-wise] you probably play a game of AFL football each show and over weekends we will be doing four shows in 48 hours.&quot; Those nimble Garcia feet (not to mention a quality singing voice) have taken him far. For four seasons Garcia was a judge on the British talent show Got To Dance, which propelled him to TV stardom as well. He has had roles in 12 movies, multiple TV shows (including Dr Who and House ) and many stage musicals.
However his inner perfectionist often nags at him over past performances. &quot;I watch things I&apos;ve done in the past and feel I could have done better – even characters. I played Fiyero in [the London production of] Wicked 10 years ago and I would really like to play him again. At the time they wouldn&apos;t let me but I would love to play him as a sort of an entirely lazy Euro-trash guy. Back then they thought no one would understand me because I had this semi Antonio Banderas accent.&quot;
We&apos;re just discussing the recent move by his Sydney-based mother and brother to live in Melbourne (they say Sydney traffic got too bad) when publicist Vicky arrives – there is another interview booked at 3AW in 40 minutes. But Adam Garcia, the Aussie tap dog made good, still has time to pose for a fan photo for waitress Holly – and exchange pleasantries with Donna and Tash before departing; they all seem thrilled. The boy&apos;s still got it.
Singin&apos; in the Rain opens on May 7.
</post>
<signature>

</signature>
<external_links>
<external_link>https://www.youtube.com/embed/xqO0q1A8i4c?rel=0</external_link><external_link>https://www.youtube.com/embed/Fq0Zlok3rLg?rel=0</external_link>
</external_links>
<country>AU</country>
<main_image>http://images.smh.com.au/2016/05/02/7387747/Thumbnail1007268283gnp9foimage.related.thumbnail.320x214.gnp96j.png1462514079438.jpg.jpg</main_image>
</document>
