<?xml version="1.0" encoding="UTF-8"?>
<document>
<type>mainstream</type>
<forum>http://www.youm7.com/سياسة-319</forum>
<forum_title>سياسة | اليوم السابع</forum_title>
<discussion_title>قيادى بـ&quot;مستقبل وطن&quot;: مشروعات السيسي تحقق النمو الاقتصادى فى أقل من عامين</discussion_title>
<language>arabic</language>
<gmt_offset></gmt_offset>
<topic_url>http://www.youm7.com/story/2016/5/12/قيادى-بـمستقبل-وطن--مشروعات-السيسي-تحقق-النمو-الاقتصادى-فى-أ/2715084</topic_url>
<topic_text>
قال محمد منظور، القيادى بحزب مستقبل وطن، وعضو لجنة الاستثمار بالحزب، إن المشروعات التى يفتتحها الرئيس عبد الفتاح السيسي، والمشروعات التى أمر بسرعة تنفيذها، تدل على التخطيط الجيد.
وأضاف القيادى بحزب مستقبل وطن، فى بيان له اليوم الخميس، أنه لأول مرة تقوم الدولة بإنشاء مشروعات متكاملة فى مختلف المجالات الاقتصادية والتنموية والاجتماعية، حيث أن المنطقة الزراعية يلزمها كهرباء ومياه ومناطق خدمية وسكنية للفلاحين، من أجل الوصول لتحقيق الاكتفاء الذاتى وعدم الاعتماد على الاستيراد من الخارج، مما يساهم فى زيادة معدل النمو، ويوفر العملات الأجنبية، ويقلل من نسبة البطالة.
وأكد عضو لجنة الاستثمار بالحزب، أن خطة ورؤية الرئيس عبد الفتاح السيسي، التى يتم تنفيذها بخطوات سريعة ومتواصلة، ستحقق النمو الاقتصادى السريع، خلال أقل من عامين، وتوفر الحياة الكريمة للمجتمع.
موضوعات متعلقة..
- السيسي: كان فى تجاوز بالرئاسة والمتجاوزين هيتحاكموا وموتى وسمى المحسوبية
</topic_text>
<spam_score>0.00</spam_score>
<post_num>1</post_num>
<post_id>post-1</post_id>
<post_url>http://www.youm7.com/story/2016/5/12/قيادى-بـمستقبل-وطن--مشروعات-السيسي-تحقق-النمو-الاقتصادى-فى-أ/2715084</post_url>
<post_date>20160512</post_date>
<post_time>0623</post_time>
<username>youm7.com</username>
<post>
قال محمد منظور، القيادى بحزب مستقبل وطن، وعضو لجنة الاستثمار بالحزب، إن المشروعات التى يفتتحها الرئيس عبد الفتاح السيسي، والمشروعات التى أمر بسرعة تنفيذها، تدل على التخطيط الجيد.
وأضاف القيادى بحزب مستقبل وطن، فى بيان له اليوم الخميس، أنه لأول مرة تقوم الدولة بإنشاء مشروعات متكاملة فى مختلف المجالات الاقتصادية والتنموية والاجتماعية، حيث أن المنطقة الزراعية يلزمها كهرباء ومياه ومناطق خدمية وسكنية للفلاحين، من أجل الوصول لتحقيق الاكتفاء الذاتى وعدم الاعتماد على الاستيراد من الخارج، مما يساهم فى زيادة معدل النمو، ويوفر العملات الأجنبية، ويقلل من نسبة البطالة.
وأكد عضو لجنة الاستثمار بالحزب، أن خطة ورؤية الرئيس عبد الفتاح السيسي، التى يتم تنفيذها بخطوات سريعة ومتواصلة، ستحقق النمو الاقتصادى السريع، خلال أقل من عامين، وتوفر الحياة الكريمة للمجتمع.
موضوعات متعلقة..
- السيسي: كان فى تجاوز بالرئاسة والمتجاوزين هيتحاكموا وموتى وسمى المحسوبية
</post>
<signature>

</signature>
<external_links>
<external_link>http://adserver.adtech.de/adlink/3.0/1422/5999560/0/170/ADTECH;loc=300</external_link><external_link>https://twitter.com/intent/tweet?button_hashtag=Youm7&amp;text=قيادى</external_link><external_link>http://adserver.adtech.de/adserv/3.0/1422/5999560/0/170/ADTECH;loc=300</external_link>
</external_links>
<country>US</country>
<main_image>http://img.youm7.com/images/NewsPics/large/1020154101758872محمد-منظور----مرشح-النزهة-ومصر-الجديدة.jpg?v543</main_image>
</document>
