<?xml version="1.0" encoding="UTF-8"?>
<document>
<type>mainstream</type>
<forum></forum>
<forum_title></forum_title>
<discussion_title>月光石开始被关注：价格只有碧玺一半-千龙网·中国首都网</discussion_title>
<language>chinese</language>
<gmt_offset></gmt_offset>
<topic_url>http://finance.qianlong.com/2016/0509/592764.shtml</topic_url>
<topic_text>

最近的彩宝市场上，一种泛着柔美月光的宝石开始受到人们的关注。它在欧美国家成名已久，是“六月生辰石”，也被认为是爱情石，认为它能唤醒心上人的温柔感情，给人以力量，憧憬美好的未来。 
但因为产量少，大颗粒的精品也少，月光石吸引不了热钱炒作，在中国珠宝市场上一直没有受到关注。随着人们对彩宝认知的不断加深，月光石的美丽才慢慢被发现。 
虽然月光石的颜色有很多种，但透明底色略带蓝色月光晕彩的蓝月光才是月光石中价值最高的品种。而与同等品质的碧玺和坦桑石相比，月光石的价格只有它们的一半或三分之一，由此吸引了不少玩家近期开始大量买入。 
壹--月光石为什么在中国知名度低？ 
主持人：查找资料我们看到，月光石在国际珠宝市场上出现的时间其实很早，还被冠以“月亮女神”等美称，但为什么在国内珠宝市场上，它的知名度并不是很响亮？ 
黄德津：古时候，世界上很多国家的人们就认为佩戴月光石能给人带来好运，并把它称为爱情石，认为它能唤醒心上人的温柔感情，给人以力量，憧憬美好的未来。在现代，许多国家把月光石定为“六月生辰石”，象征健康。 
为什么在中国市场上月光石的知名度并不是很高？因为很长一段时间里，中国人对珠宝的认识都只停留在翡翠、和田玉、钻石上，对红蓝宝石、祖母绿有耳闻但认知度很低，后来商家引入了碧玺、坦桑石等彩色宝石，中国的珠宝市场才渐渐丰富起来。 
月光石的产量少，而且大颗粒、高品质的精品更少，所以至今都没有什么大资金介入炒作。很少推广，知名度自然不如其他彩宝高。 
主持人：月光石的产地主要有哪些国家和地区？ 
王琦：月光石的重要产地是斯里兰卡、印度、马达加斯加和坦桑尼亚等地，其中斯里兰卡是最优质月光石的主要产地之一，印度是大部分月光石原石的切磨地，中国也在内蒙古、河北等地有产出。 
黄德津：月光石最出名的产地的确在斯里兰卡，但我个人认为现在最主要的产地是在印度。因为斯里兰卡现在的月光石已经很少了，最近几年都没有见到有高品质、大量的月光石供应市场。我在斯里兰卡矿区及美国珠宝展、北京珠宝展等很多展会上，跟很多斯里兰卡展团的宝石经销商接触过，他们很多人手头上都没有月光石，即使有量也很少。 
反倒是在印度的矿区和加工厂里，会有持续的月光石供应。前年我在印度包了一个工厂，一年能给我提供几千克拉的量。所以我觉得现在月光石最主要的产地应该是在印度。其他地方如马达加斯加、缅甸等地也有月光石产出，但产量都不够商业化运作。 
贰--月光石以什么打动人？ 
主持人：虽然在中国成名时间很晚，但现在喜欢月光石的人已经有不少，与其他宝石相比，它最吸引人的特点是什么？ 
黄德津：月光石最吸引人、最漂亮的是它的晕彩效应。特别是玻璃体、泛蓝光的月光石，如同朦胧的月光。泛彩色月光的也很漂亮，它们的光就像漂浮在石头上薄薄的一层。甚至同一块月光石，不同角度看都可能会有不同的光。 
很多人喜欢月光石因为它的柔和，不像猫眼那么锐利，也不像红宝石那么火辣辣，它像月光般充满灵气。 
主持人：月光石本身是无色的，为什么会泛蓝光、泛彩光？ 
王琦：月光石属于长石的一个宝石品种，主要由正长石和钠长石两种成分层状交互组成，正是这种组成结构导致了这种宝石形成月光效应。 
黄德津：日光石、拉长石、天河石、月光石都一样是长石，为什么只有月光石有这么动人心魄的月光？就像王琦刚才所说的，正长石与钠长石两种成分分层相互交替生长月光石。两种长石的层状晶体平行交互生长，但它们对光线的折射率略有差异，因此发生了对光线的散射。月光石中还具有解理面，可以产生对光线的干涉或衍射，这些长石对光线的综合作用才使长石表面产生了一层蓝色的浮光。当然，这层来之不易的浮光并不是每一粒月光石都有，只有特定薄厚程度的交互生长层，才能产生清淡如水却色彩均匀的隐隐月光。 
主持人：自然界中还有哪些宝石具有月光石这样的月光效应？能否作为它的替代品？ 
王琦：月光效应是一种由内部的薄层状结构对可见光发生散射所导致的光学现象。理论上只要具有这种层状结构就可以产生月光效应，但是在自然界中具有这种结构并导致蓝色、无色或黄色等晕彩的宝石品种极少，主要还是以长石宝石为主，其中又以月光石和拉长石品种的晕彩效应最佳。 
其他与月光石相似的仿制品有玉髓、水晶、玻璃和塑料等，但是它们的光学性质和内部特征跟月光石的差异还是很大的，都能成为鉴别的依据。 
叁--月光石最忌讳什么？ 
黄德津：一般来说，5克拉以上的月光石就属于大颗粒的，有投资价值；10克拉以上的就是收藏级别的。因为大颗粒的月光石比较少，所以很多首饰都是用小颗粒来拼镶出各种造型。 
但月光石有一个缺点，就是它的内含物比较多，完全干净没有一点点内含物的月光石很少。其实任何宝石都很难十全十美，月光石你欣赏它的柔美，就要接受它的内含物。这是因为它在发育的过程中，产生了很多愈合间隙。这些内含物呈锯齿状，形状像蜈蚣，肉眼都可以看得到，不同产地月光石的内含物也不一样。但它们并不是裂缝，只是宝石发育过程中形成的内含物。 
月光石最忌讳的是有黑点，这是月光石的大忌。因为以柔和取胜的月光石上如果出现一个黑点那会很突兀，而且也不能有裂缝。 
肆---什么样的月光石有投资收藏价值？ 
主持人：月光石就只有透明无色的吗？ 
黄德津：常见的月光石是无色至白色的，其实还有红棕色、绿色、褐色等多种颜色。市场上还能见到灰色、绿色、橙色、黄色的，这些在批发市场上并不少见，而且个头也大很多，但投资、收藏价值并不高。而且月光石上的晕彩颜色也有不同，有可能是青白光彩也有可能是银白色、浅黄色，根据月光石层理构造的长石矿物不同而有所差异。 
主持人：总结一下，什么样的月光石有投资收藏价值？ 
王琦：月光石的质量评价主要从其颜色、透明度、净度和月光效应来综合考虑，其中月光效应对月光石的价值评估起到重要的作用。月光石以无色、透明到半透明，具有漂浮状蓝色月光者为上品，而具有猫眼效应或月光效应的月光石因其稀少性也具有一定的收藏价值。 
黄德津：首先看净度，有投资收藏价值的月光石必须是玻璃体，而不是奶油体的。玻璃体的月光石很通透，如果颗粒大、没内含物，再加上泛蓝光或彩色光那价值就很高了，但这类精品数量很少。而现在市场上很多价格较低的月光石是奶油体的，蒙蒙的看不透。 
其次，月光石最大的卖点就是它的晕彩效应，所以飘在石头表面的光要够强，颜色要够鲜艳，一般以蓝色和彩色为最佳，也就是市面上常听到的蓝月光，彩月光。透明底色略带蓝色月光晕彩的蓝月光是月光石中价值最高的品种。 
第三，还要留意光的面积。比如印度产的月光石，光的面积就很大；而非洲产的月光石的光就是线条状的，不是片状的，但非洲月光石的净度比较好。综合各种因素考虑，我觉得最漂亮的月光石还是印度产的，晕彩强，面积比较大，颜色比较丰富。 
伍---月光石不容易被仿造 
王琦：市场上的月光石仿制品较少，因为月光石具有独特的月光效应并不容易模仿，也比较容易识别。目前还没有人工合成品种出现。 
黄德津：跟月光石的外观比较接近的就是贝壳饰品，但贝壳的质地不通透，光泽也不一样，贝壳泛出来的是珍珠光泽和塑料光泽，很容易辨别出来。如果真要造假，可能就是那种压制出来的，底层是月光石，上一层是水晶，为的是增加重量。 
其实月光石不但很难造假，加工也是很困难的。一大块月光石的原石，能够有效利用的不到十分之一，如需切出高品质戒面则出品率更低。而且要求加工的师傅必须很有经验，能够找出有光的那一面加工成弧形，这对师傅的要求很高，不但要尽可能地保留最大的块头，还要找到光最好的一面。 
陆---消费型珠宝前途不可估量 
王琦：为了呈现月光石特殊光学效应，普遍采用椭圆凸形弧面或圆珠的切磨方式，以宽弧面来展现柔美的月光效应，目前市场上也开始流行刻面型的月光石切磨款式，以此来增强宝石的亮度。 
月光石的摩氏硬度为6-6.5，达到了可日常佩带的宝石硬度，所以制造商常将月光石加工成吊坠，耳饰或别针等首饰，适合日常佩带。月光石硬高较高，性质稳定，只要注意适当的保养，便能永葆美丽。 
主持人：对月光石的前景你们怎么看？ 
黄德津：人类对月光石的使用已有超过一百年的历史，它的美丽是有目共睹的，它不像欧泊存在失水的现象，性质很稳定。只不过因为它的量少，才没有热钱涌入炒作它。同等品质的月光石，现在的价格大概只有碧玺和坦桑石的一半或三分之一，但产量却比碧玺和坦桑石少很多很多。产量稀少加上美丽的晕彩，月光石以其独特的魅力必将大放异彩。 
主持人：很多彩宝的热潮都是从上海、北京等地掀起来的，现在上海、北京喜欢月光石的人多不多？ 
黄德津：月光石是世界名牌Tiffany珠宝常用的宝石。月光石的热潮已经从欧美传至国内时尚界。目前月光石在时尚圈，收藏家、玩家、设计师、爱好者这样的圈子里消费，还没有大资金去囤货，像坦桑石、碧玺这样被大炒大卖。因为大颗粒的月光石数量比较少，即使有大资金炒作，价格炒起来之后很难找到利润点，市场再热，后续没有一定数量的宝石供应市场，炒家也赚不到钱。 
现在市场上的月光石都是比较小颗粒的，做成消费型的珠宝，价位在几百块钱左右的非常热销。我觉得中国消费型珠宝的市场前景不可估量，特别是 经济 独立的女性，她们现在的兴趣点已经从单纯的服装、包包、化妆品上慢慢提升到对时装，珠宝搭配的追求，这一群体就是彩宝消费的主力，这一层次的消费力再进一度释放，再多的珠宝也不够。而且以后珠宝更多的是作为时装配饰被消费，而不一定是当做传家宝。 责任编辑： 贾奕炜（QF0013） 作者： 佚名 相关阅读 
</topic_text>
<spam_score>0.00</spam_score>
<post_num>1</post_num>
<post_id>post-1</post_id>
<post_url>http://finance.qianlong.com/2016/0509/592764.shtml</post_url>
<post_date>20160509</post_date>
<post_time></post_time>
<username></username>
<post>

最近的彩宝市场上，一种泛着柔美月光的宝石开始受到人们的关注。它在欧美国家成名已久，是“六月生辰石”，也被认为是爱情石，认为它能唤醒心上人的温柔感情，给人以力量，憧憬美好的未来。 
但因为产量少，大颗粒的精品也少，月光石吸引不了热钱炒作，在中国珠宝市场上一直没有受到关注。随着人们对彩宝认知的不断加深，月光石的美丽才慢慢被发现。 
虽然月光石的颜色有很多种，但透明底色略带蓝色月光晕彩的蓝月光才是月光石中价值最高的品种。而与同等品质的碧玺和坦桑石相比，月光石的价格只有它们的一半或三分之一，由此吸引了不少玩家近期开始大量买入。 
壹--月光石为什么在中国知名度低？ 
主持人：查找资料我们看到，月光石在国际珠宝市场上出现的时间其实很早，还被冠以“月亮女神”等美称，但为什么在国内珠宝市场上，它的知名度并不是很响亮？ 
黄德津：古时候，世界上很多国家的人们就认为佩戴月光石能给人带来好运，并把它称为爱情石，认为它能唤醒心上人的温柔感情，给人以力量，憧憬美好的未来。在现代，许多国家把月光石定为“六月生辰石”，象征健康。 
为什么在中国市场上月光石的知名度并不是很高？因为很长一段时间里，中国人对珠宝的认识都只停留在翡翠、和田玉、钻石上，对红蓝宝石、祖母绿有耳闻但认知度很低，后来商家引入了碧玺、坦桑石等彩色宝石，中国的珠宝市场才渐渐丰富起来。 
月光石的产量少，而且大颗粒、高品质的精品更少，所以至今都没有什么大资金介入炒作。很少推广，知名度自然不如其他彩宝高。 
主持人：月光石的产地主要有哪些国家和地区？ 
王琦：月光石的重要产地是斯里兰卡、印度、马达加斯加和坦桑尼亚等地，其中斯里兰卡是最优质月光石的主要产地之一，印度是大部分月光石原石的切磨地，中国也在内蒙古、河北等地有产出。 
黄德津：月光石最出名的产地的确在斯里兰卡，但我个人认为现在最主要的产地是在印度。因为斯里兰卡现在的月光石已经很少了，最近几年都没有见到有高品质、大量的月光石供应市场。我在斯里兰卡矿区及美国珠宝展、北京珠宝展等很多展会上，跟很多斯里兰卡展团的宝石经销商接触过，他们很多人手头上都没有月光石，即使有量也很少。 
反倒是在印度的矿区和加工厂里，会有持续的月光石供应。前年我在印度包了一个工厂，一年能给我提供几千克拉的量。所以我觉得现在月光石最主要的产地应该是在印度。其他地方如马达加斯加、缅甸等地也有月光石产出，但产量都不够商业化运作。 
贰--月光石以什么打动人？ 
主持人：虽然在中国成名时间很晚，但现在喜欢月光石的人已经有不少，与其他宝石相比，它最吸引人的特点是什么？ 
黄德津：月光石最吸引人、最漂亮的是它的晕彩效应。特别是玻璃体、泛蓝光的月光石，如同朦胧的月光。泛彩色月光的也很漂亮，它们的光就像漂浮在石头上薄薄的一层。甚至同一块月光石，不同角度看都可能会有不同的光。 
很多人喜欢月光石因为它的柔和，不像猫眼那么锐利，也不像红宝石那么火辣辣，它像月光般充满灵气。 
主持人：月光石本身是无色的，为什么会泛蓝光、泛彩光？ 
王琦：月光石属于长石的一个宝石品种，主要由正长石和钠长石两种成分层状交互组成，正是这种组成结构导致了这种宝石形成月光效应。 
黄德津：日光石、拉长石、天河石、月光石都一样是长石，为什么只有月光石有这么动人心魄的月光？就像王琦刚才所说的，正长石与钠长石两种成分分层相互交替生长月光石。两种长石的层状晶体平行交互生长，但它们对光线的折射率略有差异，因此发生了对光线的散射。月光石中还具有解理面，可以产生对光线的干涉或衍射，这些长石对光线的综合作用才使长石表面产生了一层蓝色的浮光。当然，这层来之不易的浮光并不是每一粒月光石都有，只有特定薄厚程度的交互生长层，才能产生清淡如水却色彩均匀的隐隐月光。 
主持人：自然界中还有哪些宝石具有月光石这样的月光效应？能否作为它的替代品？ 
王琦：月光效应是一种由内部的薄层状结构对可见光发生散射所导致的光学现象。理论上只要具有这种层状结构就可以产生月光效应，但是在自然界中具有这种结构并导致蓝色、无色或黄色等晕彩的宝石品种极少，主要还是以长石宝石为主，其中又以月光石和拉长石品种的晕彩效应最佳。 
其他与月光石相似的仿制品有玉髓、水晶、玻璃和塑料等，但是它们的光学性质和内部特征跟月光石的差异还是很大的，都能成为鉴别的依据。 
叁--月光石最忌讳什么？ 
黄德津：一般来说，5克拉以上的月光石就属于大颗粒的，有投资价值；10克拉以上的就是收藏级别的。因为大颗粒的月光石比较少，所以很多首饰都是用小颗粒来拼镶出各种造型。 
但月光石有一个缺点，就是它的内含物比较多，完全干净没有一点点内含物的月光石很少。其实任何宝石都很难十全十美，月光石你欣赏它的柔美，就要接受它的内含物。这是因为它在发育的过程中，产生了很多愈合间隙。这些内含物呈锯齿状，形状像蜈蚣，肉眼都可以看得到，不同产地月光石的内含物也不一样。但它们并不是裂缝，只是宝石发育过程中形成的内含物。 
月光石最忌讳的是有黑点，这是月光石的大忌。因为以柔和取胜的月光石上如果出现一个黑点那会很突兀，而且也不能有裂缝。 
肆---什么样的月光石有投资收藏价值？ 
主持人：月光石就只有透明无色的吗？ 
黄德津：常见的月光石是无色至白色的，其实还有红棕色、绿色、褐色等多种颜色。市场上还能见到灰色、绿色、橙色、黄色的，这些在批发市场上并不少见，而且个头也大很多，但投资、收藏价值并不高。而且月光石上的晕彩颜色也有不同，有可能是青白光彩也有可能是银白色、浅黄色，根据月光石层理构造的长石矿物不同而有所差异。 
主持人：总结一下，什么样的月光石有投资收藏价值？ 
王琦：月光石的质量评价主要从其颜色、透明度、净度和月光效应来综合考虑，其中月光效应对月光石的价值评估起到重要的作用。月光石以无色、透明到半透明，具有漂浮状蓝色月光者为上品，而具有猫眼效应或月光效应的月光石因其稀少性也具有一定的收藏价值。 
黄德津：首先看净度，有投资收藏价值的月光石必须是玻璃体，而不是奶油体的。玻璃体的月光石很通透，如果颗粒大、没内含物，再加上泛蓝光或彩色光那价值就很高了，但这类精品数量很少。而现在市场上很多价格较低的月光石是奶油体的，蒙蒙的看不透。 
其次，月光石最大的卖点就是它的晕彩效应，所以飘在石头表面的光要够强，颜色要够鲜艳，一般以蓝色和彩色为最佳，也就是市面上常听到的蓝月光，彩月光。透明底色略带蓝色月光晕彩的蓝月光是月光石中价值最高的品种。 
第三，还要留意光的面积。比如印度产的月光石，光的面积就很大；而非洲产的月光石的光就是线条状的，不是片状的，但非洲月光石的净度比较好。综合各种因素考虑，我觉得最漂亮的月光石还是印度产的，晕彩强，面积比较大，颜色比较丰富。 
伍---月光石不容易被仿造 
王琦：市场上的月光石仿制品较少，因为月光石具有独特的月光效应并不容易模仿，也比较容易识别。目前还没有人工合成品种出现。 
黄德津：跟月光石的外观比较接近的就是贝壳饰品，但贝壳的质地不通透，光泽也不一样，贝壳泛出来的是珍珠光泽和塑料光泽，很容易辨别出来。如果真要造假，可能就是那种压制出来的，底层是月光石，上一层是水晶，为的是增加重量。 
其实月光石不但很难造假，加工也是很困难的。一大块月光石的原石，能够有效利用的不到十分之一，如需切出高品质戒面则出品率更低。而且要求加工的师傅必须很有经验，能够找出有光的那一面加工成弧形，这对师傅的要求很高，不但要尽可能地保留最大的块头，还要找到光最好的一面。 
陆---消费型珠宝前途不可估量 
王琦：为了呈现月光石特殊光学效应，普遍采用椭圆凸形弧面或圆珠的切磨方式，以宽弧面来展现柔美的月光效应，目前市场上也开始流行刻面型的月光石切磨款式，以此来增强宝石的亮度。 
月光石的摩氏硬度为6-6.5，达到了可日常佩带的宝石硬度，所以制造商常将月光石加工成吊坠，耳饰或别针等首饰，适合日常佩带。月光石硬高较高，性质稳定，只要注意适当的保养，便能永葆美丽。 
主持人：对月光石的前景你们怎么看？ 
黄德津：人类对月光石的使用已有超过一百年的历史，它的美丽是有目共睹的，它不像欧泊存在失水的现象，性质很稳定。只不过因为它的量少，才没有热钱涌入炒作它。同等品质的月光石，现在的价格大概只有碧玺和坦桑石的一半或三分之一，但产量却比碧玺和坦桑石少很多很多。产量稀少加上美丽的晕彩，月光石以其独特的魅力必将大放异彩。 
主持人：很多彩宝的热潮都是从上海、北京等地掀起来的，现在上海、北京喜欢月光石的人多不多？ 
黄德津：月光石是世界名牌Tiffany珠宝常用的宝石。月光石的热潮已经从欧美传至国内时尚界。目前月光石在时尚圈，收藏家、玩家、设计师、爱好者这样的圈子里消费，还没有大资金去囤货，像坦桑石、碧玺这样被大炒大卖。因为大颗粒的月光石数量比较少，即使有大资金炒作，价格炒起来之后很难找到利润点，市场再热，后续没有一定数量的宝石供应市场，炒家也赚不到钱。 
现在市场上的月光石都是比较小颗粒的，做成消费型的珠宝，价位在几百块钱左右的非常热销。我觉得中国消费型珠宝的市场前景不可估量，特别是 经济 独立的女性，她们现在的兴趣点已经从单纯的服装、包包、化妆品上慢慢提升到对时装，珠宝搭配的追求，这一群体就是彩宝消费的主力，这一层次的消费力再进一度释放，再多的珠宝也不够。而且以后珠宝更多的是作为时装配饰被消费，而不一定是当做传家宝。 责任编辑： 贾奕炜（QF0013） 作者： 佚名 相关阅读 
</post>
<signature>

</signature>
<external_links>

</external_links>
<country>CN</country>
<main_image></main_image>
</document>
