<?xml version="1.0" encoding="UTF-8"?>
<document>
<type>mainstream</type>
<forum></forum>
<forum_title></forum_title>
<discussion_title>国资委：吕军同志任中储粮董事长及党组书记-千龙网·中国首都网</discussion_title>
<language>chinese</language>
<gmt_offset></gmt_offset>
<topic_url>http://finance.qianlong.com/2016/0510/594776.shtml</topic_url>
<topic_text>

【#央企人事调整#224】9日下午，中国储备粮管理总公司召开中层以上管理人员大会。中共中央组织部主持常务工作的副部长（正部长级）陈希同志宣布了党中央、国务院关于@中储粮总公司 主要领导变动的决定：吕军同志任董事长、党组书记，免去其总经理职务。上述职务任免按有关法律和程序办理。 责任编辑： 李孟鹏（QN0018） 
</topic_text>
<spam_score>0.00</spam_score>
<post_num>1</post_num>
<post_id>post-1</post_id>
<post_url>http://finance.qianlong.com/2016/0510/594776.shtml</post_url>
<post_date>20160510</post_date>
<post_time></post_time>
<username></username>
<post>

【#央企人事调整#224】9日下午，中国储备粮管理总公司召开中层以上管理人员大会。中共中央组织部主持常务工作的副部长（正部长级）陈希同志宣布了党中央、国务院关于@中储粮总公司 主要领导变动的决定：吕军同志任董事长、党组书记，免去其总经理职务。上述职务任免按有关法律和程序办理。 责任编辑： 李孟鹏（QN0018） 
</post>
<signature>

</signature>
<external_links>

</external_links>
<country>CN</country>
<main_image></main_image>
</document>
