<?xml version="1.0" encoding="UTF-8"?>
<document>
<type>mainstream</type>
<forum></forum>
<forum_title></forum_title>
<discussion_title>BI Lifestyle on Twitter: &quot;Here&apos;s how this photographer went from unemployed to shooting celebrities in 4 years https://t.co/3MVLSWwTqo https://t.co/jvnJKzOSDB&quot;</discussion_title>
<language>english</language>
<gmt_offset></gmt_offset>
<topic_url>https://twitter.com/bi_thelife/status/730781800772030464</topic_url>
<topic_text>
Don&apos;t have an account? Sign up » Close Sign up for Twitter Not on Twitter? Sign up, tune into the things you care about, and get updates as they happen. Have an account? Log in » Close Two-way (sending and receiving) short codes: Country 
</topic_text>
<spam_score>0.00</spam_score>
<post_num>1</post_num>
<post_id>post-1</post_id>
<post_url>https://twitter.com/bi_thelife/status/730781800772030464</post_url>
<post_date>20160512</post_date>
<post_time></post_time>
<username></username>
<post>
Don&apos;t have an account? Sign up » Close Sign up for Twitter Not on Twitter? Sign up, tune into the things you care about, and get updates as they happen. Have an account? Log in » Close Two-way (sending and receiving) short codes: Country 
</post>
<signature>

</signature>
<external_links>

</external_links>
<country>US</country>
<main_image>https://pbs.twimg.com/media/CiRCLQBWUAEiLpc.jpg:large</main_image>
</document>
