<?xml version="1.0" encoding="UTF-8"?>
<document>
<type>mainstream</type>
<forum>http://www.cbs8.com/category/307361/business-wire</forum>
<forum_title>Business Wire - CBS News 8 - San Diego, CA News Station - KFMB Channel 8</forum_title>
<discussion_title>Egon Zehnder Names New Office Leader In New York</discussion_title>
<language>english</language>
<gmt_offset></gmt_offset>
<topic_url>http://www.cbs8.com/story/31958226/egon-zehnder-names-new-office-leader-in-new-york</topic_url>
<topic_text>
Al Prieto Succeeds Patrick O’Brien as Head of New York Office
NEW YORK --(BUSINESS WIRE) Egon Zehnder, a global leader in executive search and leadership advisory services, today announced that Al Prieto will lead the firm’s New York Office. He succeeds Patrick O’Brien, who will now focus on executive and board search in financial services. Mr. Prieto continues as co-leader of the firm’s global Health Practice, which serves a comprehensive range of enterprises spanning the health sector.
Mr. Prieto leads CEO executive search and succession, board advisory, and leadership team assessment and development engagements for clients building health and wellness businesses spanning the healthcare, consumer, industrial, and technology sectors. In his role as New York Office Leader, he supports the coordination of client teams serving the world’s leading corporations and private capital investors based in the NY metro area across a variety of industry sectors. Prior to joining Egon Zehnder, he had a successful career as an operating executive in the health sector. He founded InSite Clinical Trials, a biopharmaceutical clinical product development services firm later sold to United Healthcare. Mr. Prieto then launched a series of novel healthcare delivery ventures including retail pharmacy-based health clinics, disease management services, and ancillary healthcare facilities. Previously, he served as Regional Business Director in Europe for AstraZeneca, and in this role was responsible for leading commercial operations across a 14-country territory spanning Central and Eastern Europe.
“A remarkably diverse range of organizations call New York home, and they all face increasingly complex talent and leadership challenges,” said Karl Alleman, Egon Zehnder’s U.S. Managing Partner. “Al will draw on his deep executive experience to lead our efforts in support of our many New York area clients across financial services, private equity, health, digital, media and other industries, as he continues his distinguished career advising the health sector.”
About Egon Zehnder
Since 1964, Egon Zehnder has been at the forefront of defining great leadership in the face of changing economic conditions, emerging opportunities and evolving business goals. With more than 400 consultants in 69 offices and 41 countries around the globe, we work closely with public and private corporations, family-owned enterprises and nonprofit and government agencies to provide board advisory services, CEO and leadership succession planning, executive search and assessment, and leadership development. For more information visit www.egonzehnder.com and follow us on LinkedIn and Twitter .
 //www.businesswire.com/news/home/20160512006134/en/
Egon Zehnder
Sandra Galvin , +1-212-519-6103
Head, U.S. Marketing and Communications/Global Projects
sandra.galvin@egonzehnder.com
www.egonzehnder.com
 
</topic_text>
<spam_score>0.00</spam_score>
<post_num>1</post_num>
<post_id>post-1</post_id>
<post_url>http://www.cbs8.com/story/31958226/egon-zehnder-names-new-office-leader-in-new-york</post_url>
<post_date>20160512</post_date>
<post_time>1212</post_time>
<username>cbs8</username>
<post>
Al Prieto Succeeds Patrick O’Brien as Head of New York Office
NEW YORK --(BUSINESS WIRE) Egon Zehnder, a global leader in executive search and leadership advisory services, today announced that Al Prieto will lead the firm’s New York Office. He succeeds Patrick O’Brien, who will now focus on executive and board search in financial services. Mr. Prieto continues as co-leader of the firm’s global Health Practice, which serves a comprehensive range of enterprises spanning the health sector.
Mr. Prieto leads CEO executive search and succession, board advisory, and leadership team assessment and development engagements for clients building health and wellness businesses spanning the healthcare, consumer, industrial, and technology sectors. In his role as New York Office Leader, he supports the coordination of client teams serving the world’s leading corporations and private capital investors based in the NY metro area across a variety of industry sectors. Prior to joining Egon Zehnder, he had a successful career as an operating executive in the health sector. He founded InSite Clinical Trials, a biopharmaceutical clinical product development services firm later sold to United Healthcare. Mr. Prieto then launched a series of novel healthcare delivery ventures including retail pharmacy-based health clinics, disease management services, and ancillary healthcare facilities. Previously, he served as Regional Business Director in Europe for AstraZeneca, and in this role was responsible for leading commercial operations across a 14-country territory spanning Central and Eastern Europe.
“A remarkably diverse range of organizations call New York home, and they all face increasingly complex talent and leadership challenges,” said Karl Alleman, Egon Zehnder’s U.S. Managing Partner. “Al will draw on his deep executive experience to lead our efforts in support of our many New York area clients across financial services, private equity, health, digital, media and other industries, as he continues his distinguished career advising the health sector.”
About Egon Zehnder
Since 1964, Egon Zehnder has been at the forefront of defining great leadership in the face of changing economic conditions, emerging opportunities and evolving business goals. With more than 400 consultants in 69 offices and 41 countries around the globe, we work closely with public and private corporations, family-owned enterprises and nonprofit and government agencies to provide board advisory services, CEO and leadership succession planning, executive search and assessment, and leadership development. For more information visit www.egonzehnder.com and follow us on LinkedIn and Twitter .
 //www.businesswire.com/news/home/20160512006134/en/
Egon Zehnder
Sandra Galvin , +1-212-519-6103
Head, U.S. Marketing and Communications/Global Projects
sandra.galvin@egonzehnder.com
www.egonzehnder.com
 
</post>
<signature>

</signature>
<external_links>
<external_link>http://purl.org/rss/1.0/modules/content/</external_link><external_link>http://cts.businesswire.com/ct/CT?id=smartlink&amp;url=http%3A%2F%2Fwww.egonzehnder.com&amp;esheet=51341472&amp;lan=en-US&amp;anchor=www.egonzehnder.com&amp;index=4&amp;md5=fd4d5a1e3a556129ddea21ef6aa23703</external_link><external_link>http://cts.businesswire.com/ct/CT?id=bwnews&amp;sty=20160512006134r1&amp;sid=56987&amp;distro=ftp</external_link><external_link>http://cts.businesswire.com/ct/CT?id=smartlink&amp;url=http%3A%2F%2Fwww.egonzehnder.com&amp;esheet=51341472&amp;newsitemid=20160512006134&amp;lan=en-US&amp;anchor=www.egonzehnder.com&amp;index=1&amp;md5=a7eaaa9c2f6ff91f845deeeddabf7220</external_link><external_link>http://cts.businesswire.com/ct/CT?id=smartlink&amp;url=https%3A%2F%2Fwww.linkedin.com%2Fcompany%2Fegon-zehnder&amp;esheet=51341472&amp;newsitemid=20160512006134&amp;lan=en-US&amp;anchor=LinkedIn&amp;index=2&amp;md5=5f0ea64a15e8bc37cbc1be905b014134</external_link><external_link>http://www.businesswire.com/news/home/20160512006134/en/</external_link><external_link>http://cts.businesswire.com/ct/CT?id=smartlink&amp;url=https%3A%2F%2Ftwitter.com%2FEgonZehnder&amp;esheet=51341472&amp;newsitemid=20160512006134&amp;lan=en-US&amp;anchor=Twitter&amp;index=3&amp;md5=679c6bcbf8ea6b32352f9a926f15cd57</external_link>
</external_links>
<country>US</country>
<main_image>http://businesswire.images.worldnow.com/images/10541248_G.jpg</main_image>
</document>
