<?xml version="1.0" encoding="UTF-8"?>
<document>
<type>mainstream</type>
<forum>http://www.sportspyder.com/rss/teams/all/nba/trailblazers/index.xml</forum>
<forum_title>SportSpyder.com - The Latest Portland Trail Blazers News</forum_title>
<discussion_title>[Sports Illustrated] - NBA playoffs: Warriors face tough &apos;coin flip&apos; in Thunder or Spurs</discussion_title>
<language>english</language>
<gmt_offset></gmt_offset>
<topic_url>http://sportspyder.com/teams/portland-trail-blazers/articles/18171515</topic_url>
<topic_text>
 
</topic_text>
<spam_score>0.00</spam_score>
<post_num>1</post_num>
<post_id>post-1</post_id>
<post_url>http://sportspyder.com/teams/portland-trail-blazers/articles/18171515</post_url>
<post_date>20160512</post_date>
<post_time>1308</post_time>
<username>Ben Golliver</username>
<post>
 
</post>
<signature>

</signature>
<external_links>

</external_links>
<country>US</country>
<main_image>http://sportspyder.com/assets/common/logo_hi.png</main_image>
</document>
