<?xml version="1.0" encoding="UTF-8"?>
<document>
<type>mainstream</type>
<forum>http://kdhnews.com//search/?q=&amp;t=article&amp;l=25&amp;d=&amp;d1=&amp;d2=&amp;s=start_time&amp;sd=desc&amp;c[]=news*&amp;f=rss</forum>
<forum_title>The Killeen Daily Herald - news</forum_title>
<discussion_title>Ukrainian hackers publish info on thousands of journalists</discussion_title>
<language>english</language>
<gmt_offset></gmt_offset>
<topic_url>http://kdhnews.com/news/ap/ukrainian-hackers-publish-info-on-thousands-of-journalists/article_3fcb6acc-57e6-5af1-bbea-fe2ec6fad366.html</topic_url>
<topic_text>
Ukrainian hackers publish info on thousands of journalists Associated Press | 0 comments 
MOSCOW (AP) — A group of Ukrainian hackers has published the names and contact information of thousands of journalists who have reported from rebel-controlled eastern Ukraine, raising concerns about the safety of the journalists, including many from international media organizations. 
The hackers said they had gained access to computers used by the Russia-backed separatists to register journalists working in the conflict zone and felt it was necessary to publish the list &quot;because these journalists collaborate with fighters from terrorist organizations.&quot; 
The New York-based Committee to Protect Journalists issued a statement on Wednesday condemning the publication of the list, which contains 7,000 entries and data on about 4,500 journalists, including their cellphone numbers and email addresses. 
&quot;Publishing journalists&apos; private contact details puts them at risk,&quot; Nina Ognianova, the CPJ Europe and Central Asia program coordinator, said in the statement. &quot;At worst this action could be read as a thinly veiled call to target them.&quot; 
Ukraine&apos;s Prosecutor General&apos;s Office said Wednesday that it has opened an investigation into the publication of the hacked data, which it said had already led to some journalists being threatened. 
A letter signed by about 40 Ukrainian and foreign journalists said some of those on the list had received threatening emails and phone calls, while a broader concern was that some Ukrainian politicians were now calling for them to be considered &quot;enemies of Ukraine&quot; and barred from working in the country. 
The letter noted that the rebels had detained nearly 80 journalists in eastern Ukraine, subjecting some of them to torture, so journalists abided by the separatists&apos; &quot;accreditation&quot; requirement to give themselves some measure of protection. 
The Associated Press was among the many media organizations whose journalists were on the list. 
&quot;Providing news coverage is not the same as supporting any one side— quite the opposite,&quot; said John Daniszewski, AP vice president for international news. &quot;News gatherers for legitimate news organizations are objective. They cover and share information that the public needs. Ukrainians who believe in freedom should forcefully defend the value of news coverage to tell Ukraine&apos;s story. These hackers apparently have misunderstood the role journalism plays in a free society.&quot; 
The hackers posted the list on a website called Myrotvorets, or Peacekeeper, on Saturday. It attracted attention after a member of Ukraine&apos;s parliament, Anton Gerashchenko, praised the hackers in a Facebook posting on Tuesday. 
Gerashchenko said the list, which also included the names of 120 people working in the separatists&apos; propaganda department, showed that Ukraine needs to do much more to counter propaganda from Russia and &quot;its puppets.&quot; 
He called for imposing controls over television content to prevent the distribution of information that could undermine Ukraine&apos;s sovereignty or territorial integrity and on the accreditation process for foreign journalists, particularly those from Russia.
</topic_text>
<spam_score>0.00</spam_score>
<post_num>1</post_num>
<post_id>post-1</post_id>
<post_url>http://kdhnews.com/news/ap/ukrainian-hackers-publish-info-on-thousands-of-journalists/article_3fcb6acc-57e6-5af1-bbea-fe2ec6fad366.html</post_url>
<post_date>20160512</post_date>
<post_time>1522</post_time>
<username>LYNN BERRY</username>
<post>
Ukrainian hackers publish info on thousands of journalists Associated Press | 0 comments 
MOSCOW (AP) — A group of Ukrainian hackers has published the names and contact information of thousands of journalists who have reported from rebel-controlled eastern Ukraine, raising concerns about the safety of the journalists, including many from international media organizations. 
The hackers said they had gained access to computers used by the Russia-backed separatists to register journalists working in the conflict zone and felt it was necessary to publish the list &quot;because these journalists collaborate with fighters from terrorist organizations.&quot; 
The New York-based Committee to Protect Journalists issued a statement on Wednesday condemning the publication of the list, which contains 7,000 entries and data on about 4,500 journalists, including their cellphone numbers and email addresses. 
&quot;Publishing journalists&apos; private contact details puts them at risk,&quot; Nina Ognianova, the CPJ Europe and Central Asia program coordinator, said in the statement. &quot;At worst this action could be read as a thinly veiled call to target them.&quot; 
Ukraine&apos;s Prosecutor General&apos;s Office said Wednesday that it has opened an investigation into the publication of the hacked data, which it said had already led to some journalists being threatened. 
A letter signed by about 40 Ukrainian and foreign journalists said some of those on the list had received threatening emails and phone calls, while a broader concern was that some Ukrainian politicians were now calling for them to be considered &quot;enemies of Ukraine&quot; and barred from working in the country. 
The letter noted that the rebels had detained nearly 80 journalists in eastern Ukraine, subjecting some of them to torture, so journalists abided by the separatists&apos; &quot;accreditation&quot; requirement to give themselves some measure of protection. 
The Associated Press was among the many media organizations whose journalists were on the list. 
&quot;Providing news coverage is not the same as supporting any one side— quite the opposite,&quot; said John Daniszewski, AP vice president for international news. &quot;News gatherers for legitimate news organizations are objective. They cover and share information that the public needs. Ukrainians who believe in freedom should forcefully defend the value of news coverage to tell Ukraine&apos;s story. These hackers apparently have misunderstood the role journalism plays in a free society.&quot; 
The hackers posted the list on a website called Myrotvorets, or Peacekeeper, on Saturday. It attracted attention after a member of Ukraine&apos;s parliament, Anton Gerashchenko, praised the hackers in a Facebook posting on Tuesday. 
Gerashchenko said the list, which also included the names of 120 people working in the separatists&apos; propaganda department, showed that Ukraine needs to do much more to counter propaganda from Russia and &quot;its puppets.&quot; 
He called for imposing controls over television content to prevent the distribution of information that could undermine Ukraine&apos;s sovereignty or territorial integrity and on the accreditation process for foreign journalists, particularly those from Russia.
</post>
<signature>

</signature>
<external_links>

</external_links>
<country>US</country>
<main_image>http://bloximages.newyork1.vip.townnews.com/kdhnews.com/content/tncms/assets/v3/editorial/3/f7/3f721774-4e48-11e4-a862-001a4bcf6878/5434246e4ed18.image.jpg</main_image>
</document>
