<?xml version="1.0" encoding="UTF-8"?>
<document>
<type>mainstream</type>
<forum>http://lb.ua/export/rss.xml</forum>
<forum_title>LB.ua</forum_title>
<discussion_title>РПР опубликовал свежий рейтинг авторов реформаторских законопроектов</discussion_title>
<language>russian</language>
<gmt_offset></gmt_offset>
<topic_url>http://lb.ua/news/2016/05/12/334952_rpr_opublikoval_svezhiy_reyting.html</topic_url>
<topic_text>
Реанимационный пакет реформ опубликовал рейтинг депутатов-реформаторов. 
Первое место с 21 законопроектом, одиннадцать из которых вступили в силу, занимает народный депутат, председатель Всеукраинского объединения малого и среднего бизнеса «Фортеця» Оксана Продан. Тройку лидеров завершают Анна Гопко и Виктор Чумак. Всего в топ-10 вошли представители БПП, «Самопомощи» и Радикальной партии, двое внефракционных и один депутат от «Батькивщины». 
Напомним, что это уже третий рейтинг, опубликованный Реанимационным пакетом реформ . В предыдущих версиях лидером также была Оксана Продан. 
Всего в рейтинг входят 276 народных депутатов, которые зарегистрировали хотя бы один законопроект, подготовленный совместно с РПР или который был поддержан экспертами этой организации. 
По словам эксперта РПР Ярослава Юрчишина, во всех фракциях есть депутаты, нацеленные на реформы, но, к сожалению, очень часто политизация и популизм оказывают предпочтение не приоритетным реформам, а блокированию трибуны для того, чтобы набрать электоральные баллы. &lt;&gt;
</topic_text>
<spam_score>0.00</spam_score>
<post_num>1</post_num>
<post_id>post-1</post_id>
<post_url>http://lb.ua/news/2016/05/12/334952_rpr_opublikoval_svezhiy_reyting.html</post_url>
<post_date>20160512</post_date>
<post_time>0612</post_time>
<username>info@lb.ua (LB.ua)</username>
<post>
Реанимационный пакет реформ опубликовал рейтинг депутатов-реформаторов. 
Первое место с 21 законопроектом, одиннадцать из которых вступили в силу, занимает народный депутат, председатель Всеукраинского объединения малого и среднего бизнеса «Фортеця» Оксана Продан. Тройку лидеров завершают Анна Гопко и Виктор Чумак. Всего в топ-10 вошли представители БПП, «Самопомощи» и Радикальной партии, двое внефракционных и один депутат от «Батькивщины». 
Напомним, что это уже третий рейтинг, опубликованный Реанимационным пакетом реформ . В предыдущих версиях лидером также была Оксана Продан. 
Всего в рейтинг входят 276 народных депутатов, которые зарегистрировали хотя бы один законопроект, подготовленный совместно с РПР или который был поддержан экспертами этой организации. 
По словам эксперта РПР Ярослава Юрчишина, во всех фракциях есть депутаты, нацеленные на реформы, но, к сожалению, очень часто политизация и популизм оказывают предпочтение не приоритетным реформам, а блокированию трибуны для того, чтобы набрать электоральные баллы. &lt;&gt;
</post>
<signature>

</signature>
<external_links>

</external_links>
<country>UA</country>
<main_image>http://i.lb.ua/040/11/573369c84341d.jpeg</main_image>
</document>
