<?xml version="1.0" encoding="UTF-8"?>
<document>
<type>mainstream</type>
<forum>http://www.wuwm.com//rss.xml</forum>
<forum_title>WUWM</forum_title>
<discussion_title>Thursday on Lake Effect: Waukesha Water Application, Opioid Abuse, and &apos;Die Fledermaus&apos;</discussion_title>
<language>english</language>
<gmt_offset></gmt_offset>
<topic_url>http://wuwm.com/post/thursday-lake-effect-waukesha-water-application-opioid-abuse-and-die-fledermaus</topic_url>
<topic_text>
/ 52:03 
Environmental reporter Susan Bence looks at the status of Waukesha’s application to divert Lake Michigan water. Then, some insight into the spike in opioid abuse in Wisconsin, and essayist Avi Lank posits what A Donald Trump nomination means to the Democrats. Mandolinist Chris Thile discusses Prairie Home Companion ahead of the Punch Brothers show at the Pabst Theatre.And as the Florentine opera prepares to open Die Fledermaus , we learn why an operetta can be harder to do than grand opera. 
Guests: Susan Bence, WUWM environmental reporter Dr. Ian Powell and Sarah Ness, Rogers Memorial Hospital in Oconomowoc; Montel Allen, WUWM Avi Lank, essayist Inna Dukach, Corey McKern, and Bill Theisen, performers in Die Fledermaus 
Segments:
</topic_text>
<spam_score>0.00</spam_score>
<post_num>1</post_num>
<post_id>post-1</post_id>
<post_url>http://wuwm.com/post/thursday-lake-effect-waukesha-water-application-opioid-abuse-and-die-fledermaus</post_url>
<post_date>20160512</post_date>
<post_time>1300</post_time>
<username>Lake Effect</username>
<post>
/ 52:03 
Environmental reporter Susan Bence looks at the status of Waukesha’s application to divert Lake Michigan water. Then, some insight into the spike in opioid abuse in Wisconsin, and essayist Avi Lank posits what A Donald Trump nomination means to the Democrats. Mandolinist Chris Thile discusses Prairie Home Companion ahead of the Punch Brothers show at the Pabst Theatre.And as the Florentine opera prepares to open Die Fledermaus , we learn why an operetta can be harder to do than grand opera. 
Guests: Susan Bence, WUWM environmental reporter Dr. Ian Powell and Sarah Ness, Rogers Memorial Hospital in Oconomowoc; Montel Allen, WUWM Avi Lank, essayist Inna Dukach, Corey McKern, and Bill Theisen, performers in Die Fledermaus 
Segments:
</post>
<signature>

</signature>
<external_links>

</external_links>
<country>US</country>
<main_image>http://mediad.publicbroadcasting.net/p/wuwm/files/201501/WUWM-yellowsquare.jpg</main_image>
</document>
