<?xml version="1.0" encoding="UTF-8"?>
<document>
<type>mainstream</type>
<forum>http://www.cbs8.com/category/307361/business-wire</forum>
<forum_title>Business Wire - CBS News 8 - San Diego, CA News Station - KFMB Channel 8</forum_title>
<discussion_title>Leading Experiential Commerce Agency SMITH Names Tony Steel as C</discussion_title>
<language>english</language>
<gmt_offset></gmt_offset>
<topic_url>http://www.cbs8.com/story/31956673/leading-experiential-commerce-agency-smith-names-tony-steel-as-ceo</topic_url>
<topic_text>
SEATTLE --(BUSINESS WIRE) SMITH, the leading experiential commerce agency, is pleased to announce the appointment of Tony Steel as President and Chief Executive Officer. Former President and CEO Chuck DelGrande will remain on the firm’s Board of Directors as Vice Chairman.
This Smart News Release features multimedia. View the full release here: http://www.businesswire.com/news/home/20160512005848/en/
Tony Steel, Chief Executive Officer (Photo: Business Wire)
As CEO, Tony will continue to build on the momentum SMITH has gained by strengthening its position in the marketplace. He will focus on using SMITH’s experience-driven approach to commerce as the catalyst for helping brands transform and grow their business. “SMITH has built something very special in the marketplace, and experiential commerce is something every company should be focused on,” Tony says. “I am excited to join such a highly talented team, with an impressive track record of helping some of the world’s best companies.”
Tony is a seasoned executive, who brings extensive experience in commerce, CRM, and consulting to his role at SMITH. Prior to joining SMITH, Tony served as Executive Vice President of Customer Strategy Services and Management Consulting Group for Merkle, and was a member of Merkle’s Executive Committee. Before that, Tony was a Partner at PricewaterhouseCoopers and spent more than 10 years with IBM Global Business Services, holding several executive positions, including North American leader for IBM’s Smarter Commerce Growth Initiative and General Manager for the Southeast Asian Growth Market.
“We are excited to have Tony fill the CEO role and join our team,” says Chuck DelGrande. “He is a highly accomplished executive, who brings a tremendous amount of industry and client-facing experience to SMITH. His leadership skills, track record of growth, and industry insights will help refine our strategy and bring SMITH to the next level of growth.”
ABOUT SMITH
SMITH is a leading experiential commerce (xCom) agency that specializes in helping brands modernize the buying and selling experience for both B2B and B2C customers. SMITH is proud to serve some of the world’s most highly recognized brands, including AT&amp;T, Microsoft, Cansel, Top Golf, CDK Global, Xerox, and Tejuri. The company is headquartered in Seattle and has offices in Portland, Spokane, and Ottawa. Learn more at www.smith.co . Follow us on Twitter: @humansofsmith.
 //www.businesswire.com/news/home/20160512005848/en/
SMITH
Lynnette McLaughlin, 819-778-0313
 
</topic_text>
<spam_score>0.00</spam_score>
<post_num>1</post_num>
<post_id>post-1</post_id>
<post_url>http://www.cbs8.com/story/31956673/leading-experiential-commerce-agency-smith-names-tony-steel-as-ceo</post_url>
<post_date>20160512</post_date>
<post_time>0944</post_time>
<username>cbs8</username>
<post>
SEATTLE --(BUSINESS WIRE) SMITH, the leading experiential commerce agency, is pleased to announce the appointment of Tony Steel as President and Chief Executive Officer. Former President and CEO Chuck DelGrande will remain on the firm’s Board of Directors as Vice Chairman.
This Smart News Release features multimedia. View the full release here: http://www.businesswire.com/news/home/20160512005848/en/
Tony Steel, Chief Executive Officer (Photo: Business Wire)
As CEO, Tony will continue to build on the momentum SMITH has gained by strengthening its position in the marketplace. He will focus on using SMITH’s experience-driven approach to commerce as the catalyst for helping brands transform and grow their business. “SMITH has built something very special in the marketplace, and experiential commerce is something every company should be focused on,” Tony says. “I am excited to join such a highly talented team, with an impressive track record of helping some of the world’s best companies.”
Tony is a seasoned executive, who brings extensive experience in commerce, CRM, and consulting to his role at SMITH. Prior to joining SMITH, Tony served as Executive Vice President of Customer Strategy Services and Management Consulting Group for Merkle, and was a member of Merkle’s Executive Committee. Before that, Tony was a Partner at PricewaterhouseCoopers and spent more than 10 years with IBM Global Business Services, holding several executive positions, including North American leader for IBM’s Smarter Commerce Growth Initiative and General Manager for the Southeast Asian Growth Market.
“We are excited to have Tony fill the CEO role and join our team,” says Chuck DelGrande. “He is a highly accomplished executive, who brings a tremendous amount of industry and client-facing experience to SMITH. His leadership skills, track record of growth, and industry insights will help refine our strategy and bring SMITH to the next level of growth.”
ABOUT SMITH
SMITH is a leading experiential commerce (xCom) agency that specializes in helping brands modernize the buying and selling experience for both B2B and B2C customers. SMITH is proud to serve some of the world’s most highly recognized brands, including AT&amp;T, Microsoft, Cansel, Top Golf, CDK Global, Xerox, and Tejuri. The company is headquartered in Seattle and has offices in Portland, Spokane, and Ottawa. Learn more at www.smith.co . Follow us on Twitter: @humansofsmith.
 //www.businesswire.com/news/home/20160512005848/en/
SMITH
Lynnette McLaughlin, 819-778-0313
 
</post>
<signature>

</signature>
<external_links>
<external_link>http://cts.businesswire.com/ct/CT?id=bwnews&amp;sty=20160512005848r1&amp;sid=56987&amp;distro=ftp</external_link><external_link>http://mms.businesswire.com/media/20160512005848/en/524560/4/Tony-steel.jpg</external_link><external_link>http://purl.org/rss/1.0/modules/content/</external_link><external_link>http://www.businesswire.com/news/home/20160512005848/en/</external_link><external_link>http://cts.businesswire.com/ct/CT?id=smartlink&amp;url=http%3A%2F%2Fwww.smith.co&amp;esheet=51340879&amp;newsitemid=20160512005848&amp;lan=en-US&amp;anchor=www.smith.co&amp;index=1&amp;md5=2727514f3017ab5e323601a9337779ca</external_link>
</external_links>
<country>US</country>
<main_image>http://businesswire.images.worldnow.com/images/10539993_G.jpg</main_image>
</document>
