<?xml version="1.0" encoding="UTF-8"?>
<document>
<type>mainstream</type>
<forum>http://www.cbs8.com/category/307361/business-wire</forum>
<forum_title>Business Wire - CBS News 8 - San Diego, CA News Station - KFMB Channel 8</forum_title>
<discussion_title>ALTZ Investment Strategies Debuts New Platform to Bring Private</discussion_title>
<language>english</language>
<gmt_offset></gmt_offset>
<topic_url>http://www.cbs8.com/story/31958238/altz-investment-strategies-debuts-new-platform-to-bring-private-placement-investing-to-individual-investors</topic_url>
<topic_text>
– Alternative crowdfund investing platform designed as a means to reduce minimum investments in private equity, real estate and renewable energy deals –
EXTON, Pa. --(BUSINESS WIRE) Crowdfund investing has just been taken up a notch. In a new twist on “crowdfund investing,” Philadelphia area-based ALTZ Investment Strategies (ALTZ) is announcing the launch of its alternative investment platform that grants accredited individual investors access to private opportunities.
These investments, usually reserved for institutional investors, can be accessed through the ALTZ website , where users register as accredited or aspirational investors, open a brokerage account, browse and, if eligible, allocate funds toward featured private placements. Once ALTZ-registered investors have collectively raised the capital required to invest, their money is aggregated and allocated to the company offering the private placement.
“We wanted to provide individual investors the chance to not only view private placement opportunities, but to access and take advantage of investments that otherwise may have been difficult to source, vet and track. ALTZ’s platform does just that,” said ALTZ chief executive officer Jim McDonald.
Created to make investing in real estate, renewable energy, private equity and liquid alternatives as accessible and convenient as online investing, ALTZ provides members with a process to open an online brokerage account where they can manage and hold their private investments. The company has chosen VIA Folio , the private investing division of Folio Institutional, to provide securities custody and brokerage account services to the ALTZ platform.
ALTZ’s inaugural offering is a portfolio of utility-scale solar energy projects. AIS Solar Utility Income I provides impact investors with the opportunity to own a portfolio of utility-scale photovoltaic (PV) projects. All electricity produced by the projects will be sold to high-credit, quality utility companies under long-term, fixed-rate power purchase agreements.
“Our first offering is a win-win for investors who want to fund environmentally and socially responsible projects while diversifying their portfolios,” said Gregg Flinn, ALTZ’s chief investment officer, adding that a 2015 SEC report determined just 301,000 of the approximately 12.4 million accredited U.S. investors were active participants in the private investment marketplace. “Setting ALTZ further apart is our long-term vision to connect private companies with this untapped audience that fuels the American economy,” he continued.
Both McDonald and Flinn have extensive experience in private investments and financial services. Flinn has worked in the industry for over 19 years, formerly with Goldman Sachs, and is an active registered investment adviser who has focused on alternative investments for the past 10 years. McDonald offered legal counsel to several private equity investment and real estate syndication groups and also served as president of a business consulting firm specializing in small- to mid-cap corporate transactions. For more information on ALTZ Investment Strategies, visit www.ALTZinv.com .
About ALTZ Investment Strategies
ALTZ Investment Strategies LLC (Exton, Pa.) is a pioneer in the new crowdfunding investment arena. The firm’s website, ALTZinv.com , is the first crowdfunding site to combine diverse investment opportunities including real estate, renewable energy, private equity and liquid alternatives. Consistent with our mission to help diversify investment portfolios, ALTZ identifies unique alternative investments and enables accredited investors to access previously unavailable opportunities that potentially outperform traditional stocks, bonds and mutual funds.
About VIA Folio TM
VIA Folio empowers clients of portals, issuers and intermediaries to invest in private debt and equity offerings. It does this by supporting the process of offering, subscription, closing, and custody on the FOLIO fn Investments, Inc. brokerage platform. Investors and advisors can hold multiple private securities in a single Folio brokerage account, alongside publicly traded securities, which could lead to a more diversified portfolio. This integrated approach facilitates the inclusion of private securities in both taxable and tax-deferred accounts.
This communication is for information purposes only and should not be regarded as a recommendation of or an offer to sell or as a solicitation of an offer to buy, any financial product. Financial products listed on our sites are only available to residents in the states where those products are registered. Offerings of private securities on our sites are only suitable for investors who are familiar with and willing to accept the high risk associated with private investments. Investors must be able to afford to lose their entire investment. Securities sold through private placements are not publicly traded and are intended for investors who do not have a need for a liquid investment. There can be no assurance any private security valuation is accurate, reflective of future sales prices, or in agreement with any market or industry valuations. Additionally, investors may receive restricted securities that may be subject to holding period requirements. A well-diversified portfolio can include different types of investments. How you invest is based on your tolerance for risk, the length of time you have to reach your financial goals, your specific interests and needs and other factors. Companies seeking private placement investments are often in earlier stages of development and have not yet been fully tested in the public marketplace. Investing in private placements requires high risk tolerance, low liquidity requirements and long-term commitments.
 //www.businesswire.com/news/home/20160512006186/en/
Gregory FCA
Jen Micklow, 610-228-2148
jenm@gregoryfca.com
 
</topic_text>
<spam_score>0.00</spam_score>
<post_num>1</post_num>
<post_id>post-1</post_id>
<post_url>http://www.cbs8.com/story/31958238/altz-investment-strategies-debuts-new-platform-to-bring-private-placement-investing-to-individual-investors</post_url>
<post_date>20160512</post_date>
<post_time>1212</post_time>
<username>cbs8</username>
<post>
– Alternative crowdfund investing platform designed as a means to reduce minimum investments in private equity, real estate and renewable energy deals –
EXTON, Pa. --(BUSINESS WIRE) Crowdfund investing has just been taken up a notch. In a new twist on “crowdfund investing,” Philadelphia area-based ALTZ Investment Strategies (ALTZ) is announcing the launch of its alternative investment platform that grants accredited individual investors access to private opportunities.
These investments, usually reserved for institutional investors, can be accessed through the ALTZ website , where users register as accredited or aspirational investors, open a brokerage account, browse and, if eligible, allocate funds toward featured private placements. Once ALTZ-registered investors have collectively raised the capital required to invest, their money is aggregated and allocated to the company offering the private placement.
“We wanted to provide individual investors the chance to not only view private placement opportunities, but to access and take advantage of investments that otherwise may have been difficult to source, vet and track. ALTZ’s platform does just that,” said ALTZ chief executive officer Jim McDonald.
Created to make investing in real estate, renewable energy, private equity and liquid alternatives as accessible and convenient as online investing, ALTZ provides members with a process to open an online brokerage account where they can manage and hold their private investments. The company has chosen VIA Folio , the private investing division of Folio Institutional, to provide securities custody and brokerage account services to the ALTZ platform.
ALTZ’s inaugural offering is a portfolio of utility-scale solar energy projects. AIS Solar Utility Income I provides impact investors with the opportunity to own a portfolio of utility-scale photovoltaic (PV) projects. All electricity produced by the projects will be sold to high-credit, quality utility companies under long-term, fixed-rate power purchase agreements.
“Our first offering is a win-win for investors who want to fund environmentally and socially responsible projects while diversifying their portfolios,” said Gregg Flinn, ALTZ’s chief investment officer, adding that a 2015 SEC report determined just 301,000 of the approximately 12.4 million accredited U.S. investors were active participants in the private investment marketplace. “Setting ALTZ further apart is our long-term vision to connect private companies with this untapped audience that fuels the American economy,” he continued.
Both McDonald and Flinn have extensive experience in private investments and financial services. Flinn has worked in the industry for over 19 years, formerly with Goldman Sachs, and is an active registered investment adviser who has focused on alternative investments for the past 10 years. McDonald offered legal counsel to several private equity investment and real estate syndication groups and also served as president of a business consulting firm specializing in small- to mid-cap corporate transactions. For more information on ALTZ Investment Strategies, visit www.ALTZinv.com .
About ALTZ Investment Strategies
ALTZ Investment Strategies LLC (Exton, Pa.) is a pioneer in the new crowdfunding investment arena. The firm’s website, ALTZinv.com , is the first crowdfunding site to combine diverse investment opportunities including real estate, renewable energy, private equity and liquid alternatives. Consistent with our mission to help diversify investment portfolios, ALTZ identifies unique alternative investments and enables accredited investors to access previously unavailable opportunities that potentially outperform traditional stocks, bonds and mutual funds.
About VIA Folio TM
VIA Folio empowers clients of portals, issuers and intermediaries to invest in private debt and equity offerings. It does this by supporting the process of offering, subscription, closing, and custody on the FOLIO fn Investments, Inc. brokerage platform. Investors and advisors can hold multiple private securities in a single Folio brokerage account, alongside publicly traded securities, which could lead to a more diversified portfolio. This integrated approach facilitates the inclusion of private securities in both taxable and tax-deferred accounts.
This communication is for information purposes only and should not be regarded as a recommendation of or an offer to sell or as a solicitation of an offer to buy, any financial product. Financial products listed on our sites are only available to residents in the states where those products are registered. Offerings of private securities on our sites are only suitable for investors who are familiar with and willing to accept the high risk associated with private investments. Investors must be able to afford to lose their entire investment. Securities sold through private placements are not publicly traded and are intended for investors who do not have a need for a liquid investment. There can be no assurance any private security valuation is accurate, reflective of future sales prices, or in agreement with any market or industry valuations. Additionally, investors may receive restricted securities that may be subject to holding period requirements. A well-diversified portfolio can include different types of investments. How you invest is based on your tolerance for risk, the length of time you have to reach your financial goals, your specific interests and needs and other factors. Companies seeking private placement investments are often in earlier stages of development and have not yet been fully tested in the public marketplace. Investing in private placements requires high risk tolerance, low liquidity requirements and long-term commitments.
 //www.businesswire.com/news/home/20160512006186/en/
Gregory FCA
Jen Micklow, 610-228-2148
jenm@gregoryfca.com
 
</post>
<signature>

</signature>
<external_links>
<external_link>http://purl.org/rss/1.0/modules/content/</external_link><external_link>http://cts.businesswire.com/ct/CT?id=smartlink&amp;url=http%3A%2F%2Fwww.viafolio.com&amp;esheet=51341512&amp;newsitemid=20160512006186&amp;lan=en-US&amp;anchor=VIA+Folio&amp;index=2&amp;md5=83c2ffee87467d85e83e5a044b741a02</external_link><external_link>http://cts.businesswire.com/ct/CT?id=smartlink&amp;url=https%3A%2F%2Faltzinv.com%2F&amp;esheet=51341512&amp;newsitemid=20160512006186&amp;lan=en-US&amp;anchor=website&amp;index=1&amp;md5=6b2578d801008c52ce79100d64c6f0c1</external_link><external_link>http://cts.businesswire.com/ct/CT?id=smartlink&amp;url=http%3A%2F%2Fwww.ALTZinv.com&amp;esheet=51341512&amp;newsitemid=20160512006186&amp;lan=en-US&amp;anchor=www.ALTZinv.com&amp;index=4&amp;md5=cee884e55582633a33a5b249e588f342</external_link><external_link>http://cts.businesswire.com/ct/CT?id=smartlink&amp;url=https%3A%2F%2Fwww.sec.gov%2Fdera%2Fstaff-papers%2Fwhite-papers%2Funregistered-offering10-2015.pdf&amp;esheet=51341512&amp;newsitemid=20160512006186&amp;lan=en-US&amp;anchor=2015+SEC+report&amp;index=3&amp;md5=c5307bf6459886594193eeb2dd4fc905</external_link><external_link>http://www.businesswire.com/news/home/20160512006186/en/</external_link><external_link>http://cts.businesswire.com/ct/CT?id=smartlink&amp;url=http%3A%2F%2Faltzinv.com&amp;esheet=51341512&amp;newsitemid=20160512006186&amp;lan=en-US&amp;anchor=ALTZinv.com&amp;index=5&amp;md5=806f2004373c3e74d5edb12012d6ad2d</external_link><external_link>http://cts.businesswire.com/ct/CT?id=bwnews&amp;sty=20160512006186r1&amp;sid=56987&amp;distro=ftp</external_link>
</external_links>
<country>US</country>
<main_image>http://businesswire.images.worldnow.com/images/10541255_G.jpg</main_image>
</document>
