<?xml version="1.0" encoding="UTF-8"?>
<document>
<type>mainstream</type>
<forum>http://www.motorsport.com/etc/rss.asp?N=25&amp;S=F1</forum>
<forum_title>Motorsport.com - Formula 1 - Stories</forum_title>
<discussion_title>Vettel: Kvyat exit not related to Russian GP accident</discussion_title>
<language>english</language>
<gmt_offset></gmt_offset>
<topic_url>http://www.motorsport.com/f1/news/vettel-kvyat-exit-not-related-to-russian-gp-accident-735621/</topic_url>
<topic_text>
Vettel: Kvyat exit not related to Russian GP accident 1,460 views By: Pablo Elizalde , News Editor 12/05/2016 03:52 Sebastian Vettel says Daniil Kvyat&apos;s demotion from Red Bull had nothing to do with their accident in the Russian Grand Prix. 
Vettel was taken out of the race by Kvyat, who crashed into the Ferrari twice on the opening lap. 
The Red Bull driver was given a penalty for the incident, and he would find out later in the week that he would be replaced at Red Bull by Max Verstappen. 
Vettel, a former Red Bull driver himself, said the Russian GP accident had not triggered the team&apos;s decision to send Kvyat to Toro Rosso. 
&quot;I don&apos;t think it has anything to do with happened in Sochi, as I learned it had already been decided beforehand,&quot; said Vettel on Thursday. 
&quot;It&apos;s obviously good news for one and not good news for the other. You can say Red Bull is the stronger team with more manpower and resources. 
&quot;Currently if you look at the raw performance probably it&apos;s not too dissimilar, but it&apos;s a great chance for Max. 
&quot;I don&apos;t know what are the reasons for the decision, but as I said, I don&apos;t think it&apos;s related to what happened in Russia or in China.&quot; 
The German said Kvyat had already apologised for the accident and that he had moved on from it. 
&quot;He realised he has done a mistake and for me that&apos;s the end of the story, there&apos;s nothing wrong with that,&quot; said Vettel. 
&quot;Of course I was very upset and disappointed in the first place because it ruined my race, but these things happen. 
&quot;There is no guarantee that I will [not] have a misjudgement on Sunday here, in two weeks, in a year, in five years if I&apos;m still around.&quot; Red Bull programme praise 
Despite what many perceived as a harsh decision by Red Bull to move Kvyat out of its top team, Vettel insisted there are still a lot of positive things to say about the energy drinks&apos; young driver programme. 
&quot;First of all you need to give a lot of positive for the programme. It&apos;s great to give young drivers a chance. 
&quot;I had my chance. I was under a lot of pressure and I&apos;m sure if I hadn&apos;t delivered I probably wouldn&apos;t be here. That&apos;s the nature of the game. 
&quot;When you get your chance you need to use it. If you do or not it might depend on various reasons but I think other than trying to look for negatives I think you should praise the positives.
</topic_text>
<spam_score>0.00</spam_score>
<post_num>1</post_num>
<post_id>post-1</post_id>
<post_url>http://www.motorsport.com/f1/news/vettel-kvyat-exit-not-related-to-russian-gp-accident-735621/</post_url>
<post_date>20160512</post_date>
<post_time>1552</post_time>
<username></username>
<post>
Vettel: Kvyat exit not related to Russian GP accident 1,460 views By: Pablo Elizalde , News Editor 12/05/2016 03:52 Sebastian Vettel says Daniil Kvyat&apos;s demotion from Red Bull had nothing to do with their accident in the Russian Grand Prix. 
Vettel was taken out of the race by Kvyat, who crashed into the Ferrari twice on the opening lap. 
The Red Bull driver was given a penalty for the incident, and he would find out later in the week that he would be replaced at Red Bull by Max Verstappen. 
Vettel, a former Red Bull driver himself, said the Russian GP accident had not triggered the team&apos;s decision to send Kvyat to Toro Rosso. 
&quot;I don&apos;t think it has anything to do with happened in Sochi, as I learned it had already been decided beforehand,&quot; said Vettel on Thursday. 
&quot;It&apos;s obviously good news for one and not good news for the other. You can say Red Bull is the stronger team with more manpower and resources. 
&quot;Currently if you look at the raw performance probably it&apos;s not too dissimilar, but it&apos;s a great chance for Max. 
&quot;I don&apos;t know what are the reasons for the decision, but as I said, I don&apos;t think it&apos;s related to what happened in Russia or in China.&quot; 
The German said Kvyat had already apologised for the accident and that he had moved on from it. 
&quot;He realised he has done a mistake and for me that&apos;s the end of the story, there&apos;s nothing wrong with that,&quot; said Vettel. 
&quot;Of course I was very upset and disappointed in the first place because it ruined my race, but these things happen. 
&quot;There is no guarantee that I will [not] have a misjudgement on Sunday here, in two weeks, in a year, in five years if I&apos;m still around.&quot; Red Bull programme praise 
Despite what many perceived as a harsh decision by Red Bull to move Kvyat out of its top team, Vettel insisted there are still a lot of positive things to say about the energy drinks&apos; young driver programme. 
&quot;First of all you need to give a lot of positive for the programme. It&apos;s great to give young drivers a chance. 
&quot;I had my chance. I was under a lot of pressure and I&apos;m sure if I hadn&apos;t delivered I probably wouldn&apos;t be here. That&apos;s the nature of the game. 
&quot;When you get your chance you need to use it. If you do or not it might depend on various reasons but I think other than trying to look for negatives I think you should praise the positives.
</post>
<signature>

</signature>
<external_links>

</external_links>
<country>US</country>
<main_image>http://cdn-2.motorsport.com/images/amp/0Rd4N8gY/s6/f1-russian-gp-2016-daniil-kvyat-red-bull-racing-rb12-crashes-into-sebastian-vettel-ferrari.jpg</main_image>
</document>
