<?xml version="1.0" encoding="UTF-8"?>
<document>
<type>mainstream</type>
<forum></forum>
<forum_title></forum_title>
<discussion_title>Mandzukic di Juve Karena Allegri - Bola.net</discussion_title>
<language>indonesian</language>
<gmt_offset></gmt_offset>
<topic_url>http://www.bola.net/italia/mandzukic-di-juve-karena-allegri-ef879f.html</topic_url>
<topic_text>
HOME » LIGA ITALIA » MANDZUKIC DI JUVE KARENA ALLEGRI Mandzukic di Juve Karena Allegri 12-05-2016 22:53 | Mario Mandzukic Mario Mandzukic © AFP Bola.net - Penyerang Mario Mandzukic membuat pengakuan tentang proses transfernya menuju Juventus pada awal musim 2015/16 ini. Ia mengaku bahwa Massimiliano Allegri adalah sosok yang sangat menentukan pilihannya bergabung dengan Juve.Mandzukic bergabung dengan Juventus dari Atletico Madrid. Ia datang dengan mahar transfer senilai 19 juta euro.&quot;Saya datang ke Juventus karena Allegri benar-benar ingin saya bergabung dengan Juventus. Itu menjadi alasan utama untuk menentukan pilihan saya,&quot; ujar Mandzukic kepada Sky .&quot;Awalnya kita butuh adaptasi untuk saling mengenal satu sama lain. Saya berada di klub baru dan belum mengenal Allegri dengan baik karena saya belum pernah bekerja dengannya sebelumnya.&quot;&quot;Setelah beberapa saat bersama, kami mulai saling memahami satu dan lainnya dengan lebih baik, dan saat ini kami sudah saling mengerti dengan sempurna,&quot; tukas Mandzukic. (sky/asa) Baca Ini Juga: 
</topic_text>
<spam_score>0.00</spam_score>
<post_num>1</post_num>
<post_id>post-1</post_id>
<post_url>http://www.bola.net/italia/mandzukic-di-juve-karena-allegri-ef879f.html</post_url>
<post_date>20161205</post_date>
<post_time></post_time>
<username></username>
<post>
HOME » LIGA ITALIA » MANDZUKIC DI JUVE KARENA ALLEGRI Mandzukic di Juve Karena Allegri 12-05-2016 22:53 | Mario Mandzukic Mario Mandzukic © AFP Bola.net - Penyerang Mario Mandzukic membuat pengakuan tentang proses transfernya menuju Juventus pada awal musim 2015/16 ini. Ia mengaku bahwa Massimiliano Allegri adalah sosok yang sangat menentukan pilihannya bergabung dengan Juve.Mandzukic bergabung dengan Juventus dari Atletico Madrid. Ia datang dengan mahar transfer senilai 19 juta euro.&quot;Saya datang ke Juventus karena Allegri benar-benar ingin saya bergabung dengan Juventus. Itu menjadi alasan utama untuk menentukan pilihan saya,&quot; ujar Mandzukic kepada Sky .&quot;Awalnya kita butuh adaptasi untuk saling mengenal satu sama lain. Saya berada di klub baru dan belum mengenal Allegri dengan baik karena saya belum pernah bekerja dengannya sebelumnya.&quot;&quot;Setelah beberapa saat bersama, kami mulai saling memahami satu dan lainnya dengan lebih baik, dan saat ini kami sudah saling mengerti dengan sempurna,&quot; tukas Mandzukic. (sky/asa) Baca Ini Juga: 
</post>
<signature>

</signature>
<external_links>

</external_links>
<country>ID</country>
<main_image>http://cdn.klimg.com/bola.net/library/upload/20/2015/12/mandzukic_0d215ad.jpg</main_image>
</document>
