<?xml version="1.0" encoding="UTF-8"?>
<document>
<type>mainstream</type>
<forum>http://www.monitor.hr/rss</forum>
<forum_title>Monitor.hr</forum_title>
<discussion_title>Financiranje cijele rock scene s milijun kuna - bizarna ideja</discussion_title>
<language>croatian</language>
<gmt_offset></gmt_offset>
<topic_url>http://www.monitor.hr/vijesti/financiranje-cijele-rock-scene-s-milijun-kuna-bizarna-ideja/333575/</topic_url>
<topic_text>
Bolje ništa nego išta Financiranje cijele rock scene s milijun kuna - bizarna ideja “Naše odluke su bačene u smeće, dok je odluku vjerojatno donio sam Hasanbegović koji se u rock razumije kao beduini u slalom”, rekao je Ilko Čulić o odluci Ministarstva kulture da potpore za rock glazbu smanji s 2 na 1,19 milijuna kuna te dodao - “sama ideja da se samo s milijun kuna u Hrvatskoj financira cjelokupna rock scena je bizarna&quot;. “Obično kokošarenje&quot;, kaže Sale Dragaš. » Jutarnji Povezane vijesti
</topic_text>
<spam_score>0.00</spam_score>
<post_num>1</post_num>
<post_id>post-1</post_id>
<post_url>http://www.monitor.hr/vijesti/financiranje-cijele-rock-scene-s-milijun-kuna-bizarna-ideja/333575/</post_url>
<post_date>20160512</post_date>
<post_time>1602</post_time>
<username></username>
<post>
Bolje ništa nego išta Financiranje cijele rock scene s milijun kuna - bizarna ideja “Naše odluke su bačene u smeće, dok je odluku vjerojatno donio sam Hasanbegović koji se u rock razumije kao beduini u slalom”, rekao je Ilko Čulić o odluci Ministarstva kulture da potpore za rock glazbu smanji s 2 na 1,19 milijuna kuna te dodao - “sama ideja da se samo s milijun kuna u Hrvatskoj financira cjelokupna rock scena je bizarna&quot;. “Obično kokošarenje&quot;, kaže Sale Dragaš. » Jutarnji Povezane vijesti
</post>
<signature>

</signature>
<external_links>

</external_links>
<country>HR</country>
<main_image>http://www.monitor.hr/date/2016/05/12/culic20160512001.jpg</main_image>
</document>
