<?xml version="1.0" encoding="UTF-8"?>
<document>
<type>mainstream</type>
<forum></forum>
<forum_title></forum_title>
<discussion_title>Edge, quando la Ford pensa in grande - Repubblica.it</discussion_title>
<language>italian</language>
<gmt_offset></gmt_offset>
<topic_url>http://www.repubblica.it/motori/sezioni/prodotto/2016/05/11/news/la_nuova_ford_edge_il_suv_full_size_dell_ovale_blu-139525815/</topic_url>
<topic_text>
Edge, quando la Ford pensa in grande Il nuovo maxi Suv si affianca all&apos;intermedio Kuga e al compatto EcoSport, ora la gamma è completa 11 maggio 2016 Arriva anche da noi la Edge, la famoso maxi Suv (è lungo 4,8 metri) che in Usa ha avuto già un considerevole successo e che sul nostro mercato si affianca a alla Kuga e al compatto EcoSport, recentemente aggiornati. Insomma ora la gamma Ford è completa: la Edge, fra l&apos;altro, è disponibile nelle serie Plus, Titanium e Sport, e propone anche una chicca, ossia la riduzione attiva del rumore (Active Noise Control, di serie su Titanium e Sport), che tramite specifici microfoni capta le onde acustiche del motore, della trasmissione e del vento e le annulla generando frequenze opposte Sicurezza poi in pole: il sistema di frenata automatica con assistenza pre-collisione e riconoscimento pedoni (Pre-Collision Assist with Pedestrian Detection, di serie), in grado di evitare gli incidenti o ridurne in ogni caso l’entità, e il limitatore intelligente di velocità (Intelligent Speed Limiter, di serie su Titanium e Sport), che riconosce i segnali stradali e adatta la velocità di crociera in base ai limiti vigenti Senza dimenticare poi lo sterzo adattivo (Adaptive Steering Wheel, di serie su Sport), che varia dinamicamente il rapporto tra giri del volante e direzione delle ruote in base alla velocità, per ottimizzare manovrabilità e precisione, e nelle zone dove la visibilitàè scarsa a causa degli angoli ciechi, grazie alla telecamera frontale con visuale a 180 gradi (Front Wide-View Camera) I motori? Tutti sposati alla trazione integrale intelligente (Intelligent All-Wheel-Drive), parliamo del diesel 2.0 TDCi, declinato nelle versioni turbo 180cv, abbinata al cambio manuale, e biturbo 210cv, abbinata al Powershift, con ‘paddle’ al volante, che fanno di Edge il SUV di classe superiore più efficiente di sempre grazie a consumi di 5,8 l/100 km ed emissioni CO2 di 149 g/km 1,2 Prezzi da 46.250 euro in su. 
</topic_text>
<spam_score>0.00</spam_score>
<post_num>1</post_num>
<post_id>post-1</post_id>
<post_url>http://www.repubblica.it/motori/sezioni/prodotto/2016/05/11/news/la_nuova_ford_edge_il_suv_full_size_dell_ovale_blu-139525815/</post_url>
<post_date>20160510</post_date>
<post_time></post_time>
<username>Di</username>
<post>
Edge, quando la Ford pensa in grande Il nuovo maxi Suv si affianca all&apos;intermedio Kuga e al compatto EcoSport, ora la gamma è completa 11 maggio 2016 Arriva anche da noi la Edge, la famoso maxi Suv (è lungo 4,8 metri) che in Usa ha avuto già un considerevole successo e che sul nostro mercato si affianca a alla Kuga e al compatto EcoSport, recentemente aggiornati. Insomma ora la gamma Ford è completa: la Edge, fra l&apos;altro, è disponibile nelle serie Plus, Titanium e Sport, e propone anche una chicca, ossia la riduzione attiva del rumore (Active Noise Control, di serie su Titanium e Sport), che tramite specifici microfoni capta le onde acustiche del motore, della trasmissione e del vento e le annulla generando frequenze opposte Sicurezza poi in pole: il sistema di frenata automatica con assistenza pre-collisione e riconoscimento pedoni (Pre-Collision Assist with Pedestrian Detection, di serie), in grado di evitare gli incidenti o ridurne in ogni caso l’entità, e il limitatore intelligente di velocità (Intelligent Speed Limiter, di serie su Titanium e Sport), che riconosce i segnali stradali e adatta la velocità di crociera in base ai limiti vigenti Senza dimenticare poi lo sterzo adattivo (Adaptive Steering Wheel, di serie su Sport), che varia dinamicamente il rapporto tra giri del volante e direzione delle ruote in base alla velocità, per ottimizzare manovrabilità e precisione, e nelle zone dove la visibilitàè scarsa a causa degli angoli ciechi, grazie alla telecamera frontale con visuale a 180 gradi (Front Wide-View Camera) I motori? Tutti sposati alla trazione integrale intelligente (Intelligent All-Wheel-Drive), parliamo del diesel 2.0 TDCi, declinato nelle versioni turbo 180cv, abbinata al cambio manuale, e biturbo 210cv, abbinata al Powershift, con ‘paddle’ al volante, che fanno di Edge il SUV di classe superiore più efficiente di sempre grazie a consumi di 5,8 l/100 km ed emissioni CO2 di 149 g/km 1,2 Prezzi da 46.250 euro in su. 
</post>
<signature>

</signature>
<external_links>

</external_links>
<country>IE</country>
<main_image>http://www.repstatic.it/content/nazionale/img/2016/05/10/192217811-9a91d0a6-97bc-432c-8ad1-a79a36fbb667.jpg</main_image>
</document>
