<?xml version="1.0" encoding="UTF-8"?>
<document>
<type>mainstream</type>
<forum></forum>
<forum_title></forum_title>
<discussion_title>Polkupyörästä fanituotteiden seuraava trendi? - Slayer ja Rammstein saaneet jo omansa - Soundi.fi</discussion_title>
<language>finnish</language>
<gmt_offset></gmt_offset>
<topic_url>http://www.soundi.fi/uutiset/polkupyorasta-fanituotteiden-seuraava-trendi-slayer-ja-rammstein-saaneet-jo-omansa/</topic_url>
<topic_text>
seuraava juttu → Kuva: Subrosa 
Kaikenlaisia fanituotteita sitä onkin ehditty jo näkemään: paitoja, alusvaatteita, mukeja, sytkäreitä, olutta… Listan jatkoksi voi nyt merkitä myös polkupyörän. 
Jenkkiläinen BMX-pyöriin erikoistunut Subrosa valmistaa 10-vuotisjuhlansa kunniaksi Slayer-pyöräsarjan , johon kuuluu neljä eri mallia, muun muassa lapsille sopiva 12” kokoluokan pyörä. 
Samaan aikaan Saksassa Rammstein lanseeraa oman polkupyörän , jota valmistetaan vain rajoitettu 100 kappaleen erä. Hintaa tälle mustalle kaunokille on siunaantunut lähes 1 700 euroa. 
Ja koska kyseessä on Rammstein, on pyörän mainosvideossakin tulta kuin… no, Rammsteinin konsertissa. 
Slayer ja Rammstein eivät toki ole keksineet pyörää uudelleen (pun intended), vaan Slayer-pyörän valmistaja Subrosa teki pari vuotta takaperin yhteistyötä The Sword -yhtyeen kanssa , tuloksena BMX-pyörä The Stormwitch . 
</topic_text>
<spam_score>0.00</spam_score>
<post_num>1</post_num>
<post_id>post-1</post_id>
<post_url>http://www.soundi.fi/uutiset/polkupyorasta-fanituotteiden-seuraava-trendi-slayer-ja-rammstein-saaneet-jo-omansa/</post_url>
<post_date>20160512</post_date>
<post_time></post_time>
<username>Vesa Siltanen</username>
<post>
seuraava juttu → Kuva: Subrosa 
Kaikenlaisia fanituotteita sitä onkin ehditty jo näkemään: paitoja, alusvaatteita, mukeja, sytkäreitä, olutta… Listan jatkoksi voi nyt merkitä myös polkupyörän. 
Jenkkiläinen BMX-pyöriin erikoistunut Subrosa valmistaa 10-vuotisjuhlansa kunniaksi Slayer-pyöräsarjan , johon kuuluu neljä eri mallia, muun muassa lapsille sopiva 12” kokoluokan pyörä. 
Samaan aikaan Saksassa Rammstein lanseeraa oman polkupyörän , jota valmistetaan vain rajoitettu 100 kappaleen erä. Hintaa tälle mustalle kaunokille on siunaantunut lähes 1 700 euroa. 
Ja koska kyseessä on Rammstein, on pyörän mainosvideossakin tulta kuin… no, Rammsteinin konsertissa. 
Slayer ja Rammstein eivät toki ole keksineet pyörää uudelleen (pun intended), vaan Slayer-pyörän valmistaja Subrosa teki pari vuotta takaperin yhteistyötä The Sword -yhtyeen kanssa , tuloksena BMX-pyörä The Stormwitch . 
</post>
<signature>

</signature>
<external_links>

</external_links>
<country>GB</country>
<main_image>http://www.soundi.fi/wp-content/uploads/2016/05/slayer_bike.jpg</main_image>
</document>
