<?xml version="1.0" encoding="UTF-8"?>
<document>
<type>mainstream</type>
<forum></forum>
<forum_title></forum_title>
<discussion_title>Segurança veta caminhada de manifestantes pró-Dilma até Alvorada - ÉPOCA | Expresso</discussion_title>
<language>portuguese</language>
<gmt_offset></gmt_offset>
<topic_url>http://epoca.globo.com/tempo/expresso/noticia/2016/05/seguranca-veta-caminhada-de-manifestantes-pro-dilma-ate-alvorada.html</topic_url>
<topic_text>
Para não passar em frente ao Palácio do Jaburu, onde Temer Mora NONATO VIEGAS 12/05/2016 - 13h16 - Atualizado 12/05/2016 13h16 Compartilhar Assine já! 
A intenção dos manifestantes pró-Dilma de caminhar do Palácio do Planalto até o Palácio da Alvorada após o afastamento de Dilma da Presidência foi vetada pela Segurança por um motivo simples: passaria em frente ao Palácio do Jaburu, residência oficial do vice-presidente. Previram confusão. Era melhor evitar. Manifestantes começam a chegar na praça dos Três poderes para acompanhar o pronunciamneto da presidenta Dilma Rousseff (Foto: Marcello Casal Jr/Agência Brasil) saiba mais 
</topic_text>
<spam_score>0.00</spam_score>
<post_num>1</post_num>
<post_id>post-1</post_id>
<post_url>http://epoca.globo.com/tempo/expresso/noticia/2016/05/seguranca-veta-caminhada-de-manifestantes-pro-dilma-ate-alvorada.html</post_url>
<post_date>20160512</post_date>
<post_time></post_time>
<username></username>
<post>
Para não passar em frente ao Palácio do Jaburu, onde Temer Mora NONATO VIEGAS 12/05/2016 - 13h16 - Atualizado 12/05/2016 13h16 Compartilhar Assine já! 
A intenção dos manifestantes pró-Dilma de caminhar do Palácio do Planalto até o Palácio da Alvorada após o afastamento de Dilma da Presidência foi vetada pela Segurança por um motivo simples: passaria em frente ao Palácio do Jaburu, residência oficial do vice-presidente. Previram confusão. Era melhor evitar. Manifestantes começam a chegar na praça dos Três poderes para acompanhar o pronunciamneto da presidenta Dilma Rousseff (Foto: Marcello Casal Jr/Agência Brasil) saiba mais 
</post>
<signature>

</signature>
<external_links>

</external_links>
<country>BR</country>
<main_image>http://s2.glbimg.com/eR09nllMiLBISI90-vNupwJ7tnE=/560x430/e.glbimg.com/og/ed/f/original/2016/05/12/manifestacao-brasilia-4.jpg</main_image>
</document>
