<?xml version="1.0" encoding="UTF-8"?>
<document>
<type>mainstream</type>
<forum>http://www.la-razon.com/rss/</forum>
<forum_title>La Razón (Bolivia) - Home</forum_title>
<discussion_title>Rousseff es arropada por sus seguidores al abandonar la Presidencia</discussion_title>
<language>spanish</language>
<gmt_offset></gmt_offset>
<topic_url>http://www.la-razon.com/mundo/brasil-rousseff-ovacionada_0_2489151092.html</topic_url>
<topic_text>
brasil Rousseff es arropada por sus seguidores al abandonar la Presidencia La mandataria evitó abandonar el Palacio por la rampa por la que generalmente salen los presidentes que entregan el cargo para dejar claro que seguirá luchando para volver a la presidencia. 
Seguidores de Rousseff y del Partido de los Trabajadores en una manifestación. Foto: Internet 
La Razón Digital / EFE / Brasilia 
10:55   La presidenta suspendida de Brasil, Dilma Rousseff, fue arropada este jueves por miles de seguidores al abandonar el Palacio de Planato, la sede del Gobierno brasileño, tras ser notificada de que el Senado le abrió un juicio político y que tendrá que dejar el cargo por 180 días. &quot;Dilma, guerrera de la patria brasileña&quot;, coreaban los cerca de 3.000 militantes del oficialista Partido de los Trabajadores (PT) y de movimientos sociales que apoyaban su Gobierno que se concentraron frente a la Presidencia y a los que Rousseff se unió. La mandataria evitó abandonar el Palacio por la rampa por la que generalmente salen los presidentes que entregan el cargo para dejar claro, como lo dijo en un pronunciamiento previo, que seguirá luchando por volver a la jefatura del Estado. (12-05-2016)
</topic_text>
<spam_score>0.00</spam_score>
<post_num>1</post_num>
<post_id>post-1</post_id>
<post_url>http://www.la-razon.com/mundo/brasil-rousseff-ovacionada_0_2489151092.html</post_url>
<post_date>20160512</post_date>
<post_time>1455</post_time>
<username></username>
<post>
brasil Rousseff es arropada por sus seguidores al abandonar la Presidencia La mandataria evitó abandonar el Palacio por la rampa por la que generalmente salen los presidentes que entregan el cargo para dejar claro que seguirá luchando para volver a la presidencia. 
Seguidores de Rousseff y del Partido de los Trabajadores en una manifestación. Foto: Internet 
La Razón Digital / EFE / Brasilia 
10:55   La presidenta suspendida de Brasil, Dilma Rousseff, fue arropada este jueves por miles de seguidores al abandonar el Palacio de Planato, la sede del Gobierno brasileño, tras ser notificada de que el Senado le abrió un juicio político y que tendrá que dejar el cargo por 180 días. &quot;Dilma, guerrera de la patria brasileña&quot;, coreaban los cerca de 3.000 militantes del oficialista Partido de los Trabajadores (PT) y de movimientos sociales que apoyaban su Gobierno que se concentraron frente a la Presidencia y a los que Rousseff se unió. La mandataria evitó abandonar el Palacio por la rampa por la que generalmente salen los presidentes que entregan el cargo para dejar claro, como lo dijo en un pronunciamiento previo, que seguirá luchando por volver a la jefatura del Estado. (12-05-2016)
</post>
<signature>

</signature>
<external_links>

</external_links>
<country>US</country>
<main_image></main_image>
</document>
