<?xml version="1.0" encoding="UTF-8"?>
<document>
<type>mainstream</type>
<forum>http://kdhnews.com//search/?q=&amp;t=article&amp;l=25&amp;d=&amp;d1=&amp;d2=&amp;s=start_time&amp;sd=desc&amp;c[]=news*&amp;f=rss</forum>
<forum_title>The Killeen Daily Herald - news</forum_title>
<discussion_title>Athletes urge WADA to use influence in Russian Olympic case</discussion_title>
<language>english</language>
<gmt_offset></gmt_offset>
<topic_url>http://kdhnews.com/news/ap/athletes-urge-wada-to-use-influence-in-russian-olympic-case/article_04c48fdb-166a-5904-98f0-629fc08dfaee.html</topic_url>
<topic_text>
Athletes urge WADA to use influence in Russian Olympic case Associated Press | 0 comments 
MONTREAL (AP) — Athletes around the world are calling on the World Anti-Doping Agency to use its influence to ensure Russians be banned from this summer&apos;s Olympics if there&apos;s no guarantee they are clean. 
At WADA&apos;s board meeting Thursday, Olympic cross-country champion Beckie Scott of Canada outlined a four-part list of requests drawn up by the WADA athletes&apos; committee. 
Also on the list: immediate penalties for violators of anti-doping code in extraordinary cases; sanctions for serious noncompliance; and better methods to take care of whistleblowers. 
Scott said she understands that it&apos;s track&apos;s governing body, not WADA, that has the final say on whether Russia&apos;s track team competes at the Rio Olympics. But she says WADA has influence and needs to use it with respect to Rio.
</topic_text>
<spam_score>0.00</spam_score>
<post_num>1</post_num>
<post_id>post-1</post_id>
<post_url>http://kdhnews.com/news/ap/athletes-urge-wada-to-use-influence-in-russian-olympic-case/article_04c48fdb-166a-5904-98f0-629fc08dfaee.html</post_url>
<post_date>20160512</post_date>
<post_time>1524</post_time>
<username>EDDIE PELLS</username>
<post>
Athletes urge WADA to use influence in Russian Olympic case Associated Press | 0 comments 
MONTREAL (AP) — Athletes around the world are calling on the World Anti-Doping Agency to use its influence to ensure Russians be banned from this summer&apos;s Olympics if there&apos;s no guarantee they are clean. 
At WADA&apos;s board meeting Thursday, Olympic cross-country champion Beckie Scott of Canada outlined a four-part list of requests drawn up by the WADA athletes&apos; committee. 
Also on the list: immediate penalties for violators of anti-doping code in extraordinary cases; sanctions for serious noncompliance; and better methods to take care of whistleblowers. 
Scott said she understands that it&apos;s track&apos;s governing body, not WADA, that has the final say on whether Russia&apos;s track team competes at the Rio Olympics. But she says WADA has influence and needs to use it with respect to Rio.
</post>
<signature>

</signature>
<external_links>

</external_links>
<country>US</country>
<main_image>http://bloximages.newyork1.vip.townnews.com/kdhnews.com/content/tncms/assets/v3/editorial/3/f7/3f721774-4e48-11e4-a862-001a4bcf6878/5434246e4ed18.image.jpg</main_image>
</document>
