<?xml version="1.0" encoding="UTF-8"?>
<document>
<type>mainstream</type>
<forum></forum>
<forum_title></forum_title>
<discussion_title>北汽拿下首个新能源汽车“准生证”-千龙网·中国首都网</discussion_title>
<language>chinese</language>
<gmt_offset></gmt_offset>
<topic_url>http://finance.qianlong.com/2016/0511/598145.shtml</topic_url>
<topic_text>

近日，工信部官网上发布了第284批《道路机动车辆生产企业及产品公告》，在此公告中，北汽新能源汽车股份有限公司入列其中，拿下首个新能源汽车“准生证”。 
目前，在我国汽车制造领域，企业要想顺利的生产并销售整车产品，必须在国家发改委备案相关资质，并在工信部进行资质核准，再申请相应产品的公告目录。北汽新能源在获得独立的生产资质前，相应车辆公告的申领，一直依托北汽集团的整车生产资质执行，在相继获得国家发改委批复和国家工信部核准后，北汽新能源成为第一家被核准的新能源整车生产企业。 
据了解，北汽新能源纯电动乘用车建设项目总投资114950万元，利用原有资产16672万元，新增投资98278万元，将形成7万辆纯电动乘用车产能规模，其中新增5万辆纯电动乘用车产能。 
该项目建设内容包括两部分，一是将北京采育基地作为总部基地，进行新产品开发、试制和高端产品的批量生产，年产2万辆纯电动乘用车；二是成立青岛分公司，新建青岛莱西基地，年产5万辆纯电动乘用车。 
相关数据显示，2015年，北汽新能源公司销售整车20129辆，同比增长265%，市场占有率扩大至24.2%。4月，北汽集团董事长徐和谊表示，2016年北汽新能源公司计划销售汽车7万辆，争取做到8万辆。以此计算，北汽新能源公司今年销量同比增长将不低于247.7%。今年一季度，北汽新能源公司累计销量达6006辆，同比增长273%。其中3月销售纯电动汽车2532辆，继续保持纯电动汽车市场“一哥”地位。 
刚结束的北京车展，作为东道主的北汽新能源推出7款新车，这预示着北汽新能源即将迎来一个新的产品大年。为实现销量的高增长，北汽新能源公司将加强线上营销，和传统营销模式形成良性互补。 
目前，北汽新能源公司在全国有10余家4S店，未来将按照每增加1500辆车新建一家店的节奏建设销售渠道。而随着此次工信部对其独立的新能源乘用车生产企业的核准，迅速扩充的产能无疑将保证北汽新能源在下一阶段继续快速前行。 责任编辑： 贾奕炜（QF0013） 作者： 杜兰 相关阅读 
</topic_text>
<spam_score>0.00</spam_score>
<post_num>1</post_num>
<post_id>post-1</post_id>
<post_url>http://finance.qianlong.com/2016/0511/598145.shtml</post_url>
<post_date>20160511</post_date>
<post_time></post_time>
<username></username>
<post>

近日，工信部官网上发布了第284批《道路机动车辆生产企业及产品公告》，在此公告中，北汽新能源汽车股份有限公司入列其中，拿下首个新能源汽车“准生证”。 
目前，在我国汽车制造领域，企业要想顺利的生产并销售整车产品，必须在国家发改委备案相关资质，并在工信部进行资质核准，再申请相应产品的公告目录。北汽新能源在获得独立的生产资质前，相应车辆公告的申领，一直依托北汽集团的整车生产资质执行，在相继获得国家发改委批复和国家工信部核准后，北汽新能源成为第一家被核准的新能源整车生产企业。 
据了解，北汽新能源纯电动乘用车建设项目总投资114950万元，利用原有资产16672万元，新增投资98278万元，将形成7万辆纯电动乘用车产能规模，其中新增5万辆纯电动乘用车产能。 
该项目建设内容包括两部分，一是将北京采育基地作为总部基地，进行新产品开发、试制和高端产品的批量生产，年产2万辆纯电动乘用车；二是成立青岛分公司，新建青岛莱西基地，年产5万辆纯电动乘用车。 
相关数据显示，2015年，北汽新能源公司销售整车20129辆，同比增长265%，市场占有率扩大至24.2%。4月，北汽集团董事长徐和谊表示，2016年北汽新能源公司计划销售汽车7万辆，争取做到8万辆。以此计算，北汽新能源公司今年销量同比增长将不低于247.7%。今年一季度，北汽新能源公司累计销量达6006辆，同比增长273%。其中3月销售纯电动汽车2532辆，继续保持纯电动汽车市场“一哥”地位。 
刚结束的北京车展，作为东道主的北汽新能源推出7款新车，这预示着北汽新能源即将迎来一个新的产品大年。为实现销量的高增长，北汽新能源公司将加强线上营销，和传统营销模式形成良性互补。 
目前，北汽新能源公司在全国有10余家4S店，未来将按照每增加1500辆车新建一家店的节奏建设销售渠道。而随着此次工信部对其独立的新能源乘用车生产企业的核准，迅速扩充的产能无疑将保证北汽新能源在下一阶段继续快速前行。 责任编辑： 贾奕炜（QF0013） 作者： 杜兰 相关阅读 
</post>
<signature>

</signature>
<external_links>

</external_links>
<country>CN</country>
<main_image></main_image>
</document>
