<?xml version="1.0" encoding="UTF-8"?>
<document>
<type>mainstream</type>
<forum></forum>
<forum_title></forum_title>
<discussion_title>中国邮政储蓄银行石河子市分行成立八周年服务纪实-天山网</discussion_title>
<language>chinese</language>
<gmt_offset></gmt_offset>
<topic_url>http://finance.ts.cn/content/2016-05/12/content_12123116.htm</topic_url>
<topic_text>

天山网讯（通讯员黄白杨摄影报道)2008年3月，中国邮政储蓄银行石河子市分行正式挂牌成立。八年来，分行始终秉承“进步，与您同步”的服务理念，遵循“服务城乡大众，支持三农发展”的市场定位，助力当地经济社会发展，在八师石河子市金融画卷上描绘出浓墨重彩的篇章。 
支农服务篇 
在石河子垦区7529平方公里的土地上，邮储银行石河子市分行一直秉承“人嫌细微、我宁繁琐”的方针，恪守“普之城乡、惠之于民”的承诺，不断延伸农村金融服务“最后一公里”。 
一切为农民着想，产品为农民设计。早在2008年8月，中国邮储银行石河子市分行就开办了小额贷款业务，5万元的贷款一次又一次地为农户送上“及时雨”、“雪中炭”。优质的服务、方便的还款方式、灵活的担保制度、阳光透明的信贷政策给用户留下了良好的形象。随着农户亩产成本的提高，2013年1月分行小额贷款额度由5万元上调至10万元。如今，传统的小额农贷产品已成为邮储银行石河子市分行的信贷品牌。 
随着现代农业的快速发展，邮储银行许多小额农贷老客户凭借兵团土地复垦、荒地开发等优惠政策，耕地面积不断攀升，如今已形成土地开发、改良、租赁、农业机械化的标准流程，小额贷款产品授信金额已不能满足农户及农场大面积开发资金需要。为有效解决“贷款难”和“难贷款”的问题，在指导支行继承和发展传统信贷产品的基础上，邮储银行石河子市分行陆续推出兵团家庭农场主贷款、兵团信用连队贷款、土地经营权抵押贷款等升级产品，这些新产品使符合条件的农牧民得到了更多资金支持。 
根据石河子垦区特殊的金融市场环境，邮储银行石河子市分行还陆续制定了一系列优先发展小额贷款业务的优惠政策，将有限的人力、物力、财力投入小额贷款业务发展中去，优先满足小额农户贷款客户资金需求。根据石河子垦区人口、地域分布及社会经济发展情况，除两个团场支行办理农户贷款业务以外，石河子分行还在大型中心团场设立了三个信贷服务中心，统一负责各片区小额贷款业务，保证了业务办理的时效性。小额贷款从业人数也由业务开办初期的5人增加到18人，人员素质和规模都有了提升，为确保贷款及时发放到农户手中提供了支撑。 
八年来，邮储银行石河子市分行始终把改善支农服务作为工作的出发点和落脚点，积极推进农牧团场建设，发展现代农牧业，增加农民收入水平，已累计发放小额农贷12.24亿元。支农工作能力的提高，不仅促进了农牧团场经济的发展，也提高了邮储银行的运行质量、经营效益和社会知名度。 
小微服务篇 
邮储银行石河子分行根据国家经济金融政策导向和总行“服务中小微企业”的发展战略，结合石河子发展特点，明确了经营发展思路和市场定位。针对中小企业融资难的现状，推出了中小企业服务特色产品个人商务贷款、小企业贷款、快捷贷、国有农用地经营权抵押个人商务贷款业务，贷款额度最高可达1000万元。石河子分行以更宽广的服务范围、更客观的企业评价、更灵活的担保条件、更快捷的审批速度高质量服务中小企业。 
在推出信贷产品的同时，石河子分行不断完善小微企业管理机制、管理流程、担保方式，积极创新小微企业信贷服务方式，努力探索拓展小微企业融资服务渠道。积极保持与石河子企业家联合会的长期沟通机制，参与银企座谈会，商谈发展思路，搭建与中小企业沟通交流平台，促进与中小企业的合作。对符合条件的中小企业实行限时办结制度，建立信贷绿色通道，缩短审批时间，有效提高了中小企业的办贷效率。在服务中小企业方面邮储银行始终坚持三个并重：即社会效益与自身效益并重；“锦上添花”与“雪中送炭”并重；帮助中小企业“解近忧”与“谋长远”并重。八年来，分行累计发放小微企业贷款17.68亿元，优质的服务、丰富的产品使该分行多次荣获八师“支持小微企业优秀单位”的称号。 
科学管理篇 
为客户提供更加优质的服务，是邮储银行石河子市分行一直以来不懈的追求，从成立以来，该行就致力于打造成资本充足、内控严密、运营安全、服务规范、效益良好的金融机构。 
石河子分行重视流程化管理，通过建立限时办结制度、阳光办贷制度、首问责任制度、监督处理制度等四项机制，扎实推进“为民、务实、清廉”要求的落实。为提高办理效率，建立限时办结制度，推行贷款限时办结服务承诺，对于零售类贷款要求在5-14个工作日内调查审批发放；小企业贷款要求在15-30个工作日内调查审批发放。作为为民务实的具体体现，如何推行阳光办贷是关键。为此，石河子分行一方面公开贷款办理的对象、条件、担保贷款所需资料、贷款流程以及客户经理的服务对象和联系方式，让客户对能否贷款、能贷多少、利率多高、如何办理、向谁投诉等心里有数；另一方面，设立信贷服务专窗，指定专人负责解疑答惑，对信贷业务的受理、调查、审查、签订合同、办理抵押登记及发放贷款等环节实行阳光化操作。为不断完善服务体系，分行明确规定凡属第一个接触客户的工作人员，不论其职责与客户需知晓或办理的事项是否有关，均为首问责任人。对属于本职范围内的工作，认真释疑解惑；对不是自己业务范围内的工作，应负责安排到有关部门或落实到人。石河子分行还持续完善监督处理制度，明确处理原则、方法、流程和职责，公布监督电话、邮箱，畅通信息反馈渠道。 
在大力发展业务的同时，石河子分行不遗余力将网点转型作为首要工作来抓，利用一切手段和形式组织员工认真学习现代商业银行经营和管理模式，将“银行靠服务生存”、“网点创造效益”的观念贯穿到经营发展中。通过开展争创文明窗口、微笑服务、跟踪服务、规范文明用语、注重着装礼仪等措施，网点整体服务水平得到提高。分行注重树立综合服务意识，转变服务理念，以客户为中心，更加关注和开发客户的金融需求，将不同的服务元素和产品综合在一起，为客户提供综合金融服务；改变以往重视产品管理而忽视客户管理的做法，明确客户定位，细分客户需求，要求产品客户经理用心花时间认识客户、了解客户通过有效的产品交叉组合为客户提升增值服务，实现从业务营销到客户营销的转变。 
履行责任篇 
成立八年来，邮储银行石河子市分行牢固树立“融入地方经济，履行社会责任”理念，坚持“支持经济、服务地方”的工作方针，遵循“服务城乡大众，支持三农发展”的市场定位，积极融入八师石河子市社会稳定和长治久安，面向农村、社区和中小企业提供特色金融服务，在提高农村金融服务水平、促进城乡金融协调发展，助力八师石河子市经济建设等方面发挥了积极作用。 
为改善农村支付结算环境，解决农村地区普遍存在的小额提现难问题，邮储银行石河子市分行把做好银行卡助农取款服务作为支持“三农”与服务地方经济发展的重要举措，在团场地区建立了15个银行卡助农取款网点。同时以“多点合一”现场宣传为基石，借助信贷员经常深入团场调查，熟悉乡镇情况的优势，集中对团场开展金融知识宣传与指导，努力实现“农民受益、银行如意、政府满意”的多赢局面。 
邮储银行石河子市分行积极履行社会责任，谋求与地方社会经济的良性互动与和谐发展，承担了全市大部分社保养老金代发工作，为全市社保事业发展提供了安全、优质、高效的金融服务。仅2015年全年累计代发社保养老金49万笔，金额14.2亿元，受到委托单位的一致好评。 
石河子分行积极参与“爱心一元捐”、“希望工程一元捐”、“无偿献血”等公益活动。积极响应师市团委举办的为贫困儿童“圆梦计划”捐赠活动。从2014年开始，该行直属营业部就与石河子市第三小学贫困学生进行结对捐助，帮助学生完成九年学业。该行还成立了“学雷锋志愿者服务队”，坚持开展志愿者服务活动，组织参加了社区春季卫生死角清理、秋季植树、文明交通劝导等社会公益活动，全力支持社区建设，提升邮政储蓄银行关爱社会、关注公益活动的社会形象。2013年，邮储银行石河子市分行被评为自治区级文明单位；2014年，石河子分行直属营业部获得中国邮政储蓄银行“总行级先进集体”称号，北四路支行被师市总工会授予“工人先锋号”；2015年，石河子分行直属营业部被师市总工会授予“工人先锋号”。 
站在新的历史起点上，邮储银行石河子市分行将在八师石河子市兵团市场上奏响更加波澜壮阔、气势恢宏的发展乐章，为石河子市经济社会全面、协调和可持续发展做出新的更大的贡献。 
</topic_text>
<spam_score>0.00</spam_score>
<post_num>1</post_num>
<post_id>post-1</post_id>
<post_url>http://finance.ts.cn/content/2016-05/12/content_12123116.htm</post_url>
<post_date>20160512</post_date>
<post_time></post_time>
<username></username>
<post>

天山网讯（通讯员黄白杨摄影报道)2008年3月，中国邮政储蓄银行石河子市分行正式挂牌成立。八年来，分行始终秉承“进步，与您同步”的服务理念，遵循“服务城乡大众，支持三农发展”的市场定位，助力当地经济社会发展，在八师石河子市金融画卷上描绘出浓墨重彩的篇章。 
支农服务篇 
在石河子垦区7529平方公里的土地上，邮储银行石河子市分行一直秉承“人嫌细微、我宁繁琐”的方针，恪守“普之城乡、惠之于民”的承诺，不断延伸农村金融服务“最后一公里”。 
一切为农民着想，产品为农民设计。早在2008年8月，中国邮储银行石河子市分行就开办了小额贷款业务，5万元的贷款一次又一次地为农户送上“及时雨”、“雪中炭”。优质的服务、方便的还款方式、灵活的担保制度、阳光透明的信贷政策给用户留下了良好的形象。随着农户亩产成本的提高，2013年1月分行小额贷款额度由5万元上调至10万元。如今，传统的小额农贷产品已成为邮储银行石河子市分行的信贷品牌。 
随着现代农业的快速发展，邮储银行许多小额农贷老客户凭借兵团土地复垦、荒地开发等优惠政策，耕地面积不断攀升，如今已形成土地开发、改良、租赁、农业机械化的标准流程，小额贷款产品授信金额已不能满足农户及农场大面积开发资金需要。为有效解决“贷款难”和“难贷款”的问题，在指导支行继承和发展传统信贷产品的基础上，邮储银行石河子市分行陆续推出兵团家庭农场主贷款、兵团信用连队贷款、土地经营权抵押贷款等升级产品，这些新产品使符合条件的农牧民得到了更多资金支持。 
根据石河子垦区特殊的金融市场环境，邮储银行石河子市分行还陆续制定了一系列优先发展小额贷款业务的优惠政策，将有限的人力、物力、财力投入小额贷款业务发展中去，优先满足小额农户贷款客户资金需求。根据石河子垦区人口、地域分布及社会经济发展情况，除两个团场支行办理农户贷款业务以外，石河子分行还在大型中心团场设立了三个信贷服务中心，统一负责各片区小额贷款业务，保证了业务办理的时效性。小额贷款从业人数也由业务开办初期的5人增加到18人，人员素质和规模都有了提升，为确保贷款及时发放到农户手中提供了支撑。 
八年来，邮储银行石河子市分行始终把改善支农服务作为工作的出发点和落脚点，积极推进农牧团场建设，发展现代农牧业，增加农民收入水平，已累计发放小额农贷12.24亿元。支农工作能力的提高，不仅促进了农牧团场经济的发展，也提高了邮储银行的运行质量、经营效益和社会知名度。 
小微服务篇 
邮储银行石河子分行根据国家经济金融政策导向和总行“服务中小微企业”的发展战略，结合石河子发展特点，明确了经营发展思路和市场定位。针对中小企业融资难的现状，推出了中小企业服务特色产品个人商务贷款、小企业贷款、快捷贷、国有农用地经营权抵押个人商务贷款业务，贷款额度最高可达1000万元。石河子分行以更宽广的服务范围、更客观的企业评价、更灵活的担保条件、更快捷的审批速度高质量服务中小企业。 
在推出信贷产品的同时，石河子分行不断完善小微企业管理机制、管理流程、担保方式，积极创新小微企业信贷服务方式，努力探索拓展小微企业融资服务渠道。积极保持与石河子企业家联合会的长期沟通机制，参与银企座谈会，商谈发展思路，搭建与中小企业沟通交流平台，促进与中小企业的合作。对符合条件的中小企业实行限时办结制度，建立信贷绿色通道，缩短审批时间，有效提高了中小企业的办贷效率。在服务中小企业方面邮储银行始终坚持三个并重：即社会效益与自身效益并重；“锦上添花”与“雪中送炭”并重；帮助中小企业“解近忧”与“谋长远”并重。八年来，分行累计发放小微企业贷款17.68亿元，优质的服务、丰富的产品使该分行多次荣获八师“支持小微企业优秀单位”的称号。 
科学管理篇 
为客户提供更加优质的服务，是邮储银行石河子市分行一直以来不懈的追求，从成立以来，该行就致力于打造成资本充足、内控严密、运营安全、服务规范、效益良好的金融机构。 
石河子分行重视流程化管理，通过建立限时办结制度、阳光办贷制度、首问责任制度、监督处理制度等四项机制，扎实推进“为民、务实、清廉”要求的落实。为提高办理效率，建立限时办结制度，推行贷款限时办结服务承诺，对于零售类贷款要求在5-14个工作日内调查审批发放；小企业贷款要求在15-30个工作日内调查审批发放。作为为民务实的具体体现，如何推行阳光办贷是关键。为此，石河子分行一方面公开贷款办理的对象、条件、担保贷款所需资料、贷款流程以及客户经理的服务对象和联系方式，让客户对能否贷款、能贷多少、利率多高、如何办理、向谁投诉等心里有数；另一方面，设立信贷服务专窗，指定专人负责解疑答惑，对信贷业务的受理、调查、审查、签订合同、办理抵押登记及发放贷款等环节实行阳光化操作。为不断完善服务体系，分行明确规定凡属第一个接触客户的工作人员，不论其职责与客户需知晓或办理的事项是否有关，均为首问责任人。对属于本职范围内的工作，认真释疑解惑；对不是自己业务范围内的工作，应负责安排到有关部门或落实到人。石河子分行还持续完善监督处理制度，明确处理原则、方法、流程和职责，公布监督电话、邮箱，畅通信息反馈渠道。 
在大力发展业务的同时，石河子分行不遗余力将网点转型作为首要工作来抓，利用一切手段和形式组织员工认真学习现代商业银行经营和管理模式，将“银行靠服务生存”、“网点创造效益”的观念贯穿到经营发展中。通过开展争创文明窗口、微笑服务、跟踪服务、规范文明用语、注重着装礼仪等措施，网点整体服务水平得到提高。分行注重树立综合服务意识，转变服务理念，以客户为中心，更加关注和开发客户的金融需求，将不同的服务元素和产品综合在一起，为客户提供综合金融服务；改变以往重视产品管理而忽视客户管理的做法，明确客户定位，细分客户需求，要求产品客户经理用心花时间认识客户、了解客户通过有效的产品交叉组合为客户提升增值服务，实现从业务营销到客户营销的转变。 
履行责任篇 
成立八年来，邮储银行石河子市分行牢固树立“融入地方经济，履行社会责任”理念，坚持“支持经济、服务地方”的工作方针，遵循“服务城乡大众，支持三农发展”的市场定位，积极融入八师石河子市社会稳定和长治久安，面向农村、社区和中小企业提供特色金融服务，在提高农村金融服务水平、促进城乡金融协调发展，助力八师石河子市经济建设等方面发挥了积极作用。 
为改善农村支付结算环境，解决农村地区普遍存在的小额提现难问题，邮储银行石河子市分行把做好银行卡助农取款服务作为支持“三农”与服务地方经济发展的重要举措，在团场地区建立了15个银行卡助农取款网点。同时以“多点合一”现场宣传为基石，借助信贷员经常深入团场调查，熟悉乡镇情况的优势，集中对团场开展金融知识宣传与指导，努力实现“农民受益、银行如意、政府满意”的多赢局面。 
邮储银行石河子市分行积极履行社会责任，谋求与地方社会经济的良性互动与和谐发展，承担了全市大部分社保养老金代发工作，为全市社保事业发展提供了安全、优质、高效的金融服务。仅2015年全年累计代发社保养老金49万笔，金额14.2亿元，受到委托单位的一致好评。 
石河子分行积极参与“爱心一元捐”、“希望工程一元捐”、“无偿献血”等公益活动。积极响应师市团委举办的为贫困儿童“圆梦计划”捐赠活动。从2014年开始，该行直属营业部就与石河子市第三小学贫困学生进行结对捐助，帮助学生完成九年学业。该行还成立了“学雷锋志愿者服务队”，坚持开展志愿者服务活动，组织参加了社区春季卫生死角清理、秋季植树、文明交通劝导等社会公益活动，全力支持社区建设，提升邮政储蓄银行关爱社会、关注公益活动的社会形象。2013年，邮储银行石河子市分行被评为自治区级文明单位；2014年，石河子分行直属营业部获得中国邮政储蓄银行“总行级先进集体”称号，北四路支行被师市总工会授予“工人先锋号”；2015年，石河子分行直属营业部被师市总工会授予“工人先锋号”。 
站在新的历史起点上，邮储银行石河子市分行将在八师石河子市兵团市场上奏响更加波澜壮阔、气势恢宏的发展乐章，为石河子市经济社会全面、协调和可持续发展做出新的更大的贡献。 
</post>
<signature>

</signature>
<external_links>

</external_links>
<country>CN</country>
<main_image></main_image>
</document>
