<?xml version="1.0" encoding="UTF-8"?>
<document>
<type>mainstream</type>
<forum>http://bangka.tribunnews.com/rss</forum>
<forum_title>Bangka Pos</forum_title>
<discussion_title>Astaga! Umur Sudah 74 Tahun Kakek Ini Masuk Sanggup Menggoyang PSK Muda</discussion_title>
<language>indonesian</language>
<gmt_offset></gmt_offset>
<topic_url>http://bangka.tribunnews.com/2016/05/12/astaga-umur-sudah-74-tahun-kakek-ini-masuk-sanggup-menggoyang-psk-muda</topic_url>
<topic_text>
Astaga! Umur Sudah 74 Tahun Kakek Ini Masuk Sanggup Menggoyang PSK Muda Kamis, 12 Mei 2016 20:30 + Share tribunjogja/anggapurnama Petugas Satpol PP Klaten mendata warga yang terjaring razia operasi tindak asusila di Kantor Satpol PP setempat, Jumat (12/5/2016). Operasi tersebut digelar dalam rangka penegakan perda jelang datangnya bulan Ramadan 
Laporan Reporter Tribun Jogja, Angga Purnama 
BANGKAPOS.COM, KLATEN – Seorang kakek berumur 74 terjaring razia yang digelar oleh Satuan Polisi Pamong Praja (Satpol PP) Kabupaten Klaten. 
Total sebanyak lima pasangan tidak resmi yang terjaring dalam operasi tindak asusila yang digelar Satpol PP, Kamis (12/5/2016). 
Informasi Tribun Jogja kakek yang mengaku bernama Suwarjo asal Kalasan, Kabupaten Sleman, DIY itu terjaring saat berada di salah satu hotel di wilayah Prambanan, Klaten. 
Ia digerebek bersama pasangannya yang mengaku bernama Sekar (35). 
Keduanya diamankan lantaran petugas mencurigai Sekar merupakan PSK yang sedang beroperasi di wilayah Prambanan. 
Kepada petugas keduanya sempat mengelak dan mengaku sedang melakukan transaksi jual beli tanah. 
Namun pengakuan Sujarwo dinilai janggal lantaran baru mengenal pasangannya di warung angkringan dekat dengan hotel kelas melati itu. 
“Saya baru datang ke angkringan dan baru kenalan. Belum ngapa-ngapain,” ujarnya saat dimintai keterangan oleh petugas. 
Tidak hanya Sujarwo, petugas juga mengamankan Harjono yang berusia 61 bersama pasangannya, Sugiyanti (40), keduanya merupakan warga Gunungkidul. 
Petugas mendapati keduanya saat berada dalam satu kamar di salah satu hotel di Prambanan. 
Selain itu, ada tiga pasangan lain yang juga tidak memiliki status pernikahan yang sah ikut diamankan. (tribunjogja.com) Editor: Hendra
</topic_text>
<spam_score>0.00</spam_score>
<post_num>1</post_num>
<post_id>post-1</post_id>
<post_url>http://bangka.tribunnews.com/2016/05/12/astaga-umur-sudah-74-tahun-kakek-ini-masuk-sanggup-menggoyang-psk-muda</post_url>
<post_date>20160512</post_date>
<post_time>1330</post_time>
<username></username>
<post>
Astaga! Umur Sudah 74 Tahun Kakek Ini Masuk Sanggup Menggoyang PSK Muda Kamis, 12 Mei 2016 20:30 + Share tribunjogja/anggapurnama Petugas Satpol PP Klaten mendata warga yang terjaring razia operasi tindak asusila di Kantor Satpol PP setempat, Jumat (12/5/2016). Operasi tersebut digelar dalam rangka penegakan perda jelang datangnya bulan Ramadan 
Laporan Reporter Tribun Jogja, Angga Purnama 
BANGKAPOS.COM, KLATEN – Seorang kakek berumur 74 terjaring razia yang digelar oleh Satuan Polisi Pamong Praja (Satpol PP) Kabupaten Klaten. 
Total sebanyak lima pasangan tidak resmi yang terjaring dalam operasi tindak asusila yang digelar Satpol PP, Kamis (12/5/2016). 
Informasi Tribun Jogja kakek yang mengaku bernama Suwarjo asal Kalasan, Kabupaten Sleman, DIY itu terjaring saat berada di salah satu hotel di wilayah Prambanan, Klaten. 
Ia digerebek bersama pasangannya yang mengaku bernama Sekar (35). 
Keduanya diamankan lantaran petugas mencurigai Sekar merupakan PSK yang sedang beroperasi di wilayah Prambanan. 
Kepada petugas keduanya sempat mengelak dan mengaku sedang melakukan transaksi jual beli tanah. 
Namun pengakuan Sujarwo dinilai janggal lantaran baru mengenal pasangannya di warung angkringan dekat dengan hotel kelas melati itu. 
“Saya baru datang ke angkringan dan baru kenalan. Belum ngapa-ngapain,” ujarnya saat dimintai keterangan oleh petugas. 
Tidak hanya Sujarwo, petugas juga mengamankan Harjono yang berusia 61 bersama pasangannya, Sugiyanti (40), keduanya merupakan warga Gunungkidul. 
Petugas mendapati keduanya saat berada dalam satu kamar di salah satu hotel di Prambanan. 
Selain itu, ada tiga pasangan lain yang juga tidak memiliki status pernikahan yang sah ikut diamankan. (tribunjogja.com) Editor: Hendra
</post>
<signature>

</signature>
<external_links>

</external_links>
<country>US</country>
<main_image>http://cdn-2.tstatic.net/bangka/foto/bank/images/petugas-satpol-pp-razia-psk_20160512_202958.jpg</main_image>
</document>
