<?xml version="1.0" encoding="UTF-8"?>
<document>
<type>mainstream</type>
<forum>http://lb.ua/export/rss.xml</forum>
<forum_title>LB.ua</forum_title>
<discussion_title>Кононенко восстановили в должности первого замглавы БПП</discussion_title>
<language>russian</language>
<gmt_offset></gmt_offset>
<topic_url>http://lb.ua/news/2016/05/12/334970_kononenko_vosstanovili_dolzhnosti.html</topic_url>
<topic_text>
Расследование НАБУ по заявлению Абромавичуса еще не закончено. 
Блок Петра Порошенко возобновил народного депутата Игоря Кононенко на посту первого заместителя председателя фракции. 
Об этом сообщает пресс-служба БПП. 
Заседание фракции прошло утром в четверг.
</topic_text>
<spam_score>0.00</spam_score>
<post_num>1</post_num>
<post_id>post-1</post_id>
<post_url>http://lb.ua/news/2016/05/12/334970_kononenko_vosstanovili_dolzhnosti.html</post_url>
<post_date>20160512</post_date>
<post_time>0639</post_time>
<username>info@lb.ua (LB.ua)</username>
<post>
Расследование НАБУ по заявлению Абромавичуса еще не закончено. 
Блок Петра Порошенко возобновил народного депутата Игоря Кононенко на посту первого заместителя председателя фракции. 
Об этом сообщает пресс-служба БПП. 
Заседание фракции прошло утром в четверг.
</post>
<signature>

</signature>
<external_links>

</external_links>
<country>UA</country>
<main_image>http://i.lb.ua/011/45/573425315200d.jpeg</main_image>
</document>
