<?xml version="1.0" encoding="UTF-8"?>
<document>
<type>mainstream</type>
<forum>http://www.monitor.hr/rss</forum>
<forum_title>Monitor.hr</forum_title>
<discussion_title>Brazilski senat izglasao opoziv predsjednice Rousseff</discussion_title>
<language>croatian</language>
<gmt_offset></gmt_offset>
<topic_url>http://www.monitor.hr/vijesti/brazilski-senat-izglasao-opoziv-predsjednice-rousseff/333569/</topic_url>
<topic_text>
Brojke joj nisu na broju Brazilski senat izglasao opoziv predsjednice Rousseff Brazilski Senat izglasao je opoziv predsjednice Dilme Rousseff, a na mjestu šefice države zamijenit će je potpredsjednik Michel Temer kojeg ona optužuje za institucionalni državni udar te slučaj naziva &quot;farsom&quot; ( BBC ). Rousseff je optužena za ilegalno manipuliranje financijama kako bi sakrila rast javnog duga u vrijeme svog reizbora 2014. Ovo je kraj 13-godišnje vladavine njene Radničke partije. » NY Times , Radio Slobodna Europa Povezane vijesti
</topic_text>
<spam_score>0.00</spam_score>
<post_num>1</post_num>
<post_id>post-1</post_id>
<post_url>http://www.monitor.hr/vijesti/brazilski-senat-izglasao-opoziv-predsjednice-rousseff/333569/</post_url>
<post_date>20160512</post_date>
<post_time>1649</post_time>
<username></username>
<post>
Brojke joj nisu na broju Brazilski senat izglasao opoziv predsjednice Rousseff Brazilski Senat izglasao je opoziv predsjednice Dilme Rousseff, a na mjestu šefice države zamijenit će je potpredsjednik Michel Temer kojeg ona optužuje za institucionalni državni udar te slučaj naziva &quot;farsom&quot; ( BBC ). Rousseff je optužena za ilegalno manipuliranje financijama kako bi sakrila rast javnog duga u vrijeme svog reizbora 2014. Ovo je kraj 13-godišnje vladavine njene Radničke partije. » NY Times , Radio Slobodna Europa Povezane vijesti
</post>
<signature>

</signature>
<external_links>

</external_links>
<country>HR</country>
<main_image>http://www.monitor.hr/date/2016/05/12/rousseff20160512001.jpg</main_image>
</document>
