<?xml version="1.0" encoding="UTF-8"?>
<document>
<type>mainstream</type>
<forum></forum>
<forum_title></forum_title>
<discussion_title>Sparks seen on Metrorail track at Reagan National Airport &apos;normal,&apos; say officials | WTTG</discussion_title>
<language>english</language>
<gmt_offset></gmt_offset>
<topic_url>http://www.fox5dc.com/news/http&amp;#x3a;&amp;#x2f;&amp;#x2f;www&amp;#x2e;fox5dc&amp;#x2e;com&amp;#x2f;news&amp;#x2f;140324092-story</topic_url>
<topic_text>
Sparks seen on Metrorail track at Reagan National Airport &apos;normal,&apos; say officials Social media reacts to bride&apos;s request for better gift Teddy bear found and reunited with little girl Photos PHOTOS: Take a FOX 5 Beach Day! PHOTOS: Easterns Automotive helps Boy Scouts PHOTOS: Breaking the Caps Curse © Copyright 2000 - 2016 Fox Television Stations, LLC. All Rights Reserved. Privacy Policy Terms of Service Ad Choices Sparks seen on Metrorail track at Reagan National Airport &apos;normal,&apos; say officials According to Metro officials, sparks produced by a Metrorail car along a section of track in Arlington are &apos;normal.&apos; FOX 5 was contacted by a viewer who saw the sparks come from underneath a train car at Reagan National Airport. By: Posted: May 12 2016 12:16PM EDT Updated: May 12 2016 12:19PM EDT Sparks seen on Metrorail track at Reagan National Airport &apos;normal,&apos; say officials 
Metro officials told FOX 5 that these sparks, seen on a Metrorail track at Reagan National Airport, are &apos;normal.&apos; 
Metro officials told FOX 5 that these sparks, seen on a Metrorail track at Reagan National Airport, are &apos;normal.&apos; 
Metro officials told FOX 5 that these sparks, seen on a Metrorail track at Reagan National Airport, are &apos;normal.&apos; 
Metro officials told FOX 5 that these sparks, seen on a Metrorail track at Reagan National Airport, are &apos;normal.&apos; 
Metro officials told FOX 5 that these sparks, seen on a Metrorail track at Reagan National Airport, are &apos;normal.&apos; 
Metro officials told FOX 5 that these sparks, seen on a Metrorail track at Reagan National Airport, are &apos;normal.&apos; 
Metro officials told FOX 5 that these sparks, seen on a Metrorail track at Reagan National Airport, are &apos;normal.&apos; 
Metro officials told FOX 5 that these sparks, seen on a Metrorail track at Reagan National Airport, are &apos;normal.&apos; 
Metro officials told FOX 5 that these sparks, seen on a Metrorail track at Reagan National Airport, are &apos;normal.&apos; 
Metro officials told FOX 5 that these sparks, seen on a Metrorail track at Reagan National Airport, are &apos;normal.&apos; News Sparks seen on Metrorail track at Reagan National Airport &apos;normal,&apos; say officials 
According to Metro officials, sparks produced by a Metrorail car along a section of track in Arlington are &apos;normal.&apos; FOX 5 was contacted by a viewer who saw the sparks come from underneath a train car at Reagan National Airport. Related Stories 
</topic_text>
<spam_score>0.00</spam_score>
<post_num>1</post_num>
<post_id>post-1</post_id>
<post_url>http://www.fox5dc.com/news/http&amp;#x3a;&amp;#x2f;&amp;#x2f;www&amp;#x2e;fox5dc&amp;#x2e;com&amp;#x2f;news&amp;#x2f;140324092-story</post_url>
<post_date>20160512</post_date>
<post_time></post_time>
<username></username>
<post>
Sparks seen on Metrorail track at Reagan National Airport &apos;normal,&apos; say officials Social media reacts to bride&apos;s request for better gift Teddy bear found and reunited with little girl Photos PHOTOS: Take a FOX 5 Beach Day! PHOTOS: Easterns Automotive helps Boy Scouts PHOTOS: Breaking the Caps Curse © Copyright 2000 - 2016 Fox Television Stations, LLC. All Rights Reserved. Privacy Policy Terms of Service Ad Choices Sparks seen on Metrorail track at Reagan National Airport &apos;normal,&apos; say officials According to Metro officials, sparks produced by a Metrorail car along a section of track in Arlington are &apos;normal.&apos; FOX 5 was contacted by a viewer who saw the sparks come from underneath a train car at Reagan National Airport. By: Posted: May 12 2016 12:16PM EDT Updated: May 12 2016 12:19PM EDT Sparks seen on Metrorail track at Reagan National Airport &apos;normal,&apos; say officials 
Metro officials told FOX 5 that these sparks, seen on a Metrorail track at Reagan National Airport, are &apos;normal.&apos; 
Metro officials told FOX 5 that these sparks, seen on a Metrorail track at Reagan National Airport, are &apos;normal.&apos; 
Metro officials told FOX 5 that these sparks, seen on a Metrorail track at Reagan National Airport, are &apos;normal.&apos; 
Metro officials told FOX 5 that these sparks, seen on a Metrorail track at Reagan National Airport, are &apos;normal.&apos; 
Metro officials told FOX 5 that these sparks, seen on a Metrorail track at Reagan National Airport, are &apos;normal.&apos; 
Metro officials told FOX 5 that these sparks, seen on a Metrorail track at Reagan National Airport, are &apos;normal.&apos; 
Metro officials told FOX 5 that these sparks, seen on a Metrorail track at Reagan National Airport, are &apos;normal.&apos; 
Metro officials told FOX 5 that these sparks, seen on a Metrorail track at Reagan National Airport, are &apos;normal.&apos; 
Metro officials told FOX 5 that these sparks, seen on a Metrorail track at Reagan National Airport, are &apos;normal.&apos; 
Metro officials told FOX 5 that these sparks, seen on a Metrorail track at Reagan National Airport, are &apos;normal.&apos; News Sparks seen on Metrorail track at Reagan National Airport &apos;normal,&apos; say officials 
According to Metro officials, sparks produced by a Metrorail car along a section of track in Arlington are &apos;normal.&apos; FOX 5 was contacted by a viewer who saw the sparks come from underneath a train car at Reagan National Airport. Related Stories 
</post>
<signature>

</signature>
<external_links>

</external_links>
<country>US</country>
<main_image>http://static.lakana.com/media.fox5dc.com/photo/2016/05/12/MetroSparks%20_OP_10_CP__1463069643343_1300603_ver1.0_640_360.jpg</main_image>
</document>
