<?xml version="1.0" encoding="UTF-8"?>
<document>
<type>mainstream</type>
<forum>http://kdhnews.com//search/?q=&amp;t=article&amp;l=25&amp;d=&amp;d1=&amp;d2=&amp;s=start_time&amp;sd=desc&amp;c[]=news*&amp;f=rss</forum>
<forum_title>The Killeen Daily Herald - news</forum_title>
<discussion_title>Court rejects ex-coal CEO&apos;s bid to remain free during appeal</discussion_title>
<language>english</language>
<gmt_offset></gmt_offset>
<topic_url>http://kdhnews.com/news/nation/court-rejects-ex-coal-ceo-s-bid-to-remain-free/article_44456709-7f1b-57b2-992e-d9980537e5d7.html</topic_url>
<topic_text>
Court rejects ex-coal CEO&apos;s bid to remain free during appeal Associated Press | 0 comments 
CHARLESTON, W.Va. (AP) — A federal appeals court rejected a bid Thursday by former Massey Energy CEO Don Blankenship to remain free while the court considers an appeal of his conviction related to the deadliest U.S. mine explosion in four decades. 
A three-judge panel of the 4th U.S. Circuit Court of Appeals announced the ruling in a brief statement the same day Blankenship was scheduled to report to start serving his one-year sentence. 
Blankenship&apos;s attorneys filed an emergency motion with the appeals court Tuesday, noting that he&apos;s was scheduled to head to an unspecified California prison. 
A federal Bureau of Prisons website indicated Blankenship was not yet in the agency&apos;s custody. 
Federal prosecutors declined comment. An attorney for Blankenship did not immediately comment on the ruling. 
&quot;Today we saw Don Blankenship go to federal prison where he belongs,&quot; Booth Goodwin, the former U.S. attorney who brought the case against Blankenship, said in a statement to The Associated Press. &quot;It was a long road, but I am pleased to see him finally start to pay for his criminal conduct.&quot; 
Blankenship was sentenced April 6 to a year in prison and ordered to pay a $250,000 fine for conspiring to willfully violate mine safety standards at West Virginia&apos;s Upper Big Branch coal mine, which exploded in 2010, killing 29 men. 
The thought of Blankenship heading to prison was little satisfaction to Tommy Davis, who lost three family members in the 2010 tragedy and worked at the mine that day himself. 
&quot;It is what it is,&quot; Davis said. &quot;It really don&apos;t mean a whole lot to me, because he didn&apos;t get what he needed. He wouldn&apos;t even have went to prison if he&apos;d done what he needed to do as a CEO. I would still be fishing with my son and my brother and hanging out with my nephew and still worked with 29 good men.&quot; 
But Gary Quarles, whose son Gary Wayne died at Upper Big Branch, felt differently. 
&quot;I think it&apos;s finally time he went to jail,&quot; Quarles said. &quot;I&apos;m very happy about it.&quot; 
The appeals court previously set a May 31 deadline for initial briefs on Blankenship&apos;s conviction appeal. 
Federal prosecutors in Charleston had said allowing the 66-year-old Blankenship to continue his $1 million bail would be contrary to federal law, which allows appeals to delay jail sentences only in &quot;exceptional circumstances.&quot; 
&quot;None of defendant&apos;s contentions raise a substantial question likely to result in reversal,&quot; Assistant U.S. Attorney Steve Ruby wrote in an April 25 court filing. 
According to federal law, defendants can remain free pending appeal if they can show their arguments on appeal raise a substantial question of law or fact likely to result in reversal, an order for a new trial, a sentence that does not include a prison term, or a substantially reduced jail sentence. 
In the prosecution&apos;s filing, Ruby said the amount of time Blankenship serves in prison while his appeal is pending is not a relevant consideration. 
&quot;It makes no difference whether his sentence is a year or 40 years — the sentence cannot be stayed,&quot; Ruby wrote. 
Blankenship&apos;s attorneys say he could serve much, or all, of his sentence before an appellate decision on the appeal is reached. 
During the trial, prosecutors called Blankenship a bullish micromanager who meddled in the smallest details of Upper Big Branch. They said Massey&apos;s safety programs were just a facade — never backed by more money to hire additional miners or take more time on safety tasks. 
Blankenship&apos;s attorneys believe he shouldn&apos;t have gotten more than a fine and probation, and have promised to appeal. They embraced Blankenship&apos;s image as a tough boss, but countered it by saying he demanded safety and showed commitment to his community, family and employees. 
At Upper Big Branch, four investigations found worn and broken cutting equipment created a spark that ignited accumulations of coal dust and methane gas. Broken and clogged water sprayers then allowed what should have been a minor flare-up to become an inferno. 
Blankenship disputed those reports and said he believed natural gas in the mine, and not methane gas and excess coal dust, was at the root of the explosion. 
___ 
Associated Press writer Jonathan Mattise contributed to this report.
</topic_text>
<spam_score>0.00</spam_score>
<post_num>1</post_num>
<post_id>post-1</post_id>
<post_url>http://kdhnews.com/news/nation/court-rejects-ex-coal-ceo-s-bid-to-remain-free/article_44456709-7f1b-57b2-992e-d9980537e5d7.html</post_url>
<post_date>20160512</post_date>
<post_time>1534</post_time>
<username>JOHN RABY</username>
<post>
Court rejects ex-coal CEO&apos;s bid to remain free during appeal Associated Press | 0 comments 
CHARLESTON, W.Va. (AP) — A federal appeals court rejected a bid Thursday by former Massey Energy CEO Don Blankenship to remain free while the court considers an appeal of his conviction related to the deadliest U.S. mine explosion in four decades. 
A three-judge panel of the 4th U.S. Circuit Court of Appeals announced the ruling in a brief statement the same day Blankenship was scheduled to report to start serving his one-year sentence. 
Blankenship&apos;s attorneys filed an emergency motion with the appeals court Tuesday, noting that he&apos;s was scheduled to head to an unspecified California prison. 
A federal Bureau of Prisons website indicated Blankenship was not yet in the agency&apos;s custody. 
Federal prosecutors declined comment. An attorney for Blankenship did not immediately comment on the ruling. 
&quot;Today we saw Don Blankenship go to federal prison where he belongs,&quot; Booth Goodwin, the former U.S. attorney who brought the case against Blankenship, said in a statement to The Associated Press. &quot;It was a long road, but I am pleased to see him finally start to pay for his criminal conduct.&quot; 
Blankenship was sentenced April 6 to a year in prison and ordered to pay a $250,000 fine for conspiring to willfully violate mine safety standards at West Virginia&apos;s Upper Big Branch coal mine, which exploded in 2010, killing 29 men. 
The thought of Blankenship heading to prison was little satisfaction to Tommy Davis, who lost three family members in the 2010 tragedy and worked at the mine that day himself. 
&quot;It is what it is,&quot; Davis said. &quot;It really don&apos;t mean a whole lot to me, because he didn&apos;t get what he needed. He wouldn&apos;t even have went to prison if he&apos;d done what he needed to do as a CEO. I would still be fishing with my son and my brother and hanging out with my nephew and still worked with 29 good men.&quot; 
But Gary Quarles, whose son Gary Wayne died at Upper Big Branch, felt differently. 
&quot;I think it&apos;s finally time he went to jail,&quot; Quarles said. &quot;I&apos;m very happy about it.&quot; 
The appeals court previously set a May 31 deadline for initial briefs on Blankenship&apos;s conviction appeal. 
Federal prosecutors in Charleston had said allowing the 66-year-old Blankenship to continue his $1 million bail would be contrary to federal law, which allows appeals to delay jail sentences only in &quot;exceptional circumstances.&quot; 
&quot;None of defendant&apos;s contentions raise a substantial question likely to result in reversal,&quot; Assistant U.S. Attorney Steve Ruby wrote in an April 25 court filing. 
According to federal law, defendants can remain free pending appeal if they can show their arguments on appeal raise a substantial question of law or fact likely to result in reversal, an order for a new trial, a sentence that does not include a prison term, or a substantially reduced jail sentence. 
In the prosecution&apos;s filing, Ruby said the amount of time Blankenship serves in prison while his appeal is pending is not a relevant consideration. 
&quot;It makes no difference whether his sentence is a year or 40 years — the sentence cannot be stayed,&quot; Ruby wrote. 
Blankenship&apos;s attorneys say he could serve much, or all, of his sentence before an appellate decision on the appeal is reached. 
During the trial, prosecutors called Blankenship a bullish micromanager who meddled in the smallest details of Upper Big Branch. They said Massey&apos;s safety programs were just a facade — never backed by more money to hire additional miners or take more time on safety tasks. 
Blankenship&apos;s attorneys believe he shouldn&apos;t have gotten more than a fine and probation, and have promised to appeal. They embraced Blankenship&apos;s image as a tough boss, but countered it by saying he demanded safety and showed commitment to his community, family and employees. 
At Upper Big Branch, four investigations found worn and broken cutting equipment created a spark that ignited accumulations of coal dust and methane gas. Broken and clogged water sprayers then allowed what should have been a minor flare-up to become an inferno. 
Blankenship disputed those reports and said he believed natural gas in the mine, and not methane gas and excess coal dust, was at the root of the explosion. 
___ 
Associated Press writer Jonathan Mattise contributed to this report.
</post>
<signature>

</signature>
<external_links>

</external_links>
<country>US</country>
<main_image>http://bloximages.newyork1.vip.townnews.com/kdhnews.com/content/tncms/assets/v3/editorial/3/f7/3f721774-4e48-11e4-a862-001a4bcf6878/5434246e4ed18.image.jpg</main_image>
</document>
