<?xml version="1.0" encoding="UTF-8"?>
<document>
<type>mainstream</type>
<forum></forum>
<forum_title></forum_title>
<discussion_title>โปรเน็ต 512 Kbps ทรูฯ รายวัน ไม่ลดความเร็ว + โทร&amp;WiFi ฟรี 29บ./วัน - 9TANA : Tech Channel !!</discussion_title>
<language>thai</language>
<gmt_offset></gmt_offset>
<topic_url>http://www.9tana.com/node/true-512-kbps-daily/</topic_url>
<topic_text>
Home » News » โปรเน็ต 512 Kbps ทรูฯ รายวัน ไม่ลดความเร็ว + โทร&amp;WiFi ฟรี 29บ./วัน โปรเน็ต 512 Kbps ทรูฯ รายวัน ไม่ลดความเร็ว + โทร&amp;WiFi ฟรี 29บ./วัน By TANA On May 12, 2016 In News No Comments Line 
ทรูมูฟเอช ออกโปรโมชั่นเสริมใหม่ สำหรับผู้ใช้แบบเติมเงินที่ชอบเล่นเน็ตเยอะๆ ด้วยโปรเน็ตความเร็วคงที่ 512Kbps ไม่จำกัดปริมาณ ไม่มีการลดความเร็ว ในราคาที่ 29 ต่อ 1 วัน เท่านั้น 
นอกจากเน็ตความเร็ว 512 Kbps คงที่แล้ว แพ็กเสริมนี้ยังมาพร้อมสิทธิ์โทรฟรีในเครือข่าย 60 นาที และเล่น WiFi ฟรีอีกด้วย โดยราคาดังกล่าวหากรวม Vat. 7% แล้ว จะอยุ่ที่ราวๆ 31 บาท ครับ สมัครได้โดยการกด *900*8999# ส่งต่อเรื่องนี้ให้เพื่อน! 
</topic_text>
<spam_score>0.00</spam_score>
<post_num>1</post_num>
<post_id>post-1</post_id>
<post_url>http://www.9tana.com/node/true-512-kbps-daily/</post_url>
<post_date>20160512</post_date>
<post_time></post_time>
<username></username>
<post>
Home » News » โปรเน็ต 512 Kbps ทรูฯ รายวัน ไม่ลดความเร็ว + โทร&amp;WiFi ฟรี 29บ./วัน โปรเน็ต 512 Kbps ทรูฯ รายวัน ไม่ลดความเร็ว + โทร&amp;WiFi ฟรี 29บ./วัน By TANA On May 12, 2016 In News No Comments Line 
ทรูมูฟเอช ออกโปรโมชั่นเสริมใหม่ สำหรับผู้ใช้แบบเติมเงินที่ชอบเล่นเน็ตเยอะๆ ด้วยโปรเน็ตความเร็วคงที่ 512Kbps ไม่จำกัดปริมาณ ไม่มีการลดความเร็ว ในราคาที่ 29 ต่อ 1 วัน เท่านั้น 
นอกจากเน็ตความเร็ว 512 Kbps คงที่แล้ว แพ็กเสริมนี้ยังมาพร้อมสิทธิ์โทรฟรีในเครือข่าย 60 นาที และเล่น WiFi ฟรีอีกด้วย โดยราคาดังกล่าวหากรวม Vat. 7% แล้ว จะอยุ่ที่ราวๆ 31 บาท ครับ สมัครได้โดยการกด *900*8999# ส่งต่อเรื่องนี้ให้เพื่อน! 
</post>
<signature>

</signature>
<external_links>

</external_links>
<country>TH</country>
<main_image>http://www.9tana.com/wp-content/uploads/2016/03/truemoveH.jpg</main_image>
</document>
