<?xml version="1.0" encoding="UTF-8"?>
<document>
<type>mainstream</type>
<forum>http://www.cbs8.com/category/307361/business-wire</forum>
<forum_title>Business Wire - CBS News 8 - San Diego, CA News Station - KFMB Channel 8</forum_title>
<discussion_title>Fitch Withdraws Ratings on Soloso CDO 2005-1 Ltd.</discussion_title>
<language>english</language>
<gmt_offset></gmt_offset>
<topic_url>http://www.cbs8.com/story/31958234/fitch-withdraws-ratings-on-soloso-cdo-2005-1-ltd</topic_url>
<topic_text>
NEW YORK --(BUSINESS WIRE) Fitch Ratings has withdrawn the ratings on all classes of notes in Soloso CDO 2005-1 Ltd. as follows:
--$64,153,907 class A-1LA notes &apos;Dsf&apos;;
--$106,279,783 class A-1L notes &apos;Dsf&apos;;
--$39,000,000 class A-1LB notes &apos;Dsf&apos;;
--$47,095,487 class A-2L notes &apos;CCsf&apos;;
--$44,121,587 class A-3L notes &apos;Csf&apos;;
--$21,628,473 class A-3A notes &apos;Csf&apos;;
--$20,957,754 class A-3B notes &apos;Csf&apos;;
--$36,751,151 class B-1L notes &apos;Csf&apos;.
KEY RATING DRIVERS
Soloso 2005-1 entered an Event of Default (EOD) on April 24, 2013. On June 7, 2013 Fitch was notified that the requisite noteholders declared the aggregate principal amount of the notes to be immediately due and payable. The requisite noteholders have directed the sale and liquidation of collateral on August 2015. Some junior noteholders filed a complaint in the United States District Court in which they have contended that there was a pre-existing Event of Default that precludes the trustee from liquidating the Trust Estate without the consent of 100% of the noteholders.
As of October 2015, the Court ordered that the trustee can continue with the liquidation, but the liquidation proceeds should be held by the trustee in the escrow pending further order of the Court.
Fitch has withdrawn the ratings on these notes as they are no longer considered by Fitch to be relevant to the agency&apos;s coverage because of their distressed rating levels, ongoing liquidation, and uncertainty regarding the resolution of the litigation.
RATING SENSITIVITIES
Following a liquidation and withdrawal of the ratings, rating sensitivities do not apply.
DUE DILIGENCE USAGE
No third party due diligence was reviewed in relation to this rating action.
Additional information is available at www.fitchratings.com .
Sources of Information:
The information used to assess these ratings was sourced from trustee reports, collateral manager reporting web sites and the public domain.
Applicable Criteria
Global Structured Finance Rating Criteria (pub. 06 Jul 2015)
https://www.fitchratings.com/creditdesk/reports/report_frame.cfm?rpt_id=867952
Surveillance Criteria for Trust Preferred CDOs (pub. 05 Apr 2016)
https://www.fitchratings.com/creditdesk/reports/report_frame.cfm?rpt_id=878874
Additional Disclosures
Solicitation Status
https://www.fitchratings.com/gws/en/disclosure/solicitation?pr_id=1004383
Endorsement Policy
https://www.fitchratings.com/jsp/creditdesk/PolicyRegulation.faces?context=2&amp;detail=31
ALL FITCH CREDIT RATINGS ARE SUBJECT TO CERTAIN LIMITATIONS AND DISCLAIMERS. PLEASE READ THESE LIMITATIONS AND DISCLAIMERS BY FOLLOWING THIS LINK: HTTP://FITCHRATINGS.COM/UNDERSTANDINGCREDITRATINGS . IN ADDITION, RATING DEFINITIONS AND THE TERMS OF USE OF SUCH RATINGS ARE AVAILABLE ON THE AGENCY&apos;S PUBLIC WEBSITE &apos; WWW.FITCHRATINGS.COM &apos;. PUBLISHED RATINGS, CRITERIA AND METHODOLOGIES ARE AVAILABLE FROM THIS SITE AT ALL TIMES. FITCH&apos;S CODE OF CONDUCT, CONFIDENTIALITY, CONFLICTS OF INTEREST, AFFILIATE FIREWALL, COMPLIANCE AND OTHER RELEVANT POLICIES AND PROCEDURES ARE ALSO AVAILABLE FROM THE &apos;CODE OF CONDUCT&apos; SECTION OF THIS SITE. FITCH MAY HAVE PROVIDED ANOTHER PERMISSIBLE SERVICE TO THE RATED ENTITY OR ITS RELATED THIRD PARTIES. DETAILS OF THIS SERVICE FOR RATINGS FOR WHICH THE LEAD ANALYST IS BASED IN AN EU-REGISTERED ENTITY CAN BE FOUND ON THE ENTITY SUMMARY PAGE FOR THIS ISSUER ON THE FITCH WEBSITE.
 //www.businesswire.com/news/home/20160512006163/en/
Fitch Ratings, Inc.
Primary Analyst
Azadeh Sharif
Associate Director
+1-212-908-0874
Fitch Ratings, Inc.
33 Whitehall Street
New York, NY 10004
or
Committee Chairperson
Alina Pak
Senior Director
+1-312-368-3184
or
Media Relations
Sandro Scenga, +1-212-908-0278
sandro.scenga@fitchratings.com
 
</topic_text>
<spam_score>0.00</spam_score>
<post_num>1</post_num>
<post_id>post-1</post_id>
<post_url>http://www.cbs8.com/story/31958234/fitch-withdraws-ratings-on-soloso-cdo-2005-1-ltd</post_url>
<post_date>20160512</post_date>
<post_time>1212</post_time>
<username>cbs8</username>
<post>
NEW YORK --(BUSINESS WIRE) Fitch Ratings has withdrawn the ratings on all classes of notes in Soloso CDO 2005-1 Ltd. as follows:
--$64,153,907 class A-1LA notes &apos;Dsf&apos;;
--$106,279,783 class A-1L notes &apos;Dsf&apos;;
--$39,000,000 class A-1LB notes &apos;Dsf&apos;;
--$47,095,487 class A-2L notes &apos;CCsf&apos;;
--$44,121,587 class A-3L notes &apos;Csf&apos;;
--$21,628,473 class A-3A notes &apos;Csf&apos;;
--$20,957,754 class A-3B notes &apos;Csf&apos;;
--$36,751,151 class B-1L notes &apos;Csf&apos;.
KEY RATING DRIVERS
Soloso 2005-1 entered an Event of Default (EOD) on April 24, 2013. On June 7, 2013 Fitch was notified that the requisite noteholders declared the aggregate principal amount of the notes to be immediately due and payable. The requisite noteholders have directed the sale and liquidation of collateral on August 2015. Some junior noteholders filed a complaint in the United States District Court in which they have contended that there was a pre-existing Event of Default that precludes the trustee from liquidating the Trust Estate without the consent of 100% of the noteholders.
As of October 2015, the Court ordered that the trustee can continue with the liquidation, but the liquidation proceeds should be held by the trustee in the escrow pending further order of the Court.
Fitch has withdrawn the ratings on these notes as they are no longer considered by Fitch to be relevant to the agency&apos;s coverage because of their distressed rating levels, ongoing liquidation, and uncertainty regarding the resolution of the litigation.
RATING SENSITIVITIES
Following a liquidation and withdrawal of the ratings, rating sensitivities do not apply.
DUE DILIGENCE USAGE
No third party due diligence was reviewed in relation to this rating action.
Additional information is available at www.fitchratings.com .
Sources of Information:
The information used to assess these ratings was sourced from trustee reports, collateral manager reporting web sites and the public domain.
Applicable Criteria
Global Structured Finance Rating Criteria (pub. 06 Jul 2015)
https://www.fitchratings.com/creditdesk/reports/report_frame.cfm?rpt_id=867952
Surveillance Criteria for Trust Preferred CDOs (pub. 05 Apr 2016)
https://www.fitchratings.com/creditdesk/reports/report_frame.cfm?rpt_id=878874
Additional Disclosures
Solicitation Status
https://www.fitchratings.com/gws/en/disclosure/solicitation?pr_id=1004383
Endorsement Policy
https://www.fitchratings.com/jsp/creditdesk/PolicyRegulation.faces?context=2&amp;detail=31
ALL FITCH CREDIT RATINGS ARE SUBJECT TO CERTAIN LIMITATIONS AND DISCLAIMERS. PLEASE READ THESE LIMITATIONS AND DISCLAIMERS BY FOLLOWING THIS LINK: HTTP://FITCHRATINGS.COM/UNDERSTANDINGCREDITRATINGS . IN ADDITION, RATING DEFINITIONS AND THE TERMS OF USE OF SUCH RATINGS ARE AVAILABLE ON THE AGENCY&apos;S PUBLIC WEBSITE &apos; WWW.FITCHRATINGS.COM &apos;. PUBLISHED RATINGS, CRITERIA AND METHODOLOGIES ARE AVAILABLE FROM THIS SITE AT ALL TIMES. FITCH&apos;S CODE OF CONDUCT, CONFIDENTIALITY, CONFLICTS OF INTEREST, AFFILIATE FIREWALL, COMPLIANCE AND OTHER RELEVANT POLICIES AND PROCEDURES ARE ALSO AVAILABLE FROM THE &apos;CODE OF CONDUCT&apos; SECTION OF THIS SITE. FITCH MAY HAVE PROVIDED ANOTHER PERMISSIBLE SERVICE TO THE RATED ENTITY OR ITS RELATED THIRD PARTIES. DETAILS OF THIS SERVICE FOR RATINGS FOR WHICH THE LEAD ANALYST IS BASED IN AN EU-REGISTERED ENTITY CAN BE FOUND ON THE ENTITY SUMMARY PAGE FOR THIS ISSUER ON THE FITCH WEBSITE.
 //www.businesswire.com/news/home/20160512006163/en/
Fitch Ratings, Inc.
Primary Analyst
Azadeh Sharif
Associate Director
+1-212-908-0874
Fitch Ratings, Inc.
33 Whitehall Street
New York, NY 10004
or
Committee Chairperson
Alina Pak
Senior Director
+1-312-368-3184
or
Media Relations
Sandro Scenga, +1-212-908-0278
sandro.scenga@fitchratings.com
 
</post>
<signature>

</signature>
<external_links>
<external_link>http://cts.businesswire.com/ct/CT?id=smartlink&amp;url=https%3A%2F%2Fwww.fitchratings.com%2Fcreditdesk%2Freports%2Freport_frame.cfm%3Frpt_id%3D878874&amp;esheet=51341517&amp;newsitemid=20160512006163&amp;lan=en-US&amp;anchor=https%3A%2F%2Fwww.fitchratings.com%2Fcreditdesk%2Freports%2Freport_frame.cfm%3Frpt_id%3D878874&amp;index=3&amp;md5=0454e40b4034927fac612273d8da33cc</external_link><external_link>http://www.businesswire.com/news/home/20160512006163/en/</external_link><external_link>http://purl.org/rss/1.0/modules/content/</external_link><external_link>https://www.fitchratings.com/jsp/creditdesk/PolicyRegulation.faces?context=2&amp;detail=31</external_link><external_link>http://cts.businesswire.com/ct/CT?id=smartlink&amp;url=https%3A%2F%2Fwww.fitchratings.com%2Fgws%2Fen%2Fdisclosure%2Fsolicitation%3Fpr_id%3D1004383&amp;esheet=51341517&amp;newsitemid=20160512006163&amp;lan=en-US&amp;anchor=https%3A%2F%2Fwww.fitchratings.com%2Fgws%2Fen%2Fdisclosure%2Fsolicitation%3Fpr_id%3D1004383&amp;index=4&amp;md5=5aaca2fd982b8937439091d0d15d1271</external_link><external_link>http://cts.businesswire.com/ct/CT?id=smartlink&amp;url=http%3A%2F%2Fwww.fitchratings.com&amp;esheet=51341517&amp;newsitemid=20160512006163&amp;lan=en-US&amp;anchor=www.fitchratings.com&amp;index=1&amp;md5=8cc9b8b28915c674f1805862eb053f69</external_link><external_link>https://www.fitchratings.com/gws/en/disclosure/solicitation?pr_id=1004383</external_link><external_link>http://cts.businesswire.com/ct/CT?id=bwnews&amp;sty=20160512006163r1&amp;sid=56987&amp;distro=ftp</external_link><external_link>https://www.fitchratings.com/creditdesk/reports/report_frame.cfm?rpt_id=867952</external_link><external_link>https://www.fitchratings.com/creditdesk/reports/report_frame.cfm?rpt_id=878874</external_link><external_link>http://cts.businesswire.com/ct/CT?id=smartlink&amp;url=http%3A%2F%2FWWW.FITCHRATINGS.COM&amp;esheet=51341517&amp;newsitemid=20160512006163&amp;lan=en-US&amp;anchor=WWW.FITCHRATINGS.COM&amp;index=7&amp;md5=3b5e912fe817af36d5c0d5351f46bcef</external_link><external_link>http://cts.businesswire.com/ct/CT?id=smartlink&amp;url=https%3A%2F%2Fwww.fitchratings.com%2Fjsp%2Fcreditdesk%2FPolicyRegulation.faces%3Fcontext%3D2%26detail%3D31&amp;esheet=51341517&amp;newsitemid=20160512006163&amp;lan=en-US&amp;anchor=https%3A%2F%2Fwww.fitchratings.com%2Fjsp%2Fcreditdesk%2FPolicyRegulation.faces%3Fcontext%3D2%26detail%3D31&amp;index=5&amp;md5=5c52c3e6f1520508adea2698c5a6c921</external_link><external_link>HTTP://FITCHRATINGS.COM/UNDERSTANDINGCREDITRATINGS</external_link><external_link>http://cts.businesswire.com/ct/CT?id=smartlink&amp;url=https%3A%2F%2Fwww.fitchratings.com%2Fcreditdesk%2Freports%2Freport_frame.cfm%3Frpt_id%3D867952&amp;esheet=51341517&amp;newsitemid=20160512006163&amp;lan=en-US&amp;anchor=https%3A%2F%2Fwww.fitchratings.com%2Fcreditdesk%2Freports%2Freport_frame.cfm%3Frpt_id%3D867952&amp;index=2&amp;md5=88797e99554f1aefac2f28d575c08373</external_link><external_link>http://cts.businesswire.com/ct/CT?id=smartlink&amp;url=HTTP%3A%2F%2FFITCHRATINGS.COM%2FUNDERSTANDINGCREDITRATINGS&amp;esheet=51341517&amp;newsitemid=20160512006163&amp;lan=en-US&amp;anchor=HTTP%3A%2F%2FFITCHRATINGS.COM%2FUNDERSTANDINGCREDITRATINGS&amp;index=6&amp;md5=fd94a8011064fa8343315a2bd7f9468a</external_link>
</external_links>
<country>US</country>
<main_image></main_image>
</document>
