<?xml version="1.0" encoding="UTF-8"?>
<document>
<type>mainstream</type>
<forum></forum>
<forum_title></forum_title>
<discussion_title>Mutts &amp; Models - Syndical - Syndical</discussion_title>
<language>english</language>
<gmt_offset></gmt_offset>
<topic_url>http://syndical.com/mutts-models-syndical/</topic_url>
<topic_text>

Start Time: Saturday June 11, 2016 at 1:00PM (US/Central) End Time: Saturday June 11, 2016 at 3:00PM  
Saturday, June 11 | 1-3pm | North Dillard&apos;s Court 
All Pups Have Style Come see select retailers&apos; summer trends as well as adoptable animals from Animal Welfare Organizations around the Wichita area! 
Hosted by: Carol Hughes, KFDI radio personality, and Allyson Allen, owner of Models &amp; Images 
 Event Org: Kansas Humane Society 
</topic_text>
<spam_score>0.00</spam_score>
<post_num>1</post_num>
<post_id>post-1</post_id>
<post_url>http://syndical.com/mutts-models-syndical/</post_url>
<post_date>20160512</post_date>
<post_time></post_time>
<username></username>
<post>

Start Time: Saturday June 11, 2016 at 1:00PM (US/Central) End Time: Saturday June 11, 2016 at 3:00PM  
Saturday, June 11 | 1-3pm | North Dillard&apos;s Court 
All Pups Have Style Come see select retailers&apos; summer trends as well as adoptable animals from Animal Welfare Organizations around the Wichita area! 
Hosted by: Carol Hughes, KFDI radio personality, and Allyson Allen, owner of Models &amp; Images 
 Event Org: Kansas Humane Society 
</post>
<signature>

</signature>
<external_links>

</external_links>
<country>US</country>
<main_image>http://syndical.com/wp-content/themes/syndicalimages/239Syndical.png</main_image>
</document>
