<?xml version="1.0" encoding="UTF-8"?>
<document>
<type>mainstream</type>
<forum></forum>
<forum_title></forum_title>
<discussion_title>Cómo Encontrar El Amor A Través De Facebook</discussion_title>
<language>spanish</language>
<gmt_offset></gmt_offset>
<topic_url>http://amorinusual.com/como-encontrar-el-amor-a-traves-de-facebook/</topic_url>
<topic_text>
Cómo Encontrar El Amor A Través De Facebook Cómo Encontrar El Amor A Través De Facebook 34 Cómo encontrar el amor a través de Facebook.jpg Hola querido lector un día mas con ustedes, hoy vamos hablar un poco de cómo encontrar el amor a través de facebook , como todos hoy en día ya conocemos la gran herramienta de redes sociales a facebook y sabemos que una inmensa red social en la que miles de personas estamos conectados con usuarios de diferentes países donde compartimos e intercambiamos un gran volumen de información de índole personal, empresarial o pública. En este momento en todo el mundo nos preguntamos quien no tienes una cuenta de facebook, sin lugar a duda son pocas las personas que no cuenta con lo antes mencionado. Sin ningún tipo de dudas muchas son las personas que alguna que otra vez ha sido alagado mediante mensaje privados o públicos, o quizás a tenidos algún romance y has intercambiado mensajes que luego termino en una relación amorosa. El facebook es la primera red social del mundo hoy en día, además es una de la plaza que te permite conocer muchas personas, así como también encontrar el amor de tu vida. En el transcurrir de este artículo estaremos dando directa o indirectamente algunos tips de cómo poder encontrar ese sentimiento y como evitar ser indeseable o maleducado en ese intento, por lo tanto te recomiendo que leas hasta el final. Cómo Encontrar Cómo Encontrar El Amor A Través De Facebook Es importante mencionar que si estamos claro es una plataforma que no sirve demasiado para estrechar lazos, formar relaciones y crear cantidad de amigos, para que estemos claro debemos saber que las manera mas idónea para ello es seguir con el protocolo que tenemos en la toda la vida. Resulta necesario saber que hay que superar cada una de la etapa del proceso de conocerse hasta crear mucha empatía. Esto por demasiado lógico que parezca, no es cumplido como debe hacerse por determinados personajes que de una manera u otra no han comprendido o no desean hacerlo. Estos “trolls” del amor sin personas tanto, se lanzan a realizar la seducción pero de esta manera vas a fracasar una u otra vez sin entender que es lo que está sucediendo. Una de los pasos que debes tener claro para saber cómo encontrar el amor a través de facebook es que si quieres enamorar a alguien y tienes la intención de acercarte a esa persona a través de facebook debes apoyarte en una normas básicas, que aplican también para toda la vida de cada una de las personas. 
Algunos consejos para ligar por Facebook Es relevante mencionar que en este articulo hemos preparados algunos ti para encontrar el amor a través de facebook. Mucho de ellos lo hemos sacado del artículo para ligar por facebook de FbHoy.com, articulo que te recomiendo que leas si después de leer nuestros consejos te quedas con ganas de saber más del tema. Es importante resaltar que de una manera u otra es importante de que te saques de la cabeza la idea tonta de que con una nota simple o una sonrisa dibujada o una figura de un emoticón en el muro, es como una luz a final del túnel indicando que tienes que llevar la llave para entrar en el juego de la seducción. Resulta oportuno mencionar que no debes por ninguna razón que te estampes contra la pared, una sencilla sonrisa o simpática no será factor de asegurarte nada. Por ello debes evitar comentar suposiciones ya que esto puede ser un factor donde puedes confundir muy fácilmente las cosas. Si percibes que poco a poco tienes una oportunidad de acercarte, no lo vayas a echar a perder, primero debes cerciorarte, puedes ser que llegues a lugar que no es el que esperas. No debes ser por ninguna razón imprudente, si aún estas en este punto, es necesario que en los mensajes privados no deben faltar una buena educación ni la cortesía y se deben evitar las insinuaciones en todo momento ya que eso incomoda. En la red social Facebook permite que personas a través de mensajes de texto puedan colocar fotografías, caritas y expresión del momento, en fin se puede colocar varias cosas en formatos digitales. Pero es importante recalcar que debes usarlo de manera correcta para que así no fracases en la seducción, sobre todo con el tema de las fotos sexys, que pueda ser un paso demasiado violento si no se tiene certeza de que serán bien recibidas por la otra parte. De la misma forma debes la misma manera debes tener cuidado con las acciones que vas a tomar detrás de un perfil en la red social, ya que no puedes hacer y deshacer así por así por nada más por ser un anónimo. Esto es imposible esconderse, cualquier cosas que hagas y no sea aceptadas, puede ser conlleva al bloqueo de tu perfil. Por ninguna razón utilices formas de seducción incorrectas tanto dentro como fuera de las redes sociales. Si por motivos que no triunfes, dentro de tampoco menos lo lograras. No te pongas a inventar personajes para de esta manera crear perfile falsos y así incursionar en las seducciones obscenas, pues resultan realmente más repugnantes. Siempre debes saber que a una mujer u hombre lo permita, el usuario que busca el amor puede progresar en la seducción poco a poco hasta que lo consigue, tanto en el mundo virtual como en el real. Quizás en este último punto el establecimiento de una relación queda solo en el coqueteo por mensajes privados o quizás se materialice en una relación duradera y estable. Además es importante destacar que a pesar de que no estar viendo con quien estas interactuando seductoramente, debes imponer ser más creativos y ganar en capacidad interpretativa.Solo estando en sintonía el uno con el otro, los intercambios de chat, mensajes y me gusta es indicativo que pueda llegar a convertirse. A continuación se mencionan unos artículos que quizás te puedan interesar: 
</topic_text>
<spam_score>0.00</spam_score>
<post_num>1</post_num>
<post_id>post-1</post_id>
<post_url>http://amorinusual.com/como-encontrar-el-amor-a-traves-de-facebook/</post_url>
<post_date>20160511</post_date>
<post_time></post_time>
<username>Jackeline Romero</username>
<post>
Cómo Encontrar El Amor A Través De Facebook Cómo Encontrar El Amor A Través De Facebook 34 Cómo encontrar el amor a través de Facebook.jpg Hola querido lector un día mas con ustedes, hoy vamos hablar un poco de cómo encontrar el amor a través de facebook , como todos hoy en día ya conocemos la gran herramienta de redes sociales a facebook y sabemos que una inmensa red social en la que miles de personas estamos conectados con usuarios de diferentes países donde compartimos e intercambiamos un gran volumen de información de índole personal, empresarial o pública. En este momento en todo el mundo nos preguntamos quien no tienes una cuenta de facebook, sin lugar a duda son pocas las personas que no cuenta con lo antes mencionado. Sin ningún tipo de dudas muchas son las personas que alguna que otra vez ha sido alagado mediante mensaje privados o públicos, o quizás a tenidos algún romance y has intercambiado mensajes que luego termino en una relación amorosa. El facebook es la primera red social del mundo hoy en día, además es una de la plaza que te permite conocer muchas personas, así como también encontrar el amor de tu vida. En el transcurrir de este artículo estaremos dando directa o indirectamente algunos tips de cómo poder encontrar ese sentimiento y como evitar ser indeseable o maleducado en ese intento, por lo tanto te recomiendo que leas hasta el final. Cómo Encontrar Cómo Encontrar El Amor A Través De Facebook Es importante mencionar que si estamos claro es una plataforma que no sirve demasiado para estrechar lazos, formar relaciones y crear cantidad de amigos, para que estemos claro debemos saber que las manera mas idónea para ello es seguir con el protocolo que tenemos en la toda la vida. Resulta necesario saber que hay que superar cada una de la etapa del proceso de conocerse hasta crear mucha empatía. Esto por demasiado lógico que parezca, no es cumplido como debe hacerse por determinados personajes que de una manera u otra no han comprendido o no desean hacerlo. Estos “trolls” del amor sin personas tanto, se lanzan a realizar la seducción pero de esta manera vas a fracasar una u otra vez sin entender que es lo que está sucediendo. Una de los pasos que debes tener claro para saber cómo encontrar el amor a través de facebook es que si quieres enamorar a alguien y tienes la intención de acercarte a esa persona a través de facebook debes apoyarte en una normas básicas, que aplican también para toda la vida de cada una de las personas. 
Algunos consejos para ligar por Facebook Es relevante mencionar que en este articulo hemos preparados algunos ti para encontrar el amor a través de facebook. Mucho de ellos lo hemos sacado del artículo para ligar por facebook de FbHoy.com, articulo que te recomiendo que leas si después de leer nuestros consejos te quedas con ganas de saber más del tema. Es importante resaltar que de una manera u otra es importante de que te saques de la cabeza la idea tonta de que con una nota simple o una sonrisa dibujada o una figura de un emoticón en el muro, es como una luz a final del túnel indicando que tienes que llevar la llave para entrar en el juego de la seducción. Resulta oportuno mencionar que no debes por ninguna razón que te estampes contra la pared, una sencilla sonrisa o simpática no será factor de asegurarte nada. Por ello debes evitar comentar suposiciones ya que esto puede ser un factor donde puedes confundir muy fácilmente las cosas. Si percibes que poco a poco tienes una oportunidad de acercarte, no lo vayas a echar a perder, primero debes cerciorarte, puedes ser que llegues a lugar que no es el que esperas. No debes ser por ninguna razón imprudente, si aún estas en este punto, es necesario que en los mensajes privados no deben faltar una buena educación ni la cortesía y se deben evitar las insinuaciones en todo momento ya que eso incomoda. En la red social Facebook permite que personas a través de mensajes de texto puedan colocar fotografías, caritas y expresión del momento, en fin se puede colocar varias cosas en formatos digitales. Pero es importante recalcar que debes usarlo de manera correcta para que así no fracases en la seducción, sobre todo con el tema de las fotos sexys, que pueda ser un paso demasiado violento si no se tiene certeza de que serán bien recibidas por la otra parte. De la misma forma debes la misma manera debes tener cuidado con las acciones que vas a tomar detrás de un perfil en la red social, ya que no puedes hacer y deshacer así por así por nada más por ser un anónimo. Esto es imposible esconderse, cualquier cosas que hagas y no sea aceptadas, puede ser conlleva al bloqueo de tu perfil. Por ninguna razón utilices formas de seducción incorrectas tanto dentro como fuera de las redes sociales. Si por motivos que no triunfes, dentro de tampoco menos lo lograras. No te pongas a inventar personajes para de esta manera crear perfile falsos y así incursionar en las seducciones obscenas, pues resultan realmente más repugnantes. Siempre debes saber que a una mujer u hombre lo permita, el usuario que busca el amor puede progresar en la seducción poco a poco hasta que lo consigue, tanto en el mundo virtual como en el real. Quizás en este último punto el establecimiento de una relación queda solo en el coqueteo por mensajes privados o quizás se materialice en una relación duradera y estable. Además es importante destacar que a pesar de que no estar viendo con quien estas interactuando seductoramente, debes imponer ser más creativos y ganar en capacidad interpretativa.Solo estando en sintonía el uno con el otro, los intercambios de chat, mensajes y me gusta es indicativo que pueda llegar a convertirse. A continuación se mencionan unos artículos que quizás te puedan interesar: 
</post>
<signature>

</signature>
<external_links>

</external_links>
<country>US</country>
<main_image>http://amorinusual.com/wp-content/uploads/2016/05/Cómo-encontrar-el-amor-a-través-de-Facebook.jpg</main_image>
</document>
