<?xml version="1.0" encoding="UTF-8"?>
<document>
<type>mainstream</type>
<forum>http://www.online-news.it/feed/</forum>
<forum_title>Online-News</forum_title>
<discussion_title>Anpi chiede al prefetto di vietare il corteo di Casapound</discussion_title>
<language>italian</language>
<gmt_offset></gmt_offset>
<topic_url>http://www.online-news.it/2016/05/12/anpi-chiede-al-prefetto-di-vietare-il-corteo-di-casapound/</topic_url>
<topic_text>
  Roma e Lazio Anpi chiede al prefetto di vietare il corteo di Casapound 
«Il corteo di Casapound annunciato per il 21 maggio da Piazza Vittorio deve essere vietato per non consentire qualsiasi apologia o esaltazione del fascismo a cui il movimento di estrema destra fa sempre ricorso». Questo in sintesi il contenuto della lettera che l’Anpi di Roma ha inviato al Prefetto della città. L’associazione annuncia anche che «saranno inoltrati esposti alla Procura della Repubblica per ogni espressione di stampo fascista che dovesse essere intrapresa senza il pronto intervento delle forze dell’ordine». 
«Il comitato provinciale dell’Anpi – si legge nella lettera – chiede che non venga consentito a Casapound l’uso della piazza per la palese contrarietà del portato ideologico di detta organizzazione con la Costituzione (XII disposizione transitoria e finale) e con la L. 20 giugno 1952, n. 645, meglio nota come legge Scelba. Più volte l’organizzazione ha impunemente violato i precetti contenuti in queste norme». «Considerato il fondato pericolo che si possa contravvenire alle norme suindicate, l’Anpi di Roma (ai sensi e per gli effetti degli artt. 18, 20 e 21 T.U.L.P.S. e dell’art. 17, 3° comma Cost.) rappresenta l’inopportunità di autorizzare tale manifestazione – conclude – e chiede al Prefetto di revocarla anche per l’evidente e concreto pericolo per l’ordine pubblico».  
</topic_text>
<spam_score>0.00</spam_score>
<post_num>1</post_num>
<post_id>post-1</post_id>
<post_url>http://www.online-news.it/2016/05/12/anpi-chiede-al-prefetto-di-vietare-il-corteo-di-casapound/</post_url>
<post_date>20160512</post_date>
<post_time>1248</post_time>
<username>reda2</username>
<post>
  Roma e Lazio Anpi chiede al prefetto di vietare il corteo di Casapound 
«Il corteo di Casapound annunciato per il 21 maggio da Piazza Vittorio deve essere vietato per non consentire qualsiasi apologia o esaltazione del fascismo a cui il movimento di estrema destra fa sempre ricorso». Questo in sintesi il contenuto della lettera che l’Anpi di Roma ha inviato al Prefetto della città. L’associazione annuncia anche che «saranno inoltrati esposti alla Procura della Repubblica per ogni espressione di stampo fascista che dovesse essere intrapresa senza il pronto intervento delle forze dell’ordine». 
«Il comitato provinciale dell’Anpi – si legge nella lettera – chiede che non venga consentito a Casapound l’uso della piazza per la palese contrarietà del portato ideologico di detta organizzazione con la Costituzione (XII disposizione transitoria e finale) e con la L. 20 giugno 1952, n. 645, meglio nota come legge Scelba. Più volte l’organizzazione ha impunemente violato i precetti contenuti in queste norme». «Considerato il fondato pericolo che si possa contravvenire alle norme suindicate, l’Anpi di Roma (ai sensi e per gli effetti degli artt. 18, 20 e 21 T.U.L.P.S. e dell’art. 17, 3° comma Cost.) rappresenta l’inopportunità di autorizzare tale manifestazione – conclude – e chiede al Prefetto di revocarla anche per l’evidente e concreto pericolo per l’ordine pubblico».  
</post>
<signature>

</signature>
<external_links>

</external_links>
<country>IT</country>
<main_image></main_image>
</document>
