<?xml version="1.0" encoding="UTF-8"?>
<document>
<type>mainstream</type>
<forum></forum>
<forum_title></forum_title>
<discussion_title>小龙虾是清理尸体的? 吃头部会中毒?-千龙网·中国首都网</discussion_title>
<language>chinese</language>
<gmt_offset></gmt_offset>
<topic_url>http://finance.qianlong.com/2016/0512/602442.shtml</topic_url>
<topic_text>

朱永安介绍,小龙虾学名为克氏原螯虾,原产于北美洲南部,随着人类活动的携带、消费和人工养殖等因素影响,小龙虾种群已广泛分布于非洲、亚洲、欧洲以及南美洲等30多个国家和地区。小龙虾又是怎么传到中国的呢?据朱永安介绍,1918年小龙虾从美国作为观赏动物引入日本本州,20世纪30年代初由日本传入我国的南京,这些被引入到南京的小龙虾逃入秦淮河,开始在南京市及其郊县生存繁衍。 
大约在上世纪六十年代中后期,随着人类活动的携带向全国各地逐步扩散,成为常见淡水 经济 品种,江苏盱眙、安徽、河南、山东的不少藕池和稻田里都可以见到小龙虾。 
小龙虾头部有重金属? 
在网络中还有不少“小龙虾重金属超标几百倍”的传言。据朱永安介绍,龙虾适应环境的能力强,能在一些其它鱼虾不能生存的富营养化水体中存活。关于重金属的问题,朱永安介绍,从我省小龙虾目前的检测情况来看,到目前为止全省抽样小龙虾重金属检测合格率达100%,尚无发现超标虾。 
资料表明克氏原螯虾可以在多种环境中生存,包括一些污染的水体,体内重金属污染物浓度可以高出周围环境中的数倍。这些环境中的污染物通过鳃交换或者摄食过程进入体内,在肝脏和外骨骼中富集,因此,克氏原螯虾是一种生物富集作用十分明显的甲壳动物。重金属在克氏原螯虾体内的不同器官和组织中富集程度不同,如几丁质外骨骼中的含量高出肌肉10倍以上。 
</topic_text>
<spam_score>0.00</spam_score>
<post_num>1</post_num>
<post_id>post-1</post_id>
<post_url>http://finance.qianlong.com/2016/0512/602442.shtml</post_url>
<post_date>20160512</post_date>
<post_time></post_time>
<username></username>
<post>

朱永安介绍,小龙虾学名为克氏原螯虾,原产于北美洲南部,随着人类活动的携带、消费和人工养殖等因素影响,小龙虾种群已广泛分布于非洲、亚洲、欧洲以及南美洲等30多个国家和地区。小龙虾又是怎么传到中国的呢?据朱永安介绍,1918年小龙虾从美国作为观赏动物引入日本本州,20世纪30年代初由日本传入我国的南京,这些被引入到南京的小龙虾逃入秦淮河,开始在南京市及其郊县生存繁衍。 
大约在上世纪六十年代中后期,随着人类活动的携带向全国各地逐步扩散,成为常见淡水 经济 品种,江苏盱眙、安徽、河南、山东的不少藕池和稻田里都可以见到小龙虾。 
小龙虾头部有重金属? 
在网络中还有不少“小龙虾重金属超标几百倍”的传言。据朱永安介绍,龙虾适应环境的能力强,能在一些其它鱼虾不能生存的富营养化水体中存活。关于重金属的问题,朱永安介绍,从我省小龙虾目前的检测情况来看,到目前为止全省抽样小龙虾重金属检测合格率达100%,尚无发现超标虾。 
资料表明克氏原螯虾可以在多种环境中生存,包括一些污染的水体,体内重金属污染物浓度可以高出周围环境中的数倍。这些环境中的污染物通过鳃交换或者摄食过程进入体内,在肝脏和外骨骼中富集,因此,克氏原螯虾是一种生物富集作用十分明显的甲壳动物。重金属在克氏原螯虾体内的不同器官和组织中富集程度不同,如几丁质外骨骼中的含量高出肌肉10倍以上。 
</post>
<signature>

</signature>
<external_links>

</external_links>
<country>CN</country>
<main_image></main_image>
</document>
