<?xml version="1.0" encoding="UTF-8"?>
<document>
<type>mainstream</type>
<forum>http://www.cbs8.com/category/307361/business-wire</forum>
<forum_title>Business Wire - CBS News 8 - San Diego, CA News Station - KFMB Channel 8</forum_title>
<discussion_title>Deborah Bubp Promoted to Hylant Vice President of Talent Managem</discussion_title>
<language>english</language>
<gmt_offset></gmt_offset>
<topic_url>http://www.cbs8.com/story/31956670/deborah-bubp-promoted-to-hylant-vice-president-of-talent-management</topic_url>
<topic_text>
TOLEDO, Ohio --(BUSINESS WIRE) Hylant, one of the nation’s largest privately owned insurance brokerage firms, has promoted Deborah Bubp to the role of vice president of talent management. In her new role, Bubp will be responsible for managing talent recruitment, development and retention across the company. Hylant President and Chief Financial Officer Bill Pridgeon made the announcement today.
Bubp joined Hylant in 2004, providing expertise and leadership in the areas of talent management, change management, organization and performance measurement, recruitment and retention, and training and development, and assumed the interim director of talent management position in January 2016. Prior to that, Bubp was a senior human resources management consultant for public-sector employers throughout Ohio and Indiana.
“Attracting and developing the right talent is a key focus and a competitive differentiator for Hylant in the marketplace,” said Pridgeon. “It helps us remain privately held and client focused. Deb brings a wealth of human resources experience to her new position. We’re excited to benefit from her strategic insights into this critical component of our business.”
Bubp serves on the Toledo Children’s Hospital board of trustees and actively participates in the Human Resources in Insurance Working Group of the Council of Insurance Agents and Brokers. She earned her bachelor’s degree from the University of Toledo and her master’s degree in public administration with a specialty in public personnel management from Bowling Green State University.
About Hylant
Hylant, a seven consecutive year winner of Best Places to Work in Insurance, was founded in 1935 and is a full-service insurance brokerage with 14 offices in Ohio, Michigan, Illinois, Indiana, Tennessee and Florida. As a member of the Worldwide Broker Network, Hylant offers complete risk management services, employee benefits brokerage and consultation, loss control, health care management and insurance solutions for businesses and individuals.
Hylant is one of the largest privately held brokerage firms in the United States and serves a wide variety of clients locally, nationally and internationally. For more information, please contact Sandy Seitz at sandy.seitz@hylant.com or visit hylant.com. Follow Hylant on LinkedIn and Twitter (@hylantgroup).
 //www.businesswire.com/news/home/20160512005839/en/
Hylant
Sandy Seitz, 734-662-1594
sandy.seitz@hylant.com
www.hylant.com
 
</topic_text>
<spam_score>0.00</spam_score>
<post_num>1</post_num>
<post_id>post-1</post_id>
<post_url>http://www.cbs8.com/story/31956670/deborah-bubp-promoted-to-hylant-vice-president-of-talent-management</post_url>
<post_date>20160512</post_date>
<post_time>0944</post_time>
<username>cbs8</username>
<post>
TOLEDO, Ohio --(BUSINESS WIRE) Hylant, one of the nation’s largest privately owned insurance brokerage firms, has promoted Deborah Bubp to the role of vice president of talent management. In her new role, Bubp will be responsible for managing talent recruitment, development and retention across the company. Hylant President and Chief Financial Officer Bill Pridgeon made the announcement today.
Bubp joined Hylant in 2004, providing expertise and leadership in the areas of talent management, change management, organization and performance measurement, recruitment and retention, and training and development, and assumed the interim director of talent management position in January 2016. Prior to that, Bubp was a senior human resources management consultant for public-sector employers throughout Ohio and Indiana.
“Attracting and developing the right talent is a key focus and a competitive differentiator for Hylant in the marketplace,” said Pridgeon. “It helps us remain privately held and client focused. Deb brings a wealth of human resources experience to her new position. We’re excited to benefit from her strategic insights into this critical component of our business.”
Bubp serves on the Toledo Children’s Hospital board of trustees and actively participates in the Human Resources in Insurance Working Group of the Council of Insurance Agents and Brokers. She earned her bachelor’s degree from the University of Toledo and her master’s degree in public administration with a specialty in public personnel management from Bowling Green State University.
About Hylant
Hylant, a seven consecutive year winner of Best Places to Work in Insurance, was founded in 1935 and is a full-service insurance brokerage with 14 offices in Ohio, Michigan, Illinois, Indiana, Tennessee and Florida. As a member of the Worldwide Broker Network, Hylant offers complete risk management services, employee benefits brokerage and consultation, loss control, health care management and insurance solutions for businesses and individuals.
Hylant is one of the largest privately held brokerage firms in the United States and serves a wide variety of clients locally, nationally and internationally. For more information, please contact Sandy Seitz at sandy.seitz@hylant.com or visit hylant.com. Follow Hylant on LinkedIn and Twitter (@hylantgroup).
 //www.businesswire.com/news/home/20160512005839/en/
Hylant
Sandy Seitz, 734-662-1594
sandy.seitz@hylant.com
www.hylant.com
 
</post>
<signature>

</signature>
<external_links>
<external_link>http://purl.org/rss/1.0/modules/content/</external_link><external_link>http://cts.businesswire.com/ct/CT?id=smartlink&amp;url=https%3A%2F%2Fwww.linkedin.com%2Fcompany%2Fhylant&amp;esheet=51341264&amp;newsitemid=20160512005839&amp;lan=en-US&amp;anchor=LinkedIn&amp;index=1&amp;md5=e8f9c13e379e5b04f19481762c0fba31</external_link><external_link>http://cts.businesswire.com/ct/CT?id=bwnews&amp;sty=20160512005839r1&amp;sid=56987&amp;distro=ftp</external_link><external_link>http://cts.businesswire.com/ct/CT?id=smartlink&amp;url=http%3A%2F%2Fwww.hylant.com&amp;esheet=51341264&amp;lan=en-US&amp;anchor=www.hylant.com&amp;index=3&amp;md5=3cf8b3bd68e3edadbee28140047c433d</external_link><external_link>http://www.businesswire.com/news/home/20160512005839/en/</external_link><external_link>http://cts.businesswire.com/ct/CT?id=smartlink&amp;url=https%3A%2F%2Ftwitter.com%2Fhylantgroup&amp;esheet=51341264&amp;newsitemid=20160512005839&amp;lan=en-US&amp;anchor=Twitter&amp;index=2&amp;md5=beff90638436125db82cfb1857a6e0b9</external_link>
</external_links>
<country>US</country>
<main_image>http://businesswire.images.worldnow.com/images/10539990_G.jpg</main_image>
</document>
