<?xml version="1.0" encoding="UTF-8"?>
<document>
<type>mainstream</type>
<forum></forum>
<forum_title></forum_title>
<discussion_title>宋仲基宋慧乔赚得盆满钵满 宋慧乔现金买豪宅-千龙网·中国首都网</discussion_title>
<language>chinese</language>
<gmt_offset></gmt_offset>
<topic_url>http://finance.qianlong.com/2016/0512/601921.shtml</topic_url>
<topic_text>

宋仲基宋慧乔二人凭韩剧《太阳的后裔》人气高涨,而前日韩媒公开了宋仲基拍摄“太后”的酬劳,16集稳赚540万。而好拍档宋慧乔则向来吸金力强,被节目《名单公开2016》公开指她曾在纽约买千万豪宅,以现金付清房款。 
宋仲基录“快本”,黄牛票价达八千 
100%事前制作的《太阳的后裔》是宋仲基退伍后首部作品,据悉他拍摄“太阳”一集剧酬是6千万韩元(约34万元人民币),拍摄共16集的“太阳”他便能稳赚9亿6千万韩元(约540万元人民币)。而宋仲基凭“太阳”成为韩流明星之后,现在手上约有10份广告合约,广告商如要与他签一年的代言合约,需支付10亿韩元(约555万元人民币)的广告酬劳。 
此外,他早前出演内地节目《奔跑吧兄弟》,有指他一集的出演费高达近3亿韩元(约166万元人民币),而他此次于香港、内地等举行多场见面会,令他成功吸金逾35亿韩元(约1940万元人民币)。 
而这两天,宋仲基登《快乐大本营》的消息也已登上热搜。据悉宋仲基将于今天(5月11日)飞抵长沙录制湖南卫视《快乐大本营》,这将是“太阳的后裔”首次赴内地录制综艺。 
据知情人士透露此次录制是在节目组的诚挚邀请下实现的,最终节目的播出时间尚未确定。有媒体也联系到了“快本”工作人员,对方也确定了此消息,确定为11日录制节目。 
据悉,此次为了做好安保工作,“快本”的门票是实行实名制。这次的录制还安排在了湖南广电T2的1200平方米的大演播厅,届时将会精简出1个小时的节目。宋仲基首次赴内地录制综艺,虽然实行实名制不售卖的原则,但还是挡不住黄牛们揽票叫卖。据悉普通的粉丝区域已经卖到3400元一张,前排的位置则被卖到8000元一张。 
宋慧乔豪气,现金支付买豪宅 
宋慧乔与宋仲基皆因《太阳的后裔》人气再度暴涨!而本身就很会吸金的宋慧乔过去曾卷逃税风暴,不过她财力雄厚是事实,近来韩国节目《名单公开2016》就指她过去曾花174.6万美金(约合人民币1134万元)买下纽约豪宅,且是豪气直接用现金付清。 
韩国节目《名单公开2016》爆料她的房地产内幕,透露过去她曾用现金支付174.6万美元买下纽约曼哈顿中心附近的豪宅!此外,目前她在首尔的住处市价也高达30亿韩元(约合人民币1700万元),与女星孙艺珍是邻居。还有指她近来替妈妈买下一栋价值高达90亿韩元(约合人民币5000万元)的大房,并将房子名字登记在妈妈名下。 据《新快报》 责任编辑： 凤凰（QL0003） 
</topic_text>
<spam_score>0.00</spam_score>
<post_num>1</post_num>
<post_id>post-1</post_id>
<post_url>http://finance.qianlong.com/2016/0512/601921.shtml</post_url>
<post_date>20160512</post_date>
<post_time></post_time>
<username></username>
<post>

宋仲基宋慧乔二人凭韩剧《太阳的后裔》人气高涨,而前日韩媒公开了宋仲基拍摄“太后”的酬劳,16集稳赚540万。而好拍档宋慧乔则向来吸金力强,被节目《名单公开2016》公开指她曾在纽约买千万豪宅,以现金付清房款。 
宋仲基录“快本”,黄牛票价达八千 
100%事前制作的《太阳的后裔》是宋仲基退伍后首部作品,据悉他拍摄“太阳”一集剧酬是6千万韩元(约34万元人民币),拍摄共16集的“太阳”他便能稳赚9亿6千万韩元(约540万元人民币)。而宋仲基凭“太阳”成为韩流明星之后,现在手上约有10份广告合约,广告商如要与他签一年的代言合约,需支付10亿韩元(约555万元人民币)的广告酬劳。 
此外,他早前出演内地节目《奔跑吧兄弟》,有指他一集的出演费高达近3亿韩元(约166万元人民币),而他此次于香港、内地等举行多场见面会,令他成功吸金逾35亿韩元(约1940万元人民币)。 
而这两天,宋仲基登《快乐大本营》的消息也已登上热搜。据悉宋仲基将于今天(5月11日)飞抵长沙录制湖南卫视《快乐大本营》,这将是“太阳的后裔”首次赴内地录制综艺。 
据知情人士透露此次录制是在节目组的诚挚邀请下实现的,最终节目的播出时间尚未确定。有媒体也联系到了“快本”工作人员,对方也确定了此消息,确定为11日录制节目。 
据悉,此次为了做好安保工作,“快本”的门票是实行实名制。这次的录制还安排在了湖南广电T2的1200平方米的大演播厅,届时将会精简出1个小时的节目。宋仲基首次赴内地录制综艺,虽然实行实名制不售卖的原则,但还是挡不住黄牛们揽票叫卖。据悉普通的粉丝区域已经卖到3400元一张,前排的位置则被卖到8000元一张。 
宋慧乔豪气,现金支付买豪宅 
宋慧乔与宋仲基皆因《太阳的后裔》人气再度暴涨!而本身就很会吸金的宋慧乔过去曾卷逃税风暴,不过她财力雄厚是事实,近来韩国节目《名单公开2016》就指她过去曾花174.6万美金(约合人民币1134万元)买下纽约豪宅,且是豪气直接用现金付清。 
韩国节目《名单公开2016》爆料她的房地产内幕,透露过去她曾用现金支付174.6万美元买下纽约曼哈顿中心附近的豪宅!此外,目前她在首尔的住处市价也高达30亿韩元(约合人民币1700万元),与女星孙艺珍是邻居。还有指她近来替妈妈买下一栋价值高达90亿韩元(约合人民币5000万元)的大房,并将房子名字登记在妈妈名下。 据《新快报》 责任编辑： 凤凰（QL0003） 
</post>
<signature>

</signature>
<external_links>

</external_links>
<country>CN</country>
<main_image></main_image>
</document>
