<?xml version="1.0" encoding="UTF-8"?>
<document>
<type>mainstream</type>
<forum>http://www.wuwm.com//rss.xml</forum>
<forum_title>WUWM</forum_title>
<discussion_title>Treating Opioid Addiction in Wisconsin</discussion_title>
<language>english</language>
<gmt_offset></gmt_offset>
<topic_url>http://wuwm.com/post/treating-opioid-addiction-wisconsin</topic_url>
<topic_text>
10:06 Dr. Ian Powell and Sarah Ness from Rogers Memorial Hospital speaking with WUWM&apos;s Montel Allen. 
Eight-hundred and eighty-eight. According to a recent study , that&apos;s how many people died from drug overdoses in Wisconsin between 2012 and 2015. 
It&apos;s a problem that has been on the radar locally for some time. Data from the Centers for Disease Control and Prevention shows nearly 19,000 people around the country die from heroin and opioid overdoses every year. 
That has people who work the addiction field looking for answers and ways to affect positive change. Dr. Ian Powell is an addiction specialist at Rogers Memorial Hospital . He says that unlike some addictive substances like alcohol, opioid users can find their lives deteriorating very quickly. 
&quot;With heroin addiction, things move pretty rapidly. We start to see consequences developing in weeks or months. So people typically coming to us will have histories of using heroin for a few months to a few years,&quot; says Powell. &quot;Sometimes health insurance is very accommodating and helpful, and sometimes we feel that they&apos;re working against us.&quot; 
Sarah Ness works with Dr. Powell as a counselor for drug addicts. In her time there, she&apos;s seen how beneficial treatment can be for people addicted to opioids. &quot;A month can make a difference. If they work hard at the program and they do well it can be a night and day difference,&quot; she says. 
But it isn&apos;t always easy to get into a treatment program. Many of them have long waiting lists or they&apos;re financially inaccessible. For addicts in dire need of treatment that wait can be a death sentence. 
&quot;There&apos;s a lot of barriers to people getting into treatment. Negotiating the complexities of health insurance can be a big problem,&quot; says Powell. &quot;Health insurance does not necessarily always support our decision to put someone in this level of care which is one of the more intense out patient treatments.&quot; 
&quot;Sometimes health insurance is very accommodating and helpful, and sometimes we feel that they&apos;re working against us,&quot; he explains. 
And the controversy doesn&apos;t end once an addict gets into treatment. Programs like the one at Rogers Memorial Hospital, pair counseling with medications used to help addicts. These medications include drugs like methadone or buprenorphine, and block the effects of opiates. 
But there&apos;s some pushback to the use of these medications, as many of them are addictive. Some feel that addicts are just switching one addiction for another, but Powell believes that rationale can be dangerous. 
&quot;The reality is the medications keep them alive,&quot; says Powell. &quot;We&apos;re worried about overdoses and the fact is if a patient is on a medication that blocks the effects of the opiate... you don&apos;t die.&quot; Tags:
</topic_text>
<spam_score>0.00</spam_score>
<post_num>1</post_num>
<post_id>post-1</post_id>
<post_url>http://wuwm.com/post/treating-opioid-addiction-wisconsin</post_url>
<post_date>20160512</post_date>
<post_time>1433</post_time>
<username>Montel Allen</username>
<post>
10:06 Dr. Ian Powell and Sarah Ness from Rogers Memorial Hospital speaking with WUWM&apos;s Montel Allen. 
Eight-hundred and eighty-eight. According to a recent study , that&apos;s how many people died from drug overdoses in Wisconsin between 2012 and 2015. 
It&apos;s a problem that has been on the radar locally for some time. Data from the Centers for Disease Control and Prevention shows nearly 19,000 people around the country die from heroin and opioid overdoses every year. 
That has people who work the addiction field looking for answers and ways to affect positive change. Dr. Ian Powell is an addiction specialist at Rogers Memorial Hospital . He says that unlike some addictive substances like alcohol, opioid users can find their lives deteriorating very quickly. 
&quot;With heroin addiction, things move pretty rapidly. We start to see consequences developing in weeks or months. So people typically coming to us will have histories of using heroin for a few months to a few years,&quot; says Powell. &quot;Sometimes health insurance is very accommodating and helpful, and sometimes we feel that they&apos;re working against us.&quot; 
Sarah Ness works with Dr. Powell as a counselor for drug addicts. In her time there, she&apos;s seen how beneficial treatment can be for people addicted to opioids. &quot;A month can make a difference. If they work hard at the program and they do well it can be a night and day difference,&quot; she says. 
But it isn&apos;t always easy to get into a treatment program. Many of them have long waiting lists or they&apos;re financially inaccessible. For addicts in dire need of treatment that wait can be a death sentence. 
&quot;There&apos;s a lot of barriers to people getting into treatment. Negotiating the complexities of health insurance can be a big problem,&quot; says Powell. &quot;Health insurance does not necessarily always support our decision to put someone in this level of care which is one of the more intense out patient treatments.&quot; 
&quot;Sometimes health insurance is very accommodating and helpful, and sometimes we feel that they&apos;re working against us,&quot; he explains. 
And the controversy doesn&apos;t end once an addict gets into treatment. Programs like the one at Rogers Memorial Hospital, pair counseling with medications used to help addicts. These medications include drugs like methadone or buprenorphine, and block the effects of opiates. 
But there&apos;s some pushback to the use of these medications, as many of them are addictive. Some feel that addicts are just switching one addiction for another, but Powell believes that rationale can be dangerous. 
&quot;The reality is the medications keep them alive,&quot; says Powell. &quot;We&apos;re worried about overdoses and the fact is if a patient is on a medication that blocks the effects of the opiate... you don&apos;t die.&quot; Tags:
</post>
<signature>

</signature>
<external_links>

</external_links>
<country>US</country>
<main_image>http://mediad.publicbroadcasting.net/p/wuwm/files/styles/medium/public/201605/Fotolia_55594137_Subscription_Monthly_M.jpg</main_image>
</document>
