<?xml version="1.0" encoding="UTF-8"?>
<document>
<type>mainstream</type>
<forum></forum>
<forum_title></forum_title>
<discussion_title>Matic: Hazard Masih Yang Terbaik! - Bola.net</discussion_title>
<language>indonesian</language>
<gmt_offset></gmt_offset>
<topic_url>http://www.bola.net/inggris/matic-hazard-masih-yang-terbaik-23e725.html</topic_url>
<topic_text>
HOME » LIGA INGGRIS » MATIC: HAZARD MASIH YANG TERBAIK! Matic: Hazard Masih Yang Terbaik! 12-05-2016 22:48 | Eden Hazard Eden Hazard. © CFC Bola.net - Gelandang Chelsea , Nemanja Matic menolak tudingan miring publik tentang penampilan rekan satu timnya, Eden Hazard . Menurutnya, Hazard tetap merupakan pemain terbaik yang dimiliki oleh The Blues.Hazard musim ini memang tidak begitu gemilang. Pemain asal Belgia baru mencetak empat gol saja dari 30 pertandingan. Padahal musim lalu Hazard sukses mencetak 14 gol dalam satu musim.&quot;Saya sudah katakan berulang kali, Eden Hazard adalah pemain terbaik kami. Saya yakin bahwa ia akan menjadi pemain yang sangat penting bagi Chelsea musim depan,&quot; ujar Matic kepada London Evening Standard .Matic juga menyebut bahwa Hazard adalah pemain yang tidak bisa dihentikan saat sedang dalam penampilan terbaiknya. Jika sudah demikian, menurut Matic, cara menghentikan Hazard hanya dengan melanggarnya.&quot;Sangat sulit untuk menghentikannya. Saya tahu karena melawannya di sesi latihan. Kita bisa lihat saat melawan Liverpool, satu-satunya cara menghentikannya hanya dengan pelanggaran yang menghasilkan kartu kuning,&quot; sambung Matic. (les/asa) Baca Ini Juga: 
</topic_text>
<spam_score>0.00</spam_score>
<post_num>1</post_num>
<post_id>post-1</post_id>
<post_url>http://www.bola.net/inggris/matic-hazard-masih-yang-terbaik-23e725.html</post_url>
<post_date>20161205</post_date>
<post_time></post_time>
<username></username>
<post>
HOME » LIGA INGGRIS » MATIC: HAZARD MASIH YANG TERBAIK! Matic: Hazard Masih Yang Terbaik! 12-05-2016 22:48 | Eden Hazard Eden Hazard. © CFC Bola.net - Gelandang Chelsea , Nemanja Matic menolak tudingan miring publik tentang penampilan rekan satu timnya, Eden Hazard . Menurutnya, Hazard tetap merupakan pemain terbaik yang dimiliki oleh The Blues.Hazard musim ini memang tidak begitu gemilang. Pemain asal Belgia baru mencetak empat gol saja dari 30 pertandingan. Padahal musim lalu Hazard sukses mencetak 14 gol dalam satu musim.&quot;Saya sudah katakan berulang kali, Eden Hazard adalah pemain terbaik kami. Saya yakin bahwa ia akan menjadi pemain yang sangat penting bagi Chelsea musim depan,&quot; ujar Matic kepada London Evening Standard .Matic juga menyebut bahwa Hazard adalah pemain yang tidak bisa dihentikan saat sedang dalam penampilan terbaiknya. Jika sudah demikian, menurut Matic, cara menghentikan Hazard hanya dengan melanggarnya.&quot;Sangat sulit untuk menghentikannya. Saya tahu karena melawannya di sesi latihan. Kita bisa lihat saat melawan Liverpool, satu-satunya cara menghentikannya hanya dengan pelanggaran yang menghasilkan kartu kuning,&quot; sambung Matic. (les/asa) Baca Ini Juga: 
</post>
<signature>

</signature>
<external_links>

</external_links>
<country>ID</country>
<main_image>http://cdn.klimg.com/bola.net/library/upload/20/2016/05/hl-hazard_41e5de4.jpg</main_image>
</document>
