<?xml version="1.0" encoding="UTF-8"?>
<document>
<type>mainstream</type>
<forum></forum>
<forum_title></forum_title>
<discussion_title>Truy lùng hai &quot;cẩu tặc&quot;, một thiếu úy công an tử vong</discussion_title>
<language>vietnamese</language>
<gmt_offset></gmt_offset>
<topic_url>http://kenh14.vn/truy-lung-hai-cau-tac-mot-thieu-uy-cong-an-tu-vong-2016051220234549.chn</topic_url>
<topic_text>
Truy lùng hai &quot;cẩu tặc&quot;, một thiếu úy công an tử vong 22:02:23 12/05/2016 0 Ngày 12/5, trung tá Nguyễn Quang Thành – Trưởng Công an huyện Nghi Xuân (Hà Tĩnh) cho biết, thiếu úy Bùi Văn Pháp (SN 1991) đã hy sinh khi đang đi làm nhiệm vụ truy lùng hai đối tượng trộm chó. 
Vào khoảng 19h30 ngày 11/5, thiếu úy Bùi Văn Pháp, Đội CSĐT tội phạm về kinh tế và ma túy Công an Nghi Xuân (Hà Tĩnh) nhận tin báo của quần chúng nhân dân tại xã Xuân Phổ, huyện Nghi Xuân về tung tích của 2 đối tượng có hành vi trộm chó. 
Sau khi nhận được tin báo, thiếu úy Pháp và anh Linh (là công an viên xã Xuân Phổ) đã lên xe truy tìm đối tượng. Khi di chuyển đến đoạn đê thuộc xã Xuân Phổ, xe máy của đồng chí Pháp bị va vào mặt đê do đường này đang đổ bê tông. Công an huyện Nghi Xuân và gia đình tổ chức lễ an táng cho thiếu úy Bùi Văn Pháp. 
Sự cố khiến cả 2 người cùng ngã xuống. Vì chấn thương quá nặng, thiếu úy Pháp đã tử vong tại chỗ, anh Linh bị thương nặng phải cấp cứu tại bệnh viện huyện Nghi Xuân. 
Được biết, thiếu úy Bùi Văn Pháp công tác tại huyện Nghi Xuân được 2 năm. Trong ngày 12/5, công an tỉnh Hà Tĩnh đã thăng cấp hàm cho đồng chí Pháp từ thiếu úy lên trung úy. 
Hiện, công an huyện Nghi Xuân và gia đình đang tổ chức an táng cho thiếu úy Bùi Văn Pháp theo các nghi thức địa phương. 
</topic_text>
<spam_score>0.00</spam_score>
<post_num>1</post_num>
<post_id>post-1</post_id>
<post_url>http://kenh14.vn/truy-lung-hai-cau-tac-mot-thieu-uy-cong-an-tu-vong-2016051220234549.chn</post_url>
<post_date>20160512</post_date>
<post_time></post_time>
<username></username>
<post>
Truy lùng hai &quot;cẩu tặc&quot;, một thiếu úy công an tử vong 22:02:23 12/05/2016 0 Ngày 12/5, trung tá Nguyễn Quang Thành – Trưởng Công an huyện Nghi Xuân (Hà Tĩnh) cho biết, thiếu úy Bùi Văn Pháp (SN 1991) đã hy sinh khi đang đi làm nhiệm vụ truy lùng hai đối tượng trộm chó. 
Vào khoảng 19h30 ngày 11/5, thiếu úy Bùi Văn Pháp, Đội CSĐT tội phạm về kinh tế và ma túy Công an Nghi Xuân (Hà Tĩnh) nhận tin báo của quần chúng nhân dân tại xã Xuân Phổ, huyện Nghi Xuân về tung tích của 2 đối tượng có hành vi trộm chó. 
Sau khi nhận được tin báo, thiếu úy Pháp và anh Linh (là công an viên xã Xuân Phổ) đã lên xe truy tìm đối tượng. Khi di chuyển đến đoạn đê thuộc xã Xuân Phổ, xe máy của đồng chí Pháp bị va vào mặt đê do đường này đang đổ bê tông. Công an huyện Nghi Xuân và gia đình tổ chức lễ an táng cho thiếu úy Bùi Văn Pháp. 
Sự cố khiến cả 2 người cùng ngã xuống. Vì chấn thương quá nặng, thiếu úy Pháp đã tử vong tại chỗ, anh Linh bị thương nặng phải cấp cứu tại bệnh viện huyện Nghi Xuân. 
Được biết, thiếu úy Bùi Văn Pháp công tác tại huyện Nghi Xuân được 2 năm. Trong ngày 12/5, công an tỉnh Hà Tĩnh đã thăng cấp hàm cho đồng chí Pháp từ thiếu úy lên trung úy. 
Hiện, công an huyện Nghi Xuân và gia đình đang tổ chức an táng cho thiếu úy Bùi Văn Pháp theo các nghi thức địa phương. 
</post>
<signature>

</signature>
<external_links>

</external_links>
<country>VN</country>
<main_image>https://k14.vcmedia.vn/thumb_w/600/2016/anh1-1463064770351-39-3-537-800-crop-1463065038138.jpg</main_image>
</document>
