<?xml version="1.0" encoding="UTF-8"?>
<document>
<type>mainstream</type>
<forum>http://tudocelular.com//feed/</forum>
<forum_title>Tudocelular.com</forum_title>
<discussion_title>Recurso do Opera promete 50% a mais de bateria enquanto navegando na web</discussion_title>
<language>portuguese</language>
<gmt_offset></gmt_offset>
<topic_url>http://www.tudocelular.com/windows/noticias/n71781/power-saving-mode-opera.html</topic_url>
<topic_text>
Recurso do Opera promete 50% a mais de bateria enquanto navegando na web 
12 de maio de 2016 0 Windows Smartphone Tablet Em seu canal especial para desenvolvedores, a Opera acabou de anunciar a implementação de um recurso chamado Power Saving Mode, que promete estender em até 50% a duração da bateria enquanto navegando em tablets e laptops, quando comparado a outros navegadores. A funcionalidade é exibida ao desplugar os portáteis da tomada, sendo acessada de forma simples através de um ícone localizado na parte superior direita da janela de navegação. Caso não seja ativada imediatamente após entrar no modo de uso de bateria, quando a carga atingir 20% o navegador notificará o usuário, sugerindo a ativação do recurso. A economia de bateria é possível graças a um mecanismo que reduz a atividade em plano de fundo nas abas que não estão sendo usadas , diminuindo o frame rate para 30 quadros por segundo, suavizando animações presentes em temas, otimizando codecs para reprodução de vídeos e pausando plugins que não estejam sendo usados ativamente. Para alguns laptops, um ganho de 50% a mais na vida útil de bateria pode significar até mais 2 horas e meia de navegação, o que em alguns casos, acaba sendo uma verdadeira “mão na roda”. Os testes de benchmarks realizados pela empresa mostraram que em um laptop rodando windows 10, o Opera com Power Saving Mode ativo conseguiu rodar por 2 horas e 56 minutos, enquanto o Chrome só durou 1 hora e 54 minutos até a bateria acabar: Opera Power Saving Mode pode estender duração da bateria em até 50% A Opera tem se mostrado bastante ativa no desenvolvimento de novas tecnologias para seus produtos. Há pouco, a empresa anunciou o novo recurso pop-out na versão 37 de seu browser e o lançamento de um aplicativo de VPN gratuito para usuários do iOS . Para baixar a versã
</topic_text>
<spam_score>0.00</spam_score>
<post_num>1</post_num>
<post_id>post-1</post_id>
<post_url>http://www.tudocelular.com/windows/noticias/n71781/power-saving-mode-opera.html</post_url>
<post_date>20160512</post_date>
<post_time>1029</post_time>
<username>Tudocelular.com</username>
<post>
Recurso do Opera promete 50% a mais de bateria enquanto navegando na web 
12 de maio de 2016 0 Windows Smartphone Tablet Em seu canal especial para desenvolvedores, a Opera acabou de anunciar a implementação de um recurso chamado Power Saving Mode, que promete estender em até 50% a duração da bateria enquanto navegando em tablets e laptops, quando comparado a outros navegadores. A funcionalidade é exibida ao desplugar os portáteis da tomada, sendo acessada de forma simples através de um ícone localizado na parte superior direita da janela de navegação. Caso não seja ativada imediatamente após entrar no modo de uso de bateria, quando a carga atingir 20% o navegador notificará o usuário, sugerindo a ativação do recurso. A economia de bateria é possível graças a um mecanismo que reduz a atividade em plano de fundo nas abas que não estão sendo usadas , diminuindo o frame rate para 30 quadros por segundo, suavizando animações presentes em temas, otimizando codecs para reprodução de vídeos e pausando plugins que não estejam sendo usados ativamente. Para alguns laptops, um ganho de 50% a mais na vida útil de bateria pode significar até mais 2 horas e meia de navegação, o que em alguns casos, acaba sendo uma verdadeira “mão na roda”. Os testes de benchmarks realizados pela empresa mostraram que em um laptop rodando windows 10, o Opera com Power Saving Mode ativo conseguiu rodar por 2 horas e 56 minutos, enquanto o Chrome só durou 1 hora e 54 minutos até a bateria acabar: Opera Power Saving Mode pode estender duração da bateria em até 50% A Opera tem se mostrado bastante ativa no desenvolvimento de novas tecnologias para seus produtos. Há pouco, a empresa anunciou o novo recurso pop-out na versão 37 de seu browser e o lançamento de um aplicativo de VPN gratuito para usuários do iOS . Para baixar a versã
</post>
<signature>

</signature>
<external_links>

</external_links>
<country>US</country>
<main_image>http://i2.tudocdn.net/img/type28/width646/height284/id150210_1.jpg</main_image>
</document>
