<?xml version="1.0" encoding="UTF-8"?>
<document>
<type>mainstream</type>
<forum></forum>
<forum_title></forum_title>
<discussion_title>Tortona e i suoi colli. Piemonte da scoprire - Repubblica.it</discussion_title>
<language>italian</language>
<gmt_offset></gmt_offset>
<topic_url>http://www.repubblica.it/viaggi/2016/05/12/foto/colli_tortonesi_immagini-139651271/</topic_url>
<topic_text>
Network Quotidiani locali 
</topic_text>
<spam_score>0.00</spam_score>
<post_num>1</post_num>
<post_id>post-1</post_id>
<post_url>http://www.repubblica.it/viaggi/2016/05/12/foto/colli_tortonesi_immagini-139651271/</post_url>
<post_date>20160512</post_date>
<post_time></post_time>
<username></username>
<post>
Network Quotidiani locali 
</post>
<signature>

</signature>
<external_links>

</external_links>
<country>IE</country>
<main_image>http://www.repstatic.it/content/nazionale/img/2016/05/12/161148364-1be29151-789c-467e-9ab1-97149e433de4.jpg</main_image>
</document>
