<?xml version="1.0" encoding="UTF-8"?>
<document>
<type>mainstream</type>
<forum></forum>
<forum_title></forum_title>
<discussion_title>В Оренбуржье объявлено штормовое предупреждение | Новости Оренбурга</discussion_title>
<language>russian</language>
<gmt_offset></gmt_offset>
<topic_url>http://www.orenday.ru/novosti/novostnaya-lenta/news120516172940</topic_url>
<topic_text>
В Оренбуржье объявлено штормовое предупреждение 12 мая, 18:55 В ближайшие часы над регионом пройдет грозовой фронт. 
По уточненному прогнозу, ожидается ливневый дождь, сопровождаемый градом. Скорость ветра местами будет достигать 26 метров в секунду, что нередко приводит к разрушению крыш скатного типа. Главное управление МЧС России по Оренбургской области рекомендует населению принять все меры предосторожности. В случае возникновения чрезвычайной ситуации нужно позвонить по телефону 112. Звонок возможен со всех мобильных операторов даже при отрицательном балансе. Текст: Максим БОТАЛОВ, фото: соцсети Поделиться Распечатать По требованию российского законодательства, комментарии проходят модерацию. Мы удаляем сообщения, содержащие мат, сниженную лексику и оскорбления, даже в случае замены букв точками, тире и любыми иными символами. Не допускаются сообщения, призывающие к межнациональной и социальной розни.Также в комментариях мы не публикуем чужие авторские тексты. Выделите орфографическую ошибку мышью и нажмите Ctrl+Enter 
</topic_text>
<spam_score>0.00</spam_score>
<post_num>1</post_num>
<post_id>post-1</post_id>
<post_url>http://www.orenday.ru/novosti/novostnaya-lenta/news120516172940</post_url>
<post_date>20160512</post_date>
<post_time></post_time>
<username></username>
<post>
В Оренбуржье объявлено штормовое предупреждение 12 мая, 18:55 В ближайшие часы над регионом пройдет грозовой фронт. 
По уточненному прогнозу, ожидается ливневый дождь, сопровождаемый градом. Скорость ветра местами будет достигать 26 метров в секунду, что нередко приводит к разрушению крыш скатного типа. Главное управление МЧС России по Оренбургской области рекомендует населению принять все меры предосторожности. В случае возникновения чрезвычайной ситуации нужно позвонить по телефону 112. Звонок возможен со всех мобильных операторов даже при отрицательном балансе. Текст: Максим БОТАЛОВ, фото: соцсети Поделиться Распечатать По требованию российского законодательства, комментарии проходят модерацию. Мы удаляем сообщения, содержащие мат, сниженную лексику и оскорбления, даже в случае замены букв точками, тире и любыми иными символами. Не допускаются сообщения, призывающие к межнациональной и социальной розни.Также в комментариях мы не публикуем чужие авторские тексты. Выделите орфографическую ошибку мышью и нажмите Ctrl+Enter 
</post>
<signature>

</signature>
<external_links>

</external_links>
<country>RU</country>
<main_image>http://www.orenday.ru/assets/images/news/2016/05/12/groza1.jpg</main_image>
</document>
