<?xml version="1.0" encoding="UTF-8"?>
<document>
<type>mainstream</type>
<forum></forum>
<forum_title></forum_title>
<discussion_title>Cae una red que vendía artículos falsos en un mercadillo de Elche . Las Provincias</discussion_title>
<language>spanish</language>
<gmt_offset></gmt_offset>
<topic_url>http://www.lasprovincias.es/alicante/201605/11/vendia-articulos-falsos-mercadillo-20160511013226-v.html</topic_url>
<topic_text>
Este sitio web utiliza cookies propias y de terceros para optimizar tu navegación, adaptarse a tus preferencias y realizar labores analíticas. Al continuar navegando aceptas nuestra Política de Cookies. Cae una red que vendía artí 11 mayo 2016 
Unos 5.000 productos falsificados de ropa, calzado, bolsos y bisutería de más de una veintena de conocidas marcas comerciales han sido intervenidos en un mercadillo de venta ambulante de la ciudad de Elche en una operación que ha desarrollado la Policía Nacional que se ha saldado con 28 detenidos, según informaron ayer fuentes próximas a la investigació 
Se trata de una investigación iniciada a raíz de recibir la denuncia de los representantes legales de la veintena de marcas comerciales supuestamente perjudicadas. En el escrito, informaban de la venta de ropa y complementos falsificados de sus marcas en diversos puestos de venta ambulante en un mercadillo situado en los aledaños del estadio Martí 
De esta forma, se puso en marcha un dispositivo policial integrado por cerca de 60 agentes para la identificació 
El pasado 8 de mayo se procedió a la detención de 28 personas, propietarias de al menos 28 puestos de venta ambulante de este mercadillo, donde se vendí 
Los agentes de la Brigada Local de Policía Judicial de la Policía Nacional, de Seguridad Ciudadana, Extranjería y Policía Científica de la Comisaría de Elche que participaron en el amplio despliegue policial lograron apresar a los sospechosos y se intervinieron de las 5.000 prendas y artí Lo Má 
</topic_text>
<spam_score>0.00</spam_score>
<post_num>1</post_num>
<post_id>post-1</post_id>
<post_url>http://www.lasprovincias.es/alicante/201605/11/vendia-articulos-falsos-mercadillo-20160511013226-v.html</post_url>
<post_date>20160511</post_date>
<post_time></post_time>
<username>Efe</username>
<post>
Este sitio web utiliza cookies propias y de terceros para optimizar tu navegación, adaptarse a tus preferencias y realizar labores analíticas. Al continuar navegando aceptas nuestra Política de Cookies. Cae una red que vendía artí 11 mayo 2016 
Unos 5.000 productos falsificados de ropa, calzado, bolsos y bisutería de más de una veintena de conocidas marcas comerciales han sido intervenidos en un mercadillo de venta ambulante de la ciudad de Elche en una operación que ha desarrollado la Policía Nacional que se ha saldado con 28 detenidos, según informaron ayer fuentes próximas a la investigació 
Se trata de una investigación iniciada a raíz de recibir la denuncia de los representantes legales de la veintena de marcas comerciales supuestamente perjudicadas. En el escrito, informaban de la venta de ropa y complementos falsificados de sus marcas en diversos puestos de venta ambulante en un mercadillo situado en los aledaños del estadio Martí 
De esta forma, se puso en marcha un dispositivo policial integrado por cerca de 60 agentes para la identificació 
El pasado 8 de mayo se procedió a la detención de 28 personas, propietarias de al menos 28 puestos de venta ambulante de este mercadillo, donde se vendí 
Los agentes de la Brigada Local de Policía Judicial de la Policía Nacional, de Seguridad Ciudadana, Extranjería y Policía Científica de la Comisaría de Elche que participaron en el amplio despliegue policial lograron apresar a los sospechosos y se intervinieron de las 5.000 prendas y artí Lo Má 
</post>
<signature>

</signature>
<external_links>

</external_links>
<country>ES</country>
<main_image>http://www.lasprovincias.es/la_verdad/noticias/201605/11/media/98095347.jpg</main_image>
</document>
