<?xml version="1.0" encoding="UTF-8"?>
<document>
<type>mainstream</type>
<forum>http://www.vleesmagazine.nl/rss/feed/nieuws/slagersnieuws</forum>
<forum_title>Slagersnieuws</forum_title>
<discussion_title>Ron de Kwant in Koffietijd bij RTL-4</discussion_title>
<language>dutch</language>
<gmt_offset></gmt_offset>
<topic_url>http://www.vleesmagazine.nl/slagersnieuws/nieuws/2016/5/ron-de-kwant-in-koffietijd-rtl-4-10140593</topic_url>
<topic_text>
Keurslager en winnaar van de Gouden Slagersring Ron de Kwant is vrijdagochtend te gast als hulpkok in het programma Koffietijd van RTL4. Het tv-programma begint om 10 uur. Foto: Angela en Ron de Kwant tijdens de uitreiking van de ring. Foto: Feike Faase 
Op deze laatste uitzenddag van de week van Koffietijd maakt kok Caspar Bürki het gerecht Bagna Cauda met rosbief. ‘Wat dát is zie je morgen!’, meldt Koffietijd. ‘En niet alleen Caspar staat in de keuken, maar ook een zeer succesvolle slager. Namelijk Ron de Kwant; winnaar van de Gouden Slagersring 2016!’ 
De Kwant won de ring vorige maand met zijn Vink Vitaal . 
Op de site van Koffietijd is een overzicht te vinden van de recepten van Bürki. 
 
</topic_text>
<spam_score>0.00</spam_score>
<post_num>1</post_num>
<post_id>post-1</post_id>
<post_url>http://www.vleesmagazine.nl/slagersnieuws/nieuws/2016/5/ron-de-kwant-in-koffietijd-rtl-4-10140593</post_url>
<post_date>20160512</post_date>
<post_time>1449</post_time>
<username></username>
<post>
Keurslager en winnaar van de Gouden Slagersring Ron de Kwant is vrijdagochtend te gast als hulpkok in het programma Koffietijd van RTL4. Het tv-programma begint om 10 uur. Foto: Angela en Ron de Kwant tijdens de uitreiking van de ring. Foto: Feike Faase 
Op deze laatste uitzenddag van de week van Koffietijd maakt kok Caspar Bürki het gerecht Bagna Cauda met rosbief. ‘Wat dát is zie je morgen!’, meldt Koffietijd. ‘En niet alleen Caspar staat in de keuken, maar ook een zeer succesvolle slager. Namelijk Ron de Kwant; winnaar van de Gouden Slagersring 2016!’ 
De Kwant won de ring vorige maand met zijn Vink Vitaal . 
Op de site van Koffietijd is een overzicht te vinden van de recepten van Bürki. 
 
</post>
<signature>

</signature>
<external_links>

</external_links>
<country>NL</country>
<main_image></main_image>
</document>
