<?xml version="1.0" encoding="UTF-8"?>
<document>
<type>mainstream</type>
<forum></forum>
<forum_title></forum_title>
<discussion_title>“心灵鸡汤”藏虚假广告 1088元买血压仪被骗-千龙网·中国首都网</discussion_title>
<language>chinese</language>
<gmt_offset></gmt_offset>
<topic_url>http://finance.qianlong.com/2016/0512/601769.shtml</topic_url>
<topic_text>

“我看到是好朋友发的，就买了，结果根本不好使，现在连卖东西的都找不着了。”5月11日，读者张先生向沈阳晚报、沈阳网记者投诉称，他在微信上购买的血压监测仪，一点儿作用都没有，而且卖家消失了。 
沈阳晚报、沈阳网记者联系到生产厂家申请退货，但是，市面上售价48元的产品，张先生在朋友圈花费1088元，厂家表示，并不能按照张先生购买的价格进行退货。 
朋友圈疯转心灵鸡汤 
据张先生说，他是看到朋友转到微信朋友圈的一篇文章，才购买这款血压监测仪的。记者看到张先生的微信朋友圈，几乎都被各种心灵鸡汤的文章刷屏了。张先生说，以前朋友圈里卖的各种东西不敢买，没想到看文章诱导购买的商品还是上当受骗了。 
据调查，现在微信朋友圈卖东西的确实少了，很多人都转型专门发布心灵鸡汤类的文章了，这类文章多是些“健康”“育儿”“风水”“情感”类的，单看标题，还挺有阅读兴趣的，但是，点进去之后，页面就被大量的广告所充斥，一般文章的头尾部都有丰胸、减肥、男性保健等商品广告。大家疯狂转发，因为每篇文章都有转发和浏览收益，一般转发每天六七分钱，有人阅读的话，转发人每次还能获得三五分钱的收入。有些人每天转发二三十条，也能赚到几十元钱。 
文章链接着虚假广告 
记者看到，在张先生的微信朋友圈中，大部分心灵鸡汤类的文章都转发自微转啦、转发赚、微转金等转发平台，这类平台发布的每一篇文章中都植入了广告，而且同时带有产品推广链接，只要用户点击进去，就会看到相应的产品功能介绍和购买链接。 
张先生说，这款血压监测仪的广告说得特别好，能24小时监测、随时报警等，他看的文章标题就是《预防血压不稳的36计》，所以对其中的广告也是深信不疑，就按照标价1088元付款收货了。结果，这个昂贵的血压监测仪和其他的血压计功能差不多，根本没有广告中宣传的那些作用。张先生想退货的时候，却发现商家的分享链接已经打不开了，根本找不到卖东西的人。经过记者协调，最终厂家只答应按照市面售价的48元退货。 
转发平台花钱买下家 
记者昨天联系到一家微信转发平台，一位自称姓王的销售经理表示，保健品、药物、减肥丰胸类产品和貔貅，以及高仿手表等广告，都是比较热门的，而且价格都能卖到很贵。记者对比了几款减肥茶、减肥胶囊、保健内裤等广告商品，在网店里同品牌、同规格的售价只有几十块钱，而这里卖到几百上千元，价格基本都在10倍以上。 
转发平台系统自动统计阅读量，每次有效阅读，转发者都可以获得0.03元至0.05元的收入。他们对广告业主的收费则分为三种形式：一种是按广告点击量，每次0.5元；二是把产品写在文章里面，阅读一次文章，0.35元；还有一种是消费者留下电话，每个电话五六十元。如果碰上10万+的阅读文章，广告费收入3.5万元，除去付给转发者的成本，至少能赚到3万元，转发者只拿到了其中的一小部分。沈阳晚报、沈阳网记者 谷丽红 责任编辑： 凤凰（QL0003） 作者： 谷丽红 相关阅读 
</topic_text>
<spam_score>0.00</spam_score>
<post_num>1</post_num>
<post_id>post-1</post_id>
<post_url>http://finance.qianlong.com/2016/0512/601769.shtml</post_url>
<post_date>20160512</post_date>
<post_time></post_time>
<username></username>
<post>

“我看到是好朋友发的，就买了，结果根本不好使，现在连卖东西的都找不着了。”5月11日，读者张先生向沈阳晚报、沈阳网记者投诉称，他在微信上购买的血压监测仪，一点儿作用都没有，而且卖家消失了。 
沈阳晚报、沈阳网记者联系到生产厂家申请退货，但是，市面上售价48元的产品，张先生在朋友圈花费1088元，厂家表示，并不能按照张先生购买的价格进行退货。 
朋友圈疯转心灵鸡汤 
据张先生说，他是看到朋友转到微信朋友圈的一篇文章，才购买这款血压监测仪的。记者看到张先生的微信朋友圈，几乎都被各种心灵鸡汤的文章刷屏了。张先生说，以前朋友圈里卖的各种东西不敢买，没想到看文章诱导购买的商品还是上当受骗了。 
据调查，现在微信朋友圈卖东西的确实少了，很多人都转型专门发布心灵鸡汤类的文章了，这类文章多是些“健康”“育儿”“风水”“情感”类的，单看标题，还挺有阅读兴趣的，但是，点进去之后，页面就被大量的广告所充斥，一般文章的头尾部都有丰胸、减肥、男性保健等商品广告。大家疯狂转发，因为每篇文章都有转发和浏览收益，一般转发每天六七分钱，有人阅读的话，转发人每次还能获得三五分钱的收入。有些人每天转发二三十条，也能赚到几十元钱。 
文章链接着虚假广告 
记者看到，在张先生的微信朋友圈中，大部分心灵鸡汤类的文章都转发自微转啦、转发赚、微转金等转发平台，这类平台发布的每一篇文章中都植入了广告，而且同时带有产品推广链接，只要用户点击进去，就会看到相应的产品功能介绍和购买链接。 
张先生说，这款血压监测仪的广告说得特别好，能24小时监测、随时报警等，他看的文章标题就是《预防血压不稳的36计》，所以对其中的广告也是深信不疑，就按照标价1088元付款收货了。结果，这个昂贵的血压监测仪和其他的血压计功能差不多，根本没有广告中宣传的那些作用。张先生想退货的时候，却发现商家的分享链接已经打不开了，根本找不到卖东西的人。经过记者协调，最终厂家只答应按照市面售价的48元退货。 
转发平台花钱买下家 
记者昨天联系到一家微信转发平台，一位自称姓王的销售经理表示，保健品、药物、减肥丰胸类产品和貔貅，以及高仿手表等广告，都是比较热门的，而且价格都能卖到很贵。记者对比了几款减肥茶、减肥胶囊、保健内裤等广告商品，在网店里同品牌、同规格的售价只有几十块钱，而这里卖到几百上千元，价格基本都在10倍以上。 
转发平台系统自动统计阅读量，每次有效阅读，转发者都可以获得0.03元至0.05元的收入。他们对广告业主的收费则分为三种形式：一种是按广告点击量，每次0.5元；二是把产品写在文章里面，阅读一次文章，0.35元；还有一种是消费者留下电话，每个电话五六十元。如果碰上10万+的阅读文章，广告费收入3.5万元，除去付给转发者的成本，至少能赚到3万元，转发者只拿到了其中的一小部分。沈阳晚报、沈阳网记者 谷丽红 责任编辑： 凤凰（QL0003） 作者： 谷丽红 相关阅读 
</post>
<signature>

</signature>
<external_links>

</external_links>
<country>CN</country>
<main_image></main_image>
</document>
