<?xml version="1.0" encoding="UTF-8"?>
<document>
<type>mainstream</type>
<forum>http://gazzettadimodena.gelocal.it/rss/home/</forum>
<forum_title>RSS Cronaca - Gazzetta di Modena</forum_title>
<discussion_title>A Modena &quot;Nessun dorma&quot;: sabato impazza la notte bianca</discussion_title>
<language>italian</language>
<gmt_offset></gmt_offset>
<topic_url>http://gazzettadimodena.gelocal.it/modena/cronaca/2016/05/12/news/a-modena-nessun-dorma-sabato-impazza-la-notte-bianca-1.13460420</topic_url>
<topic_text>
A Modena &quot;Nessun dorma&quot;: sabato... A Modena &quot;Nessun dorma&quot;: sabato impazza la notte bianca Dal concerto di Luca Carboni in piazza Grande al gospel e ai percorsi culturali: 150 iniziative di divertimento e di cultura sino a notte fonda 12 maggio 2016 
MODENA Sarà Luca Carbon i con un concerto gratuito in piazza Grande alle 23.30 (al PalaPanini in caso di pioggia) a chiudere la parte spettacolare di “Nessun dorma” , che torna sabato 21 maggio, dal tardo pomeriggio a notte inoltrata, con circa 150 iniziative in programma tra divertimento e cultura. 
La notte europea dei Musei, infatti, a Modena è anche notte bianca, e propone in centro arte, musica, teatro e danza, artisti di strada. Aperti con mostre e iniziative fino a mezzanotte biblioteche, musei e gallerie. Vetrine accese nei negozi ed esercizi del centro, che partecipano con le associazioni culturali proponendo animazioni, in accordo e con il sostegno del Comune. Gli autorizzati possono fare musica fino alle 2 e servire cibi e bevande fino alle 3 nelle aree delle iniziative. 
IL PROGRAMMA CULTURALE Nel programma degli istituti culturali “Tornare alla luce”, spettacolo ai Musei civici ispirato al ritrovamento delle mummie di Roccapelago . Il Palazzo dei Musei si anima anche con “Accordi Graziosi”, un percorso tra arte, degustazioni e musica dedicato all’artista; alla Poletti visite alla mostra “Ailanto”, mentre l’Archivio Storico svela la storia dello stemma di Modena. Sempre a Palazzo dei Musei fino alle 22 sarà aperta anche la Galleria Estense, con insolite visite guidate condotte dai tassisti modenesi. Largo Sant’Agostino è dedicato al “Pane di Villa Sorra” con laboratori per imparare a fare il pane, degustazioni a cura dello chef Daniele Reponi e teatro a tema. Aperto Palazzo Santa Margherita, con un viaggio musicale nell’atmosfera medievale evocata dalla mostra “Nino Migliori. Lumen. Leoni e metope del Duomo di Modena” e animazioni; incontri al Museo della Figurina e in biblioteca Delfini tra poesia e anni ’80, mentre alla Palazzina dei giardini che ospita la mostra di artisti polacchi “La memoria, finalmente”, si leggono poesie di Wislawa Szymborska. 
Si sale in Ghirlandina fino alle 23 e i Musei del Duomo si visitano a lume di candela; l’Associazione dimore storiche apre i cortili di quattro palazzi storici e San Pietro ospita visite, concerti, degustazioni e apre la Spezieria benedettina. 
Palazzo Ducale (prenotazione allo Iat, 059 2032660 – www.visitmodena.it) apre le porte alle visite guidate. Visite (da prenotare all’Urp di piazza Grande, 059 20312) anche all&apos;acetaia di Palazzo Comunale, dove la sala di Rappresentanza ospita uno spettacolo musicale. Si parla di immigrazione allo Europe Direct in piazza Grande con una mostra fotografica e il coro di donne migranti “Le Chemin de Femmes”. 
MUSICA E SPETTACOLI Nella chiesa di S. Carlo esibizione del Modena Gospel Chorus e in S. Vincenzo i “Serial Singers” e “Muppets Choir” a cura della corale Rossini; Mutina Swing Orchestra in via del Carmine, piazzale Boschetti, chiostro di San Biagio. 
Nelle vie del centro parata con i trampoli del Teatro dei Venti con partenza da Sant’Agostino. In piazza Roma, la “Magia dello sport sotto le stelle”, dallo yoga alle arti marziali, passando per la danza aerea e la scherma. In Corso Duomo danza acrobatica e coreografie aeree, mentre piazza XX settembre propone i musical più famosi e magie per i più piccoli. 12 maggio 2016
</topic_text>
<spam_score>0.00</spam_score>
<post_num>1</post_num>
<post_id>post-1</post_id>
<post_url>http://gazzettadimodena.gelocal.it/modena/cronaca/2016/05/12/news/a-modena-nessun-dorma-sabato-impazza-la-notte-bianca-1.13460420</post_url>
<post_date>20160512</post_date>
<post_time>1218</post_time>
<username></username>
<post>
A Modena &quot;Nessun dorma&quot;: sabato... A Modena &quot;Nessun dorma&quot;: sabato impazza la notte bianca Dal concerto di Luca Carboni in piazza Grande al gospel e ai percorsi culturali: 150 iniziative di divertimento e di cultura sino a notte fonda 12 maggio 2016 
MODENA Sarà Luca Carbon i con un concerto gratuito in piazza Grande alle 23.30 (al PalaPanini in caso di pioggia) a chiudere la parte spettacolare di “Nessun dorma” , che torna sabato 21 maggio, dal tardo pomeriggio a notte inoltrata, con circa 150 iniziative in programma tra divertimento e cultura. 
La notte europea dei Musei, infatti, a Modena è anche notte bianca, e propone in centro arte, musica, teatro e danza, artisti di strada. Aperti con mostre e iniziative fino a mezzanotte biblioteche, musei e gallerie. Vetrine accese nei negozi ed esercizi del centro, che partecipano con le associazioni culturali proponendo animazioni, in accordo e con il sostegno del Comune. Gli autorizzati possono fare musica fino alle 2 e servire cibi e bevande fino alle 3 nelle aree delle iniziative. 
IL PROGRAMMA CULTURALE Nel programma degli istituti culturali “Tornare alla luce”, spettacolo ai Musei civici ispirato al ritrovamento delle mummie di Roccapelago . Il Palazzo dei Musei si anima anche con “Accordi Graziosi”, un percorso tra arte, degustazioni e musica dedicato all’artista; alla Poletti visite alla mostra “Ailanto”, mentre l’Archivio Storico svela la storia dello stemma di Modena. Sempre a Palazzo dei Musei fino alle 22 sarà aperta anche la Galleria Estense, con insolite visite guidate condotte dai tassisti modenesi. Largo Sant’Agostino è dedicato al “Pane di Villa Sorra” con laboratori per imparare a fare il pane, degustazioni a cura dello chef Daniele Reponi e teatro a tema. Aperto Palazzo Santa Margherita, con un viaggio musicale nell’atmosfera medievale evocata dalla mostra “Nino Migliori. Lumen. Leoni e metope del Duomo di Modena” e animazioni; incontri al Museo della Figurina e in biblioteca Delfini tra poesia e anni ’80, mentre alla Palazzina dei giardini che ospita la mostra di artisti polacchi “La memoria, finalmente”, si leggono poesie di Wislawa Szymborska. 
Si sale in Ghirlandina fino alle 23 e i Musei del Duomo si visitano a lume di candela; l’Associazione dimore storiche apre i cortili di quattro palazzi storici e San Pietro ospita visite, concerti, degustazioni e apre la Spezieria benedettina. 
Palazzo Ducale (prenotazione allo Iat, 059 2032660 – www.visitmodena.it) apre le porte alle visite guidate. Visite (da prenotare all’Urp di piazza Grande, 059 20312) anche all&apos;acetaia di Palazzo Comunale, dove la sala di Rappresentanza ospita uno spettacolo musicale. Si parla di immigrazione allo Europe Direct in piazza Grande con una mostra fotografica e il coro di donne migranti “Le Chemin de Femmes”. 
MUSICA E SPETTACOLI Nella chiesa di S. Carlo esibizione del Modena Gospel Chorus e in S. Vincenzo i “Serial Singers” e “Muppets Choir” a cura della corale Rossini; Mutina Swing Orchestra in via del Carmine, piazzale Boschetti, chiostro di San Biagio. 
Nelle vie del centro parata con i trampoli del Teatro dei Venti con partenza da Sant’Agostino. In piazza Roma, la “Magia dello sport sotto le stelle”, dallo yoga alle arti marziali, passando per la danza aerea e la scherma. In Corso Duomo danza acrobatica e coreografie aeree, mentre piazza XX settembre propone i musical più famosi e magie per i più piccoli. 12 maggio 2016
</post>
<signature>

</signature>
<external_links>

</external_links>
<country>IT</country>
<main_image>http://gazzettadimodena.gelocal.it/polopoly_fs/1.13460429.1463055446!/httpImage/image.jpg_gen/derivatives/detail_558/image.jpg</main_image>
</document>
