<?xml version="1.0" encoding="UTF-8"?>
<document>
<type>mainstream</type>
<forum>http://kdhnews.com//search/?q=&amp;t=article&amp;l=25&amp;d=&amp;d1=&amp;d2=&amp;s=start_time&amp;sd=desc&amp;c[]=news*&amp;f=rss</forum>
<forum_title>The Killeen Daily Herald - news</forum_title>
<discussion_title>Al-Qaida, hard-line rebels seize Alawite village in Syria</discussion_title>
<language>english</language>
<gmt_offset></gmt_offset>
<topic_url>http://kdhnews.com/news/ap/al-qaida-hard-line-rebels-seize-alawite-village-in-syria/article_96f3e2b3-db6d-5b05-9c6b-0a30eb0e7ad8.html</topic_url>
<topic_text>
Al-Qaida, hard-line rebels seize Alawite village in Syria Associated Press | 0 comments 
DAMASCUS, Syria (AP) — Al-Qaida fighters and other ultraconservative Sunni insurgents seized a predominantly Alawite village in central Syria on Thursday, sparking fears of sectarian violence as families from the village were reported missing by activists. 
Syrian Prime Minister Wael al-Halqi said &quot;terrorists&quot; were killing townspeople, while Syrian state media said militants had looted and destroyed homes in the village of Zaara, which was previously controlled by the government. 
Clashes between insurgents and pro-government forces continued into the afternoon as government or allied Russian aircraft pounded rebel positions, the Britain-based Syrian Observatory for Human Rights said, adding that seven militants were killed. The Local Coordination Committees, an activist-run network, said the insurgents killed over 30 pro-government fighters in the clashes. 
Ahrar al-Sham, an ultraconservative Sunni Islamic militant group, led the assault on Zaara, along with the Nusra Front, al-Qaida&apos;s Syrian franchise, which often fights alongside opposition factions. The Observatory, which covers both sides of the conflict through a network of local activists, said families disappeared from Zaara after the militants took over. 
Syria&apos;s conflict began with peaceful protests against President Bashar Assad but escalated into a civil war after a brutal government crackdown and the rise of an armed insurgency. It became increasingly sectarian with the rise of Sunni insurgent groups and the arrival of Shiite militants from across the region to fight alongside Assad&apos;s government. Assad and his family are Alawites, an offshoot of Shiite Islam, while the majority of Syrians are Sunni Muslims. 
Both the government and the opposition claim to represent the entire country with its various religious minorities, but armed groups on both sides have carried out sectarian attacks. 
The International Committee for the Red Cross had to cancel an aid convoy to the nearby town of al-Houla, citing security concerns. A spokesperson for the ICRC did not say whether it was related to the clashes in Zaara. 
The 24-truck convoy with the Syrian Arab Red Crescent was to make the first aid delivery to the town since March, when aid reached 70,000 residents in the area for the first time since May 2015. 
Syrian government forces have restricted access to the area since May 2012, according to the monitoring group Siege Watch. The Observatory says the siege intensified into a near-total blockade last year. 
The ICRC, in conjunction with the United Nations and the SARC, was also expected to dispatch an aid convoy to Daraya, a suburb of Damascus besieged by pro-government forces. It would be the first aid delivery to the area since November 2012. The U.N. estimates the suburb&apos;s current population is between 4,000 and 8,000 people, down from over 70,000 before the war. 
In Geneva, the U.N. humanitarian aid coordinator for Syria expressed dismay about &quot;disappointing&quot; levels of access to besieged and hard-to-reach areas so far this month. Jan Egeland said his office hopes to get aid to about 905,000 people this month. 
&quot;We have a convoy fully loaded, standing for days, as it did last week, with supplies we know that there is a desperate need for, and then you are in the end told, &apos;No, you have to unload,&apos;&quot; he said, referring to a convoy that was supposed to travel to the rebel-held al-Waer neighborhood in Homs last week. 
In the country&apos;s north, rebels fought back a government offensive to take the Palestinian Handarat refugee camp north of Aleppo. A government advance there would threaten the only supply route to the rebel-held portion of Aleppo, Syria&apos;s largest city and former commercial capital. 
An interim cease-fire over the divided city, which brought a few days of peace after two weeks of shelling and bombardment, expired Wednesday night. 
World powers plan to meet on Syria next week in Vienna, with another round of U.N.-led, indirect peace negotiations between Syria&apos;s government and the opposition expected to follow some days later. 
The Vienna talks aim to build on a U.S.-Russia agreement announced this week to try to restore a nationwide cease-fire. 
___ 
Issa reported from Beirut. Associated Press writer Jamey Keaten contributed from Geneva.
</topic_text>
<spam_score>0.00</spam_score>
<post_num>1</post_num>
<post_id>post-1</post_id>
<post_url>http://kdhnews.com/news/ap/al-qaida-hard-line-rebels-seize-alawite-village-in-syria/article_96f3e2b3-db6d-5b05-9c6b-0a30eb0e7ad8.html</post_url>
<post_date>20160512</post_date>
<post_time>1517</post_time>
<username>ALBERT AJI and PHILIP ISSA</username>
<post>
Al-Qaida, hard-line rebels seize Alawite village in Syria Associated Press | 0 comments 
DAMASCUS, Syria (AP) — Al-Qaida fighters and other ultraconservative Sunni insurgents seized a predominantly Alawite village in central Syria on Thursday, sparking fears of sectarian violence as families from the village were reported missing by activists. 
Syrian Prime Minister Wael al-Halqi said &quot;terrorists&quot; were killing townspeople, while Syrian state media said militants had looted and destroyed homes in the village of Zaara, which was previously controlled by the government. 
Clashes between insurgents and pro-government forces continued into the afternoon as government or allied Russian aircraft pounded rebel positions, the Britain-based Syrian Observatory for Human Rights said, adding that seven militants were killed. The Local Coordination Committees, an activist-run network, said the insurgents killed over 30 pro-government fighters in the clashes. 
Ahrar al-Sham, an ultraconservative Sunni Islamic militant group, led the assault on Zaara, along with the Nusra Front, al-Qaida&apos;s Syrian franchise, which often fights alongside opposition factions. The Observatory, which covers both sides of the conflict through a network of local activists, said families disappeared from Zaara after the militants took over. 
Syria&apos;s conflict began with peaceful protests against President Bashar Assad but escalated into a civil war after a brutal government crackdown and the rise of an armed insurgency. It became increasingly sectarian with the rise of Sunni insurgent groups and the arrival of Shiite militants from across the region to fight alongside Assad&apos;s government. Assad and his family are Alawites, an offshoot of Shiite Islam, while the majority of Syrians are Sunni Muslims. 
Both the government and the opposition claim to represent the entire country with its various religious minorities, but armed groups on both sides have carried out sectarian attacks. 
The International Committee for the Red Cross had to cancel an aid convoy to the nearby town of al-Houla, citing security concerns. A spokesperson for the ICRC did not say whether it was related to the clashes in Zaara. 
The 24-truck convoy with the Syrian Arab Red Crescent was to make the first aid delivery to the town since March, when aid reached 70,000 residents in the area for the first time since May 2015. 
Syrian government forces have restricted access to the area since May 2012, according to the monitoring group Siege Watch. The Observatory says the siege intensified into a near-total blockade last year. 
The ICRC, in conjunction with the United Nations and the SARC, was also expected to dispatch an aid convoy to Daraya, a suburb of Damascus besieged by pro-government forces. It would be the first aid delivery to the area since November 2012. The U.N. estimates the suburb&apos;s current population is between 4,000 and 8,000 people, down from over 70,000 before the war. 
In Geneva, the U.N. humanitarian aid coordinator for Syria expressed dismay about &quot;disappointing&quot; levels of access to besieged and hard-to-reach areas so far this month. Jan Egeland said his office hopes to get aid to about 905,000 people this month. 
&quot;We have a convoy fully loaded, standing for days, as it did last week, with supplies we know that there is a desperate need for, and then you are in the end told, &apos;No, you have to unload,&apos;&quot; he said, referring to a convoy that was supposed to travel to the rebel-held al-Waer neighborhood in Homs last week. 
In the country&apos;s north, rebels fought back a government offensive to take the Palestinian Handarat refugee camp north of Aleppo. A government advance there would threaten the only supply route to the rebel-held portion of Aleppo, Syria&apos;s largest city and former commercial capital. 
An interim cease-fire over the divided city, which brought a few days of peace after two weeks of shelling and bombardment, expired Wednesday night. 
World powers plan to meet on Syria next week in Vienna, with another round of U.N.-led, indirect peace negotiations between Syria&apos;s government and the opposition expected to follow some days later. 
The Vienna talks aim to build on a U.S.-Russia agreement announced this week to try to restore a nationwide cease-fire. 
___ 
Issa reported from Beirut. Associated Press writer Jamey Keaten contributed from Geneva.
</post>
<signature>

</signature>
<external_links>

</external_links>
<country>US</country>
<main_image>http://bloximages.newyork1.vip.townnews.com/kdhnews.com/content/tncms/assets/v3/editorial/3/f7/3f721774-4e48-11e4-a862-001a4bcf6878/5434246e4ed18.image.jpg</main_image>
</document>
