<?xml version="1.0" encoding="UTF-8"?>
<document>
<type>mainstream</type>
<forum>http://www.wbrc.com/category/151717/sports?clienttype=rss</forum>
<forum_title>FOX6 WBRC - MyFoxAL.com - Sports</forum_title>
<discussion_title>&apos;Thor&apos; swings mighty bat to power Mets past Dodgers 4-3</discussion_title>
<language>english</language>
<gmt_offset></gmt_offset>
<topic_url>http://www.wbrc.com/story/31953693/thor-swings-mighty-bat-to-power-mets-past-dodgers-4-3</topic_url>
<topic_text>
&apos;Thor&apos; swings mighty bat to power Mets past Dodgers 4-3 - WBRC FOX6 News - Birmingham, AL Member Center: &apos;Thor&apos; swings mighty bat to power Mets past Dodgers 4-3 2016-05-12T05:32:28Z 2016-05-12T06:22:31Z (AP Photo/Chris Carlson). Noah Syndergaard watches his three-run home run during the fifth inning of a baseball game against the Los Angeles Dodgers in Los Angeles, Wednesday, May 11, 2016. (AP Photo/Chris Carlson). New York Mets&apos; Noah Syndergaard celebrates in dugout after hitting a home run against the Los Angeles Dodgers during the third inning of a baseball game in Los Angeles, Wednesday, May 11, 2016. (AP Photo/Chris Carlson). Los Angeles Dodgers center fielder Joc Pederson can&apos;t get a glove a three-run home run by New York Mets&apos; Noah Syndergaard during the fifth inning of a baseball game in Los Angeles, Wednesday, May 11, 2016. (AP Photo/Chris Carlson). Los Angeles Dodgers starting pitcher Kenta Maeda, of Japan, throws against the New York Mets during the first inning of a baseball game in Los Angeles, Wednesday, May 11, 2016. (AP Photo/Chris Carlson). New York Mets starting pitcher Noah Syndergaard throws against the Los Angeles Dodgers during the first inning of a baseball game in Los Angeles, Wednesday, May 11, 2016. By BETH HARRISAP Sports Writer 
LOS ANGELES (AP) - Credit Thor with the victory on the mound and at the plate. 
Noah Syndergaard became the second pitcher in Mets history to hit two home runs in a game on Wednesday night, driving in all of New York&apos;s runs in a 4-3 victory over the Los Angeles Dodgers. 
&quot;I don&apos;t think I ever hit two home runs in Little League,&quot; he said. &quot;To hit two home runs in a big league game, especially with a pitcher like (Kenta) Maeta out there, it was an ultimate experience.&quot; 
Syndergaard (3-2) allowed two runs and six hits in eight innings, tying the longest outing of his career, struck out six and walked one. He gave up five hits in the first four innings and then retired 11 in a row. 
&quot;This guy holds his velocity,&quot; Dodgers manager Dave Roberts said. &quot;He was throwing 99 mph in the eighth.&quot; 
Nicknamed &quot;Thor&quot; after the Marvel Comics character known as the god of thunder who possesses an enchanted hammer, Syndergaard swung a mighty black bat with his blond locks flowing beneath his helmet. He had to provide all the offense himself after his teammates produced just one run in his previous two starts. 
&quot;I do think this does add to the nickname,&quot; he said. 
Syndergaard hit a solo homer on the first pitch from Maeda (3-2) in the third inning, and slammed a three-run shot in the fifth. In that at-bat, Syndergaard tried unsuccessfully to bunt before manager Terry Collins gave him the sign to swing away. 
&quot;When you&apos;re supposed to bunt, you&apos;d like to see him get the bunt down,&quot; Collins said. &quot;But if you don&apos;t get the bunt down, you might as well hit a homer.&quot; 
Maeda had a stunned look on his face as he watched Syndergaard&apos;s second homer go out. 
&quot;He was in disbelief,&quot; Roberts said. 
Dodgers shortstop Corey Seager marveled at the feat, too. 
&quot;Tip your hat to him,&quot; he said. &quot;Doesn&apos;t happen often.&quot; 
Walt Terrell was the first Mets pitcher to hit two homers in a game at Wrigley Field on Aug. 6, 1983. 
The last major league pitcher to homer twice in a game was Arizona&apos;s Micah Owings, who accomplished the feat against Atlanta on Aug. 18, 2007. Jim Tobin of the Boston Braves holds the modern-day big league record for pitchers with three home runs in a game against the Chicago Cubs on May 13, 1942. 
Syndergaard came up with a chance to tie Tobin&apos;s mark with the bases loaded in the sixth. Facing Chris Hatcher, he took big rips on his first three pitches, fouling off each of them. With Syndergaard behind 1-2 in the count, Hatcher and catcher Yasmani Grandal convened for a chat as though Barry Bonds was at the plate. Syndergaard struck out swinging on his next pitch to end the threat. 
He also struck out swinging in the eighth, taking big cuts in the six-pitch at-bat. 
Jeurys Familia gave up a run in the ninth, but earned his 12th save in as many chances to tie for the majors&apos; saves lead. 
Maeda gave up four runs and six hits in five innings, struck out three and walked two. He failed to pitch at least six innings for the first time in seven starts this season. 
&quot;He was using his breaking ball a lot and just didn&apos;t have that sharpness,&quot; Roberts said. &quot;He was working behind hitters.&quot; 
Syndergaard&apos;s power display gave the Mets 51 homers through their first 33 games to lead the majors. They&apos;ve hit 49 in the last 25 games and also lead the majors with 35 homers on the road. Last Saturday, Mets pitcher Bartolo Colon hit the first home run of his career at age 42 in San Diego. 
&quot;He&apos;s throwing 100 (mph) and he&apos;s hitting home runs to the opposite field in Dodger Stadium. It&apos;s legendary,&quot; Mets second baseman Neil Walker said. &quot;He&apos;s a big strong kid. He&apos;s Thor.&quot; 
The Dodgers tied it at 1 in the third on Seager&apos;s homer. Grandal homered on Syndergaard&apos;s first pitch leading off the fourth for a 2-1 lead. 
Syndergaard had been 0 for 8 this season. He has three career homers - two this season. He had just four career RBIs coming in and doubled that total Wednesday. His first career homer came last May 27 against Philadelphia, when he went 3 for 3. 
TRAINER&apos;S ROOM 
Mets: LHP Steven Matz will miss his next turn in the rotation Saturday at Colorado because his elbow has flared up. He plans to play catch Thursday and will see a doctor in New York when the team wraps up its West Coast trip. ... Walker returned to the lineup after missing three games with a sore right leg. 
Dodgers: INF-OF Alex Guerrero played his second game at Class A Rancho Cucamonga as part of a rehab assignment. He&apos;s been on the DL with injuries to his left groin and left knee sustained in spring training. 
STOPPING THE SKID 
Walker doubled in the sixth, snapping an 0-for-22 skid that tied the longest of his career. 
DODGERS&apos; PEN 
The L.A. relief corps struck out eight in four scoreless innings and hasn&apos;t allowed an earned run - one unearned - in their last five games since May 7, striking out 21 in 15.0 innings over that span. Louis Coleman extended his scoreless innings streak to 8 1/3 in his last eight games; Adam Liberatore pushed his run to 7 2/3 scoreless innings in 11 big-league appearances this season; and Joe Blanton struck out four in two scoreless innings, tossing scoreless relief for the 12th time in his last 13 games. 
UP NEXT 
Mets: RHP Bartolo Colon, fresh off hitting his first career home run at age 42 in San Diego, starts the series finale. He is 3-1 with a 2.82 ERA. 
Dodgers: LHP Clayton Kershaw (4-1, 2.02) has allowed two earned runs in 16 innings over his previous two starts, struck out 24 and walked none. Copyright 2016 The Associated Press.   This material may not be published, broadcast, rewritten or redistributed.
</topic_text>
<spam_score>0.00</spam_score>
<post_num>1</post_num>
<post_id>post-1</post_id>
<post_url>http://www.wbrc.com/story/31953693/thor-swings-mighty-bat-to-power-mets-past-dodgers-4-3</post_url>
<post_date>20160512</post_date>
<post_time>0622</post_time>
<username></username>
<post>
&apos;Thor&apos; swings mighty bat to power Mets past Dodgers 4-3 - WBRC FOX6 News - Birmingham, AL Member Center: &apos;Thor&apos; swings mighty bat to power Mets past Dodgers 4-3 2016-05-12T05:32:28Z 2016-05-12T06:22:31Z (AP Photo/Chris Carlson). Noah Syndergaard watches his three-run home run during the fifth inning of a baseball game against the Los Angeles Dodgers in Los Angeles, Wednesday, May 11, 2016. (AP Photo/Chris Carlson). New York Mets&apos; Noah Syndergaard celebrates in dugout after hitting a home run against the Los Angeles Dodgers during the third inning of a baseball game in Los Angeles, Wednesday, May 11, 2016. (AP Photo/Chris Carlson). Los Angeles Dodgers center fielder Joc Pederson can&apos;t get a glove a three-run home run by New York Mets&apos; Noah Syndergaard during the fifth inning of a baseball game in Los Angeles, Wednesday, May 11, 2016. (AP Photo/Chris Carlson). Los Angeles Dodgers starting pitcher Kenta Maeda, of Japan, throws against the New York Mets during the first inning of a baseball game in Los Angeles, Wednesday, May 11, 2016. (AP Photo/Chris Carlson). New York Mets starting pitcher Noah Syndergaard throws against the Los Angeles Dodgers during the first inning of a baseball game in Los Angeles, Wednesday, May 11, 2016. By BETH HARRISAP Sports Writer 
LOS ANGELES (AP) - Credit Thor with the victory on the mound and at the plate. 
Noah Syndergaard became the second pitcher in Mets history to hit two home runs in a game on Wednesday night, driving in all of New York&apos;s runs in a 4-3 victory over the Los Angeles Dodgers. 
&quot;I don&apos;t think I ever hit two home runs in Little League,&quot; he said. &quot;To hit two home runs in a big league game, especially with a pitcher like (Kenta) Maeta out there, it was an ultimate experience.&quot; 
Syndergaard (3-2) allowed two runs and six hits in eight innings, tying the longest outing of his career, struck out six and walked one. He gave up five hits in the first four innings and then retired 11 in a row. 
&quot;This guy holds his velocity,&quot; Dodgers manager Dave Roberts said. &quot;He was throwing 99 mph in the eighth.&quot; 
Nicknamed &quot;Thor&quot; after the Marvel Comics character known as the god of thunder who possesses an enchanted hammer, Syndergaard swung a mighty black bat with his blond locks flowing beneath his helmet. He had to provide all the offense himself after his teammates produced just one run in his previous two starts. 
&quot;I do think this does add to the nickname,&quot; he said. 
Syndergaard hit a solo homer on the first pitch from Maeda (3-2) in the third inning, and slammed a three-run shot in the fifth. In that at-bat, Syndergaard tried unsuccessfully to bunt before manager Terry Collins gave him the sign to swing away. 
&quot;When you&apos;re supposed to bunt, you&apos;d like to see him get the bunt down,&quot; Collins said. &quot;But if you don&apos;t get the bunt down, you might as well hit a homer.&quot; 
Maeda had a stunned look on his face as he watched Syndergaard&apos;s second homer go out. 
&quot;He was in disbelief,&quot; Roberts said. 
Dodgers shortstop Corey Seager marveled at the feat, too. 
&quot;Tip your hat to him,&quot; he said. &quot;Doesn&apos;t happen often.&quot; 
Walt Terrell was the first Mets pitcher to hit two homers in a game at Wrigley Field on Aug. 6, 1983. 
The last major league pitcher to homer twice in a game was Arizona&apos;s Micah Owings, who accomplished the feat against Atlanta on Aug. 18, 2007. Jim Tobin of the Boston Braves holds the modern-day big league record for pitchers with three home runs in a game against the Chicago Cubs on May 13, 1942. 
Syndergaard came up with a chance to tie Tobin&apos;s mark with the bases loaded in the sixth. Facing Chris Hatcher, he took big rips on his first three pitches, fouling off each of them. With Syndergaard behind 1-2 in the count, Hatcher and catcher Yasmani Grandal convened for a chat as though Barry Bonds was at the plate. Syndergaard struck out swinging on his next pitch to end the threat. 
He also struck out swinging in the eighth, taking big cuts in the six-pitch at-bat. 
Jeurys Familia gave up a run in the ninth, but earned his 12th save in as many chances to tie for the majors&apos; saves lead. 
Maeda gave up four runs and six hits in five innings, struck out three and walked two. He failed to pitch at least six innings for the first time in seven starts this season. 
&quot;He was using his breaking ball a lot and just didn&apos;t have that sharpness,&quot; Roberts said. &quot;He was working behind hitters.&quot; 
Syndergaard&apos;s power display gave the Mets 51 homers through their first 33 games to lead the majors. They&apos;ve hit 49 in the last 25 games and also lead the majors with 35 homers on the road. Last Saturday, Mets pitcher Bartolo Colon hit the first home run of his career at age 42 in San Diego. 
&quot;He&apos;s throwing 100 (mph) and he&apos;s hitting home runs to the opposite field in Dodger Stadium. It&apos;s legendary,&quot; Mets second baseman Neil Walker said. &quot;He&apos;s a big strong kid. He&apos;s Thor.&quot; 
The Dodgers tied it at 1 in the third on Seager&apos;s homer. Grandal homered on Syndergaard&apos;s first pitch leading off the fourth for a 2-1 lead. 
Syndergaard had been 0 for 8 this season. He has three career homers - two this season. He had just four career RBIs coming in and doubled that total Wednesday. His first career homer came last May 27 against Philadelphia, when he went 3 for 3. 
TRAINER&apos;S ROOM 
Mets: LHP Steven Matz will miss his next turn in the rotation Saturday at Colorado because his elbow has flared up. He plans to play catch Thursday and will see a doctor in New York when the team wraps up its West Coast trip. ... Walker returned to the lineup after missing three games with a sore right leg. 
Dodgers: INF-OF Alex Guerrero played his second game at Class A Rancho Cucamonga as part of a rehab assignment. He&apos;s been on the DL with injuries to his left groin and left knee sustained in spring training. 
STOPPING THE SKID 
Walker doubled in the sixth, snapping an 0-for-22 skid that tied the longest of his career. 
DODGERS&apos; PEN 
The L.A. relief corps struck out eight in four scoreless innings and hasn&apos;t allowed an earned run - one unearned - in their last five games since May 7, striking out 21 in 15.0 innings over that span. Louis Coleman extended his scoreless innings streak to 8 1/3 in his last eight games; Adam Liberatore pushed his run to 7 2/3 scoreless innings in 11 big-league appearances this season; and Joe Blanton struck out four in two scoreless innings, tossing scoreless relief for the 12th time in his last 13 games. 
UP NEXT 
Mets: RHP Bartolo Colon, fresh off hitting his first career home run at age 42 in San Diego, starts the series finale. He is 3-1 with a 2.82 ERA. 
Dodgers: LHP Clayton Kershaw (4-1, 2.02) has allowed two earned runs in 16 innings over his previous two starts, struck out 24 and walked none. Copyright 2016 The Associated Press.   This material may not be published, broadcast, rewritten or redistributed.
</post>
<signature>

</signature>
<external_links>

</external_links>
<country>US</country>
<main_image>http://images.worldnow.com/AP/images/10538217_G.jpg</main_image>
</document>
