<?xml version="1.0" encoding="UTF-8"?>
<document>
<type>mainstream</type>
<forum></forum>
<forum_title></forum_title>
<discussion_title>Erinomaisia uutisia Alice Cooperin ystäville: seuraavasta levystä saattaa tulla jotain hyvin erityistä - Soundi.fi</discussion_title>
<language>finnish</language>
<gmt_offset></gmt_offset>
<topic_url>http://www.soundi.fi/uutiset/erinomaisia-uutisia-alice-cooperin-ystaville-seuraavasta-levysta-saattaa-tulla-jotain-hyvin-erityista/</topic_url>
<topic_text>
seuraava juttu → Alice Cooper Band 1970-luvun alussa. 
Hollywood Vampiresin kanssa viime ajat työskennellyt Alice Cooper ei suinkaan ole haudannut omaa yhtyettään. Vanha herra valmistelee paraikaa uutta omaa albumia, ja nyt julki tulleiden tietojen perusteella siltä voi odottaa hyvyyttä. 
Cooper työskentelee nimittäin jälleen saman vanhan koplan kanssa, jonka kanssa hän teki muun muassa klassiset Killer- (1971), School’s Out – (1972) ja Billion Dollar Babies (1973) -albuminsa. Mukana ovat siis alkuperäisen Alice Cooper Bandin Michael Bruce, Dennis Dunaway ja Neal Smith. Kitaristi Glen Buxton menehtyi vuonna 1997, mutta muuten on paras miehistö asialla. Asiasta uutisoi The Weekender . 
Cooper myös lupaa, että seuraavasta albumista tehdään eräänlaista Killer -levyn hengenheimolaista. 
“Tietenkään emme voi tavoittaa enää täysin samaa kuin mitä teimme silloin, mutta voimme tutkia, mitkä asiat saivat sen levyn toimimaan niin hyvin”, Cooper sanoo Weekenderin haastattelussa. 
“Tässä ei ole kysymys siitä, että jahtaisimme nuoruuttamme. Sen sijaan jahtaamme tietynlaista soundia. Ja se on hyvin vaikeasti tavoitettava soundi.” 
</topic_text>
<spam_score>0.00</spam_score>
<post_num>1</post_num>
<post_id>post-1</post_id>
<post_url>http://www.soundi.fi/uutiset/erinomaisia-uutisia-alice-cooperin-ystaville-seuraavasta-levysta-saattaa-tulla-jotain-hyvin-erityista/</post_url>
<post_date>20160512</post_date>
<post_time></post_time>
<username>Saku Schildt</username>
<post>
seuraava juttu → Alice Cooper Band 1970-luvun alussa. 
Hollywood Vampiresin kanssa viime ajat työskennellyt Alice Cooper ei suinkaan ole haudannut omaa yhtyettään. Vanha herra valmistelee paraikaa uutta omaa albumia, ja nyt julki tulleiden tietojen perusteella siltä voi odottaa hyvyyttä. 
Cooper työskentelee nimittäin jälleen saman vanhan koplan kanssa, jonka kanssa hän teki muun muassa klassiset Killer- (1971), School’s Out – (1972) ja Billion Dollar Babies (1973) -albuminsa. Mukana ovat siis alkuperäisen Alice Cooper Bandin Michael Bruce, Dennis Dunaway ja Neal Smith. Kitaristi Glen Buxton menehtyi vuonna 1997, mutta muuten on paras miehistö asialla. Asiasta uutisoi The Weekender . 
Cooper myös lupaa, että seuraavasta albumista tehdään eräänlaista Killer -levyn hengenheimolaista. 
“Tietenkään emme voi tavoittaa enää täysin samaa kuin mitä teimme silloin, mutta voimme tutkia, mitkä asiat saivat sen levyn toimimaan niin hyvin”, Cooper sanoo Weekenderin haastattelussa. 
“Tässä ei ole kysymys siitä, että jahtaisimme nuoruuttamme. Sen sijaan jahtaamme tietynlaista soundia. Ja se on hyvin vaikeasti tavoitettava soundi.” 
</post>
<signature>

</signature>
<external_links>

</external_links>
<country>GB</country>
<main_image>http://www.soundi.fi/wp-content/uploads/2016/05/ACB_1971.jpg</main_image>
</document>
