<?xml version="1.0" encoding="UTF-8"?>
<document>
<type>mainstream</type>
<forum>http://feeds.uri.lv/decisionatelier</forum>
<forum_title>Décision Atelier</forum_title>
<discussion_title>Nouvelle station de lavage Lavatrans à Bayonne</discussion_title>
<language>french</language>
<gmt_offset></gmt_offset>
<topic_url>http://www.decisionatelier.com/Nouvelle-station-de-lavage-Lavatrans-a-Bayonne,8264</topic_url>
<topic_text>
Nouvelle station de lavage Lavatrans à Bayonne 
Publié le 
Lavatrans annonce l’ouverture de sa neuvième franchise dans le centre européen de fret de Bayonne. La nouvelle station Lavatrans fait le pont entre la France et l’Espagne. 
Spécialiste du lavage poids lourds, Lavatrans annonce l’ouverture d’une nouvelle station franchisée à Bayonne, dirigée par Sylvain Jeanneau. Située dans la zone européenne de fret de Mouguerre, point stratégique et névralgique en termes de transport entre la France et l’Espagne, ce centre est installé sur un terrain de 4 000 m² et compte deux pistes de lavage dont une en libre service. 
« J’ai trouvé le concept Lavatrans novateur, et il nous est apparu intéressant avec monsieur Collin (ndlr : fondateur et directeur général de Lavatrans) de le développer dans la zone de fret de Mouguerre, qui bénéficie de l’échangeur autoroutier A63/A64 et comptabilise 1 000 mouvements de poids lourds par jour », a déclaré Sylvain Jeanneau. 
Avec ce nouveau site, Lavatrans étoffe donc son maillage, qui s’articule aujourd’hui autour de 11 stations, dont 9 en franchises et 2 sites en propre. Une étape pour l’enseigne, qui compte développer de nouvelles franchises d’ici à fin 2016 en région parisienne et région Centre. 
Mots clefs associés à cet article : Lavage
</topic_text>
<spam_score>0.00</spam_score>
<post_num>1</post_num>
<post_id>post-1</post_id>
<post_url>http://www.decisionatelier.com/Nouvelle-station-de-lavage-Lavatrans-a-Bayonne,8264</post_url>
<post_date>20160512</post_date>
<post_time>1339</post_time>
<username>Mohamed AREDJAL</username>
<post>
Nouvelle station de lavage Lavatrans à Bayonne 
Publié le 
Lavatrans annonce l’ouverture de sa neuvième franchise dans le centre européen de fret de Bayonne. La nouvelle station Lavatrans fait le pont entre la France et l’Espagne. 
Spécialiste du lavage poids lourds, Lavatrans annonce l’ouverture d’une nouvelle station franchisée à Bayonne, dirigée par Sylvain Jeanneau. Située dans la zone européenne de fret de Mouguerre, point stratégique et névralgique en termes de transport entre la France et l’Espagne, ce centre est installé sur un terrain de 4 000 m² et compte deux pistes de lavage dont une en libre service. 
« J’ai trouvé le concept Lavatrans novateur, et il nous est apparu intéressant avec monsieur Collin (ndlr : fondateur et directeur général de Lavatrans) de le développer dans la zone de fret de Mouguerre, qui bénéficie de l’échangeur autoroutier A63/A64 et comptabilise 1 000 mouvements de poids lourds par jour », a déclaré Sylvain Jeanneau. 
Avec ce nouveau site, Lavatrans étoffe donc son maillage, qui s’articule aujourd’hui autour de 11 stations, dont 9 en franchises et 2 sites en propre. Une étape pour l’enseigne, qui compte développer de nouvelles franchises d’ici à fin 2016 en région parisienne et région Centre. 
Mots clefs associés à cet article : Lavage
</post>
<signature>

</signature>
<external_links>

</external_links>
<country>LV</country>
<main_image>http://www.decisionatelier.com/local/cache-vignettes/L500xH349/arton8264-fbbdd.jpg</main_image>
</document>
