<?xml version="1.0" encoding="UTF-8"?>
<document>
<type>mainstream</type>
<forum></forum>
<forum_title></forum_title>
<discussion_title>Union &amp; Actions - 147 - 06 - Un accord à 2,8 milliards / 147 - 13-05-2016 / 2016 / Edition du journal / Accueil U&amp;A / PlateForme</discussion_title>
<language>french</language>
<gmt_offset></gmt_offset>
<topic_url>http://www.unionetactions.be/Edition-du-journal/2016/147-13-05-2016/Un-accord-a-2-8-milliards</topic_url>
<topic_text>
Wallonie | Les banques s&apos;engagent pour les PME Un accord à 2,8 milliards Febelfin, la fédération du secteur financier, et le ministre wallon de l&apos;Économie, Jean-Claude Marcourt (PS), ont signé une charte pour améliorer le financement des PME. Avec un objectif chiffré. 
Les banques restent de très loin les premiers fournisseurs de crédit aux indépendants et PME. L&apos;argent ne manque pas, mais l&apos;articulation avec les projets des starters et chefs d&apos;entreprise est parfois difficile. On reproche souvent un excès de prudence, un manque de dialogue aux banquiers. Ceux-ci affirment être ouverts à la coopération et à tous les bons projets. 
C&apos;est pour surmonter ce problème que Febelfin et le ministre Marcourt ont signé une charte en quatre points. Les banques s&apos;engagent, quand elles reçoivent une demande de crédit, à mieux informer, à accompagner les entrepreneurs dans leurs démarches. Dans cette dynamique d&apos;écoute et d&apos;échange, elles veilleront à ce que les PME aient une structure bilantaire équilibrée (fonds propres et apports externes). Elles systématiseront leur collaboration avec les structures privées de conseil et avec les organismes publics de financement. Enfin, elles feront &quot;évoluer leur offre de financement pour mieux répondre aux besoins.&quot; 
Cette quadruple action doit permettre d&apos;injecter près de 2,8 milliards d&apos;euros de crédits supplémentaires dans l&apos;économie réelle wallonne : 1,8 milliard en provenance des banques et 970 millions venant des structures publiques d&apos;appui au crédit (Sowalfin, invests...). 
Un comité de suivi veillera au respect de la charte. Des groupes de travail vont explorer des thèmes spécifiques : financement de l&apos;innovation et des technologies, accompagnement des entreprises en difficulté et valorisation de la seconde chance. Enfin, six banques (CBC, BNP, ING, CPG, Belfius et Crelan) ont signé des accords bilatéraux avec la Région pour aller au-delà de la charte de base. 
Interview express : Jean-Pierre Jansen (CBC) 
CBC est l&apos;une des six banques qui ont passé un accord bilatéral avec le ministre Marcourt. Son administrateur délégué, Jean-Pierre Jansen, s&apos;en explique... 
- CBC s&apos;inscrit dans l&apos;accord global signé par Febelfin ? 
- Bien sûr. L&apos;objectif du ministre est double. Il veut augmenter le potentiel de création et de croissance des entreprises wallonnes. Il veut aussi favoriser l&apos;émergence de nouveaux &quot;champions&quot;, de PME à fort potentiel de développement. Nous souscrivons complètement. 

- Cette charte tombe au bon moment ? 
- Oui, parce que nous ne voulons plus de cette image de banques frileuses, un peu hautaines. En tout cas, je peux vous assurer que chez CBC, nous sommes très conscients que les PME sont le principal vecteur de croissance pour la Wallonie et nous avons un plan d&apos;expansion qui est parfaitement dans la ligne de ce que souhaite le ministre. 

- Vous avez d&apos;ailleurs pris des engagements particuliers, bilatéraux... 
- Tout à fait. Le premier est de réinvestir en Wallonie 100 % de l&apos;épargne récoltée en Wallonie. Comme banque régionale, nous pouvons garantir que chaque euro d&apos;épargne sera injecté dans l&apos;économie réelle locale. 

- Vous allez donc prêter davantage aux PME ? 
- Nous avons aujourd&apos;hui une production d&apos;environ 1 milliard de crédits aux entreprises wallonnes. Nous voulons augmenter ce chiffre de 35 % en trois ans. 

- N&apos;est-ce pas plus facile à dire qu&apos;à faire ? 
- Nous avons défini des moyens pour y arriver. D&apos;abord, nous allons montrer plus d&apos;appétence, moins partager, accepter plus de risques. Nous croyons en la Wallonie et nous voulons en être la banque de référence. Nous allons accroître notre soutien aux investissements immobiliers. Et avec le concours de l&apos;UCM, avec qui nous avons un accord de collaboration, nous allons nous impliquer davantage dans le financement des starters. Nous organisons en commun des formations pour les professionnels du chiffre. Nous accompagnons l&apos;UCM dans ses efforts pour la transition digitale, pour l&apos;entrepreneuriat féminin... 

- Cela vous rapproche du terrain ? 
- Nous formons nos agents pour qu&apos;ils intègrent les spécificités locales, pour qu&apos;ils soient proactifs, notamment dans le recours aux outils publics. Travailler avec l&apos;UCM, cela veut dire aussi accueillir avec un œil favorable et attentif tout dossier qui vient de cette organisation. 

- Vous espérez redorer l&apos;image des banques, ou en tout cas de CBC ? 
- Il y a eu un malaise. Il est temps de tourner la page. Nous voulons investir dans l&apos;économie réelle et en particulier auprès des indépendants et des PME. Une banque active en Wallonie est là pour ça ! Nous allons démontrer que nous sommes un acteur économique important, positif, proactif, au service des entrepreneurs. 

</topic_text>
<spam_score>0.00</spam_score>
<post_num>1</post_num>
<post_id>post-1</post_id>
<post_url>http://www.unionetactions.be/Edition-du-journal/2016/147-13-05-2016/Un-accord-a-2-8-milliards</post_url>
<post_date>20140417</post_date>
<post_time></post_time>
<username></username>
<post>
Wallonie | Les banques s&apos;engagent pour les PME Un accord à 2,8 milliards Febelfin, la fédération du secteur financier, et le ministre wallon de l&apos;Économie, Jean-Claude Marcourt (PS), ont signé une charte pour améliorer le financement des PME. Avec un objectif chiffré. 
Les banques restent de très loin les premiers fournisseurs de crédit aux indépendants et PME. L&apos;argent ne manque pas, mais l&apos;articulation avec les projets des starters et chefs d&apos;entreprise est parfois difficile. On reproche souvent un excès de prudence, un manque de dialogue aux banquiers. Ceux-ci affirment être ouverts à la coopération et à tous les bons projets. 
C&apos;est pour surmonter ce problème que Febelfin et le ministre Marcourt ont signé une charte en quatre points. Les banques s&apos;engagent, quand elles reçoivent une demande de crédit, à mieux informer, à accompagner les entrepreneurs dans leurs démarches. Dans cette dynamique d&apos;écoute et d&apos;échange, elles veilleront à ce que les PME aient une structure bilantaire équilibrée (fonds propres et apports externes). Elles systématiseront leur collaboration avec les structures privées de conseil et avec les organismes publics de financement. Enfin, elles feront &quot;évoluer leur offre de financement pour mieux répondre aux besoins.&quot; 
Cette quadruple action doit permettre d&apos;injecter près de 2,8 milliards d&apos;euros de crédits supplémentaires dans l&apos;économie réelle wallonne : 1,8 milliard en provenance des banques et 970 millions venant des structures publiques d&apos;appui au crédit (Sowalfin, invests...). 
Un comité de suivi veillera au respect de la charte. Des groupes de travail vont explorer des thèmes spécifiques : financement de l&apos;innovation et des technologies, accompagnement des entreprises en difficulté et valorisation de la seconde chance. Enfin, six banques (CBC, BNP, ING, CPG, Belfius et Crelan) ont signé des accords bilatéraux avec la Région pour aller au-delà de la charte de base. 
Interview express : Jean-Pierre Jansen (CBC) 
CBC est l&apos;une des six banques qui ont passé un accord bilatéral avec le ministre Marcourt. Son administrateur délégué, Jean-Pierre Jansen, s&apos;en explique... 
- CBC s&apos;inscrit dans l&apos;accord global signé par Febelfin ? 
- Bien sûr. L&apos;objectif du ministre est double. Il veut augmenter le potentiel de création et de croissance des entreprises wallonnes. Il veut aussi favoriser l&apos;émergence de nouveaux &quot;champions&quot;, de PME à fort potentiel de développement. Nous souscrivons complètement. 

- Cette charte tombe au bon moment ? 
- Oui, parce que nous ne voulons plus de cette image de banques frileuses, un peu hautaines. En tout cas, je peux vous assurer que chez CBC, nous sommes très conscients que les PME sont le principal vecteur de croissance pour la Wallonie et nous avons un plan d&apos;expansion qui est parfaitement dans la ligne de ce que souhaite le ministre. 

- Vous avez d&apos;ailleurs pris des engagements particuliers, bilatéraux... 
- Tout à fait. Le premier est de réinvestir en Wallonie 100 % de l&apos;épargne récoltée en Wallonie. Comme banque régionale, nous pouvons garantir que chaque euro d&apos;épargne sera injecté dans l&apos;économie réelle locale. 

- Vous allez donc prêter davantage aux PME ? 
- Nous avons aujourd&apos;hui une production d&apos;environ 1 milliard de crédits aux entreprises wallonnes. Nous voulons augmenter ce chiffre de 35 % en trois ans. 

- N&apos;est-ce pas plus facile à dire qu&apos;à faire ? 
- Nous avons défini des moyens pour y arriver. D&apos;abord, nous allons montrer plus d&apos;appétence, moins partager, accepter plus de risques. Nous croyons en la Wallonie et nous voulons en être la banque de référence. Nous allons accroître notre soutien aux investissements immobiliers. Et avec le concours de l&apos;UCM, avec qui nous avons un accord de collaboration, nous allons nous impliquer davantage dans le financement des starters. Nous organisons en commun des formations pour les professionnels du chiffre. Nous accompagnons l&apos;UCM dans ses efforts pour la transition digitale, pour l&apos;entrepreneuriat féminin... 

- Cela vous rapproche du terrain ? 
- Nous formons nos agents pour qu&apos;ils intègrent les spécificités locales, pour qu&apos;ils soient proactifs, notamment dans le recours aux outils publics. Travailler avec l&apos;UCM, cela veut dire aussi accueillir avec un œil favorable et attentif tout dossier qui vient de cette organisation. 

- Vous espérez redorer l&apos;image des banques, ou en tout cas de CBC ? 
- Il y a eu un malaise. Il est temps de tourner la page. Nous voulons investir dans l&apos;économie réelle et en particulier auprès des indépendants et des PME. Une banque active en Wallonie est là pour ça ! Nous allons démontrer que nous sommes un acteur économique important, positif, proactif, au service des entrepreneurs. 

</post>
<signature>

</signature>
<external_links>

</external_links>
<country>BE</country>
<main_image>http://www.unionetactions.be/extension/ucm/design/common/images/logo-unionetactions-og-image-20140417.jpg</main_image>
</document>
