<?xml version="1.0" encoding="UTF-8"?>
<document>
<type>mainstream</type>
<forum></forum>
<forum_title></forum_title>
<discussion_title>Bahrain News Agency | HM the King, Swiss president hold talks</discussion_title>
<language>english</language>
<gmt_offset></gmt_offset>
<topic_url>http://www.bna.bh/portal/en/news/727073#.VzStUtyRH08.twitter</topic_url>
<topic_text>
HM the King, Swiss president hold talks 07 : 20 PM - 12/05/2016 Bern, May 12 (BNA): His Majesty King Hamad bin Isa Al Khalifa today arrived at the Palace of Lohn where he was welcomed by the Swiss President Johann Schneider-Ammann, who hailed the royal visit to his country. An official reception, during which the National Anthems of the two countries were played, was held in honour of HM the King. Then, HM King Hamad and the Swiss President inspected the Guard of Honour whose members saluted them. HM the King shook hands with the senior Swiss state officials, while Swiss President shook hands with HM King Hamad&apos;s accompanying delegation. HM the King and President Johann Schneider-Ammann then held a joint meeting in which they reviewed bilateral relations, and ways to open up new horizons of joint cooperation in various fields to achieve the interest of the two countries and their friendly peoples. HM King expressed thanks and appreciation to President Johann Schneider-Ammann for the gracious welcome and hospitality accorded to him and his accompanying delegation, which HM King Hamad said, reflects the advanced level of solid relations binding the two friendly countries, lauding the Swiss President&apos;s keenness on bolstering his country&apos;s ties with Bahrain. The two sides also reviewed ways to enhance steadily-progress bilateral relations, especially in the economic, trade, investment, scientific, cultural and tourism fields. HM King Hamad underlined the Kingdom&apos;s special interest in developing and strengthening its relations with Switzerland through broadening areas joint cooperation and coordination in various fields for the best interests of the two countries and their friendly people. HM the King expressed hope that his visit will open up new horizons of joint cooperation, extend bridges of cultural and tourism interaction and develop bilateral economic and trade cooperation. HM King Hamad also praised the effective role played by the private sector in boosting bilateral relations through launching joint investment ventures, holding economic exhibitions and forums and exchanging visits, which, he said, will contribute to increasing the trade volume between the two countries. HM the King reiterated the kingdom&apos;s support to efforts exerted by the International Community to reinforce security, stability and peace across the world, noting that the Kingdom of Bahrain is a successful role model for tolerance, co-existence and love among various religions, sects and cultures as it hosts and embraces people from all over the world, who live in fraternity, peace and harmony. HM King Hamad lauded the important role played by the Swiss Confederation at the international level, praising its contributions to serving global security and peace. The two leaders then reviewed the latest regional and international developments and issues of mutual interest. Swiss President Johann Schneider-Ammann welcomed His Majesty King Hamad and his key visit, and thanked him for his interest in boosting relations between the two friendly countries. He praised the Reform Project in Bahrain by saying: &quot;We appreciate it and support it. It is a project that has achieved a lot to Bahrain.&quot; President Schneider-Ammann said the royal visit reasserts the strength of the Bahraini-Swiss relations, and will push bilateral cooperation further, lauding the kingdom&apos;s prestigious and leading regional status in the financial, economic and trade fields. Then, the two leaders attended the signing of a number agreements aiming to develop the two countries&apos; relations. The two countries initiated an Agreement for the Avoidance of Double Taxation and the Prevention of Fiscal Evasion with Respect to Taxes on Income. It was signed by the Foreign Affairs Minister Shaikh Khalid bin Ahmed bin Mohammed Al Khalifa, on behalf of Bahrain, and the Representative of the Swiss Finance Ministry, Pascal Duss. A Memorandum of Cooperation on the Protection of the Rights Prisoners and Detainees was also signed by the Foreign Minister, on behalf of the Kingdom, and the Swiss State Secretary Yves Rossier. The two countries also signed Memorandum of Cooperation in the field of woman advancement and enhancement of women&apos;s rights. It was signed by the Secretary-General of the Bahraini Supreme Council for Women (SCW) Hala Al-Ansari, and the Swiss State Secretary Yves Rossier. HM King Hamad President Schneider-Ammann praised the signing of the agreements and the memoranda of cooperation, noting that they will have reflect positively on bilateral relations. HM King Hamad presented President Schneider-Ammann with a historical picture depicting the first Bahraini woman who cast her vote in the municipal elections. HM King Hamad attended a lunch banquet hosted by the Swiss President in his honour. HM the King then bid farewell to Swiss President Johann Schneider-Ammann, and thanked him for the warm welcome and hospitality. W H Q 
</topic_text>
<spam_score>0.00</spam_score>
<post_num>1</post_num>
<post_id>post-1</post_id>
<post_url>http://www.bna.bh/portal/en/news/727073#.VzStUtyRH08.twitter</post_url>
<post_date>20160512</post_date>
<post_time></post_time>
<username></username>
<post>
HM the King, Swiss president hold talks 07 : 20 PM - 12/05/2016 Bern, May 12 (BNA): His Majesty King Hamad bin Isa Al Khalifa today arrived at the Palace of Lohn where he was welcomed by the Swiss President Johann Schneider-Ammann, who hailed the royal visit to his country. An official reception, during which the National Anthems of the two countries were played, was held in honour of HM the King. Then, HM King Hamad and the Swiss President inspected the Guard of Honour whose members saluted them. HM the King shook hands with the senior Swiss state officials, while Swiss President shook hands with HM King Hamad&apos;s accompanying delegation. HM the King and President Johann Schneider-Ammann then held a joint meeting in which they reviewed bilateral relations, and ways to open up new horizons of joint cooperation in various fields to achieve the interest of the two countries and their friendly peoples. HM King expressed thanks and appreciation to President Johann Schneider-Ammann for the gracious welcome and hospitality accorded to him and his accompanying delegation, which HM King Hamad said, reflects the advanced level of solid relations binding the two friendly countries, lauding the Swiss President&apos;s keenness on bolstering his country&apos;s ties with Bahrain. The two sides also reviewed ways to enhance steadily-progress bilateral relations, especially in the economic, trade, investment, scientific, cultural and tourism fields. HM King Hamad underlined the Kingdom&apos;s special interest in developing and strengthening its relations with Switzerland through broadening areas joint cooperation and coordination in various fields for the best interests of the two countries and their friendly people. HM the King expressed hope that his visit will open up new horizons of joint cooperation, extend bridges of cultural and tourism interaction and develop bilateral economic and trade cooperation. HM King Hamad also praised the effective role played by the private sector in boosting bilateral relations through launching joint investment ventures, holding economic exhibitions and forums and exchanging visits, which, he said, will contribute to increasing the trade volume between the two countries. HM the King reiterated the kingdom&apos;s support to efforts exerted by the International Community to reinforce security, stability and peace across the world, noting that the Kingdom of Bahrain is a successful role model for tolerance, co-existence and love among various religions, sects and cultures as it hosts and embraces people from all over the world, who live in fraternity, peace and harmony. HM King Hamad lauded the important role played by the Swiss Confederation at the international level, praising its contributions to serving global security and peace. The two leaders then reviewed the latest regional and international developments and issues of mutual interest. Swiss President Johann Schneider-Ammann welcomed His Majesty King Hamad and his key visit, and thanked him for his interest in boosting relations between the two friendly countries. He praised the Reform Project in Bahrain by saying: &quot;We appreciate it and support it. It is a project that has achieved a lot to Bahrain.&quot; President Schneider-Ammann said the royal visit reasserts the strength of the Bahraini-Swiss relations, and will push bilateral cooperation further, lauding the kingdom&apos;s prestigious and leading regional status in the financial, economic and trade fields. Then, the two leaders attended the signing of a number agreements aiming to develop the two countries&apos; relations. The two countries initiated an Agreement for the Avoidance of Double Taxation and the Prevention of Fiscal Evasion with Respect to Taxes on Income. It was signed by the Foreign Affairs Minister Shaikh Khalid bin Ahmed bin Mohammed Al Khalifa, on behalf of Bahrain, and the Representative of the Swiss Finance Ministry, Pascal Duss. A Memorandum of Cooperation on the Protection of the Rights Prisoners and Detainees was also signed by the Foreign Minister, on behalf of the Kingdom, and the Swiss State Secretary Yves Rossier. The two countries also signed Memorandum of Cooperation in the field of woman advancement and enhancement of women&apos;s rights. It was signed by the Secretary-General of the Bahraini Supreme Council for Women (SCW) Hala Al-Ansari, and the Swiss State Secretary Yves Rossier. HM King Hamad President Schneider-Ammann praised the signing of the agreements and the memoranda of cooperation, noting that they will have reflect positively on bilateral relations. HM King Hamad presented President Schneider-Ammann with a historical picture depicting the first Bahraini woman who cast her vote in the municipal elections. HM King Hamad attended a lunch banquet hosted by the Swiss President in his honour. HM the King then bid farewell to Swiss President Johann Schneider-Ammann, and thanked him for the warm welcome and hospitality. W H Q 
</post>
<signature>

</signature>
<external_links>

</external_links>
<country>NL</country>
<main_image></main_image>
</document>
