<?xml version="1.0" encoding="UTF-8"?>
<document>
<type>mainstream</type>
<forum></forum>
<forum_title></forum_title>
<discussion_title>夏天用这几招给爱车“降火”-千龙网·中国首都网</discussion_title>
<language>chinese</language>
<gmt_offset></gmt_offset>
<topic_url>http://finance.qianlong.com/2016/0512/602676.shtml</topic_url>
<topic_text>

虽说现在拉萨有了很多配套停车场，但停车难免会遇到在外接受阳光恩泽的时候。特别是某些高级的真皮座椅、真皮中控内饰，那真是犹如火炉般体验。即使是织物座椅也会出现较热的情况，如果像平时一样把车门关得严丝合缝的话，一旦进入暴晒几个小时的车内后会让人抓狂。所以一般情况 下，停车的时候可以适当打开窗户留一丝缝隙，让空气能够流通从而起到散热作用。如果只能在外停车的话，一定要先查看天气预报。 
用车前重复开关门 
当爱车被暴晒几个小时候，车内的温度往往比室外温度还要高。许多车主在用车时往往会犯低级错误，就是扎进车内打开空调，没想到吹出来的风还会持续几分钟热气。其实在用车前，车主可以先打开副驾驶的门，然后通过反复开关主驾驶的门，让车内热气得以抽离。 
一般情况下只需要十多下就能起到较好的降温效果，如果正值温度较高的时候，大 不了多拉几下就当锻炼身体。这是利用了车内空气的压力与热对流的原理，轻松通过在左前方扇风的动作，通过车厢内外空气的流通，把车内气温降低。 
太阳膜该贴还得贴 
要问夏日什么东西能直接起到防晒降温的效果，太阳膜或许是不二之选。给汽车贴上品质可靠的太阳膜，就好比女性朋友爱涂防晒霜一样，尤其是在高原上，保护爱车更需仔细。太阳膜可以隔热、隔离紫外线，其成分能起到反射阳光并减少热量进入到车内，防晒隔热膜紫外线阻隔率可达90 —100 ，红外线阻隔率一般在30 —95 左右。 
随着天气逐渐热起来，对开车的人而言，最痛苦的事情就是打开汽车车门时那一股扑面袭来的热浪。由于高原上阳光强烈，车子在暴晒下内部温度迅速升高，车主坐到车上的第一件事往往是打开引擎，然后把空调开到最大，希望能快速给车内降降温。但其实这并非是快速降温的最好办法，而且对汽车空调设备伤害巨大。其实只要学会几招“夏日用车降火小窍门”，就能够让你的爱车清凉一夏了。 责任编辑： 凤凰（QL0003） 作者： 王静雯 相关阅读 
</topic_text>
<spam_score>0.00</spam_score>
<post_num>1</post_num>
<post_id>post-1</post_id>
<post_url>http://finance.qianlong.com/2016/0512/602676.shtml</post_url>
<post_date>20160512</post_date>
<post_time></post_time>
<username></username>
<post>

虽说现在拉萨有了很多配套停车场，但停车难免会遇到在外接受阳光恩泽的时候。特别是某些高级的真皮座椅、真皮中控内饰，那真是犹如火炉般体验。即使是织物座椅也会出现较热的情况，如果像平时一样把车门关得严丝合缝的话，一旦进入暴晒几个小时的车内后会让人抓狂。所以一般情况 下，停车的时候可以适当打开窗户留一丝缝隙，让空气能够流通从而起到散热作用。如果只能在外停车的话，一定要先查看天气预报。 
用车前重复开关门 
当爱车被暴晒几个小时候，车内的温度往往比室外温度还要高。许多车主在用车时往往会犯低级错误，就是扎进车内打开空调，没想到吹出来的风还会持续几分钟热气。其实在用车前，车主可以先打开副驾驶的门，然后通过反复开关主驾驶的门，让车内热气得以抽离。 
一般情况下只需要十多下就能起到较好的降温效果，如果正值温度较高的时候，大 不了多拉几下就当锻炼身体。这是利用了车内空气的压力与热对流的原理，轻松通过在左前方扇风的动作，通过车厢内外空气的流通，把车内气温降低。 
太阳膜该贴还得贴 
要问夏日什么东西能直接起到防晒降温的效果，太阳膜或许是不二之选。给汽车贴上品质可靠的太阳膜，就好比女性朋友爱涂防晒霜一样，尤其是在高原上，保护爱车更需仔细。太阳膜可以隔热、隔离紫外线，其成分能起到反射阳光并减少热量进入到车内，防晒隔热膜紫外线阻隔率可达90 —100 ，红外线阻隔率一般在30 —95 左右。 
随着天气逐渐热起来，对开车的人而言，最痛苦的事情就是打开汽车车门时那一股扑面袭来的热浪。由于高原上阳光强烈，车子在暴晒下内部温度迅速升高，车主坐到车上的第一件事往往是打开引擎，然后把空调开到最大，希望能快速给车内降降温。但其实这并非是快速降温的最好办法，而且对汽车空调设备伤害巨大。其实只要学会几招“夏日用车降火小窍门”，就能够让你的爱车清凉一夏了。 责任编辑： 凤凰（QL0003） 作者： 王静雯 相关阅读 
</post>
<signature>

</signature>
<external_links>

</external_links>
<country>CN</country>
<main_image></main_image>
</document>
