<?xml version="1.0" encoding="UTF-8"?>
<document>
<type>mainstream</type>
<forum>http://tudocelular.com//feed/</forum>
<forum_title>Tudocelular.com</forum_title>
<discussion_title>Projetor transforma superfícies em tablets Android com touchscreen [video]</discussion_title>
<language>portuguese</language>
<gmt_offset></gmt_offset>
<topic_url>http://www.tudocelular.com/android/noticias/n71778/mini-projetor-lazertouch.html</topic_url>
<topic_text>
Projetor transforma superfícies em tablets Android com touchscreen [video] 
12 de maio de 2016 0 Android Smartphone Tablet Modding é uma das peças mais caras em tablets, laptops e smartphones, e por causa da sua fragilidade, ele também é um dos componentes que apresenta mais risco de dar prejuízos em caso de quedas; mas algumas vezes, temos opções interessantes para contornar esse pequeno problema. site Indiegogo vem chamando a atenção de muitos fãs e entusiastas de tecnologia ao redor do mundo. projetor portátil capaz de transformar qualquer superfície lisa em um tablet de 15&quot; com habilidades touchscreen , ou em uma tela de 80&quot;, capaz de interagir com uma caneta especial através de sensores infravermelho. é compatível com cartões MicroSD, roda o sistema operacional Android e funciona tanto na tomada quanto na bateria, graças a seu módulo com 13600mAh. Confira um vídeo promocional a seguir: ória interna, ele traz um grande diferencial se comparado aos projetores comuns: a tecnologia Laser Touch, que permite que a projeção possa ser operada com os dedos, emulando uma tela de 15” sensível ao toque, ou utilizando uma caneta conectada via infravermelho, quando funcionando a uma maior distância, transformando-se em uma espécie de quadro de anotações inteligente. Em abril, o gadget foi apresentado ao mundo durante a World EXPO Exhibition em Shangai, na China, atraindo os olhares curiosos de diversas pessoas. Nesse momento, ele encontra-se listado para pré-compra por valores que iniciam em US$475 (+ US$65 de frete), pacote que inclui o mini-projetor, uma caneta, um filme protetor, e uma bolsa para transporte. A entrega está estimada para julho, ou seja, daqui a praticamente um mês. Lembramos que para aqueles que realizarem o pagamento por PayPal, a firma não assegurará mais a devolução do dinheiro caso algo dê errado, pois anunciaram recentemente que sua proteção de compras não se estenderia mais a sites de crowdfunding .
</topic_text>
<spam_score>0.00</spam_score>
<post_num>1</post_num>
<post_id>post-1</post_id>
<post_url>http://www.tudocelular.com/android/noticias/n71778/mini-projetor-lazertouch.html</post_url>
<post_date>20160512</post_date>
<post_time>0951</post_time>
<username>Tudocelular.com</username>
<post>
Projetor transforma superfícies em tablets Android com touchscreen [video] 
12 de maio de 2016 0 Android Smartphone Tablet Modding é uma das peças mais caras em tablets, laptops e smartphones, e por causa da sua fragilidade, ele também é um dos componentes que apresenta mais risco de dar prejuízos em caso de quedas; mas algumas vezes, temos opções interessantes para contornar esse pequeno problema. site Indiegogo vem chamando a atenção de muitos fãs e entusiastas de tecnologia ao redor do mundo. projetor portátil capaz de transformar qualquer superfície lisa em um tablet de 15&quot; com habilidades touchscreen , ou em uma tela de 80&quot;, capaz de interagir com uma caneta especial através de sensores infravermelho. é compatível com cartões MicroSD, roda o sistema operacional Android e funciona tanto na tomada quanto na bateria, graças a seu módulo com 13600mAh. Confira um vídeo promocional a seguir: ória interna, ele traz um grande diferencial se comparado aos projetores comuns: a tecnologia Laser Touch, que permite que a projeção possa ser operada com os dedos, emulando uma tela de 15” sensível ao toque, ou utilizando uma caneta conectada via infravermelho, quando funcionando a uma maior distância, transformando-se em uma espécie de quadro de anotações inteligente. Em abril, o gadget foi apresentado ao mundo durante a World EXPO Exhibition em Shangai, na China, atraindo os olhares curiosos de diversas pessoas. Nesse momento, ele encontra-se listado para pré-compra por valores que iniciam em US$475 (+ US$65 de frete), pacote que inclui o mini-projetor, uma caneta, um filme protetor, e uma bolsa para transporte. A entrega está estimada para julho, ou seja, daqui a praticamente um mês. Lembramos que para aqueles que realizarem o pagamento por PayPal, a firma não assegurará mais a devolução do dinheiro caso algo dê errado, pois anunciaram recentemente que sua proteção de compras não se estenderia mais a sites de crowdfunding .
</post>
<signature>

</signature>
<external_links>

</external_links>
<country>US</country>
<main_image>http://i2.tudocdn.net/img/type28/width646/height284/id172547_1.jpg</main_image>
</document>
