<?xml version="1.0" encoding="UTF-8"?>
<document>
<type>mainstream</type>
<forum>http://www.dailymail.co.uk/news/articles.rss</forum>
<forum_title>News Articles | Mail Online</forum_title>
<discussion_title>Tora, Japan’s oldest seal, has died aged 46</discussion_title>
<language>english</language>
<gmt_offset></gmt_offset>
<topic_url>http://www.dailymail.co.uk/news/article-3584873/Sad-farewell-Tora-Japan-s-oldest-seal-famous-making-way-aquarium-washed-away-seaside-pool-died-aged-46.html</topic_url>
<topic_text>
34 shares 17
View
comments
Japan&apos;s oldest seal - who became famous in the 1970s when she swam back to the aquarium after being washed away by a freak wave - has died at the age of 46.
Tora, who was over 100 years old in human terms, passed away in Otaru Aquarium on the island of Hokkaido.
She came to the aquarium as an abandoned seal pup in 1970 but a few years later she hit the headlines when she was washed out of a seaside pool by high waves.
Despite being washed into the sea she swam back to Otaru of her own accord.
She was given the name Tora after a character in a 1976 movie, Otoko wa Tsurai yo (It&apos;s Tough Being A Man), who causes a shock when he returns home.
Harbour seals usually live for 25 to 30 years in the wild so Tora&apos;s death at the age of 46 is very unusual.
 Next Outrage as Bucky, an elderly dolphin with a history of... World&apos;s oldest tortoise, Jonathan, enjoys his first ever... Circus elephants&apos; retirement home promises pampered life Has England lost its last golden eagle? Fears Eddie has died... 34 shares The aquarium&apos;s director, Nobuya Ise, said: &apos;She had been at the aquarium longer than any of our staff and taught us about seals since the time when we did not know much about the animal.&apos;
He said that while she suffered from poor eyesight she had been eating octopus voraciously until last month when she lost her appetite and started sleeping for much of the day.
She was found dead in the aquarium on Wednesday.
Tora lived in an aquarium in the port town of Otaru, seen here in 1997 during the visit of aircraft carrier USS Independence
</topic_text>
<spam_score>0.00</spam_score>
<post_num>8</post_num>
<post_id>post-8</post_id>
<post_url>http://www.dailymail.co.uk/news/article-3584873/Sad-farewell-Tora-Japan-s-oldest-seal-famous-making-way-aquarium-washed-away-seaside-pool-died-aged-46.html</post_url>
<post_date>20160511</post_date>
<post_time>1840</post_time>
<username>Skadi</username>
<post>
That&apos;d be Canadians.
</post>
<signature>

</signature>
<external_links>

</external_links>
<country>GB</country>
<main_image>http://i.dailymail.co.uk/i/pix/2016/05/11/14/340A6A6100000578-0-image-a-133_1462974821722.jpg</main_image>
</document>
