<?xml version="1.0" encoding="UTF-8"?>
<document>
<type>mainstream</type>
<forum>http://www.dailymail.co.uk/news/articles.rss</forum>
<forum_title>News Articles | Mail Online</forum_title>
<discussion_title>Those who never leave home are financially comfortable and those who leave struggle</discussion_title>
<language>english</language>
<gmt_offset></gmt_offset>
<topic_url>http://www.dailymail.co.uk/news/article-3585231/Here-s-boomerang-generation-never-leave-home-financially-comfortable-fly-rest-struggle-make-ends-meet.html</topic_url>
<topic_text>
5 shares 91
View
comments
Young adults who live at home with their parents are almost twice as likely to be financially comfortable, new data revealed today.
More than 72 per cent of adults aged under 24 said they were &apos;comfortable or alright&apos; with money each month if they lived with mum and dad - compared to just 44 per cent of those who rent their own home.
Overall, the Office for National Statistics data revealed young adults have become more financially comfortable than than five years.
Just 8 per cent of people aged 16 to 24 said they felt it was difficult or very difficult to get by in 2013/14 - compared to 15 per cent five years earlier.
The Office for National Statistics found the most comfortable young adults were living in a home they owned closely followed by those who still lived with their parents
Young people in the south west of England were most likely to be financially confident according to the data.
The ONS said: &apos;A recent analysis of the Labour Force Survey by ONS shows that more young people aged 20 to 34 are living with their parents than 20 years ago.
&apos;Possible reasons for this include the increased deposits required to buy a house and the generally unaffordable housing market, changes to housing benefit and the increasing numbers of young adults going to university.
&apos;While compared with 10 or 15 years ago younger people are in a worse financial position, there are indications that, since the economic downturn of 2008 to 2009, the financial position of 16 to 24 year olds is improving; this improvement should also be reflected in their personal and financial well-being.&apos;
 Next Brexit camp raises more than £8MILLION in donations for the... Sir Philip Green accuses pension watchdog of giving MPs... It added: &apos;In comparison with older people, young people remain less positive about their personal finances.
&apos;In 2013 to 2014 around two-thirds of people aged 65 and over were relatively satisfied with their household income compared with just over half of 16 to 24 year olds.
&apos;However, over the last 5 years there has been a steady narrowing of the difference, caused by young people reporting improved personal financial situations.&apos;
The statistics watchdog said falling unemployment among the young had been a key figure in improving financial well being.
And even among those who are unemployed, the number of people finding it hard to get by financially had fallen sharply from 39 per cent in 2009/10 to 26 per cent 2013/14.
The number of adults generally finding it hard to get by financially fell over the past five years but the number of young people struggling has fallen faster than the public as a whole
</topic_text>
<spam_score>0.00</spam_score>
<post_num>60</post_num>
<post_id>post-60</post_id>
<post_url>http://www.dailymail.co.uk/news/article-3585231/Here-s-boomerang-generation-never-leave-home-financially-comfortable-fly-rest-struggle-make-ends-meet.html</post_url>
<post_date>20160512</post_date>
<post_time>0136</post_time>
<username>Sydneysider58</username>
<post>
My generation WANTED their freedom the day they turned 16. And the fact a 4brm house on 1/4 acre cost $17,000 was irrelevant as we earned about $78/wk (and had to pay for flying lessons out of that). What is it with today&apos;s generation?
</post>
<signature>

</signature>
<external_links>

</external_links>
<country>GB</country>
<main_image>http://i.dailymail.co.uk/i/pix/2016/05/11/17/340C464E00000578-0-image-a-26_1462983099007.jpg</main_image>
</document>
