<?xml version="1.0" encoding="UTF-8"?>
<document>
<type>mainstream</type>
<forum>http://feeds.feedburner.com/ubergizmo</forum>
<forum_title>Ubergizmo</forum_title>
<discussion_title>Fender In-Ear Headphones Launched</discussion_title>
<language>english</language>
<gmt_offset></gmt_offset>
<topic_url>http://www.ubergizmo.com/2016/05/fender-in-ear-headphones-launched/</topic_url>
<topic_text>
Like tech videos? Subscribe to Ubergizmo on Youtube 
You might know of Fender as a company that makes some amazing guitars and amps, it’s certainly that company, but now it’s in the business of selling headphones for consumers. Fender in-ear headphones have been launched today, this is the company’s first lineup of in-ear monitors, for those who are unaware in-ear monitors are the highly tuned in-ear headphones that musicians use on stage. 
That’s the beauty of Fender’s new lineup, though, because they’re not just meant for musicians. They’re meant for people like you and me who can’t sing to save their lives. 
Fender has announced five different in-ear monitor models that are priced starting at $99.99 up to $499.99 for the top-of-line model. All of these models have a design that’s unique to Fender as well as custom drivers. 
Headphones need to be comfortable otherwise they’re of little use, and Fender’s new lineup won’t disappoint while the braided detachable cable will ensure that users don’t spend their time trying to untangle the cord. 
Each in-ear monitor model from Fender comes in a carrying case that also features a cleaning tool, a 1/4 inch audio adapter and rubber tips in multiple sizes. Fender’s new in-ear headphones are now available for purchase through its website .
</topic_text>
<spam_score>0.00</spam_score>
<post_num>1</post_num>
<post_id>post-1</post_id>
<post_url>http://www.ubergizmo.com/2016/05/fender-in-ear-headphones-launched/</post_url>
<post_date>20160512</post_date>
<post_time>1603</post_time>
<username>Adnan Farooqui</username>
<post>
Like tech videos? Subscribe to Ubergizmo on Youtube 
You might know of Fender as a company that makes some amazing guitars and amps, it’s certainly that company, but now it’s in the business of selling headphones for consumers. Fender in-ear headphones have been launched today, this is the company’s first lineup of in-ear monitors, for those who are unaware in-ear monitors are the highly tuned in-ear headphones that musicians use on stage. 
That’s the beauty of Fender’s new lineup, though, because they’re not just meant for musicians. They’re meant for people like you and me who can’t sing to save their lives. 
Fender has announced five different in-ear monitor models that are priced starting at $99.99 up to $499.99 for the top-of-line model. All of these models have a design that’s unique to Fender as well as custom drivers. 
Headphones need to be comfortable otherwise they’re of little use, and Fender’s new lineup won’t disappoint while the braided detachable cable will ensure that users don’t spend their time trying to untangle the cord. 
Each in-ear monitor model from Fender comes in a carrying case that also features a cleaning tool, a 1/4 inch audio adapter and rubber tips in multiple sizes. Fender’s new in-ear headphones are now available for purchase through its website .
</post>
<signature>

</signature>
<external_links>

</external_links>
<country>US</country>
<main_image>http://cdn2.ubergizmo.com/wp-content/uploads/2016/05/fender-in-ear-monitors.png</main_image>
</document>
