<?xml version="1.0" encoding="UTF-8"?>
<document>
<type>mainstream</type>
<forum>http://wn.com/gar forman?upload_time=all_time&amp;orderby=relevance</forum>
<forum_title>Gar Forman</forum_title>
<discussion_title>Draft, not trades, is where Bulls historically have made changes</discussion_title>
<language>english</language>
<gmt_offset>6</gmt_offset>
<topic_url>http://article.wn.com/view/2016/05/08/Draft_not_trades_is_where_Bulls_historically_have_made_chang/</topic_url>
<topic_text>
The NBA draft combine takes place in Chicago later this week, the next step in what promises to be an offseason of change for the Bulls. For all the talk about how executive vice president John Paxson and general manager Gar Forman made clear every option is on the table this summer, this is a... ...
</topic_text>
<spam_score>0.00</spam_score>
<post_num>1</post_num>
<post_id>post-1</post_id>
<post_url>http://article.wn.com/view/2016/05/08/Draft_not_trades_is_where_Bulls_historically_have_made_chang/</post_url>
<post_date>20160508</post_date>
<post_time></post_time>
<username>wn.com</username>
<post>
The NBA draft combine takes place in Chicago later this week, the next step in what promises to be an offseason of change for the Bulls. For all the talk about how executive vice president John Paxson and general manager Gar Forman made clear every option is on the table this summer, this is a... ...
</post>
<signature>

</signature>
<external_links>

</external_links>
<country>GB</country>
<main_image>http://i.ytimg.com/vi/9dxPVlO_M1c/0.jpg</main_image>
</document>
