<?xml version="1.0" encoding="UTF-8"?>
<document>
<type>mainstream</type>
<forum></forum>
<forum_title></forum_title>
<discussion_title>Cómo montar una tienda online legal con Comandia</discussion_title>
<language>spanish</language>
<gmt_offset></gmt_offset>
<topic_url>http://www.informacionyarte.com/como-montar-una-tienda-online-con-comandia</topic_url>
<topic_text>
tweet Crear tiendas online 
Si estás pensando en poner en marcha una tienda en internet y no sabes por dónde empezar te ayudamos en tu elección. Correos ha puesto en marcha recientemente un servicio llamado Comandia para agilizar el proceso y saber cómo montar una tienda on line que sea legal y al mismo tiempo cuente con todas las prestaciones. 
Hacer una tienda online con Comandia es muy sencillo ya que esta empresa ofrece todas las herramientas y soluciones más completas para que los interesados puedan crear sus tiendas sin tener que preocuparse por cuestiones de código o aspectos técnicos. 
Incluso todo lo que necesitamos es una dirección de correo electrónico, una contraseña de acceso y el nombre que le queremos dar a nuestra tienda en línea. A continuación te hablamos un poco más acerca del proceso para crear una tienda online con Comandia. ¿Qué necesitas para montar una tienda online con Comandia? 
Ya mencionábamos que solo hace falta una dirección de correo electrónico legítima, una contraseña y el nombre de la tienda para iniciar por cuenta propia nuestra Online Store y comenzar a vender en Internet. 
De hecho es importante mencionar que Comandia nos ofrece de regalo 30 días completamente gratis haciendo uso de todos sus servicios y herramientas. Una vez tengamos todos estos datos y los ingresamos en el formulario de creación de Comandia, de inmediato comienza nuestro periodo de prueba gratis y al instante podemos acceder a la zona de gestión de la tienda y comenzar a cargar productos desde ahí. ¿Qué sigue después? 
Tan pronto como terminas de hacer una tienda online con Comandia, te aparece una página donde tienes un botón que dice Entrar en Mi Tienda . Al hacer clic se nos pedirá que introduzcamos nuestros datos de acceso, es decir, el usuario y contraseña que hemos creado anteriormente. Al instante accederemos al Área de gestión de la tienda donde se nos muestran todos los servicios que están disponibles y que podemos utilizar por este periodo de prueba. 
Aquí mismo tenemos la opción desde ese momento de ampliar el periodo de prueba o en su caso contratar el servicio de forma definitiva. 
En una columna del lado izquierdo de esta página encontramos diferentes secciones que podemos utilizar para comenzar a trabajar con nuestra tienda online creada con Comandia. Por ejemplo: Configuraciones. Desde aquí podemos hacer ajustes relacionados con la tienda, el nombre de dominio, los pagos, las zonas de envío y tipos de impositivos, así como los transportistas, el SEO, el diseño y la localización. Catálogo . En esta sección podemos definir las categorías, las marcas, los productos, las colecciones, así como las relaciones entre los productos, lo que usualmente se conoce como “venta cruzada”. Marketing. En este caso es una sección que nos permite trabajar con archivos, páginas, configurar descuentos, newsletters, promociones, etc. Ventas. En esta sección tenemos todas las herramientas necesarias para gestionar clientes, gestionar pedidos, comprobar los envíos, así como gestionar todo el proceso de devoluciones. Compras . En este caso es una sección enfocada a determinar los proveedores de la tienda, así como los pedidos de compra. Informes . Como su nombre lo indica, esta es una sección desde la cual se pueden generar informes sobre los clientes, informes sobre pedidos y ventas, informes sobre los productos, así como informes sobre los pedidos de compra e incluso se puede analizar a los visitantes en la tienda, la cantidad de visitas, así como su procedencia. Precios de tu tienda online 
Lo que más sorprende son los precios. Por menos de 10 euros al mes puedes tener tu tienda online gratis y en español aunque en este caso el cliente no contaría con dominio propio, lo que no resulta nada recomendable. En la imagen adjunta podrás ver todos los packs disponibles. Los diferentes planes de precios de Comandia. 
Quizás pagar ese plan para antes de abrir la tienda online mientras estamos en período de pruebas pueda servir. Pero también cuenta con servicios que van hasta los 99 euros con más servicios y herramientas y sobre todo con dominio propio. Recomendaciones 
Una cuestión que debes tener muy en cuenta es si estás pensando en crear una tienda virtual es el tema del SEO y el posicionamiento en buscadores . Saber si una web está optimizada para los buscadores es cuestión esencial. Comandia asegura que todas sus plantillas están optimizadas para el SEO y también que cuentan con diseño responsive , es decir que tienen un diseño web que se adapta a cualquier tamaño de pantalla. 
Otra de nuestras recomendaciones es que antes de contratar el servicio de 30 días gratis deberíamos tener un plan bien definido de cómo quieres que sea tu tienda. Definir categorías y productos de antemano suele agilizar el proceso. 
Por otra parte, este servicio de Comandia también puede ser muy recomendable para aquellos que quieran montar una tienda online en una semama o de forma rápida en muy pocosdías para un evento en concreto o por cualquier otra necesidad. 
La verdad es que si estás pensando en montar tu propia tienda online quizás te interese probar durante 30 días este servicio extra que ha puesto en marcha Correos. Eso sí, te recomendamos que pruebes primero la versión gratuita. Etiquetas 
</topic_text>
<spam_score>0.00</spam_score>
<post_num>1</post_num>
<post_id>post-1</post_id>
<post_url>http://www.informacionyarte.com/como-montar-una-tienda-online-con-comandia</post_url>
<post_date>20150722</post_date>
<post_time></post_time>
<username>Susan Urban</username>
<post>
tweet Crear tiendas online 
Si estás pensando en poner en marcha una tienda en internet y no sabes por dónde empezar te ayudamos en tu elección. Correos ha puesto en marcha recientemente un servicio llamado Comandia para agilizar el proceso y saber cómo montar una tienda on line que sea legal y al mismo tiempo cuente con todas las prestaciones. 
Hacer una tienda online con Comandia es muy sencillo ya que esta empresa ofrece todas las herramientas y soluciones más completas para que los interesados puedan crear sus tiendas sin tener que preocuparse por cuestiones de código o aspectos técnicos. 
Incluso todo lo que necesitamos es una dirección de correo electrónico, una contraseña de acceso y el nombre que le queremos dar a nuestra tienda en línea. A continuación te hablamos un poco más acerca del proceso para crear una tienda online con Comandia. ¿Qué necesitas para montar una tienda online con Comandia? 
Ya mencionábamos que solo hace falta una dirección de correo electrónico legítima, una contraseña y el nombre de la tienda para iniciar por cuenta propia nuestra Online Store y comenzar a vender en Internet. 
De hecho es importante mencionar que Comandia nos ofrece de regalo 30 días completamente gratis haciendo uso de todos sus servicios y herramientas. Una vez tengamos todos estos datos y los ingresamos en el formulario de creación de Comandia, de inmediato comienza nuestro periodo de prueba gratis y al instante podemos acceder a la zona de gestión de la tienda y comenzar a cargar productos desde ahí. ¿Qué sigue después? 
Tan pronto como terminas de hacer una tienda online con Comandia, te aparece una página donde tienes un botón que dice Entrar en Mi Tienda . Al hacer clic se nos pedirá que introduzcamos nuestros datos de acceso, es decir, el usuario y contraseña que hemos creado anteriormente. Al instante accederemos al Área de gestión de la tienda donde se nos muestran todos los servicios que están disponibles y que podemos utilizar por este periodo de prueba. 
Aquí mismo tenemos la opción desde ese momento de ampliar el periodo de prueba o en su caso contratar el servicio de forma definitiva. 
En una columna del lado izquierdo de esta página encontramos diferentes secciones que podemos utilizar para comenzar a trabajar con nuestra tienda online creada con Comandia. Por ejemplo: Configuraciones. Desde aquí podemos hacer ajustes relacionados con la tienda, el nombre de dominio, los pagos, las zonas de envío y tipos de impositivos, así como los transportistas, el SEO, el diseño y la localización. Catálogo . En esta sección podemos definir las categorías, las marcas, los productos, las colecciones, así como las relaciones entre los productos, lo que usualmente se conoce como “venta cruzada”. Marketing. En este caso es una sección que nos permite trabajar con archivos, páginas, configurar descuentos, newsletters, promociones, etc. Ventas. En esta sección tenemos todas las herramientas necesarias para gestionar clientes, gestionar pedidos, comprobar los envíos, así como gestionar todo el proceso de devoluciones. Compras . En este caso es una sección enfocada a determinar los proveedores de la tienda, así como los pedidos de compra. Informes . Como su nombre lo indica, esta es una sección desde la cual se pueden generar informes sobre los clientes, informes sobre pedidos y ventas, informes sobre los productos, así como informes sobre los pedidos de compra e incluso se puede analizar a los visitantes en la tienda, la cantidad de visitas, así como su procedencia. Precios de tu tienda online 
Lo que más sorprende son los precios. Por menos de 10 euros al mes puedes tener tu tienda online gratis y en español aunque en este caso el cliente no contaría con dominio propio, lo que no resulta nada recomendable. En la imagen adjunta podrás ver todos los packs disponibles. Los diferentes planes de precios de Comandia. 
Quizás pagar ese plan para antes de abrir la tienda online mientras estamos en período de pruebas pueda servir. Pero también cuenta con servicios que van hasta los 99 euros con más servicios y herramientas y sobre todo con dominio propio. Recomendaciones 
Una cuestión que debes tener muy en cuenta es si estás pensando en crear una tienda virtual es el tema del SEO y el posicionamiento en buscadores . Saber si una web está optimizada para los buscadores es cuestión esencial. Comandia asegura que todas sus plantillas están optimizadas para el SEO y también que cuentan con diseño responsive , es decir que tienen un diseño web que se adapta a cualquier tamaño de pantalla. 
Otra de nuestras recomendaciones es que antes de contratar el servicio de 30 días gratis deberíamos tener un plan bien definido de cómo quieres que sea tu tienda. Definir categorías y productos de antemano suele agilizar el proceso. 
Por otra parte, este servicio de Comandia también puede ser muy recomendable para aquellos que quieran montar una tienda online en una semama o de forma rápida en muy pocosdías para un evento en concreto o por cualquier otra necesidad. 
La verdad es que si estás pensando en montar tu propia tienda online quizás te interese probar durante 30 días este servicio extra que ha puesto en marcha Correos. Eso sí, te recomendamos que pruebes primero la versión gratuita. Etiquetas 
</post>
<signature>

</signature>
<external_links>

</external_links>
<country>GB</country>
<main_image>http://www.informacionyarte.com/wp-content/uploads/2015/07/Montar-tienda-online.jpg</main_image>
</document>
