<?xml version="1.0" encoding="UTF-8"?>
<document>
<type>mainstream</type>
<forum></forum>
<forum_title></forum_title>
<discussion_title>ANTENA 3 TV | Muere ahogado un hombre al intentar rescatar a su perro en un río de Ávila</discussion_title>
<language>spanish</language>
<gmt_offset></gmt_offset>
<topic_url>http://www.antena3.com/noticias/sociedad/muere-ahogado-hombre-intentar-rescatar-perro-rio-avila_201605125734a9894beb2895a65b4898.html</topic_url>
<topic_text>
EN ARENAS DE SAN PEDRO EN ARENAS DE SAN PEDRO Muere ahogado un hombre al intentar rescatar a su perro en un río de Ávila El hombre se precipitó al cauce del río para rescatar a su perro y una corriente le arrastró, lo que hizo que el Servicio de Emergencias le perdiera de vista. Comments Un hombre ha muerto ahogado en el río Arenal a su paso por Arenas de San Pedro (Ávila) al caer al cauce cuando trataba de rescatar a su perro que se había precipitado al agua. Según ha confirmado el alcalde del municipio, Juan Carlos Sánchez, se trata de un vecino &quot;muy querido&quot; en Arenas, que en las pasadas elecciones locales había figurado como número dos en la lista de &apos;Por Arenas&apos;, que obtuvo un solo representante. El hombre, que también formaba parte de la Asociación Amigos del Palacio de La Mosquera, se precipitó al cauce del río, a la altura del Polígono El Martinete, aguas abajo del Arenal, que estos días lleva &quot;mucha corriente&quot; como consecuencia de las últimas lluvias. Según ha informado el Servicio de Emergencias 112, una llamada alertó de la caída al río al intentar rescatar a su perro de una corriente que le arrastró, lo que hizo que le perdiera de vista. Hasta el lugar del suceso se desplazaron efectivos de la Policía Local y de la Guardia Civil, así como de Protección Civil, que para extraer el cuerpo del fallecido se tuvieron que amarrar a un árbol para no ser arrastrados por la corriente en un lugar &quot;agreste&quot; y con &quot;muchas piedras&quot;. Tras practicarle sin éxito la reanimación cardiopulmonar, los facultativos de Sacyl desplazados a la zona sólo pudieron certificar el fallecimiento. Arenas de San Pedro es una localidad situada a unos 85 kilómetros al sur de Ávila, muy cerca de las provincias de Cáceres y Toledo. Publicidad 
EFE | Madrid | Actualizado el 12/05/2016 a las 18:04 horas Tags relacionados 
</topic_text>
<spam_score>0.00</spam_score>
<post_num>1</post_num>
<post_id>post-1</post_id>
<post_url>http://www.antena3.com/noticias/sociedad/muere-ahogado-hombre-intentar-rescatar-perro-rio-avila_201605125734a9894beb2895a65b4898.html</post_url>
<post_date>20160512</post_date>
<post_time></post_time>
<username>Efe</username>
<post>
EN ARENAS DE SAN PEDRO EN ARENAS DE SAN PEDRO Muere ahogado un hombre al intentar rescatar a su perro en un río de Ávila El hombre se precipitó al cauce del río para rescatar a su perro y una corriente le arrastró, lo que hizo que el Servicio de Emergencias le perdiera de vista. Comments Un hombre ha muerto ahogado en el río Arenal a su paso por Arenas de San Pedro (Ávila) al caer al cauce cuando trataba de rescatar a su perro que se había precipitado al agua. Según ha confirmado el alcalde del municipio, Juan Carlos Sánchez, se trata de un vecino &quot;muy querido&quot; en Arenas, que en las pasadas elecciones locales había figurado como número dos en la lista de &apos;Por Arenas&apos;, que obtuvo un solo representante. El hombre, que también formaba parte de la Asociación Amigos del Palacio de La Mosquera, se precipitó al cauce del río, a la altura del Polígono El Martinete, aguas abajo del Arenal, que estos días lleva &quot;mucha corriente&quot; como consecuencia de las últimas lluvias. Según ha informado el Servicio de Emergencias 112, una llamada alertó de la caída al río al intentar rescatar a su perro de una corriente que le arrastró, lo que hizo que le perdiera de vista. Hasta el lugar del suceso se desplazaron efectivos de la Policía Local y de la Guardia Civil, así como de Protección Civil, que para extraer el cuerpo del fallecido se tuvieron que amarrar a un árbol para no ser arrastrados por la corriente en un lugar &quot;agreste&quot; y con &quot;muchas piedras&quot;. Tras practicarle sin éxito la reanimación cardiopulmonar, los facultativos de Sacyl desplazados a la zona sólo pudieron certificar el fallecimiento. Arenas de San Pedro es una localidad situada a unos 85 kilómetros al sur de Ávila, muy cerca de las provincias de Cáceres y Toledo. Publicidad 
EFE | Madrid | Actualizado el 12/05/2016 a las 18:04 horas Tags relacionados 
</post>
<signature>

</signature>
<external_links>

</external_links>
<country>ES</country>
<main_image>/public/img/antena3/apple-touch-icon-180x180.png</main_image>
</document>
