<?xml version="1.0" encoding="UTF-8"?>
<document>
<type>mainstream</type>
<forum>http://www.wbrc.com/category/151717/sports?clienttype=rss</forum>
<forum_title>FOX6 WBRC - MyFoxAL.com - Sports</forum_title>
<discussion_title>Latest Gulf Coast Sports for Alabama, Louisiana and Mississippi</discussion_title>
<language>english</language>
<gmt_offset></gmt_offset>
<topic_url>http://www.wbrc.com/story/31954251/latest-gulf-coast-sports-for-alabama-louisiana-and-mississippi</topic_url>
<topic_text>
Latest Gulf Coast Sports for Alabama, Louisiana and Mississippi 2016-05-12T08:14:34Z 
NBA-DRAFT COMBINE 
Draft combine opening in Chicago 
CHICAGO (AP) - Ahead of the NBA draft, the league&apos;s combine for players looking to be picked by teams opens today in Chicago. 
The combine each year draws many of the players hoping to raise their standing in front of NBA teams ahead of the draft, although many of the top names also typically skip the gathering, which will run through Sunday. 
Among those invited to the combine this year are Brice Johnson, Marcus Paige and junior forward Justin Jackson. The Tarheels&apos; Kennedy Meeks initially filed to enter the draft early but earlier this month withdrew his name and will return to the school for his senior season. Brandon Ingram of Duke, Jaron Blossomgame of Clemson and Cat Barber of North Carolina State also are among the more than 60 players expected to take part. 
PANTHERS-RICHARDSON 
Panthers owner Richardson to have another shoulder surgery 
CHARLOTTE, N.C. (AP) - Carolina Panthers owner and founder Jerry Richardson will have a second operation on his shoulder to repair a rotator cuff injury. 
Team physician Pat Connor will perform the surgery on Thursday in Charlotte. 
Richardson initially had surgery to repair the shoulder in March, but team spokesman Steven Drummond told The Associated Press that Richardson reinjured the shoulder during while rehabbing. 
The 79-year-old Richardson had a heart transplant in 2009. 
NASCAR-TRUEX JR-BAD LUCK 
Truex takes over from Busch as bad-luck leader at Kansas 
KANSAS CITY, Kan. (AP) - Martin Truex Junior needs to look no further than Kyle Busch when he needs to vent about Kansas. 
The Furniture Row Racing driver has dominated at the speedway for years, finishing second twice and in the top five on two more occasions. He&apos;s led laps seven times and twice led the most. Yet he has never been to victory lane, fate and fuel mileage and all manner of bad luck conspiring against him. 
The most recent slap in the face came Saturday night. 
Truex had led 172 of the first 211 laps when he headed to pit road for a green-flag stop. Everything seemed to go flawlessly and he was back on the track in a blink. But then he started to feel a rattling and knew right away that a wheel was loose, forcing him to come back into the pits. 
He lost a lap and didn&apos;t have enough time to run down the leaders. He finished 14th. 
NASCAR-LUG NUTS-SUSPENSION 
Kyle Busch&apos;s crew chief suspended for lug nut violation 
CHARLOTTE, N.C. (AP) - NASCAR has suspended Kyle Busch&apos;s crew chief and tire changer for one race for violating the lug nut policy during the team&apos;s win at Kansas last weekend. 
Adam Stevens was also fined $20,000 and placed on probation through the end of the year. Front tire changer Josh Leslie is on probation until December 31st. 
NASCAR said after Saturday night&apos;s race that all teams had passed the inspection of lug nuts. It was not clear Wednesday what changed regarding Busch&apos;s winning car. 
Lug nuts have been an issue in NASCAR since the series stopped policing whether teams were applying all five on each tire during pit stops. By using less than five, a team would have a faster pit stop and gain track position. 
Tony Stewart complained the practice was dangerous, and NASCAR fined him $35,000 for his criticism. NASCAR then said it would check all cars for five lug nuts before and after each race. Copyright 2016 The Associated Press.   This material may not be published, broadcast, rewritten or redistributed. Can&apos;t Find Something?
</topic_text>
<spam_score>0.00</spam_score>
<post_num>1</post_num>
<post_id>post-1</post_id>
<post_url>http://www.wbrc.com/story/31954251/latest-gulf-coast-sports-for-alabama-louisiana-and-mississippi</post_url>
<post_date>20160512</post_date>
<post_time>0814</post_time>
<username></username>
<post>
Latest Gulf Coast Sports for Alabama, Louisiana and Mississippi 2016-05-12T08:14:34Z 
NBA-DRAFT COMBINE 
Draft combine opening in Chicago 
CHICAGO (AP) - Ahead of the NBA draft, the league&apos;s combine for players looking to be picked by teams opens today in Chicago. 
The combine each year draws many of the players hoping to raise their standing in front of NBA teams ahead of the draft, although many of the top names also typically skip the gathering, which will run through Sunday. 
Among those invited to the combine this year are Brice Johnson, Marcus Paige and junior forward Justin Jackson. The Tarheels&apos; Kennedy Meeks initially filed to enter the draft early but earlier this month withdrew his name and will return to the school for his senior season. Brandon Ingram of Duke, Jaron Blossomgame of Clemson and Cat Barber of North Carolina State also are among the more than 60 players expected to take part. 
PANTHERS-RICHARDSON 
Panthers owner Richardson to have another shoulder surgery 
CHARLOTTE, N.C. (AP) - Carolina Panthers owner and founder Jerry Richardson will have a second operation on his shoulder to repair a rotator cuff injury. 
Team physician Pat Connor will perform the surgery on Thursday in Charlotte. 
Richardson initially had surgery to repair the shoulder in March, but team spokesman Steven Drummond told The Associated Press that Richardson reinjured the shoulder during while rehabbing. 
The 79-year-old Richardson had a heart transplant in 2009. 
NASCAR-TRUEX JR-BAD LUCK 
Truex takes over from Busch as bad-luck leader at Kansas 
KANSAS CITY, Kan. (AP) - Martin Truex Junior needs to look no further than Kyle Busch when he needs to vent about Kansas. 
The Furniture Row Racing driver has dominated at the speedway for years, finishing second twice and in the top five on two more occasions. He&apos;s led laps seven times and twice led the most. Yet he has never been to victory lane, fate and fuel mileage and all manner of bad luck conspiring against him. 
The most recent slap in the face came Saturday night. 
Truex had led 172 of the first 211 laps when he headed to pit road for a green-flag stop. Everything seemed to go flawlessly and he was back on the track in a blink. But then he started to feel a rattling and knew right away that a wheel was loose, forcing him to come back into the pits. 
He lost a lap and didn&apos;t have enough time to run down the leaders. He finished 14th. 
NASCAR-LUG NUTS-SUSPENSION 
Kyle Busch&apos;s crew chief suspended for lug nut violation 
CHARLOTTE, N.C. (AP) - NASCAR has suspended Kyle Busch&apos;s crew chief and tire changer for one race for violating the lug nut policy during the team&apos;s win at Kansas last weekend. 
Adam Stevens was also fined $20,000 and placed on probation through the end of the year. Front tire changer Josh Leslie is on probation until December 31st. 
NASCAR said after Saturday night&apos;s race that all teams had passed the inspection of lug nuts. It was not clear Wednesday what changed regarding Busch&apos;s winning car. 
Lug nuts have been an issue in NASCAR since the series stopped policing whether teams were applying all five on each tire during pit stops. By using less than five, a team would have a faster pit stop and gain track position. 
Tony Stewart complained the practice was dangerous, and NASCAR fined him $35,000 for his criticism. NASCAR then said it would check all cars for five lug nuts before and after each race. Copyright 2016 The Associated Press.   This material may not be published, broadcast, rewritten or redistributed. Can&apos;t Find Something?
</post>
<signature>

</signature>
<external_links>

</external_links>
<country>US</country>
<main_image></main_image>
</document>
