<?xml version="1.0" encoding="UTF-8"?>
<document>
<type>mainstream</type>
<forum>http://kdhnews.com//search/?q=&amp;t=article&amp;l=25&amp;d=&amp;d1=&amp;d2=&amp;s=start_time&amp;sd=desc&amp;c[]=news*&amp;f=rss</forum>
<forum_title>The Killeen Daily Herald - news</forum_title>
<discussion_title>US stocks slip after unemployment claims rise; tech slumps</discussion_title>
<language>english</language>
<gmt_offset></gmt_offset>
<topic_url>http://kdhnews.com/news/ap/us-stocks-slip-after-unemployment-claims-rise-tech-slumps/article_a968939b-cf3f-59d9-9692-45d416161cdf.html</topic_url>
<topic_text>
Richard Drew US stocks slip after unemployment claims rise; tech slumps 
Specialist Philip Finale, background center, works with traders at the post that handles Monsanto on the floor of the New York Stock Exchange, Thursday, May 12, 2016. Monsanto jumped 9 percent on reports that Bayer is in talks to buy it. (AP Photo/Richard Drew) Richard Drew US stocks slip after unemployment claims rise; tech slumps 
SiteOne Landscape Supply CEO Doug Black, left, rings a ceremonial bell to mark the beginning of trading in shares of his company, on the floor of the New York Stock Exchange, Thursday, May 12, 2016. (AP Photo/Richard Drew) Richard Drew US stocks slip after unemployment claims rise; tech slumps 
Trader James Doherty, right, works on the floor of the New York Stock Exchange, Thursday, May 12, 2016. Stocks are opening higher on Wall Street as traders were encouraged by talk of more deals and some better news on retail earnings. (AP Photo/Richard Drew) Richard Drew US stocks slip after unemployment claims rise; tech slumps 
Trader Peter Mancuso works on the floor of the New York Stock Exchange, Thursday, May 12, 2016. Stocks are opening higher on Wall Street as traders were encouraged by talk of more deals and some better news on retail earnings. (AP Photo/Richard Drew) Richard Drew US stocks slip after unemployment claims rise; tech slumps 
Trader Tommy Kalikas, center, works on the floor of the New York Stock Exchange, Thursday, May 12, 2016. Stocks are opening higher on Wall Street as traders are encouraged by talk of more deals and some better news on retail earnings. (AP Photo/Richard Drew) Posted: Thursday, May 12, 2016 10:36 am | Updated: 11:00 am, Thu May 12, 2016. US stocks slip after unemployment claims rise; tech slumps Associated Press | 0 comments 
NEW YORK (AP) — U.S. stocks are slipping Thursday morning after a surprising jump in the number of Americans who are out of work. Retailers got more bad news as department store Kohl&apos;s reported disappointing first-quarter results. Companies including agribusiness giant Monsanto are climbing on reports of possible buyouts. 
KEEPING SCORE: The Dow Jones industrial average lost 47 points, or 0.3 percent, to 17,633 as of 11:26 a.m. Eastern time. The Standard &amp; Poor&apos;s 500 index sank 7 points, or 0.4 percent, to 2,057. The Nasdaq composite index dipped 40 points, or 0.9 percent, to 4,720. 
OUT OF WORK: The Labor Department said applications for unemployment benefits rose to the highest level since February 2015. That comes after a disappointing jobs report for the month of April. Applications rose by 20,000 to 294,000. Despite the increase, they have remained below 300,000 for more than a year. 
MORE RETAIL WOES: Department store Kohl&apos;s said its sales dropped and its income was weighed down by high costs. The company&apos;s results suffered as it discounted some items to clear out inventory. The stock fell $4.30, or 11.1 percent, to $34.40. 
Retailers have been struggling for months. Macy&apos;s slashed its profit forecast Wednesday following its quarterly report, and Gap posted worse-than-expected April sales on Monday. Nordstrom fell 76 cents, or 1.7 percent, to $44.68 and Macy&apos;s lost another 72 cents, or 2.3 percent, to $30.66. 
DEAL TALK: Bloomberg News reported that German chemical and pharmaceutical company Bayer might make an offer for U.S.-based Monsanto. That follows a wave of consolidation in the chemicals industry: DuPont and Dow Chemical agreed to combine last year, and ChemChina agreed to buy Syngenta of Switzerland in March. Monsanto stock climbed $8.27, or 9.2 percent, to $98.62. 
Data security company Infoblox surged $3.30, or 21.6 percent, to $18.61 after Bloomberg reported that a private equity firm offered to buy it. 
TECH TUMBLES: Tech stocks took the largest losses as Apple fell to its lowest price in almost two years. Its stock slid $2.54, or 2.7 percent, to $89.97. IBM fell $1.45, or 1 percent, to $147.50. 
EAT UP: Burger chain Jack in the Box reported strong results, including better sales at its Qdoba Mexican restaurants. Its stock jumped $9.44, or 14.5 percent, to $74.58. 
CARDED: Payment card company CPI Card Group reported disappointing results as shipments of chip-enabled cards were lower than expected. The company said the market is struggling in the U.S. and cut its guidance because credit card companies aren&apos;t buying and issuing as many of the cards as expected. 
Its stock tumbled $3.17, or 41.4 percent, to $4.49. The company&apos;s IPO priced at $10 per share in October. 
OIL: Oil prices fell. Benchmark U.S. oil, which is at its highest price since early November, lost 50 cents, or 1.1 percent, to $45.73 a barrel in New York. Brent crude, the benchmark for international oil prices, lost 63 cents, or 1.3 percent, to $46.97 a barrel in London. 
OVERSEAS: Germany&apos;s DAX fell 1.3 percent and the FTSE 100 in Britain was down 1.1 percent. France&apos;s CAC 40 lost 0.6 percent. Japan&apos;s Nikkei 225 stock index rose 0.4 percent and the Hang Seng index of Hong Kong dropped 0.7 percent. South Korea&apos;s Kospi lost 0.1 percent. 
BONDS, CURRENCIES: Bond prices fell and the yield on the 10-year U.S. Treasury note rose to 1.74 percent from 1.73 percent. The dollar edged up to 108.70 yen from 108.49 yen. The euro slipped to $1.1391 from $1.1425. 
___ 
AP Markets Writer Marley Jay can be reached at http://twitter.com/MarleyJayAP His work can be found at http://bigstory.ap.org/journalist/marley-jay
</topic_text>
<spam_score>0.00</spam_score>
<post_num>1</post_num>
<post_id>post-1</post_id>
<post_url>http://kdhnews.com/news/ap/us-stocks-slip-after-unemployment-claims-rise-tech-slumps/article_a968939b-cf3f-59d9-9692-45d416161cdf.html</post_url>
<post_date>20160512</post_date>
<post_time>1536</post_time>
<username>MARLEY JAY</username>
<post>
Richard Drew US stocks slip after unemployment claims rise; tech slumps 
Specialist Philip Finale, background center, works with traders at the post that handles Monsanto on the floor of the New York Stock Exchange, Thursday, May 12, 2016. Monsanto jumped 9 percent on reports that Bayer is in talks to buy it. (AP Photo/Richard Drew) Richard Drew US stocks slip after unemployment claims rise; tech slumps 
SiteOne Landscape Supply CEO Doug Black, left, rings a ceremonial bell to mark the beginning of trading in shares of his company, on the floor of the New York Stock Exchange, Thursday, May 12, 2016. (AP Photo/Richard Drew) Richard Drew US stocks slip after unemployment claims rise; tech slumps 
Trader James Doherty, right, works on the floor of the New York Stock Exchange, Thursday, May 12, 2016. Stocks are opening higher on Wall Street as traders were encouraged by talk of more deals and some better news on retail earnings. (AP Photo/Richard Drew) Richard Drew US stocks slip after unemployment claims rise; tech slumps 
Trader Peter Mancuso works on the floor of the New York Stock Exchange, Thursday, May 12, 2016. Stocks are opening higher on Wall Street as traders were encouraged by talk of more deals and some better news on retail earnings. (AP Photo/Richard Drew) Richard Drew US stocks slip after unemployment claims rise; tech slumps 
Trader Tommy Kalikas, center, works on the floor of the New York Stock Exchange, Thursday, May 12, 2016. Stocks are opening higher on Wall Street as traders are encouraged by talk of more deals and some better news on retail earnings. (AP Photo/Richard Drew) Posted: Thursday, May 12, 2016 10:36 am | Updated: 11:00 am, Thu May 12, 2016. US stocks slip after unemployment claims rise; tech slumps Associated Press | 0 comments 
NEW YORK (AP) — U.S. stocks are slipping Thursday morning after a surprising jump in the number of Americans who are out of work. Retailers got more bad news as department store Kohl&apos;s reported disappointing first-quarter results. Companies including agribusiness giant Monsanto are climbing on reports of possible buyouts. 
KEEPING SCORE: The Dow Jones industrial average lost 47 points, or 0.3 percent, to 17,633 as of 11:26 a.m. Eastern time. The Standard &amp; Poor&apos;s 500 index sank 7 points, or 0.4 percent, to 2,057. The Nasdaq composite index dipped 40 points, or 0.9 percent, to 4,720. 
OUT OF WORK: The Labor Department said applications for unemployment benefits rose to the highest level since February 2015. That comes after a disappointing jobs report for the month of April. Applications rose by 20,000 to 294,000. Despite the increase, they have remained below 300,000 for more than a year. 
MORE RETAIL WOES: Department store Kohl&apos;s said its sales dropped and its income was weighed down by high costs. The company&apos;s results suffered as it discounted some items to clear out inventory. The stock fell $4.30, or 11.1 percent, to $34.40. 
Retailers have been struggling for months. Macy&apos;s slashed its profit forecast Wednesday following its quarterly report, and Gap posted worse-than-expected April sales on Monday. Nordstrom fell 76 cents, or 1.7 percent, to $44.68 and Macy&apos;s lost another 72 cents, or 2.3 percent, to $30.66. 
DEAL TALK: Bloomberg News reported that German chemical and pharmaceutical company Bayer might make an offer for U.S.-based Monsanto. That follows a wave of consolidation in the chemicals industry: DuPont and Dow Chemical agreed to combine last year, and ChemChina agreed to buy Syngenta of Switzerland in March. Monsanto stock climbed $8.27, or 9.2 percent, to $98.62. 
Data security company Infoblox surged $3.30, or 21.6 percent, to $18.61 after Bloomberg reported that a private equity firm offered to buy it. 
TECH TUMBLES: Tech stocks took the largest losses as Apple fell to its lowest price in almost two years. Its stock slid $2.54, or 2.7 percent, to $89.97. IBM fell $1.45, or 1 percent, to $147.50. 
EAT UP: Burger chain Jack in the Box reported strong results, including better sales at its Qdoba Mexican restaurants. Its stock jumped $9.44, or 14.5 percent, to $74.58. 
CARDED: Payment card company CPI Card Group reported disappointing results as shipments of chip-enabled cards were lower than expected. The company said the market is struggling in the U.S. and cut its guidance because credit card companies aren&apos;t buying and issuing as many of the cards as expected. 
Its stock tumbled $3.17, or 41.4 percent, to $4.49. The company&apos;s IPO priced at $10 per share in October. 
OIL: Oil prices fell. Benchmark U.S. oil, which is at its highest price since early November, lost 50 cents, or 1.1 percent, to $45.73 a barrel in New York. Brent crude, the benchmark for international oil prices, lost 63 cents, or 1.3 percent, to $46.97 a barrel in London. 
OVERSEAS: Germany&apos;s DAX fell 1.3 percent and the FTSE 100 in Britain was down 1.1 percent. France&apos;s CAC 40 lost 0.6 percent. Japan&apos;s Nikkei 225 stock index rose 0.4 percent and the Hang Seng index of Hong Kong dropped 0.7 percent. South Korea&apos;s Kospi lost 0.1 percent. 
BONDS, CURRENCIES: Bond prices fell and the yield on the 10-year U.S. Treasury note rose to 1.74 percent from 1.73 percent. The dollar edged up to 108.70 yen from 108.49 yen. The euro slipped to $1.1391 from $1.1425. 
___ 
AP Markets Writer Marley Jay can be reached at http://twitter.com/MarleyJayAP His work can be found at http://bigstory.ap.org/journalist/marley-jay
</post>
<signature>

</signature>
<external_links>

</external_links>
<country>US</country>
<main_image>http://bloximages.newyork1.vip.townnews.com/kdhnews.com/content/tncms/assets/v3/editorial/6/ad/6ad655d3-d4e1-510a-a8ad-03739ad2c8fe/5734a89583d3b.image.jpg</main_image>
</document>
