<?xml version="1.0" encoding="UTF-8"?>
<document>
<type>mainstream</type>
<forum></forum>
<forum_title></forum_title>
<discussion_title>El insólito caso del avión que aterrizó con una rueda cuadrada - Telefe Noticias</discussion_title>
<language>spanish</language>
<gmt_offset></gmt_offset>
<topic_url>http://telefenoticias.com.ar/redes/el-insolito-caso-del-avion-que-aterrizo-con-una-rueda-cuadrada/</topic_url>
<topic_text>
12 mayo 2016 El insólito caso del avión que aterrizó con una rueda cuadrada El aparato tocó tierra sin incidencias, pero la tripulación se llevó una de las mayores sorpresas de su carrera profesional al descubrir el neumático. Compartir 
Los pilotos de un Airbus A380 de British Airways recibieron el pasado 5 de mayo, poco después de despegar de Hong Kong, un aviso de alerta de falta de presión en uno de sus 22 neumáticos, informó La Vanguardia. 
Sin embargo, el vuelo rumbo a Londres prosiguió sin mayores incidencias pero la tripulación solicitó que en el aeropuerto tuvieran preparado un remolcador de aviones en caso de necesidad. 
El aparato tocó tierra sin ninguna incidencia, pero la tripulación se llevó una de las mayores sorpresas de su carrera profesional al descubrir que habían aterrizado con una rueda cuadrada. 
La insólita imagen, difundida inicialmente por el portal The Aviation Herald, dio la vuelta al mundo. 
Las autoridades civiles de aviación británicas admitieron al Daily Mail que &quot;es curioso, nunca habíamos visto algo así&quot;. 
Miembros la Royal Aeronautical Society explicaron que la forma cuadrada que tomó la rueda pudo deberse a la manera en que el modelo A380 de Airbus distribuye su peso sobre un neumático deshinchado, pero recalcaron que la goma no se ve dañada en la imagen y que los pilotos están formados para afrontar todo tipo de situaciones imprevistas durante el vuelo o el aterrizaje. 
Desde British Airways confirmaron a la CNN que la imagen es real y contaron que tan sólo tuvieron que cambiar el neumático y el avión volvió a volar rápidamente. Redes Cazador cazado, en video: orcas atrapan a un tiburón 00:35 #EsViral El toro que no ataca si no lo agreden Redes Polémica: joven francesa transmitió su suicidio por Periscope 01:58 
</topic_text>
<spam_score>0.00</spam_score>
<post_num>1</post_num>
<post_id>post-1</post_id>
<post_url>http://telefenoticias.com.ar/redes/el-insolito-caso-del-avion-que-aterrizo-con-una-rueda-cuadrada/</post_url>
<post_date>20160512</post_date>
<post_time></post_time>
<username></username>
<post>
12 mayo 2016 El insólito caso del avión que aterrizó con una rueda cuadrada El aparato tocó tierra sin incidencias, pero la tripulación se llevó una de las mayores sorpresas de su carrera profesional al descubrir el neumático. Compartir 
Los pilotos de un Airbus A380 de British Airways recibieron el pasado 5 de mayo, poco después de despegar de Hong Kong, un aviso de alerta de falta de presión en uno de sus 22 neumáticos, informó La Vanguardia. 
Sin embargo, el vuelo rumbo a Londres prosiguió sin mayores incidencias pero la tripulación solicitó que en el aeropuerto tuvieran preparado un remolcador de aviones en caso de necesidad. 
El aparato tocó tierra sin ninguna incidencia, pero la tripulación se llevó una de las mayores sorpresas de su carrera profesional al descubrir que habían aterrizado con una rueda cuadrada. 
La insólita imagen, difundida inicialmente por el portal The Aviation Herald, dio la vuelta al mundo. 
Las autoridades civiles de aviación británicas admitieron al Daily Mail que &quot;es curioso, nunca habíamos visto algo así&quot;. 
Miembros la Royal Aeronautical Society explicaron que la forma cuadrada que tomó la rueda pudo deberse a la manera en que el modelo A380 de Airbus distribuye su peso sobre un neumático deshinchado, pero recalcaron que la goma no se ve dañada en la imagen y que los pilotos están formados para afrontar todo tipo de situaciones imprevistas durante el vuelo o el aterrizaje. 
Desde British Airways confirmaron a la CNN que la imagen es real y contaron que tan sólo tuvieron que cambiar el neumático y el avión volvió a volar rápidamente. Redes Cazador cazado, en video: orcas atrapan a un tiburón 00:35 #EsViral El toro que no ataca si no lo agreden Redes Polémica: joven francesa transmitió su suicidio por Periscope 01:58 
</post>
<signature>

</signature>
<external_links>

</external_links>
<country>AR</country>
<main_image>http://static.cdn.telefe.com/media/18049049/rueda-de-avion-cuadrada.jpg?v=20160512125755000&amp;amp;format=main&amp;amp;width=640&amp;amp;height=360&amp;amp;mode=crop</main_image>
</document>
