<?xml version="1.0" encoding="UTF-8"?>
<document>
<type>mainstream</type>
<forum></forum>
<forum_title></forum_title>
<discussion_title>北京市服务业扩大清单年底前有望完成八成-千龙网·中国首都网</discussion_title>
<language>chinese</language>
<gmt_offset></gmt_offset>
<topic_url>http://finance.qianlong.com/2016/0512/601900.shtml</topic_url>
<topic_text>

千龙网北京5月12讯（记者 李继业）记者在5月11日举行的“北京市服务业扩大开放综合试点批复一周年”新闻发布会上了解到，一年来，商务部等国家各部委大力支持试点工作，公安部推出支持北京创新发展的20项出入境政策措施，国家食药监局提出支持食品药品监管及产业发展的12项措施等。 
北京市商务委员会党组书记、主任闫立刚说：“在培育新动能方面，试点催生了服务业六大重点领域新业态不断涌现。在探索新模式方面，试点积极对接高标准国际贸易规则体系，激活服务业新供给。在构建新机制方面，试点着力推动资源高效配置，加快释放要素新活力。” 
据介绍，北京市自2015年5月5日开展服务业扩大开放综合试点一年来，外资来京投资热情高涨，特别是对于服务新业态的投资活动非常踊跃。在科技服务领域，国内首家外资控股的飞机维修合资公司已签署合作协议，即将在京诞生；在互联网和信息服务领域，国内首批Apple Pay（苹果支付）支付服务提供商在京落地；在文化教育服务领域，国内首家获得对外专项出版业务的混合所有制试点企业在京注册运营，国内首笔以版权为标的物的融资租赁业务顺利实现；在金融服务领域，第一家外资银行卡清算机构威士（VISA）在京落地，全国银行业首家投贷联动扶持初创企业的创客中心在京诞生；在商务和旅游服务领域，试点以来北京首个中外合资旅行社开展出境游业务申请正式获批；在健康医疗服务领域，全国首例大型公立医院与社会资本以特许经营合作办医的改革模式成功实施，在国内首次推出中医药国际医疗旅游服务包。 
面对新业态，市场新形式，北京市企业信用信息网归集全市55个部门6500余万条信息，涵盖行政处罚、行业自律、司法裁判等领域，形成“网上登记、统一归集、一网公示”机制。推动开展对失信企业和失信行为的联合约束、社会惩戒和市场惩戒，已锁定25万被吊销企业的法定代表人和超过6万的犯罪记录人员，限制全国130余万“老赖”在企业任职，有效遏制了失信主体参与市场经营活动。 
闫立刚表示，去年获得试点批复时，提出141项重大任务，截至目前，已经推出85项举措，预计年底将完成80%，后续将对试点进行阶段性评估总结，然后推广可复制的经验到更多区域，并且目前已经提出了一批新的开放措施上报国务院。 责任编辑： 张博（QF0005） 作者： 李继业 相关阅读 
</topic_text>
<spam_score>0.00</spam_score>
<post_num>1</post_num>
<post_id>post-1</post_id>
<post_url>http://finance.qianlong.com/2016/0512/601900.shtml</post_url>
<post_date>20160512</post_date>
<post_time></post_time>
<username></username>
<post>

千龙网北京5月12讯（记者 李继业）记者在5月11日举行的“北京市服务业扩大开放综合试点批复一周年”新闻发布会上了解到，一年来，商务部等国家各部委大力支持试点工作，公安部推出支持北京创新发展的20项出入境政策措施，国家食药监局提出支持食品药品监管及产业发展的12项措施等。 
北京市商务委员会党组书记、主任闫立刚说：“在培育新动能方面，试点催生了服务业六大重点领域新业态不断涌现。在探索新模式方面，试点积极对接高标准国际贸易规则体系，激活服务业新供给。在构建新机制方面，试点着力推动资源高效配置，加快释放要素新活力。” 
据介绍，北京市自2015年5月5日开展服务业扩大开放综合试点一年来，外资来京投资热情高涨，特别是对于服务新业态的投资活动非常踊跃。在科技服务领域，国内首家外资控股的飞机维修合资公司已签署合作协议，即将在京诞生；在互联网和信息服务领域，国内首批Apple Pay（苹果支付）支付服务提供商在京落地；在文化教育服务领域，国内首家获得对外专项出版业务的混合所有制试点企业在京注册运营，国内首笔以版权为标的物的融资租赁业务顺利实现；在金融服务领域，第一家外资银行卡清算机构威士（VISA）在京落地，全国银行业首家投贷联动扶持初创企业的创客中心在京诞生；在商务和旅游服务领域，试点以来北京首个中外合资旅行社开展出境游业务申请正式获批；在健康医疗服务领域，全国首例大型公立医院与社会资本以特许经营合作办医的改革模式成功实施，在国内首次推出中医药国际医疗旅游服务包。 
面对新业态，市场新形式，北京市企业信用信息网归集全市55个部门6500余万条信息，涵盖行政处罚、行业自律、司法裁判等领域，形成“网上登记、统一归集、一网公示”机制。推动开展对失信企业和失信行为的联合约束、社会惩戒和市场惩戒，已锁定25万被吊销企业的法定代表人和超过6万的犯罪记录人员，限制全国130余万“老赖”在企业任职，有效遏制了失信主体参与市场经营活动。 
闫立刚表示，去年获得试点批复时，提出141项重大任务，截至目前，已经推出85项举措，预计年底将完成80%，后续将对试点进行阶段性评估总结，然后推广可复制的经验到更多区域，并且目前已经提出了一批新的开放措施上报国务院。 责任编辑： 张博（QF0005） 作者： 李继业 相关阅读 
</post>
<signature>

</signature>
<external_links>

</external_links>
<country>CN</country>
<main_image></main_image>
</document>
