<?xml version="1.0" encoding="UTF-8"?>
<document>
<type>mainstream</type>
<forum></forum>
<forum_title></forum_title>
<discussion_title>Falleció el actor venezolano Erick Noriega en el Hospital de Lídice, Caracas</discussion_title>
<language>spanish</language>
<gmt_offset></gmt_offset>
<topic_url>http://www.noticierovenevision.net/estrenos-y-estrellas/2016/mayo/12/156704=fallecio-el-actor-venezolano-erick-noriega-en-el-hospital-de-lidice,-caracas</topic_url>
<topic_text>
Twitter Falleció el actor venezolano Erick Noriega en el Hospital de Lídice, Caracas 
Fecha 12/05/2016 11:36:00 a.m. El actor Erick Noriega falleció en horas de la madrugada de este miércoles en el hospital Lidice ubicado en La Pastora Caracas.La información se dio a conocer a través de las redes sociales. Las causas de su muerte no han sido develadas.Noriega interpretó muchos papeles en su carrera. Su caracterización más recordada fue el personaje de mayordomo que realizó en la telenovela “ Mi gorda bella”. Con información de Últimas Noticias Comentarios Deje un comentario sobre el tema Nombre (requerido-Sera publicado) Correo electrónico (requerido-No sera publicado) Su comentario (máximo 500 caracteres) Normativa para la publicacion de comentarios En ningún caso se permitirán insultos, mensajes racistas, sexistas, que fomenten la violencia ni similares, ni ningún otro contrario a las leyes. Tampoco se aprobarán mensajes que contengan spam ni aquellos que nada tengan que ver con el motivo de la conversación. Buscamos mensajes educados y respetuosos para un intercambio normal de opiniones y con sentido, de modo que no se permitirán los ataques personales ni comentarios agresivos. Recuerde que usted es responsable de todo lo que dice en la Red de la misma forma en que lo es en cualquier otro lugar. No se hace responsable del contenido de las opiniones publicadas por los internautas en la sección de comentarios. Por ello, los mensajes de los lectores no corresponden a nuestra línea editorial. Todos los mensajes serán revisados ante de ser publicados por lo cual, una vez envíe su comentario el mismo tardará algunos minutos en ser publicado. Por favor, sea paciente y no lo envíe de nuevo. Se reserva el derecho de suprimir, por cualquier motivo y sin previo aviso, cualquier contenido generado en los espacios de participación. Si usted observa algún comentario publicado que contravenga estas normas, o cree que le alude personalmente, escriba por favor a: Otras Noticias 
</topic_text>
<spam_score>0.00</spam_score>
<post_num>1</post_num>
<post_id>post-1</post_id>
<post_url>http://www.noticierovenevision.net/estrenos-y-estrellas/2016/mayo/12/156704=fallecio-el-actor-venezolano-erick-noriega-en-el-hospital-de-lidice,-caracas</post_url>
<post_date>20160512</post_date>
<post_time></post_time>
<username></username>
<post>
Twitter Falleció el actor venezolano Erick Noriega en el Hospital de Lídice, Caracas 
Fecha 12/05/2016 11:36:00 a.m. El actor Erick Noriega falleció en horas de la madrugada de este miércoles en el hospital Lidice ubicado en La Pastora Caracas.La información se dio a conocer a través de las redes sociales. Las causas de su muerte no han sido develadas.Noriega interpretó muchos papeles en su carrera. Su caracterización más recordada fue el personaje de mayordomo que realizó en la telenovela “ Mi gorda bella”. Con información de Últimas Noticias Comentarios Deje un comentario sobre el tema Nombre (requerido-Sera publicado) Correo electrónico (requerido-No sera publicado) Su comentario (máximo 500 caracteres) Normativa para la publicacion de comentarios En ningún caso se permitirán insultos, mensajes racistas, sexistas, que fomenten la violencia ni similares, ni ningún otro contrario a las leyes. Tampoco se aprobarán mensajes que contengan spam ni aquellos que nada tengan que ver con el motivo de la conversación. Buscamos mensajes educados y respetuosos para un intercambio normal de opiniones y con sentido, de modo que no se permitirán los ataques personales ni comentarios agresivos. Recuerde que usted es responsable de todo lo que dice en la Red de la misma forma en que lo es en cualquier otro lugar. No se hace responsable del contenido de las opiniones publicadas por los internautas en la sección de comentarios. Por ello, los mensajes de los lectores no corresponden a nuestra línea editorial. Todos los mensajes serán revisados ante de ser publicados por lo cual, una vez envíe su comentario el mismo tardará algunos minutos en ser publicado. Por favor, sea paciente y no lo envíe de nuevo. Se reserva el derecho de suprimir, por cualquier motivo y sin previo aviso, cualquier contenido generado en los espacios de participación. Si usted observa algún comentario publicado que contravenga estas normas, o cree que le alude personalmente, escriba por favor a: Otras Noticias 
</post>
<signature>

</signature>
<external_links>

</external_links>
<country>US</country>
<main_image>http://www.noticierovenevision.net/thumb.ashx?mode=4&amp;x=340&amp;y=207&amp;path=/files_mediabroker/public/_jpg/141983.jpg</main_image>
</document>
