<?xml version="1.0" encoding="UTF-8"?>
<document>
<type>mainstream</type>
<forum>http://bouwformatie.nl/rss.aspx</forum>
<forum_title>Bouwformatie</forum_title>
<discussion_title>&apos;Utrecht moet investeren in TivoliVredenburg&apos;</discussion_title>
<language>dutch</language>
<gmt_offset></gmt_offset>
<topic_url>http://Bouwformatie.nl/bouwnieuws/utrecht-moet-investeren-in-tivolivredenburg</topic_url>
<topic_text>
&apos;Utrecht moet investeren in TivoliVredenburg&apos;   UTRECHT - De gemeente Utrecht moet investeren in het verliesgevende muziekpaleis TivoliVredenburg. Het gebouw en de uitstraling daarvan zijn uniek en zelfs wereldwijd zijn er nauwelijks vergelijkbare complexen te vinden. Het is daarom het beste om een streep te zetten onder alle problemen uit het verleden en ervoor te zorgen dat TivoliVredenburg vanaf 2020 zelfstandig kan draaien, zoals elke andere culturele instelling in Utrecht. 
Dat adviseert het Onderzoeks- en Adviesteam TivoliVredenburg (OAT) donderdag aan de gemeente. Het OAT onder leiding van de Amsterdamse oud-cultuurwethouder Carolien Gehrels is aan het werk gegaan toen in het najaar van 2015 bleek dat de exploitatie van het muziekpaleis was uitgelopen op een financiële flop. TivoliVredenburg opende in 2014 de deuren. Volgens de commissie heeft elke culturele instelling zeker tien jaar nodig om tot volle bloei te komen. Bouwfouten De gemeente, huisbaas van het gebouw, moet de huur structureel verlagen met 1,7 miljoen per jaar. De huisbaas is ook verantwoordelijk voor de ruim honderd bouwfouten die zijn ontdekt na de oplevering. Zo hadden verschillende zalen &apos;geluidslekken&apos; en bleek het complex moeilijk toegankelijk voor gehandicapten. Utrecht moet die kosten betalen, vindt het OAT. De gemeente moet daarnaast tot 2020 nog eens in totaal tussen de 5 en 10 miljoen euro in het muziekpaleis stoppen, om TivoliVredenburg de kans te geven zichzelf te ontwikkelen. &apos;Utrecht groeit en bloeit en sneller dan voorzien&apos;, stelt de commissie. &apos;TivoliVredenburg hoort daarbij als &apos;palazzo pubblico&apos;. Het is een plek waar mensen gelukkiger zijn.&apos; De gemeente bespreekt de adviezen deze maand.
</topic_text>
<spam_score>0.00</spam_score>
<post_num>1</post_num>
<post_id>post-1</post_id>
<post_url>http://Bouwformatie.nl/bouwnieuws/utrecht-moet-investeren-in-tivolivredenburg</post_url>
<post_date>20160512</post_date>
<post_time>1631</post_time>
<username></username>
<post>
&apos;Utrecht moet investeren in TivoliVredenburg&apos;   UTRECHT - De gemeente Utrecht moet investeren in het verliesgevende muziekpaleis TivoliVredenburg. Het gebouw en de uitstraling daarvan zijn uniek en zelfs wereldwijd zijn er nauwelijks vergelijkbare complexen te vinden. Het is daarom het beste om een streep te zetten onder alle problemen uit het verleden en ervoor te zorgen dat TivoliVredenburg vanaf 2020 zelfstandig kan draaien, zoals elke andere culturele instelling in Utrecht. 
Dat adviseert het Onderzoeks- en Adviesteam TivoliVredenburg (OAT) donderdag aan de gemeente. Het OAT onder leiding van de Amsterdamse oud-cultuurwethouder Carolien Gehrels is aan het werk gegaan toen in het najaar van 2015 bleek dat de exploitatie van het muziekpaleis was uitgelopen op een financiële flop. TivoliVredenburg opende in 2014 de deuren. Volgens de commissie heeft elke culturele instelling zeker tien jaar nodig om tot volle bloei te komen. Bouwfouten De gemeente, huisbaas van het gebouw, moet de huur structureel verlagen met 1,7 miljoen per jaar. De huisbaas is ook verantwoordelijk voor de ruim honderd bouwfouten die zijn ontdekt na de oplevering. Zo hadden verschillende zalen &apos;geluidslekken&apos; en bleek het complex moeilijk toegankelijk voor gehandicapten. Utrecht moet die kosten betalen, vindt het OAT. De gemeente moet daarnaast tot 2020 nog eens in totaal tussen de 5 en 10 miljoen euro in het muziekpaleis stoppen, om TivoliVredenburg de kans te geven zichzelf te ontwikkelen. &apos;Utrecht groeit en bloeit en sneller dan voorzien&apos;, stelt de commissie. &apos;TivoliVredenburg hoort daarbij als &apos;palazzo pubblico&apos;. Het is een plek waar mensen gelukkiger zijn.&apos; De gemeente bespreekt de adviezen deze maand.
</post>
<signature>

</signature>
<external_links>

</external_links>
<country>NL</country>
<main_image></main_image>
</document>
