<?xml version="1.0" encoding="UTF-8"?>
<document>
<type>mainstream</type>
<forum>http://zetaestaticos.com/leon/rss/1300_es.xml</forum>
<forum_title>RSS de cultura - Diario de León</forum_title>
<discussion_title>Nuevo portal para la Biblioteca Cervantes</discussion_title>
<language>spanish</language>
<gmt_offset></gmt_offset>
<topic_url>http://www.diariodeleon.es/noticias/cultura/nuevo-portal-biblioteca-cervantes_1068104.html</topic_url>
<topic_text>
Carretera León-Astorga, Km. 4,5 24010. Trobajo del Camino (León) España
</topic_text>
<spam_score>0.00</spam_score>
<post_num>1</post_num>
<post_id>post-1</post_id>
<post_url>http://www.diariodeleon.es/noticias/cultura/nuevo-portal-biblioteca-cervantes_1068104.html</post_url>
<post_date>20160511</post_date>
<post_time>0200</post_time>
<username>Diario de León</username>
<post>
Carretera León-Astorga, Km. 4,5 24010. Trobajo del Camino (León) España
</post>
<signature>

</signature>
<external_links>

</external_links>
<country>ES</country>
<main_image>http://zetaestaticos.com/leon/img/logo-facebook.jpg</main_image>
</document>
