<?xml version="1.0" encoding="UTF-8"?>
<document>
<type>mainstream</type>
<forum></forum>
<forum_title></forum_title>
<discussion_title>ventura | RECOLECTOR</discussion_title>
<language>spanish</language>
<gmt_offset></gmt_offset>
<topic_url>http://recolector.net/ventura-y-salvador-perez-ayudan-a-los-reales-a-la-victoria/ventura/</topic_url>
<topic_text>
La mujer que se convirtió en madre primeriza a los 70 años mayo 11, 2016 
</topic_text>
<spam_score>0.00</spam_score>
<post_num>1</post_num>
<post_id>post-1</post_id>
<post_url>http://recolector.net/ventura-y-salvador-perez-ayudan-a-los-reales-a-la-victoria/ventura/</post_url>
<post_date>20160512</post_date>
<post_time></post_time>
<username>Publicado Por</username>
<post>
La mujer que se convirtió en madre primeriza a los 70 años mayo 11, 2016 
</post>
<signature>

</signature>
<external_links>

</external_links>
<country>US</country>
<main_image>http://recolector.net/wp-content/themes/Recolector/framework/timthumb/timthumb.php?src=http://recolector.net/wp-content/uploads/2016/05/ventura-300x155.png&amp;h=300&amp;w=300</main_image>
</document>
