<?xml version="1.0" encoding="UTF-8"?>
<document>
<type>mainstream</type>
<forum></forum>
<forum_title></forum_title>
<discussion_title>Detectan por primera vez ejemplares de fartet en el río . Las Provincias</discussion_title>
<language>spanish</language>
<gmt_offset></gmt_offset>
<topic_url>http://www.lasprovincias.es/elche/201605/11/detectan-primera-ejemplares-fartet-20160511013249-v.html</topic_url>
<topic_text>
Este sitio web utiliza cookies propias y de terceros para optimizar tu navegación, adaptarse a tus preferencias y realizar labores analíticas. Al continuar navegando aceptas nuestra Política de Cookies. Aceptar Ejemplares de fartet. / LV Detectan por primera vez ejemplares de fartet en el río ún fuentes municipales, «que frente a la imagen que aparenta a muchos ilicitanos de ser un río &apos;muerto&apos;, el Vinalopó acoge una importante representación de la flora y fauna» 09:55 
ón de la XI Semana de la Biodiversidad, se ha constatado la presencia inesperada de fartet (Aphanius Iberis) en el tramo final del río Vinalopó a su paso por el municipio ilicitano. 
ño pececillo de apenas 3-5 cm, de dieta omnívora, considerándose un excelente controlador de insectos acuáticos, entre ellos las larvas de mosquito. Aunque existe constancia de su presencia en algunos de los humedales ilicitanos, hasta ahora no se conocía su existencia en el río. Esto viene a confirmar, según fuentes municipales, «que frente a la imagen que aparenta a muchos ilicitanos de ser un río &apos;muerto&apos;, el Vinalopó acoge una importante representación de la flora y fauna asociada a este tipo de cursos de agua salobre». 
El fartet es un endemismo cuya distribución se circunscribe a humedales del litoral español mediterráneo y atlántico andaluz. Está calificado, tanto en el catálogo nacional como en el valenciano, como una especie en peligro de extinción. Lo Más 
</topic_text>
<spam_score>0.00</spam_score>
<post_num>1</post_num>
<post_id>post-1</post_id>
<post_url>http://www.lasprovincias.es/elche/201605/11/detectan-primera-ejemplares-fartet-20160511013249-v.html</post_url>
<post_date>20160511</post_date>
<post_time></post_time>
<username>R.E.</username>
<post>
Este sitio web utiliza cookies propias y de terceros para optimizar tu navegación, adaptarse a tus preferencias y realizar labores analíticas. Al continuar navegando aceptas nuestra Política de Cookies. Aceptar Ejemplares de fartet. / LV Detectan por primera vez ejemplares de fartet en el río ún fuentes municipales, «que frente a la imagen que aparenta a muchos ilicitanos de ser un río &apos;muerto&apos;, el Vinalopó acoge una importante representación de la flora y fauna» 09:55 
ón de la XI Semana de la Biodiversidad, se ha constatado la presencia inesperada de fartet (Aphanius Iberis) en el tramo final del río Vinalopó a su paso por el municipio ilicitano. 
ño pececillo de apenas 3-5 cm, de dieta omnívora, considerándose un excelente controlador de insectos acuáticos, entre ellos las larvas de mosquito. Aunque existe constancia de su presencia en algunos de los humedales ilicitanos, hasta ahora no se conocía su existencia en el río. Esto viene a confirmar, según fuentes municipales, «que frente a la imagen que aparenta a muchos ilicitanos de ser un río &apos;muerto&apos;, el Vinalopó acoge una importante representación de la flora y fauna asociada a este tipo de cursos de agua salobre». 
El fartet es un endemismo cuya distribución se circunscribe a humedales del litoral español mediterráneo y atlántico andaluz. Está calificado, tanto en el catálogo nacional como en el valenciano, como una especie en peligro de extinción. Lo Más 
</post>
<signature>

</signature>
<external_links>

</external_links>
<country>ES</country>
<main_image>http://www.lasprovincias.es/la_verdad/noticias/201605/11/media/cortadas/fartet_xoptimizadax--575x323.jpg</main_image>
</document>
