<?xml version="1.0" encoding="UTF-8"?>
<document>
<type>mainstream</type>
<forum></forum>
<forum_title></forum_title>
<discussion_title>Ask our Walmart policing reporters anything — 2 p.m. on Reddit | Tampa Bay Times</discussion_title>
<language>english</language>
<gmt_offset></gmt_offset>
<topic_url>http://www.tampabay.com/news/publicsafety/ask-our-walmart-policing-reporters-anything-8212-2-pm-on-reddit/2277044#gig_comment_id=b472d8fed7944feb8bbbc39464c125f3</topic_url>
<topic_text>
Ask our Walmart policing reporters anything — 2 p.m. on Reddit Times staff I want to see more articles tagged I&apos;m already following articles tagged Times data analyst Eli Murray and reporters Zachary T. Sampson and Laura C. Morel will participate in a Reddit AMA (&quot;Ask Me Anything&quot;) at 2 p.m. Thursday. [Times] 
Times reporters Laura C. Morel and Zachary T. Sampson constantly read arrest records to follow crimes and trends around Tampa Bay. Related News/Archive Police report murder-suicide of elderly St. Petersburg couple 2 Weeks Ago 
Early last year, they noticed a pattern in the reports: A lot of shoplifting arrests happened at Walmart. Curious, they teamed up with staff data analyst Eli Murray and spent several months looking at thousands of police records and talking to dozens of officers and crime experts. 
The end result? Officers were summoned to Walmarts more than any other business in Tampa Bay. And the calls went far beyond shoplifting. As one source put it: Police have become the &quot;taxpayer-paid private security source for Walmart.&quot; 
Today they&apos;ll be answering your questions in a Reddit AMA — short for &quot;ask me anything.&quot; 
Head to Reddit at 2 p.m. today to ask about the reporting and their findings. We&apos;ll post a link that will take you directly to their AMA once it&apos;s available around 1:45 p.m. 
In the meantime, read the report at tampabay.com/walmartcops . Ask our Walmart policing reporters anything — 2 p.m. on Reddit 05/12/16 [Last modified: Thursday, May 12, 2016 11:53am] 
</topic_text>
<spam_score>0.00</spam_score>
<post_num>1</post_num>
<post_id>post-1</post_id>
<post_url>http://www.tampabay.com/news/publicsafety/ask-our-walmart-policing-reporters-anything-8212-2-pm-on-reddit/2277044#gig_comment_id=b472d8fed7944feb8bbbc39464c125f3</post_url>
<post_date>20160512</post_date>
<post_time></post_time>
<username>Times Staff</username>
<post>
Ask our Walmart policing reporters anything — 2 p.m. on Reddit Times staff I want to see more articles tagged I&apos;m already following articles tagged Times data analyst Eli Murray and reporters Zachary T. Sampson and Laura C. Morel will participate in a Reddit AMA (&quot;Ask Me Anything&quot;) at 2 p.m. Thursday. [Times] 
Times reporters Laura C. Morel and Zachary T. Sampson constantly read arrest records to follow crimes and trends around Tampa Bay. Related News/Archive Police report murder-suicide of elderly St. Petersburg couple 2 Weeks Ago 
Early last year, they noticed a pattern in the reports: A lot of shoplifting arrests happened at Walmart. Curious, they teamed up with staff data analyst Eli Murray and spent several months looking at thousands of police records and talking to dozens of officers and crime experts. 
The end result? Officers were summoned to Walmarts more than any other business in Tampa Bay. And the calls went far beyond shoplifting. As one source put it: Police have become the &quot;taxpayer-paid private security source for Walmart.&quot; 
Today they&apos;ll be answering your questions in a Reddit AMA — short for &quot;ask me anything.&quot; 
Head to Reddit at 2 p.m. today to ask about the reporting and their findings. We&apos;ll post a link that will take you directly to their AMA once it&apos;s available around 1:45 p.m. 
In the meantime, read the report at tampabay.com/walmartcops . Ask our Walmart policing reporters anything — 2 p.m. on Reddit 05/12/16 [Last modified: Thursday, May 12, 2016 11:53am] 
</post>
<signature>

</signature>
<external_links>

</external_links>
<country>US</country>
<main_image>http://www.tampabay.com/resources/images/dti/rendered/2016/05/Slack_for_iOS_Upload_17209833_8col.jpg</main_image>
</document>
