<?xml version="1.0" encoding="UTF-8"?>
<document>
<type>mainstream</type>
<forum>http://tudocelular.com//feed/</forum>
<forum_title>Tudocelular.com</forum_title>
<discussion_title>Nova primeira-dama Marcela Temer tem nudes roubados por hacker brasileiro</discussion_title>
<language>portuguese</language>
<gmt_offset></gmt_offset>
<topic_url>http://www.tudocelular.com/curiosidade/noticias/n71783/marcela-temer-fotos-intimas-roubadas.html</topic_url>
<topic_text>
Nova primeira-dama Marcela Temer tem nudes roubados por hacker brasileiro 
12 de maio de 2016 4 Tudo Android Apple Windows Planos 
Marcela Temer, a esposa do atual presidente interino Michel Temer, teve fotos íntimas roubadas por um hacker brasileiro. Ele teria exigido R$ 300 mil para não vazar as imagens publicamente, após obtê-las do celular pessoal da primeira-dama. O homem de 31 anos, que não teve identidade revelada, foi preso na última quarta-feira (11) pela Polícia. As informações são da Folha de São Paulo. 
De acordo com o jornal, a invasão do hacker se deu primeiro em um serviço de armazenamento de arquivos online de Marcela, de onde ele também conseguiu acesso ao celular da vítima. Do aparelho, o criminoso obteve a agenda de contatos para ligar para familiares, além das três fotos íntimas usadas para chantagem. 
A investigação durou 30 dias, e culminou na prisão do hacker, além de suas mulher e cunhada, acusadas de serem cúmplices. O homem trabalhava como telhadista em São João Clímaco, bairro da região sul de São Paulo. Os três estão sendo iniciados por extorsão, mas a defesa pede que seja considerado crime de estelionato. 
Segundo o advogado do hacker, seu cliente não sabia que a vítima se tratava da mulher de Michel Temer. 
Ele nunca se meteu com isso, apenas viu uma oportunidade de ganhar dinheiro fácil e nã
</topic_text>
<spam_score>0.00</spam_score>
<post_num>1</post_num>
<post_id>post-1</post_id>
<post_url>http://www.tudocelular.com/curiosidade/noticias/n71783/marcela-temer-fotos-intimas-roubadas.html</post_url>
<post_date>20160512</post_date>
<post_time>1102</post_time>
<username>Tudocelular.com</username>
<post>
Nova primeira-dama Marcela Temer tem nudes roubados por hacker brasileiro 
12 de maio de 2016 4 Tudo Android Apple Windows Planos 
Marcela Temer, a esposa do atual presidente interino Michel Temer, teve fotos íntimas roubadas por um hacker brasileiro. Ele teria exigido R$ 300 mil para não vazar as imagens publicamente, após obtê-las do celular pessoal da primeira-dama. O homem de 31 anos, que não teve identidade revelada, foi preso na última quarta-feira (11) pela Polícia. As informações são da Folha de São Paulo. 
De acordo com o jornal, a invasão do hacker se deu primeiro em um serviço de armazenamento de arquivos online de Marcela, de onde ele também conseguiu acesso ao celular da vítima. Do aparelho, o criminoso obteve a agenda de contatos para ligar para familiares, além das três fotos íntimas usadas para chantagem. 
A investigação durou 30 dias, e culminou na prisão do hacker, além de suas mulher e cunhada, acusadas de serem cúmplices. O homem trabalhava como telhadista em São João Clímaco, bairro da região sul de São Paulo. Os três estão sendo iniciados por extorsão, mas a defesa pede que seja considerado crime de estelionato. 
Segundo o advogado do hacker, seu cliente não sabia que a vítima se tratava da mulher de Michel Temer. 
Ele nunca se meteu com isso, apenas viu uma oportunidade de ganhar dinheiro fácil e nã
</post>
<signature>

</signature>
<external_links>

</external_links>
<country>US</country>
<main_image>http://i2.tudocdn.net/img/type28/width646/height284/id172570_1.jpg</main_image>
</document>
