<?xml version="1.0" encoding="UTF-8"?>
<document>
<type>mainstream</type>
<forum>http://www.linncountyleader.com/lifestyle/health?template=rss&amp;mime=xml</forum>
<forum_title>Health - Linn County Leader - Brookfield, MO</forum_title>
<discussion_title>10 things highly successful people do before going to sleep</discussion_title>
<language>english</language>
<gmt_offset></gmt_offset>
<topic_url>http://www.linncountyleader.com/zz/lifestyle/20160512/10-things-highly-successful-people-do-before-going-to-sleep?rssfeed=true</topic_url>
<topic_text>
10 things highly successful people do before going to sleep Before they close out the chapter on the day, successful people typically have a routine that they follow. Before you go to bed, try these 10 things so that you can wake up ready to tackle the day ahead.   Rhett Power, Inc. Posted May. 12, 2016 at 10:00 AM By Rhett Power, Inc. Business Insider Posted May. 12, 2016 at 10:00 AM Before they close out the chapter on the day, successful people typically have a routine that they follow. They have a set of actions and activities that inspire, refresh and renew passion for their business plans and personal life goals. Before you go to bed, try these 10 things so that you can wake up ready to tackle the day ahead. 1. Reflect on the day&apos;s success and failures Successful people don&apos;t get down about any failures. Instead, they reflect on what worked and what did not work. They focus on the positive and use any missed targets as information for success in the future. 2. Express an attitude of thanks Before you retire for the evening, think about people who helped you succeed in the day. Did you express gratitude? If not, consider ways to thank others. 3. Write down your plans Although you don&apos;t need to reflect on all your goals before bed, do a quick review of your short-term goals. Write down urgent and important plans for the following day. 4. Set your alarm Set your alarm so you stay on a regular schedule. People who stick to the same sleep schedule often have more energy to get through their day. 5. Call a good friend People who stay in touch with family and friends feel more motivated every day. Consider talking to someone you love before retiring for the day. 6. Read a good book When the last thing you do before bed is exercise your mind, you have the entire night to process the information. Your subconscious mind will help the ideas turn into inspiration in the days and weeks ahead. 7. Tell someone you love them By expressing love before you go to bed, you have a more positive attitude. People tend to wake up refreshed when they feel loved and secure. Having balance with family and loved ones helps with success in the workplace. 8. Say a prayer or meditating Whether you say a prayer to God or meditate, time spent in silence before bed helps you relax so you sleep deep. You can often let go of problems only to wake up with the solutions when you pray or meditate. 9. Eat a light snack Talk to your personal trainer or nutritionist about the best snack to have before bed. If you go to bed hungry, it could interfere with your sleep schedule. Carefully plan for exercise and a healthy snack before falling asleep. 10. Dream of your best life The final thing successful people do before they go to bed is fantasize about their dream life. They also think of people alive or deceased who helped them, loved them or inspired them. Page 2 of 2 - Good sleep is essential to success. If you get into a good bed time routine you&apos;ll wake up more refreshed and more focused. Read the original article on Inc.. Copyright 2016. By Rhett Power, Inc.   Rhett Power, Inc.
</topic_text>
<spam_score>0.00</spam_score>
<post_num>1</post_num>
<post_id>post-1</post_id>
<post_url>http://www.linncountyleader.com/zz/lifestyle/20160512/10-things-highly-successful-people-do-before-going-to-sleep?rssfeed=true</post_url>
<post_date>20160512</post_date>
<post_time>1500</post_time>
<username>Rhett Power, Inc. Business Insider</username>
<post>
10 things highly successful people do before going to sleep Before they close out the chapter on the day, successful people typically have a routine that they follow. Before you go to bed, try these 10 things so that you can wake up ready to tackle the day ahead.   Rhett Power, Inc. Posted May. 12, 2016 at 10:00 AM By Rhett Power, Inc. Business Insider Posted May. 12, 2016 at 10:00 AM Before they close out the chapter on the day, successful people typically have a routine that they follow. They have a set of actions and activities that inspire, refresh and renew passion for their business plans and personal life goals. Before you go to bed, try these 10 things so that you can wake up ready to tackle the day ahead. 1. Reflect on the day&apos;s success and failures Successful people don&apos;t get down about any failures. Instead, they reflect on what worked and what did not work. They focus on the positive and use any missed targets as information for success in the future. 2. Express an attitude of thanks Before you retire for the evening, think about people who helped you succeed in the day. Did you express gratitude? If not, consider ways to thank others. 3. Write down your plans Although you don&apos;t need to reflect on all your goals before bed, do a quick review of your short-term goals. Write down urgent and important plans for the following day. 4. Set your alarm Set your alarm so you stay on a regular schedule. People who stick to the same sleep schedule often have more energy to get through their day. 5. Call a good friend People who stay in touch with family and friends feel more motivated every day. Consider talking to someone you love before retiring for the day. 6. Read a good book When the last thing you do before bed is exercise your mind, you have the entire night to process the information. Your subconscious mind will help the ideas turn into inspiration in the days and weeks ahead. 7. Tell someone you love them By expressing love before you go to bed, you have a more positive attitude. People tend to wake up refreshed when they feel loved and secure. Having balance with family and loved ones helps with success in the workplace. 8. Say a prayer or meditating Whether you say a prayer to God or meditate, time spent in silence before bed helps you relax so you sleep deep. You can often let go of problems only to wake up with the solutions when you pray or meditate. 9. Eat a light snack Talk to your personal trainer or nutritionist about the best snack to have before bed. If you go to bed hungry, it could interfere with your sleep schedule. Carefully plan for exercise and a healthy snack before falling asleep. 10. Dream of your best life The final thing successful people do before they go to bed is fantasize about their dream life. They also think of people alive or deceased who helped them, loved them or inspired them. Page 2 of 2 - Good sleep is essential to success. If you get into a good bed time routine you&apos;ll wake up more refreshed and more focused. Read the original article on Inc.. Copyright 2016. By Rhett Power, Inc.   Rhett Power, Inc.
</post>
<signature>

</signature>
<external_links>

</external_links>
<country>US</country>
<main_image>http://www.linncountyleader.com/storyimage/ZZ/20160512/LIFESTYLE/160519933/AR/0/sleeping-sleep-bed-routine-nightly-night.jpg</main_image>
</document>
