<?xml version="1.0" encoding="UTF-8"?>
<document>
<type>mainstream</type>
<forum></forum>
<forum_title></forum_title>
<discussion_title>Union &amp; Actions - 147 - 23 - Cap sur le réseautage / 147 - 13-05-2016 / 2016 / Edition du journal / Accueil U&amp;A / PlateForme</discussion_title>
<language>french</language>
<gmt_offset></gmt_offset>
<topic_url>http://www.unionetactions.be/Edition-du-journal/2016/147-13-05-2016/Cap-sur-le-reseautage</topic_url>
<topic_text>
Luxembourg | Afterwork starters &amp; entrepreneurs Cap sur le réseautage Les Jeunes Chambres économiques du Sud Luxembourg lancent le concept Afterwork starters &amp; entrepreneurs, en partenariat notamment avec l&apos;UCM Lux et Challenge. Objectif : réseau. 
Les endroits pour &quot;réseauter&quot; ne sont pas légion dans le Sud Luxembourg. Une lacune qu&apos;entendent combler les Jeunes Chambres économiques avec le dispositif Afterwork starters. Une première rencontre couronnée de succès a eu lieu au Garage de la Wiltz à Habay fin avril. Cet Afterwork a rassemblé pas moins de 80 participants, starters et entrepreneurs confirmés. 
Trois starters ont présenté leurs activités. À commencer par Annie Thiry, qui ouvre en ce mois de mai le premier restaurant végétarien et bio de la province : Lady Green, au cœur du beau village gaumais de Fratin. Nicolas Gilson a, quant à lui, expliqué son parcours, qui l&apos;a amené d&apos;apprenti à repreneur de l&apos;entreprise de construction Yves Gavroy à Virton. Précisons que l&apos;homme est en outre mannequin professionnel ! Enfin, Marie-Laure Lichtfus a présenté son commerce bio, Naturellement Bien, situé à Tintigny. Cette passionnée de diététique et de naturopathie a raconté son aventure entrepreneuriale, initiée après une expérience professionnelle dans la finance au Grand-Duché de Luxembourg. 
La soirée était animée par un membre de la Jeune Chambre (JCI), Johnny Lagneau, qui vient lui aussi de lancer sa start-up, Creative Atoms, avec Cédric Bousmanne. 
Selon l&apos;UCM Lux, représentée à l&apos;Afterwork par Philippe Ledent et Anne-Marie Nemry, l&apos;expérience mérite vraiment d&apos;être poursuivie. Il régnait à Habay une belle énergie. Et l&apos;énergie positive, c&apos;est ce dont le monde a sans doute le plus besoin aujourd&apos;hui ! 
Z&apos;ont dit De Paul Magnette 
(PS), ministre-président wallon : &quot;La grève à l&apos;ancienne, la manifestation de masse à l&apos;ancienne, une certaine rhétorique ne passent plus. Les syndicats et la gauche, nous perdons la bataille de la communication.&quot; (Le Soir, 30/04/16) LES PLUS LUS / TOP 10 
</topic_text>
<spam_score>0.00</spam_score>
<post_num>1</post_num>
<post_id>post-1</post_id>
<post_url>http://www.unionetactions.be/Edition-du-journal/2016/147-13-05-2016/Cap-sur-le-reseautage</post_url>
<post_date>20140417</post_date>
<post_time></post_time>
<username></username>
<post>
Luxembourg | Afterwork starters &amp; entrepreneurs Cap sur le réseautage Les Jeunes Chambres économiques du Sud Luxembourg lancent le concept Afterwork starters &amp; entrepreneurs, en partenariat notamment avec l&apos;UCM Lux et Challenge. Objectif : réseau. 
Les endroits pour &quot;réseauter&quot; ne sont pas légion dans le Sud Luxembourg. Une lacune qu&apos;entendent combler les Jeunes Chambres économiques avec le dispositif Afterwork starters. Une première rencontre couronnée de succès a eu lieu au Garage de la Wiltz à Habay fin avril. Cet Afterwork a rassemblé pas moins de 80 participants, starters et entrepreneurs confirmés. 
Trois starters ont présenté leurs activités. À commencer par Annie Thiry, qui ouvre en ce mois de mai le premier restaurant végétarien et bio de la province : Lady Green, au cœur du beau village gaumais de Fratin. Nicolas Gilson a, quant à lui, expliqué son parcours, qui l&apos;a amené d&apos;apprenti à repreneur de l&apos;entreprise de construction Yves Gavroy à Virton. Précisons que l&apos;homme est en outre mannequin professionnel ! Enfin, Marie-Laure Lichtfus a présenté son commerce bio, Naturellement Bien, situé à Tintigny. Cette passionnée de diététique et de naturopathie a raconté son aventure entrepreneuriale, initiée après une expérience professionnelle dans la finance au Grand-Duché de Luxembourg. 
La soirée était animée par un membre de la Jeune Chambre (JCI), Johnny Lagneau, qui vient lui aussi de lancer sa start-up, Creative Atoms, avec Cédric Bousmanne. 
Selon l&apos;UCM Lux, représentée à l&apos;Afterwork par Philippe Ledent et Anne-Marie Nemry, l&apos;expérience mérite vraiment d&apos;être poursuivie. Il régnait à Habay une belle énergie. Et l&apos;énergie positive, c&apos;est ce dont le monde a sans doute le plus besoin aujourd&apos;hui ! 
Z&apos;ont dit De Paul Magnette 
(PS), ministre-président wallon : &quot;La grève à l&apos;ancienne, la manifestation de masse à l&apos;ancienne, une certaine rhétorique ne passent plus. Les syndicats et la gauche, nous perdons la bataille de la communication.&quot; (Le Soir, 30/04/16) LES PLUS LUS / TOP 10 
</post>
<signature>

</signature>
<external_links>

</external_links>
<country>BE</country>
<main_image>http://www.unionetactions.be/extension/ucm/design/common/images/logo-unionetactions-og-image-20140417.jpg</main_image>
</document>
