<?xml version="1.0" encoding="UTF-8"?>
<document>
<type>mainstream</type>
<forum>http://www.la-razon.com/rss/</forum>
<forum_title>La Razón (Bolivia) - Home</forum_title>
<discussion_title>Dilma Rousseff llama a los brasileños a ‘movilizarse’ contra el &apos;golpe&apos;</discussion_title>
<language>spanish</language>
<gmt_offset></gmt_offset>
<topic_url>http://www.la-razon.com/mundo/brasil-rousseff-llamamiento-movilizaciones_0_2489151093.html</topic_url>
<topic_text>
brasil Dilma Rousseff llama a los brasileños a ‘movilizarse’ contra el &apos;golpe&apos; La mandataria asegura no obstante que es víctima de un &quot;golpe moderno&quot; liderado por el &quot;traidor&quot; Temer y el expresidente de la Cámara de Diputados, Eduardo Cunha, suspendido por la Corte Suprema por obstruir investigaciones de corrupción en su contra. 
Dilma Rousseff al momento de dejar la presidencia de Brasil. Foto: AFP 
La Razón Digital / AFP / BRASILIA 
11:08   La presidenta Dilma Rousseff llamó este jueves a los brasileños a movilizarse para resistir lo que consideró un golpe en su contra, en su primer discurso tras ser suspendida por el Senado para ser sometida a un juicio político. &quot;La población sabrá decir no al golpe (....) A los brasileños que se oponen al golpe, sean del partido que sean, les hago un llamado, manténganse movilizados, unidos y en paz&quot;, sostuvo Rousseff ante periodistas y funcionarios en el Palacio de Planalto. &quot;La lucha por la democracia no tiene fecha para terminar. Es una lucha permanente que nos exige dedicación constante&quot;, afirmó. Rousseff, que fue reemplazada de manera interina en la presidencia por su exaliado y ahora enemigo Michel Temer, su vice durante más de cinco años, debe abandonar este jueves el Palacio de Planalto. Mientras dure el juicio político que se le inició por maquillaje de las cuentas públicas, durante un máximo de 180 días permanecerá en el Palacio de Alvorada, la residencia oficial. &quot;Lo que está en juego no es apenas mi mandato, lo que está en juego es el respeto a las urnas, a la voluntad soberana del pueblo brasileño y la Constitución&quot;, afirmó una desafiante Rousseff, vestida con un impecable traje blanco. &quot;Lo que está en juego son las conquistas de los últimos 13 años, las ganancias de las personas más pobres y la clase media&quot;, añadió en referencia a los programas sociales impulsados por su izquierdista Partido de los Trabajadores, que gobernó Brasil desde 2003. La exguerrillera de 68 años, que fue torturada y encarcelada durante la dictadura militar y se convirtió en 2011 en la primera mujer presidenta de Brasil, confesó que sufre &quot;una vez más el dolor abominable de la injusticia&quot;. &quot;Lo que me duele más en este momento es percibir que soy víctima de una farsa política y jurídica&quot;, aseveró. Rousseff es acusada de &quot;crimen de responsabilidad&quot; por encubrir déficit presupuestarios y engrosar las arcas con préstamos de bancos estatales durante su campaña a la reelección de 2014. La mandataria asegura no obstante que es víctima de un &quot;golpe moderno&quot; liderado por el &quot;traidor&quot; Temer y el expresidente de la Cámara de Diputados, Eduardo Cunha, suspendido por la Corte Suprema por obstruir investigaciones de corrupción en su contra. Ambos pertenecen al partido de centro derecha PMDB. &quot;El mayor riesgo para el país es ser dirigido por un gobierno sin voto (...) que no tendrá legitimidad para implementar soluciones para los desafíos de Brasil&quot;, aseveró tras recordar que fue electa con 54 millones de votos para gobernar hasta fines de 2018. (12-05-2016)
</topic_text>
<spam_score>0.00</spam_score>
<post_num>1</post_num>
<post_id>post-1</post_id>
<post_url>http://www.la-razon.com/mundo/brasil-rousseff-llamamiento-movilizaciones_0_2489151093.html</post_url>
<post_date>20160512</post_date>
<post_time>1508</post_time>
<username></username>
<post>
brasil Dilma Rousseff llama a los brasileños a ‘movilizarse’ contra el &apos;golpe&apos; La mandataria asegura no obstante que es víctima de un &quot;golpe moderno&quot; liderado por el &quot;traidor&quot; Temer y el expresidente de la Cámara de Diputados, Eduardo Cunha, suspendido por la Corte Suprema por obstruir investigaciones de corrupción en su contra. 
Dilma Rousseff al momento de dejar la presidencia de Brasil. Foto: AFP 
La Razón Digital / AFP / BRASILIA 
11:08   La presidenta Dilma Rousseff llamó este jueves a los brasileños a movilizarse para resistir lo que consideró un golpe en su contra, en su primer discurso tras ser suspendida por el Senado para ser sometida a un juicio político. &quot;La población sabrá decir no al golpe (....) A los brasileños que se oponen al golpe, sean del partido que sean, les hago un llamado, manténganse movilizados, unidos y en paz&quot;, sostuvo Rousseff ante periodistas y funcionarios en el Palacio de Planalto. &quot;La lucha por la democracia no tiene fecha para terminar. Es una lucha permanente que nos exige dedicación constante&quot;, afirmó. Rousseff, que fue reemplazada de manera interina en la presidencia por su exaliado y ahora enemigo Michel Temer, su vice durante más de cinco años, debe abandonar este jueves el Palacio de Planalto. Mientras dure el juicio político que se le inició por maquillaje de las cuentas públicas, durante un máximo de 180 días permanecerá en el Palacio de Alvorada, la residencia oficial. &quot;Lo que está en juego no es apenas mi mandato, lo que está en juego es el respeto a las urnas, a la voluntad soberana del pueblo brasileño y la Constitución&quot;, afirmó una desafiante Rousseff, vestida con un impecable traje blanco. &quot;Lo que está en juego son las conquistas de los últimos 13 años, las ganancias de las personas más pobres y la clase media&quot;, añadió en referencia a los programas sociales impulsados por su izquierdista Partido de los Trabajadores, que gobernó Brasil desde 2003. La exguerrillera de 68 años, que fue torturada y encarcelada durante la dictadura militar y se convirtió en 2011 en la primera mujer presidenta de Brasil, confesó que sufre &quot;una vez más el dolor abominable de la injusticia&quot;. &quot;Lo que me duele más en este momento es percibir que soy víctima de una farsa política y jurídica&quot;, aseveró. Rousseff es acusada de &quot;crimen de responsabilidad&quot; por encubrir déficit presupuestarios y engrosar las arcas con préstamos de bancos estatales durante su campaña a la reelección de 2014. La mandataria asegura no obstante que es víctima de un &quot;golpe moderno&quot; liderado por el &quot;traidor&quot; Temer y el expresidente de la Cámara de Diputados, Eduardo Cunha, suspendido por la Corte Suprema por obstruir investigaciones de corrupción en su contra. Ambos pertenecen al partido de centro derecha PMDB. &quot;El mayor riesgo para el país es ser dirigido por un gobierno sin voto (...) que no tendrá legitimidad para implementar soluciones para los desafíos de Brasil&quot;, aseveró tras recordar que fue electa con 54 millones de votos para gobernar hasta fines de 2018. (12-05-2016)
</post>
<signature>

</signature>
<external_links>

</external_links>
<country>US</country>
<main_image></main_image>
</document>
