<?xml version="1.0" encoding="UTF-8"?>
<document>
<type>mainstream</type>
<forum></forum>
<forum_title></forum_title>
<discussion_title>Manufacturing Controller Opportunity - Alpharetta, GA - 00920-108473 | Robert Half</discussion_title>
<language>english</language>
<gmt_offset></gmt_offset>
<topic_url>https://www.roberthalf.com/finance/job-search/alpharetta-ga/manufacturing-controller-opportunity/43632692</topic_url>
<topic_text>
Home / Finance / Job Search / Manufacturing Controller Opportunity - Alpharetta, GA - 00920-108473 Manufacturing Controller Opportunity Salary: $90,000.00 to $110,000.00 per year Location: Alpharetta, GA Post Date: May 4, 2016 Employment Type: Full-time Apply Now Description: Our client, a manufacturing firm in North Fulton, is currently looking for a Controller for their growing company. The controller will report directly to the CFO. This is a very &quot;hands on&quot; role, the controller will work to implement policies and controls while providing daily supervision and leadership over all accounting functions. The ideal candidate with have the following: Experience managing inventory, purchasing and cost accounting controls. Experience maintaining a job costing system. Experience Presenting to executive management Ability to work in a fast paced and challenging environment. Strong communication skills For immediate consideration, please email your resume to Nick Parker at [email protected] Requirements 8 -10 years progressive accounting experience 5 years accounting managerial experience in a manufacturing environment BA or BS degree in Finance or Accounting. CPA Required MBA preferred Experience managing a large ERP system Robert Half Finance &amp; Accounting is the world&apos;s leader in specialized financial staffing. We provide exciting full-time opportunities in the areas of accounting, bookkeeping, finance, audit, taxation and more. We pioneered the professional staffing industry, and we&apos;ve been successfully matching professionals with employers since 1948. Our proven proprietary processes, along with our relationships in more than 340 locations worldwide, allow us to provide you unparalleled access to exciting career opportunities.But don&apos;t take our word for it. Our company once again was named to FORTUNE® magazine&apos;s list of &quot;World&apos;s Most Admired Companies&quot; and was the highest-ranked staffing firm. (March 1, 2016), and 9 out of 10 of our clients and candidates would recommend our service to a colleague.Apply for this job now or contact our nearest office at 1.800.474.4253 for additional information.All applicants applying for U.S. job openings must be authorized to work in the United States. All applicants applying for Canadian job openings must be authorized to work in Canada.Equal Opportunity Employer M/F/Disability/VetBy clicking &apos;Apply Now&apos; you are agreeing to Robert Half Terms of Use . Apply Now 
</topic_text>
<spam_score>0.00</spam_score>
<post_num>1</post_num>
<post_id>post-1</post_id>
<post_url>https://www.roberthalf.com/finance/job-search/alpharetta-ga/manufacturing-controller-opportunity/43632692</post_url>
<post_date>20160504</post_date>
<post_time></post_time>
<username></username>
<post>
Home / Finance / Job Search / Manufacturing Controller Opportunity - Alpharetta, GA - 00920-108473 Manufacturing Controller Opportunity Salary: $90,000.00 to $110,000.00 per year Location: Alpharetta, GA Post Date: May 4, 2016 Employment Type: Full-time Apply Now Description: Our client, a manufacturing firm in North Fulton, is currently looking for a Controller for their growing company. The controller will report directly to the CFO. This is a very &quot;hands on&quot; role, the controller will work to implement policies and controls while providing daily supervision and leadership over all accounting functions. The ideal candidate with have the following: Experience managing inventory, purchasing and cost accounting controls. Experience maintaining a job costing system. Experience Presenting to executive management Ability to work in a fast paced and challenging environment. Strong communication skills For immediate consideration, please email your resume to Nick Parker at [email protected] Requirements 8 -10 years progressive accounting experience 5 years accounting managerial experience in a manufacturing environment BA or BS degree in Finance or Accounting. CPA Required MBA preferred Experience managing a large ERP system Robert Half Finance &amp; Accounting is the world&apos;s leader in specialized financial staffing. We provide exciting full-time opportunities in the areas of accounting, bookkeeping, finance, audit, taxation and more. We pioneered the professional staffing industry, and we&apos;ve been successfully matching professionals with employers since 1948. Our proven proprietary processes, along with our relationships in more than 340 locations worldwide, allow us to provide you unparalleled access to exciting career opportunities.But don&apos;t take our word for it. Our company once again was named to FORTUNE® magazine&apos;s list of &quot;World&apos;s Most Admired Companies&quot; and was the highest-ranked staffing firm. (March 1, 2016), and 9 out of 10 of our clients and candidates would recommend our service to a colleague.Apply for this job now or contact our nearest office at 1.800.474.4253 for additional information.All applicants applying for U.S. job openings must be authorized to work in the United States. All applicants applying for Canadian job openings must be authorized to work in Canada.Equal Opportunity Employer M/F/Disability/VetBy clicking &apos;Apply Now&apos; you are agreeing to Robert Half Terms of Use . Apply Now 
</post>
<signature>

</signature>
<external_links>

</external_links>
<country>US</country>
<main_image>https://www.roberthalf.com/sites/all/themes/custom/rhalf/images/robert-half-social-logo.gif</main_image>
</document>
