<?xml version="1.0" encoding="UTF-8"?>
<document>
<type>mainstream</type>
<forum>http://bangka.tribunnews.com/rss</forum>
<forum_title>Bangka Pos</forum_title>
<discussion_title>Pasca Sidak Aktivitas Scarpping KIP Stevanie Berhenti</discussion_title>
<language>indonesian</language>
<gmt_offset></gmt_offset>
<topic_url>http://bangka.tribunnews.com/2016/05/12/pasca-sidak-aktivitas-scarpping-kip-stevanie-berhenti</topic_url>
<topic_text>
Pasca Sidak Aktivitas Scarpping KIP Stevanie Berhenti Kamis, 12 Mei 2016 20:39 IST 
Laporan Wartawan Bangka Pos Anthoni 
BANGKAPOS.COM, BANGKA -- Kepala Dinas BLHD Kabupaten Bangka Barat Effendi, mengatakan pasca sidak Rabu (11/6/2016) kemarin, aktivitas scarpping KIP Stevanie dihentikan sementara, sampai pihak pengelola mengantongi izin secara keseluruhan. 
Pasca sidak kemarin, pihak pengelola hanya diizinkan melakukan puing-puing dan sisa pemotongan bangkai KIP Stevanie saja. 
Sementara untuk pemotongan dihentikan sementara. 
&quot;Sampai saat ini tidak ada aktivitas pemotongan, mereka hanya mengangkut sisa dan puing-puing besi yang sudah terlajur di potong saja,&quot; tegas Effendi ditemui usai menghadiri silahturahmi Kakanwil Kemenkumham Babel Bambang dengan Bupati Babar Parhan Ali, Kamis (12/5/2016). 
Update berita, KLIK: www.bangka.tribunnews.com 
Selengkapnya baca Harian Cetak Bangka Pos dan BabelNews Penulis: oni
</topic_text>
<spam_score>0.00</spam_score>
<post_num>1</post_num>
<post_id>post-1</post_id>
<post_url>http://bangka.tribunnews.com/2016/05/12/pasca-sidak-aktivitas-scarpping-kip-stevanie-berhenti</post_url>
<post_date>20160512</post_date>
<post_time>1339</post_time>
<username></username>
<post>
Pasca Sidak Aktivitas Scarpping KIP Stevanie Berhenti Kamis, 12 Mei 2016 20:39 IST 
Laporan Wartawan Bangka Pos Anthoni 
BANGKAPOS.COM, BANGKA -- Kepala Dinas BLHD Kabupaten Bangka Barat Effendi, mengatakan pasca sidak Rabu (11/6/2016) kemarin, aktivitas scarpping KIP Stevanie dihentikan sementara, sampai pihak pengelola mengantongi izin secara keseluruhan. 
Pasca sidak kemarin, pihak pengelola hanya diizinkan melakukan puing-puing dan sisa pemotongan bangkai KIP Stevanie saja. 
Sementara untuk pemotongan dihentikan sementara. 
&quot;Sampai saat ini tidak ada aktivitas pemotongan, mereka hanya mengangkut sisa dan puing-puing besi yang sudah terlajur di potong saja,&quot; tegas Effendi ditemui usai menghadiri silahturahmi Kakanwil Kemenkumham Babel Bambang dengan Bupati Babar Parhan Ali, Kamis (12/5/2016). 
Update berita, KLIK: www.bangka.tribunnews.com 
Selengkapnya baca Harian Cetak Bangka Pos dan BabelNews Penulis: oni
</post>
<signature>

</signature>
<external_links>

</external_links>
<country>US</country>
<main_image>http://cdn-2.tstatic.net/bangka/foto/bank/images/besi-kapal_20160512_185524.jpg</main_image>
</document>
