<?xml version="1.0" encoding="UTF-8"?>
<document>
<type>mainstream</type>
<forum></forum>
<forum_title></forum_title>
<discussion_title>车市旺季即将开启 你准备好出手了吗？-千龙网·中国首都网</discussion_title>
<language>chinese</language>
<gmt_offset></gmt_offset>
<topic_url>http://finance.qianlong.com/2016/0511/599886.shtml</topic_url>
<topic_text>
打印 放大 缩小 来源标题： 车市旺季即将开启 你准备好出手了吗 
“五·一”期间众多4S店进行的促销余波仍在，部分豪华车型甚至优惠超过10万元，消费者的购车需求在“五·一”期间得以释放，近期车市的销售进入一个小高潮。4月份广州个人车牌摇号中签率创新低，有经销商认为，众多消费者希望在5月份出手，所以4月份摇号的人特别多。另外，近日由中国汽车流通协会发布的“中国汽车经销商库存预警指数调查”显示，上个月国内汽车经销商库存预警指数再次微降，但库存预警指数仍然处在荣枯值警戒线以上。由于本地经销商“五·一”期间销售普遍可观，目前有些热销车型缺货，随着北京车展新车陆续上市，接下来市场会更加热闹。 
1.中签率新低预示旺季到来 
上个月广州个人车牌摇号中签率创新低，最终产生4569个个人普通车指标，而参与个人车牌摇号的人数则超过47万，记者核算发现，普通车中签率低至0.96%，为104人抢一个指标，这也是广州车牌摇号中签率最低的一次。根据市中小客车指标调控管理办公室的统计，参与个人车牌摇号的多达475287人。记者查阅发现，这是广州自举行中小客车指标摇号活动以来，参与个人车牌摇号人数最多的一次，也成为广州个人车牌竞争最为激烈的一次。值得注意的是，广州参与个人车牌摇号人数已连续8个月超过40万，连续两个月超过45万。另外，4月份指标竞价个人成交均价25701元，最低成交价23800元，继3月份后小幅两连涨。 
值得注意的是，上个月个人节能车指标880个，摇号人数达3889人，中签率只有两成多。以往每月的880个节能车指标往往不足一半被摘走，但从去年12月开始节能车摇号首度出现爆仓后，中签率就节节下降，可见在汽车限购的背景下，只要价钱合适，新能源车型还是会受到追捧，广汽丰田的雷凌双擎无疑是本地新能源车市场的大赢家，虽然没有具体数据公布，据广丰的经销商透露，880个指标大部分都被雷凌双擎占去。 
多数车行认为，4月份摇号和竞价的情况，表明市场开始回暖，5月份无论从人气还是销量方面应该都比较乐观。 
2.新车大多5月上旬到店 
5月份是新车密集上市期，不少车商都拿出了已经上市或尚未上市的新车进行宣传。大部分新车将于5月上旬左右到店并开始销售。已经在北京车展现场亮相的一汽-大众全新嘉旅近日举行线上发布，目前已经可以在4S店订车。而宝马X1、东风日产西玛、骐达、海马V70、中国一汽森雅R7等车型也即将抵达广州。记者了解到，宝马全新X1已经有样车抵达展厅，而东风日产除了全新西玛外，新骐达也即将在店头发布，并已开始预售，预售价为10万-14万元。 
不过这些新车基本上都还没有优惠。东风日产吉泰店总经理谭先生告诉记者，例如刚刚上市的西玛车型，目前可以享受赠送两轮平衡车作为订车礼品； 而即将上市的新骐达，则可以享受199元抵2000元订车款的优惠，加上骐达采用的1.2T或1.6L发动机均可以享受购置税减半政策，这些新车依然具备一定的性价比。经销商表示，5月份与北京车展遥相呼应，一些车展上市的新车可以在第一时间亮相广州，很赚眼球，也很有看点，所以近期到店看车咨询的人比较多。 
记者粗略统计一下，5月份入市的新车中，SUV车型占了大半，如宝马新X1、吉利帝豪GS、绅宝X35、Jeep自由侠、英菲尼迪QX80、凯迪拉克XT5等，可以预期，北京车展后将掀起新一波SUV热潮。 
3.旧款车型降价促销 
“五·一”期间众多品牌推出各项优惠，目前有许多仍在延续，部分豪华车品牌优惠幅度超过10万元。其中，凯迪拉克SRX优惠6万元，ATS-L领先版现金优惠10万元；沃尔沃XC90 T6 智雅升级版七座综合优惠达到11万元；奥迪A3最低销售价为14.99万元，而其此前指导价为19.09万-29.67万元。此外，多个合资品牌以及自主品牌皆有不同程度的优惠促销：DS 5LS指定车型最高优惠3.5万元；一汽-大众捷达现金直降1.8万元；上汽大众新朗逸优惠1.6万元；别克昂科威豪雅版优惠2万元；斯柯达速派1.8T自动纪念版优惠5.28万元；雪铁龙新C5豪华版特价直降5万元。 
由于新车上市带来的冲击，不少将被新车取代的旧款车以及尚未换代的其他车型优惠幅度均继续加大。而不少车型则在新款上市后推出“经典款”继续销售，这类经典款车型同样值得关注。目前，雪铁龙世嘉、日产轩逸、丰田卡罗拉、标致3008、东风本田思域、上海大众朗逸、福特福克斯等车型均在新车换代后推出了经典款，部分车型新旧款无论在价格、配置上都相差很大，购买时需要更加注意。另外和经销商洽谈时，也要明确自己所谈的究竟是“新款”还是“经典款”，否则很可能吃亏。 
例如之前热销的福克斯经典款，部分尚未销售的车型优惠幅度可以达到2.5万元以上，而新款福克斯则在1.7万-2万元左右；目前旧款骐达车型有1万元左右的优惠，但新款没有优惠；新款思域和旧款指导价基本不变，但旧款优惠2.3万元，目前想要购买旧款车的朋友可以获得更大的优惠幅度。 
不过，旧款车型由于库存时间比新车更长，可能会出现各种问题。业内人士建议，如果购买库存时间超过3个月的车型，就需要在提车时更加仔细地进行检查，特别是看看车辆的油路、电路是否有损坏。 责任编辑： 刘洪昌（QF0001） 作者： 许方华 相关阅读 
</topic_text>
<spam_score>0.00</spam_score>
<post_num>1</post_num>
<post_id>post-1</post_id>
<post_url>http://finance.qianlong.com/2016/0511/599886.shtml</post_url>
<post_date>20160511</post_date>
<post_time></post_time>
<username></username>
<post>
打印 放大 缩小 来源标题： 车市旺季即将开启 你准备好出手了吗 
“五·一”期间众多4S店进行的促销余波仍在，部分豪华车型甚至优惠超过10万元，消费者的购车需求在“五·一”期间得以释放，近期车市的销售进入一个小高潮。4月份广州个人车牌摇号中签率创新低，有经销商认为，众多消费者希望在5月份出手，所以4月份摇号的人特别多。另外，近日由中国汽车流通协会发布的“中国汽车经销商库存预警指数调查”显示，上个月国内汽车经销商库存预警指数再次微降，但库存预警指数仍然处在荣枯值警戒线以上。由于本地经销商“五·一”期间销售普遍可观，目前有些热销车型缺货，随着北京车展新车陆续上市，接下来市场会更加热闹。 
1.中签率新低预示旺季到来 
上个月广州个人车牌摇号中签率创新低，最终产生4569个个人普通车指标，而参与个人车牌摇号的人数则超过47万，记者核算发现，普通车中签率低至0.96%，为104人抢一个指标，这也是广州车牌摇号中签率最低的一次。根据市中小客车指标调控管理办公室的统计，参与个人车牌摇号的多达475287人。记者查阅发现，这是广州自举行中小客车指标摇号活动以来，参与个人车牌摇号人数最多的一次，也成为广州个人车牌竞争最为激烈的一次。值得注意的是，广州参与个人车牌摇号人数已连续8个月超过40万，连续两个月超过45万。另外，4月份指标竞价个人成交均价25701元，最低成交价23800元，继3月份后小幅两连涨。 
值得注意的是，上个月个人节能车指标880个，摇号人数达3889人，中签率只有两成多。以往每月的880个节能车指标往往不足一半被摘走，但从去年12月开始节能车摇号首度出现爆仓后，中签率就节节下降，可见在汽车限购的背景下，只要价钱合适，新能源车型还是会受到追捧，广汽丰田的雷凌双擎无疑是本地新能源车市场的大赢家，虽然没有具体数据公布，据广丰的经销商透露，880个指标大部分都被雷凌双擎占去。 
多数车行认为，4月份摇号和竞价的情况，表明市场开始回暖，5月份无论从人气还是销量方面应该都比较乐观。 
2.新车大多5月上旬到店 
5月份是新车密集上市期，不少车商都拿出了已经上市或尚未上市的新车进行宣传。大部分新车将于5月上旬左右到店并开始销售。已经在北京车展现场亮相的一汽-大众全新嘉旅近日举行线上发布，目前已经可以在4S店订车。而宝马X1、东风日产西玛、骐达、海马V70、中国一汽森雅R7等车型也即将抵达广州。记者了解到，宝马全新X1已经有样车抵达展厅，而东风日产除了全新西玛外，新骐达也即将在店头发布，并已开始预售，预售价为10万-14万元。 
不过这些新车基本上都还没有优惠。东风日产吉泰店总经理谭先生告诉记者，例如刚刚上市的西玛车型，目前可以享受赠送两轮平衡车作为订车礼品； 而即将上市的新骐达，则可以享受199元抵2000元订车款的优惠，加上骐达采用的1.2T或1.6L发动机均可以享受购置税减半政策，这些新车依然具备一定的性价比。经销商表示，5月份与北京车展遥相呼应，一些车展上市的新车可以在第一时间亮相广州，很赚眼球，也很有看点，所以近期到店看车咨询的人比较多。 
记者粗略统计一下，5月份入市的新车中，SUV车型占了大半，如宝马新X1、吉利帝豪GS、绅宝X35、Jeep自由侠、英菲尼迪QX80、凯迪拉克XT5等，可以预期，北京车展后将掀起新一波SUV热潮。 
3.旧款车型降价促销 
“五·一”期间众多品牌推出各项优惠，目前有许多仍在延续，部分豪华车品牌优惠幅度超过10万元。其中，凯迪拉克SRX优惠6万元，ATS-L领先版现金优惠10万元；沃尔沃XC90 T6 智雅升级版七座综合优惠达到11万元；奥迪A3最低销售价为14.99万元，而其此前指导价为19.09万-29.67万元。此外，多个合资品牌以及自主品牌皆有不同程度的优惠促销：DS 5LS指定车型最高优惠3.5万元；一汽-大众捷达现金直降1.8万元；上汽大众新朗逸优惠1.6万元；别克昂科威豪雅版优惠2万元；斯柯达速派1.8T自动纪念版优惠5.28万元；雪铁龙新C5豪华版特价直降5万元。 
由于新车上市带来的冲击，不少将被新车取代的旧款车以及尚未换代的其他车型优惠幅度均继续加大。而不少车型则在新款上市后推出“经典款”继续销售，这类经典款车型同样值得关注。目前，雪铁龙世嘉、日产轩逸、丰田卡罗拉、标致3008、东风本田思域、上海大众朗逸、福特福克斯等车型均在新车换代后推出了经典款，部分车型新旧款无论在价格、配置上都相差很大，购买时需要更加注意。另外和经销商洽谈时，也要明确自己所谈的究竟是“新款”还是“经典款”，否则很可能吃亏。 
例如之前热销的福克斯经典款，部分尚未销售的车型优惠幅度可以达到2.5万元以上，而新款福克斯则在1.7万-2万元左右；目前旧款骐达车型有1万元左右的优惠，但新款没有优惠；新款思域和旧款指导价基本不变，但旧款优惠2.3万元，目前想要购买旧款车的朋友可以获得更大的优惠幅度。 
不过，旧款车型由于库存时间比新车更长，可能会出现各种问题。业内人士建议，如果购买库存时间超过3个月的车型，就需要在提车时更加仔细地进行检查，特别是看看车辆的油路、电路是否有损坏。 责任编辑： 刘洪昌（QF0001） 作者： 许方华 相关阅读 
</post>
<signature>

</signature>
<external_links>

</external_links>
<country>CN</country>
<main_image></main_image>
</document>
