<?xml version="1.0" encoding="UTF-8"?>
<document>
<type>mainstream</type>
<forum>http://feeds.feedburner.com/ubergizmo</forum>
<forum_title>Ubergizmo</forum_title>
<discussion_title>Android N May Not Have ‘3D Touch’ Support At Launch</discussion_title>
<language>english</language>
<gmt_offset></gmt_offset>
<topic_url>http://www.ubergizmo.com/2016/05/android-n-may-not-have-3d-touch-support-at-launch/</topic_url>
<topic_text>
Android N May Not Have ‘3D Touch’ Support At Launch By Adnan Farooqui on 05/12/2016 08:55 PDT 
It was reported last month that Google is working on adding support for “3D Touch” in Android . We expected that the company would unveil support for native pressure sensing displays in Android N at the Google I/O 2016 developers conference earlier this month but a new report suggests that the feature won’t be ready in time and that Android N is going to have support for it at launch. 
Recode reports that Google has decided to delay the launch of this feature due to reasons not known to the scribe, it does mention that this feature will most likely be released as part of a later maintenance update which might very well be Android version 7.1. 
Google baking support for this feature right into Android could spark a surge in devices that come with native pressure sensing displays. The technology enables the OS to respond to taps of varying force differently, as the display is able to recognize how much force is being put into a tap. 
Apple calls this technology 3D Touch and it’s already available in the current flagship iPhone. Huawei and ZTE have launched Android-powered devices that have similar features , they just had to create their own APIs for it to work since Android doesn’t have native support for now, but it most certainly will in the future.
</topic_text>
<spam_score>0.00</spam_score>
<post_num>1</post_num>
<post_id>post-1</post_id>
<post_url>http://www.ubergizmo.com/2016/05/android-n-may-not-have-3d-touch-support-at-launch/</post_url>
<post_date>20160512</post_date>
<post_time>1555</post_time>
<username>Adnan Farooqui</username>
<post>
Android N May Not Have ‘3D Touch’ Support At Launch By Adnan Farooqui on 05/12/2016 08:55 PDT 
It was reported last month that Google is working on adding support for “3D Touch” in Android . We expected that the company would unveil support for native pressure sensing displays in Android N at the Google I/O 2016 developers conference earlier this month but a new report suggests that the feature won’t be ready in time and that Android N is going to have support for it at launch. 
Recode reports that Google has decided to delay the launch of this feature due to reasons not known to the scribe, it does mention that this feature will most likely be released as part of a later maintenance update which might very well be Android version 7.1. 
Google baking support for this feature right into Android could spark a surge in devices that come with native pressure sensing displays. The technology enables the OS to respond to taps of varying force differently, as the display is able to recognize how much force is being put into a tap. 
Apple calls this technology 3D Touch and it’s already available in the current flagship iPhone. Huawei and ZTE have launched Android-powered devices that have similar features , they just had to create their own APIs for it to work since Android doesn’t have native support for now, but it most certainly will in the future.
</post>
<signature>

</signature>
<external_links>

</external_links>
<country>US</country>
<main_image>http://cdn2.ubergizmo.com/wp-content/uploads/2015/04/google-logo.jpg</main_image>
</document>
