<?xml version="1.0" encoding="UTF-8"?>
<document>
<type>mainstream</type>
<forum></forum>
<forum_title></forum_title>
<discussion_title>Foster + Partners gets go ahead for crystalline skyscrapers in San Francisco - Best Property Deals in Orlando</discussion_title>
<language>english</language>
<gmt_offset></gmt_offset>
<topic_url>http://www.bestpropertydealsinorlando.com/Main/foster-partners-gets-go-ahead-for-crystalline-skyscrapers-in-san-francisco/</topic_url>
<topic_text>
Best Property Deals in Orlando Come and check the best property deals in central Florida. Check our &quot;Rent Any Program&quot;, with this program we allow you to choose from any property in the market that is for sale and purchase it to rent it to you. Making the world a better place one house at a time! Best Property Deals in Orlando Come and check the best property deals in central Florida. Check our &quot;Rent Any Program&quot;, with this program we allow you to choose from any property in the market that is for sale and purchase it to rent it to you. Making the world a better place one house at a time! 
</topic_text>
<spam_score>0.00</spam_score>
<post_num>1</post_num>
<post_id>post-1</post_id>
<post_url>http://www.bestpropertydealsinorlando.com/Main/foster-partners-gets-go-ahead-for-crystalline-skyscrapers-in-san-francisco/</post_url>
<post_date>20160512</post_date>
<post_time></post_time>
<username></username>
<post>
Best Property Deals in Orlando Come and check the best property deals in central Florida. Check our &quot;Rent Any Program&quot;, with this program we allow you to choose from any property in the market that is for sale and purchase it to rent it to you. Making the world a better place one house at a time! Best Property Deals in Orlando Come and check the best property deals in central Florida. Check our &quot;Rent Any Program&quot;, with this program we allow you to choose from any property in the market that is for sale and purchase it to rent it to you. Making the world a better place one house at a time! 
</post>
<signature>

</signature>
<external_links>

</external_links>
<country>US</country>
<main_image>http://www.bestpropertydealsinorlando.com/Main/wp-content/uploads/2016/05/568564-thumb.jpg</main_image>
</document>
