<?xml version="1.0" encoding="UTF-8"?>
<document>
<type>mainstream</type>
<forum></forum>
<forum_title></forum_title>
<discussion_title>ST沪科上演“壳不死”神话：连续12年扣非后亏损-千龙网·中国首都网</discussion_title>
<language>chinese</language>
<gmt_offset></gmt_offset>
<topic_url>http://finance.qianlong.com/2016/0512/601232.shtml</topic_url>
<topic_text>

在投资者互动平台上，投资者关注的是公司何时进行重组。不过，让公司感到棘手的是，公司主要银行账户于2015年7月份被冻结，目前和相关方尚未就相关还款条件最终达成一致。而这也将影响公司开展重大事项。 
暂停上市边缘收到巨额补贴 
ST沪科2014年度经审计的期末净资产为负值，且2013年度、2014年度两个会计年度经审计的净利润连续为负值，根据相关规定，若公司2015年度被审计后的财务报告显示净利润为负、净资产为负，公司股票可能被上海证券交易所暂停上市。 
不过，在2015年12月30日，ST沪科发布了《关于子公司上海异型钢管有限公司收到财政补贴的公告》，公司全资子公司上海异型钢管有限公司（以下简称“异钢公司”）于2015年12月28日收到昆明市财政局《关于给予上海异型钢管有限公司财政补贴资金的通知》。根据通知精神，为支持异钢公司在核能发电等产业相关配套产品的研发，促进企业转型升级及可持续发展，昆明市财政局决定给予异钢公司财政补贴资金人民币9000万元。异钢公司于2015年12月29日收到昆明市财政局拨付的上述补贴资金。 
这对于ST沪科来说，可谓是保壳的一剂良药。公司称，该笔财政补贴系与收益相关的政府补助，故作为营业外收入全额计入当期损益。 
据公司发布的2015年年报显示，受益于这笔补贴资金，公司2015年实现归属于母公司所有者的净利润3499万元，经营活动产生的现金流量也大增。不过，报告期末母公司未分配利润余额为-6.13亿元。 
能顺利实现保壳，对于ST沪科来说，应该不是难事。公司似乎对保壳已经熟稔于心。 
ST沪科于1992年3月份在上海证券交易所上市，原控股股东为上海第一钢铁（集团）有限公司；此后公司控股股东历经三次变化，但公司业绩并未随之变化，反而是经历戴帽、摘帽、戴帽，被外界认为是僵尸公司。 
从同花顺公布的数据来看，ST沪科自2004年起，截至2015年，公司12个年度实现扣除非经常性损益后的净利润均为亏损。而记者通过同花顺调取的数据看到，在风险警示板上，这样的公司并不多。 
“历经这么长的时间，公司实质上却没有实现蜕变。”一位投资者向记者表示。 
ST沪科5月4日发布了《关于撤销公司股票退市风险警示及实施其他风险警示的公告》，公司2015年净利润、净资产等符合相关规定，因此向上交所申请撤销对公司股票实施的“退市风险警示”。上海证券交易所于2016年5月3日同意撤销对公司股票实施的“退市风险警示”，并对公司股票实施“其他风险警示”。 
而这一其他风险警示对于公司来说，麻烦也不小。据ST沪科介绍，2005年，公司为原控股股东南京斯威特集团关联方南京宽频科技有限公司提供贷款担保，因贷款主体南京宽频科技有限公司未履行相关还款责任，公司被相关权利人要求履行担保义务，导致公司主要银行账户于2015年7月份被冻结。截至目前，公司已与执行法院、债权人及债务人进行多次协商及谈判，但尚未就相关还款条件最终达成一致。公司正积极采取措施，力争妥善处理并尽快解除对上市公司银行账户的冻结。 
香颂资本执行董事沈萌接受《证券日报》记者采访时表示，银行账户被冻结意味着牵涉债务纠纷等法律问题，在没有实质彻底解决前，借壳方一般不会主动推动重大资产重组等事项，因为怕深陷其中难以自拔。而监管机构为保护中小投资者利益一般也不会批准其实施重大资产重组。 
此外，随着近日证监会对壳公司的态度偏紧，一大批壳公司股价也大幅跳水，ST沪科也不例外。进入五月份以来，5月3日，ST沪科当日最高价为11.51元/股，5月11日，公司的股价已经跌至9.03元/股，当日最低价为9.01元/股。在6个交易日内（5月4日公司停牌一天），ST沪科的最高区间跌幅为21.7%，其中5月6日、5月9日、5月10日，公司均以跌停价收盘。 责任编辑： 傅昱佳（QF0007） 作者： 张敏 相关阅读 
</topic_text>
<spam_score>0.00</spam_score>
<post_num>1</post_num>
<post_id>post-1</post_id>
<post_url>http://finance.qianlong.com/2016/0512/601232.shtml</post_url>
<post_date>20160512</post_date>
<post_time></post_time>
<username></username>
<post>

在投资者互动平台上，投资者关注的是公司何时进行重组。不过，让公司感到棘手的是，公司主要银行账户于2015年7月份被冻结，目前和相关方尚未就相关还款条件最终达成一致。而这也将影响公司开展重大事项。 
暂停上市边缘收到巨额补贴 
ST沪科2014年度经审计的期末净资产为负值，且2013年度、2014年度两个会计年度经审计的净利润连续为负值，根据相关规定，若公司2015年度被审计后的财务报告显示净利润为负、净资产为负，公司股票可能被上海证券交易所暂停上市。 
不过，在2015年12月30日，ST沪科发布了《关于子公司上海异型钢管有限公司收到财政补贴的公告》，公司全资子公司上海异型钢管有限公司（以下简称“异钢公司”）于2015年12月28日收到昆明市财政局《关于给予上海异型钢管有限公司财政补贴资金的通知》。根据通知精神，为支持异钢公司在核能发电等产业相关配套产品的研发，促进企业转型升级及可持续发展，昆明市财政局决定给予异钢公司财政补贴资金人民币9000万元。异钢公司于2015年12月29日收到昆明市财政局拨付的上述补贴资金。 
这对于ST沪科来说，可谓是保壳的一剂良药。公司称，该笔财政补贴系与收益相关的政府补助，故作为营业外收入全额计入当期损益。 
据公司发布的2015年年报显示，受益于这笔补贴资金，公司2015年实现归属于母公司所有者的净利润3499万元，经营活动产生的现金流量也大增。不过，报告期末母公司未分配利润余额为-6.13亿元。 
能顺利实现保壳，对于ST沪科来说，应该不是难事。公司似乎对保壳已经熟稔于心。 
ST沪科于1992年3月份在上海证券交易所上市，原控股股东为上海第一钢铁（集团）有限公司；此后公司控股股东历经三次变化，但公司业绩并未随之变化，反而是经历戴帽、摘帽、戴帽，被外界认为是僵尸公司。 
从同花顺公布的数据来看，ST沪科自2004年起，截至2015年，公司12个年度实现扣除非经常性损益后的净利润均为亏损。而记者通过同花顺调取的数据看到，在风险警示板上，这样的公司并不多。 
“历经这么长的时间，公司实质上却没有实现蜕变。”一位投资者向记者表示。 
ST沪科5月4日发布了《关于撤销公司股票退市风险警示及实施其他风险警示的公告》，公司2015年净利润、净资产等符合相关规定，因此向上交所申请撤销对公司股票实施的“退市风险警示”。上海证券交易所于2016年5月3日同意撤销对公司股票实施的“退市风险警示”，并对公司股票实施“其他风险警示”。 
而这一其他风险警示对于公司来说，麻烦也不小。据ST沪科介绍，2005年，公司为原控股股东南京斯威特集团关联方南京宽频科技有限公司提供贷款担保，因贷款主体南京宽频科技有限公司未履行相关还款责任，公司被相关权利人要求履行担保义务，导致公司主要银行账户于2015年7月份被冻结。截至目前，公司已与执行法院、债权人及债务人进行多次协商及谈判，但尚未就相关还款条件最终达成一致。公司正积极采取措施，力争妥善处理并尽快解除对上市公司银行账户的冻结。 
香颂资本执行董事沈萌接受《证券日报》记者采访时表示，银行账户被冻结意味着牵涉债务纠纷等法律问题，在没有实质彻底解决前，借壳方一般不会主动推动重大资产重组等事项，因为怕深陷其中难以自拔。而监管机构为保护中小投资者利益一般也不会批准其实施重大资产重组。 
此外，随着近日证监会对壳公司的态度偏紧，一大批壳公司股价也大幅跳水，ST沪科也不例外。进入五月份以来，5月3日，ST沪科当日最高价为11.51元/股，5月11日，公司的股价已经跌至9.03元/股，当日最低价为9.01元/股。在6个交易日内（5月4日公司停牌一天），ST沪科的最高区间跌幅为21.7%，其中5月6日、5月9日、5月10日，公司均以跌停价收盘。 责任编辑： 傅昱佳（QF0007） 作者： 张敏 相关阅读 
</post>
<signature>

</signature>
<external_links>

</external_links>
<country>CN</country>
<main_image></main_image>
</document>
