<?xml version="1.0" encoding="UTF-8"?>
<document>
<type>mainstream</type>
<forum>http://www.jckonline.com/rss.xml</forum>
<forum_title>JCK</forum_title>
<discussion_title>Can the Natural and Lab-Grown Diamond Industries Really Get Along?</discussion_title>
<language>english</language>
<gmt_offset></gmt_offset>
<topic_url>http://www.jckonline.com/can-natural-and-lab-grown-diamond-industries-really-get-along-604</topic_url>
<topic_text>
Can the Natural and Lab-Grown Diamond Industries Really Get Along?   
Rob you have written a lot of really good articles on lab grown diamonds and I greatly appreciate it. We are an independent jewelry store right outside Chicago and we took on lab grown diamonds after looking at them at JCK Las Vegas last year. They have done exceptionally well for us and I was actually the first person to buy one for my now Fiance. I really like the quote from Carter Clarke. I am relatively new to the industry(although my Dad did diamond wholesale for 20 years before opening our current retail store that I have worked full time at for about a year and half). I feel have more of an outsider or consumer view versus a jewelers view on diamonds. We have found that the savings does typically range from 20% to 40% and the larger the diamond the larger the savings %. I am not sure why but that does seem to hold true for most of what we have sold. I would like to say one big advantage that the lab grown producers have over the scattered wholesalers of natural diamonds is they are simply much easier to work with and source product. We work with a handful of lab grown producers and they all accommodate our needs much better than our natural diamond wholesalers who seem to fit certain niches which forces us to work with lots of natural diamond wholesalers. I know there is a lot of uncertainty as far as the value of lab grown vs mined and how they will hold up over time. I spoke with a diamond cutter at the Smart Show in Chicago who told me he expects the value of lab grown to fall by 90% over time. He then went on to say that the lab grown’s are more difficult to cut because they are burning out their wheels faster(something to do with the type II a having a higher heat tolerance he said maybe?). I am confused how they could possibly fall by this much while still having to be produced by licensed technology, expensive high tech equipment, a physicist to run the machines, and cutters to cut the diamonds. Not to mention if demand does steadily increase(which I do not see a reason it wouldn’t considering humans fascination with diamonds) then that will help to continue to stabilize the price. Like any manufactured product it will become less expensive to produce over time but they still are limited in their production by growth chambers, physicists to run the machines, and time to produce/cut. These are just my thoughts. Thank you again Rob for all the good articles, please keep them coming! Also excited for the panel discussion at JCK this year! Link:
</topic_text>
<spam_score>0.00</spam_score>
<post_num>1</post_num>
<post_id>post-1</post_id>
<post_url>http://www.jckonline.com/can-natural-and-lab-grown-diamond-industries-really-get-along-604</post_url>
<post_date>20160512</post_date>
<post_time>1544</post_time>
<username>Admin User</username>
<post>
Can the Natural and Lab-Grown Diamond Industries Really Get Along?   
Rob you have written a lot of really good articles on lab grown diamonds and I greatly appreciate it. We are an independent jewelry store right outside Chicago and we took on lab grown diamonds after looking at them at JCK Las Vegas last year. They have done exceptionally well for us and I was actually the first person to buy one for my now Fiance. I really like the quote from Carter Clarke. I am relatively new to the industry(although my Dad did diamond wholesale for 20 years before opening our current retail store that I have worked full time at for about a year and half). I feel have more of an outsider or consumer view versus a jewelers view on diamonds. We have found that the savings does typically range from 20% to 40% and the larger the diamond the larger the savings %. I am not sure why but that does seem to hold true for most of what we have sold. I would like to say one big advantage that the lab grown producers have over the scattered wholesalers of natural diamonds is they are simply much easier to work with and source product. We work with a handful of lab grown producers and they all accommodate our needs much better than our natural diamond wholesalers who seem to fit certain niches which forces us to work with lots of natural diamond wholesalers. I know there is a lot of uncertainty as far as the value of lab grown vs mined and how they will hold up over time. I spoke with a diamond cutter at the Smart Show in Chicago who told me he expects the value of lab grown to fall by 90% over time. He then went on to say that the lab grown’s are more difficult to cut because they are burning out their wheels faster(something to do with the type II a having a higher heat tolerance he said maybe?). I am confused how they could possibly fall by this much while still having to be produced by licensed technology, expensive high tech equipment, a physicist to run the machines, and cutters to cut the diamonds. Not to mention if demand does steadily increase(which I do not see a reason it wouldn’t considering humans fascination with diamonds) then that will help to continue to stabilize the price. Like any manufactured product it will become less expensive to produce over time but they still are limited in their production by growth chambers, physicists to run the machines, and time to produce/cut. These are just my thoughts. Thank you again Rob for all the good articles, please keep them coming! Also excited for the panel discussion at JCK this year! Link:
</post>
<signature>

</signature>
<external_links>

</external_links>
<country>US</country>
<main_image>http://www.jckonline.com/sites/all/themes/jck/images/share-image.jpg</main_image>
</document>
