<?xml version="1.0" encoding="UTF-8"?>
<document>
<type>mainstream</type>
<forum>http://www.folhavitoria.com.br/feed/politica</forum>
<forum_title>Folha Vitória - Editoria Política</forum_title>
<discussion_title>Presidente da CNA diz que País superou crise política</discussion_title>
<language>portuguese</language>
<gmt_offset></gmt_offset>
<topic_url>http://www.folhavitoria.com.br/politica/noticia/2016/05/presidente-da-cna-diz-que-pais-superou-crise-politica.html</topic_url>
<topic_text>
Presidente da CNA diz que País superou crise política Estadão Conteúdo Tweet 
Brasília - O presidente da Confederação da Agricultura e Pecuária do Brasil (CNA), João Martins, divulgou nesta quinta-feira, 12, uma nota celebrando a admissibilidade do impeachment da presidente Dilma Rousseff pelo Senado. Ele afirmou que o momento é de otimismo. &quot;Superamos uma grave crise política por meio do funcionamento pleno das instituições democráticas. Agora é o momento de nos unirmos para resolver os grandes problemas econômicos que estão à nossa frente&quot;, afirmou. 
No comunicado, disse que o País tem de reencontrar o equilíbrio perdido e recuperar as condições para crescer de modo sustentável. Segundo ele, o setor agropecuário continuará produzindo. Martins também pregou a união. &quot;Passada esta crise esperamos por um novo tempo de fraternidade e harmonia, marcas permanentes da sociedade brasileira&quot;, disse. 
Com a saída de Kátia Abreu do Ministério da Agricultura e sua volta ao Senado, ela e Martins devem entrar em confronto pelo comando da CNA. A senadora é presidente licenciada e deu indicações de que pretende reassumir a entidade. Martins tem afirmado que os produtores rurais não a querem mais como representante do setor.
</topic_text>
<spam_score>0.00</spam_score>
<post_num>1</post_num>
<post_id>post-1</post_id>
<post_url>http://www.folhavitoria.com.br/politica/noticia/2016/05/presidente-da-cna-diz-que-pais-superou-crise-politica.html</post_url>
<post_date>20160512</post_date>
<post_time>1307</post_time>
<username>Redação Folha Vitória</username>
<post>
Presidente da CNA diz que País superou crise política Estadão Conteúdo Tweet 
Brasília - O presidente da Confederação da Agricultura e Pecuária do Brasil (CNA), João Martins, divulgou nesta quinta-feira, 12, uma nota celebrando a admissibilidade do impeachment da presidente Dilma Rousseff pelo Senado. Ele afirmou que o momento é de otimismo. &quot;Superamos uma grave crise política por meio do funcionamento pleno das instituições democráticas. Agora é o momento de nos unirmos para resolver os grandes problemas econômicos que estão à nossa frente&quot;, afirmou. 
No comunicado, disse que o País tem de reencontrar o equilíbrio perdido e recuperar as condições para crescer de modo sustentável. Segundo ele, o setor agropecuário continuará produzindo. Martins também pregou a união. &quot;Passada esta crise esperamos por um novo tempo de fraternidade e harmonia, marcas permanentes da sociedade brasileira&quot;, disse. 
Com a saída de Kátia Abreu do Ministério da Agricultura e sua volta ao Senado, ela e Martins devem entrar em confronto pelo comando da CNA. A senadora é presidente licenciada e deu indicações de que pretende reassumir a entidade. Martins tem afirmado que os produtores rurais não a querem mais como representante do setor.
</post>
<signature>

</signature>
<external_links>

</external_links>
<country>BR</country>
<main_image></main_image>
</document>
