<?xml version="1.0" encoding="UTF-8"?>
<document>
<type>mainstream</type>
<forum>https://cdn.gameswelt.net/public/gw/feed/de/news/rss.xml</forum>
<forum_title>Gameswelt News Feed</forum_title>
<discussion_title>News: Chronicle: Legenden von RuneScape - Release noch im Mai</discussion_title>
<language>german</language>
<gmt_offset></gmt_offset>
<topic_url>http://www.gameswelt.de/chronicle-legenden-von-runescape/news/release-noch-im-mai,257447</topic_url>
<topic_text>
Kommentieren In einer Pressemeldung hat Jagex heute den Erscheinungstermin von Chronicle: Legenden von RuneScape bekannt gegeben. 
Das Sammelkartenspiel im RuneScape -Universum wird demnach noch im Mai erhältlich sein. Ab dem 26. Mai könnt ihr die Vollversion via Steam beziehen. Eine besondere Aktion gibt es für Teilnehmer an der offenen Beta. 
Ab heute werden Spieler der Open Beta mit kostenlosen Kartenpaketen belohnt. Die Frist hierfür läuft bis einschließlich Montag, den 16. Mai um 0:59 Uhr deutscher Zeit. Für die drei kostenlosen Kartenpakete ist ein Login in die offene Beta notwendig.
</topic_text>
<spam_score>0.00</spam_score>
<post_num>1</post_num>
<post_id>post-1</post_id>
<post_url>http://www.gameswelt.de/chronicle-legenden-von-runescape/news/release-noch-im-mai,257447</post_url>
<post_date>20160512</post_date>
<post_time>1608</post_time>
<username></username>
<post>
Kommentieren In einer Pressemeldung hat Jagex heute den Erscheinungstermin von Chronicle: Legenden von RuneScape bekannt gegeben. 
Das Sammelkartenspiel im RuneScape -Universum wird demnach noch im Mai erhältlich sein. Ab dem 26. Mai könnt ihr die Vollversion via Steam beziehen. Eine besondere Aktion gibt es für Teilnehmer an der offenen Beta. 
Ab heute werden Spieler der Open Beta mit kostenlosen Kartenpaketen belohnt. Die Frist hierfür läuft bis einschließlich Montag, den 16. Mai um 0:59 Uhr deutscher Zeit. Für die drei kostenlosen Kartenpakete ist ein Login in die offene Beta notwendig.
</post>
<signature>

</signature>
<external_links>

</external_links>
<country>CH</country>
<main_image>http://mediang.gameswelt.net/public/images/201410/77eeb6d9bfc225e989c75757f81b2634.jpg</main_image>
</document>
