<?xml version="1.0" encoding="UTF-8"?>
<document>
<type>mainstream</type>
<forum>http://ecodibergamo.it/publisher/archivio/section/prev/11/1180723/271/</forum>
<forum_title>Sport L&apos;Eco di Bergamo - Notizie di Bergamo e provincia</forum_title>
<discussion_title>Premier League, pareggia il Tottenham Il Leicester è campione d’Inghilterra Bergamo</discussion_title>
<language>italian</language>
<gmt_offset></gmt_offset>
<topic_url>http://ecodibergamo.it/stories/Sport/premier-league-pareggia-il-tottenhamil-leicester-e-campione-dinghilterra_1180535_11</topic_url>
<topic_text>
 Il Tottenham non va oltre il pareggio allo Stamford Bridge (2-2), consegnando lo storico titolo di Premier League al Leicester di Claudio Ranieri . E dire che gli Spurs avevano chiuso in vantaggio 2-0 il primo tempo. Al 35’, scambio Eriksen-Lamelacon palla per Kane che salta anche Begovic e mette in gol. Al 44’ io raddoppio con Son, ben servito in profondità da Eriksen, infilando Begovic in uscita.
Ma nella ripresa i Blues prima accorciano le distanze al 13’ con Cahill , sugli sviluppi di un corner dalla destra di Willian; quindi pareggiano al 38’ con un preciso tiro sotto la traversa di Hazard, su assist sulla sinistra di Diego Costa. Finisce 2-2 con il Tottenham che sale a 70 punti a -7 dal Leicester che, con due giornate d’anticipo festeggia il titolo della Premier League.
</topic_text>
<spam_score>0.00</spam_score>
<post_num>1</post_num>
<post_id>post-1</post_id>
<post_url>http://ecodibergamo.it/stories/Sport/premier-league-pareggia-il-tottenhamil-leicester-e-campione-dinghilterra_1180535_11</post_url>
<post_date>20160502</post_date>
<post_time></post_time>
<username>laprovinciad</username>
<post>
 Il Tottenham non va oltre il pareggio allo Stamford Bridge (2-2), consegnando lo storico titolo di Premier League al Leicester di Claudio Ranieri . E dire che gli Spurs avevano chiuso in vantaggio 2-0 il primo tempo. Al 35’, scambio Eriksen-Lamelacon palla per Kane che salta anche Begovic e mette in gol. Al 44’ io raddoppio con Son, ben servito in profondità da Eriksen, infilando Begovic in uscita.
Ma nella ripresa i Blues prima accorciano le distanze al 13’ con Cahill , sugli sviluppi di un corner dalla destra di Willian; quindi pareggiano al 38’ con un preciso tiro sotto la traversa di Hazard, su assist sulla sinistra di Diego Costa. Finisce 2-2 con il Tottenham che sale a 70 punti a -7 dal Leicester che, con due giornate d’anticipo festeggia il titolo della Premier League.
</post>
<signature>

</signature>
<external_links>

</external_links>
<country>IT</country>
<main_image>http://lightstorage.ecodibergamo.it/mediaon/cms.newecodibergamo/storage/site_media/media/photologue/2016/5/2/photos/cache/premier-league-pareggia-il-tottenhamil-leicester-e-campione-dinghilterra_e483bb08-10a9-11e6-8989-5d3b5672aad5_998_397_display.jpg</main_image>
</document>
