<?xml version="1.0" encoding="UTF-8"?>
<document>
<type>mainstream</type>
<forum>http://eltira.com/</forum>
<forum_title>موقع الطيرة | موقع الطيرة والمنطقة الأول</forum_title>
<discussion_title>جنرال إيراني: معركة حلب “فاصلة”</discussion_title>
<language>arabic</language>
<gmt_offset></gmt_offset>
<topic_url>http://eltira.com/archives/127879</topic_url>
<topic_text>
قال الجنرال محسن رضائي، القيادي في الحرس الثوري وأمين مجلس تشخيص مصلحة النظام الإيراني، إن معركة حلب “فاصلة” بين ما سماها “جبهة المقاومة” ويقصد القوات الإيرانية وحلفاءها وبين من وصفهم بـ”المعتدين”، ويقصد فصائل المعارضة السورية المسلحة التي سيطرت على مناطق جديدة بريف حلب، وأوقعت عشرات القتلى في صفوف الحرس الثوري وميليشياتها خلال الأيام القليلة الماضية. ووفقا لوكالة “فارس”، فقد كتب رضائي، وهو القائد السابق لقوات الحرس الثوري، ويلعب حاليا دور المستشار للقوات الإيرانية المقاتلة في سوريا، عبر صفحته على “انستغرام”، تفاصيل مقتضبة عن الوضع القتالي في سوريا، وزعم أن “السعودية وتركيا تتدخلان بكل ثقلهما في المعارك، وتقدمان الدعم اللوجيستي والاستخباري والتسليحي للمعارضة”، على حد تعبيره. وأكد رضائي أن “الجيش السوري يقود المقاومة فقط بمساعدة القوات الإيرانية، وأن الدعم الروسي دام لفترة قصيرة أي ستة أشهر، ومن ثم عادوا إلى وطنهم” على حد قوله.
 
</topic_text>
<spam_score>0.00</spam_score>
<post_num>1</post_num>
<post_id>post-1</post_id>
<post_url>http://eltira.com/archives/127879</post_url>
<post_date>20160512</post_date>
<post_time>1724</post_time>
<username>eltira.org</username>
<post>
قال الجنرال محسن رضائي، القيادي في الحرس الثوري وأمين مجلس تشخيص مصلحة النظام الإيراني، إن معركة حلب “فاصلة” بين ما سماها “جبهة المقاومة” ويقصد القوات الإيرانية وحلفاءها وبين من وصفهم بـ”المعتدين”، ويقصد فصائل المعارضة السورية المسلحة التي سيطرت على مناطق جديدة بريف حلب، وأوقعت عشرات القتلى في صفوف الحرس الثوري وميليشياتها خلال الأيام القليلة الماضية. ووفقا لوكالة “فارس”، فقد كتب رضائي، وهو القائد السابق لقوات الحرس الثوري، ويلعب حاليا دور المستشار للقوات الإيرانية المقاتلة في سوريا، عبر صفحته على “انستغرام”، تفاصيل مقتضبة عن الوضع القتالي في سوريا، وزعم أن “السعودية وتركيا تتدخلان بكل ثقلهما في المعارك، وتقدمان الدعم اللوجيستي والاستخباري والتسليحي للمعارضة”، على حد تعبيره. وأكد رضائي أن “الجيش السوري يقود المقاومة فقط بمساعدة القوات الإيرانية، وأن الدعم الروسي دام لفترة قصيرة أي ستة أشهر، ومن ثم عادوا إلى وطنهم” على حد قوله.
 
</post>
<signature>

</signature>
<external_links>
<external_link>http://peadig.com/wordpress-plugins/facebook-comments/</external_link><external_link>http://eltira.taoqm15i2dussbql.netdna-cdn.com/wp-content/uploads/2016/05/20160512-143027786544815.jpg</external_link>
</external_links>
<country>US</country>
<main_image>http://eltira.taoqm15i2dussbql.netdna-cdn.com/wp-content/uploads/cache/20160512-143027786544815-1r6d7egj15mpwa0u21hre2marq031rt9jzffi9q5yn6k.jpg</main_image>
</document>
