<?xml version="1.0" encoding="UTF-8"?>
<document>
<type>mainstream</type>
<forum>http://www.cbs8.com/category/307361/business-wire</forum>
<forum_title>Business Wire - CBS News 8 - San Diego, CA News Station - KFMB Channel 8</forum_title>
<discussion_title>INVESTOR ALERT: Investigation of First NBC Bank Holding Company Announced by Law Offices of Howard G. Smith, Encourages Investors with Losses to Contact the Firm</discussion_title>
<language>english</language>
<gmt_offset></gmt_offset>
<topic_url>http://www.cbs8.com/story/31958223/investor-alert-investigation-of-first-nbc-bank-holding-company-announced-by-law-offices-of-howard-g-smith-encourages-investors-with-losses-to-contact</topic_url>
<topic_text>
BENSALEM, Pa. --(BUSINESS WIRE) Law Offices of Howard G. Smith announces an investigation on behalf of investors of First NBC Bank Holding Company (“First NBC Bank” or the “Company”) (NASDAQ: FNBC) concerning the Company and its officers’ possible violations of federal securities laws. Injured investors are encouraged to contact the Law Offices of Howard G. Smith to discuss their legal rights, and a potential class action lawsuit to recover investors’ losses.
On March 16, 2016, First NBC Bank announced that it would be delaying the filing of its Form 10-K for the year ended December 31, 2015 due to internal accounting errors with Federal and State Historic Rehabilitation tax credit entities. Additionally, First NBC Bank notified investors that its preliminary earnings release issued on February 1, 2016 should no longer be relied upon until the filing of its Form 10-K.
On this news, shares of First NBC Bank fell more than 21%, to close at $19.09 per share on March 16, 2016.
If you purchased First NBC Bank securities, have information or would like to learn more about these claims, or have any questions concerning this announcement or your rights or interests with respect to these matters, please contact Howard G. Smith, Esquire, of Law Offices of Howard G. Smith, 3070 Bristol Pike, Suite 112, Bensalem, Pennsylvania 19020 by telephone at (215) 638-4847, toll-free at (888) 638-4847, or by email to howardsmith@howardsmithlaw.com , or visit our website at http://www.howardsmithlaw.com .
This press release may be considered Attorney Advertising in some jurisdictions under the applicable law and ethical rules.
 //www.businesswire.com/news/home/20160512006125/en/
Law Offices of Howard G. Smith
Howard G. Smith, Esquire
215-638-4847
888-638-4847
howardsmith@howardsmithlaw.com
http://www.howardsmithlaw.com/
 
</topic_text>
<spam_score>0.00</spam_score>
<post_num>1</post_num>
<post_id>post-1</post_id>
<post_url>http://www.cbs8.com/story/31958223/investor-alert-investigation-of-first-nbc-bank-holding-company-announced-by-law-offices-of-howard-g-smith-encourages-investors-with-losses-to-contact</post_url>
<post_date>20160512</post_date>
<post_time>1212</post_time>
<username>cbs8</username>
<post>
BENSALEM, Pa. --(BUSINESS WIRE) Law Offices of Howard G. Smith announces an investigation on behalf of investors of First NBC Bank Holding Company (“First NBC Bank” or the “Company”) (NASDAQ: FNBC) concerning the Company and its officers’ possible violations of federal securities laws. Injured investors are encouraged to contact the Law Offices of Howard G. Smith to discuss their legal rights, and a potential class action lawsuit to recover investors’ losses.
On March 16, 2016, First NBC Bank announced that it would be delaying the filing of its Form 10-K for the year ended December 31, 2015 due to internal accounting errors with Federal and State Historic Rehabilitation tax credit entities. Additionally, First NBC Bank notified investors that its preliminary earnings release issued on February 1, 2016 should no longer be relied upon until the filing of its Form 10-K.
On this news, shares of First NBC Bank fell more than 21%, to close at $19.09 per share on March 16, 2016.
If you purchased First NBC Bank securities, have information or would like to learn more about these claims, or have any questions concerning this announcement or your rights or interests with respect to these matters, please contact Howard G. Smith, Esquire, of Law Offices of Howard G. Smith, 3070 Bristol Pike, Suite 112, Bensalem, Pennsylvania 19020 by telephone at (215) 638-4847, toll-free at (888) 638-4847, or by email to howardsmith@howardsmithlaw.com , or visit our website at http://www.howardsmithlaw.com .
This press release may be considered Attorney Advertising in some jurisdictions under the applicable law and ethical rules.
 //www.businesswire.com/news/home/20160512006125/en/
Law Offices of Howard G. Smith
Howard G. Smith, Esquire
215-638-4847
888-638-4847
howardsmith@howardsmithlaw.com
http://www.howardsmithlaw.com/
 
</post>
<signature>

</signature>
<external_links>
<external_link>http://www.businesswire.com/news/home/20160512006125/en/</external_link><external_link>http://purl.org/rss/1.0/modules/content/</external_link><external_link>http://cts.businesswire.com/ct/CT?id=bwnews&amp;sty=20160512006125r1&amp;sid=56987&amp;distro=ftp</external_link><external_link>http://cts.businesswire.com/ct/CT?id=smartlink&amp;url=http%3A%2F%2Fwww.howardsmithlaw.com%2F&amp;esheet=51341420&amp;lan=en-US&amp;anchor=http%3A%2F%2Fwww.howardsmithlaw.com%2F&amp;index=3&amp;md5=ef6cb20c595a43050f67a5c4eaf26cef</external_link><external_link>http://www.howardsmithlaw.com/</external_link><external_link>http://cts.businesswire.com/ct/CT?id=smartlink&amp;url=http%3A%2F%2Fwww.howardsmithlaw.com&amp;esheet=51341420&amp;newsitemid=20160512006125&amp;lan=en-US&amp;anchor=http%3A%2F%2Fwww.howardsmithlaw.com&amp;index=2&amp;md5=dc8774363e3662e1f33e75fe7d9ae927</external_link><external_link>http://cts.businesswire.com/ct/CT?id=smartlink&amp;url=http%3A%2F%2Fwww.howardsmithlaw.com%2F&amp;esheet=51341420&amp;newsitemid=20160512006125&amp;lan=en-US&amp;anchor=Law+Offices+of+Howard+G.+Smith&amp;index=1&amp;md5=d1e109cb3b5a4beff837dc1bf8d50278</external_link>
</external_links>
<country>US</country>
<main_image></main_image>
</document>
