<?xml version="1.0" encoding="UTF-8"?>
<document>
<type>mainstream</type>
<forum></forum>
<forum_title></forum_title>
<discussion_title>Italie : Une bagarre éclate dans un bar entre des soldats américains et des Sénégalais</discussion_title>
<language>french</language>
<gmt_offset></gmt_offset>
<topic_url>http://www.senenews.com/2016/05/12/italie-une-bagarre-eclate-dans-un-bar-entre-des-soldats-americains-et-des-senegalais_157467.html</topic_url>
<topic_text>
Partagez Italie : Une bagarre éclate dans un bar entre des soldats américains et des Sénégalais A peine la coopération militaire signée entre le Sénégal et les Etats-Unis, Sénégalais et américains se sont bien passés de cette nouvelle alliance en Italie. En effet, treize soldats américains ont été arrêtés le week-end dernier après une bagarre dans un bar avec des Sénégalais. 
Le journal italien Il Giornale di Vicenza, repris par Le Populaire, rapporte que la bataille a commencé à l’intérieur du LIV, une discothèque à Bassano del Grappa à Vicence. La bagarre s’est poursuivie à l’extérieur. 
Une véritable mêlée avec quelque 40 personnes y compris des soldats américains et un groupe de Sénégalais qui se sont affrontés munis de couteaux et de tessons de bouteilles pour armes. Au terme de cette bataille rangée, quatre soldats américains et deux Sénégalais ont été hospitalisés pour des blessures. 
Pendant ce temps, renseignent nos confrères, treize soldats, tous de la 173e brigade aéroportée stationnée à la base italo-américaine conjointe militaire Caserma Ederle à Vincenza et trois Sénégalais ont été arrêtés par la police. Le lieutenant-colonel Martino Salvo de la police italienne précise que l’incident qui a déclenché la bagarre n’est pas encore déterminé et que l’enquête se chargera d’en déterminer la cause exacte. 
Les soldats ont cependant été libérés, mais restent à la disposition de la justice. D’ailleurs, informe le journal, ils doivent se représenter demain jeudi pour une autre audience. Un porte-parole de la base aérienne a confirmé l’incident impliquant des soldats et a déclaré que des mesures disciplinaires seront prises par l’armée après la procédure judiciaire italienne. 
</topic_text>
<spam_score>0.00</spam_score>
<post_num>1</post_num>
<post_id>post-1</post_id>
<post_url>http://www.senenews.com/2016/05/12/italie-une-bagarre-eclate-dans-un-bar-entre-des-soldats-americains-et-des-senegalais_157467.html</post_url>
<post_date>20160512</post_date>
<post_time></post_time>
<username>Mouhamadou Dieng</username>
<post>
Partagez Italie : Une bagarre éclate dans un bar entre des soldats américains et des Sénégalais A peine la coopération militaire signée entre le Sénégal et les Etats-Unis, Sénégalais et américains se sont bien passés de cette nouvelle alliance en Italie. En effet, treize soldats américains ont été arrêtés le week-end dernier après une bagarre dans un bar avec des Sénégalais. 
Le journal italien Il Giornale di Vicenza, repris par Le Populaire, rapporte que la bataille a commencé à l’intérieur du LIV, une discothèque à Bassano del Grappa à Vicence. La bagarre s’est poursuivie à l’extérieur. 
Une véritable mêlée avec quelque 40 personnes y compris des soldats américains et un groupe de Sénégalais qui se sont affrontés munis de couteaux et de tessons de bouteilles pour armes. Au terme de cette bataille rangée, quatre soldats américains et deux Sénégalais ont été hospitalisés pour des blessures. 
Pendant ce temps, renseignent nos confrères, treize soldats, tous de la 173e brigade aéroportée stationnée à la base italo-américaine conjointe militaire Caserma Ederle à Vincenza et trois Sénégalais ont été arrêtés par la police. Le lieutenant-colonel Martino Salvo de la police italienne précise que l’incident qui a déclenché la bagarre n’est pas encore déterminé et que l’enquête se chargera d’en déterminer la cause exacte. 
Les soldats ont cependant été libérés, mais restent à la disposition de la justice. D’ailleurs, informe le journal, ils doivent se représenter demain jeudi pour une autre audience. Un porte-parole de la base aérienne a confirmé l’incident impliquant des soldats et a déclaré que des mesures disciplinaires seront prises par l’armée après la procédure judiciaire italienne. 
</post>
<signature>

</signature>
<external_links>

</external_links>
<country>DE</country>
<main_image>http://www.senenews.com/wp-content/uploads/2016/05/bagarre-boite-de-nuit.jpg</main_image>
</document>
