<?xml version="1.0" encoding="UTF-8"?>
<document>
<type>mainstream</type>
<forum>http://www.monitor.hr/rss</forum>
<forum_title>Monitor.hr</forum_title>
<discussion_title>Ministarstvo kulture izdvojilo pola milijuna kuna manje potpore izdavačima</discussion_title>
<language>croatian</language>
<gmt_offset></gmt_offset>
<topic_url>http://www.monitor.hr/vijesti/ministarstvo-kulture-izdvojilo-pola-milijuna-kuna-manje-potpore-izdavacima/333585/</topic_url>
<topic_text>
Preraspodjela sredstava Ministarstvo kulture izdvojilo pola milijuna kuna manje potpore izdavačima Na službenim stranicama Ministarstva kulture objavljeni su rezultati potpora izdavanju knjiga, na koje će se ove godine izdvojiti pet milijuna i 678 tisuća kuna, u odnosu na prošlogodišnjih šest milijuna i 246 tisuća. Najviše novca dobilo je Društvo hrvatskih književnika s podružnicama, sveukupno 256 tisuća kuna, druga je Školska knjiga s 252 tisuće potpora, a treća je Fraktura s 211 tisuća. Ministarstvo je podržalo sveukupno 537 programa, što je više u odnosu na prošlogodišnjih 489 program. » T-Portal Povezane vijesti
</topic_text>
<spam_score>0.00</spam_score>
<post_num>1</post_num>
<post_id>post-1</post_id>
<post_url>http://www.monitor.hr/vijesti/ministarstvo-kulture-izdvojilo-pola-milijuna-kuna-manje-potpore-izdavacima/333585/</post_url>
<post_date>20160512</post_date>
<post_time>1755</post_time>
<username></username>
<post>
Preraspodjela sredstava Ministarstvo kulture izdvojilo pola milijuna kuna manje potpore izdavačima Na službenim stranicama Ministarstva kulture objavljeni su rezultati potpora izdavanju knjiga, na koje će se ove godine izdvojiti pet milijuna i 678 tisuća kuna, u odnosu na prošlogodišnjih šest milijuna i 246 tisuća. Najviše novca dobilo je Društvo hrvatskih književnika s podružnicama, sveukupno 256 tisuća kuna, druga je Školska knjiga s 252 tisuće potpora, a treća je Fraktura s 211 tisuća. Ministarstvo je podržalo sveukupno 537 programa, što je više u odnosu na prošlogodišnjih 489 program. » T-Portal Povezane vijesti
</post>
<signature>

</signature>
<external_links>

</external_links>
<country>HR</country>
<main_image>http://resources.monitor.hr/files/images/90x90/z/zlatko-hasanbegovic_34651.jpg</main_image>
</document>
