<?xml version="1.0" encoding="UTF-8"?>
<document>
<type>mainstream</type>
<forum>http://nbc24.com/news/local/index.rss</forum>
<forum_title>Local</forum_title>
<discussion_title>Who&apos;s hungry? KFC making an edible nail polish</discussion_title>
<language>english</language>
<gmt_offset></gmt_offset>
<topic_url>http://nbc24.com/news/offbeat/whos-hungry-kfc-making-an-edible-nail-polish</topic_url>
<topic_text>
Who&apos;s hungry? KFC making an edible nail polish By Christina Schaefer, WBFF 1462472712000 The polish will come in two flavors, Original Recipe and Hot &amp; Spicy. (Photo: CNN Newsource) 0 shares tweet now! 
(WBFF) - The popular fast food chain, Kentucky Fried Chicken is taking its &quot;Finger Lickin&apos; Good&quot; slogan to the next level. 
KFC is teaming up with Oglivy &amp; Mather, a marketing firm, to make an edible nail polish. The polish PR stunt, however, will only be available for customers in Hong Kong. 
According to CNN , the polish will come in two flavors, Original Recipe and Hot &amp; Spicy. KFC says the polish is &quot;sourced from natural ingredients,&quot; so they claim it&apos;s safe for customers to lick. &quot;The recipe for our edible nail polish is unique and was specifically designed to hold the flavor, but to also dry with a glossy coat similar to normal nail polish,&quot; said John Koay, creative director for Ogilvy &amp; Mather. Koay went on to say that the idea is meant to be fun and increase excitement about KFC in Hong Kong. 
The fast food chain has been promoting the polish online on its Facebook page and even created a music video on YouTube.  
</topic_text>
<spam_score>0.00</spam_score>
<post_num>1</post_num>
<post_id>post-1</post_id>
<post_url>http://nbc24.com/news/offbeat/whos-hungry-kfc-making-an-edible-nail-polish</post_url>
<post_date>20160505</post_date>
<post_time>1825</post_time>
<username></username>
<post>
Who&apos;s hungry? KFC making an edible nail polish By Christina Schaefer, WBFF 1462472712000 The polish will come in two flavors, Original Recipe and Hot &amp; Spicy. (Photo: CNN Newsource) 0 shares tweet now! 
(WBFF) - The popular fast food chain, Kentucky Fried Chicken is taking its &quot;Finger Lickin&apos; Good&quot; slogan to the next level. 
KFC is teaming up with Oglivy &amp; Mather, a marketing firm, to make an edible nail polish. The polish PR stunt, however, will only be available for customers in Hong Kong. 
According to CNN , the polish will come in two flavors, Original Recipe and Hot &amp; Spicy. KFC says the polish is &quot;sourced from natural ingredients,&quot; so they claim it&apos;s safe for customers to lick. &quot;The recipe for our edible nail polish is unique and was specifically designed to hold the flavor, but to also dry with a glossy coat similar to normal nail polish,&quot; said John Koay, creative director for Ogilvy &amp; Mather. Koay went on to say that the idea is meant to be fun and increase excitement about KFC in Hong Kong. 
The fast food chain has been promoting the polish online on its Facebook page and even created a music video on YouTube.  
</post>
<signature>

</signature>
<external_links>

</external_links>
<country>US</country>
<main_image>http://static-12.sinclairstoryline.com/resources/media/d7db7b15-43d3-40a5-b240-0076e72dd94a-large16x9_55KFCpolish.jpg?1462475287688</main_image>
</document>
