<?xml version="1.0" encoding="UTF-8"?>
<document>
<type>mainstream</type>
<forum></forum>
<forum_title></forum_title>
<discussion_title>Florida&apos;s hurricane fund in best shape ever ahead of season | WFTV</discussion_title>
<language>english</language>
<gmt_offset></gmt_offset>
<topic_url>http://www.wftv.com/news/local/floridas-hurricane-fund-in-best-shape-ever-ahead-of-season/http&amp;#x3a;&amp;#x2f;&amp;#x2f;www&amp;#x2e;wftv&amp;#x2e;com&amp;#x2f;news&amp;#x2f;local&amp;#x2f;floridas-hurricane-fund-in-best-shape-ever-ahead-of-season&amp;#x2f;278521303&amp;#x3f;ecmp&amp;#x3d;wftv_social_twitter_sfp</topic_url>
<topic_text>
Florida&apos;s hurricane fund in best shape ever ahead of season 
Updated: May 12, 2016 - 12:16 PM FLORIDA — 
The Florida fund that helps private insurers pay out claims after a hurricane is in the best shape ever ahead of storm season. 
Estimates prepared by Raymond James show the Florida Hurricane Catastrophe Fund will have $17.4 billion available this year. This marks the first time the fund has more money than it would need to pay out if storms racked the state. 
The estimates are expected to be formally approved Thursday by a panel overseeing the fund. 
The financial health of the fund is important because the state can impose a surcharge on most insurance policies to replenish it if the money runs out. Some critics have called the surcharge a &quot;hurricane tax.&quot; 
The fund has grown because Florida hasn&apos;t been hit by a hurricane since Wilma in 2005. Trending 
</topic_text>
<spam_score>0.00</spam_score>
<post_num>1</post_num>
<post_id>post-1</post_id>
<post_url>http://www.wftv.com/news/local/floridas-hurricane-fund-in-best-shape-ever-ahead-of-season/http&amp;#x3a;&amp;#x2f;&amp;#x2f;www&amp;#x2e;wftv&amp;#x2e;com&amp;#x2f;news&amp;#x2f;local&amp;#x2f;floridas-hurricane-fund-in-best-shape-ever-ahead-of-season&amp;#x2f;278521303&amp;#x3f;ecmp&amp;#x3d;wftv_social_twitter_sfp</post_url>
<post_date>20160512</post_date>
<post_time></post_time>
<username></username>
<post>
Florida&apos;s hurricane fund in best shape ever ahead of season 
Updated: May 12, 2016 - 12:16 PM FLORIDA — 
The Florida fund that helps private insurers pay out claims after a hurricane is in the best shape ever ahead of storm season. 
Estimates prepared by Raymond James show the Florida Hurricane Catastrophe Fund will have $17.4 billion available this year. This marks the first time the fund has more money than it would need to pay out if storms racked the state. 
The estimates are expected to be formally approved Thursday by a panel overseeing the fund. 
The financial health of the fund is important because the state can impose a surcharge on most insurance policies to replenish it if the money runs out. Some critics have called the surcharge a &quot;hurricane tax.&quot; 
The fund has grown because Florida hasn&apos;t been hit by a hurricane since Wilma in 2005. Trending 
</post>
<signature>

</signature>
<external_links>

</external_links>
<country>US</country>
<main_image>http://mediaweb.wftv.com/photo/2016/05/12/MB%20MEL-FPL-HURRICANE%20PREPS_1463069669189_4360546_ver1.0_160_90.jpg</main_image>
</document>
