<?xml version="1.0" encoding="UTF-8"?>
<document>
<type>mainstream</type>
<forum>http://tudocelular.com//feed/</forum>
<forum_title>Tudocelular.com</forum_title>
<discussion_title>Quer virar YouTuber? Nova câmera da LG faz isso acontecer, e em 4K!</discussion_title>
<language>portuguese</language>
<gmt_offset></gmt_offset>
<topic_url>http://www.tudocelular.com/lg/noticias/n71773/LG-apresenta-CAMLTE-nova-camera-de-acao.html</topic_url>
<topic_text>
Quer virar YouTuber? Nova câmera da LG faz isso acontecer, e em 4K! 
12 de maio de 2016 4 Tudo Android Apple Windows Planos 
LG aproveitou esta quinta-feira, 12 de abril, para anunciar uma nova câmera de ação, a Action CAMLTE . A novidade entra na onda da GoPro, a marca mais famosa no assunto, mas tenta conquistar o cliente por conta de sua conectividade. Como o próprio nome já diz, o equipamento feito pela gigante da Coreia do Sul é capaz de acessar as redes de operadoras em 4G, usando chips SIM para realizar a conexão, assim como nos smartphones. 
Sua fabricação tem o objetivo de levar uma excelente resistência aos usuários, pois o público que se interessa por câmeras de ação é o mesmo que se aventura em esportes insanos. Seja no windsurfe, rally, motocross ou em casa, fazendo vídeos engraçados, a novíssima Action CAMLTE promete suprir todas as necessidades. Imagem: LG CAMLTE. Via: LG. 
Com a certificação IP67, LG Action CAMLTE consegue ficar até 30 minutos embaixo d’água. O sensor fotográfico encontrado na novidade é de 12,3 megapixels, capaz de realizar a gravação de vídeos em resolução 4K, gerando uma taxa de 30 quadros por segundo. E não é preciso nem parear o equipamento a um aparelho celular para poder mostrar seus vídeos na internet. 
Por causa da conexão descomplicada à internet, é possível transmitir diretamente da câmera de ação, embora isso requeira reduzir a resolução para HD, mantendo os 30 quadros por segundo. As especificações técnicas seguem com 2 GB de RAM e a entrada para cartão microSD de até 2 TB. Finalizando, a bateria de 1.400 mAh promete até 4 horas de gravação de vídeos em Full HD. Leia abaixo, na í 
A nova adição ao ecossistema LG Friend é a primeira câmera de ação a estar disponível mundialmente com conectividade 4G, permitindo que os usuários façam o streaming diretos a sites como o YouTube Live sem precisarem de um smartphone. O dispositivo, LG Action CAMLTE, será lançada na Coreia do Sul no próximo mês, seguindo para os mercados principais mundo afora, incluindo América do Norte e Europa. Em adição à funcionalidade de streaming ao vivo, LG Action CAMLTE oferecerá o acesso remoto via 3G e LTE, transformando o dispositivo em uma câmera para monitorar lares ou veículos. Os usuários Action CAMLTE podem baixar as imagens e vídeos armazenados em seus smartphones pareados. Com a certificação IP67, a LG Action CAMLTE é completamente protegida da poeira, areia e pode ser submergia a até um metro de água, por até 30 minutos. Uma capinha completamente à prova d’água (disponível no terceiro semestre) permitirá que a câmera participe de atividades mais vigorosas, como o surfe ou mergulho. Com o acessório opcional, a LG Action CAMLTE poderá capturar vídeos suaves enquanto está presa em capacetes, bicicletas, carros e outros objetos que se movem rapidamente. Com uma bateria generosa de 1.400 mAh, a câmera conta com a gravação Full HD de até quatro horas. Nós estamos comprometidos a expandir o ecossistema LG Playground tanto com módulos quanto com acessórios individuais, e a Action CAMLTE é um de vários que planejamos anunciar neste ano”, diz Juno Cho, presidente da LG Electronics and Mobile Communications Company. “Action CAMLTE é um exemplo do tipo de inovação que traremos ao mercado, dispositivos que oferecem ferramentas ainda não disponíveis em produtos rivais. “ Preço, especificações e detalhes de operadoras serão anunciadas localmente na data de estreia. Especificações principais: Câmera: 12,3 megapixels de 1/2,3 megapixels / 1,55 x 1,55 ㎛ pixels Conectividade: LTE / 3G / Wi-Fi 802.11 b, g, n / USB Type-C 2.0 / Bluetooth 4.1 Gravação de vídeo: UHD [4K] a 30 fps/ Full HD a 60 fps / HD a 120 gps Streaming ao vivo de vídeo: HD a 30 fps Memória: 2 GB de RAM/ 4 GB de memória interna (apenas para o sistema operacional) / microSD até 2 TB Dimensões: 35 x 25 x 77,9 milímetros Bateria: 1.400 mAh Outros: IP67 / GPS / Acelerômetro / Giroscópio Size: 35 x 35 x 77.9mm 
Não há informações sobre quando a LG planeja iniciar as vendas da Action CAMLTE fora da Coreia do Sul. América do Norte e Europa são as próximas regiões a recebem a novidade, porém não existem detalhes sobre o comércio da novidade na América do Sul, podendo nunca chegar, dependendo dos planos da companhia asiá
</topic_text>
<spam_score>0.00</spam_score>
<post_num>1</post_num>
<post_id>post-1</post_id>
<post_url>http://www.tudocelular.com/lg/noticias/n71773/LG-apresenta-CAMLTE-nova-camera-de-acao.html</post_url>
<post_date>20160512</post_date>
<post_time>0955</post_time>
<username>Tudocelular.com</username>
<post>
Quer virar YouTuber? Nova câmera da LG faz isso acontecer, e em 4K! 
12 de maio de 2016 4 Tudo Android Apple Windows Planos 
LG aproveitou esta quinta-feira, 12 de abril, para anunciar uma nova câmera de ação, a Action CAMLTE . A novidade entra na onda da GoPro, a marca mais famosa no assunto, mas tenta conquistar o cliente por conta de sua conectividade. Como o próprio nome já diz, o equipamento feito pela gigante da Coreia do Sul é capaz de acessar as redes de operadoras em 4G, usando chips SIM para realizar a conexão, assim como nos smartphones. 
Sua fabricação tem o objetivo de levar uma excelente resistência aos usuários, pois o público que se interessa por câmeras de ação é o mesmo que se aventura em esportes insanos. Seja no windsurfe, rally, motocross ou em casa, fazendo vídeos engraçados, a novíssima Action CAMLTE promete suprir todas as necessidades. Imagem: LG CAMLTE. Via: LG. 
Com a certificação IP67, LG Action CAMLTE consegue ficar até 30 minutos embaixo d’água. O sensor fotográfico encontrado na novidade é de 12,3 megapixels, capaz de realizar a gravação de vídeos em resolução 4K, gerando uma taxa de 30 quadros por segundo. E não é preciso nem parear o equipamento a um aparelho celular para poder mostrar seus vídeos na internet. 
Por causa da conexão descomplicada à internet, é possível transmitir diretamente da câmera de ação, embora isso requeira reduzir a resolução para HD, mantendo os 30 quadros por segundo. As especificações técnicas seguem com 2 GB de RAM e a entrada para cartão microSD de até 2 TB. Finalizando, a bateria de 1.400 mAh promete até 4 horas de gravação de vídeos em Full HD. Leia abaixo, na í 
A nova adição ao ecossistema LG Friend é a primeira câmera de ação a estar disponível mundialmente com conectividade 4G, permitindo que os usuários façam o streaming diretos a sites como o YouTube Live sem precisarem de um smartphone. O dispositivo, LG Action CAMLTE, será lançada na Coreia do Sul no próximo mês, seguindo para os mercados principais mundo afora, incluindo América do Norte e Europa. Em adição à funcionalidade de streaming ao vivo, LG Action CAMLTE oferecerá o acesso remoto via 3G e LTE, transformando o dispositivo em uma câmera para monitorar lares ou veículos. Os usuários Action CAMLTE podem baixar as imagens e vídeos armazenados em seus smartphones pareados. Com a certificação IP67, a LG Action CAMLTE é completamente protegida da poeira, areia e pode ser submergia a até um metro de água, por até 30 minutos. Uma capinha completamente à prova d’água (disponível no terceiro semestre) permitirá que a câmera participe de atividades mais vigorosas, como o surfe ou mergulho. Com o acessório opcional, a LG Action CAMLTE poderá capturar vídeos suaves enquanto está presa em capacetes, bicicletas, carros e outros objetos que se movem rapidamente. Com uma bateria generosa de 1.400 mAh, a câmera conta com a gravação Full HD de até quatro horas. Nós estamos comprometidos a expandir o ecossistema LG Playground tanto com módulos quanto com acessórios individuais, e a Action CAMLTE é um de vários que planejamos anunciar neste ano”, diz Juno Cho, presidente da LG Electronics and Mobile Communications Company. “Action CAMLTE é um exemplo do tipo de inovação que traremos ao mercado, dispositivos que oferecem ferramentas ainda não disponíveis em produtos rivais. “ Preço, especificações e detalhes de operadoras serão anunciadas localmente na data de estreia. Especificações principais: Câmera: 12,3 megapixels de 1/2,3 megapixels / 1,55 x 1,55 ㎛ pixels Conectividade: LTE / 3G / Wi-Fi 802.11 b, g, n / USB Type-C 2.0 / Bluetooth 4.1 Gravação de vídeo: UHD [4K] a 30 fps/ Full HD a 60 fps / HD a 120 gps Streaming ao vivo de vídeo: HD a 30 fps Memória: 2 GB de RAM/ 4 GB de memória interna (apenas para o sistema operacional) / microSD até 2 TB Dimensões: 35 x 25 x 77,9 milímetros Bateria: 1.400 mAh Outros: IP67 / GPS / Acelerômetro / Giroscópio Size: 35 x 35 x 77.9mm 
Não há informações sobre quando a LG planeja iniciar as vendas da Action CAMLTE fora da Coreia do Sul. América do Norte e Europa são as próximas regiões a recebem a novidade, porém não existem detalhes sobre o comércio da novidade na América do Sul, podendo nunca chegar, dependendo dos planos da companhia asiá
</post>
<signature>

</signature>
<external_links>

</external_links>
<country>US</country>
<main_image></main_image>
</document>
