<?xml version="1.0" encoding="UTF-8"?>
<document>
<type>mainstream</type>
<forum>http://www.wbrc.com/category/151717/sports?clienttype=rss</forum>
<forum_title>FOX6 WBRC - MyFoxAL.com - Sports</forum_title>
<discussion_title>Back in Baltimore, O&apos;Neill eyes Preakness rerun with Nyquist</discussion_title>
<language>english</language>
<gmt_offset></gmt_offset>
<topic_url>http://www.wbrc.com/story/31958246/back-in-baltimore-oneill-eyes-preakness-rerun-with-nyquist</topic_url>
<topic_text>
Back in Baltimore, O&apos;Neill eyes Preakness rerun with Nyquist 2016-05-12T16:12:46Z 2016-05-12T16:12:48Z (AP Photo/Garry Jones, File). FILE - In this May 15, 2013, file photo, trainer Doug O&apos;Neill listens to a question during a morning news conference at Pimlico Race Course in Baltimore. O&apos;Neill joins Kentucky Derby winner Nyquist at Pimlico Race Course, ... By DAVID GINSBURGAP Sports Writer 
BALTIMORE (AP) - The last time trainer Doug O&apos;Neill brought a Kentucky Derby winner to Baltimore he did much more than merely prepare I&apos;ll Have Another for the Preakness. 
O&apos;Neill was a guest at the Baltimore Ravens rookie camp, threw out the ceremonial first pitch at an Orioles game and capped the visit with a victory in the second leg of the Triple Crown. 
&quot;Baltimore is just a great city,&quot; O&apos;Neill said Thursday. &quot;We got to experience so many cool things. It&apos;s just amazing the people you get to meet because of a great race horse.&quot; 
Now, as he readies Nyquist for the Preakness, O&apos;Neill looks to complete another memorable visit to Pimlico Race Course. 
Wearing a jacket obtained at the Kentucky Derby this month and a hat announcing the 141st Preakness on May 21, O&apos;Neill spoke after tending to his undefeated Kentucky Derby winner. 
&quot;Every race, you pinch yourself and realize how privileged you are to be around and to be part of such a great horse,&quot; O&apos;Neill said. 
Besides his voice, the only sounds within earshot were birds chirping and water splashing off a horse being given a bath outside the Stakes Barn. 
That is exactly how O&apos;Neill likes it. He brought I&apos;ll Have Another to Baltimore soon after the Kentucky Derby and well before the other contenders arrived. The strategy paid off, and O&apos;Neill sees no reason to do anything differently. 
&quot;This is great. We love being early to settle in and have the track to ourselves, pretty much it seems like,&quot; O&apos;Neill said. &quot;Not having a lot of traffic, you can kind of pick your own lane.&quot; 
About the only new thing this time is that O&apos;Neill has a different horse in Nyquist, who won the Derby by 1 1/4 lengths over Exaggerator to improve to 8-0. 
&quot;To me, if he was a human - and he feels like a human to me - he&apos;s just a well-dressed, go to bed early, in the gym all day kind of horse,&quot; O&apos;Neill said. &quot;He sleeps, he rests a lot in his stall, gives great energy on the track. 
&quot;I&apos;ll Have Another was more kind of a bulldog, tough horse. Great horse. But this guy&apos;s a little bit more laid back. The 2-year-old campaign Nyquist had, being 5 for 5, being a champion 2-year-old, and to be able carry that and grow and mature as a 3-year-old is really phenomenal.&quot; 
The plan over the next 10 days is to make life easy for Nyquist. 
&quot;You just don&apos;t want to do too much,&quot; O&apos;Neill said. &quot;He did a lot to do what he did to win the Derby. As we go on here, we&apos;ll kind of feed off his energy and his appetite and how he&apos;s doing overall. ... He hasn&apos;t missed a note since he&apos;s been here, so very happy with that.&quot; 
Away from the track, O&apos;Neill intends to enjoy the sights and sounds of Charm City all over again. 
&quot;The great thing is we&apos;ve got the same team,&quot; he said. &quot;We tend to go out as a family nightly. We&apos;re going to enjoy the town as much as we can.&quot; Copyright 2016 The Associated Press.   This material may not be published, broadcast, rewritten or redistributed.
</topic_text>
<spam_score>0.00</spam_score>
<post_num>1</post_num>
<post_id>post-1</post_id>
<post_url>http://www.wbrc.com/story/31958246/back-in-baltimore-oneill-eyes-preakness-rerun-with-nyquist</post_url>
<post_date>20160512</post_date>
<post_time>1612</post_time>
<username></username>
<post>
Back in Baltimore, O&apos;Neill eyes Preakness rerun with Nyquist 2016-05-12T16:12:46Z 2016-05-12T16:12:48Z (AP Photo/Garry Jones, File). FILE - In this May 15, 2013, file photo, trainer Doug O&apos;Neill listens to a question during a morning news conference at Pimlico Race Course in Baltimore. O&apos;Neill joins Kentucky Derby winner Nyquist at Pimlico Race Course, ... By DAVID GINSBURGAP Sports Writer 
BALTIMORE (AP) - The last time trainer Doug O&apos;Neill brought a Kentucky Derby winner to Baltimore he did much more than merely prepare I&apos;ll Have Another for the Preakness. 
O&apos;Neill was a guest at the Baltimore Ravens rookie camp, threw out the ceremonial first pitch at an Orioles game and capped the visit with a victory in the second leg of the Triple Crown. 
&quot;Baltimore is just a great city,&quot; O&apos;Neill said Thursday. &quot;We got to experience so many cool things. It&apos;s just amazing the people you get to meet because of a great race horse.&quot; 
Now, as he readies Nyquist for the Preakness, O&apos;Neill looks to complete another memorable visit to Pimlico Race Course. 
Wearing a jacket obtained at the Kentucky Derby this month and a hat announcing the 141st Preakness on May 21, O&apos;Neill spoke after tending to his undefeated Kentucky Derby winner. 
&quot;Every race, you pinch yourself and realize how privileged you are to be around and to be part of such a great horse,&quot; O&apos;Neill said. 
Besides his voice, the only sounds within earshot were birds chirping and water splashing off a horse being given a bath outside the Stakes Barn. 
That is exactly how O&apos;Neill likes it. He brought I&apos;ll Have Another to Baltimore soon after the Kentucky Derby and well before the other contenders arrived. The strategy paid off, and O&apos;Neill sees no reason to do anything differently. 
&quot;This is great. We love being early to settle in and have the track to ourselves, pretty much it seems like,&quot; O&apos;Neill said. &quot;Not having a lot of traffic, you can kind of pick your own lane.&quot; 
About the only new thing this time is that O&apos;Neill has a different horse in Nyquist, who won the Derby by 1 1/4 lengths over Exaggerator to improve to 8-0. 
&quot;To me, if he was a human - and he feels like a human to me - he&apos;s just a well-dressed, go to bed early, in the gym all day kind of horse,&quot; O&apos;Neill said. &quot;He sleeps, he rests a lot in his stall, gives great energy on the track. 
&quot;I&apos;ll Have Another was more kind of a bulldog, tough horse. Great horse. But this guy&apos;s a little bit more laid back. The 2-year-old campaign Nyquist had, being 5 for 5, being a champion 2-year-old, and to be able carry that and grow and mature as a 3-year-old is really phenomenal.&quot; 
The plan over the next 10 days is to make life easy for Nyquist. 
&quot;You just don&apos;t want to do too much,&quot; O&apos;Neill said. &quot;He did a lot to do what he did to win the Derby. As we go on here, we&apos;ll kind of feed off his energy and his appetite and how he&apos;s doing overall. ... He hasn&apos;t missed a note since he&apos;s been here, so very happy with that.&quot; 
Away from the track, O&apos;Neill intends to enjoy the sights and sounds of Charm City all over again. 
&quot;The great thing is we&apos;ve got the same team,&quot; he said. &quot;We tend to go out as a family nightly. We&apos;re going to enjoy the town as much as we can.&quot; Copyright 2016 The Associated Press.   This material may not be published, broadcast, rewritten or redistributed.
</post>
<signature>

</signature>
<external_links>

</external_links>
<country>US</country>
<main_image>http://images.worldnow.com/AP/images/10541264_G.jpg</main_image>
</document>
