<?xml version="1.0" encoding="UTF-8"?>
<document>
<type>mainstream</type>
<forum>http://kdhnews.com//search/?q=&amp;t=article&amp;l=25&amp;d=&amp;d1=&amp;d2=&amp;s=start_time&amp;sd=desc&amp;c[]=news*&amp;f=rss</forum>
<forum_title>The Killeen Daily Herald - news</forum_title>
<discussion_title>UK central bank warns of recession risk in case of EU exit</discussion_title>
<language>english</language>
<gmt_offset></gmt_offset>
<topic_url>http://kdhnews.com/news/ap/uk-central-bank-warns-of-recession-risk-in-case-of/article_0b21838f-9ce9-5b0c-affe-cdc9ba19f479.html</topic_url>
<topic_text>
Dylan Martinez UK central bank warns of recession risk in case of EU exit 
Governor of the Bank of England Mark Carney delivers his monthly inflation report at the Bank of England in the City of London, Thursday, May 12, 2016. The Bank of England has voted to keep interest rates steady amid signs that the economy is beginning to falter and uncertainty over next month’s vote on whether Britain should leave the European Union. The bank’s nine policymakers unanimously agreed to leave the key interest rate at 0.5 percent. Governor Mark Carney will be questioned about the economic risks of leaving the EU at a news conference at which he will present new growth forecasts for the country. (Dylan Martinez/PA via AP) UNITED KINGDOM OUT - NO SALES - NO ARCHIVES Dylan Martinez UK central bank warns of recession risk in case of EU exit 
Governor of the Bank of England Mark Carney delivers his monthly inflation report at the Bank of England in the City of London, Thursday, May 12, 2016. The Bank of England has voted to keep interest rates steady amid signs that the economy is beginning to falter and uncertainty over next month’s vote on whether Britain should leave the European Union. The bank’s nine policymakers unanimously agreed to leave the key interest rate at 0.5 percent. Governor Mark Carney will be questioned about the economic risks of leaving the EU at a news conference at which he will present new growth forecasts for the country. (Dylan Martinez/PA via AP) UNITED KINGDOM OUT - NO SALES - NO ARCHIVES Sait Serkan Gurbuz Bank of England warns about risks of exit from EU 
FILE - In this Thursday, April 14, 2016 file photo, Bank of England Governor Mark Carney speaks during the World Bank/IMF Spring Meetings at the World Bank in Washington. The Bank of England has voted to keep interest rates steady amid signs that the economy is beginning to falter and uncertainty over next month’s vote on whether Britain should leave the European Union. The bank’s nine policymakers unanimously agreed to leave the key interest rate at 0.5 percent. Governor Mark Carney will be questioned about the economic risks of leaving the EU at a news conference at which he will present new growth forecasts for the country. (AP Photo/Sait Serkan Gurbuz, file) Posted: Thursday, May 12, 2016 10:25 am | Updated: 11:00 am, Thu May 12, 2016. UK central bank warns of recession risk in case of EU exit Associated Press | 0 comments 
LONDON (AP) — The Bank of England warned Thursday that Britain could fall into recession should voters opt in a June referendum to leave the European Union — a stark assessment from an institution known for being independent of political campaigns. 
In the most damning remarks to date on the consequences of a so-called &quot;Brexit,&quot; Bank of England Governor Mark Carney said that such a vote would have material consequences for both growth and inflation and &quot;could possibly include a technical recession.&quot; 
After a meeting in which they decided to keep interest rates on hold, members of the Monetary Policy committee said that a vote to leave the EU could prompt households and firms to delay spending, lowering demand for labor and causing unemployment to rise. 
&quot;If there were a vote to leave, that would have material consequences for both growth and inflation and therefore affect the stance of monetary policy,&quot; the bank said in its quarterly report on the outlook for the economy. 
The intervention underscores the increasing concern on the part of the central bank ahead of the vote on June 23. Carney said he had a responsibility to offer the bank&apos;s analysis of what might happen given that a Brexit would affect the economy. 
&quot;We&apos;re providing information as best we can about our potential reaction,&quot; he said. 
Even without the shock potential of Brexit, there are concerns the economy is beginning to falter. The nine policymakers unanimously agreed in their meeting to leave the key interest rate at a record low of 0.5 percent and slashed the growth forecast for the economy this year to 2.0 percent from 2.2 percent in its last report in February. 
Recent reports have suggested that the Bank of England has warned commercial banks to prepare for a rate reduction if the country votes to leave the 28-nation bloc in the June 23 referendum. 
But in the absence of Brexit, the next move in interest rates is more likely to be up, the Bank of England said. The pound rose on that expectation, as higher rates tend to bolster a currency. It rose 0.5 percent since the Bank of England decision, to $1.4518. 
The central bank joins economists at the International Monetary Fund, the Organization for Economic Co-operation and Development and the U.K. Treasury in warning of the consequences of a British exit. 
Prime Minister David Cameron, who is campaigning in favor of staying in the EU, noted that the central bank&apos;s report represented more than Carney&apos;s opinion. 
&quot;This is not just the governor of the Bank of England. This is the entire Monetary Policy Committee of the Bank of England, who are independent by law,&quot; Cameron said. &quot;And they have said very clearly that their fear is that if we leave the EU that will lead to higher prices and lower growth ...Their job is to tell it like it is and to warn of risks in the economy, and they couldn&apos;t be more clear that there is a risk.&quot; 
However, campaigners for the campaign to leave the 28-nation bloc dismissed the news as another aspect of creating fear among voters by their opponents. 
&quot;First war, then genocide, now a recession,&quot; Leave.EU headlined in its response. &quot;More scaremongering shows the panic in the heart of the establishment.&quot;
</topic_text>
<spam_score>0.00</spam_score>
<post_num>1</post_num>
<post_id>post-1</post_id>
<post_url>http://kdhnews.com/news/ap/uk-central-bank-warns-of-recession-risk-in-case-of/article_0b21838f-9ce9-5b0c-affe-cdc9ba19f479.html</post_url>
<post_date>20160512</post_date>
<post_time>1525</post_time>
<username>DANICA KIRKA</username>
<post>
Dylan Martinez UK central bank warns of recession risk in case of EU exit 
Governor of the Bank of England Mark Carney delivers his monthly inflation report at the Bank of England in the City of London, Thursday, May 12, 2016. The Bank of England has voted to keep interest rates steady amid signs that the economy is beginning to falter and uncertainty over next month’s vote on whether Britain should leave the European Union. The bank’s nine policymakers unanimously agreed to leave the key interest rate at 0.5 percent. Governor Mark Carney will be questioned about the economic risks of leaving the EU at a news conference at which he will present new growth forecasts for the country. (Dylan Martinez/PA via AP) UNITED KINGDOM OUT - NO SALES - NO ARCHIVES Dylan Martinez UK central bank warns of recession risk in case of EU exit 
Governor of the Bank of England Mark Carney delivers his monthly inflation report at the Bank of England in the City of London, Thursday, May 12, 2016. The Bank of England has voted to keep interest rates steady amid signs that the economy is beginning to falter and uncertainty over next month’s vote on whether Britain should leave the European Union. The bank’s nine policymakers unanimously agreed to leave the key interest rate at 0.5 percent. Governor Mark Carney will be questioned about the economic risks of leaving the EU at a news conference at which he will present new growth forecasts for the country. (Dylan Martinez/PA via AP) UNITED KINGDOM OUT - NO SALES - NO ARCHIVES Sait Serkan Gurbuz Bank of England warns about risks of exit from EU 
FILE - In this Thursday, April 14, 2016 file photo, Bank of England Governor Mark Carney speaks during the World Bank/IMF Spring Meetings at the World Bank in Washington. The Bank of England has voted to keep interest rates steady amid signs that the economy is beginning to falter and uncertainty over next month’s vote on whether Britain should leave the European Union. The bank’s nine policymakers unanimously agreed to leave the key interest rate at 0.5 percent. Governor Mark Carney will be questioned about the economic risks of leaving the EU at a news conference at which he will present new growth forecasts for the country. (AP Photo/Sait Serkan Gurbuz, file) Posted: Thursday, May 12, 2016 10:25 am | Updated: 11:00 am, Thu May 12, 2016. UK central bank warns of recession risk in case of EU exit Associated Press | 0 comments 
LONDON (AP) — The Bank of England warned Thursday that Britain could fall into recession should voters opt in a June referendum to leave the European Union — a stark assessment from an institution known for being independent of political campaigns. 
In the most damning remarks to date on the consequences of a so-called &quot;Brexit,&quot; Bank of England Governor Mark Carney said that such a vote would have material consequences for both growth and inflation and &quot;could possibly include a technical recession.&quot; 
After a meeting in which they decided to keep interest rates on hold, members of the Monetary Policy committee said that a vote to leave the EU could prompt households and firms to delay spending, lowering demand for labor and causing unemployment to rise. 
&quot;If there were a vote to leave, that would have material consequences for both growth and inflation and therefore affect the stance of monetary policy,&quot; the bank said in its quarterly report on the outlook for the economy. 
The intervention underscores the increasing concern on the part of the central bank ahead of the vote on June 23. Carney said he had a responsibility to offer the bank&apos;s analysis of what might happen given that a Brexit would affect the economy. 
&quot;We&apos;re providing information as best we can about our potential reaction,&quot; he said. 
Even without the shock potential of Brexit, there are concerns the economy is beginning to falter. The nine policymakers unanimously agreed in their meeting to leave the key interest rate at a record low of 0.5 percent and slashed the growth forecast for the economy this year to 2.0 percent from 2.2 percent in its last report in February. 
Recent reports have suggested that the Bank of England has warned commercial banks to prepare for a rate reduction if the country votes to leave the 28-nation bloc in the June 23 referendum. 
But in the absence of Brexit, the next move in interest rates is more likely to be up, the Bank of England said. The pound rose on that expectation, as higher rates tend to bolster a currency. It rose 0.5 percent since the Bank of England decision, to $1.4518. 
The central bank joins economists at the International Monetary Fund, the Organization for Economic Co-operation and Development and the U.K. Treasury in warning of the consequences of a British exit. 
Prime Minister David Cameron, who is campaigning in favor of staying in the EU, noted that the central bank&apos;s report represented more than Carney&apos;s opinion. 
&quot;This is not just the governor of the Bank of England. This is the entire Monetary Policy Committee of the Bank of England, who are independent by law,&quot; Cameron said. &quot;And they have said very clearly that their fear is that if we leave the EU that will lead to higher prices and lower growth ...Their job is to tell it like it is and to warn of risks in the economy, and they couldn&apos;t be more clear that there is a risk.&quot; 
However, campaigners for the campaign to leave the 28-nation bloc dismissed the news as another aspect of creating fear among voters by their opponents. 
&quot;First war, then genocide, now a recession,&quot; Leave.EU headlined in its response. &quot;More scaremongering shows the panic in the heart of the establishment.&quot;
</post>
<signature>

</signature>
<external_links>

</external_links>
<country>US</country>
<main_image>http://bloximages.newyork1.vip.townnews.com/kdhnews.com/content/tncms/assets/v3/editorial/d/2b/d2b30904-5568-5e44-8ba2-ed9071db7302/573493764c29b.image.jpg</main_image>
</document>
