<?xml version="1.0" encoding="UTF-8"?>
<document>
<type>mainstream</type>
<forum>http://www.rivistasci.it/feed/</forum>
<forum_title>Sci - Il sito della rivista SCI</forum_title>
<discussion_title>L’anno d’oro dello sci alpinismo e il sogno olimpico</discussion_title>
<language>italian</language>
<gmt_offset></gmt_offset>
<topic_url>http://www.rivistasci.it/18059/lanno-doro-dello-sci-alpinismo-e-il-sogno-olimpico</topic_url>
<topic_text>
Agonismo L’anno d’oro dello sci alpinismo e il sogno olimpico E’ stato un anno da incorniciare quello appena concluso per lo sci alpinismo, pratica in continua ascesa che, anche dal punto di vista agonistico, si sta ritagliando una identità sempre più precisa e punta a diventare sport olimpico. Tra l’altro […] 12 mag 2016 E’ stato un anno da incorniciare quello appena concluso per lo sci alpinismo, pratica in continua ascesa che, anche dal punto di vista agonistico, si sta ritagliando una identità sempre più precisa e punta a diventare sport olimpico. Tra l’altro è una specialità dove i nostri atleti eccellono: al vertice della classifica della Coppa del mondo troviamo infatti due azzurri, Michele Boscacci al primo posto e Robert Antonioli al secondo. Tra le donne il successo è andato invece alla svizzera Laetitia Roux. «Siamo orgogliosi dei risultati ottenuti in questa stagione – ha spiegato Armando Mariotta, presidente della ISMF, (Federazione internazionale di ski mountaineering) – Le gare di Coppa del mondo hanno avuto 400-600 partecipanti nelle tappe di Font Blanca, Valtellina Orobie, Pierra Menta, and Tour du Rutor, in altre località la media si è attestata invece attorno ai 300 partecipanti, e sta crescendo anche l’interesse del pubblico”. Sono in crescita anche i montepremi e le nazioni partecipanti: il prize money complessivo per le singole gare sono saliti a 15.000 euro più 6200 euro messi sul piatto dal comitato organizzatore e le nazioni rappresentate sono state per ogni appuntamento da 14 a 20. Un movimento in crescita, che ogni anno vede l’affiliazione di nuove nazioni e il cui obiettivo è entrare a far parte del Comitato Olimpico Internazionale che, già nel 2014, aveva dato un riconoscimento preliminare. Ora si punta a Pechino 2022. Tags
</topic_text>
<spam_score>0.00</spam_score>
<post_num>1</post_num>
<post_id>post-1</post_id>
<post_url>http://www.rivistasci.it/18059/lanno-doro-dello-sci-alpinismo-e-il-sogno-olimpico</post_url>
<post_date>20160512</post_date>
<post_time>0951</post_time>
<username>Francesco Lovati</username>
<post>
Agonismo L’anno d’oro dello sci alpinismo e il sogno olimpico E’ stato un anno da incorniciare quello appena concluso per lo sci alpinismo, pratica in continua ascesa che, anche dal punto di vista agonistico, si sta ritagliando una identità sempre più precisa e punta a diventare sport olimpico. Tra l’altro […] 12 mag 2016 E’ stato un anno da incorniciare quello appena concluso per lo sci alpinismo, pratica in continua ascesa che, anche dal punto di vista agonistico, si sta ritagliando una identità sempre più precisa e punta a diventare sport olimpico. Tra l’altro è una specialità dove i nostri atleti eccellono: al vertice della classifica della Coppa del mondo troviamo infatti due azzurri, Michele Boscacci al primo posto e Robert Antonioli al secondo. Tra le donne il successo è andato invece alla svizzera Laetitia Roux. «Siamo orgogliosi dei risultati ottenuti in questa stagione – ha spiegato Armando Mariotta, presidente della ISMF, (Federazione internazionale di ski mountaineering) – Le gare di Coppa del mondo hanno avuto 400-600 partecipanti nelle tappe di Font Blanca, Valtellina Orobie, Pierra Menta, and Tour du Rutor, in altre località la media si è attestata invece attorno ai 300 partecipanti, e sta crescendo anche l’interesse del pubblico”. Sono in crescita anche i montepremi e le nazioni partecipanti: il prize money complessivo per le singole gare sono saliti a 15.000 euro più 6200 euro messi sul piatto dal comitato organizzatore e le nazioni rappresentate sono state per ogni appuntamento da 14 a 20. Un movimento in crescita, che ogni anno vede l’affiliazione di nuove nazioni e il cui obiettivo è entrare a far parte del Comitato Olimpico Internazionale che, già nel 2014, aveva dato un riconoscimento preliminare. Ora si punta a Pechino 2022. Tags
</post>
<signature>

</signature>
<external_links>

</external_links>
<country>IT</country>
<main_image>http://www.rivistasci.it/wp-content/uploads/2016/05/Start1-220x146.jpg</main_image>
</document>
