<?xml version="1.0" encoding="UTF-8"?>
<document>
<type>mainstream</type>
<forum></forum>
<forum_title></forum_title>
<discussion_title>Union &amp; Actions - 147 - 12 - On y est ! / 147 - 13-05-2016 / 2016 / Edition du journal / Accueil U&amp;A / PlateForme</discussion_title>
<language>french</language>
<gmt_offset></gmt_offset>
<topic_url>http://www.unionetactions.be/Edition-du-journal/2016/147-13-05-2016/On-y-est</topic_url>
<topic_text>
Secteur | Statut de l&apos;artisan On y est ! La loi du 19 mars 2014 définit ce qu&apos;est un artisan. Le ministre des indépendants, Willy Borsus (MR), annonce son entrée en vigueur, enfin, au 1er juin 2016. 
Depuis son adoption, le texte légal a été modifié et amélioré. Dans sa forme actuelle, il prévoit que, pour être un artisan ou une entreprise artisanale, il faut être &quot;un indépendant en personne physique ou une personne morale (entreprise) comptant moins de 20 travailleurs et exerçant des activités présentant des aspects essentiellement manuels, un caractère authentique, développant un certain savoir-faire axé sur la qualité, la tradition, la création ou l&apos;innovation.&quot; Quelques modifications mineures à cette définition sont encore possibles. 
Pour être reconnu comme artisan, le candidat devra introduire une demande auprès d&apos;une commission spécialement créée, dont les membres seront désignés par les organisations interprofessionnelles siégeant au Conseil supérieur des indépendants et PME. Il va de soi que les professions artisanales y auront des représentants. 
C&apos;est donc cette commission, qui n&apos;existe pas encore concrètement, qui octroiera le titre d&apos;artisan. Ceux qui l&apos;obtiendront seront inscrits dans un répertoire et pourront utiliser un logo officiel qui leur permettra d&apos;être reconnu facilement par le grand public. 
L&apos;UCM a soutenu la mise en place de cette loi parce qu&apos;il est nécessaire pour le consommateur de pouvoir faire la différence entre les &quot;vrais artisans&quot; et ceux qui revendiquent ce titre pour des raisons commerciales. La définition n&apos;est pas une fin en soi. L&apos;existence d&apos;un registre limitatif et d&apos;un label permettra de valoriser le travail traditionnel et de qualité. Il permettra aussi l&apos;adoption de mesures spécifiques en faveur de l&apos;artisanat. On peut tout imaginer, depuis les mesures fiscales jusqu&apos;aux allègements administratifs, en passant par des incitants et des aides à la formation. Partagez Z&apos;ont dit De Kris Peeters 
(CD&amp;V), ministre de l&apos;Emploi, promoteur de la généralisation du calcul du temps de travail sur base annuelle : &quot;Je trouve que c&apos;est dommage de dire qu&apos;on supprime les 38 heures, parce que ce n&apos;est pas exact.&quot; (Le Soir, 03/05/16) LES PLUS LUS / TOP 10 
</topic_text>
<spam_score>0.00</spam_score>
<post_num>1</post_num>
<post_id>post-1</post_id>
<post_url>http://www.unionetactions.be/Edition-du-journal/2016/147-13-05-2016/On-y-est</post_url>
<post_date>20140417</post_date>
<post_time></post_time>
<username></username>
<post>
Secteur | Statut de l&apos;artisan On y est ! La loi du 19 mars 2014 définit ce qu&apos;est un artisan. Le ministre des indépendants, Willy Borsus (MR), annonce son entrée en vigueur, enfin, au 1er juin 2016. 
Depuis son adoption, le texte légal a été modifié et amélioré. Dans sa forme actuelle, il prévoit que, pour être un artisan ou une entreprise artisanale, il faut être &quot;un indépendant en personne physique ou une personne morale (entreprise) comptant moins de 20 travailleurs et exerçant des activités présentant des aspects essentiellement manuels, un caractère authentique, développant un certain savoir-faire axé sur la qualité, la tradition, la création ou l&apos;innovation.&quot; Quelques modifications mineures à cette définition sont encore possibles. 
Pour être reconnu comme artisan, le candidat devra introduire une demande auprès d&apos;une commission spécialement créée, dont les membres seront désignés par les organisations interprofessionnelles siégeant au Conseil supérieur des indépendants et PME. Il va de soi que les professions artisanales y auront des représentants. 
C&apos;est donc cette commission, qui n&apos;existe pas encore concrètement, qui octroiera le titre d&apos;artisan. Ceux qui l&apos;obtiendront seront inscrits dans un répertoire et pourront utiliser un logo officiel qui leur permettra d&apos;être reconnu facilement par le grand public. 
L&apos;UCM a soutenu la mise en place de cette loi parce qu&apos;il est nécessaire pour le consommateur de pouvoir faire la différence entre les &quot;vrais artisans&quot; et ceux qui revendiquent ce titre pour des raisons commerciales. La définition n&apos;est pas une fin en soi. L&apos;existence d&apos;un registre limitatif et d&apos;un label permettra de valoriser le travail traditionnel et de qualité. Il permettra aussi l&apos;adoption de mesures spécifiques en faveur de l&apos;artisanat. On peut tout imaginer, depuis les mesures fiscales jusqu&apos;aux allègements administratifs, en passant par des incitants et des aides à la formation. Partagez Z&apos;ont dit De Kris Peeters 
(CD&amp;V), ministre de l&apos;Emploi, promoteur de la généralisation du calcul du temps de travail sur base annuelle : &quot;Je trouve que c&apos;est dommage de dire qu&apos;on supprime les 38 heures, parce que ce n&apos;est pas exact.&quot; (Le Soir, 03/05/16) LES PLUS LUS / TOP 10 
</post>
<signature>

</signature>
<external_links>

</external_links>
<country>BE</country>
<main_image>http://www.unionetactions.be/extension/ucm/design/common/images/logo-unionetactions-og-image-20140417.jpg</main_image>
</document>
