<?xml version="1.0" encoding="UTF-8"?>
<document>
<type>mainstream</type>
<forum>http://www.cbs8.com/category/307361/business-wire</forum>
<forum_title>Business Wire - CBS News 8 - San Diego, CA News Station - KFMB Channel 8</forum_title>
<discussion_title>Fitch Downgrades 1 Class of CSFB 1999-C1</discussion_title>
<language>english</language>
<gmt_offset></gmt_offset>
<topic_url>http://www.cbs8.com/story/31956660/fitch-downgrades-1-class-of-csfb-1999-c1</topic_url>
<topic_text>
CHICAGO --(BUSINESS WIRE) Fitch Ratings has downgraded one class and affirmed three classes of Credit Suisse First Boston Mortgage Securities Corp. (CSFB) commercial mortgage pass-through certificates series 1999-C1. A detailed list of rating actions follows at the end of this press release.
KEY RATING DRIVERS
The downgrade to class G reflects the possibility of losses from the one specially serviced asset, which may be significant given the low occupancy of the property and the special servicer&apos;s value-add strategy. Only two other loans remain, both of which are defeased with maturity dates March 2019. Although class G is fully covered by the defeased collateral, Fitch remains concerned about the ultimate recovery of the specially serviced asset given significant expenses incurred and likely expenses required to implement the value-add strategy.
As of the April 2016 distribution date, the pool&apos;s aggregate principal balance has been reduced by 97.6% to $28.2 million from $1.17 billion at issuance. There has been $82.7 million (7.1% of the original pool balance) in realized losses to date. Interest shortfalls are currently affecting classes H through O.
The specially-serviced loan (24.7%) is secured by a 129,293 square foot office building located in Parsippany, NJ. The loan transferred to the special servicer in June 2013 due to imminent default, primarily the result of vacancy issues. The property&apos;s largest tenant (52% of GLA) vacated in December 2013. Foreclosure has been completed and the property became real estate owned (REO) in August 2015. Current occupancy is approximately 16% as of April 2016. The special servicer has no current disposition plans and is implementing a value-add strategy.
RATING SENSITIVITIES
The Rating Outlook on class G has been revised to Negative from Stable due to the prolonged value-add strategy and likely expenses pertaining to the specially serviced asset. A further downgrade may be possible if the asset suffers a worse than anticipated recovery. A future upgrade will be unlikely given the risk of losses and interest shortfalls with the current asset disposition plan of the REO asset; should the asset be disposed prior to incurring any shortfalls to class G the class would be upgraded.
DUE DILIGENCE USAGE
No third party due diligence was provided or reviewed in relation to this rating action.
Fitch has downgraded the following class and revised the Rating Outlook as indicated:
--$20.2 million class G to &apos;BBsf&apos; from &apos;BBBsf&apos;; Outlook to Negative from Stable.
Fitch has affirmed the following classes and revises the RE as indicated:
--$8 million class H at &apos;Dsf&apos;; RE 0%.
Fitch has affirmed following classes:
--$0 class J at &apos;Dsf&apos;; RE 0%;
--$0 class K at &apos;Dsf&apos;, RE 0%.
The class A-1, A-2, B, C, D, E and F certificates have paid in full. Fitch does not rate the class L, M and O certificates. Fitch previously withdrew the rating on the interest-only class A-X and N certificates.
Additional information is available at www.fitchratings.com .
Applicable Criteria
Counterparty Criteria for Structured Finance and Covered Bonds (pub. 14 May 2014)
https://www.fitchratings.com/creditdesk/reports/report_frame.cfm?rpt_id=744158
Criteria for Rating Caps and Limitations in Global Structured Finance Transactions (pub. 28 May 2014)
https://www.fitchratings.com/creditdesk/reports/report_frame.cfm?rpt_id=748781
Global Structured Finance Rating Criteria (pub. 06 Jul 2015)
https://www.fitchratings.com/creditdesk/reports/report_frame.cfm?rpt_id=867952
U.S. and Canadian Fixed-Rate Multiborrower CMBS Surveillance and U.S. Re-REMIC Criteria (pub. 13 Nov 2015)
https://www.fitchratings.com/creditdesk/reports/report_frame.cfm?rpt_id=873395
Additional Disclosures
Dodd-Frank Rating Information Disclosure Form
https://www.fitchratings.com/creditdesk/press_releases/content/ridf_frame.cfm?pr_id=1004368
Solicitation Status
https://www.fitchratings.com/gws/en/disclosure/solicitation?pr_id=1004368
Endorsement Policy
https://www.fitchratings.com/jsp/creditdesk/PolicyRegulation.faces?context=2&amp;detail=31
ALL FITCH CREDIT RATINGS ARE SUBJECT TO CERTAIN LIMITATIONS AND DISCLAIMERS. PLEASE READ THESE LIMITATIONS AND DISCLAIMERS BY FOLLOWING THIS LINK: HTTP://FITCHRATINGS.COM/UNDERSTANDINGCREDITRATINGS . IN ADDITION, RATING DEFINITIONS AND THE TERMS OF USE OF SUCH RATINGS ARE AVAILABLE ON THE AGENCY&apos;S PUBLIC WEBSITE &apos; WWW.FITCHRATINGS.COM &apos;. PUBLISHED RATINGS, CRITERIA AND METHODOLOGIES ARE AVAILABLE FROM THIS SITE AT ALL TIMES. FITCH&apos;S CODE OF CONDUCT, CONFIDENTIALITY, CONFLICTS OF INTEREST, AFFILIATE FIREWALL, COMPLIANCE AND OTHER RELEVANT POLICIES AND PROCEDURES ARE ALSO AVAILABLE FROM THE &apos;CODE OF CONDUCT&apos; SECTION OF THIS SITE. FITCH MAY HAVE PROVIDED ANOTHER PERMISSIBLE SERVICE TO THE RATED ENTITY OR ITS RELATED THIRD PARTIES. DETAILS OF THIS SERVICE FOR RATINGS FOR WHICH THE LEAD ANALYST IS BASED IN AN EU-REGISTERED ENTITY CAN BE FOUND ON THE ENTITY SUMMARY PAGE FOR THIS ISSUER ON THE FITCH WEBSITE.
 //www.businesswire.com/news/home/20160512005809/en/
Fitch Ratings
Primary Analyst
Daniel Anderson
Associate Director
+1-312-606-2305
Fitch Ratings, Inc.
70 West Madison Street
Chicago, IL 60602
or
Committee Chairperson
Mary MacNeill
Managing Director
+1-212-908-0785
or
Media Relations:
Sandro Scenga, +1 212-908-0278
sandro.scenga@fitchratings.com
 
</topic_text>
<spam_score>0.00</spam_score>
<post_num>1</post_num>
<post_id>post-1</post_id>
<post_url>http://www.cbs8.com/story/31956660/fitch-downgrades-1-class-of-csfb-1999-c1</post_url>
<post_date>20160512</post_date>
<post_time>0944</post_time>
<username>cbs8</username>
<post>
CHICAGO --(BUSINESS WIRE) Fitch Ratings has downgraded one class and affirmed three classes of Credit Suisse First Boston Mortgage Securities Corp. (CSFB) commercial mortgage pass-through certificates series 1999-C1. A detailed list of rating actions follows at the end of this press release.
KEY RATING DRIVERS
The downgrade to class G reflects the possibility of losses from the one specially serviced asset, which may be significant given the low occupancy of the property and the special servicer&apos;s value-add strategy. Only two other loans remain, both of which are defeased with maturity dates March 2019. Although class G is fully covered by the defeased collateral, Fitch remains concerned about the ultimate recovery of the specially serviced asset given significant expenses incurred and likely expenses required to implement the value-add strategy.
As of the April 2016 distribution date, the pool&apos;s aggregate principal balance has been reduced by 97.6% to $28.2 million from $1.17 billion at issuance. There has been $82.7 million (7.1% of the original pool balance) in realized losses to date. Interest shortfalls are currently affecting classes H through O.
The specially-serviced loan (24.7%) is secured by a 129,293 square foot office building located in Parsippany, NJ. The loan transferred to the special servicer in June 2013 due to imminent default, primarily the result of vacancy issues. The property&apos;s largest tenant (52% of GLA) vacated in December 2013. Foreclosure has been completed and the property became real estate owned (REO) in August 2015. Current occupancy is approximately 16% as of April 2016. The special servicer has no current disposition plans and is implementing a value-add strategy.
RATING SENSITIVITIES
The Rating Outlook on class G has been revised to Negative from Stable due to the prolonged value-add strategy and likely expenses pertaining to the specially serviced asset. A further downgrade may be possible if the asset suffers a worse than anticipated recovery. A future upgrade will be unlikely given the risk of losses and interest shortfalls with the current asset disposition plan of the REO asset; should the asset be disposed prior to incurring any shortfalls to class G the class would be upgraded.
DUE DILIGENCE USAGE
No third party due diligence was provided or reviewed in relation to this rating action.
Fitch has downgraded the following class and revised the Rating Outlook as indicated:
--$20.2 million class G to &apos;BBsf&apos; from &apos;BBBsf&apos;; Outlook to Negative from Stable.
Fitch has affirmed the following classes and revises the RE as indicated:
--$8 million class H at &apos;Dsf&apos;; RE 0%.
Fitch has affirmed following classes:
--$0 class J at &apos;Dsf&apos;; RE 0%;
--$0 class K at &apos;Dsf&apos;, RE 0%.
The class A-1, A-2, B, C, D, E and F certificates have paid in full. Fitch does not rate the class L, M and O certificates. Fitch previously withdrew the rating on the interest-only class A-X and N certificates.
Additional information is available at www.fitchratings.com .
Applicable Criteria
Counterparty Criteria for Structured Finance and Covered Bonds (pub. 14 May 2014)
https://www.fitchratings.com/creditdesk/reports/report_frame.cfm?rpt_id=744158
Criteria for Rating Caps and Limitations in Global Structured Finance Transactions (pub. 28 May 2014)
https://www.fitchratings.com/creditdesk/reports/report_frame.cfm?rpt_id=748781
Global Structured Finance Rating Criteria (pub. 06 Jul 2015)
https://www.fitchratings.com/creditdesk/reports/report_frame.cfm?rpt_id=867952
U.S. and Canadian Fixed-Rate Multiborrower CMBS Surveillance and U.S. Re-REMIC Criteria (pub. 13 Nov 2015)
https://www.fitchratings.com/creditdesk/reports/report_frame.cfm?rpt_id=873395
Additional Disclosures
Dodd-Frank Rating Information Disclosure Form
https://www.fitchratings.com/creditdesk/press_releases/content/ridf_frame.cfm?pr_id=1004368
Solicitation Status
https://www.fitchratings.com/gws/en/disclosure/solicitation?pr_id=1004368
Endorsement Policy
https://www.fitchratings.com/jsp/creditdesk/PolicyRegulation.faces?context=2&amp;detail=31
ALL FITCH CREDIT RATINGS ARE SUBJECT TO CERTAIN LIMITATIONS AND DISCLAIMERS. PLEASE READ THESE LIMITATIONS AND DISCLAIMERS BY FOLLOWING THIS LINK: HTTP://FITCHRATINGS.COM/UNDERSTANDINGCREDITRATINGS . IN ADDITION, RATING DEFINITIONS AND THE TERMS OF USE OF SUCH RATINGS ARE AVAILABLE ON THE AGENCY&apos;S PUBLIC WEBSITE &apos; WWW.FITCHRATINGS.COM &apos;. PUBLISHED RATINGS, CRITERIA AND METHODOLOGIES ARE AVAILABLE FROM THIS SITE AT ALL TIMES. FITCH&apos;S CODE OF CONDUCT, CONFIDENTIALITY, CONFLICTS OF INTEREST, AFFILIATE FIREWALL, COMPLIANCE AND OTHER RELEVANT POLICIES AND PROCEDURES ARE ALSO AVAILABLE FROM THE &apos;CODE OF CONDUCT&apos; SECTION OF THIS SITE. FITCH MAY HAVE PROVIDED ANOTHER PERMISSIBLE SERVICE TO THE RATED ENTITY OR ITS RELATED THIRD PARTIES. DETAILS OF THIS SERVICE FOR RATINGS FOR WHICH THE LEAD ANALYST IS BASED IN AN EU-REGISTERED ENTITY CAN BE FOUND ON THE ENTITY SUMMARY PAGE FOR THIS ISSUER ON THE FITCH WEBSITE.
 //www.businesswire.com/news/home/20160512005809/en/
Fitch Ratings
Primary Analyst
Daniel Anderson
Associate Director
+1-312-606-2305
Fitch Ratings, Inc.
70 West Madison Street
Chicago, IL 60602
or
Committee Chairperson
Mary MacNeill
Managing Director
+1-212-908-0785
or
Media Relations:
Sandro Scenga, +1 212-908-0278
sandro.scenga@fitchratings.com
 
</post>
<signature>

</signature>
<external_links>
<external_link>http://cts.businesswire.com/ct/CT?id=smartlink&amp;url=https%3A%2F%2Fwww.fitchratings.com%2Fcreditdesk%2Freports%2Freport_frame.cfm%3Frpt_id%3D744158&amp;esheet=51341275&amp;newsitemid=20160512005809&amp;lan=en-US&amp;anchor=https%3A%2F%2Fwww.fitchratings.com%2Fcreditdesk%2Freports%2Freport_frame.cfm%3Frpt_id%3D744158&amp;index=2&amp;md5=86368c968828754d06ba18c67b2a6a41</external_link><external_link>https://www.fitchratings.com/creditdesk/reports/report_frame.cfm?rpt_id=744158</external_link><external_link>http://purl.org/rss/1.0/modules/content/</external_link><external_link>http://cts.businesswire.com/ct/CT?id=smartlink&amp;url=https%3A%2F%2Fwww.fitchratings.com%2Fcreditdesk%2Fpress_releases%2Fcontent%2Fridf_frame.cfm%3Fpr_id%3D1004368&amp;esheet=51341275&amp;newsitemid=20160512005809&amp;lan=en-US&amp;anchor=https%3A%2F%2Fwww.fitchratings.com%2Fcreditdesk%2Fpress_releases%2Fcontent%2Fridf_frame.cfm%3Fpr_id%3D1004368&amp;index=6&amp;md5=157f0036afdc0d4d93a33d3051f2f365</external_link><external_link>HTTP://FITCHRATINGS.COM/UNDERSTANDINGCREDITRATINGS</external_link><external_link>https://www.fitchratings.com/creditdesk/reports/report_frame.cfm?rpt_id=873395</external_link><external_link>https://www.fitchratings.com/creditdesk/reports/report_frame.cfm?rpt_id=867952</external_link><external_link>http://www.businesswire.com/news/home/20160512005809/en/</external_link><external_link>http://cts.businesswire.com/ct/CT?id=smartlink&amp;url=https%3A%2F%2Fwww.fitchratings.com%2Fjsp%2Fcreditdesk%2FPolicyRegulation.faces%3Fcontext%3D2%26detail%3D31&amp;esheet=51341275&amp;newsitemid=20160512005809&amp;lan=en-US&amp;anchor=https%3A%2F%2Fwww.fitchratings.com%2Fjsp%2Fcreditdesk%2FPolicyRegulation.faces%3Fcontext%3D2%26detail%3D31&amp;index=8&amp;md5=cae1d3ac8bbf5cf6f15d5937a46f657e</external_link><external_link>http://cts.businesswire.com/ct/CT?id=smartlink&amp;url=http%3A%2F%2Fwww.fitchratings.com&amp;esheet=51341275&amp;newsitemid=20160512005809&amp;lan=en-US&amp;anchor=www.fitchratings.com&amp;index=1&amp;md5=c0029b13dcdd84adfb22201a8c01073e</external_link><external_link>http://cts.businesswire.com/ct/CT?id=smartlink&amp;url=https%3A%2F%2Fwww.fitchratings.com%2Fcreditdesk%2Freports%2Freport_frame.cfm%3Frpt_id%3D867952&amp;esheet=51341275&amp;newsitemid=20160512005809&amp;lan=en-US&amp;anchor=https%3A%2F%2Fwww.fitchratings.com%2Fcreditdesk%2Freports%2Freport_frame.cfm%3Frpt_id%3D867952&amp;index=4&amp;md5=46ba27883ee04fc00bb4ba5e032da824</external_link><external_link>http://cts.businesswire.com/ct/CT?id=bwnews&amp;sty=20160512005809r1&amp;sid=56987&amp;distro=ftp</external_link><external_link>http://cts.businesswire.com/ct/CT?id=smartlink&amp;url=https%3A%2F%2Fwww.fitchratings.com%2Fgws%2Fen%2Fdisclosure%2Fsolicitation%3Fpr_id%3D1004368&amp;esheet=51341275&amp;newsitemid=20160512005809&amp;lan=en-US&amp;anchor=https%3A%2F%2Fwww.fitchratings.com%2Fgws%2Fen%2Fdisclosure%2Fsolicitation%3Fpr_id%3D1004368&amp;index=7&amp;md5=1170265ebfd5bd3d95f11e52bd961597</external_link><external_link>https://www.fitchratings.com/creditdesk/reports/report_frame.cfm?rpt_id=748781</external_link><external_link>http://cts.businesswire.com/ct/CT?id=smartlink&amp;url=HTTP%3A%2F%2FFITCHRATINGS.COM%2FUNDERSTANDINGCREDITRATINGS&amp;esheet=51341275&amp;newsitemid=20160512005809&amp;lan=en-US&amp;anchor=HTTP%3A%2F%2FFITCHRATINGS.COM%2FUNDERSTANDINGCREDITRATINGS&amp;index=9&amp;md5=2623c2dc7bd70993abfa3aea6d649e06</external_link><external_link>http://cts.businesswire.com/ct/CT?id=smartlink&amp;url=https%3A%2F%2Fwww.fitchratings.com%2Fcreditdesk%2Freports%2Freport_frame.cfm%3Frpt_id%3D748781&amp;esheet=51341275&amp;newsitemid=20160512005809&amp;lan=en-US&amp;anchor=https%3A%2F%2Fwww.fitchratings.com%2Fcreditdesk%2Freports%2Freport_frame.cfm%3Frpt_id%3D748781&amp;index=3&amp;md5=163c9059732392242dd7dff4f18654f2</external_link><external_link>https://www.fitchratings.com/gws/en/disclosure/solicitation?pr_id=1004368</external_link><external_link>https://www.fitchratings.com/jsp/creditdesk/PolicyRegulation.faces?context=2&amp;detail=31</external_link><external_link>https://www.fitchratings.com/creditdesk/press_releases/content/ridf_frame.cfm?pr_id=1004368</external_link><external_link>http://cts.businesswire.com/ct/CT?id=smartlink&amp;url=http%3A%2F%2FWWW.FITCHRATINGS.COM&amp;esheet=51341275&amp;newsitemid=20160512005809&amp;lan=en-US&amp;anchor=WWW.FITCHRATINGS.COM&amp;index=10&amp;md5=b3c25585275b245655331a150161c841</external_link><external_link>http://cts.businesswire.com/ct/CT?id=smartlink&amp;url=https%3A%2F%2Fwww.fitchratings.com%2Fcreditdesk%2Freports%2Freport_frame.cfm%3Frpt_id%3D873395&amp;esheet=51341275&amp;newsitemid=20160512005809&amp;lan=en-US&amp;anchor=https%3A%2F%2Fwww.fitchratings.com%2Fcreditdesk%2Freports%2Freport_frame.cfm%3Frpt_id%3D873395&amp;index=5&amp;md5=85fbb2c67d73013144a588a901472c45</external_link>
</external_links>
<country>US</country>
<main_image></main_image>
</document>
