<?xml version="1.0" encoding="UTF-8"?>
<document>
<type>mainstream</type>
<forum></forum>
<forum_title></forum_title>
<discussion_title>Actors Billie Piper and Laurence Fox divorce after eight years | BreakingNews.ie</discussion_title>
<language>english</language>
<gmt_offset></gmt_offset>
<topic_url>http://www.breakingnews.ie/showbiz/actors-billie-piper-and-laurence-fox-divorce-after-eight-years-735047.html</topic_url>
<topic_text>
12/05/2016 - 16:55:48 Back to Showbiz Home 
Actress Billie Piper and actor Laurence Fox have divorced after more than eight years of marriage. 
Billie was granted a “decree nisi” at a brief hearing on Thursday at the Central Family Court in High Holborn, London. 
Billie Piper and Laurence Fox (Ian West/PA) 
It was granted on the ground of Laurence’s “unreasonable behaviour”. 
Neither attended the proceedings before District Judge Yvonne Gibson. 
Lewis star Laurence, 37, and former pop singer Billie, 33, married in December 2007 and have two sons together. 
In a statement on Laurence’s official Facebook page in March they said that “no third parties” were involved and appealed for “space and privacy”. 
Billie, Laurence and son Winston (Fever PR/PA) 
The statement read: “Laurence Fox and Billie Piper have separated. No third parties are involved. For the sake of our family we request and appeal for space and privacy at this time.” 
No details of the “unreasonable behaviour” were revealed in divorce documents made public on Thursday. 
Billie was previously married to radio and TV presenter Chris Evans. The pair separated in 2004 before divorcing in May 2007. 
Billie used to be married to Chris Evans (Myung Jung Kim/PA) 
Laurence is a member of the famous Fox acting dynasty which includes his father James, best known for The Servant and Downton Abbey. 
His uncle Edward starred in The Day Of The Jackal while Fox’s cousins Emilia and Freddie also act, and are known respectively for the BBC’s Silent Witness and Channel 4′s Cucumber. 
</topic_text>
<spam_score>0.00</spam_score>
<post_num>1</post_num>
<post_id>post-1</post_id>
<post_url>http://www.breakingnews.ie/showbiz/actors-billie-piper-and-laurence-fox-divorce-after-eight-years-735047.html</post_url>
<post_date>20160512</post_date>
<post_time></post_time>
<username></username>
<post>
12/05/2016 - 16:55:48 Back to Showbiz Home 
Actress Billie Piper and actor Laurence Fox have divorced after more than eight years of marriage. 
Billie was granted a “decree nisi” at a brief hearing on Thursday at the Central Family Court in High Holborn, London. 
Billie Piper and Laurence Fox (Ian West/PA) 
It was granted on the ground of Laurence’s “unreasonable behaviour”. 
Neither attended the proceedings before District Judge Yvonne Gibson. 
Lewis star Laurence, 37, and former pop singer Billie, 33, married in December 2007 and have two sons together. 
In a statement on Laurence’s official Facebook page in March they said that “no third parties” were involved and appealed for “space and privacy”. 
Billie, Laurence and son Winston (Fever PR/PA) 
The statement read: “Laurence Fox and Billie Piper have separated. No third parties are involved. For the sake of our family we request and appeal for space and privacy at this time.” 
No details of the “unreasonable behaviour” were revealed in divorce documents made public on Thursday. 
Billie was previously married to radio and TV presenter Chris Evans. The pair separated in 2004 before divorcing in May 2007. 
Billie used to be married to Chris Evans (Myung Jung Kim/PA) 
Laurence is a member of the famous Fox acting dynasty which includes his father James, best known for The Servant and Downton Abbey. 
His uncle Edward starred in The Day Of The Jackal while Fox’s cousins Emilia and Freddie also act, and are known respectively for the BBC’s Silent Witness and Channel 4′s Cucumber. 
</post>
<signature>

</signature>
<external_links>

</external_links>
<country>US</country>
<main_image>http://www.breakingnews.ie/remote/snappa.static.pressassociation.io/assets/2016/05/12164256/1463067774-a44618f76849f7121bee973390ce46c5-1038x576.jpg?width=600&amp;s=bn-735047</main_image>
</document>
