<?xml version="1.0" encoding="UTF-8"?>
<document>
<type>mainstream</type>
<forum>http://echo.msk.ru/news/</forum>
<forum_title>Эхо Москвы :: Новости </forum_title>
<discussion_title>Москвичам дадут возможность поучаствовать в выращивании овощей в городских парках</discussion_title>
<language>russian</language>
<gmt_offset></gmt_offset>
<topic_url>http://echo.msk.ru/news/1764212-echo.html</topic_url>
<topic_text>
За каждым участником акции будет закреплена грядка, за которой он будет ухаживать до осени, рассказала ТАСС руководитель отдела по связям с общественностью Мосгорпарка Дарья Симоненко.
«Этим летом в некоторых московских парках можно будет принять участие в посадке растений, ухаживать за ними, и осенью даже собрать небольшой урожай. В Перовском парке стартует проект «Дача в большом городе», можно будет сажать грядки под руководством куратора. Будут сажать овощи, например, огурцы и помидоры. В ряде парков будут работать экспериментальные огороды для детей. Есть сезонный проект по высадке растений, например, в парке «Сокольники» дважды в год — весной и осенью — проходит акция «Укоренись в парке». Все желающие смогут поучаствовать в высадке растений, которые составляют живую изгородь парка. Всем выдается не только посадочный материал, но и необходимый инвентарь и перчатки для того, чтобы осуществить посадки».
Также в Москве будут созданы несколько детских огородов.
</topic_text>
<spam_score>0.00</spam_score>
<post_num>25</post_num>
<post_id>post-25</post_id>
<post_url>http://echo.msk.ru/news/1764212-echo.html</post_url>
<post_date>20160512</post_date>
<post_time>1621</post_time>
<username>zlukin</username>
<post>
;) новость №1 -
РФ полностью запретит ввоз овощей, фруктов из Турции
12.05.2016 12:22
Подробнее: http://www.vestifinance.ru/articles/70744
;) новость №2 -
15:32, 12 мая 2016
Москвичам дадут возможность поучаствовать в выращивании овощей в городских парках.
Гмммм... креативненько....
</post>
<signature>

</signature>
<external_links>
<external_link>http://www.vestifinance.ru/articles/70744</external_link>
</external_links>
<country>BZ</country>
<main_image>http://echo.msk.ru/i/big_logo.png</main_image>
</document>
