<?xml version="1.0" encoding="UTF-8"?>
<document>
<type>mainstream</type>
<forum>http://kdhnews.com//search/?q=&amp;t=article&amp;l=25&amp;d=&amp;d1=&amp;d2=&amp;s=start_time&amp;sd=desc&amp;c[]=news*&amp;f=rss</forum>
<forum_title>The Killeen Daily Herald - news</forum_title>
<discussion_title>AP NewsAlert</discussion_title>
<language>english</language>
<gmt_offset></gmt_offset>
<topic_url>http://kdhnews.com/news/politics/ap-newsalert/article_ab32c11a-47a8-5155-9c25-9eb155badb72.html</topic_url>
<topic_text>
Discuss Print Rules of Conduct 1 Keep it Clean. Please avoid obscene, vulgar, lewd, racist or sexually-oriented language. 2 Don&apos;t Threaten or Abuse. Threats of harming another person will not be tolerated. AND PLEASE TURN OFF CAPS LOCK. 3 Be Truthful. Don&apos;t knowingly lie about anyone or anything. 4 Be Nice. No racism, sexism or any sort of -ism that is degrading to another person. 5 Be Proactive. Use the &apos;Report&apos; link on each comment to let us know of abusive posts. 6 Share with Us. We&apos;d love to hear eyewitness accounts, the history behind an article. Welcome to the discussion.
</topic_text>
<spam_score>0.00</spam_score>
<post_num>1</post_num>
<post_id>post-1</post_id>
<post_url>http://kdhnews.com/news/politics/ap-newsalert/article_ab32c11a-47a8-5155-9c25-9eb155badb72.html</post_url>
<post_date>20160512</post_date>
<post_time>1538</post_time>
<username></username>
<post>
Discuss Print Rules of Conduct 1 Keep it Clean. Please avoid obscene, vulgar, lewd, racist or sexually-oriented language. 2 Don&apos;t Threaten or Abuse. Threats of harming another person will not be tolerated. AND PLEASE TURN OFF CAPS LOCK. 3 Be Truthful. Don&apos;t knowingly lie about anyone or anything. 4 Be Nice. No racism, sexism or any sort of -ism that is degrading to another person. 5 Be Proactive. Use the &apos;Report&apos; link on each comment to let us know of abusive posts. 6 Share with Us. We&apos;d love to hear eyewitness accounts, the history behind an article. Welcome to the discussion.
</post>
<signature>

</signature>
<external_links>

</external_links>
<country>US</country>
<main_image>http://bloximages.newyork1.vip.townnews.com/kdhnews.com/content/tncms/assets/v3/editorial/3/f7/3f721774-4e48-11e4-a862-001a4bcf6878/5434246e4ed18.image.jpg</main_image>
</document>
