<?xml version="1.0" encoding="UTF-8"?>
<document>
<type>mainstream</type>
<forum>http://kdhnews.com//search/?q=&amp;t=article&amp;l=25&amp;d=&amp;d1=&amp;d2=&amp;s=start_time&amp;sd=desc&amp;c[]=news*&amp;f=rss</forum>
<forum_title>The Killeen Daily Herald - news</forum_title>
<discussion_title>Filmmaker Duncan Jones still inspired by dad David Bowie</discussion_title>
<language>english</language>
<gmt_offset></gmt_offset>
<topic_url>http://kdhnews.com/news/ap/filmmaker-duncan-jones-still-inspired-by-dad-david-bowie/article_4f23733c-537f-591c-9fa5-706a81603ff7.html</topic_url>
<topic_text>
Filmmaker Duncan Jones still inspired by dad David Bowie Associated Press | 0 comments 
LOS ANGELES (AP) — Filmmaker Duncan Jones says his dad, David Bowie, inspired him to make movies. 
The director of &quot;Moon&quot; and &quot;Source Code&quot; talked about his late father Wednesday at the Los Angeles premiere of Jones&apos; latest film, the video-game adaptation &quot;Warcraft.&quot; Bowie died in January at age 69. 
&quot;My dad was obviously prolific in music, but he also acted and I think I had the most fun when we were on film sets... I think I got the (directing) bug back then,&quot; Jones said. &quot;Because the musical gene did not express itself in the way one might have hoped, my main hobby with my dad was shooting little one-stop animations and I just always carried that interest in film.&quot; 
The director said his dad also taught him to trust his creative instincts. 
&quot;I think as much on the creativity level — his bravery and willingness to try stuff that other people weren&apos;t expecting,&quot; Jones said. &quot;I did two science-fiction films and then jumped into a video game movie, and now I&apos;m going to go from this behemoth to another tiny, little indie. So just doing what feels right at the moment on a creative level is certainly something I got from him.&quot; 
&quot;Warcraft&quot; is an adaptation of the long-running role-playing game, which centers on the conflict between orcs and humans depicted in &quot;World of Warcraft&quot; and the original &quot;Warcraft&quot; games from the 1990s. The film stars Travis Fimmel, Dominic Cooper, Ben Foster, Toby Kebbell and Paula Patton and opens June 10.
</topic_text>
<spam_score>0.00</spam_score>
<post_num>1</post_num>
<post_id>post-1</post_id>
<post_url>http://kdhnews.com/news/ap/filmmaker-duncan-jones-still-inspired-by-dad-david-bowie/article_4f23733c-537f-591c-9fa5-706a81603ff7.html</post_url>
<post_date>20160512</post_date>
<post_time>1553</post_time>
<username>NICOLE EVATT</username>
<post>
Filmmaker Duncan Jones still inspired by dad David Bowie Associated Press | 0 comments 
LOS ANGELES (AP) — Filmmaker Duncan Jones says his dad, David Bowie, inspired him to make movies. 
The director of &quot;Moon&quot; and &quot;Source Code&quot; talked about his late father Wednesday at the Los Angeles premiere of Jones&apos; latest film, the video-game adaptation &quot;Warcraft.&quot; Bowie died in January at age 69. 
&quot;My dad was obviously prolific in music, but he also acted and I think I had the most fun when we were on film sets... I think I got the (directing) bug back then,&quot; Jones said. &quot;Because the musical gene did not express itself in the way one might have hoped, my main hobby with my dad was shooting little one-stop animations and I just always carried that interest in film.&quot; 
The director said his dad also taught him to trust his creative instincts. 
&quot;I think as much on the creativity level — his bravery and willingness to try stuff that other people weren&apos;t expecting,&quot; Jones said. &quot;I did two science-fiction films and then jumped into a video game movie, and now I&apos;m going to go from this behemoth to another tiny, little indie. So just doing what feels right at the moment on a creative level is certainly something I got from him.&quot; 
&quot;Warcraft&quot; is an adaptation of the long-running role-playing game, which centers on the conflict between orcs and humans depicted in &quot;World of Warcraft&quot; and the original &quot;Warcraft&quot; games from the 1990s. The film stars Travis Fimmel, Dominic Cooper, Ben Foster, Toby Kebbell and Paula Patton and opens June 10.
</post>
<signature>

</signature>
<external_links>

</external_links>
<country>US</country>
<main_image>http://bloximages.newyork1.vip.townnews.com/kdhnews.com/content/tncms/assets/v3/editorial/3/f7/3f721774-4e48-11e4-a862-001a4bcf6878/5434246e4ed18.image.jpg</main_image>
</document>
