<?xml version="1.0" encoding="UTF-8"?>
<document>
<type>mainstream</type>
<forum>http://feeds.feedburner.com/uludagsozluk/</forum>
<forum_title>uludag sozluk</forum_title>
<discussion_title>sözlük kızlarının şu an dinlediği şarkılar</discussion_title>
<language>turkish</language>
<gmt_offset></gmt_offset>
<topic_url>http://www.uludagsozluk.com/e/32446794/</topic_url>
<topic_text>
sözlük kızlarının şu an dinlediği şarkılar sözlük kızlarının şu an dinlediği şarkılar ile alakalı başlıklar
</topic_text>
<spam_score>0.00</spam_score>
<post_num>1</post_num>
<post_id>post-1</post_id>
<post_url>http://www.uludagsozluk.com/e/32446794/</post_url>
<post_date>20160512</post_date>
<post_time>1413</post_time>
<username>kurtar beni</username>
<post>
sözlük kızlarının şu an dinlediği şarkılar sözlük kızlarının şu an dinlediği şarkılar ile alakalı başlıklar
</post>
<signature>

</signature>
<external_links>

</external_links>
<country>TR</country>
<main_image></main_image>
</document>
