<?xml version="1.0" encoding="UTF-8"?>
<document>
<type>mainstream</type>
<forum>http://www.theage.com.au/rssheadlines/union-news/article/rss.xml</forum>
<forum_title>The Age articles</forum_title>
<discussion_title>Super Rugby 2016: Bulls can make life awkward for NSW Waratahs</discussion_title>
<language>english</language>
<gmt_offset></gmt_offset>
<topic_url>http://www.theage.com.au/rugby-union/waratahs/super-rugby-2016-bulls-can-make-life-awkward-for-nsw-waratahs-20160511-got0lm</topic_url>
<topic_text>
Super Rugby 2016: Bulls can make life awkward for NSW Waratahs Date 
Please Log in to update your video settings 
Video will begin in 5 seconds. 
Please Log in to update your video settings Super Rugby round 11 highlights Crusaders stay top of the ladder with Brumbies the only Australian team in the top eight. PT2M39S 620 349 Waratahs stick solid for Bulls match 
There is a temptation for Waratahs supporters to already look beyond Saturday&apos;s match against the Bulls. 
After the visit of the South Africans, the Waratahs have back-to-back blockbusters against New Zealand sides – first the Crusaders in Christchurch, with whom no love is lost, and then the Chiefs in Sydney. 
Class player: Jesse Kriel of the Bulls offloads against the Southern Kings. Photo: Gallo Images 
If the players are similarly distracted, then Saturday has the potential to become awkward. In fact, this is exactly the sort of fixture that is probably causing coach Daryl Gibson all manner of nagging doubts this week. Advertisement 
For if there is one guarantee about the Bulls this Saturday, it is this: they will be better than their rather supine performance against the Brumbies last week. 
Perhaps a little complacency had set in. Before that game the Bulls had not scored below 40 points against three Australian opponents this season. 
Whatever the reason, the Waratahs will face an angrier opponent. The Bulls might not be title-winning material, but there have been some good signs for them this year, and what they showed in the nation&apos;s capital was the exception, not the rule. 
Selection-wise, they have added more starch to the pack with the return of big second-rower Jason Jenkins, and the battle for the gain line will be brutal. 
They probably can&apos;t match the Sharks&apos; aggression and organisation in the tackle area, but if you are looking for those traditional South African qualities of size and power, the Bulls have plenty of it. 
The three players who will be key, though, are halfback Rudy Paige, tight-head prop Marcel van der Merwe and outside centre Jesse Kriel. 
Last week, van der Merwe gave Brumbies loose-head Scott Sio his most uncomfortable spell in the scrum since the World Cup quarter-final against Scotland. 
Well, initially at least. In the first 10 minutes Sio was penalised three times, with the bemused Brumbies front row clearly believing van der Merwe was shearing across the scrum to turn Sio inwards. They probably had a case – most clearly in the third of those penalties. 
However, the lesson for the Waratahs was clear: van der Merwe is a tough customer, with real size about him, and a step up from predecessor Werner Kruger. Paddy Ryan is no waif, but he will give away a few kilograms and his street smarts will be tested. 
Kriel, quite simply, is the class athlete in the Bulls side. When things are clicking for the Bulls&apos; forward pack – and they will try to get an offload game going, a style change they look committed to – the end game is getting players such as Kriel into a bit of space to use his pace. 
However, there are still a few doubts about his defensive play at No.13. The Brumbies completely split Kriel and his centre partner Jan Serfontein with a clever first-phase move that saw Nigel Ah Wong score a crucial try after half-time. 
Serfontein was guilty of buying Tevita Kuridrani&apos;s decoy run, Kriel guilty of drifting a half-step too far and not even laying a paw on Ah Wong as he raced past on the inside. There is no doubt the Waratahs will throw some runners down that channel and force Kriel to make a decision or two. 
Paige is the spark. It is no coincidence that what little life the Bulls&apos; attack showed last week came when the little No.9 came on. He is quick to the breakdown and a sharp distributor, but he is more than simply following patterns. Paige plays with his head up, always looking for options and counting the numbers in the opposition defence. There is a bit of Will Genia in the way he plays. 
It&apos;s possible to overstate the Bulls&apos; qualities. The Waratahs have the players to put them away. But don&apos;t start salivating at the prospect of the Kiwi showdowns just yet – Super Rugby is full of traps over the course of a challenging season, and Saturday is one of them.
</topic_text>
<spam_score>0.00</spam_score>
<post_num>1</post_num>
<post_id>post-1</post_id>
<post_url>http://www.theage.com.au/rugby-union/waratahs/super-rugby-2016-bulls-can-make-life-awkward-for-nsw-waratahs-20160511-got0lm</post_url>
<post_date>20160512</post_date>
<post_time>1400</post_time>
<username></username>
<post>
Super Rugby 2016: Bulls can make life awkward for NSW Waratahs Date 
Please Log in to update your video settings 
Video will begin in 5 seconds. 
Please Log in to update your video settings Super Rugby round 11 highlights Crusaders stay top of the ladder with Brumbies the only Australian team in the top eight. PT2M39S 620 349 Waratahs stick solid for Bulls match 
There is a temptation for Waratahs supporters to already look beyond Saturday&apos;s match against the Bulls. 
After the visit of the South Africans, the Waratahs have back-to-back blockbusters against New Zealand sides – first the Crusaders in Christchurch, with whom no love is lost, and then the Chiefs in Sydney. 
Class player: Jesse Kriel of the Bulls offloads against the Southern Kings. Photo: Gallo Images 
If the players are similarly distracted, then Saturday has the potential to become awkward. In fact, this is exactly the sort of fixture that is probably causing coach Daryl Gibson all manner of nagging doubts this week. Advertisement 
For if there is one guarantee about the Bulls this Saturday, it is this: they will be better than their rather supine performance against the Brumbies last week. 
Perhaps a little complacency had set in. Before that game the Bulls had not scored below 40 points against three Australian opponents this season. 
Whatever the reason, the Waratahs will face an angrier opponent. The Bulls might not be title-winning material, but there have been some good signs for them this year, and what they showed in the nation&apos;s capital was the exception, not the rule. 
Selection-wise, they have added more starch to the pack with the return of big second-rower Jason Jenkins, and the battle for the gain line will be brutal. 
They probably can&apos;t match the Sharks&apos; aggression and organisation in the tackle area, but if you are looking for those traditional South African qualities of size and power, the Bulls have plenty of it. 
The three players who will be key, though, are halfback Rudy Paige, tight-head prop Marcel van der Merwe and outside centre Jesse Kriel. 
Last week, van der Merwe gave Brumbies loose-head Scott Sio his most uncomfortable spell in the scrum since the World Cup quarter-final against Scotland. 
Well, initially at least. In the first 10 minutes Sio was penalised three times, with the bemused Brumbies front row clearly believing van der Merwe was shearing across the scrum to turn Sio inwards. They probably had a case – most clearly in the third of those penalties. 
However, the lesson for the Waratahs was clear: van der Merwe is a tough customer, with real size about him, and a step up from predecessor Werner Kruger. Paddy Ryan is no waif, but he will give away a few kilograms and his street smarts will be tested. 
Kriel, quite simply, is the class athlete in the Bulls side. When things are clicking for the Bulls&apos; forward pack – and they will try to get an offload game going, a style change they look committed to – the end game is getting players such as Kriel into a bit of space to use his pace. 
However, there are still a few doubts about his defensive play at No.13. The Brumbies completely split Kriel and his centre partner Jan Serfontein with a clever first-phase move that saw Nigel Ah Wong score a crucial try after half-time. 
Serfontein was guilty of buying Tevita Kuridrani&apos;s decoy run, Kriel guilty of drifting a half-step too far and not even laying a paw on Ah Wong as he raced past on the inside. There is no doubt the Waratahs will throw some runners down that channel and force Kriel to make a decision or two. 
Paige is the spark. It is no coincidence that what little life the Bulls&apos; attack showed last week came when the little No.9 came on. He is quick to the breakdown and a sharp distributor, but he is more than simply following patterns. Paige plays with his head up, always looking for options and counting the numbers in the opposition defence. There is a bit of Will Genia in the way he plays. 
It&apos;s possible to overstate the Bulls&apos; qualities. The Waratahs have the players to put them away. But don&apos;t start salivating at the prospect of the Kiwi showdowns just yet – Super Rugby is full of traps over the course of a challenging season, and Saturday is one of them.
</post>
<signature>

</signature>
<external_links>

</external_links>
<country>AU</country>
<main_image>http://www.theage.com.au/content/dam/images/g/o/t/j/j/5/image.related.articleLeadwide.620x349.got0lm.png/1463051475749.jpg</main_image>
</document>
