<?xml version="1.0" encoding="UTF-8"?>
<document>
<type>mainstream</type>
<forum>http://www.jckonline.com/rss.xml</forum>
<forum_title>JCK</forum_title>
<discussion_title>Can the Natural and Lab-Grown Diamond Industries Really Get Along?</discussion_title>
<language>english</language>
<gmt_offset></gmt_offset>
<topic_url>http://www.jckonline.com/can-natural-and-lab-grown-diamond-industries-really-get-along-607</topic_url>
<topic_text>
Can the Natural and Lab-Grown Diamond Industries Really Get Along?   
Each diamond source will promote its features and benefits. At the current time it appears that prices are similar, so it comes down to whether the client wants a mined or a synthesized diamond. The rest of the design and manufacture is all the same. In my meetings with the team at Diamond Foundry they have expressed that they can sell all they can make without competing with the natural mined diamonds. Link:
</topic_text>
<spam_score>0.00</spam_score>
<post_num>1</post_num>
<post_id>post-1</post_id>
<post_url>http://www.jckonline.com/can-natural-and-lab-grown-diamond-industries-really-get-along-607</post_url>
<post_date>20160512</post_date>
<post_time>1544</post_time>
<username>Admin User</username>
<post>
Can the Natural and Lab-Grown Diamond Industries Really Get Along?   
Each diamond source will promote its features and benefits. At the current time it appears that prices are similar, so it comes down to whether the client wants a mined or a synthesized diamond. The rest of the design and manufacture is all the same. In my meetings with the team at Diamond Foundry they have expressed that they can sell all they can make without competing with the natural mined diamonds. Link:
</post>
<signature>

</signature>
<external_links>

</external_links>
<country>US</country>
<main_image>http://www.jckonline.com/sites/all/themes/jck/images/share-image.jpg</main_image>
</document>
