<?xml version="1.0" encoding="UTF-8"?>
<document>
<type>mainstream</type>
<forum></forum>
<forum_title></forum_title>
<discussion_title>国博推出日本泉屋博古馆藏精品中国文物图录-千龙网·中国首都网</discussion_title>
<language>chinese</language>
<gmt_offset></gmt_offset>
<topic_url>http://finance.qianlong.com/2016/0509/592669.shtml</topic_url>
<topic_text>

虎卣，商代后期，高35.7厘米，重5.09千克。虎以后肢及尾部支撑站立，前爪抱持一人。此器具提梁，为运酒器卣的一种。 
中新网北京4月28日电 （记者 应妮）《海外藏中国古代文物精粹·日本泉屋博古馆卷》28日在京发布，该书系由中国国家博物馆联合世界上诸多著名博物馆合作编辑出版的大型学术性系列丛书之一。 
日本泉屋博古馆是以收藏、展览中国古代青铜器与明清绘画为特色的博物馆，创建于1960年。 
国家博物馆馆长吕章申介绍，《日本泉屋博古馆卷》精选该馆藏中国古代文物珍品199件（套），其中铜器142件（套），书画57件。较为著名的商代青铜器，包括虎卣、夔神鼓、蝉纹俎、宰椃角等，绘画名品有传南宋阎次平《秋野牧牛图》、明代唐寅《秋声图卷》、徐渭《花卉杂画卷》、清代八大山人《安晚帖》，而石涛绘制的《黄山图卷》、《庐山观瀑图》、《黄山八胜画册》，均为其代表作。 
书中的文物说明文字由泉屋博古馆学者撰写，国家博物馆外事处将日文翻译成中文，学术研究中心学者对该馆提供的文物条目进行审校、修改、补充、完善，增补了大量相关的文物信息。为了便于读者检索，书后附有英文图版索引，包括文物彩版小样、名称、时代、尺寸等基本信息。 
据介绍，海外收藏的中国古代文物数量众多，大部分珍藏于欧美及日本等国的各大博物馆之中。多年来，中国学术界一直希望能够全面了解海外藏中国文 物状况，以促进中国历史、文化及艺术的深入研究。为此，中国国家博物馆于2005年立项，开始着手编辑、出版《海外藏中国古代文物精粹》大型系列丛书。该 丛书的编辑凝聚了中国国家博物馆与世界上诸多博物馆专家学者的智慧和学术成果，反映了目前在整理和研究海外藏中国古代文化方面的积极努力。《海外藏中国古 代文物精粹》第一卷《英国国立维多利亚与艾伯特博物馆卷》已于2014年底推出。 责任编辑： 贾奕炜（QF0013） 
</topic_text>
<spam_score>0.00</spam_score>
<post_num>1</post_num>
<post_id>post-1</post_id>
<post_url>http://finance.qianlong.com/2016/0509/592669.shtml</post_url>
<post_date>20160509</post_date>
<post_time></post_time>
<username></username>
<post>

虎卣，商代后期，高35.7厘米，重5.09千克。虎以后肢及尾部支撑站立，前爪抱持一人。此器具提梁，为运酒器卣的一种。 
中新网北京4月28日电 （记者 应妮）《海外藏中国古代文物精粹·日本泉屋博古馆卷》28日在京发布，该书系由中国国家博物馆联合世界上诸多著名博物馆合作编辑出版的大型学术性系列丛书之一。 
日本泉屋博古馆是以收藏、展览中国古代青铜器与明清绘画为特色的博物馆，创建于1960年。 
国家博物馆馆长吕章申介绍，《日本泉屋博古馆卷》精选该馆藏中国古代文物珍品199件（套），其中铜器142件（套），书画57件。较为著名的商代青铜器，包括虎卣、夔神鼓、蝉纹俎、宰椃角等，绘画名品有传南宋阎次平《秋野牧牛图》、明代唐寅《秋声图卷》、徐渭《花卉杂画卷》、清代八大山人《安晚帖》，而石涛绘制的《黄山图卷》、《庐山观瀑图》、《黄山八胜画册》，均为其代表作。 
书中的文物说明文字由泉屋博古馆学者撰写，国家博物馆外事处将日文翻译成中文，学术研究中心学者对该馆提供的文物条目进行审校、修改、补充、完善，增补了大量相关的文物信息。为了便于读者检索，书后附有英文图版索引，包括文物彩版小样、名称、时代、尺寸等基本信息。 
据介绍，海外收藏的中国古代文物数量众多，大部分珍藏于欧美及日本等国的各大博物馆之中。多年来，中国学术界一直希望能够全面了解海外藏中国文 物状况，以促进中国历史、文化及艺术的深入研究。为此，中国国家博物馆于2005年立项，开始着手编辑、出版《海外藏中国古代文物精粹》大型系列丛书。该 丛书的编辑凝聚了中国国家博物馆与世界上诸多博物馆专家学者的智慧和学术成果，反映了目前在整理和研究海外藏中国古代文化方面的积极努力。《海外藏中国古 代文物精粹》第一卷《英国国立维多利亚与艾伯特博物馆卷》已于2014年底推出。 责任编辑： 贾奕炜（QF0013） 
</post>
<signature>

</signature>
<external_links>

</external_links>
<country>CN</country>
<main_image></main_image>
</document>
