<?xml version="1.0" encoding="UTF-8"?>
<document>
<type>mainstream</type>
<forum></forum>
<forum_title></forum_title>
<discussion_title>四类定增跨界被禁？38股为此一天蒸发超100亿-千龙网·中国首都网</discussion_title>
<language>chinese</language>
<gmt_offset></gmt_offset>
<topic_url>http://finance.qianlong.com/2016/0512/600965.shtml</topic_url>
<topic_text>

继“叫停中概股回归”之后，今日市场再传重磅消息——定增募投跨界虚拟产业被禁。这则被机构投资者认为杀伤力比“叫停中概股回归”更厉害的消息，今日直接引发了相关板块个股的大跌，市值蒸发至少在130亿以上。 
如此敏感信息真的可以不通过正规渠道传播开来？身处事实真相中的上市公司有无接到通知？承揽项目的投行保代有无收到消息？券商中国通过逐一采访调查，今日一一为您呈现。 
重磅袭击38股一天蒸发130亿 
根据今日财新网官微报道，证监会已经叫停上市公司跨界定增，涉及互联网金融、游戏、影视、VR四个行业。比如水泥企业不准通过定增收购或者募集资金投向上述四个行业。同时，这四个行业的并购重组和再融资也被叫停。 
请注意，该报道所言是“已经叫停”，也就是说上市公司定增募投涉及上述四大行业进程已经被喊停，包括相应的再融资也已喊停。 
毋庸置疑，如此重大的政策变故对市场冲击极大。直接看5只相关个股今日的表现——妥妥地跌停，分别为大连友谊跌10%、金刚玻璃跌9.98%、星美联合跌9.97%、恒天海龙跌9.92%、恒信移动跌9.9%。 
据券商中国记者不完全统计，沪深两市目前至少有38只正处于定增中的个股正处在该政策漩涡中。受今日该消息的影响，至收盘时，飘绿的有34只，跌幅超过5%的有10只。简单估算，上述38只符合上述跨界并购的定增上市公司今日一天市值就蒸发了1321亿元。 
那么，问题来了，引发财富如此波动的敏感信息，到底出自哪里？真相到底如何？ 
证监会相关项目申报材料依然继续 
针对上述信息，券商中国记者多方求证证监会，相关部门给出的官方答复是：暂无相关回应信息，一切以证监会官微、官网或周五新闻发布会发布的信息为准。 
来自证监会上市监管部的信息大致为，建议投资者和相关方关注证监会官方信息发布渠道，目前上市监管部依然还在正常收取上述消息涉及的项目再融资和并购材料。 
“对口的监管部门无一人听说此消息，也不知媒体信源来自何处。”这位投行团队负责人介绍说，他承做的项目发行人也咨询了地方证监局、交易所，也均未听闻此事，“大家都感觉很突兀。” 
投行类似项目如期推进 
券商中国今日致电多家券商投行，得到的答案都是：绝对没有“已经叫停”，一致的回答是“还没接到通知，我们也正在到处打听核实”。 
而承揽的定增项目中正好有类似项目的投行，对券商中国记者的答复也都是“没有接到叫停的通知”，项目依然在继续推进。有一家投行项目负责人还介绍，前两天还去会里反馈了材料，没听说“已经”叫停了。 
“如果要叫停，至少也得有个新老划断吧，不可能就这么说叫停就叫停吧。”一家小型券商分管投行副总裁认为，如此敏感信息在正式出台之前一般都会事先和机构通气，很少如此果断行事，而且还不是正规渠道正式发布。 
“我个人觉得不太可能，监管部门不会也不应该出此类政策。”再融资业务量位居行业前十的一家上市证券公司投行负责人分析说，现在从中央大地方都在去产能，提出落后产能，鼓励企业进行产业升级，在如此背景下叫停四类特定跨界定增，不符合大政策精神。 
西北某上市券商并购业务负责人认为，企业原有主业经营不下去了，转型做另外一个更有前途的产业，这是企业自主行为，作为监管部门不应该过多干预，“即使说转型做上述4类虚拟产业，但虚拟产业现不正是欧美最受欢迎的行业吗？A股市场没理由一锤子全部屏蔽。” 
漩涡中的公司迅速更改行业归类 
今日晚间，恒信移动公告，原重组报告书将标的该公司东方梦幻归类于“文化、体育和娱乐业”之下的“广播、电视、电影和影视录音制作业”和“娱乐业”。原有分类未能充分体现标的公司特点，其业务模式和业务流程与现有影视、娱乐业公司存在较大差异。 
根据该公司与东方梦幻进行深入分析探讨，对标的公司的行业归属重新认定为“科学研究和技术服务业”之下的“专业技术服务业”，其主要产品面向文化、体育和娱乐业领域。 
根据恒信移动此前公告，根据协议双方约定，该公司于被收购方最终确定作价12.9亿元收购东方梦幻100%股权。如此完成收购后，该公司行业属性就从通信行业转变成了热门的VR行业。 
机构投资者不能容忍此类消息满天飞 
今日上述消息在盘中散播开来后，引发相关个股急速下跌，甚至影响到了市场整体走势。有大型机构投资者对券商中国记者表示，如此敏感信息如此随意出来，这是一种严重的不负责任行为，完全不能容忍。 
“这类消息一出，相关个股直接跌停，持仓的投资者账面市值迅速缩水，损失责任谁来负？”今日，一家管理近5000亿资产的大型机构投研负责人表示，从“叫停中概股回归”到今日“禁止定增跨界转型”，监管部门对这类敏感信息理应第一时间做出回应，不应该让谣言满天飞。 
以身处其中的上市公司大连友谊为例，该公司董事会已经审核通过了相关议案，拟收购武信担保集团等八大金融资产。如果上述计划顺利实施完成，大连友谊将从一家房地产为主业的公司转型成一家互联网金融公司，属于典型的上述“已经”该被叫停的“范例”。 
也正因如此，大连友谊今日高开低走，尾盘直接跌停。根据大连友谊2016年一季报显示，光大银行财通多策略精选混合型证券投资基金、民生银行工银瑞信添福债券型证券投资基金、农业银行工银瑞信战略转型主题股票型证券投资基金等机构投资者都是新进机构投资者，新进持股高达746万股，按照今日跌停计算，三只基金账面一天损失就约840万元。 
“如果此消息被辟谣了，我们将利用法律手段对消息散布方进行起诉。”上述大型机构投资者最后表示。 
</topic_text>
<spam_score>0.00</spam_score>
<post_num>1</post_num>
<post_id>post-1</post_id>
<post_url>http://finance.qianlong.com/2016/0512/600965.shtml</post_url>
<post_date>20160512</post_date>
<post_time></post_time>
<username></username>
<post>

继“叫停中概股回归”之后，今日市场再传重磅消息——定增募投跨界虚拟产业被禁。这则被机构投资者认为杀伤力比“叫停中概股回归”更厉害的消息，今日直接引发了相关板块个股的大跌，市值蒸发至少在130亿以上。 
如此敏感信息真的可以不通过正规渠道传播开来？身处事实真相中的上市公司有无接到通知？承揽项目的投行保代有无收到消息？券商中国通过逐一采访调查，今日一一为您呈现。 
重磅袭击38股一天蒸发130亿 
根据今日财新网官微报道，证监会已经叫停上市公司跨界定增，涉及互联网金融、游戏、影视、VR四个行业。比如水泥企业不准通过定增收购或者募集资金投向上述四个行业。同时，这四个行业的并购重组和再融资也被叫停。 
请注意，该报道所言是“已经叫停”，也就是说上市公司定增募投涉及上述四大行业进程已经被喊停，包括相应的再融资也已喊停。 
毋庸置疑，如此重大的政策变故对市场冲击极大。直接看5只相关个股今日的表现——妥妥地跌停，分别为大连友谊跌10%、金刚玻璃跌9.98%、星美联合跌9.97%、恒天海龙跌9.92%、恒信移动跌9.9%。 
据券商中国记者不完全统计，沪深两市目前至少有38只正处于定增中的个股正处在该政策漩涡中。受今日该消息的影响，至收盘时，飘绿的有34只，跌幅超过5%的有10只。简单估算，上述38只符合上述跨界并购的定增上市公司今日一天市值就蒸发了1321亿元。 
那么，问题来了，引发财富如此波动的敏感信息，到底出自哪里？真相到底如何？ 
证监会相关项目申报材料依然继续 
针对上述信息，券商中国记者多方求证证监会，相关部门给出的官方答复是：暂无相关回应信息，一切以证监会官微、官网或周五新闻发布会发布的信息为准。 
来自证监会上市监管部的信息大致为，建议投资者和相关方关注证监会官方信息发布渠道，目前上市监管部依然还在正常收取上述消息涉及的项目再融资和并购材料。 
“对口的监管部门无一人听说此消息，也不知媒体信源来自何处。”这位投行团队负责人介绍说，他承做的项目发行人也咨询了地方证监局、交易所，也均未听闻此事，“大家都感觉很突兀。” 
投行类似项目如期推进 
券商中国今日致电多家券商投行，得到的答案都是：绝对没有“已经叫停”，一致的回答是“还没接到通知，我们也正在到处打听核实”。 
而承揽的定增项目中正好有类似项目的投行，对券商中国记者的答复也都是“没有接到叫停的通知”，项目依然在继续推进。有一家投行项目负责人还介绍，前两天还去会里反馈了材料，没听说“已经”叫停了。 
“如果要叫停，至少也得有个新老划断吧，不可能就这么说叫停就叫停吧。”一家小型券商分管投行副总裁认为，如此敏感信息在正式出台之前一般都会事先和机构通气，很少如此果断行事，而且还不是正规渠道正式发布。 
“我个人觉得不太可能，监管部门不会也不应该出此类政策。”再融资业务量位居行业前十的一家上市证券公司投行负责人分析说，现在从中央大地方都在去产能，提出落后产能，鼓励企业进行产业升级，在如此背景下叫停四类特定跨界定增，不符合大政策精神。 
西北某上市券商并购业务负责人认为，企业原有主业经营不下去了，转型做另外一个更有前途的产业，这是企业自主行为，作为监管部门不应该过多干预，“即使说转型做上述4类虚拟产业，但虚拟产业现不正是欧美最受欢迎的行业吗？A股市场没理由一锤子全部屏蔽。” 
漩涡中的公司迅速更改行业归类 
今日晚间，恒信移动公告，原重组报告书将标的该公司东方梦幻归类于“文化、体育和娱乐业”之下的“广播、电视、电影和影视录音制作业”和“娱乐业”。原有分类未能充分体现标的公司特点，其业务模式和业务流程与现有影视、娱乐业公司存在较大差异。 
根据该公司与东方梦幻进行深入分析探讨，对标的公司的行业归属重新认定为“科学研究和技术服务业”之下的“专业技术服务业”，其主要产品面向文化、体育和娱乐业领域。 
根据恒信移动此前公告，根据协议双方约定，该公司于被收购方最终确定作价12.9亿元收购东方梦幻100%股权。如此完成收购后，该公司行业属性就从通信行业转变成了热门的VR行业。 
机构投资者不能容忍此类消息满天飞 
今日上述消息在盘中散播开来后，引发相关个股急速下跌，甚至影响到了市场整体走势。有大型机构投资者对券商中国记者表示，如此敏感信息如此随意出来，这是一种严重的不负责任行为，完全不能容忍。 
“这类消息一出，相关个股直接跌停，持仓的投资者账面市值迅速缩水，损失责任谁来负？”今日，一家管理近5000亿资产的大型机构投研负责人表示，从“叫停中概股回归”到今日“禁止定增跨界转型”，监管部门对这类敏感信息理应第一时间做出回应，不应该让谣言满天飞。 
以身处其中的上市公司大连友谊为例，该公司董事会已经审核通过了相关议案，拟收购武信担保集团等八大金融资产。如果上述计划顺利实施完成，大连友谊将从一家房地产为主业的公司转型成一家互联网金融公司，属于典型的上述“已经”该被叫停的“范例”。 
也正因如此，大连友谊今日高开低走，尾盘直接跌停。根据大连友谊2016年一季报显示，光大银行财通多策略精选混合型证券投资基金、民生银行工银瑞信添福债券型证券投资基金、农业银行工银瑞信战略转型主题股票型证券投资基金等机构投资者都是新进机构投资者，新进持股高达746万股，按照今日跌停计算，三只基金账面一天损失就约840万元。 
“如果此消息被辟谣了，我们将利用法律手段对消息散布方进行起诉。”上述大型机构投资者最后表示。 
</post>
<signature>

</signature>
<external_links>

</external_links>
<country>CN</country>
<main_image></main_image>
</document>
