<?xml version="1.0" encoding="UTF-8"?>
<document>
<type>mainstream</type>
<forum>http://www.europapress.es/rss/rss.aspx?ch=58</forum>
<forum_title>Europa Press - Euskera</forum_title>
<discussion_title>Euskal Herriko 18 taldek parte hartuko dute Leioako XVII. Umore Azokan</discussion_title>
<language>basque</language>
<gmt_offset></gmt_offset>
<topic_url>http://www.europapress.es/euskera/noticia-euskal-herriko-18-taldek-parte-hartuko-dute-leioako-xvii-umore-azokan-20160512124855.html</topic_url>
<topic_text>
Euskal Herriko 18 taldek parte hartuko dute Leioako XVII. Umore Azokan Menéalo Actualizado 2016/05/12 12:49:39 CET BILBO, 12 (EUROPA PRESS) Euskal Herriko 18 konpainiak parte hartuko dute Leioako XVII. Umore Azokan , maiatzaren 19tik 22ra bitartean, eta 11 estreinaldi eskainiko dituzte. Estreinaldirik gehienak maiatzaren 19an eta 20an izango dira, eta ehun banatzaile, programatzaile eta ekoizle profesional baino gehiago izango dituzte adi. 
&quot;Euskal konpainiak funtsezkoak dira Umore Azokarentzat, eta Umore Azoka funtsezkoa da euskal konpainientzat. Oso lotura estua dute&quot;, adierazi du Ana Lopez zuzendari artistikoak Umore Azokan parte hartuko duten Euskal Herriko konpainiak aurkezteko Bilbon egindako prentsaurrekoan. Joxean Muñoz Eusko Jaurlaritzako Kultura, Gazteria eta Kirol sailburuordeak ere parte hartu du aurkezpenean. 
Horrela, lan berrien lehen emanaldia eskainiko dute Leioan Ana Capilla &amp; Julia Farber, Bapatean, Laura Cobo konpainia, Deabru Beltzak, Laglo ZikDantza &amp; Compañía, Larrua, Plataforma Tirante Teatro y Danza, Philo&amp;Jole, Sainete konpainia, Suhar Prest eta Trapu Zaharra taldeek. Horiez gain, azken lanak erakutsiko dituzte Zanguango Teatro, Tio Teronen Semeak, Organik Dantza Antzerkia, Nui Danza, Matxalen Bilbao eta Malas Compañías taldeak. 
Bestalde, iaz Umore Azokako Kale Ikuskizunik Onenaren saria jaso zuen Markeliñe konpainiak &quot;Crusoe&quot; piezaren aurre estreinaldia eskainiko du 
Leioan. La Banda talde nafarra ere izango da Umore Azokan, &quot;Km 0&quot; obra estreinatzen. 
Halaber, Leioako eszenak ere &quot;pisu berezia&quot; izango du aurtengo egitarauan, eta aurrenekoz, herriko taldeek espazio propioa izango dute programan. Horrela, Umore Azokan izango dira Leioako Musika Banda eta Diego Galaz musikaria, Despertar los sentidos elkarte artistikoa, Andoni Aresti Dantza Eskola eta Gerry Regitschnig clowna. 50 KONPAINIA 
Espainiatik eta beste herrialdeetatik etorritako taldeekin batera arituko dira euskal konpainiak Umore Azokan. Guztira, 50 konpainia egongo dira, eta erabateko 21 estreinaldi ikusiko dira orotara. Aurrean 27.000 ikusle inguru izango dituztela espero da, bai eta sektoreko ia 200 profesional inguru ere. 
Izan ere, Umore Azoka ez da jaialdia soilik, programatzaile, banatzaile, jaialdi zuzendari eta artistak biltzen dituen azoka handi bat ere badelako, eta, hain zuzen ere, &quot;horregatik da hain garrantzitsua euskal taldeentzat, kontratu berriak lortu eta beren burua ezagutzera emateko erakusleiho handi bat ere badelako&quot;. 
Halaber, jaialdiaren egunetan Akitania-Euskadi II. Topaketa egingo da Leioan, Etxepare Euskal Insitutuak eta Euskal Kultur Elkargoak sustatuta. Gainera, Sarea-Euskal Antzokien Sareak ere, ohi duenez, bere bilkura orokorra egingo du Umore Azokan, eta Artekale espazioa profesionalen topagune izango da. 
Azkenik, hiru dira aurten Umore Azokak banatuko dituen sariak. Kale Ikuskizunik Onenaren saria (garaikurra eta diploma), Euskadiko Kale Ikuskizunik Onenaren saria (garaikurra eta diploma), eta Artista/Ikuskizun Berririk Onenaren Saria (hurrengo ikuskizuna sortzeko Hamekan erresidentzia).
</topic_text>
<spam_score>0.00</spam_score>
<post_num>1</post_num>
<post_id>post-1</post_id>
<post_url>http://www.europapress.es/euskera/noticia-euskal-herriko-18-taldek-parte-hartuko-dute-leioako-xvii-umore-azokan-20160512124855.html</post_url>
<post_date>20160512</post_date>
<post_time>1048</post_time>
<username></username>
<post>
Euskal Herriko 18 taldek parte hartuko dute Leioako XVII. Umore Azokan Menéalo Actualizado 2016/05/12 12:49:39 CET BILBO, 12 (EUROPA PRESS) Euskal Herriko 18 konpainiak parte hartuko dute Leioako XVII. Umore Azokan , maiatzaren 19tik 22ra bitartean, eta 11 estreinaldi eskainiko dituzte. Estreinaldirik gehienak maiatzaren 19an eta 20an izango dira, eta ehun banatzaile, programatzaile eta ekoizle profesional baino gehiago izango dituzte adi. 
&quot;Euskal konpainiak funtsezkoak dira Umore Azokarentzat, eta Umore Azoka funtsezkoa da euskal konpainientzat. Oso lotura estua dute&quot;, adierazi du Ana Lopez zuzendari artistikoak Umore Azokan parte hartuko duten Euskal Herriko konpainiak aurkezteko Bilbon egindako prentsaurrekoan. Joxean Muñoz Eusko Jaurlaritzako Kultura, Gazteria eta Kirol sailburuordeak ere parte hartu du aurkezpenean. 
Horrela, lan berrien lehen emanaldia eskainiko dute Leioan Ana Capilla &amp; Julia Farber, Bapatean, Laura Cobo konpainia, Deabru Beltzak, Laglo ZikDantza &amp; Compañía, Larrua, Plataforma Tirante Teatro y Danza, Philo&amp;Jole, Sainete konpainia, Suhar Prest eta Trapu Zaharra taldeek. Horiez gain, azken lanak erakutsiko dituzte Zanguango Teatro, Tio Teronen Semeak, Organik Dantza Antzerkia, Nui Danza, Matxalen Bilbao eta Malas Compañías taldeak. 
Bestalde, iaz Umore Azokako Kale Ikuskizunik Onenaren saria jaso zuen Markeliñe konpainiak &quot;Crusoe&quot; piezaren aurre estreinaldia eskainiko du 
Leioan. La Banda talde nafarra ere izango da Umore Azokan, &quot;Km 0&quot; obra estreinatzen. 
Halaber, Leioako eszenak ere &quot;pisu berezia&quot; izango du aurtengo egitarauan, eta aurrenekoz, herriko taldeek espazio propioa izango dute programan. Horrela, Umore Azokan izango dira Leioako Musika Banda eta Diego Galaz musikaria, Despertar los sentidos elkarte artistikoa, Andoni Aresti Dantza Eskola eta Gerry Regitschnig clowna. 50 KONPAINIA 
Espainiatik eta beste herrialdeetatik etorritako taldeekin batera arituko dira euskal konpainiak Umore Azokan. Guztira, 50 konpainia egongo dira, eta erabateko 21 estreinaldi ikusiko dira orotara. Aurrean 27.000 ikusle inguru izango dituztela espero da, bai eta sektoreko ia 200 profesional inguru ere. 
Izan ere, Umore Azoka ez da jaialdia soilik, programatzaile, banatzaile, jaialdi zuzendari eta artistak biltzen dituen azoka handi bat ere badelako, eta, hain zuzen ere, &quot;horregatik da hain garrantzitsua euskal taldeentzat, kontratu berriak lortu eta beren burua ezagutzera emateko erakusleiho handi bat ere badelako&quot;. 
Halaber, jaialdiaren egunetan Akitania-Euskadi II. Topaketa egingo da Leioan, Etxepare Euskal Insitutuak eta Euskal Kultur Elkargoak sustatuta. Gainera, Sarea-Euskal Antzokien Sareak ere, ohi duenez, bere bilkura orokorra egingo du Umore Azokan, eta Artekale espazioa profesionalen topagune izango da. 
Azkenik, hiru dira aurten Umore Azokak banatuko dituen sariak. Kale Ikuskizunik Onenaren saria (garaikurra eta diploma), Euskadiko Kale Ikuskizunik Onenaren saria (garaikurra eta diploma), eta Artista/Ikuskizun Berririk Onenaren Saria (hurrengo ikuskizuna sortzeko Hamekan erresidentzia).
</post>
<signature>

</signature>
<external_links>

</external_links>
<country>ES</country>
<main_image>http://img.europapress.net/fotoweb/fotonoticia_20160512124855_800.jpg</main_image>
</document>
