<?xml version="1.0" encoding="UTF-8"?>
<document>
<type>mainstream</type>
<forum></forum>
<forum_title></forum_title>
<discussion_title>Eyewitness News: Traffic</discussion_title>
<language>english</language>
<gmt_offset></gmt_offset>
<topic_url>http://ewn.co.za/traffic/404589</topic_url>
<topic_text>
Please report any additional problems on 083 91 DRIVE / 083 91 37483 or SMS 31702 Trending on EWN 
</topic_text>
<spam_score>0.00</spam_score>
<post_num>1</post_num>
<post_id>post-1</post_id>
<post_url>http://ewn.co.za/traffic/404589</post_url>
<post_date>20160512</post_date>
<post_time></post_time>
<username></username>
<post>
Please report any additional problems on 083 91 DRIVE / 083 91 37483 or SMS 31702 Trending on EWN 
</post>
<signature>

</signature>
<external_links>

</external_links>
<country>ZA</country>
<main_image></main_image>
</document>
