<?xml version="1.0" encoding="UTF-8"?>
<document>
<type>mainstream</type>
<forum>http://www.motorsport.com/etc/rss.asp?N=25&amp;S=F1</forum>
<forum_title>Motorsport.com - Formula 1 - Stories</forum_title>
<discussion_title>Massa: Red Bull driver swap could help Williams</discussion_title>
<language>english</language>
<gmt_offset></gmt_offset>
<topic_url>http://www.motorsport.com/f1/news/massa-red-bull-driver-swap-could-help-williams-735596/</topic_url>
<topic_text>
Massa: Red Bull driver swap could help Williams 2,333 views By: Valentin Khorounzhiy , Editorial Assistant 12/05/2016 03:07 Felipe Massa reckons that Red Bull swapping Daniil Kvyat for Max Verstappen could give Williams an advantage for the upcoming races, but admits the balance of power could go the other way, too. 
With Mercedes and Ferrari out of reach, Williams has more or less settled on Red Bull as its main target, the Grove team aiming to fight for third place in the standings. 
And with Red Bull&apos;s mid-season promotion of Verstappen - a driver who is yet to race the RB12 - Massa reckons some early teething problems for the Dutchman could give Williams an advantage. 
&quot;It&apos;s a little bit strange to see a switch before the middle of the championship,&quot; Massa said on Thursday. 
&quot;I don&apos;t know - I think maybe Verstappen is the future that they believe [in] but why they change in the middle of the season is impossible to answer. 
&quot;Changing the drivers like that, at this time, is not really the right thing to do. 
&quot;Even Verstappen, an amazing talent, the guy is quick, maybe he can win the championship in the future, win races... but for sure he&apos;ll [now] get a new car, a new team, a new engineer, a new everything, that he needs to get used to straightaway. Maybe it&apos;s a little bit more pressure to put on the boy. 
&quot;Or maybe he does a good job straightaway because everything is already working well - and then he&apos;ll be a big star for all of you, which is fine. But if it&apos;s the right thing to do or not, it&apos;s impossible to say.&quot; 
&quot;If, maybe, [it] creates some problems in Red Bull , is good for us,&quot; Massa added, laughing. &quot;For sure, it&apos;s not the way I&apos;m thinking - I hope the best for Verstappen and the best for Kvyat. But if we can get more points because of that, that&apos;s fine. 
&quot;Maybe it&apos;ll be even more difficult for us, we don&apos;t know.&quot; Offer impossible to refuse 
Asked whether he would&apos;ve accepted the offer to move from Toro Rosso to Red Bull mid-season if he were in Verstappen&apos;s shoes, Massa said: &quot;Whatever driver, they want to drive the best car, the more competitive car. 
&quot;It&apos;s impossible to tell an 18-year-old driver not to sign this [deal], to drive a better car. 
&quot;Maybe it&apos;s more risk, maybe it can mean more problems, but maybe it can be fantastic for him.&quot; Additional reporting by Jonathan Noble
</topic_text>
<spam_score>0.00</spam_score>
<post_num>1</post_num>
<post_id>post-1</post_id>
<post_url>http://www.motorsport.com/f1/news/massa-red-bull-driver-swap-could-help-williams-735596/</post_url>
<post_date>20160512</post_date>
<post_time>1507</post_time>
<username></username>
<post>
Massa: Red Bull driver swap could help Williams 2,333 views By: Valentin Khorounzhiy , Editorial Assistant 12/05/2016 03:07 Felipe Massa reckons that Red Bull swapping Daniil Kvyat for Max Verstappen could give Williams an advantage for the upcoming races, but admits the balance of power could go the other way, too. 
With Mercedes and Ferrari out of reach, Williams has more or less settled on Red Bull as its main target, the Grove team aiming to fight for third place in the standings. 
And with Red Bull&apos;s mid-season promotion of Verstappen - a driver who is yet to race the RB12 - Massa reckons some early teething problems for the Dutchman could give Williams an advantage. 
&quot;It&apos;s a little bit strange to see a switch before the middle of the championship,&quot; Massa said on Thursday. 
&quot;I don&apos;t know - I think maybe Verstappen is the future that they believe [in] but why they change in the middle of the season is impossible to answer. 
&quot;Changing the drivers like that, at this time, is not really the right thing to do. 
&quot;Even Verstappen, an amazing talent, the guy is quick, maybe he can win the championship in the future, win races... but for sure he&apos;ll [now] get a new car, a new team, a new engineer, a new everything, that he needs to get used to straightaway. Maybe it&apos;s a little bit more pressure to put on the boy. 
&quot;Or maybe he does a good job straightaway because everything is already working well - and then he&apos;ll be a big star for all of you, which is fine. But if it&apos;s the right thing to do or not, it&apos;s impossible to say.&quot; 
&quot;If, maybe, [it] creates some problems in Red Bull , is good for us,&quot; Massa added, laughing. &quot;For sure, it&apos;s not the way I&apos;m thinking - I hope the best for Verstappen and the best for Kvyat. But if we can get more points because of that, that&apos;s fine. 
&quot;Maybe it&apos;ll be even more difficult for us, we don&apos;t know.&quot; Offer impossible to refuse 
Asked whether he would&apos;ve accepted the offer to move from Toro Rosso to Red Bull mid-season if he were in Verstappen&apos;s shoes, Massa said: &quot;Whatever driver, they want to drive the best car, the more competitive car. 
&quot;It&apos;s impossible to tell an 18-year-old driver not to sign this [deal], to drive a better car. 
&quot;Maybe it&apos;s more risk, maybe it can mean more problems, but maybe it can be fantastic for him.&quot; Additional reporting by Jonathan Noble
</post>
<signature>

</signature>
<external_links>

</external_links>
<country>US</country>
<main_image>http://cdn-1.motorsport.com/images/amp/0aMXv7N0/s6/f1-chinese-gp-2016-daniil-kvyat-red-bull-racing-rb12-and-felipe-massa-williams-fw38-battle.jpg</main_image>
</document>
