<?xml version="1.0" encoding="UTF-8"?>
<document>
<type>mainstream</type>
<forum>http://www.folhavitoria.com.br/feed/politica</forum>
<forum_title>Folha Vitória - Editoria Política</forum_title>
<discussion_title>Empresas dos EUA esperam reformas com Temer</discussion_title>
<language>portuguese</language>
<gmt_offset></gmt_offset>
<topic_url>http://www.folhavitoria.com.br/politica/noticia/2016/05/empresas-dos-eua-esperam-reformas-com-temer.html</topic_url>
<topic_text>
Empresas dos EUA esperam reformas com Temer Estadão Conteúdo Tweet 
Washington - Detentoras da maior fatia de investimentos estrangeiros no Brasil, as empresas americanas esperam que o governo de Michel Temer traga estabilidade, promova reformas estruturais e apresente um caminho claro de médio e longo prazos para o País. Mas a ambição é acompanhada da percepção de que o Executivo enfrentará resistência no Congresso para implementar muitas das mudanças que consideram necessárias. 
&quot;Investidores estrangeiros anseiam por estabilidade&quot;, disse ao Estado Thomas McLarty, presidente da seção americana do Conselho Empresarial Brasil-Estados Unidos, entidade que reúne as grandes companhias americanas com negócios no Brasil. 
Segundo ele, o setor privado espera do novo governo um &quot;certo nível de ambição&quot; no enfrentamento da crise econômica, que só pode ser alcançado com a solução da crise política. 
Diante da esperada dificuldade no Congresso, a gestão Temer deveria priorizar medidas essenciais, que indiquem a busca de equilíbrio fiscal, maior abertura comercial, aumento da competitividade, melhoria do ambiente de negócios e regras claras e estáveis para investimentos em infraestrutura, dizem representantes de empresas e analistas. 
Prioridade 
Entre as reformas estruturais, a da Previdência é vista como prioritária, em razão do potencial impacto positivo sobre as contas públicas. 
A brasileira Cassia Carvalho, diretora executiva do Conselho Empresarial Brasil-Estados Unidos, observou que o início do novo governo será uma oportunidade para aprovação de reformas, mas reconheceu que uma agenda muito ampla enfrentará dificuldades no Congresso. Nesse cenário, a entidade propõe três medidas que teriam impacto no curto prazo: facilitação do comércio internacional, estabelecimento de regras claras para concessões na área de infraestrutura e melhoria do ambiente de negócios. 
Ex-diretora do Departamento de Assuntos Fiscais do Fundo Monetário Internacional (FMI), Teresa Ter-Minassian defende que a gestão Temer dê menos ênfase a remendos e soluções fáceis e mantenha o foco em reformas estruturais e fiscais de longo prazo. 
&quot;O novo governo deve dar um claro sinal de que sabe que o fará, comunicar as decisões de maneira clara à população e buscar apoio político para implementá-las&quot;, disse Ter-Minassian, que negociou o socorro do FMI ao Brasil nos anos 90. &quot;Sem isso, a confiança não será restaurada.&quot; 
Reformas 
Em sua opinião, o investimento doméstico e estrangeiro aumentará se houver a percepção de que existe um governo no comando capaz de aprovar reformas e recuperar o equilíbrio fiscal. &quot;O Brasil está muito atraente em razão da taxa de câmbio&quot;, observou a economista. 
Consultora de empresas que têm negócios no Brasil ou pretendem se instalar no país, Kellie Meiman acredita que será importante o novo governo mostrar que tem &quot;um rumo&quot; e uma equipe capaz de gerenciar as dificuldades políticas e econômicas. &quot;A situação no Congresso não será fácil. Por isso, o Executivo deveria eleger algumas prioridades que tenham impacto e provoquem um choque de confiança&quot;, disse Meiman, que é diretora para o Brasil e Cone Sul da consultoria McLarty Associates. 
Entre as medidas, ela mencionou a busca do equilíbrio fiscal, a reforma da Previdência, o aumento da competitividade da economia, a maior abertura comercial e a simplificação tributária. 
O brasilianista Matthew Taylor, professor da American University, avaliou que há expectativas pouco realistas em relação ao que pode ser feito pela gestão Temer. Em sua opinião, o presidente interino será bem-sucedido se atingir três objetivos: aprovar a reforma da Previdência, corrigir a trajetória fiscal e manter as investigações das operações Lava Jato e Zelotes. &quot;Qualquer governo vai enfrentar pressões dos atores políticos no Congresso para intervir nas investigações.&quot;
</topic_text>
<spam_score>0.00</spam_score>
<post_num>1</post_num>
<post_id>post-1</post_id>
<post_url>http://www.folhavitoria.com.br/politica/noticia/2016/05/empresas-dos-eua-esperam-reformas-com-temer.html</post_url>
<post_date>20160512</post_date>
<post_time>1340</post_time>
<username>Redação Folha Vitória</username>
<post>
Empresas dos EUA esperam reformas com Temer Estadão Conteúdo Tweet 
Washington - Detentoras da maior fatia de investimentos estrangeiros no Brasil, as empresas americanas esperam que o governo de Michel Temer traga estabilidade, promova reformas estruturais e apresente um caminho claro de médio e longo prazos para o País. Mas a ambição é acompanhada da percepção de que o Executivo enfrentará resistência no Congresso para implementar muitas das mudanças que consideram necessárias. 
&quot;Investidores estrangeiros anseiam por estabilidade&quot;, disse ao Estado Thomas McLarty, presidente da seção americana do Conselho Empresarial Brasil-Estados Unidos, entidade que reúne as grandes companhias americanas com negócios no Brasil. 
Segundo ele, o setor privado espera do novo governo um &quot;certo nível de ambição&quot; no enfrentamento da crise econômica, que só pode ser alcançado com a solução da crise política. 
Diante da esperada dificuldade no Congresso, a gestão Temer deveria priorizar medidas essenciais, que indiquem a busca de equilíbrio fiscal, maior abertura comercial, aumento da competitividade, melhoria do ambiente de negócios e regras claras e estáveis para investimentos em infraestrutura, dizem representantes de empresas e analistas. 
Prioridade 
Entre as reformas estruturais, a da Previdência é vista como prioritária, em razão do potencial impacto positivo sobre as contas públicas. 
A brasileira Cassia Carvalho, diretora executiva do Conselho Empresarial Brasil-Estados Unidos, observou que o início do novo governo será uma oportunidade para aprovação de reformas, mas reconheceu que uma agenda muito ampla enfrentará dificuldades no Congresso. Nesse cenário, a entidade propõe três medidas que teriam impacto no curto prazo: facilitação do comércio internacional, estabelecimento de regras claras para concessões na área de infraestrutura e melhoria do ambiente de negócios. 
Ex-diretora do Departamento de Assuntos Fiscais do Fundo Monetário Internacional (FMI), Teresa Ter-Minassian defende que a gestão Temer dê menos ênfase a remendos e soluções fáceis e mantenha o foco em reformas estruturais e fiscais de longo prazo. 
&quot;O novo governo deve dar um claro sinal de que sabe que o fará, comunicar as decisões de maneira clara à população e buscar apoio político para implementá-las&quot;, disse Ter-Minassian, que negociou o socorro do FMI ao Brasil nos anos 90. &quot;Sem isso, a confiança não será restaurada.&quot; 
Reformas 
Em sua opinião, o investimento doméstico e estrangeiro aumentará se houver a percepção de que existe um governo no comando capaz de aprovar reformas e recuperar o equilíbrio fiscal. &quot;O Brasil está muito atraente em razão da taxa de câmbio&quot;, observou a economista. 
Consultora de empresas que têm negócios no Brasil ou pretendem se instalar no país, Kellie Meiman acredita que será importante o novo governo mostrar que tem &quot;um rumo&quot; e uma equipe capaz de gerenciar as dificuldades políticas e econômicas. &quot;A situação no Congresso não será fácil. Por isso, o Executivo deveria eleger algumas prioridades que tenham impacto e provoquem um choque de confiança&quot;, disse Meiman, que é diretora para o Brasil e Cone Sul da consultoria McLarty Associates. 
Entre as medidas, ela mencionou a busca do equilíbrio fiscal, a reforma da Previdência, o aumento da competitividade da economia, a maior abertura comercial e a simplificação tributária. 
O brasilianista Matthew Taylor, professor da American University, avaliou que há expectativas pouco realistas em relação ao que pode ser feito pela gestão Temer. Em sua opinião, o presidente interino será bem-sucedido se atingir três objetivos: aprovar a reforma da Previdência, corrigir a trajetória fiscal e manter as investigações das operações Lava Jato e Zelotes. &quot;Qualquer governo vai enfrentar pressões dos atores políticos no Congresso para intervir nas investigações.&quot;
</post>
<signature>

</signature>
<external_links>

</external_links>
<country>BR</country>
<main_image></main_image>
</document>
