<?xml version="1.0" encoding="UTF-8"?>
<document>
<type>mainstream</type>
<forum>http://techcrunch.com/startups/</forum>
<forum_title>Startups - The newest companies that could change the world | TechCrunch</forum_title>
<discussion_title>Monetization, churn and how to stand out in the mobile dating space | TechCrunch</discussion_title>
<language>english</language>
<gmt_offset></gmt_offset>
<topic_url>http://techcrunch.com/2016/05/11/monetization-churn-and-how-to-stand-out-in-the-mobile-dating-space/</topic_url>
<topic_text>
Today at TechCrunch Disrupt NY we had Robyn Exton of Her , Dawoon Kang of Coffee Meets Bagel and Whitney Wolfe of Bumble discuss the latest trends in the mobile dating space.
Two of the apps, Her and Bumble, both let you use their platform to find friendship as well as relationships. Whitney Wolfe of Bumble said that the feature has led to tremendous engagement, and is even showing signs of becoming bigger than the actual dating portion of Bumble. She also said that the company is about to unveil a group-based match feature to bring together friend groups.
When asked about generating revenue, Dawoon Kang of Coffee Meets Bagel described a new feature that lets daters pay for an A/B test to figure out which photo they should use on their dating profiles.
What&apos;s more important for dating apps – utility to to the user or profits? #TCDisrupt https://t.co/RgjizJpWTd
— TechCrunch (@TechCrunch) May 11, 2016
Coffee Meets Bagel is the only one of the three apps that currently has a monetization aspect. But, Wolfe noted that Bumble may soon introduce additional paid features, but will never charge for the basic dating and safety functionality already baked into the app.
The discussion then turned to in-app advertisements, which Tinder recently rolled out. Wolfe noted that she doesn’t think advertisements are the right way to monetize for Bumble right now, and reiterated that the company will instead focus on monetizing through new features.
In terms of how to compete against the behemoth that is Tinder, all three companies said the key is nuanced features designed to benefit their app’s specific group of users, whether that is women, same-sex daters or people looking for friendship. Specifically, Robyn Exton of Her described how her app has benefited from only having to study one gender group, which really allowed them to tailor the app to their target audience.
Moderator and TechCrunch writer Sarah Buhr then asked the three how they deal with the churn aspect of dating apps. Dang from Coffee Meets Bagel said that churn (especially positive churn that results from a successful match) isn’t an issue, since most will spread the word of the app’s success in helping them find a match.
Dawoon Kang (Coffee Meets Bagel), Robyn Exton (Her) Eat, Pray, Swipe: Robyn Exton (Her), Dawoon Kang (Coffee Meets Bagel) and Whitney Wolfe (Bumble), moderated by Sarah Buhr at TechCrunch Disrupt NY 2016 Dawoon Kang (Coffee Meets Bagel), Robyn Exton (Her) Eat, Pray, Swipe: Robyn Exton (Her), Dawoon Kang (Coffee Meets Bagel) and Whitney Wolfe (Bumble), moderated by Sarah Buhr at TechCrunch Disrupt NY 2016 Robyn Exton (Her) Eat, Pray, Swipe: Robyn Exton (Her), Dawoon Kang (Coffee Meets Bagel) and Whitney Wolfe (Bumble), moderated by Sarah Buhr at TechCrunch Disrupt NY 2016 Dawoon Kang (Coffee Meets Bagel) Eat, Pray, Swipe: Robyn Exton (Her), Dawoon Kang (Coffee Meets Bagel) and Whitney Wolfe (Bumble), moderated by Sarah Buhr at TechCrunch Disrupt NY 2016 Whitney Wolfe (Bumble) Eat, Pray, Swipe: Robyn Exton (Her), Dawoon Kang (Coffee Meets Bagel) and Whitney Wolfe (Bumble), moderated by Sarah Buhr at TechCrunch Disrupt NY 2016 Dawoon Kang (Coffee Meets Bagel), Robyn Exton (Her) Eat, Pray, Swipe: Robyn Exton (Her), Dawoon Kang (Coffee Meets Bagel) and Whitney Wolfe (Bumble), moderated by Sarah Buhr at TechCrunch Disrupt NY 2016 Whitney Wolfe (Bumble), Dawoon Kang (Coffee Meets Bagel) Eat, Pray, Swipe: Robyn Exton (Her), Dawoon Kang (Coffee Meets Bagel) and Whitney Wolfe (Bumble), moderated by Sarah Buhr at TechCrunch Disrupt NY 2016 Whitney Wolfe (Bumble), Dawoon Kang (Coffee Meets Bagel), Robyn Exton (Her) Eat, Pray, Swipe: Robyn Exton (Her), Dawoon Kang (Coffee Meets Bagel) and Whitney Wolfe (Bumble), moderated by Sarah Buhr at TechCrunch Disrupt NY 2016 Whitney Wolfe (Bumble), Dawoon Kang (Coffee Meets Bagel), Robyn Exton (Her) Eat, Pray, Swipe: Robyn Exton (Her), Dawoon Kang (Coffee Meets Bagel) and Whitney Wolfe (Bumble), moderated by Sarah Buhr at TechCrunch Disrupt NY 2016 Dawoon Kang (Coffee Meets Bagel), Robyn Exton (Her) Eat, Pray, Swipe: Robyn Exton (Her), Dawoon Kang (Coffee Meets Bagel) and Whitney Wolfe (Bumble), moderated by Sarah Buhr at TechCrunch Disrupt NY 2016 Dawoon Kang (Coffee Meets Bagel), Robyn Exton (Her) Eat, Pray, Swipe: Robyn Exton (Her), Dawoon Kang (Coffee Meets Bagel) and Whitney Wolfe (Bumble), moderated by Sarah Buhr at TechCrunch Disrupt NY 2016 View Slideshow Previous Next Exit 0
SHARES Advertisement
</topic_text>
<spam_score>0.00</spam_score>
<post_num>7</post_num>
<post_id>post-7</post_id>
<post_url>http://techcrunch.com/2016/05/11/monetization-churn-and-how-to-stand-out-in-the-mobile-dating-space/</post_url>
<post_date>20160512</post_date>
<post_time>1424</post_time>
<username>Sakshi Mittal</username>
<post>
Many people want to have good income at home but they dont know how to do that on Internet there are a lot of ways to earn huge amount of money, but whenever people try that they get trapped in a scam so I am sharing with you a genuine and guaranteed way for free to earn huge amount of money at home anyone interested should visit the page and i am more than sure that you will be succeed. Best Of Luck! Regards a humble Human being.c­h­e­c­k t­h­i­s l­i­nk➤➤➤➤ w w w . e l i t e l i n e 7 . c o m
</post>
<signature>

</signature>
<external_links>

</external_links>
<country>US</country>
<main_image>https://tctechcrunch2011.files.wordpress.com/2016/05/tcdisrupt_ny16-5355.jpg?w=764&amp;amp;h=400&amp;amp;crop=1</main_image>
</document>
