<?xml version="1.0" encoding="UTF-8"?>
<document>
<type>mainstream</type>
<forum>http://radiolaprimerisima.com//rss/general</forum>
<forum_title>Radio La Primerísima - general</forum_title>
<discussion_title>Presidenta Rousseff rechaza golpe y lo califica de farsa política y jurídica</discussion_title>
<language>spanish</language>
<gmt_offset></gmt_offset>
<topic_url>http://www.radiolaprimerisima.com/noticias/general/203013/presidenta-rousseff-rechaza-golpe-y-lo-califica-de-farsa-politica-y-juridica</topic_url>
<topic_text>
Presidenta Rousseff rechaza golpe y lo califica de farsa política y jurídica Brasilia. Agencias. | 12 mayo de 2016 
La presidenta de Brasil, Dilma Rousseff, se dirigió este jueves al pueblo brasileño y expresó que lo que está en juego en Brasil no es solo su mandato sino el respeto a las urnas y a la voluntad soberana de los 54 millones de personas que la eligieron. 
También las conquistas de los últimos 13 años, los beneficios para las personas más pobres y de clase media, la valorización del salario mínimo, los médicos que atienden a la población y la realización de una casa propia. 
Más temprano la mandataria brasileña manifestó en su perfil de Facebook que &quot;es golpe&quot; la decisión tomada este jueves por el Senado de abrir el juicio político en su contra. 
Rousseff, que se ve obligada a separarse de su cargo por 180 días, publicó unos vídeos de la intervención de su abogado defensor, José Eduardo Cardozo, quien &quot;recordó que se usan pretextos jurídicos para sacar del poder a una presidenta legítimamente elegida, en una injusticia histórica&quot;. 
En este período las autoridades brasileñas se encargarán de encontrar las pruebas que no fueron presentadas ni en la Cámara baja, ni en el Senado y que pese a ello fue aprobado el juicio político, un hecho que es considerado por analistas como un golpe de Estado a una mandataria electa a través del voto popular por más de 50 millones de personas. 
La acusación contra Rousseff es la supuesta violación de normas fiscales al presuntamente incurrir en maniobras contables &quot;ilegales&quot; para &quot;maquillar&quot; los resultados del gobierno en 2014 y 2015, modificar los presupuestos mediante decretos, acumular deudas y contratar créditos con la banca pública. 
El Abogado General de la Unión, José Eduardo Cardozo, ha dicho que este proceso contra Rousseff carece de los requisitos legales mínimos, como la indudable comprobación de un “delito de responsabilidad”. 
El juicio político contra Dilma fue aprobado el pasado 17 de abril por la Cámara de Diputados con 367 votos a favor, 137 en contra, siete abstenciones y dos ausencias. 
Luego pasó al Senado (de mayoría opositora) donde una comisión especial conformada por 21 senadores se encargó de analizar el caso y el 6 de mayo votó a favor del informe de su relator, Antonio Anastasia, quien recomendó que el proceso avanzara hacia la destitución.
</topic_text>
<spam_score>0.00</spam_score>
<post_num>1</post_num>
<post_id>post-1</post_id>
<post_url>http://www.radiolaprimerisima.com/noticias/general/203013/presidenta-rousseff-rechaza-golpe-y-lo-califica-de-farsa-politica-y-juridica</post_url>
<post_date>20160512</post_date>
<post_time>1446</post_time>
<username></username>
<post>
Presidenta Rousseff rechaza golpe y lo califica de farsa política y jurídica Brasilia. Agencias. | 12 mayo de 2016 
La presidenta de Brasil, Dilma Rousseff, se dirigió este jueves al pueblo brasileño y expresó que lo que está en juego en Brasil no es solo su mandato sino el respeto a las urnas y a la voluntad soberana de los 54 millones de personas que la eligieron. 
También las conquistas de los últimos 13 años, los beneficios para las personas más pobres y de clase media, la valorización del salario mínimo, los médicos que atienden a la población y la realización de una casa propia. 
Más temprano la mandataria brasileña manifestó en su perfil de Facebook que &quot;es golpe&quot; la decisión tomada este jueves por el Senado de abrir el juicio político en su contra. 
Rousseff, que se ve obligada a separarse de su cargo por 180 días, publicó unos vídeos de la intervención de su abogado defensor, José Eduardo Cardozo, quien &quot;recordó que se usan pretextos jurídicos para sacar del poder a una presidenta legítimamente elegida, en una injusticia histórica&quot;. 
En este período las autoridades brasileñas se encargarán de encontrar las pruebas que no fueron presentadas ni en la Cámara baja, ni en el Senado y que pese a ello fue aprobado el juicio político, un hecho que es considerado por analistas como un golpe de Estado a una mandataria electa a través del voto popular por más de 50 millones de personas. 
La acusación contra Rousseff es la supuesta violación de normas fiscales al presuntamente incurrir en maniobras contables &quot;ilegales&quot; para &quot;maquillar&quot; los resultados del gobierno en 2014 y 2015, modificar los presupuestos mediante decretos, acumular deudas y contratar créditos con la banca pública. 
El Abogado General de la Unión, José Eduardo Cardozo, ha dicho que este proceso contra Rousseff carece de los requisitos legales mínimos, como la indudable comprobación de un “delito de responsabilidad”. 
El juicio político contra Dilma fue aprobado el pasado 17 de abril por la Cámara de Diputados con 367 votos a favor, 137 en contra, siete abstenciones y dos ausencias. 
Luego pasó al Senado (de mayoría opositora) donde una comisión especial conformada por 21 senadores se encargó de analizar el caso y el 6 de mayo votó a favor del informe de su relator, Antonio Anastasia, quien recomendó que el proceso avanzara hacia la destitución.
</post>
<signature>

</signature>
<external_links>

</external_links>
<country>US</country>
<main_image>http://www.rlp.com.ni/img/noticia/280x280/golpedilma.jpg</main_image>
</document>
