<?xml version="1.0" encoding="UTF-8"?>
<document>
<type>mainstream</type>
<forum>http://wn.com/Akumal</forum>
<forum_title>Akumal</forum_title>
<discussion_title>Praise Abounds for OU Kosher’s New Halacha Yomis Program in Memory of Rav Belsky zt”l (OU - Orthodox Union)</discussion_title>
<language>english</language>
<gmt_offset>4</gmt_offset>
<topic_url>http://article.wn.com/view/2016/03/02/Praise_Abounds_for_OU_Kosher_s_New_Halacha_Yomis_Program_in_/</topic_url>
<topic_text>
( Source : OU - Orthodox Union )
Late this past January, in response to a severe illness that threatened the life of its posek (halachic decisor) Rav Chaim Yisroel Belsky ,OU Kosher announced a new program, Halacha Yomis , in which a
</topic_text>
<spam_score>0.00</spam_score>
<post_num>1</post_num>
<post_id>post-1</post_id>
<post_url>http://article.wn.com/view/2016/03/02/Praise_Abounds_for_OU_Kosher_s_New_Halacha_Yomis_Program_in_/</post_url>
<post_date>20160302</post_date>
<post_time></post_time>
<username>wn.com</username>
<post>
( Source : OU - Orthodox Union )
Late this past January, in response to a severe illness that threatened the life of its posek (halachic decisor) Rav Chaim Yisroel Belsky ,OU Kosher announced a new program, Halacha Yomis , in which a
</post>
<signature>

</signature>
<external_links>

</external_links>
<country>GB</country>
<main_image>http://i.ytimg.com/vi/KPVBiN5MvEY/0.jpg</main_image>
</document>
