<?xml version="1.0" encoding="UTF-8"?>
<document>
<type>mainstream</type>
<forum></forum>
<forum_title></forum_title>
<discussion_title>临时信披重大遗漏 *ST昆机遭调查波及紫光系-千龙网·中国首都网</discussion_title>
<language>chinese</language>
<gmt_offset></gmt_offset>
<topic_url>http://finance.qianlong.com/2016/0512/601015.shtml</topic_url>
<topic_text>

因临时信息披露涉嫌重大遗漏，*ST昆机（600806）及大股东沈机集团分别于5月10日、11日相继接到证监会调查通知书，被立案调查。紫光系西藏紫光卓远也因此被立案调查，涉及事项为沈机集团股权转让。 
银润投资（000526）5月11日晚间公告显示，公司控股股东西藏紫光卓远股权投资有限公司通知，因*ST昆机股权转让相关事项，收到证监会调查通知书。根据通知书内容，紫光卓远因临时信息披露涉嫌重大遗漏，被证监会立案调查。 
回顾事由，2015年11月18日，*ST昆机公告拟非公开发行4449.15万股，募集资金调整为不超过4.2亿元，将全部用于归还银行贷款。其中，紫光系同门清华系旗下的启迪科服投资管理（北京）有限公司认购3919.49万股，引入清华控股有限公司作为上市公司未来的潜在实际控制人。另外，去年11月10日，*ST昆机控股股东沈机集团与光卓远签署了《股份转让协议》，拟将其所持有的昆明机床1.33亿股流通A股股份全部转让给紫光卓远。 
公司股票复牌后连续涨停，一度收于17.02元/股。 
随后股份划转事宜生变。2月15日，*ST昆机接到通知，沈机集团收到紫光卓远函告，由于到期日尚未完成审批，因此该协议自动解除，不再延期，项目终止。由于股权转让终止，沈机集团获知紫光卓远意见，向上市公司提出终止非公开发行股票预案。 
然而，在2015年11月11日*ST昆机发布这份协议书的公告中，未充分披露“本协议签署之日起3个月内，依照协议所列的生效条件不能全部获得满足的，则本协议自动解除，双方互不承担违约责任”等重要关键条款。 
根据条款，协议签署日为2015年11月9日，如果生效条件不能满足，协议将在2016年2月8日到期日自动解除。 
公告终止定增当天，云南证监局和上交所向*ST昆机发出监管函，就此要求公司进行详细说明，并核实前期相关公告中是否存在其他重大遗漏。 
*ST昆机回复承认了遗漏，表示因沈机集团与紫光卓远延迟至2015年11月10日的最后期限才签署股份转让协议，并增加了前述中时限和免责条款。公司在当天17:51接到最终版本协议后，并未复核即上传公告，此后公司也未发现差异、不曾发布澄清或补充公告。由于信息传递和复核工作疏漏，造成去年11月10日披露的《关于大股东转让公司股份签署协议公告》临2015-92号公告中，没能披露前述免责条款，此后的权益变动报告书也未提及上述重要条款，造成重大遗漏。 
*ST昆机也承认了风险揭示不及时、不充分，违反了相关信息披露规定。此前，公司仅提示股份转让尚需履行相应的国资审批程序，以及经营业绩可能出现持续下滑的风险。之后公司获知沈机集团向紫光卓远提出了延期要约，但一直未得到紫光卓远的正式回复，直到2016年2月4日才获知三个月到期后，因生效条件不能满足，协议将自动解除。 
昨日，*ST昆机股票跌停，收于7.05元/股。 责任编辑： 傅昱佳（QF0007） 作者： 阮润生 相关阅读 
</topic_text>
<spam_score>0.00</spam_score>
<post_num>1</post_num>
<post_id>post-1</post_id>
<post_url>http://finance.qianlong.com/2016/0512/601015.shtml</post_url>
<post_date>20160512</post_date>
<post_time></post_time>
<username></username>
<post>

因临时信息披露涉嫌重大遗漏，*ST昆机（600806）及大股东沈机集团分别于5月10日、11日相继接到证监会调查通知书，被立案调查。紫光系西藏紫光卓远也因此被立案调查，涉及事项为沈机集团股权转让。 
银润投资（000526）5月11日晚间公告显示，公司控股股东西藏紫光卓远股权投资有限公司通知，因*ST昆机股权转让相关事项，收到证监会调查通知书。根据通知书内容，紫光卓远因临时信息披露涉嫌重大遗漏，被证监会立案调查。 
回顾事由，2015年11月18日，*ST昆机公告拟非公开发行4449.15万股，募集资金调整为不超过4.2亿元，将全部用于归还银行贷款。其中，紫光系同门清华系旗下的启迪科服投资管理（北京）有限公司认购3919.49万股，引入清华控股有限公司作为上市公司未来的潜在实际控制人。另外，去年11月10日，*ST昆机控股股东沈机集团与光卓远签署了《股份转让协议》，拟将其所持有的昆明机床1.33亿股流通A股股份全部转让给紫光卓远。 
公司股票复牌后连续涨停，一度收于17.02元/股。 
随后股份划转事宜生变。2月15日，*ST昆机接到通知，沈机集团收到紫光卓远函告，由于到期日尚未完成审批，因此该协议自动解除，不再延期，项目终止。由于股权转让终止，沈机集团获知紫光卓远意见，向上市公司提出终止非公开发行股票预案。 
然而，在2015年11月11日*ST昆机发布这份协议书的公告中，未充分披露“本协议签署之日起3个月内，依照协议所列的生效条件不能全部获得满足的，则本协议自动解除，双方互不承担违约责任”等重要关键条款。 
根据条款，协议签署日为2015年11月9日，如果生效条件不能满足，协议将在2016年2月8日到期日自动解除。 
公告终止定增当天，云南证监局和上交所向*ST昆机发出监管函，就此要求公司进行详细说明，并核实前期相关公告中是否存在其他重大遗漏。 
*ST昆机回复承认了遗漏，表示因沈机集团与紫光卓远延迟至2015年11月10日的最后期限才签署股份转让协议，并增加了前述中时限和免责条款。公司在当天17:51接到最终版本协议后，并未复核即上传公告，此后公司也未发现差异、不曾发布澄清或补充公告。由于信息传递和复核工作疏漏，造成去年11月10日披露的《关于大股东转让公司股份签署协议公告》临2015-92号公告中，没能披露前述免责条款，此后的权益变动报告书也未提及上述重要条款，造成重大遗漏。 
*ST昆机也承认了风险揭示不及时、不充分，违反了相关信息披露规定。此前，公司仅提示股份转让尚需履行相应的国资审批程序，以及经营业绩可能出现持续下滑的风险。之后公司获知沈机集团向紫光卓远提出了延期要约，但一直未得到紫光卓远的正式回复，直到2016年2月4日才获知三个月到期后，因生效条件不能满足，协议将自动解除。 
昨日，*ST昆机股票跌停，收于7.05元/股。 责任编辑： 傅昱佳（QF0007） 作者： 阮润生 相关阅读 
</post>
<signature>

</signature>
<external_links>

</external_links>
<country>CN</country>
<main_image></main_image>
</document>
