<?xml version="1.0" encoding="UTF-8"?>
<document>
<type>mainstream</type>
<forum></forum>
<forum_title></forum_title>
<discussion_title>Sorprenden con droga a dos pasajeros de un bus . Las Provincias</discussion_title>
<language>portuguese</language>
<gmt_offset></gmt_offset>
<topic_url>http://www.lasprovincias.es/alicante/201605/11/sorprenden-droga-pasajeros-20160511013230-v.html</topic_url>
<topic_text>
Vocento 
© LASPROVINCIAS.ES. 
Registro Mercantil de Valencia, Tomo 4993, Folio 187, Sección 8, Hoja V36941, Inscripción 1ª C.I.F.: A-46007126. Domicilio social en la calle Gremis nº 1 (46014) Valencia. 
Copyright © Federico Domenech S.A., Valencia.. Incluye contenidos de LAS PROVINCIAS (Federico Domenech S.A.) y de otras empresas del grupo de la empresa o de terceros. 
EN CUALQUIER CASO TODOS LOS DERECHOS RESERVADOS: 
Queda prohibida la reproducción, distribución, puesta a disposición, comunicación pública y utilización total o parcial, de los contenidos de esta web, en cualquier forma o modalidad, sin previa, expresa y escrita autorización, incluyendo, en particular, su mera reproducción y/o puesta a disposición como resúmenes, reseñas o revistas de prensa con fines comerciales o directa o indirectamente lucrativos, a la que se manifiesta oposición expresa. 
</topic_text>
<spam_score>0.00</spam_score>
<post_num>1</post_num>
<post_id>post-1</post_id>
<post_url>http://www.lasprovincias.es/alicante/201605/11/sorprenden-droga-pasajeros-20160511013230-v.html</post_url>
<post_date>20160511</post_date>
<post_time></post_time>
<username>R. E.</username>
<post>
Vocento 
© LASPROVINCIAS.ES. 
Registro Mercantil de Valencia, Tomo 4993, Folio 187, Sección 8, Hoja V36941, Inscripción 1ª C.I.F.: A-46007126. Domicilio social en la calle Gremis nº 1 (46014) Valencia. 
Copyright © Federico Domenech S.A., Valencia.. Incluye contenidos de LAS PROVINCIAS (Federico Domenech S.A.) y de otras empresas del grupo de la empresa o de terceros. 
EN CUALQUIER CASO TODOS LOS DERECHOS RESERVADOS: 
Queda prohibida la reproducción, distribución, puesta a disposición, comunicación pública y utilización total o parcial, de los contenidos de esta web, en cualquier forma o modalidad, sin previa, expresa y escrita autorización, incluyendo, en particular, su mera reproducción y/o puesta a disposición como resúmenes, reseñas o revistas de prensa con fines comerciales o directa o indirectamente lucrativos, a la que se manifiesta oposición expresa. 
</post>
<signature>

</signature>
<external_links>

</external_links>
<country>ES</country>
<main_image>http://www.lasprovincias.es/img/2014/logoC-200.png</main_image>
</document>
