<?xml version="1.0" encoding="UTF-8"?>
<document>
<type>mainstream</type>
<forum></forum>
<forum_title></forum_title>
<discussion_title>Triumph for UK woman who refused to wear high heels at work | world | Hindustan Times</discussion_title>
<language>english</language>
<gmt_offset></gmt_offset>
<topic_url>http://www.hindustantimes.com/world/triumph-for-uk-woman-who-refused-to-wear-high-heels-at-work/story-GgFrscRXcE7wjcRI7CJxxL.html</topic_url>
<topic_text>
Triumph for UK woman who refused to wear high heels at work AP, London | Updated: May 12, 2016 20:44 IST A British receptionist who mustered public support after she was sent home from work for refusing to wear heels has been vindicated. (AP Photo) 
A British receptionist who mustered public support after she was sent home from work for refusing to wear heels has been vindicated. 
Nicola Thorp, 27, had been told in December that her flat shoes were unacceptable in London while on assignment. She was sent home without pay after refusing to change her shoes. 
But Thorp fought back, writing up an online petition asking for it to be made illegal for employers to require female workers to wear heels at work. 
Simon Pratt, the managing director of the Portico employment agency, said Wednesday night the firm had changed its policy to allow workers to wear flat shoes if they prefer. 
Thorp’s petition had attracted more than 54,000 signatures before the company’s policy was changed. Tags 
</topic_text>
<spam_score>0.00</spam_score>
<post_num>1</post_num>
<post_id>post-1</post_id>
<post_url>http://www.hindustantimes.com/world/triumph-for-uk-woman-who-refused-to-wear-high-heels-at-work/story-GgFrscRXcE7wjcRI7CJxxL.html</post_url>
<post_date>20160512</post_date>
<post_time></post_time>
<username></username>
<post>
Triumph for UK woman who refused to wear high heels at work AP, London | Updated: May 12, 2016 20:44 IST A British receptionist who mustered public support after she was sent home from work for refusing to wear heels has been vindicated. (AP Photo) 
A British receptionist who mustered public support after she was sent home from work for refusing to wear heels has been vindicated. 
Nicola Thorp, 27, had been told in December that her flat shoes were unacceptable in London while on assignment. She was sent home without pay after refusing to change her shoes. 
But Thorp fought back, writing up an online petition asking for it to be made illegal for employers to require female workers to wear heels at work. 
Simon Pratt, the managing director of the Portico employment agency, said Wednesday night the firm had changed its policy to allow workers to wear flat shoes if they prefer. 
Thorp’s petition had attracted more than 54,000 signatures before the company’s policy was changed. Tags 
</post>
<signature>

</signature>
<external_links>

</external_links>
<country>US</country>
<main_image>http://www.hindustantimes.com/rf/image_size_640x362/HT/p2/2016/05/12/Pictures/sepuchral-fashion_f01949c2-1853-11e6-976e-c52fa8d2ca82.jpg</main_image>
</document>
