<?xml version="1.0" encoding="UTF-8"?>
<document>
<type>mainstream</type>
<forum>http://www.monitor.hr/rss</forum>
<forum_title>Monitor.hr</forum_title>
<discussion_title>Izgleda da je Big Brother kriv za raspad još jedne veze, Ines - &quot;ne da se tu ništa sakriti, mislim da je ovo moje vani gotovo&quot;</discussion_title>
<language>croatian</language>
<gmt_offset></gmt_offset>
<topic_url>http://www.bigbrother.rtl.hr/novosti/1942253/ines-o-svojoj-vezi-mislim-da-je-ovo-moje-vani-gotovo/</topic_url>
<topic_text>
Prosljedi putem Vibera Da se Ines sviđa Fabio dokazala je kada je u boravku započela razgovor s Kristinom, rekavši joj da misli da njezina veza vani nema budućnosti. 
&apos;Ne da se tu ništa sakriti, mislim da je ovo moje vani gotovo. Ja sam si neke stvari sa sobom raščistila da mogu funkcionirati ovdje i to je to. Bila sam spremna preuzeti rizik očito kada sam došla ovdje, pa neka ide kako ide. Neću ništa preozbiljno shvaćati, jer sve što riskiraš u životu nosi neke svoje posljedice&apos;, zaključila je Ines aludirajući na svoju ljubavnu vezu koja je izvan Big Brother kuće. 
Također, rekla je da nema sumnje u svoje osjećaje prema svome dečku, no da ona nije spremna za ozbiljnu vezu zbog posla kojim se bavi i koji joj je najbitniji. &apos;Da ti netko sutra kaže, stara, seliš u Ameriku, otišla bi. Ja nisam spremna za nikog i ništa. A tu se ionako ne može ništa sakriti&apos;, rekla je Ines , misleći na Big Brothera koji vidi sve! Što je još sve otkrila Kristini, ne propustite pogledati večeras u 22.50 sati, na RTL-u!
</topic_text>
<spam_score>0.00</spam_score>
<post_num>1</post_num>
<post_id>post-1</post_id>
<post_url>http://www.bigbrother.rtl.hr/novosti/1942253/ines-o-svojoj-vezi-mislim-da-je-ovo-moje-vani-gotovo/</post_url>
<post_date>20160512</post_date>
<post_time>1647</post_time>
<username></username>
<post>
Prosljedi putem Vibera Da se Ines sviđa Fabio dokazala je kada je u boravku započela razgovor s Kristinom, rekavši joj da misli da njezina veza vani nema budućnosti. 
&apos;Ne da se tu ništa sakriti, mislim da je ovo moje vani gotovo. Ja sam si neke stvari sa sobom raščistila da mogu funkcionirati ovdje i to je to. Bila sam spremna preuzeti rizik očito kada sam došla ovdje, pa neka ide kako ide. Neću ništa preozbiljno shvaćati, jer sve što riskiraš u životu nosi neke svoje posljedice&apos;, zaključila je Ines aludirajući na svoju ljubavnu vezu koja je izvan Big Brother kuće. 
Također, rekla je da nema sumnje u svoje osjećaje prema svome dečku, no da ona nije spremna za ozbiljnu vezu zbog posla kojim se bavi i koji joj je najbitniji. &apos;Da ti netko sutra kaže, stara, seliš u Ameriku, otišla bi. Ja nisam spremna za nikog i ništa. A tu se ionako ne može ništa sakriti&apos;, rekla je Ines , misleći na Big Brothera koji vidi sve! Što je još sve otkrila Kristini, ne propustite pogledati večeras u 22.50 sati, na RTL-u!
</post>
<signature>

</signature>
<external_links>

</external_links>
<country>HR</country>
<main_image>http://cdn-static.rtl-hrvatska.hr/image/ines-prica-o-svome-decku-ef76bb3962f55223747ff8d2c962562f_view_article.png?v=20</main_image>
</document>
