<?xml version="1.0" encoding="UTF-8"?>
<document>
<type>mainstream</type>
<forum>http://www.youm7.com/سياسة-319</forum>
<forum_title>سياسة | اليوم السابع</forum_title>
<discussion_title>بالفيديو.. القيادى الإخوانى الهارب محمد سودان: 25 يناير ليست ثورة</discussion_title>
<language>arabic</language>
<gmt_offset></gmt_offset>
<topic_url>http://www.youm7.com/story/2016/5/12/بالفيديو-القيادى-الإخوانى-الهارب-محمد-سودان--25-يناير-ليست-ث/2715345</topic_url>
<topic_text>
وصف محمد سودان القيادى بجماعة الإخوان الهارب فى لندن 25 يناير بأنها ليست ثورة. وأشار فى لقاء تلفزيونى على التلفزيون العربى الذى يبث من لندن إلى أن جماعة الإخوان والشعب المصرى تعرضوا لمؤامرة شديدة من جانب أجهزة سيادية.
وذكر سودان أنه لا يعتقد أن 25 يناير ثورة وإنما هى انتفاضة تم الزج بالشعب المصرى والاخوان فيها حتى تستولى جهات نافذة بالدولة على السلطة من حسنى مبارك وعائلته.
اخبار متعلقة..
قيادى إخوانى: جبهة القيادة الجديدة لم تلتزم بمبادرة &quot;القرضاوى&quot;
</topic_text>
<spam_score>0.00</spam_score>
<post_num>1</post_num>
<post_id>post-1</post_id>
<post_url>http://www.youm7.com/story/2016/5/12/بالفيديو-القيادى-الإخوانى-الهارب-محمد-سودان--25-يناير-ليست-ث/2715345</post_url>
<post_date>20160512</post_date>
<post_time>0622</post_time>
<username>youm7.com</username>
<post>
وصف محمد سودان القيادى بجماعة الإخوان الهارب فى لندن 25 يناير بأنها ليست ثورة. وأشار فى لقاء تلفزيونى على التلفزيون العربى الذى يبث من لندن إلى أن جماعة الإخوان والشعب المصرى تعرضوا لمؤامرة شديدة من جانب أجهزة سيادية.
وذكر سودان أنه لا يعتقد أن 25 يناير ثورة وإنما هى انتفاضة تم الزج بالشعب المصرى والاخوان فيها حتى تستولى جهات نافذة بالدولة على السلطة من حسنى مبارك وعائلته.
اخبار متعلقة..
قيادى إخوانى: جبهة القيادة الجديدة لم تلتزم بمبادرة &quot;القرضاوى&quot;
</post>
<signature>

</signature>
<external_links>
<external_link>http://adserver.adtech.de/adlink/3.0/1422/5999560/0/170/ADTECH;loc=300</external_link><external_link>https://twitter.com/intent/tweet?button_hashtag=Youm7&amp;text=بالفيديو..</external_link><external_link>https://www.facebook.com/plugins/video.php?href=https%3A%2F%2Fwww.facebook.com%2FbitawqitMasr%2Fvideos%2Fvb.133904593643689%2F235257320175082%2F%3Ftype%3D3&amp;show_text=0&amp;width=560</external_link><external_link>http://adserver.adtech.de/adserv/3.0/1422/5999560/0/170/ADTECH;loc=300</external_link>
</external_links>
<country>US</country>
<main_image>http://img.youm7.com/images/NewsPics/large/8201413164413.jpg?v543</main_image>
</document>
