<?xml version="1.0" encoding="UTF-8"?>
<document>
<type>mainstream</type>
<forum>http://www.cbs8.com/category/307361/business-wire</forum>
<forum_title>Business Wire - CBS News 8 - San Diego, CA News Station - KFMB Channel 8</forum_title>
<discussion_title>New Chair, Members Elected to the Argentum Board of Directors</discussion_title>
<language>english</language>
<gmt_offset></gmt_offset>
<topic_url>http://www.cbs8.com/story/31957881/new-chair-members-elected-to-the-argentum-board-of-directors</topic_url>
<topic_text>
ALEXANDRIA, Va. --(BUSINESS WIRE) Argentum today announced that Loren Shook , Chairman &amp; CEO of Silverado, based in Irvine, California, was elected as the new Chairman of the Argentum Board of Directors . Most recently, he served as Vice Chairman of the Board. Shook officially assumed the Chairman’s position during the 2016 Argentum Senior Living Executive Conference held in Denver, Colorado.
&quot;The most rewarding thing about serving our nation’s seniors is the opportunity to make a positive impact in the lives of residents, their families, and our employees,” said Shook. “Across senior living we touch the human spirt, making it particularly important for all of us within the industry to share ideas and create a vision for the future. I’m honored to have been selected as Chairman of the Argentum Board of Directors, and I’m excited for what we can achieve together as we serve to provide the best quality of life for seniors and influence aging in America.”
Additionally, new members were elected to join the Board: Jack Callison , CEO, Enlivant; Labeed Diab , COO, Brookdale; Judd Harper , President, The Arbor Company; Justin Hutchens , CIO &amp; EVP, HCP; Robert Probst , EVP &amp; CFO, Ventas; Andy Smith , President &amp; CEO, Brookdale; and Collette Valentine , CEO &amp; COO, Integral Senior Living.
“We welcome the insights and ideas from these senior living leaders as we continue to provide industry-leading support to our members and those they serve,” said Argentum President &amp; CEO James Balda.
Argentum also announced the creation of new committees, represented by members of the Argentum Board of Directors and individuals appointed from member organizations: Workforce Development, Quality Improvement, Operational Excellence, Consumer Choice, Senior Living Public Policy, PAC and Advocacy Fund, and Legal Affairs.
About Argentum
Since 1990, Argentum has advocated for choice, accessibility, independence, dignity, and quality of life for all older adults. Argentum’s programs promote business and operational excellence designed to foster innovation and entrepreneurism in the field of senior living. Visit Argentum’s website at www.argentum.org .
 //www.businesswire.com/news/home/20160512005368/en/
Argentum
Sharon Cohen
Editor
scohen@argentum.org
 
</topic_text>
<spam_score>0.00</spam_score>
<post_num>1</post_num>
<post_id>post-1</post_id>
<post_url>http://www.cbs8.com/story/31957881/new-chair-members-elected-to-the-argentum-board-of-directors</post_url>
<post_date>20160512</post_date>
<post_time>1135</post_time>
<username>cbs8</username>
<post>
ALEXANDRIA, Va. --(BUSINESS WIRE) Argentum today announced that Loren Shook , Chairman &amp; CEO of Silverado, based in Irvine, California, was elected as the new Chairman of the Argentum Board of Directors . Most recently, he served as Vice Chairman of the Board. Shook officially assumed the Chairman’s position during the 2016 Argentum Senior Living Executive Conference held in Denver, Colorado.
&quot;The most rewarding thing about serving our nation’s seniors is the opportunity to make a positive impact in the lives of residents, their families, and our employees,” said Shook. “Across senior living we touch the human spirt, making it particularly important for all of us within the industry to share ideas and create a vision for the future. I’m honored to have been selected as Chairman of the Argentum Board of Directors, and I’m excited for what we can achieve together as we serve to provide the best quality of life for seniors and influence aging in America.”
Additionally, new members were elected to join the Board: Jack Callison , CEO, Enlivant; Labeed Diab , COO, Brookdale; Judd Harper , President, The Arbor Company; Justin Hutchens , CIO &amp; EVP, HCP; Robert Probst , EVP &amp; CFO, Ventas; Andy Smith , President &amp; CEO, Brookdale; and Collette Valentine , CEO &amp; COO, Integral Senior Living.
“We welcome the insights and ideas from these senior living leaders as we continue to provide industry-leading support to our members and those they serve,” said Argentum President &amp; CEO James Balda.
Argentum also announced the creation of new committees, represented by members of the Argentum Board of Directors and individuals appointed from member organizations: Workforce Development, Quality Improvement, Operational Excellence, Consumer Choice, Senior Living Public Policy, PAC and Advocacy Fund, and Legal Affairs.
About Argentum
Since 1990, Argentum has advocated for choice, accessibility, independence, dignity, and quality of life for all older adults. Argentum’s programs promote business and operational excellence designed to foster innovation and entrepreneurism in the field of senior living. Visit Argentum’s website at www.argentum.org .
 //www.businesswire.com/news/home/20160512005368/en/
Argentum
Sharon Cohen
Editor
scohen@argentum.org
 
</post>
<signature>

</signature>
<external_links>
<external_link>http://cts.businesswire.com/ct/CT?id=smartlink&amp;url=http%3A%2F%2Fwww.argentum.org&amp;esheet=51340928&amp;newsitemid=20160512005368&amp;lan=en-US&amp;anchor=www.argentum.org&amp;index=2&amp;md5=3c3c675d9535f185da3d4dd6be7a83f2</external_link><external_link>http://www.businesswire.com/news/home/20160512005368/en/</external_link><external_link>http://purl.org/rss/1.0/modules/content/</external_link><external_link>http://cts.businesswire.com/ct/CT?id=bwnews&amp;sty=20160512005368r1&amp;sid=56987&amp;distro=ftp</external_link><external_link>http://cts.businesswire.com/ct/CT?id=smartlink&amp;url=http%3A%2F%2Fargentumconference.org%2F&amp;esheet=51340928&amp;newsitemid=20160512005368&amp;lan=en-US&amp;anchor=Argentum+Senior+Living+Executive+Conference&amp;index=1&amp;md5=8b451a139447a97a942228bb6c914b67</external_link>
</external_links>
<country>US</country>
<main_image>http://businesswire.images.worldnow.com/images/10540886_G.jpg</main_image>
</document>
