<?xml version="1.0" encoding="UTF-8"?>
<document>
<type>mainstream</type>
<forum>http://lb.ua/export/rss.xml</forum>
<forum_title>LB.ua</forum_title>
<discussion_title>Онлайн-трансляция заседания Рады</discussion_title>
<language>russian</language>
<gmt_offset></gmt_offset>
<topic_url>http://lb.ua/news/2016/05/12/334972_onlayntranslyatsiya_zasedaniya_radi.html</topic_url>
<topic_text>
Печать 
Депутаты сегодня примутся за декоммунизацию. 
Верховная Рада в четверг, 12 мая, проведет утреннее и вечернее заседание, в рамках которых она собирается рассмотреть около 50 законопроектов. 
Во втором чтении депутаты намерены рассмотреть законопроекты №2506а о создании института частных исполнителей судебных решений, №3159 об увеличении максимального срока пребывания незаконно находящихся в Украине иностранцев с 12 до 18 месяцев, №4288 об урегулировании закупок товаров и услуг для обеспечения потребностей обороны в особый период, №3224 о регламентации предоставления подтверждающих личность или специальный статус ID-карт, №3153 о моратории на проведение проверок бизнеса до 30 июля 2016 года, №2418а о сокращении срока плановых мероприятий по осуществлению государственного надзора в сфере хозяйственной деятельности. 
С предложениями Президента Петра Порошенко запланировано рассмотрение законопроектов, к которым он применил право вето: №3062 о создании наблюдательных советов для контроля и регулирования деятельности руководителей государственных предприятий, №2090а о разрешении закупок оборонной продукции и услуг вне оборонного заказа на период проведения антитеррористической операции, №3830-3 и 3831-2 о финансировании профессионального технического образования. 
Также депутаты должны рассмотреть переименование населенных пунктов в рамках закона о декоммунизации, а в первом чтении - законопроекты №2413а и 2414а о ликвидации Национальной комиссии по регулированию рынков финансовых услуг с передачей ее функций Национальному банку и Национальной комиссии по ценным бумагам и фондовому рынку. &lt;&gt;
</topic_text>
<spam_score>0.00</spam_score>
<post_num>1</post_num>
<post_id>post-1</post_id>
<post_url>http://lb.ua/news/2016/05/12/334972_onlayntranslyatsiya_zasedaniya_radi.html</post_url>
<post_date>20160512</post_date>
<post_time>0706</post_time>
<username>info@lb.ua (LB.ua)</username>
<post>
Печать 
Депутаты сегодня примутся за декоммунизацию. 
Верховная Рада в четверг, 12 мая, проведет утреннее и вечернее заседание, в рамках которых она собирается рассмотреть около 50 законопроектов. 
Во втором чтении депутаты намерены рассмотреть законопроекты №2506а о создании института частных исполнителей судебных решений, №3159 об увеличении максимального срока пребывания незаконно находящихся в Украине иностранцев с 12 до 18 месяцев, №4288 об урегулировании закупок товаров и услуг для обеспечения потребностей обороны в особый период, №3224 о регламентации предоставления подтверждающих личность или специальный статус ID-карт, №3153 о моратории на проведение проверок бизнеса до 30 июля 2016 года, №2418а о сокращении срока плановых мероприятий по осуществлению государственного надзора в сфере хозяйственной деятельности. 
С предложениями Президента Петра Порошенко запланировано рассмотрение законопроектов, к которым он применил право вето: №3062 о создании наблюдательных советов для контроля и регулирования деятельности руководителей государственных предприятий, №2090а о разрешении закупок оборонной продукции и услуг вне оборонного заказа на период проведения антитеррористической операции, №3830-3 и 3831-2 о финансировании профессионального технического образования. 
Также депутаты должны рассмотреть переименование населенных пунктов в рамках закона о декоммунизации, а в первом чтении - законопроекты №2413а и 2414а о ликвидации Национальной комиссии по регулированию рынков финансовых услуг с передачей ее функций Национальному банку и Национальной комиссии по ценным бумагам и фондовому рынку. &lt;&gt;
</post>
<signature>

</signature>
<external_links>

</external_links>
<country>UA</country>
<main_image>http://i.lb.ua/044/28/57342bc5582de.jpeg</main_image>
</document>
