<?xml version="1.0" encoding="UTF-8"?>
<document>
<type>mainstream</type>
<forum></forum>
<forum_title></forum_title>
<discussion_title>Photos: PMB, David Cameron And Others At London Anti Corruption Summit – BroadwayAfrica.com</discussion_title>
<language>english</language>
<gmt_offset></gmt_offset>
<topic_url>http://www.broadwayafrica.com/photos-pmb-david-cameron-and-others-at-london-anti-corruption-summit/</topic_url>
<topic_text>

President Buhari is presently at the Lancaster city for the London Anti corruption summit with David Cameron, John Kerry and others. See photos form the Opening plenary. 

</topic_text>
<spam_score>0.00</spam_score>
<post_num>1</post_num>
<post_id>post-1</post_id>
<post_url>http://www.broadwayafrica.com/photos-pmb-david-cameron-and-others-at-london-anti-corruption-summit/</post_url>
<post_date>20160512</post_date>
<post_time></post_time>
<username>Motunrayo Akofe</username>
<post>

President Buhari is presently at the Lancaster city for the London Anti corruption summit with David Cameron, John Kerry and others. See photos form the Opening plenary. 

</post>
<signature>

</signature>
<external_links>

</external_links>
<country>US</country>
<main_image></main_image>
</document>
