<?xml version="1.0" encoding="UTF-8"?>
<document>
<type>mainstream</type>
<forum>http://www.sabah.com.tr/rss/son24saat.xml</forum>
<forum_title>Sabah - Son24Saat</forum_title>
<discussion_title>Sancaktepe&apos;deki saldırıda 6 asker yaralandı!</discussion_title>
<language>turkish</language>
<gmt_offset></gmt_offset>
<topic_url>http://www.sabah.com.tr/gundem/2016/05/12/sancaktepedeki-saldirida-6-asker-yaralandi</topic_url>
<topic_text>
Sancaktepe&apos;deki saldırıda 6 asker yaralandı! Giriş Tarihi: 12.5.2016 17:53 Güncelleme Tarihi: 12.5.2016 19:13 Sancaktepe&apos;deki saldırıda 6 asker yaralandı! İstanbul Valiliği&apos;nden yapılan açıklamaya göre Sancaktepe&apos;de gerçekleşen bombalı saldırıda 6&apos;sı asker 7 kişi yaralandı. 
Alınan bilgiye göre, Samandıra&apos;da bir asker i kışlanın yakınında, Osmangazi Caddesi&apos;nde park halinde bulunan bir araçta patlama oldu. 
Patlamanın ardından olay yerine giden çok sayıda polis ekibi, çevrede güvenlik önlemi aldı. 
İstanbul Valisi Vasip Şahin, AA muhabirine yaptığı açıklamada, İsmali Hakkı Tunaboylu Kışlasının askeri personelini taşıyan servis aracı saat 16.45 sıralarında çıkış yaptıktan sonra, park edilmiş bir araçta patlama meydana geldiğini belirtti. 
Olayda 5&apos;i asker, 3&apos;ü sivil 8 kişinin yaralandığını aktaran Şahin, &quot;Sivillerden bir kadın personelimizin durumu ciddi. Diğer yaralıların hayati tehlikesi söz konusu değil, ayakta tedavi ediliyorlar&quot; dedi. 
İŞTE İSTANBUL SANCAKTEPE&apos;DEKİ PATLAMA ANI 
UZAKTAN KUMANDAYLA PATLATILDI 
Anadolu Cumhuriyet Başsavcılığınca, patlamaya ilişkin soruşturma başlatıldı. Soruşturma kapsamında Örgütlü, Kaçakçılık ve Ekonomik Suçlar Soruşturma Bürosu&apos;ndan bir savcı, olay yerinde inceleme yapmak üzere görevlendirildi. 
İlk belirlemelere göre, yol kenarında park halindeki araçta bulunan patlayıcının, askeri servis aracının geçişinin hemen sonrasında uzaktan kumandayla patlatıldığı öğrenildi. 
Terör saldırısında canlı bombaya ilişkin bir bulguya rastlanmadığı kaydedildi. 
Bu arada, polis helikopteri de olay yerinde havadan çalışmalara destek verdi. 
SANCAKTEPE&apos;DE PATLAMA! 
GENELKURMAY&apos;DAN KINAMA 
Genelkurmay Başkanlığının internet sitesinden yapılan açıklamada, İstanbul Sancaktepe&apos;de, Türk Silahlı Kuvvetleri personelini taşıyan servis aracının geçişi esnasında, teröristler tarafından park halindeki bir aracın patlatıldığı hatırlatıldı. 
Saldırıda, iki askerin hafif yaralandığı, dört asker ile araç şoförünün ise kontrol amaçlı hastanede ayakta tedavi edildiği belirtilen açıklamada, &quot;Alçakça ve kalleşçe düzenlenen bu saldırıyı şiddetle lanetliyor, saldırıda yaralanan kahraman silah arkadaşlarımıza acil şifalar diliyoruz.&quot; denildi.
</topic_text>
<spam_score>0.00</spam_score>
<post_num>1</post_num>
<post_id>post-1</post_id>
<post_url>http://www.sabah.com.tr/gundem/2016/05/12/sancaktepedeki-saldirida-6-asker-yaralandi</post_url>
<post_date>20160512</post_date>
<post_time>1753</post_time>
<username></username>
<post>
Sancaktepe&apos;deki saldırıda 6 asker yaralandı! Giriş Tarihi: 12.5.2016 17:53 Güncelleme Tarihi: 12.5.2016 19:13 Sancaktepe&apos;deki saldırıda 6 asker yaralandı! İstanbul Valiliği&apos;nden yapılan açıklamaya göre Sancaktepe&apos;de gerçekleşen bombalı saldırıda 6&apos;sı asker 7 kişi yaralandı. 
Alınan bilgiye göre, Samandıra&apos;da bir asker i kışlanın yakınında, Osmangazi Caddesi&apos;nde park halinde bulunan bir araçta patlama oldu. 
Patlamanın ardından olay yerine giden çok sayıda polis ekibi, çevrede güvenlik önlemi aldı. 
İstanbul Valisi Vasip Şahin, AA muhabirine yaptığı açıklamada, İsmali Hakkı Tunaboylu Kışlasının askeri personelini taşıyan servis aracı saat 16.45 sıralarında çıkış yaptıktan sonra, park edilmiş bir araçta patlama meydana geldiğini belirtti. 
Olayda 5&apos;i asker, 3&apos;ü sivil 8 kişinin yaralandığını aktaran Şahin, &quot;Sivillerden bir kadın personelimizin durumu ciddi. Diğer yaralıların hayati tehlikesi söz konusu değil, ayakta tedavi ediliyorlar&quot; dedi. 
İŞTE İSTANBUL SANCAKTEPE&apos;DEKİ PATLAMA ANI 
UZAKTAN KUMANDAYLA PATLATILDI 
Anadolu Cumhuriyet Başsavcılığınca, patlamaya ilişkin soruşturma başlatıldı. Soruşturma kapsamında Örgütlü, Kaçakçılık ve Ekonomik Suçlar Soruşturma Bürosu&apos;ndan bir savcı, olay yerinde inceleme yapmak üzere görevlendirildi. 
İlk belirlemelere göre, yol kenarında park halindeki araçta bulunan patlayıcının, askeri servis aracının geçişinin hemen sonrasında uzaktan kumandayla patlatıldığı öğrenildi. 
Terör saldırısında canlı bombaya ilişkin bir bulguya rastlanmadığı kaydedildi. 
Bu arada, polis helikopteri de olay yerinde havadan çalışmalara destek verdi. 
SANCAKTEPE&apos;DE PATLAMA! 
GENELKURMAY&apos;DAN KINAMA 
Genelkurmay Başkanlığının internet sitesinden yapılan açıklamada, İstanbul Sancaktepe&apos;de, Türk Silahlı Kuvvetleri personelini taşıyan servis aracının geçişi esnasında, teröristler tarafından park halindeki bir aracın patlatıldığı hatırlatıldı. 
Saldırıda, iki askerin hafif yaralandığı, dört asker ile araç şoförünün ise kontrol amaçlı hastanede ayakta tedavi edildiği belirtilen açıklamada, &quot;Alçakça ve kalleşçe düzenlenen bu saldırıyı şiddetle lanetliyor, saldırıda yaralanan kahraman silah arkadaşlarımıza acil şifalar diliyoruz.&quot; denildi.
</post>
<signature>

</signature>
<external_links>

</external_links>
<country>TR</country>
<main_image>http://i.sabah.com.tr/sbh/2016/05/12/650x344/1463068471488.jpg</main_image>
</document>
