<?xml version="1.0" encoding="UTF-8"?>
<document>
<type>mainstream</type>
<forum>http://www.redplanet.gr/feed/</forum>
<forum_title>REDPLANET.GR</forum_title>
<discussion_title>«Αποδέχτηκα την πρόταση του κ. Μαρινάκη»</discussion_title>
<language>greek</language>
<gmt_offset></gmt_offset>
<topic_url>http://www.redplanet.gr/sports/apodechtika-tin-protasi-tou-k-marinaki/</topic_url>
<topic_text>
«Αποδέχτηκα την πρόταση του κ. Μαρινάκη» 12 Μαι 2016 17:10 Redgoal.gr   
Στις πρώτες του δηλώσεις ως παίκτης του Ολυμπιακού, μετά την ολοκλήρωση της σπουδαίας μεταγραφής, ο Κολομβιανός διαγώνιος, Λίμπερμαν… Στις πρώτες του δηλώσεις ως παίκτης του Ολυμπιακού, μετά την ολοκλήρωση της σπουδαίας μεταγραφής, ο Κολομβιανός διαγώνιος, Λίμπερμαν Αγκάμες ανέφερε στην επίσημη ιστοσελίδα του συλλόγου: «Η Ελλάδα είναι για εμένα η δεύτερη πατρίδα μου. Και από την στιγμή που υπήρξε προσωπική επιθυμία από τον κ. Mαρινάκη και γνωρίζοντας την σχέση του με το βόλεϊ, αποδέχτηκα πριν από λίγο τη πρόταση του. Έρχομαι στην ομάδα για να εκπληρώσω όλους τους στόχους της ομάδας που δεν είναι άλλοι από την κατάκτηση όλων των εγχώριων τίτλων και τη διεκδίκηση του Cev Cup». ...
</topic_text>
<spam_score>0.00</spam_score>
<post_num>1</post_num>
<post_id>post-1</post_id>
<post_url>http://www.redplanet.gr/sports/apodechtika-tin-protasi-tou-k-marinaki/</post_url>
<post_date>20160512</post_date>
<post_time>1510</post_time>
<username>REDPLANET TEAM</username>
<post>
«Αποδέχτηκα την πρόταση του κ. Μαρινάκη» 12 Μαι 2016 17:10 Redgoal.gr   
Στις πρώτες του δηλώσεις ως παίκτης του Ολυμπιακού, μετά την ολοκλήρωση της σπουδαίας μεταγραφής, ο Κολομβιανός διαγώνιος, Λίμπερμαν… Στις πρώτες του δηλώσεις ως παίκτης του Ολυμπιακού, μετά την ολοκλήρωση της σπουδαίας μεταγραφής, ο Κολομβιανός διαγώνιος, Λίμπερμαν Αγκάμες ανέφερε στην επίσημη ιστοσελίδα του συλλόγου: «Η Ελλάδα είναι για εμένα η δεύτερη πατρίδα μου. Και από την στιγμή που υπήρξε προσωπική επιθυμία από τον κ. Mαρινάκη και γνωρίζοντας την σχέση του με το βόλεϊ, αποδέχτηκα πριν από λίγο τη πρόταση του. Έρχομαι στην ομάδα για να εκπληρώσω όλους τους στόχους της ομάδας που δεν είναι άλλοι από την κατάκτηση όλων των εγχώριων τίτλων και τη διεκδίκηση του Cev Cup». ...
</post>
<signature>

</signature>
<external_links>

</external_links>
<country>GR</country>
<main_image>http://www.redplanet.gr/wp-content/uploads/2016/05/ceb1cf80cebfceb4ceadcf87cf84ceb7cebaceb1-cf84ceb7cebd-cf80cf81cf8ccf84ceb1cf83ceb7-cf84cebfcf85-ceba-cebcceb1cf81ceb9cebdceacceba.jpg</main_image>
</document>
