<?xml version="1.0" encoding="UTF-8"?>
<document>
<type>mainstream</type>
<forum></forum>
<forum_title></forum_title>
<discussion_title>开发商“赠送7平方米会客厅”遭购房人举报-千龙网·中国首都网</discussion_title>
<language>chinese</language>
<gmt_offset></gmt_offset>
<topic_url>http://finance.qianlong.com/2016/0512/601989.shtml</topic_url>
<topic_text>

开发商销售楼盘时宣称“赠送7平方米会客厅”，实际送的是消防电梯前室，购房者举报后，工商部门对开发商罚款20万元。开发商声称不存在虚假宣传，为此打起官司。11日沙坪坝区法院披露，该案终审判决开发商败诉。 
某开发商在大学城开发了一处楼盘，委托多家广告公司发布宣传广告，内容包括“赠送7平方米会客厅”、“阳台半赠送”和“凸窗全赠送”。 
2014年1月，沙坪坝区工商分局根据购房者的举报，发现了这些宣传资料。查证发现，开发商将7平方米的消防前室，宣传为“赠送7平方米私家会客前厅”，属于虚假宣传；按规定，购房者享有飘窗面积和阳台的一半面积，而开发商将其宣传为“赠送”，属于引人误解的宣传。为此，该局作出责令改正违法行为并处罚款20万元的行政处罚决定。 
当年10月，开发商向沙坪坝区法院提起行政诉讼。开发商称，温馨提示、签约笔录已对购房者可能产生的误会做了充分提示，不存在虚假宣传。 
法院认为，按照消防法，消防电梯前室不得占用，而且该面积已作为公用设施计入公摊面积，开发商无权进行处分。 
法院还认为，开发商的宣传行为是针对公众进行宣传，虽然温馨提示、签约笔录已作出释明，但属于向个别购房者作出的释明行为，并不能否定其宣传行为的违法性。 
一审、二审，法院均判开发商败诉。 
</topic_text>
<spam_score>0.00</spam_score>
<post_num>1</post_num>
<post_id>post-1</post_id>
<post_url>http://finance.qianlong.com/2016/0512/601989.shtml</post_url>
<post_date>20160512</post_date>
<post_time></post_time>
<username></username>
<post>

开发商销售楼盘时宣称“赠送7平方米会客厅”，实际送的是消防电梯前室，购房者举报后，工商部门对开发商罚款20万元。开发商声称不存在虚假宣传，为此打起官司。11日沙坪坝区法院披露，该案终审判决开发商败诉。 
某开发商在大学城开发了一处楼盘，委托多家广告公司发布宣传广告，内容包括“赠送7平方米会客厅”、“阳台半赠送”和“凸窗全赠送”。 
2014年1月，沙坪坝区工商分局根据购房者的举报，发现了这些宣传资料。查证发现，开发商将7平方米的消防前室，宣传为“赠送7平方米私家会客前厅”，属于虚假宣传；按规定，购房者享有飘窗面积和阳台的一半面积，而开发商将其宣传为“赠送”，属于引人误解的宣传。为此，该局作出责令改正违法行为并处罚款20万元的行政处罚决定。 
当年10月，开发商向沙坪坝区法院提起行政诉讼。开发商称，温馨提示、签约笔录已对购房者可能产生的误会做了充分提示，不存在虚假宣传。 
法院认为，按照消防法，消防电梯前室不得占用，而且该面积已作为公用设施计入公摊面积，开发商无权进行处分。 
法院还认为，开发商的宣传行为是针对公众进行宣传，虽然温馨提示、签约笔录已作出释明，但属于向个别购房者作出的释明行为，并不能否定其宣传行为的违法性。 
一审、二审，法院均判开发商败诉。 
</post>
<signature>

</signature>
<external_links>

</external_links>
<country>CN</country>
<main_image></main_image>
</document>
