<?xml version="1.0" encoding="UTF-8"?>
<document>
<type>mainstream</type>
<forum>http://feeds.guardian.co.uk/theguardian/culture/uk-edition/rss</forum>
<forum_title>Culture | The Guardian</forum_title>
<discussion_title>Mike Leigh&apos;s Peterloo massacre drama heading to Amazon | Film</discussion_title>
<language>english</language>
<gmt_offset></gmt_offset>
<topic_url>https://www.theguardian.com/film/2016/may/11/mike-leigh-peterloo-massacre-amazon-the-wall-doug-liman</topic_url>
<topic_text>
Mike Leigh’s forthcoming drama about the infamous 1819 Peterloo massacre looks set to be picked up for distribution by Amazon, according to the Hollywood Reporter .
The streaming site and distributor is in negotiations to acquire the North American rights to Leigh’s follow-up to acclaimed biopic Mr Turner, about the British painter JMW Turner. 
The Bafta-winning doyen of British social-realist cinema will follow other arthouse luminaries such as Woody Allen, Jim Jarmusch and Nicolas Winding Refn on to Amazon. However, the deal does not necessarily mean Leigh’s Peterloo drama is heading for a streaming-only debut. Unlike its rival Netflix, Amazon sees itself as a traditional studio as well as the owner of the Amazon Prime service, and its films often end up in cinemas before moving to the small screen.
Related: Mike Leigh to make movie of Peterloo massacre 
Leigh announced his intention to make a film about the subject last year . “There has never been a feature film about the Peterloo massacre,” he said. “Apart from the universal political significance of this historic event, the story has a particular personal resonance for me as a native of Manchester and Salford.” The drama is due to shoot in 2017.
The massacre occurred when government cavalry charged a crowd of around 60,000 gathered in St Peter’s Field in Manchester to demand the reform of parliamentary representation. An estimated 15 died, while up to 700 were injured. Christened Peterloo as an ironic nod to the battle of Waterloo, which had occurred four years earlier, the massacre sparked an outcry that was a key contributing factor in the establishment of the Manchester Guardian in 1821.
In other Amazon news, the studio is to release its first original movie, the Doug Liman thriller The Wall, starring Britain’s Aaron Taylor-Johnson. According to the Hollywood Reporter , the Iraq war-themed movie tells the story of a sniper caught in a standoff with a local gunman.
Liman, the director of The Bourne Identity and Edge of Tomorrow, will aim to complete the thriller prior to taking on his debut venture into comic-book movies, the Channing Tatum vehicle Gambit .
</topic_text>
<spam_score>0.00</spam_score>
<post_num>2</post_num>
<post_id>post-2</post_id>
<post_url>https://www.theguardian.com/film/2016/may/11/mike-leigh-peterloo-massacre-amazon-the-wall-doug-liman</post_url>
<post_date>20160511</post_date>
<post_time>2215</post_time>
<username>Kolkhis</username>
<post>
The Guardian was never what it &quot;used to be&quot;. See this from Wikipedia.
The Manchester Guardian was founded in Manchester in 1821 by cotton merchant John Edward Taylor with backing from the Little Circle, a group of non-conformist businessmen.[13] They launched their paper after the police closure of the more radical Manchester Observer, the paper that had championed the cause of the Peterloo Massacre protesters.[14] Taylor had been hostile to the radical reformers, writing: &quot;(T)hey have appealed not to the reason but the passions and the suffering of their abused and credulous fellow-countrymen, from whose ill-requited industry they extort for themselves the means of a plentiful and comfortable existence. They do not toil, neither do they spin, but they live better than those that do&quot;.[15] When the government closed down the Manchester Observer, the mill-owners&apos; champions had the upper hand.
</post>
<signature>

</signature>
<external_links>

</external_links>
<country>GB</country>
<main_image>https://i.guim.co.uk/img/media/ac0b33a780bb1f4a6e9f8cf548a0c76181e5320c/0_5_3920_2352/3920.jpg?w=1200&amp;amp;q=55&amp;amp;auto=format&amp;amp;usm=12&amp;amp;fit=max&amp;amp;s=715659b004077c2c1bb560a7a253ff75</main_image>
</document>
