<?xml version="1.0" encoding="UTF-8"?>
<document>
<type>mainstream</type>
<forum>http://www.sabah.com.tr/rss/son24saat.xml</forum>
<forum_title>Sabah - Son24Saat</forum_title>
<discussion_title>Genç kız erkek arkadaşının evinde ölü bulundu</discussion_title>
<language>turkish</language>
<gmt_offset></gmt_offset>
<topic_url>http://www.sabah.com.tr/yasam/2016/05/12/genc-kiz-erkek-arkadasinin-evinde-olu-bulundu</topic_url>
<topic_text>
Giriş Tarihi: 12.5.2016 17:27 Güncelleme Tarihi: 12.5.2016 17:30 Bahçelievler&apos;de kaldığı yurttan 3 Mayıs&apos;ta ayrılan 16 yaşındaki kız, Pendik&apos;te erkek arkadaşının evinde ölü bulundu. 
Alınan bilgiye göre, ağabeyinden şiddet gördüğü gerekçesiyle ve son 2 yılda 5 kez evden kaçtığı için Bahçelievler Atatürk Kız Yetiştirme Yurduna yerleştirilen E.S.(16), 3 Mayıs&apos;ta çıktığı yurda geri dönmedi. Bahçelievler İlçe Emniyet Müdürlüğü ekipleri, yurt yetkililerinin kayıp başvurusu üzerine çalışma başlattı. 
Pendik Adnan Menderes Bulvarı&apos;nda bir evde bir kişinin hayatını kaybettiği ihbarı üzerine olay yerine giden polis ekipleri, ölen kişinin E.S. olduğunu belirledi. 
E.S.&apos;nin erkek arkadaşı olduğu iddia edilen S.A.K. (18) gözaltına alınırken, polisin evde başkalarının da bulunabileceği ihtimali üzerine çalışma başlattığı, gözaltı sayısının artabileceği bildirildi. 
Emniyetteki işlemleri tamamlanan S.A.K. adliyeye sevk edildi. 
Cesedi Adli Tıp Kurumuna gönderilen E.S.&apos;nin kesin ölüm nedeninin incelemeden sonra belli olacağı belirtildi.
</topic_text>
<spam_score>0.00</spam_score>
<post_num>1</post_num>
<post_id>post-1</post_id>
<post_url>http://www.sabah.com.tr/yasam/2016/05/12/genc-kiz-erkek-arkadasinin-evinde-olu-bulundu</post_url>
<post_date>20160512</post_date>
<post_time>1727</post_time>
<username></username>
<post>
Giriş Tarihi: 12.5.2016 17:27 Güncelleme Tarihi: 12.5.2016 17:30 Bahçelievler&apos;de kaldığı yurttan 3 Mayıs&apos;ta ayrılan 16 yaşındaki kız, Pendik&apos;te erkek arkadaşının evinde ölü bulundu. 
Alınan bilgiye göre, ağabeyinden şiddet gördüğü gerekçesiyle ve son 2 yılda 5 kez evden kaçtığı için Bahçelievler Atatürk Kız Yetiştirme Yurduna yerleştirilen E.S.(16), 3 Mayıs&apos;ta çıktığı yurda geri dönmedi. Bahçelievler İlçe Emniyet Müdürlüğü ekipleri, yurt yetkililerinin kayıp başvurusu üzerine çalışma başlattı. 
Pendik Adnan Menderes Bulvarı&apos;nda bir evde bir kişinin hayatını kaybettiği ihbarı üzerine olay yerine giden polis ekipleri, ölen kişinin E.S. olduğunu belirledi. 
E.S.&apos;nin erkek arkadaşı olduğu iddia edilen S.A.K. (18) gözaltına alınırken, polisin evde başkalarının da bulunabileceği ihtimali üzerine çalışma başlattığı, gözaltı sayısının artabileceği bildirildi. 
Emniyetteki işlemleri tamamlanan S.A.K. adliyeye sevk edildi. 
Cesedi Adli Tıp Kurumuna gönderilen E.S.&apos;nin kesin ölüm nedeninin incelemeden sonra belli olacağı belirtildi.
</post>
<signature>

</signature>
<external_links>

</external_links>
<country>TR</country>
<main_image></main_image>
</document>
