<?xml version="1.0" encoding="UTF-8"?>
<document>
<type>mainstream</type>
<forum></forum>
<forum_title></forum_title>
<discussion_title>洋品牌童装屡屡曝出问题 童装新国标下月实施-千龙网·中国首都网</discussion_title>
<language>chinese</language>
<gmt_offset></gmt_offset>
<topic_url>http://finance.qianlong.com/2016/0512/601931.shtml</topic_url>
<topic_text>

近期，记者在采访中发现，不少妈妈对“洋品牌”童装很信赖，认为其质量更有保证。然而，由于现在越来越多的服装品牌将生产加工基地分布到各个国家，使得服装质量明显参差不齐。 
很多产品不符合相关规定 
据浙江检验检疫局工作人员介绍，杭州一位消费者在一家跨境电商平台上购买了美国产的迪士尼童装3件套，入境时检测发现，黄色和橘色背心的邻苯二甲酸酯指标超过标准值100倍，不符合国家相关要求。据介绍，邻苯二甲酸酯超标的儿童用品如果被儿童放入口中，会危害人的肝脏和肾脏，也可引起孩子性早熟。 
浙江是国内跨境电商发展最快的地区之一。据浙江检验检疫局统计，去年该局监测线上跨境电子商务商品111批，共抽检出不合格商品71批，不合格率达63.9%；在线下抽样监测340批商品，检出不合格商品27批，不合格率为7.94%。 
据介绍，在去年跨境贸易电子商务进口商品监督抽查工作中，浙江检验检疫局曾抽取6件带有绳带及小附件婴童服装进行检测，检测结果均不符合安全质量标准要求。 
抽检的6个样本搜集于几大电商平台。如采购于美国的儿童连衣裙的腰带长130cm，松弛状态下超出服装底边8cm，不符合ASTMF1816-1997（2009）标准要求；如韩国进口的棒棒糖童装上衣腰部的固定绳带长39cm，松弛状态下超出服装底边22cm；懒鼠乐园的儿童上衣帽檐处的活动绳带长124cm，均不符合我国GB/T22702-2008标准要求。虽然都是些大家不怎么注意的细微之处，但童装类绳带及小附件检测不符合标准，存在严重安全隐患。 
国家监管越来越严 
婴童服装绳带及小附件质量安全问题是欧美等发达国家多年普遍关注、严格监管的重点敏感项目，因婴童服装绳带及小附件不合格造成的窒息死亡事例也有相关报道。但此前我国尚缺乏相关的强制性标准，监管力度薄弱，造成该类质量安全隐患问题较为普遍。不过，从下个月起，这个空白将被填补。 
6月1日起，我国首个针对婴幼儿及儿童纺织产品的强制性国家标准将实施，该标准明确规定婴幼儿及7岁以下儿童服装头颈部不允许存在任何绳带，并且在原有纺织品安全标准的基础上，增加了6种增塑剂和铅、镉两种重金属的限量要求。需要说明的是，该标准实施过渡期为2年，即2016年6月1日前生产并符合相关标准要求的婴童纺织品允许在市场上继续销售至2018年5月31日。 
目前市场上许多童装尤其是女童裙装喜欢设计有绳带的款式，殊不知这会增加孩子日常活动的安全风险，比如过长的裙带容易被电梯、自行车等夹住缠住，造成孩子受伤；或在不经意间绑在某个物体上，导致孩子无法脱身。为增加童装的安全系数，新国标对儿童服装头颈、肩、腰等部位的绳带做出了详细规定。 
按照要求，婴幼儿及7岁以下儿童服装的头颈部位不允许设置任何绳带；7岁以上童装头颈部位的绳带不应有自由端，其他绳带不应有长度超过75毫米的自由端；用于系在腰部的绳带在未系时，长度不应超出服装底边；绳带的自由末端不允许打结或使用立体装饰物。 
消费者黄女士告诉记者，她的宝宝一岁多了，给孩子买衣服主要是两个渠道，一是电商，二是实体店。衣服品牌并不是首选，她更关注衣服的材质、品质以及安全性。黄女士表示，给宝宝选衣服时，一般首先看衣服上是否有厂家的商品名称，产品质量检测等标识，如果没有这些的话，就等于三无产品，安全性没有保障。其次看材质，一般会给宝宝选择纯棉或是彩棉的衣服。第三是看颜色，尽量选择浅色系的衣服，因为相较色彩鲜艳的衣服来说，黄女士认为浅色系的要更安全一些。 
黄女士特别提到，由于衣服上的绳索导致小孩死伤的事件时常见诸报端，所以在给孩子挑衣服时会特别注意衣服上的绳带。她告诉中国妇女报·中华女性网记者记者，她看了几家店铺，发现夏装款式比较简单，基本上都没有绳带，但是去年看冬装时，有不少衣服是带绳索的，她会提醒身边的妈妈不要购买。 
采访中，记者也发现很多家长都不了解儿童服装的相关标准，也很少关注童装标签上的安全技术类别。相比之下，他们往往更关注服装的品牌、款式和价格。 
刘女士通常凭手感来判断衣服的材质和档次，很少看服装标签。她表示，并不知道童装的安全技术分类，“标签上的内容太专业，即使看了也分辨不出来。”还有一些家长在选购童装时过于相信品牌，如赵先生就认为，“有品牌的童装质量就应该有保障，所以选购时通常只看品牌和款式，很少看标签。” 
纺织行业的专家表示，虽然标准规定的内容有点抽象，但家长千万不要不把标准当回事，因为新标准对童装安全性的提升还是很大的，从下个月起，买童装可以看准新标准号“GB31701-2015”。 
新标准按照安全要求的不同，将童装安全技术类别分为A、B、C三类，A类最佳，B类次之，C类是基本要求。婴幼儿纺织产品（即适用于年龄在36个月及以下婴幼儿穿着的）应符合A类要求，直接接触皮肤的儿童纺织产品（适用于3岁以上、14岁及以下儿童）至少应符合B类要求，非直接接触皮肤的儿童纺织产品则至少应符合C类要求。儿童服装应在使用说明上标明A类、B类还是C类，婴幼儿纺织品应在标签上加注“婴幼儿用品”字样。 
对于附件，标准要求婴幼儿纺织产品上不宜使用小于等于3mm的附件，可能被婴幼儿抓起咬住的各类附件抗拉强力应符合一定要求。此外，婴幼儿及儿童纺织产品上的附件不应存在可触及的锐利尖端和锐利边缘。 
贴心叮咛 
</topic_text>
<spam_score>0.00</spam_score>
<post_num>1</post_num>
<post_id>post-1</post_id>
<post_url>http://finance.qianlong.com/2016/0512/601931.shtml</post_url>
<post_date>20160512</post_date>
<post_time></post_time>
<username></username>
<post>

近期，记者在采访中发现，不少妈妈对“洋品牌”童装很信赖，认为其质量更有保证。然而，由于现在越来越多的服装品牌将生产加工基地分布到各个国家，使得服装质量明显参差不齐。 
很多产品不符合相关规定 
据浙江检验检疫局工作人员介绍，杭州一位消费者在一家跨境电商平台上购买了美国产的迪士尼童装3件套，入境时检测发现，黄色和橘色背心的邻苯二甲酸酯指标超过标准值100倍，不符合国家相关要求。据介绍，邻苯二甲酸酯超标的儿童用品如果被儿童放入口中，会危害人的肝脏和肾脏，也可引起孩子性早熟。 
浙江是国内跨境电商发展最快的地区之一。据浙江检验检疫局统计，去年该局监测线上跨境电子商务商品111批，共抽检出不合格商品71批，不合格率达63.9%；在线下抽样监测340批商品，检出不合格商品27批，不合格率为7.94%。 
据介绍，在去年跨境贸易电子商务进口商品监督抽查工作中，浙江检验检疫局曾抽取6件带有绳带及小附件婴童服装进行检测，检测结果均不符合安全质量标准要求。 
抽检的6个样本搜集于几大电商平台。如采购于美国的儿童连衣裙的腰带长130cm，松弛状态下超出服装底边8cm，不符合ASTMF1816-1997（2009）标准要求；如韩国进口的棒棒糖童装上衣腰部的固定绳带长39cm，松弛状态下超出服装底边22cm；懒鼠乐园的儿童上衣帽檐处的活动绳带长124cm，均不符合我国GB/T22702-2008标准要求。虽然都是些大家不怎么注意的细微之处，但童装类绳带及小附件检测不符合标准，存在严重安全隐患。 
国家监管越来越严 
婴童服装绳带及小附件质量安全问题是欧美等发达国家多年普遍关注、严格监管的重点敏感项目，因婴童服装绳带及小附件不合格造成的窒息死亡事例也有相关报道。但此前我国尚缺乏相关的强制性标准，监管力度薄弱，造成该类质量安全隐患问题较为普遍。不过，从下个月起，这个空白将被填补。 
6月1日起，我国首个针对婴幼儿及儿童纺织产品的强制性国家标准将实施，该标准明确规定婴幼儿及7岁以下儿童服装头颈部不允许存在任何绳带，并且在原有纺织品安全标准的基础上，增加了6种增塑剂和铅、镉两种重金属的限量要求。需要说明的是，该标准实施过渡期为2年，即2016年6月1日前生产并符合相关标准要求的婴童纺织品允许在市场上继续销售至2018年5月31日。 
目前市场上许多童装尤其是女童裙装喜欢设计有绳带的款式，殊不知这会增加孩子日常活动的安全风险，比如过长的裙带容易被电梯、自行车等夹住缠住，造成孩子受伤；或在不经意间绑在某个物体上，导致孩子无法脱身。为增加童装的安全系数，新国标对儿童服装头颈、肩、腰等部位的绳带做出了详细规定。 
按照要求，婴幼儿及7岁以下儿童服装的头颈部位不允许设置任何绳带；7岁以上童装头颈部位的绳带不应有自由端，其他绳带不应有长度超过75毫米的自由端；用于系在腰部的绳带在未系时，长度不应超出服装底边；绳带的自由末端不允许打结或使用立体装饰物。 
消费者黄女士告诉记者，她的宝宝一岁多了，给孩子买衣服主要是两个渠道，一是电商，二是实体店。衣服品牌并不是首选，她更关注衣服的材质、品质以及安全性。黄女士表示，给宝宝选衣服时，一般首先看衣服上是否有厂家的商品名称，产品质量检测等标识，如果没有这些的话，就等于三无产品，安全性没有保障。其次看材质，一般会给宝宝选择纯棉或是彩棉的衣服。第三是看颜色，尽量选择浅色系的衣服，因为相较色彩鲜艳的衣服来说，黄女士认为浅色系的要更安全一些。 
黄女士特别提到，由于衣服上的绳索导致小孩死伤的事件时常见诸报端，所以在给孩子挑衣服时会特别注意衣服上的绳带。她告诉中国妇女报·中华女性网记者记者，她看了几家店铺，发现夏装款式比较简单，基本上都没有绳带，但是去年看冬装时，有不少衣服是带绳索的，她会提醒身边的妈妈不要购买。 
采访中，记者也发现很多家长都不了解儿童服装的相关标准，也很少关注童装标签上的安全技术类别。相比之下，他们往往更关注服装的品牌、款式和价格。 
刘女士通常凭手感来判断衣服的材质和档次，很少看服装标签。她表示，并不知道童装的安全技术分类，“标签上的内容太专业，即使看了也分辨不出来。”还有一些家长在选购童装时过于相信品牌，如赵先生就认为，“有品牌的童装质量就应该有保障，所以选购时通常只看品牌和款式，很少看标签。” 
纺织行业的专家表示，虽然标准规定的内容有点抽象，但家长千万不要不把标准当回事，因为新标准对童装安全性的提升还是很大的，从下个月起，买童装可以看准新标准号“GB31701-2015”。 
新标准按照安全要求的不同，将童装安全技术类别分为A、B、C三类，A类最佳，B类次之，C类是基本要求。婴幼儿纺织产品（即适用于年龄在36个月及以下婴幼儿穿着的）应符合A类要求，直接接触皮肤的儿童纺织产品（适用于3岁以上、14岁及以下儿童）至少应符合B类要求，非直接接触皮肤的儿童纺织产品则至少应符合C类要求。儿童服装应在使用说明上标明A类、B类还是C类，婴幼儿纺织品应在标签上加注“婴幼儿用品”字样。 
对于附件，标准要求婴幼儿纺织产品上不宜使用小于等于3mm的附件，可能被婴幼儿抓起咬住的各类附件抗拉强力应符合一定要求。此外，婴幼儿及儿童纺织产品上的附件不应存在可触及的锐利尖端和锐利边缘。 
贴心叮咛 
</post>
<signature>

</signature>
<external_links>

</external_links>
<country>CN</country>
<main_image></main_image>
</document>
