<?xml version="1.0" encoding="UTF-8"?>
<document>
<type>mainstream</type>
<forum></forum>
<forum_title></forum_title>
<discussion_title>Annulments are rare and tricky to get. So why would a McCain heiress in an acrimonious split file for one? | National Post</discussion_title>
<language>english</language>
<gmt_offset></gmt_offset>
<topic_url>http://news.nationalpost.com/toronto/annulments-are-rare-and-tricky-to-get-so-why-would-a-mccain-heiress-in-an-acrimonious-split-file-for-one</topic_url>
<topic_text>
FarkIt 
TORONTO — King Henry VIII resorted to an annulment from Catherine of Aragon, who couldn’t produce a male heir, in 1533 so that he could marry Anne Boleyn. Henry VIII had to go over Pope Clement VII’s head and take control of England’s religious matters to be able to marry again. 
In 2016, a couple applying for annulment doesn’t exactly need to take down the Roman Catholic Church, but it doesn’t make them any less of a rarity. 
Eleanor McCain, an heiress to the McCain Foods empire, filed for an annulment in March from her estranged husband and former Toronto Symphony Orchestra CEO Jeff Melanson. McCain said in her court filing that she was filing for an annulment to “treat the marriage … as if it never existed.” She said Melanson “tricked” her into marrying him and “deliberately misrepresented himself” and accusing him of sexually harassing his employees and having affairs. 
Melanson denied the allegations in a court filing where he accused McCain of running “a smear campaign against him…under the guise of requesting an annulment.” 
If a marriage is annulled in an Ontario court, it is considered to be void — as though it never happened. A couple may be granted an annulment if there was an issue with the ceremony, such as the person performing it not having a license to do so. 
If that’s not the case, a judge will only grant an annulment in five extreme situations. 
A marriage could be found to be void if one of the parties is under 16 years old, if they’re marrying a parent or sibling and if one member of the couple is already married to someone else. Judges may also grant annulments if a couple is unable to consummate the marriage or if there wasn’t proper consent. 
In McCain’s case, her lawyers could argue that she could not have properly consented to the marriage if she didn’t know who Melanson really was. 
Donald Baker, a Toronto-based family lawyer, said that might be a bit of a stretch. 
“It doesn’t work,” said Baker, who isn’t involved in the McCain case. “(Melanson) turned out to be an unpleasant person? He was (allegedly) a customer of the Ashley Madison site? Those are bad things you have to find out before you marry him.” 
Baker has been practicing law for more than 30 years and estimates he’s only done two annulments — a testament to their rarity, he said. 
A judge may only be convinced of an argument similar to McCain’s in radical circumstances, he said. One example would be if a woman thought she was marrying the love of her life but tied the knot with his twin brother instead. And a person would have to file for an annulment rather early on to help the argument stick. 
McCain and Melanson were married for about nine months before separating. 
“It sounds to me as if she might be too little too late,” Baker said. 
Carolyn Chambers, a Toronto-based family lawyer, agrees. 
“It’s a bit of a stretch,” said Chambers, who isn’t involved in the McCain case. 
Chambers said her clients often ask about annulments, thinking that they’d prefer the option over divorce, but none of them understand what it takes to convince a judge to grant one. 
“I have people ask all the time and I’ve never done one,” she said. “None of them have met the criteria to qualify for an annulment.” 
Her clients are usually interested in annulments because they don’t want to rack up divorces. 
“Most people don’t want to check off the divorce spot,” Chambers said. “It’s a mental block.” Related TSO boss resigns amid sexual harassment allegations from his estranged wife 
In divorces, the party with the lower net worth could be entitled to half of the couple’s property — anything from homes, cars and bank accounts. 
Melanson stands to earn $5 million if the couple is divorced, according to a second McCain court filing. McCain Foods co-founder Wallace McCain infamously threatened his children with losing their inheritances if they did not sign contracts that would stop the family fortune from being divided in case of divorce. 
But in 2013, when Eleanor’s brother Michael was divorced, an Ontario judge scrapped a marriage contract that waived his ex-wife’s rights to any spousal support or equalization of family property. Michael, who was said to have a net worth of $500 million, was ordered to pay $175,000 per month in interim spousal support. 
An annulment could stop the past from repeating itself. 
“If you’re married, property accumulated from date of marriage to date of separation is more or less up for division,” Chambers said. “If you were never married that property wouldn’t be divided in the same way.” 
Melanson has no choice but to fight against the annulment in court and propose a divorce instead, Baker said. If not, he’s agreeing that all the allegations McCain made about him are true. 
“If you paint him as a terrible person and if that qualified for an annulment then he wouldn’t be too happy about that,” Baker said. “That’s a terrible slur on his character.” 
McCain and Melanson are expected to appear in family court again next week for a case conference, a hearing intended to help the two sides settle their case. 
</topic_text>
<spam_score>0.00</spam_score>
<post_num>1</post_num>
<post_id>post-1</post_id>
<post_url>http://news.nationalpost.com/toronto/annulments-are-rare-and-tricky-to-get-so-why-would-a-mccain-heiress-in-an-acrimonious-split-file-for-one</post_url>
<post_date>20160512</post_date>
<post_time></post_time>
<username>Victor Ferreira</username>
<post>
FarkIt 
TORONTO — King Henry VIII resorted to an annulment from Catherine of Aragon, who couldn’t produce a male heir, in 1533 so that he could marry Anne Boleyn. Henry VIII had to go over Pope Clement VII’s head and take control of England’s religious matters to be able to marry again. 
In 2016, a couple applying for annulment doesn’t exactly need to take down the Roman Catholic Church, but it doesn’t make them any less of a rarity. 
Eleanor McCain, an heiress to the McCain Foods empire, filed for an annulment in March from her estranged husband and former Toronto Symphony Orchestra CEO Jeff Melanson. McCain said in her court filing that she was filing for an annulment to “treat the marriage … as if it never existed.” She said Melanson “tricked” her into marrying him and “deliberately misrepresented himself” and accusing him of sexually harassing his employees and having affairs. 
Melanson denied the allegations in a court filing where he accused McCain of running “a smear campaign against him…under the guise of requesting an annulment.” 
If a marriage is annulled in an Ontario court, it is considered to be void — as though it never happened. A couple may be granted an annulment if there was an issue with the ceremony, such as the person performing it not having a license to do so. 
If that’s not the case, a judge will only grant an annulment in five extreme situations. 
A marriage could be found to be void if one of the parties is under 16 years old, if they’re marrying a parent or sibling and if one member of the couple is already married to someone else. Judges may also grant annulments if a couple is unable to consummate the marriage or if there wasn’t proper consent. 
In McCain’s case, her lawyers could argue that she could not have properly consented to the marriage if she didn’t know who Melanson really was. 
Donald Baker, a Toronto-based family lawyer, said that might be a bit of a stretch. 
“It doesn’t work,” said Baker, who isn’t involved in the McCain case. “(Melanson) turned out to be an unpleasant person? He was (allegedly) a customer of the Ashley Madison site? Those are bad things you have to find out before you marry him.” 
Baker has been practicing law for more than 30 years and estimates he’s only done two annulments — a testament to their rarity, he said. 
A judge may only be convinced of an argument similar to McCain’s in radical circumstances, he said. One example would be if a woman thought she was marrying the love of her life but tied the knot with his twin brother instead. And a person would have to file for an annulment rather early on to help the argument stick. 
McCain and Melanson were married for about nine months before separating. 
“It sounds to me as if she might be too little too late,” Baker said. 
Carolyn Chambers, a Toronto-based family lawyer, agrees. 
“It’s a bit of a stretch,” said Chambers, who isn’t involved in the McCain case. 
Chambers said her clients often ask about annulments, thinking that they’d prefer the option over divorce, but none of them understand what it takes to convince a judge to grant one. 
“I have people ask all the time and I’ve never done one,” she said. “None of them have met the criteria to qualify for an annulment.” 
Her clients are usually interested in annulments because they don’t want to rack up divorces. 
“Most people don’t want to check off the divorce spot,” Chambers said. “It’s a mental block.” Related TSO boss resigns amid sexual harassment allegations from his estranged wife 
In divorces, the party with the lower net worth could be entitled to half of the couple’s property — anything from homes, cars and bank accounts. 
Melanson stands to earn $5 million if the couple is divorced, according to a second McCain court filing. McCain Foods co-founder Wallace McCain infamously threatened his children with losing their inheritances if they did not sign contracts that would stop the family fortune from being divided in case of divorce. 
But in 2013, when Eleanor’s brother Michael was divorced, an Ontario judge scrapped a marriage contract that waived his ex-wife’s rights to any spousal support or equalization of family property. Michael, who was said to have a net worth of $500 million, was ordered to pay $175,000 per month in interim spousal support. 
An annulment could stop the past from repeating itself. 
“If you’re married, property accumulated from date of marriage to date of separation is more or less up for division,” Chambers said. “If you were never married that property wouldn’t be divided in the same way.” 
Melanson has no choice but to fight against the annulment in court and propose a divorce instead, Baker said. If not, he’s agreeing that all the allegations McCain made about him are true. 
“If you paint him as a terrible person and if that qualified for an annulment then he wouldn’t be too happy about that,” Baker said. “That’s a terrible slur on his character.” 
McCain and Melanson are expected to appear in family court again next week for a case conference, a hearing intended to help the two sides settle their case. 
</post>
<signature>

</signature>
<external_links>

</external_links>
<country>US</country>
<main_image>http://wpmedia.news.nationalpost.com/2016/03/tso-1.jpg?quality=65&amp;#038;strip=all</main_image>
</document>
