<?xml version="1.0" encoding="UTF-8"?>
<document>
<type>mainstream</type>
<forum>http://laverdad.es//murcia/rss/2.0?seccion=ciudad-murcia</forum>
<forum_title>RSS de noticias de ciudad-murcia</forum_title>
<discussion_title>Coello: «La voluntad del Ayuntamiento es aumentar las instalaciones deportivas»</discussion_title>
<language>spanish</language>
<gmt_offset></gmt_offset>
<topic_url>http://www.laverdad.es/murcia/ciudad-murcia/201605/12/coello-voluntad-ayuntamiento-aumentar-20160512174254.html</topic_url>
<topic_text>
99 
El concejal de Deportes y Salud del Ayuntamiento de Murcia, Felipe Coello, declaró este jueves que &quot;la voluntad del Consistorio en los últimos 20 aos ha sido aumentar las instalaciones municipales en Murcia, facilitando así y promoviendo la práctica de deportes&quot;. 
Así lo manifestó Coello, quien además indic que, desde el Ayuntamiento, &quot;apostamos por la transparencia y la priorización de espacios para que todos los murcianos tengan acceso a los equipamientos deportivos&quot;, según informaron fuentes del Consistorio en un comunicado. 
El titular de Deportes subrayó la evolución que experimentó la situación en Murcia entre los a 
Así, recordó el edil, que en los ltimos 20 años, &quot;se han realizado casi 2.000 eventos deportivos de primer nivel y se han creado más de 825 puestos de trabajo&quot;. 
Entre los eventos deportivos realizados, se encuentran, las Jornadas Olímpicas de la Juventud Europea, en el año 2001; el I Torneo Internacional de Rugby en 2012; el I Torneo internacional Futsal SUR Murcia en 2012; el I Torneo del circuito profesional World Padel Tour &apos;Murcia Internacional Open&apos; en 2013; el I Seminario Internacional de Aikido en 2014, y el I Torneo Internacional de Baloncesto femenino Under 19 en 2015, entre otros. 
En cuanto a las Escuelas deportivas municipales, en el año 1995 se contó con 24, ascendiendo 171 escuelas en la actualidad, con 9.864 alumnos, según señaló Coello, quien también destacó que &quot;la actividad de fúños y jóvenes&quot;. 
En cuanto a la red de instalaciones deportivas, el Ayuntamiento de Murcia pasóño 1995 a 423 en la actualidad, cuenta con un total de 1.125 706, 64 m². 
ñaló que el presupuesto de gasto corriente para 1995 fue de 6.809.000 euros, mientras que en 2016 es de 13.672.153 euros. 
En relación a la Comisión de Investigación de Instalaciones deportivas municipales, creadas segúón presentada por Ciudadanos, el concejal manifestó
</topic_text>
<spam_score>0.00</spam_score>
<post_num>1</post_num>
<post_id>post-1</post_id>
<post_url>http://www.laverdad.es/murcia/ciudad-murcia/201605/12/coello-voluntad-ayuntamiento-aumentar-20160512174254.html</post_url>
<post_date>20160512</post_date>
<post_time>1558</post_time>
<username></username>
<post>
99 
El concejal de Deportes y Salud del Ayuntamiento de Murcia, Felipe Coello, declaró este jueves que &quot;la voluntad del Consistorio en los últimos 20 aos ha sido aumentar las instalaciones municipales en Murcia, facilitando así y promoviendo la práctica de deportes&quot;. 
Así lo manifestó Coello, quien además indic que, desde el Ayuntamiento, &quot;apostamos por la transparencia y la priorización de espacios para que todos los murcianos tengan acceso a los equipamientos deportivos&quot;, según informaron fuentes del Consistorio en un comunicado. 
El titular de Deportes subrayó la evolución que experimentó la situación en Murcia entre los a 
Así, recordó el edil, que en los ltimos 20 años, &quot;se han realizado casi 2.000 eventos deportivos de primer nivel y se han creado más de 825 puestos de trabajo&quot;. 
Entre los eventos deportivos realizados, se encuentran, las Jornadas Olímpicas de la Juventud Europea, en el año 2001; el I Torneo Internacional de Rugby en 2012; el I Torneo internacional Futsal SUR Murcia en 2012; el I Torneo del circuito profesional World Padel Tour &apos;Murcia Internacional Open&apos; en 2013; el I Seminario Internacional de Aikido en 2014, y el I Torneo Internacional de Baloncesto femenino Under 19 en 2015, entre otros. 
En cuanto a las Escuelas deportivas municipales, en el año 1995 se contó con 24, ascendiendo 171 escuelas en la actualidad, con 9.864 alumnos, según señaló Coello, quien también destacó que &quot;la actividad de fúños y jóvenes&quot;. 
En cuanto a la red de instalaciones deportivas, el Ayuntamiento de Murcia pasóño 1995 a 423 en la actualidad, cuenta con un total de 1.125 706, 64 m². 
ñaló que el presupuesto de gasto corriente para 1995 fue de 6.809.000 euros, mientras que en 2016 es de 13.672.153 euros. 
En relación a la Comisión de Investigación de Instalaciones deportivas municipales, creadas segúón presentada por Ciudadanos, el concejal manifestó
</post>
<signature>

</signature>
<external_links>

</external_links>
<country>ES</country>
<main_image>http://www.laverdad.es/img/2014/logoC-200.png</main_image>
</document>
