<?xml version="1.0" encoding="UTF-8"?>
<document>
<type>mainstream</type>
<forum></forum>
<forum_title></forum_title>
<discussion_title>Union &amp; Actions - 147 - 21 - Le premier prix de l&apos;employeur liégeois / 147 - 13-05-2016 / 2016 / Edition du journal / Accueil U&amp;A / PlateForme</discussion_title>
<language>french</language>
<gmt_offset></gmt_offset>
<topic_url>http://www.unionetactions.be/Edition-du-journal/2016/147-13-05-2016/Le-premier-prix-de-l-employeur-liegeois</topic_url>
<topic_text>
Le premier prix de l&apos;employeur liégeois Tentez votre chance ! 
employeurucm2016.be Le Secrétariat social de l&apos;UCM Liège met à l&apos;honneur les entrepreneurs employeurs en organisant un concours. Les candidatures sont désormais ouvertes. Pas moins de sept prix sont à remporter. 
En novembre prochain, le Secrétariat social de l&apos;UCM Liège célébrera un anniversaire important : cela fera septante ans en effet qu&apos;il accompagne les entreprises dans la gestion de leur personnel. Pour l&apos;occasion, il a décidé de mettre en avant les talents des employeurs de la province, par le biais d&apos;un concours. 
Ce premier prix de l&apos;employeur liégeois UCM a été lancé officiellement le 19 avril à l&apos;Archéoforum de Liège, en présence notamment de Salvatore Curaba, élu Meilleur employeur belge en 2016, et d&apos;Anne Dimmers, lauréate du Grand prix wallon de l&apos;entrepreneuriat, catégorie femmes entrepreneures, en 2014. 
Les candidats ont jusqu&apos;au 31 août pour s&apos;inscrire via un formulaire en ligne sur employeurucm2016.be . Qu&apos;il s&apos;agisse de dirigeants d&apos;asbl, de chefs de PME, de TPE ou encore de patrons de grande entreprise, chacun peut tenter sa chance. Et il n&apos;y aura pas un seul élu, mais bien sept ! Seront décernés : le prix économique, les prix du rayonnement local, de l&apos;engagement, de l&apos;innovation technologique, de l&apos;exportation, de la créativité artistique, et enfin un prix &quot;ouvert&quot;. 
Neuf personnalités attachées de près ou de loin à Liège et à l&apos;entrepreneuriat composent le jury, présidé par la députée wallonne Marie-Dominique Simonet (CDH). Ces neuf jurés interviendront pour 45 % dans la décision finale, les 55 % restants étant réservés à l&apos;appréciation du public. Les votes en ligne seront accessibles sur le site internet du 1 er septembre au 31 octobre. Les sept heureux élus seront connus en novembre lors de la grande soirée anniversaire du Secrétariat social de l&apos;UCM Liège. 
Z&apos;ont dit De Nicolas Baygert, 
professeur de communication (ULB et Ihecs) : &quot;En Belgique, la famille royale est restée à la communication de type boîte Delacre.&quot; (La Dernière Heure, 06/05/16) LES PLUS LUS / TOP 10 
</topic_text>
<spam_score>0.00</spam_score>
<post_num>1</post_num>
<post_id>post-1</post_id>
<post_url>http://www.unionetactions.be/Edition-du-journal/2016/147-13-05-2016/Le-premier-prix-de-l-employeur-liegeois</post_url>
<post_date>20140417</post_date>
<post_time></post_time>
<username></username>
<post>
Le premier prix de l&apos;employeur liégeois Tentez votre chance ! 
employeurucm2016.be Le Secrétariat social de l&apos;UCM Liège met à l&apos;honneur les entrepreneurs employeurs en organisant un concours. Les candidatures sont désormais ouvertes. Pas moins de sept prix sont à remporter. 
En novembre prochain, le Secrétariat social de l&apos;UCM Liège célébrera un anniversaire important : cela fera septante ans en effet qu&apos;il accompagne les entreprises dans la gestion de leur personnel. Pour l&apos;occasion, il a décidé de mettre en avant les talents des employeurs de la province, par le biais d&apos;un concours. 
Ce premier prix de l&apos;employeur liégeois UCM a été lancé officiellement le 19 avril à l&apos;Archéoforum de Liège, en présence notamment de Salvatore Curaba, élu Meilleur employeur belge en 2016, et d&apos;Anne Dimmers, lauréate du Grand prix wallon de l&apos;entrepreneuriat, catégorie femmes entrepreneures, en 2014. 
Les candidats ont jusqu&apos;au 31 août pour s&apos;inscrire via un formulaire en ligne sur employeurucm2016.be . Qu&apos;il s&apos;agisse de dirigeants d&apos;asbl, de chefs de PME, de TPE ou encore de patrons de grande entreprise, chacun peut tenter sa chance. Et il n&apos;y aura pas un seul élu, mais bien sept ! Seront décernés : le prix économique, les prix du rayonnement local, de l&apos;engagement, de l&apos;innovation technologique, de l&apos;exportation, de la créativité artistique, et enfin un prix &quot;ouvert&quot;. 
Neuf personnalités attachées de près ou de loin à Liège et à l&apos;entrepreneuriat composent le jury, présidé par la députée wallonne Marie-Dominique Simonet (CDH). Ces neuf jurés interviendront pour 45 % dans la décision finale, les 55 % restants étant réservés à l&apos;appréciation du public. Les votes en ligne seront accessibles sur le site internet du 1 er septembre au 31 octobre. Les sept heureux élus seront connus en novembre lors de la grande soirée anniversaire du Secrétariat social de l&apos;UCM Liège. 
Z&apos;ont dit De Nicolas Baygert, 
professeur de communication (ULB et Ihecs) : &quot;En Belgique, la famille royale est restée à la communication de type boîte Delacre.&quot; (La Dernière Heure, 06/05/16) LES PLUS LUS / TOP 10 
</post>
<signature>

</signature>
<external_links>

</external_links>
<country>BE</country>
<main_image>http://www.unionetactions.be/extension/ucm/design/common/images/logo-unionetactions-og-image-20140417.jpg</main_image>
</document>
