<?xml version="1.0" encoding="UTF-8"?>
<document>
<type>mainstream</type>
<forum>http://www.monitor.hr/rss</forum>
<forum_title>Monitor.hr</forum_title>
<discussion_title>Globalno tržište za primjenu bespilotnih letjelica vrijedi 127 milijardi dolara</discussion_title>
<language>croatian</language>
<gmt_offset></gmt_offset>
<topic_url>http://www.monitor.hr/vijesti/globalno-trziste-za-primjenu-bespilotnih-letjelica-vrijedi-127-milijardi-dolara/333567/</topic_url>
<topic_text>
Rastuća tehnologija Globalno tržište za primjenu bespilotnih letjelica vrijedi 127 milijardi dolara Razvoj bespilotnih letjelica utječe na promjenu svih gospodarskih sektora od poljoprivrede do filmske industrije. Novo istraživanje konzultantske kuće PwC o komercijalnim primjenama tehnologije bespilotnih letjelica pokazalo je da procijenjena vrijednost novog globalnog tržišta za poslovne usluge u kojima se upotrebljavaju bespilotne letjelice iznosi više od 127 milijardi dolara. » Index , Air Traffic Management Povezane vijesti
</topic_text>
<spam_score>0.00</spam_score>
<post_num>1</post_num>
<post_id>post-1</post_id>
<post_url>http://www.monitor.hr/vijesti/globalno-trziste-za-primjenu-bespilotnih-letjelica-vrijedi-127-milijardi-dolara/333567/</post_url>
<post_date>20160512</post_date>
<post_time>1631</post_time>
<username></username>
<post>
Rastuća tehnologija Globalno tržište za primjenu bespilotnih letjelica vrijedi 127 milijardi dolara Razvoj bespilotnih letjelica utječe na promjenu svih gospodarskih sektora od poljoprivrede do filmske industrije. Novo istraživanje konzultantske kuće PwC o komercijalnim primjenama tehnologije bespilotnih letjelica pokazalo je da procijenjena vrijednost novog globalnog tržišta za poslovne usluge u kojima se upotrebljavaju bespilotne letjelice iznosi više od 127 milijardi dolara. » Index , Air Traffic Management Povezane vijesti
</post>
<signature>

</signature>
<external_links>

</external_links>
<country>HR</country>
<main_image>http://www.monitor.hr/date/2016/05/12/drones20160512001.jpg</main_image>
</document>
