<?xml version="1.0" encoding="UTF-8"?>
<document>
<type>mainstream</type>
<forum></forum>
<forum_title></forum_title>
<discussion_title>2 Dominant Tech Stocks for Long-Term Investors -</discussion_title>
<language>english</language>
<gmt_offset></gmt_offset>
<topic_url>http://fxdailyreport.com/2-dominant-tech-stocks-long-term-investors/</topic_url>
<topic_text>
Facebook 

Investors’ affinity with tech stocks often leads to high returns and profits. Fast-growth stocks often see their growth fade over time, but two stocks have positioned themselves perfectly for long-term success. stock chart Expedia (EXPE) 
Expedia is a dominant force in the online travel industry. Considered an online travel agency, the company controls 75% of the US market and 10% of the global market. The company’s large portfolio has allowed it to overpower Priceline (PCLN) in growth. 
The company also recently purchased Homeaway, an Airbnb competitor, for $3.9 billion. 
Revenue growth for the company grew 38.7% in Q1, and gross bookings rose 32% annually last quarter. The company also recently closed its deal to acquire Orbitz. Analysts forecast the company’s growth to be 26% annually over the next 5 years. 
The stock is still a cheap buy in terms of P/E being just 25. Amazon (AMZN) 
Amazon may be becoming too big, according to several companies. The company posted over $1 billion in business sales, and the value of the enterprise has swelled to $300 billion. A high P/E ratio of 280 is normally outrageous for any investor, but Amazon seems to do everything right as a company. 
Social Capitals’s, Chamath Palihapitiya believes that Amazon’s value can reach $3 trillion in the next decade. 
The company’s expansion of Amazon Web Services, a cloud platform, allows it to enter into the IT sector. Amazon controls the retail sector, but the company has also forayed into the video streaming and tablets markets. It also owns several big-named stores, including Zappos, Audible, Woot, Diapers.com and numerous other entities. 
Revenues of $107 billion in 2015 show the company is continuing to grow rapidly. The following two tabs change content below. Latest Posts Ben Myers With over 20 years’ experience in the heart of the investment industry, Ben Myers has become one of the most respected commentators in the financial world. Having worked for global institutions such as HSBC and Bank of Ireland, Ben remains a keen forex and binary options trader and is a regular featured analyst for a number of online news portals iand was responsible for YesOption winning the Best Technical Analysis Award 2014 from DailyForex.com. Latest posts by Ben Myers ( see all ) 
</topic_text>
<spam_score>0.00</spam_score>
<post_num>1</post_num>
<post_id>post-1</post_id>
<post_url>http://fxdailyreport.com/2-dominant-tech-stocks-long-term-investors/</post_url>
<post_date>20160512</post_date>
<post_time></post_time>
<username>Ben Myers</username>
<post>
Facebook 

Investors’ affinity with tech stocks often leads to high returns and profits. Fast-growth stocks often see their growth fade over time, but two stocks have positioned themselves perfectly for long-term success. stock chart Expedia (EXPE) 
Expedia is a dominant force in the online travel industry. Considered an online travel agency, the company controls 75% of the US market and 10% of the global market. The company’s large portfolio has allowed it to overpower Priceline (PCLN) in growth. 
The company also recently purchased Homeaway, an Airbnb competitor, for $3.9 billion. 
Revenue growth for the company grew 38.7% in Q1, and gross bookings rose 32% annually last quarter. The company also recently closed its deal to acquire Orbitz. Analysts forecast the company’s growth to be 26% annually over the next 5 years. 
The stock is still a cheap buy in terms of P/E being just 25. Amazon (AMZN) 
Amazon may be becoming too big, according to several companies. The company posted over $1 billion in business sales, and the value of the enterprise has swelled to $300 billion. A high P/E ratio of 280 is normally outrageous for any investor, but Amazon seems to do everything right as a company. 
Social Capitals’s, Chamath Palihapitiya believes that Amazon’s value can reach $3 trillion in the next decade. 
The company’s expansion of Amazon Web Services, a cloud platform, allows it to enter into the IT sector. Amazon controls the retail sector, but the company has also forayed into the video streaming and tablets markets. It also owns several big-named stores, including Zappos, Audible, Woot, Diapers.com and numerous other entities. 
Revenues of $107 billion in 2015 show the company is continuing to grow rapidly. The following two tabs change content below. Latest Posts Ben Myers With over 20 years’ experience in the heart of the investment industry, Ben Myers has become one of the most respected commentators in the financial world. Having worked for global institutions such as HSBC and Bank of Ireland, Ben remains a keen forex and binary options trader and is a regular featured analyst for a number of online news portals iand was responsible for YesOption winning the Best Technical Analysis Award 2014 from DailyForex.com. Latest posts by Ben Myers ( see all ) 
</post>
<signature>

</signature>
<external_links>

</external_links>
<country>US</country>
<main_image>http://fxdailyreport.com/wp-content/uploads/2016/05/iStock_000057582488_Medium.jpg</main_image>
</document>
