<?xml version="1.0" encoding="UTF-8"?>
<document>
<type>mainstream</type>
<forum></forum>
<forum_title></forum_title>
<discussion_title>UGT y CC.OO entran en campaña y apoyan que PSPV, Podemos y Compromís concurran juntos el 26-J</discussion_title>
<language>spanish</language>
<gmt_offset></gmt_offset>
<topic_url>http://www.abc.es/espana/comunidad-valenciana/abci-y-ccoo-entran-campana-y-apoyan-pspv-podemos-y-compromis-concurran-juntos-26-j-201605121746_noticia.html</topic_url>
<topic_text>
ELECCIONES GENERALES UGT y CC.OO entran en campaña y apoyan que PSPV, Podemos y Compromís concurran juntos el 26-J Los sindicatos reclaman un grupo valenciano propio en el Senado Imagen de la manifestación del Primero de Mayo en Valencia - EFE ABC - @ABC_CValenciana Valencia - 12/05/2016 a las 17:46:49h. - Act. a las 17:48:14h. 
Las centrales sindicales entran en campaña. Los sindicatos UGT y CCOO han mostrado su respaldo a la formación de un grupo valenciano en el Senado al considerar que es necesaria &quot;una voz potente que represente y defienda los intereses del pueblo valenciano&quot;. 
Asimismo, ambas centrales, en un comunicado, han abogado por impulsar una reforma de esta Cámara que se ha convertido en un &quot;cementerio de elefantes&quot; y han mostrado su preocupación ante la emergencia social que supone el incremento de la desigualdad y la pobreza, que, unido a la pérdida de derechos laborales, han dejado en una situación de vulnerabilidad a una parte significativa de la población . 
Advierten de la necesidad de atender esta realidad desde unas instituciones políticas que llevan ya demasiado tiempo en interinidad y subrayan la infrafinanciación de la Comunitat que dificulta al Gobierno valenciano garantizar la calidad de los servicios públicos y mejorar la atención social. 
Instan, por tanto, a los partidos a que defienden los intereses de la mayoría trabajadora a hacer un frente común que permita la reversión de los recortes y la financiación de las políticas sociales. &quot;Y eso solo será posible si conseguimos que la Cámara Alta no bloquee cualquier proyecto que vaya en este sentido&quot;, han indicado. 
UGT y CCOO abogan también por la reforma del Senado para que sea una &quot;verdadera&quot; cámara de representación territorial ya que &quot;actualmente es una institución denostada, porque no se considera útil. Sin embargo, la ciudadanía aspira a que esté al servicio de los intereses de la mayoría social y a que no sea un lugar de retiro de la clase política&quot;, han manifestado. 
</topic_text>
<spam_score>0.00</spam_score>
<post_num>1</post_num>
<post_id>post-1</post_id>
<post_url>http://www.abc.es/espana/comunidad-valenciana/abci-y-ccoo-entran-campana-y-apoyan-pspv-podemos-y-compromis-concurran-juntos-26-j-201605121746_noticia.html</post_url>
<post_date>20160512</post_date>
<post_time></post_time>
<username></username>
<post>
ELECCIONES GENERALES UGT y CC.OO entran en campaña y apoyan que PSPV, Podemos y Compromís concurran juntos el 26-J Los sindicatos reclaman un grupo valenciano propio en el Senado Imagen de la manifestación del Primero de Mayo en Valencia - EFE ABC - @ABC_CValenciana Valencia - 12/05/2016 a las 17:46:49h. - Act. a las 17:48:14h. 
Las centrales sindicales entran en campaña. Los sindicatos UGT y CCOO han mostrado su respaldo a la formación de un grupo valenciano en el Senado al considerar que es necesaria &quot;una voz potente que represente y defienda los intereses del pueblo valenciano&quot;. 
Asimismo, ambas centrales, en un comunicado, han abogado por impulsar una reforma de esta Cámara que se ha convertido en un &quot;cementerio de elefantes&quot; y han mostrado su preocupación ante la emergencia social que supone el incremento de la desigualdad y la pobreza, que, unido a la pérdida de derechos laborales, han dejado en una situación de vulnerabilidad a una parte significativa de la población . 
Advierten de la necesidad de atender esta realidad desde unas instituciones políticas que llevan ya demasiado tiempo en interinidad y subrayan la infrafinanciación de la Comunitat que dificulta al Gobierno valenciano garantizar la calidad de los servicios públicos y mejorar la atención social. 
Instan, por tanto, a los partidos a que defienden los intereses de la mayoría trabajadora a hacer un frente común que permita la reversión de los recortes y la financiación de las políticas sociales. &quot;Y eso solo será posible si conseguimos que la Cámara Alta no bloquee cualquier proyecto que vaya en este sentido&quot;, han indicado. 
UGT y CCOO abogan también por la reforma del Senado para que sea una &quot;verdadera&quot; cámara de representación territorial ya que &quot;actualmente es una institución denostada, porque no se considera útil. Sin embargo, la ciudadanía aspira a que esté al servicio de los intereses de la mayoría social y a que no sea un lugar de retiro de la clase política&quot;, han manifestado. 
</post>
<signature>

</signature>
<external_links>

</external_links>
<country>ES</country>
<main_image>http://www.abc.es/media/espana/2016/05/12/1PRIMERO--620x349.jpg</main_image>
</document>
