<?xml version="1.0" encoding="UTF-8"?>
<document>
<type>mainstream</type>
<forum></forum>
<forum_title></forum_title>
<discussion_title>天津保稅港區今年吸引簽約註冊資金達160億元 - 中時電子報</discussion_title>
<language>chineset</language>
<gmt_offset></gmt_offset>
<topic_url>http://www.chinatimes.com/realtimenews/20160512006570-260409</topic_url>
<topic_text>

天津保稅港區今年以來已經吸引68個大型專案進駐，簽約專案涉及註冊資金160億元人民幣，光是第1季進駐的新專案數量就達到361個，預計GDP完成373億元，年增率13％。 
(工商即時) 
</topic_text>
<spam_score>0.00</spam_score>
<post_num>1</post_num>
<post_id>post-1</post_id>
<post_url>http://www.chinatimes.com/realtimenews/20160512006570-260409</post_url>
<post_date>20160512</post_date>
<post_time></post_time>
<username></username>
<post>

天津保稅港區今年以來已經吸引68個大型專案進駐，簽約專案涉及註冊資金160億元人民幣，光是第1季進駐的新專案數量就達到361個，預計GDP完成373億元，年增率13％。 
(工商即時) 
</post>
<signature>

</signature>
<external_links>

</external_links>
<country>TW</country>
<main_image>http://img.chinatimes.com/newsphoto/2015-06-18/Clipping/20150618003774_635702388922454097.jpg</main_image>
</document>
