<?xml version="1.0" encoding="UTF-8"?>
<document>
<type>mainstream</type>
<forum>http://thebricspost.com/feed/rss</forum>
<forum_title>The BRICS Post</forum_title>
<discussion_title>ISIL claims deadly Baghdad bombings</discussion_title>
<language>english</language>
<gmt_offset></gmt_offset>
<topic_url>http://thebricspost.com/isil-claims-deadly-baghdad-bombings/</topic_url>
<topic_text>
  ISIL claims deadly Baghdad bombings May 11, 2016, 9:52 pm At least 100 people were killed in the attacks on May 11, 2016 [Xinhua] The Islamic State in Iraq and the Levant (ISIL, or ISIS) has claimed responsibility for three bomb attacks in Shia and Sunni neighborhoods in the capital Baghdad Wednesday.
At least 100 people, mostly civilians were killed in car bomb and suicide attacks in Sadr City, Jamia District, and Khadhmiya. 
Witnesses said the streets ran red with blood among destroyed cars and shops as medical crews collected body parts for burial. 
The devastating attacks come as the Iraqi government appears locked down in political infighting. 
In late April, supporters of cleric Muqtada Sadr stormed parliament in the Green Zone and demanded corrupt politicians be ousted. 
They demanded that a new cabinet be formed primarily with the task of tackling corruption and providing basic services to the populace. It must be non-sectarian, they say, and be comprised of technocrats who can rebuild the country. 
However, Iraqi legislators have so far been unable to agree to such a cabinet leaving the government in virtual deadlock. 
Amid calls for his resignation from different political factions, including leading Shia pundits, Prime Minister Haide Abadi has been unable to bridge the divide. 
Sadr supporters say if he cannot put together a new cabinet they will call for his ouster, too. 
Meanwhile, the Iraqi military has come under national and international pressure to lift the siege of the mostly Sunni city of Fallujah, occupied by ISIL forces. 
For weeks, humanitarian organizations have decried the death of women and children due to starvation and lack of medical treatment as the Iraqi army besieges the city and shells ISIL positions. 
A number of Iraqi parliamentarians are urging Abadi to force the military to end the siege and allow emergency food and medicines to starving families. The BRICS Post with inputs from Agencies. Leave a Reply Your email address will not be published. Required fields are marked * Comment
</topic_text>
<spam_score>0.00</spam_score>
<post_num>1</post_num>
<post_id>post-1</post_id>
<post_url>http://thebricspost.com/isil-claims-deadly-baghdad-bombings/</post_url>
<post_date>20160511</post_date>
<post_time>2152</post_time>
<username>Editor</username>
<post>
  ISIL claims deadly Baghdad bombings May 11, 2016, 9:52 pm At least 100 people were killed in the attacks on May 11, 2016 [Xinhua] The Islamic State in Iraq and the Levant (ISIL, or ISIS) has claimed responsibility for three bomb attacks in Shia and Sunni neighborhoods in the capital Baghdad Wednesday.
At least 100 people, mostly civilians were killed in car bomb and suicide attacks in Sadr City, Jamia District, and Khadhmiya. 
Witnesses said the streets ran red with blood among destroyed cars and shops as medical crews collected body parts for burial. 
The devastating attacks come as the Iraqi government appears locked down in political infighting. 
In late April, supporters of cleric Muqtada Sadr stormed parliament in the Green Zone and demanded corrupt politicians be ousted. 
They demanded that a new cabinet be formed primarily with the task of tackling corruption and providing basic services to the populace. It must be non-sectarian, they say, and be comprised of technocrats who can rebuild the country. 
However, Iraqi legislators have so far been unable to agree to such a cabinet leaving the government in virtual deadlock. 
Amid calls for his resignation from different political factions, including leading Shia pundits, Prime Minister Haide Abadi has been unable to bridge the divide. 
Sadr supporters say if he cannot put together a new cabinet they will call for his ouster, too. 
Meanwhile, the Iraqi military has come under national and international pressure to lift the siege of the mostly Sunni city of Fallujah, occupied by ISIL forces. 
For weeks, humanitarian organizations have decried the death of women and children due to starvation and lack of medical treatment as the Iraqi army besieges the city and shells ISIL positions. 
A number of Iraqi parliamentarians are urging Abadi to force the military to end the siege and allow emergency food and medicines to starving families. The BRICS Post with inputs from Agencies. Leave a Reply Your email address will not be published. Required fields are marked * Comment
</post>
<signature>

</signature>
<external_links>

</external_links>
<country>CA</country>
<main_image>http://thebricspost.com/wp-content/uploads/2016/05/254140794_8-e1463003480292.jpg</main_image>
</document>
