<?xml version="1.0" encoding="UTF-8"?>
<document>
<type>mainstream</type>
<forum></forum>
<forum_title></forum_title>
<discussion_title>M145 - Nuclear Power Motion : MHOC</discussion_title>
<language>english</language>
<gmt_offset></gmt_offset>
<topic_url>https://www.reddit.com/r/MHOC/comments/4j16q4/m145_nuclear_power_motion/</topic_url>
<topic_text>
by TheQuipton The Rt Hon. Earl of Lewisham MEP AL PC KOT 
Nuclear Power Motion 
A motion to increase the use of Nuclear energy as a means of combating climate change. 
This House Recognises: 
That the UK is committed to meeting its international obligations in cutting greenhouse gas emissions. 
That while Nuclear fission power is not a renewable source of power, it is a first step towards clean energy, in the form of low carbon power. 
That Nuclear power is an effective way of reducing our reliance on high carbon power as we transition towards a renewable energy focus. 
That Nuclear fission power makes up over 75% of France&apos;s energy production and 17% of the total energy production comes from recycled nuclear fuel. 
That in 2007 Frances carbon emissions per Kwh were 1/10th that of the UK. 
That this energy is created cheaply with France being the world&apos;s largest net exporter of electricity due to its very low cost of generation, and gains over €3 billion per year from this. 
That when properly regulated, administered and built in a geologically stable area Nuclear fission power is completely safe. 
That although Nuclear fission power has made up a large share of France&apos;s energy production for decades no disaster has ever occurred in France. 
This House urges: 
The government to conduct a feasibility study on increasing the level of Nuclear fission power production within the UK. 
To, pending the findings of the study, increase investment in Nuclear fission power as a way of quickly reducing the UK’s greenhouse gas emissions. 
To also simultaneously increase investment in the UK’s renewable energy sector with the view of slowly transitioning all power production to completely renewable sources in the long term. 
This motion was written and submitted by /u/Joker8765 and is sponsored by /u/ClemeyTime , /u/AlmightyWibble , /u/InfernoPlato and /u/Tim-Sanchez . The reading will end on 17th May. 
</topic_text>
<spam_score>0.00</spam_score>
<post_num>1</post_num>
<post_id>post-1</post_id>
<post_url>https://www.reddit.com/r/MHOC/comments/4j16q4/m145_nuclear_power_motion/</post_url>
<post_date>20160512</post_date>
<post_time></post_time>
<username></username>
<post>
by TheQuipton The Rt Hon. Earl of Lewisham MEP AL PC KOT 
Nuclear Power Motion 
A motion to increase the use of Nuclear energy as a means of combating climate change. 
This House Recognises: 
That the UK is committed to meeting its international obligations in cutting greenhouse gas emissions. 
That while Nuclear fission power is not a renewable source of power, it is a first step towards clean energy, in the form of low carbon power. 
That Nuclear power is an effective way of reducing our reliance on high carbon power as we transition towards a renewable energy focus. 
That Nuclear fission power makes up over 75% of France&apos;s energy production and 17% of the total energy production comes from recycled nuclear fuel. 
That in 2007 Frances carbon emissions per Kwh were 1/10th that of the UK. 
That this energy is created cheaply with France being the world&apos;s largest net exporter of electricity due to its very low cost of generation, and gains over €3 billion per year from this. 
That when properly regulated, administered and built in a geologically stable area Nuclear fission power is completely safe. 
That although Nuclear fission power has made up a large share of France&apos;s energy production for decades no disaster has ever occurred in France. 
This House urges: 
The government to conduct a feasibility study on increasing the level of Nuclear fission power production within the UK. 
To, pending the findings of the study, increase investment in Nuclear fission power as a way of quickly reducing the UK’s greenhouse gas emissions. 
To also simultaneously increase investment in the UK’s renewable energy sector with the view of slowly transitioning all power production to completely renewable sources in the long term. 
This motion was written and submitted by /u/Joker8765 and is sponsored by /u/ClemeyTime , /u/AlmightyWibble , /u/InfernoPlato and /u/Tim-Sanchez . The reading will end on 17th May. 
</post>
<signature>

</signature>
<external_links>

</external_links>
<country>US</country>
<main_image>https://www.redditstatic.com/icon.png</main_image>
</document>
