<?xml version="1.0" encoding="UTF-8"?>
<document>
<type>mainstream</type>
<forum></forum>
<forum_title></forum_title>
<discussion_title>MMAjunkie Radio (1 p.m. ET): Robert Drysdale in studio | MMAjunkie</discussion_title>
<language>english</language>
<gmt_offset></gmt_offset>
<topic_url>http://mmajunkie.com/2016/05/mmajunkie-radio-1-p-m-et-robert-drysdale-in-studio</topic_url>
<topic_text>
By: MMAjunkie Staff | May 12, 2016 12:15 pm Follow @MMAjunkie Robert Drysdale 
MMAjunkie Radio kicks off today at 1 p.m. ET (10 a.m. PT) with guest Robert Drysdale in studio. 
The UFC fighter and jiu-jitsu specialist helps us preview Saturday’s UFC 198 event. 
MMAjunkie Radio airs from 1 to 3 p.m. ET (10 a.m. to noon PT), live from Mandalay Bay Resort &amp; Casino in Las Vegas. The first hour of the show is available on SiriusXM Rush (Ch. 93) from 1-2 p.m. ET. You can also listen to and watch a video stream of the entire two-hour show, including the second hour, at www.mmajunkie.com/radio . 
MMAjunkie Radio listener guide : HOW TO WATCH (ON WEB): Check out a live video/audio stream of the show on the MMAjunkie Radio page. HOW TO CALL: MMAjunkie Radio takes phone calls from listeners throughout the show. Call into the MMAjunkie Radio hotline at (866) 522-2846. HOW TO DISCUSS: The MMAjunkie MMA Forums has a new section devoted solely to MMAjunkie Radio. Stop by the MMAjunkie Radio forum to discuss the show, interact with the hosts, suggest future guests and catch up on the latest MMAjunkie Radio news. HOW TO VISIT THE SHOW: You can watch MMAjunkie Radio live and in person at the Mandalay Bay Resort &amp; Casino on the world-famous Las Vegas Strip. The booth is located in the resort’s Race &amp; Sports Book next to the Mandalay Bay poker room. To plan a trip to Sin City and MMAjunkie Radio, go to www.mandalaybay.com . 
</topic_text>
<spam_score>0.00</spam_score>
<post_num>1</post_num>
<post_id>post-1</post_id>
<post_url>http://mmajunkie.com/2016/05/mmajunkie-radio-1-p-m-et-robert-drysdale-in-studio</post_url>
<post_date>20160512</post_date>
<post_time></post_time>
<username>Mmajunkie Staff</username>
<post>
By: MMAjunkie Staff | May 12, 2016 12:15 pm Follow @MMAjunkie Robert Drysdale 
MMAjunkie Radio kicks off today at 1 p.m. ET (10 a.m. PT) with guest Robert Drysdale in studio. 
The UFC fighter and jiu-jitsu specialist helps us preview Saturday’s UFC 198 event. 
MMAjunkie Radio airs from 1 to 3 p.m. ET (10 a.m. to noon PT), live from Mandalay Bay Resort &amp; Casino in Las Vegas. The first hour of the show is available on SiriusXM Rush (Ch. 93) from 1-2 p.m. ET. You can also listen to and watch a video stream of the entire two-hour show, including the second hour, at www.mmajunkie.com/radio . 
MMAjunkie Radio listener guide : HOW TO WATCH (ON WEB): Check out a live video/audio stream of the show on the MMAjunkie Radio page. HOW TO CALL: MMAjunkie Radio takes phone calls from listeners throughout the show. Call into the MMAjunkie Radio hotline at (866) 522-2846. HOW TO DISCUSS: The MMAjunkie MMA Forums has a new section devoted solely to MMAjunkie Radio. Stop by the MMAjunkie Radio forum to discuss the show, interact with the hosts, suggest future guests and catch up on the latest MMAjunkie Radio news. HOW TO VISIT THE SHOW: You can watch MMAjunkie Radio live and in person at the Mandalay Bay Resort &amp; Casino on the world-famous Las Vegas Strip. The booth is located in the resort’s Race &amp; Sports Book next to the Mandalay Bay poker room. To plan a trip to Sin City and MMAjunkie Radio, go to www.mandalaybay.com . 
</post>
<signature>

</signature>
<external_links>

</external_links>
<country>US</country>
<main_image>https://usatmmajunkie.files.wordpress.com/2014/07/robert-drysdale-tuf-19-finale1.jpg</main_image>
</document>
