<?xml version="1.0" encoding="UTF-8"?>
<document>
<type>mainstream</type>
<forum>http://www.la7.it/omnibus</forum>
<forum_title>Omnibus | LA7 - Video e notizie su programmi TV, sport, politica e spettacolo </forum_title>
<discussion_title>Terrorismo, Molteni (Lega Nord): Ringrazio le forze dell&apos;ordine, nonostante il Governo</discussion_title>
<language>italian</language>
<gmt_offset></gmt_offset>
<topic_url>http://www.la7.it/omnibus/video/terrorismo-molteni-lega-nord-ringrazio-le-forze-dellordine-nonostante-il-governo-11-05-2016-183641</topic_url>
<topic_text>
Terrorismo, Molteni (Lega Nord): Ringrazio le forze dell&apos;ordine, nonostante il Governo - Nicola Molteni (Lega Nord) elogia il comportamento di tutte le forze dell&apos;ordine nella lotta contro il terrorismo nonostante le politiche del governo Renzi
</topic_text>
<spam_score>0.00</spam_score>
<post_num>1</post_num>
<post_id>post-1</post_id>
<post_url>http://www.la7.it/omnibus/video/terrorismo-molteni-lega-nord-ringrazio-le-forze-dellordine-nonostante-il-governo-11-05-2016-183641</post_url>
<post_date>20160511</post_date>
<post_time></post_time>
<username>www.la7.it</username>
<post>
Terrorismo, Molteni (Lega Nord): Ringrazio le forze dell&apos;ordine, nonostante il Governo - Nicola Molteni (Lega Nord) elogia il comportamento di tutte le forze dell&apos;ordine nella lotta contro il terrorismo nonostante le politiche del governo Renzi
</post>
<signature>

</signature>
<external_links>

</external_links>
<country>IT</country>
<main_image>http://kdam.iltrovatore.it/p/103/sp/10300/thumbnail/entry_id/0_0cxaikzq/version/100000/width/name/0_0cxaikzq.jpg</main_image>
</document>
