<?xml version="1.0" encoding="UTF-8"?>
<document>
<type>mainstream</type>
<forum>http://www.lostrillone.tv/news/cronaca.html</forum>
<forum_title>Lo Strillone - News Cronaca</forum_title>
<discussion_title>Il Collegamento Campano e Presidio Libera vicino al Procuratore Colangelo - Il Presidente Leandro Limoccia: “Dobbiamo impegnarci ogni giono per combattere la mafia”</discussion_title>
<language>italian</language>
<gmt_offset></gmt_offset>
<topic_url>http://www.lostrillone.tv/il-collegamento-campano-e-presidio-libera-vicino-al-procuratore-colangelo/8633.html</topic_url>
<topic_text>
Il Collegamento Campano Contro le Camorre per la legalità e la nonviolenza &quot;G.Franciosi&quot; ONLUS e Presidio Libera Portici ‘Teresa Buonocore e Claudio Taglialatela’ esprimono tutta la loro vicinanza e solidarietà al Procuratore Capo della Repubblica, Giovanni Colagelo, a seguito della notizia dello sventato attentato contro la sua vita organizzato dalla camorra in accordo con alcune fazioni della Sacra Corona Unita.
Il Presidente Leandro Limoccia ha dichiarato: “Al Dottor Roberto Rossi, Pubblico Ministero presso la Procura Distrettuale Antimafia di Bari e alle forze dell’ordine, va il plauso di tutto il Collegamento e del Presidio per come sono state coordinate le indagini che hanno permesso di sventare l’attentato e sequestrare l’esplosivo destinato per perpetrare il vile gesto omicida”.
IL SEQUESTRO
</topic_text>
<spam_score>0.00</spam_score>
<post_num>1</post_num>
<post_id>post-1</post_id>
<post_url>http://www.lostrillone.tv/il-collegamento-campano-e-presidio-libera-vicino-al-procuratore-colangelo/8633.html</post_url>
<post_date>20160512</post_date>
<post_time></post_time>
<username>Maria Vittoria Romano</username>
<post>
Il Collegamento Campano Contro le Camorre per la legalità e la nonviolenza &quot;G.Franciosi&quot; ONLUS e Presidio Libera Portici ‘Teresa Buonocore e Claudio Taglialatela’ esprimono tutta la loro vicinanza e solidarietà al Procuratore Capo della Repubblica, Giovanni Colagelo, a seguito della notizia dello sventato attentato contro la sua vita organizzato dalla camorra in accordo con alcune fazioni della Sacra Corona Unita.
Il Presidente Leandro Limoccia ha dichiarato: “Al Dottor Roberto Rossi, Pubblico Ministero presso la Procura Distrettuale Antimafia di Bari e alle forze dell’ordine, va il plauso di tutto il Collegamento e del Presidio per come sono state coordinate le indagini che hanno permesso di sventare l’attentato e sequestrare l’esplosivo destinato per perpetrare il vile gesto omicida”.
IL SEQUESTRO
</post>
<signature>

</signature>
<external_links>

</external_links>
<country>TV</country>
<main_image>http://www.lostrillone.tv/foto-articoli/8633_il-collegamento-campano-e-presidio-libera-vicino-al-procuratore-colangelo.jpg</main_image>
</document>
