<?xml version="1.0" encoding="UTF-8"?>
<document>
<type>mainstream</type>
<forum></forum>
<forum_title></forum_title>
<discussion_title>中国嘉德2016年春拍即将拉开帷幕（图）-千龙网·中国首都网</discussion_title>
<language>chinese</language>
<gmt_offset></gmt_offset>
<topic_url>http://finance.qianlong.com/2016/0509/592674.shtml</topic_url>
<topic_text>

中国嘉德2016年春季拍卖会，数千件“嘉品”同时亮相，远及唐宋奇珍，近到当代名家巨制，大到家具瓷器，小到手札文房，它们的出现、聚散、流转，皆是因缘。 
古代文人有四艺：焚香、烹茶、插花、挂画，文人雅趣由此而来。不妨用一场春拍，搭起一场盛世雅集，让我们在与古人的对话中，感悟生活的真挚与美好。 
[纸上有风云 代代皆风流] 
雅集的重头戏自然是“挂画”，纸上浮动历史风云、人生转折，亦为感情见证。 
2016年春拍，共有1200余件书画上拍，延续了嘉德在历史纵深中进行艺术史学术梳理的一贯风格。古代书画版块亮点频出，340多件拍品跨越唐宋元明清十个世纪，其中“大观——中国书画珍品之夜?古代”的拍品质量和数量相比往期均有突破。“唐宋八大家”之一曾巩《局事帖》，乃曾巩给“无党乡贤”的一封回信，此时曾巩外放，希望借“乡贤”之力改变现状。该帖纸短意长，内容丰富，记录了北宋晚期的历史风云；明初书家宋克擅章草，书作力追古法，讲究造型，其《临&lt;急就章&gt;》多晋唐楷意，为其草书创作“混合体”打下了基础；《唐贤写经遗墨并近代诸家诗画》，唐人写经本就难得，所附题跋汇集海上名家诗画，晚清民国众多名家参与“纸上雅集”，内涵丰富，艺术价值极高。大观夜场古代书画部分不仅宋元绘画全面亮相，明清书画佳构亦不在少数，串联起唐以来的中国古代美术史。古代书画“大成”专题，试图对美术史上群星璀璨的17世纪进行梳理与呈现；近现代“大家”专题的“雨余山：从齐白石到李可染”，集合两位画家不同时期的创作。 
《唐贤写经遗墨并近代诸家诗画》 
曾巩 《局事帖》 
宋克 临《急就章》并诸家题跋十二开 
诗画唱和，佳迹相赠，乃是文人交游的主要途径，亦为深情厚谊的灼灼见证。中国近现代及当代书画方面，七大专场900件拍品同时呈现。“大观——中国书画珍品之夜”集合了80件源自诸多重要藏家的近现代大师佳构，其中不乏深情之作：黄宾虹晚年横幅精绝力作《高阁清话》，为赠老友郑德芬而绘，青绿设色，细腻浑厚；傅抱石《山鬼》为其金刚坡时期的重要创作，四尺整纸、煌煌巨制，秘藏多年；此外，傅抱石写赠同乡好友、戏剧家熊式一的《湘夫人》；三幅著录于《吴冠中全集》的作品《春潮》、《香山春雪》、《西双版纳》，均将出现在“大观之夜”。当代书画方面虽只百件，但以精品思路，引导藏家更加关注作品本身。 
黄宾虹《高阁清话》 
傅抱石 山鬼 
中西艺术的情感交融与碰撞之中，不乏动人火花。在2015年秋拍成功完成“中国二十世纪及当代艺术之夜”首秀之后，2016年春拍将推出第二场精品夜场拍卖。拍品线索梳理系统化，涵盖众多名家作品，拍品风格力求多样。三幅不同时代的赵无极作品同时亮相，1961年创作的《5.12.61》是赵无极跨越50年代绘画转型期的关键作品，山林层染与眼前，远山隐映于云雾。吴大羽《无题-38》、吴冠中《新巴黎》、刘野“小海军”系列代表作、刘炜早期“革命家庭”精品和冷军的《世纪风景》亦为亮点。“二十世纪及当代艺术专场”云集早期油画艺术、当代经典、古典写实、“年轻一代”新绘画等不同板块力作，值得期待。 
刘野 小海军 
本次春拍不仅追溯艺术史上一个个起承转合时代的重要作品，也着重对艺术家及艺术时期的个案进行研究。“‘85新潮’美术专场”力图再次通过拍品梳理，对这段特殊的艺术时期进行细化研究，隆重推出的袁庆一力作《春天来了》，强调思维框架的画面结构，扬弃了情趣化的构成样式，体现出“理性精神”，该作被誉为“85新潮”时期最重要的代表作之一。 
袁庆一《春天来了》 
不仅是好画知时节，古籍善本与笔墨文章专场中也是亮点频出，情致丰富。“陈介祺 辑《十钟山房印举》稿本”，开集各家收藏古印玺于一谱的先例，辑录古玺印之精，前所未有，被誉为“印谱之冠，印学之宗”。吴中王氏槐荫层晖庐藏明清印谱、卢松安先生旧藏善本、焦菊隐先生旧藏……一段段纸上情缘，皆极可称道。 
（清）陈介祺 辑《十钟山房印举》稿本 
大浪淘沙的风云际会，唯有贤、智、能、善之人历经涤荡光辉熠熠。“贝多芬‘庄严弥撒’创作乐稿”记录了他在《庄严弥撒》圣哉经、降福经和荣耀颂乐章中的创作构思，凝望乐稿，可想见《庄严弥撒》的肃穆与壮美。而马克思、伏尔泰、孟德斯鸠、卢梭、康德等思想启蒙先贤的生前通信，反映出他们日常工作、生活的细节琐事，但哲思光芒仍存。 
贝多芬《庄严弥撒》创作乐稿 
成就一番雅事，少不了雅器。2016年春拍，众多珍贵雅器呈现，将古人的生活情趣淋漓尽致地展现出来。 
清三代御窑瓷器以其极高的艺术价值、工艺美度及完善的收藏体系，成为市场的宠儿。瓷器专场推出的“清雍正 珐琅彩月季绿竹诗意小杯”，精巧雅致，尽是生趣诗意；“乾隆粉彩八吉祥缠枝莲纹莱菔瓶”为近年少有的彩瓷精品；“青花粉彩四开窗山水图八方瓶”，粉彩与青花的精彩“相遇”，满满的文人味道。 
清乾隆 青花粉彩开光山水诗文八方瓶 
既有雅器，亦不可无花香。文人雅士“四艺”之中，插花占其一，名花佳器最相宜。“花香供佛”主题拍卖汇集“清康熙 五彩鹤鹿同春描金祝寿纹大花盆”、“清乾隆 碧玉刻双凤穿牡丹纹双象耳方壶”、“清乾隆 釉里红双凤穿花纹象耳方瓶”等明清皇室花器，呈现出古人在器物赏作上的华丽品味和古代插花器的精道之美。 
插花也称“佛花”，放至在佛像之前以示虔诚之心。万法归一，一切法皆由心生，是故心生万法，“帕拉11-12世纪 至稀至珍双色铜合铸释伽牟尼成道像”由黄琍玛和紫琍玛制成，两者融合浑然一体，相得益彰。观其容貌，可想象匠师妙手，也是自然天成。“西藏17世纪罕见扎什伦布寺风格铜鎏金护法像一组”、“西藏13-14世纪丹萨替风格铜双身密集金刚像”等佛教造像品相完美，值得关注。 
帕拉11世纪 至稀至珍双色铜合铸释迦牟尼成道像 
“四艺”之中还有斗茶、品香。清康熙的陈鸣远为一代宜兴紫砂巨匠，尤以仿生花果作品为最佳，历代陶人无出其右。“陈鸣远制南瓜壶”堪称其代表力作，骨清肉腻和且正，奏响了紫砂文人壶的先声；紫砂一代宗师顾景舟的“紫泥双线竹鼓壶”，以竹为形，用线装饰，刚柔相济，是其壮年力作。“案上云烟-文房雅玩”专场推出的“清早期 ‘宣德年制’鬲式炉”、“明晚期 ‘胡文明制’铭铜鎏金缠枝莲纹香瓶”、“清早期 铜仙鹤香薰一对” ，使得焚香逸事，变得深沉优雅了。配上奇木清玩，多了分淡泊清静、高雅闲适的“山岳情节”，置放几件明清玉器，则反映出人们对玉之美德的崇尚。此次上拍的“明 青玉坐佛”，玉质细腻，色泽深沉匀净，雕工精致，体量高大，法相美妙，为明代玉佛像中的佳制，值得珍视。 
清康熙 陈鸣远制南瓜壶 
精雅的家具也不可或缺。此次嘉德继续与香港嘉木堂合作，推出39件（组）明式家具，既有明式家具“标准器”，又有变化创新的“新作”。明式家具简洁大气，美轮美奂，“晚明 黄花梨四出头龙纹官帽椅成对”、“清前期 黄花梨五抹十二扇围屏”，造型经典凝练，也是最深远的意境表达。 
清前期 黄花梨五抹十二扇围屏 
古人有属于自己的风雅，今人也有自己的理解。众多当代玉石雕刻家与陶瓷名家的作品，也呈现出他们对艺术的独到追求。“北洋海军成军纪念金杯”等近代文物富有传奇性，探究其蕴藏的历史文献价值，亦极风雅之事。 
钟莲生 胡杨三千年（粉彩瓷板） 
嘉风舞新绿，芳华又逢春——5月11日，中国嘉德2016年春季拍卖会即将在北京国际饭店会议中心预展，5月14日正式开拍，欢迎广大藏家莅临现场，共赴雅集。另外，2016中国嘉德春拍预展时将为广大藏友奉献专题特展《鸣而远兮——陈鸣远陶艺研究》，是难得的一次紫砂领域认可的五件陈鸣远作品齐聚，是目前国内展览陈鸣远精品数量最多的一次。《皇家气象——明清御窑黄釉器特展》亦将隆重登场，欢迎广大藏友前来鉴赏。 
关于中国嘉德 
中国嘉德国际拍卖有限公司成立于1993年5月，是国内首家以经营中国文物艺术品为主的综合性拍卖公司，每年定期举办春季、秋季大型拍卖会，以及四期“嘉德四季”拍卖会。公司总部位于北京，设有上海、广州、香港、台湾、日本及北美办事处。2012年10月，中国嘉德（香港）国际拍卖有限公司在香港举行首拍，标志着中国艺术品拍卖历史上至关重要的一步。 
经过中国嘉德的努力，诸多国宝级的珍品如“翁氏藏书”、“唐摹怀素食鱼帖”、“宋高宗手书养生论”、“朱熹春雨帖”和“出师颂”等重要拍品，或从海外回归大陆，或从民间流向重要收藏机构；同时，各项目不断有突破区域性以及世界性艺术品拍卖成交最高价的纪录。2007年秋拍中，明代仇英《赤壁图》以人民币7952万元的成交价使中国绘画类作品拍卖价格首次超过千万美元级别。经中国嘉德拍出的齐白石《松柏高立图?篆书四言联》（2011年春拍，4.255亿）；王羲之草书《平安帖》（2010秋拍，3.08亿）；齐白石《山水册》（2011秋拍，1.94亿）；王翚《唐人诗意图》（2011秋拍，1.265亿）；李可染《韶山》（2012年春拍，1.24亿）；陈栝《情韵墨花》（2010秋拍，1.137亿元人民币）；李可染《长征》（2010秋拍，1.075亿元）；张大千《爱痕湖》（2010春拍，1.008亿元）；朱熹、张景修等的《宋名贤题徐常侍篆书之迹》（2009秋拍，成交价1.008亿元）；唐代“大圣遗音”伏羲式古琴（2011春拍，1.15亿元）；清乾隆钦定补刻端石兰亭图帖缂丝全卷（2004年春拍，成交价3575万元）、清乾隆粉彩开光八仙过海图盘口瓶（2006春拍，成交价5280万元）、“明 黄花梨簇云纹马蹄腿六柱式架子床”（2010秋拍，4312万元）；靳尚谊《塔吉克新娘》（2013秋拍，8510万）；吴作人《战地黄花分外香》（2013春拍，8050万）；陈逸飞《山地风》（2011春拍，8165万）；元抄本《两汉策要十二卷》（2011春拍，4830万）等以及邮品钱币门类的多项珍品均创造了各项目的历史最高价。 
中国嘉德首批并连续被评为中国拍卖企业AAA级最高资质，获得政府工商行政管理部门颁发的守信企业称号。 
</topic_text>
<spam_score>0.00</spam_score>
<post_num>1</post_num>
<post_id>post-1</post_id>
<post_url>http://finance.qianlong.com/2016/0509/592674.shtml</post_url>
<post_date>20160509</post_date>
<post_time></post_time>
<username></username>
<post>

中国嘉德2016年春季拍卖会，数千件“嘉品”同时亮相，远及唐宋奇珍，近到当代名家巨制，大到家具瓷器，小到手札文房，它们的出现、聚散、流转，皆是因缘。 
古代文人有四艺：焚香、烹茶、插花、挂画，文人雅趣由此而来。不妨用一场春拍，搭起一场盛世雅集，让我们在与古人的对话中，感悟生活的真挚与美好。 
[纸上有风云 代代皆风流] 
雅集的重头戏自然是“挂画”，纸上浮动历史风云、人生转折，亦为感情见证。 
2016年春拍，共有1200余件书画上拍，延续了嘉德在历史纵深中进行艺术史学术梳理的一贯风格。古代书画版块亮点频出，340多件拍品跨越唐宋元明清十个世纪，其中“大观——中国书画珍品之夜?古代”的拍品质量和数量相比往期均有突破。“唐宋八大家”之一曾巩《局事帖》，乃曾巩给“无党乡贤”的一封回信，此时曾巩外放，希望借“乡贤”之力改变现状。该帖纸短意长，内容丰富，记录了北宋晚期的历史风云；明初书家宋克擅章草，书作力追古法，讲究造型，其《临&lt;急就章&gt;》多晋唐楷意，为其草书创作“混合体”打下了基础；《唐贤写经遗墨并近代诸家诗画》，唐人写经本就难得，所附题跋汇集海上名家诗画，晚清民国众多名家参与“纸上雅集”，内涵丰富，艺术价值极高。大观夜场古代书画部分不仅宋元绘画全面亮相，明清书画佳构亦不在少数，串联起唐以来的中国古代美术史。古代书画“大成”专题，试图对美术史上群星璀璨的17世纪进行梳理与呈现；近现代“大家”专题的“雨余山：从齐白石到李可染”，集合两位画家不同时期的创作。 
《唐贤写经遗墨并近代诸家诗画》 
曾巩 《局事帖》 
宋克 临《急就章》并诸家题跋十二开 
诗画唱和，佳迹相赠，乃是文人交游的主要途径，亦为深情厚谊的灼灼见证。中国近现代及当代书画方面，七大专场900件拍品同时呈现。“大观——中国书画珍品之夜”集合了80件源自诸多重要藏家的近现代大师佳构，其中不乏深情之作：黄宾虹晚年横幅精绝力作《高阁清话》，为赠老友郑德芬而绘，青绿设色，细腻浑厚；傅抱石《山鬼》为其金刚坡时期的重要创作，四尺整纸、煌煌巨制，秘藏多年；此外，傅抱石写赠同乡好友、戏剧家熊式一的《湘夫人》；三幅著录于《吴冠中全集》的作品《春潮》、《香山春雪》、《西双版纳》，均将出现在“大观之夜”。当代书画方面虽只百件，但以精品思路，引导藏家更加关注作品本身。 
黄宾虹《高阁清话》 
傅抱石 山鬼 
中西艺术的情感交融与碰撞之中，不乏动人火花。在2015年秋拍成功完成“中国二十世纪及当代艺术之夜”首秀之后，2016年春拍将推出第二场精品夜场拍卖。拍品线索梳理系统化，涵盖众多名家作品，拍品风格力求多样。三幅不同时代的赵无极作品同时亮相，1961年创作的《5.12.61》是赵无极跨越50年代绘画转型期的关键作品，山林层染与眼前，远山隐映于云雾。吴大羽《无题-38》、吴冠中《新巴黎》、刘野“小海军”系列代表作、刘炜早期“革命家庭”精品和冷军的《世纪风景》亦为亮点。“二十世纪及当代艺术专场”云集早期油画艺术、当代经典、古典写实、“年轻一代”新绘画等不同板块力作，值得期待。 
刘野 小海军 
本次春拍不仅追溯艺术史上一个个起承转合时代的重要作品，也着重对艺术家及艺术时期的个案进行研究。“‘85新潮’美术专场”力图再次通过拍品梳理，对这段特殊的艺术时期进行细化研究，隆重推出的袁庆一力作《春天来了》，强调思维框架的画面结构，扬弃了情趣化的构成样式，体现出“理性精神”，该作被誉为“85新潮”时期最重要的代表作之一。 
袁庆一《春天来了》 
不仅是好画知时节，古籍善本与笔墨文章专场中也是亮点频出，情致丰富。“陈介祺 辑《十钟山房印举》稿本”，开集各家收藏古印玺于一谱的先例，辑录古玺印之精，前所未有，被誉为“印谱之冠，印学之宗”。吴中王氏槐荫层晖庐藏明清印谱、卢松安先生旧藏善本、焦菊隐先生旧藏……一段段纸上情缘，皆极可称道。 
（清）陈介祺 辑《十钟山房印举》稿本 
大浪淘沙的风云际会，唯有贤、智、能、善之人历经涤荡光辉熠熠。“贝多芬‘庄严弥撒’创作乐稿”记录了他在《庄严弥撒》圣哉经、降福经和荣耀颂乐章中的创作构思，凝望乐稿，可想见《庄严弥撒》的肃穆与壮美。而马克思、伏尔泰、孟德斯鸠、卢梭、康德等思想启蒙先贤的生前通信，反映出他们日常工作、生活的细节琐事，但哲思光芒仍存。 
贝多芬《庄严弥撒》创作乐稿 
成就一番雅事，少不了雅器。2016年春拍，众多珍贵雅器呈现，将古人的生活情趣淋漓尽致地展现出来。 
清三代御窑瓷器以其极高的艺术价值、工艺美度及完善的收藏体系，成为市场的宠儿。瓷器专场推出的“清雍正 珐琅彩月季绿竹诗意小杯”，精巧雅致，尽是生趣诗意；“乾隆粉彩八吉祥缠枝莲纹莱菔瓶”为近年少有的彩瓷精品；“青花粉彩四开窗山水图八方瓶”，粉彩与青花的精彩“相遇”，满满的文人味道。 
清乾隆 青花粉彩开光山水诗文八方瓶 
既有雅器，亦不可无花香。文人雅士“四艺”之中，插花占其一，名花佳器最相宜。“花香供佛”主题拍卖汇集“清康熙 五彩鹤鹿同春描金祝寿纹大花盆”、“清乾隆 碧玉刻双凤穿牡丹纹双象耳方壶”、“清乾隆 釉里红双凤穿花纹象耳方瓶”等明清皇室花器，呈现出古人在器物赏作上的华丽品味和古代插花器的精道之美。 
插花也称“佛花”，放至在佛像之前以示虔诚之心。万法归一，一切法皆由心生，是故心生万法，“帕拉11-12世纪 至稀至珍双色铜合铸释伽牟尼成道像”由黄琍玛和紫琍玛制成，两者融合浑然一体，相得益彰。观其容貌，可想象匠师妙手，也是自然天成。“西藏17世纪罕见扎什伦布寺风格铜鎏金护法像一组”、“西藏13-14世纪丹萨替风格铜双身密集金刚像”等佛教造像品相完美，值得关注。 
帕拉11世纪 至稀至珍双色铜合铸释迦牟尼成道像 
“四艺”之中还有斗茶、品香。清康熙的陈鸣远为一代宜兴紫砂巨匠，尤以仿生花果作品为最佳，历代陶人无出其右。“陈鸣远制南瓜壶”堪称其代表力作，骨清肉腻和且正，奏响了紫砂文人壶的先声；紫砂一代宗师顾景舟的“紫泥双线竹鼓壶”，以竹为形，用线装饰，刚柔相济，是其壮年力作。“案上云烟-文房雅玩”专场推出的“清早期 ‘宣德年制’鬲式炉”、“明晚期 ‘胡文明制’铭铜鎏金缠枝莲纹香瓶”、“清早期 铜仙鹤香薰一对” ，使得焚香逸事，变得深沉优雅了。配上奇木清玩，多了分淡泊清静、高雅闲适的“山岳情节”，置放几件明清玉器，则反映出人们对玉之美德的崇尚。此次上拍的“明 青玉坐佛”，玉质细腻，色泽深沉匀净，雕工精致，体量高大，法相美妙，为明代玉佛像中的佳制，值得珍视。 
清康熙 陈鸣远制南瓜壶 
精雅的家具也不可或缺。此次嘉德继续与香港嘉木堂合作，推出39件（组）明式家具，既有明式家具“标准器”，又有变化创新的“新作”。明式家具简洁大气，美轮美奂，“晚明 黄花梨四出头龙纹官帽椅成对”、“清前期 黄花梨五抹十二扇围屏”，造型经典凝练，也是最深远的意境表达。 
清前期 黄花梨五抹十二扇围屏 
古人有属于自己的风雅，今人也有自己的理解。众多当代玉石雕刻家与陶瓷名家的作品，也呈现出他们对艺术的独到追求。“北洋海军成军纪念金杯”等近代文物富有传奇性，探究其蕴藏的历史文献价值，亦极风雅之事。 
钟莲生 胡杨三千年（粉彩瓷板） 
嘉风舞新绿，芳华又逢春——5月11日，中国嘉德2016年春季拍卖会即将在北京国际饭店会议中心预展，5月14日正式开拍，欢迎广大藏家莅临现场，共赴雅集。另外，2016中国嘉德春拍预展时将为广大藏友奉献专题特展《鸣而远兮——陈鸣远陶艺研究》，是难得的一次紫砂领域认可的五件陈鸣远作品齐聚，是目前国内展览陈鸣远精品数量最多的一次。《皇家气象——明清御窑黄釉器特展》亦将隆重登场，欢迎广大藏友前来鉴赏。 
关于中国嘉德 
中国嘉德国际拍卖有限公司成立于1993年5月，是国内首家以经营中国文物艺术品为主的综合性拍卖公司，每年定期举办春季、秋季大型拍卖会，以及四期“嘉德四季”拍卖会。公司总部位于北京，设有上海、广州、香港、台湾、日本及北美办事处。2012年10月，中国嘉德（香港）国际拍卖有限公司在香港举行首拍，标志着中国艺术品拍卖历史上至关重要的一步。 
经过中国嘉德的努力，诸多国宝级的珍品如“翁氏藏书”、“唐摹怀素食鱼帖”、“宋高宗手书养生论”、“朱熹春雨帖”和“出师颂”等重要拍品，或从海外回归大陆，或从民间流向重要收藏机构；同时，各项目不断有突破区域性以及世界性艺术品拍卖成交最高价的纪录。2007年秋拍中，明代仇英《赤壁图》以人民币7952万元的成交价使中国绘画类作品拍卖价格首次超过千万美元级别。经中国嘉德拍出的齐白石《松柏高立图?篆书四言联》（2011年春拍，4.255亿）；王羲之草书《平安帖》（2010秋拍，3.08亿）；齐白石《山水册》（2011秋拍，1.94亿）；王翚《唐人诗意图》（2011秋拍，1.265亿）；李可染《韶山》（2012年春拍，1.24亿）；陈栝《情韵墨花》（2010秋拍，1.137亿元人民币）；李可染《长征》（2010秋拍，1.075亿元）；张大千《爱痕湖》（2010春拍，1.008亿元）；朱熹、张景修等的《宋名贤题徐常侍篆书之迹》（2009秋拍，成交价1.008亿元）；唐代“大圣遗音”伏羲式古琴（2011春拍，1.15亿元）；清乾隆钦定补刻端石兰亭图帖缂丝全卷（2004年春拍，成交价3575万元）、清乾隆粉彩开光八仙过海图盘口瓶（2006春拍，成交价5280万元）、“明 黄花梨簇云纹马蹄腿六柱式架子床”（2010秋拍，4312万元）；靳尚谊《塔吉克新娘》（2013秋拍，8510万）；吴作人《战地黄花分外香》（2013春拍，8050万）；陈逸飞《山地风》（2011春拍，8165万）；元抄本《两汉策要十二卷》（2011春拍，4830万）等以及邮品钱币门类的多项珍品均创造了各项目的历史最高价。 
中国嘉德首批并连续被评为中国拍卖企业AAA级最高资质，获得政府工商行政管理部门颁发的守信企业称号。 
</post>
<signature>

</signature>
<external_links>

</external_links>
<country>CN</country>
<main_image></main_image>
</document>
