<?xml version="1.0" encoding="UTF-8"?>
<document>
<type>mainstream</type>
<forum></forum>
<forum_title></forum_title>
<discussion_title>PDF Fifty More Places to Fly Fish Before You Die Flyfishing Experts Share More of the Read Full… | The Fly Fishing Daily</discussion_title>
<language>english</language>
<gmt_offset></gmt_offset>
<topic_url>http://www.theflyfishingdaily.com/pdf-fifty-more-places-to-fly-fish-before-you-die-flyfishing-experts-share-more-of-the-read-full/</topic_url>
<topic_text>
Fly Tying » PDF Fifty More Places to Fly Fish Before You Die Flyfishing Experts Share More of the Read Full… 
Read Book PDF Online Here Fifty More Places to Fly Fish Before You Die Flyfishing Experts Share More of the Read Full Ebook Like! Share a little biographical information to fill out your profile. This may be shown publicly. *Password *Confirm Password Your password must be at least 8 characters long. To make your password stronger, use upper and lower case letters, numbers, and the following symbols !@#$%^&amp;*() *Invitation Code This website is currently closed to public registrations. You will need an invitation code to register. Disclaimer We look forward to having you join our community. Please be kind to others. Unnecessary roughness will get you ejected. Be funny and be cool. We will never sell or give away your private information, but remember that anything you post is being added to a public forum and will be visible to the public. Accept the Disclaimer 
Please enter your username or e-mail address. You will receive a new password. 
Username/Email: The Fly Fishing Daily Deals Daily Deals 
</topic_text>
<spam_score>0.00</spam_score>
<post_num>1</post_num>
<post_id>post-1</post_id>
<post_url>http://www.theflyfishingdaily.com/pdf-fifty-more-places-to-fly-fish-before-you-die-flyfishing-experts-share-more-of-the-read-full/</post_url>
<post_date>20160512</post_date>
<post_time></post_time>
<username></username>
<post>
Fly Tying » PDF Fifty More Places to Fly Fish Before You Die Flyfishing Experts Share More of the Read Full… 
Read Book PDF Online Here Fifty More Places to Fly Fish Before You Die Flyfishing Experts Share More of the Read Full Ebook Like! Share a little biographical information to fill out your profile. This may be shown publicly. *Password *Confirm Password Your password must be at least 8 characters long. To make your password stronger, use upper and lower case letters, numbers, and the following symbols !@#$%^&amp;*() *Invitation Code This website is currently closed to public registrations. You will need an invitation code to register. Disclaimer We look forward to having you join our community. Please be kind to others. Unnecessary roughness will get you ejected. Be funny and be cool. We will never sell or give away your private information, but remember that anything you post is being added to a public forum and will be visible to the public. Accept the Disclaimer 
Please enter your username or e-mail address. You will receive a new password. 
Username/Email: The Fly Fishing Daily Deals Daily Deals 
</post>
<signature>

</signature>
<external_links>

</external_links>
<country>US</country>
<main_image>http://www.theflyfishingdaily.com/wp-content/uploads/mvbthumbs/img_12190_pdf-fifty-more-places-to-fly-fish-before-you-die-flyfishing-experts-share-more-of-the-read-full.jpg</main_image>
</document>
