<?xml version="1.0" encoding="UTF-8"?>
<document>
<type>mainstream</type>
<forum>http://feeds.uri.lv/decisionatelier</forum>
<forum_title>Décision Atelier</forum_title>
<discussion_title>Le marché du V.I. de plus de 5 tonnes en forte progression</discussion_title>
<language>french</language>
<gmt_offset></gmt_offset>
<topic_url>http://www.decisionatelier.com/Le-marche-du-V-I-de-plus-de-5-tonnes-en-forte-progression,8265</topic_url>
<topic_text>
Le marché du V.I. de plus de 5 tonnes en forte progression 
Publié le par Jean-Marc GERVASIO . La prévision d’un marché 2016 à 43 000 unités est confirmée. 
Telle est l’annonce faite par la Chambre syndicale internationale de l’automobile et du motocycle (CSIAM) lors de la remise des éléments constitutifs de son analyse de marché à fin avril 2016 pour le secteur du véhicule industriel, bus et cars compris. 
Thierry Archambault, président-délégué de la CSIAM, et Jean-Marc Diss, directeur général de Mercedes-Benz Trucks France et président de la branche VI de la CSIAM, soulignent que le premier quadrimestre 2016 est marqué par une forte progression (+ 17 %) des immatriculations des véhicules industriels neufs de plus de 5 tonnes. Cette hausse concerne les porteurs (+ 19 %) et les tracteurs (+ 15 %). 
Les deux responsables précisent que tous les constructeurs s’inscrivent dans cette tendance et rappellent que l’an dernier sur la même période la marché était alors en recul de plus de 3 %. La part de marché des tracteurs se maintient à un niveau élevé (+ de 58 %), confirmant aussi l’observation faite en début d’année : les entreprises de transport donnent une part de plus en plus importante aux tracteurs pour dégager une plus grande flexibilité dans l’utilisation de leurs parcs. 
La prévision d’un marché 2016 à 43 000 unités est confirmée, au-delà du marché 2015, qui s’est établi à 41 718 unités. De son côté, le micromarché des VUL lourds (près de 500 véhicules) recule de 15,1 %. 
L’activité bus et cars est également orientée à la hausse avec une progression des immatriculations de 10 %, tirée principalement par les cars de plus de 5 tonnes (+ 13 %), qui ont profité des livraisons importantes liées à la mise en place des lignes en autocar. Les constructeurs de bus et cars estiment que le volume des immatriculations pour l’année sera comparable à celui de l’année précédente, voire légèrement inférieur. 
Mots clefs associés à cet article : CSIAM
</topic_text>
<spam_score>0.00</spam_score>
<post_num>1</post_num>
<post_id>post-1</post_id>
<post_url>http://www.decisionatelier.com/Le-marche-du-V-I-de-plus-de-5-tonnes-en-forte-progression,8265</post_url>
<post_date>20160512</post_date>
<post_time>1313</post_time>
<username>Jean-Marc GERVASIO</username>
<post>
Le marché du V.I. de plus de 5 tonnes en forte progression 
Publié le par Jean-Marc GERVASIO . La prévision d’un marché 2016 à 43 000 unités est confirmée. 
Telle est l’annonce faite par la Chambre syndicale internationale de l’automobile et du motocycle (CSIAM) lors de la remise des éléments constitutifs de son analyse de marché à fin avril 2016 pour le secteur du véhicule industriel, bus et cars compris. 
Thierry Archambault, président-délégué de la CSIAM, et Jean-Marc Diss, directeur général de Mercedes-Benz Trucks France et président de la branche VI de la CSIAM, soulignent que le premier quadrimestre 2016 est marqué par une forte progression (+ 17 %) des immatriculations des véhicules industriels neufs de plus de 5 tonnes. Cette hausse concerne les porteurs (+ 19 %) et les tracteurs (+ 15 %). 
Les deux responsables précisent que tous les constructeurs s’inscrivent dans cette tendance et rappellent que l’an dernier sur la même période la marché était alors en recul de plus de 3 %. La part de marché des tracteurs se maintient à un niveau élevé (+ de 58 %), confirmant aussi l’observation faite en début d’année : les entreprises de transport donnent une part de plus en plus importante aux tracteurs pour dégager une plus grande flexibilité dans l’utilisation de leurs parcs. 
La prévision d’un marché 2016 à 43 000 unités est confirmée, au-delà du marché 2015, qui s’est établi à 41 718 unités. De son côté, le micromarché des VUL lourds (près de 500 véhicules) recule de 15,1 %. 
L’activité bus et cars est également orientée à la hausse avec une progression des immatriculations de 10 %, tirée principalement par les cars de plus de 5 tonnes (+ 13 %), qui ont profité des livraisons importantes liées à la mise en place des lignes en autocar. Les constructeurs de bus et cars estiment que le volume des immatriculations pour l’année sera comparable à celui de l’année précédente, voire légèrement inférieur. 
Mots clefs associés à cet article : CSIAM
</post>
<signature>

</signature>
<external_links>

</external_links>
<country>LV</country>
<main_image>http://www.decisionatelier.com/local/cache-vignettes/L231xH60/arton8265-17682.jpg</main_image>
</document>
