<?xml version="1.0" encoding="UTF-8"?>
<document>
<type>mainstream</type>
<forum>http://kdhnews.com//search/?q=&amp;t=article&amp;l=25&amp;d=&amp;d1=&amp;d2=&amp;s=start_time&amp;sd=desc&amp;c[]=news*&amp;f=rss</forum>
<forum_title>The Killeen Daily Herald - news</forum_title>
<discussion_title>UK government changes BBC structure; seeks more diversity</discussion_title>
<language>english</language>
<gmt_offset></gmt_offset>
<topic_url>http://kdhnews.com/news/ap/uk-government-changes-bbc-structure-seeks-more-diversity/article_16ddcccc-037c-5d9b-8309-c1413291ecca.html</topic_url>
<topic_text>
UK government changes BBC structure; seeks more diversity Associated Press | 0 comments 
LONDON (AP) — The British government has announced changes for the BBC that alters its board structure and calls for more focus on serving minority audiences. 
The new charter described by Culture Secretary John Whittingdale abolishes the BBC Trust oversight group and creates a new board responsible for governing the broadcaster in the public interest. 
Some members of the new board will be designated by the government with the rest chosen by the BBC. 
It also requires the broadcaster to produce more programming for &quot;under-served&quot; audiences including black and Asian viewers. Whittingdale said Thursday that the BBC should be &quot;the leading broadcaster&quot; in terms of diversity. 
New policies will require BBC to publish the salary range of employees making over 450,000 pounds ($650,000). Funding for BBC World Service has been maintained.
</topic_text>
<spam_score>0.00</spam_score>
<post_num>1</post_num>
<post_id>post-1</post_id>
<post_url>http://kdhnews.com/news/ap/uk-government-changes-bbc-structure-seeks-more-diversity/article_16ddcccc-037c-5d9b-8309-c1413291ecca.html</post_url>
<post_date>20160512</post_date>
<post_time>1515</post_time>
<username></username>
<post>
UK government changes BBC structure; seeks more diversity Associated Press | 0 comments 
LONDON (AP) — The British government has announced changes for the BBC that alters its board structure and calls for more focus on serving minority audiences. 
The new charter described by Culture Secretary John Whittingdale abolishes the BBC Trust oversight group and creates a new board responsible for governing the broadcaster in the public interest. 
Some members of the new board will be designated by the government with the rest chosen by the BBC. 
It also requires the broadcaster to produce more programming for &quot;under-served&quot; audiences including black and Asian viewers. Whittingdale said Thursday that the BBC should be &quot;the leading broadcaster&quot; in terms of diversity. 
New policies will require BBC to publish the salary range of employees making over 450,000 pounds ($650,000). Funding for BBC World Service has been maintained.
</post>
<signature>

</signature>
<external_links>

</external_links>
<country>US</country>
<main_image>http://bloximages.newyork1.vip.townnews.com/kdhnews.com/content/tncms/assets/v3/editorial/3/f7/3f721774-4e48-11e4-a862-001a4bcf6878/5434246e4ed18.image.jpg</main_image>
</document>
