<?xml version="1.0" encoding="UTF-8"?>
<document>
<type>mainstream</type>
<forum></forum>
<forum_title></forum_title>
<discussion_title>Conglomerado empresarial é responsabilizado por quase arruinar pequeno comerciante | Notícias JusBrasil</discussion_title>
<language>portuguese</language>
<gmt_offset></gmt_offset>
<topic_url>http://tj-sc.jusbrasil.com.br/noticias/336695171/conglomerado-empresarial-e-responsabilizado-por-quase-arruinar-pequeno-comerciante</topic_url>
<topic_text>
Publicado por Tribunal de Justiça de Santa Catarina - 2 horas atrás LEIAM 0 NÃO LEIAM 
A Câmara Especial Regional de Chapecó manteve condenação por danos morais imposta a conglomerado empresarial que levou a protesto título quitado rigorosamente em dia, com a consequente e indevida inscrição de microempresário no cadastro de maus pagadores. Ela agora terá que desembolsar R$ 8 mil em favor do pequeno negociante que, mesmo com o débito pago na exata data de seu vencimento, sofreu com as restrições creditícias após ter o título protestado. 
Em sua defesa, tanto em 1º grau quanto no âmbito da apelação, a empresa atribuiu culpa exclusiva do microempresário que, embora tenha efetuado pagamento na data aprazada, o fez em valor inferior ao efetivamente devido. Este, ao seu turno, garantiu que pagou o boleto tal qual recebido e comprovou, através de original e cópias anexados aos autos, a unicidade do código de barra do título, dispositivo que decreta o valor a ser cobrado. 
Mesmo assim, apontada entre os maus pagadores da região, a pequena firma, que explora um minimercado em Campo Erê, sustentou que sofreu toda a sorte de infortúnios e precisou superar obstáculos e empecilhos para evitar a ruína de seus negócios. A câmara entendeu que o conglomerado realmente agiu de forma negligente e ilícita no episódio, razão pela qual, além da indenização por danos morais, foi confirmada a anulação do título, assim como a ordem para suprimir a indevida inscrição junto aos órgãos de controle de crédito, no prazo de 15 dias. O desembargador substituto Luiz Felipe Siegert Schuch foi o relator da matéria e a decisão foi unânime (Apelação Cível n. 2013.056755-5). Fotos: Divulgação/MorgueFile.com Tribunal de Justiça de Santa Catarina A instalação do Tribunal de Justiça em Santa Catarina deu-se em 1º de outubro de 1891, na Casa da Câmara, e foi um acontecimento político-administrativo marcante para a História deste Estado. O Superior Tribunal de Justiça era composto inicialmente por cinco membros, denominados desembargadores, e... 
</topic_text>
<spam_score>0.00</spam_score>
<post_num>1</post_num>
<post_id>post-1</post_id>
<post_url>http://tj-sc.jusbrasil.com.br/noticias/336695171/conglomerado-empresarial-e-responsabilizado-por-quase-arruinar-pequeno-comerciante</post_url>
<post_date>20160512</post_date>
<post_time></post_time>
<username>Tribunal De Justi A De Santa Catarina A Instala</username>
<post>
Publicado por Tribunal de Justiça de Santa Catarina - 2 horas atrás LEIAM 0 NÃO LEIAM 
A Câmara Especial Regional de Chapecó manteve condenação por danos morais imposta a conglomerado empresarial que levou a protesto título quitado rigorosamente em dia, com a consequente e indevida inscrição de microempresário no cadastro de maus pagadores. Ela agora terá que desembolsar R$ 8 mil em favor do pequeno negociante que, mesmo com o débito pago na exata data de seu vencimento, sofreu com as restrições creditícias após ter o título protestado. 
Em sua defesa, tanto em 1º grau quanto no âmbito da apelação, a empresa atribuiu culpa exclusiva do microempresário que, embora tenha efetuado pagamento na data aprazada, o fez em valor inferior ao efetivamente devido. Este, ao seu turno, garantiu que pagou o boleto tal qual recebido e comprovou, através de original e cópias anexados aos autos, a unicidade do código de barra do título, dispositivo que decreta o valor a ser cobrado. 
Mesmo assim, apontada entre os maus pagadores da região, a pequena firma, que explora um minimercado em Campo Erê, sustentou que sofreu toda a sorte de infortúnios e precisou superar obstáculos e empecilhos para evitar a ruína de seus negócios. A câmara entendeu que o conglomerado realmente agiu de forma negligente e ilícita no episódio, razão pela qual, além da indenização por danos morais, foi confirmada a anulação do título, assim como a ordem para suprimir a indevida inscrição junto aos órgãos de controle de crédito, no prazo de 15 dias. O desembargador substituto Luiz Felipe Siegert Schuch foi o relator da matéria e a decisão foi unânime (Apelação Cível n. 2013.056755-5). Fotos: Divulgação/MorgueFile.com Tribunal de Justiça de Santa Catarina A instalação do Tribunal de Justiça em Santa Catarina deu-se em 1º de outubro de 1891, na Casa da Câmara, e foi um acontecimento político-administrativo marcante para a História deste Estado. O Superior Tribunal de Justiça era composto inicialmente por cinco membros, denominados desembargadores, e... 
</post>
<signature>

</signature>
<external_links>

</external_links>
<country>US</country>
<main_image>http://imgs.jusbrasil.com/profiles/86/images/1410663564_standard.jpg</main_image>
</document>
