<?xml version="1.0" encoding="UTF-8"?>
<document>
<type>mainstream</type>
<forum>https://cdn.gameswelt.net/public/gw/feed/de/news/rss.xml</forum>
<forum_title>Gameswelt News Feed</forum_title>
<discussion_title>News: Star Trek Online - Free-to-play-MMO kommt auf PS4 und Xbox One</discussion_title>
<language>german</language>
<gmt_offset></gmt_offset>
<topic_url>http://www.gameswelt.de/star-trek-online/news/free-to-play-mmo-kommt-auf-ps4-und-xbox-one,257445</topic_url>
<topic_text>
Kommentieren Heute haben Perfect World Europe B.V. und Cryptic Studios ihre Pläne bekanntgegeben, das Free-to-play-MMORPG Star Trek Online im Herbst 2016 für die PlayStation 4 und Xbox One zu veröffentlichen. 
Star Trek Online wurde bereits vor etwa sechs Jahren für den PC veröffentlicht und erhielt seitdem zwei Erweiterungen, elf Staffeln und eine Reihe von technischen Upgrades. Diese sollen zum Launch im Herbst vollständig auf die Konsolen gebracht werden. Zudem fließen die Erfahrungen aus dem erfolgreichen Fantasy-MMORPG Neverwinter ein, das bereits seit längerer Zeit auf der Xbox One gespielt werden kann, um die Steuerung entsprechend für die Konsolen zu optimieren. 
Jeder Spieler beginnt sein Abenteuer mit der Wahl aus einer der klassischen Star-Trek-Fraktionen, Föderation, Klingonen oder Romulaner, und aus 32 Spezies, um ihren eigenen Captain mit unzähligen Anpassungsmöglichkeiten zum Leben zu erwecken. Beim Spielen von Star Trek Online werden Spieler berühmte Orte, wie Vulkan, Deep Space Nine, das Raumdock der Erde und viele andere besuchen. 
Für die Reise durch die unendlichen Weiten stehen den Captains von Star Trek Online hunderte der klassischen Star Trek-Schiffe zur Verfügung, mit denen im Weltraum auch Schiff gegen Schiff gekämpft wird. Spieler können die gesamte Story, bis hin zum Maximallevel, kostenlos spielen.
</topic_text>
<spam_score>0.00</spam_score>
<post_num>1</post_num>
<post_id>post-1</post_id>
<post_url>http://www.gameswelt.de/star-trek-online/news/free-to-play-mmo-kommt-auf-ps4-und-xbox-one,257445</post_url>
<post_date>20160512</post_date>
<post_time>1542</post_time>
<username></username>
<post>
Kommentieren Heute haben Perfect World Europe B.V. und Cryptic Studios ihre Pläne bekanntgegeben, das Free-to-play-MMORPG Star Trek Online im Herbst 2016 für die PlayStation 4 und Xbox One zu veröffentlichen. 
Star Trek Online wurde bereits vor etwa sechs Jahren für den PC veröffentlicht und erhielt seitdem zwei Erweiterungen, elf Staffeln und eine Reihe von technischen Upgrades. Diese sollen zum Launch im Herbst vollständig auf die Konsolen gebracht werden. Zudem fließen die Erfahrungen aus dem erfolgreichen Fantasy-MMORPG Neverwinter ein, das bereits seit längerer Zeit auf der Xbox One gespielt werden kann, um die Steuerung entsprechend für die Konsolen zu optimieren. 
Jeder Spieler beginnt sein Abenteuer mit der Wahl aus einer der klassischen Star-Trek-Fraktionen, Föderation, Klingonen oder Romulaner, und aus 32 Spezies, um ihren eigenen Captain mit unzähligen Anpassungsmöglichkeiten zum Leben zu erwecken. Beim Spielen von Star Trek Online werden Spieler berühmte Orte, wie Vulkan, Deep Space Nine, das Raumdock der Erde und viele andere besuchen. 
Für die Reise durch die unendlichen Weiten stehen den Captains von Star Trek Online hunderte der klassischen Star Trek-Schiffe zur Verfügung, mit denen im Weltraum auch Schiff gegen Schiff gekämpft wird. Spieler können die gesamte Story, bis hin zum Maximallevel, kostenlos spielen.
</post>
<signature>

</signature>
<external_links>

</external_links>
<country>CH</country>
<main_image>http://mediang.gameswelt.net/public/images/201605/93e7de8e707fce9cf1b5aadeb052b966.jpg</main_image>
</document>
