<?xml version="1.0" encoding="UTF-8"?>
<document>
<type>mainstream</type>
<forum>http://www.digitalspy.com/showbiz/</forum>
<forum_title>Digital Spy - Showbiz news, showbiz pictures, showbiz interviews</forum_title>
<discussion_title>Lady Gaga&apos;s new album will be &quot;honest, authentic and analog&quot; according to Mark Ronson</discussion_title>
<language>english</language>
<gmt_offset></gmt_offset>
<topic_url>http://www.digitalspy.com/music/news/a793880/lady-gagas-new-album-will-be-honest-authentic-analog-according-to-mark-ronson/</topic_url>
<topic_text>
​Lady Gaga&apos;s new album will be an honest and authentic affair, according to Mark Ronson. The producer is working with the singer on her upcoming fourth studio album, and he&apos;s given us a glimpse of what to expect.
&quot;I&apos;ve been working for the past few months with Lady Gaga on her upcoming record and I&apos;m just blown away by her talent, her voice,&quot; he told Charlie Rose (via Popjustice ).
&quot;She&apos;s a muso at heart. She&apos;s the happiest when she&apos;s sitting at a piano barking orders at the drummer, and I don&apos;t think that&apos;s the side of her the world has seen.
Share Tweet Pin E-mail © Getty Images Tristan Fewings Advertisement - Continue Reading Below ​&quot;They&apos;ve seen the massive pop singles, tours, and dance numbers, so it&apos;s really great to make this very honest, authentic, analog kind of record with her.&quot; ​
PREVIOUS ARTICLE Jon Bon Jovi hasn&apos;t spoken to Richie Sambora in 3 years More Music News coming soon But if Ronson says we&apos;ve already seen the &quot;massive pop singles&quot;, does that mean we won&apos;t be getting any more?
Say it isn&apos;t so!
Watch the music video for Lady Gaga&apos;s &apos;Bad Romance&apos; below:
</topic_text>
<spam_score>0.00</spam_score>
<post_num>1</post_num>
<post_id>post-1</post_id>
<post_url>http://www.digitalspy.com/music/news/a793880/lady-gagas-new-album-will-be-honest-authentic-analog-according-to-mark-ronson/</post_url>
<post_date>20160512</post_date>
<post_time></post_time>
<username>Amy Davidson</username>
<post>
​Lady Gaga&apos;s new album will be an honest and authentic affair, according to Mark Ronson. The producer is working with the singer on her upcoming fourth studio album, and he&apos;s given us a glimpse of what to expect.
&quot;I&apos;ve been working for the past few months with Lady Gaga on her upcoming record and I&apos;m just blown away by her talent, her voice,&quot; he told Charlie Rose (via Popjustice ).
&quot;She&apos;s a muso at heart. She&apos;s the happiest when she&apos;s sitting at a piano barking orders at the drummer, and I don&apos;t think that&apos;s the side of her the world has seen.
Share Tweet Pin E-mail © Getty Images Tristan Fewings Advertisement - Continue Reading Below ​&quot;They&apos;ve seen the massive pop singles, tours, and dance numbers, so it&apos;s really great to make this very honest, authentic, analog kind of record with her.&quot; ​
PREVIOUS ARTICLE Jon Bon Jovi hasn&apos;t spoken to Richie Sambora in 3 years More Music News coming soon But if Ronson says we&apos;ve already seen the &quot;massive pop singles&quot;, does that mean we won&apos;t be getting any more?
Say it isn&apos;t so!
Watch the music video for Lady Gaga&apos;s &apos;Bad Romance&apos; below:
</post>
<signature>

</signature>
<external_links>
<external_link>http://digitalspyuk.cdnds.net/15/34/1600x800/landscape_music-mark-ronson-v-festival-2015.jpg</external_link><external_link>http://digitalspyuk.cdnds.net/15/34/1600x1066/gallery_music-mark-ronson-v-festival-2015.jpg</external_link><external_link>http://digitalspyuk.cdnds.net/15/34/768x511/gallery_music-mark-ronson-v-festival-2015.jpg</external_link><external_link>http://www.popjustice.com/thenews/according-to-mark-ronson-lady-gagas-new-album-is-honest-authentic-analogue/</external_link><external_link>http://digitalspyuk.cdnds.net/15/34/1280x853/gallery_music-mark-ronson-v-festival-2015.jpg</external_link><external_link>http://digitalspyuk.cdnds.net/15/34/980x653/gallery_music-mark-ronson-v-festival-2015.jpg</external_link><external_link>http://digitalspyuk.cdnds.net/15/34/480x319/gallery_music-mark-ronson-v-festival-2015.jpg</external_link><external_link>http://digitalspyuk.cdnds.net/15/34/640x426/gallery_music-mark-ronson-v-festival-2015.jpg</external_link>
</external_links>
<country>US</country>
<main_image>http://digitalspyuk.cdnds.net/16/05/1600x800/landscape-1454888445-lady-gaga-super-bowl-50.jpg</main_image>
</document>
