<?xml version="1.0" encoding="UTF-8"?>
<document>
<type>mainstream</type>
<forum></forum>
<forum_title></forum_title>
<discussion_title>&apos;RHONY&apos;: Carole Radziwill Insults Jules Wainstein&apos;s Weight - Us Weekly</discussion_title>
<language>english</language>
<gmt_offset></gmt_offset>
<topic_url>http://www.usmagazine.com/entertainment/news/rhony-carole-radziwill-insults-jules-wainsteins-weight-w206051</topic_url>
<topic_text>
Taylor Swift Dances Like No One&apos;s Watching in New Apple Music Ad TV Recap &apos;The Real Housewives of New York City&apos; Recap: Dorinda Medley Calls Ramona Singer a &apos;Bitch,&apos; Carole Radziwill Insults Jules Wainstein&apos;s Weight May 11, 2016 @ 10:55 PM By Elizabeth Durand Streisand Go big or go home, especially in New York City. On the Wednesday, May 11, episode of The Real Housewives of New York City , the ladies found themselves swirling in a tornado of drama. From psychic readings that sparked waterworks, to birthday parties where tempers soared, it seemed that every event was an opportunity to accuse someone of having an eating disorder or a drinking problem or a boyfriend who&apos;s subpar. 
It&apos;s Written in the Stars ... or Something 
Thinking it would be a fun bonding activity, Carole Radziwill hosted a little get-together for some of the girls to get readings from Kim Russo , a psychic medium. Dorinda Medley , Jules Wainstein , Bethenny Frankel and Ramona Singer all dropped by for the occasion, though some were more open to the spirit world than others. (Ramona clearly bought every word, while Bethenny could barely hide her annoyance at the whole concept.) PHOTOS: Real Housewives&apos; Bikini Bodies 
After fawning all over Jules about how she is setting out to be an example to women everywhere, the psychic turned to Bethenny, noting that the Skinnygirl creator was &quot;blocking&quot; her. Before Bethenny could argue, Kim said that Bethenny&apos;s father &quot;doesn&apos;t connect with his heart,&quot; which didn’t impress Bethenny much. The psychic then informed Bethenny that she didn&apos;t see Bethenny getting married again, and Bethenny said she needed to go pick up her daughter from school. 
Turning to Dorinda, Kim broke the news that she wouldn’t be marrying her boyfriend, John Mahdessian , prompting Ramona to blurt out, &quot;Thank God.&quot; 
Dorinda was not happy about that. &quot;John doesn&apos;t like you either. He thinks you&apos;re a bitch,&quot; she snapped. While Ramona tried to backpedal in her special Ramona way, Dorinda went on a rampage, ordering her friend to &quot;stop acting like a bitch.&quot; Ramona, clearly startled, told Dorinda she was getting out of control (which, to be fair, she sort of was). &quot;Shut your mouth!&quot; Dorinda screamed. &quot;No one gives a s--t!&quot; PHOTOS: Failed Reality TV Romances 
Carole noted she was &quot;embarrassed&quot; by the situation as Dorinda declared that Mario left Ramona for someone else. When Ramona tried to correct Dorinda, she shouted, &quot;Shut up! I&apos;m tired of it, and I&apos;m not putting up with it anymore!&quot; 
Somehow Kim defused the situation enough to talk to Ramona about her late father, which quickly brought the normally bubbly blonde to tears. Seemingly touched, Dorinda snuggled up next to Ramona and they made up. Again. For now. 
Dorinda Tells John to Grab an Easy Pass Back to Queens 
After the psychic reading, Dorinda headed out on a dinner date with the man of the hour: her boyfriend, John. Though things started nicely enough, Dorinda&apos;s mood quickly turned as John insisted, repeatedly, that in his ongoing war with Ramona, he was not in any way at fault. &quot;I&apos;ve been a gentleman,&quot; he repeated over and over as Dorinda became more and more agitated. 
&quot;Oh, my God!&quot; she finally snapped. &quot;It&apos;s not about you! I don&apos;t want to talk about you!&quot; John then dramatically stabbed a fork into his meal to indicate the conversation was over. PHOTOS: Celebrity Kids — Just Like Us! 
&quot;Do it again, and grab an Easy Pass to Queens,&quot; Dorinda said before storming out. (To be clear, grabbing &quot;an Easy Pass to Queens&quot; was an insult.) &quot;John is not understanding that I&apos;m sick and tired,&quot; she lamented to the camera. &quot;And he&apos;s part of the reason that I&apos;m done.&quot; 
Jules Opens Up to Carole About Her Eating Disorder 
Meanwhile, Jules and Carole got together to debrief about the fight between Ramona and Dorinda at the psychic party — but they ended up talking about Jules instead. After Carole asked Jules what the psychic meant when she said that Jules was striving to be a role model for women, Jules first cited being a mother. Unsatisfied, Carole pushed on saying she thought the psychic meant &quot;something bigger.&quot; Finally, Jules opened up about the real reason she hoped to be a role model. 
&quot;I&apos;m over 12 years in recovery for an eating disorder,&quot; she said proudly. While Carole was supportive in the moment, to the camera she admitted she &quot;wasn’t surprised&quot; Jules had an eating disorder because she is &quot;very, very, very thin — unnaturally thin.&quot; She also noted that Jules seemed to &quot;care a lot about food&quot; and &quot;puts a lot of food out when guests come over.&quot; Carole shrugged and said, &quot;She definitely has a relationship with food.&quot; (In other words, Carole didn&apos;t seem convinced the eating disorder was behind Jules at all.) 
It&apos;s Sonja&apos;s Party, and She&apos;ll Drink Prosecco If She Wants to (And She Wants to) 
After getting a bizarre (and possibly illegal) facial, Sonja was ready to celebrate her birthday in style. Pretty much everyone made it out for the big soiree except Bethenny, which was probably for the best — but more on that later. 
Tensions were high between Ramona and Luann de Lesseps from the start, as Luann confronted Ramona about telling Sonja that she was concerned about the Countess spending time with her. &quot;Me? A bad influence on Sonja?&quot; Luann gasped. &quot;Are you kidding me, Mrs. Turtle Time?&quot; She then accused Ramona of going around &quot;with a bottle of pinot grigio&quot; up her skirt. The Real Housewives of New York cast Mathieu Young/Bravo 
&quot;I&apos;m not like Luann and Sonja, who stay out until 4 in the morning and then bring whatever guys they meet back to the place and drink, and who knows else they do,&quot; Ramona quipped to the camera. She went on to argue, &quot;It&apos;s not a good fit because Luann likes to drink a lot, and Sonja can&apos;t keep up with her. We&apos;re supposed to take Sonja away from drinking, taking her away from being with random men, and all Luann does is add to the influence of both.&quot; 
At some point during Luann and Ramona&apos;s conversation, Sonja butted in to say, &quot;You guys have nothing better to do than talk about me!&quot; She didn&apos;t seem the least bit concerned about anything they were saying, however. (Oh, they also got into it about Luann &quot;re-gifting&quot; a necklace to Ramona. The biggest takeaway from that, however, was that Ramona doesn&apos;t know what re-gifting is because it didn&apos;t sound like that&apos;s what Luann had done.) 
In any case, the party ended with Sonja revealing her latest business venture, a prosecco called Tipsy Girl. &quot;Booze. That&apos;s the last thing Sonja needs to do,&quot; Ramona said to the camera before commenting that the name was awfully similar to Bethenny&apos;s brand, Skinnygirl. 
For her part, Sonja was (or was pretending to be) oblivious to the similarity between her liquor brand and Bethenny&apos;s. &quot;I love the name Tipsy Girl, and I feel like I&apos;m the ultimate Tipsy Girl!&quot; she declared with a smile. &quot;I really wish Bethenny were here because I&apos;d really like to get her opinion.&quot; 
While Jules seemed to anticipate that the name might be an issue for Bethenny, Dorinda disagreed. &quot;I can&apos;t imagine this is going to matter to Bethenny,&quot; Dorinda reasoned. &quot;Bethenny is an ocean, and this is a tiny stream.&quot; 
Tell Us : Was Carole right to be concerned about Jules&apos; weight, or did her remarks go too far? 
The Real Housewives of New York City airs on Bravo Wednesdays at 9 p.m. ET. 
Can&apos;t get enough of Us ? Sign up now for the Us Weekly newsletter packed with the latest celeb news, hot pics and more! Add a Comment Sign Up for the Us Weekly Newsletter! 
You will receive the latest news and updates on your favorite celebrities! 
</topic_text>
<spam_score>0.00</spam_score>
<post_num>1</post_num>
<post_id>post-1</post_id>
<post_url>http://www.usmagazine.com/entertainment/news/rhony-carole-radziwill-insults-jules-wainsteins-weight-w206051</post_url>
<post_date>20160512</post_date>
<post_time></post_time>
<username></username>
<post>
Taylor Swift Dances Like No One&apos;s Watching in New Apple Music Ad TV Recap &apos;The Real Housewives of New York City&apos; Recap: Dorinda Medley Calls Ramona Singer a &apos;Bitch,&apos; Carole Radziwill Insults Jules Wainstein&apos;s Weight May 11, 2016 @ 10:55 PM By Elizabeth Durand Streisand Go big or go home, especially in New York City. On the Wednesday, May 11, episode of The Real Housewives of New York City , the ladies found themselves swirling in a tornado of drama. From psychic readings that sparked waterworks, to birthday parties where tempers soared, it seemed that every event was an opportunity to accuse someone of having an eating disorder or a drinking problem or a boyfriend who&apos;s subpar. 
It&apos;s Written in the Stars ... or Something 
Thinking it would be a fun bonding activity, Carole Radziwill hosted a little get-together for some of the girls to get readings from Kim Russo , a psychic medium. Dorinda Medley , Jules Wainstein , Bethenny Frankel and Ramona Singer all dropped by for the occasion, though some were more open to the spirit world than others. (Ramona clearly bought every word, while Bethenny could barely hide her annoyance at the whole concept.) PHOTOS: Real Housewives&apos; Bikini Bodies 
After fawning all over Jules about how she is setting out to be an example to women everywhere, the psychic turned to Bethenny, noting that the Skinnygirl creator was &quot;blocking&quot; her. Before Bethenny could argue, Kim said that Bethenny&apos;s father &quot;doesn&apos;t connect with his heart,&quot; which didn’t impress Bethenny much. The psychic then informed Bethenny that she didn&apos;t see Bethenny getting married again, and Bethenny said she needed to go pick up her daughter from school. 
Turning to Dorinda, Kim broke the news that she wouldn’t be marrying her boyfriend, John Mahdessian , prompting Ramona to blurt out, &quot;Thank God.&quot; 
Dorinda was not happy about that. &quot;John doesn&apos;t like you either. He thinks you&apos;re a bitch,&quot; she snapped. While Ramona tried to backpedal in her special Ramona way, Dorinda went on a rampage, ordering her friend to &quot;stop acting like a bitch.&quot; Ramona, clearly startled, told Dorinda she was getting out of control (which, to be fair, she sort of was). &quot;Shut your mouth!&quot; Dorinda screamed. &quot;No one gives a s--t!&quot; PHOTOS: Failed Reality TV Romances 
Carole noted she was &quot;embarrassed&quot; by the situation as Dorinda declared that Mario left Ramona for someone else. When Ramona tried to correct Dorinda, she shouted, &quot;Shut up! I&apos;m tired of it, and I&apos;m not putting up with it anymore!&quot; 
Somehow Kim defused the situation enough to talk to Ramona about her late father, which quickly brought the normally bubbly blonde to tears. Seemingly touched, Dorinda snuggled up next to Ramona and they made up. Again. For now. 
Dorinda Tells John to Grab an Easy Pass Back to Queens 
After the psychic reading, Dorinda headed out on a dinner date with the man of the hour: her boyfriend, John. Though things started nicely enough, Dorinda&apos;s mood quickly turned as John insisted, repeatedly, that in his ongoing war with Ramona, he was not in any way at fault. &quot;I&apos;ve been a gentleman,&quot; he repeated over and over as Dorinda became more and more agitated. 
&quot;Oh, my God!&quot; she finally snapped. &quot;It&apos;s not about you! I don&apos;t want to talk about you!&quot; John then dramatically stabbed a fork into his meal to indicate the conversation was over. PHOTOS: Celebrity Kids — Just Like Us! 
&quot;Do it again, and grab an Easy Pass to Queens,&quot; Dorinda said before storming out. (To be clear, grabbing &quot;an Easy Pass to Queens&quot; was an insult.) &quot;John is not understanding that I&apos;m sick and tired,&quot; she lamented to the camera. &quot;And he&apos;s part of the reason that I&apos;m done.&quot; 
Jules Opens Up to Carole About Her Eating Disorder 
Meanwhile, Jules and Carole got together to debrief about the fight between Ramona and Dorinda at the psychic party — but they ended up talking about Jules instead. After Carole asked Jules what the psychic meant when she said that Jules was striving to be a role model for women, Jules first cited being a mother. Unsatisfied, Carole pushed on saying she thought the psychic meant &quot;something bigger.&quot; Finally, Jules opened up about the real reason she hoped to be a role model. 
&quot;I&apos;m over 12 years in recovery for an eating disorder,&quot; she said proudly. While Carole was supportive in the moment, to the camera she admitted she &quot;wasn’t surprised&quot; Jules had an eating disorder because she is &quot;very, very, very thin — unnaturally thin.&quot; She also noted that Jules seemed to &quot;care a lot about food&quot; and &quot;puts a lot of food out when guests come over.&quot; Carole shrugged and said, &quot;She definitely has a relationship with food.&quot; (In other words, Carole didn&apos;t seem convinced the eating disorder was behind Jules at all.) 
It&apos;s Sonja&apos;s Party, and She&apos;ll Drink Prosecco If She Wants to (And She Wants to) 
After getting a bizarre (and possibly illegal) facial, Sonja was ready to celebrate her birthday in style. Pretty much everyone made it out for the big soiree except Bethenny, which was probably for the best — but more on that later. 
Tensions were high between Ramona and Luann de Lesseps from the start, as Luann confronted Ramona about telling Sonja that she was concerned about the Countess spending time with her. &quot;Me? A bad influence on Sonja?&quot; Luann gasped. &quot;Are you kidding me, Mrs. Turtle Time?&quot; She then accused Ramona of going around &quot;with a bottle of pinot grigio&quot; up her skirt. The Real Housewives of New York cast Mathieu Young/Bravo 
&quot;I&apos;m not like Luann and Sonja, who stay out until 4 in the morning and then bring whatever guys they meet back to the place and drink, and who knows else they do,&quot; Ramona quipped to the camera. She went on to argue, &quot;It&apos;s not a good fit because Luann likes to drink a lot, and Sonja can&apos;t keep up with her. We&apos;re supposed to take Sonja away from drinking, taking her away from being with random men, and all Luann does is add to the influence of both.&quot; 
At some point during Luann and Ramona&apos;s conversation, Sonja butted in to say, &quot;You guys have nothing better to do than talk about me!&quot; She didn&apos;t seem the least bit concerned about anything they were saying, however. (Oh, they also got into it about Luann &quot;re-gifting&quot; a necklace to Ramona. The biggest takeaway from that, however, was that Ramona doesn&apos;t know what re-gifting is because it didn&apos;t sound like that&apos;s what Luann had done.) 
In any case, the party ended with Sonja revealing her latest business venture, a prosecco called Tipsy Girl. &quot;Booze. That&apos;s the last thing Sonja needs to do,&quot; Ramona said to the camera before commenting that the name was awfully similar to Bethenny&apos;s brand, Skinnygirl. 
For her part, Sonja was (or was pretending to be) oblivious to the similarity between her liquor brand and Bethenny&apos;s. &quot;I love the name Tipsy Girl, and I feel like I&apos;m the ultimate Tipsy Girl!&quot; she declared with a smile. &quot;I really wish Bethenny were here because I&apos;d really like to get her opinion.&quot; 
While Jules seemed to anticipate that the name might be an issue for Bethenny, Dorinda disagreed. &quot;I can&apos;t imagine this is going to matter to Bethenny,&quot; Dorinda reasoned. &quot;Bethenny is an ocean, and this is a tiny stream.&quot; 
Tell Us : Was Carole right to be concerned about Jules&apos; weight, or did her remarks go too far? 
The Real Housewives of New York City airs on Bravo Wednesdays at 9 p.m. ET. 
Can&apos;t get enough of Us ? Sign up now for the Us Weekly newsletter packed with the latest celeb news, hot pics and more! Add a Comment Sign Up for the Us Weekly Newsletter! 
You will receive the latest news and updates on your favorite celebrities! 
</post>
<signature>

</signature>
<external_links>

</external_links>
<country>US</country>
<main_image>http://img.wennermedia.com/social/nup_166806_8001_real-housewives-of-new-york-city-zoom-ace12984-94e1-4ce5-8013-716aaf2d56f3.jpg</main_image>
</document>
