<?xml version="1.0" encoding="UTF-8"?>
<document>
<type>mainstream</type>
<forum>http://www.ideal.es/sociedad/?reducido=1&amp;pag=646</forum>
<forum_title></forum_title>
<discussion_title>Diabetes y enfermedades vasculares, culpables de la mayoría de amputaciones</discussion_title>
<language>spanish</language>
<gmt_offset></gmt_offset>
<topic_url>http://www.ideal.es/sociedad/salud/investigacion/201506/15/diabetes-enfermedades-vasculares-culpables-20150615173345-rc.html</topic_url>
<topic_text>
El 90% de las amputaciones que se realizan en los países desarrollados se debe a enfermedades vasculares, según el doctor Lluis Guirao, Jefe de Servicio de Medicina Física y Rehabilitación del Hospital de Mataró. Las causas suelen ser diabetes y enfermedades vasculares periféricas. «Al ocurrir en pacientes mayores y con más enfermedades suele pasar desapercibido», advierte el doctor Guirao, durante el Congreso Nacional de la Sociedad Española de Rehabilitación y Medicina física (SERMEF). «Existen diferentes niveles de amputación, y dependiendo de dónde se haga la amputación, la capacidad de carga del paciente será diferente, por lo que hay que valorarlo bien y consensuar con el cirujano».
Tras una amputación, el tratamiento, la prótesis y la rehabilitación serán diferentes según la edad del paciente, y la posibilidad de utilizar prótesis también varía. La prevalencia para la prótesis puede ir del 15% al 80%, según el caso, la rehabilitación, el individuo. «Hay que tener en cuenta que no sólo le falta la extremidad, esa persona puede tener alteraciones en las arterias, en el corazón, puede sufrir un ictus, o incluso otra amputación en el futuro, por lo que la valoración para ver si es candidato válido para una prótesis es diferente, y hay que mirarlo en su conjunto global», explica el doctor Guirao. «El mismo nivel de amputación tendrá mayor o menor éxito dependiendo de todos los factores».
Nuevas alternativas en prótesis
Entre los implantes más avanzados está uno de titanio que se inserta dentro del fémur, un ensayo clínico que recién se presentó en el congreso. En la parte final del implante de titanio hay un espaciador, con forma circular que queda escondida en el muñón, lo que permite que sea compacto y flexible, en una intervención que dura solo 50 minutos. Con esto se espera aumentar los metros y la velocidad a la que el paciente puede andar, y las horas del uso de la prótesis, mientras disminuye el dolor en el paciente.
El doctor Guirao concluye que, en el caso de las personas mayores, «lo fácil sería no prescribir una prótesis, pero deberíamos ser objetivos ya que somos capaces de mejorar la calidad de vida de estas personas, a pesar de su edad».
Lo Más lo más 50
</topic_text>
<spam_score>0.00</spam_score>
<post_num>1</post_num>
<post_id>post-1</post_id>
<post_url>http://www.ideal.es/sociedad/salud/investigacion/201506/15/diabetes-enfermedades-vasculares-culpables-20150615173345-rc.html</post_url>
<post_date>20150615</post_date>
<post_time>1750</post_time>
<username>redacción</username>
<post>
El 90% de las amputaciones que se realizan en los países desarrollados se debe a enfermedades vasculares, según el doctor Lluis Guirao, Jefe de Servicio de Medicina Física y Rehabilitación del Hospital de Mataró. Las causas suelen ser diabetes y enfermedades vasculares periféricas. «Al ocurrir en pacientes mayores y con más enfermedades suele pasar desapercibido», advierte el doctor Guirao, durante el Congreso Nacional de la Sociedad Española de Rehabilitación y Medicina física (SERMEF). «Existen diferentes niveles de amputación, y dependiendo de dónde se haga la amputación, la capacidad de carga del paciente será diferente, por lo que hay que valorarlo bien y consensuar con el cirujano».
Tras una amputación, el tratamiento, la prótesis y la rehabilitación serán diferentes según la edad del paciente, y la posibilidad de utilizar prótesis también varía. La prevalencia para la prótesis puede ir del 15% al 80%, según el caso, la rehabilitación, el individuo. «Hay que tener en cuenta que no sólo le falta la extremidad, esa persona puede tener alteraciones en las arterias, en el corazón, puede sufrir un ictus, o incluso otra amputación en el futuro, por lo que la valoración para ver si es candidato válido para una prótesis es diferente, y hay que mirarlo en su conjunto global», explica el doctor Guirao. «El mismo nivel de amputación tendrá mayor o menor éxito dependiendo de todos los factores».
Nuevas alternativas en prótesis
Entre los implantes más avanzados está uno de titanio que se inserta dentro del fémur, un ensayo clínico que recién se presentó en el congreso. En la parte final del implante de titanio hay un espaciador, con forma circular que queda escondida en el muñón, lo que permite que sea compacto y flexible, en una intervención que dura solo 50 minutos. Con esto se espera aumentar los metros y la velocidad a la que el paciente puede andar, y las horas del uso de la prótesis, mientras disminuye el dolor en el paciente.
El doctor Guirao concluye que, en el caso de las personas mayores, «lo fácil sería no prescribir una prótesis, pero deberíamos ser objetivos ya que somos capaces de mejorar la calidad de vida de estas personas, a pesar de su edad».
Lo Más lo más 50
</post>
<signature>

</signature>
<external_links>

</external_links>
<country>ES</country>
<main_image>http://www.ideal.es/RC/201506/15/media/cortadas/amputada--575x323.jpg</main_image>
</document>
