<?xml version="1.0" encoding="UTF-8"?>
<document>
<type>mainstream</type>
<forum></forum>
<forum_title></forum_title>
<discussion_title>Man pleads guilty in Sandy Hook massacre charity scam | Fox News</discussion_title>
<language>english</language>
<gmt_offset></gmt_offset>
<topic_url>http://www.foxnews.com/us/2016/05/12/man-pleads-guilty-in-sandy-hook-massacre-charity-scam.html</topic_url>
<topic_text>
Man pleads guilty in Sandy Hook massacre charity scam Published May 12, 2016 Facebook 0 Twitter 0 Email Print 
HARTFORD, Conn. – A Tennessee man pleaded guilty Thursday to defrauding the charity he created to benefit the people of Newtown following the 2012 Sandy Hook Elementary School massacre. 
Robert Bruce, 35, apologized in federal court in Hartford and acknowledged he used money from his 26.4.26 Foundation for personal expenses. 
The Nashville man pleaded guilty to a single count of wire fraud and faces between eight and 18 months in prison under the terms of a plea agreement. 
The foundation organized marathons in which runners raised money for each of the 26 miles they ran, dedicating each mile to one of the 26 victims of the December 2012 shootings. 
Bruce gave $30,000 to a youth sports academy in Newtown, but prosecutors say he stole about $28,000. 
Bruce told Judge Alvin Thompson that he started the foundation to &quot;effectuate change&quot; and said he was touched by the outpouring of goodwill. 
He also told the court that he spent three months in an in-patient treatment center getting help for a substance-abuse problem, but said nothing excuses his conduct. 
&quot;I deeply regret what I did and the impact it had on other people,&quot; he said. 
Bruce originally faced six counts after being charged in February 2015, about a year after authorities were contacted by Ryan Graney, a co-founder of the charity. She told them Bruce had failed to account for about $73,000 of the $103,000 they had raised. 
The charity held its first marathon in Nashville a week after the shooting, with more than 1,000 participants raising $30,000. Another was held in New Hampshire in 2013. More than 1,400 runners raised about $22,000 for the foundation, organizers said. The charity also received donations from runners in other events and over the Internet. 
The wire fraud charge stemmed from a single donation of $26 from a Connecticut woman. 
Graney has said she noticed something was amiss when she discovered suspicious charges to the foundation&apos;s account, including $1,200 for paddleboards. She said she later found a picture of a new paddleboard on Bruce&apos;s Instagram page. 
Graney said she confronted Bruce and he promised to meet her and go over the organization&apos;s finances. She said he never showed up and then cut off contact with her. 
Graney has not been accused of any wrongdoing. She is currently involved with the family of Sandy Hook victim Victoria Soto, helping to run an annual road race that has raised thousands of dollars to fund scholarships for students studying to become educators. 
&quot;There were people who told me to keep quiet and to let this go but, I knew I couldn&apos;t live with that decision,&quot; she said in March, when the plea deal was first announced. &quot;I am ready for the closure that this plea deal will provide and I hope this will teach others a hard lesson about charity, philanthropy and doing the right thing.&quot; 
Sentencing is scheduled for Aug. 30. Advertisement 
</topic_text>
<spam_score>0.00</spam_score>
<post_num>1</post_num>
<post_id>post-1</post_id>
<post_url>http://www.foxnews.com/us/2016/05/12/man-pleads-guilty-in-sandy-hook-massacre-charity-scam.html</post_url>
<post_date>20160512</post_date>
<post_time></post_time>
<username></username>
<post>
Man pleads guilty in Sandy Hook massacre charity scam Published May 12, 2016 Facebook 0 Twitter 0 Email Print 
HARTFORD, Conn. – A Tennessee man pleaded guilty Thursday to defrauding the charity he created to benefit the people of Newtown following the 2012 Sandy Hook Elementary School massacre. 
Robert Bruce, 35, apologized in federal court in Hartford and acknowledged he used money from his 26.4.26 Foundation for personal expenses. 
The Nashville man pleaded guilty to a single count of wire fraud and faces between eight and 18 months in prison under the terms of a plea agreement. 
The foundation organized marathons in which runners raised money for each of the 26 miles they ran, dedicating each mile to one of the 26 victims of the December 2012 shootings. 
Bruce gave $30,000 to a youth sports academy in Newtown, but prosecutors say he stole about $28,000. 
Bruce told Judge Alvin Thompson that he started the foundation to &quot;effectuate change&quot; and said he was touched by the outpouring of goodwill. 
He also told the court that he spent three months in an in-patient treatment center getting help for a substance-abuse problem, but said nothing excuses his conduct. 
&quot;I deeply regret what I did and the impact it had on other people,&quot; he said. 
Bruce originally faced six counts after being charged in February 2015, about a year after authorities were contacted by Ryan Graney, a co-founder of the charity. She told them Bruce had failed to account for about $73,000 of the $103,000 they had raised. 
The charity held its first marathon in Nashville a week after the shooting, with more than 1,000 participants raising $30,000. Another was held in New Hampshire in 2013. More than 1,400 runners raised about $22,000 for the foundation, organizers said. The charity also received donations from runners in other events and over the Internet. 
The wire fraud charge stemmed from a single donation of $26 from a Connecticut woman. 
Graney has said she noticed something was amiss when she discovered suspicious charges to the foundation&apos;s account, including $1,200 for paddleboards. She said she later found a picture of a new paddleboard on Bruce&apos;s Instagram page. 
Graney said she confronted Bruce and he promised to meet her and go over the organization&apos;s finances. She said he never showed up and then cut off contact with her. 
Graney has not been accused of any wrongdoing. She is currently involved with the family of Sandy Hook victim Victoria Soto, helping to run an annual road race that has raised thousands of dollars to fund scholarships for students studying to become educators. 
&quot;There were people who told me to keep quiet and to let this go but, I knew I couldn&apos;t live with that decision,&quot; she said in March, when the plea deal was first announced. &quot;I am ready for the closure that this plea deal will provide and I hope this will teach others a hard lesson about charity, philanthropy and doing the right thing.&quot; 
Sentencing is scheduled for Aug. 30. Advertisement 
</post>
<signature>

</signature>
<external_links>

</external_links>
<country>IT</country>
<main_image>http://www.foxnews.com/content/dam/fox-news/logo/og-fn-foxnews.jpg</main_image>
</document>
