<?xml version="1.0" encoding="UTF-8"?>
<document>
<type>mainstream</type>
<forum>http://hamodia.com/category/regional/</forum>
<forum_title>Regional Archives - Hamodia</forum_title>
<discussion_title>Palestinian Teens Arrested for Security Barrier Arson</discussion_title>
<language>english</language>
<gmt_offset></gmt_offset>
<topic_url>http://hamodia.com/2016/05/12/palestinian-teens-arrested-security-barrier-arson/</topic_url>
<topic_text>
YERUSHALAYIM - Six Palestinian teenagers were arrested for violent activity at the security barrier near Beitunia, north of Yerushalayim, Thursday morning.
The youths, ages 14-17, set a fire near the barrier and also hurled rocks at Border Police at the scene. There were no reports of injuries.
In other security incidents on Thursday, rock-throwing was reported in the capital and on the road to the Etzion Bloc, where passing Israeli vehicles were the targets, according to Israel Radio. B’chasdei shamayim , no injuries or damage were reported.
In Yerushalayim, a 16-year-old Arab teenager threw stones at a car on Uzi Narkis street, which runs through the neighborhoods of Pisgat Ze’ev and Beit Hanina. The assailant was arrested for the attack, in which the vehicle sustained damage, according to Walla news.
Earlier Thursday, a 20-year-old was stabbed and lightly wounded in Pisgat Ze’ev, though police had not determined that it was an act of terrorism. The assailant escaped.
</topic_text>
<spam_score>0.00</spam_score>
<post_num>1</post_num>
<post_id>post-1</post_id>
<post_url>http://hamodia.com/2016/05/12/palestinian-teens-arrested-security-barrier-arson/</post_url>
<post_date>20160512</post_date>
<post_time></post_time>
<username>Hamodia Staff</username>
<post>
YERUSHALAYIM - Six Palestinian teenagers were arrested for violent activity at the security barrier near Beitunia, north of Yerushalayim, Thursday morning.
The youths, ages 14-17, set a fire near the barrier and also hurled rocks at Border Police at the scene. There were no reports of injuries.
In other security incidents on Thursday, rock-throwing was reported in the capital and on the road to the Etzion Bloc, where passing Israeli vehicles were the targets, according to Israel Radio. B’chasdei shamayim , no injuries or damage were reported.
In Yerushalayim, a 16-year-old Arab teenager threw stones at a car on Uzi Narkis street, which runs through the neighborhoods of Pisgat Ze’ev and Beit Hanina. The assailant was arrested for the attack, in which the vehicle sustained damage, according to Walla news.
Earlier Thursday, a 20-year-old was stabbed and lightly wounded in Pisgat Ze’ev, though police had not determined that it was an act of terrorism. The assailant escaped.
</post>
<signature>

</signature>
<external_links>

</external_links>
<country>US</country>
<main_image></main_image>
</document>
