<?xml version="1.0" encoding="UTF-8"?>
<document>
<type>mainstream</type>
<forum></forum>
<forum_title></forum_title>
<discussion_title>Kasetti-comeback on totta: jopa Vesala julkaisee albuminsa c-kasettina - Soundi.fi</discussion_title>
<language>finnish</language>
<gmt_offset></gmt_offset>
<topic_url>http://www.soundi.fi/uutiset/kasetti-comeback-totta-jopa-paula-vesala-julkaisee-albuminsa-c-kasettina/</topic_url>
<topic_text>
seuraava juttu → Vesala-levyn kansi näyttää tältä. C-kasetissa tietenkin pystymallinen rajaus. 
Jo kerran kuoliaaksi kuopattu c-kasetti on viime vuosina ollut yhä vain yleistyvä formaatti etenkin ug/punkpiireissä, esimerkiksi Jukka Nousiaisen sekä Räjäyttäjien tuoreimmat pitkäsoitot ovat toistaiseksi saatavilla vain kasettina. 
Valtavirran artistit eivät ole kasetin pienimuotoisesta comebackista toistaiseksi innostuneet (tosin J. Karjalaisen Polkabilly Rebels julkaistiin pienenä kasettipainoksena vuonna 2010) mutta nyt Paula Vesala näyttää tietä julkaisemalla 17.6. ilmestyvän albuminsa diginä, cd:nä, vinyylinä sekä vanhana kunnon c-kasettina. Toivottavasti on sentään krominauha! 
Eri formaattivaihtoehtoja voi katsella Levykauppa Äxän sivuilla . 
Toistaiseksi Vesala -albumilta on julkaistu kaksi singleä, Tequila sekä Tytöt ei soita kitaraa . Lisäksi juuri näki päivänvalon Paula Vesalan Elastisen kanssa tv-sarjaa varten yhdessä tekemä En tunne sua . 
</topic_text>
<spam_score>0.00</spam_score>
<post_num>1</post_num>
<post_id>post-1</post_id>
<post_url>http://www.soundi.fi/uutiset/kasetti-comeback-totta-jopa-paula-vesala-julkaisee-albuminsa-c-kasettina/</post_url>
<post_date>20160512</post_date>
<post_time></post_time>
<username>Mikko Meril Inen</username>
<post>
seuraava juttu → Vesala-levyn kansi näyttää tältä. C-kasetissa tietenkin pystymallinen rajaus. 
Jo kerran kuoliaaksi kuopattu c-kasetti on viime vuosina ollut yhä vain yleistyvä formaatti etenkin ug/punkpiireissä, esimerkiksi Jukka Nousiaisen sekä Räjäyttäjien tuoreimmat pitkäsoitot ovat toistaiseksi saatavilla vain kasettina. 
Valtavirran artistit eivät ole kasetin pienimuotoisesta comebackista toistaiseksi innostuneet (tosin J. Karjalaisen Polkabilly Rebels julkaistiin pienenä kasettipainoksena vuonna 2010) mutta nyt Paula Vesala näyttää tietä julkaisemalla 17.6. ilmestyvän albuminsa diginä, cd:nä, vinyylinä sekä vanhana kunnon c-kasettina. Toivottavasti on sentään krominauha! 
Eri formaattivaihtoehtoja voi katsella Levykauppa Äxän sivuilla . 
Toistaiseksi Vesala -albumilta on julkaistu kaksi singleä, Tequila sekä Tytöt ei soita kitaraa . Lisäksi juuri näki päivänvalon Paula Vesalan Elastisen kanssa tv-sarjaa varten yhdessä tekemä En tunne sua . 
</post>
<signature>

</signature>
<external_links>

</external_links>
<country>GB</country>
<main_image>http://www.soundi.fi/wp-content/uploads/2016/05/vesala-cd.png</main_image>
</document>
