<?xml version="1.0" encoding="UTF-8"?>
<document>
<type>mainstream</type>
<forum>http://kdhnews.com//search/?q=&amp;t=article&amp;l=25&amp;d=&amp;d1=&amp;d2=&amp;s=start_time&amp;sd=desc&amp;c[]=news*&amp;f=rss</forum>
<forum_title>The Killeen Daily Herald - news</forum_title>
<discussion_title>Acclaimed director Robert Wilson creates Hermes installation</discussion_title>
<language>english</language>
<gmt_offset></gmt_offset>
<topic_url>http://kdhnews.com/news/ap/acclaimed-director-robert-wilson-creates-hermes-installation/article_5c19a313-5d7c-5bdb-b368-67023dae7ff6.html</topic_url>
<topic_text>
Mary Altaffer Acclaimed director Robert Wilson creates Hermes installation 
In this Wednesday, May 11, 2016 photo, a model performs during &quot;Here Elsewhere,&quot; an installation for Hermes housewares designed and directed by Robert Wilson in New York. Acclaimed director and visual artist Wilson has created the original installation mixing performances with Hermes housewares in a theatrical show. (AP Photo/Mary Altaffer) Mary Altaffer Acclaimed director Robert Wilson creates Hermes installation 
In this Wednesday, May 11, 2016 photo, a model performs during &quot;Here Elsewhere,&quot; an installation for Hermes housewares designed and directed by Robert Wilson in New York. Acclaimed director and visual artist Wilson has created the original installation mixing performances with Hermes housewares in a theatrical show. (AP Photo/Mary Altaffer) Mary Altaffer Acclaimed director Robert Wilson creates Hermes installation 
In this Wednesday, May 11, 2016 photo, a visitor takes a photo inside &quot;Here Elsewhere,&quot; an installation for Hermes housewares designed and directed by Robert Wilson in New York. Acclaimed director and visual artist Wilson has created the original installation mixing performances with Hermes housewares in a theatrical show. (AP Photo/Mary Altaffer) Jens Meyer Acclaimed director Robert Wilson creates Hermes installation 
FILE - In this Aug. 28, 2014 file photo, director and designer Robert Wilson stands in the foyer prior the 2014 Goethe Medals awards presentation of the Goethe-Institut in the Grand Ducal Palace in Weimar, Germany. A Hermes home goods show was brought to life this week in New York by acclaimed director and visual artist Wilson in an original installation mixing performances with tableware and leather sofas and chairs. Titled &quot;Here Elsewhere,&quot; the master of movement, sound and light had three days to transform a Chelsea warehouse space into rooms of unique emotional experiences, beginning with a mirrored entryway punctuated by the rush of the ocean and waves crashing against rocks. (AP Photo/Jens Meyer, File) Mary Altaffer Acclaimed director Robert Wilson creates Hermes installation 
In this Wednesday, May 11, 2016 photo, a model performs during &quot;Here Elsewhere,&quot; an installation for Hermes housewares designed and directed by Robert Wilson in New York. Acclaimed director and visual artist Wilson has created the original installation mixing performances with Hermes housewares in a theatrical show. (AP Photo/Mary Altaffer) Mary Altaffer Acclaimed director Robert Wilson creates Hermes installation 
In this Wednesday, May 11, 2016 photo, visitors inspect the housewares during &quot;Here Elsewhere,&quot; an installation for Hermes housewares designed and directed by Robert Wilson in New York. Acclaimed director and visual artist Wilson has created the original installation mixing performances with Hermes housewares in a theatrical show. (AP Photo/Mary Altaffer) Mary Altaffer Acclaimed director Robert Wilson creates Hermes installation 
In this Wednesday, May 11, 2016 photo, visitors watch the performance during &quot;Here Elsewhere,&quot; an installation for Hermes housewares designed and directed by Robert Wilson in New York. Acclaimed director and visual artist Wilson has created the original installation mixing performances with Hermes housewares in a theatrical show. (AP Photo/Mary Altaffer) Mary Altaffer Acclaimed director Robert Wilson creates Hermes installation 
In this Wednesday, May 11, 2016 photo, a chair hangs mid air during &quot;Here Elsewhere,&quot; an installation for Hermes housewares designed and directed by Robert Wilson in New York. Acclaimed director and visual artist Wilson has created the original installation mixing performances with Hermes housewares in a theatrical show. (AP Photo/Mary Altaffer) Posted: Thursday, May 12, 2016 10:56 am | Updated: 11:15 am, Thu May 12, 2016. Acclaimed director Robert Wilson creates Hermes installation Associated Press | 0 comments 
NEW YORK (AP) — Leather. Silk. Cheetahs. Stitches. Essential. Touch. 
Such is a snippet of spoken soundtrack for an Hermes home goods show brought to life this week by acclaimed theater director and visual artist Robert Wilson in an original installation mixing performances with tableware and leather sofas and chairs. 
Titled &quot;Here Elsewhere,&quot; the master of movement, sound and light had three days to transform a Chelsea warehouse space into rooms of unique emotional experiences, beginning with a mirrored entryway punctuated by the rush of the ocean, waves crashing against rocks. 
From there, several performers were posed at desks, mute and barely moving, each with a faux tropical bird perched on one shoulder. Nearby, a woman in white, bathed in icy light, was prone and silent on the floor, white feathers strewn around her, a flock of faux blue geese in flight suspended on wires above. 
Wilson, who has designed and directed opera around the globe and created video portraits of the likes of Johnny Depp and Lady Gaga, didn&apos;t stop there. 
He shifted moods in another room to set Hermes objects awhirl in 360-degree images shown on walls, going round and round, up and down, then shifted once more, allowing a lone, taut cheetah hunting for prey to move slowly around the room as two women took turns striking poses on a slowly rotating circular platform in the center. 
The concept? Wilson&apos;s mind doesn&apos;t work that way. The intrigue, he said in an interview from his nearby studio and home, was in building something from the ground up, as he had learned to do as a young architecture student from Waco, Texas. 
&quot;I knew I didn&apos;t want it to look like an Hermes showroom,&quot; he said. &quot;I thought it should be otherworldly.&quot; 
It was the 75-year-old Wilson who decided on the sparse words that served as a unique soundtrack and introduction to the luxury housewares of Hermes, including those in a familiar theme for the French company: The animal kingdom. 
Wildcats, spider monkeys and parrots from its Carnets d&apos;Equateur porcelain tableware collection are based on sketches of the artist and naturalist Robert Dallet. Leather chairs evoking the company&apos;s roots in saddle and harness making hung from the ceiling with a wooden table. 
As for the woman on the floor, the last thing Wilson wanted was to have her reclining on the nearby couch. 
&quot;I look at things more abstractly,&quot; he said. &quot;I wanted it to be more like a dream landscape.&quot; 
Wilson stretches time. He compresses it. He makes unusual decisions about stillness and sound, having once staged a 12-hour silent opera, &quot;The Life and Times of Joseph Stalin.&quot; His &quot;Einstein on the Beach,&quot; a stage collaboration with the composer Philip Glass, takes about five hours to perform. 
He rarely takes commercial installations like the one for Hermes, but only &quot;because people just didn&apos;t ask me.&quot; A treat for guests, or perhaps lost in the visuals, was the Glass music Wilson used in the darkened room with the center perch, first occupied by a lone actor in a white-and-gold embellished leotard, then another in a dress of red sequins. 
Much of Wilson&apos;s work, stretching back to the 1960s, was silent in the early years, and much is difficult to pigeonhole. He is best known in the theater, his focus always on the details, so where does experimental theater stand today? Is he satisfied? 
&quot;Today we&apos;re much more visually aware than we were maybe when I first started,&quot; Wilson said. &quot;When I had my first works in the theater people would say, well it&apos;s not a painting, it&apos;s not dance, it&apos;s not theater, it&apos;s not opera. I think it was a surprise for many people, especially here in the United States.&quot; 
Wilson, who travels frequently to work, said he appreciates the craftsmanship of Hermes, which has produced home goods since the 1920s. 
Wilson is a fan of a particular home item, chairs. He collects them, cramming about 500 into a Tribeca loft at one point. He often gave chairs special places in his first productions. He traces the interest to his boyhood, when he paid a visit at age 12 on a reclusive uncle who lived in the White Sands Desert of New Mexico. In one room of his sparse adobe house, there was just a chair. 
&quot;It was so strange,&quot; Wilson recalled. &quot;It was a wooden chair with a strange back. That was Thanksgiving. At Christmas, he sent me the chair. As a boy in Waco, Texas, I got a pair of cowboy boots, a red flannel shirt, a shotgun, and here was this chair. It was such a surprise.&quot; 
He moved all the furniture out of his room, leaving a mattress on the floor to accompany the chair. Fast forward to 18, when his cousin in California called after his uncle&apos;s death. 
&quot;My father gave you that chair,&quot; Wilson mimicked. &quot;It&apos;s mine and I want it back.&quot;
</topic_text>
<spam_score>0.00</spam_score>
<post_num>1</post_num>
<post_id>post-1</post_id>
<post_url>http://kdhnews.com/news/ap/acclaimed-director-robert-wilson-creates-hermes-installation/article_5c19a313-5d7c-5bdb-b368-67023dae7ff6.html</post_url>
<post_date>20160512</post_date>
<post_time>1556</post_time>
<username>LEANNE ITALIE</username>
<post>
Mary Altaffer Acclaimed director Robert Wilson creates Hermes installation 
In this Wednesday, May 11, 2016 photo, a model performs during &quot;Here Elsewhere,&quot; an installation for Hermes housewares designed and directed by Robert Wilson in New York. Acclaimed director and visual artist Wilson has created the original installation mixing performances with Hermes housewares in a theatrical show. (AP Photo/Mary Altaffer) Mary Altaffer Acclaimed director Robert Wilson creates Hermes installation 
In this Wednesday, May 11, 2016 photo, a model performs during &quot;Here Elsewhere,&quot; an installation for Hermes housewares designed and directed by Robert Wilson in New York. Acclaimed director and visual artist Wilson has created the original installation mixing performances with Hermes housewares in a theatrical show. (AP Photo/Mary Altaffer) Mary Altaffer Acclaimed director Robert Wilson creates Hermes installation 
In this Wednesday, May 11, 2016 photo, a visitor takes a photo inside &quot;Here Elsewhere,&quot; an installation for Hermes housewares designed and directed by Robert Wilson in New York. Acclaimed director and visual artist Wilson has created the original installation mixing performances with Hermes housewares in a theatrical show. (AP Photo/Mary Altaffer) Jens Meyer Acclaimed director Robert Wilson creates Hermes installation 
FILE - In this Aug. 28, 2014 file photo, director and designer Robert Wilson stands in the foyer prior the 2014 Goethe Medals awards presentation of the Goethe-Institut in the Grand Ducal Palace in Weimar, Germany. A Hermes home goods show was brought to life this week in New York by acclaimed director and visual artist Wilson in an original installation mixing performances with tableware and leather sofas and chairs. Titled &quot;Here Elsewhere,&quot; the master of movement, sound and light had three days to transform a Chelsea warehouse space into rooms of unique emotional experiences, beginning with a mirrored entryway punctuated by the rush of the ocean and waves crashing against rocks. (AP Photo/Jens Meyer, File) Mary Altaffer Acclaimed director Robert Wilson creates Hermes installation 
In this Wednesday, May 11, 2016 photo, a model performs during &quot;Here Elsewhere,&quot; an installation for Hermes housewares designed and directed by Robert Wilson in New York. Acclaimed director and visual artist Wilson has created the original installation mixing performances with Hermes housewares in a theatrical show. (AP Photo/Mary Altaffer) Mary Altaffer Acclaimed director Robert Wilson creates Hermes installation 
In this Wednesday, May 11, 2016 photo, visitors inspect the housewares during &quot;Here Elsewhere,&quot; an installation for Hermes housewares designed and directed by Robert Wilson in New York. Acclaimed director and visual artist Wilson has created the original installation mixing performances with Hermes housewares in a theatrical show. (AP Photo/Mary Altaffer) Mary Altaffer Acclaimed director Robert Wilson creates Hermes installation 
In this Wednesday, May 11, 2016 photo, visitors watch the performance during &quot;Here Elsewhere,&quot; an installation for Hermes housewares designed and directed by Robert Wilson in New York. Acclaimed director and visual artist Wilson has created the original installation mixing performances with Hermes housewares in a theatrical show. (AP Photo/Mary Altaffer) Mary Altaffer Acclaimed director Robert Wilson creates Hermes installation 
In this Wednesday, May 11, 2016 photo, a chair hangs mid air during &quot;Here Elsewhere,&quot; an installation for Hermes housewares designed and directed by Robert Wilson in New York. Acclaimed director and visual artist Wilson has created the original installation mixing performances with Hermes housewares in a theatrical show. (AP Photo/Mary Altaffer) Posted: Thursday, May 12, 2016 10:56 am | Updated: 11:15 am, Thu May 12, 2016. Acclaimed director Robert Wilson creates Hermes installation Associated Press | 0 comments 
NEW YORK (AP) — Leather. Silk. Cheetahs. Stitches. Essential. Touch. 
Such is a snippet of spoken soundtrack for an Hermes home goods show brought to life this week by acclaimed theater director and visual artist Robert Wilson in an original installation mixing performances with tableware and leather sofas and chairs. 
Titled &quot;Here Elsewhere,&quot; the master of movement, sound and light had three days to transform a Chelsea warehouse space into rooms of unique emotional experiences, beginning with a mirrored entryway punctuated by the rush of the ocean, waves crashing against rocks. 
From there, several performers were posed at desks, mute and barely moving, each with a faux tropical bird perched on one shoulder. Nearby, a woman in white, bathed in icy light, was prone and silent on the floor, white feathers strewn around her, a flock of faux blue geese in flight suspended on wires above. 
Wilson, who has designed and directed opera around the globe and created video portraits of the likes of Johnny Depp and Lady Gaga, didn&apos;t stop there. 
He shifted moods in another room to set Hermes objects awhirl in 360-degree images shown on walls, going round and round, up and down, then shifted once more, allowing a lone, taut cheetah hunting for prey to move slowly around the room as two women took turns striking poses on a slowly rotating circular platform in the center. 
The concept? Wilson&apos;s mind doesn&apos;t work that way. The intrigue, he said in an interview from his nearby studio and home, was in building something from the ground up, as he had learned to do as a young architecture student from Waco, Texas. 
&quot;I knew I didn&apos;t want it to look like an Hermes showroom,&quot; he said. &quot;I thought it should be otherworldly.&quot; 
It was the 75-year-old Wilson who decided on the sparse words that served as a unique soundtrack and introduction to the luxury housewares of Hermes, including those in a familiar theme for the French company: The animal kingdom. 
Wildcats, spider monkeys and parrots from its Carnets d&apos;Equateur porcelain tableware collection are based on sketches of the artist and naturalist Robert Dallet. Leather chairs evoking the company&apos;s roots in saddle and harness making hung from the ceiling with a wooden table. 
As for the woman on the floor, the last thing Wilson wanted was to have her reclining on the nearby couch. 
&quot;I look at things more abstractly,&quot; he said. &quot;I wanted it to be more like a dream landscape.&quot; 
Wilson stretches time. He compresses it. He makes unusual decisions about stillness and sound, having once staged a 12-hour silent opera, &quot;The Life and Times of Joseph Stalin.&quot; His &quot;Einstein on the Beach,&quot; a stage collaboration with the composer Philip Glass, takes about five hours to perform. 
He rarely takes commercial installations like the one for Hermes, but only &quot;because people just didn&apos;t ask me.&quot; A treat for guests, or perhaps lost in the visuals, was the Glass music Wilson used in the darkened room with the center perch, first occupied by a lone actor in a white-and-gold embellished leotard, then another in a dress of red sequins. 
Much of Wilson&apos;s work, stretching back to the 1960s, was silent in the early years, and much is difficult to pigeonhole. He is best known in the theater, his focus always on the details, so where does experimental theater stand today? Is he satisfied? 
&quot;Today we&apos;re much more visually aware than we were maybe when I first started,&quot; Wilson said. &quot;When I had my first works in the theater people would say, well it&apos;s not a painting, it&apos;s not dance, it&apos;s not theater, it&apos;s not opera. I think it was a surprise for many people, especially here in the United States.&quot; 
Wilson, who travels frequently to work, said he appreciates the craftsmanship of Hermes, which has produced home goods since the 1920s. 
Wilson is a fan of a particular home item, chairs. He collects them, cramming about 500 into a Tribeca loft at one point. He often gave chairs special places in his first productions. He traces the interest to his boyhood, when he paid a visit at age 12 on a reclusive uncle who lived in the White Sands Desert of New Mexico. In one room of his sparse adobe house, there was just a chair. 
&quot;It was so strange,&quot; Wilson recalled. &quot;It was a wooden chair with a strange back. That was Thanksgiving. At Christmas, he sent me the chair. As a boy in Waco, Texas, I got a pair of cowboy boots, a red flannel shirt, a shotgun, and here was this chair. It was such a surprise.&quot; 
He moved all the furniture out of his room, leaving a mattress on the floor to accompany the chair. Fast forward to 18, when his cousin in California called after his uncle&apos;s death. 
&quot;My father gave you that chair,&quot; Wilson mimicked. &quot;It&apos;s mine and I want it back.&quot;
</post>
<signature>

</signature>
<external_links>

</external_links>
<country>US</country>
<main_image>http://bloximages.newyork1.vip.townnews.com/kdhnews.com/content/tncms/assets/v3/editorial/b/e7/be7f3a86-cbe9-5723-aa6d-590684d8aa7c/5734a8be2f5ec.image.jpg</main_image>
</document>
