<?xml version="1.0" encoding="UTF-8"?>
<document>
<type>mainstream</type>
<forum>http://tudocelular.com//feed/</forum>
<forum_title>Tudocelular.com</forum_title>
<discussion_title>&apos;Não vai ter golpe!&apos;: jogo tira sarro e coloca Dilma em combate armado contra &apos;coxinhas&apos;</discussion_title>
<language>portuguese</language>
<gmt_offset></gmt_offset>
<topic_url>http://www.tudocelular.com/curiosidade/noticias/n71777/jogo-impeachment-dia-de-furia-dilma.html</topic_url>
<topic_text>
&apos;Não vai ter golpe!&apos;: jogo tira sarro e coloca Dilma em combate armado contra &apos;coxinhas&apos; 
12 de maio de 2016 2 Tudo Android Apple Windows Planos 
Dilma Roussef já pode ter sido afastada da Presidência após a votação do Senado na última quarta-feira (11), mas, pelo menos no mundo virtual, ela persiste combatendo seus opositores - ou, no linguajar característico, os coxinhas e golpistas. Essa é a proposta do game online Impeachment - Dia de Fúria, da Raptorslab. 
Com uma trilha sonora digna de clássicos de 8-bits, mas com gráficos razoáveis e muito bom humor, o jogo leva a personagem principal por uma série de batalhas contra quem a quer tirar do poder a todo custo. E isso inclui atirar em todo mundo, em fases que se dividem em títulos sugestivos como &quot;Não vai ter Golpe&quot;, &quot;Mídia Golpista&quot; e &quot;Pela Democracia&quot;. 
São ao todo 10 estágios em que se deve controlar Dilma em primeira pessoa usando bazuca e muitas granadas para explodir e eliminar adversários de todos os tipos, que incluem até a própria polícia militar. Além de combater os inimigos, a missão também envolve trabalhos secundários, como velocidade de conclusão das fases ou a coleta... de propina! 
O jogo é gratuito e pode ser acessado online a partir de qualquer navegador moderno com suporte a flash.
</topic_text>
<spam_score>0.00</spam_score>
<post_num>1</post_num>
<post_id>post-1</post_id>
<post_url>http://www.tudocelular.com/curiosidade/noticias/n71777/jogo-impeachment-dia-de-furia-dilma.html</post_url>
<post_date>20160512</post_date>
<post_time>1029</post_time>
<username>Tudocelular.com</username>
<post>
&apos;Não vai ter golpe!&apos;: jogo tira sarro e coloca Dilma em combate armado contra &apos;coxinhas&apos; 
12 de maio de 2016 2 Tudo Android Apple Windows Planos 
Dilma Roussef já pode ter sido afastada da Presidência após a votação do Senado na última quarta-feira (11), mas, pelo menos no mundo virtual, ela persiste combatendo seus opositores - ou, no linguajar característico, os coxinhas e golpistas. Essa é a proposta do game online Impeachment - Dia de Fúria, da Raptorslab. 
Com uma trilha sonora digna de clássicos de 8-bits, mas com gráficos razoáveis e muito bom humor, o jogo leva a personagem principal por uma série de batalhas contra quem a quer tirar do poder a todo custo. E isso inclui atirar em todo mundo, em fases que se dividem em títulos sugestivos como &quot;Não vai ter Golpe&quot;, &quot;Mídia Golpista&quot; e &quot;Pela Democracia&quot;. 
São ao todo 10 estágios em que se deve controlar Dilma em primeira pessoa usando bazuca e muitas granadas para explodir e eliminar adversários de todos os tipos, que incluem até a própria polícia militar. Além de combater os inimigos, a missão também envolve trabalhos secundários, como velocidade de conclusão das fases ou a coleta... de propina! 
O jogo é gratuito e pode ser acessado online a partir de qualquer navegador moderno com suporte a flash.
</post>
<signature>

</signature>
<external_links>

</external_links>
<country>US</country>
<main_image>http://i2.tudocdn.net/img/type28/width646/height284/id172566_1.jpg</main_image>
</document>
