<?xml version="1.0" encoding="UTF-8"?>
<document>
<type>mainstream</type>
<forum>http://timesofindia.indiatimes.com/world/rest-of-world/articlelist/671314.cms</forum>
<forum_title>News Rest of World | World News - Times of India</forum_title>
<discussion_title>46 rescued after ship catches fire off Australia coast</discussion_title>
<language>english</language>
<gmt_offset></gmt_offset>
<topic_url>http://timesofindia.indiatimes.com/world/rest-of-world/46-rescued-after-ship-catches-fire-off-Australia-coast/articleshow/52231818.cms</topic_url>
<topic_text>
CANBERRA: All 46 people aboard a tourist catamaran were rescued after the vessel caught fire and sank on Australia&apos;s Great Barrier Reef, police said.
A police statement said 19 of those rescued were taken to hospitals in Bundaberg and Gladstone for treatment of non-life threatening injuries after the vessel, Spirit of 1770, sank late Wednesday.
Most of those on board were Chinese tourists, Nine Network television reported Thursday.
The 23-meter (75-foot) catamaran was returning to the town of 1770- named after the year that British explorer James Cook landed on that stretch of the Australian coast- after a day trip to Lady Musgrave Island when it caught fire and was abandoned 30 minutes later, police said.
Passengers and crew took to life rafts after the fire started in the engine room, Australian Broadcasting Corp
</topic_text>
<spam_score>0.00</spam_score>
<post_num>1</post_num>
<post_id>post-1</post_id>
<post_url>http://timesofindia.indiatimes.com/world/rest-of-world/46-rescued-after-ship-catches-fire-off-Australia-coast/articleshow/52231818.cms</post_url>
<post_date>20160512</post_date>
<post_time>0834</post_time>
<username>timesofindia.indiatimes.com</username>
<post>
CANBERRA: All 46 people aboard a tourist catamaran were rescued after the vessel caught fire and sank on Australia&apos;s Great Barrier Reef, police said.
A police statement said 19 of those rescued were taken to hospitals in Bundaberg and Gladstone for treatment of non-life threatening injuries after the vessel, Spirit of 1770, sank late Wednesday.
Most of those on board were Chinese tourists, Nine Network television reported Thursday.
The 23-meter (75-foot) catamaran was returning to the town of 1770- named after the year that British explorer James Cook landed on that stretch of the Australian coast- after a day trip to Lady Musgrave Island when it caught fire and was abandoned 30 minutes later, police said.
Passengers and crew took to life rafts after the fire started in the engine room, Australian Broadcasting Corp
</post>
<signature>

</signature>
<external_links>

</external_links>
<country>IN</country>
<main_image>http://timesofindia.indiatimes.com/photo/52231818.cms</main_image>
</document>
