<?xml version="1.0" encoding="UTF-8"?>
<document>
<type>mainstream</type>
<forum>http://ecodibergamo.it/publisher/archivio/section/prev/11/1180723/271/</forum>
<forum_title>Sport L&apos;Eco di Bergamo - Notizie di Bergamo e provincia</forum_title>
<discussion_title>Comark, OK la prima dei playoff Gara due mercoledì sera a Lecco Treviglio</discussion_title>
<language>italian</language>
<gmt_offset></gmt_offset>
<topic_url>http://ecodibergamo.it/stories/Sport/comark-ok-la-prima-dei-playoffgara-due-mercoledi-sera-a-lecco_1180450_11</topic_url>
<topic_text>
 Ventuno i punti totalizzati dall’ ala argentina in aggiunta a sette rimbalzi che la dicono davvero lunga. Naturalmente per partire col piede giusto nelle sfide dirette c’è stato bisogno del contributo del solito Panni e subito dopo di Milani e del rientrante Planezio.
Dal punto di vista dell’impegno agonistico e caratteriale indispensabile, poi, l’apporto dell’intero collettivo. Solo così la squadra orobica ha domato Lecco che l’aveva costretta alla resa in entrambi i precedenti match di regular season. Partita corsa via all’insegna dell’equilibrio. Una sbirciatina ai parziali per rendersene effettivamente conto: 15-11 (quarto iniziale) 30-29 (secondo) 47-45 (terzo) 61-56 (l’ultimo). La Comark a + 10 intorno al 27’ non ha saputo affondare gli avversari che nel giro di pochi istanti erano riusciti ad annullare il passivo.
Soprattutto nella frazione decisiva capitan Chiarello e compagni hanno costruito definitivamente la vittoria in virtù di una difesa difficile da scardinare (solo 11 i punti subiti). Lecco è vissuto in particolare sulle super prestazioni di Piunti, Todeschini e Balanzoni, terzetto in doppia cifra. In serata di scarsa vena il temuto Mascherpa (0 su 5 dalla grande distanza).
Adesso sotto con gara due in programma a Lecco mercoledì prossimo alle 21. In caso di blitz Comark ammessa alle semfinali altrimenti spareggio domenica 8, ancora al Centro sportivo Italcementi, di via Statuto.
Comark-Lecco 61-56
Comark: Ghersetti 21, Planezio 9, Milani 9, Bloise, Mercante, Panni 12, Scanzi, Chiarello 4, Pullazi 6, Permon. All.Ciocca.
Lecco: Piunti 15, Dagnello 3, Mascherpa 3, Todeschini 14, Brambilla 6, Freri, Perego, Siberna 3, Balanzoni 12. All. Meneguzzo.
</topic_text>
<spam_score>0.00</spam_score>
<post_num>2</post_num>
<post_id>post-2</post_id>
<post_url>http://ecodibergamo.it/stories/Sport/comark-ok-la-prima-dei-playoffgara-due-mercoledi-sera-a-lecco_1180450_11</post_url>
<post_date>20160502</post_date>
<post_time>1355</post_time>
<username>Matteo Locatelli</username>
<post>
alla buon&apos;ora...la squadra più insidiosa che poteva capitare a Bergamo.e si è visto.... speriamo di portarla a casa già mercoledì,anche se è dura.spero proprio di esserci a lecco. Forza Bergamo!!!
</post>
<signature>

</signature>
<external_links>

</external_links>
<country>IT</country>
<main_image>http://lightstorage.ecodibergamo.it/mediaon/cms.newecodibergamo/storage/site_media/media/photologue/2016/5/2/photos/cache/comark-ok-la-prima-dei-playoffgara-due-mercoledi-sera-a-lecco_8b6bbf26-1053-11e6-8989-5d3b5672aad5_998_397_display.jpg</main_image>
</document>
