<?xml version="1.0" encoding="UTF-8"?>
<document>
<type>mainstream</type>
<forum>http://www.leparisien.fr/laparisienne</forum>
<forum_title>La Parisienne - Magazine Féminin : Actu Mode, People, Beauté</forum_title>
<discussion_title>EN IMAGES. Cannes 2016 : les plus beaux diamants du tapis rouge</discussion_title>
<language>french</language>
<gmt_offset></gmt_offset>
<topic_url>http://www.leparisien.fr/laparisienne/mode/bijoux-joaillerie/en-images-les-plus-beaux-diamants-du-tapis-rouge-12-05-2016-5789645.php</topic_url>
<topic_text>
L&apos;art de la joaillerie dans toute sa splendeur... Sur le tapis du Festival de Cannes , les actrices et les mannequins portent des parures prêtées parmi les plus belles du monde. Un bon indicateur des tendances du moment dans cet art à la fois classique et inventif. Revue de haute joaillerie.
leparisien.fr
Réagir
</topic_text>
<spam_score>0.00</spam_score>
<post_num>1</post_num>
<post_id>post-1</post_id>
<post_url>http://www.leparisien.fr/laparisienne/mode/bijoux-joaillerie/en-images-les-plus-beaux-diamants-du-tapis-rouge-12-05-2016-5789645.php</post_url>
<post_date>20160512</post_date>
<post_time>1714</post_time>
<username>leparisien.fr</username>
<post>
L&apos;art de la joaillerie dans toute sa splendeur... Sur le tapis du Festival de Cannes , les actrices et les mannequins portent des parures prêtées parmi les plus belles du monde. Un bon indicateur des tendances du moment dans cet art à la fois classique et inventif. Revue de haute joaillerie.
leparisien.fr
Réagir
</post>
<signature>

</signature>
<external_links>

</external_links>
<country>FR</country>
<main_image>http://s1.lprs1.fr/images/2016/05/12/5789645_ufgzr252.jpg</main_image>
</document>
