<?xml version="1.0" encoding="UTF-8"?>
<document>
<type>mainstream</type>
<forum>http://www.youm7.com/سياسة-319</forum>
<forum_title>سياسة | اليوم السابع</forum_title>
<discussion_title>النائب خالد هلالى: تأشيرات الحكومة للنواب مضروبة.. ويؤكد: &quot;جبر خواطر&quot;</discussion_title>
<language>arabic</language>
<gmt_offset></gmt_offset>
<topic_url>http://www.youm7.com/story/2016/5/12/النائب-خالد-هلالى--تأشيرات-الحكومة-للنواب-مضروبة-ويؤكد--جبر-/2715114</topic_url>
<topic_text>
تهكم خالد هلالى، عضو مجلس النواب بمحافظة كفر الشيخ، من ردود بعض الوزراء على طلبات النواب، مؤكداً أنها لا ترقى لأن تكون صادرة من مكتب وزير أو أن تكون الردود المنتظرة من حكومة جاءت بعد ثورتين يعلق عليها الشعب الكثير من الآمال، قائلاً: &quot;هى دى الردود المنتظرة من الحكومة بعد منحها الثقة.. بعض الوزراء مبيشتغلوش مش هاممهم النواب&quot;.
وأضاف &quot;هلالى&quot; فى تصريح لـ&quot;اليوم السابع&quot;، أن عدد كبير من الوزراء يتهربون من مقابلة النواب ويسندون هذه المهمة إلى مكتب الاتصال السياسى الذى أصبح يتفنن فى إعطاء النواب تأشيرات مضروبة وردود غير ملزمة، &quot;جميعها جبر خواطر فقط&quot;.
وأوضح أن هذا الأمر تسبب فى تعرض النواب لسيل من الهجوم من قبل أبناء دوائرهم بسبب عدم قدرتم على حل أبسط المشاكل، مؤكدًا أن جميع ردود الوزارات الخدمية &quot;مضروبة&quot;.
موضوعات متعلقة..
نائب برلمانى:تأشيرات الوزراء على طلبات النواب&quot;مضروبة&quot; وسأفضحهم أمام المجلس
</topic_text>
<spam_score>0.00</spam_score>
<post_num>1</post_num>
<post_id>post-1</post_id>
<post_url>http://www.youm7.com/story/2016/5/12/النائب-خالد-هلالى--تأشيرات-الحكومة-للنواب-مضروبة-ويؤكد--جبر-/2715114</post_url>
<post_date>20160512</post_date>
<post_time>0623</post_time>
<username>youm7.com</username>
<post>
تهكم خالد هلالى، عضو مجلس النواب بمحافظة كفر الشيخ، من ردود بعض الوزراء على طلبات النواب، مؤكداً أنها لا ترقى لأن تكون صادرة من مكتب وزير أو أن تكون الردود المنتظرة من حكومة جاءت بعد ثورتين يعلق عليها الشعب الكثير من الآمال، قائلاً: &quot;هى دى الردود المنتظرة من الحكومة بعد منحها الثقة.. بعض الوزراء مبيشتغلوش مش هاممهم النواب&quot;.
وأضاف &quot;هلالى&quot; فى تصريح لـ&quot;اليوم السابع&quot;، أن عدد كبير من الوزراء يتهربون من مقابلة النواب ويسندون هذه المهمة إلى مكتب الاتصال السياسى الذى أصبح يتفنن فى إعطاء النواب تأشيرات مضروبة وردود غير ملزمة، &quot;جميعها جبر خواطر فقط&quot;.
وأوضح أن هذا الأمر تسبب فى تعرض النواب لسيل من الهجوم من قبل أبناء دوائرهم بسبب عدم قدرتم على حل أبسط المشاكل، مؤكدًا أن جميع ردود الوزارات الخدمية &quot;مضروبة&quot;.
موضوعات متعلقة..
نائب برلمانى:تأشيرات الوزراء على طلبات النواب&quot;مضروبة&quot; وسأفضحهم أمام المجلس
</post>
<signature>

</signature>
<external_links>
<external_link>https://twitter.com/intent/tweet?button_hashtag=Youm7&amp;text=النائب</external_link><external_link>http://adserver.adtech.de/adserv/3.0/1422/5999560/0/170/ADTECH;loc=300</external_link><external_link>http://adserver.adtech.de/adlink/3.0/1422/5999560/0/170/ADTECH;loc=300</external_link>
</external_links>
<country>US</country>
<main_image>http://img.youm7.com/images/NewsPics/large/42016254321172525876.jpg?v543</main_image>
</document>
