<?xml version="1.0" encoding="UTF-8"?>
<document>
<type>mainstream</type>
<forum></forum>
<forum_title></forum_title>
<discussion_title>Community Calendar - Fort Morgan Times</discussion_title>
<language>english</language>
<gmt_offset></gmt_offset>
<topic_url>http://www.fortmorgantimes.com/ci_29875595/community-calendar</topic_url>
<topic_text>
Posted: 05/11/2016 05:13:45 PM MDT 
May 11 
9 a.m. Al-Anon at 106 E. Kiowa Ave., Fort Morgan. Info: 970-867-5719 or 970-867-2858. 
9:30 a.m. Meet Jack Graham, Republican candidate for U.S. Senate at Frankie&apos;s Coffee House, 119 W. Beaver Ave., Fort Morgan. Info: 970-542-0172. 
Noon. Alcoholics Anonymous Your Life Group meeting, at 208 W. Beaver Ave., Fort Morgan. Info: 970-380-0228. 
6:30 p.m. Brush Lions Club , at Brush Municipal Golf Course at Petteys Park, 2301 W. Mill St., Brush. Info: www.e-clubhouse.org/sites/Brush . 
7 p.m. Bible Study at First Baptist Church, 16756 County Road 18, Fort Morgan (south on West Street, just past football field). Everyone welcome. 
7 to 8:30 p.m. Compassionate Friends meeting at First Christian Church, 225 W. Bijou Ave., Fort Morgan. Support group for the bereaved who have lost a child. Sharing precious memories and photos. Info: Michelle Covelli at 970-867-8316 or co-leader Carmen Jimenez at 970-380-0988. 
May 12 
9:30 to 11 a.m. and 5:30 to 6:30 p.m. United Methodist Church Bible Study at 117 E. Bijou Ave., Fort Morgan. 
10 a.m. to Noon. Grand opening of Sol Naciente housing development , at 322 Linda St. in Fort Morgan. Open to the public. 
10:30 a.m. Family Story Time at Fort Morgan Children&apos;s Library, 414 Main St., Fort Morgan. Advertisement 
11 a.m. Fort Morgan United Methodist Women&apos;s annual Salad Luncheon , in the Activity Center at United Methodist Church, corner of State Street and Bijou Avenue in Fort Morgan. Salads served from 11 a.m. to 1:30 p.m. $8 per person at the door. Also offering UMW Quilting Circle items for purchase. Benefit local and global UMW mission projects. Info: 970-867-5666. 
Noon. Alcoholics Anonymous Your Life Group meeting, at 208 W. Beaver Ave., Fort Morgan. Info: 970-380-0228. 
6 to 8 p.m. Informational meeting for those interested in health occupations, at Morgan Community College, Spruce Hall, in Fort Morgan. Info: Beth Carpenter at 970-542-3119. 
6 p.m. Adult Basic Education/GED Program graduation , at Morgan Community College in the Founders Room. 
6:30 p.m. Log Lane Village Board of Trustees regular meeting , Town Hall, 109 Maine St., Log Lane Village. Info: 970- 867-8027. 
7 to 9 p.m. MCC Morgan County Chorale at the School for the Performing Arts, 914 State St., Fort Morgan. 
7 p.m. Bingo at VFW, 208 W. Beaver Ave., Fort Morgan. 
7 p.m. Alcoholics Anonymous book study , at Emmanuel Evangelical Church, 318 W. 7th Ave. Info: 970-370-3443. 
7 to 9 p.m. Morgan County Concert Association presents The Alex Meixner Band , at Fort Morgan High School in the Glenn Miller Auditorium. Accordion music. Tickets: $20 for adults, $10 for students, 5 and under free. Info: Emma Jorgensen at 970-867-5996. 
7:30 p.m. The American Legion Harold DeHaan Post #19 at 16913 Morgan County Road 17.7 (Nelson Road) in Fort Morgan. 
May 13 
9:30 to 11:30 a.m. MOPS (Moms of Preschoolers) at Life Fellowship Church, 17723 MCR 20, Fort Morgan. Open to any mom of children ages 0-6 and child-care is provided. 
Noon to 1 p.m. Fort Morgan Lions Club at Country Steak-Out, 19592 E. 8th Ave., Fort Morgan. Info: www.fortmorganlionsclub.org . 
Noon. Alcoholics Anonymous Your Life Group meeting, at 208 W. Beaver Ave., Fort Morgan. Info: 970-380-0228. 
7 p.m. Al-Anon at 106 E. Kiowa Ave., Fort Morgan. Info: 970-867-5719 or 970-867-2858. 
7 p.m. Lincoln High School graduation , at Pioneer Elementary School, 415 Spruce St., Fort Morgan. 
May 14 
7 to 11 a.m. Relay for Life Yard Sale , at Fort Morgan City Park. 
9 a.m. to 1 p.m. Living Ordinary Life with Extraordinary Awareness: A Mindfulness Community Workshop , at East Morgan County Library, Brush, in the Carnegie Room. Learn about the Enneagram with Michelle Danson. Free, open to the public. Info: Nancy Severin at 970-867-6826. 
9 a.m. Morgan Community College graduation , at MCC Fort Morgan campus on east side. If inclement weather, will be held in Fort Morgan High School&apos;s Glenn Miller Auditorium. 
1 p.m. United Presbyterian Church Craft Group , 1300 E. Riverview, Fort Morgan. 
May 15 
9a.m. Alcoholics Anonymous Your Life Group meeting, at 208 W. Beaver Ave., Fort Morgan. Info: 970-380-0228. 
9 a.m. First Baptist Church Bible Time , 16756 Morgan County Road 18, Fort Morgan (south on West Street, just past football field). Everyone welcome. 
2 p.m. Retirement open house for Karen Friedenberger , at Trinity Lutheran School, 1215 W. Seventh Ave., Fort Morgan. Hosted by Trinity Lutheran School Board. 
6 p.m. &quot;Once Upon a Time&quot; concert by Singers Limited , at First Christian Church, 225 W. Bijou Ave., Fort Morgan. 
May 16 
Noon to 1 p.m. Morgan County Toastmasters , at Bank of the West&apos;s lower level, 120 E. Kiowa Ave., Fort Morgan. Info: Vernon Tryon at 970-467-3088. 
Noon. Alcoholics Anonymous Your Life Group meeting, at 208 W. Beaver Ave., Fort Morgan. Info: 970-380-0228. 
6 p.m. Common Cents for Colorado workshop , at East Morgan County Library, Brush. Learn about personal financial management and common investment types. Free, open to the public. 
6:30 to 8 p.m., Spunk and Spirit Christian Writers Group meeting, at Life Fellowship, Fort Morgan. Info: Kathy Brasby at or 970-520-5454. 
7 p.m. Monday Night Bingo at Fort Morgan Elks Lodge, 430 State St. 
7 p.m. Morgan County Re-3 Board of Education regular meeting, at District Support Center, 715 W. Platte Ave., Fort Morgan. Info: 970-867-5633. 
May 17 
8 a.m. to 4 p.m. 13th Judicial District&apos;s Family Law Day , at Morgan County Justice Center, 400 Warner St., in Fort Morgan. Free services from attorneys for individuals representing themselves in family law cases. Info and registration: 970-542-3435 or 970-526-3978. 
9 a.m. Board of Morgan County Commissioners meeting , at Morgan County Administration Building, 231 Ensign St., Fort Morgan, in the Commissioners&apos; Assembly Room. Info: http://co.morgan.co.us/ 
10:30 a.m. Family Story Time at Fort Morgan Children&apos;s Library, 414 Main St., Fort Morgan. 
Noon. Alcoholics Anonymous Your Life Group meeting, at 208 W. Beaver Ave., Fort Morgan. Info: 970-380-0228. 
1 p.m. The Craft Group at East Morgan County Library, 500 Clayton, Brush. 
2 p.m. Community Exercise Group for those with Parkinson&apos;s disease, at Valley View Villa, 815 Fremont, Fort Morgan. 
6 p.m. Fort Morgan City Council regular meeting , City Hall, 110 Main St., Fort Morgan. Info: www.cityoffortmorgan.com . 
7 p.m. Al-Anon at 106 E. Kiowa Ave., Fort Morgan. Info: 970-867-5719 or 970-867-2858. 
May 18 
9 a.m. Al-Anon at 106 E. Kiowa Ave., Fort Morgan. Info: 970-867-5719 or 970-867-2858. 
Noon. Alcoholics Anonymous Your Life Group meeting, at 208 W. Beaver Ave., Fort Morgan. Info: 970-380-0228. 
Noon to 1 p.m. Dementia Dialogues free webinar , online through www.bannerhealth.com . All monthly Dementia Dialogues webinars available online for viewing afterward. 
7 p.m. Bible Study at First Baptist Church, 16756 County Road 18, Fort Morgan (south on West Street, just past football field). Everyone welcome. 
7 to 8:30 p.m. Life Fellowship Youth Group , at Life Fellowship, 17723 MCR 20, Fort Morgan. For middle school and high school students with Youth Leader Becky Brasby. 
May 19 
9:30 to 11 a.m. and 5:30 to 6:30 p.m. United Methodist Church Bible Study , at 117 E. Bijou Ave., Fort Morgan. 
10:30 a.m. Family Story Time , at Fort Morgan Children&apos;s Library, 414 Main St., Fort Morgan. 
Noon. Alcoholics Anonymous Your Life Group meeting, at 208 W. Beaver Ave., Fort Morgan. Info: 970-380-0228. 
4 to 6 p.m. Carol Benjamin: Gold of Spirit Icon Paintings , at CACE Fine Art Gallery, 300 Main St., Fort Morgan, lower level. 
7 p.m. Optimist Club of Fort Morgan meeting at Country Steak-Out Restaurant, Fort Morgan. 
7 to 9 p.m. MCC Morgan County Chorale at the School for the Performing Arts, 914 State St., Fort Morgan. . 
7 p.m. Alcoholics Anonymous book study , at Emmanuel Evangelical Church, 318 W. 7th Ave. Info: 970-370-3443. 
7 p.m. Bingo at VFW, 208 W. Beaver Ave., Fort Morgan. 
May 20 
Noon to 1 p.m. Fort Morgan Lions Club , at Country Steak-Out, 19592 E. 8th Ave., Fort Morgan. Info: visit www.fortmorganlionsclub.org . 
Noon. Alcoholics Anonymous Your Life Group meeting, at 208 W. Beaver Ave., Fort Morgan. Info: 970-380-0228. 
6 p.m. AARP Membership Carry-in at Fort Morgan Senior Citizens Center, 110 Sherman, Fort Morgan. Info: Dorothy Taylor at 970-867-1819. 
7 p.m. Al-Anon at 106 E. Kiowa Ave., Fort Morgan. Info: 970-867-5719 or 970-867-2858. 
May 21 
10 a.m. Fort Morgan High School graduation , at Legion Field, Fort Morgan. 
10 a.m. Brush High School graduation , at Beetdigger Stadium, Brush. 
2 p.m. Weldon Valley High School graduation , at Weldon Valley School. 
2 p.m. Prairie High School graduation , in the school gymnasium. 
May 22 
9 a.m. Alcoholics Anonymous Your Life Group meeting, at 208 W. Beaver Ave., Fort Morgan. Info: 970-380-0228. 
9 a.m. First Baptist Church Bible Time , 16756 Morgan County Road 18, Fort Morgan (south on West Street, just past football field). Everyone welcome. 
1 p.m. Wiggins High School graduation , at Wiggins High School. 
May 23 
8 a.m. to noon Cave Quest Vacation Bible School , at Snyder Bible Church. For age 4 to sixth-graders. Info: 970-842-2040, or www.snyderbible.com . 
Noon to 1 p.m. Morgan County Toastmasters , at Bank of the West&apos;s lower level, 120 E. Kiowa Ave., Fort Morgan. Info: Vernon Tryon at 970-467-3088. 
Noon. Alcoholics Anonymous Your Life Group meeting, at 208 W. Beaver Ave., Fort Morgan. Info: 970-380-0228. 
6 p.m. Brush City Council , at City Hall, 600 Edison St., Brush. 
6 p.m. Common Cents for Colorado workshop , at East Morgan County Library, Brush. Learn about personal financial management and managing money during retirement. Free, open to the public. 
7 p.m. Monday Night Bingo at Fort Morgan Elks Lodge, 430 State St. 
May 24 
8 a.m. to noon Cave Quest Vacation Bible School , at Snyder Bible Church. For age 4 to sixth-graders. Info: 970-842-2040, or www.snyderbible.com . 
9 a.m. Board of Morgan County Commissioners meeting , at Morgan County Administration Building, 231 Ensign St., Fort Morgan, in the Commissioners&apos; Assembly Room. Info: http://co.morgan.co.us/ 
10:30 a.m. Family Story Time at Fort Morgan Children&apos;s Library, 414 Main St., Fort Morgan. 
Noon. Alcoholics Anonymous Your Life Group meeting, at 208 W. Beaver Ave., Fort Morgan. Info: 970-380-0228. 
1 p.m. The Craft Group at East Morgan County Library, 500 Clayton, Brush. 
2 p.m. Community Exercise Group for those with Parkinson&apos;s disease, at Valley View Villa, 815 Fremont, Fort Morgan. 
6 p.m. Brush American Legion Auxiliary Sagebrush Unit 68 , at The Course at Petteys Park, 2301 Mill St. Info: 970-768-0109. 
6:30 to 7:30 p.m. Community GMO Discussion and Q&amp;A , at Morgan County CSU Extension Office, 914 E. Railroad Ave., Fort Morgan. Presented by Fort Morgan Young Farmers. Free and open to all. Light refreshments provided. RSVP to 970-542-3540. 
7 p.m. Al-Anon at 106 E. Kiowa Ave., Fort Morgan. Info: 970-867-5719 or 970-867-2858. 
May 25 
8 a.m. to noon Cave Quest Vacation Bible School , at Snyder Bible Church. For age 4 to sixth-graders. Info: 970-842-2040, or www.snyderbible.com . 
9 a.m. Al-Anon at 106 E. Kiowa Ave., Fort Morgan. Info: 970-867-5719 or 970-867-2858. 
10 a.m. to noon. Food Bank of the Rockies mobile pantry truck , at Morgan County Fairgrounds in Brush, providing food assistance for anyone seeking extra food. Bring bags or boxes. Info: Lisa Northrup at 970-768-4262. (2015 dates: 
11 a.m. to 12:10 p.m. East Morgan County Hospital Blood Drive , at EMCH, 2400 Edison St., Brush. Donations inside the Conference Room. Info: Brenda Swopes at 970-842-6257 or visit bonfils.org . 
Noon. Alcoholics Anonymous Your Life Group meeting, at 208 W. Beaver Ave., Fort Morgan. Info: 970-380-0228. 
1:30 p.m. to 4:30 p.m. East Morgan County Hospital Blood Drive , at EMCH, 2400 Edison St., Brush. Donations inside the Conference Room. Info: Brenda Swopes at 970-842-6257 or visit bonfils.org . 
6:30 p.m. Brush Lions Club , at Brush Municipal Golf Course at Petteys Park, 2301 W. Mill St., Brush. Info: www.e-clubhouse.org/sites/Brush . 
7 p.m. Bible Study at First Baptist Church, 16756 County Road 18, Fort Morgan (south on West Street, just past football field). Everyone welcome. 
7 to 8:30 p.m. Life Fellowship Youth Group , at Life Fellowship, 17723 MCR 20, Fort Morgan. For middle school and high school students with Youth Leader Becky Brasby. 
May 26 
8 a.m. to noon Cave Quest Vacation Bible School , at Snyder Bible Church. For age 4 to sixth-graders. Info: 970-842-2040, or www.snyderbible.com . 
9:30 to 11 a.m. and 5:30 to 6:30 p.m. United Methodist Church Bible Study , at 117 E. Bijou Ave., Fort Morgan. 
9:30 a.m. to 4:30 p.m. Safe Sitter course , at Life Fellowship, Fort Morgan. Info: Phoebe at 970-768-4567. 
10:30 a.m. Family Story Time at Fort Morgan Children&apos;s Library, 414 Main St., Fort Morgan. 
Noon. Alcoholics Anonymous Your Life Group meeting, at 208 W. Beaver Ave., Fort Morgan. Info: 970-380-0228. 
6 p.m. Association for Children with Disabilities . Anyone interested in joining the group should send a letter to Association for Children with Disabilities (ACD), P.O. Box 423, Fort Morgan, CO 80701 or call Amy Hendrickson at 970-768-1109. 
7 p.m. Bingo at VFW, 208 W. Beaver Ave., Fort Morgan. 
7 to 9 p.m. MCC Morgan County Chorale at the School for the Performing Arts, 914 State St., Fort Morgan. 
7 p.m. Disabled American Veterans at American Legion Hall, 16913 MCR 17 7/10, Fort Morgan. 
7 p.m. Optimist Club of Fort Morgan meeting at Country Steak-Out Restaurant, Fort Morgan. 
7 p.m. Alcoholics Anonymous book study , at Emmanuel Evangelical Church, 318 W. 7th Ave. Info: 970-370-3443. 
7 p.m. Bingo at VFW, 208 W. Beaver Ave., Fort Morgan. 
May 27 
8 a.m. to noon Cave Quest Vacation Bible School , at Snyder Bible Church. For age 4 to sixth-graders. Info: 970-842-2040, or www.snyderbible.com . 
9:30 to 11:30 a.m. MOPS (Moms of Preschoolers) at Life Fellowship Church in Fort Morgan. Open to any mom of children ages 0-6 and child-care is provided. 
Noon to 1 p.m. Fort Morgan Lions Club at Country Steak-Out, 19592 E. 8th Ave., Fort Morgan. Info: www.fortmorganlionsclub.org . 
Noon. Alcoholics Anonymous Your Life Group meeting, at 208 W. Beaver Ave., Fort Morgan. Info: 970-380-0228. 
6 p.m. Vacation Bible School concert , at Snyder Bible Church. Features VBS kids and songs they learned, along with a hot dog roast. 
7 p.m. Al-Anon at 106 E. Kiowa Ave., Fort Morgan. Info: 970-867-5719 or 970-867-2858. 
May 28 
May 29 
9 a.m. Alcoholics Anonymous Your Life Group meeting, at 208 W. Beaver Ave., Fort Morgan. Info: 970-380-0228. 
9 a.m. First Baptist Church Bible Time , 16756 Morgan County Road 18, Fort Morgan (south on West Street, just past football field). Everyone welcome. 
May 30 - Memorial Day 
11 a.m. Red, White and Blue Run , poker run sign up begins at Calvin&apos;s, 1404 Mill St., Brush. With auction, dinner at The Course at Petteys Park. $20 per person. Benefits the Veteran&apos;s Monument in Brush Cemetery. Info: 970-847-3462. 
Noon. Alcoholics Anonymous Your Life Group meeting, at 208 W. Beaver Ave., Fort Morgan. Info: 970-380-0228. 
May 31 
9 a.m. Board of Morgan County Commissioners meeting , at Morgan County Administration Building, 231 Ensign St., Fort Morgan, in the Commissioners&apos; Assembly Room. Info: http://co.morgan.co.us/ 
10:30 a.m. Family Story Time at Fort Morgan Children&apos;s Library, 414 Main St., Fort Morgan. 
Noon. Alcoholics Anonymous Your Life Group meeting, at 208 W. Beaver Ave., Fort Morgan. Info: 970-380-0228. 
1 p.m. The Craft Group at East Morgan County Library, 500 Clayton, Brush. 
2 p.m. Community Exercise Group for those with Parkinson&apos;s disease, at Valley View Villa, 815 Fremont, Fort Morgan. 
6 p.m. Brush American Legion Auxiliary Sagebrush Unit 68 , at The Course at Petteys Park, 2301 Mill St. Info: 970-768-0109. 
7 p.m. Al-Anon at 106 E. Kiowa Ave., Fort Morgan. Info: 970-867-5719 or 970-867-2858. 
</topic_text>
<spam_score>0.00</spam_score>
<post_num>1</post_num>
<post_id>post-1</post_id>
<post_url>http://www.fortmorgantimes.com/ci_29875595/community-calendar</post_url>
<post_date>20160511</post_date>
<post_time></post_time>
<username></username>
<post>
Posted: 05/11/2016 05:13:45 PM MDT 
May 11 
9 a.m. Al-Anon at 106 E. Kiowa Ave., Fort Morgan. Info: 970-867-5719 or 970-867-2858. 
9:30 a.m. Meet Jack Graham, Republican candidate for U.S. Senate at Frankie&apos;s Coffee House, 119 W. Beaver Ave., Fort Morgan. Info: 970-542-0172. 
Noon. Alcoholics Anonymous Your Life Group meeting, at 208 W. Beaver Ave., Fort Morgan. Info: 970-380-0228. 
6:30 p.m. Brush Lions Club , at Brush Municipal Golf Course at Petteys Park, 2301 W. Mill St., Brush. Info: www.e-clubhouse.org/sites/Brush . 
7 p.m. Bible Study at First Baptist Church, 16756 County Road 18, Fort Morgan (south on West Street, just past football field). Everyone welcome. 
7 to 8:30 p.m. Compassionate Friends meeting at First Christian Church, 225 W. Bijou Ave., Fort Morgan. Support group for the bereaved who have lost a child. Sharing precious memories and photos. Info: Michelle Covelli at 970-867-8316 or co-leader Carmen Jimenez at 970-380-0988. 
May 12 
9:30 to 11 a.m. and 5:30 to 6:30 p.m. United Methodist Church Bible Study at 117 E. Bijou Ave., Fort Morgan. 
10 a.m. to Noon. Grand opening of Sol Naciente housing development , at 322 Linda St. in Fort Morgan. Open to the public. 
10:30 a.m. Family Story Time at Fort Morgan Children&apos;s Library, 414 Main St., Fort Morgan. Advertisement 
11 a.m. Fort Morgan United Methodist Women&apos;s annual Salad Luncheon , in the Activity Center at United Methodist Church, corner of State Street and Bijou Avenue in Fort Morgan. Salads served from 11 a.m. to 1:30 p.m. $8 per person at the door. Also offering UMW Quilting Circle items for purchase. Benefit local and global UMW mission projects. Info: 970-867-5666. 
Noon. Alcoholics Anonymous Your Life Group meeting, at 208 W. Beaver Ave., Fort Morgan. Info: 970-380-0228. 
6 to 8 p.m. Informational meeting for those interested in health occupations, at Morgan Community College, Spruce Hall, in Fort Morgan. Info: Beth Carpenter at 970-542-3119. 
6 p.m. Adult Basic Education/GED Program graduation , at Morgan Community College in the Founders Room. 
6:30 p.m. Log Lane Village Board of Trustees regular meeting , Town Hall, 109 Maine St., Log Lane Village. Info: 970- 867-8027. 
7 to 9 p.m. MCC Morgan County Chorale at the School for the Performing Arts, 914 State St., Fort Morgan. 
7 p.m. Bingo at VFW, 208 W. Beaver Ave., Fort Morgan. 
7 p.m. Alcoholics Anonymous book study , at Emmanuel Evangelical Church, 318 W. 7th Ave. Info: 970-370-3443. 
7 to 9 p.m. Morgan County Concert Association presents The Alex Meixner Band , at Fort Morgan High School in the Glenn Miller Auditorium. Accordion music. Tickets: $20 for adults, $10 for students, 5 and under free. Info: Emma Jorgensen at 970-867-5996. 
7:30 p.m. The American Legion Harold DeHaan Post #19 at 16913 Morgan County Road 17.7 (Nelson Road) in Fort Morgan. 
May 13 
9:30 to 11:30 a.m. MOPS (Moms of Preschoolers) at Life Fellowship Church, 17723 MCR 20, Fort Morgan. Open to any mom of children ages 0-6 and child-care is provided. 
Noon to 1 p.m. Fort Morgan Lions Club at Country Steak-Out, 19592 E. 8th Ave., Fort Morgan. Info: www.fortmorganlionsclub.org . 
Noon. Alcoholics Anonymous Your Life Group meeting, at 208 W. Beaver Ave., Fort Morgan. Info: 970-380-0228. 
7 p.m. Al-Anon at 106 E. Kiowa Ave., Fort Morgan. Info: 970-867-5719 or 970-867-2858. 
7 p.m. Lincoln High School graduation , at Pioneer Elementary School, 415 Spruce St., Fort Morgan. 
May 14 
7 to 11 a.m. Relay for Life Yard Sale , at Fort Morgan City Park. 
9 a.m. to 1 p.m. Living Ordinary Life with Extraordinary Awareness: A Mindfulness Community Workshop , at East Morgan County Library, Brush, in the Carnegie Room. Learn about the Enneagram with Michelle Danson. Free, open to the public. Info: Nancy Severin at 970-867-6826. 
9 a.m. Morgan Community College graduation , at MCC Fort Morgan campus on east side. If inclement weather, will be held in Fort Morgan High School&apos;s Glenn Miller Auditorium. 
1 p.m. United Presbyterian Church Craft Group , 1300 E. Riverview, Fort Morgan. 
May 15 
9a.m. Alcoholics Anonymous Your Life Group meeting, at 208 W. Beaver Ave., Fort Morgan. Info: 970-380-0228. 
9 a.m. First Baptist Church Bible Time , 16756 Morgan County Road 18, Fort Morgan (south on West Street, just past football field). Everyone welcome. 
2 p.m. Retirement open house for Karen Friedenberger , at Trinity Lutheran School, 1215 W. Seventh Ave., Fort Morgan. Hosted by Trinity Lutheran School Board. 
6 p.m. &quot;Once Upon a Time&quot; concert by Singers Limited , at First Christian Church, 225 W. Bijou Ave., Fort Morgan. 
May 16 
Noon to 1 p.m. Morgan County Toastmasters , at Bank of the West&apos;s lower level, 120 E. Kiowa Ave., Fort Morgan. Info: Vernon Tryon at 970-467-3088. 
Noon. Alcoholics Anonymous Your Life Group meeting, at 208 W. Beaver Ave., Fort Morgan. Info: 970-380-0228. 
6 p.m. Common Cents for Colorado workshop , at East Morgan County Library, Brush. Learn about personal financial management and common investment types. Free, open to the public. 
6:30 to 8 p.m., Spunk and Spirit Christian Writers Group meeting, at Life Fellowship, Fort Morgan. Info: Kathy Brasby at or 970-520-5454. 
7 p.m. Monday Night Bingo at Fort Morgan Elks Lodge, 430 State St. 
7 p.m. Morgan County Re-3 Board of Education regular meeting, at District Support Center, 715 W. Platte Ave., Fort Morgan. Info: 970-867-5633. 
May 17 
8 a.m. to 4 p.m. 13th Judicial District&apos;s Family Law Day , at Morgan County Justice Center, 400 Warner St., in Fort Morgan. Free services from attorneys for individuals representing themselves in family law cases. Info and registration: 970-542-3435 or 970-526-3978. 
9 a.m. Board of Morgan County Commissioners meeting , at Morgan County Administration Building, 231 Ensign St., Fort Morgan, in the Commissioners&apos; Assembly Room. Info: http://co.morgan.co.us/ 
10:30 a.m. Family Story Time at Fort Morgan Children&apos;s Library, 414 Main St., Fort Morgan. 
Noon. Alcoholics Anonymous Your Life Group meeting, at 208 W. Beaver Ave., Fort Morgan. Info: 970-380-0228. 
1 p.m. The Craft Group at East Morgan County Library, 500 Clayton, Brush. 
2 p.m. Community Exercise Group for those with Parkinson&apos;s disease, at Valley View Villa, 815 Fremont, Fort Morgan. 
6 p.m. Fort Morgan City Council regular meeting , City Hall, 110 Main St., Fort Morgan. Info: www.cityoffortmorgan.com . 
7 p.m. Al-Anon at 106 E. Kiowa Ave., Fort Morgan. Info: 970-867-5719 or 970-867-2858. 
May 18 
9 a.m. Al-Anon at 106 E. Kiowa Ave., Fort Morgan. Info: 970-867-5719 or 970-867-2858. 
Noon. Alcoholics Anonymous Your Life Group meeting, at 208 W. Beaver Ave., Fort Morgan. Info: 970-380-0228. 
Noon to 1 p.m. Dementia Dialogues free webinar , online through www.bannerhealth.com . All monthly Dementia Dialogues webinars available online for viewing afterward. 
7 p.m. Bible Study at First Baptist Church, 16756 County Road 18, Fort Morgan (south on West Street, just past football field). Everyone welcome. 
7 to 8:30 p.m. Life Fellowship Youth Group , at Life Fellowship, 17723 MCR 20, Fort Morgan. For middle school and high school students with Youth Leader Becky Brasby. 
May 19 
9:30 to 11 a.m. and 5:30 to 6:30 p.m. United Methodist Church Bible Study , at 117 E. Bijou Ave., Fort Morgan. 
10:30 a.m. Family Story Time , at Fort Morgan Children&apos;s Library, 414 Main St., Fort Morgan. 
Noon. Alcoholics Anonymous Your Life Group meeting, at 208 W. Beaver Ave., Fort Morgan. Info: 970-380-0228. 
4 to 6 p.m. Carol Benjamin: Gold of Spirit Icon Paintings , at CACE Fine Art Gallery, 300 Main St., Fort Morgan, lower level. 
7 p.m. Optimist Club of Fort Morgan meeting at Country Steak-Out Restaurant, Fort Morgan. 
7 to 9 p.m. MCC Morgan County Chorale at the School for the Performing Arts, 914 State St., Fort Morgan. . 
7 p.m. Alcoholics Anonymous book study , at Emmanuel Evangelical Church, 318 W. 7th Ave. Info: 970-370-3443. 
7 p.m. Bingo at VFW, 208 W. Beaver Ave., Fort Morgan. 
May 20 
Noon to 1 p.m. Fort Morgan Lions Club , at Country Steak-Out, 19592 E. 8th Ave., Fort Morgan. Info: visit www.fortmorganlionsclub.org . 
Noon. Alcoholics Anonymous Your Life Group meeting, at 208 W. Beaver Ave., Fort Morgan. Info: 970-380-0228. 
6 p.m. AARP Membership Carry-in at Fort Morgan Senior Citizens Center, 110 Sherman, Fort Morgan. Info: Dorothy Taylor at 970-867-1819. 
7 p.m. Al-Anon at 106 E. Kiowa Ave., Fort Morgan. Info: 970-867-5719 or 970-867-2858. 
May 21 
10 a.m. Fort Morgan High School graduation , at Legion Field, Fort Morgan. 
10 a.m. Brush High School graduation , at Beetdigger Stadium, Brush. 
2 p.m. Weldon Valley High School graduation , at Weldon Valley School. 
2 p.m. Prairie High School graduation , in the school gymnasium. 
May 22 
9 a.m. Alcoholics Anonymous Your Life Group meeting, at 208 W. Beaver Ave., Fort Morgan. Info: 970-380-0228. 
9 a.m. First Baptist Church Bible Time , 16756 Morgan County Road 18, Fort Morgan (south on West Street, just past football field). Everyone welcome. 
1 p.m. Wiggins High School graduation , at Wiggins High School. 
May 23 
8 a.m. to noon Cave Quest Vacation Bible School , at Snyder Bible Church. For age 4 to sixth-graders. Info: 970-842-2040, or www.snyderbible.com . 
Noon to 1 p.m. Morgan County Toastmasters , at Bank of the West&apos;s lower level, 120 E. Kiowa Ave., Fort Morgan. Info: Vernon Tryon at 970-467-3088. 
Noon. Alcoholics Anonymous Your Life Group meeting, at 208 W. Beaver Ave., Fort Morgan. Info: 970-380-0228. 
6 p.m. Brush City Council , at City Hall, 600 Edison St., Brush. 
6 p.m. Common Cents for Colorado workshop , at East Morgan County Library, Brush. Learn about personal financial management and managing money during retirement. Free, open to the public. 
7 p.m. Monday Night Bingo at Fort Morgan Elks Lodge, 430 State St. 
May 24 
8 a.m. to noon Cave Quest Vacation Bible School , at Snyder Bible Church. For age 4 to sixth-graders. Info: 970-842-2040, or www.snyderbible.com . 
9 a.m. Board of Morgan County Commissioners meeting , at Morgan County Administration Building, 231 Ensign St., Fort Morgan, in the Commissioners&apos; Assembly Room. Info: http://co.morgan.co.us/ 
10:30 a.m. Family Story Time at Fort Morgan Children&apos;s Library, 414 Main St., Fort Morgan. 
Noon. Alcoholics Anonymous Your Life Group meeting, at 208 W. Beaver Ave., Fort Morgan. Info: 970-380-0228. 
1 p.m. The Craft Group at East Morgan County Library, 500 Clayton, Brush. 
2 p.m. Community Exercise Group for those with Parkinson&apos;s disease, at Valley View Villa, 815 Fremont, Fort Morgan. 
6 p.m. Brush American Legion Auxiliary Sagebrush Unit 68 , at The Course at Petteys Park, 2301 Mill St. Info: 970-768-0109. 
6:30 to 7:30 p.m. Community GMO Discussion and Q&amp;A , at Morgan County CSU Extension Office, 914 E. Railroad Ave., Fort Morgan. Presented by Fort Morgan Young Farmers. Free and open to all. Light refreshments provided. RSVP to 970-542-3540. 
7 p.m. Al-Anon at 106 E. Kiowa Ave., Fort Morgan. Info: 970-867-5719 or 970-867-2858. 
May 25 
8 a.m. to noon Cave Quest Vacation Bible School , at Snyder Bible Church. For age 4 to sixth-graders. Info: 970-842-2040, or www.snyderbible.com . 
9 a.m. Al-Anon at 106 E. Kiowa Ave., Fort Morgan. Info: 970-867-5719 or 970-867-2858. 
10 a.m. to noon. Food Bank of the Rockies mobile pantry truck , at Morgan County Fairgrounds in Brush, providing food assistance for anyone seeking extra food. Bring bags or boxes. Info: Lisa Northrup at 970-768-4262. (2015 dates: 
11 a.m. to 12:10 p.m. East Morgan County Hospital Blood Drive , at EMCH, 2400 Edison St., Brush. Donations inside the Conference Room. Info: Brenda Swopes at 970-842-6257 or visit bonfils.org . 
Noon. Alcoholics Anonymous Your Life Group meeting, at 208 W. Beaver Ave., Fort Morgan. Info: 970-380-0228. 
1:30 p.m. to 4:30 p.m. East Morgan County Hospital Blood Drive , at EMCH, 2400 Edison St., Brush. Donations inside the Conference Room. Info: Brenda Swopes at 970-842-6257 or visit bonfils.org . 
6:30 p.m. Brush Lions Club , at Brush Municipal Golf Course at Petteys Park, 2301 W. Mill St., Brush. Info: www.e-clubhouse.org/sites/Brush . 
7 p.m. Bible Study at First Baptist Church, 16756 County Road 18, Fort Morgan (south on West Street, just past football field). Everyone welcome. 
7 to 8:30 p.m. Life Fellowship Youth Group , at Life Fellowship, 17723 MCR 20, Fort Morgan. For middle school and high school students with Youth Leader Becky Brasby. 
May 26 
8 a.m. to noon Cave Quest Vacation Bible School , at Snyder Bible Church. For age 4 to sixth-graders. Info: 970-842-2040, or www.snyderbible.com . 
9:30 to 11 a.m. and 5:30 to 6:30 p.m. United Methodist Church Bible Study , at 117 E. Bijou Ave., Fort Morgan. 
9:30 a.m. to 4:30 p.m. Safe Sitter course , at Life Fellowship, Fort Morgan. Info: Phoebe at 970-768-4567. 
10:30 a.m. Family Story Time at Fort Morgan Children&apos;s Library, 414 Main St., Fort Morgan. 
Noon. Alcoholics Anonymous Your Life Group meeting, at 208 W. Beaver Ave., Fort Morgan. Info: 970-380-0228. 
6 p.m. Association for Children with Disabilities . Anyone interested in joining the group should send a letter to Association for Children with Disabilities (ACD), P.O. Box 423, Fort Morgan, CO 80701 or call Amy Hendrickson at 970-768-1109. 
7 p.m. Bingo at VFW, 208 W. Beaver Ave., Fort Morgan. 
7 to 9 p.m. MCC Morgan County Chorale at the School for the Performing Arts, 914 State St., Fort Morgan. 
7 p.m. Disabled American Veterans at American Legion Hall, 16913 MCR 17 7/10, Fort Morgan. 
7 p.m. Optimist Club of Fort Morgan meeting at Country Steak-Out Restaurant, Fort Morgan. 
7 p.m. Alcoholics Anonymous book study , at Emmanuel Evangelical Church, 318 W. 7th Ave. Info: 970-370-3443. 
7 p.m. Bingo at VFW, 208 W. Beaver Ave., Fort Morgan. 
May 27 
8 a.m. to noon Cave Quest Vacation Bible School , at Snyder Bible Church. For age 4 to sixth-graders. Info: 970-842-2040, or www.snyderbible.com . 
9:30 to 11:30 a.m. MOPS (Moms of Preschoolers) at Life Fellowship Church in Fort Morgan. Open to any mom of children ages 0-6 and child-care is provided. 
Noon to 1 p.m. Fort Morgan Lions Club at Country Steak-Out, 19592 E. 8th Ave., Fort Morgan. Info: www.fortmorganlionsclub.org . 
Noon. Alcoholics Anonymous Your Life Group meeting, at 208 W. Beaver Ave., Fort Morgan. Info: 970-380-0228. 
6 p.m. Vacation Bible School concert , at Snyder Bible Church. Features VBS kids and songs they learned, along with a hot dog roast. 
7 p.m. Al-Anon at 106 E. Kiowa Ave., Fort Morgan. Info: 970-867-5719 or 970-867-2858. 
May 28 
May 29 
9 a.m. Alcoholics Anonymous Your Life Group meeting, at 208 W. Beaver Ave., Fort Morgan. Info: 970-380-0228. 
9 a.m. First Baptist Church Bible Time , 16756 Morgan County Road 18, Fort Morgan (south on West Street, just past football field). Everyone welcome. 
May 30 - Memorial Day 
11 a.m. Red, White and Blue Run , poker run sign up begins at Calvin&apos;s, 1404 Mill St., Brush. With auction, dinner at The Course at Petteys Park. $20 per person. Benefits the Veteran&apos;s Monument in Brush Cemetery. Info: 970-847-3462. 
Noon. Alcoholics Anonymous Your Life Group meeting, at 208 W. Beaver Ave., Fort Morgan. Info: 970-380-0228. 
May 31 
9 a.m. Board of Morgan County Commissioners meeting , at Morgan County Administration Building, 231 Ensign St., Fort Morgan, in the Commissioners&apos; Assembly Room. Info: http://co.morgan.co.us/ 
10:30 a.m. Family Story Time at Fort Morgan Children&apos;s Library, 414 Main St., Fort Morgan. 
Noon. Alcoholics Anonymous Your Life Group meeting, at 208 W. Beaver Ave., Fort Morgan. Info: 970-380-0228. 
1 p.m. The Craft Group at East Morgan County Library, 500 Clayton, Brush. 
2 p.m. Community Exercise Group for those with Parkinson&apos;s disease, at Valley View Villa, 815 Fremont, Fort Morgan. 
6 p.m. Brush American Legion Auxiliary Sagebrush Unit 68 , at The Course at Petteys Park, 2301 Mill St. Info: 970-768-0109. 
7 p.m. Al-Anon at 106 E. Kiowa Ave., Fort Morgan. Info: 970-867-5719 or 970-867-2858. 
</post>
<signature>

</signature>
<external_links>

</external_links>
<country>US</country>
<main_image>http://local.fortmorgantimes.com/common/dfm/assets/logos/1200x627/fortmorgantimes.png</main_image>
</document>
