<?xml version="1.0" encoding="UTF-8"?>
<document>
<type>mainstream</type>
<forum>http://www.jckonline.com/rss.xml</forum>
<forum_title>JCK</forum_title>
<discussion_title>700 Jewelers Called it Quits in First Quarter, Says JBT</discussion_title>
<language>english</language>
<gmt_offset></gmt_offset>
<topic_url>http://www.jckonline.com/700-jewelers-called-it-quits-first-quarter-says-jbt-1881</topic_url>
<topic_text>
700 Jewelers Called it Quits in First Quarter, Says JBT   
Thanks for sharing. As you know, keeping the process of continuous improvement never rests. Best of every success to you. Link:
</topic_text>
<spam_score>0.00</spam_score>
<post_num>1</post_num>
<post_id>post-1</post_id>
<post_url>http://www.jckonline.com/700-jewelers-called-it-quits-first-quarter-says-jbt-1881</post_url>
<post_date>20160512</post_date>
<post_time>1544</post_time>
<username>Admin User</username>
<post>
700 Jewelers Called it Quits in First Quarter, Says JBT   
Thanks for sharing. As you know, keeping the process of continuous improvement never rests. Best of every success to you. Link:
</post>
<signature>

</signature>
<external_links>

</external_links>
<country>US</country>
<main_image>http://www.jckonline.com/sites/all/themes/jck/images/share-image.jpg</main_image>
</document>
