<?xml version="1.0" encoding="UTF-8"?>
<document>
<type>mainstream</type>
<forum></forum>
<forum_title></forum_title>
<discussion_title>息子が友達と自転車で遠出したのが学校にバレて、先生たちに怒られ私はモンペ扱いされてしまった｜生活まとめにゅーアンテナ</discussion_title>
<language>english</language>
<gmt_offset></gmt_offset>
<topic_url>http://rankin9.com/lifehack/entry/91747</topic_url>
<topic_text>

</topic_text>
<spam_score>0.00</spam_score>
<post_num>1</post_num>
<post_id>post-1</post_id>
<post_url>http://rankin9.com/lifehack/entry/91747</post_url>
<post_date>20160512</post_date>
<post_time></post_time>
<username></username>
<post>

</post>
<signature>

</signature>
<external_links>

</external_links>
<country>JP</country>
<main_image></main_image>
</document>
