<?xml version="1.0" encoding="UTF-8"?>
<document>
<type>mainstream</type>
<forum></forum>
<forum_title></forum_title>
<discussion_title>Union &amp; Actions - 147 - 20 - Nouveau permis controversé / 147 - 13-05-2016 / 2016 / Edition du journal / Accueil U&amp;A / PlateForme</discussion_title>
<language>french</language>
<gmt_offset></gmt_offset>
<topic_url>http://www.unionetactions.be/Edition-du-journal/2016/147-13-05-2016/Nouveau-permis-controverse</topic_url>
<topic_text>
Soumagne | Projet Central Piazza Nouveau permis controversé Les autorités communales de Soumagne ont octroyé le permis d&apos;urbanisme pour le centre commercial Central Piazza. C&apos;est avec philosophie que l&apos;UCM province de Liège accueille cette décision. 
Cela fait maintenant huit ans que la plupart des spécialistes et instances officielles chargées d&apos;émettre des avis qualifie ce projet commercial de démesuré. Celui-ci apparaît même dangereux pour la pérennité des commerces et pôles existants. Un commerçant soumagnard, souhaitant garder l&apos;anonymat, témoigne : &quot;Notre crainte est de voir se vider les trois centres commerciaux. Ils vont laisser place à des cellules vides. Cela ne va pas engendrer de créations, mais bien des pertes d&apos;emplois !&quot; 
Dans le cadre de la procédure d&apos;obtention du permis d&apos;urbanisme, l&apos;enquête publique a confirmé les craintes des acteurs. Elle a mis en lumière un autre risque : celui de congestionner dangereusement la N3. Bordant le futur complexe commercial, cette route nationale dessert notamment les communes de Fléron, Soumagne et Herve. L&apos;étude d&apos;incidence démontre que l&apos;axe est saturé. &quot;Pourquoi se retrouver dans les bouchons pendant vingt minutes pour aller faire ses courses, alors qu&apos;il est plus facile et rapide de descendre sur Herstal ? A fortiori pour trouver les mêmes enseignes... Et si le complexe ne fonctionne pas, que fait-on ?&quot;, s&apos;interroge le commerçant. Feux rouges en cascade 
Ces dernières semaines, les services communaux de mobilité et des affaires économiques, ainsi que le fonctionnaire délégué, ont rendu des avis négatifs. Malgré les multiples feux rouges rencontrés, le collège communal de Soumagne s&apos;entête et octroie le permis d&apos;urbanisme aux promoteurs. Pour l&apos;UCM province de Liège, cette décision paraît particulièrement fragile dans sa motivation. Sans aucun doute, elle fera l&apos;objet de recours auprès du ministre wallon de l&apos;Aménagement du territoire, Carlo Di Antonio (CDH), ou du Conseil d&apos;État. 
Il va sans dire qu&apos;un tel projet de développement commercial situé en périphérie de trois communes ne répond ni au Schéma de développement commercial wallon, ni aux exigences du nouveau décret implantations commerciales qui fête son premier anniversaire. L&apos;UCM en appelle donc au monde politique régional afin que celui-ci adopte, sur ce dossier, des décisions en concordance avec la législation qu&apos;il vient d&apos;adopter. L&apos;UCM est et restera aux côtés des commerçants pour les soutenir dans ce juste combat ! 

</topic_text>
<spam_score>0.00</spam_score>
<post_num>1</post_num>
<post_id>post-1</post_id>
<post_url>http://www.unionetactions.be/Edition-du-journal/2016/147-13-05-2016/Nouveau-permis-controverse</post_url>
<post_date>20140417</post_date>
<post_time></post_time>
<username></username>
<post>
Soumagne | Projet Central Piazza Nouveau permis controversé Les autorités communales de Soumagne ont octroyé le permis d&apos;urbanisme pour le centre commercial Central Piazza. C&apos;est avec philosophie que l&apos;UCM province de Liège accueille cette décision. 
Cela fait maintenant huit ans que la plupart des spécialistes et instances officielles chargées d&apos;émettre des avis qualifie ce projet commercial de démesuré. Celui-ci apparaît même dangereux pour la pérennité des commerces et pôles existants. Un commerçant soumagnard, souhaitant garder l&apos;anonymat, témoigne : &quot;Notre crainte est de voir se vider les trois centres commerciaux. Ils vont laisser place à des cellules vides. Cela ne va pas engendrer de créations, mais bien des pertes d&apos;emplois !&quot; 
Dans le cadre de la procédure d&apos;obtention du permis d&apos;urbanisme, l&apos;enquête publique a confirmé les craintes des acteurs. Elle a mis en lumière un autre risque : celui de congestionner dangereusement la N3. Bordant le futur complexe commercial, cette route nationale dessert notamment les communes de Fléron, Soumagne et Herve. L&apos;étude d&apos;incidence démontre que l&apos;axe est saturé. &quot;Pourquoi se retrouver dans les bouchons pendant vingt minutes pour aller faire ses courses, alors qu&apos;il est plus facile et rapide de descendre sur Herstal ? A fortiori pour trouver les mêmes enseignes... Et si le complexe ne fonctionne pas, que fait-on ?&quot;, s&apos;interroge le commerçant. Feux rouges en cascade 
Ces dernières semaines, les services communaux de mobilité et des affaires économiques, ainsi que le fonctionnaire délégué, ont rendu des avis négatifs. Malgré les multiples feux rouges rencontrés, le collège communal de Soumagne s&apos;entête et octroie le permis d&apos;urbanisme aux promoteurs. Pour l&apos;UCM province de Liège, cette décision paraît particulièrement fragile dans sa motivation. Sans aucun doute, elle fera l&apos;objet de recours auprès du ministre wallon de l&apos;Aménagement du territoire, Carlo Di Antonio (CDH), ou du Conseil d&apos;État. 
Il va sans dire qu&apos;un tel projet de développement commercial situé en périphérie de trois communes ne répond ni au Schéma de développement commercial wallon, ni aux exigences du nouveau décret implantations commerciales qui fête son premier anniversaire. L&apos;UCM en appelle donc au monde politique régional afin que celui-ci adopte, sur ce dossier, des décisions en concordance avec la législation qu&apos;il vient d&apos;adopter. L&apos;UCM est et restera aux côtés des commerçants pour les soutenir dans ce juste combat ! 

</post>
<signature>

</signature>
<external_links>

</external_links>
<country>BE</country>
<main_image>http://www.unionetactions.be/extension/ucm/design/common/images/logo-unionetactions-og-image-20140417.jpg</main_image>
</document>
