<?xml version="1.0" encoding="UTF-8"?>
<document>
<type>mainstream</type>
<forum>http://wn.com/Akumal</forum>
<forum_title>Akumal</forum_title>
<discussion_title>OU Kosher Launches Halacha Yomis Program for Rav Belsky’s Refuah (OU - Orthodox Union)</discussion_title>
<language>english</language>
<gmt_offset>4</gmt_offset>
<topic_url>http://article.wn.com/view/2016/01/28/OU_Kosher_Launches_Halacha_Yomis_Program_for_Rav_Belsky_s_Re/</topic_url>
<topic_text>
( Source : OU - Orthodox Union )
Motivated by the illness of the Orthodox Union&apos;s Senior Halachic Consultant Rav Chaim Yisroel Belsky , Shlita, and with the approval and encouragement of Rabbi Menachem Genack , CEO of OU Kosher , and
</topic_text>
<spam_score>0.00</spam_score>
<post_num>1</post_num>
<post_id>post-1</post_id>
<post_url>http://article.wn.com/view/2016/01/28/OU_Kosher_Launches_Halacha_Yomis_Program_for_Rav_Belsky_s_Re/</post_url>
<post_date>20160128</post_date>
<post_time></post_time>
<username>wn.com</username>
<post>
( Source : OU - Orthodox Union )
Motivated by the illness of the Orthodox Union&apos;s Senior Halachic Consultant Rav Chaim Yisroel Belsky , Shlita, and with the approval and encouragement of Rabbi Menachem Genack , CEO of OU Kosher , and
</post>
<signature>

</signature>
<external_links>

</external_links>
<country>GB</country>
<main_image>http://i.ytimg.com/vi/zUJE71JpcWA/0.jpg</main_image>
</document>
