<?xml version="1.0" encoding="UTF-8"?>
<document>
<type>mainstream</type>
<forum>http://www.digitalspy.com/showbiz/</forum>
<forum_title>Digital Spy - Showbiz news, showbiz pictures, showbiz interviews</forum_title>
<discussion_title>Billie Piper granted &apos;quickie divorce&apos; from Laurence Fox on grounds of unreasonable behaviour</discussion_title>
<language>english</language>
<gmt_offset></gmt_offset>
<topic_url>http://www.digitalspy.com/showbiz/news/a793848/billie-piper-granted-quickie-divorce-from-laurence-fox/</topic_url>
<topic_text>
​Billie Piper has been granted a divorce from Laurence Fox after eight years of marriage. The Penny Dreadful star was granted a decree nisi on the grounds of her former husband&apos;s &quot;unreasonable behaviour&quot; , according to ITV News .
Neither Piper nor Fox attended Thursday&apos;s hearing at the Central Family Court in London.
The former couple – ​ who have two young sons together – ​ married back in 2007, but announced their unexpected separation earlier this year in a statement via Fox&apos;s Facebook page.
Advertisement - Continue Reading Below It read: ​ &quot;Laurence Fox and Billie Piper have separated. No third parties are involved. For the sake of our family we request and appeal for space and privacy at this time.&quot;
Prior to her relationship with Fox, Piper was married to new Top Gear presenter Chris Evans for six years between 2001 and 2007. ​
Piper currently stars in Sky Atlantic&apos;s Penny Dreadful​ , while ​Lewis star Fox was recently seen on stage in London as Charles de Gaulle in ​The Patriotic Traitor.
</topic_text>
<spam_score>0.00</spam_score>
<post_num>1</post_num>
<post_id>post-1</post_id>
<post_url>http://www.digitalspy.com/showbiz/news/a793848/billie-piper-granted-quickie-divorce-from-laurence-fox/</post_url>
<post_date>20160512</post_date>
<post_time></post_time>
<username>Naomi Gordon</username>
<post>
​Billie Piper has been granted a divorce from Laurence Fox after eight years of marriage. The Penny Dreadful star was granted a decree nisi on the grounds of her former husband&apos;s &quot;unreasonable behaviour&quot; , according to ITV News .
Neither Piper nor Fox attended Thursday&apos;s hearing at the Central Family Court in London.
The former couple – ​ who have two young sons together – ​ married back in 2007, but announced their unexpected separation earlier this year in a statement via Fox&apos;s Facebook page.
Advertisement - Continue Reading Below It read: ​ &quot;Laurence Fox and Billie Piper have separated. No third parties are involved. For the sake of our family we request and appeal for space and privacy at this time.&quot;
Prior to her relationship with Fox, Piper was married to new Top Gear presenter Chris Evans for six years between 2001 and 2007. ​
Piper currently stars in Sky Atlantic&apos;s Penny Dreadful​ , while ​Lewis star Fox was recently seen on stage in London as Charles de Gaulle in ​The Patriotic Traitor.
</post>
<signature>

</signature>
<external_links>
<external_link>http://www.itv.com/news/2016-05-12/actress-billie-piper-and-actor-laurence-fox-divorce/</external_link>
</external_links>
<country>US</country>
<main_image>http://digitalspyuk.cdnds.net/16/12/1600x800/landscape-1458769548-gettyimages-512364704.jpg</main_image>
</document>
