<?xml version="1.0" encoding="UTF-8"?>
<document>
<type>mainstream</type>
<forum>http://tudocelular.com//feed/</forum>
<forum_title>Tudocelular.com</forum_title>
<discussion_title>Sharp Aquos Zeta contará com câmera da Ricoh e certificação de resistência</discussion_title>
<language>portuguese</language>
<gmt_offset></gmt_offset>
<topic_url>http://www.tudocelular.com/android/noticias/n71779/sharp-aquos-zeta-camera-ricoh-resistencia-agua.html</topic_url>
<topic_text>
Sharp Aquos Zeta contará com câmera da Ricoh e certificação de resistência 
12 de maio de 2016 0 Android Smartphone Tablet Modding 
A Sharp não é exatamente conhecida por sua linha de smartphones, contando com uma fama muito maior no ramo de televisores onde por muito tempo foi referência mundial antes de acabar vendida para a Foxconn . Ainda assim, a companhia japonesa tem lançado bons dispositivos no mercado, geralmente contando com um design diferenciado, certificação de resistência contra água e outros atributos para chamar a atenção dos usuários em sua terra natal. 
Agora, surgem informações a respeito de seu próximo flagship, sendo um modelo chamado de Aquos Zeta que supostamente seria apresentado oficialmente ainda neste primeiro semestre. Segundo revelado, o aparelho será vendido em três cores diferentes, podendo ser encontrado em versões verde, preto ou branco, basicamente como faz a Sony com sua linha Xperia. Por falar nisso, a Sharp adotaria um visual similar ao de sua irmã nipônica, com uma estrutura feita em metal e a parte traseira coberta por vidro. No caso do Aquos Zeta, contudo, teríamos laterais mais arredondadas, garantindo uma melhor ergonomia. Aquos Zeta pode ser anunciado pela Sharp ainda neste semestre 
O mais interessante do novo flagship da Sharp, contudo, seria sua câmera principal. De acordo com o que foi informado, o aparelho já recebeu certificação para uso de um sistema fotográfico desenvolvido pela renomada fabricante japonesa Ricoh , conhecida mundialmente por seu trabalho neste ramo. Isto demonstra que podemos ter um conjunto capaz de fazer o dispositivo brigar pelo posto de melhor câmera em um smartphone, mesmo competindo com &quot;monstros&quot; como P9 , Galaxy S7 Edge e G5 . Entretanto, não há como sabermos ainda até que ponto a Ricoh participou da criação do Aquos Zeta, sendo necessário aguardarmos que detalhes mais concretos sobre o assunto sejam disponibilizados. 
Em termos de especificações técnicas, foi revelado que o modelo contará com: Tela IGZO de 5,3 polegadas com resolução Full HD (1080 x 1920 pixels) Chipset Qualcomm Snapdragon 820 64-bit Quad-Core com clock máximo em 2 GHz GPU Adreno 530 32 GB de espaço para armazenamento interno, expansível via cartão microSD Câmera principal de 22,6 megapixels feita pela Ricoh Câmera frontal de 5 megapixels Certificação de resistência IP58 contra água e poeira Leitor de impressões digitais na lateral Sistema de áudio Hi-Res Dimensões de 149 x 73 x 7,6 mm Peso de 155 gramas Android 6.0 Marshmallow 
Como a Sharp ainda não se pronunciou sobre seu novo flagship, não há meios de confirmarmos as informações vazadas até o momento. Por outro lado, o fato do modelo já ser até mesmo listado no site da maior operadora do Japão torna improvável que tenhamos alguma mudança em suas características antes do anúncio oficial. Assim como em lançamentos anteriores da marca, as chances do Aquos Zeta chegar ao Brasil são mínimas, restando aos interessados buscarem por meios de importação, observando as faixas de frequência suportadas pelo dispositivo e arcando com as devidas taxas.
</topic_text>
<spam_score>0.00</spam_score>
<post_num>1</post_num>
<post_id>post-1</post_id>
<post_url>http://www.tudocelular.com/android/noticias/n71779/sharp-aquos-zeta-camera-ricoh-resistencia-agua.html</post_url>
<post_date>20160512</post_date>
<post_time>1058</post_time>
<username>Tudocelular.com</username>
<post>
Sharp Aquos Zeta contará com câmera da Ricoh e certificação de resistência 
12 de maio de 2016 0 Android Smartphone Tablet Modding 
A Sharp não é exatamente conhecida por sua linha de smartphones, contando com uma fama muito maior no ramo de televisores onde por muito tempo foi referência mundial antes de acabar vendida para a Foxconn . Ainda assim, a companhia japonesa tem lançado bons dispositivos no mercado, geralmente contando com um design diferenciado, certificação de resistência contra água e outros atributos para chamar a atenção dos usuários em sua terra natal. 
Agora, surgem informações a respeito de seu próximo flagship, sendo um modelo chamado de Aquos Zeta que supostamente seria apresentado oficialmente ainda neste primeiro semestre. Segundo revelado, o aparelho será vendido em três cores diferentes, podendo ser encontrado em versões verde, preto ou branco, basicamente como faz a Sony com sua linha Xperia. Por falar nisso, a Sharp adotaria um visual similar ao de sua irmã nipônica, com uma estrutura feita em metal e a parte traseira coberta por vidro. No caso do Aquos Zeta, contudo, teríamos laterais mais arredondadas, garantindo uma melhor ergonomia. Aquos Zeta pode ser anunciado pela Sharp ainda neste semestre 
O mais interessante do novo flagship da Sharp, contudo, seria sua câmera principal. De acordo com o que foi informado, o aparelho já recebeu certificação para uso de um sistema fotográfico desenvolvido pela renomada fabricante japonesa Ricoh , conhecida mundialmente por seu trabalho neste ramo. Isto demonstra que podemos ter um conjunto capaz de fazer o dispositivo brigar pelo posto de melhor câmera em um smartphone, mesmo competindo com &quot;monstros&quot; como P9 , Galaxy S7 Edge e G5 . Entretanto, não há como sabermos ainda até que ponto a Ricoh participou da criação do Aquos Zeta, sendo necessário aguardarmos que detalhes mais concretos sobre o assunto sejam disponibilizados. 
Em termos de especificações técnicas, foi revelado que o modelo contará com: Tela IGZO de 5,3 polegadas com resolução Full HD (1080 x 1920 pixels) Chipset Qualcomm Snapdragon 820 64-bit Quad-Core com clock máximo em 2 GHz GPU Adreno 530 32 GB de espaço para armazenamento interno, expansível via cartão microSD Câmera principal de 22,6 megapixels feita pela Ricoh Câmera frontal de 5 megapixels Certificação de resistência IP58 contra água e poeira Leitor de impressões digitais na lateral Sistema de áudio Hi-Res Dimensões de 149 x 73 x 7,6 mm Peso de 155 gramas Android 6.0 Marshmallow 
Como a Sharp ainda não se pronunciou sobre seu novo flagship, não há meios de confirmarmos as informações vazadas até o momento. Por outro lado, o fato do modelo já ser até mesmo listado no site da maior operadora do Japão torna improvável que tenhamos alguma mudança em suas características antes do anúncio oficial. Assim como em lançamentos anteriores da marca, as chances do Aquos Zeta chegar ao Brasil são mínimas, restando aos interessados buscarem por meios de importação, observando as faixas de frequência suportadas pelo dispositivo e arcando com as devidas taxas.
</post>
<signature>

</signature>
<external_links>

</external_links>
<country>US</country>
<main_image>http://i2.tudocdn.net/img/type28/width646/height284/id172564_1.jpg</main_image>
</document>
