<?xml version="1.0" encoding="UTF-8"?>
<document>
<type>mainstream</type>
<forum>http://feeds.feedburner.com/sheidaei/online</forum>
<forum_title>Digital Footprint</forum_title>
<discussion_title>RT @dwhelan: You have a choice - test driven or debug later development #AAB16 @jwgrenning</discussion_title>
<language>english</language>
<gmt_offset></gmt_offset>
<topic_url>http://online.sheidaei.com/2016/05/rt-dwhelan-you-have-choice-test-driven.html</topic_url>
<topic_text>
RT @dwhelan: You have a choice - test driven or debug later development #AAB16 @jwgrenning You have a choice - test driven or debug later development #AAB16 @jwgrenning  
</topic_text>
<spam_score>0.00</spam_score>
<post_num>1</post_num>
<post_id>post-1</post_id>
<post_url>http://online.sheidaei.com/2016/05/rt-dwhelan-you-have-choice-test-driven.html</post_url>
<post_date>20160506</post_date>
<post_time>1620</post_time>
<username>noreply@blogger.com (Shahin Sheidaei)</username>
<post>
RT @dwhelan: You have a choice - test driven or debug later development #AAB16 @jwgrenning You have a choice - test driven or debug later development #AAB16 @jwgrenning  
</post>
<signature>

</signature>
<external_links>

</external_links>
<country>US</country>
<main_image></main_image>
</document>
