<?xml version="1.0" encoding="UTF-8"?>
<document>
<type>mainstream</type>
<forum></forum>
<forum_title></forum_title>
<discussion_title>UChicago Medicine&apos;s $269 Million Expansion Plans Move Forward</discussion_title>
<language>english</language>
<gmt_offset></gmt_offset>
<topic_url>http://www.newswise.com/articles/uchicago-medicine-s-269-expansion-plans-move-forward</topic_url>
<topic_text>
UChicago Medicine&apos;s $269 Million Expansion Plans Move Forward State approves proposal to provide increased access to emergency, trauma and specialty care for South Side Released: 12-May-2016 10:05 AM EDT Contact Information 
Available for logged-in reporters only 
Newswise — The Illinois Health Facilities and Services Review Board today unanimously approved the University of Chicago Medicine’s application to expand access to emergency, adult trauma and specialty care on the South Side. 
With this regulatory approval, UChicago Medicine can begin construction of a new and larger emergency department, which will house four trauma bays, and a dedicated cancer-treatment facility. UChicago Medicine also will seek approval to be a Level 1 adult trauma center from the Chicago Trauma Network and the Illinois Department of Public Health. Plans are underway to recruit staff who will be necessary for the expansion, and UChicago Medicine has launched a national search for a director of the trauma center. 
More than 100 supporters including community hospitals, faith leaders, civic organizations and first responders joined UChicago Medicine at a hearing in Normal, Ill., where the state board heard testimony about the $269 million project, called Get CARE. 
“The board’s vote today will have a significant impact on our community,” said Sharon O’Keefe, president of the University of Chicago Medical Center. “Our community needs and deserves equal access to quality health care, and we are now one giant step closer to being able to offer that access at UChicago Medicine.” 
The new emergency department is expected to open in late 2017 and the adult trauma program several months later, supplementing existing Level 1 pediatric trauma services and the Burn and Complex Wound Center. The initial conversion of the Mitchell Hospital will be phased in over time, beginning later this year. 
As part of this expansion, 188 inpatient beds will be added, returning UChicago Medicine to roughly its size in the late 1970s. This bed request will help address capacity issues that have been limiting patients’ access to care and straining the network of providers, as ambulances are diverted elsewhere and community hospitals are unable to transfer patients in need of complex care to UChicago Medicine. 
The expansion project is expected to create more than 1,000 permanent positions and 400 construction jobs. 
The Get CARE plan stands for:• Community — commitment to our neighbors• Access — providing equal access to care for South Siders• Reliability — our doors are open 24 hours a day, seven days a week to all who need care• Excellence — life-changing care for anyone who needs it Permalink to this article Related Experts 
</topic_text>
<spam_score>0.00</spam_score>
<post_num>1</post_num>
<post_id>post-1</post_id>
<post_url>http://www.newswise.com/articles/uchicago-medicine-s-269-expansion-plans-move-forward</post_url>
<post_date>20160512</post_date>
<post_time></post_time>
<username></username>
<post>
UChicago Medicine&apos;s $269 Million Expansion Plans Move Forward State approves proposal to provide increased access to emergency, trauma and specialty care for South Side Released: 12-May-2016 10:05 AM EDT Contact Information 
Available for logged-in reporters only 
Newswise — The Illinois Health Facilities and Services Review Board today unanimously approved the University of Chicago Medicine’s application to expand access to emergency, adult trauma and specialty care on the South Side. 
With this regulatory approval, UChicago Medicine can begin construction of a new and larger emergency department, which will house four trauma bays, and a dedicated cancer-treatment facility. UChicago Medicine also will seek approval to be a Level 1 adult trauma center from the Chicago Trauma Network and the Illinois Department of Public Health. Plans are underway to recruit staff who will be necessary for the expansion, and UChicago Medicine has launched a national search for a director of the trauma center. 
More than 100 supporters including community hospitals, faith leaders, civic organizations and first responders joined UChicago Medicine at a hearing in Normal, Ill., where the state board heard testimony about the $269 million project, called Get CARE. 
“The board’s vote today will have a significant impact on our community,” said Sharon O’Keefe, president of the University of Chicago Medical Center. “Our community needs and deserves equal access to quality health care, and we are now one giant step closer to being able to offer that access at UChicago Medicine.” 
The new emergency department is expected to open in late 2017 and the adult trauma program several months later, supplementing existing Level 1 pediatric trauma services and the Burn and Complex Wound Center. The initial conversion of the Mitchell Hospital will be phased in over time, beginning later this year. 
As part of this expansion, 188 inpatient beds will be added, returning UChicago Medicine to roughly its size in the late 1970s. This bed request will help address capacity issues that have been limiting patients’ access to care and straining the network of providers, as ambulances are diverted elsewhere and community hospitals are unable to transfer patients in need of complex care to UChicago Medicine. 
The expansion project is expected to create more than 1,000 permanent positions and 400 construction jobs. 
The Get CARE plan stands for:• Community — commitment to our neighbors• Access — providing equal access to care for South Siders• Reliability — our doors are open 24 hours a day, seven days a week to all who need care• Excellence — life-changing care for anyone who needs it Permalink to this article Related Experts 
</post>
<signature>

</signature>
<external_links>

</external_links>
<country>US</country>
<main_image></main_image>
</document>
