<?xml version="1.0" encoding="UTF-8"?>
<document>
<type>mainstream</type>
<forum>http://kdhnews.com//search/?q=&amp;t=article&amp;l=25&amp;d=&amp;d1=&amp;d2=&amp;s=start_time&amp;sd=desc&amp;c[]=news*&amp;f=rss</forum>
<forum_title>The Killeen Daily Herald - news</forum_title>
<discussion_title>WHO warns pregnant women about Zika ahead of Rio Olympics</discussion_title>
<language>english</language>
<gmt_offset></gmt_offset>
<topic_url>http://kdhnews.com/news/ap/who-warns-pregnant-women-about-zika-ahead-of-rio-olympics/article_bf2e4e39-49cb-5efb-bf95-f48ad09769b4.html</topic_url>
<topic_text>
Leo Correa Eradication of Zika-spreading mosquito in Brazil unlikely 
FILE - In this Tuesday, Jan. 26, 2016 file photo, a health workers stands in the Sambadrome spraying insecticide to combat the Aedes aegypti mosquito that transmits the Zika virus in Rio de Janeiro, Brazil. In the 1940s and 1950s, Brazilian authorities made such a ferocious assault on Aedes aegypti that the mosquito, that it was eradicated from Latin America&apos;s largest country by 1958. But eradication experts say there is little chance that Brazil can come anywhere near stamping out the pest like it did a half century ago. (AP Photo/Leo Correa, File) Posted: Thursday, May 12, 2016 10:48 am | Updated: 11:15 am, Thu May 12, 2016. WHO warns pregnant women about Zika ahead of Rio Olympics Associated Press | 0 comments 
LONDON (AP) — The World Health Organization is warning pregnant women not to travel to areas with Zika, and advising other travelers to take precautions against the mosquitoes that spread the virus ahead of the Rio de Janeiro Olympics. 
In a statement issued on Thursday, the U.N. health agency also said that since Zika can also be spread sexually, pregnant women should abstain from sex or practice safe sex with anyone who has recently returned from areas with outbreaks. Zika has now been proven to cause a range of disturbing birth defects, including babies born with abnormally small heads. 
Earlier this week, a Canadian professor called for the Olympics to be postponed or moved because of the epidemic, arguing that holding the games would result in the avoidable birth of malformed babies.
</topic_text>
<spam_score>0.00</spam_score>
<post_num>1</post_num>
<post_id>post-1</post_id>
<post_url>http://kdhnews.com/news/ap/who-warns-pregnant-women-about-zika-ahead-of-rio-olympics/article_bf2e4e39-49cb-5efb-bf95-f48ad09769b4.html</post_url>
<post_date>20160512</post_date>
<post_time>1548</post_time>
<username></username>
<post>
Leo Correa Eradication of Zika-spreading mosquito in Brazil unlikely 
FILE - In this Tuesday, Jan. 26, 2016 file photo, a health workers stands in the Sambadrome spraying insecticide to combat the Aedes aegypti mosquito that transmits the Zika virus in Rio de Janeiro, Brazil. In the 1940s and 1950s, Brazilian authorities made such a ferocious assault on Aedes aegypti that the mosquito, that it was eradicated from Latin America&apos;s largest country by 1958. But eradication experts say there is little chance that Brazil can come anywhere near stamping out the pest like it did a half century ago. (AP Photo/Leo Correa, File) Posted: Thursday, May 12, 2016 10:48 am | Updated: 11:15 am, Thu May 12, 2016. WHO warns pregnant women about Zika ahead of Rio Olympics Associated Press | 0 comments 
LONDON (AP) — The World Health Organization is warning pregnant women not to travel to areas with Zika, and advising other travelers to take precautions against the mosquitoes that spread the virus ahead of the Rio de Janeiro Olympics. 
In a statement issued on Thursday, the U.N. health agency also said that since Zika can also be spread sexually, pregnant women should abstain from sex or practice safe sex with anyone who has recently returned from areas with outbreaks. Zika has now been proven to cause a range of disturbing birth defects, including babies born with abnormally small heads. 
Earlier this week, a Canadian professor called for the Olympics to be postponed or moved because of the epidemic, arguing that holding the games would result in the avoidable birth of malformed babies.
</post>
<signature>

</signature>
<external_links>

</external_links>
<country>US</country>
<main_image>http://bloximages.newyork1.vip.townnews.com/kdhnews.com/content/tncms/assets/v3/editorial/8/0e/80e567fd-209a-57e5-8a52-843bb6778aa2/5715b461cd760.image.jpg</main_image>
</document>
