<?xml version="1.0" encoding="UTF-8"?>
<document>
<type>mainstream</type>
<forum></forum>
<forum_title></forum_title>
<discussion_title>Woody Allen joutui raiskausvitsin kohteeksi Cannesissa - oman elokuvansa ensi-illassa | Episodi.fi</discussion_title>
<language>finnish</language>
<gmt_offset></gmt_offset>
<topic_url>http://www.episodi.fi/uutiset/hollywood-ohjaaja-joutui-raiskausvitsin-kohteeksi-oman-elokuvansa-ensi-illassa/</topic_url>
<topic_text>
Episodi / Uutiset / Woody Allen joutui raiskausvitsin kohteeksi Cannesissa – oman elokuvansa ensi-illassa Woody Allen joutui raiskausvitsin kohteeksi Cannesissa – oman elokuvansa ensi-illassa 12.5.2016 5:35 Jaa 
Hauskaa vitsiä lohkaistaessa saattaa silloin tällöin pettää tilannetaju, komiikan taju tai ehkä vain järki. Jotain tämäntyyppistä kävi tällä kertaa ranskalaiselle koomikolle Cannesissa. 
Juhlavieraat olivat Woody Allenin ohjaaman ja käsikirjoittaman Café Society -elokuvan ensi-illassa Cannesin elokuvajuhlilla. Ennen esiripun avautumista iltaa pohjusti ranskalainen koomikko Laurent Lafitte . 
Lafitte yritti olla hauska kertomalla Woody Allenille raiskausvitsin, joka ainakin yleisön reaktioista päätellen epäonnistui nolosti. 
– Olet kuvannut niin paljon elokuvia täällä Euroopassa. Silti sinua ei ole tuomittu Yhdysvalloissa edes raiskauksesta, Lafitte täräytti. 
Happea järkytyksestä haukkonut yleisö ei tiennyt, loukkasiko Lafitte Allenia vai kenties Roman Pola ń skia . Polanski ei voi matkustaa Yhdysvaltoihin, sillä häntä syytettäisiin 70-luvulla tapahtuneesta, silloin 13-vuotiaan tytön hyväksikäytöstä. 
Koomikon kommentit saattoivat kummuta siitä, että Woody Allenin ex-vaimo Mia Farrow syytti Allenia heidän tyttärensä Dylanin seksuaalisesta hyväksikäytöstä 90-luvun alussa. Tytär tuli myös aikuisena vuonna 2014 julkisuuteen samojen syytösten kanssa. 
Allen on kuitenkin kiistänyt syytökset, eikä oikeus ole tuominnut häntä. Myös sosiaaliviranomaiset tutkivat juttua 14 kuukauden ajan löytämättä uskottavia todisteita seksuaalisesta hyväksikäytöstä. Allenin poika on ollut jutussa isänsä puolella. Lopullista totuutta eivät tietenkään tiedä kuin asianosaiset itse. 
Deadlinen mukaan koomikko oli hämmentänyt yleisöä jo aiemmin samana iltana. Lehti kuvaili hetkeä, kun koomikko lopetti ja elokuva alkoi, armolliseksi. 
Kuva: Café Society 
</topic_text>
<spam_score>0.00</spam_score>
<post_num>1</post_num>
<post_id>post-1</post_id>
<post_url>http://www.episodi.fi/uutiset/hollywood-ohjaaja-joutui-raiskausvitsin-kohteeksi-oman-elokuvansa-ensi-illassa/</post_url>
<post_date>20160512</post_date>
<post_time></post_time>
<username>Markku Leppilampi</username>
<post>
Episodi / Uutiset / Woody Allen joutui raiskausvitsin kohteeksi Cannesissa – oman elokuvansa ensi-illassa Woody Allen joutui raiskausvitsin kohteeksi Cannesissa – oman elokuvansa ensi-illassa 12.5.2016 5:35 Jaa 
Hauskaa vitsiä lohkaistaessa saattaa silloin tällöin pettää tilannetaju, komiikan taju tai ehkä vain järki. Jotain tämäntyyppistä kävi tällä kertaa ranskalaiselle koomikolle Cannesissa. 
Juhlavieraat olivat Woody Allenin ohjaaman ja käsikirjoittaman Café Society -elokuvan ensi-illassa Cannesin elokuvajuhlilla. Ennen esiripun avautumista iltaa pohjusti ranskalainen koomikko Laurent Lafitte . 
Lafitte yritti olla hauska kertomalla Woody Allenille raiskausvitsin, joka ainakin yleisön reaktioista päätellen epäonnistui nolosti. 
– Olet kuvannut niin paljon elokuvia täällä Euroopassa. Silti sinua ei ole tuomittu Yhdysvalloissa edes raiskauksesta, Lafitte täräytti. 
Happea järkytyksestä haukkonut yleisö ei tiennyt, loukkasiko Lafitte Allenia vai kenties Roman Pola ń skia . Polanski ei voi matkustaa Yhdysvaltoihin, sillä häntä syytettäisiin 70-luvulla tapahtuneesta, silloin 13-vuotiaan tytön hyväksikäytöstä. 
Koomikon kommentit saattoivat kummuta siitä, että Woody Allenin ex-vaimo Mia Farrow syytti Allenia heidän tyttärensä Dylanin seksuaalisesta hyväksikäytöstä 90-luvun alussa. Tytär tuli myös aikuisena vuonna 2014 julkisuuteen samojen syytösten kanssa. 
Allen on kuitenkin kiistänyt syytökset, eikä oikeus ole tuominnut häntä. Myös sosiaaliviranomaiset tutkivat juttua 14 kuukauden ajan löytämättä uskottavia todisteita seksuaalisesta hyväksikäytöstä. Allenin poika on ollut jutussa isänsä puolella. Lopullista totuutta eivät tietenkään tiedä kuin asianosaiset itse. 
Deadlinen mukaan koomikko oli hämmentänyt yleisöä jo aiemmin samana iltana. Lehti kuvaili hetkeä, kun koomikko lopetti ja elokuva alkoi, armolliseksi. 
Kuva: Café Society 
</post>
<signature>

</signature>
<external_links>

</external_links>
<country>GB</country>
<main_image>http://www.episodi.fi/wp-content/uploads/cafe-society-woody-allen-jesse-eisenberg-kristen-stewart.jpg</main_image>
</document>
