<?xml version="1.0" encoding="UTF-8"?>
<document>
<type>mainstream</type>
<forum>http://www.monitor.hr/rss</forum>
<forum_title>Monitor.hr</forum_title>
<discussion_title>Orešković: Prodajemo Končar, Sunčani Hvar i Croatia osiguranje, Podravku ne</discussion_title>
<language>croatian</language>
<gmt_offset></gmt_offset>
<topic_url>http://www.monitor.hr/vijesti/oreskovic-prodajemo-koncar-suncani-hvar-i-croatia-osiguranje-podravku-ne/333581/</topic_url>
<topic_text>
&apos;Win-win, ali za koga? Orešković: Prodajemo Končar, Sunčani Hvar i Croatia osiguranje, Podravku ne Nećemo prodati sve što ste vidjeli na listi, rekao je premijer Orešković o prodaji državne imovine i dodao da će u prodaju 25% udjela u Končaru od čega se očekuje 46 milijuna eura, Sunčani Hvar s dobiti od nekih 17 milijuna eura, od prodaje Eutelsata 30 milijuna eura, te 30 milijuna eura od Croatia osiguranja. Istaknuo je da Podravka također nije u planu za prodaju. ( Snimka konferencije
</topic_text>
<spam_score>0.00</spam_score>
<post_num>1</post_num>
<post_id>post-1</post_id>
<post_url>http://www.monitor.hr/vijesti/oreskovic-prodajemo-koncar-suncani-hvar-i-croatia-osiguranje-podravku-ne/333581/</post_url>
<post_date>20160512</post_date>
<post_time>1707</post_time>
<username></username>
<post>
&apos;Win-win, ali za koga? Orešković: Prodajemo Končar, Sunčani Hvar i Croatia osiguranje, Podravku ne Nećemo prodati sve što ste vidjeli na listi, rekao je premijer Orešković o prodaji državne imovine i dodao da će u prodaju 25% udjela u Končaru od čega se očekuje 46 milijuna eura, Sunčani Hvar s dobiti od nekih 17 milijuna eura, od prodaje Eutelsata 30 milijuna eura, te 30 milijuna eura od Croatia osiguranja. Istaknuo je da Podravka također nije u planu za prodaju. ( Snimka konferencije
</post>
<signature>

</signature>
<external_links>

</external_links>
<country>HR</country>
<main_image>http://resources.monitor.hr/files/images/90x90/t/tihomiroreskovic_35011.jpg</main_image>
</document>
