<?xml version="1.0" encoding="UTF-8"?>
<document>
<type>mainstream</type>
<forum></forum>
<forum_title></forum_title>
<discussion_title>Federico Pizzarotti: due strade politiche, con o senza il M5s. E poi il sogno: mollare tutto e aprire una fattoria</discussion_title>
<language>italian</language>
<gmt_offset></gmt_offset>
<topic_url>http://www.huffingtonpost.it/2016/05/12/pizzarotti-m5s-fattoria_n_9930322.html</topic_url>
<topic_text>
Federico Pizzarotti: due strade politiche, con o senza il M5s. E poi il sogno: mollare tutto e aprire una fattoria Pubblicato: E-mail Commento 
Pizzarotti ha un piano C: che sta per &quot;casaro&quot;, per fattoria. Passare dalle stelle alle stalle consapevolmente. Perché più che &quot;basta, così non si va avanti&quot; c&apos;è in lui un desiderio romantico di giorni lontani dalle poltrone della politica. Meglio le panchine in mezzo al verde circondato da animali, insieme a sua moglie. Non da attuare subito, lui che nutre una responsabilità nei confronti dei cittadini e che ora vuole &quot;andare avanti&quot; perché &quot;l&apos;impegno continua senza esitazione&quot;, ma dopo, a fine mandato, magari esattamente fra un anno. 
Un desiderio personale di una vita diversa, bucolica, lontana dalle polemiche che lo provano senza appoggi, soprattutto del suo partito, da più di quattro anni. È per questo che - dicono M5s ben informati all&apos; Huffpost - il sindaco passa ogni weekend libero in cerca di un casolare, una vecchia casa magari da ristrutturare per aprire una fattoria, o forse un agriturismo . 
Sale in auto e batte la provincia di Parma, quella dei salumi e dei formaggi, del latte e del Cibus, più grande fiera agroalimentare italiana in corso in questi giorni. La voglia di fare il fattore ce l&apos;ha, è solo una questione di tempi. 
Non tornerebbe a fare come quattro anni fa, lui informatico che lavorava con le banche e durante i giorni del ballottaggio pensava a doversi mettere in aspettativa se fosse stato eletto sindaco. Si metterebbe piuttosto in proprio, una cosa tutta sua e della moglie, magari con qualche pezzo di terra da coltivare e animali da allevare, chissà forse per i formaggi. 
Insomma, nel giorno più brutto per Federico Pizzarotti, indagato per abuso d&apos;ufficio proprio lui che di onestà e trasparenza fa bandiera, il tarlo del dubbio si allarga a tal punto che quel piano C che teneva nel cassetto potrebbe realizzarsi davvero: lasciare tutto e &quot;scappo dalla città, la vita l&apos;amore e le vacche&quot;, aprire la sua fattoria, occuparsi di enogastronomia e basta con la politica. Più un sogno che un opzione, ma tant&apos;è.... 
E&apos; un dato di fatto che oggi Pizzarotti, passate il termine, è incazzato nero. Non era segreto l&apos;esposto del senatore Pd Giorgio Pagliari, fatto mesi fa, contro le nomine al Teatro Regio e possibili interferenze dell&apos;amministrazione. E non era segreto che se la Procura avesse aperto un&apos;indagine, come è avvenuto, il sindaco Pizzarotti e il suo assessore alla Cultura sarebbero finiti in prima pagina come indagati. Ma quando succede è altra cosa: fa male, soprattutto se sai (&quot;è un atto dovuto, siamo tranquilli&quot;) di non aver nulla da nascondere, di aver fatto le cose in modo legittimo. Così chiuso nel suo studio, il primo cittadino che ha deciso di parlare &quot;solo con la tv pubblica&quot;, prova a guardare al futuro e ripensare a quel passato mix di soddisfazioni e schiaffi. Eletto quattro anni fa in questo periodo (era il 21 maggio) in questi giorni Pizzarotti stava cominciando a tirare le fila su una decisione da prendere in vista della campagna elettorale (si rivota fra un anno). 
La base del ragionamento è quella di essersi fatto &quot;un mazzo così per risanare il Comune, senza debiti, con un piano economico sano, dove si potrà investire&quot;. E allora perché lasciarlo a qualcun altro?. 
Così tra i tre piani in cantiere, figli di tre componenti diverse, ovvero politica, necessità e desiderio, il primo è quello che al momento comanda. E&apos; politico, ed è di ricandidarsi con la stessa lista dove è stato eletto: il MoVimento 5 stelle. 
Correre nuovamente come grillino alla poltrona elettorale per altri cinque anni però è gara dura senza l&apos;appoggio di Beppe Grillo e direttorio. Un appoggio che a più riprese gli è stato negato, tanto da tacciarlo come l&apos;eretico del gruppo, il primo sindaco eletto in un Comune capoluogo ma anche quello più indipendente, non allineato, da cacciare. 
Le antipatie fra il &quot;Pizza&quot; e Casaleggio erano note, la scomunica imminente anche . Anzi, una scomunica fino ad oggi già attuata: il MoVimento dei vertici romani lo ha isolato con il silenzio. Non presero posizione da Roma nemmeno quando, assurdità assoluta, in consiglio comunale due grillini espulsi annunciarono di aprire un altro gruppo col simbolo M5s, creando il paradosso di grillini sia al governo che all&apos;opposizione. E allora correre di nuovo sotto le 5 stelle al momento è un&apos;idea da valutare solo per non dare &quot;in mano ad altri tutto ciò che è stato raccolto&quot;. 
La seconda opzione è necessità, più un ragionamento fatto da esterni che da lui. Se con M5s ci fossero porte chiuse (dall&apos;alto, perché al contrario molti attivisti lo stimano), allora si potrebbe pensare a una lista civica. Cassati possibili contatti col Pd (vi ricordate la scuola di formazione Pd a cui partecipò il sindaco?), si apre l&apos;ipotesi di ricandidarsi sotto una propria casacca. Una lista figlia dell&apos;appoggio di parte della città, che c&apos;è, perché nonostante le polemiche su inceneritore, nomine al Regio, multe e cannabis, il primo cittadino ha uno zoccolo di elettorato che pare credere davvero in lui. Ha i social con cui comunica (seguitissimo), ha agganci con industriali e poteri della città, ha i mezzi per arrivare di nuovo al ballottaggio e vedere. Ma è una strada in salita, una avventura con insidie che al momento il sindaco sembra escludere. 
E allora ecco il piano C, del tutto privato. Insieme a sua moglie Cinzia Piastri aprire una fattoria. Sì, con gli animali, magari con prodotti a chilometri zero o cibo di qualità. Con quelle regole &quot;green&quot; da sempre sposate dal MoVimento. Un piccolo sogno, che non è detto si possa realizzare anche parallelamente a qualche impegno per il territorio. I grillini vicini a lui in Comune confermano: &quot;E&apos; vero, il sindaco ci sta pensando&quot;. 
Del resto per Parma non sarebbe una novità: poco prima dell&apos;elezione di Pizzarotti l&apos;ex assessore della giunta Vignali Mario Marini mollò tutto per tornare alla terra. Tolta giacca e cravatta si buttò in una scelta di vita radicale fatta di vini, patate, zucche, pollai e maiali. E pare pure gli sia andata bene. 
Oggi, giovedì, è tempo di incassare il colpo dell&apos;indagine, ma poi la bufera mediatica passerà: e allora anche per Pizzarotti arriverà un altro weekend, magari qualche ora libera passata in auto a sondare la fattoria dei suoi sogni. Lontano dalle stelle e in cerca delle stalle. 
</topic_text>
<spam_score>0.00</spam_score>
<post_num>1</post_num>
<post_id>post-1</post_id>
<post_url>http://www.huffingtonpost.it/2016/05/12/pizzarotti-m5s-fattoria_n_9930322.html</post_url>
<post_date>20160512</post_date>
<post_time></post_time>
<username>Giacomo Talignani</username>
<post>
Federico Pizzarotti: due strade politiche, con o senza il M5s. E poi il sogno: mollare tutto e aprire una fattoria Pubblicato: E-mail Commento 
Pizzarotti ha un piano C: che sta per &quot;casaro&quot;, per fattoria. Passare dalle stelle alle stalle consapevolmente. Perché più che &quot;basta, così non si va avanti&quot; c&apos;è in lui un desiderio romantico di giorni lontani dalle poltrone della politica. Meglio le panchine in mezzo al verde circondato da animali, insieme a sua moglie. Non da attuare subito, lui che nutre una responsabilità nei confronti dei cittadini e che ora vuole &quot;andare avanti&quot; perché &quot;l&apos;impegno continua senza esitazione&quot;, ma dopo, a fine mandato, magari esattamente fra un anno. 
Un desiderio personale di una vita diversa, bucolica, lontana dalle polemiche che lo provano senza appoggi, soprattutto del suo partito, da più di quattro anni. È per questo che - dicono M5s ben informati all&apos; Huffpost - il sindaco passa ogni weekend libero in cerca di un casolare, una vecchia casa magari da ristrutturare per aprire una fattoria, o forse un agriturismo . 
Sale in auto e batte la provincia di Parma, quella dei salumi e dei formaggi, del latte e del Cibus, più grande fiera agroalimentare italiana in corso in questi giorni. La voglia di fare il fattore ce l&apos;ha, è solo una questione di tempi. 
Non tornerebbe a fare come quattro anni fa, lui informatico che lavorava con le banche e durante i giorni del ballottaggio pensava a doversi mettere in aspettativa se fosse stato eletto sindaco. Si metterebbe piuttosto in proprio, una cosa tutta sua e della moglie, magari con qualche pezzo di terra da coltivare e animali da allevare, chissà forse per i formaggi. 
Insomma, nel giorno più brutto per Federico Pizzarotti, indagato per abuso d&apos;ufficio proprio lui che di onestà e trasparenza fa bandiera, il tarlo del dubbio si allarga a tal punto che quel piano C che teneva nel cassetto potrebbe realizzarsi davvero: lasciare tutto e &quot;scappo dalla città, la vita l&apos;amore e le vacche&quot;, aprire la sua fattoria, occuparsi di enogastronomia e basta con la politica. Più un sogno che un opzione, ma tant&apos;è.... 
E&apos; un dato di fatto che oggi Pizzarotti, passate il termine, è incazzato nero. Non era segreto l&apos;esposto del senatore Pd Giorgio Pagliari, fatto mesi fa, contro le nomine al Teatro Regio e possibili interferenze dell&apos;amministrazione. E non era segreto che se la Procura avesse aperto un&apos;indagine, come è avvenuto, il sindaco Pizzarotti e il suo assessore alla Cultura sarebbero finiti in prima pagina come indagati. Ma quando succede è altra cosa: fa male, soprattutto se sai (&quot;è un atto dovuto, siamo tranquilli&quot;) di non aver nulla da nascondere, di aver fatto le cose in modo legittimo. Così chiuso nel suo studio, il primo cittadino che ha deciso di parlare &quot;solo con la tv pubblica&quot;, prova a guardare al futuro e ripensare a quel passato mix di soddisfazioni e schiaffi. Eletto quattro anni fa in questo periodo (era il 21 maggio) in questi giorni Pizzarotti stava cominciando a tirare le fila su una decisione da prendere in vista della campagna elettorale (si rivota fra un anno). 
La base del ragionamento è quella di essersi fatto &quot;un mazzo così per risanare il Comune, senza debiti, con un piano economico sano, dove si potrà investire&quot;. E allora perché lasciarlo a qualcun altro?. 
Così tra i tre piani in cantiere, figli di tre componenti diverse, ovvero politica, necessità e desiderio, il primo è quello che al momento comanda. E&apos; politico, ed è di ricandidarsi con la stessa lista dove è stato eletto: il MoVimento 5 stelle. 
Correre nuovamente come grillino alla poltrona elettorale per altri cinque anni però è gara dura senza l&apos;appoggio di Beppe Grillo e direttorio. Un appoggio che a più riprese gli è stato negato, tanto da tacciarlo come l&apos;eretico del gruppo, il primo sindaco eletto in un Comune capoluogo ma anche quello più indipendente, non allineato, da cacciare. 
Le antipatie fra il &quot;Pizza&quot; e Casaleggio erano note, la scomunica imminente anche . Anzi, una scomunica fino ad oggi già attuata: il MoVimento dei vertici romani lo ha isolato con il silenzio. Non presero posizione da Roma nemmeno quando, assurdità assoluta, in consiglio comunale due grillini espulsi annunciarono di aprire un altro gruppo col simbolo M5s, creando il paradosso di grillini sia al governo che all&apos;opposizione. E allora correre di nuovo sotto le 5 stelle al momento è un&apos;idea da valutare solo per non dare &quot;in mano ad altri tutto ciò che è stato raccolto&quot;. 
La seconda opzione è necessità, più un ragionamento fatto da esterni che da lui. Se con M5s ci fossero porte chiuse (dall&apos;alto, perché al contrario molti attivisti lo stimano), allora si potrebbe pensare a una lista civica. Cassati possibili contatti col Pd (vi ricordate la scuola di formazione Pd a cui partecipò il sindaco?), si apre l&apos;ipotesi di ricandidarsi sotto una propria casacca. Una lista figlia dell&apos;appoggio di parte della città, che c&apos;è, perché nonostante le polemiche su inceneritore, nomine al Regio, multe e cannabis, il primo cittadino ha uno zoccolo di elettorato che pare credere davvero in lui. Ha i social con cui comunica (seguitissimo), ha agganci con industriali e poteri della città, ha i mezzi per arrivare di nuovo al ballottaggio e vedere. Ma è una strada in salita, una avventura con insidie che al momento il sindaco sembra escludere. 
E allora ecco il piano C, del tutto privato. Insieme a sua moglie Cinzia Piastri aprire una fattoria. Sì, con gli animali, magari con prodotti a chilometri zero o cibo di qualità. Con quelle regole &quot;green&quot; da sempre sposate dal MoVimento. Un piccolo sogno, che non è detto si possa realizzare anche parallelamente a qualche impegno per il territorio. I grillini vicini a lui in Comune confermano: &quot;E&apos; vero, il sindaco ci sta pensando&quot;. 
Del resto per Parma non sarebbe una novità: poco prima dell&apos;elezione di Pizzarotti l&apos;ex assessore della giunta Vignali Mario Marini mollò tutto per tornare alla terra. Tolta giacca e cravatta si buttò in una scelta di vita radicale fatta di vini, patate, zucche, pollai e maiali. E pare pure gli sia andata bene. 
Oggi, giovedì, è tempo di incassare il colpo dell&apos;indagine, ma poi la bufera mediatica passerà: e allora anche per Pizzarotti arriverà un altro weekend, magari qualche ora libera passata in auto a sondare la fattoria dei suoi sogni. Lontano dalle stelle e in cerca delle stalle. 
</post>
<signature>

</signature>
<external_links>

</external_links>
<country>US</country>
<main_image>http://i.huffpost.com/gen/4312822/images/o-PIZZAROTTI-facebook.jpg</main_image>
</document>
