<?xml version="1.0" encoding="UTF-8"?>
<document>
<type>mainstream</type>
<forum>http://www.sabah.com.tr/rss/son24saat.xml</forum>
<forum_title>Sabah - Son24Saat</forum_title>
<discussion_title>Eto&apos;o, Trabzonspor maçında yok</discussion_title>
<language>turkish</language>
<gmt_offset></gmt_offset>
<topic_url>http://www.sabah.com.tr/spor/futbol/2016/05/12/etoo-trabzonspor-macinda-yok-1463069795</topic_url>
<topic_text>
Eto&apos;o, Trabzonspor maçında yok Antalyaspor&apos;un Kamerunlu yıldızı Samuel Eto&apos;o, Trabzonspor maçında oynamayacak. 
Spor Toto Süper Lig&apos;in 33. haftasında yarın sahasında Trabzonspor ile karşılaşacak Antalyaspor&apos;un kamp kadrosu belli oldu. 
Kırmızı-beyazlı kulüpten yapılan açıklamaya göre, 19 kişilik kadroda Fornezzi, Ahmet Özden, Serdar Özkan, Makoun, Diego, Zeki Yıldırım, Yekta Kurtuluş, Rıdvan Şimşek , Inkoom, Enguene, Charles, Motta, Kadir Bekmezci, Mbilla, Danilo, Gökhan Yılmaz, Ömer Şişmanoğlu, Birkan Öksüz ve Doğukan Sinik yer alıyor. 
İzinli olan Eto&apos;o ile sakatlığı bulunan Chico&apos;nun dışında, Ozan Evrim Özenç, Sakıb Aytaç, Mbolhi, Can Arat, Celustka, Lazarevic, Emrah Başsan karşılaşmada yer almayacak. 
Öte yandan karşılaşmanın Adopen Kuzey Kale Arkası, Yüksel Tohum Güney Kale Arkası, misafir takım tribün biletlerinin 10, Ceysu Doğu ve Rixos Batı tribünlerinin 20 ve VIP tribün biletlerinin 50 liradan satışa sunulduğu bildirildi.
</topic_text>
<spam_score>0.00</spam_score>
<post_num>1</post_num>
<post_id>post-1</post_id>
<post_url>http://www.sabah.com.tr/spor/futbol/2016/05/12/etoo-trabzonspor-macinda-yok-1463069795</post_url>
<post_date>20160512</post_date>
<post_time>1747</post_time>
<username></username>
<post>
Eto&apos;o, Trabzonspor maçında yok Antalyaspor&apos;un Kamerunlu yıldızı Samuel Eto&apos;o, Trabzonspor maçında oynamayacak. 
Spor Toto Süper Lig&apos;in 33. haftasında yarın sahasında Trabzonspor ile karşılaşacak Antalyaspor&apos;un kamp kadrosu belli oldu. 
Kırmızı-beyazlı kulüpten yapılan açıklamaya göre, 19 kişilik kadroda Fornezzi, Ahmet Özden, Serdar Özkan, Makoun, Diego, Zeki Yıldırım, Yekta Kurtuluş, Rıdvan Şimşek , Inkoom, Enguene, Charles, Motta, Kadir Bekmezci, Mbilla, Danilo, Gökhan Yılmaz, Ömer Şişmanoğlu, Birkan Öksüz ve Doğukan Sinik yer alıyor. 
İzinli olan Eto&apos;o ile sakatlığı bulunan Chico&apos;nun dışında, Ozan Evrim Özenç, Sakıb Aytaç, Mbolhi, Can Arat, Celustka, Lazarevic, Emrah Başsan karşılaşmada yer almayacak. 
Öte yandan karşılaşmanın Adopen Kuzey Kale Arkası, Yüksel Tohum Güney Kale Arkası, misafir takım tribün biletlerinin 10, Ceysu Doğu ve Rixos Batı tribünlerinin 20 ve VIP tribün biletlerinin 50 liradan satışa sunulduğu bildirildi.
</post>
<signature>

</signature>
<external_links>

</external_links>
<country>TR</country>
<main_image>http://i.sabah.com.tr/sbh/2016/05/12/650x344/1463064430880.jpg</main_image>
</document>
