<?xml version="1.0" encoding="UTF-8"?>
<document>
<type>mainstream</type>
<forum>http://amsterdam.nieuws.nl/feed</forum>
<forum_title>Amsterdam</forum_title>
<discussion_title>Afrit Sloterdijk op A10 dicht na ongeval</discussion_title>
<language>dutch</language>
<gmt_offset></gmt_offset>
<topic_url>http://amsterdam.nieuws.nl/knipsels/99345/afrit-sloterdijk-op-a10-dicht-na-ongeval/</topic_url>
<topic_text>
Afrit Sloterdijk op A10 dicht na ongeval 
AMSTERDAM – AMSTERDAM – De afrit Amsterdam-Sloterdijk op de binnenring A10 is woensdagavond afgesloten na een ongeluk. http://amsterdam.nieuws.nl/knipsels/99345/afrit-sloterdijk-op-a10-dicht-na-ongeval/
</topic_text>
<spam_score>0.00</spam_score>
<post_num>1</post_num>
<post_id>post-1</post_id>
<post_url>http://amsterdam.nieuws.nl/knipsels/99345/afrit-sloterdijk-op-a10-dicht-na-ongeval/</post_url>
<post_date>20160511</post_date>
<post_time>1953</post_time>
<username>devops</username>
<post>
Afrit Sloterdijk op A10 dicht na ongeval 
AMSTERDAM – AMSTERDAM – De afrit Amsterdam-Sloterdijk op de binnenring A10 is woensdagavond afgesloten na een ongeluk. http://amsterdam.nieuws.nl/knipsels/99345/afrit-sloterdijk-op-a10-dicht-na-ongeval/
</post>
<signature>

</signature>
<external_links>

</external_links>
<country>NL</country>
<main_image></main_image>
</document>
