<?xml version="1.0" encoding="UTF-8"?>
<document>
<type>mainstream</type>
<forum></forum>
<forum_title></forum_title>
<discussion_title>Detienen a dos hombres acusados de al menos 18 asaltos a viviendas en Villena . Las Provincias</discussion_title>
<language>spanish</language>
<gmt_offset></gmt_offset>
<topic_url>http://www.lasprovincias.es/alicante/201605/11/detienen-hombres-acusados-menos-20160511013222-v.html</topic_url>
<topic_text>
Este sitio web utiliza cookies propias y de terceros para optimizar tu navegación, adaptarse a tus preferencias y realizar labores analíticas. Al continuar navegando aceptas nuestra 
La Guardia Civil de Alicante ha detenido a dos hombres por hasta 18 robos en viviendas de Las Tiesas, una zona residencial de Villena. Se trata de dos españoles de 33 años, vecinos de la capital del Alto Vinalopó. Ambos cuentan con numerosos antecedentes y el juez ha decretado el ingreso en prisin de uno de ellos. 
La investigación comenzó entre febrero y marzo cuando los vecinos de la zona interpusieron 18 denuncias por robos, algunos de ellos cometidos mientras los propietarios se encontraban en sus domicilios. Los agentes localizaron a un testigo «clave» para identificar a los autores y para su localización. Sin embargo, la detención del primero de los dos supuestos autores se complicó porque sabía que la Guardia Civil le buscaba. No obstante, los agentes supiés, se detuvo al segundo presunto autor de los hechos en su domicilio. 
Los objetos robados son principalmente maquinaria agrícola, material equino, objetos electrónicos y cable de cobre. El valor de los efectos robados, según las denuncias de los afectados, sería de 14.000 euros, pero se estima que el valor de los daños ocasionados sea « 
</topic_text>
<spam_score>0.00</spam_score>
<post_num>1</post_num>
<post_id>post-1</post_id>
<post_url>http://www.lasprovincias.es/alicante/201605/11/detienen-hombres-acusados-menos-20160511013222-v.html</post_url>
<post_date>20160511</post_date>
<post_time></post_time>
<username>R. A.</username>
<post>
Este sitio web utiliza cookies propias y de terceros para optimizar tu navegación, adaptarse a tus preferencias y realizar labores analíticas. Al continuar navegando aceptas nuestra 
La Guardia Civil de Alicante ha detenido a dos hombres por hasta 18 robos en viviendas de Las Tiesas, una zona residencial de Villena. Se trata de dos españoles de 33 años, vecinos de la capital del Alto Vinalopó. Ambos cuentan con numerosos antecedentes y el juez ha decretado el ingreso en prisin de uno de ellos. 
La investigación comenzó entre febrero y marzo cuando los vecinos de la zona interpusieron 18 denuncias por robos, algunos de ellos cometidos mientras los propietarios se encontraban en sus domicilios. Los agentes localizaron a un testigo «clave» para identificar a los autores y para su localización. Sin embargo, la detención del primero de los dos supuestos autores se complicó porque sabía que la Guardia Civil le buscaba. No obstante, los agentes supiés, se detuvo al segundo presunto autor de los hechos en su domicilio. 
Los objetos robados son principalmente maquinaria agrícola, material equino, objetos electrónicos y cable de cobre. El valor de los efectos robados, según las denuncias de los afectados, sería de 14.000 euros, pero se estima que el valor de los daños ocasionados sea « 
</post>
<signature>

</signature>
<external_links>

</external_links>
<country>ES</country>
<main_image>http://www.lasprovincias.es/img/2014/logoC-200.png</main_image>
</document>
