<?xml version="1.0" encoding="UTF-8"?>
<document>
<type>mainstream</type>
<forum>http://www.ideal.es/sociedad/?reducido=1&amp;pag=646</forum>
<forum_title></forum_title>
<discussion_title>Una mujer no podrá usar óvulos de su hija muerta para dar a luz a sus nietos</discussion_title>
<language>spanish</language>
<gmt_offset></gmt_offset>
<topic_url>http://www.ideal.es/sociedad/201506/15/mujer-podra-usar-ovulos-20150615173422-rc.html</topic_url>
<topic_text>
El Tribunal Superior del Reino Unido rechazó hoy la petición de una mujer que quería utilizar los óvulos congelados de su hija fallecida para dar a luz a sus propios nietos, informaron fuentes judiciales. La mujer, de 59 años, y su marido, de 58, que han sido solo identificados como &apos;el señor y la señora M&apos;, habían acudido a esa instancia judicial para tratar de revertir la decisión de la Autoridad de Embriología y Fertilización Humana (HFEA).
El regulador británico había prohibido a la pareja hacerse con los óvulos de su hija única y llevarlos a una clínica de Estados Unidos para someterse a un tratamiento de fertilidad con esperma de un donante. Durante el juicio, los abogados de los demandantes explicaron que la hija, identificada como &apos;A&apos; y quien falleció víctima de un cáncer a los 28 años, &quot;deseaba encarecidamente&quot; tener descendencia y le pidió a su madre que diera a luz a sus hijos.
Por su parte, los letrados de la Autoridad de Embriología arguyeron que el organismo no accedió a entregar los óvulos congelados porque &apos;A&apos; no dio su permiso por escrito antes de su muerte en junio de 2011. En su sentencia, el juez instructor, Duncan Ouseley, dijo que &apos;A&apos; estaría &quot;desolada&quot; si supiera que sus óvulos no pueden ser usados, pero reconoció que la HFEA tiene derecho a &quot;no dar su consentimiento&quot; a esa petición.
Un recurso
El magistrado recalcó que la decisión de la HFEA no viola los derechos humanos de esta familia, que aún puede recurrir el fallo en el Tribunal de Apelaciones del Reino Unido. Según los medios británicos, si el Tribunal Superior hubiese fallado a favor de los demandantes, la &apos;señora M&apos; podría haberse convertido en la primera mujer del mundo que hubiese quedado embarazada con los óvulos de su hija fallecida.
Un portavoz de la HFEA aseguró hoy que este es &quot;un caso muy triste&quot; y reconoció que la sentencia &quot;habrá roto el corazón de la pareja&quot;, pero justificó su postura al insistir en la falta de un consentimiento por escrito por parte de &quot;A&quot;, como establece la legislación vigente. &quot;Nuestro comité examinó este caso en tres ocasiones distintas, considerando con mucho cuidado las nuevas pruebas presentadas en cada ocasión, pero decidió que no existía el tipo de consentimiento plenamente fundamentado requerido por la ley&quot;, señaló el portavoz.
Lo Más lo más 50
</topic_text>
<spam_score>0.00</spam_score>
<post_num>1</post_num>
<post_id>post-1</post_id>
<post_url>http://www.ideal.es/sociedad/201506/15/mujer-podra-usar-ovulos-20150615173422-rc.html</post_url>
<post_date>20150615</post_date>
<post_time>1740</post_time>
<username>EFE</username>
<post>
El Tribunal Superior del Reino Unido rechazó hoy la petición de una mujer que quería utilizar los óvulos congelados de su hija fallecida para dar a luz a sus propios nietos, informaron fuentes judiciales. La mujer, de 59 años, y su marido, de 58, que han sido solo identificados como &apos;el señor y la señora M&apos;, habían acudido a esa instancia judicial para tratar de revertir la decisión de la Autoridad de Embriología y Fertilización Humana (HFEA).
El regulador británico había prohibido a la pareja hacerse con los óvulos de su hija única y llevarlos a una clínica de Estados Unidos para someterse a un tratamiento de fertilidad con esperma de un donante. Durante el juicio, los abogados de los demandantes explicaron que la hija, identificada como &apos;A&apos; y quien falleció víctima de un cáncer a los 28 años, &quot;deseaba encarecidamente&quot; tener descendencia y le pidió a su madre que diera a luz a sus hijos.
Por su parte, los letrados de la Autoridad de Embriología arguyeron que el organismo no accedió a entregar los óvulos congelados porque &apos;A&apos; no dio su permiso por escrito antes de su muerte en junio de 2011. En su sentencia, el juez instructor, Duncan Ouseley, dijo que &apos;A&apos; estaría &quot;desolada&quot; si supiera que sus óvulos no pueden ser usados, pero reconoció que la HFEA tiene derecho a &quot;no dar su consentimiento&quot; a esa petición.
Un recurso
El magistrado recalcó que la decisión de la HFEA no viola los derechos humanos de esta familia, que aún puede recurrir el fallo en el Tribunal de Apelaciones del Reino Unido. Según los medios británicos, si el Tribunal Superior hubiese fallado a favor de los demandantes, la &apos;señora M&apos; podría haberse convertido en la primera mujer del mundo que hubiese quedado embarazada con los óvulos de su hija fallecida.
Un portavoz de la HFEA aseguró hoy que este es &quot;un caso muy triste&quot; y reconoció que la sentencia &quot;habrá roto el corazón de la pareja&quot;, pero justificó su postura al insistir en la falta de un consentimiento por escrito por parte de &quot;A&quot;, como establece la legislación vigente. &quot;Nuestro comité examinó este caso en tres ocasiones distintas, considerando con mucho cuidado las nuevas pruebas presentadas en cada ocasión, pero decidió que no existía el tipo de consentimiento plenamente fundamentado requerido por la ley&quot;, señaló el portavoz.
Lo Más lo más 50
</post>
<signature>

</signature>
<external_links>

</external_links>
<country>ES</country>
<main_image>http://www.ideal.es/img/2014/logoC-200.png</main_image>
</document>
