<?xml version="1.0" encoding="UTF-8"?>
<document>
<type>mainstream</type>
<forum>http://kdhnews.com//search/?q=&amp;t=article&amp;l=25&amp;d=&amp;d1=&amp;d2=&amp;s=start_time&amp;sd=desc&amp;c[]=news*&amp;f=rss</forum>
<forum_title>The Killeen Daily Herald - news</forum_title>
<discussion_title>The Latest: Suspect agrees to be returned to Massachusetts</discussion_title>
<language>english</language>
<gmt_offset></gmt_offset>
<topic_url>http://kdhnews.com/news/nation/the-latest-suspect-agrees-to-be-returned-to-massachusetts/article_00949014-a035-5c38-9c2c-4bae810d36ba.html</topic_url>
<topic_text>
TEL Video: Police pummel driver after 2-state high-speed pursuit 
This aerial image made from a helicopter video provided by WHDH shows several officers pummeling Richard Simone, who had exited his vehicle and kneeled on the ground after a high-speed police pursuit, in Nashua, N.H., Wednesday, May 11, 2016. The chase went through several towns before ending in Nashua. (Courtesy WHDH via AP) MANDATORY CREDIT; BOSTON OUT TEL Video: Police pummel driver after 2-state high-speed pursuit 
This aerial image made from a helicopter video provided by WHDH shows Richard Simone kneeling and putting his hands on the ground after a high-speed police pursuit in Nashua, N.H., Wednesday, May 11, 2016. Moments later several officers rushed Simone and pummeled him. (Courtesy WHDH via AP) MANDATORY CREDIT; BOSTON OUT Posted: Thursday, May 12, 2016 10:15 am | Updated: 11:00 am, Thu May 12, 2016. 
NASHUA, N.H. (AP) — The Latest on a high-speed police pursuit from Massachusetts to New Hampshire caught on video that showed police pummeling a suspect who appeared to be surrendering (all times local): 
11 a.m. 
A suspect who appears on a news helicopter videotape to be surrendering to police in New Hampshire before officers use force on him has agreed to be taken back to Massachusetts to face charges there. 
Richard Simone Jr., of Worcester (WUS&apos;-tur), Massachusetts, was shackled at the waist and ankles as he faced a fugitive-from-justice violation in a Nashua (NASH&apos;-wuh) court. He was wearing a Red Sox T-shirt and shorts. 
He did not appear to show any bruises from the encounter with police, although his public defender made a reference to his &quot;medical condition&quot; and got approval for Simone to sit in court. 
Simone faces warrants out of Worcester and Millbury, Massachusetts, on larceny and assault with a dangerous weapon. 
It wasn&apos;t immediately known when Simone would be returned to Massachusetts. 
___ 
10:15 a.m. 
A suspect who appears on a news helicopter videotape to be surrendering to police before officers use force on him is facing a fugitive-from-justice violation in New Hampshire and a return to Massachusetts to face charges there. 
A complaint filed Thursday by police charges 50-year-old Richard Simone Jr., of Worcester (WUS&apos;-tur), Massachusetts. Simone faces arraignment in Nashua (NASH&apos;-wuh), New Hampshire. 
The complaint says Simone had warrants out of Worcester and Millbury, Massachusetts, on larceny and assault with a dangerous weapon. Massachusetts police are expected to seek Simone&apos;s return to their state. 
After the video surfaced, the New Hampshire attorney general&apos;s office began investigating the use of force by police. 
___ 
9:15 a.m. 
The New Hampshire attorney general&apos;s office is investigating the use of force by police after video surfaced of officers pummeling a man who led them on a chase. 
Assistant Attorney General Jeffery Strelzin told WCVB-TV on Wednesday night that the video is &quot;disturbing,&quot; but authorities aren&apos;t jumping to conclusions and need to find out exactly what happened. 
Police say the vehicle chase of Worcester, Massachusetts, resident Richard Simone went through several towns at speeds exceeding 100 mph. 
News helicopter video of the pursuit Wednesday showed Simone later stepping slowly out of his truck, kneeling and putting his hands on the ground before several officers rushed him. 
It wasn&apos;t immediately known whether local or state police were involved, or a combination. 
Simone was scheduled to be arraigned in Nashua on Thursday. 
___ 
8:30 a.m. 
The legal director of the ACLU in New Hampshire says the force used by police on a suspect who appeared to be surrendering following a pursuit was &quot;significant.&quot; 
Gilles Bissonnette says he expects &quot;there will be a thorough independent investigation to determine whether the force used was reasonable and proportional.&quot; 
News helicopter video of the pursuit Wednesday showed 50-year-old Richard Simone, of Worcester, Massachusetts, stepping slowly out of his truck in Nashua, New Hampshire, kneeling and putting his hands on the ground before several officers rushed him. 
Gov. Maggie Hassan has called for a full investigation. 
The chase began when Simone refused to stop for police in Holden, Massachusetts. Simone was scheduled to be arraigned in Nashua on Thursday. 
___ 
1:50 a.m. 
New Hampshire&apos;s governor is calling for a full investigation into the use of force by police after video surfaced of officers appearing to pummel a suspect who had led them on a high-speed chase from Massachusetts to New Hampshire. 
News helicopter video of the police pursuit Wednesday showed Richard Simone, of Worcester, Massachusetts, stepping slowly out of his truck, kneeling and putting his hands on the ground before several officers rushed him. 
Massachusetts State Police were also involved in the pursuit and plan to review the apprehension of the 50-year-old Simone. 
The pursuit lasted about an hour. It ended in Nashua, New Hampshire, about 50 miles northeast of where it began in Holden, Massachusetts. 
Simone was taken into custody by Nashua police, who haven&apos;t returned phone calls seeking comment. Simone couldn&apos;t be for comment while in custody.
</topic_text>
<spam_score>0.00</spam_score>
<post_num>1</post_num>
<post_id>post-1</post_id>
<post_url>http://kdhnews.com/news/nation/the-latest-suspect-agrees-to-be-returned-to-massachusetts/article_00949014-a035-5c38-9c2c-4bae810d36ba.html</post_url>
<post_date>20160512</post_date>
<post_time>1515</post_time>
<username></username>
<post>
TEL Video: Police pummel driver after 2-state high-speed pursuit 
This aerial image made from a helicopter video provided by WHDH shows several officers pummeling Richard Simone, who had exited his vehicle and kneeled on the ground after a high-speed police pursuit, in Nashua, N.H., Wednesday, May 11, 2016. The chase went through several towns before ending in Nashua. (Courtesy WHDH via AP) MANDATORY CREDIT; BOSTON OUT TEL Video: Police pummel driver after 2-state high-speed pursuit 
This aerial image made from a helicopter video provided by WHDH shows Richard Simone kneeling and putting his hands on the ground after a high-speed police pursuit in Nashua, N.H., Wednesday, May 11, 2016. Moments later several officers rushed Simone and pummeled him. (Courtesy WHDH via AP) MANDATORY CREDIT; BOSTON OUT Posted: Thursday, May 12, 2016 10:15 am | Updated: 11:00 am, Thu May 12, 2016. 
NASHUA, N.H. (AP) — The Latest on a high-speed police pursuit from Massachusetts to New Hampshire caught on video that showed police pummeling a suspect who appeared to be surrendering (all times local): 
11 a.m. 
A suspect who appears on a news helicopter videotape to be surrendering to police in New Hampshire before officers use force on him has agreed to be taken back to Massachusetts to face charges there. 
Richard Simone Jr., of Worcester (WUS&apos;-tur), Massachusetts, was shackled at the waist and ankles as he faced a fugitive-from-justice violation in a Nashua (NASH&apos;-wuh) court. He was wearing a Red Sox T-shirt and shorts. 
He did not appear to show any bruises from the encounter with police, although his public defender made a reference to his &quot;medical condition&quot; and got approval for Simone to sit in court. 
Simone faces warrants out of Worcester and Millbury, Massachusetts, on larceny and assault with a dangerous weapon. 
It wasn&apos;t immediately known when Simone would be returned to Massachusetts. 
___ 
10:15 a.m. 
A suspect who appears on a news helicopter videotape to be surrendering to police before officers use force on him is facing a fugitive-from-justice violation in New Hampshire and a return to Massachusetts to face charges there. 
A complaint filed Thursday by police charges 50-year-old Richard Simone Jr., of Worcester (WUS&apos;-tur), Massachusetts. Simone faces arraignment in Nashua (NASH&apos;-wuh), New Hampshire. 
The complaint says Simone had warrants out of Worcester and Millbury, Massachusetts, on larceny and assault with a dangerous weapon. Massachusetts police are expected to seek Simone&apos;s return to their state. 
After the video surfaced, the New Hampshire attorney general&apos;s office began investigating the use of force by police. 
___ 
9:15 a.m. 
The New Hampshire attorney general&apos;s office is investigating the use of force by police after video surfaced of officers pummeling a man who led them on a chase. 
Assistant Attorney General Jeffery Strelzin told WCVB-TV on Wednesday night that the video is &quot;disturbing,&quot; but authorities aren&apos;t jumping to conclusions and need to find out exactly what happened. 
Police say the vehicle chase of Worcester, Massachusetts, resident Richard Simone went through several towns at speeds exceeding 100 mph. 
News helicopter video of the pursuit Wednesday showed Simone later stepping slowly out of his truck, kneeling and putting his hands on the ground before several officers rushed him. 
It wasn&apos;t immediately known whether local or state police were involved, or a combination. 
Simone was scheduled to be arraigned in Nashua on Thursday. 
___ 
8:30 a.m. 
The legal director of the ACLU in New Hampshire says the force used by police on a suspect who appeared to be surrendering following a pursuit was &quot;significant.&quot; 
Gilles Bissonnette says he expects &quot;there will be a thorough independent investigation to determine whether the force used was reasonable and proportional.&quot; 
News helicopter video of the pursuit Wednesday showed 50-year-old Richard Simone, of Worcester, Massachusetts, stepping slowly out of his truck in Nashua, New Hampshire, kneeling and putting his hands on the ground before several officers rushed him. 
Gov. Maggie Hassan has called for a full investigation. 
The chase began when Simone refused to stop for police in Holden, Massachusetts. Simone was scheduled to be arraigned in Nashua on Thursday. 
___ 
1:50 a.m. 
New Hampshire&apos;s governor is calling for a full investigation into the use of force by police after video surfaced of officers appearing to pummel a suspect who had led them on a high-speed chase from Massachusetts to New Hampshire. 
News helicopter video of the police pursuit Wednesday showed Richard Simone, of Worcester, Massachusetts, stepping slowly out of his truck, kneeling and putting his hands on the ground before several officers rushed him. 
Massachusetts State Police were also involved in the pursuit and plan to review the apprehension of the 50-year-old Simone. 
The pursuit lasted about an hour. It ended in Nashua, New Hampshire, about 50 miles northeast of where it began in Holden, Massachusetts. 
Simone was taken into custody by Nashua police, who haven&apos;t returned phone calls seeking comment. Simone couldn&apos;t be for comment while in custody.
</post>
<signature>

</signature>
<external_links>

</external_links>
<country>US</country>
<main_image>http://bloximages.newyork1.vip.townnews.com/kdhnews.com/content/tncms/assets/v3/editorial/2/ba/2bae8b68-d36b-5132-b4be-5a12b7dbf3d5/5733dcb90a840.image.jpg</main_image>
</document>
