<?xml version="1.0" encoding="UTF-8"?>
<document>
<type>mainstream</type>
<forum></forum>
<forum_title></forum_title>
<discussion_title>神华否认中煤科工并入传闻 或首推央企重组整合-千龙网·中国首都网</discussion_title>
<language>chinese</language>
<gmt_offset></gmt_offset>
<topic_url>http://finance.qianlong.com/2016/0510/594221.shtml</topic_url>
<topic_text>

对此，中国神华在昨日开盘前发布澄清公告称，经询问公司控股股东神华集团，截至目前，神华集团和公司均未收到来自任何政府部门有关上述传闻的信息。神华集团和公司均未与中国煤炭科工集团就此类事项进行过商谈。 
同时，天地科技也发布公告表示，经询问公司控股股东中国煤炭科工集团（“中煤科工”），截至目前，中国煤炭科工和公司均未收到来自任何政府部门有关上述传闻的信息。中煤科工和公司均未与神华集团就此类事项进行过商谈。 
公开资料显示，中煤科工以设计与工程总包、煤机装备、安全技术与装备、示范工程、节能环保和新能源等五大板块为主营业务，致力于拓展自身技术优势，提供更广泛的生产性服务，引领和支撑中国煤炭走新型工业化道路。 
值得一提的是，2015年，中央企业共有6对12家企业完成了重组整合。在供给侧改革的背景下，今年央企重组整合步伐也将提速。 
信达证券分析师郭荆璞表示，在煤炭行业低迷探底及兼并整合逐步发生的形势下，中国神华作为行业龙头，必将占据整合主体地位，或将成为未来行业洗牌中的最大受益者。 
还有煤炭行业业内人士向《证券日报》记者表示，钢铁、煤炭等行业由于产能过剩较为严重，可能会率先推动行业内央企重组整合。 
正在进行去产能供给侧改革 
根据中国神华发布的一季报，2016年一季度公司实现营业收入394.02亿元，同比下降4.6%；归属于上市公司股东的净利润46.07亿元，同比下降21.4%。 
今年一季度，特别是3月份以来主要下游行业煤炭需求回暖以及该公司利用自有运力加大外购煤销售力度，中国神华实现煤炭销售量9250万吨，同比增长27.1%，完成计划的27.2%；商品煤产量7130万吨，同比增长2.9%，完成计划的25.5%。 
中国神华表示，下半年，煤炭供应能力保持富余。但随着中国政府稳增长、促改革政策的逐步落实，煤炭需求保持稳定。中国积极推进煤炭行业供给侧改革，煤炭产能将退出5 亿吨，减量重组5 亿吨。从中长期来看，煤炭行业产能过剩将逐步得到化解，供需有望渐趋平衡。 
据《证券日报》记者了解，神华已经成立了“去产能”领导小组，从2016年开始，神华计划主动停产、停建煤矿12处，减少产能近3000万吨/年。 
与此同时，在煤炭去产能改革的背景下，神华正在向清洁能源转型发力，实施从2015年到2030年的15年时间里的三个“5年规划”，全力建成世界一流的清洁能源供应商。 
神华方面表示，能源工业和煤炭行业深陷产能过剩和需求不足的困境，转型升级迫在眉睫。 
神华集团总经理凌文还曾对外表示，神华已有超过20台、总计1500万千瓦的机组实现“超低排放”改造。到2020年，神华全部燃煤火电机组实现污染物超低排放。此外，神华还大力发展风电、太阳能发电等新能源和可再生能源，并通过参股核电项目建设，积极争取核电牌照。 
前不久，有消息称，神华还与中核、中广核和泰拉能源达成战略合作，参股核电项目的建设，参与下一代核电技术的研发。 
值得注意的是，目前，仅有中核集团、中广核集团和国家电投的拥有核电牌照。而如何拿到核电牌照，成为神华能否大力发展核电的重要因素。 
有接近国资委人士向《证券日报》记者表示，神华在向清洁能源供应商转型的过程中，不排除会继续跟有关央企发生较为深入的合作关系。 责任编辑： 傅昱佳（QF0007） 作者： 李春莲 相关阅读 
</topic_text>
<spam_score>0.00</spam_score>
<post_num>1</post_num>
<post_id>post-1</post_id>
<post_url>http://finance.qianlong.com/2016/0510/594221.shtml</post_url>
<post_date>20160510</post_date>
<post_time></post_time>
<username></username>
<post>

对此，中国神华在昨日开盘前发布澄清公告称，经询问公司控股股东神华集团，截至目前，神华集团和公司均未收到来自任何政府部门有关上述传闻的信息。神华集团和公司均未与中国煤炭科工集团就此类事项进行过商谈。 
同时，天地科技也发布公告表示，经询问公司控股股东中国煤炭科工集团（“中煤科工”），截至目前，中国煤炭科工和公司均未收到来自任何政府部门有关上述传闻的信息。中煤科工和公司均未与神华集团就此类事项进行过商谈。 
公开资料显示，中煤科工以设计与工程总包、煤机装备、安全技术与装备、示范工程、节能环保和新能源等五大板块为主营业务，致力于拓展自身技术优势，提供更广泛的生产性服务，引领和支撑中国煤炭走新型工业化道路。 
值得一提的是，2015年，中央企业共有6对12家企业完成了重组整合。在供给侧改革的背景下，今年央企重组整合步伐也将提速。 
信达证券分析师郭荆璞表示，在煤炭行业低迷探底及兼并整合逐步发生的形势下，中国神华作为行业龙头，必将占据整合主体地位，或将成为未来行业洗牌中的最大受益者。 
还有煤炭行业业内人士向《证券日报》记者表示，钢铁、煤炭等行业由于产能过剩较为严重，可能会率先推动行业内央企重组整合。 
正在进行去产能供给侧改革 
根据中国神华发布的一季报，2016年一季度公司实现营业收入394.02亿元，同比下降4.6%；归属于上市公司股东的净利润46.07亿元，同比下降21.4%。 
今年一季度，特别是3月份以来主要下游行业煤炭需求回暖以及该公司利用自有运力加大外购煤销售力度，中国神华实现煤炭销售量9250万吨，同比增长27.1%，完成计划的27.2%；商品煤产量7130万吨，同比增长2.9%，完成计划的25.5%。 
中国神华表示，下半年，煤炭供应能力保持富余。但随着中国政府稳增长、促改革政策的逐步落实，煤炭需求保持稳定。中国积极推进煤炭行业供给侧改革，煤炭产能将退出5 亿吨，减量重组5 亿吨。从中长期来看，煤炭行业产能过剩将逐步得到化解，供需有望渐趋平衡。 
据《证券日报》记者了解，神华已经成立了“去产能”领导小组，从2016年开始，神华计划主动停产、停建煤矿12处，减少产能近3000万吨/年。 
与此同时，在煤炭去产能改革的背景下，神华正在向清洁能源转型发力，实施从2015年到2030年的15年时间里的三个“5年规划”，全力建成世界一流的清洁能源供应商。 
神华方面表示，能源工业和煤炭行业深陷产能过剩和需求不足的困境，转型升级迫在眉睫。 
神华集团总经理凌文还曾对外表示，神华已有超过20台、总计1500万千瓦的机组实现“超低排放”改造。到2020年，神华全部燃煤火电机组实现污染物超低排放。此外，神华还大力发展风电、太阳能发电等新能源和可再生能源，并通过参股核电项目建设，积极争取核电牌照。 
前不久，有消息称，神华还与中核、中广核和泰拉能源达成战略合作，参股核电项目的建设，参与下一代核电技术的研发。 
值得注意的是，目前，仅有中核集团、中广核集团和国家电投的拥有核电牌照。而如何拿到核电牌照，成为神华能否大力发展核电的重要因素。 
有接近国资委人士向《证券日报》记者表示，神华在向清洁能源供应商转型的过程中，不排除会继续跟有关央企发生较为深入的合作关系。 责任编辑： 傅昱佳（QF0007） 作者： 李春莲 相关阅读 
</post>
<signature>

</signature>
<external_links>

</external_links>
<country>CN</country>
<main_image></main_image>
</document>
