<?xml version="1.0" encoding="UTF-8"?>
<document>
<type>mainstream</type>
<forum>http://www.frutiglaender.ch/rss.xml</forum>
<forum_title>Frutigländer</forum_title>
<discussion_title>Der Niesen bricht Rekorde</discussion_title>
<language>german</language>
<gmt_offset></gmt_offset>
<topic_url>http://www.frutiglaender.ch/2016/05/der-niesen-bricht-rekorde.html</topic_url>
<topic_text>
Der Niesen bricht Rekorde Do, 12. Mai. 2016 
Das beste Geschäftsjahr aller Zeiten – nach diesem Resultat der Niesenbahn AG blickt das Unternehmen getrost auf den Umbau des Berghauses. Am Mittwoch, 11. Mai, trafen sich die Aktionäre an der 110. Generalversammlung. Kategorie: Leave this field blank Meinung/Kommentar * Sie erklären sich einverstanden, unseren Service weder für illegale Zwecke, noch zur Übermittlung von gesetzeswidrigen, beleidigenden oder verletzenden Inhalten zu benützen. Über die Freischaltung der Beiträge entscheidet frutiglaender.ch und führt darüber keine Korrespondenz. Mit der Angabe Ihrer Mailadresse am Schluss des Kommentars ermöglichen Sie uns eine allfällige Publikation des Leserbriefs in der Zeitung. Die Mailadresse wird nicht veröffentlicht . Vor einer Publikation nimmt die Redaktion in jedem Fall Kontakt mit Ihnen auf.Die Beiträge werden Montag - Freitag zu Geschäftsöffnungszeiten innerhalb von ca 6 Stunden aufgeschaltet. CAPTCHA Diese Frage hat den Zweck zu testen, ob Sie ein menschlicher Benutzer sind und automatisiertem Spam vorzubeugen. Mathematische Frage * 1 + 4 = Das einfache mathematische Problem ist zu lösen und das Ergebnis einzugeben. Z.B. muss für 1+3 der Wert 4 eingegebene werden. Kommende Events
</topic_text>
<spam_score>0.00</spam_score>
<post_num>1</post_num>
<post_id>post-1</post_id>
<post_url>http://www.frutiglaender.ch/2016/05/der-niesen-bricht-rekorde.html</post_url>
<post_date>20160512</post_date>
<post_time>1230</post_time>
<username>fru_ed</username>
<post>
Der Niesen bricht Rekorde Do, 12. Mai. 2016 
Das beste Geschäftsjahr aller Zeiten – nach diesem Resultat der Niesenbahn AG blickt das Unternehmen getrost auf den Umbau des Berghauses. Am Mittwoch, 11. Mai, trafen sich die Aktionäre an der 110. Generalversammlung. Kategorie: Leave this field blank Meinung/Kommentar * Sie erklären sich einverstanden, unseren Service weder für illegale Zwecke, noch zur Übermittlung von gesetzeswidrigen, beleidigenden oder verletzenden Inhalten zu benützen. Über die Freischaltung der Beiträge entscheidet frutiglaender.ch und führt darüber keine Korrespondenz. Mit der Angabe Ihrer Mailadresse am Schluss des Kommentars ermöglichen Sie uns eine allfällige Publikation des Leserbriefs in der Zeitung. Die Mailadresse wird nicht veröffentlicht . Vor einer Publikation nimmt die Redaktion in jedem Fall Kontakt mit Ihnen auf.Die Beiträge werden Montag - Freitag zu Geschäftsöffnungszeiten innerhalb von ca 6 Stunden aufgeschaltet. CAPTCHA Diese Frage hat den Zweck zu testen, ob Sie ein menschlicher Benutzer sind und automatisiertem Spam vorzubeugen. Mathematische Frage * 1 + 4 = Das einfache mathematische Problem ist zu lösen und das Ergebnis einzugeben. Z.B. muss für 1+3 der Wert 4 eingegebene werden. Kommende Events
</post>
<signature>

</signature>
<external_links>

</external_links>
<country>CH</country>
<main_image>http://www.frutiglaender.ch/sites/fru/files/styles/content_large/public/0.91134200_1463050838.jpg?itok=wkMv89CL</main_image>
</document>
