<?xml version="1.0" encoding="UTF-8"?>
<document>
<type>mainstream</type>
<forum>http://bangka.tribunnews.com/rss</forum>
<forum_title>Bangka Pos</forum_title>
<discussion_title>115 Siswa SMKN 5 Resmi Jadi Tenaga Teknis Farmasi</discussion_title>
<language>indonesian</language>
<gmt_offset></gmt_offset>
<topic_url>http://bangka.tribunnews.com/2016/05/12/115-siswa-smkn-5-resmi-jadi-tenaga-teknis-farmasi</topic_url>
<topic_text>
115 Siswa SMKN 5 Resmi Jadi Tenaga Teknis Farmasi Kamis, 12 Mei 2016 20:38 115 Siswa SMKN 5 resmi dilantik sebagai tenaga teknis kefarmasian, Kamis (12/05/2016). 
Laporan wartawan Bangka Pos, Zulkodri 
BANGKAPOS.COM, BANGKA -- Sebanyak 115 siswa SMKN 5 Kota Pangkalpinang, angkatan ke II resmi dilantik dan disumpah menjadi lulusan tenaga teknis kefarmasian tahun pelajaran 2015/2016 di Gedung Dharma Wanita Bukit Baru Pangkalpinang, Rabu (12/05/2016). 
Dalam acara tersebut, tampak hadir Staf Ahli Wali kota Pangkalpinang dan Bidang Kemasyarakatan Sumber Daya Manusia (SDM), Kepala Dinas Pendidikan dan juga Dinas Kesehatan Provinsi Kepulauan Bangka Belitung, Ketua DPD Farmasi Dinas Kesehatan Pangkalpinang, Ikatan Apoteker Indonesia (IAI), Kepala Sekolah serta para tamu undangan dan para siswa. 
Kepala SMKN 5 Kota Pangkalpinang Basir mengatakan, ini tahun kedua pihaknya mengambil sumpah dan melantik lulusan tenaga farmasi. 
Dikatakan Basir, SMKN 5 ini dibawah dua Kementerian yaitu Kementerian Pendidikan dan Kementerian Kesehatan. Dimana usernya atau penggunanya dari tenaga kesehatan yang berarti regulasi atau aturannya langsung dari Menteri Kesehatan (Menkes). 
&quot;Menurut regulasi dibawah Menkes sehingga siswa SMK Farmasi ini sebelum lulus wajib dilantik dan disumpah, karena ini salah satu persyaratan untuk mengurus STRTTK (Surat Tanda Register Tenaga Teknis Kefarmasian) untuk aspek legalitas mereka untuk bekerja nanti,&quot; ujarnya. 
Lanjutnya, untuk anak-anak farmasi nantinya akan ada ujian kompetensi yang dilaksanakan oleh organisasi profesi yaitu persatuan ahli farmasi dengan melakukan ujian praktek dan ujian teori.
</topic_text>
<spam_score>0.00</spam_score>
<post_num>1</post_num>
<post_id>post-1</post_id>
<post_url>http://bangka.tribunnews.com/2016/05/12/115-siswa-smkn-5-resmi-jadi-tenaga-teknis-farmasi</post_url>
<post_date>20160512</post_date>
<post_time>1338</post_time>
<username></username>
<post>
115 Siswa SMKN 5 Resmi Jadi Tenaga Teknis Farmasi Kamis, 12 Mei 2016 20:38 115 Siswa SMKN 5 resmi dilantik sebagai tenaga teknis kefarmasian, Kamis (12/05/2016). 
Laporan wartawan Bangka Pos, Zulkodri 
BANGKAPOS.COM, BANGKA -- Sebanyak 115 siswa SMKN 5 Kota Pangkalpinang, angkatan ke II resmi dilantik dan disumpah menjadi lulusan tenaga teknis kefarmasian tahun pelajaran 2015/2016 di Gedung Dharma Wanita Bukit Baru Pangkalpinang, Rabu (12/05/2016). 
Dalam acara tersebut, tampak hadir Staf Ahli Wali kota Pangkalpinang dan Bidang Kemasyarakatan Sumber Daya Manusia (SDM), Kepala Dinas Pendidikan dan juga Dinas Kesehatan Provinsi Kepulauan Bangka Belitung, Ketua DPD Farmasi Dinas Kesehatan Pangkalpinang, Ikatan Apoteker Indonesia (IAI), Kepala Sekolah serta para tamu undangan dan para siswa. 
Kepala SMKN 5 Kota Pangkalpinang Basir mengatakan, ini tahun kedua pihaknya mengambil sumpah dan melantik lulusan tenaga farmasi. 
Dikatakan Basir, SMKN 5 ini dibawah dua Kementerian yaitu Kementerian Pendidikan dan Kementerian Kesehatan. Dimana usernya atau penggunanya dari tenaga kesehatan yang berarti regulasi atau aturannya langsung dari Menteri Kesehatan (Menkes). 
&quot;Menurut regulasi dibawah Menkes sehingga siswa SMK Farmasi ini sebelum lulus wajib dilantik dan disumpah, karena ini salah satu persyaratan untuk mengurus STRTTK (Surat Tanda Register Tenaga Teknis Kefarmasian) untuk aspek legalitas mereka untuk bekerja nanti,&quot; ujarnya. 
Lanjutnya, untuk anak-anak farmasi nantinya akan ada ujian kompetensi yang dilaksanakan oleh organisasi profesi yaitu persatuan ahli farmasi dengan melakukan ujian praktek dan ujian teori.
</post>
<signature>

</signature>
<external_links>

</external_links>
<country>US</country>
<main_image>http://cdn-2.tstatic.net/bangka/foto/bank/images/siswa-smkn-5_20160512_203523.jpg</main_image>
</document>
