<?xml version="1.0" encoding="UTF-8"?>
<document>
<type>mainstream</type>
<forum>http://nbc24.com/news/local/index.rss</forum>
<forum_title>Local</forum_title>
<discussion_title>Florida man caught trying to smuggle python in his pants</discussion_title>
<language>english</language>
<gmt_offset></gmt_offset>
<topic_url>http://nbc24.com/news/offbeat/florida-man-caught-trying-to-smuggle-python-in-his-pants</topic_url>
<topic_text>
Florida man caught trying to smuggle python in his pants By Sinclair Broadcast Group 1462490347000 A Florida man was busted trying to shoplift a snake... in his pants. (MGN Online) 0 shares tweet now! 
A Florida man was caught on security camera -- and by pet store employees -- trying to smuggle a &quot;high-end&quot; python in his pants 
According to WFLA , the employees at Animal House Pet Center in St. Petersburg, Florida, were ready for Travis Treder -- who they said had stolen from the shop twice before. 
Treder could be seen on security and cell phone cameras reaching into the baby python&apos;s enclosure and stuffing the snake into his pocket. Meanwhile, his photo was affixed to a wall behind the counter. 
While Treder was trying to take the snake, employees locked the front door and wrestled him to the ground with the help of a customer who happened to be an off-duty security guard. 
The python was valued at $149, the store&apos;s owner said . Treder was charged with petty theft.  
</topic_text>
<spam_score>0.00</spam_score>
<post_num>1</post_num>
<post_id>post-1</post_id>
<post_url>http://nbc24.com/news/offbeat/florida-man-caught-trying-to-smuggle-python-in-his-pants</post_url>
<post_date>20160505</post_date>
<post_time>2319</post_time>
<username></username>
<post>
Florida man caught trying to smuggle python in his pants By Sinclair Broadcast Group 1462490347000 A Florida man was busted trying to shoplift a snake... in his pants. (MGN Online) 0 shares tweet now! 
A Florida man was caught on security camera -- and by pet store employees -- trying to smuggle a &quot;high-end&quot; python in his pants 
According to WFLA , the employees at Animal House Pet Center in St. Petersburg, Florida, were ready for Travis Treder -- who they said had stolen from the shop twice before. 
Treder could be seen on security and cell phone cameras reaching into the baby python&apos;s enclosure and stuffing the snake into his pocket. Meanwhile, his photo was affixed to a wall behind the counter. 
While Treder was trying to take the snake, employees locked the front door and wrestled him to the ground with the help of a customer who happened to be an off-duty security guard. 
The python was valued at $149, the store&apos;s owner said . Treder was charged with petty theft.  
</post>
<signature>

</signature>
<external_links>

</external_links>
<country>US</country>
<main_image>http://static-12.sinclairstoryline.com/resources/media/434aac83-5c11-4f93-8ef7-2dcc2a79a2e6-large16x9_GetImage31.jpg?1462490259976</main_image>
</document>
