<?xml version="1.0" encoding="UTF-8"?>
<document>
<type>mainstream</type>
<forum></forum>
<forum_title></forum_title>
<discussion_title>焦作万方股权战出续集“淘宝控股权第一拍”又回来了-千龙网·中国首都网</discussion_title>
<language>chinese</language>
<gmt_offset></gmt_offset>
<topic_url>http://finance.qianlong.com/2016/0512/600909.shtml</topic_url>
<topic_text>

曾引发资本市场高度关注的焦作万方（000612）股权要恢复司法拍卖。“淘宝控股权第一拍”又回来了！ 
吉奥高异议被驳回 
昨日晚间，焦作万方发布公告称，公司接到《河南省焦作市中级人民法院恢复拍卖通知书》，焦作市中级人民法院决定恢复拍卖，将委托淘宝网司法拍卖平台继续对被执行人西藏吉奥高持有的公司流通股2.11亿股（占公司总股本的17.56%）进行拍卖。 
回顾事件，焦作中院原定于2016年4月22日至23日对焦作万方第一大股东西藏吉奥高所持股权进行拍卖，因西藏吉奥高提出执行异议，焦作中院于2016年4月22日暂停拍卖。经焦作中院审理，裁定驳回西藏吉奥高的异议，决定恢复拍卖。 
2016年2月29日，因西藏吉奥高筹划股权转让事项，焦作万方停牌。由于西藏吉奥高与潜在股权受让方就股权转让事项存在异议，股权转让迟迟不能进行。焦作万方遂向法院申请对西藏吉奥高被冻结的股份进行拍卖，并于4月1日收到法院的拍卖通知。 
4月22日，这场招来万人围观的“淘宝控股权第一拍”因西藏吉奥高的异议而中止。西藏吉奥高认为，焦作中院通过拍卖公告限定竞买人条件，排除了潜在竞买人，严重损害了西藏吉奥高的权益；司法拍卖活动中评估程序违法，导致评估结果严重偏离市场价值；拍卖活动未依据《上市公司收购管理办法》履行公告报告义务，程序严重违法。 
双方的争议焦点在于，焦作万方既是债权人又是被收购方，既是执行申请人又是利害关系人，焦作万方认为，此次股权拍卖将导致公司第一大股东变更，将对公司发展战略和产业方向产生重大影响，因而在多个关键方面对竞买人条件提出了“苛刻”要求，以期引入有实力的股东。 
此前，证券时报·莲花财经（ID：lianhuacaijing）记者曾多次致电该公司董事长兼董秘、证券代表等人士，均称在年报发布前不便接受记者采访。4月29日公司发布2015年年报，2015年净利润为-6252万元、同比亏损117.54%，可谓一片惨淡。 
量身定做 
拍卖或为走过场 
焦作万方在公告中表示，此次股权拍卖将导致公司第一大股东的变动，对公司的发展战略和产业方向将产生重大影响。 
焦作万方此次公布的股权竞买人资格条件和上次无异，要求竞买人或其一致行为人必须为从事铝深加工产品的研发、制造商，有较高的行业知名度，其铝深加工的产品产能及销量在境内外行业的市场排名为前5位，年产销规模不低于50万吨；竞买人和其一致行为人经审计的总资产规模应不低于300亿元，资产负债率不高于65%，2015年主营业务收入不低于150亿元，净利润率不低于15%；成为公司股东后，竞买人和其一致行动人应支持公司向高附加值铝深加工业务延伸，进一步完善公司产业链；须整体受让本次拍卖的股份，不得拆分竞买，成交后一次性支付拍卖价款。 
正是上述这份疑为某公司量身定做的竞买条件招致了西藏吉奥高的异议。这场因业绩对赌失败引发的股权之争另焦作万方与其第一大股东西藏吉奥高对簿公堂，今年1月中旬，焦作中院裁决西藏吉奥高应于2016年2月15日前向焦作万方返还股权转让价款17亿元并赔偿自转让价款支付日2014年9月30日起产生的利息损失，但西藏吉奥高在判决书确定的期间内未予履行。 
目前仍处于停牌中的焦作万方5月9日公告透露，公司此次筹划的重大资产重组涉及境外资产，潜在交易对手方或其关联方为全球领先的工业铝型材研发制造商之一。 
公司初步重组方案包括两部分交易：一是潜在交易对手方拟通过竞拍方式取得西藏吉奥高所持公司 17.56%的股份，成为公司第一大股东；二是公司向潜在交易对手方或其控制的公司发行股份购买盈利能力较强且满足有关监管要求的境外铝加工行业优质资产，并募集配套资金。由此来看，焦作万方此次股权拍卖的竞买人的身份或已确定。 
截至记者发稿，在淘宝网站未能搜索到此次拍卖的相关页面。据接近公司的人士称，此次拍卖已成定局，所谓“淘宝控股权第一拍”并不会出现剧情大反转。 
翟超/制图 责任编辑： 傅昱佳（QF0007） 作者： 岳薇 曹桢 相关阅读 
</topic_text>
<spam_score>0.00</spam_score>
<post_num>1</post_num>
<post_id>post-1</post_id>
<post_url>http://finance.qianlong.com/2016/0512/600909.shtml</post_url>
<post_date>20160512</post_date>
<post_time></post_time>
<username></username>
<post>

曾引发资本市场高度关注的焦作万方（000612）股权要恢复司法拍卖。“淘宝控股权第一拍”又回来了！ 
吉奥高异议被驳回 
昨日晚间，焦作万方发布公告称，公司接到《河南省焦作市中级人民法院恢复拍卖通知书》，焦作市中级人民法院决定恢复拍卖，将委托淘宝网司法拍卖平台继续对被执行人西藏吉奥高持有的公司流通股2.11亿股（占公司总股本的17.56%）进行拍卖。 
回顾事件，焦作中院原定于2016年4月22日至23日对焦作万方第一大股东西藏吉奥高所持股权进行拍卖，因西藏吉奥高提出执行异议，焦作中院于2016年4月22日暂停拍卖。经焦作中院审理，裁定驳回西藏吉奥高的异议，决定恢复拍卖。 
2016年2月29日，因西藏吉奥高筹划股权转让事项，焦作万方停牌。由于西藏吉奥高与潜在股权受让方就股权转让事项存在异议，股权转让迟迟不能进行。焦作万方遂向法院申请对西藏吉奥高被冻结的股份进行拍卖，并于4月1日收到法院的拍卖通知。 
4月22日，这场招来万人围观的“淘宝控股权第一拍”因西藏吉奥高的异议而中止。西藏吉奥高认为，焦作中院通过拍卖公告限定竞买人条件，排除了潜在竞买人，严重损害了西藏吉奥高的权益；司法拍卖活动中评估程序违法，导致评估结果严重偏离市场价值；拍卖活动未依据《上市公司收购管理办法》履行公告报告义务，程序严重违法。 
双方的争议焦点在于，焦作万方既是债权人又是被收购方，既是执行申请人又是利害关系人，焦作万方认为，此次股权拍卖将导致公司第一大股东变更，将对公司发展战略和产业方向产生重大影响，因而在多个关键方面对竞买人条件提出了“苛刻”要求，以期引入有实力的股东。 
此前，证券时报·莲花财经（ID：lianhuacaijing）记者曾多次致电该公司董事长兼董秘、证券代表等人士，均称在年报发布前不便接受记者采访。4月29日公司发布2015年年报，2015年净利润为-6252万元、同比亏损117.54%，可谓一片惨淡。 
量身定做 
拍卖或为走过场 
焦作万方在公告中表示，此次股权拍卖将导致公司第一大股东的变动，对公司的发展战略和产业方向将产生重大影响。 
焦作万方此次公布的股权竞买人资格条件和上次无异，要求竞买人或其一致行为人必须为从事铝深加工产品的研发、制造商，有较高的行业知名度，其铝深加工的产品产能及销量在境内外行业的市场排名为前5位，年产销规模不低于50万吨；竞买人和其一致行为人经审计的总资产规模应不低于300亿元，资产负债率不高于65%，2015年主营业务收入不低于150亿元，净利润率不低于15%；成为公司股东后，竞买人和其一致行动人应支持公司向高附加值铝深加工业务延伸，进一步完善公司产业链；须整体受让本次拍卖的股份，不得拆分竞买，成交后一次性支付拍卖价款。 
正是上述这份疑为某公司量身定做的竞买条件招致了西藏吉奥高的异议。这场因业绩对赌失败引发的股权之争另焦作万方与其第一大股东西藏吉奥高对簿公堂，今年1月中旬，焦作中院裁决西藏吉奥高应于2016年2月15日前向焦作万方返还股权转让价款17亿元并赔偿自转让价款支付日2014年9月30日起产生的利息损失，但西藏吉奥高在判决书确定的期间内未予履行。 
目前仍处于停牌中的焦作万方5月9日公告透露，公司此次筹划的重大资产重组涉及境外资产，潜在交易对手方或其关联方为全球领先的工业铝型材研发制造商之一。 
公司初步重组方案包括两部分交易：一是潜在交易对手方拟通过竞拍方式取得西藏吉奥高所持公司 17.56%的股份，成为公司第一大股东；二是公司向潜在交易对手方或其控制的公司发行股份购买盈利能力较强且满足有关监管要求的境外铝加工行业优质资产，并募集配套资金。由此来看，焦作万方此次股权拍卖的竞买人的身份或已确定。 
截至记者发稿，在淘宝网站未能搜索到此次拍卖的相关页面。据接近公司的人士称，此次拍卖已成定局，所谓“淘宝控股权第一拍”并不会出现剧情大反转。 
翟超/制图 责任编辑： 傅昱佳（QF0007） 作者： 岳薇 曹桢 相关阅读 
</post>
<signature>

</signature>
<external_links>

</external_links>
<country>CN</country>
<main_image></main_image>
</document>
