<?xml version="1.0" encoding="UTF-8"?>
<document>
<type>mainstream</type>
<forum>http://www.sabah.com.tr/rss/son24saat.xml</forum>
<forum_title>Sabah - Son24Saat</forum_title>
<discussion_title>Hakkari&apos;de HDP İl Eş Başkanı Besi gözaltına alındı</discussion_title>
<language>turkish</language>
<gmt_offset></gmt_offset>
<topic_url>http://www.sabah.com.tr/gundem/2016/05/12/hakkaride-hdp-il-es-baskani-besi-gozaltina-alindi</topic_url>
<topic_text>
Hakkari&apos;de HDP İl Eş Başkanı Besi gözaltına alındı HDP Hakkari İl Eş Başkanı Metin Besi, il binasına gelen polisler tarafından gözaltına alındı. 
Hakkari Emniyet Müdürlüğü Terörle Mücadele Şubesi ekipleri, bugün saat 15.30 sıralarında HDP il binasına geldi. Bu sırada binada bulunan İl Eş Başkanı Metin Besi gözaltına alındı. Besi, Emniyet Müdürlüğü&apos;ne götürülürken, HDP Hakkari İl Eş Başkanı Evin Konur, parti binasında basın açıklaması yaptı. Besi&apos;nin bir an önce serbest bırakılmasını isteyen Konur,&quot; Bugün saat 15.30 sıralarında parti binamıza gelen Terörle Mücadele ekipleri, İl Eş Başkanımız Metin Besiyi yanlarına çağırarak &apos; Emniyette ifadeniz var&apos; denilip gözaltına aldı. İl Eş Başkanımızın serbest bırakılmasını talep ediyoruz&quot; dedi.
</topic_text>
<spam_score>0.00</spam_score>
<post_num>1</post_num>
<post_id>post-1</post_id>
<post_url>http://www.sabah.com.tr/gundem/2016/05/12/hakkaride-hdp-il-es-baskani-besi-gozaltina-alindi</post_url>
<post_date>20160512</post_date>
<post_time>1744</post_time>
<username></username>
<post>
Hakkari&apos;de HDP İl Eş Başkanı Besi gözaltına alındı HDP Hakkari İl Eş Başkanı Metin Besi, il binasına gelen polisler tarafından gözaltına alındı. 
Hakkari Emniyet Müdürlüğü Terörle Mücadele Şubesi ekipleri, bugün saat 15.30 sıralarında HDP il binasına geldi. Bu sırada binada bulunan İl Eş Başkanı Metin Besi gözaltına alındı. Besi, Emniyet Müdürlüğü&apos;ne götürülürken, HDP Hakkari İl Eş Başkanı Evin Konur, parti binasında basın açıklaması yaptı. Besi&apos;nin bir an önce serbest bırakılmasını isteyen Konur,&quot; Bugün saat 15.30 sıralarında parti binamıza gelen Terörle Mücadele ekipleri, İl Eş Başkanımız Metin Besiyi yanlarına çağırarak &apos; Emniyette ifadeniz var&apos; denilip gözaltına aldı. İl Eş Başkanımızın serbest bırakılmasını talep ediyoruz&quot; dedi.
</post>
<signature>

</signature>
<external_links>

</external_links>
<country>TR</country>
<main_image>http://i.sabah.com.tr/sbh/2016/05/12/650x344/1463064242850.jpg</main_image>
</document>
