<?xml version="1.0" encoding="UTF-8"?>
<document>
<type>mainstream</type>
<forum></forum>
<forum_title></forum_title>
<discussion_title>Union &amp; Actions - Fiers Maubeugeois ! / 147 - 13-05-2016 / 2016 / Edition du journal / Accueil U&amp;A / PlateForme</discussion_title>
<language>french</language>
<gmt_offset></gmt_offset>
<topic_url>http://www.unionetactions.be/Edition-du-journal/2016/147-13-05-2016/Fiers-Maubeugeois</topic_url>
<topic_text>
La der | Fiers Maubeugeois ! 
Johnny Hallyday a donné un concert à Papeete, sur l&apos;île de Tahiti. Interviewé par la radio &quot;Polynésie 1ère&quot;, il a déclaré : &quot;C&apos;est quand même mieux de venir chanter ici qu&apos;à Maubeuge. C&apos;est beaucoup plus joli, beaucoup plus enchanteur.&quot; 
En regardant les images Google de la ville nordiste et de la ville insulaire, il est permis de penser que l&apos;inoxydable Johnny n&apos;a pas tort. Mais à notre époque où tout se sait dans la seconde, la phrase flatteuse pour les auditeurs tahitiens a vexé à 15.000 kilomètres de distance. &quot;Il était bien content d&apos;y venir, en 1971, à la kermesse de la bière de Maubeuge&quot;, a écrit le journal &quot;La Voix du Nord&quot; qui a de la mémoire ! Le maire de la Ville a posté sur Facebook une photo de la file d&apos;attente aux caisses du zoo, en légendant : &quot;Non, ce n&apos;est pas l&apos;entrée d&apos;un concert de Johnny.&quot; 
Fin de la polémique quand le rockeur a entonné, via son compte Twitter, le célèbre &quot;Clair de lune à Maubeuge&quot;, immortalisé par Bourvil. Partagez Z&apos;ont dit De Kris Peeters 
(CD&amp;V), ministre de l&apos;Emploi, promoteur de la généralisation du calcul du temps de travail sur base annuelle : &quot;Je trouve que c&apos;est dommage de dire qu&apos;on supprime les 38 heures, parce que ce n&apos;est pas exact.&quot; (Le Soir, 03/05/16) LES PLUS LUS / TOP 10 
</topic_text>
<spam_score>0.00</spam_score>
<post_num>1</post_num>
<post_id>post-1</post_id>
<post_url>http://www.unionetactions.be/Edition-du-journal/2016/147-13-05-2016/Fiers-Maubeugeois</post_url>
<post_date>20140417</post_date>
<post_time></post_time>
<username></username>
<post>
La der | Fiers Maubeugeois ! 
Johnny Hallyday a donné un concert à Papeete, sur l&apos;île de Tahiti. Interviewé par la radio &quot;Polynésie 1ère&quot;, il a déclaré : &quot;C&apos;est quand même mieux de venir chanter ici qu&apos;à Maubeuge. C&apos;est beaucoup plus joli, beaucoup plus enchanteur.&quot; 
En regardant les images Google de la ville nordiste et de la ville insulaire, il est permis de penser que l&apos;inoxydable Johnny n&apos;a pas tort. Mais à notre époque où tout se sait dans la seconde, la phrase flatteuse pour les auditeurs tahitiens a vexé à 15.000 kilomètres de distance. &quot;Il était bien content d&apos;y venir, en 1971, à la kermesse de la bière de Maubeuge&quot;, a écrit le journal &quot;La Voix du Nord&quot; qui a de la mémoire ! Le maire de la Ville a posté sur Facebook une photo de la file d&apos;attente aux caisses du zoo, en légendant : &quot;Non, ce n&apos;est pas l&apos;entrée d&apos;un concert de Johnny.&quot; 
Fin de la polémique quand le rockeur a entonné, via son compte Twitter, le célèbre &quot;Clair de lune à Maubeuge&quot;, immortalisé par Bourvil. Partagez Z&apos;ont dit De Kris Peeters 
(CD&amp;V), ministre de l&apos;Emploi, promoteur de la généralisation du calcul du temps de travail sur base annuelle : &quot;Je trouve que c&apos;est dommage de dire qu&apos;on supprime les 38 heures, parce que ce n&apos;est pas exact.&quot; (Le Soir, 03/05/16) LES PLUS LUS / TOP 10 
</post>
<signature>

</signature>
<external_links>

</external_links>
<country>BE</country>
<main_image>http://www.unionetactions.be/extension/ucm/design/common/images/logo-unionetactions-og-image-20140417.jpg</main_image>
</document>
