<?xml version="1.0" encoding="UTF-8"?>
<document>
<type>mainstream</type>
<forum></forum>
<forum_title></forum_title>
<discussion_title>Myanmar Khine Shwe War - ดูคลิปนักศึกษา,คลิปทางบ้านฟรี</discussion_title>
<language>ignore</language>
<gmt_offset></gmt_offset>
<topic_url>http://clips-dd.com/myanmar-khine-shwe-war/</topic_url>
<topic_text>
Get Embed Code 
copy and paste in your site. &lt;iframe src=&quot;http://clips-dd.com/wp-content/plugins/xvideos-importer-pro/jwplayer/?url=http://www.xvideos.com/video10145430/myanmar_khine_shwe_war&quot; frameborder=0 width=728 height=460 scrolling=no allowfullscreen webkitallowfullscreen mozallowfullscreen oallowfullscreen msallowfullscreen&gt;&lt;/iframe&gt; 
</topic_text>
<spam_score>0.00</spam_score>
<post_num>1</post_num>
<post_id>post-1</post_id>
<post_url>http://clips-dd.com/myanmar-khine-shwe-war/</post_url>
<post_date>20160512</post_date>
<post_time></post_time>
<username></username>
<post>
Get Embed Code 
copy and paste in your site. &lt;iframe src=&quot;http://clips-dd.com/wp-content/plugins/xvideos-importer-pro/jwplayer/?url=http://www.xvideos.com/video10145430/myanmar_khine_shwe_war&quot; frameborder=0 width=728 height=460 scrolling=no allowfullscreen webkitallowfullscreen mozallowfullscreen oallowfullscreen msallowfullscreen&gt;&lt;/iframe&gt; 
</post>
<signature>

</signature>
<external_links>

</external_links>
<country>NL</country>
<main_image>http://clips-dd.com/wp-content/uploads/2016/05/e1b3fb65d4c7f43778df8711bdce1c4a.3.jpg</main_image>
</document>
