<?xml version="1.0" encoding="UTF-8"?>
<document>
<type>mainstream</type>
<forum>http://www.europapress.es/rss/rss.aspx?ch=58</forum>
<forum_title>Europa Press - Euskera</forum_title>
<discussion_title>&quot;Migrazioak eta Europako gutxiengo kultural eta linguistikoak&quot; jardunaldia izango da Bilbon</discussion_title>
<language>basque</language>
<gmt_offset></gmt_offset>
<topic_url>http://www.europapress.es/euskera/noticia-migrazioak-eta-europako-gutxiengo-kultural-eta-linguistikoak-jardunaldia-eigngo-da-bilbon-maiatzaren-26an-20160512114602.html</topic_url>
<topic_text>
&quot;Migrazioak eta Europako gutxiengo kultural eta linguistikoak&quot; jardunaldia izango da Bilbon Menéalo Actualizado 2016/05/12 13:06:47 CET BILBO, 12 (EUROPA PRESS) Ezkerraberri Fundazioak, EHUgune k eta Centre Maurits Coppieters zentroak &quot;Migrazioak eta Europako gutxiengo kultural eta linguistikoak&quot; izeneko jardunaldia antolatu dute maiatzaren 26rako Bilbon, Bizkaia aretoan. Jardunaldia euskaraz, ingelesez eta gaztelania izango da eta goizeko saioan egingo da, antolakuntzak jakinarazi duenez. 
Antolatzaileen arabera, Europara iristen ari den migratzaile kopuru handiak, harrerari, kokatzeari eta gizarte integrazioari buruzko erronka izateaz gain, &quot;espero gabeko ondorioak izan ditzake komunitate espezifikoen baitan&quot;. 
Horrela, migratzaile fluxuak eta hizkuntza gutxituetan izan dezaketen eragina &quot;desegoki kudeatzen badira, eragin negatibo nabarmena paira dezakete azken horiek&quot;. &quot;Argi dago politika egokiak eta zentzudunak abian jarri behar direla arrisku hori saihesteko&quot;, azaldu dute. 
Modu honetan, jardunaldian zehar, migratzialeen fluxuak Europako gutxiengo kultural eta linguistikoetan duten eragina aztertuko da, horren ondorioez gogoeta egingo da, egoera egokitasunez kudeatzeko politikak proposatuko dira, eta arrakasta kasuak eta praktika onak erakutsiko dira. 
Parte hartzaileei dagokienez, Peter Kraus (Augsburgeko Unibertsitatea), Nuria Franco-Guillen (Pompeu Fabra Unibertsitatea, Bartzelona), Catrin Wyn Edwards (Aberystwythko Unibertsitatea, Gales), Cor van de Mer (Fryske Akademie, Frisia), Oriol Amoros (Kataluniako Generalitat) eta Xabier Aierdi (Euskal Herriko Unibertsitatea)moduko hizlariak izango dira, besteak beste. Jardunaldia 09.30ean hasi eta 14.00etan bukatuko da.
</topic_text>
<spam_score>0.00</spam_score>
<post_num>1</post_num>
<post_id>post-1</post_id>
<post_url>http://www.europapress.es/euskera/noticia-migrazioak-eta-europako-gutxiengo-kultural-eta-linguistikoak-jardunaldia-eigngo-da-bilbon-maiatzaren-26an-20160512114602.html</post_url>
<post_date>20160512</post_date>
<post_time>0946</post_time>
<username></username>
<post>
&quot;Migrazioak eta Europako gutxiengo kultural eta linguistikoak&quot; jardunaldia izango da Bilbon Menéalo Actualizado 2016/05/12 13:06:47 CET BILBO, 12 (EUROPA PRESS) Ezkerraberri Fundazioak, EHUgune k eta Centre Maurits Coppieters zentroak &quot;Migrazioak eta Europako gutxiengo kultural eta linguistikoak&quot; izeneko jardunaldia antolatu dute maiatzaren 26rako Bilbon, Bizkaia aretoan. Jardunaldia euskaraz, ingelesez eta gaztelania izango da eta goizeko saioan egingo da, antolakuntzak jakinarazi duenez. 
Antolatzaileen arabera, Europara iristen ari den migratzaile kopuru handiak, harrerari, kokatzeari eta gizarte integrazioari buruzko erronka izateaz gain, &quot;espero gabeko ondorioak izan ditzake komunitate espezifikoen baitan&quot;. 
Horrela, migratzaile fluxuak eta hizkuntza gutxituetan izan dezaketen eragina &quot;desegoki kudeatzen badira, eragin negatibo nabarmena paira dezakete azken horiek&quot;. &quot;Argi dago politika egokiak eta zentzudunak abian jarri behar direla arrisku hori saihesteko&quot;, azaldu dute. 
Modu honetan, jardunaldian zehar, migratzialeen fluxuak Europako gutxiengo kultural eta linguistikoetan duten eragina aztertuko da, horren ondorioez gogoeta egingo da, egoera egokitasunez kudeatzeko politikak proposatuko dira, eta arrakasta kasuak eta praktika onak erakutsiko dira. 
Parte hartzaileei dagokienez, Peter Kraus (Augsburgeko Unibertsitatea), Nuria Franco-Guillen (Pompeu Fabra Unibertsitatea, Bartzelona), Catrin Wyn Edwards (Aberystwythko Unibertsitatea, Gales), Cor van de Mer (Fryske Akademie, Frisia), Oriol Amoros (Kataluniako Generalitat) eta Xabier Aierdi (Euskal Herriko Unibertsitatea)moduko hizlariak izango dira, besteak beste. Jardunaldia 09.30ean hasi eta 14.00etan bukatuko da.
</post>
<signature>

</signature>
<external_links>

</external_links>
<country>ES</country>
<main_image>http://s01.europapress.net/imagenes/estaticos/OpenGraph_EP_1024x512.jpg</main_image>
</document>
