<?xml version="1.0" encoding="UTF-8"?>
<document>
<type>mainstream</type>
<forum>http://ilmattino.it/CASERTA/</forum>
<forum_title>CASERTA Il Mattino | Il Mattino</forum_title>
<discussion_title>Riciclaggio per Zagaria, indagati sei funzionari e impiegati di banche nel Casertano</discussion_title>
<language>italian</language>
<gmt_offset></gmt_offset>
<topic_url>http://ilmattino.it/CASERTA/caserta/riciclaggio_michele_zagaria_indagati_funzionari_impiegati_banche_casertano-1725512.html</topic_url>
<topic_text>
Sei tra funzionari e impiegati di vari istituti di credito operanti nel Casertano indagati perché - secondo gli investigatori - avrebbero riciclato centinaia di migliaia di euro provenienti dalle attività illecite della cosca guidata dal boss Michele Zagaria: è il risvolto più rilevante dell&apos;inchiesta della Dda di Napoli sull&apos;ala più imprenditoriale del clan dei Casalesi, l&apos;ultimo anello di una catena di indagini che negli ultimi mesi ha portato in carcere politici e amministratori, tutti al servizio, secondo gli inquirenti, di Michele Zagaria e dei suoi fedelissimi. L&apos;indagine effettuata dai carabinieri del Ros, denominata Zenit, ha chiuso il cerchio indagando sui canali di riciclaggio usati dal clan di Zagaria, e scoprendo come gli addetti di alcune filiali di vari istituti bancari di comuni del Casertano fossero pronti ad aprire conti-correnti e linee di credito a persone riconducibili al clan, pur sapendo con chi stavano facendo affari; le società bancarie non risultano invece essere coinvolte.
I sei funzionari e impiegati indagati sono stati raggiunti questa mattina, con altre 10 persone, dall&apos;avviso di conclusione indagine per reati di concorso esterno in associazione mafiosa, riciclaggio e intestazione fittizia di beni con l&apos;aggravante mafiosa. Le ordinanze in carcere sono state invece emesse per i luogotenenti di Zagaria, quasi tutti già detenuti. Tra gli affari controllati, la gestione in vari comuni del Casertano di centri scommesse e internet point, nonché dell&apos;installazione in bar e locali delle slot machine, spesso modificate e prive di qualsiasi nulla osta e autorizzazione. I carabinieri guidati dal tenente colonnello Gianluca Piasentin hanno poi sequestrato beni mobili e immobili riconducibili agli indagati per 4 milioni di euro.
</topic_text>
<spam_score>0.00</spam_score>
<post_num>1</post_num>
<post_id>post-1</post_id>
<post_url>http://ilmattino.it/CASERTA/caserta/riciclaggio_michele_zagaria_indagati_funzionari_impiegati_banche_casertano-1725512.html</post_url>
<post_date>20160511</post_date>
<post_time>1153</post_time>
<username>ilmattino.it</username>
<post>
Sei tra funzionari e impiegati di vari istituti di credito operanti nel Casertano indagati perché - secondo gli investigatori - avrebbero riciclato centinaia di migliaia di euro provenienti dalle attività illecite della cosca guidata dal boss Michele Zagaria: è il risvolto più rilevante dell&apos;inchiesta della Dda di Napoli sull&apos;ala più imprenditoriale del clan dei Casalesi, l&apos;ultimo anello di una catena di indagini che negli ultimi mesi ha portato in carcere politici e amministratori, tutti al servizio, secondo gli inquirenti, di Michele Zagaria e dei suoi fedelissimi. L&apos;indagine effettuata dai carabinieri del Ros, denominata Zenit, ha chiuso il cerchio indagando sui canali di riciclaggio usati dal clan di Zagaria, e scoprendo come gli addetti di alcune filiali di vari istituti bancari di comuni del Casertano fossero pronti ad aprire conti-correnti e linee di credito a persone riconducibili al clan, pur sapendo con chi stavano facendo affari; le società bancarie non risultano invece essere coinvolte.
I sei funzionari e impiegati indagati sono stati raggiunti questa mattina, con altre 10 persone, dall&apos;avviso di conclusione indagine per reati di concorso esterno in associazione mafiosa, riciclaggio e intestazione fittizia di beni con l&apos;aggravante mafiosa. Le ordinanze in carcere sono state invece emesse per i luogotenenti di Zagaria, quasi tutti già detenuti. Tra gli affari controllati, la gestione in vari comuni del Casertano di centri scommesse e internet point, nonché dell&apos;installazione in bar e locali delle slot machine, spesso modificate e prive di qualsiasi nulla osta e autorizzazione. I carabinieri guidati dal tenente colonnello Gianluca Piasentin hanno poi sequestrato beni mobili e immobili riconducibili agli indagati per 4 milioni di euro.
</post>
<signature>

</signature>
<external_links>
<external_link>https://www.facebook.com/mattino.it</external_link>
</external_links>
<country>IT</country>
<main_image>http://ilmattino.it/photos/MED/55/12/1725512_zaga.jpg</main_image>
</document>
