<?xml version="1.0" encoding="UTF-8"?>
<document>
<type>mainstream</type>
<forum></forum>
<forum_title></forum_title>
<discussion_title>业内人士质疑博敏电子：大客户频繁变更不正常-千龙网·中国首都网</discussion_title>
<language>chinese</language>
<gmt_offset></gmt_offset>
<topic_url>http://finance.qianlong.com/2016/0512/601028.shtml</topic_url>
<topic_text>

“博敏电子主要从事手机线路板，这个行业竞争非常激烈，客户流失频繁。”有业内人士表示。沃特沃德就是其中之一，该公司2009年成立，2011年月出货量就达到了700万台，目前年出货量上亿台。 
从报表可见，在沃特沃德快速增长阶段，从博敏电子采购量颇大，2012年占博敏电子销售额7.31%，2013年增长到13.32%，但2014占比下降到8.28%，2015年上半年度跌出前五，双方交易额下滑至1697万元。 
就在沃特沃德订单衰减时，博京电子2014年出现在博敏电子经销商名单中，交易额占博敏电子同期销售额的4.94%，到2015年上半年占博敏电子销售收入的14.43%，和格力电器占比相当。 
在博敏电子2015年上半年应收账款前五客户中，博京电子排名第一，为4025万元，远超格力电器的2119万元和比亚迪的1857万元。 
对一个新出现的客户赊欠如此之多，背后原因证券时报记者已经揭开：博京电子并不是一般的经销商，而是博敏电子的一个营销中心。但是在IPO材料中，博敏电子并没有如实披露，在应收账款前五名披露项目中，有是否为关联方选项，博敏电子选填的为“否”。 
业内人士表示，在线路板行业出现很大的经销商只有一种可能，那就是手机方案解决商集中代理客户采购。客户包括经销商都需要很多年磨合和树立信任关系才敢大量供货。 
业内人士表示，博敏电子为国内线路板行业第二梯队中比较出色的公司，但是，最近三年来PCB行业增长放缓，从双位数增长变成个位数增长，去年上半年行业一度景气，但下半年下滑厉害，今年一季度依然不佳，行业内公司业绩情况都不会太好。 责任编辑： 傅昱佳（QF0007） 作者： 余胜良 相关阅读 
</topic_text>
<spam_score>0.00</spam_score>
<post_num>1</post_num>
<post_id>post-1</post_id>
<post_url>http://finance.qianlong.com/2016/0512/601028.shtml</post_url>
<post_date>20160512</post_date>
<post_time></post_time>
<username></username>
<post>

“博敏电子主要从事手机线路板，这个行业竞争非常激烈，客户流失频繁。”有业内人士表示。沃特沃德就是其中之一，该公司2009年成立，2011年月出货量就达到了700万台，目前年出货量上亿台。 
从报表可见，在沃特沃德快速增长阶段，从博敏电子采购量颇大，2012年占博敏电子销售额7.31%，2013年增长到13.32%，但2014占比下降到8.28%，2015年上半年度跌出前五，双方交易额下滑至1697万元。 
就在沃特沃德订单衰减时，博京电子2014年出现在博敏电子经销商名单中，交易额占博敏电子同期销售额的4.94%，到2015年上半年占博敏电子销售收入的14.43%，和格力电器占比相当。 
在博敏电子2015年上半年应收账款前五客户中，博京电子排名第一，为4025万元，远超格力电器的2119万元和比亚迪的1857万元。 
对一个新出现的客户赊欠如此之多，背后原因证券时报记者已经揭开：博京电子并不是一般的经销商，而是博敏电子的一个营销中心。但是在IPO材料中，博敏电子并没有如实披露，在应收账款前五名披露项目中，有是否为关联方选项，博敏电子选填的为“否”。 
业内人士表示，在线路板行业出现很大的经销商只有一种可能，那就是手机方案解决商集中代理客户采购。客户包括经销商都需要很多年磨合和树立信任关系才敢大量供货。 
业内人士表示，博敏电子为国内线路板行业第二梯队中比较出色的公司，但是，最近三年来PCB行业增长放缓，从双位数增长变成个位数增长，去年上半年行业一度景气，但下半年下滑厉害，今年一季度依然不佳，行业内公司业绩情况都不会太好。 责任编辑： 傅昱佳（QF0007） 作者： 余胜良 相关阅读 
</post>
<signature>

</signature>
<external_links>

</external_links>
<country>CN</country>
<main_image></main_image>
</document>
