<?xml version="1.0" encoding="UTF-8"?>
<document>
<type>mainstream</type>
<forum>http://www.motorsport.com/etc/rss.asp?N=25&amp;S=F1</forum>
<forum_title>Motorsport.com - Formula 1 - Stories</forum_title>
<discussion_title>Daniil Kvyat, ready for more Scuderia Toro Rosso !!!</discussion_title>
<language>english</language>
<gmt_offset></gmt_offset>
<topic_url>http://www.motorsport.com/f1/news/daniil-kvyat-ready-for-more-scuderia-toro-rosso-735615/</topic_url>
<topic_text>
Daniil Kvyat, ready for more Scuderia Toro Rosso !!! 683 views 12/05/2016 03:28 STR are confident that duo will push each other on and off track! 
Scuderia Toro Rosso start the European season with a new driver line-up, as Daniil Kvyat comes back to where his F1 career started in 2014, to race alongside Carlos Sainz from the Spanish GP onwards. It’s a pairing with a bit of history together, therefore STR are confident this duo will push each other on and off track! Daniil Kvyat 
&quot;The Barcelona track is one I know well as I&apos;ve tested there many times since I was a kid. Turn 1 is a good spot for overtakes, while Turn 3 is a long, endless corner. I like Turn 9 as it&apos;s the fastest corner here, I&apos;d say it&apos;s my favourite of this track. The last sector is quite twisty, slow and requires a lot of technique. I have to say that, even though we know this circuit inside out, it&apos;s not an easy one as its very set-up dependent. 
You need to really be able to set-up your car in a nice way and get a good compromise between high and low speed, slow and fast sections as well as deciding how you want your car to be behaving regarding oversteer and understeer... So whoever manages to do this the best will have a good race, but it&apos;s always a challenge. As a city, I really like Barcelona. I lived nearby for half a year and I really like this part of the world and Spain in general. I also think that because I speak Spanish it helps and it means people can support and talk to me, which is always nice.&quot; Carlos Sainz Jr. 
“What stands out for me the most during the whole weekend in Spain is the amazing crowd that we have there, as they never stop cheering for the Spanish drivers, it&apos;s an incredible feeling. My favourite memory from last year is driving down the main straight after my quali lap and seeing so many happy people celebrating my P5 with me. I have to say that I was smiling during the whole of that in-lap and it&apos;s a moment I will never forget! We know the circuit&apos;s layout very well, as we&apos;ve spent many test days there. Turn 1 reminds me of my battle with Kvyat last year for P9 and finally getting past him at that point of the track. I&apos;d say Turn 3 is quite a challenge as it&apos;s close to flat and you also have to take the wind direction into consideration a bit. 
I recall overtaking Hulkenberg, Raikkonen and Massa around the outside there – it&apos;s incredible to be side by side at around 260km/h, knowing that if you touch, your race ends there! Turns 4 and 5 are corners where it&apos;s easy to front-lock. I enjoy Turn 9 as it&apos;s the fastest corner of the track and going through here during qualifying last year felt amazing! During the last sector it&apos;s important to keep the tyres alive – especially the rears – and as you approach the straight and you get to Turn 16 you always experience massive oversteer as it&apos;s close to flat. I can&apos;t wait for my home Grand Prix to get started!&quot; 
Scuderia Toro Rosso
</topic_text>
<spam_score>0.00</spam_score>
<post_num>1</post_num>
<post_id>post-1</post_id>
<post_url>http://www.motorsport.com/f1/news/daniil-kvyat-ready-for-more-scuderia-toro-rosso-735615/</post_url>
<post_date>20160512</post_date>
<post_time>1528</post_time>
<username></username>
<post>
Daniil Kvyat, ready for more Scuderia Toro Rosso !!! 683 views 12/05/2016 03:28 STR are confident that duo will push each other on and off track! 
Scuderia Toro Rosso start the European season with a new driver line-up, as Daniil Kvyat comes back to where his F1 career started in 2014, to race alongside Carlos Sainz from the Spanish GP onwards. It’s a pairing with a bit of history together, therefore STR are confident this duo will push each other on and off track! Daniil Kvyat 
&quot;The Barcelona track is one I know well as I&apos;ve tested there many times since I was a kid. Turn 1 is a good spot for overtakes, while Turn 3 is a long, endless corner. I like Turn 9 as it&apos;s the fastest corner here, I&apos;d say it&apos;s my favourite of this track. The last sector is quite twisty, slow and requires a lot of technique. I have to say that, even though we know this circuit inside out, it&apos;s not an easy one as its very set-up dependent. 
You need to really be able to set-up your car in a nice way and get a good compromise between high and low speed, slow and fast sections as well as deciding how you want your car to be behaving regarding oversteer and understeer... So whoever manages to do this the best will have a good race, but it&apos;s always a challenge. As a city, I really like Barcelona. I lived nearby for half a year and I really like this part of the world and Spain in general. I also think that because I speak Spanish it helps and it means people can support and talk to me, which is always nice.&quot; Carlos Sainz Jr. 
“What stands out for me the most during the whole weekend in Spain is the amazing crowd that we have there, as they never stop cheering for the Spanish drivers, it&apos;s an incredible feeling. My favourite memory from last year is driving down the main straight after my quali lap and seeing so many happy people celebrating my P5 with me. I have to say that I was smiling during the whole of that in-lap and it&apos;s a moment I will never forget! We know the circuit&apos;s layout very well, as we&apos;ve spent many test days there. Turn 1 reminds me of my battle with Kvyat last year for P9 and finally getting past him at that point of the track. I&apos;d say Turn 3 is quite a challenge as it&apos;s close to flat and you also have to take the wind direction into consideration a bit. 
I recall overtaking Hulkenberg, Raikkonen and Massa around the outside there – it&apos;s incredible to be side by side at around 260km/h, knowing that if you touch, your race ends there! Turns 4 and 5 are corners where it&apos;s easy to front-lock. I enjoy Turn 9 as it&apos;s the fastest corner of the track and going through here during qualifying last year felt amazing! During the last sector it&apos;s important to keep the tyres alive – especially the rears – and as you approach the straight and you get to Turn 16 you always experience massive oversteer as it&apos;s close to flat. I can&apos;t wait for my home Grand Prix to get started!&quot; 
Scuderia Toro Rosso
</post>
<signature>

</signature>
<external_links>

</external_links>
<country>US</country>
<main_image>http://cdn-3.motorsport.com/images/amp/YPbA3N80/s6/f1-spanish-gp-2016-l-to-r-carlos-sainz-jr-scuderia-toro-rosso-with-team-mate-daniil-kvyat.jpg</main_image>
</document>
