<?xml version="1.0" encoding="UTF-8"?>
<document>
<type>mainstream</type>
<forum></forum>
<forum_title></forum_title>
<discussion_title>&quot;Kuin kiiltävä Jaguar kesäisessä maisemassa&quot; – Ile Kallio Big Rock Bandilta uusi video ja levyjulkistus - Soundi.fi</discussion_title>
<language>finnish</language>
<gmt_offset></gmt_offset>
<topic_url>http://www.soundi.fi/uutiset/ile-kallio-big-rock-band-palaa-uudella-videolla-ja-pian-myos-levylla/</topic_url>
<topic_text>
seuraava juttu → Ile ja kumppanit iskussa. Kuva: Kaappaus I Feel Love -videolta 
Viime vuonna kovasti pidetyn Shook Up -albumidebyyttinsä julkaissut Ile Kallio Big Rock Band palaa täten virtuaalinäyttämölle tuoreen materiaalin kera. 
Hienoisia uudistuksiakin kokeneen kokoonpanon kakkoslevyn ensimmäinen single on kesäisesti kruisaileva I Feel Love : 
– I Feel Love rullaa voimakkaasti kuin kiiltävä Jaguar kesäisessä maisemassa. Aurinko lämmittää ja tyttö hymyilee. Mitään ei puutu. Tulevan albumin ensijulkaisu antaa viitteitä musasta, joka ei tule jättämään kylmäksi. Rock on vahvaa ja omaa, maestro Kallio kuvailee yhtyeensä uutta materiaalia. 
Kokoonpanon syyskuussa julkaistavalla, vielä nimeämättömällä kakkospitkäsoitolla torvisektio on vaihtunut yhteen puhaltajaan. 
– Kun kirjoitimme uutta materiaalia, ei siellä kuultu torvisektiota, vaan yksittäistä fonia. Näin päädyttiin tähän saundikuvaan. Bändin klangi muuttuu, mutta voima ei vähene! 
Ile poppoineen suuntaa myös uutta albumia tukevalle kiertueelle syksyllä. Sitä ennen ryhmän voi bongata livelavoilta seuraavasti: 
4.5. Turku, M/S Viking Grace 5.5. Sto-Tku, M/S Viking Grace 17.6. Tampere, Mustalahden Satama 
</topic_text>
<spam_score>0.00</spam_score>
<post_num>1</post_num>
<post_id>post-1</post_id>
<post_url>http://www.soundi.fi/uutiset/ile-kallio-big-rock-band-palaa-uudella-videolla-ja-pian-myos-levylla/</post_url>
<post_date>20160512</post_date>
<post_time></post_time>
<username>Eero Tarmo</username>
<post>
seuraava juttu → Ile ja kumppanit iskussa. Kuva: Kaappaus I Feel Love -videolta 
Viime vuonna kovasti pidetyn Shook Up -albumidebyyttinsä julkaissut Ile Kallio Big Rock Band palaa täten virtuaalinäyttämölle tuoreen materiaalin kera. 
Hienoisia uudistuksiakin kokeneen kokoonpanon kakkoslevyn ensimmäinen single on kesäisesti kruisaileva I Feel Love : 
– I Feel Love rullaa voimakkaasti kuin kiiltävä Jaguar kesäisessä maisemassa. Aurinko lämmittää ja tyttö hymyilee. Mitään ei puutu. Tulevan albumin ensijulkaisu antaa viitteitä musasta, joka ei tule jättämään kylmäksi. Rock on vahvaa ja omaa, maestro Kallio kuvailee yhtyeensä uutta materiaalia. 
Kokoonpanon syyskuussa julkaistavalla, vielä nimeämättömällä kakkospitkäsoitolla torvisektio on vaihtunut yhteen puhaltajaan. 
– Kun kirjoitimme uutta materiaalia, ei siellä kuultu torvisektiota, vaan yksittäistä fonia. Näin päädyttiin tähän saundikuvaan. Bändin klangi muuttuu, mutta voima ei vähene! 
Ile poppoineen suuntaa myös uutta albumia tukevalle kiertueelle syksyllä. Sitä ennen ryhmän voi bongata livelavoilta seuraavasti: 
4.5. Turku, M/S Viking Grace 5.5. Sto-Tku, M/S Viking Grace 17.6. Tampere, Mustalahden Satama 
</post>
<signature>

</signature>
<external_links>

</external_links>
<country>GB</country>
<main_image>http://www.soundi.fi/wp-content/uploads/2016/05/ilekalliobigrockband_ifeellovevideoscreen-e1463030950937.jpg</main_image>
</document>
