<?xml version="1.0" encoding="UTF-8"?>
<document>
<type>mainstream</type>
<forum></forum>
<forum_title></forum_title>
<discussion_title>お話 - 2016/05/13 01:19Start - Niconico Live</discussion_title>
<language>english</language>
<gmt_offset></gmt_offset>
<topic_url>http://live.nicovideo.jp/watch/lv262929613</topic_url>
<topic_text>
widget link 
If you copy and paste the following code to your blog, etc., program information will be displayed. &lt;iframe width=&quot;312&quot; height=&quot;176&quot; src=&quot;http://live.nicovideo.jp/embed/lv262929613&quot; scrolling=&quot;no&quot; style=&quot;border:solid 1px #d0d0d0; background-color: #f6f6f6;&quot; frameborder=&quot;0&quot;&gt;&lt;a href=&quot;http://live.nicovideo.jp/watch/lv262929613&quot;&gt;お話&lt;/a&gt;&lt;/iframe&gt; 
If you copy and paste the following code on your site, program information will be displayed: &lt;a href=&quot;http://live.nicovideo.jp/watch/lv262929613&quot; target=&quot;_blank&quot;&gt;お話&lt;/a&gt; 
</topic_text>
<spam_score>0.00</spam_score>
<post_num>1</post_num>
<post_id>post-1</post_id>
<post_url>http://live.nicovideo.jp/watch/lv262929613</post_url>
<post_date>20160513</post_date>
<post_time></post_time>
<username>View This Community&apos;S Broadcast History</username>
<post>
widget link 
If you copy and paste the following code to your blog, etc., program information will be displayed. &lt;iframe width=&quot;312&quot; height=&quot;176&quot; src=&quot;http://live.nicovideo.jp/embed/lv262929613&quot; scrolling=&quot;no&quot; style=&quot;border:solid 1px #d0d0d0; background-color: #f6f6f6;&quot; frameborder=&quot;0&quot;&gt;&lt;a href=&quot;http://live.nicovideo.jp/watch/lv262929613&quot;&gt;お話&lt;/a&gt;&lt;/iframe&gt; 
If you copy and paste the following code on your site, program information will be displayed: &lt;a href=&quot;http://live.nicovideo.jp/watch/lv262929613&quot; target=&quot;_blank&quot;&gt;お話&lt;/a&gt; 
</post>
<signature>

</signature>
<external_links>

</external_links>
<country>JP</country>
<main_image>http://icon.nimg.jp/community/250/co2503797.jpg?1461078374</main_image>
</document>
