<?xml version="1.0" encoding="UTF-8"?>
<document>
<type>mainstream</type>
<forum>http://rssfeeds.wcsh6.com/_/20/109659798/wcsh/local</forum>
<forum_title>WCSH - Local</forum_title>
<discussion_title>Portland voted #1 small US city to...</discussion_title>
<language>english</language>
<gmt_offset></gmt_offset>
<topic_url>http://www.wcsh6.com/news/local/portland/portland-voted-1-small-us-city-to-spend-a-weekend-1/186376986</topic_url>
<topic_text>
Portland voted #1 small US city to spend a weekend NEWS CENTER , WCSH 4:30 AM. EST May 12, 2016 CONNECT TWEET LINKEDIN GOOGLE+ PINTEREST 
(NEWS CENTER) -- According to an article on Thrillist.com, Portland has been voted as the #1 place in America to spend a weekend. 
Their &quot;best of&quot; list was primarily driven by diverse dining options. Their contributor, Evan Caprari, showed the most support for places like: 
Eventide
</topic_text>
<spam_score>0.00</spam_score>
<post_num>1</post_num>
<post_id>post-1</post_id>
<post_url>http://www.wcsh6.com/news/local/portland/portland-voted-1-small-us-city-to-spend-a-weekend-1/186376986</post_url>
<post_date>20160512</post_date>
<post_time>0930</post_time>
<username></username>
<post>
Portland voted #1 small US city to spend a weekend NEWS CENTER , WCSH 4:30 AM. EST May 12, 2016 CONNECT TWEET LINKEDIN GOOGLE+ PINTEREST 
(NEWS CENTER) -- According to an article on Thrillist.com, Portland has been voted as the #1 place in America to spend a weekend. 
Their &quot;best of&quot; list was primarily driven by diverse dining options. Their contributor, Evan Caprari, showed the most support for places like: 
Eventide
</post>
<signature>

</signature>
<external_links>

</external_links>
<country>US</country>
<main_image>http://content.wcsh6.com/photo/2016/05/12/2Q%3D%3D_1463045309877_2231280_ver1.0_640_360.jpg</main_image>
</document>
