<?xml version="1.0" encoding="UTF-8"?>
<document>
<type>mainstream</type>
<forum></forum>
<forum_title></forum_title>
<discussion_title>大红门商圈改造看齐王府井 绿化道路设施两年内完成升级-千龙网·中国首都网</discussion_title>
<language>chinese</language>
<gmt_offset></gmt_offset>
<topic_url>http://finance.qianlong.com/2016/0512/601856.shtml</topic_url>
<topic_text>

大红门地区交通混乱、小店林立的状况将得到改善，市民再去购物将享受到和王府井商圈一样的环境。记者昨天获悉，大红门疏解综合整治关停取缔证照不全门店工作正式启动，涉及大红门地区332家门店。昨天，一家餐馆和一家足疗城被关停。今明两年，大红门地区将参照王府井等商圈标准，开展交通设施等方面的市容整体改造。 
在大红门地铁C出口西南侧，苗圃东里2号楼底层经营着几家小门店。最北侧是一家面馆。丰台区食药监局副局长贾琦介绍说，在摸排过程中发现这家饭店没有餐饮服务许可证，多次对他下达了责令整改通知书，但餐馆一直拒不整改，也不停业。 
昨天上午11点，大红门疏解办、丰台食药监局、工商、城管、公安等部门近40名执法人员来到这家小饭店。经询问，服务人员健康证、经营证照等都不齐全。丰台区食药监局的执法人员当场对这家餐馆开具查封（扣押）决定书，并扣押其经营物品，依法强制关停。昨天下午，一家没有营业执照的康体足疗城也被关停。 
据介绍，大红门地区自3月31日启动综合整治以来，已拆除楼体外大型广告、门头广告以及其他类广告牌匾等近1400块。 
近日，大红门综合整治工作组对南苑路、大红门路近6公里道路两侧的商市场和小门店进行了逐一摸排。两条路两侧还有大型商市场25家，小门店650家，其中证照不全的332家。南苑路和大红门路两侧小门店主要集中在餐饮和服装制版业，餐饮业占了6成。这332家证照不全的小门店中，9成以上营业面积在30平方米以下。 
5月上旬，综合整治继续拆除、关停广告牌匾和证照不全违规门店，5月下旬拆除小门店所在违法建设，对开墙打洞门脸围栏封堵。之后将开展整体市容改造。南苑路和大红门路整体市容改造方案正在制定中，大红门地区市容将按照王府井等商圈的标准，对绿化、广告牌匾、外立面、道路交通设施等进行升级改造，今明两年内完成。 责任编辑： 傅昱佳（QF0007） 作者： 韩娜 相关阅读 
</topic_text>
<spam_score>0.00</spam_score>
<post_num>1</post_num>
<post_id>post-1</post_id>
<post_url>http://finance.qianlong.com/2016/0512/601856.shtml</post_url>
<post_date>20160512</post_date>
<post_time></post_time>
<username></username>
<post>

大红门地区交通混乱、小店林立的状况将得到改善，市民再去购物将享受到和王府井商圈一样的环境。记者昨天获悉，大红门疏解综合整治关停取缔证照不全门店工作正式启动，涉及大红门地区332家门店。昨天，一家餐馆和一家足疗城被关停。今明两年，大红门地区将参照王府井等商圈标准，开展交通设施等方面的市容整体改造。 
在大红门地铁C出口西南侧，苗圃东里2号楼底层经营着几家小门店。最北侧是一家面馆。丰台区食药监局副局长贾琦介绍说，在摸排过程中发现这家饭店没有餐饮服务许可证，多次对他下达了责令整改通知书，但餐馆一直拒不整改，也不停业。 
昨天上午11点，大红门疏解办、丰台食药监局、工商、城管、公安等部门近40名执法人员来到这家小饭店。经询问，服务人员健康证、经营证照等都不齐全。丰台区食药监局的执法人员当场对这家餐馆开具查封（扣押）决定书，并扣押其经营物品，依法强制关停。昨天下午，一家没有营业执照的康体足疗城也被关停。 
据介绍，大红门地区自3月31日启动综合整治以来，已拆除楼体外大型广告、门头广告以及其他类广告牌匾等近1400块。 
近日，大红门综合整治工作组对南苑路、大红门路近6公里道路两侧的商市场和小门店进行了逐一摸排。两条路两侧还有大型商市场25家，小门店650家，其中证照不全的332家。南苑路和大红门路两侧小门店主要集中在餐饮和服装制版业，餐饮业占了6成。这332家证照不全的小门店中，9成以上营业面积在30平方米以下。 
5月上旬，综合整治继续拆除、关停广告牌匾和证照不全违规门店，5月下旬拆除小门店所在违法建设，对开墙打洞门脸围栏封堵。之后将开展整体市容改造。南苑路和大红门路整体市容改造方案正在制定中，大红门地区市容将按照王府井等商圈的标准，对绿化、广告牌匾、外立面、道路交通设施等进行升级改造，今明两年内完成。 责任编辑： 傅昱佳（QF0007） 作者： 韩娜 相关阅读 
</post>
<signature>

</signature>
<external_links>

</external_links>
<country>CN</country>
<main_image></main_image>
</document>
