<?xml version="1.0" encoding="UTF-8"?>
<document>
<type>mainstream</type>
<forum></forum>
<forum_title></forum_title>
<discussion_title>Giant sinkhole swallows car in London | Fox News</discussion_title>
<language>english</language>
<gmt_offset></gmt_offset>
<topic_url>http://www.foxnews.com/leisure/2016/05/12/car-swallowed-by-giant-sinkhole-in-london/</topic_url>
<topic_text>
Giant sinkhole swallows car in London Published May 12, 2016 (Greenwich MPS) 
The streets of Greenwich can be mean. 
A 20-foot-deep sinkhole swallowed a car in the middle of the night on May 12th in the South London district. This is the incident we are currently dealing with in Woodland Terrace SE7. 348RG pic.twitter.com/6FdT21zBSV 
— Greenwich MPS (@MPSGreenwich) May 12, 2016 
No one was injured when the blue Vauxhall Zafira crossover fell into the hole, but things could’ve been worse. The car was caught and left precariously balanced on an old pipe crossing the chasm part way down. CHARLTON update: That’s a deep one. Saved by the pipe! #WoodlandTerrace Pic Graham Alger pic.twitter.com/2Pwlo61SkX 
— Kent 999s (@Kent_999s) May 12, 2016 
It turns out its owner was nonplussed by the incident. Mr Ahmadzai said he woke up at 4am. Saw the car. Saw the hole. Went back to sleep. &quot;Nothing I could do&quot; he tells @PA . 
— Joe Nerssessian (@joenerssessian) May 12, 2016 
Police don’t yet know what caused the earth to open up, but were able to retrieve the car without causing additional damage by using a crane. — Joe Nerssessian (@joenerssessian) May 12, 2016 

</topic_text>
<spam_score>0.00</spam_score>
<post_num>1</post_num>
<post_id>post-1</post_id>
<post_url>http://www.foxnews.com/leisure/2016/05/12/car-swallowed-by-giant-sinkhole-in-london/</post_url>
<post_date>20160512</post_date>
<post_time></post_time>
<username></username>
<post>
Giant sinkhole swallows car in London Published May 12, 2016 (Greenwich MPS) 
The streets of Greenwich can be mean. 
A 20-foot-deep sinkhole swallowed a car in the middle of the night on May 12th in the South London district. This is the incident we are currently dealing with in Woodland Terrace SE7. 348RG pic.twitter.com/6FdT21zBSV 
— Greenwich MPS (@MPSGreenwich) May 12, 2016 
No one was injured when the blue Vauxhall Zafira crossover fell into the hole, but things could’ve been worse. The car was caught and left precariously balanced on an old pipe crossing the chasm part way down. CHARLTON update: That’s a deep one. Saved by the pipe! #WoodlandTerrace Pic Graham Alger pic.twitter.com/2Pwlo61SkX 
— Kent 999s (@Kent_999s) May 12, 2016 
It turns out its owner was nonplussed by the incident. Mr Ahmadzai said he woke up at 4am. Saw the car. Saw the hole. Went back to sleep. &quot;Nothing I could do&quot; he tells @PA . 
— Joe Nerssessian (@joenerssessian) May 12, 2016 
Police don’t yet know what caused the earth to open up, but were able to retrieve the car without causing additional damage by using a crane. — Joe Nerssessian (@joenerssessian) May 12, 2016 

</post>
<signature>

</signature>
<external_links>

</external_links>
<country>IT</country>
<main_image>http://a57.foxnews.com/global.fncstatic.com/static/managed/img/Leisure/2009/0/0/greenwich-pothole-876.jpg</main_image>
</document>
