<?xml version="1.0" encoding="UTF-8"?>
<document>
<type>mainstream</type>
<forum>http://tudocelular.com//feed/</forum>
<forum_title>Tudocelular.com</forum_title>
<discussion_title>ZTE Nubia Z11 e Z11 Max passam pelo TENAA com corpo metálico e hardware intermediário</discussion_title>
<language>portuguese</language>
<gmt_offset></gmt_offset>
<topic_url>http://www.tudocelular.com/android/noticias/n71774/zte-nubia-z11-e-max-tenaa-china.html</topic_url>
<topic_text>
0 Smartphone Tablet Modding 
ZTE tem apresentado vários dispositivos interessantes nos últimos meses, conseguindo chamar a atenção dos usuários e crítica especializada mesmo no já saturado mercado de smartphones Android. Agora, surgem informações sobre dois novos modelos da empresa taiwanesa que podem ser anunciados nas próximas semanas, sendo ambos voltados para o mercado intermediário, porém com algumas diferenças entre si. 
O modelo mais simples dos dois possui tela de 5,5 polegadas com resolução Full HD, contando com um bom aproveitamento frontal que disfarça um pouco o seu enorme display. Por outro lado, a presença de um botão home capacitivo faz com que suas bordas superior e inferior sejam ligeiramente maiores do que muita gente gostaria, deixando-o com um visual similar ao que temos nos iPhones da Apple. Em sua parte traseira podemos destacar a presença de um anel vermelho ao redor de sua câmera, além do leitor de impressões digitais circular posicionado mais ao centro. 
ções técnicas incluem: ção Full HD (1080 x 1920 pixels) áximo em 1,5 GHz ço para armazenamento interno, expansível via cartão microSD de até 200 GB âmera principal de 16 megapixels âmera frontal de 8 megapixels ões digitais ões de 151.8 x 72.3 x 7.75 mm ópria ZTE 
A versão maior da linha Nubia Z11 conta com tela de 6 polegadas com a mesma resolução de seu irmão diminuto, porém suas bordas inferior e superior são menores, garantindo um aproveitamento frontal superior. Devido a isto, temos uma diferença muito pequena nas dimensões de ambos os aparelhos, o que significa que os usuários que optarem pelo Z11 Max terão um display consideravelmente maior, mas sem precisarem se desdobrar tanto para carregá-lo por ai. Sua parte traseira também conta com algumas mudanças, tendo sua câmera posicionada acima do leitor de impressões digitais ao invés de no canto superior esquerdo. 
Suas principais especificações técnicas são: Tela de 6 polegadas com resolução Full HD (1080 x 1920 pixels) Chipset Qualcomm Snapdragon 652 64-bit Octa-Core com clock máximo em 1,8 GHz GPU Adreno 510 64 GB de espaço para armazenamento interno, expansível via cartão microSD de até 200 GB Câmera principal de 16 megapixels Câmera frontal de 8 megapixels Leitor de impressões digitais Dimensões de 159.15 x 82.25 x 7.4 mm Peso de 138 gramas Android 5.1.1 Lollipop com interface MiFlavor UI da própria ZTE 
Não foram reveladas informações sobre preço ou disponibilidade dos aparelhos, porém relatos anteriores do próprio CEO da ZTE apontam para uma venda internacional ao menos para o modelo menor, indicando assim que ele poderá chegar a alguns países do ocidente. Como a ZTE não costuma trazer seus smartphones topo de linha ao Brasil, contudo, as chances de o vermos por aqui são bastante remotas, restando aguardarmos que a taiwanesa apresente oficialmente os novos Nubia Z11 e Nubia Z11 Max para sabermos todos os detalhes a respeito.
</topic_text>
<spam_score>0.00</spam_score>
<post_num>1</post_num>
<post_id>post-1</post_id>
<post_url>http://www.tudocelular.com/android/noticias/n71774/zte-nubia-z11-e-max-tenaa-china.html</post_url>
<post_date>20160512</post_date>
<post_time>0940</post_time>
<username>Tudocelular.com</username>
<post>
0 Smartphone Tablet Modding 
ZTE tem apresentado vários dispositivos interessantes nos últimos meses, conseguindo chamar a atenção dos usuários e crítica especializada mesmo no já saturado mercado de smartphones Android. Agora, surgem informações sobre dois novos modelos da empresa taiwanesa que podem ser anunciados nas próximas semanas, sendo ambos voltados para o mercado intermediário, porém com algumas diferenças entre si. 
O modelo mais simples dos dois possui tela de 5,5 polegadas com resolução Full HD, contando com um bom aproveitamento frontal que disfarça um pouco o seu enorme display. Por outro lado, a presença de um botão home capacitivo faz com que suas bordas superior e inferior sejam ligeiramente maiores do que muita gente gostaria, deixando-o com um visual similar ao que temos nos iPhones da Apple. Em sua parte traseira podemos destacar a presença de um anel vermelho ao redor de sua câmera, além do leitor de impressões digitais circular posicionado mais ao centro. 
ções técnicas incluem: ção Full HD (1080 x 1920 pixels) áximo em 1,5 GHz ço para armazenamento interno, expansível via cartão microSD de até 200 GB âmera principal de 16 megapixels âmera frontal de 8 megapixels ões digitais ões de 151.8 x 72.3 x 7.75 mm ópria ZTE 
A versão maior da linha Nubia Z11 conta com tela de 6 polegadas com a mesma resolução de seu irmão diminuto, porém suas bordas inferior e superior são menores, garantindo um aproveitamento frontal superior. Devido a isto, temos uma diferença muito pequena nas dimensões de ambos os aparelhos, o que significa que os usuários que optarem pelo Z11 Max terão um display consideravelmente maior, mas sem precisarem se desdobrar tanto para carregá-lo por ai. Sua parte traseira também conta com algumas mudanças, tendo sua câmera posicionada acima do leitor de impressões digitais ao invés de no canto superior esquerdo. 
Suas principais especificações técnicas são: Tela de 6 polegadas com resolução Full HD (1080 x 1920 pixels) Chipset Qualcomm Snapdragon 652 64-bit Octa-Core com clock máximo em 1,8 GHz GPU Adreno 510 64 GB de espaço para armazenamento interno, expansível via cartão microSD de até 200 GB Câmera principal de 16 megapixels Câmera frontal de 8 megapixels Leitor de impressões digitais Dimensões de 159.15 x 82.25 x 7.4 mm Peso de 138 gramas Android 5.1.1 Lollipop com interface MiFlavor UI da própria ZTE 
Não foram reveladas informações sobre preço ou disponibilidade dos aparelhos, porém relatos anteriores do próprio CEO da ZTE apontam para uma venda internacional ao menos para o modelo menor, indicando assim que ele poderá chegar a alguns países do ocidente. Como a ZTE não costuma trazer seus smartphones topo de linha ao Brasil, contudo, as chances de o vermos por aqui são bastante remotas, restando aguardarmos que a taiwanesa apresente oficialmente os novos Nubia Z11 e Nubia Z11 Max para sabermos todos os detalhes a respeito.
</post>
<signature>

</signature>
<external_links>

</external_links>
<country>US</country>
<main_image>http://i2.tudocdn.net/img/type28/width646/height284/id131708_1.jpg</main_image>
</document>
