<?xml version="1.0" encoding="UTF-8"?>
<document>
<type>mainstream</type>
<forum>http://www.sportspyder.com/rss/teams/all/mlb/astros/index.xml</forum>
<forum_title>SportSpyder.com - The Latest Houston Astros News</forum_title>
<discussion_title>[Houston Chronicle: Ultimate Astros] - MLB and Chevrolet renew partnership with multiyear deal</discussion_title>
<language>english</language>
<gmt_offset></gmt_offset>
<topic_url>http://sportspyder.com/teams/houston-astros/articles/18171975</topic_url>
<topic_text>
 
</topic_text>
<spam_score>0.00</spam_score>
<post_num>1</post_num>
<post_id>post-1</post_id>
<post_url>http://sportspyder.com/teams/houston-astros/articles/18171975</post_url>
<post_date>20160512</post_date>
<post_time>1410</post_time>
<username></username>
<post>
 
</post>
<signature>

</signature>
<external_links>

</external_links>
<country>US</country>
<main_image>http://sportspyder.com/assets/common/logo_hi.png</main_image>
</document>
