<?xml version="1.0" encoding="UTF-8"?>
<document>
<type>mainstream</type>
<forum>http://wn.com/gar forman?upload_time=all_time&amp;orderby=relevance</forum>
<forum_title>Gar Forman</forum_title>
<discussion_title>Tom Thibodeau proves to be bigger man in talking about the Bulls</discussion_title>
<language>english</language>
<gmt_offset>6</gmt_offset>
<topic_url>http://article.wn.com/view/2016/04/27/Tom_Thibodeau_proves_to_be_bigger_man_in_talking_about_the_B/</topic_url>
<topic_text>
MINNEAPOLIS – A newly inked five-year, $50 million deal can build a lot of things, including a high road.
Despite having the stage to finally speak his mind about a Bulls organization seemingly more intent on smearing his reputation
</topic_text>
<spam_score>0.00</spam_score>
<post_num>1</post_num>
<post_id>post-1</post_id>
<post_url>http://article.wn.com/view/2016/04/27/Tom_Thibodeau_proves_to_be_bigger_man_in_talking_about_the_B/</post_url>
<post_date>20160427</post_date>
<post_time></post_time>
<username>wn.com</username>
<post>
MINNEAPOLIS – A newly inked five-year, $50 million deal can build a lot of things, including a high road.
Despite having the stage to finally speak his mind about a Bulls organization seemingly more intent on smearing his reputation
</post>
<signature>

</signature>
<external_links>

</external_links>
<country>GB</country>
<main_image>http://i.ytimg.com/vi/QFxgNfjlVf8/0.jpg</main_image>
</document>
