<?xml version="1.0" encoding="UTF-8"?>
<document>
<type>mainstream</type>
<forum></forum>
<forum_title></forum_title>
<discussion_title>Using Lemony Snicket In Vocab Lessons by Carli Penrod on Prezi</discussion_title>
<language>english</language>
<gmt_offset></gmt_offset>
<topic_url>https://prezi.com/rgr9m1k8gzgu/using-lemony-snicket-in-vocab-lessons/</topic_url>
<topic_text>
Invited audience members will follow you as you navigate and present People invited to a presentation do not need a Prezi account This link expires 10 minutes after you close the presentation A maximum of 30 users can follow your presentation Learn more about this feature in our knowledge base article Do you really want to delete this prezi? 
Neither you, nor the coeditors you shared it with will be able to recover it again. Make your likes visible on Facebook? Connect your Facebook account to Prezi and let your likes appear on your timeline. You can change this under Settings &amp; Account at any time. 
</topic_text>
<spam_score>0.00</spam_score>
<post_num>1</post_num>
<post_id>post-1</post_id>
<post_url>https://prezi.com/rgr9m1k8gzgu/using-lemony-snicket-in-vocab-lessons/</post_url>
<post_date>20131008</post_date>
<post_time></post_time>
<username></username>
<post>
Invited audience members will follow you as you navigate and present People invited to a presentation do not need a Prezi account This link expires 10 minutes after you close the presentation A maximum of 30 users can follow your presentation Learn more about this feature in our knowledge base article Do you really want to delete this prezi? 
Neither you, nor the coeditors you shared it with will be able to recover it again. Make your likes visible on Facebook? Connect your Facebook account to Prezi and let your likes appear on your timeline. You can change this under Settings &amp; Account at any time. 
</post>
<signature>

</signature>
<external_links>

</external_links>
<country>US</country>
<main_image>https://0701.static.prezi.com/preview/anuvyrjq2vw3utpg6ubh3o3md36jc3sachvcdoaizecfr3dnitcq_0_0.png</main_image>
</document>
