<?xml version="1.0" encoding="UTF-8"?>
<document>
<type>mainstream</type>
<forum>http://www.youm7.com/سياسة-319</forum>
<forum_title>سياسة | اليوم السابع</forum_title>
<discussion_title>النائبة مى محمود: اتفقنا مع الوفود البرلمانية الإفريقية على تدشين 30 جمعية صداقة</discussion_title>
<language>arabic</language>
<gmt_offset></gmt_offset>
<topic_url>http://www.youm7.com/story/2016/5/12/النائبة-مى-محمود--اتفقنا-مع-الوفود-البرلمانية-الإفريقية-على-/2715011</topic_url>
<topic_text>
قالت النائبة مى محمود، أمين سر لجنة الشئون الأفريقية، وعضو لجنة الزراعة والبيئة بالبرلمان الأفريقى، إنه تم عقد العديد من اللقاءات مع وفود البرلمان الأفريقية المشاركة فى جلسات البرلمان الأفريقى.
وأشارت أمين سر لجنة الشئون الأفريقية، فى تصريحات صحفية لها اليوم من جنوب افريقيا، إلى أنه تم تدشين جمعيات صداقة برلمانية بين البرلمان المصرى وبين البرلمان الأفريقية بهدف توطيد العلاقات بين مصر وكافة الدول الأفريقية.
وأوضحت عضو لجنة الزراعة والبيئة بالبرلمان الأفريقى، أن العرض لقى ترحيب من قبل البرلمان الأخرى، وتم الاتفاق بشكل مبدئى على أكثر من 30 جمعية صداقة برلمانية على أن تعرض ذلك على مجلس النواب عقب عودة الوفد المصرى من جنوب أفريقيا، للتصويت على الموافقة وبدء إجراءات التدشين الفعلى.
وتابعت: &quot;هذه الخطوات تأتى فى إطار خطة توطيد العلاقات مع كافة دول أفريقيا التى بدأها الرئيس عبدالفتاح السيسي، ثم الدكتور على عبدالعال رئيس مجلس النواب الذى حرص على زيارة برلمان جنوب أفريقيا فى وقت سابق&quot;.
موضوعات متعلقة..
- &quot;حاتم باشات&quot; يهدى رئيس البرلمان الإفريقى درع نادى هليوبوليس.. ويعده بزيارة النادى
</topic_text>
<spam_score>0.00</spam_score>
<post_num>1</post_num>
<post_id>post-1</post_id>
<post_url>http://www.youm7.com/story/2016/5/12/النائبة-مى-محمود--اتفقنا-مع-الوفود-البرلمانية-الإفريقية-على-/2715011</post_url>
<post_date>20160512</post_date>
<post_time>0622</post_time>
<username>youm7.com</username>
<post>
قالت النائبة مى محمود، أمين سر لجنة الشئون الأفريقية، وعضو لجنة الزراعة والبيئة بالبرلمان الأفريقى، إنه تم عقد العديد من اللقاءات مع وفود البرلمان الأفريقية المشاركة فى جلسات البرلمان الأفريقى.
وأشارت أمين سر لجنة الشئون الأفريقية، فى تصريحات صحفية لها اليوم من جنوب افريقيا، إلى أنه تم تدشين جمعيات صداقة برلمانية بين البرلمان المصرى وبين البرلمان الأفريقية بهدف توطيد العلاقات بين مصر وكافة الدول الأفريقية.
وأوضحت عضو لجنة الزراعة والبيئة بالبرلمان الأفريقى، أن العرض لقى ترحيب من قبل البرلمان الأخرى، وتم الاتفاق بشكل مبدئى على أكثر من 30 جمعية صداقة برلمانية على أن تعرض ذلك على مجلس النواب عقب عودة الوفد المصرى من جنوب أفريقيا، للتصويت على الموافقة وبدء إجراءات التدشين الفعلى.
وتابعت: &quot;هذه الخطوات تأتى فى إطار خطة توطيد العلاقات مع كافة دول أفريقيا التى بدأها الرئيس عبدالفتاح السيسي، ثم الدكتور على عبدالعال رئيس مجلس النواب الذى حرص على زيارة برلمان جنوب أفريقيا فى وقت سابق&quot;.
موضوعات متعلقة..
- &quot;حاتم باشات&quot; يهدى رئيس البرلمان الإفريقى درع نادى هليوبوليس.. ويعده بزيارة النادى
</post>
<signature>

</signature>
<external_links>
<external_link>http://adserver.adtech.de/adlink/3.0/1422/5999560/0/170/ADTECH;loc=300</external_link><external_link>https://twitter.com/intent/tweet?button_hashtag=Youm7&amp;text=النائبة</external_link><external_link>http://adserver.adtech.de/adserv/3.0/1422/5999560/0/170/ADTECH;loc=300</external_link>
</external_links>
<country>US</country>
<main_image>http://img.youm7.com/images/NewsPics/large/5201612141457561IMG_3842.jpg?v543</main_image>
</document>
