<?xml version="1.0" encoding="UTF-8"?>
<document>
<type>mainstream</type>
<forum>http://www.monitor.hr/rss</forum>
<forum_title>Monitor.hr</forum_title>
<discussion_title>U svijetu godišnje 56 milijuna pobačaja - svaka četvrta trudnoća prekinuta</discussion_title>
<language>croatian</language>
<gmt_offset></gmt_offset>
<topic_url>http://www.monitor.hr/vijesti/u-svijetu-godisnje-56-milijuna-pobacaja-svaka-cetvrta-trudnoca-prekinuta/333573/</topic_url>
<topic_text>
Kad je kontracepcija tabu... U svijetu godišnje 56 milijuna pobačaja - svaka četvrta trudnoća prekinuta Svaka četvrta trudnoća završi pobačajem, odnosno u razdoblju od 2010. do 2014. svake se godine u svijetu obavilo 56 milijuna pobačaja, što je porast prema razdoblju 1990.-1994. kad je bilo 50 milijuna pobačaja, podaci su medicinskog časopisa Lancet . Broj pobačaja u razvijenim državama opada, zahvaljujući dostupnosti kontracepcije, dok u zemljama u razvoju stagnira. Dakle između 1990. i 2014. broj pobačaja u razvijenim zemljama smanjio se s 46 na 27 na 1000 žena u fertilnoj dobi, pri čemu najviše u istočnoj Europi - s 88 na 42. Najčešći su pobačaji u Latinskoj Americi - ondje svaka treća trudnoća završi abortusom. » Index , BBC Povezane vijesti
</topic_text>
<spam_score>0.00</spam_score>
<post_num>1</post_num>
<post_id>post-1</post_id>
<post_url>http://www.monitor.hr/vijesti/u-svijetu-godisnje-56-milijuna-pobacaja-svaka-cetvrta-trudnoca-prekinuta/333573/</post_url>
<post_date>20160512</post_date>
<post_time>1625</post_time>
<username></username>
<post>
Kad je kontracepcija tabu... U svijetu godišnje 56 milijuna pobačaja - svaka četvrta trudnoća prekinuta Svaka četvrta trudnoća završi pobačajem, odnosno u razdoblju od 2010. do 2014. svake se godine u svijetu obavilo 56 milijuna pobačaja, što je porast prema razdoblju 1990.-1994. kad je bilo 50 milijuna pobačaja, podaci su medicinskog časopisa Lancet . Broj pobačaja u razvijenim državama opada, zahvaljujući dostupnosti kontracepcije, dok u zemljama u razvoju stagnira. Dakle između 1990. i 2014. broj pobačaja u razvijenim zemljama smanjio se s 46 na 27 na 1000 žena u fertilnoj dobi, pri čemu najviše u istočnoj Europi - s 88 na 42. Najčešći su pobačaji u Latinskoj Americi - ondje svaka treća trudnoća završi abortusom. » Index , BBC Povezane vijesti
</post>
<signature>

</signature>
<external_links>

</external_links>
<country>HR</country>
<main_image>http://www.monitor.hr/date/2016/05/12/trudnoca20160512001.jpg</main_image>
</document>
