<?xml version="1.0" encoding="UTF-8"?>
<document>
<type>mainstream</type>
<forum>http://www.cbs8.com/category/307361/business-wire</forum>
<forum_title>Business Wire - CBS News 8 - San Diego, CA News Station - KFMB Channel 8</forum_title>
<discussion_title>Gurucul Names Steve Moscarelli Vice President of Sales to Tap Fa</discussion_title>
<language>english</language>
<gmt_offset></gmt_offset>
<topic_url>http://www.cbs8.com/story/31956667/gurucul-names-steve-moscarelli-vice-president-of-sales-to-tap-fast-growing-market-for-identity-based-security</topic_url>
<topic_text>
Proven Security Industry Executive will Build Team to Extend Company’s Lead in User Behavior Analytics and Identity Access Intelligence
LOS ANGELES --(BUSINESS WIRE) Gurucul , the user behavior analytics and identity access intelligence company, today announced the appointment of security industry veteran Steve Moscarelli as Vice President of Sales. For over 20 years, Steve has successfully led sales efforts for leading security vendors, including Check Point Software, Qualys, Sourcefire (Cisco), Port Authority (Websense) and startups Tufin Technologies and Attivo Networks.
“We’re extremely pleased that Steve has joined our executive management team as Vice President of Sales,” said Saryu Nayyar, CEO of Gurucul. “He has a proven track record for building high performance sales teams and consistently growing revenues for both established and startup security vendors. Steve’s leadership skills and C-level relationships will help Gurucul aggressively capture new market share based on our unique ability to both reduce a company’s identity attack surface and detect insider and account compromise threats across both on-premises and cloud infrastructures.”
Steve Moscarelli joined Gurucul from network security vendor Attivo Networks. As Vice President of Sales, he established Tufin Americas and grew the company’s customer base from eight to over 400. He has also held senior sales and channel management positions at Check Point Software, Qualys, Sourcefire (Cisco) and PortAuthority (Websense). Steve is a long time member of the Information Systems Security Association (ISSA), and currently serves as President of the New England chapter.
“The future of enterprise security will be based on using machine learning to detect threats across hybrid datacenter and cloud environments that appear to be legitimate behavior. The Gurucul user behavior analytics platform provides these advanced capabilities and distinguishes itself from traditional UBA products by using identity access intelligence to also eliminate risks within a company’s identity attack surface,” said Steve Moscarelli. “Given Gurucul’s ability to detect insider threats, account compromise and data exfiltration that evade other security defenses, it’s not surprising the company has established a blue-chip customer base. I look forward to building out Gurucul’s sales team and infrastructure to capture a significant share of the UBA market in North America.”
About Gurucul
Gurucul is changing the way enterprises protect themselves against insider threats, account compromise and data exfiltration on-premises and in the cloud. The company’s user behavior analytics and identity access intelligence technology uses machine learning anomaly detection and predictive risk-scoring algorithms to reduce the attack surface for accounts, unnecessary access rights and privileges, and to identify, predict and prevent breaches. Gurucul technology is used globally by organizations to detect insider threats, cyber fraud, IP theft, external attacks and more. The company is based in Los Angeles. To learn more, visit http://www.gurucul.com/ and follow us on LinkedIn and Twitter .
 //www.businesswire.com/news/home/20160512005830/en/
Marc Gendron PR
Marc Gendron, 781-237-0341
marc@mgpr.net
 
</topic_text>
<spam_score>0.00</spam_score>
<post_num>1</post_num>
<post_id>post-1</post_id>
<post_url>http://www.cbs8.com/story/31956667/gurucul-names-steve-moscarelli-vice-president-of-sales-to-tap-fast-growing-market-for-identity-based-security</post_url>
<post_date>20160512</post_date>
<post_time>0944</post_time>
<username>cbs8</username>
<post>
Proven Security Industry Executive will Build Team to Extend Company’s Lead in User Behavior Analytics and Identity Access Intelligence
LOS ANGELES --(BUSINESS WIRE) Gurucul , the user behavior analytics and identity access intelligence company, today announced the appointment of security industry veteran Steve Moscarelli as Vice President of Sales. For over 20 years, Steve has successfully led sales efforts for leading security vendors, including Check Point Software, Qualys, Sourcefire (Cisco), Port Authority (Websense) and startups Tufin Technologies and Attivo Networks.
“We’re extremely pleased that Steve has joined our executive management team as Vice President of Sales,” said Saryu Nayyar, CEO of Gurucul. “He has a proven track record for building high performance sales teams and consistently growing revenues for both established and startup security vendors. Steve’s leadership skills and C-level relationships will help Gurucul aggressively capture new market share based on our unique ability to both reduce a company’s identity attack surface and detect insider and account compromise threats across both on-premises and cloud infrastructures.”
Steve Moscarelli joined Gurucul from network security vendor Attivo Networks. As Vice President of Sales, he established Tufin Americas and grew the company’s customer base from eight to over 400. He has also held senior sales and channel management positions at Check Point Software, Qualys, Sourcefire (Cisco) and PortAuthority (Websense). Steve is a long time member of the Information Systems Security Association (ISSA), and currently serves as President of the New England chapter.
“The future of enterprise security will be based on using machine learning to detect threats across hybrid datacenter and cloud environments that appear to be legitimate behavior. The Gurucul user behavior analytics platform provides these advanced capabilities and distinguishes itself from traditional UBA products by using identity access intelligence to also eliminate risks within a company’s identity attack surface,” said Steve Moscarelli. “Given Gurucul’s ability to detect insider threats, account compromise and data exfiltration that evade other security defenses, it’s not surprising the company has established a blue-chip customer base. I look forward to building out Gurucul’s sales team and infrastructure to capture a significant share of the UBA market in North America.”
About Gurucul
Gurucul is changing the way enterprises protect themselves against insider threats, account compromise and data exfiltration on-premises and in the cloud. The company’s user behavior analytics and identity access intelligence technology uses machine learning anomaly detection and predictive risk-scoring algorithms to reduce the attack surface for accounts, unnecessary access rights and privileges, and to identify, predict and prevent breaches. Gurucul technology is used globally by organizations to detect insider threats, cyber fraud, IP theft, external attacks and more. The company is based in Los Angeles. To learn more, visit http://www.gurucul.com/ and follow us on LinkedIn and Twitter .
 //www.businesswire.com/news/home/20160512005830/en/
Marc Gendron PR
Marc Gendron, 781-237-0341
marc@mgpr.net
 
</post>
<signature>

</signature>
<external_links>
<external_link>http://purl.org/rss/1.0/modules/content/</external_link><external_link>http://gurucul.com/</external_link><external_link>http://www.businesswire.com/news/home/20160512005830/en/</external_link><external_link>https://twitter.com/gurucul</external_link><external_link>https://www.linkedin.com/company/gurucul-solutions</external_link><external_link>http://cts.businesswire.com/ct/CT?id=bwnews&amp;sty=20160512005830r1&amp;sid=56987&amp;distro=ftp</external_link><external_link>http://www.gurucul.com/</external_link>
</external_links>
<country>US</country>
<main_image>http://businesswire.images.worldnow.com/images/10539987_G.jpg</main_image>
</document>
