<?xml version="1.0" encoding="UTF-8"?>
<document>
<type>mainstream</type>
<forum>http://feeds.feedburner.com/AtlanticEducationChannel</forum>
<forum_title>Education | The Atlantic</forum_title>
<discussion_title>How Harvard&apos;s Sanctions on Single-Gender Social Groups Could Make It More Inclusive</discussion_title>
<language>english</language>
<gmt_offset></gmt_offset>
<topic_url>http://www.theatlantic.com/education/archive/2016/05/a-more-inclusive-harvard/481878/</topic_url>
<topic_text>
Harvard University’s announcement on Friday—that it would place sanctions on all single-gender social groups—is the latest step in an ongoing effort by the university to address the inequality perpetuated by and inherent to many of these organizations. The new policy, which applies to final clubs, fraternities, and sororities, prevents anyone who is a member of these groups from becoming the leader of a recognized student organization, captain of an athletics team, or college-endorsed candidate for fellowships including the Rhodes and Marshall scholarships. The policies will apply to any student who joins the groups starting with the class of 2021 and does not affect anyone who’s currently a member.
While the sanctions may seem severe (and have been criticized for infringing on students’ freedom of association ), they are likely this extreme in order to tackle deeply-rooted issues, predominantly at all-male final clubs. The clubs, which closely resemble Greek organizations, have increasingly become more democratic, but have a long history of invitation-only male elitism , and were called out in a university report this past March for contributing disproportionately to instances of sexual assault. As reported by The Harvard Crimson , a study commissioned by the University’s Task Force on Sexual Assault Prevention discovered that 47 percent of female seniors who “participated in final clubs” said they had experienced nonconsensual sexual contact since entering college, compared to 31 percent of female seniors overall.
</topic_text>
<spam_score>0.00</spam_score>
<post_num>61</post_num>
<post_id>post-61</post_id>
<post_url>http://www.theatlantic.com/education/archive/2016/05/a-more-inclusive-harvard/481878/</post_url>
<post_date>20160512</post_date>
<post_time>0627</post_time>
<username>Seth</username>
<post>
I confess I am ignorant with respect to Harvard and institutions referenced in the article; however, I do not understand how the university can make such a command to an unrecognized private group. In addition, could such a command cause the very problem it attempts to solve? Specifically, will these clubs completely unaffiliate themselves from Harvard and resort to less transparent less democratic institutions to maintain the prestige?
The article made left me with interesting questions--and even leave a comment which I rarely do.
I invite the author to respond as I would like a dialogue on this matter.
</post>
<signature>

</signature>
<external_links>

</external_links>
<country>US</country>
<main_image>http://cdn.theatlantic.com/assets/media/img/mt/2016/05/RTR3AIAU/facebook.jpg?1462811330</main_image>
</document>
