<?xml version="1.0" encoding="UTF-8"?>
<document>
<type>mainstream</type>
<forum></forum>
<forum_title></forum_title>
<discussion_title>【激太り】眞鍋かをり、妊娠・出産で体重16kg太った現在画像ｗｗ旦那イエモン吉井和哉の子供を産んだ結果ｗｗｗ【ナイナイアンサー】 | やっちまったぜ速報。</discussion_title>
<language>japanese</language>
<gmt_offset></gmt_offset>
<topic_url>http://klauskobjolluopatiji.com/archives/10865</topic_url>
<topic_text>
【激太り】眞鍋かをり、妊娠・出産で体重16kg太った現在画像ｗｗ旦那イエモン吉井和哉の子供を産んだ結果ｗｗｗ【ナイナイアンサー】 

完璧主義者にオススメ！ とても気持ちがいい写真集 前編 後編はこちら （公開され … 人気記事はこちら 
</topic_text>
<spam_score>0.00</spam_score>
<post_num>1</post_num>
<post_id>post-1</post_id>
<post_url>http://klauskobjolluopatiji.com/archives/10865</post_url>
<post_date>20160513</post_date>
<post_time></post_time>
<username></username>
<post>
【激太り】眞鍋かをり、妊娠・出産で体重16kg太った現在画像ｗｗ旦那イエモン吉井和哉の子供を産んだ結果ｗｗｗ【ナイナイアンサー】 

完璧主義者にオススメ！ とても気持ちがいい写真集 前編 後編はこちら （公開され … 人気記事はこちら 
</post>
<signature>

</signature>
<external_links>

</external_links>
<country>JP</country>
<main_image></main_image>
</document>
