<?xml version="1.0" encoding="UTF-8"?>
<document>
<type>mainstream</type>
<forum>http://rss.joins.com/news/joins_star_entertainment_list.xml</forum>
<forum_title>중앙일보 | 방송·연예</forum_title>
<discussion_title>‘엄마가 뭐길래’ 최민수, 큰아들 등장에 동공확장 후 눈물</discussion_title>
<language>korean</language>
<gmt_offset></gmt_offset>
<topic_url>http://news.joins.com/article/20019146?cloc=rss%7Csports_ent%7Cbroadcast</topic_url>
<topic_text>
‘엄마가 뭐길래’ 최민수, 큰아들 등장에 동공확장 후 눈물 [뉴스엔] 입력 2016.05.13 00:09 [뉴스엔 이민지 기자]최민수가 가족들의 서프라이즈에 당황했다. 5월 12일 방송된 TV조선 &apos;엄마가 뭐길래&apos;에서 최민수의 생일을 맞아 한국에 비밀리에 귀국한 큰 아들 유성의 모습이 공개됐다. 엄마 강주은은 연락이 되지 않는 큰아들 유성을 걱정했지만 유성은 아무도 모르게 한국에 들어왔던 상황. 강주은은 유성의 등장에 놀라면서도 행복해 했다. 그 때 최민수는 밴드 공연을 했고 강주은은 두 아들과 함께 공연장을 찾았다. 강주은은 유성은 숨겨두고 유진과 함께 공연장에 들어갔고 최민수는 아무것도 모르는 채 케이크에 촛불을 껐다. 이때 유성이 관중들 사이를 헤치고 뛰어가 무대 위까지 올라갔다. 생각지도 못했던 큰 아들을 본 최민수는 휘청 거릴 정도로 놀라 웃음을 자아냈다. 최민수는 아들을 끌어안고 눈물을 보이며 감격을 드러냈다. (사진=TV조선 &apos;엄마가 뭐길래&apos; 캡처)뉴스엔 이민지 oing@copyrightⓒ 뉴스엔. 무단전재 &amp; 재배포 금지 좋아요 0
</topic_text>
<spam_score>0.00</spam_score>
<post_num>1</post_num>
<post_id>post-1</post_id>
<post_url>http://news.joins.com/article/20019146?cloc=rss%7Csports_ent%7Cbroadcast</post_url>
<post_date>20160512</post_date>
<post_time>1509</post_time>
<username></username>
<post>
‘엄마가 뭐길래’ 최민수, 큰아들 등장에 동공확장 후 눈물 [뉴스엔] 입력 2016.05.13 00:09 [뉴스엔 이민지 기자]최민수가 가족들의 서프라이즈에 당황했다. 5월 12일 방송된 TV조선 &apos;엄마가 뭐길래&apos;에서 최민수의 생일을 맞아 한국에 비밀리에 귀국한 큰 아들 유성의 모습이 공개됐다. 엄마 강주은은 연락이 되지 않는 큰아들 유성을 걱정했지만 유성은 아무도 모르게 한국에 들어왔던 상황. 강주은은 유성의 등장에 놀라면서도 행복해 했다. 그 때 최민수는 밴드 공연을 했고 강주은은 두 아들과 함께 공연장을 찾았다. 강주은은 유성은 숨겨두고 유진과 함께 공연장에 들어갔고 최민수는 아무것도 모르는 채 케이크에 촛불을 껐다. 이때 유성이 관중들 사이를 헤치고 뛰어가 무대 위까지 올라갔다. 생각지도 못했던 큰 아들을 본 최민수는 휘청 거릴 정도로 놀라 웃음을 자아냈다. 최민수는 아들을 끌어안고 눈물을 보이며 감격을 드러냈다. (사진=TV조선 &apos;엄마가 뭐길래&apos; 캡처)뉴스엔 이민지 oing@copyrightⓒ 뉴스엔. 무단전재 &amp; 재배포 금지 좋아요 0
</post>
<signature>

</signature>
<external_links>

</external_links>
<country>KR</country>
<main_image>http://pds.joins.com/news/component/newsen/201605/13/201605130005242410_1.jpg</main_image>
</document>
