<?xml version="1.0" encoding="UTF-8"?>
<document>
<type>mainstream</type>
<forum>http://www.rhein-main-presse.de/ratgeber/computer_multimedia/berichte/index.rss</forum>
<forum_title>Rhein-Main-Presse -</forum_title>
<discussion_title>«Gboard» erleichtert Google-Suche auf dem iPhone</discussion_title>
<language>german</language>
<gmt_offset></gmt_offset>
<topic_url>http://www.rhein-main-presse.de/wirtschaft/wirtschaft-ueberregional/gboard-erleichtert-google-suche-auf-dem-iphone_16893163.htm</topic_url>
<topic_text>
Sichern Sie sich mit Ihrer kostenlosen Registrierung 10 weitere Freiartikel pro Monat. Oder entscheiden Sie sich für eines unserer attraktiven Abo-Angebote. Sie sind bereits Zeitungs- oder Digital-Abonnent? Dann lesen Sie nach der Registrierung unbegrenzt weiter. Ihre Zugangsdaten gelten übrigens auch für Ihre abonnierten Digitalprodukte.
</topic_text>
<spam_score>0.00</spam_score>
<post_num>1</post_num>
<post_id>post-1</post_id>
<post_url>http://www.rhein-main-presse.de/wirtschaft/wirtschaft-ueberregional/gboard-erleichtert-google-suche-auf-dem-iphone_16893163.htm</post_url>
<post_date>20160512</post_date>
<post_time>1529</post_time>
<username></username>
<post>
Sichern Sie sich mit Ihrer kostenlosen Registrierung 10 weitere Freiartikel pro Monat. Oder entscheiden Sie sich für eines unserer attraktiven Abo-Angebote. Sie sind bereits Zeitungs- oder Digital-Abonnent? Dann lesen Sie nach der Registrierung unbegrenzt weiter. Ihre Zugangsdaten gelten übrigens auch für Ihre abonnierten Digitalprodukte.
</post>
<signature>

</signature>
<external_links>

</external_links>
<country>DE</country>
<main_image>http://www.rhein-main-presse.de/pics/edition/rmp/logo_facebook.jpg</main_image>
</document>
