<?xml version="1.0" encoding="UTF-8"?>
<document>
<type>mainstream</type>
<forum></forum>
<forum_title></forum_title>
<discussion_title>Nace la Comisión de Violencia de Género para seguir los casos del sistema Viogen</discussion_title>
<language>spanish</language>
<gmt_offset></gmt_offset>
<topic_url>http://elejido.ideal.es/elejido/noticias/201605/12/nace-comision-violencia-genero-20160512181255.html</topic_url>
<topic_text>
Este sitio web utiliza cookies propias y de terceros para optimizar tu navegación, adaptarse a tus preferencias y realizar labores analíticas. Al continuar navegando aceptas nuestra Política de Cookies. Nace la Comisión de Violencia de Gé Viogen se implantó en junio de 2015 y ha atendido a 40 víctimas. Subdelegación del Gobierno, Ayuntamiento y Cuerpos de Seguridad del Estado constituyen este nuevo órgano para analizar la implantació E. C. | EL EJIDO 12 mayo 2016 
Subdelegación del Gobierno, Ayuntamiento de El Ejido y Cuerpos y Fuerzas de Seguridad del Estado constituyeron ayer de forma oficial, la Comisión Técnica de Violencia de Género como órgano de seguimiento del Sistema de Protección Integral de los Casos de Violencia de Género Viogen. Un sistema con el que trabajan de forma coordinada la Policía Local de El Ejido, la Policía Nacional y la Guardia Civil en la protección de las ví 
Según lo acordado en este encuentro, la comisión se reunirá de forma periódica para analizar los casos de las víctimas atendidas, elaborar estadísticas que ofrezcan datos de los casos que se producen en el municipio y mejorar, mediante el análisis y la observancia, aspectos del programa como la comunicació Se pondrán en marcha todos los mecanismos al alcance para mejorar la atención y protecció 
Durante el desarrollo de la reunión, se destacó a su vez la importancia de poner en marcha todos los mecanismos al alcance para mejorar la atención y protección a las mujeres que sufren violencia de género para dar así una mejor respuesta a las necesidades que se plantean dentro del programa, y adoptar las medidas necesarias que garanticen la máxima protección de las víctimas y se puedan prevenir posibles agresiones futuras. De igual modo, los miembros de la comisión valoraron de forma muy positiva los resultados que arroja hasta ahora el sistema Viogen, al tiempo que apuntaron que estos buenos resultados son fruto de la buena coordinación que existe entre Policía Nacional, Guardia Civil y Policía Local y la labor que esta última desempeña como ente más cercano y que, dentro del programa, ofrece atención durante las 24 horas del día a través de visitas perió 
En la misma línea, la comunicación entre la víctima y su policía de referencia es permanente en cualquier momento del día para atender así las necesidades de estas mujeres en materia de seguridad, al tiempo que se trabaja de manera transversal con la concejalía de Servicios Sociales y el Centro Municipal de Información a la Mujer para poner a su disposició 
Otro de los principales acuerdos adoptados ayer durante la creación de este nuevo órgano municipal fue el de ampliar las competencias designadas a la Policía Local dentro de este programa, ya que los agentes locales compartirán tareas de protección y vigilancia de las ví 
Asimismo, desde la Subdelegación del Gobierno se felicitó a la Policía Local de El Ejido por el buen desarrollo y los resultados obtenidos a la hora proteger, informar, asesorar y ayudar a las mujeres víctimas de violencia de género dentro de este protocolo de actuació 
Desde que se pusiera en marcha en junio del año pasado el sistema Viogen, los efectivos ya han atendido a más de 40 mujeres víctimas de violencia machista, a las que se les ha proporcionado protecció Lo Má 
</topic_text>
<spam_score>0.00</spam_score>
<post_num>1</post_num>
<post_id>post-1</post_id>
<post_url>http://elejido.ideal.es/elejido/noticias/201605/12/nace-comision-violencia-genero-20160512181255.html</post_url>
<post_date>20160512</post_date>
<post_time></post_time>
<username>E. C.</username>
<post>
Este sitio web utiliza cookies propias y de terceros para optimizar tu navegación, adaptarse a tus preferencias y realizar labores analíticas. Al continuar navegando aceptas nuestra Política de Cookies. Nace la Comisión de Violencia de Gé Viogen se implantó en junio de 2015 y ha atendido a 40 víctimas. Subdelegación del Gobierno, Ayuntamiento y Cuerpos de Seguridad del Estado constituyen este nuevo órgano para analizar la implantació E. C. | EL EJIDO 12 mayo 2016 
Subdelegación del Gobierno, Ayuntamiento de El Ejido y Cuerpos y Fuerzas de Seguridad del Estado constituyeron ayer de forma oficial, la Comisión Técnica de Violencia de Género como órgano de seguimiento del Sistema de Protección Integral de los Casos de Violencia de Género Viogen. Un sistema con el que trabajan de forma coordinada la Policía Local de El Ejido, la Policía Nacional y la Guardia Civil en la protección de las ví 
Según lo acordado en este encuentro, la comisión se reunirá de forma periódica para analizar los casos de las víctimas atendidas, elaborar estadísticas que ofrezcan datos de los casos que se producen en el municipio y mejorar, mediante el análisis y la observancia, aspectos del programa como la comunicació Se pondrán en marcha todos los mecanismos al alcance para mejorar la atención y protecció 
Durante el desarrollo de la reunión, se destacó a su vez la importancia de poner en marcha todos los mecanismos al alcance para mejorar la atención y protección a las mujeres que sufren violencia de género para dar así una mejor respuesta a las necesidades que se plantean dentro del programa, y adoptar las medidas necesarias que garanticen la máxima protección de las víctimas y se puedan prevenir posibles agresiones futuras. De igual modo, los miembros de la comisión valoraron de forma muy positiva los resultados que arroja hasta ahora el sistema Viogen, al tiempo que apuntaron que estos buenos resultados son fruto de la buena coordinación que existe entre Policía Nacional, Guardia Civil y Policía Local y la labor que esta última desempeña como ente más cercano y que, dentro del programa, ofrece atención durante las 24 horas del día a través de visitas perió 
En la misma línea, la comunicación entre la víctima y su policía de referencia es permanente en cualquier momento del día para atender así las necesidades de estas mujeres en materia de seguridad, al tiempo que se trabaja de manera transversal con la concejalía de Servicios Sociales y el Centro Municipal de Información a la Mujer para poner a su disposició 
Otro de los principales acuerdos adoptados ayer durante la creación de este nuevo órgano municipal fue el de ampliar las competencias designadas a la Policía Local dentro de este programa, ya que los agentes locales compartirán tareas de protección y vigilancia de las ví 
Asimismo, desde la Subdelegación del Gobierno se felicitó a la Policía Local de El Ejido por el buen desarrollo y los resultados obtenidos a la hora proteger, informar, asesorar y ayudar a las mujeres víctimas de violencia de género dentro de este protocolo de actuació 
Desde que se pusiera en marcha en junio del año pasado el sistema Viogen, los efectivos ya han atendido a más de 40 mujeres víctimas de violencia machista, a las que se les ha proporcionado protecció Lo Má 
</post>
<signature>

</signature>
<external_links>

</external_links>
<country>ES</country>
<main_image>http://www.ideal.es/noticias/201605/12/media/almeria/violencia-genero-viogen-ejido_xoptimizadax.jpg</main_image>
</document>
