<?xml version="1.0" encoding="UTF-8"?>
<document>
<type>mainstream</type>
<forum>http://www.sermonaudio.com/rss_source.rss</forum>
<forum_title>SermonAudio.com</forum_title>
<discussion_title>No Substitute for Motherhood</discussion_title>
<language>english</language>
<gmt_offset></gmt_offset>
<topic_url>http://www.sermonaudio.com/sermoninfo.asp?SID=512161212106</topic_url>
<topic_text>
Show newest sermon of type: Sunday Service. By Speaker. Show newest sermon by: Pastor Tom Ricker. By Sermon Series. Show newest sermon in this sermon series. SSL URL. Use this if embedding on a secure site. Favorites-To-Go! tag this sermon. listen on-the-go.
</topic_text>
<spam_score>0.00</spam_score>
<post_num>1</post_num>
<post_id>post-1</post_id>
<post_url>http://www.sermonaudio.com/sermoninfo.asp?SID=512161212106</post_url>
<post_date>20160512</post_date>
<post_time>1713</post_time>
<username>Pastor Tom Ricker</username>
<post>
Show newest sermon of type: Sunday Service. By Speaker. Show newest sermon by: Pastor Tom Ricker. By Sermon Series. Show newest sermon in this sermon series. SSL URL. Use this if embedding on a secure site. Favorites-To-Go! tag this sermon. listen on-the-go.
</post>
<signature>

</signature>
<external_links>

</external_links>
<country>US</country>
<main_image>http://media.sermonaudio.com/gallery/photos/podcast/RickerTom-01.jpg</main_image>
</document>
