<?xml version="1.0" encoding="UTF-8"?>
<document>
<type>mainstream</type>
<forum>http://feeds.feedburner.com/AtlanticEducationChannel</forum>
<forum_title>Education | The Atlantic</forum_title>
<discussion_title>How Harvard&apos;s Sanctions on Single-Gender Social Groups Could Make It More Inclusive</discussion_title>
<language>english</language>
<gmt_offset></gmt_offset>
<topic_url>http://www.theatlantic.com/education/archive/2016/05/a-more-inclusive-harvard/481878/</topic_url>
<topic_text>
Harvard University’s announcement on Friday—that it would place sanctions on all single-gender social groups—is the latest step in an ongoing effort by the university to address the inequality perpetuated by and inherent to many of these organizations. The new policy, which applies to final clubs, fraternities, and sororities, prevents anyone who is a member of these groups from becoming the leader of a recognized student organization, captain of an athletics team, or college-endorsed candidate for fellowships including the Rhodes and Marshall scholarships. The policies will apply to any student who joins the groups starting with the class of 2021 and does not affect anyone who’s currently a member.
While the sanctions may seem severe (and have been criticized for infringing on students’ freedom of association ), they are likely this extreme in order to tackle deeply-rooted issues, predominantly at all-male final clubs. The clubs, which closely resemble Greek organizations, have increasingly become more democratic, but have a long history of invitation-only male elitism , and were called out in a university report this past March for contributing disproportionately to instances of sexual assault. As reported by The Harvard Crimson , a study commissioned by the University’s Task Force on Sexual Assault Prevention discovered that 47 percent of female seniors who “participated in final clubs” said they had experienced nonconsensual sexual contact since entering college, compared to 31 percent of female seniors overall.
</topic_text>
<spam_score>0.00</spam_score>
<post_num>47</post_num>
<post_id>post-47</post_id>
<post_url>http://www.theatlantic.com/education/archive/2016/05/a-more-inclusive-harvard/481878/</post_url>
<post_date>20160510</post_date>
<post_time>2358</post_time>
<username>Kevin Schwartz</username>
<post>
Wow, I&apos;m not surprised, but flabbergasted, at this paragraph: &quot;In a society and campus community where women continue to be marginalized, many students have sought out these organizations as places to bond with other women, gain a support system, and build their identities. (Promoting women’s groups and not men’s ones is admittedly a double standard, but one that may still be necessary given the current systems of power in place.)&quot;
Believe it or not, despite the rhetoric about power imbalances, and the fact that men are far less likely to be victims of sexual assault, 18-22 year-old males also have a need to &quot;bond with other men, gain a support system, and build their identities.&quot; As many have commented, the vast majority of spaces are co-ed. Having a few that are male-only is not only not harmful, but helpful.
Also, give me a break that there are no issues with sororities. They&apos;ve definitely had issues with hazing, &quot;exclusivity,&quot; etc... and probably a ton of other things. However, just like frats, the majority of them, and the people in them, probably get a lot out of them.
</post>
<signature>

</signature>
<external_links>

</external_links>
<country>US</country>
<main_image>http://cdn.theatlantic.com/assets/media/img/mt/2016/05/RTR3AIAU/facebook.jpg?1462811330</main_image>
</document>
