<?xml version="1.0" encoding="UTF-8"?>
<document>
<type>mainstream</type>
<forum></forum>
<forum_title></forum_title>
<discussion_title>Venados de Yucatán vence a Club Hidalguense en 16vos. de Tercera División</discussion_title>
<language>spanish</language>
<gmt_offset></gmt_offset>
<topic_url>http://sipse.com/deportes/venados-yucatan-toma-ventaja-16vos-tercera-division-204601.html</topic_url>
<topic_text>
Opinión Venados toma ventaja en 16vos. de Tercera División Los de casa salieron con un gol de vestidor, pues apenas a los cuatro minutos ya estaban ganando 1-0 gracias a la anotación de Diego Granados. Hoy Jueves, 12 May, 2016 11:02 ENVÍA 
Acciones del encuentro de ayer en Tamanché. (Amílcar Rodríguez/Milenio Novedades) 
Marco Moreno/Milenio Novedades MÉRIDA, Yuc.- Gol de tiro libre en tiempo de compensación del portero Hugo Miranda le dio una agónica victoria a Venados de Yucatán 2-1 sobre el Club Hidalguense en el juego de “ida” de los 16vos. de final de la Tercera División Nacional. 
El cuadro de Enrique “Niño” Díaz fue amo y señor de los 90 minutos, pero le faltó contundencia y eso lo aprovechó el equipo hidalguense, que casi saca un empate del estadio “Alonso Diego Molina” de Tamanché. 
Los de casa salieron con un gol de vestidor, pues apenas a los cuatro minutos ya estaban ganando 1-0 gracias a la anotación de Diego Granados, quien dentro del área recortó a par de rivales y con disparo cruzado venció la estirada de Héctor Cruz para el 1-0 de los yucatecos. 
Tras el gol, los astados se fueron en busca de aumentar el marcador, pero la mala puntería del delantero Johan Mejía fue factor para que no se ampliara el tanteador. 
Así terminó la primera parte, ya en el segundo tiempo el astado David Díaz contragolpeó por la izquierda y ya sin rivales sacó disparo que rozó el poste derecho del rival. 
La respuesta del Club Hidalguense no se hizo esperar y al 64’ no perdonó y empató 1-1 en un tiro libre de Freddy Martínez tras rematar de cabeza dentro del área chica. 
Cuando todo parecía que el encuentro terminaría así, los hidalguenses cometieron una falta detrás de la línea del medio campo y fue entonces cuando el arquero ciervo Hugo Miranda cobró la misma y con potente disparo le dobló las manos a su rival para la anotación del triunfo de los Venados. COMPARTE 
</topic_text>
<spam_score>0.00</spam_score>
<post_num>1</post_num>
<post_id>post-1</post_id>
<post_url>http://sipse.com/deportes/venados-yucatan-toma-ventaja-16vos-tercera-division-204601.html</post_url>
<post_date>20160512</post_date>
<post_time></post_time>
<username>Grupo Sipse</username>
<post>
Opinión Venados toma ventaja en 16vos. de Tercera División Los de casa salieron con un gol de vestidor, pues apenas a los cuatro minutos ya estaban ganando 1-0 gracias a la anotación de Diego Granados. Hoy Jueves, 12 May, 2016 11:02 ENVÍA 
Acciones del encuentro de ayer en Tamanché. (Amílcar Rodríguez/Milenio Novedades) 
Marco Moreno/Milenio Novedades MÉRIDA, Yuc.- Gol de tiro libre en tiempo de compensación del portero Hugo Miranda le dio una agónica victoria a Venados de Yucatán 2-1 sobre el Club Hidalguense en el juego de “ida” de los 16vos. de final de la Tercera División Nacional. 
El cuadro de Enrique “Niño” Díaz fue amo y señor de los 90 minutos, pero le faltó contundencia y eso lo aprovechó el equipo hidalguense, que casi saca un empate del estadio “Alonso Diego Molina” de Tamanché. 
Los de casa salieron con un gol de vestidor, pues apenas a los cuatro minutos ya estaban ganando 1-0 gracias a la anotación de Diego Granados, quien dentro del área recortó a par de rivales y con disparo cruzado venció la estirada de Héctor Cruz para el 1-0 de los yucatecos. 
Tras el gol, los astados se fueron en busca de aumentar el marcador, pero la mala puntería del delantero Johan Mejía fue factor para que no se ampliara el tanteador. 
Así terminó la primera parte, ya en el segundo tiempo el astado David Díaz contragolpeó por la izquierda y ya sin rivales sacó disparo que rozó el poste derecho del rival. 
La respuesta del Club Hidalguense no se hizo esperar y al 64’ no perdonó y empató 1-1 en un tiro libre de Freddy Martínez tras rematar de cabeza dentro del área chica. 
Cuando todo parecía que el encuentro terminaría así, los hidalguenses cometieron una falta detrás de la línea del medio campo y fue entonces cuando el arquero ciervo Hugo Miranda cobró la misma y con potente disparo le dobló las manos a su rival para la anotación del triunfo de los Venados. COMPARTE 
</post>
<signature>

</signature>
<external_links>

</external_links>
<country>US</country>
<main_image>http://sipse.com/imgs/052016/1205164a9f995dcmed.jpg</main_image>
</document>
