<?xml version="1.0" encoding="UTF-8"?>
<document>
<type>mainstream</type>
<forum>http://www.sermonaudio.com/rss_source.rss</forum>
<forum_title>SermonAudio.com</forum_title>
<discussion_title>Lot: A Word To Saints</discussion_title>
<language>english</language>
<gmt_offset></gmt_offset>
<topic_url>http://www.sermonaudio.com/sermoninfo.asp?SID=512161216561</topic_url>
<topic_text>
If you were blessed by this message, please email the broadcaster | add a comment ( no comments yet posted on this sermon | be the first! ) More user comments by this speaker |  Encouragement For Grieving  1/8/2006 | 2 posts  Thanksgiving Day  10/9/2015 | 2 posts  01- Introduction  11/5/2014 | 2 posts 
</topic_text>
<spam_score>0.00</spam_score>
<post_num>1</post_num>
<post_id>post-1</post_id>
<post_url>http://www.sermonaudio.com/sermoninfo.asp?SID=512161216561</post_url>
<post_date>20160512</post_date>
<post_time>1719</post_time>
<username>David Gay</username>
<post>
If you were blessed by this message, please email the broadcaster | add a comment ( no comments yet posted on this sermon | be the first! ) More user comments by this speaker |  Encouragement For Grieving  1/8/2006 | 2 posts  Thanksgiving Day  10/9/2015 | 2 posts  01- Introduction  11/5/2014 | 2 posts 
</post>
<signature>

</signature>
<external_links>

</external_links>
<country>US</country>
<main_image>http://media.sermonaudio.com/gallery/photos/podcast/GayDavid-01.jpg</main_image>
</document>
