<?xml version="1.0" encoding="UTF-8"?>
<document>
<type>mainstream</type>
<forum>http://rss.joins.com/news/joins_star_entertainment_list.xml</forum>
<forum_title>중앙일보 | 방송·연예</forum_title>
<discussion_title>&apos;해투3&apos; 지상렬 &quot;&apos;안습&apos;이라는 단어 내가 만들었다&quot; 깜짝</discussion_title>
<language>korean</language>
<gmt_offset></gmt_offset>
<topic_url>http://news.joins.com/article/20019085?cloc=rss%7Csports_ent%7Cbroadcast</topic_url>
<topic_text>
&apos;해투3&apos; 지상렬 &quot;&apos;안습&apos;이라는 단어 내가 만들었다&quot; 깜짝 [OSEN] 입력 2016.05.13 00:00 [OSEN=이지영 기자] 지상렬이 &apos;안습&apos;이라는 단어를 만들었다고 밝혔다.12일 방송된 KBS &apos;해피투게더3&apos;에 출연한 지상렬은 &quot;&apos;안습&apos;이라는 단어를 내가 만들었다. 눈물이 떨어지기 직전의 상태다&quot;고 말했다.이어 그는 &quot;&apos;술 먹으러 나오라&apos;는 말도 &apos;간 챙겨 나와라&apos;라고 한다&quot;고 말했고, 유재석은 &quot;언어술사&quot;라고 칭찬했다.이날 방송에는 지상렬 외 김지숙, 에릭남, 지승현 등이 출연했다./ bonbon@osen.co.kr 뉴스레터 신청서 작성 폼 개인정보 보호를 위한 이용자 동의사항 1. 개인정보 수집 및 이용 목적 : 회사는 수집한 개인정보를 트렌드 뉴스 레터발송을 위한 확인 및 발송 등의 업무를 위해 수집, 이용하고 있습니다. 2. 수집하는 개인정보 항목 : 이메일 3. 개인정보의 보유 및 이용기간 : 수집한 개인정보는 &apos;개인정보보호법&apos;, &apos;정보통신망 이용촉진 등에 관한 법률&apos; 등의 규정에 의하여 기록ㆍ보존되고, 기간이 경과할 경우 법에서 정하는 바에 따라 파기됩니다. 동의하시면 트렌드뉴스 주간을 매주 월요일 오전10시에 동의해주신 이메일로 받아보실 수 있습니다. 위 사항에 동의합니다 * 수신동의 전 이메일 주소를 확인 후 신청 해주세요! E-Mail 뉴스레터 신청서 작성 폼 개인정보 보호를 위한 이용자 동의사항 1. 개인정보 수집 및 이용 목적 : 회사는 수집한 개인정보를 타임7(미리보는 오늘, 뉴스룸레터) 발송을 위한 확인 및 발송 등의 업무를 위해 수집, 이용하고 있습니다. 2. 수집하는 개인정보 항목 : 이메일 3. 개인정보의 보유 및 이용기간 : 수집한 개인정보는 &apos;개인정보보호법&apos;, &apos;정보통신망 이용촉진 등에 관한 법률&apos; 등의 규정에 의하여 기록ㆍ보존되고, 기간이 경과할 경우 법에서 정하는 바에 따라 파기됩니다. 동의하시면 매일 오전7시(미리보는 오늘), 오후 6시(뉴스룸레터)에 타임7 뉴스레터를 동의해주신 이메일로 받아보실 수 있습니다. 위 사항에 동의합니다 * 수신동의 전 이메일 주소를 확인 후 신청 해주세요! E-Mail
</topic_text>
<spam_score>0.00</spam_score>
<post_num>1</post_num>
<post_id>post-1</post_id>
<post_url>http://news.joins.com/article/20019085?cloc=rss%7Csports_ent%7Cbroadcast</post_url>
<post_date>20160512</post_date>
<post_time>1500</post_time>
<username></username>
<post>
&apos;해투3&apos; 지상렬 &quot;&apos;안습&apos;이라는 단어 내가 만들었다&quot; 깜짝 [OSEN] 입력 2016.05.13 00:00 [OSEN=이지영 기자] 지상렬이 &apos;안습&apos;이라는 단어를 만들었다고 밝혔다.12일 방송된 KBS &apos;해피투게더3&apos;에 출연한 지상렬은 &quot;&apos;안습&apos;이라는 단어를 내가 만들었다. 눈물이 떨어지기 직전의 상태다&quot;고 말했다.이어 그는 &quot;&apos;술 먹으러 나오라&apos;는 말도 &apos;간 챙겨 나와라&apos;라고 한다&quot;고 말했고, 유재석은 &quot;언어술사&quot;라고 칭찬했다.이날 방송에는 지상렬 외 김지숙, 에릭남, 지승현 등이 출연했다./ bonbon@osen.co.kr 뉴스레터 신청서 작성 폼 개인정보 보호를 위한 이용자 동의사항 1. 개인정보 수집 및 이용 목적 : 회사는 수집한 개인정보를 트렌드 뉴스 레터발송을 위한 확인 및 발송 등의 업무를 위해 수집, 이용하고 있습니다. 2. 수집하는 개인정보 항목 : 이메일 3. 개인정보의 보유 및 이용기간 : 수집한 개인정보는 &apos;개인정보보호법&apos;, &apos;정보통신망 이용촉진 등에 관한 법률&apos; 등의 규정에 의하여 기록ㆍ보존되고, 기간이 경과할 경우 법에서 정하는 바에 따라 파기됩니다. 동의하시면 트렌드뉴스 주간을 매주 월요일 오전10시에 동의해주신 이메일로 받아보실 수 있습니다. 위 사항에 동의합니다 * 수신동의 전 이메일 주소를 확인 후 신청 해주세요! E-Mail 뉴스레터 신청서 작성 폼 개인정보 보호를 위한 이용자 동의사항 1. 개인정보 수집 및 이용 목적 : 회사는 수집한 개인정보를 타임7(미리보는 오늘, 뉴스룸레터) 발송을 위한 확인 및 발송 등의 업무를 위해 수집, 이용하고 있습니다. 2. 수집하는 개인정보 항목 : 이메일 3. 개인정보의 보유 및 이용기간 : 수집한 개인정보는 &apos;개인정보보호법&apos;, &apos;정보통신망 이용촉진 등에 관한 법률&apos; 등의 규정에 의하여 기록ㆍ보존되고, 기간이 경과할 경우 법에서 정하는 바에 따라 파기됩니다. 동의하시면 매일 오전7시(미리보는 오늘), 오후 6시(뉴스룸레터)에 타임7 뉴스레터를 동의해주신 이메일로 받아보실 수 있습니다. 위 사항에 동의합니다 * 수신동의 전 이메일 주소를 확인 후 신청 해주세요! E-Mail
</post>
<signature>

</signature>
<external_links>

</external_links>
<country>KR</country>
<main_image>http://pds.joins.com/news/component/osen_new/201605/12/201605122340775810_573499f5a46d7.jpg</main_image>
</document>
