<?xml version="1.0" encoding="UTF-8"?>
<document>
<type>mainstream</type>
<forum>http://www.almanar.com.lb/cat/lebanon/page/10</forum>
<forum_title>لبنان – Page 10 – موقع قناة المنار – لبنان</forum_title>
<discussion_title>سلوفاكيا ترفض استقبال اللاجئين</discussion_title>
<language>arabic</language>
<gmt_offset></gmt_offset>
<topic_url>http://www.almanar.com.lb/235695</topic_url>
<topic_text>
رفض وزير خارجية سلوفاكيا ميروسلاف لايتشاك في برلين اليوم الخميس 12 مايو/ أيار الالتزام بنظام الحصص الواجبة لتوزيع اللاجئين بين دول الإتحاد الأوروبي.
وأضاف الوزير أثناء الحوار في المنتدى الذي نظمته شركة “في دي إر” للإذاعة والتلفزيون أنه بالرغم من أن سلوفاكيا تدعم كل ما يدعمه الاتحاد الأوروبي، إلا أنها تعارض نظام الحصص، مشيرا إلى أن هذا النظام لن يعمل بشكل فعال.
وفي هذا السياق شدد لايتشاك على أن “سلوفاكيا مستعدة لاستضافة لاجئين يريدون الوصول إليها ولكنهم لا يرغبون في الإقامة فيها”.
المصدر: روسيا اليوم
</topic_text>
<spam_score>0.00</spam_score>
<post_num>1</post_num>
<post_id>post-1</post_id>
<post_url>http://www.almanar.com.lb/235695</post_url>
<post_date>20160512</post_date>
<post_time></post_time>
<username>almanar.com.lb</username>
<post>
رفض وزير خارجية سلوفاكيا ميروسلاف لايتشاك في برلين اليوم الخميس 12 مايو/ أيار الالتزام بنظام الحصص الواجبة لتوزيع اللاجئين بين دول الإتحاد الأوروبي.
وأضاف الوزير أثناء الحوار في المنتدى الذي نظمته شركة “في دي إر” للإذاعة والتلفزيون أنه بالرغم من أن سلوفاكيا تدعم كل ما يدعمه الاتحاد الأوروبي، إلا أنها تعارض نظام الحصص، مشيرا إلى أن هذا النظام لن يعمل بشكل فعال.
وفي هذا السياق شدد لايتشاك على أن “سلوفاكيا مستعدة لاستضافة لاجئين يريدون الوصول إليها ولكنهم لا يرغبون في الإقامة فيها”.
المصدر: روسيا اليوم
</post>
<signature>

</signature>
<external_links>

</external_links>
<country>GB</country>
<main_image>http://www.almanar.com.lb/framework/includes/uploads/2016/04/manar-00153600014595807894-530x352.jpg</main_image>
</document>
