<?xml version="1.0" encoding="UTF-8"?>
<document>
<type>mainstream</type>
<forum>http://blikopnieuws.nl//feeds/noord-holland/rss.xml</forum>
<forum_title>Blik op nieuws - Al het nieuws uit Nederland en zijn 12 provincies</forum_title>
<discussion_title>Schiphol opent online museum</discussion_title>
<language>dutch</language>
<gmt_offset></gmt_offset>
<topic_url>http://www.blikopnieuws.nl/nieuws/240927/schiphol-opent-online-museum.html</topic_url>
<topic_text>
1 uur 40 min geleden Update: 12-05-2016 17:32 Schiphol opent online museum Foto: Screenshot Schiphol 
Vanaf vandaag kan iedereen via de website schiphol100jaar.nl een online museum over onze jubilerende luchthaven Schiphol bezoeken. Bijzonder is dat bezoekers zelf óók oude Schiphol-foto’s, video’s en bijzondere verhalen kunnen uploaden. Het museum is een reis door de tijd in beeld en tekst uit de rijke 100-jarige geschiedenis van Schiphol. Van het eerste straalvliegtuig tot de opening van de Polderbaan. Van vliegende dieren tot de aankomst van The Beatles. 
In het online museum zijn foto’s en filmpjes te zien die niet eerder op deze manier in een overzicht zijn samengebracht. De beelden zijn afkomstig uit archieven van Schiphol zelf en van partners als het Stadsarchief Amsterdam, het Amsterdam Museum en het Stedelijk Museum Amsterdam. Ook foto’s en video’s uit het publieke domein zijn voor deze virtuele tentoonstelling gebruikt. Zelf foto’s en filmpjes uploaden 
Paul Luijten van het projectteam 100 Jaar Schiphol: “Dit is een gratis toegankelijk museum van en vóór iedereen.Schiphol100jaar.nl is, net als onze luchthaven, zeven dagen per week, 24 uur per dag open. Het museum maakt qua omvang een bescheiden start en wordt vanaf nu voortdurend aangevuld met nieuwe items. En we hopen natuurlijk dat iedereen die nog een bijzondere foto of een mooi filmpje op zolder heeft liggen van de luchthaven, dit met ons gaat delen in de collectie ‘ingezonden’ op de website. Zo zorgen we er straks samen voor dat al die Schiphol-herinneringen in beeld en tekst, levend blijven voor toekomstige generaties.” Categorie:
</topic_text>
<spam_score>0.00</spam_score>
<post_num>1</post_num>
<post_id>post-1</post_id>
<post_url>http://www.blikopnieuws.nl/nieuws/240927/schiphol-opent-online-museum.html</post_url>
<post_date>20160512</post_date>
<post_time>1532</post_time>
<username>Redactie</username>
<post>
1 uur 40 min geleden Update: 12-05-2016 17:32 Schiphol opent online museum Foto: Screenshot Schiphol 
Vanaf vandaag kan iedereen via de website schiphol100jaar.nl een online museum over onze jubilerende luchthaven Schiphol bezoeken. Bijzonder is dat bezoekers zelf óók oude Schiphol-foto’s, video’s en bijzondere verhalen kunnen uploaden. Het museum is een reis door de tijd in beeld en tekst uit de rijke 100-jarige geschiedenis van Schiphol. Van het eerste straalvliegtuig tot de opening van de Polderbaan. Van vliegende dieren tot de aankomst van The Beatles. 
In het online museum zijn foto’s en filmpjes te zien die niet eerder op deze manier in een overzicht zijn samengebracht. De beelden zijn afkomstig uit archieven van Schiphol zelf en van partners als het Stadsarchief Amsterdam, het Amsterdam Museum en het Stedelijk Museum Amsterdam. Ook foto’s en video’s uit het publieke domein zijn voor deze virtuele tentoonstelling gebruikt. Zelf foto’s en filmpjes uploaden 
Paul Luijten van het projectteam 100 Jaar Schiphol: “Dit is een gratis toegankelijk museum van en vóór iedereen.Schiphol100jaar.nl is, net als onze luchthaven, zeven dagen per week, 24 uur per dag open. Het museum maakt qua omvang een bescheiden start en wordt vanaf nu voortdurend aangevuld met nieuwe items. En we hopen natuurlijk dat iedereen die nog een bijzondere foto of een mooi filmpje op zolder heeft liggen van de luchthaven, dit met ons gaat delen in de collectie ‘ingezonden’ op de website. Zo zorgen we er straks samen voor dat al die Schiphol-herinneringen in beeld en tekst, levend blijven voor toekomstige generaties.” Categorie:
</post>
<signature>

</signature>
<external_links>

</external_links>
<country>NL</country>
<main_image>http://www.blikopnieuws.nl/sites/default/files/styles/nieuws-teaser-tn/public/artikel/schiphol-museum-virtueel.jpg?itok=_OvtoVjJ</main_image>
</document>
