<?xml version="1.0" encoding="UTF-8"?>
<document>
<type>mainstream</type>
<forum>http://www.efe.com/efe/noticias/america/2/rss</forum>
<forum_title>Agencia EFE | www.efe.com | Edición América</forum_title>
<discussion_title>R.DOMINICANA ELECCIONES - Reducir la delincuencia, principal propuesta de los candidatos a las elecciones dominicanas</discussion_title>
<language>spanish</language>
<gmt_offset></gmt_offset>
<topic_url>http://www.efe.com/efe/america/politica/reducir-la-delincuencia-principal-propuesta-de-los-candidatos-a-las-elecciones-dominicanas/20000035-2924088</topic_url>
<topic_text>
Reducir la delincuencia, principal propuesta de los candidatos a las elecciones dominicanas EFE Santo Domingo 12 may 2016 En la imagen un registro del presidente de República Dominicana, Danilo Medina, quien aspira a su reelección por segunda vez consecutiva, por el Partido de la Liberación Dominicana (PLD), tras una reforma constitucional llevada a cabo el año pasado. EFE/Archivo Menéame 
Reducir en un 50 por ciento la delincuencia, aumentar los sueldos de numerosos gremios como el de policías y médicos, aumentar la inversión en educación, la lucha contra la corrupción, un pacto fiscal y ahondar en combatir la violencia machista, son algunas de las propuestas de los ocho candidatos. 
Un total de ocho candidatos presidenciales se presentan a las elecciones de este domingo: Danilo Medina (actual presidente), Luis Abinader, Vinicio Castillo, Elías Wessin, Soraya Aquino, Hatuey de Camps, Guillermo Moreno y Minou Távarez Mirabal.
</topic_text>
<spam_score>0.00</spam_score>
<post_num>1</post_num>
<post_id>post-1</post_id>
<post_url>http://www.efe.com/efe/america/politica/reducir-la-delincuencia-principal-propuesta-de-los-candidatos-a-las-elecciones-dominicanas/20000035-2924088</post_url>
<post_date>20160512</post_date>
<post_time>1423</post_time>
<username></username>
<post>
Reducir la delincuencia, principal propuesta de los candidatos a las elecciones dominicanas EFE Santo Domingo 12 may 2016 En la imagen un registro del presidente de República Dominicana, Danilo Medina, quien aspira a su reelección por segunda vez consecutiva, por el Partido de la Liberación Dominicana (PLD), tras una reforma constitucional llevada a cabo el año pasado. EFE/Archivo Menéame 
Reducir en un 50 por ciento la delincuencia, aumentar los sueldos de numerosos gremios como el de policías y médicos, aumentar la inversión en educación, la lucha contra la corrupción, un pacto fiscal y ahondar en combatir la violencia machista, son algunas de las propuestas de los ocho candidatos. 
Un total de ocho candidatos presidenciales se presentan a las elecciones de este domingo: Danilo Medina (actual presidente), Luis Abinader, Vinicio Castillo, Elías Wessin, Soraya Aquino, Hatuey de Camps, Guillermo Moreno y Minou Távarez Mirabal.
</post>
<signature>

</signature>
<external_links>

</external_links>
<country>ES</country>
<main_image>http://estaticos.efe.com/efecom/recursos2/imagen.aspx?lVW2oAh2vjOb1XZaTD7IjMVPz7hlGJSGQ4TncnkXVSTX-P-2bAoG0sxzXPZPAk5l-P-2fU5UDrJPi4kuXFORoDXuGJ12Jg-P-3d-P-3d</main_image>
</document>
