<?xml version="1.0" encoding="UTF-8"?>
<document>
<type>mainstream</type>
<forum>http://www.sermonaudio.com/rss_source.rss</forum>
<forum_title>SermonAudio.com</forum_title>
<discussion_title>VIDEO: Mount Sinai</discussion_title>
<language>english</language>
<gmt_offset></gmt_offset>
<topic_url>http://www.sermonaudio.com/sermoninfo.asp?SID=512161149212</topic_url>
<topic_text>
The Babel Conspiracy  10/9/2011 | 5 posts  Understanding Prophecy - Intro  1/25/2011 | Michael W. Hoggard isÂ the author of âThe King James Codeâ and serves as senior pastor of Bethel Church located in Festus, Missouri. He is the founder and director of Prophetic Research Ministries. He has spent many years researching the Scriptures and has discovered several biblical... Listen to more sermons by this speaker | 
</topic_text>
<spam_score>0.00</spam_score>
<post_num>1</post_num>
<post_id>post-1</post_id>
<post_url>http://www.sermonaudio.com/sermoninfo.asp?SID=512161149212</post_url>
<post_date>20160512</post_date>
<post_time>0500</post_time>
<username>Mike Hoggard</username>
<post>
The Babel Conspiracy  10/9/2011 | 5 posts  Understanding Prophecy - Intro  1/25/2011 | Michael W. Hoggard isÂ the author of âThe King James Codeâ and serves as senior pastor of Bethel Church located in Festus, Missouri. He is the founder and director of Prophetic Research Ministries. He has spent many years researching the Scriptures and has discovered several biblical... Listen to more sermons by this speaker | 
</post>
<signature>

</signature>
<external_links>

</external_links>
<country>US</country>
<main_image>http://media.sermonaudio.com/sermons112/512161149212.jpg</main_image>
</document>
