<?xml version="1.0" encoding="UTF-8"?>
<document>
<type>mainstream</type>
<forum></forum>
<forum_title></forum_title>
<discussion_title>本田圭佑、実質保有のホルン２部昇格へ「格別な喜び」 | ハブブ速報</discussion_title>
<language>english</language>
<gmt_offset></gmt_offset>
<topic_url>http://matometemasu.net/?p=25003</topic_url>
<topic_text>

</topic_text>
<spam_score>0.00</spam_score>
<post_num>1</post_num>
<post_id>post-1</post_id>
<post_url>http://matometemasu.net/?p=25003</post_url>
<post_date>20160512</post_date>
<post_time></post_time>
<username></username>
<post>

</post>
<signature>

</signature>
<external_links>

</external_links>
<country>JP</country>
<main_image>http://cotohasteareview.com/wp-content/uploads/2016/04/habubu.jpg</main_image>
</document>
