<?xml version="1.0" encoding="UTF-8"?>
<document>
<type>mainstream</type>
<forum>http://www.guidasicilia.it/cinerss2.jsp?p=CT</forum>
<forum_title>Film in provincia di Catania - Guidasicilia</forum_title>
<discussion_title>[Drammatico] Due euro l&apos;ora</discussion_title>
<language>italian</language>
<gmt_offset></gmt_offset>
<topic_url>http://www.guidasicilia.it/ita/main/cinema/resultFilm.jsp?lsFilm=Due+euro+l%27ora</topic_url>
<topic_text>
S4U S.r.l. Socio Unico - Capitale Sociale € 10.000,00 Int. Vers. - N° REA 229125 - P.IVA 04999810825Tutti i diritti riservati. All rights reserved
</topic_text>
<spam_score>0.00</spam_score>
<post_num>1</post_num>
<post_id>post-1</post_id>
<post_url>http://www.guidasicilia.it/ita/main/cinema/resultFilm.jsp?lsFilm=Due+euro+l%27ora</post_url>
<post_date>20160512</post_date>
<post_time>1828</post_time>
<username></username>
<post>
S4U S.r.l. Socio Unico - Capitale Sociale € 10.000,00 Int. Vers. - N° REA 229125 - P.IVA 04999810825Tutti i diritti riservati. All rights reserved
</post>
<signature>

</signature>
<external_links>

</external_links>
<country>IT</country>
<main_image></main_image>
</document>
