<?xml version="1.0" encoding="UTF-8"?>
<document>
<type>mainstream</type>
<forum>http://dengi.48.ru/text/rss.xml?1453373668</forum>
<forum_title>dengi.48.ru / Новости и статьи</forum_title>
<discussion_title>Золото, валюта или недвижимость?</discussion_title>
<language>russian</language>
<gmt_offset></gmt_offset>
<topic_url>http://dengi.48.ru/text/money/165201865592832.html?full=3</topic_url>
<topic_text>
Ответил: Paha111Bаз | Все опросы , золото , инвестиции Золото, акции, ПИФы, интернет-проекты, собственное дело, нетрадиционные валюты – швейцарские франки, юани, а может, биткоины? А может – сразу в кредиты для частных предпринимателей – войти в «Поток» с «Альфа-Банком», например? Не рассматриваем инвестиции с высоким порогом входа (типа евробондов). Из наиболее упоминаемых альтернативных валют – юани, фунты стерлингов, швейцарские франки. Все на данный момент по динамике доходности приблизительно одинаковы. Швейцарский франк было интересно покупать для длинных инвестиций 10 лет назад, доходность за этот период по нему выше, чем по долларам и евро, юань – два года назад. Из совсем экзотичных валют – самая дорогая валюта на сегодняшний день – электронный биткоин. К концу ноября 2013 года их было примерно 11 млн 980 тыс. Интересно, что их количество ограничено – около 21 млн в 2009 году, а к концу ноября 2013 года их было где-то 11 млн. 980 тыс. В первые четыре года существования этой валюты было создано 10,5 млн биткоинов. Сумма уменьшается в два раза каждые четыре года, т.е. еще пять за следующую четырехлетку, и дальше цифра будет сокращаться последовательно. Последний биткоин ориентировочно появится в 2140 году. За что можно расплатиться биткоинами, например, в Москве? После того как Центробанк объявил эту валюту денежным суррогатом, распространение виртуальной валюты в России затормозилось, правда, официального запрета нет, поэтому ими можно расплатиться в некоторых юридических фирмах, в сети Subway (только в Москве и не во всех бистро!). В принципе, как и во всех волнах кризиса, важно поймать эту волну – войти на пике снижения, продать на пике спроса. Но знал бы прикуп, жил бы в Сочи. Чтобы предугадать, как изменится цена, и заработать в короткий срок, надо иметь доступ к инсайдерской информации. стоимость комиссий при выдаче средств или слитков со счета; Динамика роста цены золота впечатляющая – в начале января 2006 грамм стоил 496,8 рубля, в январе 2016 – 2490,71 руб. Т.е. в январе 2006 года вы могли купить по котировке ЦБ на 1 миллион рублей 2012 граммов золота, в 2016 году продать по новой цене, и ваш «грязный доход» составил бы 4 млн 013 рублей, или снять уже слитками, которые стоят опять же дорого. Недвижимость в таблице – стоимость наиболее популярного жилья 97 серии, при этом допускаем, что покупали в 2006 и 2013 году новостройки, а продавали в 2016 – как вторичное. 
496,8 
2 012,9
</topic_text>
<spam_score>0.00</spam_score>
<post_num>1</post_num>
<post_id>post-1</post_id>
<post_url>http://dengi.48.ru/text/money/165201865592832.html?full=3</post_url>
<post_date>20160511</post_date>
<post_time>0755</post_time>
<username></username>
<post>
Ответил: Paha111Bаз | Все опросы , золото , инвестиции Золото, акции, ПИФы, интернет-проекты, собственное дело, нетрадиционные валюты – швейцарские франки, юани, а может, биткоины? А может – сразу в кредиты для частных предпринимателей – войти в «Поток» с «Альфа-Банком», например? Не рассматриваем инвестиции с высоким порогом входа (типа евробондов). Из наиболее упоминаемых альтернативных валют – юани, фунты стерлингов, швейцарские франки. Все на данный момент по динамике доходности приблизительно одинаковы. Швейцарский франк было интересно покупать для длинных инвестиций 10 лет назад, доходность за этот период по нему выше, чем по долларам и евро, юань – два года назад. Из совсем экзотичных валют – самая дорогая валюта на сегодняшний день – электронный биткоин. К концу ноября 2013 года их было примерно 11 млн 980 тыс. Интересно, что их количество ограничено – около 21 млн в 2009 году, а к концу ноября 2013 года их было где-то 11 млн. 980 тыс. В первые четыре года существования этой валюты было создано 10,5 млн биткоинов. Сумма уменьшается в два раза каждые четыре года, т.е. еще пять за следующую четырехлетку, и дальше цифра будет сокращаться последовательно. Последний биткоин ориентировочно появится в 2140 году. За что можно расплатиться биткоинами, например, в Москве? После того как Центробанк объявил эту валюту денежным суррогатом, распространение виртуальной валюты в России затормозилось, правда, официального запрета нет, поэтому ими можно расплатиться в некоторых юридических фирмах, в сети Subway (только в Москве и не во всех бистро!). В принципе, как и во всех волнах кризиса, важно поймать эту волну – войти на пике снижения, продать на пике спроса. Но знал бы прикуп, жил бы в Сочи. Чтобы предугадать, как изменится цена, и заработать в короткий срок, надо иметь доступ к инсайдерской информации. стоимость комиссий при выдаче средств или слитков со счета; Динамика роста цены золота впечатляющая – в начале января 2006 грамм стоил 496,8 рубля, в январе 2016 – 2490,71 руб. Т.е. в январе 2006 года вы могли купить по котировке ЦБ на 1 миллион рублей 2012 граммов золота, в 2016 году продать по новой цене, и ваш «грязный доход» составил бы 4 млн 013 рублей, или снять уже слитками, которые стоят опять же дорого. Недвижимость в таблице – стоимость наиболее популярного жилья 97 серии, при этом допускаем, что покупали в 2006 и 2013 году новостройки, а продавали в 2016 – как вторичное. 
496,8 
2 012,9
</post>
<signature>

</signature>
<external_links>

</external_links>
<country>RU</country>
<main_image>http://i.sdska.ru/_img/system/default/themes/logos/regions/png/200-200-logo-48.png</main_image>
</document>
