<?xml version="1.0" encoding="UTF-8"?>
<document>
<type>mainstream</type>
<forum>http://www.freeads.co.uk/uk/recent/rss</forum>
<forum_title>Recent Free Ads in the UK</forum_title>
<discussion_title>boys clothes age 7</discussion_title>
<language>english</language>
<gmt_offset></gmt_offset>
<topic_url>http://www.freeads.co.uk/uk/buy__sell/home__garden/children__baby_items/childrens_clothes/31257831/boys-clothes-age-7/view</topic_url>
<topic_text>
Tiger grey swim bag 18 inches h, 17 inches w age 7-8 shorts excellent age 7-8 long sleeve top excellent from george age 7-8 camoflage t shirt excellent from george age 7 baseball top very good from adams from no smoking home £4.00 Post to: United Kingdom Payments:
</topic_text>
<spam_score>0.00</spam_score>
<post_num>1</post_num>
<post_id>post-1</post_id>
<post_url>http://www.freeads.co.uk/uk/buy__sell/home__garden/children__baby_items/childrens_clothes/31257831/boys-clothes-age-7/view</post_url>
<post_date>20160512</post_date>
<post_time>1703</post_time>
<username></username>
<post>
Tiger grey swim bag 18 inches h, 17 inches w age 7-8 shorts excellent age 7-8 long sleeve top excellent from george age 7-8 camoflage t shirt excellent from george age 7 baseball top very good from adams from no smoking home £4.00 Post to: United Kingdom Payments:
</post>
<signature>

</signature>
<external_links>

</external_links>
<country>GB</country>
<main_image>http://static1.freeads.co.uk/img/280x211/0f4431ecb65b166f9583745097267b50d66b8f20.jpg</main_image>
</document>
