<?xml version="1.0" encoding="UTF-8"?>
<document>
<type>mainstream</type>
<forum>http://rss.informador.com.mx/informador-entretenimiento?format=xml</forum>
<forum_title>informador.com.mx - Entretenimiento</forum_title>
<discussion_title>Julia Roberts se niega a dirigir películas</discussion_title>
<language>spanish</language>
<gmt_offset></gmt_offset>
<topic_url>http://www.informador.com.mx/entretenimiento/2016/660864/6/julia-roberts-se-niega-a-dirigir-peliculas.htm</topic_url>
<topic_text>
Julia Roberts se niega a dirigir películas Síguenos en: 
Julia Roberts se niega a dirigir películas Email: &apos;Conozco mis límites intelectuales&apos;, responde la famosa a la prensa La actriz afirma carecer de &apos;paciencia&apos; e &apos;inteligencia&apos; necesarias para ser directora CANNES, FRANCIA (12/MAY/2016) .- La actriz estadunidense Julia Roberts afirmó que carece de la &quot;paciencia&quot; y de la &quot;inteligencia&quot; necesarias para dirigir películas algún día. &quot;Considero que es un gran cumplido que me pregunte eso, pero no es el caso porque conozco mis límites intelectuales&quot;, respondió Roberts a un periodista que le preguntó si deseaba convertirse en directora de cine en el marco de una rueda de prensa en la 69 edición del Festival Internacional de Cine de Cannes . &quot;Sé además a qué límite llega mi paciencia y no puedo soportar que más de cuatro personas me hagan una pregunta en una hora&quot; añadió, en referencia al trabajo de un director de cine. Roberts participó en la rueda de prensa, al ser protagonista de la película &quot;Money Monster&quot;, que dirigió la actriz Jodie Foster y coprotagoniza George Clooney y que fue estrenada hoy en Cannes fuera de competencia con la presencia de los dos histriones. &quot;Dirigir no es como pintar o tocar violonchelo. Son talentos que me gustaría cumplir pero de momento quiero ver eso a distancia y sentirme satisfecha de acercarme a grandes directores a los cuales servir e impresionar&quot;, agregó Julia Roberts a la pregunta de si quería dirigir y seguir de esa manera los pasos de Jodie Foster. Roberts es la primera vez que participa en el festival de Cannes. &quot;Aquí me siento segura. Nunca había venido. Me parece un lugar totalmente loco, una gran celebración del cine, y me parece muy interesante estar aquí (...) Es un sueño que se hace realidad&quot;, comentó la protagonista de &quot;Mujer Bonita&quot; a la prensa. NTX / EDML Hoy 11:12 hrs :: Multimedia Videos Taylor Swift recibe premio que lleva su nombre en los BMI LOS ÁNGELES, ESTADOS UNIDOS (10/MAY/2016).- La cantante estadounidense Taylor Swift recibió eel trofeo que lleva su nombre de los BMI Awards en reconocimiento a su influencia y su talento creativo y artístico. EFE 
Cannes 2016 abre la alfombra roja 
Cannes prepara la fiesta del cine entre fuerte vigilancia 
La semana de los famosos en Instagram 
Kim Kardashian causa revuelo en La Habana 
Fans celebran el Día de Star Wars 
#LadyCajero se vuelve viral y surgen memes 
Lluvia de celebridades en la gala del Met 2016 
La semana de los famosos en Instagram 
Difunden fotos de la princesa Carlota por su primer año 
Elenco de &apos;Civil War&apos; se relaja en estreno londinense 
Explosión musical en el Vive Latino 2016 
Prince, ícono del pop, muere a los 57 
Jennifer Aniston, la más bella según People 
Los príncipes Guillermo y Enrique visitan rodaje de &apos;Star Wars&apos; 
Una carrera para locos por el lodo 
Vicente Fernández cimbra el Estadio Azteca en despedida 
La semana de los famosos en Instagram 
Emma Watson celebra 26 años de vida 
Los mejores pósters en CinemaCon 
Desfile de estrellas en CinemaCon 
EL INFORMADOR valora la expresión libre de los usuarios en el sitio web y redes sociales del medio, pero aclara que la responsabilidad de los comentarios se atribuye a cada autor, al tiempo que exhorta a una comunicación respetuosa. 
En caso de considerar que algún comentario no debería mostrarse por ofender a otras personas, instituciones, o ir contra la Ley, cualquier lector puede denunciarlo utilizando el botón de a la derecha de cada comentario. 
PARA MOSTRAR LOS COMENTARIOS DE ESTA NOTA PULSA EN ESTE AVISO Aviso Legal de los Comentarios [+] El Usuario reconoce que la información y opiniones de los contenidos, comentarios, imágenes, videos o información que son publicados o difundidos por terceros en el uso de los servicios de comunicación y redes sociales en los que se vincula la participación de EL INFORMADOR, pertenecen únicamente al criterio de su creador y no reflejan las opiniones o políticas de UNIÓN EDITORIALISTA, S.A. DE C.V., por lo que el Usuario libera expresamente a UNIÓN EDITORIALISTA, S.A. DE C.V., de cualquier afectación de derechos de terceros derivado de las opiniones, imágenes o contenidos de terceros.
</topic_text>
<spam_score>0.00</spam_score>
<post_num>1</post_num>
<post_id>post-1</post_id>
<post_url>http://www.informador.com.mx/entretenimiento/2016/660864/6/julia-roberts-se-niega-a-dirigir-peliculas.htm</post_url>
<post_date>20160512</post_date>
<post_time>1612</post_time>
<username></username>
<post>
Julia Roberts se niega a dirigir películas Síguenos en: 
Julia Roberts se niega a dirigir películas Email: &apos;Conozco mis límites intelectuales&apos;, responde la famosa a la prensa La actriz afirma carecer de &apos;paciencia&apos; e &apos;inteligencia&apos; necesarias para ser directora CANNES, FRANCIA (12/MAY/2016) .- La actriz estadunidense Julia Roberts afirmó que carece de la &quot;paciencia&quot; y de la &quot;inteligencia&quot; necesarias para dirigir películas algún día. &quot;Considero que es un gran cumplido que me pregunte eso, pero no es el caso porque conozco mis límites intelectuales&quot;, respondió Roberts a un periodista que le preguntó si deseaba convertirse en directora de cine en el marco de una rueda de prensa en la 69 edición del Festival Internacional de Cine de Cannes . &quot;Sé además a qué límite llega mi paciencia y no puedo soportar que más de cuatro personas me hagan una pregunta en una hora&quot; añadió, en referencia al trabajo de un director de cine. Roberts participó en la rueda de prensa, al ser protagonista de la película &quot;Money Monster&quot;, que dirigió la actriz Jodie Foster y coprotagoniza George Clooney y que fue estrenada hoy en Cannes fuera de competencia con la presencia de los dos histriones. &quot;Dirigir no es como pintar o tocar violonchelo. Son talentos que me gustaría cumplir pero de momento quiero ver eso a distancia y sentirme satisfecha de acercarme a grandes directores a los cuales servir e impresionar&quot;, agregó Julia Roberts a la pregunta de si quería dirigir y seguir de esa manera los pasos de Jodie Foster. Roberts es la primera vez que participa en el festival de Cannes. &quot;Aquí me siento segura. Nunca había venido. Me parece un lugar totalmente loco, una gran celebración del cine, y me parece muy interesante estar aquí (...) Es un sueño que se hace realidad&quot;, comentó la protagonista de &quot;Mujer Bonita&quot; a la prensa. NTX / EDML Hoy 11:12 hrs :: Multimedia Videos Taylor Swift recibe premio que lleva su nombre en los BMI LOS ÁNGELES, ESTADOS UNIDOS (10/MAY/2016).- La cantante estadounidense Taylor Swift recibió eel trofeo que lleva su nombre de los BMI Awards en reconocimiento a su influencia y su talento creativo y artístico. EFE 
Cannes 2016 abre la alfombra roja 
Cannes prepara la fiesta del cine entre fuerte vigilancia 
La semana de los famosos en Instagram 
Kim Kardashian causa revuelo en La Habana 
Fans celebran el Día de Star Wars 
#LadyCajero se vuelve viral y surgen memes 
Lluvia de celebridades en la gala del Met 2016 
La semana de los famosos en Instagram 
Difunden fotos de la princesa Carlota por su primer año 
Elenco de &apos;Civil War&apos; se relaja en estreno londinense 
Explosión musical en el Vive Latino 2016 
Prince, ícono del pop, muere a los 57 
Jennifer Aniston, la más bella según People 
Los príncipes Guillermo y Enrique visitan rodaje de &apos;Star Wars&apos; 
Una carrera para locos por el lodo 
Vicente Fernández cimbra el Estadio Azteca en despedida 
La semana de los famosos en Instagram 
Emma Watson celebra 26 años de vida 
Los mejores pósters en CinemaCon 
Desfile de estrellas en CinemaCon 
EL INFORMADOR valora la expresión libre de los usuarios en el sitio web y redes sociales del medio, pero aclara que la responsabilidad de los comentarios se atribuye a cada autor, al tiempo que exhorta a una comunicación respetuosa. 
En caso de considerar que algún comentario no debería mostrarse por ofender a otras personas, instituciones, o ir contra la Ley, cualquier lector puede denunciarlo utilizando el botón de a la derecha de cada comentario. 
PARA MOSTRAR LOS COMENTARIOS DE ESTA NOTA PULSA EN ESTE AVISO Aviso Legal de los Comentarios [+] El Usuario reconoce que la información y opiniones de los contenidos, comentarios, imágenes, videos o información que son publicados o difundidos por terceros en el uso de los servicios de comunicación y redes sociales en los que se vincula la participación de EL INFORMADOR, pertenecen únicamente al criterio de su creador y no reflejan las opiniones o políticas de UNIÓN EDITORIALISTA, S.A. DE C.V., por lo que el Usuario libera expresamente a UNIÓN EDITORIALISTA, S.A. DE C.V., de cualquier afectación de derechos de terceros derivado de las opiniones, imágenes o contenidos de terceros.
</post>
<signature>

</signature>
<external_links>

</external_links>
<country>MX</country>
<main_image>http://img.informador.com.mx/biblioteca/imagen/677x508/1309/1308874.jpg</main_image>
</document>
