<?xml version="1.0" encoding="UTF-8"?>
<document>
<type>mainstream</type>
<forum>http://irna.ir/fa/rss.aspx?kind=21</forum>
<forum_title>www.irna.ir</forum_title>
<discussion_title>آتش سوزی گسترده مجتمع تجاری در خیابان هنگام تهران/ پنج مغازه در آتش سوخت</discussion_title>
<language>persian</language>
<gmt_offset></gmt_offset>
<topic_url>http://www.irna.ir/fa/News/82072220/</topic_url>
<topic_text>
برای ارسال به چندین ایمیل از علامت , استفاده کنید Captcha: Cloob آتش سوزی گسترده مجتمع تجاری در خیابان هنگام تهران/ پنج مغازه در آتش سوخت تهران - ایرنا - سخنگوی سازمان آتش نشانی و خدمات ایمنی شهرداری تهران از وقوع حریق گسترده در یک مجتمع تجاری واقع در خیابان هنگام خبر داد و گفت: پنج واحد از مغازه های این مجتمع تجاری به طور کامل در آتش سوختند. سید جلال ملکی عصر پنج شنبه در گفت و گو با خبرنگار ایرنا افزود: حوالی ساعت 16 و 30 دقیقه عصر امروز حادثه آتش سوزی مرکز تجاری در خیابان هنگام (20متری شمیران نو) به سامانه 125 اعلام و ماموران چهار ایستگاه آتش نشانی به همراه خودروهای تنفسی و نردبان نجات به محل حادثه اعزام شدند. وی با بیان اینکه در زمان کمتر از دو دقیقه مامورین اعزامی اولین ایستگاه آتش نشانی در محل حادثه حاضر شد اظهار کرد: پنج باب از مغازه های طبقه همکف این مجتع تجاری به دلیل وسعت حریق ایجاد شده در آتش سوختند. ملکی با بیان اینکه این مرکز تجاری دارای 20 واحد مغازه عرضه پوشاک و طلا است خاطرنشان کرد: آتش از طریق سقف های کاذب درحال گسترش و سرایت به دیگر مغازه های مجتمع بود که نیروهای آتش نشان با اقدام موثر و به موقع ضمن مهار آتش مانع از گسترش حریق در این مرکز تجاری شدند. به گفته ملکی، همچنین آتش نشانان 20 نفر را که در میان دود و شعله های آتش گرفتار شده بودند نجات داده و از محل حادثه خارج کردند. وی افزود: خوشبختانه در این حادثه به کسی آسیب وارد نشده است. سخنگوی سازمان آتش نشانی شهرداری تهران تصریح کرد: علت وقوع این آتش سوزی گسترده از سوی کارشناسان این سازمان در دست بررسی است. تهرام/7243// 1625
</topic_text>
<spam_score>0.00</spam_score>
<post_num>1</post_num>
<post_id>post-1</post_id>
<post_url>http://www.irna.ir/fa/News/82072220/</post_url>
<post_date>20160512</post_date>
<post_time>2028</post_time>
<username></username>
<post>
برای ارسال به چندین ایمیل از علامت , استفاده کنید Captcha: Cloob آتش سوزی گسترده مجتمع تجاری در خیابان هنگام تهران/ پنج مغازه در آتش سوخت تهران - ایرنا - سخنگوی سازمان آتش نشانی و خدمات ایمنی شهرداری تهران از وقوع حریق گسترده در یک مجتمع تجاری واقع در خیابان هنگام خبر داد و گفت: پنج واحد از مغازه های این مجتمع تجاری به طور کامل در آتش سوختند. سید جلال ملکی عصر پنج شنبه در گفت و گو با خبرنگار ایرنا افزود: حوالی ساعت 16 و 30 دقیقه عصر امروز حادثه آتش سوزی مرکز تجاری در خیابان هنگام (20متری شمیران نو) به سامانه 125 اعلام و ماموران چهار ایستگاه آتش نشانی به همراه خودروهای تنفسی و نردبان نجات به محل حادثه اعزام شدند. وی با بیان اینکه در زمان کمتر از دو دقیقه مامورین اعزامی اولین ایستگاه آتش نشانی در محل حادثه حاضر شد اظهار کرد: پنج باب از مغازه های طبقه همکف این مجتع تجاری به دلیل وسعت حریق ایجاد شده در آتش سوختند. ملکی با بیان اینکه این مرکز تجاری دارای 20 واحد مغازه عرضه پوشاک و طلا است خاطرنشان کرد: آتش از طریق سقف های کاذب درحال گسترش و سرایت به دیگر مغازه های مجتمع بود که نیروهای آتش نشان با اقدام موثر و به موقع ضمن مهار آتش مانع از گسترش حریق در این مرکز تجاری شدند. به گفته ملکی، همچنین آتش نشانان 20 نفر را که در میان دود و شعله های آتش گرفتار شده بودند نجات داده و از محل حادثه خارج کردند. وی افزود: خوشبختانه در این حادثه به کسی آسیب وارد نشده است. سخنگوی سازمان آتش نشانی شهرداری تهران تصریح کرد: علت وقوع این آتش سوزی گسترده از سوی کارشناسان این سازمان در دست بررسی است. تهرام/7243// 1625
</post>
<signature>

</signature>
<external_links>

</external_links>
<country>IR</country>
<main_image></main_image>
</document>
