<?xml version="1.0" encoding="UTF-8"?>
<document>
<type>mainstream</type>
<forum></forum>
<forum_title></forum_title>
<discussion_title>Nut (MGG) Interview w/ WellconnectedWednesdays on Stopbeefinradio x Viewyoulive - Stop Beefin Radio</discussion_title>
<language>english</language>
<gmt_offset></gmt_offset>
<topic_url>http://www.stopbeefinradio.com/2016/05/07/nut-mgg-interview-w-wellconnectedwednesdays-stopbeefinradio-x-viewyoulive/</topic_url>
<topic_text>
Home » WellConnected » Nut (MGG) Interview w/ WellconnectedWednesdays on Stopbeefinradio x Viewyoulive Nut (MGG) Interview w/ WellconnectedWednesdays on Stopbeefinradio x Viewyoulive Posted on May 7, 2016 by admin in WellConnected // 0 Comments 
Check out WellConnectedWednesdays every Wed on Viewyoulive.com – Exclusive Live Mixshow by #Greatest DJs DJ Skrill w/ interviews from Mike Treez and St James. Held at #WCGSBR Headquarters this edition is live with Indianapolis artist Nut. 
Follow him on instagram: @nutmgg 

</topic_text>
<spam_score>0.00</spam_score>
<post_num>1</post_num>
<post_id>post-1</post_id>
<post_url>http://www.stopbeefinradio.com/2016/05/07/nut-mgg-interview-w-wellconnectedwednesdays-stopbeefinradio-x-viewyoulive/</post_url>
<post_date>20160507</post_date>
<post_time></post_time>
<username></username>
<post>
Home » WellConnected » Nut (MGG) Interview w/ WellconnectedWednesdays on Stopbeefinradio x Viewyoulive Nut (MGG) Interview w/ WellconnectedWednesdays on Stopbeefinradio x Viewyoulive Posted on May 7, 2016 by admin in WellConnected // 0 Comments 
Check out WellConnectedWednesdays every Wed on Viewyoulive.com – Exclusive Live Mixshow by #Greatest DJs DJ Skrill w/ interviews from Mike Treez and St James. Held at #WCGSBR Headquarters this edition is live with Indianapolis artist Nut. 
Follow him on instagram: @nutmgg 

</post>
<signature>

</signature>
<external_links>

</external_links>
<country>US</country>
<main_image>http://www.stopbeefinradio.com/wp-content/uploads/2016/05/Nut2.jpg</main_image>
</document>
