<?xml version="1.0" encoding="UTF-8"?>
<document>
<type>mainstream</type>
<forum>http://www.lantenne.com/xml/syndication.rss</forum>
<forum_title>L&apos;Antenne - Les transports et la logistique au quotidien</forum_title>
<discussion_title>Travailleurs détachés : les pays de l&apos;Est vent debout contre Bruxelles</discussion_title>
<language>french</language>
<gmt_offset></gmt_offset>
<topic_url>http://www.lantenne.com/Travailleurs-detaches-les-pays-de-l-Est-vent-debout-contre-Bruxelles_a31163.html</topic_url>
<topic_text>
Travailleurs détachés : les pays de l&apos;Est vent debout contre Bruxelles Désolé, vous devez être abonné pour lire cet article. Rendez-vous dans la rubrique abonnement du site pour consulter nos offres. Travailleurs détachés : les pays de l&apos;Est vent debout contre Bruxelles Rédigé le Jeudi 12 Mai 2016 Qu&apos;est-ce que L&apos;Antenne ? Le site internet de L&apos;Antenne est la première plateforme B2B française de services et d’actualité consacrée au secteur du transport et de la logistique. Quotidiennement nous traitons de l’actualité du fret maritime, aérien, routier, fluvial, ferroviaire et multimodal ainsi que de la logistique, de l&apos;industrie, de l&apos;énergie et des matières premières. Nous apportons aux professionnels des outils et services qui facilitent leur travail et aident à la prise de décisions. Chaque année, nous éditons des guides de référence dans le secteur : &quot;Le Fret aérien pratique&quot; et &quot;Le Fret maritime pratique&quot; en plus de notre guide pratique des Incoterms©. L&apos;Antenne est aussi organisateur de salons sur les thématiques du transport multimodal de fret, de l’export et de la logistique. Mentions ours
</topic_text>
<spam_score>0.00</spam_score>
<post_num>1</post_num>
<post_id>post-1</post_id>
<post_url>http://www.lantenne.com/Travailleurs-detaches-les-pays-de-l-Est-vent-debout-contre-Bruxelles_a31163.html</post_url>
<post_date>20160512</post_date>
<post_time>1323</post_time>
<username>AFP</username>
<post>
Travailleurs détachés : les pays de l&apos;Est vent debout contre Bruxelles Désolé, vous devez être abonné pour lire cet article. Rendez-vous dans la rubrique abonnement du site pour consulter nos offres. Travailleurs détachés : les pays de l&apos;Est vent debout contre Bruxelles Rédigé le Jeudi 12 Mai 2016 Qu&apos;est-ce que L&apos;Antenne ? Le site internet de L&apos;Antenne est la première plateforme B2B française de services et d’actualité consacrée au secteur du transport et de la logistique. Quotidiennement nous traitons de l’actualité du fret maritime, aérien, routier, fluvial, ferroviaire et multimodal ainsi que de la logistique, de l&apos;industrie, de l&apos;énergie et des matières premières. Nous apportons aux professionnels des outils et services qui facilitent leur travail et aident à la prise de décisions. Chaque année, nous éditons des guides de référence dans le secteur : &quot;Le Fret aérien pratique&quot; et &quot;Le Fret maritime pratique&quot; en plus de notre guide pratique des Incoterms©. L&apos;Antenne est aussi organisateur de salons sur les thématiques du transport multimodal de fret, de l’export et de la logistique. Mentions ours
</post>
<signature>

</signature>
<external_links>

</external_links>
<country>FR</country>
<main_image>http://www.lantenne.com/photo/art/grande/9468286-15188105.jpg?v=1463063171</main_image>
</document>
