<?xml version="1.0" encoding="UTF-8"?>
<document>
<type>mainstream</type>
<forum>http://rss.joins.com/news/joins_star_entertainment_list.xml</forum>
<forum_title>중앙일보 | 방송·연예</forum_title>
<discussion_title>김재욱 “10살 연하 아내에 시집 안 올 거면 놔달라 했다”(자기야)</discussion_title>
<language>korean</language>
<gmt_offset></gmt_offset>
<topic_url>http://news.joins.com/article/20019081?cloc=rss%7Csports_ent%7Cbroadcast</topic_url>
<topic_text>
김재욱 “10살 연하 아내에 시집 안 올 거면 놔달라 했다”(자기야) [뉴스엔] 입력 2016.05.12 23:54 &apos;자기야&apos; 김재욱이 아내에 초강수를 둔 사연을 공개했다.5월 12일 방송된 SBS &apos;자기야-백년손님&apos;에 출연한 김재욱은 &quot;아내가 10살 연하다&quot;고 운을 뗐다.김재욱은 &quot;아내에게 지금 시집 안 올 거면 날 놔달라고 한 적이 있다&quot;며 &quot;&apos;넌 헤어져도 젊지만 난 아니다. 결혼하지 않을 거면 놔달라&apos;고 했다&quot;고 털어놨다.이어 김재욱은 &quot;그랬더니 아내가 &apos;기다려봐. 부모님께 뭍밑작업 중이야&apos;라고 말했다. 그게 5년이 걸렸다&quot;고 말했다.(사진=SBS &apos;자기야-백년손님&apos; 방송 캡처)뉴스엔 김명미 mms2@copyrightⓒ 뉴스엔. 무단전재 &amp; 재배포 금지 좋아요 0 뉴스레터 신청서 작성 폼 개인정보 보호를 위한 이용자 동의사항 1. 개인정보 수집 및 이용 목적 : 회사는 수집한 개인정보를 트렌드 뉴스 레터발송을 위한 확인 및 발송 등의 업무를 위해 수집, 이용하고 있습니다. 2. 수집하는 개인정보 항목 : 이메일 3. 개인정보의 보유 및 이용기간 : 수집한 개인정보는 &apos;개인정보보호법&apos;, &apos;정보통신망 이용촉진 등에 관한 법률&apos; 등의 규정에 의하여 기록ㆍ보존되고, 기간이 경과할 경우 법에서 정하는 바에 따라 파기됩니다. 동의하시면 트렌드뉴스 주간을 매주 월요일 오전10시에 동의해주신 이메일로 받아보실 수 있습니다. 위 사항에 동의합니다 * 수신동의 전 이메일 주소를 확인 후 신청 해주세요! E-Mail 뉴스레터 신청서 작성 폼 개인정보 보호를 위한 이용자 동의사항 1. 개인정보 수집 및 이용 목적 : 회사는 수집한 개인정보를 타임7(미리보는 오늘, 뉴스룸레터) 발송을 위한 확인 및 발송 등의 업무를 위해 수집, 이용하고 있습니다. 2. 수집하는 개인정보 항목 : 이메일 3. 개인정보의 보유 및 이용기간 : 수집한 개인정보는 &apos;개인정보보호법&apos;, &apos;정보통신망 이용촉진 등에 관한 법률&apos; 등의 규정에 의하여 기록ㆍ보존되고, 기간이 경과할 경우 법에서 정하는 바에 따라 파기됩니다. 동의하시면 매일 오전7시(미리보는 오늘), 오후 6시(뉴스룸레터)에 타임7 뉴스레터를 동의해주신 이메일로 받아보실 수 있습니다. 위 사항에 동의합니다 * 수신동의 전 이메일 주소를 확인 후 신청 해주세요! E-Mail
</topic_text>
<spam_score>0.00</spam_score>
<post_num>1</post_num>
<post_id>post-1</post_id>
<post_url>http://news.joins.com/article/20019081?cloc=rss%7Csports_ent%7Cbroadcast</post_url>
<post_date>20160512</post_date>
<post_time>1454</post_time>
<username></username>
<post>
김재욱 “10살 연하 아내에 시집 안 올 거면 놔달라 했다”(자기야) [뉴스엔] 입력 2016.05.12 23:54 &apos;자기야&apos; 김재욱이 아내에 초강수를 둔 사연을 공개했다.5월 12일 방송된 SBS &apos;자기야-백년손님&apos;에 출연한 김재욱은 &quot;아내가 10살 연하다&quot;고 운을 뗐다.김재욱은 &quot;아내에게 지금 시집 안 올 거면 날 놔달라고 한 적이 있다&quot;며 &quot;&apos;넌 헤어져도 젊지만 난 아니다. 결혼하지 않을 거면 놔달라&apos;고 했다&quot;고 털어놨다.이어 김재욱은 &quot;그랬더니 아내가 &apos;기다려봐. 부모님께 뭍밑작업 중이야&apos;라고 말했다. 그게 5년이 걸렸다&quot;고 말했다.(사진=SBS &apos;자기야-백년손님&apos; 방송 캡처)뉴스엔 김명미 mms2@copyrightⓒ 뉴스엔. 무단전재 &amp; 재배포 금지 좋아요 0 뉴스레터 신청서 작성 폼 개인정보 보호를 위한 이용자 동의사항 1. 개인정보 수집 및 이용 목적 : 회사는 수집한 개인정보를 트렌드 뉴스 레터발송을 위한 확인 및 발송 등의 업무를 위해 수집, 이용하고 있습니다. 2. 수집하는 개인정보 항목 : 이메일 3. 개인정보의 보유 및 이용기간 : 수집한 개인정보는 &apos;개인정보보호법&apos;, &apos;정보통신망 이용촉진 등에 관한 법률&apos; 등의 규정에 의하여 기록ㆍ보존되고, 기간이 경과할 경우 법에서 정하는 바에 따라 파기됩니다. 동의하시면 트렌드뉴스 주간을 매주 월요일 오전10시에 동의해주신 이메일로 받아보실 수 있습니다. 위 사항에 동의합니다 * 수신동의 전 이메일 주소를 확인 후 신청 해주세요! E-Mail 뉴스레터 신청서 작성 폼 개인정보 보호를 위한 이용자 동의사항 1. 개인정보 수집 및 이용 목적 : 회사는 수집한 개인정보를 타임7(미리보는 오늘, 뉴스룸레터) 발송을 위한 확인 및 발송 등의 업무를 위해 수집, 이용하고 있습니다. 2. 수집하는 개인정보 항목 : 이메일 3. 개인정보의 보유 및 이용기간 : 수집한 개인정보는 &apos;개인정보보호법&apos;, &apos;정보통신망 이용촉진 등에 관한 법률&apos; 등의 규정에 의하여 기록ㆍ보존되고, 기간이 경과할 경우 법에서 정하는 바에 따라 파기됩니다. 동의하시면 매일 오전7시(미리보는 오늘), 오후 6시(뉴스룸레터)에 타임7 뉴스레터를 동의해주신 이메일로 받아보실 수 있습니다. 위 사항에 동의합니다 * 수신동의 전 이메일 주소를 확인 후 신청 해주세요! E-Mail
</post>
<signature>

</signature>
<external_links>

</external_links>
<country>KR</country>
<main_image>http://pds.joins.com/news/component/newsen/201605/12/201605122302140310_1.jpg</main_image>
</document>
