<?xml version="1.0" encoding="UTF-8"?>
<document>
<type>mainstream</type>
<forum></forum>
<forum_title></forum_title>
<discussion_title>Quando o Poder Público pode contratar temporariamente? | Artigos JusBrasil</discussion_title>
<language>portuguese</language>
<gmt_offset></gmt_offset>
<topic_url>http://maxieduca.jusbrasil.com.br/artigos/336840779/quando-o-poder-publico-pode-contratar-temporariamente</topic_url>
<topic_text>
Publicado por Maxi Educa - 10 minutos atrás LEIAM 2 NÃO LEIAM 
Ao julgar o Recurso Especial nº 658.026, em que foi reconhecida a repercussão geral, o Supremo Tribunal Federal reafirmou os casos em que a Administração Pública pode contratar temporários. 
Com base no art. 37 , II da Constituição , a Corte Máxima decidiu pela obrigatoriedade do concurso público, salientando que as regras que a restringem devem ser interpretadas restritivamente. 
Dessa forma, o STF resumiu o conteúdo jurídico do art. 37 , IX da Constituição , revelando que, para que se considere válida a contratação temporária é preciso que: 
A) os casos excepcionais estejam previstos em lei; 
B) o prazo de contratação seja predeterminado; 
C) a necessidade seja temporária; 
D) o interesse público seja excepcional; 
E) a necessidade de contratação seja indispensável, sendo vedada a contratação para os serviços ordinários permanentes do Estado, e que devam estar sob o espectro das contingências normais da Administração. Maxi Educa você e o mundo! Somos uma equipe que se dedica ao ramo dos concursos públicos. Trabalhamos para que você realize seu sonho! Siga-nos: www.maxieduca.com.br https://m.facebook.com/maxieduca/ 
</topic_text>
<spam_score>0.00</spam_score>
<post_num>1</post_num>
<post_id>post-1</post_id>
<post_url>http://maxieduca.jusbrasil.com.br/artigos/336840779/quando-o-poder-publico-pode-contratar-temporariamente</post_url>
<post_date>20160512</post_date>
<post_time></post_time>
<username>Maxi Educa Voc</username>
<post>
Publicado por Maxi Educa - 10 minutos atrás LEIAM 2 NÃO LEIAM 
Ao julgar o Recurso Especial nº 658.026, em que foi reconhecida a repercussão geral, o Supremo Tribunal Federal reafirmou os casos em que a Administração Pública pode contratar temporários. 
Com base no art. 37 , II da Constituição , a Corte Máxima decidiu pela obrigatoriedade do concurso público, salientando que as regras que a restringem devem ser interpretadas restritivamente. 
Dessa forma, o STF resumiu o conteúdo jurídico do art. 37 , IX da Constituição , revelando que, para que se considere válida a contratação temporária é preciso que: 
A) os casos excepcionais estejam previstos em lei; 
B) o prazo de contratação seja predeterminado; 
C) a necessidade seja temporária; 
D) o interesse público seja excepcional; 
E) a necessidade de contratação seja indispensável, sendo vedada a contratação para os serviços ordinários permanentes do Estado, e que devam estar sob o espectro das contingências normais da Administração. Maxi Educa você e o mundo! Somos uma equipe que se dedica ao ramo dos concursos públicos. Trabalhamos para que você realize seu sonho! Siga-nos: www.maxieduca.com.br https://m.facebook.com/maxieduca/ 
</post>
<signature>

</signature>
<external_links>

</external_links>
<country>US</country>
<main_image>http://imgs.jusbrasil.com/profiles/6346662/images/1461844212_standard.jpg</main_image>
</document>
