<?xml version="1.0" encoding="UTF-8"?>
<document>
<type>mainstream</type>
<forum>http://feeds.feedburner.com/AtlanticEducationChannel</forum>
<forum_title>Education | The Atlantic</forum_title>
<discussion_title>How Hard Is the New SAT?</discussion_title>
<language>english</language>
<gmt_offset></gmt_offset>
<topic_url>http://www.theatlantic.com/education/archive/2016/05/how-hard-is-the-new-sat/482376/</topic_url>
<topic_text>
SAT scores were released on Tuesday, more than two months after the first administration of the revamped exam and years after the media started to speculate about the new test’s difficulty. And it turns out that, after years of stagnation, the scores have gone up—rather significantly.
Maybe students are smarter and more prepared for the new exam than their predecessors. But chances are the upward score drift is a product of the test—not the test takers. As in the past, each section of the SAT is scored from 200 to 800. The average combined score on the old, three-section test was right around 1500; that would indicate that the average score would be about a 1000 on the new, two-section test. But the new average is actually close to 1090. according to data released by the College Board , which administers the SAT.
So has the new test been dumbed down ? Or has the revamped exam, which is supposed to be more closely aligned with real school work, created greater opportunities for students to shine?
</topic_text>
<spam_score>0.00</spam_score>
<post_num>1</post_num>
<post_id>post-1</post_id>
<post_url>http://www.theatlantic.com/education/archive/2016/05/how-hard-is-the-new-sat/482376/</post_url>
<post_date>20160512</post_date>
<post_time>1100</post_time>
<username>James S. Murphy</username>
<post>
SAT scores were released on Tuesday, more than two months after the first administration of the revamped exam and years after the media started to speculate about the new test’s difficulty. And it turns out that, after years of stagnation, the scores have gone up—rather significantly.
Maybe students are smarter and more prepared for the new exam than their predecessors. But chances are the upward score drift is a product of the test—not the test takers. As in the past, each section of the SAT is scored from 200 to 800. The average combined score on the old, three-section test was right around 1500; that would indicate that the average score would be about a 1000 on the new, two-section test. But the new average is actually close to 1090. according to data released by the College Board , which administers the SAT.
So has the new test been dumbed down ? Or has the revamped exam, which is supposed to be more closely aligned with real school work, created greater opportunities for students to shine?
</post>
<signature>

</signature>
<external_links>

</external_links>
<country>US</country>
<main_image>http://cdn.theatlantic.com/assets/media/img/mt/2016/05/AP_774069785524/facebook.jpg?1462995099</main_image>
</document>
