<?xml version="1.0" encoding="UTF-8"?>
<document>
<type>mainstream</type>
<forum>http://www.vetogate.com/list/61/borsa</forum>
<forum_title>بوابة فيتو | بورصة </forum_title>
<discussion_title>البورصة تفتتح أبواب متحفها للجمهور.. الأحد</discussion_title>
<language>arabic</language>
<gmt_offset></gmt_offset>
<topic_url>http://www.vetogate.com/2183363</topic_url>
<topic_text>
أعلنت إدارة البورصة المصرية عن الإجراءات المنظمة لزيارة الجمهور، إلى متحفها، الذي افتتح، الأحد الماضي، والذي يتضمن عددًا من الوثائق النادرة والأسهم، التي تعكس تاريخًا طويلًا يمتد لأكثر من 130 عامًا.
وأوضحت إدارة البورصة أن المتحف، الذي يقع داخل المبنى الرئيسي لها، بشارع الشريفين، بوسط البلد، سيفتح أبوابه للجماهير مجانًا، بداية من يوم الأحد المقبل، أما فيما يخص المجموعات فستكون الزيارات بالتنسيق المسبق مع إدارة العلاقات العامة بها.
وأضافت إدارة البورصة أن مواعيد الزيارات ستكون يومي الأحد والخميس من كل أسبوع، من الساعة الحادية عشرة صباحًا وحتى الساعة الثانية بعد الظهر.
</topic_text>
<spam_score>0.00</spam_score>
<post_num>1</post_num>
<post_id>post-1</post_id>
<post_url>http://www.vetogate.com/2183363</post_url>
<post_date>20160512</post_date>
<post_time>0135</post_time>
<username>vetogate.com</username>
<post>
أعلنت إدارة البورصة المصرية عن الإجراءات المنظمة لزيارة الجمهور، إلى متحفها، الذي افتتح، الأحد الماضي، والذي يتضمن عددًا من الوثائق النادرة والأسهم، التي تعكس تاريخًا طويلًا يمتد لأكثر من 130 عامًا.
وأوضحت إدارة البورصة أن المتحف، الذي يقع داخل المبنى الرئيسي لها، بشارع الشريفين، بوسط البلد، سيفتح أبوابه للجماهير مجانًا، بداية من يوم الأحد المقبل، أما فيما يخص المجموعات فستكون الزيارات بالتنسيق المسبق مع إدارة العلاقات العامة بها.
وأضافت إدارة البورصة أن مواعيد الزيارات ستكون يومي الأحد والخميس من كل أسبوع، من الساعة الحادية عشرة صباحًا وحتى الساعة الثانية بعد الظهر.
</post>
<signature>

</signature>
<external_links>

</external_links>
<country>US</country>
<main_image>http://www.vetogate.com/upload/photo/news/218/3/500x500o/363.jpg</main_image>
</document>
