<?xml version="1.0" encoding="UTF-8"?>
<document>
<type>mainstream</type>
<forum>http://www.borsaitaliana.it/borsa/notizie/radiocor/prima-pagina/archivio.html</forum>
<forum_title>Notizie Radiocor - Prima Pagina - Borsa Italiana</forum_title>
<discussion_title>Borsa: per Milano seduta volatile (-0,2%), Generali -4% dopo</discussion_title>
<language>italian</language>
<gmt_offset></gmt_offset>
<topic_url>http://www.borsaitaliana.it/borsa/notizie/radiocor/prima-pagina/dettaglio/nRC_12052016_1739_641140958.html</topic_url>
<topic_text>
Borsa: per Milano seduta volatile (-0,2%), Generali -4% dopo i conti
Si arrestano le vendite su Banco-Bpm (Il Sole 24 Ore Radiocor Plus) - Milano, 12 mag - Giornata volatile per le Borse europee, mentre la stagione delle trimestrali entra sempre piu&apos; nel vivo. Gli indici hanno piu&apos; volte cambiato la direzione di marcia, mentre gli analisti si interrogano anche sull&apos;andamento macro dell&apos;Europa, dopo che la produzione industriale europea a marzo e&apos; scesa dello 0,8% rispetto al mese precedente, anche se e&apos; salita dello 0,2% rispetto al marzo dell&apos;anno scorso. Milano ha terminato le contrattazioni in calo dello 0,26%
A Piazza Affari hanno registrato un andamento contrastato le azioni delle banche, con Banco Popolare (+1,6%) che ha recuperato terreno, in buona compagnia con la promessa sposa Bpm (+0,7%) e con Unicredit (+2,68%). Ubi, nel giorno della trimestrale, ha chiuso invariata, mentre sono andate male le Mps (-2,2%). Generali ha accusato una flessione del 3,97%, dopo la diffusione dei conti del trimestre archiviati con un utile in calo del 13,8%. Male anche Snam (-3%), dopo che i vertici dell&apos;azienda hanno indicato che i margini di fine anno caleranno rispetto al 2015. Fuori dal paniere principale sono invece volate le Fincantieri (+10,3%), dopo l&apos;annuncio del ritorno all&apos;utile
Sul fronte dei cambi, l&apos;euro vale 1,1389 dollari (da 1,1433 di ieri) e 123,86 yen (124,21), mentre il dollaro-yen e&apos; pari a 108,75 (108,65). Il petrolio si attesta a 45,89 dollari al barile in calo dello 0,35%.
emi-
(RADIOCOR) 12-05-16 17:39:51 (0641)NEWS,ENE,PA,ASS 3 NNNN
</topic_text>
<spam_score>0.00</spam_score>
<post_num>1</post_num>
<post_id>post-1</post_id>
<post_url>http://www.borsaitaliana.it/borsa/notizie/radiocor/prima-pagina/dettaglio/nRC_12052016_1739_641140958.html</post_url>
<post_date>20160512</post_date>
<post_time>1739</post_time>
<username>borsaitaliana.it</username>
<post>
Borsa: per Milano seduta volatile (-0,2%), Generali -4% dopo i conti
Si arrestano le vendite su Banco-Bpm (Il Sole 24 Ore Radiocor Plus) - Milano, 12 mag - Giornata volatile per le Borse europee, mentre la stagione delle trimestrali entra sempre piu&apos; nel vivo. Gli indici hanno piu&apos; volte cambiato la direzione di marcia, mentre gli analisti si interrogano anche sull&apos;andamento macro dell&apos;Europa, dopo che la produzione industriale europea a marzo e&apos; scesa dello 0,8% rispetto al mese precedente, anche se e&apos; salita dello 0,2% rispetto al marzo dell&apos;anno scorso. Milano ha terminato le contrattazioni in calo dello 0,26%
A Piazza Affari hanno registrato un andamento contrastato le azioni delle banche, con Banco Popolare (+1,6%) che ha recuperato terreno, in buona compagnia con la promessa sposa Bpm (+0,7%) e con Unicredit (+2,68%). Ubi, nel giorno della trimestrale, ha chiuso invariata, mentre sono andate male le Mps (-2,2%). Generali ha accusato una flessione del 3,97%, dopo la diffusione dei conti del trimestre archiviati con un utile in calo del 13,8%. Male anche Snam (-3%), dopo che i vertici dell&apos;azienda hanno indicato che i margini di fine anno caleranno rispetto al 2015. Fuori dal paniere principale sono invece volate le Fincantieri (+10,3%), dopo l&apos;annuncio del ritorno all&apos;utile
Sul fronte dei cambi, l&apos;euro vale 1,1389 dollari (da 1,1433 di ieri) e 123,86 yen (124,21), mentre il dollaro-yen e&apos; pari a 108,75 (108,65). Il petrolio si attesta a 45,89 dollari al barile in calo dello 0,35%.
emi-
(RADIOCOR) 12-05-16 17:39:51 (0641)NEWS,ENE,PA,ASS 3 NNNN
</post>
<signature>

</signature>
<external_links>

</external_links>
<country>IT</country>
<main_image></main_image>
</document>
