<?xml version="1.0" encoding="UTF-8"?>
<document>
<type>mainstream</type>
<forum>http://www.portalaz.com.br/rss/</forum>
<forum_title>Portal AZ - Informacao de verdade</forum_title>
<discussion_title>&quot;Não irei me pronunciar&quot;, diz Regina Sousa ao ser chamada de &quot;tia do café&quot;</discussion_title>
<language>portuguese</language>
<gmt_offset></gmt_offset>
<topic_url>https://www.portalaz.com.br/noticias/politica_local/370663_nao_irei_me_pronunciar_diz_regina_sousa_ao_ser_chamada_de_tia_do_caf</topic_url>
<topic_text>
&quot;Não irei me pronunciar&quot;, diz Regina Sousa ao ser chamada de &quot;tia do café&quot; 12/05/2016 • 11:48 Por Walcy Vieira Chamada pelo humorista Danilo Gentili de “a tia do café”, a senadora piauiense Regina Sousa (PT), afirma que não pretende responder a atitude do humorista. Danilo Gentili chamou Regina Sousa de “a tia do café”, em postagem no Twitter, nesta quarta-feira (11/04), depois que a senadora usou a tribuna do Senado para defender Dilma Rousseff e fortalecer que trata-se de um golpe contra o Governo Federal. A postagem do humorista repercutiu no Jornal Extra. Danilo, depois, tentou justificar dizendo que chamou a senadora piauiense de “a tia do café” porque ela não teria se expressado direito no plenário. &quot;Zuei a senadora pq ela sequer conseguia se expressar direito - parecia perdida ali... Eu não causei polêmica nenhuma...&quot;,escreveu. Regina Sousa tomou conhecimento da postagem preconceituosa através de sua assessoria e disse que não merecia nem responder. De origem humilde, Regina Sousa é considerada uma mulher séria, e não é suspeita de ter se envolvido em atos que desabone a sua conduta. Conhecida por trabalhar em defesa de causas dos menos favorecidos. É bancária e no Piauí, é respeitada, inclusive, por seus adversários políticos. Matéria relacionada:
</topic_text>
<spam_score>0.00</spam_score>
<post_num>1</post_num>
<post_id>post-1</post_id>
<post_url>https://www.portalaz.com.br/noticias/politica_local/370663_nao_irei_me_pronunciar_diz_regina_sousa_ao_ser_chamada_de_tia_do_caf</post_url>
<post_date>20160512</post_date>
<post_time>1448</post_time>
<username></username>
<post>
&quot;Não irei me pronunciar&quot;, diz Regina Sousa ao ser chamada de &quot;tia do café&quot; 12/05/2016 • 11:48 Por Walcy Vieira Chamada pelo humorista Danilo Gentili de “a tia do café”, a senadora piauiense Regina Sousa (PT), afirma que não pretende responder a atitude do humorista. Danilo Gentili chamou Regina Sousa de “a tia do café”, em postagem no Twitter, nesta quarta-feira (11/04), depois que a senadora usou a tribuna do Senado para defender Dilma Rousseff e fortalecer que trata-se de um golpe contra o Governo Federal. A postagem do humorista repercutiu no Jornal Extra. Danilo, depois, tentou justificar dizendo que chamou a senadora piauiense de “a tia do café” porque ela não teria se expressado direito no plenário. &quot;Zuei a senadora pq ela sequer conseguia se expressar direito - parecia perdida ali... Eu não causei polêmica nenhuma...&quot;,escreveu. Regina Sousa tomou conhecimento da postagem preconceituosa através de sua assessoria e disse que não merecia nem responder. De origem humilde, Regina Sousa é considerada uma mulher séria, e não é suspeita de ter se envolvido em atos que desabone a sua conduta. Conhecida por trabalhar em defesa de causas dos menos favorecidos. É bancária e no Piauí, é respeitada, inclusive, por seus adversários políticos. Matéria relacionada:
</post>
<signature>

</signature>
<external_links>

</external_links>
<country>BR</country>
<main_image></main_image>
</document>
