<?xml version="1.0" encoding="UTF-8"?>
<document>
<type>mainstream</type>
<forum>http://www.politico.com/rss/politicopicks.xml</forum>
<forum_title>POLITICO - TOP Stories</forum_title>
<discussion_title>Harry Reid: Mitch McConnell must also think women are &apos;dogs&apos; -</discussion_title>
<language>english</language>
<gmt_offset></gmt_offset>
<topic_url>http://www.politico.com/story/2016/05/harry-reid-mitch-mcconnell-women-223115</topic_url>
<topic_text>
Senate Minority Leader Harry Reid ridiculed Majority Leader Mitch McConnell on the Senate floor Thursday for embracing Donald Trump as the Republican Party’s presumptive presidential nominee, saying the Kentucky senator must also think women are “dogs and pigs.” Reid&apos;s feisty comments come as the real estate mogul is in Washington for a series of conclaves with House Speaker Paul Ryan, McConnell and other congressional and party leaders.
Story Continued Below
“It’s just the latest sign that Republican leaders in both houses are marching lock step with Donald Trump,” Reid said. 
McConnell told reporters last week that he had “committed to supporting the nominee chosen by Republican voters,” noting that Trump “is now on the verge of clinching the nomination.”
“I guess he should be giddy about a Trump presidency,” Reid said Thursday. “Donald Trump is everything that the Republican leader and his party could ever want in a nomination. Trump’s policy positions are identical to the Republican Party platform, and today Sen. McConnell can discuss when they meet in an hour or two that consensus with Trump.”
Reid continued tying the Senate leader to the billionaire, accusing both of being obstructionists when it comes to acting on President Barack Obama’s Supreme Court nominee and anti-women.
“Since Sen. McConnell has so enthusiastically embraced Trump, we can only assume he agrees with Trump’s view that women are dogs and pigs. We can only assume that the Republican leader is not repulsed by Donald Trump’s vulgar behavior toward women,” Reid said, pointing to an infamous interview Trump gave to Howard Stern as an example of how he views women.
Reid added that Trump and McConnell can discuss their anti-immigration views, too. Trump has called Mexicans “rapists” and vowed to build a wall on the southern border that Mexico will pay for. He also wants to deport some 11 million undocumented immigrants. He has, however, taken a step back from his proposal last year to temporarily ban Muslims from entering the U.S.
“I assume that they can have a long discussion about the wall: how high it should be, how they’re gonna get the Mexicans to pay for the wall, even though most people think the idea’s insane,” Reid said. “Let’s not forget, Republicans have demagogued Latinos and immigrants for decades. They’re doing it today.”
Reid derisively argued that Trump and McConnell will have plenty to talk about when they meet Thursday, including why the businessman should thank McConnell for his ascent to the top of the party.
“Donald Trump and the Republican leader should have a long, long conversation. They have a lot to talk about,” Reid said. “At some point in their conversation, Donald Trump should thank the senior senator from Kentucky. Trump owes his candidacy to the Republican leader and to the policies he’s led. It was an obstructionist, anti-woman, anti-Latino, anti-Muslim, anti-middle class, anti-environment and anti-Obama and anti-everything Republicans during the last eight years have made Donald Trump a reality.”
</topic_text>
<spam_score>0.00</spam_score>
<post_num>6</post_num>
<post_id>post-6</post_id>
<post_url>http://www.politico.com/story/2016/05/harry-reid-mitch-mcconnell-women-223115</post_url>
<post_date>20160512</post_date>
<post_time>1538</post_time>
<username>Neal Levine</username>
<post>
Zombies are looking for brains. Do not worry you are safe
</post>
<signature>

</signature>
<external_links>

</external_links>
<country>US</country>
<main_image>http://static.politico.com/7f/ac/538ea75443fab46ede7176b48ed4/160512-harry-reid-ap-1160.jpg</main_image>
</document>
