<?xml version="1.0" encoding="UTF-8"?>
<document>
<type>mainstream</type>
<forum>http://www.efe.com/efe/noticias/america/2/rss</forum>
<forum_title>Agencia EFE | www.efe.com | Edición América</forum_title>
<discussion_title>TURISMO SEXUAL - Turismo sexual infantil crece y se convierte en un fenómeno endémico mundial</discussion_title>
<language>spanish</language>
<gmt_offset></gmt_offset>
<topic_url>http://www.efe.com/efe/america/mexico/turismo-sexual-infantil-crece-y-se-convierte-en-un-fenomeno-endemico-mundial/50000545-2924078</topic_url>
<topic_text>
Turismo sexual infantil crece y se convierte en un fenómeno endémico mundial EFEUSA Washington 12 may 2016 Cientos de niños en Cali (Colombia) marchan por las principales vías de la ciudad para protestar contra el trabajo infantil y la explotación sexual de los menores. EFE/Archivo Menéame 
El turismo sexual infantil ha crecido en los últimos años hasta convertirse en un &quot;fenómeno endémico&quot; mundial favorecido por el aumento de las actividades de voluntariado y las convenciones de negocios en lugares hasta ahora remotos, según un estudio de la organización ECPAT International. 
La organización, la mayor red dedicada a combatir la explotación sexual infantil, presentó hoy en una sala del Congreso, en Washington, un estudio con el que desean llamar a la acción sobre una de las formas más crueles de explotación infantil y de la que hasta ahora se tenían pocos datos.
</topic_text>
<spam_score>0.00</spam_score>
<post_num>1</post_num>
<post_id>post-1</post_id>
<post_url>http://www.efe.com/efe/america/mexico/turismo-sexual-infantil-crece-y-se-convierte-en-un-fenomeno-endemico-mundial/50000545-2924078</post_url>
<post_date>20160512</post_date>
<post_time>1415</post_time>
<username></username>
<post>
Turismo sexual infantil crece y se convierte en un fenómeno endémico mundial EFEUSA Washington 12 may 2016 Cientos de niños en Cali (Colombia) marchan por las principales vías de la ciudad para protestar contra el trabajo infantil y la explotación sexual de los menores. EFE/Archivo Menéame 
El turismo sexual infantil ha crecido en los últimos años hasta convertirse en un &quot;fenómeno endémico&quot; mundial favorecido por el aumento de las actividades de voluntariado y las convenciones de negocios en lugares hasta ahora remotos, según un estudio de la organización ECPAT International. 
La organización, la mayor red dedicada a combatir la explotación sexual infantil, presentó hoy en una sala del Congreso, en Washington, un estudio con el que desean llamar a la acción sobre una de las formas más crueles de explotación infantil y de la que hasta ahora se tenían pocos datos.
</post>
<signature>

</signature>
<external_links>

</external_links>
<country>ES</country>
<main_image>http://estaticos.efe.com/efecom/recursos2/imagen.aspx?lVW2oAh2vjOb1XZaTD7IjPRw10aGSDlaQ4TncnkXVSTX-P-2bAoG0sxzXPZPAk5l-P-2fU5UDrJPi4kuXFN-P-2b1FYl34teiw-P-3d-P-3d</main_image>
</document>
