<?xml version="1.0" encoding="UTF-8"?>
<document>
<type>mainstream</type>
<forum></forum>
<forum_title></forum_title>
<discussion_title>Восстание бездельников / Slacker Uprising / Captain Mike Across America (2007)</discussion_title>
<language>russian</language>
<gmt_offset></gmt_offset>
<topic_url>http://kinofan-online.ru/dokumentalnyy/12037-vosstanie-bezdelnikov-slacker-uprising-captain-mike-across-america-2007.html</topic_url>
<topic_text>
Продолжительность: 4 х ~42 мин Перевод: профессиональный многоголосый закадровый - LostFilm + Newstudio + Alexfilm + BaibaKo + Субтитры Режиссеры: Дин Уайт и др. В ролях: Элиза Тейлор-Коттер, Мари Авгеропулос, Сачин Сахель, Линдси Морган, Женевьев Бюкнер, Ричард Хэрмон и др. Драма, Фантастика, Комедия, Сериалы 100 / Сотня / The 100 (Сезон 1-2) (2014) Однажды в Мир ВакФу прибывает великий дракон Гроугалогран. Он хочет передать нечто важное в хорошие руки, а именно: ребёнка, которому предстоит всех спасти. Он находит добродушного человека по имени Альберт и решает передать ему на воспитание ребёнка. Через двенадцать лет мальчишка Юго обнаруживает в себе способность к вызову телепорта. С этого момента Альберт должен был перестать заботится о нём и отправить его на поиски настоящих родителей. фэнтези, Приключения, Мультфильмы, Сериалы ВакФу / WakFu (Сезон 1-2) (2008) Жизнь богатого плэйбоя Дэвида удалась по всем признакам: у него были деньги, свой собственный издательский дом, дорогая машина и квартира в респектабельном районе Нью-Йорка, друг-писатель (Джейсон Ли) и подружка Джулианна, даже враги, в лице семи управляющих его компанией, тоже были. Так он и жил без оглядки, пока в один прекрасный момент не встретил Софию. Его жизнь круто изменилась вскоре после этой встречи, Дэвид попал в автокатастрофу и очнулся после комы инвалидом с изуродованным лицом, которое приходится прикрывать &quot;эстетическим протезом&quot;, а на самом деле простой маской. А дальше его новая жизнь обернулась кошмарным сном, от которого не проснуться. Драма, Триллер Ванильное небо / Vanilla Sky (2001) Однажды, уже проиграв битву-призыв «бездельников» к голосованию за Джона Керри — и, что ещё более важно, против Джорджа Буша — на президентских выборах в США в 2004 году, режиссёр по-прежнему, во что бы то ни стало, желает сменить политический строй в стране. И, как считает Майкл Мур, в этой агит-войне, все средства хороши. Документальный Восстание бездельников / Slacker Uprising / Captain Mike Across America (2007) Вторая Мировая война для многих видов вооружения стала переломным моментом, в том числе и для танков. Прогресса добились как в характеристиках боевых машин, так и способах их применения. Танки стали важнейшим средством ведения боевых действий, а танковые войска - главной ударной силой сухопутных войск. За 6 лет войны мировое танкостроение проделало путь, который в мирное время измерялся бы десятилетиями. В фильме представлены танки СССР, Германии, Франции, Италии, Японии, США, Великобритании. Познавательное, Документальный, Сериалы Танки Второй Мировой войны (2013) Где-то в этом шторме девушка сталкивается со своим прошлым, где-то в этом шторме, человек просеивает тлеющие угольки сожженной любви, где-то в этом шторме их ждет смерть. 26-ого июля 2005 — день наводнения в Мумбае — это зловещие событие для большинства, но это наводнение воссоединяет двух бывших возлюбленных. Два человека, которые встречаются спустя 6 лет, теперь живут в разных мирах. Но сейчас они вынуждены держаться вместе в этом временном кризисе. Мелодрама, Драма Встреча с тобой / Наводнение чувств / Tum Mile (2009) Они уже не дети, но еще не взрослые – и у каждого из учеников выпускного класса старшей школы Сирахамадзака свои проблемы. Энергичная малышка Конацу Миямото хочет петь – но строгий завуч за ошибку годичной давности фактически отстранила ее от школьного хора. Не по годам зрелая Сава Окита, любительница верховой езды и стрельбы из лука, хочет помочь лучшей подруге, но не знает как. Вакана Сакай после смерти матери, наоборот, бросила пение, замкнулась в себе, еле-еле смогла остаться в школе. Флегматичный Тайти Танака в одиночку изображает клуб бадминтона, но его странности легко перещеголял вернувшийся из Австрии Ацухиро Маэда, представляющий японскую культуру лишь по книгам и сразу заработавший прозвище «Вена». Аниме, Сериалы 
</topic_text>
<spam_score>0.00</spam_score>
<post_num>1</post_num>
<post_id>post-1</post_id>
<post_url>http://kinofan-online.ru/dokumentalnyy/12037-vosstanie-bezdelnikov-slacker-uprising-captain-mike-across-america-2007.html</post_url>
<post_date>20160512</post_date>
<post_time></post_time>
<username></username>
<post>
Продолжительность: 4 х ~42 мин Перевод: профессиональный многоголосый закадровый - LostFilm + Newstudio + Alexfilm + BaibaKo + Субтитры Режиссеры: Дин Уайт и др. В ролях: Элиза Тейлор-Коттер, Мари Авгеропулос, Сачин Сахель, Линдси Морган, Женевьев Бюкнер, Ричард Хэрмон и др. Драма, Фантастика, Комедия, Сериалы 100 / Сотня / The 100 (Сезон 1-2) (2014) Однажды в Мир ВакФу прибывает великий дракон Гроугалогран. Он хочет передать нечто важное в хорошие руки, а именно: ребёнка, которому предстоит всех спасти. Он находит добродушного человека по имени Альберт и решает передать ему на воспитание ребёнка. Через двенадцать лет мальчишка Юго обнаруживает в себе способность к вызову телепорта. С этого момента Альберт должен был перестать заботится о нём и отправить его на поиски настоящих родителей. фэнтези, Приключения, Мультфильмы, Сериалы ВакФу / WakFu (Сезон 1-2) (2008) Жизнь богатого плэйбоя Дэвида удалась по всем признакам: у него были деньги, свой собственный издательский дом, дорогая машина и квартира в респектабельном районе Нью-Йорка, друг-писатель (Джейсон Ли) и подружка Джулианна, даже враги, в лице семи управляющих его компанией, тоже были. Так он и жил без оглядки, пока в один прекрасный момент не встретил Софию. Его жизнь круто изменилась вскоре после этой встречи, Дэвид попал в автокатастрофу и очнулся после комы инвалидом с изуродованным лицом, которое приходится прикрывать &quot;эстетическим протезом&quot;, а на самом деле простой маской. А дальше его новая жизнь обернулась кошмарным сном, от которого не проснуться. Драма, Триллер Ванильное небо / Vanilla Sky (2001) Однажды, уже проиграв битву-призыв «бездельников» к голосованию за Джона Керри — и, что ещё более важно, против Джорджа Буша — на президентских выборах в США в 2004 году, режиссёр по-прежнему, во что бы то ни стало, желает сменить политический строй в стране. И, как считает Майкл Мур, в этой агит-войне, все средства хороши. Документальный Восстание бездельников / Slacker Uprising / Captain Mike Across America (2007) Вторая Мировая война для многих видов вооружения стала переломным моментом, в том числе и для танков. Прогресса добились как в характеристиках боевых машин, так и способах их применения. Танки стали важнейшим средством ведения боевых действий, а танковые войска - главной ударной силой сухопутных войск. За 6 лет войны мировое танкостроение проделало путь, который в мирное время измерялся бы десятилетиями. В фильме представлены танки СССР, Германии, Франции, Италии, Японии, США, Великобритании. Познавательное, Документальный, Сериалы Танки Второй Мировой войны (2013) Где-то в этом шторме девушка сталкивается со своим прошлым, где-то в этом шторме, человек просеивает тлеющие угольки сожженной любви, где-то в этом шторме их ждет смерть. 26-ого июля 2005 — день наводнения в Мумбае — это зловещие событие для большинства, но это наводнение воссоединяет двух бывших возлюбленных. Два человека, которые встречаются спустя 6 лет, теперь живут в разных мирах. Но сейчас они вынуждены держаться вместе в этом временном кризисе. Мелодрама, Драма Встреча с тобой / Наводнение чувств / Tum Mile (2009) Они уже не дети, но еще не взрослые – и у каждого из учеников выпускного класса старшей школы Сирахамадзака свои проблемы. Энергичная малышка Конацу Миямото хочет петь – но строгий завуч за ошибку годичной давности фактически отстранила ее от школьного хора. Не по годам зрелая Сава Окита, любительница верховой езды и стрельбы из лука, хочет помочь лучшей подруге, но не знает как. Вакана Сакай после смерти матери, наоборот, бросила пение, замкнулась в себе, еле-еле смогла остаться в школе. Флегматичный Тайти Танака в одиночку изображает клуб бадминтона, но его странности легко перещеголял вернувшийся из Австрии Ацухиро Маэда, представляющий японскую культуру лишь по книгам и сразу заработавший прозвище «Вена». Аниме, Сериалы 
</post>
<signature>

</signature>
<external_links>

</external_links>
<country>RU</country>
<main_image>http://kinofan-online.ru/uploads/posts/2016-05/thumbs/1463070542_266798.jpg</main_image>
</document>
