<?xml version="1.0" encoding="UTF-8"?>
<document>
<type>mainstream</type>
<forum></forum>
<forum_title></forum_title>
<discussion_title>Verkehr: Deutschland: Lkw-Maut auf allen Bundesstraßen</discussion_title>
<language>german</language>
<gmt_offset></gmt_offset>
<topic_url>http://www.verkehr.co.at/detail/article/deutschland-lkw-maut-auf-allen-bundesstrassen/</topic_url>
<topic_text>
(Bild: Wikimedia) Deutschland: Lkw-Maut auf allen Bundesstraßen Die deutsche Bundesregierung hat den Gesetzentwurf zur Ausweitung der Lkw-Maut auf alle Bundesstraßen ab 2018 beschlossen. 
Die Lkw-Maut soll zum 1. Juli 2018 in Deutschland auf alle Bundestraßen ausgeweitet werden. Das sind rund 40.000 zusätzliche mautpflichtige Kilometer. Es werden zusätzliche Mauteinnahmen in Höhe von bis zu 2 Milliarden Euro erwartet. Der Betrieb der Lkw-Maut ab September 2018 wird europaweit ausgeschrieben. 
Zurzeit wird die Lkw-Maut auf rund 13.000 Kilometern Bundesautobahnen und rund 2.300 Kilometern autobahnähnlichen Bundesstraßen erhoben. Bereits seit dem 1. Oktober 2015 gilt die Mautpflicht auch für Lkw zwischen 7,5 und 12 Tonnen zulässigem Gesamtgewicht. Die Ausweitungen der Lkw-Maut sind Teil des von Minister Dobrindt initiierten Investitionshochlaufs. Dadurch werden die Investitionen in die Infrastruktur dauerhaft um rund 40 Prozent auf circa 14 Milliarden im Jahr erhöht. 
&quot;Mit der Ausweitung der Lkw-Maut auf alle Bundesstraßen vollziehen wir den Systemwechsel von einer Steuer- hin zu einer Nutzerfinanzierung unserer Verkehrsinfrastruktur. Wir generieren zusätzliche rund zwei Milliarden Euro pro Jahr für die Modernisierung unserer Straßen. Die Mauteinnahmen fließen direkt und dauerhaft in deren Erhalt und Ausbau&quot;, so der deutsche Bundesverkehrsminister Alexander Dobrindt. 
</topic_text>
<spam_score>0.00</spam_score>
<post_num>1</post_num>
<post_id>post-1</post_id>
<post_url>http://www.verkehr.co.at/detail/article/deutschland-lkw-maut-auf-allen-bundesstrassen/</post_url>
<post_date>20160512</post_date>
<post_time></post_time>
<username></username>
<post>
(Bild: Wikimedia) Deutschland: Lkw-Maut auf allen Bundesstraßen Die deutsche Bundesregierung hat den Gesetzentwurf zur Ausweitung der Lkw-Maut auf alle Bundesstraßen ab 2018 beschlossen. 
Die Lkw-Maut soll zum 1. Juli 2018 in Deutschland auf alle Bundestraßen ausgeweitet werden. Das sind rund 40.000 zusätzliche mautpflichtige Kilometer. Es werden zusätzliche Mauteinnahmen in Höhe von bis zu 2 Milliarden Euro erwartet. Der Betrieb der Lkw-Maut ab September 2018 wird europaweit ausgeschrieben. 
Zurzeit wird die Lkw-Maut auf rund 13.000 Kilometern Bundesautobahnen und rund 2.300 Kilometern autobahnähnlichen Bundesstraßen erhoben. Bereits seit dem 1. Oktober 2015 gilt die Mautpflicht auch für Lkw zwischen 7,5 und 12 Tonnen zulässigem Gesamtgewicht. Die Ausweitungen der Lkw-Maut sind Teil des von Minister Dobrindt initiierten Investitionshochlaufs. Dadurch werden die Investitionen in die Infrastruktur dauerhaft um rund 40 Prozent auf circa 14 Milliarden im Jahr erhöht. 
&quot;Mit der Ausweitung der Lkw-Maut auf alle Bundesstraßen vollziehen wir den Systemwechsel von einer Steuer- hin zu einer Nutzerfinanzierung unserer Verkehrsinfrastruktur. Wir generieren zusätzliche rund zwei Milliarden Euro pro Jahr für die Modernisierung unserer Straßen. Die Mauteinnahmen fließen direkt und dauerhaft in deren Erhalt und Ausbau&quot;, so der deutsche Bundesverkehrsminister Alexander Dobrindt. 
</post>
<signature>

</signature>
<external_links>

</external_links>
<country>AT</country>
<main_image>http://www.verkehr.co.at/fileadmin/verkehr.co.at/Media/2015-news/Zeichen_390_-_Mautpflicht_nach_dem_Bundesfernstrassenmautgesetz__StVO_2004.svg.png</main_image>
</document>
