<?xml version="1.0" encoding="UTF-8"?>
<document>
<type>mainstream</type>
<forum>http://www.alblasserdam.net/agenda-alblasserdam.rss</forum>
<forum_title>Agenda - Alblasserdam.net</forum_title>
<discussion_title>Zumba bij gymnastiekvereniging KDO</discussion_title>
<language>dutch</language>
<gmt_offset></gmt_offset>
<topic_url>http://www.alblasserdam.net/agenda/2016-05-03-2061-zumba-bij-gymnastiekvereniging-kdo.html</topic_url>
<topic_text>
Zumba bij gymnastiekvereniging KDO Iedere dinsdag, van dinsdag 3 mei 2016 tot en met dinsdag 27 december 2016, van 20:30 tot 21:30 uur.
Omschrijving Naast de lessen op woensdag- en vrijdagochtend is er nu ook elke dinsdagavond een Zumba les van 20.30 - 21.30 uur onder leiding van Angela Kielema in Alblasserdam, in de gymzaal aan de Parrellelweg 13. 
Dus heeft u zin om kennis te maken met Zumba, of wilt u een extra Zumba les gaan volgen, kom dan eens langs voor een proefles. Op onze website treft u verdere informatie over onze activiteiten, waaronder ouder en kindgym, recreatie- en selectieturnen voor de jeugd, gymfit voor senioren en uiteraard Zumba. Contactinformatie:
</topic_text>
<spam_score>0.00</spam_score>
<post_num>1</post_num>
<post_id>post-1</post_id>
<post_url>http://www.alblasserdam.net/agenda/2016-05-03-2061-zumba-bij-gymnastiekvereniging-kdo.html</post_url>
<post_date>20160512</post_date>
<post_time>0839</post_time>
<username></username>
<post>
Zumba bij gymnastiekvereniging KDO Iedere dinsdag, van dinsdag 3 mei 2016 tot en met dinsdag 27 december 2016, van 20:30 tot 21:30 uur.
Omschrijving Naast de lessen op woensdag- en vrijdagochtend is er nu ook elke dinsdagavond een Zumba les van 20.30 - 21.30 uur onder leiding van Angela Kielema in Alblasserdam, in de gymzaal aan de Parrellelweg 13. 
Dus heeft u zin om kennis te maken met Zumba, of wilt u een extra Zumba les gaan volgen, kom dan eens langs voor een proefles. Op onze website treft u verdere informatie over onze activiteiten, waaronder ouder en kindgym, recreatie- en selectieturnen voor de jeugd, gymfit voor senioren en uiteraard Zumba. Contactinformatie:
</post>
<signature>

</signature>
<external_links>

</external_links>
<country>NL</country>
<main_image>http://www.alblasserdam.net/img/custom/logos/kdo-550-resized.jpg</main_image>
</document>
