<?xml version="1.0" encoding="UTF-8"?>
<document>
<type>mainstream</type>
<forum>http://feeds.feedburner.com/AtlanticEducationChannel</forum>
<forum_title>Education | The Atlantic</forum_title>
<discussion_title>How Harvard&apos;s Sanctions on Single-Gender Social Groups Could Make It More Inclusive</discussion_title>
<language>english</language>
<gmt_offset></gmt_offset>
<topic_url>http://www.theatlantic.com/education/archive/2016/05/a-more-inclusive-harvard/481878/</topic_url>
<topic_text>
Harvard University’s announcement on Friday—that it would place sanctions on all single-gender social groups—is the latest step in an ongoing effort by the university to address the inequality perpetuated by and inherent to many of these organizations. The new policy, which applies to final clubs, fraternities, and sororities, prevents anyone who is a member of these groups from becoming the leader of a recognized student organization, captain of an athletics team, or college-endorsed candidate for fellowships including the Rhodes and Marshall scholarships. The policies will apply to any student who joins the groups starting with the class of 2021 and does not affect anyone who’s currently a member.
While the sanctions may seem severe (and have been criticized for infringing on students’ freedom of association ), they are likely this extreme in order to tackle deeply-rooted issues, predominantly at all-male final clubs. The clubs, which closely resemble Greek organizations, have increasingly become more democratic, but have a long history of invitation-only male elitism , and were called out in a university report this past March for contributing disproportionately to instances of sexual assault. As reported by The Harvard Crimson , a study commissioned by the University’s Task Force on Sexual Assault Prevention discovered that 47 percent of female seniors who “participated in final clubs” said they had experienced nonconsensual sexual contact since entering college, compared to 31 percent of female seniors overall.
</topic_text>
<spam_score>0.00</spam_score>
<post_num>8</post_num>
<post_id>post-8</post_id>
<post_url>http://www.theatlantic.com/education/archive/2016/05/a-more-inclusive-harvard/481878/</post_url>
<post_date>20160510</post_date>
<post_time>1736</post_time>
<username>E.A.</username>
<post>
I disagree with the underlying logic. If inequality and exclusivity are truly the enemy, will Harvard soon be doing away with its admissions process and allowing entrance by lottery? Of course not.
The saying goes that &quot;if everyone is special, nobody is&quot; and it rings true. One doesn&apos;t have to envision a Harrison Bergeron-esque dystopia to see the incredible hazard in failing to acknowledge that differences are part of the beauty of our world. It&apos;s a special kind of ludicrous to celebrate diversity on one hand, yet deny exclusivity and niche cultures that incubate and highlight diversity! Not that these groups are immune from inherent or cultural flaws, but a solution like this manages to drown the baby in the bathwater, not just throw it out.
Finally, the author even acknowledges that this is a blanket solution for a narrow problem. Would an all-black men&apos;s group fall under this ruling? Certainly so, and yet consistent logic on diversity might note a real need for the support and networking such a society might provide. Is the solution then to censure only all-male groups without a racial association? Obvious discrimination. Harvard has chosen to use an incredibly blunt tool in a situation that called for a scalpel.
</post>
<signature>

</signature>
<external_links>

</external_links>
<country>US</country>
<main_image>http://cdn.theatlantic.com/assets/media/img/mt/2016/05/RTR3AIAU/facebook.jpg?1462811330</main_image>
</document>
