<?xml version="1.0" encoding="UTF-8"?>
<document>
<type>mainstream</type>
<forum>http://www.news-medical.net/syndication.axd?format=rss</forum>
<forum_title>The Medical News</forum_title>
<discussion_title>New Thermo Scientific TruTools extends capabilities of TruScan RM Raman instrument</discussion_title>
<language>english</language>
<gmt_offset></gmt_offset>
<topic_url>http://www.news-medical.net/news/20160512/New-Thermo-Scientific-TruTools-extends-capabilities-of-TruScan-RM-Raman-instrument.aspx</topic_url>
<topic_text>
New Thermo Scientific TruTools extends capabilities of TruScan RM Raman instrument   10:51 AM · No Comments Thermo Scientific TruTools gives Thermo Scientific TruScan RM users the flexibility to build customized qualitative and quantitative methods for better decision-making Pharmaceutical manufacturers seeking to conduct their own qualitative and quantitative analyses can now rely on a new chemometrics package that integrates with the Thermo Scientific TruScan RM handheld analyzer. 
Thermo Scientific TruTools, which is on display at Analytica 2016 (Messe München, booth 101, hall B1) in Munich, Germany, extends the capabilities of the TruScan RM Raman instrument, allowing users to build customized models for both qualitative and quantitative sample predictions. Thermo Fisher designed this feature to enable faster, more informed decisions at the point of need, leading to faster process times. Related Stories New UHPLC columns and solvents provide advanced separation power, speed of analysis 
&quot;Global concern around substandard medicines is growing, and regulatory agencies are increasingly verifying products in the field,&quot; said Kerstin Barr, product manager, portable analytical instruments, Thermo Fisher. &quot;This new capability gives our customers the flexibility to develop complex analyses that are unique to their challenges and make them available wherever and to whomever they’re needed on their TruScan RM analyzers.&quot; 
TruTools is a fully integrated chemometrics package that leverages Eigenvector Research Inc.’s SOLO standalone chemometrics software. Advanced TruScan RM users can customize their acquisition parameters, including number of scans, exposure time and laser power, then export the scan data in a SPC file format. This data is imported into SOLO, where users can build custom models that can then be deployed onto the TruScan RM handheld analyzer. Source:
</topic_text>
<spam_score>0.00</spam_score>
<post_num>1</post_num>
<post_id>post-1</post_id>
<post_url>http://www.news-medical.net/news/20160512/New-Thermo-Scientific-TruTools-extends-capabilities-of-TruScan-RM-Raman-instrument.aspx</post_url>
<post_date>20160512</post_date>
<post_time>1451</post_time>
<username></username>
<post>
New Thermo Scientific TruTools extends capabilities of TruScan RM Raman instrument   10:51 AM · No Comments Thermo Scientific TruTools gives Thermo Scientific TruScan RM users the flexibility to build customized qualitative and quantitative methods for better decision-making Pharmaceutical manufacturers seeking to conduct their own qualitative and quantitative analyses can now rely on a new chemometrics package that integrates with the Thermo Scientific TruScan RM handheld analyzer. 
Thermo Scientific TruTools, which is on display at Analytica 2016 (Messe München, booth 101, hall B1) in Munich, Germany, extends the capabilities of the TruScan RM Raman instrument, allowing users to build customized models for both qualitative and quantitative sample predictions. Thermo Fisher designed this feature to enable faster, more informed decisions at the point of need, leading to faster process times. Related Stories New UHPLC columns and solvents provide advanced separation power, speed of analysis 
&quot;Global concern around substandard medicines is growing, and regulatory agencies are increasingly verifying products in the field,&quot; said Kerstin Barr, product manager, portable analytical instruments, Thermo Fisher. &quot;This new capability gives our customers the flexibility to develop complex analyses that are unique to their challenges and make them available wherever and to whomever they’re needed on their TruScan RM analyzers.&quot; 
TruTools is a fully integrated chemometrics package that leverages Eigenvector Research Inc.’s SOLO standalone chemometrics software. Advanced TruScan RM users can customize their acquisition parameters, including number of scans, exposure time and laser power, then export the scan data in a SPC file format. This data is imported into SOLO, where users can build custom models that can then be deployed onto the TruScan RM handheld analyzer. Source:
</post>
<signature>

</signature>
<external_links>

</external_links>
<country>US</country>
<main_image>http://www.news-medical.net/images/news-medical-logo-square.png</main_image>
</document>
