<?xml version="1.0" encoding="UTF-8"?>
<document>
<type>mainstream</type>
<forum>http://tappingqanda.com/feed/</forum>
<forum_title>EFT/Tapping Q and A with Gene Monterastelli – Emotional Freedom Techniques</forum_title>
<discussion_title>Pod #220: Rewriting Your Personal Story with EFT w/ Jacqui Crooks</discussion_title>
<language>english</language>
<gmt_offset></gmt_offset>
<topic_url>http://tappingqanda.com/2016/05/pod-220-rewriting-your-personal-story-with-eft-w-jacqui-crooks/</topic_url>
<topic_text>
Pod #220: Rewriting Your Personal Story with EFT w/ Jacqui Crooks May 11, 2016 By Gene Monterastelli Leave a Comment 
As humans, one of our natural dispositions is to create stories about why the world functions the way it does. This is a primitive skill that kept our ancestors safe. 
For example, when we see tracks in the mud we write the story “These tracks were created by a large animal that will mistake me for dinner. I had better walk in the other direction.” 
Because the function of these stories is to keep us safe, our subconscious mind is not satisfied if we don’t have a story and will create one in its absence. That’s why our actions can be influenced and guided by stories that are not true. 
This can happen with the stories we tell about ourselves about why we are the way we are and who we can be. 
In this conversation, Jacqui Crooks and I discuss these stories we have about ourselves that are no longer true and useful. She also shares how we can transform these stories. Jacqui Crooks 
Guest: Jacqui Crooks 
Contact Jacqui: web @ JacquiCrooks.com 
About Jacqui: Jacqui is one of the pioneers in using Energy Psychology, finding EFT IN 1999. Her life’s not been the same since! She is an international speaker and trainer and an EFT Founding Master. She specializes in helping people to change limiting beliefs and old family and ancestral patterns that create self-sabotage and keep people stuck. Her background is in Ericksonian hypnotherapy and NLP, and through the development of unique ways of combining EFT with hypnotic language and NLP Jacqui is able to help effect deep level changes quickly and easily without trauma. She runs retreats in interesting places and trains EFT, worldwide. She presents at conferences and is one of the authors of EFT and Beyond. Related articles and podcasts:
</topic_text>
<spam_score>0.00</spam_score>
<post_num>1</post_num>
<post_id>post-1</post_id>
<post_url>http://tappingqanda.com/2016/05/pod-220-rewriting-your-personal-story-with-eft-w-jacqui-crooks/</post_url>
<post_date>20160511</post_date>
<post_time>1200</post_time>
<username>Gene Monterastelli</username>
<post>
Pod #220: Rewriting Your Personal Story with EFT w/ Jacqui Crooks May 11, 2016 By Gene Monterastelli Leave a Comment 
As humans, one of our natural dispositions is to create stories about why the world functions the way it does. This is a primitive skill that kept our ancestors safe. 
For example, when we see tracks in the mud we write the story “These tracks were created by a large animal that will mistake me for dinner. I had better walk in the other direction.” 
Because the function of these stories is to keep us safe, our subconscious mind is not satisfied if we don’t have a story and will create one in its absence. That’s why our actions can be influenced and guided by stories that are not true. 
This can happen with the stories we tell about ourselves about why we are the way we are and who we can be. 
In this conversation, Jacqui Crooks and I discuss these stories we have about ourselves that are no longer true and useful. She also shares how we can transform these stories. Jacqui Crooks 
Guest: Jacqui Crooks 
Contact Jacqui: web @ JacquiCrooks.com 
About Jacqui: Jacqui is one of the pioneers in using Energy Psychology, finding EFT IN 1999. Her life’s not been the same since! She is an international speaker and trainer and an EFT Founding Master. She specializes in helping people to change limiting beliefs and old family and ancestral patterns that create self-sabotage and keep people stuck. Her background is in Ericksonian hypnotherapy and NLP, and through the development of unique ways of combining EFT with hypnotic language and NLP Jacqui is able to help effect deep level changes quickly and easily without trauma. She runs retreats in interesting places and trains EFT, worldwide. She presents at conferences and is one of the authors of EFT and Beyond. Related articles and podcasts:
</post>
<signature>

</signature>
<external_links>

</external_links>
<country>US</country>
<main_image></main_image>
</document>
