<?xml version="1.0" encoding="UTF-8"?>
<document>
<type>mainstream</type>
<forum>http://www.news-medical.net/syndication.axd?format=rss</forum>
<forum_title>The Medical News</forum_title>
<discussion_title>New Thermo Scientific SampleManager LIMS can support native mobile application</discussion_title>
<language>english</language>
<gmt_offset></gmt_offset>
<topic_url>http://www.news-medical.net/news/20160512/New-Thermo-Scientific-SampleManager-LIMS-can-support-native-mobile-application.aspx</topic_url>
<topic_text>
New Thermo Scientific SampleManager LIMS can support native mobile application   10:46 AM · No Comments One of world’s most widely deployed LIMS continues to add functionality that modern labs require Pharmaceutical QA/QC, oil and gas, chemical, water and environmental, food safety and contract laboratories can now offer always-on mobile connectivity to their Laboratory Information Management System (LIMS) software, providing access to data and insights for decision-making wherever and whenever they need it. 
The newest version of Thermo Scientific SampleManager LIMS, which is on display at Analytica 2016 (Messe München, booth 101, hall B1) in Munich, Germany, now supports a native mobile application that is deployable on most iOS, Android and Windows tablets. Users can easily configure the application through the SampleManager desktop or Web-based client, adding modules that enable actions such as receiving or moving samples, results entry and record search and retrieval, all from the mobile device. 
&quot;We’re empowering our customers to do something they’ve been unable to do until now – work remotely using an interface that mirrors how they already work in their lab,&quot; said Christoph Nickel, senior director global marketing for Informatics and Chromatography Software, Thermo Fisher. &quot;We know that lab workflows are unique, and that’s why we designed our mobile capability to work as a true extension of the LIMS our customers have worked so hard to configure.&quot; 
The added mobile functionality in SampleManager LIMS makes one of the world’s most widely deployed LIMS even more versatile for labs and their enterprise IT staffs. The solution also offers user access through a native Web client, architected for extensibility to accommodate changes in the lab and make it easier to roll out new functionality as the platform evolves. This significantly reduces burden on IT staff and gives greater control to end-users. Related Stories
</topic_text>
<spam_score>0.00</spam_score>
<post_num>1</post_num>
<post_id>post-1</post_id>
<post_url>http://www.news-medical.net/news/20160512/New-Thermo-Scientific-SampleManager-LIMS-can-support-native-mobile-application.aspx</post_url>
<post_date>20160512</post_date>
<post_time>1446</post_time>
<username></username>
<post>
New Thermo Scientific SampleManager LIMS can support native mobile application   10:46 AM · No Comments One of world’s most widely deployed LIMS continues to add functionality that modern labs require Pharmaceutical QA/QC, oil and gas, chemical, water and environmental, food safety and contract laboratories can now offer always-on mobile connectivity to their Laboratory Information Management System (LIMS) software, providing access to data and insights for decision-making wherever and whenever they need it. 
The newest version of Thermo Scientific SampleManager LIMS, which is on display at Analytica 2016 (Messe München, booth 101, hall B1) in Munich, Germany, now supports a native mobile application that is deployable on most iOS, Android and Windows tablets. Users can easily configure the application through the SampleManager desktop or Web-based client, adding modules that enable actions such as receiving or moving samples, results entry and record search and retrieval, all from the mobile device. 
&quot;We’re empowering our customers to do something they’ve been unable to do until now – work remotely using an interface that mirrors how they already work in their lab,&quot; said Christoph Nickel, senior director global marketing for Informatics and Chromatography Software, Thermo Fisher. &quot;We know that lab workflows are unique, and that’s why we designed our mobile capability to work as a true extension of the LIMS our customers have worked so hard to configure.&quot; 
The added mobile functionality in SampleManager LIMS makes one of the world’s most widely deployed LIMS even more versatile for labs and their enterprise IT staffs. The solution also offers user access through a native Web client, architected for extensibility to accommodate changes in the lab and make it easier to roll out new functionality as the platform evolves. This significantly reduces burden on IT staff and gives greater control to end-users. Related Stories
</post>
<signature>

</signature>
<external_links>

</external_links>
<country>US</country>
<main_image>http://www.news-medical.net/images/news-medical-logo-square.png</main_image>
</document>
