<?xml version="1.0" encoding="UTF-8"?>
<document>
<type>mainstream</type>
<forum>http://www.news-medical.net/syndication.axd?format=rss</forum>
<forum_title>The Medical News</forum_title>
<discussion_title>Novel NanoDrop One spectrophotometers provide accurate quantitation, sample quality information</discussion_title>
<language>english</language>
<gmt_offset></gmt_offset>
<topic_url>http://www.news-medical.net/news/20160512/Novel-NanoDrop-One-spectrophotometers-provide-accurate-quantitation-sample-quality-information.aspx</topic_url>
<topic_text>
Novel NanoDrop One spectrophotometers provide accurate quantitation, sample quality information   10:33 AM · No Comments Thermo Scientific NanoDrop One spectrophotometers are designed to provide accurate quantitation and purity information to ensure success in downstream applications Life scientists who work with DNA, RNA and proteins can make educated decisions about sample suitability for experiments using the new standalone microvolume spectrophotometers. The spectrophotometers are designed to provide accurate quantitation and sample quality information to ensure downstream application success. 
The Thermo Scientific NanoDrop One and NanoDrop One C UV-Vis microvolume spectrophotometers, which are on display at Analytica 2016 (Messe München, booth 316, hall B1) in Munich, Germany, are designed to help life science researchers gain a more complete understanding of sample quality so they can avoid costly delays caused by troubleshooting and/or the need to repeat experiments. Related Stories 
The new spectrophotometers feature the new Thermo Scientific Acclaro Sample Intelligence technology, which enables researchers to: Identify sample contaminants and obtain corrected concentration results; Receive instant feedback about sample quality with on-demand technical support and guided troubleshooting; and Confidently measure samples with embedded sensor and digital image analysis. 
&quot;Building on the success of previous NanoDrop instruments, used by thousands of scientists worldwide, we have designed the NanoDrop One instruments to provide simplicity and speed as well as information on sample quality. This allows scientists to accurately quantify and qualify nucleic acid and protein samples so they can make informed decisions on sample use in downstream applications,&quot; said Dr. Voula Kodoyianni, product manager, molecular spectroscopy, Thermo Fisher Scientific. 
The NanoDrop One spectrophotometer, with its high-resolution, touchscreen interface, is easy to use as a compact, ergonomic instrument, and its powerful auto-range path length technology enables accurate measurements for concentrated samples, with no need for dilutions. 
The patented NanoDrop sample-retention system measures 1-2 μ of sample in seconds without the need for cuvettes, making it a cost- and time-effective solution for busy labs. Workflows can be streamlined on the NanoDrop One instrument with the Auto-Measure functionality, while modern connectivity allows results to be shared and archived via Wi-Fi, Ethernet or USB. 
The NanoDrop One C instrument includes all the features of the NanoDrop One, but enables users to select pedestal and cuvette measuring positions to increase dynamic range and assay flexibility. Source:
</topic_text>
<spam_score>0.00</spam_score>
<post_num>1</post_num>
<post_id>post-1</post_id>
<post_url>http://www.news-medical.net/news/20160512/Novel-NanoDrop-One-spectrophotometers-provide-accurate-quantitation-sample-quality-information.aspx</post_url>
<post_date>20160512</post_date>
<post_time>1433</post_time>
<username></username>
<post>
Novel NanoDrop One spectrophotometers provide accurate quantitation, sample quality information   10:33 AM · No Comments Thermo Scientific NanoDrop One spectrophotometers are designed to provide accurate quantitation and purity information to ensure success in downstream applications Life scientists who work with DNA, RNA and proteins can make educated decisions about sample suitability for experiments using the new standalone microvolume spectrophotometers. The spectrophotometers are designed to provide accurate quantitation and sample quality information to ensure downstream application success. 
The Thermo Scientific NanoDrop One and NanoDrop One C UV-Vis microvolume spectrophotometers, which are on display at Analytica 2016 (Messe München, booth 316, hall B1) in Munich, Germany, are designed to help life science researchers gain a more complete understanding of sample quality so they can avoid costly delays caused by troubleshooting and/or the need to repeat experiments. Related Stories 
The new spectrophotometers feature the new Thermo Scientific Acclaro Sample Intelligence technology, which enables researchers to: Identify sample contaminants and obtain corrected concentration results; Receive instant feedback about sample quality with on-demand technical support and guided troubleshooting; and Confidently measure samples with embedded sensor and digital image analysis. 
&quot;Building on the success of previous NanoDrop instruments, used by thousands of scientists worldwide, we have designed the NanoDrop One instruments to provide simplicity and speed as well as information on sample quality. This allows scientists to accurately quantify and qualify nucleic acid and protein samples so they can make informed decisions on sample use in downstream applications,&quot; said Dr. Voula Kodoyianni, product manager, molecular spectroscopy, Thermo Fisher Scientific. 
The NanoDrop One spectrophotometer, with its high-resolution, touchscreen interface, is easy to use as a compact, ergonomic instrument, and its powerful auto-range path length technology enables accurate measurements for concentrated samples, with no need for dilutions. 
The patented NanoDrop sample-retention system measures 1-2 μ of sample in seconds without the need for cuvettes, making it a cost- and time-effective solution for busy labs. Workflows can be streamlined on the NanoDrop One instrument with the Auto-Measure functionality, while modern connectivity allows results to be shared and archived via Wi-Fi, Ethernet or USB. 
The NanoDrop One C instrument includes all the features of the NanoDrop One, but enables users to select pedestal and cuvette measuring positions to increase dynamic range and assay flexibility. Source:
</post>
<signature>

</signature>
<external_links>

</external_links>
<country>US</country>
<main_image>http://www.news-medical.net/image.axd?picture=2014%2f7%2f78486183-620x480.jpg</main_image>
</document>
