<?xml version="1.0" encoding="UTF-8"?>
<document>
<type>mainstream</type>
<forum></forum>
<forum_title></forum_title>
<discussion_title>Dormant social media accounts are uniquely haunting. Whenever I come across one, I can&apos;t help but wonder if its owner met an untimely end. : Showerthoughts</discussion_title>
<language>english</language>
<gmt_offset></gmt_offset>
<topic_url>https://www.reddit.com/r/Showerthoughts/comments/4j1emy/dormant_social_media_accounts_are_uniquely/</topic_url>
<topic_text>

Ideas for reddit features should be posted in /r/IdeasForTheAdmins . 
No politically motivated posts 
Don&apos;t be a jerk. 
Exceedingly nonsensical or common posts will be removed at the discretion of the mods (including posts that would fit better in other subreddits). 
This subreddit is moderated for quality , which means we remove content that we deem to be low quality, low effort, nonsensical, or common/unoriginal. We do not &quot;let the votes decide&quot;. We understand that this type of policy is controversial and uncommon, especially for default subreddits, but we believe this method of moderation gives a subreddit the best chance at maintaining quality. CSS 
</topic_text>
<spam_score>0.00</spam_score>
<post_num>1</post_num>
<post_id>post-1</post_id>
<post_url>https://www.reddit.com/r/Showerthoughts/comments/4j1emy/dormant_social_media_accounts_are_uniquely/</post_url>
<post_date>20160512</post_date>
<post_time></post_time>
<username></username>
<post>

Ideas for reddit features should be posted in /r/IdeasForTheAdmins . 
No politically motivated posts 
Don&apos;t be a jerk. 
Exceedingly nonsensical or common posts will be removed at the discretion of the mods (including posts that would fit better in other subreddits). 
This subreddit is moderated for quality , which means we remove content that we deem to be low quality, low effort, nonsensical, or common/unoriginal. We do not &quot;let the votes decide&quot;. We understand that this type of policy is controversial and uncommon, especially for default subreddits, but we believe this method of moderation gives a subreddit the best chance at maintaining quality. CSS 
</post>
<signature>

</signature>
<external_links>

</external_links>
<country>US</country>
<main_image>https://www.redditstatic.com/icon.png</main_image>
</document>
