<?xml version="1.0" encoding="UTF-8"?>
<document>
<type>mainstream</type>
<forum>http://feeds.feedburner.com/AtlanticEducationChannel</forum>
<forum_title>Education | The Atlantic</forum_title>
<discussion_title>How Harvard&apos;s Sanctions on Single-Gender Social Groups Could Make It More Inclusive</discussion_title>
<language>english</language>
<gmt_offset></gmt_offset>
<topic_url>http://www.theatlantic.com/education/archive/2016/05/a-more-inclusive-harvard/481878/</topic_url>
<topic_text>
Harvard University’s announcement on Friday—that it would place sanctions on all single-gender social groups—is the latest step in an ongoing effort by the university to address the inequality perpetuated by and inherent to many of these organizations. The new policy, which applies to final clubs, fraternities, and sororities, prevents anyone who is a member of these groups from becoming the leader of a recognized student organization, captain of an athletics team, or college-endorsed candidate for fellowships including the Rhodes and Marshall scholarships. The policies will apply to any student who joins the groups starting with the class of 2021 and does not affect anyone who’s currently a member.
While the sanctions may seem severe (and have been criticized for infringing on students’ freedom of association ), they are likely this extreme in order to tackle deeply-rooted issues, predominantly at all-male final clubs. The clubs, which closely resemble Greek organizations, have increasingly become more democratic, but have a long history of invitation-only male elitism , and were called out in a university report this past March for contributing disproportionately to instances of sexual assault. As reported by The Harvard Crimson , a study commissioned by the University’s Task Force on Sexual Assault Prevention discovered that 47 percent of female seniors who “participated in final clubs” said they had experienced nonconsensual sexual contact since entering college, compared to 31 percent of female seniors overall.
</topic_text>
<spam_score>0.00</spam_score>
<post_num>30</post_num>
<post_id>post-30</post_id>
<post_url>http://www.theatlantic.com/education/archive/2016/05/a-more-inclusive-harvard/481878/</post_url>
<post_date>20160510</post_date>
<post_time>1852</post_time>
<username>bdavi52</username>
<post>
And this is what the world needs, a &quot;more inclusive Harvard&quot;?
And all this time I thought it was Harvard&apos;s exclusivity which was a good thing...which distinguished it from Southern Central State Tech &amp; Pleasant Valley Community Whatever... Silly me. It must just be the color &amp; weave of the sweatshirts...or perhaps the amount of ivy clinging to the brick facades which distinguish Harvard from any other diploma mill.
But wait...that&apos;s not it. It&apos;s the exclusivity of student organizations which is a bad thing -- not the exclusivity of Harvard itself (which must, I suppose, still be a good thing...except when it applies to skin color, socio-economic status, gender, gender identity (whatever that is), the physically &amp; mentally &amp; emotionally challenged, etc. (the list is endless).
So yes, clearly we cannot let students (or anyone else, for that matter -- we just don&apos;t have, yet, authority over everyone else) decide with whom they will or won&apos;t associate. And so we punish them for their free choice -- seeing no merit whatsoever in either allowing adults to decide such things for themselves (as per the Constitution), or in the actual assembly &amp; operation of a specifically self-selected group. Why? Well because when we allow people the freedom of association, we see exclusionary impacts (like elitism!) that we (and the less-elite, excluded) find to be unfair. And heaven knows life is all about perpetual fairness and constant demographic balance.
Strangely, though -- since the sanctions are directed at all (most) self-selected groups -- many of the self-selected resent such an across-the-board punishment. &quot;We don&apos;t abuse the power created by our self-selection..because, so far, we don&apos;t have much power.... (Well, unless you count the power to dissolve the self-selected groups we don&apos;t like) ... therefore our self-selected, exclusionary group should not be punished! Segregation is wrong when THEY do it....but a good thing when WE do it!&quot;
Of course, how could it be otherwise.
Part of the problem, though, is the fact that some of these long-standing cliques wield considerable economic clout -- and, obviously, that is not fair: &quot;Questions remain about whether across-the-board sanctions are the most effective strategy for tackling these disparities.&quot; Perhaps forced occupation &amp; collectivization by the righteously exclusionary would solve such wealth distribution difficulties? Proposals are even now being considered (or so we might guess)
The author tells us, &quot;These efforts, among the most decisive the administration has ever taken
with regard to final clubs, should be applauded for their intention.&quot; Absolutely. Nothing better than the State (or the Administration, in this case) telling us who should be our friends....and what we should be able to do with them, when, and how. I am shocked, though, that Harvard allows incoming freshmen to actually self-select anything. What if they, inevitably, make wrong choices, as we know they will -- choices which we would not approve?
Shouldn&apos;t we really develop some appropriately well-focused, social justice kind of algorithms which would auto-mate each incoming freshperson with a list of demographically diverse &apos;friends&apos; and developing sexual partners (of all genders and gender identities and preferences). Without our help I&apos;m sure they&apos;d make wrong-headed decisions and produce demographic groupings which aren&apos;t appropriately diverse. And that would be superbad!
In the end, though, we can be assured: &quot;As flawed as the policy is, however, it does begin to address a key 
issue that all-male and all-female social groups (as well as several 
co-ed ones) at Harvard have in common...: They are founded on the premise of exclusivity. And that, of course, is one of the Cardinal Sins, isn&apos;t it? Surely exclusivity in anything is bad because it leads to hierarchies....and hierarchies are bad because they lead to differentiation....and differentiation is bad because it draws attention to, well, difference. And difference is always bad, except when it&apos;s that good difference of which we approve. Thank God, Harvard has the services of President-to-Be, Diana Moon Glampers ...
&quot;THE YEAR WAS 2081, and everybody was finally equal. They weren&apos;t only equal
before God and the law. They were equal every which way. Nobody was smarter
than anybody else. Nobody was better looking than anybody else. Nobody was
stronger or quicker than anybody else. All this equality was due to the 211th,
212th, and 213th Amendments to the Constitution, and to the unceasing
vigilance of agents of the United States Handicapper General, Harvard-Grad, class of ...&quot;
</post>
<signature>

</signature>
<external_links>

</external_links>
<country>US</country>
<main_image>http://cdn.theatlantic.com/assets/media/img/mt/2016/05/RTR3AIAU/facebook.jpg?1462811330</main_image>
</document>
