<?xml version="1.0" encoding="UTF-8"?>
<document>
<type>mainstream</type>
<forum>http://www.voetbalnieuws.ws/feed/</forum>
<forum_title>VoetbalNieuws.ws,Voetbal Nieuws,Eredivisie,Ajax,Feyenoord,PSV,AZ,Twente,Utrecht</forum_title>
<discussion_title>Kevin is dus out, maar Kevin is daarnaast also in</discussion_title>
<language>dutch</language>
<gmt_offset></gmt_offset>
<topic_url>http://www.voetbalnieuws.ws/nieuws/kevin-is-dus-out-maar-kevin-is-daarnaast-also-in</topic_url>
<topic_text>
Kevin is dus out, maar Kevin is daarnaast also in 
Gepubliceerd door: BSideRats.nl - Vandaag 
Zojuist werd bekend dat Kevin van Diermen morgen niet mee kan spelen vanwege een achillespeesblessure. Hij kampt hier al een tijdje mee en h...
</topic_text>
<spam_score>0.00</spam_score>
<post_num>1</post_num>
<post_id>post-1</post_id>
<post_url>http://www.voetbalnieuws.ws/nieuws/kevin-is-dus-out-maar-kevin-is-daarnaast-also-in</post_url>
<post_date>20160512</post_date>
<post_time>1424</post_time>
<username></username>
<post>
Kevin is dus out, maar Kevin is daarnaast also in 
Gepubliceerd door: BSideRats.nl - Vandaag 
Zojuist werd bekend dat Kevin van Diermen morgen niet mee kan spelen vanwege een achillespeesblessure. Hij kampt hier al een tijdje mee en h...
</post>
<signature>

</signature>
<external_links>

</external_links>
<country>WS</country>
<main_image></main_image>
</document>
