<?xml version="1.0" encoding="UTF-8"?>
<document>
<type>mainstream</type>
<forum>http://www.sermonaudio.com/rss_source.rss</forum>
<forum_title>SermonAudio.com</forum_title>
<discussion_title>The Fruit of the Spirit - Love</discussion_title>
<language>english</language>
<gmt_offset></gmt_offset>
<topic_url>http://www.sermonaudio.com/sermoninfo.asp?SID=512161152476</topic_url>
<topic_text>
By Event Type. By Speaker. By Sermon Series. SSL URL. Favorites-To-Go!
</topic_text>
<spam_score>0.00</spam_score>
<post_num>1</post_num>
<post_id>post-1</post_id>
<post_url>http://www.sermonaudio.com/sermoninfo.asp?SID=512161152476</post_url>
<post_date>20160512</post_date>
<post_time>1719</post_time>
<username>Fred Ayers</username>
<post>
By Event Type. By Speaker. By Sermon Series. SSL URL. Favorites-To-Go!
</post>
<signature>

</signature>
<external_links>

</external_links>
<country>US</country>
<main_image>http://media.sermonaudio.com/gallery/photos/podcast/AyersFred.jpg</main_image>
</document>
