<?xml version="1.0" encoding="UTF-8"?>
<document>
<type>mainstream</type>
<forum></forum>
<forum_title></forum_title>
<discussion_title>Path - Vikry Satria Huswandara</discussion_title>
<language>english</language>
<gmt_offset></gmt_offset>
<topic_url>https://path.com/moment/3Ifzgc</topic_url>
<topic_text>
Finally found myself Fighting for a chancei I know now, this is who I really am!~ 😪😪😴😴 Vikry listening to The Kill by Thirty Seconds to Mars May 12th, 2016 
</topic_text>
<spam_score>0.00</spam_score>
<post_num>1</post_num>
<post_id>post-1</post_id>
<post_url>https://path.com/moment/3Ifzgc</post_url>
<post_date>20160512</post_date>
<post_time></post_time>
<username></username>
<post>
Finally found myself Fighting for a chancei I know now, this is who I really am!~ 😪😪😴😴 Vikry listening to The Kill by Thirty Seconds to Mars May 12th, 2016 
</post>
<signature>

</signature>
<external_links>

</external_links>
<country>KR</country>
<main_image>http://is5.mzstatic.com/image/thumb/Music6/v4/5b/ec/7f/5bec7fe3-b7dd-e4a6-5165-7a2c7bd48d44/source/600x600bb.jpg</main_image>
</document>
