<?xml version="1.0" encoding="UTF-8"?>
<document>
<type>mainstream</type>
<forum>http://feeds.feedburner.com/AtlanticEducationChannel</forum>
<forum_title>Education | The Atlantic</forum_title>
<discussion_title>How Harvard&apos;s Sanctions on Single-Gender Social Groups Could Make It More Inclusive</discussion_title>
<language>english</language>
<gmt_offset></gmt_offset>
<topic_url>http://www.theatlantic.com/education/archive/2016/05/a-more-inclusive-harvard/481878/</topic_url>
<topic_text>
Harvard University’s announcement on Friday—that it would place sanctions on all single-gender social groups—is the latest step in an ongoing effort by the university to address the inequality perpetuated by and inherent to many of these organizations. The new policy, which applies to final clubs, fraternities, and sororities, prevents anyone who is a member of these groups from becoming the leader of a recognized student organization, captain of an athletics team, or college-endorsed candidate for fellowships including the Rhodes and Marshall scholarships. The policies will apply to any student who joins the groups starting with the class of 2021 and does not affect anyone who’s currently a member.
While the sanctions may seem severe (and have been criticized for infringing on students’ freedom of association ), they are likely this extreme in order to tackle deeply-rooted issues, predominantly at all-male final clubs. The clubs, which closely resemble Greek organizations, have increasingly become more democratic, but have a long history of invitation-only male elitism , and were called out in a university report this past March for contributing disproportionately to instances of sexual assault. As reported by The Harvard Crimson , a study commissioned by the University’s Task Force on Sexual Assault Prevention discovered that 47 percent of female seniors who “participated in final clubs” said they had experienced nonconsensual sexual contact since entering college, compared to 31 percent of female seniors overall.
</topic_text>
<spam_score>0.00</spam_score>
<post_num>6</post_num>
<post_id>post-6</post_id>
<post_url>http://www.theatlantic.com/education/archive/2016/05/a-more-inclusive-harvard/481878/</post_url>
<post_date>20160510</post_date>
<post_time>1726</post_time>
<username>ytzpzvgk</username>
<post>
More inclusive? What about stupid people? Or the kind that get low SAT scores because they can see, like, reasons to choose all of the multiple choice answers? Or what about the kind of lazy, good-time Charlies who slide through high school because they&apos;re out chillin?
And frankly I don&apos;t know if Harvard lets in enough stoners. Not the kind that need the drug to relax after studying all day, but the super-mellow buzzhounds who spend their days and nights in the clouds? What happened to the spirit of Timothy Leary?
I say the place has gotten LESS inclusive. It&apos;s all just a bunch of type-A grinds.
The thing is that the all-male finals clubs used to help provide a safe space for the hail-fellow-well-met types who weren&apos;t so into the high-SAT thing. Now they&apos;re just being driven out as their safe space is being destroyed. We must save them to save the inclusivity of Harvard.
</post>
<signature>

</signature>
<external_links>

</external_links>
<country>US</country>
<main_image>http://cdn.theatlantic.com/assets/media/img/mt/2016/05/RTR3AIAU/facebook.jpg?1462811330</main_image>
</document>
