<?xml version="1.0" encoding="UTF-8"?>
<document>
<type>mainstream</type>
<forum>http://www.freeads.co.uk/uk/recent/rss</forum>
<forum_title>Recent Free Ads in the UK</forum_title>
<discussion_title>Peugeot 407 55 plate deisel manual 102k miles</discussion_title>
<language>english</language>
<gmt_offset></gmt_offset>
<topic_url>http://www.freeads.co.uk/uk/buy__sell/motors/cars/cars_peugeot/31257968/peugeot-407-55-plate--deisel-manual-102k-miles/view</topic_url>
<topic_text>
usual signs of wear no dents or major damage a great reliable car! Needs new MOT So open to offers. Get it delivered to your door using people going your way. Add your postcode to get a delivery price estimate. Delivery Estimate
</topic_text>
<spam_score>0.00</spam_score>
<post_num>1</post_num>
<post_id>post-1</post_id>
<post_url>http://www.freeads.co.uk/uk/buy__sell/motors/cars/cars_peugeot/31257968/peugeot-407-55-plate--deisel-manual-102k-miles/view</post_url>
<post_date>20160512</post_date>
<post_time>1704</post_time>
<username></username>
<post>
usual signs of wear no dents or major damage a great reliable car! Needs new MOT So open to offers. Get it delivered to your door using people going your way. Add your postcode to get a delivery price estimate. Delivery Estimate
</post>
<signature>

</signature>
<external_links>

</external_links>
<country>GB</country>
<main_image>http://static1.freeads.co.uk/img/280x211/4c3d35b3d711f5574d0234ff016e6ff0c9df640c.jpg</main_image>
</document>
