<?xml version="1.0" encoding="UTF-8"?>
<document>
<type>mainstream</type>
<forum>http://feeds2.feedburner.com/libertaddigital/portada</forum>
<forum_title>Libertad Digital: Portada</forum_title>
<discussion_title>Alberto Chicote presenta su propia revista</discussion_title>
<language>spanish</language>
<gmt_offset></gmt_offset>
<topic_url>http://www.libertaddigital.com/chic/entretenimiento/2016-05-12/asi-es-el-nuevo-proyecto-de-alberto-chicote-1276573910/</topic_url>
<topic_text>
El chef protagonista de Pesadilla en la cocina Marta Gutiérrez Seguir a martagutierrez0 
Un programa de televisión de éxito, un restaurante estrella en el corazón de Madrid... y ahora una revista propia. El polifacético chef Alberto Chicote acaba de embarcarse en el mundo editorial con una publicación que lleva su nombre, . El pasado miércoles presentó su nueva aventura rodeado de amigos en el madrileño Mercado de la Paz, donde también acudieron curiosos y fans. 
En el primero número, vestido con una de sus llamativas chaquetillas de colores -que se han convertido en su sello de identidad- y con unos guantes de boxeo, el cocinero derrocha actitud y parece que está dispuesto a triunfar también en esta nueva aventura, que sale a la luz el próximo 18 de mayo después de dos años de preparación con &quot;mucho esfuerzo y tiempo. 
Pero, ¿por qué sumergirse en el papel ahora que no pasa por su mejor momento? &quot;Yo siempre he sido muy fan del mundo editorial, por aquello de que las cosas en papel sugieren algo diferente . Es un medio muy sencillo, sincero y agradable&quot;. El objetivo de la revista es muy claro. El protagonista de sentía la necesidad de contar a los demás su manera de entender la cocina y por qué su profesión y mayor afición le divierte tanto. 
&quot;Creo que la cocina es una de las mejores elecciones que he hecho en mi vida. He puesto corazón en la profesión de cocinero desde que pisé con 17 años la Escuela de Hostelería de Madrid&quot;, aseguró. &quot;Me he tirado años diciéndole a todo el mundo que la cocina me encanta, es algo que me hace pasarlo muy bien y cuento por qué en esta revista to Chicote 
No se trata de páginas y páginas con recetas, sino un compendio &quot;para contar las cosas que me emocionan&quot;. También se pueden encontrar experiencias con la cocina, consejos, chefs con nombre propio e historias de superación, como la que publica el primer número sobre , un hombre procedente de Malí que huyó de Bamako y llegó a Tenerife en patera. Ahora lleva tres años trabajando en el restaurante Sacha de Madrid. 
Una de sus secciones favoritas es 30 menús para 30 días , un plan repleto de recetas y alimentos para elaborar un menú saludable, variado y divertido para comer durante un mes, con lista de la compra incluida. Todo &quot;para facilitar un poco la vida
</topic_text>
<spam_score>0.00</spam_score>
<post_num>1</post_num>
<post_id>post-1</post_id>
<post_url>http://www.libertaddigital.com/chic/entretenimiento/2016-05-12/asi-es-el-nuevo-proyecto-de-alberto-chicote-1276573910/</post_url>
<post_date>20160512</post_date>
<post_time>1647</post_time>
<username></username>
<post>
El chef protagonista de Pesadilla en la cocina Marta Gutiérrez Seguir a martagutierrez0 
Un programa de televisión de éxito, un restaurante estrella en el corazón de Madrid... y ahora una revista propia. El polifacético chef Alberto Chicote acaba de embarcarse en el mundo editorial con una publicación que lleva su nombre, . El pasado miércoles presentó su nueva aventura rodeado de amigos en el madrileño Mercado de la Paz, donde también acudieron curiosos y fans. 
En el primero número, vestido con una de sus llamativas chaquetillas de colores -que se han convertido en su sello de identidad- y con unos guantes de boxeo, el cocinero derrocha actitud y parece que está dispuesto a triunfar también en esta nueva aventura, que sale a la luz el próximo 18 de mayo después de dos años de preparación con &quot;mucho esfuerzo y tiempo. 
Pero, ¿por qué sumergirse en el papel ahora que no pasa por su mejor momento? &quot;Yo siempre he sido muy fan del mundo editorial, por aquello de que las cosas en papel sugieren algo diferente . Es un medio muy sencillo, sincero y agradable&quot;. El objetivo de la revista es muy claro. El protagonista de sentía la necesidad de contar a los demás su manera de entender la cocina y por qué su profesión y mayor afición le divierte tanto. 
&quot;Creo que la cocina es una de las mejores elecciones que he hecho en mi vida. He puesto corazón en la profesión de cocinero desde que pisé con 17 años la Escuela de Hostelería de Madrid&quot;, aseguró. &quot;Me he tirado años diciéndole a todo el mundo que la cocina me encanta, es algo que me hace pasarlo muy bien y cuento por qué en esta revista to Chicote 
No se trata de páginas y páginas con recetas, sino un compendio &quot;para contar las cosas que me emocionan&quot;. También se pueden encontrar experiencias con la cocina, consejos, chefs con nombre propio e historias de superación, como la que publica el primer número sobre , un hombre procedente de Malí que huyó de Bamako y llegó a Tenerife en patera. Ahora lleva tres años trabajando en el restaurante Sacha de Madrid. 
Una de sus secciones favoritas es 30 menús para 30 días , un plan repleto de recetas y alimentos para elaborar un menú saludable, variado y divertido para comer durante un mes, con lista de la compra incluida. Todo &quot;para facilitar un poco la vida
</post>
<signature>

</signature>
<external_links>

</external_links>
<country>ES</country>
<main_image></main_image>
</document>
