<?xml version="1.0" encoding="UTF-8"?>
<document>
<type>mainstream</type>
<forum>http://feeds.feedburner.com/AtlanticEducationChannel</forum>
<forum_title>Education | The Atlantic</forum_title>
<discussion_title>How Harvard&apos;s Sanctions on Single-Gender Social Groups Could Make It More Inclusive</discussion_title>
<language>english</language>
<gmt_offset></gmt_offset>
<topic_url>http://www.theatlantic.com/education/archive/2016/05/a-more-inclusive-harvard/481878/</topic_url>
<topic_text>
Harvard University’s announcement on Friday—that it would place sanctions on all single-gender social groups—is the latest step in an ongoing effort by the university to address the inequality perpetuated by and inherent to many of these organizations. The new policy, which applies to final clubs, fraternities, and sororities, prevents anyone who is a member of these groups from becoming the leader of a recognized student organization, captain of an athletics team, or college-endorsed candidate for fellowships including the Rhodes and Marshall scholarships. The policies will apply to any student who joins the groups starting with the class of 2021 and does not affect anyone who’s currently a member.
While the sanctions may seem severe (and have been criticized for infringing on students’ freedom of association ), they are likely this extreme in order to tackle deeply-rooted issues, predominantly at all-male final clubs. The clubs, which closely resemble Greek organizations, have increasingly become more democratic, but have a long history of invitation-only male elitism , and were called out in a university report this past March for contributing disproportionately to instances of sexual assault. As reported by The Harvard Crimson , a study commissioned by the University’s Task Force on Sexual Assault Prevention discovered that 47 percent of female seniors who “participated in final clubs” said they had experienced nonconsensual sexual contact since entering college, compared to 31 percent of female seniors overall.
</topic_text>
<spam_score>0.00</spam_score>
<post_num>59</post_num>
<post_id>post-59</post_id>
<post_url>http://www.theatlantic.com/education/archive/2016/05/a-more-inclusive-harvard/481878/</post_url>
<post_date>20160511</post_date>
<post_time>2140</post_time>
<username>DB</username>
<post>
Harvard boys and girls go on to run the country, so they&apos;ll bring these silly policies to bear up on the rest of us who don&apos;t have rich daddies (Bush) or aren&apos;t well-connected (Obama).
</post>
<signature>

</signature>
<external_links>

</external_links>
<country>US</country>
<main_image>http://cdn.theatlantic.com/assets/media/img/mt/2016/05/RTR3AIAU/facebook.jpg?1462811330</main_image>
</document>
