<?xml version="1.0" encoding="UTF-8"?>
<document>
<type>mainstream</type>
<forum>http://www.youm7.com/أخبار-المحافظات-296</forum>
<forum_title>أخبار المحافظات | اليوم السابع</forum_title>
<discussion_title>شرم الشيخ تستعد للمؤتمر الدولى &quot;المنظومة المتكاملة لإدارة التدريب اقتصاديا&quot;</discussion_title>
<language>arabic</language>
<gmt_offset></gmt_offset>
<topic_url>http://www.youm7.com/story/2016/5/12/شرم-الشيخ-تستعد-للمؤتمر-الدولى-المنظومة-المتكاملة-لإدارة-الت/2715181</topic_url>
<topic_text>
تستعد مدينة شرم الشيخ لاستقبال المؤتمر الدولى بعنوان &quot;المنظومة المتكاملة لإدارة التدريب اقتصاديا فى ظل المتغيرات الدوليه المحيطة بالمنطقة العربية&quot;، والذى سيعقد بمدينة شرم الشيخ خلال الفترة من 15 مايو إلى 17 مايو 2016.
ويأتى المؤتمر تمشيا مع رؤية الإصلاح الإدارى فى مصر، والتى أعدتها وزارة التخطيط والمتابعة والإصلاح الإدارى، التى تهدف إلى رفع كفاءة الجهاز الإدارى للدولة، وبصفه خاصة فى مجال تنمية وبناء قدرات ومهارات العنصر البشرى.
ويقام المؤتمر تحت رعاية وزارة التخطيط والمتابعه والإصلاح الإدارى، وجامعة الدول العربية، بمشارك وفود من دول الكويت، والسودان، والبحرين، وسلطنة عمان، والسعوديه، ومصر.
موضوعات متعلقة
- بالصور.. رئيس مدنية سانت كاترين يتفقد محطات المياه والخزانات استعدادا للصيف
</topic_text>
<spam_score>0.00</spam_score>
<post_num>1</post_num>
<post_id>post-1</post_id>
<post_url>http://www.youm7.com/story/2016/5/12/شرم-الشيخ-تستعد-للمؤتمر-الدولى-المنظومة-المتكاملة-لإدارة-الت/2715181</post_url>
<post_date>20160512</post_date>
<post_time>0629</post_time>
<username>youm7.com</username>
<post>
تستعد مدينة شرم الشيخ لاستقبال المؤتمر الدولى بعنوان &quot;المنظومة المتكاملة لإدارة التدريب اقتصاديا فى ظل المتغيرات الدوليه المحيطة بالمنطقة العربية&quot;، والذى سيعقد بمدينة شرم الشيخ خلال الفترة من 15 مايو إلى 17 مايو 2016.
ويأتى المؤتمر تمشيا مع رؤية الإصلاح الإدارى فى مصر، والتى أعدتها وزارة التخطيط والمتابعة والإصلاح الإدارى، التى تهدف إلى رفع كفاءة الجهاز الإدارى للدولة، وبصفه خاصة فى مجال تنمية وبناء قدرات ومهارات العنصر البشرى.
ويقام المؤتمر تحت رعاية وزارة التخطيط والمتابعه والإصلاح الإدارى، وجامعة الدول العربية، بمشارك وفود من دول الكويت، والسودان، والبحرين، وسلطنة عمان، والسعوديه، ومصر.
موضوعات متعلقة
- بالصور.. رئيس مدنية سانت كاترين يتفقد محطات المياه والخزانات استعدادا للصيف
</post>
<signature>

</signature>
<external_links>
<external_link>http://adserver.adtech.de/adlink/3.0/1422/5999560/0/170/ADTECH;loc=300</external_link><external_link>https://twitter.com/intent/tweet?button_hashtag=Youm7&amp;text=شرم</external_link><external_link>http://adserver.adtech.de/adserv/3.0/1422/5999560/0/170/ADTECH;loc=300</external_link>
</external_links>
<country>US</country>
<main_image>http://img.youm7.com/images/NewsPics/large/sharm35200822183454.jpg?v543</main_image>
</document>
