<?xml version="1.0" encoding="UTF-8"?>
<document>
<type>mainstream</type>
<forum>http://www.capital.ro/rss.html</forum>
<forum_title>Capital Online</forum_title>
<discussion_title>Conpet a înregistrat un profit mai mare cu 4% în primul trimestru, până la 18,44 milioane lei</discussion_title>
<language>romanian</language>
<gmt_offset></gmt_offset>
<topic_url>http://www.capital.ro/conpet-a-inregistrat-un-profit-mai-mare-cu-4-in-primul-trimestru-pana-la-1844-milioane-lei.html</topic_url>
<topic_text>
Companii Conpet a înregistrat un profit mai mare cu 4% în primul trimestru, până la 18,44 milioane lei Autor: capital.ro   1463064523 Conpet a înregistrat, în primul trimestru din acest an, un profit de 18,44 milioane de lei, în creştere cu 4% faţă de acelaşi interval din 2015, conform informaţiilor financiare ale companiei, transmise, joi, Bursei de Valori Bucureşti /BVB/. 
Cifra de afaceri a societăţii s-a diminuat cu 2,4%, până la 93,772 milioane lei, în timp ce veniturile din exploatare au totalizat 100,8 milioane lei, în perioada ianuarie - martie, mai puţin tot cu 2,4% în comparaţie cu primele trei luni din anul anterior. 
Potrivit raportării financiare, Conpet a înregistrat cheltuieli din exploatare în scădere cu 4,3%, la 79,713 milioane lei, iar profitul operaţional a fost în creştere cu 6,2%, până la 21,096 milioane lei. 
Conpet, societate aflată sub autoritatea Ministerului Energiei, are ca activitate de bază transportul de ţiţei, gazolină, etan şi condensat prin conducte şi cu vagoane cisternă pe calea ferată, în scopul aprovizionării rafinăriilor din România şi din Balcani cu ţiţei din producţia internă şi din import şi cu derivate ale acestuia. 
Societatea operează o reţea de conducte cu o lungime de 3.800 kilometri, ce traversează 24 de judeţe ale ţării. Operaţiunile de transport sunt coordonate de la Dispeceratul Central, aflat la sediul principal al companiei, din Ploieşti, şi de la dispecerate locale şi regionale. SURSA : Agerpres
</topic_text>
<spam_score>0.00</spam_score>
<post_num>1</post_num>
<post_id>post-1</post_id>
<post_url>http://www.capital.ro/conpet-a-inregistrat-un-profit-mai-mare-cu-4-in-primul-trimestru-pana-la-1844-milioane-lei.html</post_url>
<post_date>20160512</post_date>
<post_time>1448</post_time>
<username>( capital.ro )</username>
<post>
Companii Conpet a înregistrat un profit mai mare cu 4% în primul trimestru, până la 18,44 milioane lei Autor: capital.ro   1463064523 Conpet a înregistrat, în primul trimestru din acest an, un profit de 18,44 milioane de lei, în creştere cu 4% faţă de acelaşi interval din 2015, conform informaţiilor financiare ale companiei, transmise, joi, Bursei de Valori Bucureşti /BVB/. 
Cifra de afaceri a societăţii s-a diminuat cu 2,4%, până la 93,772 milioane lei, în timp ce veniturile din exploatare au totalizat 100,8 milioane lei, în perioada ianuarie - martie, mai puţin tot cu 2,4% în comparaţie cu primele trei luni din anul anterior. 
Potrivit raportării financiare, Conpet a înregistrat cheltuieli din exploatare în scădere cu 4,3%, la 79,713 milioane lei, iar profitul operaţional a fost în creştere cu 6,2%, până la 21,096 milioane lei. 
Conpet, societate aflată sub autoritatea Ministerului Energiei, are ca activitate de bază transportul de ţiţei, gazolină, etan şi condensat prin conducte şi cu vagoane cisternă pe calea ferată, în scopul aprovizionării rafinăriilor din România şi din Balcani cu ţiţei din producţia internă şi din import şi cu derivate ale acestuia. 
Societatea operează o reţea de conducte cu o lungime de 3.800 kilometri, ce traversează 24 de judeţe ale ţării. Operaţiunile de transport sunt coordonate de la Dispeceratul Central, aflat la sediul principal al companiei, din Ploieşti, şi de la dispecerate locale şi regionale. SURSA : Agerpres
</post>
<signature>

</signature>
<external_links>

</external_links>
<country>RO</country>
<main_image>http://www.capital.ro/image-605-388/cache/pics/conpet-465x215.jpg</main_image>
</document>
