<?xml version="1.0" encoding="UTF-8"?>
<document>
<type>mainstream</type>
<forum>http://www.sermonaudio.com/rss_source.rss</forum>
<forum_title>SermonAudio.com</forum_title>
<discussion_title>Lesson 11: Organization</discussion_title>
<language>english</language>
<gmt_offset></gmt_offset>
<topic_url>http://www.sermonaudio.com/sermoninfo.asp?SID=512161215370</topic_url>
<topic_text>
Featuring a sermon puts it on the front page of the site and is the most effective way to bring this sermon to the attention of thousands including all mobile platforms + newsletter. Ken Simmons The Courage to Face Opposition Midweek Service Harbor Baptist Church Play! | MP3 | RSS Text-Featuring a sermon is a less expensive way to bring this sermon to the attention of thousands on the right bar with optional newsletter inclusion. As low as $30/day. Ken Simmons The Courage to Face Opposition Harbor Baptist Church Play! | MP3 
PowerClips is an exclusive feature which enables you to convert a selected clip from one of your sermons into an animated video creatively styled with strong, visual elements in bold typography. (Click left for an example).
</topic_text>
<spam_score>0.00</spam_score>
<post_num>1</post_num>
<post_id>post-1</post_id>
<post_url>http://www.sermonaudio.com/sermoninfo.asp?SID=512161215370</post_url>
<post_date>20160512</post_date>
<post_time>1717</post_time>
<username>Ken Simmons</username>
<post>
Featuring a sermon puts it on the front page of the site and is the most effective way to bring this sermon to the attention of thousands including all mobile platforms + newsletter. Ken Simmons The Courage to Face Opposition Midweek Service Harbor Baptist Church Play! | MP3 | RSS Text-Featuring a sermon is a less expensive way to bring this sermon to the attention of thousands on the right bar with optional newsletter inclusion. As low as $30/day. Ken Simmons The Courage to Face Opposition Harbor Baptist Church Play! | MP3 
PowerClips is an exclusive feature which enables you to convert a selected clip from one of your sermons into an animated video creatively styled with strong, visual elements in bold typography. (Click left for an example).
</post>
<signature>

</signature>
<external_links>

</external_links>
<country>US</country>
<main_image>http://media.sermonaudio.com/gallery/photos/podcast/SimmonsKen-01.jpg</main_image>
</document>
