<?xml version="1.0" encoding="UTF-8"?>
<document>
<type>mainstream</type>
<forum>http://rss.joins.com/news/joins_star_entertainment_list.xml</forum>
<forum_title>중앙일보 | 방송·연예</forum_title>
<discussion_title>김재욱 “10살 연하 아내, 학부모 느낌으로 만났다”(자기야)</discussion_title>
<language>korean</language>
<gmt_offset></gmt_offset>
<topic_url>http://news.joins.com/article/20019076?cloc=rss%7Csports_ent%7Cbroadcast</topic_url>
<topic_text>
김재욱 “10살 연하 아내, 학부모 느낌으로 만났다”(자기야) [뉴스엔] 입력 2016.05.12 23:48 [뉴스엔 김명미 기자]&apos;자기야&apos; 김재욱이 10살 연하 아내를 사로잡은 비결을 밝혔다.5월 12일 방송된 SBS &apos;자기야-백년손님&apos;에 출연한 김재욱은 &quot;아내가 대학 신입생일 때 만났다. 첫 학기 입학했을 때 낚아챘다&quot;고 운을 뗐다.김재욱은 &quot;10살 연하다. 5년 연애하고 결혼까지 했다&quot;며 &quot;아내가 캠퍼스 커플 콘셉트 홍보 모델이었는데, 함께 촬영을 하다 만나게 됐다. 실제로 나는 98학번이고 아내는 08학번이다&quot;고 말했다.이어 김재욱은 &quot;아내가 승무원이다. 내가 실제로 남친보다는 학부모라는 느낌으로 만났다&quot;며 &quot;건강식이나 토익 칠 때 컴퓨터용 사인펜 챙겨주고 따뜻한 커피 챙겨주고 등에 핫팩도 붙여줬다&quot;고 털어놨다.(사진=SBS &apos;자기야-백년손님&apos; 방송 캡처)뉴스엔 김명미 mms2@copyrightⓒ 뉴스엔. 무단전재 &amp; 재배포 금지 좋아요 0
</topic_text>
<spam_score>0.00</spam_score>
<post_num>1</post_num>
<post_id>post-1</post_id>
<post_url>http://news.joins.com/article/20019076?cloc=rss%7Csports_ent%7Cbroadcast</post_url>
<post_date>20160512</post_date>
<post_time>1448</post_time>
<username></username>
<post>
김재욱 “10살 연하 아내, 학부모 느낌으로 만났다”(자기야) [뉴스엔] 입력 2016.05.12 23:48 [뉴스엔 김명미 기자]&apos;자기야&apos; 김재욱이 10살 연하 아내를 사로잡은 비결을 밝혔다.5월 12일 방송된 SBS &apos;자기야-백년손님&apos;에 출연한 김재욱은 &quot;아내가 대학 신입생일 때 만났다. 첫 학기 입학했을 때 낚아챘다&quot;고 운을 뗐다.김재욱은 &quot;10살 연하다. 5년 연애하고 결혼까지 했다&quot;며 &quot;아내가 캠퍼스 커플 콘셉트 홍보 모델이었는데, 함께 촬영을 하다 만나게 됐다. 실제로 나는 98학번이고 아내는 08학번이다&quot;고 말했다.이어 김재욱은 &quot;아내가 승무원이다. 내가 실제로 남친보다는 학부모라는 느낌으로 만났다&quot;며 &quot;건강식이나 토익 칠 때 컴퓨터용 사인펜 챙겨주고 따뜻한 커피 챙겨주고 등에 핫팩도 붙여줬다&quot;고 털어놨다.(사진=SBS &apos;자기야-백년손님&apos; 방송 캡처)뉴스엔 김명미 mms2@copyrightⓒ 뉴스엔. 무단전재 &amp; 재배포 금지 좋아요 0
</post>
<signature>

</signature>
<external_links>

</external_links>
<country>KR</country>
<main_image>http://pds.joins.com/news/component/newsen/201605/12/201605122302190310_1.jpg</main_image>
</document>
