<?xml version="1.0" encoding="UTF-8"?>
<document>
<type>mainstream</type>
<forum>http://www.franceinter.fr/rss.xml</forum>
<forum_title></forum_title>
<discussion_title>&quot;Harmony of the seas&quot; : le paquebot de la démesure prend le large</discussion_title>
<language>french</language>
<gmt_offset></gmt_offset>
<topic_url>http://www.franceinter.fr/depeche-harmony-of-the-seas-le-paquebot-de-la-demesure-prend-le-large</topic_url>
<topic_text>
Suicide sur Periscope : il faut sensibiliser les jeunes Dépêches &gt; éco du jeudi 12 Mai à 12H30 &quot;Harmony of the seas&quot; : le paquebot de la démesure prend le large Tweet Le &quot;Harmony of the Seas&quot; à Saint-Nazaire © Radio France - 2016 / Olivier Bénis 
Le plus gros paquebot du monde, le &quot;Harmony of the seas&quot;, sera livré ce jeudi à Saint-Nazaire à un armateur américain. Un événement qui pourrait être suivi par plus de 40.000 spectateurs massés sur le front de mer. 

Le plus gros navire de croisière jamais construit, le paquebot &quot;Harmony of the seas&quot; construit par les chantiers de STX France, sera livré ce jeudi à Saint-Nazaire à l&apos;armateur américain Royal Carribbean Cruises lors d&apos;une cérémonie. Il devrait quitter le port dimanche 15 mai si les conditions météorologiques sont réunies. Une ville flottante 
Avec ses 362 mètres de long et ses 66 mètres de large, le paquebot &quot;Harmony of the seas&quot; a une longueur supérieure au viaduc de Millau (343m) et la Tour Eiffel (312m) . Ce géant des mers peut embarquer jusqu&apos;à 6360 passagers et 2100 membres d&apos;équipages. 
Cette véritable ville flottante de 120 000 tonnes composée de 16 ponts offre plus de 66 000m² d&apos;espaces de restauration et de divertissement. Pour les passagers, le navire offre &quot;The Ultimate Abyss&quot;, le plus haut toboggan en mer , deux bras robotisés qui offriront des cocktails, une tyrolienne, un terrain de basket, un mini-golf, des simulateurs de surf, des jacuzzis flottants, un casino et un grand théâtre de 1400 places. Aussi, un bar télescopique grimpera de la &quot;Royal Promenade&quot;, une rue intérieure bordée de restaurants et boutiques, à &quot;Central Park&quot;, trois ponts au-dessus, un jardin extérieur composé de 12.000 espèces végétales . En bref, des attractions à la hauteur de la démesure du paquebot.
</topic_text>
<spam_score>0.00</spam_score>
<post_num>1</post_num>
<post_id>post-1</post_id>
<post_url>http://www.franceinter.fr/depeche-harmony-of-the-seas-le-paquebot-de-la-demesure-prend-le-large</post_url>
<post_date>20160512</post_date>
<post_time>1040</post_time>
<username>chloe.martin@radiofrance.com</username>
<post>
Suicide sur Periscope : il faut sensibiliser les jeunes Dépêches &gt; éco du jeudi 12 Mai à 12H30 &quot;Harmony of the seas&quot; : le paquebot de la démesure prend le large Tweet Le &quot;Harmony of the Seas&quot; à Saint-Nazaire © Radio France - 2016 / Olivier Bénis 
Le plus gros paquebot du monde, le &quot;Harmony of the seas&quot;, sera livré ce jeudi à Saint-Nazaire à un armateur américain. Un événement qui pourrait être suivi par plus de 40.000 spectateurs massés sur le front de mer. 

Le plus gros navire de croisière jamais construit, le paquebot &quot;Harmony of the seas&quot; construit par les chantiers de STX France, sera livré ce jeudi à Saint-Nazaire à l&apos;armateur américain Royal Carribbean Cruises lors d&apos;une cérémonie. Il devrait quitter le port dimanche 15 mai si les conditions météorologiques sont réunies. Une ville flottante 
Avec ses 362 mètres de long et ses 66 mètres de large, le paquebot &quot;Harmony of the seas&quot; a une longueur supérieure au viaduc de Millau (343m) et la Tour Eiffel (312m) . Ce géant des mers peut embarquer jusqu&apos;à 6360 passagers et 2100 membres d&apos;équipages. 
Cette véritable ville flottante de 120 000 tonnes composée de 16 ponts offre plus de 66 000m² d&apos;espaces de restauration et de divertissement. Pour les passagers, le navire offre &quot;The Ultimate Abyss&quot;, le plus haut toboggan en mer , deux bras robotisés qui offriront des cocktails, une tyrolienne, un terrain de basket, un mini-golf, des simulateurs de surf, des jacuzzis flottants, un casino et un grand théâtre de 1400 places. Aussi, un bar télescopique grimpera de la &quot;Royal Promenade&quot;, une rue intérieure bordée de restaurants et boutiques, à &quot;Central Park&quot;, trois ponts au-dessus, un jardin extérieur composé de 12.000 espèces végétales . En bref, des attractions à la hauteur de la démesure du paquebot.
</post>
<signature>

</signature>
<external_links>

</external_links>
<country>FR</country>
<main_image>http://www.franceinter.fr/sites/default/files/2016/05/12/1284743/images/harmonymae.jpg</main_image>
</document>
