<?xml version="1.0" encoding="UTF-8"?>
<document>
<type>mainstream</type>
<forum>http://www.prensa.com/rss/section/1000500/</forum>
<forum_title>La Prensa - Deportes</forum_title>
<discussion_title>Federer, Djokovic y Murray cumplen los pronósticos</discussion_title>
<language>spanish</language>
<gmt_offset></gmt_offset>
<topic_url>http://www.prensa.com/deportes/Federer-Djokovic-Murray-cumplen-pronosticos_0_4480802012.html</topic_url>
<topic_text>
Federer, Djokovic y Murray cumplen los pronósticos ROMA, Italia El suizo Roger Federer saluda a la afición tras llevarse la victoria. AP/Claudio Onorati Facebook Shares 0 Email 0 El tenista suizo Roger Federer , número dos del mundo, ausente en el torneo de Madrid, se impuso en su retorno a las pistas al joven alemán Alexander Zverev (N.44) 6-3, 7-5, en segunda ronda del torneo Masters 1000 de Roma, mientras que el número uno del mundo, el serbio Novak Djokovic superó con más dificultades de las esperadas al francés Stephane Robert (103 del mundo) 7-5, 7-5. Otro de los favoritos que también avanzó fue el español Rafael Nadal quien venció al alemán Philipp Kohlschreiber (6-3, 6-3). Federer fue baja en Madrid debido a una lesión en la espalda . Exento de la primera vuelta en Roma, se enfrentará en octavos de final a la gran esperanza del tenis mundial, el austríaco Dominic Thiem (N.15), que se impuso al portugués Sousa 6-3, 6-2. &quot;Estoy muy feliz y sorprendido de haber ganado en dos sets&quot;, se congratuló el tenista helvético, quien confirmó no sentir dolor. Djokovic, ganador del reciente torneo de Madrid, se enfrentará en octavos de final con el brasileño Thomaz Bellucci, quien superó al galo Nicolas Mahut (6-4, 6-3). &quot;Fue extremadamente difícil&quot;, reconoció Djoko. &quot;Es un jugador muy imprevisible. No tenía nada que perder y dio unos golpes increíbles&quot;, añadió en alusión a su rival galo. Tampoco falló el británico Andy Murray , que se deshizo del kazajo Mikhail Kukushkin por un doble 6-3. El Torneo de Roma, que se disputa en el Foro Itálico de la capital italiana sobre tierra batida, reparte cerca de 4 millones de dólares en premios en su cuadro masculino.
</topic_text>
<spam_score>0.00</spam_score>
<post_num>1</post_num>
<post_id>post-1</post_id>
<post_url>http://www.prensa.com/deportes/Federer-Djokovic-Murray-cumplen-pronosticos_0_4480802012.html</post_url>
<post_date>20160511</post_date>
<post_time>1806</post_time>
<username></username>
<post>
Federer, Djokovic y Murray cumplen los pronósticos ROMA, Italia El suizo Roger Federer saluda a la afición tras llevarse la victoria. AP/Claudio Onorati Facebook Shares 0 Email 0 El tenista suizo Roger Federer , número dos del mundo, ausente en el torneo de Madrid, se impuso en su retorno a las pistas al joven alemán Alexander Zverev (N.44) 6-3, 7-5, en segunda ronda del torneo Masters 1000 de Roma, mientras que el número uno del mundo, el serbio Novak Djokovic superó con más dificultades de las esperadas al francés Stephane Robert (103 del mundo) 7-5, 7-5. Otro de los favoritos que también avanzó fue el español Rafael Nadal quien venció al alemán Philipp Kohlschreiber (6-3, 6-3). Federer fue baja en Madrid debido a una lesión en la espalda . Exento de la primera vuelta en Roma, se enfrentará en octavos de final a la gran esperanza del tenis mundial, el austríaco Dominic Thiem (N.15), que se impuso al portugués Sousa 6-3, 6-2. &quot;Estoy muy feliz y sorprendido de haber ganado en dos sets&quot;, se congratuló el tenista helvético, quien confirmó no sentir dolor. Djokovic, ganador del reciente torneo de Madrid, se enfrentará en octavos de final con el brasileño Thomaz Bellucci, quien superó al galo Nicolas Mahut (6-4, 6-3). &quot;Fue extremadamente difícil&quot;, reconoció Djoko. &quot;Es un jugador muy imprevisible. No tenía nada que perder y dio unos golpes increíbles&quot;, añadió en alusión a su rival galo. Tampoco falló el británico Andy Murray , que se deshizo del kazajo Mikhail Kukushkin por un doble 6-3. El Torneo de Roma, que se disputa en el Foro Itálico de la capital italiana sobre tierra batida, reparte cerca de 4 millones de dólares en premios en su cuadro masculino.
</post>
<signature>

</signature>
<external_links>

</external_links>
<country>US</country>
<main_image>http://images.prensa.com/deportes/Roger-Federer-aficion-llevarse-victoria_LPRIMA20160511_0112_33.jpg</main_image>
</document>
