<?xml version="1.0" encoding="UTF-8"?>
<document>
<type>mainstream</type>
<forum>http://jobs.cintas.com/feed/rss</forum>
<forum_title>Jobs</forum_title>
<discussion_title>(USA-CA-Pico Rivera) Assistant Route Service Sales Representative - California - Uniform</discussion_title>
<language>english</language>
<gmt_offset></gmt_offset>
<topic_url>http://jobs.cintas.com/pico-rivera-ca/assistant-route-service-sales-representative-california-uniform/C02A59937724438CB33A33958D416DC0/job/</topic_url>
<topic_text>
Home View All Jobs ( 1,736 ) Cintas Assistant Route Service Sales Representative - California - Uniform in Pico Rivera , California 
Assistant Route Service Sales Representative - California - Uniform-10181110 Description Cintas is currently looking for an Assistant Service Sales Representative - Uniform. Selected individual will provide route service to a set customer base, through the pick-up and delivery of uniforms and facility services products such as floor mats, dust mops, air fresheners, soaps, restroom paper supplies, and other ancillary products. Daily duties involve lifting, carrying and walking clean products into and soiled products out of customer accounts, as well as occasionally driving a company owned vehicle to and from numerous customer stops throughout the course of the day. Qualifications 
Qualified candidates must meet all requirements outlined by the DOT for driving a regulated vehicle weighing more than 10,000 lbs. In order to comply with DOT requirements qualified candidates must, prior to their first day of employment: • Have an active driver’s license • Be at least 21 years of age • Obtain a DOT medical certification 
• Provide documentation regarding their previous employment 
• A high school diploma or GED, preferred 
• Previous customer service experience, preferably in an industrial or service industry, preferred 
• Previous experience working in a sales-related role, preferred 
Assistant Service Sales Representative - Uniform partners enjoy: 
• Competitive Pay 
• Medical, Dental and Vision Insurance Package 
• Disability and Life Insurance Package 
• Paid Vacation and Holidays 
• Career Advancement Opportunities For more than 45 years, Cintas Corporation has offered highly-specialized services to businesses of all types. Cintas provides uniforms, facility services, safety supplies, fire protection solutions, flame resistant clothing, cleanroom resources, and promotional products. We are the service professionals, providing countless supplies and services to businesses small and large throughout the world. We operate in 420 facilities including, six manufacturing sites and nine distribution centers. We also have one of the largest fleets in North America. To support our aggressive growth plans, we offer unique opportunities, including advancement, ongoing training, mentoring and the opportunity to develop world class business skills. Cintas is Team Driven, and the true spirit we share gives us a competitive edge. We win together by working together as a team, giving mutual respect to all of our co-workers regardless of their background or tenure. The engine of Cintas’ team driven approach is our culture, which drives our profitability and stability. It’s a culture that exudes a high degree of professionalism at every level of our business. It’s a culture that maximizes the career development of all of our employee-partners, regardless of their job title and description. Cintas Corporation is an EEO/Affirmative Action Employer and will make all employment-related decisions without regard to race, color, religion, sex, sexual orientation, gender identity, national origin, disability or protected veteran status. Job Category: Service Sales Representative 
Location: US-CA-Pico Rivera
</topic_text>
<spam_score>0.00</spam_score>
<post_num>1</post_num>
<post_id>post-1</post_id>
<post_url>http://jobs.cintas.com/pico-rivera-ca/assistant-route-service-sales-representative-california-uniform/C02A59937724438CB33A33958D416DC0/job/</post_url>
<post_date>20160511</post_date>
<post_time>0214</post_time>
<username></username>
<post>
Home View All Jobs ( 1,736 ) Cintas Assistant Route Service Sales Representative - California - Uniform in Pico Rivera , California 
Assistant Route Service Sales Representative - California - Uniform-10181110 Description Cintas is currently looking for an Assistant Service Sales Representative - Uniform. Selected individual will provide route service to a set customer base, through the pick-up and delivery of uniforms and facility services products such as floor mats, dust mops, air fresheners, soaps, restroom paper supplies, and other ancillary products. Daily duties involve lifting, carrying and walking clean products into and soiled products out of customer accounts, as well as occasionally driving a company owned vehicle to and from numerous customer stops throughout the course of the day. Qualifications 
Qualified candidates must meet all requirements outlined by the DOT for driving a regulated vehicle weighing more than 10,000 lbs. In order to comply with DOT requirements qualified candidates must, prior to their first day of employment: • Have an active driver’s license • Be at least 21 years of age • Obtain a DOT medical certification 
• Provide documentation regarding their previous employment 
• A high school diploma or GED, preferred 
• Previous customer service experience, preferably in an industrial or service industry, preferred 
• Previous experience working in a sales-related role, preferred 
Assistant Service Sales Representative - Uniform partners enjoy: 
• Competitive Pay 
• Medical, Dental and Vision Insurance Package 
• Disability and Life Insurance Package 
• Paid Vacation and Holidays 
• Career Advancement Opportunities For more than 45 years, Cintas Corporation has offered highly-specialized services to businesses of all types. Cintas provides uniforms, facility services, safety supplies, fire protection solutions, flame resistant clothing, cleanroom resources, and promotional products. We are the service professionals, providing countless supplies and services to businesses small and large throughout the world. We operate in 420 facilities including, six manufacturing sites and nine distribution centers. We also have one of the largest fleets in North America. To support our aggressive growth plans, we offer unique opportunities, including advancement, ongoing training, mentoring and the opportunity to develop world class business skills. Cintas is Team Driven, and the true spirit we share gives us a competitive edge. We win together by working together as a team, giving mutual respect to all of our co-workers regardless of their background or tenure. The engine of Cintas’ team driven approach is our culture, which drives our profitability and stability. It’s a culture that exudes a high degree of professionalism at every level of our business. It’s a culture that maximizes the career development of all of our employee-partners, regardless of their job title and description. Cintas Corporation is an EEO/Affirmative Action Employer and will make all employment-related decisions without regard to race, color, religion, sex, sexual orientation, gender identity, national origin, disability or protected veteran status. Job Category: Service Sales Representative 
Location: US-CA-Pico Rivera
</post>
<signature>

</signature>
<external_links>

</external_links>
<country>US</country>
<main_image></main_image>
</document>
