<?xml version="1.0" encoding="UTF-8"?>
<document>
<type>mainstream</type>
<forum>http://portocanal.sapo.pt/rss.php</forum>
<forum_title>Porto Canal</forum_title>
<discussion_title>Miguel Macedo diz que já estava conformado com ida a julgamento</discussion_title>
<language>portuguese</language>
<gmt_offset></gmt_offset>
<topic_url>http://portocanal.sapo.pt/noticia/90908/</topic_url>
<topic_text>
Miguel Macedo diz que já estava conformado com ida a julgamento 12-05-2016 16:22 | País Porto Canal com Lusa 
Lisboa, 12 mai (Lusa) -- O antigo ministro da Administração Interna, Miguel Macedo, disse hoje que já se tinha conformado com a ida a julgamento, uma vez que não contestou a acusação na fase de instrução dos &apos;vistos gold&apos;. 
&quot;Não pus em crise a acusação nesta fase, eu conformei-me com a ida a julgamento&quot;, disse Miguel Macedo à agência Lusa, depois de o juiz de instrução ter hoje decidido levar os 17 arguidos da Operação Labirinto a julgamento. 
No âmbito do processo de &apos;vistos gold&apos;, Miguel Macedo é acusado de três crimes de prevaricação de titular de cargo político e um de tráfico de influência. 
Questionado sobre a decisão do juiz Carlos Alexandre de levar a julgamento todos arguidos, o antigo ministro da Administração Interna do Governo PSD/CDS afirmou não ter qualquer expetativa, &quot;porque não tinha que ter&quot;, já que a sua decisão &quot;foi lá atrás&quot; quando optou por não requerer a instrução. 
&quot;A partir do momento em que eu não requeri instrução do processo, evidentemente que tinha decidido que ia a julgamento&quot;, adiantou. 
&quot;Quando decidi não requer a instrução, não pus em crise nenhuma das coisas que vinha na acusação nesta fase, portanto o resultado só podia ia a julgamento&quot;, disse ainda. 
A operação Labirinto está relacionada com a aquisição de &apos;Vistos Gold&apos; e em causa estão crimes de corrupção ativa e passiva, recebimento indevido de vantagem, prevaricação, peculato de uso, abuso de poder e tráfico de influência. 
Neste processo são também acusados o antigo presidente do Instituto de Registos e Notariado, António Figueiredo, o ex-diretor nacional do Serviço de Estrangeiros e Fronteiras, Manuel Jarmela Palos, a ex-secretária-geral do Ministério da Justiça, Maria Antónia Anes, e alguns empresários chineses. 
CMP/CC // CC
</topic_text>
<spam_score>0.00</spam_score>
<post_num>1</post_num>
<post_id>post-1</post_id>
<post_url>http://portocanal.sapo.pt/noticia/90908/</post_url>
<post_date>20160512</post_date>
<post_time>0446</post_time>
<username></username>
<post>
Miguel Macedo diz que já estava conformado com ida a julgamento 12-05-2016 16:22 | País Porto Canal com Lusa 
Lisboa, 12 mai (Lusa) -- O antigo ministro da Administração Interna, Miguel Macedo, disse hoje que já se tinha conformado com a ida a julgamento, uma vez que não contestou a acusação na fase de instrução dos &apos;vistos gold&apos;. 
&quot;Não pus em crise a acusação nesta fase, eu conformei-me com a ida a julgamento&quot;, disse Miguel Macedo à agência Lusa, depois de o juiz de instrução ter hoje decidido levar os 17 arguidos da Operação Labirinto a julgamento. 
No âmbito do processo de &apos;vistos gold&apos;, Miguel Macedo é acusado de três crimes de prevaricação de titular de cargo político e um de tráfico de influência. 
Questionado sobre a decisão do juiz Carlos Alexandre de levar a julgamento todos arguidos, o antigo ministro da Administração Interna do Governo PSD/CDS afirmou não ter qualquer expetativa, &quot;porque não tinha que ter&quot;, já que a sua decisão &quot;foi lá atrás&quot; quando optou por não requerer a instrução. 
&quot;A partir do momento em que eu não requeri instrução do processo, evidentemente que tinha decidido que ia a julgamento&quot;, adiantou. 
&quot;Quando decidi não requer a instrução, não pus em crise nenhuma das coisas que vinha na acusação nesta fase, portanto o resultado só podia ia a julgamento&quot;, disse ainda. 
A operação Labirinto está relacionada com a aquisição de &apos;Vistos Gold&apos; e em causa estão crimes de corrupção ativa e passiva, recebimento indevido de vantagem, prevaricação, peculato de uso, abuso de poder e tráfico de influência. 
Neste processo são também acusados o antigo presidente do Instituto de Registos e Notariado, António Figueiredo, o ex-diretor nacional do Serviço de Estrangeiros e Fronteiras, Manuel Jarmela Palos, a ex-secretária-geral do Ministério da Justiça, Maria Antónia Anes, e alguns empresários chineses. 
CMP/CC // CC
</post>
<signature>

</signature>
<external_links>

</external_links>
<country>PT</country>
<main_image>http://portocanal.sapo.pt/img/noticiasSemFoto_Nova-200x200.jpg</main_image>
</document>
