<?xml version="1.0" encoding="UTF-8"?>
<document>
<type>mainstream</type>
<forum></forum>
<forum_title></forum_title>
<discussion_title>Historic site offers tours to educate visitors on its history - KSLA News 12 Shreveport, Louisiana News Weather &amp; Sports</discussion_title>
<language>english</language>
<gmt_offset></gmt_offset>
<topic_url>http://www.ksla.com/story/31958091/historic-site-offers-tours-to-educate-visitors-on-its-history</topic_url>
<topic_text>
Historic site offers tours to educate visitors on its history 2016-05-12T15:59:45Z MANSFIELD, LA (KSLA) - 
Some Louisiana State Parish and historic sites could face massive cuts due to the state&apos;s budget deficit. 
One of those sites on the chopping block is Mansfield State Historic Site in Mansfield, Louisiana, which means valuable learning opportunities about the history of the city and surrounding areas could be lost. 
The Mansfield State Historic Site has started a new series of walking tours to help educate the community on how the city was established and the experiences of the &quot;forgotten voices,&quot; which is what the historic site called the women and slaves living in the town. 
Michael Mumaugh with the Mansfield State Historic Site said the walking tours will give people better insight into pieces of history. 
“This will be the first time that visitors to our park will actually get to walk the streets of Mansfield and have an interpretive guide.” 
The first walking tour will be ¾ mile long and will be held Saturday, May 14 in downtown Mansfield. It will start at 10:30 a.m. 
There are two more tours scheduled for the summer that the Mansfield State Historic Site will put on. For more information on time and dates go to their Facebook page . 
Copyright 2016 KSLA . All rights reserved. Trending Stories Trending Stories More&gt;&gt; 
</topic_text>
<spam_score>0.00</spam_score>
<post_num>1</post_num>
<post_id>post-1</post_id>
<post_url>http://www.ksla.com/story/31958091/historic-site-offers-tours-to-educate-visitors-on-its-history</post_url>
<post_date>20160512</post_date>
<post_time></post_time>
<username>Adria Goins</username>
<post>
Historic site offers tours to educate visitors on its history 2016-05-12T15:59:45Z MANSFIELD, LA (KSLA) - 
Some Louisiana State Parish and historic sites could face massive cuts due to the state&apos;s budget deficit. 
One of those sites on the chopping block is Mansfield State Historic Site in Mansfield, Louisiana, which means valuable learning opportunities about the history of the city and surrounding areas could be lost. 
The Mansfield State Historic Site has started a new series of walking tours to help educate the community on how the city was established and the experiences of the &quot;forgotten voices,&quot; which is what the historic site called the women and slaves living in the town. 
Michael Mumaugh with the Mansfield State Historic Site said the walking tours will give people better insight into pieces of history. 
“This will be the first time that visitors to our park will actually get to walk the streets of Mansfield and have an interpretive guide.” 
The first walking tour will be ¾ mile long and will be held Saturday, May 14 in downtown Mansfield. It will start at 10:30 a.m. 
There are two more tours scheduled for the summer that the Mansfield State Historic Site will put on. For more information on time and dates go to their Facebook page . 
Copyright 2016 KSLA . All rights reserved. Trending Stories Trending Stories More&gt;&gt; 
</post>
<signature>

</signature>
<external_links>

</external_links>
<country>US</country>
<main_image>http://ksla.images.worldnow.com/images/10541145_G.png</main_image>
</document>
