<?xml version="1.0" encoding="UTF-8"?>
<document>
<type>mainstream</type>
<forum>http://www.laprovinciacr.it/rss.jsp?sezione=10</forum>
<forum_title>La Provincia</forum_title>
<discussion_title>Salò. “Da Giotto a De Chirico. I Tesori Nascosti”</discussion_title>
<language>italian</language>
<gmt_offset></gmt_offset>
<topic_url>http://www.laprovinciacr.it/scheda/arte/141823/Salo---Da-Giotto-a.html</topic_url>
<topic_text>
  Mu.Sa – Museo di Salò, fino al 6 novembre Salò. “Da Giotto a De Chirico. I Tesori Nascosti” dal 13/04/2016 
Via Brunati, 9 - 25087 Salò (BS) Italia 
Orari 
dal 01 al 30 maggio: mar-giov, 10:00-18:00 ven-dom: 10:00-22:00dal 01 giugno al 31 agosto: mar-dom, 10:00-23:00dal 01 settembre al 31 ottobre: mar-giov, 10:00-18:00 ven-dom: 10:00-22:00dal 01 al 06 novembre: mar-dom, 10:00-18:00 
Prezzi 
www.museodisalo.it 
Aggiungi al calendario http://www.laprovinciacr.it/scheda/arte/141823/Salo---Da-Giotto-a.html 12/05/2016 18:31:54 12/05/2016 18:31:54 40 Salò. “Da Giotto a De Chirico. I Tesori Nascosti” MuSa - Museo di SalòCentro culturale Santa GiustinaVia Brunati, 9 - 25087 Salò (BS) ItaliaOraridal 01 al 30 maggio: mar-giov, 10:00-18:00 ven-dom: 10:00-22:00dal 01 giugno al 31 agosto: mar-dom, 10:00-23:00dal 01 settembre al 31 ottobre: mar-giov, 10:00-18:00 ven-dom: 10:00-22:00dal 01 al 06 novembre: mar-dom, 10:00-18:00PrezziIngresso: 16 €Ridotto: 14 €Gruppi scolastici: 12 €www.museodisalo.it prenotazioni@museodisalo.it Via Brunati, 9, 25087 Salò BS, Italia false DD/MM/YYYY 
Al Museo di Salò i tesori nascosti di alcuni dei principali esponenti delle diverse scuole pittoriche italiane. 
La mostra ha ottenuto il contribuito di Regione Lombardia secondo un progetto scientifico curato dal Prof. Vittorio Sgarbi con lo scopo di valorizzare e promuovere lo spazio espositivo del Museo appena rinnovato negli allestimenti. 
Il visitatore ha l&apos;opportunità di scoprire un avvincente percorso scandito dai “tesori nascosti” di alcuni dei principali esponenti delle diverse scuole pittoriche italiane - da quella lombarda a quella veneta, da quella emiliana a quella toscana, da quella umbra a quella marchigiana, da quella romana a quella napoletana - nonché un’ampia panoramica sui temi affrontati, da quello sacro alle raffigurazioni allegoriche e mitologiche, dal genere del ritratto a quelli del paesaggio e della natura morta. 
La mostra è aperta al pubblico fino a domenica 6 novembre 2016. Condividi le tue opinioni su La Provincia Testo
</topic_text>
<spam_score>0.00</spam_score>
<post_num>1</post_num>
<post_id>post-1</post_id>
<post_url>http://www.laprovinciacr.it/scheda/arte/141823/Salo---Da-Giotto-a.html</post_url>
<post_date>20160512</post_date>
<post_time>1533</post_time>
<username></username>
<post>
  Mu.Sa – Museo di Salò, fino al 6 novembre Salò. “Da Giotto a De Chirico. I Tesori Nascosti” dal 13/04/2016 
Via Brunati, 9 - 25087 Salò (BS) Italia 
Orari 
dal 01 al 30 maggio: mar-giov, 10:00-18:00 ven-dom: 10:00-22:00dal 01 giugno al 31 agosto: mar-dom, 10:00-23:00dal 01 settembre al 31 ottobre: mar-giov, 10:00-18:00 ven-dom: 10:00-22:00dal 01 al 06 novembre: mar-dom, 10:00-18:00 
Prezzi 
www.museodisalo.it 
Aggiungi al calendario http://www.laprovinciacr.it/scheda/arte/141823/Salo---Da-Giotto-a.html 12/05/2016 18:31:54 12/05/2016 18:31:54 40 Salò. “Da Giotto a De Chirico. I Tesori Nascosti” MuSa - Museo di SalòCentro culturale Santa GiustinaVia Brunati, 9 - 25087 Salò (BS) ItaliaOraridal 01 al 30 maggio: mar-giov, 10:00-18:00 ven-dom: 10:00-22:00dal 01 giugno al 31 agosto: mar-dom, 10:00-23:00dal 01 settembre al 31 ottobre: mar-giov, 10:00-18:00 ven-dom: 10:00-22:00dal 01 al 06 novembre: mar-dom, 10:00-18:00PrezziIngresso: 16 €Ridotto: 14 €Gruppi scolastici: 12 €www.museodisalo.it prenotazioni@museodisalo.it Via Brunati, 9, 25087 Salò BS, Italia false DD/MM/YYYY 
Al Museo di Salò i tesori nascosti di alcuni dei principali esponenti delle diverse scuole pittoriche italiane. 
La mostra ha ottenuto il contribuito di Regione Lombardia secondo un progetto scientifico curato dal Prof. Vittorio Sgarbi con lo scopo di valorizzare e promuovere lo spazio espositivo del Museo appena rinnovato negli allestimenti. 
Il visitatore ha l&apos;opportunità di scoprire un avvincente percorso scandito dai “tesori nascosti” di alcuni dei principali esponenti delle diverse scuole pittoriche italiane - da quella lombarda a quella veneta, da quella emiliana a quella toscana, da quella umbra a quella marchigiana, da quella romana a quella napoletana - nonché un’ampia panoramica sui temi affrontati, da quello sacro alle raffigurazioni allegoriche e mitologiche, dal genere del ritratto a quelli del paesaggio e della natura morta. 
La mostra è aperta al pubblico fino a domenica 6 novembre 2016. Condividi le tue opinioni su La Provincia Testo
</post>
<signature>

</signature>
<external_links>

</external_links>
<country>IT</country>
<main_image>http://www.laprovinciacr.it/resizer/600/315/true/1463066816317.jpg--salo___da_giotto_a_de_chirico__i_tesori_nascosti_.jpg?1463066821000</main_image>
</document>
