<?xml version="1.0" encoding="UTF-8"?>
<document>
<type>mainstream</type>
<forum>http://kcur.org//rss.xml</forum>
<forum_title>KCUR</forum_title>
<discussion_title>Italy Becomes Last Western European Nation To Legalize Same-Sex Civil Unions</discussion_title>
<language>english</language>
<gmt_offset></gmt_offset>
<topic_url>http://kcur.org/post/italy-becomes-last-western-european-nation-legalize-same-sex-civil-unions</topic_url>
<topic_text>
By Merrit Kennedy • 1 hour ago Share Members of the LGBT community and supporters filled Rome&apos;s Piazza Montecitorio on Thursday to celebrate the vote on same-sex civil unions by the Chamber of Deputies. Simona Granati / Corbis via Getty Images 
Italy has passed legislation legalizing same-sex civil unions. It&apos;s the last country in Western Europe to do so. 
The measure was approved despite &quot;strong opposition from the Catholic Church and conservative politicians,&quot; NPR&apos;s Sylvia Poggioli tells our Newscast unit. She adds: 
&quot;The legislation grants same-sex couples many of the same rights as married couples — the possibility to have the same last name, inheritance, hospital visitation and medical decision-making rights. But it stops short of same-sex marriage. 
&quot;Originally presented in 2013, strong opposition to the bill forced the government to drop the stepchild adoption clause. Social conservatives and Catholics saw that as a step toward legalizing surrogate motherhood, which is illegal in Italy.&quot; 
The New York Times reports that Wednesday&apos;s vote (372 to 51, with 99 abstentions) was met with &quot;long applause in the Chamber of Deputies, the lower house of Parliament.&quot; The legislation passed the Senate earlier this year. 
The Associated Press notes that Italy is &quot;the last of the European Union&apos;s 28 nations to grant legal recognition to civil unions.&quot; Gay rights advocates emphasized the historic nature of the vote. 
&quot;The wall erected mostly by the Vatican against civil rights in this country has fallen, so it is a historically and politically important moment,&quot; Franco Grillini, honorary leader of the advocacy group Arcigay, said according to the Times . 
Still, many were hoping the law would go further. &quot;It is lacking full equality, which is what we were asking for,&quot; Gabriele Piazzoni, national secretary for Arcigay, tells the AP. &quot;But still, this is a crucial moment.&quot; 
Italian lawmakers first proposed legalizing civil unions some 30 years ago, the Times reports. 
Reuters says the bill also grants further rights to unmarried heterosexual couples — they &quot;get the right to be treated as each other&apos;s next of kin if one partner is taken ill, dies or is imprisoned. They also get some rights to a shared home.&quot; 
Sylvia adds that conservative lawmakers have vowed to &quot;call for a referendum to repeal the law.&quot; Copyright 2016 NPR. To see more, visit NPR . © 2016 KCUR
</topic_text>
<spam_score>0.00</spam_score>
<post_num>1</post_num>
<post_id>post-1</post_id>
<post_url>http://kcur.org/post/italy-becomes-last-western-european-nation-legalize-same-sex-civil-unions</post_url>
<post_date>20160512</post_date>
<post_time>1442</post_time>
<username>Merrit Kennedy</username>
<post>
By Merrit Kennedy • 1 hour ago Share Members of the LGBT community and supporters filled Rome&apos;s Piazza Montecitorio on Thursday to celebrate the vote on same-sex civil unions by the Chamber of Deputies. Simona Granati / Corbis via Getty Images 
Italy has passed legislation legalizing same-sex civil unions. It&apos;s the last country in Western Europe to do so. 
The measure was approved despite &quot;strong opposition from the Catholic Church and conservative politicians,&quot; NPR&apos;s Sylvia Poggioli tells our Newscast unit. She adds: 
&quot;The legislation grants same-sex couples many of the same rights as married couples — the possibility to have the same last name, inheritance, hospital visitation and medical decision-making rights. But it stops short of same-sex marriage. 
&quot;Originally presented in 2013, strong opposition to the bill forced the government to drop the stepchild adoption clause. Social conservatives and Catholics saw that as a step toward legalizing surrogate motherhood, which is illegal in Italy.&quot; 
The New York Times reports that Wednesday&apos;s vote (372 to 51, with 99 abstentions) was met with &quot;long applause in the Chamber of Deputies, the lower house of Parliament.&quot; The legislation passed the Senate earlier this year. 
The Associated Press notes that Italy is &quot;the last of the European Union&apos;s 28 nations to grant legal recognition to civil unions.&quot; Gay rights advocates emphasized the historic nature of the vote. 
&quot;The wall erected mostly by the Vatican against civil rights in this country has fallen, so it is a historically and politically important moment,&quot; Franco Grillini, honorary leader of the advocacy group Arcigay, said according to the Times . 
Still, many were hoping the law would go further. &quot;It is lacking full equality, which is what we were asking for,&quot; Gabriele Piazzoni, national secretary for Arcigay, tells the AP. &quot;But still, this is a crucial moment.&quot; 
Italian lawmakers first proposed legalizing civil unions some 30 years ago, the Times reports. 
Reuters says the bill also grants further rights to unmarried heterosexual couples — they &quot;get the right to be treated as each other&apos;s next of kin if one partner is taken ill, dies or is imprisoned. They also get some rights to a shared home.&quot; 
Sylvia adds that conservative lawmakers have vowed to &quot;call for a referendum to repeal the law.&quot; Copyright 2016 NPR. To see more, visit NPR . © 2016 KCUR
</post>
<signature>

</signature>
<external_links>

</external_links>
<country>US</country>
<main_image>http://mediad.publicbroadcasting.net/p/shared/npr/styles/medium/nprshared/201605/477781500.jpg</main_image>
</document>
