<?xml version="1.0" encoding="UTF-8"?>
<document>
<type>mainstream</type>
<forum></forum>
<forum_title></forum_title>
<discussion_title>Uncle Ben&apos;s Country Inn Rice Just $0.67 At Dollar Tree!</discussion_title>
<language>english</language>
<gmt_offset></gmt_offset>
<topic_url>http://www.groceryshopforfree.com/uncle-bens-country-inn-rice-just-0-67-at-dollar-tree/</topic_url>
<topic_text>
Uncle Ben’s Country Inn Rice Just $0.67 At Dollar Tree! Post may contain affiliate links. Click to read Disclosure . Click to read Privacy Policy . May 12, 2016 by Dian Leave a Comment Uncle Ben’s Country Inn Rice Just $0.67 At Dollar Tree! 
Right now you can get Uncle Ben’s Country Inn Rice for just $0.67 each at Dollar Tree! 
Here’s how: 
</topic_text>
<spam_score>0.00</spam_score>
<post_num>1</post_num>
<post_id>post-1</post_id>
<post_url>http://www.groceryshopforfree.com/uncle-bens-country-inn-rice-just-0-67-at-dollar-tree/</post_url>
<post_date>20160512</post_date>
<post_time></post_time>
<username></username>
<post>
Uncle Ben’s Country Inn Rice Just $0.67 At Dollar Tree! Post may contain affiliate links. Click to read Disclosure . Click to read Privacy Policy . May 12, 2016 by Dian Leave a Comment Uncle Ben’s Country Inn Rice Just $0.67 At Dollar Tree! 
Right now you can get Uncle Ben’s Country Inn Rice for just $0.67 each at Dollar Tree! 
Here’s how: 
</post>
<signature>

</signature>
<external_links>

</external_links>
<country>IE</country>
<main_image>http://www.groceryshopforfree.com/wp-content/uploads/195451-2.jpg</main_image>
</document>
