<?xml version="1.0" encoding="UTF-8"?>
<document>
<type>mainstream</type>
<forum>http://www.vetogate.com/list/61/borsa</forum>
<forum_title>بوابة فيتو | بورصة </forum_title>
<discussion_title>تراجع 3 عملات أجنبية أمام الجنيه.. والدولار يسجل 888 قرشا</discussion_title>
<language>arabic</language>
<gmt_offset></gmt_offset>
<topic_url>http://www.vetogate.com/2181417</topic_url>
<topic_text>
تباينت أسعار صرف العملات الأجنبية مقابل الجنيه، اليوم الأربعاء، وبلغ سعر الدولار الأمريكي نحو 8.8572 جنيهات للشراء، و8.8794 جنيهات للبيع، وفقًا لأحـدث تقرير للبنك المركزي.
وبلغ سعر صرف اليورو نحو 10.07 جنيهات للشراء، و10.1056 جنيهات للبيع بانخفاض 3 قروش، فيما سجل الجنيه الإسترليني نحو 12.7894 جنيهًا للشراء، و12.8245 جنيهًا للبيع.
وسجل الفرنك السويسري 9.0902 جنيهات للشراء، و9.1164 جنيهات للبيع، بانخفاض 6 قروش، كما سجل «100» ين ياباني 8.1172 جنيهات للشراء، و8.1395 جنيهات للبيع بانخفاض 7 قروش.
</topic_text>
<spam_score>0.00</spam_score>
<post_num>1</post_num>
<post_id>post-1</post_id>
<post_url>http://www.vetogate.com/2181417</post_url>
<post_date>20160511</post_date>
<post_time>1059</post_time>
<username>vetogate.com</username>
<post>
تباينت أسعار صرف العملات الأجنبية مقابل الجنيه، اليوم الأربعاء، وبلغ سعر الدولار الأمريكي نحو 8.8572 جنيهات للشراء، و8.8794 جنيهات للبيع، وفقًا لأحـدث تقرير للبنك المركزي.
وبلغ سعر صرف اليورو نحو 10.07 جنيهات للشراء، و10.1056 جنيهات للبيع بانخفاض 3 قروش، فيما سجل الجنيه الإسترليني نحو 12.7894 جنيهًا للشراء، و12.8245 جنيهًا للبيع.
وسجل الفرنك السويسري 9.0902 جنيهات للشراء، و9.1164 جنيهات للبيع، بانخفاض 6 قروش، كما سجل «100» ين ياباني 8.1172 جنيهات للشراء، و8.1395 جنيهات للبيع بانخفاض 7 قروش.
</post>
<signature>

</signature>
<external_links>

</external_links>
<country>US</country>
<main_image>http://www.vetogate.com/upload/photo/news/218/1/500x500o/417.jpg</main_image>
</document>
