<?xml version="1.0" encoding="UTF-8"?>
<document>
<type>mainstream</type>
<forum></forum>
<forum_title></forum_title>
<discussion_title>الجرس | Al Jaras : اخبار وصور نجوم الفن والسياسة والمجتمع والرياضة | ياسمين التركية تنشر صورتها بدون ماكياج نهائياً – بالصورة</discussion_title>
<language>arabic</language>
<gmt_offset></gmt_offset>
<topic_url>http://www.aljaras.com/%d8%a7%d9%84%d8%aa%d8%b1%d9%83%d9%8a%d8%a9-%d9%8a%d8%a7%d8%b3%d9%85%d9%8a%d9%86-%d8%aa%d9%86%d8%b4%d8%b1-%d8%b5%d9%88%d8%b1%d8%aa%d9%87%d8%a7-%d8%a8%d8%af%d9%88%d9%86-%d9%85%d8%a7%d9%83%d9%8a%d8%a7/</topic_url>
<topic_text>
ياسمين التركية تنشر صورتها بدون ماكياج نهائياً – بالصورة May 12, 2016 at 14:31 التركية ياسمين على طبيعتها 
</topic_text>
<spam_score>0.00</spam_score>
<post_num>1</post_num>
<post_id>post-1</post_id>
<post_url>http://www.aljaras.com/%d8%a7%d9%84%d8%aa%d8%b1%d9%83%d9%8a%d8%a9-%d9%8a%d8%a7%d8%b3%d9%85%d9%8a%d9%86-%d8%aa%d9%86%d8%b4%d8%b1-%d8%b5%d9%88%d8%b1%d8%aa%d9%87%d8%a7-%d8%a8%d8%af%d9%88%d9%86-%d9%85%d8%a7%d9%83%d9%8a%d8%a7/</post_url>
<post_date>20160512</post_date>
<post_time></post_time>
<username></username>
<post>
ياسمين التركية تنشر صورتها بدون ماكياج نهائياً – بالصورة May 12, 2016 at 14:31 التركية ياسمين على طبيعتها 
</post>
<signature>

</signature>
<external_links>

</external_links>
<country>CA</country>
<main_image>http://www.aljaras.com/wp-content/uploads/2013/11/نورغول.jpg</main_image>
</document>
