<?xml version="1.0" encoding="UTF-8"?>
<document>
<type>mainstream</type>
<forum>http://feeds.feedburner.com/NDTV-LatestNews</forum>
<forum_title>NDTV News  -  Special</forum_title>
<discussion_title>3 School Children Washed Away After Flash Floods In J&amp;K&apos;s Ramban District</discussion_title>
<language>english</language>
<gmt_offset></gmt_offset>
<topic_url>http://www.ndtv.com/cities/3-school-children-washed-away-after-flash-floods-in-j-ks-ramban-district-1405654</topic_url>
<topic_text>
3 School Children Washed Away After Flash Floods In J&amp;K&apos;s Ramban District Cities | Written by Nazir Masoodi | Updated: May 12, 2016 20:45 IST EMAIL COMMENTS Bodies of two children have been recovered. Srinagar: Three school children were washed away in Batote area of Jammu and Kashmir&apos;s Ramban district after heavy rains and cloud burst triggered flash floods in the area on Thursday. Officials said the rescue operations were immediately launched and bodies of two children have been recovered. 14-year-old Rakesh Kumar, 13-year-old Payal and five-year-old Sivalo Devi were returning from school and crossing a rivulet when flash floods washed them away near Batote along the Srinagar-Jammu national highway. &quot;Bodies of two children have been recovered and searches are on to recover the body third child,&quot; said Ajaz Ahmad, Deputy Commissioner of Ramban.In most areas of Ramban district and other parts of the mountainous Chenab valley region, children have to cross nallahs and rivulets to reach their schools. Flash floods have also blocked the Srinagar-Jammu highway at Batote. Officials says floods triggered avalanches and blocked the highway. &quot;Efforts are on to clear the highway and restore traffic,&quot; said Mr Ahmad. Trending
</topic_text>
<spam_score>0.00</spam_score>
<post_num>1</post_num>
<post_id>post-1</post_id>
<post_url>http://www.ndtv.com/cities/3-school-children-washed-away-after-flash-floods-in-j-ks-ramban-district-1405654</post_url>
<post_date>20160512</post_date>
<post_time>1515</post_time>
<username></username>
<post>
3 School Children Washed Away After Flash Floods In J&amp;K&apos;s Ramban District Cities | Written by Nazir Masoodi | Updated: May 12, 2016 20:45 IST EMAIL COMMENTS Bodies of two children have been recovered. Srinagar: Three school children were washed away in Batote area of Jammu and Kashmir&apos;s Ramban district after heavy rains and cloud burst triggered flash floods in the area on Thursday. Officials said the rescue operations were immediately launched and bodies of two children have been recovered. 14-year-old Rakesh Kumar, 13-year-old Payal and five-year-old Sivalo Devi were returning from school and crossing a rivulet when flash floods washed them away near Batote along the Srinagar-Jammu national highway. &quot;Bodies of two children have been recovered and searches are on to recover the body third child,&quot; said Ajaz Ahmad, Deputy Commissioner of Ramban.In most areas of Ramban district and other parts of the mountainous Chenab valley region, children have to cross nallahs and rivulets to reach their schools. Flash floods have also blocked the Srinagar-Jammu highway at Batote. Officials says floods triggered avalanches and blocked the highway. &quot;Efforts are on to clear the highway and restore traffic,&quot; said Mr Ahmad. Trending
</post>
<signature>

</signature>
<external_links>

</external_links>
<country>US</country>
<main_image>http://i.ndtvimg.com/i/2016-05/ramban-flash-floods-650_650x400_41463066088.jpg</main_image>
</document>
