<?xml version="1.0" encoding="UTF-8"?>
<document>
<type>mainstream</type>
<forum>http://www.almasryalyoum.com/</forum>
<forum_title>المصري اليوم</forum_title>
<discussion_title>الأهلي يسعى لتعزيز صدارة الدوري على حساب أسوان.. و«مارتن يول» يستبعد 6 لاعبين</discussion_title>
<language>arabic</language>
<gmt_offset></gmt_offset>
<topic_url>http://www.almasryalyoum.com/news/details/945173</topic_url>
<topic_text>
يتطلع الأهلي، متصدر الدوري، الممتاز لكرة القدم لاستعادة توازنه والعودة للانتصارات مرة أخرى عندما يحل ضيفا على أسوان الخميس ضمن منافسات المرحلة الـ28 للمسابقة المحلية.
أخبار متعلقة
مصطفى يونس: مانويل جوزيه أكثر من حقق بطولات للأهلي
إيفونا ينتظم في مران الأهلي الأربعاء ..وأحمد الشيخ يعود للتدريبات بعد تعافيه
تدريبات بدنية شاقة للاعبي الأهلي
وتلقى الأهلي، صاحب المركز الأول برصيد 59 نقطة، هزيمة مفاجأة بعد 6 انتصارات متتالية بهدف وحيد من وادي دجلة في الجولة المنقضية ويسعى لتعويضها على حساب أسوان صاحب المركز الرابع عشر برصيد 31 نقطة، الذي يخوض المباراة أملا في الخروج بنتيجة إيجابية أمام بطل القرن تزيد من فرص بقائه بالمسابقة.
واستبعد الهولندي مارتن يول، المدير الفني للأهلي، كلا من باسم على وأحمد الشيخ وأحمد حمدي وسعد الدين سمير وصالح جمعة من قائمة المباراة لأسباب فنية، ويعود حسام غالي، كابتن الأهلي، لقيادة فريقه في مواجهة أسوان بعد انتهاء إيقافه الذي غاب بسببه عن لقاء دجلة.
ومن المقرر أن ينتظم المهاجم الجابوني، ماليك إيفونا، في تدريبات الأهلي الأربعاء، حيث غادر القاهرة الأحد الماضي متجها إلى الجابون لاستخراج تأشيرة السفر إلى فرنسا بسبب ارتباطه مع منتخب بلاده بإحدى المباريات الودية في باريس خلال الفترة المقبلة ولابد من إنهاء إجراءات حصوله على تأشيرة دخول فرنسا في الوقت الحالي.
وخصص «يول» فقرة في المران الجماعي الأخير للأهلي للتدريب على استغلال العرضيات في التصويب مباشرة على المرمى وقام بتصحيح الأخطاء سواء في التمركز أو توجيه وجه القدم باتجاه مرمى الخصم، وأكد في تصريحاته للصحفيين أهمية الفوز على أسوان لمواصلة التقدم نحو التتويج بالدرع، مشددا على أهمية حصد فريقه لجميع النقاط المتبقية بالدوري.
وأشار «يول» إلى أن فريق أسوان يمتلك طموحا رائعا وبالطبع سيعمل على الظهور بشكل جيد أمام بطل القرن.
أما حسام غالي كابتن الأهلي فيرى أن جميع مباريات الأهلي المتبقية بالدوري هي مباريات كؤوس لا بديل عن الفوز بها أيا كان المنافس.
في المقابل يدخل فريق أسوان معتمدا على عامل الأرض في الخروج بنتيجة إيجابية أمام بطل القرن والمتصدر الحالي للترتيب العام للمسابقة.
</topic_text>
<spam_score>0.00</spam_score>
<post_num>3</post_num>
<post_id>post-3</post_id>
<post_url>http://www.almasryalyoum.com/news/details/945173</post_url>
<post_date>20160511</post_date>
<post_time>0902</post_time>
<username>Attia D R Akram</username>
<post>
الكل بقا سئ وصالح جمعه اللي ملمسهاش بقا نجم
</post>
<signature>

</signature>
<external_links>

</external_links>
<country>US</country>
<main_image>http://media.almasryalyoum.com/News/VeryLarge/2016/05/08/461329_0.jpg</main_image>
</document>
