<?xml version="1.0" encoding="UTF-8"?>
<document>
<type>mainstream</type>
<forum>http://rssfeeds.wausaudailyherald.com/wausau/home</forum>
<forum_title>Wausau - Home</forum_title>
<discussion_title>HSSA Boys Team of the Year: SPASH basketball</discussion_title>
<language>english</language>
<gmt_offset></gmt_offset>
<topic_url>http://www.wausaudailyherald.com/story/sports/2016/05/12/hssa-boys-team-year-spash-basketball/84268942/</topic_url>
<topic_text>
HSSA Boys Team of the Year: SPASH basketball Scott A. Williams , USA TODAY NETWORK-Wisconsin 12:20 a.m. CDT May 12, 2016 Buy Photo SPASH&apos;s Sam Hauser (10) and Ted Kearney (2) help the Panthers to an undefeated season and a second straight WIAA Division 1 boys basketball title this year. (Photo: USA TODAY NETWORK-Wisconsin file photo) Buy Photo CONNECT COMMENT EMAIL MORE 
Stevens Point Area Senior High 
Sport: Boys basketball 
The Stevens Point Area Senior High boys basketball team had a season unparalleled in any sport not only in the local area, but across the state, over the past several decades. 
All eyes were on the Panthers entering its season. It faced huge expectations and the pressure associated with returning a large portion of its roster after a making a deep run in the WIAA playoffs the previous season. 
Not only did this group of coaches and student-athletes live up to those lofty expectations, but they may have even exceeded them. 
The season began with a 37-point blowout and that would become the trend throughout its season, winning by an average of 33.2 points a game over the course of the season. The starters often spent the final 10 minutes on the bench. 
SPASH earned national recognition, finishing the season ranked fifth and 11th in the country, respectively, by Max Preps and USA Today. Winners of 52 straight games against teams from Wisconsin, it also laid claim to the Associated Press Player of the Year in Trev Anderson and the state’s Gatorade Player of the Year in Sam Hauser 
A debate among those individuals deeply associated with high school sports around Wisconsin emerged as the season progressed about where this team ranked among the all-time best in state history. 
The season culminated in a convincing 89-64 victory over Muskego in the state championship game to cap off a 28-0 campaign with a second consecutive Division 1 state championship. CONNECT COMMENT EMAIL MORE Read or Share this story: http://wdhne.ws/27fDc1Z TOP VIDEOS
</topic_text>
<spam_score>0.00</spam_score>
<post_num>1</post_num>
<post_id>post-1</post_id>
<post_url>http://www.wausaudailyherald.com/story/sports/2016/05/12/hssa-boys-team-year-spash-basketball/84268942/</post_url>
<post_date>20160512</post_date>
<post_time>0520</post_time>
<username></username>
<post>
HSSA Boys Team of the Year: SPASH basketball Scott A. Williams , USA TODAY NETWORK-Wisconsin 12:20 a.m. CDT May 12, 2016 Buy Photo SPASH&apos;s Sam Hauser (10) and Ted Kearney (2) help the Panthers to an undefeated season and a second straight WIAA Division 1 boys basketball title this year. (Photo: USA TODAY NETWORK-Wisconsin file photo) Buy Photo CONNECT COMMENT EMAIL MORE 
Stevens Point Area Senior High 
Sport: Boys basketball 
The Stevens Point Area Senior High boys basketball team had a season unparalleled in any sport not only in the local area, but across the state, over the past several decades. 
All eyes were on the Panthers entering its season. It faced huge expectations and the pressure associated with returning a large portion of its roster after a making a deep run in the WIAA playoffs the previous season. 
Not only did this group of coaches and student-athletes live up to those lofty expectations, but they may have even exceeded them. 
The season began with a 37-point blowout and that would become the trend throughout its season, winning by an average of 33.2 points a game over the course of the season. The starters often spent the final 10 minutes on the bench. 
SPASH earned national recognition, finishing the season ranked fifth and 11th in the country, respectively, by Max Preps and USA Today. Winners of 52 straight games against teams from Wisconsin, it also laid claim to the Associated Press Player of the Year in Trev Anderson and the state’s Gatorade Player of the Year in Sam Hauser 
A debate among those individuals deeply associated with high school sports around Wisconsin emerged as the season progressed about where this team ranked among the all-time best in state history. 
The season culminated in a convincing 89-64 victory over Muskego in the state championship game to cap off a 28-0 campaign with a second consecutive Division 1 state championship. CONNECT COMMENT EMAIL MORE Read or Share this story: http://wdhne.ws/27fDc1Z TOP VIDEOS
</post>
<signature>

</signature>
<external_links>

</external_links>
<country>US</country>
<main_image>http://www.gannett-cdn.com/-mm-/7abf7d65649d7022810a218317829c95daaee0e3/c=0-107-2417-1473&amp;amp;r=x633&amp;amp;c=1200x630/local/-/media/2016/05/12/WIGroup/Wausau/635986127130357243-GPG-ES-De-Pere-vs-SPASH-MBB-12.18.1500099.JPG</main_image>
</document>
