<?xml version="1.0" encoding="UTF-8"?>
<document>
<type>mainstream</type>
<forum>http://travelstart.de//from/public/top/air.rss</forum>
<forum_title>nach unsere beliebtesten Reiseziele - mit Travelstart</forum_title>
<discussion_title>142,75 € München</discussion_title>
<language>german</language>
<gmt_offset></gmt_offset>
<topic_url>http://www.travelstart.de/air/FRAMUC11JUN12JUN/1/-/-/s:1?domain=public</topic_url>
<topic_text>
  München, 11 Jun - 12 Jun,  
</topic_text>
<spam_score>0.00</spam_score>
<post_num>1</post_num>
<post_id>post-1</post_id>
<post_url>http://www.travelstart.de/air/FRAMUC11JUN12JUN/1/-/-/s:1?domain=public</post_url>
<post_date>20160512</post_date>
<post_time>1530</post_time>
<username></username>
<post>
  München, 11 Jun - 12 Jun,  
</post>
<signature>

</signature>
<external_links>

</external_links>
<country>DE</country>
<main_image></main_image>
</document>
