<?xml version="1.0" encoding="UTF-8"?>
<document>
<type>mainstream</type>
<forum></forum>
<forum_title></forum_title>
<discussion_title>No load shedding this winter - All 4 Women</discussion_title>
<language>english</language>
<gmt_offset></gmt_offset>
<topic_url>http://www.all4women.co.za/732896/news/south-african-news/no-load-shedding-winter</topic_url>
<topic_text>
Home News South African News No load shedding this winter No load shedding this winter May 12, 2016 5 Vote! 
There will be no load shedding this winter and next summer, Eskom CEO Brian Molefe said at a system status briefing in Cape Town on Thursday ... 
No load shedding 
There will be no load shedding this winter and next summer, Eskom CEO Brian Molefe said at a system status briefing in Cape Town on Thursday. 
He said the power utility does not anticipate load shedding for the 2016/2017 financial year. Molefe also said the trust Moody&apos;s Investors Service (Moody&apos;s) has placed in Eskom is not misplaced. 
The power utility managed to stave off a downgrade by the ratings agency, but was assigned a negative outlook. 
Moody&apos;s stated that Eskom’s outlook could be revised to stable if it continues to improve and stabilise its operational and financial performance?. 
&quot;The trust that Moody&apos;s has placed in us is not misplaced,&quot; said Molefe. 
&quot;We then will be able to get the South African economy growing again.&quot; 
This quarterly briefing is deemed the most important as the country heads into the winter season. 
Author: News24.com Don&apos;t miss out! Subscribe to our free News Newsletters Rate this article: 
</topic_text>
<spam_score>0.00</spam_score>
<post_num>1</post_num>
<post_id>post-1</post_id>
<post_url>http://www.all4women.co.za/732896/news/south-african-news/no-load-shedding-winter</post_url>
<post_date>20160512</post_date>
<post_time></post_time>
<username></username>
<post>
Home News South African News No load shedding this winter No load shedding this winter May 12, 2016 5 Vote! 
There will be no load shedding this winter and next summer, Eskom CEO Brian Molefe said at a system status briefing in Cape Town on Thursday ... 
No load shedding 
There will be no load shedding this winter and next summer, Eskom CEO Brian Molefe said at a system status briefing in Cape Town on Thursday. 
He said the power utility does not anticipate load shedding for the 2016/2017 financial year. Molefe also said the trust Moody&apos;s Investors Service (Moody&apos;s) has placed in Eskom is not misplaced. 
The power utility managed to stave off a downgrade by the ratings agency, but was assigned a negative outlook. 
Moody&apos;s stated that Eskom’s outlook could be revised to stable if it continues to improve and stabilise its operational and financial performance?. 
&quot;The trust that Moody&apos;s has placed in us is not misplaced,&quot; said Molefe. 
&quot;We then will be able to get the South African economy growing again.&quot; 
This quarterly briefing is deemed the most important as the country heads into the winter season. 
Author: News24.com Don&apos;t miss out! Subscribe to our free News Newsletters Rate this article: 
</post>
<signature>

</signature>
<external_links>

</external_links>
<country>ZA</country>
<main_image>http://www.all4women.co.za/wp-content/uploads/2015/07/load_shedding_eskom_blackouts-647x395.jpg</main_image>
</document>
