<?xml version="1.0" encoding="UTF-8"?>
<document>
<type>mainstream</type>
<forum>http://feeds.feedburner.com/rsscna/intworld</forum>
<forum_title>中央社即時新聞 國際焦點</forum_title>
<discussion_title>歐盟：不修反恐法免簽免談 土痛批偽善</discussion_title>
<language>chineset</language>
<gmt_offset></gmt_offset>
<topic_url>http://www.cna.com.tw/news/aopl/201605120528-1.aspx</topic_url>
<topic_text>
（中央社柏林＼安卡拉12日綜合外電報導）土耳其捍拒歐洲聯盟提出的主要條件後，歐盟執委會主席榮科今天說，土耳其當局若沒達到條件，歐盟將不會提供土耳其人免簽證旅遊。法新社報導，榮科（Jean-Claude Juncker）在德國電視台WDR主辦的論壇中說：「我們認為履行這些條件很重要，否則歐盟和土耳其之間的協議不會發生。」他說：「倘若艾爾段（Recep Tayyip Erdogan ）先生一意孤行，土耳其人民如問到，歐盟為何不提供土耳其人免簽證旅遊，艾爾段必須負責回答。這不是我的問題，這是他的問題。」歐盟在3月和土耳其達成的指標性協議中，承諾以免簽旅遊回報土耳其協助減少湧入歐洲的移民。
</topic_text>
<spam_score>0.00</spam_score>
<post_num>1</post_num>
<post_id>post-1</post_id>
<post_url>http://www.cna.com.tw/news/aopl/201605120528-1.aspx</post_url>
<post_date>20160512</post_date>
<post_time>1333</post_time>
<username></username>
<post>
（中央社柏林＼安卡拉12日綜合外電報導）土耳其捍拒歐洲聯盟提出的主要條件後，歐盟執委會主席榮科今天說，土耳其當局若沒達到條件，歐盟將不會提供土耳其人免簽證旅遊。法新社報導，榮科（Jean-Claude Juncker）在德國電視台WDR主辦的論壇中說：「我們認為履行這些條件很重要，否則歐盟和土耳其之間的協議不會發生。」他說：「倘若艾爾段（Recep Tayyip Erdogan ）先生一意孤行，土耳其人民如問到，歐盟為何不提供土耳其人免簽證旅遊，艾爾段必須負責回答。這不是我的問題，這是他的問題。」歐盟在3月和土耳其達成的指標性協議中，承諾以免簽旅遊回報土耳其協助減少湧入歐洲的移民。
</post>
<signature>

</signature>
<external_links>

</external_links>
<country>TW</country>
<main_image>http://img5.cna.com.tw/www/images/pic_fb.jpg</main_image>
</document>
