<?xml version="1.0" encoding="UTF-8"?>
<document>
<type>mainstream</type>
<forum></forum>
<forum_title></forum_title>
<discussion_title>Why People Crave Status and How They Gain It - GERI O&apos;NEILL</discussion_title>
<language>english</language>
<gmt_offset></gmt_offset>
<topic_url>http://www.gerioneill.com/status-social-hierarchy/</topic_url>
<topic_text>
2015 : Jan Feb Mar Apr May Jun Jul Aug Sep Oct Nov Dec Why People Crave Status and How They Gain It 
Do you want lots of money? Fame? Success? Power? What you’re really after is status. Status, as defined by the dictionary, is “the position of an individual in relation to another or others, especially in regard to social or professional standing.” 
Like it or not, status is an inherent aspect of social groups – animal and human. The more status one has the higher his/her position on the social ladder. The higher one stands on the ladder, the more benefits. In hunter-gatherer times and within animal kingdoms, the higher a male’s place within the group, the more goods and food he was/is entitled to, and the more desirable as a partner. 
We are genetically programmed to be attracted to strong, successful mates because they offer the best chance of producing healthy offspring that will carry our genes into the next generation. Today power is associated more with financial muscle than physical. A 7-year-old was asked, “When is it okay to kiss a boy?” She promptly replied, “When he’s rich.” 
There are numerous ways to earn status. In some cases, it is ascribed, automatically acquired through birth or inheritance as in the case of royal offspring. The closer to the throne, the higher the status. The Indian caste system is also based on ascribed status. PHYSICAL STATUS 
Attractiveness, gender, height, skin color, ethnicity, age, posture, and dress are status factors. Fashion, hairstyle, and accessories send signals about one’s nature, personality, taste, and socio-economic standing. In the past, some cultures had laws defining the fashions appropriate to each social class. Lacking the ability to gain status, some people choose outrageous hairstyles and fashion in order to stand out and be noticed. OTHER STATUS SIGNS 
Behavior, social skills, manners, intelligence, grammar can be signals of wealth or breeding – or lack thereof. Status is commonly acquired through achievement – profession, education, life experience, social and economic success. 
Consciously and unconsciously, we are attuned to status signs. What we’re looking for in people is an indication of their socio-economic class. Depending upon a person’s place in the social hierarchy, we respond with varying degrees of attention, agreement, deference. 
Our reaction to a person’s status is founded on self-interest. Is this person worth knowing? Can he or she enhance my life, self-image? We are genetically inclined to create advantageous alliances, to associate with people who will benefit us in some way. Today it’s called networking. If we can’t be at the top of the ladder ourselves, we want to be around those who are. Being with people of status makes us look good. Flip side: we avoid people beneath us… unless by helping them we enhance our reputation. 
So, you may think you are working for money, power and fame, but what you really want is status. Status is power. Status is recognition. Status says, “I am somebody.” We want to leave our mark on the world, put our name on books or buildings or babies. We want proof that we are or were here. And the irony is this: we crave all this because deep down, we’re not sure we exist at all. “ We have all been hypnotized to believe we are what we do and the face we present the world. We know ourselves only as the costume we’re wearing but behind it, there is a deep-seated anxiety that none of it is real. We sense the façade will crack and fall apart the minute we stop reinforcing it, so we put all our efforts into shoring it up, dressing it up, making it stronger, more special. And still the sense persists: this is not who I truly am.” From Healing Feelings 
Who am I? Really? The answer will not come in earning status, acquiring identity and value from the external world. The fulfillment sought will not be had by separating ourselves from our fellow man. True power comes from unity and co-operation. To know who we really are, we must look inside, not outside . 
</topic_text>
<spam_score>0.00</spam_score>
<post_num>1</post_num>
<post_id>post-1</post_id>
<post_url>http://www.gerioneill.com/status-social-hierarchy/</post_url>
<post_date>20160511</post_date>
<post_time></post_time>
<username>Author Geri O&apos;Neill</username>
<post>
2015 : Jan Feb Mar Apr May Jun Jul Aug Sep Oct Nov Dec Why People Crave Status and How They Gain It 
Do you want lots of money? Fame? Success? Power? What you’re really after is status. Status, as defined by the dictionary, is “the position of an individual in relation to another or others, especially in regard to social or professional standing.” 
Like it or not, status is an inherent aspect of social groups – animal and human. The more status one has the higher his/her position on the social ladder. The higher one stands on the ladder, the more benefits. In hunter-gatherer times and within animal kingdoms, the higher a male’s place within the group, the more goods and food he was/is entitled to, and the more desirable as a partner. 
We are genetically programmed to be attracted to strong, successful mates because they offer the best chance of producing healthy offspring that will carry our genes into the next generation. Today power is associated more with financial muscle than physical. A 7-year-old was asked, “When is it okay to kiss a boy?” She promptly replied, “When he’s rich.” 
There are numerous ways to earn status. In some cases, it is ascribed, automatically acquired through birth or inheritance as in the case of royal offspring. The closer to the throne, the higher the status. The Indian caste system is also based on ascribed status. PHYSICAL STATUS 
Attractiveness, gender, height, skin color, ethnicity, age, posture, and dress are status factors. Fashion, hairstyle, and accessories send signals about one’s nature, personality, taste, and socio-economic standing. In the past, some cultures had laws defining the fashions appropriate to each social class. Lacking the ability to gain status, some people choose outrageous hairstyles and fashion in order to stand out and be noticed. OTHER STATUS SIGNS 
Behavior, social skills, manners, intelligence, grammar can be signals of wealth or breeding – or lack thereof. Status is commonly acquired through achievement – profession, education, life experience, social and economic success. 
Consciously and unconsciously, we are attuned to status signs. What we’re looking for in people is an indication of their socio-economic class. Depending upon a person’s place in the social hierarchy, we respond with varying degrees of attention, agreement, deference. 
Our reaction to a person’s status is founded on self-interest. Is this person worth knowing? Can he or she enhance my life, self-image? We are genetically inclined to create advantageous alliances, to associate with people who will benefit us in some way. Today it’s called networking. If we can’t be at the top of the ladder ourselves, we want to be around those who are. Being with people of status makes us look good. Flip side: we avoid people beneath us… unless by helping them we enhance our reputation. 
So, you may think you are working for money, power and fame, but what you really want is status. Status is power. Status is recognition. Status says, “I am somebody.” We want to leave our mark on the world, put our name on books or buildings or babies. We want proof that we are or were here. And the irony is this: we crave all this because deep down, we’re not sure we exist at all. “ We have all been hypnotized to believe we are what we do and the face we present the world. We know ourselves only as the costume we’re wearing but behind it, there is a deep-seated anxiety that none of it is real. We sense the façade will crack and fall apart the minute we stop reinforcing it, so we put all our efforts into shoring it up, dressing it up, making it stronger, more special. And still the sense persists: this is not who I truly am.” From Healing Feelings 
Who am I? Really? The answer will not come in earning status, acquiring identity and value from the external world. The fulfillment sought will not be had by separating ourselves from our fellow man. True power comes from unity and co-operation. To know who we really are, we must look inside, not outside . 
</post>
<signature>

</signature>
<external_links>

</external_links>
<country>US</country>
<main_image>http://www.gerioneill.com/wp-content/uploads/2016/05/career-111932_640.jpg</main_image>
</document>
