<?xml version="1.0" encoding="UTF-8"?>
<document>
<type>mainstream</type>
<forum>http://articlefeeds.nasdaq.com/nasdaq/authors?author=rtt</forum>
<forum_title>Latest Articles from RTTNews</forum_title>
<discussion_title>Stocks Come Under Pressure After Seeing Initial Strength - U.S. Commentary</discussion_title>
<language>english</language>
<gmt_offset></gmt_offset>
<topic_url>http://www.nasdaq.com/article/stocks-come-under-pressure-after-seeing-initial-strength--us-commentary-20160512-00698</topic_url>
<topic_text>
Stocks Come Under Pressure After Seeing Initial Strength - U.S. Commentary May 12, 2016, 10:55:00 AM EDT By RTT News Comment Shutterstock photo 
(RTTNews.com) - After failing to sustain an initial upward move, stocks have given back ground over the course of early trading on Thursday. The major averages have pulled back well off their highs for the young session and into negative territory. 
Currently, the major averages remain in the red. The Dow is down 12.84 points or 0.1 percent at 17,698.28, the Nasdaq is down 25.95 points or 0.6 percent at 4,734.73 and the S&amp;P 500 is down 2.85 points or 0.1 percent at 2,061.61. 
The initial strength on Wall Street was partly due to a continued increase by the price of crude oil, which saw further upside following yesterday&apos;s rally. 
The early buying interest was also offset by the release of a report from the Labor Department showing an unexpected increase in initial jobless claims in the week ended May 7th. 
The report said initial jobless claims climbed to 294,000, an increase of 20,000 from the previous week&apos;s unrevised level of 274,000. Jobless claims moved higher for the third straight week. 
The continued increase came as a surprise to economists, who had expected jobless claims to edge down to 270,000. 
With the unexpected increase, jobless claims rose to their highest level since reaching 310,000 in the week ended February 28, 2015. 
On the heels of last Friday&apos;s disappointing monthly jobs report, the data has raised some concerns about the labor market, although analysts noted the increase may primarily reflect seasonal adjustments. 
&quot;It is notoriously difficult to seasonally adjust weekly data,&quot; said Chris Low, chief economist at FTN Financial. &quot;Watch the 4-wk average. If it remains near current levels, there&apos;s nothing to worry about. If it starts to rise in the next few weeks, it&apos;s a signal of slower employment growth to come.&quot; 
The Labor Department said the four-week moving average reached 268,250 last week, an increase of 10,250 from the previous week&apos;s unrevised average of 258,000. 
The notable pullback by the tech-heavy Nasdaq partly reflects a steep drop by shares of Apple ( AAPL ), with the tech giant tumbling 2.3 percent to its lowest levels in nearly two years. 
On Wednesday, Apple was forced to deny reports it is planning to stop offering music downloads on its iTunes service. 
Weakness among semiconductor stocks is also weighing on the Nasdaq, with the Philadelphia Semiconductor Index falling by 1.6 percent. 
Biotechnology, steel, and airline stocks have also come under pressure on the day, while strength is visible among chemical stocks. 
In overseas trading, stock markets across the Asia-Pacific region turned in another mixed performance during trading on Thursday. Japan&apos;s Nikkei 225 Index rose by 0.4 percent, while Hong Kong&apos;s Hang Seng Index slid by 0.7 percent. 
Meanwhile, the major European markets have all turned lower on the day. While the French CAC 40 Index has dipped 0.3 percent, the U.K.&apos;s FTSE 100 Index and the German DAX Index are down by 0.7 percent and 0.9 percent, respectively. 
In the bond market, treasuries have climbed back near the unchanged line after seeing early weakness. As a result, the yield on the benchmark ten-year note, which moves opposite of its price, is up by less than a basis point at 1.745 percent. 
For comments and feedback: contact This article appears in: News Headlines More Headlines for: AAPL
</topic_text>
<spam_score>0.00</spam_score>
<post_num>1</post_num>
<post_id>post-1</post_id>
<post_url>http://www.nasdaq.com/article/stocks-come-under-pressure-after-seeing-initial-strength--us-commentary-20160512-00698</post_url>
<post_date>20160512</post_date>
<post_time>1455</post_time>
<username></username>
<post>
Stocks Come Under Pressure After Seeing Initial Strength - U.S. Commentary May 12, 2016, 10:55:00 AM EDT By RTT News Comment Shutterstock photo 
(RTTNews.com) - After failing to sustain an initial upward move, stocks have given back ground over the course of early trading on Thursday. The major averages have pulled back well off their highs for the young session and into negative territory. 
Currently, the major averages remain in the red. The Dow is down 12.84 points or 0.1 percent at 17,698.28, the Nasdaq is down 25.95 points or 0.6 percent at 4,734.73 and the S&amp;P 500 is down 2.85 points or 0.1 percent at 2,061.61. 
The initial strength on Wall Street was partly due to a continued increase by the price of crude oil, which saw further upside following yesterday&apos;s rally. 
The early buying interest was also offset by the release of a report from the Labor Department showing an unexpected increase in initial jobless claims in the week ended May 7th. 
The report said initial jobless claims climbed to 294,000, an increase of 20,000 from the previous week&apos;s unrevised level of 274,000. Jobless claims moved higher for the third straight week. 
The continued increase came as a surprise to economists, who had expected jobless claims to edge down to 270,000. 
With the unexpected increase, jobless claims rose to their highest level since reaching 310,000 in the week ended February 28, 2015. 
On the heels of last Friday&apos;s disappointing monthly jobs report, the data has raised some concerns about the labor market, although analysts noted the increase may primarily reflect seasonal adjustments. 
&quot;It is notoriously difficult to seasonally adjust weekly data,&quot; said Chris Low, chief economist at FTN Financial. &quot;Watch the 4-wk average. If it remains near current levels, there&apos;s nothing to worry about. If it starts to rise in the next few weeks, it&apos;s a signal of slower employment growth to come.&quot; 
The Labor Department said the four-week moving average reached 268,250 last week, an increase of 10,250 from the previous week&apos;s unrevised average of 258,000. 
The notable pullback by the tech-heavy Nasdaq partly reflects a steep drop by shares of Apple ( AAPL ), with the tech giant tumbling 2.3 percent to its lowest levels in nearly two years. 
On Wednesday, Apple was forced to deny reports it is planning to stop offering music downloads on its iTunes service. 
Weakness among semiconductor stocks is also weighing on the Nasdaq, with the Philadelphia Semiconductor Index falling by 1.6 percent. 
Biotechnology, steel, and airline stocks have also come under pressure on the day, while strength is visible among chemical stocks. 
In overseas trading, stock markets across the Asia-Pacific region turned in another mixed performance during trading on Thursday. Japan&apos;s Nikkei 225 Index rose by 0.4 percent, while Hong Kong&apos;s Hang Seng Index slid by 0.7 percent. 
Meanwhile, the major European markets have all turned lower on the day. While the French CAC 40 Index has dipped 0.3 percent, the U.K.&apos;s FTSE 100 Index and the German DAX Index are down by 0.7 percent and 0.9 percent, respectively. 
In the bond market, treasuries have climbed back near the unchanged line after seeing early weakness. As a result, the yield on the benchmark ten-year note, which moves opposite of its price, is up by less than a basis point at 1.745 percent. 
For comments and feedback: contact This article appears in: News Headlines More Headlines for: AAPL
</post>
<signature>

</signature>
<external_links>

</external_links>
<country>US</country>
<main_image>http://www.nasdaq.com/images/dreamit.jpg</main_image>
</document>
