<?xml version="1.0" encoding="UTF-8"?>
<document>
<type>mainstream</type>
<forum>http://app.m4.cn?app=rss&amp;controller=index&amp;action=feed&amp;catid=26</forum>
<forum_title>资讯_四月网</forum_title>
<discussion_title>山西：2男子绑架富翁索要1.3亿 与警方枪战被毙</discussion_title>
<language>chinese</language>
<gmt_offset></gmt_offset>
<topic_url>http://news.m4.cn/2016-05/1309210.shtml</topic_url>
<topic_text>
中新网太原5月12日电(记者宋立超)针对舆论关注的“团伙绑架山西富翁索要2千万美金（折合人民币1.3亿元）赎金”一案，山西省大同市公安局12日召开新闻发布会对外通报案情。警方表示，两名嫌犯已被当场击毙，人质被安全解救。 
据媒体报道，大同市某集团公司董事长昝某在从家中去公司的路上被人绑架，歹徒索要赎金2千万美金。警方在围捕过程中与歹徒发生激烈枪战。 
大同市公安局在12日的新闻发布会上通报，2016年5月10日12时30分至5月11日6时30分，成功侦破一起特大绑架案，安全解救人质，当场击毙2名嫌犯。 
据介绍，5月10日12时30分许，大同市公安局城区分局接到报案称：大同市华岳集团公司董事长昝某某被绑架，并索要巨额赎金。接警后，警方立即启动大要案件侦破机制，成立“5.10”特大绑架案联合指挥部，调兵遣将，全市布控，分析研判，快速部署，迅速展开一系列侦破工作。公安部、山西省公安厅领导亲临现场指挥，指导协调，500余名警力，全网响应，协同作战。 
经过10多个小时的艰苦工作，11日凌晨5时30分许，警方发现嫌疑人活动轨迹。指挥部当即指令进行合围缉捕。6时10分，2辆可疑车辆相继进入视线，现场指挥迅速命令参战人员围追堵截，2名犯罪嫌疑人开枪拒捕，抓捕民警果断还击，2名犯罪嫌疑人被当场击毙，人质被安全解救，现场缴获作案交通工具2辆，仿“五四式”手枪2支，弹夹4个，子弹31发。 
经侦查，两名犯罪嫌疑人仝某某、贾某某为大同市南郊区人，案件正在进一步侦查中。
</topic_text>
<spam_score>0.00</spam_score>
<post_num>1</post_num>
<post_id>post-1</post_id>
<post_url>http://news.m4.cn/2016-05/1309210.shtml</post_url>
<post_date>20160512</post_date>
<post_time>1350</post_time>
<username></username>
<post>
中新网太原5月12日电(记者宋立超)针对舆论关注的“团伙绑架山西富翁索要2千万美金（折合人民币1.3亿元）赎金”一案，山西省大同市公安局12日召开新闻发布会对外通报案情。警方表示，两名嫌犯已被当场击毙，人质被安全解救。 
据媒体报道，大同市某集团公司董事长昝某在从家中去公司的路上被人绑架，歹徒索要赎金2千万美金。警方在围捕过程中与歹徒发生激烈枪战。 
大同市公安局在12日的新闻发布会上通报，2016年5月10日12时30分至5月11日6时30分，成功侦破一起特大绑架案，安全解救人质，当场击毙2名嫌犯。 
据介绍，5月10日12时30分许，大同市公安局城区分局接到报案称：大同市华岳集团公司董事长昝某某被绑架，并索要巨额赎金。接警后，警方立即启动大要案件侦破机制，成立“5.10”特大绑架案联合指挥部，调兵遣将，全市布控，分析研判，快速部署，迅速展开一系列侦破工作。公安部、山西省公安厅领导亲临现场指挥，指导协调，500余名警力，全网响应，协同作战。 
经过10多个小时的艰苦工作，11日凌晨5时30分许，警方发现嫌疑人活动轨迹。指挥部当即指令进行合围缉捕。6时10分，2辆可疑车辆相继进入视线，现场指挥迅速命令参战人员围追堵截，2名犯罪嫌疑人开枪拒捕，抓捕民警果断还击，2名犯罪嫌疑人被当场击毙，人质被安全解救，现场缴获作案交通工具2辆，仿“五四式”手枪2支，弹夹4个，子弹31发。 
经侦查，两名犯罪嫌疑人仝某某、贾某某为大同市南郊区人，案件正在进一步侦查中。
</post>
<signature>

</signature>
<external_links>

</external_links>
<country>CN</country>
<main_image></main_image>
</document>
