<?xml version="1.0" encoding="UTF-8"?>
<document>
<type>mainstream</type>
<forum></forum>
<forum_title></forum_title>
<discussion_title>Prestasi Anjlok, Everton Resmi Pecat Martinez - Bola Liputan6.com</discussion_title>
<language>indonesian</language>
<gmt_offset></gmt_offset>
<topic_url>http://bola.liputan6.com/read/2505598/prestasi-anjlok-everton-resmi-pecat-martinez</topic_url>
<topic_text>
Prestasi Anjlok, Everton Resmi Pecat Martinez By Adyaksa Vidi on 12 Mei 2016 at 23:10 WIB 
Liputan6.com, Liverpool - Kiprah Roberto Martinez sebagai manajer Everton selama tiga musim terakhir harus berhenti malam ini. Manajer asal Spanyol itu akhirnya dipecat setelah The Toffees menjalani musim yang buruk.Ya, hingga pekan ke-37, Everton masih terjebak di papan tengah. Mereka mengoleksi 44 poin dan menempati peringkat ke-12 klasemen. Baca Juga Dapat Setengah Triliun, Dortmund Tak Kecewa Lepas Hummels 
Padahal Martinez sempat sesumbar bakal membawa Everton ke zona Liga Champions musim depan. Apalagi manajemen telah memberinya dana besar untuk belanja pemain musim panas lalu.&quot; Everton dengan menyesal harus mengumumkan kepergian Roberto Martinez dari jabatannya sebagai manajer. Seluruh elemen klub sangat berterima kasih untuk dedikasi dan komitmennya selama ini,&quot; bunyi pernyataan resmi klub.&quot;Martinez merupakan duta yang hebat bagi Everton sepanjang waktu. Dia mampu membawa Everton finis dengan poin tertinggi di Liga Inggris, mengamankan tiket 16 besar Liga Europa, dan berpartisipasi hingga semifinal di kompetisi domestik.&quot;Everton pun mengumumkan acara penghargaan bagi pemain terbaik klub ditunda hingga waktu yang belum ditentukan. &quot;Kami akan memberikan pengumuman secepatnya soal acara ini, setidaknya sebelum musim baru dimulai.&quot; 
</topic_text>
<spam_score>0.00</spam_score>
<post_num>1</post_num>
<post_id>post-1</post_id>
<post_url>http://bola.liputan6.com/read/2505598/prestasi-anjlok-everton-resmi-pecat-martinez</post_url>
<post_date>20160512</post_date>
<post_time></post_time>
<username></username>
<post>
Prestasi Anjlok, Everton Resmi Pecat Martinez By Adyaksa Vidi on 12 Mei 2016 at 23:10 WIB 
Liputan6.com, Liverpool - Kiprah Roberto Martinez sebagai manajer Everton selama tiga musim terakhir harus berhenti malam ini. Manajer asal Spanyol itu akhirnya dipecat setelah The Toffees menjalani musim yang buruk.Ya, hingga pekan ke-37, Everton masih terjebak di papan tengah. Mereka mengoleksi 44 poin dan menempati peringkat ke-12 klasemen. Baca Juga Dapat Setengah Triliun, Dortmund Tak Kecewa Lepas Hummels 
Padahal Martinez sempat sesumbar bakal membawa Everton ke zona Liga Champions musim depan. Apalagi manajemen telah memberinya dana besar untuk belanja pemain musim panas lalu.&quot; Everton dengan menyesal harus mengumumkan kepergian Roberto Martinez dari jabatannya sebagai manajer. Seluruh elemen klub sangat berterima kasih untuk dedikasi dan komitmennya selama ini,&quot; bunyi pernyataan resmi klub.&quot;Martinez merupakan duta yang hebat bagi Everton sepanjang waktu. Dia mampu membawa Everton finis dengan poin tertinggi di Liga Inggris, mengamankan tiket 16 besar Liga Europa, dan berpartisipasi hingga semifinal di kompetisi domestik.&quot;Everton pun mengumumkan acara penghargaan bagi pemain terbaik klub ditunda hingga waktu yang belum ditentukan. &quot;Kami akan memberikan pengumuman secepatnya soal acara ini, setidaknya sebelum musim baru dimulai.&quot; 
</post>
<signature>

</signature>
<external_links>

</external_links>
<country>US</country>
<main_image>http://cdn1-a.production.liputan6.static6.com/medias/952083/big/043135900_1439269243-000_Hkg10194643.jpg</main_image>
</document>
