<?xml version="1.0" encoding="UTF-8"?>
<document>
<type>mainstream</type>
<forum></forum>
<forum_title></forum_title>
<discussion_title>Beautify Your Yard with Water Conserving Plants | City of Arlington, TX</discussion_title>
<language>english</language>
<gmt_offset></gmt_offset>
<topic_url>http://www.arlington-tx.gov/news/2016/03/25/beautify-your-yard-with-water-conserving-plants-2/</topic_url>
<topic_text>
Beautify Your Yard with Water Conserving Plants Searching for the best plant candidates for your landscape?This spring, Texas SmartScape plants hope to win your vote. These plants are native or adapted to North Central Texas, so they can thrive—come rain or shine—with little to no pesticides or fertilizers and less water. This means you can save money and still have a beautiful yard. Some of these plants also attract birds, bees, and butterflies.Come to one of the plant sales hosted by member cities of the Texas SmartScape program and participating retailers to get a deal on select Texas SmartScape plants. You can also get ideas and tips for landscaping by talking with a master gardener, plant expert, or irrigation specialist. Most locations will have fun events for kids too!There will be 22 events across the Dallas-Fort Worth Metroplex from March through May. Find out about event locations and times, plants for sale, and more. The Arlington plant sale will be held from 8 a.m. to noon Saturday, May 14 at Home Depot, 201 Road to Six Flags.The Arlington event will include education booths from Tarrant County Master Gardeners, the City of Arlington Public Works Department and other vendors. Home Depot will have kids workshops, demonstrations and specific Texas SmartScape plants for sale. 
</topic_text>
<spam_score>0.00</spam_score>
<post_num>1</post_num>
<post_id>post-1</post_id>
<post_url>http://www.arlington-tx.gov/news/2016/03/25/beautify-your-yard-with-water-conserving-plants-2/</post_url>
<post_date>20160325</post_date>
<post_time></post_time>
<username>Office Of Communication</username>
<post>
Beautify Your Yard with Water Conserving Plants Searching for the best plant candidates for your landscape?This spring, Texas SmartScape plants hope to win your vote. These plants are native or adapted to North Central Texas, so they can thrive—come rain or shine—with little to no pesticides or fertilizers and less water. This means you can save money and still have a beautiful yard. Some of these plants also attract birds, bees, and butterflies.Come to one of the plant sales hosted by member cities of the Texas SmartScape program and participating retailers to get a deal on select Texas SmartScape plants. You can also get ideas and tips for landscaping by talking with a master gardener, plant expert, or irrigation specialist. Most locations will have fun events for kids too!There will be 22 events across the Dallas-Fort Worth Metroplex from March through May. Find out about event locations and times, plants for sale, and more. The Arlington plant sale will be held from 8 a.m. to noon Saturday, May 14 at Home Depot, 201 Road to Six Flags.The Arlington event will include education booths from Tarrant County Master Gardeners, the City of Arlington Public Works Department and other vendors. Home Depot will have kids workshops, demonstrations and specific Texas SmartScape plants for sale. 
</post>
<signature>

</signature>
<external_links>

</external_links>
<country>US</country>
<main_image>http://www.arlington-tx.gov/news/wp-content/uploads/sites/2/2016/03/Articles-Plant-Sale-Cone-Flower-03-25-16.jpg</main_image>
</document>
