<?xml version="1.0" encoding="UTF-8"?>
<document>
<type>mainstream</type>
<forum>http://feeds.feedburner.com/wafb/businessnews</forum>
<forum_title>WAFB.com - Business - Headline</forum_title>
<discussion_title>Markets Right Now: Stocks edge lower on Wall Street</discussion_title>
<language>english</language>
<gmt_offset></gmt_offset>
<topic_url>http://www.wafb.com/story/31954369/markets-right-now-stocks-edge-lower-on-wall-street</topic_url>
<topic_text>
Markets Right Now: Stocks edge lower on Wall Street - WAFB 9 News Baton Rouge, Louisiana News, Weather, Sports Member Center: Markets Right Now: Stocks edge lower on Wall Street 2016-05-12T08:52:38Z 
NEW YORK (AP) - The Latest on developments in financial markets (all times local): 
11:45 a.m. 
U.S. stocks are slipping after a surprising jump in the number of Americans who are out of work. 
Retailers got more bad news Thursday as department store Kohl&apos;s reported disappointing first-quarter results. Kohl&apos;s slumped 12 percent. 
Companies including agribusiness giant Monsanto are climbing on reports of possible buyouts. Monsanto jumped 9 percent. 
Jack in the Box soared 14 percent after reporting results that were better than analysts were expecting. 
The Dow Jones industrial average lost 75 points, or 0.4 percent, to 17,636. The Standard &amp; Poor&apos;s 500 index fell 10 points, or 0.5 percent, to 2,054. The Nasdaq composite index fell 45 points, or 1 percent, to 4,714. 
___ 
9:35 a.m. 
Stocks are opening higher on Wall Street as traders were encouraged by talk of more deals and some better news on retail earnings. 
Materials and energy companies rose more than the rest of the market early Thursday. 
Monsanto jumped 9 percent on reports that Bayer is in talks to buy it. Oil companies rose along with the price of crude. 
Jack in the Box soared 14 percent after reporting results that were better than analysts were expecting. 
The Dow Jones industrial average rose 64 points, or 0.4 percent, to 17,774. The Standard &amp; Poor&apos;s 500 index added seven points, or 0.3 percent, to 2,071. The Nasdaq composite index rose 12 points, or 0.3 percent, to 4,772. 
Bond prices fell. The yield on the 10-year Treasury note rose to 1.76 percent. 
___ 
9:40 a.m. 
European stock markets are posting losses as traders take their cue from a disappointing session on Wall Street that had its roots in concerns over the state of retail spending in the U.S. 
Those worries appear to have been due to an outlook warning from Macy&apos;s and the state of Disney&apos;s traditional cable business. Michael Hewson, chief market analyst at CMC Markets, says investors appear to be &quot;waking up to the fact that U.S. consumer spending may not be as resilient as first thought.&quot; 
Those concerns dragged into the European trading session Thursday, with Germany&apos;s DAX down 0.4 percent at 9,940 and the CAC-40 in France 0.3 percent lower at 4,305. 
The FTSE 100 index of leading British shares is 0.6 percent lower at 6,127 ahead of the Bank of England&apos;s latest economic forecasts which are to accompany its widely expected decision to keep its main interest rate unchanged at the record low of 0.5 percent. Copyright 2016 The Associated Press. All rights reserved. This material may not be published, broadcast, rewritten or redistributed.
</topic_text>
<spam_score>0.00</spam_score>
<post_num>1</post_num>
<post_id>post-1</post_id>
<post_url>http://www.wafb.com/story/31954369/markets-right-now-stocks-edge-lower-on-wall-street</post_url>
<post_date>20160512</post_date>
<post_time>1613</post_time>
<username></username>
<post>
Markets Right Now: Stocks edge lower on Wall Street - WAFB 9 News Baton Rouge, Louisiana News, Weather, Sports Member Center: Markets Right Now: Stocks edge lower on Wall Street 2016-05-12T08:52:38Z 
NEW YORK (AP) - The Latest on developments in financial markets (all times local): 
11:45 a.m. 
U.S. stocks are slipping after a surprising jump in the number of Americans who are out of work. 
Retailers got more bad news Thursday as department store Kohl&apos;s reported disappointing first-quarter results. Kohl&apos;s slumped 12 percent. 
Companies including agribusiness giant Monsanto are climbing on reports of possible buyouts. Monsanto jumped 9 percent. 
Jack in the Box soared 14 percent after reporting results that were better than analysts were expecting. 
The Dow Jones industrial average lost 75 points, or 0.4 percent, to 17,636. The Standard &amp; Poor&apos;s 500 index fell 10 points, or 0.5 percent, to 2,054. The Nasdaq composite index fell 45 points, or 1 percent, to 4,714. 
___ 
9:35 a.m. 
Stocks are opening higher on Wall Street as traders were encouraged by talk of more deals and some better news on retail earnings. 
Materials and energy companies rose more than the rest of the market early Thursday. 
Monsanto jumped 9 percent on reports that Bayer is in talks to buy it. Oil companies rose along with the price of crude. 
Jack in the Box soared 14 percent after reporting results that were better than analysts were expecting. 
The Dow Jones industrial average rose 64 points, or 0.4 percent, to 17,774. The Standard &amp; Poor&apos;s 500 index added seven points, or 0.3 percent, to 2,071. The Nasdaq composite index rose 12 points, or 0.3 percent, to 4,772. 
Bond prices fell. The yield on the 10-year Treasury note rose to 1.76 percent. 
___ 
9:40 a.m. 
European stock markets are posting losses as traders take their cue from a disappointing session on Wall Street that had its roots in concerns over the state of retail spending in the U.S. 
Those worries appear to have been due to an outlook warning from Macy&apos;s and the state of Disney&apos;s traditional cable business. Michael Hewson, chief market analyst at CMC Markets, says investors appear to be &quot;waking up to the fact that U.S. consumer spending may not be as resilient as first thought.&quot; 
Those concerns dragged into the European trading session Thursday, with Germany&apos;s DAX down 0.4 percent at 9,940 and the CAC-40 in France 0.3 percent lower at 4,305. 
The FTSE 100 index of leading British shares is 0.6 percent lower at 6,127 ahead of the Bank of England&apos;s latest economic forecasts which are to accompany its widely expected decision to keep its main interest rate unchanged at the record low of 0.5 percent. Copyright 2016 The Associated Press. All rights reserved. This material may not be published, broadcast, rewritten or redistributed.
</post>
<signature>

</signature>
<external_links>

</external_links>
<country>US</country>
<main_image></main_image>
</document>
