<?xml version="1.0" encoding="UTF-8"?>
<document>
<type>mainstream</type>
<forum>http://cananewsonline.com/main/feed/</forum>
<forum_title>cananewsonline.com</forum_title>
<discussion_title>JAMAICA-EDUCATION – UWI to construct region’s first Net Zero Energy building</discussion_title>
<language>english</language>
<gmt_offset></gmt_offset>
<topic_url>http://cananewsonline.com/main/jamaica-education-uwi-to-construct-regions-first-net-zero-energy-building/</topic_url>
<topic_text>
Home » News » Full News » JAMAICA-EDUCATION – UWI to construct region’s first Net Zero Energy building JAMAICA-EDUCATION – UWI to construct region’s first Net Zero Energy building
</topic_text>
<spam_score>0.00</spam_score>
<post_num>1</post_num>
<post_id>post-1</post_id>
<post_url>http://cananewsonline.com/main/jamaica-education-uwi-to-construct-regions-first-net-zero-energy-building/</post_url>
<post_date>20160512</post_date>
<post_time>1548</post_time>
<username>STAFF WRITER</username>
<post>
Home » News » Full News » JAMAICA-EDUCATION – UWI to construct region’s first Net Zero Energy building JAMAICA-EDUCATION – UWI to construct region’s first Net Zero Energy building
</post>
<signature>

</signature>
<external_links>

</external_links>
<country>US</country>
<main_image></main_image>
</document>
