<?xml version="1.0" encoding="UTF-8"?>
<document>
<type>mainstream</type>
<forum>http://www.derwesten.de/rss</forum>
<forum_title>Start - WAZ</forum_title>
<discussion_title>Polizisten im Land mögen neuen Dienst-BMW nicht fahren</discussion_title>
<language>german</language>
<gmt_offset></gmt_offset>
<topic_url>http://www.derwesten.de/politik/polizisten-im-land-moegen-neuen-dienst-bmw-nicht-fahren-id11821000.html</topic_url>
<topic_text>
Polizisten im Land mögen neuen Dienst-BMW nicht fahren 12.05.2016 | 18:03 Uhr 2016-05-12T18:03:41+02:00 Polizeifahrzeuge des Herstellers BMW. Die alten Dienst-Passat werden durch die 318d Touring mit 150 PS ersetzt. Sie sind mit einer gelben fluoreszierenden Folie beklebt, haben dynamische Bremslichter und Runflat-Bereifung. Foto: Ulrich von Born Düsseldorf. Die Kritik am „zu kleinen“ Polizeiauto hält an. Zu tief, zu eng, zu unübersichtlich soll der Wagen der 3-er Reihe für den Polizeieinsatz sein. 
Die Kritik aus Polizeikreisen am neuen Dienstfahrzeug BMW reißt nicht ab. Zu tief, zu eng, zu unübersichtlich soll der Wagen der 3-er Reihe für den Polizeieinsatz sein. Laut Medienberichten haben Beamte in mehreren Dienststellen in NRW das Auto als „völlig ungeeignet für den Streifendienst“ bezeichnet. 
Die Gewerkschaft der Polizei (GdP) bestätigte auf Nachfrage unserer Redaktion, dass intern viel über das Auto geredet werde. „Die Stimmung ist geteilt. Nicht alle Kollegen finden diesen Wagen schlecht. Wenn ein neues Auto bei der Polizei eingeführt wird, dann gibt es immer auch Kritik daran. Aber dieses kritische Grundrauschen hält bei dem BMW auffällig lange an“, sagte GdP-Landeschef Arnold Plickert. Die Planer hätten offenbar unterschätzt, so Plickert, dass dieses Auto für viele Aufgabenbereiche schlicht zu klein sei. 
Die Vorwürfe im Detail: Sehr tiefe Sitze. Selbst jüngere Beamte sollen Probleme beim Aussteigen haben. Enger Fahrerplatz: Waffe im Beinholster stößt an die Mittelkonsole. Kleiner Kofferraum: Nur die Standardausstattung passt rein (z. B. Warnleuchten, Feuerlöscher). Schlechte Sicht nach hinten: Die Polizei will eine Rückfahrkamera. Enge Rückbank. Einsatztaschen werden aus Platzmangel dort gelagert. Wenig Platz für Mitfahrer. Matthias Korfmann
</topic_text>
<spam_score>0.00</spam_score>
<post_num>1</post_num>
<post_id>post-1</post_id>
<post_url>http://www.derwesten.de/politik/polizisten-im-land-moegen-neuen-dienst-bmw-nicht-fahren-id11821000.html</post_url>
<post_date>20160512</post_date>
<post_time>1603</post_time>
<username>Matthias Korfmann, we, DerWesten</username>
<post>
Polizisten im Land mögen neuen Dienst-BMW nicht fahren 12.05.2016 | 18:03 Uhr 2016-05-12T18:03:41+02:00 Polizeifahrzeuge des Herstellers BMW. Die alten Dienst-Passat werden durch die 318d Touring mit 150 PS ersetzt. Sie sind mit einer gelben fluoreszierenden Folie beklebt, haben dynamische Bremslichter und Runflat-Bereifung. Foto: Ulrich von Born Düsseldorf. Die Kritik am „zu kleinen“ Polizeiauto hält an. Zu tief, zu eng, zu unübersichtlich soll der Wagen der 3-er Reihe für den Polizeieinsatz sein. 
Die Kritik aus Polizeikreisen am neuen Dienstfahrzeug BMW reißt nicht ab. Zu tief, zu eng, zu unübersichtlich soll der Wagen der 3-er Reihe für den Polizeieinsatz sein. Laut Medienberichten haben Beamte in mehreren Dienststellen in NRW das Auto als „völlig ungeeignet für den Streifendienst“ bezeichnet. 
Die Gewerkschaft der Polizei (GdP) bestätigte auf Nachfrage unserer Redaktion, dass intern viel über das Auto geredet werde. „Die Stimmung ist geteilt. Nicht alle Kollegen finden diesen Wagen schlecht. Wenn ein neues Auto bei der Polizei eingeführt wird, dann gibt es immer auch Kritik daran. Aber dieses kritische Grundrauschen hält bei dem BMW auffällig lange an“, sagte GdP-Landeschef Arnold Plickert. Die Planer hätten offenbar unterschätzt, so Plickert, dass dieses Auto für viele Aufgabenbereiche schlicht zu klein sei. 
Die Vorwürfe im Detail: Sehr tiefe Sitze. Selbst jüngere Beamte sollen Probleme beim Aussteigen haben. Enger Fahrerplatz: Waffe im Beinholster stößt an die Mittelkonsole. Kleiner Kofferraum: Nur die Standardausstattung passt rein (z. B. Warnleuchten, Feuerlöscher). Schlechte Sicht nach hinten: Die Polizei will eine Rückfahrkamera. Enge Rückbank. Einsatztaschen werden aus Platzmangel dort gelagert. Wenig Platz für Mitfahrer. Matthias Korfmann
</post>
<signature>

</signature>
<external_links>

</external_links>
<country>DE</country>
<main_image>http://www.derwesten.de/img/incoming/crop11820994/6789019171-cImg0273_543-w1200/85800858-877.jpg</main_image>
</document>
