<?xml version="1.0" encoding="UTF-8"?>
<document>
<type>mainstream</type>
<forum></forum>
<forum_title></forum_title>
<discussion_title>CATALUNYA.-El Icab rechaza los tratados TTIP y Tisa por &quot;debilitar&quot; derechos y libertades del ciudadano</discussion_title>
<language>spanish</language>
<gmt_offset></gmt_offset>
<topic_url>http://www.lavanguardia.com/vida/20160505/401584122812/catalunya-el-icab-rechaza-los-tratados-ttip-y-tisa-por-debilitar-derechos-y-libertades-del-ciudadano.html</topic_url>
<topic_text>
Masters 1000 de Roma: Sigue en vivo el Nadal-Kyrgios CATALUNYA.-El Icab rechaza los tratados TTIP y Tisa por &quot;debilitar&quot; derechos y libertades del ciudadano El Colegio de la Abogacía de Barcelona (Icab) ha mostrado su rechazo a los acuerdos sobre comercio de servicios (Tisa) y sobre la negociación transatlántica entre Estados Unidos y Europa (TTIP) tanto por la forma como por el contenido, ha informado este jueves en un comunicado. Comparte en Facebook 05/05/2016 17:47 
BARCELONA, 5 (EUROPA PRESS) 
El Colegio de la Abogacía de Barcelona (Icab) ha mostrado su rechazo a los acuerdos sobre comercio de servicios (Tisa) y sobre la negociación transatlántica entre Estados Unidos y Europa (TTIP) tanto por la forma como por el contenido, ha informado este jueves en un comunicado. 
&quot;Estos tratados promueven una desregulación que deja en segundo plano las normativas estatales y parlamentarias y a la vez van en detrimento de los derechos de las personas&quot;, reza el comunicado. 
Por ese motivo, el decano del Icab, Oriol Rusca, ha alertado de que el TTIP y Tisa suponen un cambio de modelo que promueve que los prestadores de servicios se basen en criterios mercantilistas y dejen de lado valores &quot;que realmente tienen que mover el ejercicio de profesiones liberales como la confianza, la honestidad y la lealtad&quot;. 
El Icab ha explicado que, en el ámbito profesional, estos tratados dan total libertad a las empresas, por lo que en un país podrían ejercer profesionales de otro país sin tener en cuenta la normativa y las garantías de calidad que se exigen para el ejercicio. 
También ha avisado de que estos tratados supondrán, para el consumidor, el fin de la protección como se entiende actualmente: &quot;Estos acuerdos son un ataque a la democracia, al Estado de Derecho y, en definitiva, a la soberanía de los ciudadanos&quot;. Temas relacionados 
</topic_text>
<spam_score>0.00</spam_score>
<post_num>1</post_num>
<post_id>post-1</post_id>
<post_url>http://www.lavanguardia.com/vida/20160505/401584122812/catalunya-el-icab-rechaza-los-tratados-ttip-y-tisa-por-debilitar-derechos-y-libertades-del-ciudadano.html</post_url>
<post_date>20160505</post_date>
<post_time></post_time>
<username></username>
<post>
Masters 1000 de Roma: Sigue en vivo el Nadal-Kyrgios CATALUNYA.-El Icab rechaza los tratados TTIP y Tisa por &quot;debilitar&quot; derechos y libertades del ciudadano El Colegio de la Abogacía de Barcelona (Icab) ha mostrado su rechazo a los acuerdos sobre comercio de servicios (Tisa) y sobre la negociación transatlántica entre Estados Unidos y Europa (TTIP) tanto por la forma como por el contenido, ha informado este jueves en un comunicado. Comparte en Facebook 05/05/2016 17:47 
BARCELONA, 5 (EUROPA PRESS) 
El Colegio de la Abogacía de Barcelona (Icab) ha mostrado su rechazo a los acuerdos sobre comercio de servicios (Tisa) y sobre la negociación transatlántica entre Estados Unidos y Europa (TTIP) tanto por la forma como por el contenido, ha informado este jueves en un comunicado. 
&quot;Estos tratados promueven una desregulación que deja en segundo plano las normativas estatales y parlamentarias y a la vez van en detrimento de los derechos de las personas&quot;, reza el comunicado. 
Por ese motivo, el decano del Icab, Oriol Rusca, ha alertado de que el TTIP y Tisa suponen un cambio de modelo que promueve que los prestadores de servicios se basen en criterios mercantilistas y dejen de lado valores &quot;que realmente tienen que mover el ejercicio de profesiones liberales como la confianza, la honestidad y la lealtad&quot;. 
El Icab ha explicado que, en el ámbito profesional, estos tratados dan total libertad a las empresas, por lo que en un país podrían ejercer profesionales de otro país sin tener en cuenta la normativa y las garantías de calidad que se exigen para el ejercicio. 
También ha avisado de que estos tratados supondrán, para el consumidor, el fin de la protección como se entiende actualmente: &quot;Estos acuerdos son un ataque a la democracia, al Estado de Derecho y, en definitiva, a la soberanía de los ciudadanos&quot;. Temas relacionados 
</post>
<signature>

</signature>
<external_links>

</external_links>
<country>ES</country>
<main_image></main_image>
</document>
