<?xml version="1.0" encoding="UTF-8"?>
<document>
<type>mainstream</type>
<forum></forum>
<forum_title></forum_title>
<discussion_title>الجرس | Al Jaras : اخبار وصور نجوم الفن والسياسة والمجتمع والرياضة | هذه الشابة الجميلة تتجه إلى كان.. فهل هي ملكة جمال فعلاً؟ – بالصور</discussion_title>
<language>arabic</language>
<gmt_offset></gmt_offset>
<topic_url>http://www.aljaras.com/%d9%87%d8%b0%d9%87-%d8%a7%d9%84%d8%b4%d8%a7%d8%a8%d8%a9-%d8%a7%d9%84%d8%ac%d9%85%d9%8a%d9%84%d8%a9-%d8%aa%d8%aa%d8%ac%d9%87-%d8%a5%d9%84%d9%89-%d9%83%d8%a7%d9%86-%d9%81%d9%87%d9%84-%d9%87%d9%8a/</topic_url>
<topic_text>
هذه الشابة الجميلة تتجه إلى كان.. فهل هي ملكة جمال فعلاً؟ – بالصور May 12, 2016 at 13:45 فاتي جمالي 
لبّت الممثلة المغربية وملكة جمال العرب السابقة فاتي جمالي، دعوة مهرجان (كان) الدولي بدورته الـ 69 حيث كانت قد وصلت لحضور حفل الافتتاح إلى جانب مجموعة من مشاهير العالم وصودف لقاؤها بعارضة الأزياء العالمية بيلا حديد التي سبق أن شاركت معها في تصوير إعلانات في الولايات المتحدة الأميركية. ملكة جمال العرب في أجمل إطلالاتها 
فاتي أوضحت أنّها تلقّت دعوة خاصة للمشاركة في المهرجان السينمائي العالمي وأشارت إلى وجود إجرءات أمنية مشددة واكبت يوم الافتتاح وقالت: كان لي شرف تلبية الدعوة وأشعر أنّها خطوة في مسيرتي كممثلة خصوصاً وأنا على عتبة الانتشار العربي وأمثل بلدي المغرب من خلال صورة حضارية وعصرية وفنية لائقة. 
في المقابل أوضحت فاتي أنّها سوف تطل في شهر رمضان المبارك من خلال ثلاثة مسلسلات درامية مغربية، إضافة إلى برامج منوّعة كانت قد شاركت في تصويرها وقالت: أراهن على تجاربي الدرامية الجديدة التي ستكون لها أصداء مهمة ليس في المغرب وحسب وإنّما على امتداد الوطن العربي. Zone 3 
</topic_text>
<spam_score>0.00</spam_score>
<post_num>1</post_num>
<post_id>post-1</post_id>
<post_url>http://www.aljaras.com/%d9%87%d8%b0%d9%87-%d8%a7%d9%84%d8%b4%d8%a7%d8%a8%d8%a9-%d8%a7%d9%84%d8%ac%d9%85%d9%8a%d9%84%d8%a9-%d8%aa%d8%aa%d8%ac%d9%87-%d8%a5%d9%84%d9%89-%d9%83%d8%a7%d9%86-%d9%81%d9%87%d9%84-%d9%87%d9%8a/</post_url>
<post_date>20160512</post_date>
<post_time></post_time>
<username></username>
<post>
هذه الشابة الجميلة تتجه إلى كان.. فهل هي ملكة جمال فعلاً؟ – بالصور May 12, 2016 at 13:45 فاتي جمالي 
لبّت الممثلة المغربية وملكة جمال العرب السابقة فاتي جمالي، دعوة مهرجان (كان) الدولي بدورته الـ 69 حيث كانت قد وصلت لحضور حفل الافتتاح إلى جانب مجموعة من مشاهير العالم وصودف لقاؤها بعارضة الأزياء العالمية بيلا حديد التي سبق أن شاركت معها في تصوير إعلانات في الولايات المتحدة الأميركية. ملكة جمال العرب في أجمل إطلالاتها 
فاتي أوضحت أنّها تلقّت دعوة خاصة للمشاركة في المهرجان السينمائي العالمي وأشارت إلى وجود إجرءات أمنية مشددة واكبت يوم الافتتاح وقالت: كان لي شرف تلبية الدعوة وأشعر أنّها خطوة في مسيرتي كممثلة خصوصاً وأنا على عتبة الانتشار العربي وأمثل بلدي المغرب من خلال صورة حضارية وعصرية وفنية لائقة. 
في المقابل أوضحت فاتي أنّها سوف تطل في شهر رمضان المبارك من خلال ثلاثة مسلسلات درامية مغربية، إضافة إلى برامج منوّعة كانت قد شاركت في تصويرها وقالت: أراهن على تجاربي الدرامية الجديدة التي ستكون لها أصداء مهمة ليس في المغرب وحسب وإنّما على امتداد الوطن العربي. Zone 3 
</post>
<signature>

</signature>
<external_links>

</external_links>
<country>CA</country>
<main_image>http://www.aljaras.com/wp-content/uploads/2016/05/image6-111.jpg</main_image>
</document>
