<?xml version="1.0" encoding="UTF-8"?>
<document>
<type>mainstream</type>
<forum></forum>
<forum_title></forum_title>
<discussion_title>VW Fox 2017 ganha mais equipamentos - carros - lancamentos - Jornal do Carro</discussion_title>
<language>portuguese</language>
<gmt_offset></gmt_offset>
<topic_url>http://www.estadao.com.br/jornal-do-carro/noticias/carros,vw-fox-2017-ganha-mais-equipamentos,28526,0.htm</topic_url>
<topic_text>
12.05.2016 - 11:46 VW Fox 2017 ganha mais equipamentos 
Volkswagen Fox 2017 passa a oferecer câmera de ré e volante multifuncional a partir da versão Comfortline VOLKSWAGEN/DIVULGAÇÃO VW Fox 2017 estreia com ainda mais opções de itens 
A Volkswagen colocou nas lojas a linha 2017 do Fox com novidades na lista de equipamentos do modelo, como a câmera de ré, novas opções de tecido no interior e novas calotas e rodas. O hatch parte de R$ 44.690 na versão 1.0 Trendline. 
Desde a versão de entrada agora há pneus &quot;verdes&quot; - de baixo atrito à rodagem com medidas 195/55 R15 e a Trendline ganhou novas calotas. A partir da intermediária Comfortline, que parte de R$ 47.650 com o motor três-cilindros 1.0, há novas opções de calota e o volante multifuncional passa a ser item de série. 
Como opcionais há a câmera de ré e um novo jogo de rodas de liga-leve de 15 polegadas &quot;Turim&quot;, mas na versão Highline, cuja tabela parte de R$ 56.990 com motor 1.6 as rodas são de série, bem como o novo revestimento interno mais escuro para painel e bancos. 
Para o Fox com visual esportivo, o Pepper que inicia em R$ 58.210, os faróis ganham um friso vermelho e como opcional ganha um novo jogo de rodas de liga-leve, a Modena. Já a variante aventureira CrossFox, cujos valores começam em R$ 68.200, também tem novas rodas, mas com medidas 205/60 R15, e a câmera de ré. 
Há ainda as versões Track e Bluemotion, baseadas na Trendline. A Track sai a R$ R$ 46.080 e acrescenta rodas de liga leve “Rock”, de 15 polegadas, rack de teto, faróis de neblina, para-sol iluminado. Na Bluemotion, a R$ 48.180, a lista oferece ainda computador de bordo, defletor na tampa do porta-malas, grade dianteira com função aerodinâmica e pneus 175/70 R14 com calotas. 
Como itens de série desde a versão Trendline estão a direção elétrica, ar-condicionado, vidros dianteiros e travas elétricas, volante ajustável em altura e distância e sistema de som com rádio, bluetooth e entradas USB, SD e auxiliar. 
Na Comfortline surgem o computador de bordo, vidros elétricos nas quatro portas, faróis de neblina, retrovisores externos elétricos, entre outros. Na intermediária começa a ser possível a adição das centrais multimídia com espelhamento do celular ou integração com aplicativos de iPhone ou Android. 
Para a Highline, há controles de tração e estabilidade integrados, central multimídia e sensores de obstáculos na frente e atrás. 
Veja todos os preços da linha 2017 do VW Fox: 
Fox 1.0 Trendline 44.690 
Fox 1.6 Comfortline I-Motion 54.620 
Fox 1.6 Highline 56.990 
Fox 1.6 Highline I-Motion 60.290 
Fox 1.6 Pepper 58.210 
Fox 1.6 Pepper I-Motion 61.510 
CrossFox 68.200 
CrossFox I-Motion 69.990 Volkswagen Fox 2017 passa a oferecer câmera de ré como um opcional a partir da versão intermediária Comfortline. Com preço inicial de R$ 47.650, essa versão também pode ser equipada com central multimídia que permite acessar e controlar aplicativos de smartphones, além de espelhar a tela do aparelho 
Crédito: DIVULGAÇÃO Volkswagen Fox 2017 passa a oferecer câmera de ré como um opcional a partir da versão intermediária Comfortline. Com preço inicial de R$ 47.650, essa versão também pode ser equipada com central multimídia que permite acessar e controlar aplicativos de smartphones, além de espelhar a tela do aparelho 
Crédito: DIVULGAÇÃO Volkswagen Fox 2017 passa a oferecer câmera de ré como um opcional a partir da versão intermediária Comfortline. Com preço inicial de R$ 47.650, essa versão também pode ser equipada com central multimídia que permite acessar e controlar aplicativos de smartphones, além de espelhar a tela do aparelho 
Crédito: DIVULGAÇÃO Volkswagen Fox 2017 passa a oferecer câmera de ré como um opcional a partir da versão intermediária Comfortline. Com preço inicial de R$ 47.650, essa versão também pode ser equipada com central multimídia que permite acessar e controlar aplicativos de smartphones, além de espelhar a tela do aparelho 
Crédito: DIVULGAÇÃO Volkswagen Fox 2017 passa a oferecer câmera de ré como um opcional a partir da versão intermediária Comfortline. Com preço inicial de R$ 47.650, essa versão também pode ser equipada com central multimídia que permite acessar e controlar aplicativos de smartphones, além de espelhar a tela do aparelho 
Crédito: DIVULGAÇÃO Volkswagen Fox 2017 passa a oferecer câmera de ré como um opcional a partir da versão intermediária Comfortline. Com preço inicial de R$ 47.650, essa versão também pode ser equipada com central multimídia que permite acessar e controlar aplicativos de smartphones, além de espelhar a tela do aparelho 
Crédito: DIVULGAÇÃO Volkswagen Fox 2017 passa a oferecer câmera de ré como um opcional a partir da versão intermediária Comfortline. Com preço inicial de R$ 47.650, essa versão também pode ser equipada com central multimídia que permite acessar e controlar aplicativos de smartphones, além de espelhar a tela do aparelho 
Crédito: DIVULGAÇÃO Volkswagen Fox 2017 passa a oferecer câmera de ré como um opcional a partir da versão intermediária Comfortline. Com preço inicial de R$ 47.650, essa versão também pode ser equipada com central multimídia que permite acessar e controlar aplicativos de smartphones, além de espelhar a tela do aparelho 
Crédito: DIVULGAÇÃO Volkswagen Fox 2017 passa a oferecer câmera de ré como um opcional a partir da versão intermediária Comfortline. Com preço inicial de R$ 47.650, essa versão também pode ser equipada com central multimídia que permite acessar e controlar aplicativos de smartphones, além de espelhar a tela do aparelho 
Crédito: DIVULGAÇÃO 
</topic_text>
<spam_score>0.00</spam_score>
<post_num>1</post_num>
<post_id>post-1</post_id>
<post_url>http://www.estadao.com.br/jornal-do-carro/noticias/carros,vw-fox-2017-ganha-mais-equipamentos,28526,0.htm</post_url>
<post_date>20161105</post_date>
<post_time></post_time>
<username></username>
<post>
12.05.2016 - 11:46 VW Fox 2017 ganha mais equipamentos 
Volkswagen Fox 2017 passa a oferecer câmera de ré e volante multifuncional a partir da versão Comfortline VOLKSWAGEN/DIVULGAÇÃO VW Fox 2017 estreia com ainda mais opções de itens 
A Volkswagen colocou nas lojas a linha 2017 do Fox com novidades na lista de equipamentos do modelo, como a câmera de ré, novas opções de tecido no interior e novas calotas e rodas. O hatch parte de R$ 44.690 na versão 1.0 Trendline. 
Desde a versão de entrada agora há pneus &quot;verdes&quot; - de baixo atrito à rodagem com medidas 195/55 R15 e a Trendline ganhou novas calotas. A partir da intermediária Comfortline, que parte de R$ 47.650 com o motor três-cilindros 1.0, há novas opções de calota e o volante multifuncional passa a ser item de série. 
Como opcionais há a câmera de ré e um novo jogo de rodas de liga-leve de 15 polegadas &quot;Turim&quot;, mas na versão Highline, cuja tabela parte de R$ 56.990 com motor 1.6 as rodas são de série, bem como o novo revestimento interno mais escuro para painel e bancos. 
Para o Fox com visual esportivo, o Pepper que inicia em R$ 58.210, os faróis ganham um friso vermelho e como opcional ganha um novo jogo de rodas de liga-leve, a Modena. Já a variante aventureira CrossFox, cujos valores começam em R$ 68.200, também tem novas rodas, mas com medidas 205/60 R15, e a câmera de ré. 
Há ainda as versões Track e Bluemotion, baseadas na Trendline. A Track sai a R$ R$ 46.080 e acrescenta rodas de liga leve “Rock”, de 15 polegadas, rack de teto, faróis de neblina, para-sol iluminado. Na Bluemotion, a R$ 48.180, a lista oferece ainda computador de bordo, defletor na tampa do porta-malas, grade dianteira com função aerodinâmica e pneus 175/70 R14 com calotas. 
Como itens de série desde a versão Trendline estão a direção elétrica, ar-condicionado, vidros dianteiros e travas elétricas, volante ajustável em altura e distância e sistema de som com rádio, bluetooth e entradas USB, SD e auxiliar. 
Na Comfortline surgem o computador de bordo, vidros elétricos nas quatro portas, faróis de neblina, retrovisores externos elétricos, entre outros. Na intermediária começa a ser possível a adição das centrais multimídia com espelhamento do celular ou integração com aplicativos de iPhone ou Android. 
Para a Highline, há controles de tração e estabilidade integrados, central multimídia e sensores de obstáculos na frente e atrás. 
Veja todos os preços da linha 2017 do VW Fox: 
Fox 1.0 Trendline 44.690 
Fox 1.6 Comfortline I-Motion 54.620 
Fox 1.6 Highline 56.990 
Fox 1.6 Highline I-Motion 60.290 
Fox 1.6 Pepper 58.210 
Fox 1.6 Pepper I-Motion 61.510 
CrossFox 68.200 
CrossFox I-Motion 69.990 Volkswagen Fox 2017 passa a oferecer câmera de ré como um opcional a partir da versão intermediária Comfortline. Com preço inicial de R$ 47.650, essa versão também pode ser equipada com central multimídia que permite acessar e controlar aplicativos de smartphones, além de espelhar a tela do aparelho 
Crédito: DIVULGAÇÃO Volkswagen Fox 2017 passa a oferecer câmera de ré como um opcional a partir da versão intermediária Comfortline. Com preço inicial de R$ 47.650, essa versão também pode ser equipada com central multimídia que permite acessar e controlar aplicativos de smartphones, além de espelhar a tela do aparelho 
Crédito: DIVULGAÇÃO Volkswagen Fox 2017 passa a oferecer câmera de ré como um opcional a partir da versão intermediária Comfortline. Com preço inicial de R$ 47.650, essa versão também pode ser equipada com central multimídia que permite acessar e controlar aplicativos de smartphones, além de espelhar a tela do aparelho 
Crédito: DIVULGAÇÃO Volkswagen Fox 2017 passa a oferecer câmera de ré como um opcional a partir da versão intermediária Comfortline. Com preço inicial de R$ 47.650, essa versão também pode ser equipada com central multimídia que permite acessar e controlar aplicativos de smartphones, além de espelhar a tela do aparelho 
Crédito: DIVULGAÇÃO Volkswagen Fox 2017 passa a oferecer câmera de ré como um opcional a partir da versão intermediária Comfortline. Com preço inicial de R$ 47.650, essa versão também pode ser equipada com central multimídia que permite acessar e controlar aplicativos de smartphones, além de espelhar a tela do aparelho 
Crédito: DIVULGAÇÃO Volkswagen Fox 2017 passa a oferecer câmera de ré como um opcional a partir da versão intermediária Comfortline. Com preço inicial de R$ 47.650, essa versão também pode ser equipada com central multimídia que permite acessar e controlar aplicativos de smartphones, além de espelhar a tela do aparelho 
Crédito: DIVULGAÇÃO Volkswagen Fox 2017 passa a oferecer câmera de ré como um opcional a partir da versão intermediária Comfortline. Com preço inicial de R$ 47.650, essa versão também pode ser equipada com central multimídia que permite acessar e controlar aplicativos de smartphones, além de espelhar a tela do aparelho 
Crédito: DIVULGAÇÃO Volkswagen Fox 2017 passa a oferecer câmera de ré como um opcional a partir da versão intermediária Comfortline. Com preço inicial de R$ 47.650, essa versão também pode ser equipada com central multimídia que permite acessar e controlar aplicativos de smartphones, além de espelhar a tela do aparelho 
Crédito: DIVULGAÇÃO Volkswagen Fox 2017 passa a oferecer câmera de ré como um opcional a partir da versão intermediária Comfortline. Com preço inicial de R$ 47.650, essa versão também pode ser equipada com central multimídia que permite acessar e controlar aplicativos de smartphones, além de espelhar a tela do aparelho 
Crédito: DIVULGAÇÃO 
</post>
<signature>

</signature>
<external_links>

</external_links>
<country>US</country>
<main_image>http://img.estadao.com.br/jornal-do-carro/imagens/136x86/vw-fox-2017-0.jpg</main_image>
</document>
