<?xml version="1.0" encoding="UTF-8"?>
<document>
<type>mainstream</type>
<forum>http://www.mittelbayerische.de/rss/panorama/news.xml</forum>
<forum_title>Panorama</forum_title>
<discussion_title>Polizei blitzt „rasenden“ Papagei</discussion_title>
<language>german</language>
<gmt_offset></gmt_offset>
<topic_url>http://www.mittelbayerische.de/panorama-nachrichten/polizei-blitzt-rasenden-papagei-21934-art1378242.html</topic_url>
<topic_text>
Kurioses Polizei blitzt „rasenden“ Papagei In einer Tempo-30-Zone bekommt es die Polizei im pfälzischen Zweibrücken mit einem ungewöhnlichen Temposünder zu tun. 12. Mai 2016 17:55 Uhr Als die Polizisten genauer hinschauten, entdeckten sie den Papageien auf dem Foto. Foto: Polizei Zweibrücken/dpa Mehr zum Thema Garstige Henne war halb so wild Zweibrücken. Ein fliegender Papagei ist im pfälzischen Zweibrücken von der Polizei geblitzt worden. Der „rasende“ Vogel wurde in einer Tempo-30-Zone mit 43 Stundenkilometern gemessen. Zunächst hatten die beiden Beamten an der Kontrollstelle vor einem Rätsel gestanden. Die Messanlage löste aus, ohne dass ein Auto zu sehen war. Als die Ordnungshüter genauer hinschauten, entdeckten sie auf dem Blitzerfoto den flatternden Papageien. Der Papagei hatte demnach im Tiefflug die Kontrollstelle mit 43 statt der erlaubten 30 Stundenkilometer passiert und prompt die Kamera ausgelöst. „Von wem das fällige Verwarnungsgeld in Höhe von 15 Euro entrichtet wird, steht derzeit noch nicht fest“, hieß es im Polizeibericht. Die wildlebenden Halsbandsittiche haben sich in einem Park in Zweibrücken angesiedelt. Sie gehören zum Stadtbild, erläuterte ein Polizeisprecher. (dpa/afp)
</topic_text>
<spam_score>0.00</spam_score>
<post_num>1</post_num>
<post_id>post-1</post_id>
<post_url>http://www.mittelbayerische.de/panorama-nachrichten/polizei-blitzt-rasenden-papagei-21934-art1378242.html</post_url>
<post_date>20160512</post_date>
<post_time>1555</post_time>
<username></username>
<post>
Kurioses Polizei blitzt „rasenden“ Papagei In einer Tempo-30-Zone bekommt es die Polizei im pfälzischen Zweibrücken mit einem ungewöhnlichen Temposünder zu tun. 12. Mai 2016 17:55 Uhr Als die Polizisten genauer hinschauten, entdeckten sie den Papageien auf dem Foto. Foto: Polizei Zweibrücken/dpa Mehr zum Thema Garstige Henne war halb so wild Zweibrücken. Ein fliegender Papagei ist im pfälzischen Zweibrücken von der Polizei geblitzt worden. Der „rasende“ Vogel wurde in einer Tempo-30-Zone mit 43 Stundenkilometern gemessen. Zunächst hatten die beiden Beamten an der Kontrollstelle vor einem Rätsel gestanden. Die Messanlage löste aus, ohne dass ein Auto zu sehen war. Als die Ordnungshüter genauer hinschauten, entdeckten sie auf dem Blitzerfoto den flatternden Papageien. Der Papagei hatte demnach im Tiefflug die Kontrollstelle mit 43 statt der erlaubten 30 Stundenkilometer passiert und prompt die Kamera ausgelöst. „Von wem das fällige Verwarnungsgeld in Höhe von 15 Euro entrichtet wird, steht derzeit noch nicht fest“, hieß es im Polizeibericht. Die wildlebenden Halsbandsittiche haben sich in einem Park in Zweibrücken angesiedelt. Sie gehören zum Stadtbild, erläuterte ein Polizeisprecher. (dpa/afp)
</post>
<signature>

</signature>
<external_links>

</external_links>
<country>DE</country>
<main_image>http://www.mittelbayerische.de/imgserver/_thumbnails/images/34/3279100/3279105/fb_1200x.jpg</main_image>
</document>
