<?xml version="1.0" encoding="UTF-8"?>
<document>
<type>mainstream</type>
<forum>http://www.ueberschriften.com/rss.php</forum>
<forum_title>Ueberschriften.com - RSS-Feeds für Nachrichten aus der Kategorie &apos;All&apos;</forum_title>
<discussion_title>Handball:SCM regiert [Online-Abo]</discussion_title>
<language>german</language>
<gmt_offset></gmt_offset>
<topic_url>http://www.ueberschriften.com/index.php?nr=3839908</topic_url>
<topic_text>
Andere Webseiten von Indigonet Services B.V.: Nieuws Vacatures News Science Tweets Travel Photos Indigonet Finances Leer Mandarijn Indigonet Services BV ist nicht verantwortlich für inkorrekte oder veraltete Informationen auf dieser Webseite. Wenn jedoch würden Sie gerne sehen, ein Artikel entfernt werden, können Sie uns eine senden unter Angabe der Artikelnummer.
</topic_text>
<spam_score>0.00</spam_score>
<post_num>1</post_num>
<post_id>post-1</post_id>
<post_url>http://www.ueberschriften.com/index.php?nr=3839908</post_url>
<post_date>20160512</post_date>
<post_time>1633</post_time>
<username>Junge Welt Sport</username>
<post>
Andere Webseiten von Indigonet Services B.V.: Nieuws Vacatures News Science Tweets Travel Photos Indigonet Finances Leer Mandarijn Indigonet Services BV ist nicht verantwortlich für inkorrekte oder veraltete Informationen auf dieser Webseite. Wenn jedoch würden Sie gerne sehen, ein Artikel entfernt werden, können Sie uns eine senden unter Angabe der Artikelnummer.
</post>
<signature>

</signature>
<external_links>

</external_links>
<country>NL</country>
<main_image></main_image>
</document>
