<?xml version="1.0" encoding="UTF-8"?>
<document>
<type>mainstream</type>
<forum>http://articlefeeds.nasdaq.com/nasdaq/authors?author=rtt</forum>
<forum_title>Latest Articles from RTTNews</forum_title>
<discussion_title>OxFam: US Poultry Workers Denied Bathroom Breaks, Some Wear Diapers</discussion_title>
<language>english</language>
<gmt_offset></gmt_offset>
<topic_url>http://www.nasdaq.com/article/oxfam-us-poultry-workers-denied-bathroom-breaks-some-wear-diapers-20160512-00655</topic_url>
<topic_text>
OxFam: US Poultry Workers Denied Bathroom Breaks, Some Wear Diapers May 12, 2016, 10:07:00 AM EDT By RTT News Comment Shutterstock photo 
(RTTNews.com) - A report released by Oxfam America has exposed the dangerous and harsh working conditions inside U.S. poultry processing plants, including the lack of adequate bathroom breaks. 
In addition to low wages, worries about job security, and standing for long hours in cold, wet noisy plants, about 250,000 poultry workers in the U.S. are denied adequate bathroom breaks, according to the report. 
This comes even as the poultry industry is enjoying record profits. The poultry industry sells 8.5 billion chickens annually, at a wholesale value of $50 billion. 
Its report, Lives on the Line, is based on three years of research and interviews with dozens of current and former poultry workers and experts. The latest report uncovered the cruel realities inside these cold, noisy and dangerous plants. 
To cope with the denial of adequate bathroom breaks, poultry workers wear diapers to work as well as restrict intake of liquids and fluids to dangerous degrees. The workers are thus compelled to urinate on themselves or purposefully dehydrate themselves. They are also in danger of serious health problems. 
The situation is particularly hard for women, who face biological realities such as menstruation, pregnancy, and higher vulnerability to infections, even as they struggle to maintain their dignity and privacy when requesting breaks, Oxfam said in its report. 
Almost all workers interviewed by Oxfam reported being denied bathroom breaks outright or having to wait an unreasonably long time to use the bathroom â€&quot; up to an hour or more. Workers also reported being fined if they are late returning from the bathroom. 
The top four chicken companies control roughly 60 percent of the domestic market in the U.S. - Tyson Foods, Pilgrim&apos;s Pride, Perdue, and Sanderson Farms. Oxfam urged these companies to ensure that workers have bathroom breaks necessary to stay healthy, safe, and dignified at work. 
It called upon the companies to develop specific commitments that workers have access to bathroom breaks whenever they are needed, make these policies public, and ensure that staffing levels at each stage of the processing process are sufficient to provide workers the opportunity for replacement when they need a bathroom break. 
For comments and feedback: contact
</topic_text>
<spam_score>0.00</spam_score>
<post_num>1</post_num>
<post_id>post-1</post_id>
<post_url>http://www.nasdaq.com/article/oxfam-us-poultry-workers-denied-bathroom-breaks-some-wear-diapers-20160512-00655</post_url>
<post_date>20160512</post_date>
<post_time>1407</post_time>
<username></username>
<post>
OxFam: US Poultry Workers Denied Bathroom Breaks, Some Wear Diapers May 12, 2016, 10:07:00 AM EDT By RTT News Comment Shutterstock photo 
(RTTNews.com) - A report released by Oxfam America has exposed the dangerous and harsh working conditions inside U.S. poultry processing plants, including the lack of adequate bathroom breaks. 
In addition to low wages, worries about job security, and standing for long hours in cold, wet noisy plants, about 250,000 poultry workers in the U.S. are denied adequate bathroom breaks, according to the report. 
This comes even as the poultry industry is enjoying record profits. The poultry industry sells 8.5 billion chickens annually, at a wholesale value of $50 billion. 
Its report, Lives on the Line, is based on three years of research and interviews with dozens of current and former poultry workers and experts. The latest report uncovered the cruel realities inside these cold, noisy and dangerous plants. 
To cope with the denial of adequate bathroom breaks, poultry workers wear diapers to work as well as restrict intake of liquids and fluids to dangerous degrees. The workers are thus compelled to urinate on themselves or purposefully dehydrate themselves. They are also in danger of serious health problems. 
The situation is particularly hard for women, who face biological realities such as menstruation, pregnancy, and higher vulnerability to infections, even as they struggle to maintain their dignity and privacy when requesting breaks, Oxfam said in its report. 
Almost all workers interviewed by Oxfam reported being denied bathroom breaks outright or having to wait an unreasonably long time to use the bathroom â€&quot; up to an hour or more. Workers also reported being fined if they are late returning from the bathroom. 
The top four chicken companies control roughly 60 percent of the domestic market in the U.S. - Tyson Foods, Pilgrim&apos;s Pride, Perdue, and Sanderson Farms. Oxfam urged these companies to ensure that workers have bathroom breaks necessary to stay healthy, safe, and dignified at work. 
It called upon the companies to develop specific commitments that workers have access to bathroom breaks whenever they are needed, make these policies public, and ensure that staffing levels at each stage of the processing process are sufficient to provide workers the opportunity for replacement when they need a bathroom break. 
For comments and feedback: contact
</post>
<signature>

</signature>
<external_links>

</external_links>
<country>US</country>
<main_image>http://www.nasdaq.com/images/dreamit.jpg</main_image>
</document>
