<?xml version="1.0" encoding="UTF-8"?>
<document>
<type>mainstream</type>
<forum>http://www.vertele.com/feed/</forum>
<forum_title>Vertele</forum_title>
<discussion_title>Javier Calvo matiza a Úrsula Corberó y zanja: ‘No hubo orgías en ‘FoQ”</discussion_title>
<language>spanish</language>
<gmt_offset></gmt_offset>
<topic_url>http://www.vertele.com/noticias/javier-calvo-matiza-a-ursula-corbero-y-zanja-no-hubo-orgias-en-foq/</topic_url>
<topic_text>
Tweet El actor habla para cerrar el tema sobre las aventuras sexuales del reparto de la serie: &quot;No me vestía de botones (ojalá) y sólo nos fuimos de casa rural dos veces. A ver si en el siguiente proyecto pillo la orgía y os la cuento&quot;, bromea. Además, alaba a la actriz: &quot;Me parece la más divertida , natural, valiente y carismática&quot; 12.05.2016 | Redacción 
Javier Calvo ha hecho uso de las redes sociales para (tratar de) zanjar el tema en torno a las aventuras sexuales vividas por los protagonistas de ‘Física o Química’ según Úrsula Corberó . “No hubo orgías. Hubo adolescentes y muchos líos. Mucho amor. ¡Todos con todos no a la vez!”, escribe en Twitter. 
“No me vestía de botones (ojalá) y sólo nos fuimos de casa rural dos veces”, añade, y bromea: “A ver si en el siguiente proyecto pillo la orgía y os la cuento”. Calvo aprovecha en cualquier caso para ensalzar a Corberó: “Me parece la más divertida , natural, valiente y carismática”, dice. 
Sus palabras llegan después de que compañeras en la serie de Boomerang TV como Angy Fernández y Andrea Duro negaran lo que la ahora actriz de ‘La embajada’ había contado sobre la serie. Recordemos que Corberó declaró que “follábamos todos con todos y nadie se enfadaba. Había mucha empatía” en una entrevista a AISGE . 
“En ‘FOQ’ trabajamos mucho. Está sacado de contexto. No metáis a todos en el saco…”, escribió Angy en la red de microblogging. “Los amo a todos, pero no les haría el amor”, añadió. Chiquis: no hubo orgías en Foq. Hubo adolescentes y muchos líos. Mucho amor. ¡Todos con todos pero no a la vez! pic.twitter.com/3GK73HOrp7 
— Javier Calvo (@javviercalvo) 12 de mayo de 2016 
No me vestía de botones (ojalá) y sólo nos fuimos de casa rural dos veces. A ver si en el siguiente proyecto pillo la orgía y os la cuento.
</topic_text>
<spam_score>0.00</spam_score>
<post_num>1</post_num>
<post_id>post-1</post_id>
<post_url>http://www.vertele.com/noticias/javier-calvo-matiza-a-ursula-corbero-y-zanja-no-hubo-orgias-en-foq/</post_url>
<post_date>20160512</post_date>
<post_time>1541</post_time>
<username>vertele</username>
<post>
Tweet El actor habla para cerrar el tema sobre las aventuras sexuales del reparto de la serie: &quot;No me vestía de botones (ojalá) y sólo nos fuimos de casa rural dos veces. A ver si en el siguiente proyecto pillo la orgía y os la cuento&quot;, bromea. Además, alaba a la actriz: &quot;Me parece la más divertida , natural, valiente y carismática&quot; 12.05.2016 | Redacción 
Javier Calvo ha hecho uso de las redes sociales para (tratar de) zanjar el tema en torno a las aventuras sexuales vividas por los protagonistas de ‘Física o Química’ según Úrsula Corberó . “No hubo orgías. Hubo adolescentes y muchos líos. Mucho amor. ¡Todos con todos no a la vez!”, escribe en Twitter. 
“No me vestía de botones (ojalá) y sólo nos fuimos de casa rural dos veces”, añade, y bromea: “A ver si en el siguiente proyecto pillo la orgía y os la cuento”. Calvo aprovecha en cualquier caso para ensalzar a Corberó: “Me parece la más divertida , natural, valiente y carismática”, dice. 
Sus palabras llegan después de que compañeras en la serie de Boomerang TV como Angy Fernández y Andrea Duro negaran lo que la ahora actriz de ‘La embajada’ había contado sobre la serie. Recordemos que Corberó declaró que “follábamos todos con todos y nadie se enfadaba. Había mucha empatía” en una entrevista a AISGE . 
“En ‘FOQ’ trabajamos mucho. Está sacado de contexto. No metáis a todos en el saco…”, escribió Angy en la red de microblogging. “Los amo a todos, pero no les haría el amor”, añadió. Chiquis: no hubo orgías en Foq. Hubo adolescentes y muchos líos. Mucho amor. ¡Todos con todos pero no a la vez! pic.twitter.com/3GK73HOrp7 
— Javier Calvo (@javviercalvo) 12 de mayo de 2016 
No me vestía de botones (ojalá) y sólo nos fuimos de casa rural dos veces. A ver si en el siguiente proyecto pillo la orgía y os la cuento.
</post>
<signature>

</signature>
<external_links>

</external_links>
<country>US</country>
<main_image></main_image>
</document>
