<?xml version="1.0" encoding="UTF-8"?>
<document>
<type>mainstream</type>
<forum>http://www.obiettivodigitale.com/feed/</forum>
<forum_title>Obiettivo Digitale</forum_title>
<discussion_title>5 foto di posti bellissimi visti dall’alto</discussion_title>
<language>italian</language>
<gmt_offset></gmt_offset>
<topic_url>http://www.obiettivodigitale.com/5-foto-posti-bellissimi-visti-alto/</topic_url>
<topic_text>
di Martina Oliva 11   Dirk Dallas ha realizzato un sito Internet in cui ha raccolto e pubblicato tutta una serie di foto di luoghi incantevoli visti dall&apos;alto. 0 CONDIVISIONI 
Dirk Dallas è un appassionato di fotografia e foto aerea che ha realizzato il sito Internet From where I drone . Su tale sito Dallas pubblica immagini straordinarie di posti bellissimi visti dall’alto o di posti che visti dall’alto diventano incredibilmente affascinanti. 
Di tutti gli scatti present sul sito Internet di Dallas noi abbiamo deciso di proporvene alcuni di seguito, quelli che per ovvie ragioni abbiamo etichettato come 5 foto di posti bellissimi visti dall’alto . 
Un primo scatto.
</topic_text>
<spam_score>0.00</spam_score>
<post_num>1</post_num>
<post_id>post-1</post_id>
<post_url>http://www.obiettivodigitale.com/5-foto-posti-bellissimi-visti-alto/</post_url>
<post_date>20160511</post_date>
<post_time>0700</post_time>
<username>Martina Oliva</username>
<post>
di Martina Oliva 11   Dirk Dallas ha realizzato un sito Internet in cui ha raccolto e pubblicato tutta una serie di foto di luoghi incantevoli visti dall&apos;alto. 0 CONDIVISIONI 
Dirk Dallas è un appassionato di fotografia e foto aerea che ha realizzato il sito Internet From where I drone . Su tale sito Dallas pubblica immagini straordinarie di posti bellissimi visti dall’alto o di posti che visti dall’alto diventano incredibilmente affascinanti. 
Di tutti gli scatti present sul sito Internet di Dallas noi abbiamo deciso di proporvene alcuni di seguito, quelli che per ovvie ragioni abbiamo etichettato come 5 foto di posti bellissimi visti dall’alto . 
Un primo scatto.
</post>
<signature>

</signature>
<external_links>

</external_links>
<country>US</country>
<main_image>http://www.obiettivodigitale.com/wp-content/uploads/2016/05/Looking-down-on-the-wedge-16-x-20.jpg</main_image>
</document>
