<?xml version="1.0" encoding="UTF-8"?>
<document>
<type>mainstream</type>
<forum>http://articlefeeds.nasdaq.com/nasdaq/authors?author=rtt</forum>
<forum_title>Latest Articles from RTTNews</forum_title>
<discussion_title>Neurocrine To Participate In BofA Merrill Lynch Conference At 1:00 PM ET</discussion_title>
<language>english</language>
<gmt_offset></gmt_offset>
<topic_url>http://www.nasdaq.com/article/neurocrine-to-participate-in-bofa-merrill-lynch-conference-at-100-pm-et-20160512-00772</topic_url>
<topic_text>
Interactive Charts Default Setting Please note that once you make your selection, it will apply to all future visits to NASDAQ.com. If, at any time, you are interested in reverting to our default settings, please select Default Setting above. If you have any questions or encounter any issues in changing your default settings, please email . CLOSE X Please confirm your selection: 
You have selected to change your default setting for the Quote Search. This will now be your default target page; unless you change your configuration again, or you delete your cookies. Are you sure you want to change your settings? YES CLOSE X We have a favor to ask Please disable your ad blocker (or update your settings to ensure that javascript and cookies are enabled), so that we can continue to provide you with the first-rate market news and data you&apos;ve come to expect from us.
</topic_text>
<spam_score>0.00</spam_score>
<post_num>1</post_num>
<post_id>post-1</post_id>
<post_url>http://www.nasdaq.com/article/neurocrine-to-participate-in-bofa-merrill-lynch-conference-at-100-pm-et-20160512-00772</post_url>
<post_date>20160512</post_date>
<post_time>1600</post_time>
<username></username>
<post>
Interactive Charts Default Setting Please note that once you make your selection, it will apply to all future visits to NASDAQ.com. If, at any time, you are interested in reverting to our default settings, please select Default Setting above. If you have any questions or encounter any issues in changing your default settings, please email . CLOSE X Please confirm your selection: 
You have selected to change your default setting for the Quote Search. This will now be your default target page; unless you change your configuration again, or you delete your cookies. Are you sure you want to change your settings? YES CLOSE X We have a favor to ask Please disable your ad blocker (or update your settings to ensure that javascript and cookies are enabled), so that we can continue to provide you with the first-rate market news and data you&apos;ve come to expect from us.
</post>
<signature>

</signature>
<external_links>

</external_links>
<country>US</country>
<main_image>http://www.nasdaq.com/images/dreamit.jpg</main_image>
</document>
