<?xml version="1.0" encoding="UTF-8"?>
<document>
<type>mainstream</type>
<forum>http://www.herefordtimes.com/news/regional/west_midlands/rss/</forum>
<forum_title>Hereford Times | West Midlands</forum_title>
<discussion_title>MP&apos;s monthly column: The Halesowen Civic Society is proving popular with heritage lovers</discussion_title>
<language>english</language>
<gmt_offset></gmt_offset>
<topic_url>http://www.herefordtimes.com/news/regional/west_midlands/14489332.MP__39_s_monthly_column__The_Halesowen_Civic_Society_is_proving_popular_with_heritage_lovers/?ref=rss</topic_url>
<topic_text>
0 comments 
IN this month&apos;s column Halesowen and Rowley Regis MP James Morris discusses his love for local heritage. 
&quot;Local heritage has always been a passion of mine, and we are fortunate enough here in Halesowen and Rowley Regis to have plenty of it, which we can promote and preserve for future generations. 
Recently the Halesowen Civic Society has been launched, and I have been proud to be one of its founding members, and subsequently elected chairman. The board is made up of group of cross-party local councillors, community leaders and representatives from Halesowen College. We have much to celebrate here, whether it be the Abbey ruins, Leasowes Walled Garden, Leasowes Park , or our beautiful countryside and the Rowley Hills – there is a lot to be celebrated. 
It’s not just famous places we have, but also our connections with famous and historical figures. Bill Oddie, Frank Skinner, Robert Plant all have local connections, not forgetting Thomas Attwood, William Shenstone and Walter Somers who all played their part in enriching our history. 
The Civic Society aims to create a central resource for local knowledge, allowing for even more people to learn about our past and the important role we played through the ages of English history. One such way of doing this is through the Town Plaque scheme which is beginning to take shape. 
These plaques will help highlight those places and people who have had a significant impact locally, and stimulate discussion amongst local residents and visitors. 
One thing we are rich of in Halesowen and Rowley Regis is volunteers. Across the constituency there are countless community groups who provide services, hold events and fundraise for worthy causes. We have a dedicated volunteering community, and we need to make sure that our volunteers are equipped with the skills that their organisations need to succeed. So we are looking at ways in which to develop a Volunteering Hub which will help add capacity to our local community groups and promote even more volunteering. 
I hope that this new Civic Society will give us a once in a lifetime opportunity to bring together all of our different historical figures, places and events and allow us to expand awareness, take pride and celebrate our rich local history. 
If you would like to find out more about Halesowen Civic Society you can visit their website at http://www.halesowencivicsociety.org.uk.&quot; Share:
</topic_text>
<spam_score>0.00</spam_score>
<post_num>1</post_num>
<post_id>post-1</post_id>
<post_url>http://www.herefordtimes.com/news/regional/west_midlands/14489332.MP__39_s_monthly_column__The_Halesowen_Civic_Society_is_proving_popular_with_heritage_lovers/?ref=rss</post_url>
<post_date>20160512</post_date>
<post_time>1419</post_time>
<username></username>
<post>
0 comments 
IN this month&apos;s column Halesowen and Rowley Regis MP James Morris discusses his love for local heritage. 
&quot;Local heritage has always been a passion of mine, and we are fortunate enough here in Halesowen and Rowley Regis to have plenty of it, which we can promote and preserve for future generations. 
Recently the Halesowen Civic Society has been launched, and I have been proud to be one of its founding members, and subsequently elected chairman. The board is made up of group of cross-party local councillors, community leaders and representatives from Halesowen College. We have much to celebrate here, whether it be the Abbey ruins, Leasowes Walled Garden, Leasowes Park , or our beautiful countryside and the Rowley Hills – there is a lot to be celebrated. 
It’s not just famous places we have, but also our connections with famous and historical figures. Bill Oddie, Frank Skinner, Robert Plant all have local connections, not forgetting Thomas Attwood, William Shenstone and Walter Somers who all played their part in enriching our history. 
The Civic Society aims to create a central resource for local knowledge, allowing for even more people to learn about our past and the important role we played through the ages of English history. One such way of doing this is through the Town Plaque scheme which is beginning to take shape. 
These plaques will help highlight those places and people who have had a significant impact locally, and stimulate discussion amongst local residents and visitors. 
One thing we are rich of in Halesowen and Rowley Regis is volunteers. Across the constituency there are countless community groups who provide services, hold events and fundraise for worthy causes. We have a dedicated volunteering community, and we need to make sure that our volunteers are equipped with the skills that their organisations need to succeed. So we are looking at ways in which to develop a Volunteering Hub which will help add capacity to our local community groups and promote even more volunteering. 
I hope that this new Civic Society will give us a once in a lifetime opportunity to bring together all of our different historical figures, places and events and allow us to expand awareness, take pride and celebrate our rich local history. 
If you would like to find out more about Halesowen Civic Society you can visit their website at http://www.halesowencivicsociety.org.uk.&quot; Share:
</post>
<signature>

</signature>
<external_links>

</external_links>
<country>GB</country>
<main_image>http://www.herefordtimes.com/resources/images/sitelogo/</main_image>
</document>
