<?xml version="1.0" encoding="UTF-8"?>
<document>
<type>mainstream</type>
<forum>http://donanimhaber.com/Rss/Tum/Default.aspx</forum>
<forum_title>Donanimhaber.com</forum_title>
<discussion_title>Galax’tan özelleştirilmiş Nvidia GeForce GTX 1080/1070 ekran kartı</discussion_title>
<language>turkish</language>
<gmt_offset></gmt_offset>
<topic_url>http://www.donanimhaber.com/ekran-karti/haberleri/Galaxtan-ozellestirilmis-Nvidia-GeForce-GTX-10801070-ekran-karti.htm</topic_url>
<topic_text>
Ekrem71   16:00   Galax’tan özelleştirilmiş Nvidia GeForce GTX 1080/1070 ekran kartı Günlük Haber Ekrem71   16:00 14 1237 Ekran kartı pazarının önemli isimlerinden Galax, özelleştirilmiş yapıdaki Nvidia GeForce GTX 1080 ve GTX 1070 ekran kartlarını piyasaya sürmeye hazırlanıyor. 
Grafik kartı pazarında son günlerde büyük bir hareketlilik yaşanıyor. Nvidia’nın yeni GTX 1000 serisini duyurmasının ardından, ay sonunda pek çok üretici kendi markası altında ekran kartlarını piyasaya sürmeye hazırlanıyor. Bunlardan birisi Galax. 

Bilindiği gibi Nvidia’nın referans tasarım kartları artık Founders Edition olarak adlandırılıyor ve 100$ daha pahalı. Bu kart agresif tasarım çizgilerini ve yeni nesil hava soğutucuyu barındırıyor. Üreticiler ise daha çok kendi özelleştirilmiş ekran kartlarını piyasaya sürecek. 

Galax GeForce GTX 1080 adını alacak ekran kartı, özelleştirilmiş bir yapıya sahip ve Galax’ın kendi çizgilerini taşıyor. Çıkıntılı referans tasarım yerine düzlemsel bir tasarımı benimseyen ekran kartı, ayrıca körük tipi bir hava soğutucu modülü barındırıyor. 

Sızdırılan görsellere dikkatlice bakıldığında, kutu ve ekran kartı birbirinden ayrıldığı fark edilebilir. Kutu GTX 1080 ekran kartına ait ancak baskılı devre kartı GTX 1070 modelinin. Muhtemelen her iki ekran kartı da, bu tasarım üzerinde piyasaya sürülecek. 

Galax’ın ne tür optimizasyonlar yaptığı bilinmiyor ancak saat frekanslarının daha yüksek olacağı tahmin ediliyor. Ayrıca Galax’ın sonraki modellerde daha performanslı soğutma sistemleri ve hız aşırtma teknikleri kullanacağı ifade ediliyor. Galax’ın yeni kartları Haziran ayında piyasada olacak.
</topic_text>
<spam_score>0.00</spam_score>
<post_num>1</post_num>
<post_id>post-1</post_id>
<post_url>http://www.donanimhaber.com/ekran-karti/haberleri/Galaxtan-ozellestirilmis-Nvidia-GeForce-GTX-10801070-ekran-karti.htm</post_url>
<post_date>20160512</post_date>
<post_time>1300</post_time>
<username></username>
<post>
Ekrem71   16:00   Galax’tan özelleştirilmiş Nvidia GeForce GTX 1080/1070 ekran kartı Günlük Haber Ekrem71   16:00 14 1237 Ekran kartı pazarının önemli isimlerinden Galax, özelleştirilmiş yapıdaki Nvidia GeForce GTX 1080 ve GTX 1070 ekran kartlarını piyasaya sürmeye hazırlanıyor. 
Grafik kartı pazarında son günlerde büyük bir hareketlilik yaşanıyor. Nvidia’nın yeni GTX 1000 serisini duyurmasının ardından, ay sonunda pek çok üretici kendi markası altında ekran kartlarını piyasaya sürmeye hazırlanıyor. Bunlardan birisi Galax. 

Bilindiği gibi Nvidia’nın referans tasarım kartları artık Founders Edition olarak adlandırılıyor ve 100$ daha pahalı. Bu kart agresif tasarım çizgilerini ve yeni nesil hava soğutucuyu barındırıyor. Üreticiler ise daha çok kendi özelleştirilmiş ekran kartlarını piyasaya sürecek. 

Galax GeForce GTX 1080 adını alacak ekran kartı, özelleştirilmiş bir yapıya sahip ve Galax’ın kendi çizgilerini taşıyor. Çıkıntılı referans tasarım yerine düzlemsel bir tasarımı benimseyen ekran kartı, ayrıca körük tipi bir hava soğutucu modülü barındırıyor. 

Sızdırılan görsellere dikkatlice bakıldığında, kutu ve ekran kartı birbirinden ayrıldığı fark edilebilir. Kutu GTX 1080 ekran kartına ait ancak baskılı devre kartı GTX 1070 modelinin. Muhtemelen her iki ekran kartı da, bu tasarım üzerinde piyasaya sürülecek. 

Galax’ın ne tür optimizasyonlar yaptığı bilinmiyor ancak saat frekanslarının daha yüksek olacağı tahmin ediliyor. Ayrıca Galax’ın sonraki modellerde daha performanslı soğutma sistemleri ve hız aşırtma teknikleri kullanacağı ifade ediliyor. Galax’ın yeni kartları Haziran ayında piyasada olacak.
</post>
<signature>

</signature>
<external_links>

</external_links>
<country>TR</country>
<main_image></main_image>
</document>
