<?xml version="1.0" encoding="UTF-8"?>
<document>
<type>mainstream</type>
<forum></forum>
<forum_title></forum_title>
<discussion_title>El CEO de Fitbit cree que Apple se equivoca con el Apple Watch - blogs de iphone - ipad - android</discussion_title>
<language>spanish</language>
<gmt_offset></gmt_offset>
<topic_url>http://hablandodemac.net/iphone/el-ceo-de-fitbit-cree-que-apple-se-equivoca-con-el-apple-watch</topic_url>
<topic_text>
El CEO de Fitbit cree que Apple se equivoca con el Apple Watch - Noticias de decoración Fuente: actualidad-iphone - Ver todas las noticias de este sitio El CEO de Fitbit cree que Apple se equivoca con el Apple Watch Volvemos a traer la noticia de cada mes, de vez en cuando el CEO de alguna empresa grande suele hacer... El artículo El CEO de Fitbit cree que Apple se equivoca con el Apple Watch ha sido originalmente publicado en Actualidad iPhone.Volvemos a traer la noticia de cada mes, de vez en cuando el CEO de alguna empresa grande suele hacer alguna crítica, “constructiva” siempre, acerca de cómo Apple hace las cosas. Aunque no sabemos hasta qué punto es ético criticar a la empresa que mayores beneficios obtiene del mercado. En este caso ha sido el CEO de Fitbit quien ha dicho en una entrevista que Apple se está equivocando, y mucho, con el Apple Watch. Esa ha sido su respuesta cuándo le han preguntado acerca de cómo ve el mercado de los wearables y la competencia. Está claro que el Apple Watch es mucho más caro que el Fitbit Blaze, y también está claro, que aunque Fitbit vende muchos wearables, son de los baratos, el reloj se vende mucho menos que el Apple Watch a pesar de costar cien dólares menos que la edición más barata del reloj de Apple, parece ser que le molesta un poco. Mientras tanto, Fitbit sigue siendo la empresa de wearables más potente del mercado, vendiendo 21.3 millones de dispositivos durante el año 2015, aumentando casi en 11 millones las ventas con respecto del año anterior. Lo bueno de los dispositivos Fitbit es que están pensados para el deporte en su mayoría y que son extremadamente baratos, acompañados de aplicaciones que funcionan de forma realmente bien. No sabemos realmente qué ha pretendido con estas declaraciones, suponemos que que... 
Fecha de publicación: 03-05-2016 18:57 visto: 0 problemas” aparecen cuando tienes aplicaciones en las que hace falta registrarse para poder utilizarlas, siempre se... problemas” aparecen cuando tienes aplicaciones en las que hace falta registrarse para poder utilizarlas, siempre se... ” aparecen cuando tienes aplicaciones en las que hace falta registrarse para poder utilizarlas, siempre se... problemas” aparecen cuando tienes aplicaciones en las que hace falta registrarse para poder utilizarlas, siempre se... problemas” aparecen cuando tienes aplicaciones en las que hace falta registrarse para poder utilizarlas, siempre se... ” aparecen cuando tienes aplicaciones en las que hace falta registrarse para poder utilizarlas, siempre se... ” aparecen cuando tienes aplicaciones en las que hace falta registrarse para poder utilizarlas, siempre se... ” aparecen cuando tienes aplicaciones en las que hace falta registrarse para poder utilizarlas, siempre se... ” aparecen cuando tienes aplicaciones en las que hace falta registrarse para poder utilizarlas, siempre se... problemas” aparecen cuando tienes aplicaciones en las que hace falta registrarse para poder utilizarlas, siempre se... 
</topic_text>
<spam_score>0.00</spam_score>
<post_num>1</post_num>
<post_id>post-1</post_id>
<post_url>http://hablandodemac.net/iphone/el-ceo-de-fitbit-cree-que-apple-se-equivoca-con-el-apple-watch</post_url>
<post_date>20160305</post_date>
<post_time></post_time>
<username></username>
<post>
El CEO de Fitbit cree que Apple se equivoca con el Apple Watch - Noticias de decoración Fuente: actualidad-iphone - Ver todas las noticias de este sitio El CEO de Fitbit cree que Apple se equivoca con el Apple Watch Volvemos a traer la noticia de cada mes, de vez en cuando el CEO de alguna empresa grande suele hacer... El artículo El CEO de Fitbit cree que Apple se equivoca con el Apple Watch ha sido originalmente publicado en Actualidad iPhone.Volvemos a traer la noticia de cada mes, de vez en cuando el CEO de alguna empresa grande suele hacer alguna crítica, “constructiva” siempre, acerca de cómo Apple hace las cosas. Aunque no sabemos hasta qué punto es ético criticar a la empresa que mayores beneficios obtiene del mercado. En este caso ha sido el CEO de Fitbit quien ha dicho en una entrevista que Apple se está equivocando, y mucho, con el Apple Watch. Esa ha sido su respuesta cuándo le han preguntado acerca de cómo ve el mercado de los wearables y la competencia. Está claro que el Apple Watch es mucho más caro que el Fitbit Blaze, y también está claro, que aunque Fitbit vende muchos wearables, son de los baratos, el reloj se vende mucho menos que el Apple Watch a pesar de costar cien dólares menos que la edición más barata del reloj de Apple, parece ser que le molesta un poco. Mientras tanto, Fitbit sigue siendo la empresa de wearables más potente del mercado, vendiendo 21.3 millones de dispositivos durante el año 2015, aumentando casi en 11 millones las ventas con respecto del año anterior. Lo bueno de los dispositivos Fitbit es que están pensados para el deporte en su mayoría y que son extremadamente baratos, acompañados de aplicaciones que funcionan de forma realmente bien. No sabemos realmente qué ha pretendido con estas declaraciones, suponemos que que... 
Fecha de publicación: 03-05-2016 18:57 visto: 0 problemas” aparecen cuando tienes aplicaciones en las que hace falta registrarse para poder utilizarlas, siempre se... problemas” aparecen cuando tienes aplicaciones en las que hace falta registrarse para poder utilizarlas, siempre se... ” aparecen cuando tienes aplicaciones en las que hace falta registrarse para poder utilizarlas, siempre se... problemas” aparecen cuando tienes aplicaciones en las que hace falta registrarse para poder utilizarlas, siempre se... problemas” aparecen cuando tienes aplicaciones en las que hace falta registrarse para poder utilizarlas, siempre se... ” aparecen cuando tienes aplicaciones en las que hace falta registrarse para poder utilizarlas, siempre se... ” aparecen cuando tienes aplicaciones en las que hace falta registrarse para poder utilizarlas, siempre se... ” aparecen cuando tienes aplicaciones en las que hace falta registrarse para poder utilizarlas, siempre se... ” aparecen cuando tienes aplicaciones en las que hace falta registrarse para poder utilizarlas, siempre se... problemas” aparecen cuando tienes aplicaciones en las que hace falta registrarse para poder utilizarlas, siempre se... 
</post>
<signature>

</signature>
<external_links>

</external_links>
<country>US</country>
<main_image>http://img.actualidadiphone.com/wp-content/uploads/2015/10/apple-watch-hermes.png</main_image>
</document>
