<?xml version="1.0" encoding="UTF-8"?>
<document>
<type>mainstream</type>
<forum></forum>
<forum_title></forum_title>
<discussion_title>الجرس | Al Jaras : اخبار وصور نجوم الفن والسياسة والمجتمع والرياضة | لاعب كرم القدم المصري يقدم فيديوهات تثبت خيانة طليقته وهكذا ردّت</discussion_title>
<language>arabic</language>
<gmt_offset></gmt_offset>
<topic_url>http://www.aljaras.com/%d9%84%d8%a7%d8%b9%d8%a8-%d9%83%d8%b1%d9%85-%d8%a7%d9%84%d9%82%d8%af%d9%85-%d8%a7%d9%84%d9%85%d8%b5%d8%b1%d9%8a-%d9%8a%d9%82%d8%af%d9%85-%d9%81%d9%8a%d8%af%d9%8a%d9%88%d9%87%d8%a7%d8%aa-%d8%aa%d8%ab/</topic_url>
<topic_text>
لاعب كرم القدم المصري يقدم فيديوهات تثبت خيانة طليقته وهكذا ردّت May 12, 2016 at 13:16 إبراهيم سعيد 
قدّم لاعب كرم القدم إبراهيم سعيد، 9 فيديوهات للنائب العام يثبت من خلالها خيانة طليقته له. 
بدورها، أكدت السيدة ابتسام عبد الله أن اتهاماته لا أساس لها من الصحة مضيفة: “الصور والتسجيلات التي قدمها زوجها كلها بأماكن عامة في مصر، ولا يمكن أن تكون دليل على الزنا. هو يفعل كل هذا لإسقاط حضانة ابنهما عنها، وأخذ شقة الزوجية والسيارة”. Zone 3 
</topic_text>
<spam_score>0.00</spam_score>
<post_num>1</post_num>
<post_id>post-1</post_id>
<post_url>http://www.aljaras.com/%d9%84%d8%a7%d8%b9%d8%a8-%d9%83%d8%b1%d9%85-%d8%a7%d9%84%d9%82%d8%af%d9%85-%d8%a7%d9%84%d9%85%d8%b5%d8%b1%d9%8a-%d9%8a%d9%82%d8%af%d9%85-%d9%81%d9%8a%d8%af%d9%8a%d9%88%d9%87%d8%a7%d8%aa-%d8%aa%d8%ab/</post_url>
<post_date>20160512</post_date>
<post_time></post_time>
<username></username>
<post>
لاعب كرم القدم المصري يقدم فيديوهات تثبت خيانة طليقته وهكذا ردّت May 12, 2016 at 13:16 إبراهيم سعيد 
قدّم لاعب كرم القدم إبراهيم سعيد، 9 فيديوهات للنائب العام يثبت من خلالها خيانة طليقته له. 
بدورها، أكدت السيدة ابتسام عبد الله أن اتهاماته لا أساس لها من الصحة مضيفة: “الصور والتسجيلات التي قدمها زوجها كلها بأماكن عامة في مصر، ولا يمكن أن تكون دليل على الزنا. هو يفعل كل هذا لإسقاط حضانة ابنهما عنها، وأخذ شقة الزوجية والسيارة”. Zone 3 
</post>
<signature>

</signature>
<external_links>

</external_links>
<country>CA</country>
<main_image>http://www.aljaras.com/wp-content/uploads/2016/03/إبراهيم-سعيد.jpg</main_image>
</document>
