<?xml version="1.0" encoding="UTF-8"?>
<document>
<type>mainstream</type>
<forum>http://www.youm7.com/فن وتليفزيون-48</forum>
<forum_title>فن | اليوم السابع</forum_title>
<discussion_title>بالصور.. بليك ليفلى وجوليان مور وكريستين ستيوارت فى حفل عشاء كان السينمائى</discussion_title>
<language>arabic</language>
<gmt_offset></gmt_offset>
<topic_url>http://www.youm7.com/story/2016/5/12/بالصور-بليك-ليفلى-وجوليان-مور-وكريستين-ستيوارت-فى-حفل-عشاء-ك/2715208</topic_url>
<topic_text>
أقامت إدارة مهرجان كان السينمائى حفل عشاء أمس الأربعاء بعد انتهاء فعاليات حفل الافتتاح فى دورته الـ69 وحضر العشاء عدد كبير من النجوم العالميين المشاركين بأفلامهم فى المسابقة الرسمية، ومن بينهم النجمة العالمية بليك ليفلى والتى ظهرت متألقة بفستان أسود رغم حملها، كما حضرت النجمة العالمية جوليان مور، وبدى حضور النجمة كريستين ستيوارت لافت بإطلالة بسيطة، كما حضر أيضًا المخرج العالمى وودى آلان والنجمة ميليسا جورج، والنجمة نعومى واتس.
وحضر حفل الافتتاح العديد من النجوم منهم النجمة جوليان مور والنجمة جيسيكا شاستاين والممثلة الأمريكية كيرستن دانست، والنجمة فيكتوريا بيكهام، والنجمة إيفا لانجوريا، والنجم جستين تيمبرلك، والممثلة البريطانية أرايا هارجيت، وعارضة الأزياء الإيطالية بيانكا بالتى، والممثلة الفرنسية فريدريك بيل، ورئيس لجنة التحكيم جورج ميلر والممثل كورى ستول والممثلة البريطانية نعومى واتس والممثلة الصينية جونج لى والممثلة الفرنسية Leila Bekhti والمغنية الفرنسية وعضو لجنة التحكيم فانيسا بارادى والممثل الدنماركى مادس ميكلسن والمنتجة الإيرانية وعضو لجنة التحكيم كاتيون شهابى.
موضوعات متعلقة ..
- بث مباشر لفعاليات حفل مهرجان كان السينمائى فى دورته الـ69
</topic_text>
<spam_score>0.00</spam_score>
<post_num>2</post_num>
<post_id>post-2</post_id>
<post_url>http://www.youm7.com/story/2016/5/12/بالصور-بليك-ليفلى-وجوليان-مور-وكريستين-ستيوارت-فى-حفل-عشاء-ك/2715208</post_url>
<post_date>20160512</post_date>
<post_time>0430</post_time>
<username>يونس</username>
<post>
رائع بليك ليفلي ملكة الأناقة و السحر الأنثوي الراقي
</post>
<signature>

</signature>
<external_links>

</external_links>
<country>US</country>
<main_image>http://img.youm7.com/images/NewsPics/large/52016121613516781.jpg?v543</main_image>
</document>
