<?xml version="1.0" encoding="UTF-8"?>
<document>
<type>mainstream</type>
<forum>http://ria.ru/export/rss2/economy/index.xml</forum>
<forum_title>Новостной портал Ria.ru: больше, чем просто новости.</forum_title>
<discussion_title>Улюкаев: введение режима ТОР в Калининградской области возможно</discussion_title>
<language>russian</language>
<gmt_offset></gmt_offset>
<topic_url>http://ria.ru/economy/20160512/1432096210.html</topic_url>
<topic_text>
 
</topic_text>
<spam_score>0.00</spam_score>
<post_num>1</post_num>
<post_id>post-1</post_id>
<post_url>http://ria.ru/economy/20160512/1432096210.html</post_url>
<post_date>20160512</post_date>
<post_time>1619</post_time>
<username></username>
<post>
 
</post>
<signature>

</signature>
<external_links>

</external_links>
<country>RU</country>
<main_image>http://cdn14.img22.ria.ru/images/111924/18/1119241855.jpg</main_image>
</document>
