<?xml version="1.0" encoding="UTF-8"?>
<document>
<type>mainstream</type>
<forum></forum>
<forum_title></forum_title>
<discussion_title>Pound Foolish: Exposing the Dark Side of the Personal Finance Industry – Personal Loans</discussion_title>
<language>english</language>
<gmt_offset></gmt_offset>
<topic_url>http://personal-loans.be/2016/05/12/pound-foolish-exposing-the-dark-side-of-the-personal-finance-industry/</topic_url>
<topic_text>
macau casino tax. #windstarworldcasino #onlinecasinonodeposit #rivercasinosaintlouismissouri #kalaharisandshotel&amp;casino #casinoonline #casino 
Pound Foolish: Exposing the Dark Side of the Personal Finance Industry 
From Book-list “The personal finance and investment industry is a juggernaut, a part of both the ascendant financial services sector of our economy and the ever-booming self-help arena,” states Olen, personal finance writer. Readers learn about Sylvia Porter, whom Olen describes as the “mother of the personal financial industrial complex.” Porter, by the 1960s, had a daily column in which she explained stocks, bonds, and budgeting to millions of Americans. From that beginning mushroomed financial therapy (psychotherapy, life coaching, and financial planning), which originated in the 1970s and caught substantial media attention after the 2008 financial debacle. Explaining the shortcomings of financial therapy, the author cites bias toward individual demons, errors in comparing financial problems of the rich to those of average and poor Americans, and “a dysfunctional relationship with class, specifically the lack of class mobility in a country that prides itself on the American Dream.” This thought-provoking book alerts us to important issues in today’s postrecession economy and thus will enlighten many library patrons. –Mary Whaley –This text refers to an out of print or unavailable edition of this title. Review “It’s rare to come across a realistic and readable book about personal finance. Most are laden with rosy promises, followed by acronyms and turgid advice. Helaine Olen, a freelance journalist, offers an exception with Pound Foolish…. It’s a take-no-prisoners examination of the ways she says we have been scared, misled or bamboozled by those purporting to help us achieve financial security.” —The New York Times 
Olen critiques the personal finance industrial complex and makes the case that our systems and structures for achieving financial security are broken or badly damaged, and that profiteers have exploited the desire to for personal financial control and turned it into a profit center for their own benefit. 
The New America Foundation’s Asset Building Program held this conversation with the author as she shares her story of America’s love affair with personal finance and the challenges we all face in dealing with and talking about money. 
PARTICIPANTS 
Author, Pound Foolish: Exposing the Dark Side of the Personal Finance Industry Blogger, “Where Life Meets Money,” Forbes.com 
Justin King Federal Policy Liaison, Asset Building Program, New America Foundation 
More on Nigel Farage Nigel Farage;”I Suspect You Will Have Tough Time with this Commission” 
Nigel Farage; New European Commission as “the enemy of the very concept of democrac 
Nigel Farage ” European Commission has The Sole Right to Propose Repeal or Change Legis 
Nigel Farage” All Legislation are Proposed in Secret” 
Nigel Farage”European Parliament 3000 Secret Commission Staffed by Big Business and Big 
Nigel Farage;”Lord Who?Has Never Been Elected in His Life which means he is Perfect the Jo 
Nigel Farage” Introduce me to Your New Commission, A Pretty March of Non Entiti 
Nigel Farage ‘Lord Hill should be Lord who’ ? 
Nigel Farage: “This will be the last European Commission that governs Britain” 
The End of the US Dollar Imperium Patrick Barron Part 2 
The End of the US Dollar Imperium and Currency Wars 
Pound Foolish: Exposing the Dark Side of the Personal Finance Industry 
The New (Suburban) Homeless in 2015 / Panel Discussion – Confronting Suburban Poverty in 
Epic Football Battle Go Army, Beat Navy Spirit Video 
Chuck Hagel forced to step down as US defense secretary 
More Videos to watch Create 
Obama “Undocumented Workers Broke Our Immigration Laws” 
“People are an asset, not a liability.” Immigration Reform – Interview with Grover Norquist 
Obama Defends Immigration Executive Order 
Obama” Politicians use the issue to Scare People and Whip Up Votes at Election Time 
President Obama”Why I took Executive Action on Immigration” 
I created this video with the YouTube Video Editor (http://www.youtube.com/editor) Share this: 
</topic_text>
<spam_score>0.00</spam_score>
<post_num>1</post_num>
<post_id>post-1</post_id>
<post_url>http://personal-loans.be/2016/05/12/pound-foolish-exposing-the-dark-side-of-the-personal-finance-industry/</post_url>
<post_date>20160512</post_date>
<post_time></post_time>
<username></username>
<post>
macau casino tax. #windstarworldcasino #onlinecasinonodeposit #rivercasinosaintlouismissouri #kalaharisandshotel&amp;casino #casinoonline #casino 
Pound Foolish: Exposing the Dark Side of the Personal Finance Industry 
From Book-list “The personal finance and investment industry is a juggernaut, a part of both the ascendant financial services sector of our economy and the ever-booming self-help arena,” states Olen, personal finance writer. Readers learn about Sylvia Porter, whom Olen describes as the “mother of the personal financial industrial complex.” Porter, by the 1960s, had a daily column in which she explained stocks, bonds, and budgeting to millions of Americans. From that beginning mushroomed financial therapy (psychotherapy, life coaching, and financial planning), which originated in the 1970s and caught substantial media attention after the 2008 financial debacle. Explaining the shortcomings of financial therapy, the author cites bias toward individual demons, errors in comparing financial problems of the rich to those of average and poor Americans, and “a dysfunctional relationship with class, specifically the lack of class mobility in a country that prides itself on the American Dream.” This thought-provoking book alerts us to important issues in today’s postrecession economy and thus will enlighten many library patrons. –Mary Whaley –This text refers to an out of print or unavailable edition of this title. Review “It’s rare to come across a realistic and readable book about personal finance. Most are laden with rosy promises, followed by acronyms and turgid advice. Helaine Olen, a freelance journalist, offers an exception with Pound Foolish…. It’s a take-no-prisoners examination of the ways she says we have been scared, misled or bamboozled by those purporting to help us achieve financial security.” —The New York Times 
Olen critiques the personal finance industrial complex and makes the case that our systems and structures for achieving financial security are broken or badly damaged, and that profiteers have exploited the desire to for personal financial control and turned it into a profit center for their own benefit. 
The New America Foundation’s Asset Building Program held this conversation with the author as she shares her story of America’s love affair with personal finance and the challenges we all face in dealing with and talking about money. 
PARTICIPANTS 
Author, Pound Foolish: Exposing the Dark Side of the Personal Finance Industry Blogger, “Where Life Meets Money,” Forbes.com 
Justin King Federal Policy Liaison, Asset Building Program, New America Foundation 
More on Nigel Farage Nigel Farage;”I Suspect You Will Have Tough Time with this Commission” 
Nigel Farage; New European Commission as “the enemy of the very concept of democrac 
Nigel Farage ” European Commission has The Sole Right to Propose Repeal or Change Legis 
Nigel Farage” All Legislation are Proposed in Secret” 
Nigel Farage”European Parliament 3000 Secret Commission Staffed by Big Business and Big 
Nigel Farage;”Lord Who?Has Never Been Elected in His Life which means he is Perfect the Jo 
Nigel Farage” Introduce me to Your New Commission, A Pretty March of Non Entiti 
Nigel Farage ‘Lord Hill should be Lord who’ ? 
Nigel Farage: “This will be the last European Commission that governs Britain” 
The End of the US Dollar Imperium Patrick Barron Part 2 
The End of the US Dollar Imperium and Currency Wars 
Pound Foolish: Exposing the Dark Side of the Personal Finance Industry 
The New (Suburban) Homeless in 2015 / Panel Discussion – Confronting Suburban Poverty in 
Epic Football Battle Go Army, Beat Navy Spirit Video 
Chuck Hagel forced to step down as US defense secretary 
More Videos to watch Create 
Obama “Undocumented Workers Broke Our Immigration Laws” 
“People are an asset, not a liability.” Immigration Reform – Interview with Grover Norquist 
Obama Defends Immigration Executive Order 
Obama” Politicians use the issue to Scare People and Whip Up Votes at Election Time 
President Obama”Why I took Executive Action on Immigration” 
I created this video with the YouTube Video Editor (http://www.youtube.com/editor) Share this: 
</post>
<signature>

</signature>
<external_links>

</external_links>
<country>DE</country>
<main_image></main_image>
</document>
