<?xml version="1.0" encoding="UTF-8"?>
<document>
<type>mainstream</type>
<forum>http://www.ideal.es/sociedad/?reducido=1&amp;pag=616</forum>
<forum_title></forum_title>
<discussion_title>¿Cuántas mujeres ves en esta imagen?</discussion_title>
<language>spanish</language>
<gmt_offset></gmt_offset>
<topic_url>http://www.ideal.es/sociedad/201507/02/cuantas-mujeres-esta-imagen-20150702102720.html</topic_url>
<topic_text>
Te proponemos una nueva ilusión óptica, aprovechando el tirón de todas ellas . Tras la de la rana del pasado lunes, ahora nos llega esta de una imagen de una mujer.
Las instrucciones para &apos;jugar&apos; son fáciles: lo único que tienes que hacer es mirar con atención el punto blanco de la imagen de la izquierda. Verás na fotografía en negativo de una mujer, por lo que existe un amplio contraste entre el pelo y su piel, acompañado del fondo negro. Y en la derecha un cuadrado completamente blanco.
Ahora centra tu atención en el punto blanco durante 15 segundos. Luego mira la parte derecha y comprobarás casi con total seguridad que, sobre el fondo blanco aparecerá la imagen de otra mujer y totalmente a color. En este caso, su pelo será castaño y permanecerá un par de segundos.
Según el &apos;Daily Mail&apos;, la explicación es sencilla : la imagen es conocida como remanente y pone a prueba las señales que envían nuestros ojos al cerebro. Sostiene el medio británico qe la fatiga visual provoca que sobre el fondo blanco se reproduzca la misma imagen pero con los colores inversos
Lo Más lo más 50
</topic_text>
<spam_score>0.00</spam_score>
<post_num>1</post_num>
<post_id>post-1</post_id>
<post_url>http://www.ideal.es/sociedad/201507/02/cuantas-mujeres-esta-imagen-20150702102720.html</post_url>
<post_date>20150702</post_date>
<post_time>1027</post_time>
<username>ideal.es</username>
<post>
Te proponemos una nueva ilusión óptica, aprovechando el tirón de todas ellas . Tras la de la rana del pasado lunes, ahora nos llega esta de una imagen de una mujer.
Las instrucciones para &apos;jugar&apos; son fáciles: lo único que tienes que hacer es mirar con atención el punto blanco de la imagen de la izquierda. Verás na fotografía en negativo de una mujer, por lo que existe un amplio contraste entre el pelo y su piel, acompañado del fondo negro. Y en la derecha un cuadrado completamente blanco.
Ahora centra tu atención en el punto blanco durante 15 segundos. Luego mira la parte derecha y comprobarás casi con total seguridad que, sobre el fondo blanco aparecerá la imagen de otra mujer y totalmente a color. En este caso, su pelo será castaño y permanecerá un par de segundos.
Según el &apos;Daily Mail&apos;, la explicación es sencilla : la imagen es conocida como remanente y pone a prueba las señales que envían nuestros ojos al cerebro. Sostiene el medio británico qe la fatiga visual provoca que sobre el fondo blanco se reproduzca la misma imagen pero con los colores inversos
Lo Más lo más 50
</post>
<signature>

</signature>
<external_links>

</external_links>
<country>ES</country>
<main_image>http://www.ideal.es/noticias/201507/02/media/MUJER.jpg</main_image>
</document>
