<?xml version="1.0" encoding="UTF-8"?>
<document>
<type>mainstream</type>
<forum></forum>
<forum_title></forum_title>
<discussion_title>Pampers launches new Premium Care range - All 4 Women</discussion_title>
<language>english</language>
<gmt_offset></gmt_offset>
<topic_url>http://www.all4women.co.za/733006/parenting/newborns-0-6-months/pampers-launches-new-premium-care-range</topic_url>
<topic_text>
Home Parenting Newborns 0-6 months Pampers launches new Premium Care range Pampers launches new Premium Care range May 12, 2016 Rate this article: 0 votes 
Pampers® Premium Care unveiled an exciting new innovation in nappies this past week - and All4Women Parenting Editor, Lara Bestbier was there to catch a sneak peek! ... Pampers brand manager Sbonelo Mncube reveals the new Pampers Premium Care range. 
AUTHOR INFO: :: More articles 
Pampers® Premium Care (PPC) unveiled an exciting new innovation in nappies by introducing its softest nappy ever this past week - and All4Women Parenting Editor, Lara Bestbier was there to catch a sneak peek! 
Pampers® hosted a baby shower themed event for the media and bloggers at an exquisite boutique hotel in Houghton. A new innovation in nappy technology 
Pampers® brand manager Sbonelo Mncube says, “Absorbent channels are a new innovation in nappy technology that has been developed by Pampers®. This technology creates channels and chambers that work together – much like a system of water pipes that collects rain into a cistern. The channels help to evenly distribute the wetness to chambers, where it is stored away from your baby’s skin.” Moms will be pleased to know that the new PPC features silky soft materials and unique absorbent channels for five-star skin protection 
Pampers® knows that even the most exquisite softness is nothing without dryness to protect it, which is why Pampers® offers up to 12 hours of dryness. PPC is the first and only nappy in the market to feature absorbent channels that help to distribute wetness evenly. And, the wetness indicator lets you know when your baby might need a change, so your baby can continue enjoying all of your love. Moms will be pleased to know that the new PPC features silky soft materials and unique absorbent channels for 5 Star Skin Protection. Made with love 
Event programme director and media personality Leanne Manas says, “This is an exciting new product from Pampers®. Although my children are no longer in nappies, as a parent I can appreciate the innovation applied to the product. But more importantly I can see that there’s a lot of love that went into making this product – the soft texture for the baby is simply amazing. Most moms will be very happy with it.” Event programme director and media personality Leanne Manas. Babies learn most about the world through the skin 
Connoisseurs are always looking for the finest things in life and babies love to be surrounded by softness. Research shows what parents have known all along; babies really do prefer the feeling of lush textures against their skin. Just like wearing the finest silk, surrounding your baby with softness feels good – but for baby it has a much more meaningful developmental benefit. 
According to Pippa Hime, midwife and a Pampers® Institute Expert, “Skin and touch play an important role in infant bonding and development. Babies learn most about the world through the skin; it’s a pathway to the precious bond you share but it is also the most essential element of their social, emotional, physical development.” 
Hime continues; “Touching skin-to-skin is the language of love that bonds us together… but skin has to be perfectly protected to enjoy these loving moments to the fullest. The nappy you choose plays an important role in caring for your baby’s skin.” That’s why Pampers® Premium Care has developed its softest nappy. When the skin is perfectly protected, your baby will feel nothing but love. When it comes to baby, &apos;best&apos; isn&apos;t good enough... 
Mncube says, “Parents tell us that when it comes to their baby, ‘best’ isn’t good enough; they want the ‘very best’, which means the nappy has to be soft against baby’s skin; not only outside but inside the nappy too.” 
Catch snippets of the launch PLUS what media and local celebs had to say about the #NewPampersPremiumCare range in this YouTube video... 
Don&apos;t miss out! Subscribe to our free Newsletters Rate this article: 
</topic_text>
<spam_score>0.00</spam_score>
<post_num>1</post_num>
<post_id>post-1</post_id>
<post_url>http://www.all4women.co.za/733006/parenting/newborns-0-6-months/pampers-launches-new-premium-care-range</post_url>
<post_date>20160512</post_date>
<post_time></post_time>
<username>Lara Bestbier</username>
<post>
Home Parenting Newborns 0-6 months Pampers launches new Premium Care range Pampers launches new Premium Care range May 12, 2016 Rate this article: 0 votes 
Pampers® Premium Care unveiled an exciting new innovation in nappies this past week - and All4Women Parenting Editor, Lara Bestbier was there to catch a sneak peek! ... Pampers brand manager Sbonelo Mncube reveals the new Pampers Premium Care range. 
AUTHOR INFO: :: More articles 
Pampers® Premium Care (PPC) unveiled an exciting new innovation in nappies by introducing its softest nappy ever this past week - and All4Women Parenting Editor, Lara Bestbier was there to catch a sneak peek! 
Pampers® hosted a baby shower themed event for the media and bloggers at an exquisite boutique hotel in Houghton. A new innovation in nappy technology 
Pampers® brand manager Sbonelo Mncube says, “Absorbent channels are a new innovation in nappy technology that has been developed by Pampers®. This technology creates channels and chambers that work together – much like a system of water pipes that collects rain into a cistern. The channels help to evenly distribute the wetness to chambers, where it is stored away from your baby’s skin.” Moms will be pleased to know that the new PPC features silky soft materials and unique absorbent channels for five-star skin protection 
Pampers® knows that even the most exquisite softness is nothing without dryness to protect it, which is why Pampers® offers up to 12 hours of dryness. PPC is the first and only nappy in the market to feature absorbent channels that help to distribute wetness evenly. And, the wetness indicator lets you know when your baby might need a change, so your baby can continue enjoying all of your love. Moms will be pleased to know that the new PPC features silky soft materials and unique absorbent channels for 5 Star Skin Protection. Made with love 
Event programme director and media personality Leanne Manas says, “This is an exciting new product from Pampers®. Although my children are no longer in nappies, as a parent I can appreciate the innovation applied to the product. But more importantly I can see that there’s a lot of love that went into making this product – the soft texture for the baby is simply amazing. Most moms will be very happy with it.” Event programme director and media personality Leanne Manas. Babies learn most about the world through the skin 
Connoisseurs are always looking for the finest things in life and babies love to be surrounded by softness. Research shows what parents have known all along; babies really do prefer the feeling of lush textures against their skin. Just like wearing the finest silk, surrounding your baby with softness feels good – but for baby it has a much more meaningful developmental benefit. 
According to Pippa Hime, midwife and a Pampers® Institute Expert, “Skin and touch play an important role in infant bonding and development. Babies learn most about the world through the skin; it’s a pathway to the precious bond you share but it is also the most essential element of their social, emotional, physical development.” 
Hime continues; “Touching skin-to-skin is the language of love that bonds us together… but skin has to be perfectly protected to enjoy these loving moments to the fullest. The nappy you choose plays an important role in caring for your baby’s skin.” That’s why Pampers® Premium Care has developed its softest nappy. When the skin is perfectly protected, your baby will feel nothing but love. When it comes to baby, &apos;best&apos; isn&apos;t good enough... 
Mncube says, “Parents tell us that when it comes to their baby, ‘best’ isn’t good enough; they want the ‘very best’, which means the nappy has to be soft against baby’s skin; not only outside but inside the nappy too.” 
Catch snippets of the launch PLUS what media and local celebs had to say about the #NewPampersPremiumCare range in this YouTube video... 
Don&apos;t miss out! Subscribe to our free Newsletters Rate this article: 
</post>
<signature>

</signature>
<external_links>

</external_links>
<country>ZA</country>
<main_image>http://www.all4women.co.za/wp-content/uploads/2016/05/12/pampers_cover.jpg</main_image>
</document>
