<?xml version="1.0" encoding="UTF-8"?>
<document>
<type>mainstream</type>
<forum>http://www.fromwoman.com/vb/external.php?type=RSS2</forum>
<forum_title>منتديات سيدتي الجميلة</forum_title>
<discussion_title>بلدية جدة تطلب ببرامج ترفيهية لعمال النظافة</discussion_title>
<language>arabic</language>
<gmt_offset></gmt_offset>
<topic_url>http://www.fromwoman.com/vb/t101383-post400049.html</topic_url>
<topic_text>
منذ ساعة واحدة المشاركة رقم: 1 ( permalink ) لعمال النظافة النظافة في محافظة جدة وذلك بالتنسيق مع الامانة ورفعه الى الجهات الرسمية المعنية لاعتمادة». وأضاف : إن المجلس طالب بمنع استخدام الأكياس البلاستكية واستبدالها بالورقية، وزاد: «التوصية الثانية تأتي بناء على مناقشة العرض المقدم من لجنة البيئة والبلديات الفرعية، التي تهدف إلى المحافظة على الصحة والبيئة من خلال استخدام الأكياس الورقية بدلاً من البلاستكية». وفي السياق ذاته، اطلع المجلس البلدي بجدة على عرض لموازنة الأمانة المقدمة من اللجنة الإدارية والمالية، إ ساعد في نشر والارتقاء بنا عبر مشاركة رأيك في الفيس بوك المواضيع المتشابهه: استراليا تطلب الافراج عن مراسل الجزيرة , البكويت تطلب العفو عن مراسل جزيرة
</topic_text>
<spam_score>0.00</spam_score>
<post_num>1</post_num>
<post_id>post-1</post_id>
<post_url>http://www.fromwoman.com/vb/t101383-post400049.html</post_url>
<post_date>20160512</post_date>
<post_time>1454</post_time>
<username>جنة الفردوس</username>
<post>
منذ ساعة واحدة المشاركة رقم: 1 ( permalink ) لعمال النظافة النظافة في محافظة جدة وذلك بالتنسيق مع الامانة ورفعه الى الجهات الرسمية المعنية لاعتمادة». وأضاف : إن المجلس طالب بمنع استخدام الأكياس البلاستكية واستبدالها بالورقية، وزاد: «التوصية الثانية تأتي بناء على مناقشة العرض المقدم من لجنة البيئة والبلديات الفرعية، التي تهدف إلى المحافظة على الصحة والبيئة من خلال استخدام الأكياس الورقية بدلاً من البلاستكية». وفي السياق ذاته، اطلع المجلس البلدي بجدة على عرض لموازنة الأمانة المقدمة من اللجنة الإدارية والمالية، إ ساعد في نشر والارتقاء بنا عبر مشاركة رأيك في الفيس بوك المواضيع المتشابهه: استراليا تطلب الافراج عن مراسل الجزيرة , البكويت تطلب العفو عن مراسل جزيرة
</post>
<signature>

</signature>
<external_links>

</external_links>
<country>DE</country>
<main_image></main_image>
</document>
