<?xml version="1.0" encoding="UTF-8"?>
<document>
<type>mainstream</type>
<forum></forum>
<forum_title></forum_title>
<discussion_title>Blake Lively criticises &apos;Woody Allen rape joke&apos; at Cannes Film Festival | People | News | The Independent</discussion_title>
<language>english</language>
<gmt_offset></gmt_offset>
<topic_url>http://www.independent.co.uk/news/people/blake-lively-criticises-woody-allen-rape-joke-at-cannes-film-festival-a7026391.html</topic_url>
<topic_text>
Blake Lively criticises &apos;Woody Allen rape joke&apos; at Cannes Film Festival The actress reacted to a controversial joke on the opening night @heatheranne9 Thursday 12 May 2016 16:41 BST 
Blake Lively has criticised the inclusion of a joke about rape at Cannes Film Festival which has been perceived as a jab at Woody Allen and the director Roman Polanski. 
At the opening night, Comedian Laurent Lafitte drew gasps from the crowd when he joked: “It’s very nice that you’ve been shooting so many movies in Europe, even if you are not being convicted for rape in the US”. 
Lively stars alongside Kristen Stewart in Allen’s latest offering, Cafe Society , which opened the film festival this week. Read more French comedian directs rape joke at Woody Allen at Cannes 
“I think any jokes about rape, homophobia or Hitler is not a joke,” she told Variety after being asked about the joke. 
“I think that was a hard thing swallow in 30 seconds. Film festivals are such beautiful, respectful festivals of film and artists and to have that, it felt like it wouldn’t have happened if it was in the 1940s. I can’t imagine Fred Astaire and Bing Crosby going out and doing that. It was more disappointing for the artists in the room that someone was going up there making jokes about something that wasn’t funny.” The films to know about at Cannes 2016 The films to know about at Cannes 2016 1/14 Julieta 
Director: Pedro Almodóvar Starring: Adriana Ugarte, Emma Suárez What&apos;s it about? The Spanish filmmaker&apos;s 20th film is based on three short stories from Alice Munro&apos;s 2004 book, Runaway which tracks a woman&apos;s search for her missing daughter. 2/14 American Honey 
Director: Andrea Arnold Starring: Sasha Lane, Kate Mara, Shia LaBeouf What&apos;s it about? In British filmmaker Andrea Arnold&apos;s ( Red Road ) American road movie - her first film set and filmed outside the UK - a teenage girl who gets caught up in a whirlwind of hard partying as she crosses the Midwest with a band of misfits. 3/14 Personal Shopper 
Director: Olivier Assayas Starring: Kristen Stewart, Lars Eidinger, Nora von Waldstätten What&apos;s it about? Stewart reteams with French filmmaker Assayas following Clouds of Sils Maria for this ghost story set in the fashion underworld of Paris. 4/14 It&apos;s Only the End of the World 
Director: Xavier Dolan Starring: Léa Seydoux, Marion Cotillard, Vincent Cassel What&apos;s it about? Xavier Dolan ( Mommy ) returns with this film based on the play Juste la fin du monde which tells the story of a terminally ill writer who returns home after 12 years to announce his impending death. 5/14 Paterson 
Director: Jim Jarmusch, Starring: Adam Driver, Golshifteh Farahani What&apos;s it about? An original film from Amazon Studios that follows Paterson, a bus driver in the city of Paterson, New Jersey who lives an inhibited life compared to that of his wife, Laura. 6/14 I, Daniel Blake 
Director: Ken Loach Starring: Dave Johns, Hayley Squires, Micky McGregor What&apos;s it about? Written by Paul Laverty (the man behind Loach&apos;s Palme d&apos;Or winner The Wind That Shakes the Barley , the film follows the titular protagonist, a joiner who seeks financial felp from the state following an illness. 7/14 Loving 
Director: Jeff Nichols Starring: Joel Edgerton, Michael Shannon, Marton Csokas What&apos;s it about? Jeff Nichols&apos; Midnight Special follow-up tracks an interracial couple based in Virginia sentenced to prison in 1958 for getting married. 8/14 The Handmaid 
Director: Park Chan-wook Starring: Kim Min-hee, Ha Jung-woo, Kim Tae-ri What&apos;s it about? The Oldboy director&apos;s latest South Korean film follows an heiress who falls in love with a petty thief. 9/14 The Neon Demon 
Director: Nicolas Winding Refn Starring: Elle Fanning, Jena Malone, Keanu Reeves, Christina Hendricks What&apos;s it about? Winding Refn&apos;s third consecutive film to compete for the Palme d&apos;Or, this horror thriller follows an aspiring model who moves to Los Angeles where &apos;her vitality and youth are devoured by a group of beauty-obsessed women who will take any means to get what she has.&apos; 10/14 Café Society 
Director: Woody Allen Starring: Jesse Eisenberg, Kristen Stewart, Blake Lively What&apos;s it about? Woody Allen&apos;s latest will open the Festival. It is a New York romantic comedy set in the 1930s with a cast including Steve Carell, Parker Posey, Corey Stoll and Judy Davis. 11/14 The BFG 
Director: Steven Spielberg Starring: Mark Rylance, Rebecca Hall, Bill Hader What&apos;s it about? Based on the Roald Dahl classic, the story follows a young girl named Sophie (Ruby Barnhill) who befriends a friendly giant. 12/14 Money Monster 
Director: Jodie Foster Starring: George Clooney, Jack O&apos;Connell, Julia Roberts What&apos;s it about? A money-oriented live TV show is interrupted when the presenter is taken hostage by a blue-collar worker compelled to turn to violence following his recent financial losses. 13/14 The Nice Guys 
Director: Shane Black Starring: Ryan Gosling, Russell Crowe Reason to see: Shane Black ( Kiss Kiss, Bang Bang ) and his razor sharp wit return in a comedy set in 70s LA. 14/14 Captain Fantastic 
Director: Matt Ross Starring: Viggo Mortensen, Frank Langella, Kathryn Hahn What&apos;s it about? In the forests of the Pacific Northwest, a father who devoted his life to raising his six kids with an irreverent education is forced to leave his paradise and enter the &apos;real&apos; world. 
Allen’s arrival at the festival came as The Hollywood Reporter published an impassioned essay by his son Ronan Farrow, in which Farrow supported his sister’s claims that Allen abused her as a child. Allen has always vehemently denied the sex abuse allegation and has never been charged with any criminal offence. 
Polanski pleaded guilty in 1977 to having sex with a child aged 13 and then fled to France after serving 42 days in prison. More about: 
</topic_text>
<spam_score>0.00</spam_score>
<post_num>1</post_num>
<post_id>post-1</post_id>
<post_url>http://www.independent.co.uk/news/people/blake-lively-criticises-woody-allen-rape-joke-at-cannes-film-festival-a7026391.html</post_url>
<post_date>20160512</post_date>
<post_time></post_time>
<username>Heather Saul</username>
<post>
Blake Lively criticises &apos;Woody Allen rape joke&apos; at Cannes Film Festival The actress reacted to a controversial joke on the opening night @heatheranne9 Thursday 12 May 2016 16:41 BST 
Blake Lively has criticised the inclusion of a joke about rape at Cannes Film Festival which has been perceived as a jab at Woody Allen and the director Roman Polanski. 
At the opening night, Comedian Laurent Lafitte drew gasps from the crowd when he joked: “It’s very nice that you’ve been shooting so many movies in Europe, even if you are not being convicted for rape in the US”. 
Lively stars alongside Kristen Stewart in Allen’s latest offering, Cafe Society , which opened the film festival this week. Read more French comedian directs rape joke at Woody Allen at Cannes 
“I think any jokes about rape, homophobia or Hitler is not a joke,” she told Variety after being asked about the joke. 
“I think that was a hard thing swallow in 30 seconds. Film festivals are such beautiful, respectful festivals of film and artists and to have that, it felt like it wouldn’t have happened if it was in the 1940s. I can’t imagine Fred Astaire and Bing Crosby going out and doing that. It was more disappointing for the artists in the room that someone was going up there making jokes about something that wasn’t funny.” The films to know about at Cannes 2016 The films to know about at Cannes 2016 1/14 Julieta 
Director: Pedro Almodóvar Starring: Adriana Ugarte, Emma Suárez What&apos;s it about? The Spanish filmmaker&apos;s 20th film is based on three short stories from Alice Munro&apos;s 2004 book, Runaway which tracks a woman&apos;s search for her missing daughter. 2/14 American Honey 
Director: Andrea Arnold Starring: Sasha Lane, Kate Mara, Shia LaBeouf What&apos;s it about? In British filmmaker Andrea Arnold&apos;s ( Red Road ) American road movie - her first film set and filmed outside the UK - a teenage girl who gets caught up in a whirlwind of hard partying as she crosses the Midwest with a band of misfits. 3/14 Personal Shopper 
Director: Olivier Assayas Starring: Kristen Stewart, Lars Eidinger, Nora von Waldstätten What&apos;s it about? Stewart reteams with French filmmaker Assayas following Clouds of Sils Maria for this ghost story set in the fashion underworld of Paris. 4/14 It&apos;s Only the End of the World 
Director: Xavier Dolan Starring: Léa Seydoux, Marion Cotillard, Vincent Cassel What&apos;s it about? Xavier Dolan ( Mommy ) returns with this film based on the play Juste la fin du monde which tells the story of a terminally ill writer who returns home after 12 years to announce his impending death. 5/14 Paterson 
Director: Jim Jarmusch, Starring: Adam Driver, Golshifteh Farahani What&apos;s it about? An original film from Amazon Studios that follows Paterson, a bus driver in the city of Paterson, New Jersey who lives an inhibited life compared to that of his wife, Laura. 6/14 I, Daniel Blake 
Director: Ken Loach Starring: Dave Johns, Hayley Squires, Micky McGregor What&apos;s it about? Written by Paul Laverty (the man behind Loach&apos;s Palme d&apos;Or winner The Wind That Shakes the Barley , the film follows the titular protagonist, a joiner who seeks financial felp from the state following an illness. 7/14 Loving 
Director: Jeff Nichols Starring: Joel Edgerton, Michael Shannon, Marton Csokas What&apos;s it about? Jeff Nichols&apos; Midnight Special follow-up tracks an interracial couple based in Virginia sentenced to prison in 1958 for getting married. 8/14 The Handmaid 
Director: Park Chan-wook Starring: Kim Min-hee, Ha Jung-woo, Kim Tae-ri What&apos;s it about? The Oldboy director&apos;s latest South Korean film follows an heiress who falls in love with a petty thief. 9/14 The Neon Demon 
Director: Nicolas Winding Refn Starring: Elle Fanning, Jena Malone, Keanu Reeves, Christina Hendricks What&apos;s it about? Winding Refn&apos;s third consecutive film to compete for the Palme d&apos;Or, this horror thriller follows an aspiring model who moves to Los Angeles where &apos;her vitality and youth are devoured by a group of beauty-obsessed women who will take any means to get what she has.&apos; 10/14 Café Society 
Director: Woody Allen Starring: Jesse Eisenberg, Kristen Stewart, Blake Lively What&apos;s it about? Woody Allen&apos;s latest will open the Festival. It is a New York romantic comedy set in the 1930s with a cast including Steve Carell, Parker Posey, Corey Stoll and Judy Davis. 11/14 The BFG 
Director: Steven Spielberg Starring: Mark Rylance, Rebecca Hall, Bill Hader What&apos;s it about? Based on the Roald Dahl classic, the story follows a young girl named Sophie (Ruby Barnhill) who befriends a friendly giant. 12/14 Money Monster 
Director: Jodie Foster Starring: George Clooney, Jack O&apos;Connell, Julia Roberts What&apos;s it about? A money-oriented live TV show is interrupted when the presenter is taken hostage by a blue-collar worker compelled to turn to violence following his recent financial losses. 13/14 The Nice Guys 
Director: Shane Black Starring: Ryan Gosling, Russell Crowe Reason to see: Shane Black ( Kiss Kiss, Bang Bang ) and his razor sharp wit return in a comedy set in 70s LA. 14/14 Captain Fantastic 
Director: Matt Ross Starring: Viggo Mortensen, Frank Langella, Kathryn Hahn What&apos;s it about? In the forests of the Pacific Northwest, a father who devoted his life to raising his six kids with an irreverent education is forced to leave his paradise and enter the &apos;real&apos; world. 
Allen’s arrival at the festival came as The Hollywood Reporter published an impassioned essay by his son Ronan Farrow, in which Farrow supported his sister’s claims that Allen abused her as a child. Allen has always vehemently denied the sex abuse allegation and has never been charged with any criminal offence. 
Polanski pleaded guilty in 1977 to having sex with a child aged 13 and then fled to France after serving 42 days in prison. More about: 
</post>
<signature>

</signature>
<external_links>

</external_links>
<country>GB</country>
<main_image>http://static.independent.co.uk/s3fs-public/thumbnails/image/2016/05/12/16/GettyImages-530615136.jpg</main_image>
</document>
