<?xml version="1.0" encoding="UTF-8"?>
<document>
<type>mainstream</type>
<forum></forum>
<forum_title></forum_title>
<discussion_title>Even Gamestop knows it&apos;s a load of bullshit : gaming</discussion_title>
<language>english</language>
<gmt_offset></gmt_offset>
<topic_url>https://www.reddit.com/r/gaming/comments/4j1h6i/even_gamestop_knows_its_a_load_of_bullshit/</topic_url>
<topic_text>
unsubscribe subscribe 10,443,119 readers 17,700 users here now 
If your submission does not appear, do not delete it. If it hasn&apos;t shown up after more than 5 minutes, simply message the moderators and ask us to look into it. Community Rules 
Following the Rules of Reddit is required. Following Reddiquette is encouraged. 
No bandwagon or direct reply posts. 
No piracy, even &quot;abandonware&quot;. 
Mark your spoilers and NSFW submissions, comments and links. Spoiler tags are [X Kills Y](/spoiler) . 
No product requests or giveaways. 
Submit only the original source of the content. No general URL shorteners (bitly, tinyurl, etc). 
Follow Reddit&apos;s rules of promotion. This is not the place to spam your channel or stream. No referral, affiliate and/or survey links. 
No Kickstarter, Steam Greenlight, et al project &quot;reminder&quot; posts. 
Posts and comments, whether in jest or with malice, that contain racist, sexist, homophobic content, or threats will be removed, regardless of popularity or relevance. 
</topic_text>
<spam_score>0.00</spam_score>
<post_num>1</post_num>
<post_id>post-1</post_id>
<post_url>https://www.reddit.com/r/gaming/comments/4j1h6i/even_gamestop_knows_its_a_load_of_bullshit/</post_url>
<post_date>20160512</post_date>
<post_time></post_time>
<username></username>
<post>
unsubscribe subscribe 10,443,119 readers 17,700 users here now 
If your submission does not appear, do not delete it. If it hasn&apos;t shown up after more than 5 minutes, simply message the moderators and ask us to look into it. Community Rules 
Following the Rules of Reddit is required. Following Reddiquette is encouraged. 
No bandwagon or direct reply posts. 
No piracy, even &quot;abandonware&quot;. 
Mark your spoilers and NSFW submissions, comments and links. Spoiler tags are [X Kills Y](/spoiler) . 
No product requests or giveaways. 
Submit only the original source of the content. No general URL shorteners (bitly, tinyurl, etc). 
Follow Reddit&apos;s rules of promotion. This is not the place to spam your channel or stream. No referral, affiliate and/or survey links. 
No Kickstarter, Steam Greenlight, et al project &quot;reminder&quot; posts. 
Posts and comments, whether in jest or with malice, that contain racist, sexist, homophobic content, or threats will be removed, regardless of popularity or relevance. 
</post>
<signature>

</signature>
<external_links>

</external_links>
<country>US</country>
<main_image>https://i.redditmedia.com/HGcoEH9XqKQnR_19Bxa4_ZeNfRd4CamSBXN5jkosm-E.jpg?w=320&amp;amp;s=8cf3eb9b49fb19bd9225f9ea40118b1c</main_image>
</document>
