<?xml version="1.0" encoding="UTF-8"?>
<document>
<type>mainstream</type>
<forum></forum>
<forum_title></forum_title>
<discussion_title>Lucas Lucco conta com a ajuda de equipe de &apos;Malhação&apos; para lidar com síndrome do pânico - Emais - Estadão</discussion_title>
<language>portuguese</language>
<gmt_offset></gmt_offset>
<topic_url>http://emais.estadao.com.br/noticias/tv,diretor-e-autor-de-malhacao-ajudam-lucas-lucco-a-lidar-com-a-depressao,10000050776</topic_url>
<topic_text>
Lucas Lucco conta com a ajuda de equipe de &apos;Malhação&apos; para lidar com síndrome do pânico - BANG Showbiz 
Há alguns meses, o ator, que intepreta Uodson na novela, revelou ter crises de depressão 
O cantor e ator revelou sofrer com depressão e síndrome do pânico. Foto: Divulgação/Rede Globo 
Desde que revelou para o público que está sofrendo de depressão e síndrome do pânico, a vida de Lucas Lucco, mudou completamente. O ator, que interpreta o personagem Uodson em Malhação, agora conta com a ajuda da equipe da novela. Leia também: Filho de Shaolin revela talento além do humor e ganha destaque em &apos;Velho Chico&apos; 
O diretor da Malhação, Leonardo Nogueira, contou ao jornal Extra sobre o dia em que ficou sabendo da crise de Lucco: &quot;Imediatamente fui para a casa do lucas dar o suporte. Conversamos muito. Liguei para o Emanuel Jacobina [autor], que compreendeu a situação. Ele ficou aproximadamente dez dias sem gravar. Na volta, o ritmo foi mais leve. Atualmente, o Lucas está ótimo e gravando igual a todos. Após o retorno, ele chegou a se sentir mal novamente, mas conversamos e ficou tudo bem. O pico da crise foi curto, o resto é manutenção&quot;. 
Para justificar a ausência do personagem na trama, o autor decidiu que Uodson iria fazer uma visita a uma tia. &quot;A gente não escolhe passar por algumas situações. O apoio que ele recebeu, todo mundo que passa por isso precisa ter. Logo depois que Lucas retornou às gravações, ele me mandou um e-mail, dizendo &apos;eu estou voltando e agora pode contar comigo. Esse problema já passou&apos;&quot;, relembra Emanuel Jacobina. 
Durante o programa Encontro com Fátima Bernardes, na última quarta-feira, 11, Lucas deu mais detalhes sobre seu problema: &quot;As coisas foram acontecendo e quando eu me vi já estava desse jeito. Comecei a não conseguir ir aos shows, faltar as gravações da novela porque não conseguia sair de casa. Parece que ninguém te entende. Por mais que as pessoas tentem definir o que está acontecendo, é muito pior do que acham. Hoje, estou muito bem&quot;. 
Ainda de acordo com o ator, ele nunca havia passado por isso antes da fama e explicou como ocorreu o cancelamento de um show em Curitiba por medo de entrar em um avião. 
&quot;Quando cheguei ao aeroporto e olhei a escada, disse que não ia entrar. Foi nesse dia que fiz o post, contei que estava tomando medicação e falei a verdade. Sonhei que o meu avô tinha morrido. Nunca chorei tanto na vida. Fui para o hospital várias vezes&quot;, finalizou. 
Comentários Aviso: Os comentários são de responsabilidade de seus autores e não representam a opinião do Estadão. É vetada a inserção de comentários que violem a lei, a moral e os bons costumes ou violem direitos de terceiros. O Estadão poderá retirar, sem prévia notificação, comentários postados que não respeitem os criterios impostos neste aviso ou que estejam fora do tema proposto. Você pode digitar 600 caracteres. Redes sociais Fique por dentro das novidades do E+ JUSTIN BIEBER 
</topic_text>
<spam_score>0.00</spam_score>
<post_num>1</post_num>
<post_id>post-1</post_id>
<post_url>http://emais.estadao.com.br/noticias/tv,diretor-e-autor-de-malhacao-ajudam-lucas-lucco-a-lidar-com-a-depressao,10000050776</post_url>
<post_date>20161205</post_date>
<post_time></post_time>
<username></username>
<post>
Lucas Lucco conta com a ajuda de equipe de &apos;Malhação&apos; para lidar com síndrome do pânico - BANG Showbiz 
Há alguns meses, o ator, que intepreta Uodson na novela, revelou ter crises de depressão 
O cantor e ator revelou sofrer com depressão e síndrome do pânico. Foto: Divulgação/Rede Globo 
Desde que revelou para o público que está sofrendo de depressão e síndrome do pânico, a vida de Lucas Lucco, mudou completamente. O ator, que interpreta o personagem Uodson em Malhação, agora conta com a ajuda da equipe da novela. Leia também: Filho de Shaolin revela talento além do humor e ganha destaque em &apos;Velho Chico&apos; 
O diretor da Malhação, Leonardo Nogueira, contou ao jornal Extra sobre o dia em que ficou sabendo da crise de Lucco: &quot;Imediatamente fui para a casa do lucas dar o suporte. Conversamos muito. Liguei para o Emanuel Jacobina [autor], que compreendeu a situação. Ele ficou aproximadamente dez dias sem gravar. Na volta, o ritmo foi mais leve. Atualmente, o Lucas está ótimo e gravando igual a todos. Após o retorno, ele chegou a se sentir mal novamente, mas conversamos e ficou tudo bem. O pico da crise foi curto, o resto é manutenção&quot;. 
Para justificar a ausência do personagem na trama, o autor decidiu que Uodson iria fazer uma visita a uma tia. &quot;A gente não escolhe passar por algumas situações. O apoio que ele recebeu, todo mundo que passa por isso precisa ter. Logo depois que Lucas retornou às gravações, ele me mandou um e-mail, dizendo &apos;eu estou voltando e agora pode contar comigo. Esse problema já passou&apos;&quot;, relembra Emanuel Jacobina. 
Durante o programa Encontro com Fátima Bernardes, na última quarta-feira, 11, Lucas deu mais detalhes sobre seu problema: &quot;As coisas foram acontecendo e quando eu me vi já estava desse jeito. Comecei a não conseguir ir aos shows, faltar as gravações da novela porque não conseguia sair de casa. Parece que ninguém te entende. Por mais que as pessoas tentem definir o que está acontecendo, é muito pior do que acham. Hoje, estou muito bem&quot;. 
Ainda de acordo com o ator, ele nunca havia passado por isso antes da fama e explicou como ocorreu o cancelamento de um show em Curitiba por medo de entrar em um avião. 
&quot;Quando cheguei ao aeroporto e olhei a escada, disse que não ia entrar. Foi nesse dia que fiz o post, contei que estava tomando medicação e falei a verdade. Sonhei que o meu avô tinha morrido. Nunca chorei tanto na vida. Fui para o hospital várias vezes&quot;, finalizou. 
Comentários Aviso: Os comentários são de responsabilidade de seus autores e não representam a opinião do Estadão. É vetada a inserção de comentários que violem a lei, a moral e os bons costumes ou violem direitos de terceiros. O Estadão poderá retirar, sem prévia notificação, comentários postados que não respeitem os criterios impostos neste aviso ou que estejam fora do tema proposto. Você pode digitar 600 caracteres. Redes sociais Fique por dentro das novidades do E+ JUSTIN BIEBER 
</post>
<signature>

</signature>
<external_links>

</external_links>
<country>IL</country>
<main_image>http://img.estadao.com.br/resources/jpg/4/7/1463066028074.jpg</main_image>
</document>
