<?xml version="1.0" encoding="UTF-8"?>
<document>
<type>mainstream</type>
<forum></forum>
<forum_title></forum_title>
<discussion_title>India Today on Twitter: &quot;Here are the top ten headlines on the #NEWSROOM #ITVideo https://t.co/mrWwLS0RDg&quot;</discussion_title>
<language>english</language>
<gmt_offset></gmt_offset>
<topic_url>https://twitter.com/indiatoday/status/730797314462220289</topic_url>
<topic_text>
Don&apos;t have an account? Sign up » Close Sign up for Twitter Not on Twitter? Sign up, tune into the things you care about, and get updates as they happen. Have an account? Log in » Close Two-way (sending and receiving) short codes: Country 
</topic_text>
<spam_score>0.00</spam_score>
<post_num>1</post_num>
<post_id>post-1</post_id>
<post_url>https://twitter.com/indiatoday/status/730797314462220289</post_url>
<post_date>20160512</post_date>
<post_time></post_time>
<username></username>
<post>
Don&apos;t have an account? Sign up » Close Sign up for Twitter Not on Twitter? Sign up, tune into the things you care about, and get updates as they happen. Have an account? Log in » Close Two-way (sending and receiving) short codes: Country 
</post>
<signature>

</signature>
<external_links>

</external_links>
<country>US</country>
<main_image>https://o.twimg.com/2/proxy.jpg?t=HBh1aHR0cDovL21lZGlhLnNuYXBweXR2LmNvbS9pbWFnZS9sZDM2MHAvODg3cDg4Ny8yMDE2LTA1LTEyVDE2LTI2LTM2LjZaLS02NDB4MzYwLmpwZz9oPTllYjRlNDY4NTc3YmU5NDJlMDdiZDk0NTExNWNlMjYyFMAHFJwEABYAEgA&amp;amp;s=FcKPVUtK0Ll6vKlNysZMfAT2i0tcE1y5m3jw9SCCaMg</main_image>
</document>
