<?xml version="1.0" encoding="UTF-8"?>
<document>
<type>mainstream</type>
<forum></forum>
<forum_title></forum_title>
<discussion_title>News Details | allblacks.com</discussion_title>
<language>english</language>
<gmt_offset></gmt_offset>
<topic_url>http://www.allblacks.com/News/29159/dunedin-sells-out-for-crusaders-clash</topic_url>
<topic_text>
Dunedin sells out for Crusaders&apos; clash Lynn McConnell 12 May 2016 If the Crusaders are to overcome a resurgent Highlanders side in Dunedin on Friday they are going to have to play a &apos;complete and utter game of football&apos;. That was the view of coach Todd Blackadder as the Crusaders prepared to head south to play in front of a packed out Forsyth Barr Stadium. The largest home crowd since 2003 has sold out Forsyth Barr Stadium with 23,336 fans booked for the game. And it&apos;s a SELL-OUT! Gates open @ 4.45pm for the KnoxVSelwyn curtain raiser! #HIGvCRU #LandersArmy #WeAreHighlanders pic.twitter.com/P0NrhsmfPe — The Highlanders (@Highlanders) May 12, 2016 &quot;There is a real level of excitement because the Highlanders are playing so well, they really dismantled the Chiefs so to go down there with a full crowd is pretty exciting for our guys. Playing really good teams, I think, is the greatest challenge,&quot; he said.It was all very well to try and achieve dominance against a team like the Highlanders but depending on how the game flowed that wasn&apos;t always possible, he said.&quot;You talk about getting forward dominance, but if you get penalised at the scrum or the lineout and you can&apos;t execute there you won&apos;t be able to get the dominance we are looking for.&quot;While the Highlanders had succeeded with a lot of kicking to their game against the Chiefs that didn&apos;t mean the same would apply this week. The Crusaders had worked on that area of their game, as they always did, so if that was the preferred Highlanders option it wouldn&apos;t come as a surprise. Here&apos;s your team to take on the @crusadersrugby on Friday @ForBarrStadium - it&apos;s going to be huge! #HIGvCRU pic.twitter.com/ITClZqDhyR — The Highlanders (@Highlanders) May 11, 2016 &quot;We know there&apos;s going to be a lot of balls in the air but the conditions down in Dunedin, under a closed roof, are pretty good,&quot; he said.It would be about holding your nerve as long as possible, he said. The Crusaders liked to kick long for territory and the Highlanders kicked to contest.While it was possible to win games without possession, it was a case of the Crusaders wanting to hold onto the ball and to put the Highlanders under pressure as they would also try to do.&quot;We&apos;re probably more of a structured team than what they are, they love playing unstructured rugby, their quick plays and they&apos;ve got two outstanding, big, powerful wingers so we want to play down in the right half and put them under pressure,&quot; Blackadder said.To claim the win the Crusaders requirements were simple.&quot;Catch high balls really well and make our tackles. But I think discipline will be the key as well,&quot; he said.&quot;They&apos;ve obviously got an awesome back three and a world-class halfback – you can&apos;t cover them all so we&apos;re going to have to work really hard.&quot; 
</topic_text>
<spam_score>0.00</spam_score>
<post_num>1</post_num>
<post_id>post-1</post_id>
<post_url>http://www.allblacks.com/News/29159/dunedin-sells-out-for-crusaders-clash</post_url>
<post_date>20160512</post_date>
<post_time></post_time>
<username></username>
<post>
Dunedin sells out for Crusaders&apos; clash Lynn McConnell 12 May 2016 If the Crusaders are to overcome a resurgent Highlanders side in Dunedin on Friday they are going to have to play a &apos;complete and utter game of football&apos;. That was the view of coach Todd Blackadder as the Crusaders prepared to head south to play in front of a packed out Forsyth Barr Stadium. The largest home crowd since 2003 has sold out Forsyth Barr Stadium with 23,336 fans booked for the game. And it&apos;s a SELL-OUT! Gates open @ 4.45pm for the KnoxVSelwyn curtain raiser! #HIGvCRU #LandersArmy #WeAreHighlanders pic.twitter.com/P0NrhsmfPe — The Highlanders (@Highlanders) May 12, 2016 &quot;There is a real level of excitement because the Highlanders are playing so well, they really dismantled the Chiefs so to go down there with a full crowd is pretty exciting for our guys. Playing really good teams, I think, is the greatest challenge,&quot; he said.It was all very well to try and achieve dominance against a team like the Highlanders but depending on how the game flowed that wasn&apos;t always possible, he said.&quot;You talk about getting forward dominance, but if you get penalised at the scrum or the lineout and you can&apos;t execute there you won&apos;t be able to get the dominance we are looking for.&quot;While the Highlanders had succeeded with a lot of kicking to their game against the Chiefs that didn&apos;t mean the same would apply this week. The Crusaders had worked on that area of their game, as they always did, so if that was the preferred Highlanders option it wouldn&apos;t come as a surprise. Here&apos;s your team to take on the @crusadersrugby on Friday @ForBarrStadium - it&apos;s going to be huge! #HIGvCRU pic.twitter.com/ITClZqDhyR — The Highlanders (@Highlanders) May 11, 2016 &quot;We know there&apos;s going to be a lot of balls in the air but the conditions down in Dunedin, under a closed roof, are pretty good,&quot; he said.It would be about holding your nerve as long as possible, he said. The Crusaders liked to kick long for territory and the Highlanders kicked to contest.While it was possible to win games without possession, it was a case of the Crusaders wanting to hold onto the ball and to put the Highlanders under pressure as they would also try to do.&quot;We&apos;re probably more of a structured team than what they are, they love playing unstructured rugby, their quick plays and they&apos;ve got two outstanding, big, powerful wingers so we want to play down in the right half and put them under pressure,&quot; Blackadder said.To claim the win the Crusaders requirements were simple.&quot;Catch high balls really well and make our tackles. But I think discipline will be the key as well,&quot; he said.&quot;They&apos;ve obviously got an awesome back three and a world-class halfback – you can&apos;t cover them all so we&apos;re going to have to work really hard.&quot; 
</post>
<signature>

</signature>
<external_links>

</external_links>
<country>SG</country>
<main_image>http://media.allblacks.com/media/6175FE22-0404-30A8-A762FB4188782213.jpg</main_image>
</document>
