<?xml version="1.0" encoding="UTF-8"?>
<document>
<type>mainstream</type>
<forum></forum>
<forum_title></forum_title>
<discussion_title>Iberia Village recibe un reconocimiento por sus servicios . Las Provincias</discussion_title>
<language>spanish</language>
<gmt_offset></gmt_offset>
<topic_url>http://www.lasprovincias.es/alicante/201605/12/iberia-village-recibe-reconocimiento-20160512095910.html</topic_url>
<topic_text>

Registro Mercantil de Valencia, Tomo 4993, Folio 187, Sección 8, Hoja V36941, Inscripción 1ª C.I.F.: A-46007126. Domicilio social en la calle Gremis nº 1 (46014) Valencia. 
Copyright © Fe 
Queda prohibida la reproducción, distribución, puesta a disposición, comunicación pública y utilización total o parcial, de los contenidos de esta web, en cualquier forma o modalidad, sin previa, expresa y escrita autorización, incluyendo, en particular, su mera reproducción y/o puesta a disposición como resúmenes, reseñas o revistas de prensa con fines comerciales o directa o indirectamente lucrativos, a la que se manifiesta oposició 
</topic_text>
<spam_score>0.00</spam_score>
<post_num>1</post_num>
<post_id>post-1</post_id>
<post_url>http://www.lasprovincias.es/alicante/201605/12/iberia-village-recibe-reconocimiento-20160512095910.html</post_url>
<post_date>20160512</post_date>
<post_time></post_time>
<username>R.A.</username>
<post>

Registro Mercantil de Valencia, Tomo 4993, Folio 187, Sección 8, Hoja V36941, Inscripción 1ª C.I.F.: A-46007126. Domicilio social en la calle Gremis nº 1 (46014) Valencia. 
Copyright © Fe 
Queda prohibida la reproducción, distribución, puesta a disposición, comunicación pública y utilización total o parcial, de los contenidos de esta web, en cualquier forma o modalidad, sin previa, expresa y escrita autorización, incluyendo, en particular, su mera reproducción y/o puesta a disposición como resúmenes, reseñas o revistas de prensa con fines comerciales o directa o indirectamente lucrativos, a la que se manifiesta oposició 
</post>
<signature>

</signature>
<external_links>

</external_links>
<country>ES</country>
<main_image>http://www.lasprovincias.es/la_verdad/noticias/201605/12/media/cortadas/bodas_xoptimizadax--575x323.jpg</main_image>
</document>
