<?xml version="1.0" encoding="UTF-8"?>
<document>
<type>mainstream</type>
<forum></forum>
<forum_title></forum_title>
<discussion_title>Phillip Schofield admits he and Holly ‘crossed the line’ presenting This Morning after TV awards | Viking FM - Number 1 for Yorkshire and Northern Lincolnshire. Your Music, Your Life</discussion_title>
<language>english</language>
<gmt_offset></gmt_offset>
<topic_url>http://www.vikingfm.co.uk/showbiz/the-buzz/phillip-schofield-admits-he-and-holly-crossed-the-line-presenting-this-morning-after-tv-awards/</topic_url>
<topic_text>
Phillip Schofield admits he and Holly ‘crossed the line’ presenting This Morning after TV awards 
This Morning | © ITV Posted on Thursday 12 May 2016 
Phillip Schofield and Holly Willoughby shocked the nation when they turned up to present This Morning drunk earlier this year and now the presenter has opened up about it for the first time. 
The popular presenter admitted himself and Holly ‘crossed the line’ on the memorable episode, despite most viewers finding the funny side. 
Clearly enjoying themselves after winning a National Television Award, Phill and Holly turned up to work still hungover and had to apologise to viewers, saying “We’re in a mess. We can only apologise. We celebrated on behalf of every one of you.” 
Re-live the moment below: 
Phillip has now opened up about the iconic TV moment saying “That’s not a stunt we’d pull lightly, although we didn’t know we were doing it in the first place, it just sort of happened. 
“I like to think we know where the line is. I do agree that we may have crossed the line, but it was a one-off.” 
The 54-year-old also admitted he has never done anything of the sort before. He said “In all my time in TV, I’ve never done that before, I’ve done it hungover but I’ve never done it in that state.” 
This Morning | © PA Images 
Fortunately for Phillip and Holly, producers of the popular daytime show found the whole thing rather amusing and vowed to never let the pair live the moment down. 
We still love them! 
</topic_text>
<spam_score>0.00</spam_score>
<post_num>1</post_num>
<post_id>post-1</post_id>
<post_url>http://www.vikingfm.co.uk/showbiz/the-buzz/phillip-schofield-admits-he-and-holly-crossed-the-line-presenting-this-morning-after-tv-awards/</post_url>
<post_date>20160512</post_date>
<post_time></post_time>
<username></username>
<post>
Phillip Schofield admits he and Holly ‘crossed the line’ presenting This Morning after TV awards 
This Morning | © ITV Posted on Thursday 12 May 2016 
Phillip Schofield and Holly Willoughby shocked the nation when they turned up to present This Morning drunk earlier this year and now the presenter has opened up about it for the first time. 
The popular presenter admitted himself and Holly ‘crossed the line’ on the memorable episode, despite most viewers finding the funny side. 
Clearly enjoying themselves after winning a National Television Award, Phill and Holly turned up to work still hungover and had to apologise to viewers, saying “We’re in a mess. We can only apologise. We celebrated on behalf of every one of you.” 
Re-live the moment below: 
Phillip has now opened up about the iconic TV moment saying “That’s not a stunt we’d pull lightly, although we didn’t know we were doing it in the first place, it just sort of happened. 
“I like to think we know where the line is. I do agree that we may have crossed the line, but it was a one-off.” 
The 54-year-old also admitted he has never done anything of the sort before. He said “In all my time in TV, I’ve never done that before, I’ve done it hungover but I’ve never done it in that state.” 
This Morning | © PA Images 
Fortunately for Phillip and Holly, producers of the popular daytime show found the whole thing rather amusing and vowed to never let the pair live the moment down. 
We still love them! 
</post>
<signature>

</signature>
<external_links>

</external_links>
<country>US</country>
<main_image>http://mediastorage.bauermedia.co.uk/19/a0be0/710d2/7d252/3af67/d88d4/47922/THIS%20MORING_778x436.PNG?1463067891</main_image>
</document>
