<?xml version="1.0" encoding="UTF-8"?>
<document>
<type>mainstream</type>
<forum>http://www.finanznachrichten.de/rss-nachrichten-aktien-usa</forum>
<forum_title>FinanzNachrichten.de: Nachrichten zu Aktien aus usa</forum_title>
<discussion_title>Two More Verific Licensees Achieve Successful Exits / Longtime Customers Yogitech, Rocketick Acquired by Intel, Cadence, Respectively</discussion_title>
<language>english</language>
<gmt_offset></gmt_offset>
<topic_url>http://www.finanznachrichten.de/nachrichten-2016-05/37371134-two-more-verific-licensees-achieve-successful-exits-longtime-customers-yogitech-rocketick-acquired-by-intel-cadence-respectively-256.htm</topic_url>
<topic_text>
Two More Verific Licensees Achieve Successful Exits / Longtime Customers Yogitech, Rocketick Acquired by Intel, Cadence, Respectively 
ALAMEDA, CA -- (Marketwired) -- 05/12/16 -- Verific Design Automation, the recognized leader of SystemVerilog, VHDL and UPF parsers, today announced that two of its longtime customers joined a growing list of other customers who have achieved successful exits through acquisitions. 
Yogitech, a leading provider of services and solutions for functional safety, was acquired by Intel Corporation, while Rocketick Technologies Ltd., a leading provider of simulation acceleration solutions for chip verification, is now part of Cadence Design Systems. They follow other highly successful Verific licensees including, Denali, Forte and Jasper Design Automation who were acquired by Cadence. Synopsys purchased Atrenta and EVE, while Mentor Graphics bought Calypto and Oasys. 
&quot;We&apos;ve had remarkably strong relationships with both Rocketick and Yogitech and take a measure of pride in their accomplishments,&quot; remarks Michiel Ligthart, Verific&apos;s president and chief operating officer. &quot;We wish them well as they move into larger, more established companies, and look forward to the same type of relationships with Intel and Cadence.&quot; 
Both companies integrated Verific&apos;s parsers into their respective software that are in production and development flows. Rocketick, a Verific customer since 2009, adopted Verific&apos;s SystemVerilog parser as the front end to RocketSim™, a multi-core processor-based accelerator used on a wide range of Verilog simulations to solve functional verification bottlenecks. 
Yogitech selected Verific&apos;s Verilog and VHDL parsers to work with faultRobust Technology, its functional safety analysis and safety-oriented design exploration software. 
Verific invites attendees to view demonstrations of its parsers in Booth #538 during the Design Automation Conference (DAC) and to pick up this year&apos;s giraffe giveaway. DAC will be held June 5-9 between10 a.m. and 6 p.m. at the Austin Convention Center in Austin, Texas. Contact Rick Carlson, Verific&apos;s vice president of sales, to schedule a demonstration. He can be reached at (970) 948-9650 or via email at rick@verific.com or visit Verific&apos;s website located at: http://www.verific.com 
About Verific Design Automation 
Verific Design Automation, with offices in Alameda, Calif., and Kolkata, India, provides parsers and elaborators for SystemVerilog, Verilog, VHDL and UPF. Verific&apos;s software is used worldwide by the EDA and semiconductor community in synthesis, simulation, formal verification, emulation, debugging, virtual prototyping, and design-for-test applications, which combined have shipped more than 60,000 copies. Corporate headquarters is located at: 1516 Oak Street, Suite 115, Alameda, Calif. 94501. Telephone: (510) 522-1555. Email: info@verific.com Website: www.verific.com. 
Verific Design Automation and Tortuga Logic acknowledge trademarks or registered trademarks of other organizations for their respective products and services. 
For more information, contact:
</topic_text>
<spam_score>0.00</spam_score>
<post_num>1</post_num>
<post_id>post-1</post_id>
<post_url>http://www.finanznachrichten.de/nachrichten-2016-05/37371134-two-more-verific-licensees-achieve-successful-exits-longtime-customers-yogitech-rocketick-acquired-by-intel-cadence-respectively-256.htm</post_url>
<post_date>20160512</post_date>
<post_time>1501</post_time>
<username></username>
<post>
Two More Verific Licensees Achieve Successful Exits / Longtime Customers Yogitech, Rocketick Acquired by Intel, Cadence, Respectively 
ALAMEDA, CA -- (Marketwired) -- 05/12/16 -- Verific Design Automation, the recognized leader of SystemVerilog, VHDL and UPF parsers, today announced that two of its longtime customers joined a growing list of other customers who have achieved successful exits through acquisitions. 
Yogitech, a leading provider of services and solutions for functional safety, was acquired by Intel Corporation, while Rocketick Technologies Ltd., a leading provider of simulation acceleration solutions for chip verification, is now part of Cadence Design Systems. They follow other highly successful Verific licensees including, Denali, Forte and Jasper Design Automation who were acquired by Cadence. Synopsys purchased Atrenta and EVE, while Mentor Graphics bought Calypto and Oasys. 
&quot;We&apos;ve had remarkably strong relationships with both Rocketick and Yogitech and take a measure of pride in their accomplishments,&quot; remarks Michiel Ligthart, Verific&apos;s president and chief operating officer. &quot;We wish them well as they move into larger, more established companies, and look forward to the same type of relationships with Intel and Cadence.&quot; 
Both companies integrated Verific&apos;s parsers into their respective software that are in production and development flows. Rocketick, a Verific customer since 2009, adopted Verific&apos;s SystemVerilog parser as the front end to RocketSim™, a multi-core processor-based accelerator used on a wide range of Verilog simulations to solve functional verification bottlenecks. 
Yogitech selected Verific&apos;s Verilog and VHDL parsers to work with faultRobust Technology, its functional safety analysis and safety-oriented design exploration software. 
Verific invites attendees to view demonstrations of its parsers in Booth #538 during the Design Automation Conference (DAC) and to pick up this year&apos;s giraffe giveaway. DAC will be held June 5-9 between10 a.m. and 6 p.m. at the Austin Convention Center in Austin, Texas. Contact Rick Carlson, Verific&apos;s vice president of sales, to schedule a demonstration. He can be reached at (970) 948-9650 or via email at rick@verific.com or visit Verific&apos;s website located at: http://www.verific.com 
About Verific Design Automation 
Verific Design Automation, with offices in Alameda, Calif., and Kolkata, India, provides parsers and elaborators for SystemVerilog, Verilog, VHDL and UPF. Verific&apos;s software is used worldwide by the EDA and semiconductor community in synthesis, simulation, formal verification, emulation, debugging, virtual prototyping, and design-for-test applications, which combined have shipped more than 60,000 copies. Corporate headquarters is located at: 1516 Oak Street, Suite 115, Alameda, Calif. 94501. Telephone: (510) 522-1555. Email: info@verific.com Website: www.verific.com. 
Verific Design Automation and Tortuga Logic acknowledge trademarks or registered trademarks of other organizations for their respective products and services. 
For more information, contact:
</post>
<signature>

</signature>
<external_links>

</external_links>
<country>DE</country>
<main_image>http://fns1.de/g/fb.png</main_image>
</document>
