<?xml version="1.0" encoding="UTF-8"?>
<document>
<type>mainstream</type>
<forum></forum>
<forum_title></forum_title>
<discussion_title>Shih-hui│GUERNIKA&apos;sBoston bagLooks - WEAR</discussion_title>
<language>english</language>
<gmt_offset></gmt_offset>
<topic_url>http://wear.jp/shie0530/6966064/</topic_url>
<topic_text>
If you block a user, you will not able to receive his/her comments or follow request. The user you have blocked will not be notified. 
</topic_text>
<spam_score>0.00</spam_score>
<post_num>1</post_num>
<post_id>post-1</post_id>
<post_url>http://wear.jp/shie0530/6966064/</post_url>
<post_date>20160513</post_date>
<post_time></post_time>
<username>Start Today Co. Ltd.</username>
<post>
If you block a user, you will not able to receive his/her comments or follow request. The user you have blocked will not be notified. 
</post>
<signature>

</signature>
<external_links>

</external_links>
<country>JP</country>
<main_image>http://i7.wimg.jp/coordinate/r84dn1/20160513013153650/20160513013153650_500.jpg</main_image>
</document>
