<?xml version="1.0" encoding="UTF-8"?>
<document>
<type>mainstream</type>
<forum>http://www.noticiascyl.com/feed</forum>
<forum_title>Noticiascyl</forum_title>
<discussion_title>Un encapuchado atraca a punta de pistola un banco</discussion_title>
<language>spanish</language>
<gmt_offset></gmt_offset>
<topic_url>http://www.noticiascyl.com/salamanca/2016/05/12/un-encapuchado-atraca-a-punta-de-pistola-un-banco/</topic_url>
<topic_text>
Un encapuchado atraca a punta de pistola un banco 12 mayo, 2016 0 Sucursales bancarias en la avenida Alfonso IX 
Un hombre encapuchado ha irrumpido a punta de pistola este jueves en una sucursal bancaria de la avenida Alfonso IX de León , en la ciudad de Salamanca, de donde ha huido con un botín del que no ha trascendido la cantidad. 
Según han informado fuentes policiales, el atraco ha tenido lugar en torno a las 09.15 horas, el presunto autor de los hechos ronda entre los 30 y los 40 años, y el Servicio de Emergencias no ha tenido que atender a ninguno de los presentes, pues se ha saldado sin heridos. Etiquetas
</topic_text>
<spam_score>0.00</spam_score>
<post_num>1</post_num>
<post_id>post-1</post_id>
<post_url>http://www.noticiascyl.com/salamanca/2016/05/12/un-encapuchado-atraca-a-punta-de-pistola-un-banco/</post_url>
<post_date>20160512</post_date>
<post_time>1542</post_time>
<username>Luis Falcon</username>
<post>
Un encapuchado atraca a punta de pistola un banco 12 mayo, 2016 0 Sucursales bancarias en la avenida Alfonso IX 
Un hombre encapuchado ha irrumpido a punta de pistola este jueves en una sucursal bancaria de la avenida Alfonso IX de León , en la ciudad de Salamanca, de donde ha huido con un botín del que no ha trascendido la cantidad. 
Según han informado fuentes policiales, el atraco ha tenido lugar en torno a las 09.15 horas, el presunto autor de los hechos ronda entre los 30 y los 40 años, y el Servicio de Emergencias no ha tenido que atender a ninguno de los presentes, pues se ha saldado sin heridos. Etiquetas
</post>
<signature>

</signature>
<external_links>

</external_links>
<country>ES</country>
<main_image>http://www.noticiascyl.com/wp-content/uploads/2016/05/alfonso-IX.jpg</main_image>
</document>
