<?xml version="1.0" encoding="UTF-8"?>
<document>
<type>mainstream</type>
<forum></forum>
<forum_title></forum_title>
<discussion_title>全米で大流行のサーフボードを利用したエクササイズが上陸 - エキサイトニュース</discussion_title>
<language>japanese</language>
<gmt_offset></gmt_offset>
<topic_url>http://www.excite.co.jp/News/woman_clm/20160511/Directvanqex_btynavi_news_c8PJSd3NiY.html</topic_url>
<topic_text>
さまざまなエクササイズが海外から輸入され、日本にも上陸している。最近では、コアバランスを鍛えるエクササイズが話題となる事が多い。2016年5月、世界18カ国で行われているフィットネスのニューウェーブが初上陸し、関西に初めてのスタジオが出来上がった。このスタジオを2016年5月7日にオープンさせたのは、ピラティス専門スタジオを運営する株式会社ビーキューブ。世界で話題のサーフボードを使用した新感覚フィットネス『SURFSET』だ。 レベルに合わせてエクササイズ サーフィンは、不安定な状態でバランスをとる必要があり、体幹を刺激する。スタジオにいながら、サーフィンを体感出来る『SURFSET』。小型のバランスボール状のクッションをサーフボードの下に配置。不安定なボードの上で、バランスを保ちながらポーズをとる事でバランス力を鍛える。台座部分とボードを結ぶバンドは、3段階の調節が出来る為、レベルに応じて安定性を変化させる事が可能。慣れたところで、ボードの上でのエクササイズも負荷をかけ、全身の筋力を強化。理想的なボディーへと導いてくれる。株式会社ビーキューブでは、「SURFSET JAPAN」をスタートさせ、最大で30台セットを用意した専用フロアを設けた。複数の特色あるインストラクターをそろえ、毎日開催される週29クラスを設定。専門ならではのいつでも、どのレベルでも楽しむ事が出来るスケジュールが組まれている。(画像はプレスリリースより) 
</topic_text>
<spam_score>0.00</spam_score>
<post_num>1</post_num>
<post_id>post-1</post_id>
<post_url>http://www.excite.co.jp/News/woman_clm/20160511/Directvanqex_btynavi_news_c8PJSd3NiY.html</post_url>
<post_date>20160511</post_date>
<post_time></post_time>
<username></username>
<post>
さまざまなエクササイズが海外から輸入され、日本にも上陸している。最近では、コアバランスを鍛えるエクササイズが話題となる事が多い。2016年5月、世界18カ国で行われているフィットネスのニューウェーブが初上陸し、関西に初めてのスタジオが出来上がった。このスタジオを2016年5月7日にオープンさせたのは、ピラティス専門スタジオを運営する株式会社ビーキューブ。世界で話題のサーフボードを使用した新感覚フィットネス『SURFSET』だ。 レベルに合わせてエクササイズ サーフィンは、不安定な状態でバランスをとる必要があり、体幹を刺激する。スタジオにいながら、サーフィンを体感出来る『SURFSET』。小型のバランスボール状のクッションをサーフボードの下に配置。不安定なボードの上で、バランスを保ちながらポーズをとる事でバランス力を鍛える。台座部分とボードを結ぶバンドは、3段階の調節が出来る為、レベルに応じて安定性を変化させる事が可能。慣れたところで、ボードの上でのエクササイズも負荷をかけ、全身の筋力を強化。理想的なボディーへと導いてくれる。株式会社ビーキューブでは、「SURFSET JAPAN」をスタートさせ、最大で30台セットを用意した専用フロアを設けた。複数の特色あるインストラクターをそろえ、毎日開催される週29クラスを設定。専門ならではのいつでも、どのレベルでも楽しむ事が出来るスケジュールが組まれている。(画像はプレスリリースより) 
</post>
<signature>

</signature>
<external_links>

</external_links>
<country>JP</country>
<main_image>http://s.eximg.jp/exnews/feed/Directvanqex_btynavi/Directvanqex_btynavi_news_c8PJSd3NiY_1.jpg</main_image>
</document>
