<?xml version="1.0" encoding="UTF-8"?>
<document>
<type>mainstream</type>
<forum>http://www.vertele.com/feed/</forum>
<forum_title>Vertele</forum_title>
<discussion_title>Mediaset, a punto de comprar la Eurocopa 2016</discussion_title>
<language>spanish</language>
<gmt_offset></gmt_offset>
<topic_url>http://www.vertele.com/noticias/mediaset-a-punto-de-comprar-la-eurocopa-2016/</topic_url>
<topic_text>
Tweet Telecinco y Cuatro se habrían impuesto finalmente en la negociación a TVE y Antena 3, que también pujaban por los derechos. &quot;En este momento no hay ningún acuerdo&quot;, advierten a Vertele fuentes del grupo de Paolo Vasile a Vertele, que estarían aún con los flecos 12.05.2016 
* En elaboración 

La Eurocopa de Francia 2016 se podrá ver en Telecinco y Cuatro. Mediaset ha cerrado un acuerdo con la UEFA para adquirir los derechos de retransmisión en abierto del campeonato de fútbol que se celebrará este verano y en el que la Selección Española defiende el título. 
El acuerdo está cerrado y Mediaset tiene previsto hacerlo público en las próximas horas, según publica La Información. 
Las cifras concretas del contrato no han transcendido, ya que se trata de una negociación entre la UEFA y las cadenas de televisión. Oficialmente, Mediaset asegura que el acuerdo no está cerrado y que faltarían algunos flecos. 
España era, hasta la fecha, el único país de Europa donde no se sabía donde se podría ver la Eurocopa de este verano que arrancará el próximo 10 de junio. Y es que ha existido, hasta ahora, un tira y afloja entre la UEFA y las cadenas de televisión, como TVE y Antena 3, que han intentado rebajar el precio de estos derechos. Queda por saber qué plataforma emitirá en España los partidos reservados al pago. 
Mediaset ya adquirió a la UEFA los derechos exclusivos de la retransmisión de los 31 partidos de la Eurocopa 2012 (oficialmente UEFA Euro 2012 de Polonia y Ucrania) para emitirlos en Telecinco y Cuatro, así como los enfrentamientos que se disputaron en la categoría sub-21 de esta competición en los torneos de 2011 y 2013. También emitió el Mundial de Brasil de 2014. Etiquetas
</topic_text>
<spam_score>0.00</spam_score>
<post_num>1</post_num>
<post_id>post-1</post_id>
<post_url>http://www.vertele.com/noticias/mediaset-a-punto-de-comprar-la-eurocopa-2016/</post_url>
<post_date>20160512</post_date>
<post_time>1605</post_time>
<username>vertele</username>
<post>
Tweet Telecinco y Cuatro se habrían impuesto finalmente en la negociación a TVE y Antena 3, que también pujaban por los derechos. &quot;En este momento no hay ningún acuerdo&quot;, advierten a Vertele fuentes del grupo de Paolo Vasile a Vertele, que estarían aún con los flecos 12.05.2016 
* En elaboración 

La Eurocopa de Francia 2016 se podrá ver en Telecinco y Cuatro. Mediaset ha cerrado un acuerdo con la UEFA para adquirir los derechos de retransmisión en abierto del campeonato de fútbol que se celebrará este verano y en el que la Selección Española defiende el título. 
El acuerdo está cerrado y Mediaset tiene previsto hacerlo público en las próximas horas, según publica La Información. 
Las cifras concretas del contrato no han transcendido, ya que se trata de una negociación entre la UEFA y las cadenas de televisión. Oficialmente, Mediaset asegura que el acuerdo no está cerrado y que faltarían algunos flecos. 
España era, hasta la fecha, el único país de Europa donde no se sabía donde se podría ver la Eurocopa de este verano que arrancará el próximo 10 de junio. Y es que ha existido, hasta ahora, un tira y afloja entre la UEFA y las cadenas de televisión, como TVE y Antena 3, que han intentado rebajar el precio de estos derechos. Queda por saber qué plataforma emitirá en España los partidos reservados al pago. 
Mediaset ya adquirió a la UEFA los derechos exclusivos de la retransmisión de los 31 partidos de la Eurocopa 2012 (oficialmente UEFA Euro 2012 de Polonia y Ucrania) para emitirlos en Telecinco y Cuatro, así como los enfrentamientos que se disputaron en la categoría sub-21 de esta competición en los torneos de 2011 y 2013. También emitió el Mundial de Brasil de 2014. Etiquetas
</post>
<signature>

</signature>
<external_links>

</external_links>
<country>US</country>
<main_image></main_image>
</document>
