<?xml version="1.0" encoding="UTF-8"?>
<document>
<type>mainstream</type>
<forum></forum>
<forum_title></forum_title>
<discussion_title>5 Things You Should Know This Week - Fistful of TalentFistful of Talent</discussion_title>
<language>english</language>
<gmt_offset></gmt_offset>
<topic_url>http://fistfuloftalent.com/2016/03/5-things-know-week-45-2.html</topic_url>
<topic_text>
4. How “Blind Recruitment” Works And Why You Should Consider It : The hiring practice could result in a more diverse workforce and a better bottom line. 5. 10 Must-Follow Tips for Instant Instagram Advertising Success : According to a study by eMarketer, by 2017 Instagram’s global mobile ad revenues will grow to more than two and a half billion dollars – over 10% of Facebook’s global ad revenues. 
Have an AWESOME Monday, FOT Nation! FOT Background Check Cara is the Marketing Manager here at Kinetix and resident Renaissance woman. She refers to herself as a writer, but we think that’s limiting. Instead we call her many things: co-strategist, idea machine, brand builder, Kinetixizer, social-media plugger, blogger, and all-around creative specialist. If you wanna schmooze, try talking DIY and fitness, then top it off with a quick kid or pet mention—gets her every time. Tweet her at @caralucas44. Related Posts 
</topic_text>
<spam_score>0.00</spam_score>
<post_num>1</post_num>
<post_id>post-1</post_id>
<post_url>http://fistfuloftalent.com/2016/03/5-things-know-week-45-2.html</post_url>
<post_date>20160314</post_date>
<post_time></post_time>
<username>Cara Lucas</username>
<post>
4. How “Blind Recruitment” Works And Why You Should Consider It : The hiring practice could result in a more diverse workforce and a better bottom line. 5. 10 Must-Follow Tips for Instant Instagram Advertising Success : According to a study by eMarketer, by 2017 Instagram’s global mobile ad revenues will grow to more than two and a half billion dollars – over 10% of Facebook’s global ad revenues. 
Have an AWESOME Monday, FOT Nation! FOT Background Check Cara is the Marketing Manager here at Kinetix and resident Renaissance woman. She refers to herself as a writer, but we think that’s limiting. Instead we call her many things: co-strategist, idea machine, brand builder, Kinetixizer, social-media plugger, blogger, and all-around creative specialist. If you wanna schmooze, try talking DIY and fitness, then top it off with a quick kid or pet mention—gets her every time. Tweet her at @caralucas44. Related Posts 
</post>
<signature>

</signature>
<external_links>

</external_links>
<country>US</country>
<main_image>http://dmr2dn0zhdkwo.cloudfront.net/wp-content/uploads/2016/03/Screen-Shot-2016-03-14-at-10.05.27-AM.png</main_image>
</document>
