<?xml version="1.0" encoding="UTF-8"?>
<document>
<type>mainstream</type>
<forum></forum>
<forum_title></forum_title>
<discussion_title>AKA on new music quota: Beyoncé can kiss my a** - All 4 Women</discussion_title>
<language>english</language>
<gmt_offset></gmt_offset>
<topic_url>http://www.all4women.co.za/732014/entertainment/celebrity-gossip/aka-responds-new-sabc-local-music-quota</topic_url>
<topic_text>

AKA, along with the rest of the nation, are rejoicing over SABC music quota … 
AUTHOR INFO: :: More articles Following the SABC’s unprecedented announcement to change the country’s local music quota from 60 to 90 percent, AKA rubbed the victory in the face of international music fans 
The hip-hop star took to Twitter to express his excitement over the news declaring to some members of the Beyhive: “Beyoncé can kiss my South African a**!” 
The rapper, along with the rest of the local music industry, celebrated the news on social media, explaining that this has been a long-standing battle, which musicians have faced over the years. 
“This is the greatest victory in the history of the South African music industry. I’m sure the big record companies are pissed … They still gave to sell Beyoncé and Rihanna albums, etc., ya know …” AKA’s tweet rubbed some Beyoncé fans up the wrong way. One follower told AKA to keep Beyoncé’s name out of his mouth 
Of course AKA who never shies away from a debate did not take the comment lying down and hit back with a barrage of insults aimed at the international superstar. Beyoncé can kiss my South African ass you piece of shit!!! https://t.co/WlMLJ7bkZn 
</topic_text>
<spam_score>0.00</spam_score>
<post_num>1</post_num>
<post_id>post-1</post_id>
<post_url>http://www.all4women.co.za/732014/entertainment/celebrity-gossip/aka-responds-new-sabc-local-music-quota</post_url>
<post_date>20160512</post_date>
<post_time></post_time>
<username>Hope Winters</username>
<post>

AKA, along with the rest of the nation, are rejoicing over SABC music quota … 
AUTHOR INFO: :: More articles Following the SABC’s unprecedented announcement to change the country’s local music quota from 60 to 90 percent, AKA rubbed the victory in the face of international music fans 
The hip-hop star took to Twitter to express his excitement over the news declaring to some members of the Beyhive: “Beyoncé can kiss my South African a**!” 
The rapper, along with the rest of the local music industry, celebrated the news on social media, explaining that this has been a long-standing battle, which musicians have faced over the years. 
“This is the greatest victory in the history of the South African music industry. I’m sure the big record companies are pissed … They still gave to sell Beyoncé and Rihanna albums, etc., ya know …” AKA’s tweet rubbed some Beyoncé fans up the wrong way. One follower told AKA to keep Beyoncé’s name out of his mouth 
Of course AKA who never shies away from a debate did not take the comment lying down and hit back with a barrage of insults aimed at the international superstar. Beyoncé can kiss my South African ass you piece of shit!!! https://t.co/WlMLJ7bkZn 
</post>
<signature>

</signature>
<external_links>

</external_links>
<country>ZA</country>
<main_image>http://www.all4women.co.za/wp-content/uploads/2016/05/12/AKA-slams-beyonce.jpg</main_image>
</document>
