<?xml version="1.0" encoding="UTF-8"?>
<document>
<type>mainstream</type>
<forum></forum>
<forum_title></forum_title>
<discussion_title>News Details | allblacks.com</discussion_title>
<language>english</language>
<gmt_offset></gmt_offset>
<topic_url>http://www.allblacks.com/News/29156/blues-sweat-on-bekhuis</topic_url>
<topic_text>
Blues sweat on Bekhuis Lynn McConnell 12 May 2016 Getty Images Stepping into the Lions&apos; den at Ellis Park on Sunday (NZT), the Blues are hoping to draw from the Hurricanes success a fortnight ago in what is the toughest match of their tour. Assistant coach Alistair Rogers said from Johannesburg there were lessons to be taken from the Hurricanes approach which was so successful, they had taken aspects from that and were hoping to produce in their own performance. QUICK TAP: BLUES CLINGING ON FOR PLAYOFF SPOT &quot;They had good line speed while their energy going into the game was good and they didn&apos;t appear to take a backward step and they were really up for that game,&quot; he said.&quot;We&apos;ve had a good training week, and we&apos;ve really focused on that for the last couple of days. &quot;We&apos;re under no illusions of the task ahead. They&apos;ve come off the bye with a loss to the Hurricanes before that so they&apos;re going to be fizzing. We expect that and we now have to walk towards that.&quot;They&apos;re going to be physical, it&apos;s a hostile environment there and we have got to try and match that otherwise we will come second best,&quot; he said.Attempting to stay in touch for a play-offs place was built firmly on the week-by-week progress of the season. If they did that the points table would look after itself, he said.&quot;We weren&apos;t happy with a lot of things around our performance [against the Kings], we thought we were passive in a lot of areas so that&apos;s something we&apos;ve addressed. The outcome was one we needed,&quot; he said.&quot;Defensively we&apos;ve got to make sure we match them physically, they&apos;re big boys and they thrive on getting over the gain line so we&apos;ve got to stop that very early and to put as much pressure on as possible and that is going to start our attack.&quot; HOW GOOD!? Was this @billy_guyton pass the play of the round? #KINvBLU #SuperRugby @BluesRugbyTeam pic.twitter.com/hfwFGL2HA6 — Super Rugby (@SuperRugbyNZ) May 7, 2016 They were also hopeful that lock Josh Bekhuis would be able to play after suffering a calf strain against the Kings. Rogers said he had been working hard to recover.Bekhuis&apos; room-mate, prop Sam Prattley joked that he was rooming with Bekhuis and the ice machine had been keeping him up all night.Prattley said that in terms of lineout work Bekhuis&apos; contribution was huge and until he went off against the Kings he had been on the field for every minute of the Blues&apos; campaign.&quot;What he brings to the team is pretty outstanding in terms of his lineout work and his work rate around the field. He&apos;s working hard to get the calf right so hopefully he is right for the weekend.&quot;Prattley said there had been some scrum issues during the second half of the Kings game. Going into the game they knew the Kings liked to go in and hit, &apos;in and up&apos; but a different player had been involved and when the substitute came on it caused some issues. That was something the side had to be able to adapt to and they had been working on that expecting a similar sort of scrum at the weekend.And then there was the defensive requirement.&quot;They&apos;ve got big ball runners, mainly their No.8 [Warren Whiteley] and guys like that we&apos;ve got to put down early and stop them getting their momentum because they can off-load as well, they&apos;re quite a big off-loading team. So if we can shut that down that&apos;s half their game gone,&quot; he said. 
</topic_text>
<spam_score>0.00</spam_score>
<post_num>1</post_num>
<post_id>post-1</post_id>
<post_url>http://www.allblacks.com/News/29156/blues-sweat-on-bekhuis</post_url>
<post_date>20160512</post_date>
<post_time></post_time>
<username></username>
<post>
Blues sweat on Bekhuis Lynn McConnell 12 May 2016 Getty Images Stepping into the Lions&apos; den at Ellis Park on Sunday (NZT), the Blues are hoping to draw from the Hurricanes success a fortnight ago in what is the toughest match of their tour. Assistant coach Alistair Rogers said from Johannesburg there were lessons to be taken from the Hurricanes approach which was so successful, they had taken aspects from that and were hoping to produce in their own performance. QUICK TAP: BLUES CLINGING ON FOR PLAYOFF SPOT &quot;They had good line speed while their energy going into the game was good and they didn&apos;t appear to take a backward step and they were really up for that game,&quot; he said.&quot;We&apos;ve had a good training week, and we&apos;ve really focused on that for the last couple of days. &quot;We&apos;re under no illusions of the task ahead. They&apos;ve come off the bye with a loss to the Hurricanes before that so they&apos;re going to be fizzing. We expect that and we now have to walk towards that.&quot;They&apos;re going to be physical, it&apos;s a hostile environment there and we have got to try and match that otherwise we will come second best,&quot; he said.Attempting to stay in touch for a play-offs place was built firmly on the week-by-week progress of the season. If they did that the points table would look after itself, he said.&quot;We weren&apos;t happy with a lot of things around our performance [against the Kings], we thought we were passive in a lot of areas so that&apos;s something we&apos;ve addressed. The outcome was one we needed,&quot; he said.&quot;Defensively we&apos;ve got to make sure we match them physically, they&apos;re big boys and they thrive on getting over the gain line so we&apos;ve got to stop that very early and to put as much pressure on as possible and that is going to start our attack.&quot; HOW GOOD!? Was this @billy_guyton pass the play of the round? #KINvBLU #SuperRugby @BluesRugbyTeam pic.twitter.com/hfwFGL2HA6 — Super Rugby (@SuperRugbyNZ) May 7, 2016 They were also hopeful that lock Josh Bekhuis would be able to play after suffering a calf strain against the Kings. Rogers said he had been working hard to recover.Bekhuis&apos; room-mate, prop Sam Prattley joked that he was rooming with Bekhuis and the ice machine had been keeping him up all night.Prattley said that in terms of lineout work Bekhuis&apos; contribution was huge and until he went off against the Kings he had been on the field for every minute of the Blues&apos; campaign.&quot;What he brings to the team is pretty outstanding in terms of his lineout work and his work rate around the field. He&apos;s working hard to get the calf right so hopefully he is right for the weekend.&quot;Prattley said there had been some scrum issues during the second half of the Kings game. Going into the game they knew the Kings liked to go in and hit, &apos;in and up&apos; but a different player had been involved and when the substitute came on it caused some issues. That was something the side had to be able to adapt to and they had been working on that expecting a similar sort of scrum at the weekend.And then there was the defensive requirement.&quot;They&apos;ve got big ball runners, mainly their No.8 [Warren Whiteley] and guys like that we&apos;ve got to put down early and stop them getting their momentum because they can off-load as well, they&apos;re quite a big off-loading team. So if we can shut that down that&apos;s half their game gone,&quot; he said. 
</post>
<signature>

</signature>
<external_links>

</external_links>
<country>SG</country>
<main_image>http://media.allblacks.com/media/5370D38F-B900-4090-10B894B3A318CB31.jpg</main_image>
</document>
