<?xml version="1.0" encoding="UTF-8"?>
<document>
<type>mainstream</type>
<forum></forum>
<forum_title></forum_title>
<discussion_title>Путин рассказал, чего не хватает России</discussion_title>
<language>russian</language>
<gmt_offset></gmt_offset>
<topic_url>http://riafan.ru/522243-putin-rasskazal-chego-ne-hvataet-rossii</topic_url>
<topic_text>
Путин рассказал, чего не хватает России 19:03 12 Мая 2016 106 
Сочи, 12 мая. Региональный самолет, конкурентоспособный на внешних рынках, — вот чего не хватает России, заявил президент России Владимир Путин в четверг в ходе совещания по развитию авиации. 
По мнению российского лидера, стране нужна собственная машина, причем это должна быть техника, которая сможет составить достойную конкуренцию и на мировом рынке. «Для такой страны как наша, с такой огромной территорией как у нас, конечно, нужна собственная машина, правда при этом, на мой взгляд, нужно стремиться к тому, что если создавать такую машину, то она должна быть перспективной не только для нашего рынка, но и конкурентоспособной на мировых рынках», — сказал на совещании глава государства. 
Министр промышленности и торговли РФ Денис Мантуров в связи с этим заявил, что Россия уже рассматривает несколько вариантов создания конкурентоспособных региональных самолетов, в том числе на базе Ил-114, А-140 и МА-700. 
Ранее президент РФ Владимир Путин высказал свое мнение о российских военных самолетах. Таисия Григорьева 
</topic_text>
<spam_score>0.00</spam_score>
<post_num>1</post_num>
<post_id>post-1</post_id>
<post_url>http://riafan.ru/522243-putin-rasskazal-chego-ne-hvataet-rossii</post_url>
<post_date>20160512</post_date>
<post_time></post_time>
<username></username>
<post>
Путин рассказал, чего не хватает России 19:03 12 Мая 2016 106 
Сочи, 12 мая. Региональный самолет, конкурентоспособный на внешних рынках, — вот чего не хватает России, заявил президент России Владимир Путин в четверг в ходе совещания по развитию авиации. 
По мнению российского лидера, стране нужна собственная машина, причем это должна быть техника, которая сможет составить достойную конкуренцию и на мировом рынке. «Для такой страны как наша, с такой огромной территорией как у нас, конечно, нужна собственная машина, правда при этом, на мой взгляд, нужно стремиться к тому, что если создавать такую машину, то она должна быть перспективной не только для нашего рынка, но и конкурентоспособной на мировых рынках», — сказал на совещании глава государства. 
Министр промышленности и торговли РФ Денис Мантуров в связи с этим заявил, что Россия уже рассматривает несколько вариантов создания конкурентоспособных региональных самолетов, в том числе на базе Ил-114, А-140 и МА-700. 
Ранее президент РФ Владимир Путин высказал свое мнение о российских военных самолетах. Таисия Григорьева 
</post>
<signature>

</signature>
<external_links>

</external_links>
<country>US</country>
<main_image>http://riafan.ru/uploads/2016/05/12/full-710x4001463068327putinmediaforum-1463068106.jpg</main_image>
</document>
