<?xml version="1.0" encoding="UTF-8"?>
<document>
<type>mainstream</type>
<forum></forum>
<forum_title></forum_title>
<discussion_title>Economía/Empresas.- Moody&apos;s empeora a &apos;negativa&apos; la perspectiva del rating de Telefónica tras el veto a la venta de O2 - elEconomista.es</discussion_title>
<language>spanish</language>
<gmt_offset></gmt_offset>
<topic_url>http://www.eleconomista.es/economia/noticias/7560867/05/16/Economia-Empresas-Moodys-empeora-a-negativa-la-perspectiva-del-rating-de-Telefonica-tras-el-veto-a-la-venta-de-O2.html</topic_url>
<topic_text>
a tu web 
MADRID, 12 (EUROPA PRESS) 
La agencia de calificación crediticia Moody&apos;s ha confirmado el rating &apos;Baa2&apos; de Telefónica, pero ha empeorado su perspectiva de &apos;estable&apos; a &apos;negativa&apos; como consecuencia de la decisión de la Comisión Europea (CE) de bloquear la venta de su filial en Reino Unido O2 al grupo Hutchison, según informa en un comunicado. 
&quot;El cambio de la perspectiva a &apos;negativa&apos; refleja nuestra opinión de que la decisión de la CE de bloquear la venta de O2 UK retrasará los esfuerzos de desapalancamiento de TELEFONICA ( TEF.MC ) manteniendo sus ratios de deuda más elevados durante más tiempo del previsto y aumentando los riesgos de ejecución&quot;, afirma el vicepresidente senior y analista para Telefónica de Moody&apos;s, Carlos Winzer. 
La agencia remarca que el equipo gestor de Telefónica sigue comprometido con reducir su endeudamiento hasta dos 2,35 veces el Oibda, lo que equivale a un ratio de deuda respecto al Ebitda de tres veces según sus criterios, aspecto que respalda la calificación otorgada a la operadora. 
En este sentido, subraya que, aunque la empresa afirma tener un plan alternativo para compensar el revés que supone el fracaso de la venta de O2, la ausencia de los ingresos en efectivo previstos por la venta de O2 hará que le lleve más tiempo del previsto desapalancar su negocio en línea con su objetivo. 
En este contexto, Moody&apos;s explica que podría rebajar el rating de Telefónica si no existe una &quot;clara evidencia&quot; de los progresos hechos por la empresa para reducir su endeudamiento este año, así como una expectativa de un &quot;desapalancamiento total&quot; en la segunda mitad de 2017. 
En concreto, los factores que llevarían a una rebaja serían una generación de caja más débil o problemas en sus medidas anunciadas para reducir la deuda, así como un deterioro de su desempeño en España o en otros de sus mercados importantes sin probabilidad de mejora en el corto plazo. 
&quot;La perspectiva negativa refleja el hecho de que el rating de Telefónica seguirá manteniendo una posición débil y que cualquier desviación en su plan de desapalancamiento hasta mediados de 2017 se traducirá probablemente en una rebaja del rating&quot;, resalta. 
Por el contrario, Moody&apos;s también señala que podría elevar el rating a &apos;Baa1&apos; si sus métricas crediticias se fortalecen &quot;significativamente&quot; como consecuencia de un mejorado flujo de caja operativo o de una reducción de la deuda. 
Pese a estos mayores riesgos de ejecución en su plan de desapalancamiento, la agencia prevé que Telefónica siga operando en un mejorado mercado doméstico, en el que se dé una competencia racional centrada en el valor y en el que unas mejores condiciones económicas apoyen el crecimiento de los ingresos en el medio plazo. PUBLICIDAD 
</topic_text>
<spam_score>0.00</spam_score>
<post_num>1</post_num>
<post_id>post-1</post_id>
<post_url>http://www.eleconomista.es/economia/noticias/7560867/05/16/Economia-Empresas-Moodys-empeora-a-negativa-la-perspectiva-del-rating-de-Telefonica-tras-el-veto-a-la-venta-de-O2.html</post_url>
<post_date>20160512</post_date>
<post_time></post_time>
<username></username>
<post>
a tu web 
MADRID, 12 (EUROPA PRESS) 
La agencia de calificación crediticia Moody&apos;s ha confirmado el rating &apos;Baa2&apos; de Telefónica, pero ha empeorado su perspectiva de &apos;estable&apos; a &apos;negativa&apos; como consecuencia de la decisión de la Comisión Europea (CE) de bloquear la venta de su filial en Reino Unido O2 al grupo Hutchison, según informa en un comunicado. 
&quot;El cambio de la perspectiva a &apos;negativa&apos; refleja nuestra opinión de que la decisión de la CE de bloquear la venta de O2 UK retrasará los esfuerzos de desapalancamiento de TELEFONICA ( TEF.MC ) manteniendo sus ratios de deuda más elevados durante más tiempo del previsto y aumentando los riesgos de ejecución&quot;, afirma el vicepresidente senior y analista para Telefónica de Moody&apos;s, Carlos Winzer. 
La agencia remarca que el equipo gestor de Telefónica sigue comprometido con reducir su endeudamiento hasta dos 2,35 veces el Oibda, lo que equivale a un ratio de deuda respecto al Ebitda de tres veces según sus criterios, aspecto que respalda la calificación otorgada a la operadora. 
En este sentido, subraya que, aunque la empresa afirma tener un plan alternativo para compensar el revés que supone el fracaso de la venta de O2, la ausencia de los ingresos en efectivo previstos por la venta de O2 hará que le lleve más tiempo del previsto desapalancar su negocio en línea con su objetivo. 
En este contexto, Moody&apos;s explica que podría rebajar el rating de Telefónica si no existe una &quot;clara evidencia&quot; de los progresos hechos por la empresa para reducir su endeudamiento este año, así como una expectativa de un &quot;desapalancamiento total&quot; en la segunda mitad de 2017. 
En concreto, los factores que llevarían a una rebaja serían una generación de caja más débil o problemas en sus medidas anunciadas para reducir la deuda, así como un deterioro de su desempeño en España o en otros de sus mercados importantes sin probabilidad de mejora en el corto plazo. 
&quot;La perspectiva negativa refleja el hecho de que el rating de Telefónica seguirá manteniendo una posición débil y que cualquier desviación en su plan de desapalancamiento hasta mediados de 2017 se traducirá probablemente en una rebaja del rating&quot;, resalta. 
Por el contrario, Moody&apos;s también señala que podría elevar el rating a &apos;Baa1&apos; si sus métricas crediticias se fortalecen &quot;significativamente&quot; como consecuencia de un mejorado flujo de caja operativo o de una reducción de la deuda. 
Pese a estos mayores riesgos de ejecución en su plan de desapalancamiento, la agencia prevé que Telefónica siga operando en un mejorado mercado doméstico, en el que se dé una competencia racional centrada en el valor y en el que unas mejores condiciones económicas apoyen el crecimiento de los ingresos en el medio plazo. PUBLICIDAD 
</post>
<signature>

</signature>
<external_links>

</external_links>
<country>ES</country>
<main_image></main_image>
</document>
