<?xml version="1.0" encoding="UTF-8"?>
<document>
<type>mainstream</type>
<forum>http://www.finanznachrichten.de/rss-nachrichten-aktien-usa</forum>
<forum_title>FinanzNachrichten.de: Nachrichten zu Aktien aus usa</forum_title>
<discussion_title>JD Power: JetBlue, Alaska Air Still First Class</discussion_title>
<language>english</language>
<gmt_offset></gmt_offset>
<topic_url>http://www.finanznachrichten.de/nachrichten-2016-05/37371553-jd-power-jetblue-alaska-air-still-first-class-020.htm</topic_url>
<topic_text>
JD Power: JetBlue, Alaska Air Still First Class ATLANTA (dpa-AFX) - JetBlue Airways Corp. (JBLU) and Alaska Airlines, a subsidiary of Alaska Air Group, Inc. (ALK), continued to maintain their top ratings for customer satisfaction in the J.D. Power 2016 North America Airline Satisfaction Study. The study also found that overall passenger satisfaction with the North American airline industry increased by a significant 9 points from last year to 726 on a 1,000-point scale. This was the highest score since the implementation of the current methodology in 2006.The increase was mainly driven by airlines lowering fares, enhancements to in-flight services and growing customer tolerance for extra fees such as baggage fees or fees for extra legroom.New York-based JetBlue was awarded the highest honor in customer satisfaction among low-cost carriers in the survey for the eleventh consecutive year, while Alaska Airlines was ranked the highest among traditional carriers for the ninth consecutive year. The study was based on responses from 10,348 passengers who flew on a major North America airline between March 2015 and March 2016. The study measures overall customer satisfaction based on performance in seven measures, in order of importance: cost and fees, in-flight services, boarding/deplaning/baggage, flight crew, aircraft, check-in, and reservation.Among individual airline ratings, JetBlue&apos;s score was 790 on a 1,000-point scale, down 11 points from 2015. But it also marked the twelfth consecutive year JetBlue has performed highest in the study. Despite ranking highest, JetBlue declined in six of the seven factors year over year, with aircraft being the only factor to improve slightly.Southwest Airlines Co. (LUV) took the second position in the low-cost carrier segment, with a score of 789 and improving in all seven factors. Canada&apos;s WestJet Airline Ltd. (WJA.TO) ranked third and Frontier Airlines finished last of the low-cost carriers.Meanwhile, Alaska Airlines was ranked the highest of any traditional carriers, with an index score of 751. It performed particularly well in all seven factors of the study.Delta Air Lines Inc. (DAL) ranked second among traditional carriers with a score of 725 and American Airlines Group Inc. (AAL) was third. Air Canada ranked fourth and United Airlines finished last of the five traditional carriers.According to the study, travelers also ranked Alaska Airlines&apos; Mileage Plan as the highest in overall customer satisfaction for the third consecutive year in the Airline Loyalty/Rewards Program Satisfaction Report. Southwest Airlines Rapid Rewards ranked second and JetBlue Airlines TrueBlue was third.Copyright RTT News/dpa-AFX
</topic_text>
<spam_score>0.00</spam_score>
<post_num>1</post_num>
<post_id>post-1</post_id>
<post_url>http://www.finanznachrichten.de/nachrichten-2016-05/37371553-jd-power-jetblue-alaska-air-still-first-class-020.htm</post_url>
<post_date>20160512</post_date>
<post_time>1525</post_time>
<username></username>
<post>
JD Power: JetBlue, Alaska Air Still First Class ATLANTA (dpa-AFX) - JetBlue Airways Corp. (JBLU) and Alaska Airlines, a subsidiary of Alaska Air Group, Inc. (ALK), continued to maintain their top ratings for customer satisfaction in the J.D. Power 2016 North America Airline Satisfaction Study. The study also found that overall passenger satisfaction with the North American airline industry increased by a significant 9 points from last year to 726 on a 1,000-point scale. This was the highest score since the implementation of the current methodology in 2006.The increase was mainly driven by airlines lowering fares, enhancements to in-flight services and growing customer tolerance for extra fees such as baggage fees or fees for extra legroom.New York-based JetBlue was awarded the highest honor in customer satisfaction among low-cost carriers in the survey for the eleventh consecutive year, while Alaska Airlines was ranked the highest among traditional carriers for the ninth consecutive year. The study was based on responses from 10,348 passengers who flew on a major North America airline between March 2015 and March 2016. The study measures overall customer satisfaction based on performance in seven measures, in order of importance: cost and fees, in-flight services, boarding/deplaning/baggage, flight crew, aircraft, check-in, and reservation.Among individual airline ratings, JetBlue&apos;s score was 790 on a 1,000-point scale, down 11 points from 2015. But it also marked the twelfth consecutive year JetBlue has performed highest in the study. Despite ranking highest, JetBlue declined in six of the seven factors year over year, with aircraft being the only factor to improve slightly.Southwest Airlines Co. (LUV) took the second position in the low-cost carrier segment, with a score of 789 and improving in all seven factors. Canada&apos;s WestJet Airline Ltd. (WJA.TO) ranked third and Frontier Airlines finished last of the low-cost carriers.Meanwhile, Alaska Airlines was ranked the highest of any traditional carriers, with an index score of 751. It performed particularly well in all seven factors of the study.Delta Air Lines Inc. (DAL) ranked second among traditional carriers with a score of 725 and American Airlines Group Inc. (AAL) was third. Air Canada ranked fourth and United Airlines finished last of the five traditional carriers.According to the study, travelers also ranked Alaska Airlines&apos; Mileage Plan as the highest in overall customer satisfaction for the third consecutive year in the Airline Loyalty/Rewards Program Satisfaction Report. Southwest Airlines Rapid Rewards ranked second and JetBlue Airlines TrueBlue was third.Copyright RTT News/dpa-AFX
</post>
<signature>

</signature>
<external_links>

</external_links>
<country>DE</country>
<main_image>http://fns1.de/g/fb.png</main_image>
</document>
