<?xml version="1.0" encoding="UTF-8"?>
<document>
<type>mainstream</type>
<forum></forum>
<forum_title></forum_title>
<discussion_title>Rob Kardashian gives rare interview about becoming a dad - All 4 Women</discussion_title>
<language>english</language>
<gmt_offset></gmt_offset>
<topic_url>http://www.all4women.co.za/732928/entertainment/celebrity-gossip/rob-kardashian-gives-rare-interview-becoming-dad</topic_url>
<topic_text>
Home Entertainment Celebrity Gossip Rob Kardashian gives rare interview about becoming a dad Rob Kardashian gives rare interview about becoming a dad May 12, 2016 5 Vote! 
Rob Kardashian gave a rare interview to speak of his excitement at expecting his first child with fiancée Blac Chyna ... 
AUTHOR INFO: :: More articles 
The reclusive reality star made a return to the spotlight after he and Blac confirmed last week that they are expecting their first child together. 
The new baby will be Chyna&apos;s second, as she has a three-year-old son, King Cairo, with rapper Tyga, who is in an on-off relationship with Rob&apos;s sister Kylie Jenner. The former reality star revealed that he is excited to become a father but, unlike his famous family, Rob says he is keen on keeping things private 
&quot;I mean it&apos;s my first time, so everything is exciting, literally,&quot; Rob told E! News on Tuesday , in his first on-camera interview in more than two years. &quot;I&apos;m happy and I just like to keep it, you know, keep it private... as private as can be.&quot; 
Rob was speaking at an event in Hollywood celebrating Blac&apos;s 28th birthday and the launch of her Chymoji emojis. The couple, who have been dating for four months, looked happy together and laughed and smiled as they discussed their joy at the impending arrival. 
His interview is all the more surprising as Rob has been a recluse in recent years since gaining a lot of weight and reportedly battling depression. 
Despite the efforts of his family, he withdrew from the spotlight and famously skipped his sister Kim&apos;s lavish wedding to Kanye West in Florence, Italy because he felt &quot;uncomfortable&quot;. However, since meeting the video model, he has lost a reported 23kgs and is being courted by weight-loss companies. In scenes from an upcoming episode of their reality show, even sisters Kim and Khloé Kardashian credit Blac for his stunning turnaround 
“Like, don&apos;t we kind of think it&apos;s a miracle that Rob, who doesn&apos;t even show up to Christmas for the past three years, literally he wouldn&apos;t leave his room, but the fact that now he&apos;s created a Snapchat, the fact that now he wants to be so public, blows my mind,&quot; says Khloé. 
&quot;She gave him confidence, more power to her. After Rob and Blac Chyna started dating, Rob is now, like, all over social media and, like, out and about,&quot; adds Kim. Don&apos;t miss out! Subscribe to our free Entertainment Newsletters Rate this article: 
</topic_text>
<spam_score>0.00</spam_score>
<post_num>1</post_num>
<post_id>post-1</post_id>
<post_url>http://www.all4women.co.za/732928/entertainment/celebrity-gossip/rob-kardashian-gives-rare-interview-becoming-dad</post_url>
<post_date>20160512</post_date>
<post_time></post_time>
<username></username>
<post>
Home Entertainment Celebrity Gossip Rob Kardashian gives rare interview about becoming a dad Rob Kardashian gives rare interview about becoming a dad May 12, 2016 5 Vote! 
Rob Kardashian gave a rare interview to speak of his excitement at expecting his first child with fiancée Blac Chyna ... 
AUTHOR INFO: :: More articles 
The reclusive reality star made a return to the spotlight after he and Blac confirmed last week that they are expecting their first child together. 
The new baby will be Chyna&apos;s second, as she has a three-year-old son, King Cairo, with rapper Tyga, who is in an on-off relationship with Rob&apos;s sister Kylie Jenner. The former reality star revealed that he is excited to become a father but, unlike his famous family, Rob says he is keen on keeping things private 
&quot;I mean it&apos;s my first time, so everything is exciting, literally,&quot; Rob told E! News on Tuesday , in his first on-camera interview in more than two years. &quot;I&apos;m happy and I just like to keep it, you know, keep it private... as private as can be.&quot; 
Rob was speaking at an event in Hollywood celebrating Blac&apos;s 28th birthday and the launch of her Chymoji emojis. The couple, who have been dating for four months, looked happy together and laughed and smiled as they discussed their joy at the impending arrival. 
His interview is all the more surprising as Rob has been a recluse in recent years since gaining a lot of weight and reportedly battling depression. 
Despite the efforts of his family, he withdrew from the spotlight and famously skipped his sister Kim&apos;s lavish wedding to Kanye West in Florence, Italy because he felt &quot;uncomfortable&quot;. However, since meeting the video model, he has lost a reported 23kgs and is being courted by weight-loss companies. In scenes from an upcoming episode of their reality show, even sisters Kim and Khloé Kardashian credit Blac for his stunning turnaround 
“Like, don&apos;t we kind of think it&apos;s a miracle that Rob, who doesn&apos;t even show up to Christmas for the past three years, literally he wouldn&apos;t leave his room, but the fact that now he&apos;s created a Snapchat, the fact that now he wants to be so public, blows my mind,&quot; says Khloé. 
&quot;She gave him confidence, more power to her. After Rob and Blac Chyna started dating, Rob is now, like, all over social media and, like, out and about,&quot; adds Kim. Don&apos;t miss out! Subscribe to our free Entertainment Newsletters Rate this article: 
</post>
<signature>

</signature>
<external_links>

</external_links>
<country>ZA</country>
<main_image>http://www.all4women.co.za/wp-content/uploads/2016/05/12/Rob-gives-rare-interview.jpg</main_image>
</document>
