<?xml version="1.0" encoding="UTF-8"?>
<document>
<type>mainstream</type>
<forum></forum>
<forum_title></forum_title>
<discussion_title>Body found in Coronation Dam - All 4 Women</discussion_title>
<language>english</language>
<gmt_offset></gmt_offset>
<topic_url>http://www.all4women.co.za/732848/news/south-african-news/body-found-coronation-dam</topic_url>
<topic_text>
Home News South African News Body found in Coronation Dam Body found in Coronation Dam May 12, 2016 Rate this article: 0 votes 
The body of a man was found floating in Coronation Dam in Krugersdorp on Thursday, paramedics said ... Netcare 911 Facebook page The body of a man was found floating in Coronation Dam in Krugersdorp on Thursday, paramedics said. 
A fisherman found the corpse and called police and paramedics, Netcare 911 spokesperson Athlenda Mathe said. 
Police divers recovered the body. Mathe said the man had been identified and referred further queries to police. 
Police spokesperson Major Mack Mngomezulu knew nothing about the case. 
Author: News24.com Don&apos;t miss out! Subscribe to our free News Newsletters Rate this article: 
</topic_text>
<spam_score>0.00</spam_score>
<post_num>1</post_num>
<post_id>post-1</post_id>
<post_url>http://www.all4women.co.za/732848/news/south-african-news/body-found-coronation-dam</post_url>
<post_date>20160512</post_date>
<post_time></post_time>
<username></username>
<post>
Home News South African News Body found in Coronation Dam Body found in Coronation Dam May 12, 2016 Rate this article: 0 votes 
The body of a man was found floating in Coronation Dam in Krugersdorp on Thursday, paramedics said ... Netcare 911 Facebook page The body of a man was found floating in Coronation Dam in Krugersdorp on Thursday, paramedics said. 
A fisherman found the corpse and called police and paramedics, Netcare 911 spokesperson Athlenda Mathe said. 
Police divers recovered the body. Mathe said the man had been identified and referred further queries to police. 
Police spokesperson Major Mack Mngomezulu knew nothing about the case. 
Author: News24.com Don&apos;t miss out! Subscribe to our free News Newsletters Rate this article: 
</post>
<signature>

</signature>
<external_links>

</external_links>
<country>ZA</country>
<main_image>http://www.all4women.co.za/wp-content/uploads/2016/05/12/13217385_1126736850680783_5781624272874376887_o.jpg</main_image>
</document>
