<?xml version="1.0" encoding="UTF-8"?>
<document>
<type>mainstream</type>
<forum>https://uk.finance.yahoo.com/news/category-asia/?format=rss</forum>
<forum_title>Asian Business News | Financial News - Yahoo! Finance UK</forum_title>
<discussion_title>FOREX -Yen weaker on BOJ easing talk, Norway&apos;s crown surges after data</discussion_title>
<language>english</language>
<gmt_offset></gmt_offset>
<topic_url>https://uk.finance.yahoo.com/news/forex-yen-weaker-boj-easing-122331374.html</topic_url>
<topic_text>
* Sterling rises after BoE keeps rates unchanged 
* Norges keeps rates unchanged but growth data surprises (Adds comments, details) 
By Anirban Nag 
LONDON, May 12 (Reuters) - The yen fell to a two-week low on Thursday as investors sold the currency on speculation that the Bank of Japan could decide to expand its monetary stimulus as soon as next month. 
Talk of more action gathered pace after prominent Japanese academic Takatoshi Ito said the BOJ is likely to expand monetary stimulus either in June or July. Ito is said to have close ties to Governor Haruhiko Kuroda. 
For his part, Kuroda said the BOJ won&apos;t hesitate to take further easing steps if necessary, adding that there were still large downside risks to Japan&apos;s economy. The BOJ introduced negative rates earlier this year, but that has so far had little impact on the yen or economic data, analysts say. 
The dollar rose 0.9 percent to 109.40 yen, its highest since April 28, and recovering from a 18-month low of 105.55 yen on May 3. That low was struck after the BOJ held off from expanding its monetary stimulus at its policy meeting in late April. 
Traders have been cutting favourable bets on the yen following a series of warnings from Japanese Finance Minister Taro Aso that Tokyo would intervene to curb any excessive one-sided gains. 
&quot;With (Other OTC: WWTH - news ) policy easing speculation gaining ground and the Finance Minister talking down the yen, it is clear they do not want a stronger currency,&quot; said Niels Christensen, FX strategist at Nordea. 
Many analysts believe Japan will be wary of intervening before it hosts a Group of Seven meeting this month, even though Tokyo is unhappy with the yen&apos;s rise of more than 10 percent so far this year. 
&quot;For dollar/yen, it would appear that it is now caught in nervous range trade around 105 to 110,&quot; said Heng Koon How, senior currency strategist for Credit Suisse Private Banking Asia Pacific. &quot;It (Other OTC: ITGL - news ) is likely that Tokyo is still trying to build consensus and agreement on intervention.&quot; 
Sterling rose to a six-day high against the dollar after Bank of England policymakers voted unanimously to keep interest rates on hold, pouring cold water on talk that one or two committee members might vote in favour of a cut. 
In a quarterly inflation report published at the same time, the BoE stepped up its warnings about the economic risks if Britain votes to leave the European Union, saying sterling could fall sharply and unemployment would probably rise. 
The pound rose to $1.4498, above its two-week low of $1.4375 touched on Monday. 
The Norwegian crown surged 1 percent against the euro to hit its highest since early May after better-than-expected first-quarter growth data was read as dimming the chances of further interest rate cuts that some in the markets were pricing in for later in the year. 
Earlier, Norway&apos;s central bank kept rates steady, as expected, and sounded slightly bullish on economic growth prospects. (Additional reporting by Masayuki Kitano; Editing by Ruth Pitchford)
</topic_text>
<spam_score>0.00</spam_score>
<post_num>1</post_num>
<post_id>post-1</post_id>
<post_url>https://uk.finance.yahoo.com/news/forex-yen-weaker-boj-easing-122331374.html</post_url>
<post_date>20160512</post_date>
<post_time>1223</post_time>
<username></username>
<post>
* Sterling rises after BoE keeps rates unchanged 
* Norges keeps rates unchanged but growth data surprises (Adds comments, details) 
By Anirban Nag 
LONDON, May 12 (Reuters) - The yen fell to a two-week low on Thursday as investors sold the currency on speculation that the Bank of Japan could decide to expand its monetary stimulus as soon as next month. 
Talk of more action gathered pace after prominent Japanese academic Takatoshi Ito said the BOJ is likely to expand monetary stimulus either in June or July. Ito is said to have close ties to Governor Haruhiko Kuroda. 
For his part, Kuroda said the BOJ won&apos;t hesitate to take further easing steps if necessary, adding that there were still large downside risks to Japan&apos;s economy. The BOJ introduced negative rates earlier this year, but that has so far had little impact on the yen or economic data, analysts say. 
The dollar rose 0.9 percent to 109.40 yen, its highest since April 28, and recovering from a 18-month low of 105.55 yen on May 3. That low was struck after the BOJ held off from expanding its monetary stimulus at its policy meeting in late April. 
Traders have been cutting favourable bets on the yen following a series of warnings from Japanese Finance Minister Taro Aso that Tokyo would intervene to curb any excessive one-sided gains. 
&quot;With (Other OTC: WWTH - news ) policy easing speculation gaining ground and the Finance Minister talking down the yen, it is clear they do not want a stronger currency,&quot; said Niels Christensen, FX strategist at Nordea. 
Many analysts believe Japan will be wary of intervening before it hosts a Group of Seven meeting this month, even though Tokyo is unhappy with the yen&apos;s rise of more than 10 percent so far this year. 
&quot;For dollar/yen, it would appear that it is now caught in nervous range trade around 105 to 110,&quot; said Heng Koon How, senior currency strategist for Credit Suisse Private Banking Asia Pacific. &quot;It (Other OTC: ITGL - news ) is likely that Tokyo is still trying to build consensus and agreement on intervention.&quot; 
Sterling rose to a six-day high against the dollar after Bank of England policymakers voted unanimously to keep interest rates on hold, pouring cold water on talk that one or two committee members might vote in favour of a cut. 
In a quarterly inflation report published at the same time, the BoE stepped up its warnings about the economic risks if Britain votes to leave the European Union, saying sterling could fall sharply and unemployment would probably rise. 
The pound rose to $1.4498, above its two-week low of $1.4375 touched on Monday. 
The Norwegian crown surged 1 percent against the euro to hit its highest since early May after better-than-expected first-quarter growth data was read as dimming the chances of further interest rate cuts that some in the markets were pricing in for later in the year. 
Earlier, Norway&apos;s central bank kept rates steady, as expected, and sounded slightly bullish on economic growth prospects. (Additional reporting by Masayuki Kitano; Editing by Ruth Pitchford)
</post>
<signature>

</signature>
<external_links>

</external_links>
<country>US</country>
<main_image>https://s1.yimg.com/bt/api/res/1.2/M7vS95b2fvSzHFeFStPk0A--/YXBwaWQ9eW5ld3NfbGVnbztxPTc1O3c9NjAw/http://l.yimg.com/os/mit/media/m/social/images/social_default_logo-1481777.png</main_image>
</document>
