<?xml version="1.0" encoding="UTF-8"?>
<document>
<type>mainstream</type>
<forum>http://www.finanznachrichten.de/rss-nachrichten-aktien-usa</forum>
<forum_title>FinanzNachrichten.de: Nachrichten zu Aktien aus usa</forum_title>
<discussion_title>General Motors-Aktie: Markt könnte eine höhere Bewertung anerkennen! - Aktienanalyse</discussion_title>
<language>german</language>
<gmt_offset></gmt_offset>
<topic_url>http://www.finanznachrichten.de/nachrichten-2016-05/37371672-general-motors-aktie-markt-koennte-eine-hoehere-bewertung-anerkennen-aktienanalyse-358.htm</topic_url>
<topic_text>
General Motors-Aktie: Markt könnte eine höhere Bewertung anerkennen! - Aktienanalyse New York - General Motors-Aktienanalyse von Analyst Adam Jonas von Morgan Stanley: Laut einer Aktienanalyse rät Adam Jonas, Aktienanalyst bei Morgan Stanley, in Bezug auf die Aktien des US-Autokonzerns General Motors Co. (ISIN: US37045V1008, WKN: A1C9CM, Ticker-Symbol: 8GM, NYSE-Symbol: GM) nunmehr eine Gleichgewichtung vorzunehmen. Den vollständigen Artikel lesen ...
</topic_text>
<spam_score>0.00</spam_score>
<post_num>1</post_num>
<post_id>post-1</post_id>
<post_url>http://www.finanznachrichten.de/nachrichten-2016-05/37371672-general-motors-aktie-markt-koennte-eine-hoehere-bewertung-anerkennen-aktienanalyse-358.htm</post_url>
<post_date>20160512</post_date>
<post_time>1534</post_time>
<username></username>
<post>
General Motors-Aktie: Markt könnte eine höhere Bewertung anerkennen! - Aktienanalyse New York - General Motors-Aktienanalyse von Analyst Adam Jonas von Morgan Stanley: Laut einer Aktienanalyse rät Adam Jonas, Aktienanalyst bei Morgan Stanley, in Bezug auf die Aktien des US-Autokonzerns General Motors Co. (ISIN: US37045V1008, WKN: A1C9CM, Ticker-Symbol: 8GM, NYSE-Symbol: GM) nunmehr eine Gleichgewichtung vorzunehmen. Den vollständigen Artikel lesen ...
</post>
<signature>

</signature>
<external_links>

</external_links>
<country>DE</country>
<main_image>http://fns1.de/g/fb.png</main_image>
</document>
