<?xml version="1.0" encoding="UTF-8"?>
<document>
<type>mainstream</type>
<forum></forum>
<forum_title></forum_title>
<discussion_title>Press Release</discussion_title>
<language>english</language>
<gmt_offset></gmt_offset>
<topic_url>https://www.fitchratings.com/site/fitch-home/pressrelease?id=1004385</topic_url>
<topic_text>
12 May 2016 11:54 AM EST Fitch: U.S. Home Price Growth on the Coasts Diverging Link to Fitch Ratings&apos; Report: U.S. RMBS Sustainable Home Price Report (First-Quarter 2016 Update) Fitch Ratings-New York-12 May 2016: Disparate U.S. home price growth between New York and San Francisco is very much a tale of two cities, with the threads tying them together yielding very different conclusions according to Fitch Ratings in its latest quarterly U.S. sustainable home price report.San Francisco home prices are now 15% higher than their peak in 2006 while New York prices remain 13% below their 2006 peak. Both cities are major metropolitan areas on the coast with a limited ability to add new housing inventory. So what has caused the difference? A main driver is income growth, according to Director Samuel So. &apos;San Francisco&apos;s growth has roughly doubled that of New York&apos;s in recent years,&apos; said So. After hitting their respective bottoms with regard to home prices, income has increased 21% in San Francisco while only growing 11% in New York. Among the other notable differences is post-crisis distressed inventory. In San Francisco, for instance, inventory increased rapidly from early 2007 until early 2010 before resolving relatively quickly and returning to pre-crisis levels by 2014. In contrast, New York&apos;s distressed inventory remains very high (roughly three times higher than the level in 2007). What&apos;s more, high inventory is likely to weigh heavily on New York&apos;s housing market until well into 2018.A primary driver of this contrast is foreclosure laws. &apos;In California, foreclosure sales can be initiated without having to file a lawsuit or go to court, actions which are required in New York,&apos; said So. Fitch&apos;s &apos;U.S. Sustainable Home Price Report - Fourth Quarter-2015&apos; is available at &apos;www.fitchratings.com&apos; or by clicking the above link. Contact: 
</topic_text>
<spam_score>0.00</spam_score>
<post_num>1</post_num>
<post_id>post-1</post_id>
<post_url>https://www.fitchratings.com/site/fitch-home/pressrelease?id=1004385</post_url>
<post_date>20160512</post_date>
<post_time></post_time>
<username></username>
<post>
12 May 2016 11:54 AM EST Fitch: U.S. Home Price Growth on the Coasts Diverging Link to Fitch Ratings&apos; Report: U.S. RMBS Sustainable Home Price Report (First-Quarter 2016 Update) Fitch Ratings-New York-12 May 2016: Disparate U.S. home price growth between New York and San Francisco is very much a tale of two cities, with the threads tying them together yielding very different conclusions according to Fitch Ratings in its latest quarterly U.S. sustainable home price report.San Francisco home prices are now 15% higher than their peak in 2006 while New York prices remain 13% below their 2006 peak. Both cities are major metropolitan areas on the coast with a limited ability to add new housing inventory. So what has caused the difference? A main driver is income growth, according to Director Samuel So. &apos;San Francisco&apos;s growth has roughly doubled that of New York&apos;s in recent years,&apos; said So. After hitting their respective bottoms with regard to home prices, income has increased 21% in San Francisco while only growing 11% in New York. Among the other notable differences is post-crisis distressed inventory. In San Francisco, for instance, inventory increased rapidly from early 2007 until early 2010 before resolving relatively quickly and returning to pre-crisis levels by 2014. In contrast, New York&apos;s distressed inventory remains very high (roughly three times higher than the level in 2007). What&apos;s more, high inventory is likely to weigh heavily on New York&apos;s housing market until well into 2018.A primary driver of this contrast is foreclosure laws. &apos;In California, foreclosure sales can be initiated without having to file a lawsuit or go to court, actions which are required in New York,&apos; said So. Fitch&apos;s &apos;U.S. Sustainable Home Price Report - Fourth Quarter-2015&apos; is available at &apos;www.fitchratings.com&apos; or by clicking the above link. Contact: 
</post>
<signature>

</signature>
<external_links>

</external_links>
<country>US</country>
<main_image>https://www.fitchratings.com/site/resources/templating-kit/themes/fitch-dph-theme/img/fr-logo-fb-share.png</main_image>
</document>
