<?xml version="1.0" encoding="UTF-8"?>
<document>
<type>mainstream</type>
<forum>http://www.br.de/franken/franken100~rss.xml</forum>
<forum_title>Die Homepage für Franken</forum_title>
<discussion_title>Musik in Bayern: Großes Trommeln in Nürnberg</discussion_title>
<language>german</language>
<gmt_offset></gmt_offset>
<topic_url>http://www.br.de/mediathek/video/sendungen/mittelfranken/nuernberg-kinder-trommeln-100.html</topic_url>
<topic_text>
718 KB Benutzerhinweis 
Klicken Sie auf den hellen Button (mit der Qualitätsangabe: XXL, XL, L, M, S, XS), um das Video oder Audio zu öffnen oder herunterzuladen. Mit der rechten Maustaste können Sie die Datei auf Ihrem Computer speichern. Mit der linken Maustaste können Sie das Video direkt ansehen bzw. das Audio anhören, wenn Ihr Browser über das entsprechende Abspiel-Plugin verfügt. Hilfe und Kontakt
</topic_text>
<spam_score>0.00</spam_score>
<post_num>1</post_num>
<post_id>post-1</post_id>
<post_url>http://www.br.de/mediathek/video/sendungen/mittelfranken/nuernberg-kinder-trommeln-100.html</post_url>
<post_date>20160512</post_date>
<post_time>1200</post_time>
<username></username>
<post>
718 KB Benutzerhinweis 
Klicken Sie auf den hellen Button (mit der Qualitätsangabe: XXL, XL, L, M, S, XS), um das Video oder Audio zu öffnen oder herunterzuladen. Mit der rechten Maustaste können Sie die Datei auf Ihrem Computer speichern. Mit der linken Maustaste können Sie das Video direkt ansehen bzw. das Audio anhören, wenn Ihr Browser über das entsprechende Abspiel-Plugin verfügt. Hilfe und Kontakt
</post>
<signature>

</signature>
<external_links>

</external_links>
<country>DE</country>
<main_image>http://www.br.de/import/audiovideo/standbilder/nuernberg-kinder-trommeln-bild-100~_v-img__16__9__xl_-d31c35f8186ebeb80b0cd843a7c267a0e0c81647.jpg?version=ba80b</main_image>
</document>
