<?xml version="1.0" encoding="UTF-8"?>
<document>
<type>mainstream</type>
<forum>http://www.elnortedecastilla.es/tecnologia/investigacion/</forum>
<forum_title>Investigación . elnortedecastilla.es</forum_title>
<discussion_title>El “Fujitsu World Tour 2016” quiere dar las claves para la Transformación Digital de las empresas</discussion_title>
<language>spanish</language>
<gmt_offset></gmt_offset>
<topic_url>http://www.elnortedecastilla.es/tecnologia/201604/20/fujitsu-world-tour-2016-20160420131618.html</topic_url>
<topic_text>
 El Gobierno presiona al Ayuntamiento para que derribe el antiguo colegio San Juan de la Cruz 
</topic_text>
<spam_score>0.00</spam_score>
<post_num>1</post_num>
<post_id>post-1</post_id>
<post_url>http://www.elnortedecastilla.es/tecnologia/201604/20/fujitsu-world-tour-2016-20160420131618.html</post_url>
<post_date>20160420</post_date>
<post_time>1803</post_time>
<username>elnortedecastilla.es</username>
<post>
 El Gobierno presiona al Ayuntamiento para que derribe el antiguo colegio San Juan de la Cruz 
</post>
<signature>

</signature>
<external_links>
<external_link>http://www.addthis.com/bookmark.php</external_link>
</external_links>
<country>ES</country>
<main_image>http://www.elnortedecastilla.es/img/2014/logoC-200.png</main_image>
</document>
