<?xml version="1.0" encoding="UTF-8"?>
<document>
<type>mainstream</type>
<forum>http://www.delas.pt/feed</forum>
<forum_title>Delas</forum_title>
<discussion_title>O que seria do mundo se todas gostassem de amarelo? Agora já sabemos</discussion_title>
<language>portuguese</language>
<gmt_offset></gmt_offset>
<topic_url>http://www.delas.pt/a-moda-do-casaco-amarelo/</topic_url>
<topic_text>
O que seria do mundo se todas gostassem de amarelo? Agora já sabemos 12/05/2016 Cedric Charlier no Farfetch, €995 Courrèges no Farfetch €1120 Pinko €416 Monki €75 
O casaco de cabedal da Zara já invadiu as redes sociais tendo uma conta de Facebook e outra de Instagram só para si. A peça tornou-se viral e existe aos milhares por todo o mundo, sendo usado por bloggers , atrizes na passadeira vermelha e inúmeras pessoas anónimas. Já não se trata apenas de uma tendência mas de um verdadeiro fenómeno. 
A peça que invadiu o mundo custa €39,95 e é um blusão de cabedal, mas todos os outros tipos de casaco amarelo estão na moda. Saiba como aderir à tendência sem ter, necessariamente, de comprar o casaco que anda a vestir este mundo e o outro. 
Saiba também como escolher a roupa ideal para dias de meteorologia imprevisível .
</topic_text>
<spam_score>0.00</spam_score>
<post_num>1</post_num>
<post_id>post-1</post_id>
<post_url>http://www.delas.pt/a-moda-do-casaco-amarelo/</post_url>
<post_date>20160512</post_date>
<post_time>1347</post_time>
<username>margaridapaes</username>
<post>
O que seria do mundo se todas gostassem de amarelo? Agora já sabemos 12/05/2016 Cedric Charlier no Farfetch, €995 Courrèges no Farfetch €1120 Pinko €416 Monki €75 
O casaco de cabedal da Zara já invadiu as redes sociais tendo uma conta de Facebook e outra de Instagram só para si. A peça tornou-se viral e existe aos milhares por todo o mundo, sendo usado por bloggers , atrizes na passadeira vermelha e inúmeras pessoas anónimas. Já não se trata apenas de uma tendência mas de um verdadeiro fenómeno. 
A peça que invadiu o mundo custa €39,95 e é um blusão de cabedal, mas todos os outros tipos de casaco amarelo estão na moda. Saiba como aderir à tendência sem ter, necessariamente, de comprar o casaco que anda a vestir este mundo e o outro. 
Saiba também como escolher a roupa ideal para dias de meteorologia imprevisível .
</post>
<signature>

</signature>
<external_links>

</external_links>
<country>PT</country>
<main_image>http://www.delas.pt/files/2016/05/destaque31.jpg</main_image>
</document>
