<?xml version="1.0" encoding="UTF-8"?>
<document>
<type>mainstream</type>
<forum></forum>
<forum_title></forum_title>
<discussion_title>​China recibirá a la realidad virtual con brazos abiertos - CNET en Español</discussion_title>
<language>spanish</language>
<gmt_offset></gmt_offset>
<topic_url>http://www.cnet.com/es/noticias/realidad-virtual-market-share-2016/</topic_url>
<topic_text>
Las gafas de realidad virtual Oculus Rift comienzan a distribuirse hoy 
&quot;La competencia gira alrededor de la experiencia de usuario, la calidad del hardware y el contenido. Actualmente, no hay un líder de contenido de VR en China&quot;, dijo en el comunicado Jason Low, analista de Canalys. &quot;Proveedores locales de contenido, distribuidores de juegos y proveedores de servicio están poniendo a prueba su influencia en el desarrollo de realidad virtual más allá del hardware&quot;. 
Canalys dijo que para 2017 espera se distribuyan poco más de 15 millones de gafas de realidad virtual; para 2018 las ventas se incrementarán rozando las 30 millones de unidades; para 2019 las ventas superarán las 45 millones y en 2020, será casi de 70 millones en todo el mundo. 
Canalys considera gafas de realidad virtual a los &quot;dispositivos diseñados para utilizarse sobre la cabeza y que ofrecen al usuario la oportunidad de ver un mundo virtual&quot;. Canalys incluye gafas básicas e inteligentes, pero excluye a los dispositivos sin poder de procesamiento independiente, como las gafas Gear VR de Samsung y Google Cardboard , que necesitan de un teléfono para funcionar. Etiquetas: 
</topic_text>
<spam_score>0.00</spam_score>
<post_num>1</post_num>
<post_id>post-1</post_id>
<post_url>http://www.cnet.com/es/noticias/realidad-virtual-market-share-2016/</post_url>
<post_date>20160506</post_date>
<post_time></post_time>
<username>Scar Guti Rrez</username>
<post>
Las gafas de realidad virtual Oculus Rift comienzan a distribuirse hoy 
&quot;La competencia gira alrededor de la experiencia de usuario, la calidad del hardware y el contenido. Actualmente, no hay un líder de contenido de VR en China&quot;, dijo en el comunicado Jason Low, analista de Canalys. &quot;Proveedores locales de contenido, distribuidores de juegos y proveedores de servicio están poniendo a prueba su influencia en el desarrollo de realidad virtual más allá del hardware&quot;. 
Canalys dijo que para 2017 espera se distribuyan poco más de 15 millones de gafas de realidad virtual; para 2018 las ventas se incrementarán rozando las 30 millones de unidades; para 2019 las ventas superarán las 45 millones y en 2020, será casi de 70 millones en todo el mundo. 
Canalys considera gafas de realidad virtual a los &quot;dispositivos diseñados para utilizarse sobre la cabeza y que ofrecen al usuario la oportunidad de ver un mundo virtual&quot;. Canalys incluye gafas básicas e inteligentes, pero excluye a los dispositivos sin poder de procesamiento independiente, como las gafas Gear VR de Samsung y Google Cardboard , que necesitan de un teléfono para funcionar. Etiquetas: 
</post>
<signature>

</signature>
<external_links>

</external_links>
<country>US</country>
<main_image>https://cdn1.cnet.com/hub/i/r/2016/05/06/c5aa3eb0-c39e-44d1-b30a-f521916f5354/thumbnail/670x503/40ac08076370d0740ca686bdfc028167/fd-htc-vive-vs-oculus-3898-002.jpg</main_image>
</document>
