<?xml version="1.0" encoding="UTF-8"?>
<document>
<type>mainstream</type>
<forum>http://www.expressandstar.com/feed/</forum>
<forum_title>Midlands News – West Midlands Local News - UK News « Express &amp; Star</forum_title>
<discussion_title>Stoke could make a move for Norwich winger Nathan Redmond</discussion_title>
<language>english</language>
<gmt_offset></gmt_offset>
<topic_url>http://www.expressandstar.com/sport/uk-sport/2016/05/12/stoke-could-make-a-move-for-norwich-winger-nathan-redmond/</topic_url>
<topic_text>
  5:10 pm Stoke could make a move for Norwich winger Nathan Redmond Stoke are set to revive their interest in Nathan Redmond following Norwich&apos;s relegation, Press Association Sport understands. Nathan Redmond has scored six goals for Norwich this season 
The winger is expected to leave Carrow Road this summer, with his contract due to expire next year, after the Canaries dropped out of the Barclays Premier League on Wednesday night. 
Stoke boss Mark Hughes failed in a move for the England Under-21 international after the Canaries were relegated from the top flight in 2014. 
Redmond stayed and helped the Canaries return at the first attempt - scoring in their 2-0 Sky Bet Championship play-off final win over Middlesbrough last year. 
But a second spell in the Championship does not appeal to the 22-year-old and Alex Neil will need funds to help finance a rebuilding job in Norfolk. 
Crystal Palace and West Ham are also reportedly interested but Hughes holds a long-term interest in Redmond, who is expected to cost around £9million, and a move would allow him to return to the Midlands. 
Redmond, a £3.2m signing from Birmingham in 2013, has scored six goals for Norwich this season but could not stop them dropping out of the top flight. 
He netted in their 4-2 win over Watford on Wednesday but Sunderland&apos;s 3-0 victory over Everton left them four points from safety with just one game left. 
Redmond has also been selected for the England Under-21 squad ahead of the Toulon Tournament this month. Commercial Links
</topic_text>
<spam_score>0.00</spam_score>
<post_num>1</post_num>
<post_id>post-1</post_id>
<post_url>http://www.expressandstar.com/sport/uk-sport/2016/05/12/stoke-could-make-a-move-for-norwich-winger-nathan-redmond/</post_url>
<post_date>20160512</post_date>
<post_time>1610</post_time>
<username></username>
<post>
  5:10 pm Stoke could make a move for Norwich winger Nathan Redmond Stoke are set to revive their interest in Nathan Redmond following Norwich&apos;s relegation, Press Association Sport understands. Nathan Redmond has scored six goals for Norwich this season 
The winger is expected to leave Carrow Road this summer, with his contract due to expire next year, after the Canaries dropped out of the Barclays Premier League on Wednesday night. 
Stoke boss Mark Hughes failed in a move for the England Under-21 international after the Canaries were relegated from the top flight in 2014. 
Redmond stayed and helped the Canaries return at the first attempt - scoring in their 2-0 Sky Bet Championship play-off final win over Middlesbrough last year. 
But a second spell in the Championship does not appeal to the 22-year-old and Alex Neil will need funds to help finance a rebuilding job in Norfolk. 
Crystal Palace and West Ham are also reportedly interested but Hughes holds a long-term interest in Redmond, who is expected to cost around £9million, and a move would allow him to return to the Midlands. 
Redmond, a £3.2m signing from Birmingham in 2013, has scored six goals for Norwich this season but could not stop them dropping out of the top flight. 
He netted in their 4-2 win over Watford on Wednesday but Sunderland&apos;s 3-0 victory over Everton left them four points from safety with just one game left. 
Redmond has also been selected for the England Under-21 squad ahead of the Toulon Tournament this month. Commercial Links
</post>
<signature>

</signature>
<external_links>

</external_links>
<country>GB</country>
<main_image></main_image>
</document>
