<?xml version="1.0" encoding="UTF-8"?>
<document>
<type>mainstream</type>
<forum>http://rssfeeds.wausaudailyherald.com/wausau/home</forum>
<forum_title>Wausau - Home</forum_title>
<discussion_title>Mom of Antigo prom shooter Jakob Wagner speaks about night of shooting</discussion_title>
<language>english</language>
<gmt_offset></gmt_offset>
<topic_url>http://www.wausaudailyherald.com/videos/news/2016/05/12/84275924/</topic_url>
<topic_text>
Let friends in your social network know what you are reading about Facebook Email Mom of Antigo prom shooter Jakob Wagner speaks about night of shooting Jakob Wagner opened fire outside the Antigo High School prom on April 23, 2016, wounding two before he was killed by police. In her first media interview, his mother Lorrie Wagner speaks about that night with USA TODAY NETWORK-Wisconsin. Post to Facebook Mom of Antigo prom shooter Jakob Wagner speaks about night of shooting Jakob Wagner opened fire outside the Antigo High School prom on April 23, 2016, wounding two before he was killed by police. In her first media interview, his mother Lorrie Wagner speaks about that night with USA TODAY NETWORK-Wisconsin. Check out this story on wausaudailyherald.com: http://wdhne.ws/27gG7qU Cancel Send A link has been sent to your friend&apos;s email address. Posted! A link has been posted to your Facebook feed. Join the Conversation
</topic_text>
<spam_score>0.00</spam_score>
<post_num>1</post_num>
<post_id>post-1</post_id>
<post_url>http://www.wausaudailyherald.com/videos/news/2016/05/12/84275924/</post_url>
<post_date>20160512</post_date>
<post_time>1436</post_time>
<username></username>
<post>
Let friends in your social network know what you are reading about Facebook Email Mom of Antigo prom shooter Jakob Wagner speaks about night of shooting Jakob Wagner opened fire outside the Antigo High School prom on April 23, 2016, wounding two before he was killed by police. In her first media interview, his mother Lorrie Wagner speaks about that night with USA TODAY NETWORK-Wisconsin. Post to Facebook Mom of Antigo prom shooter Jakob Wagner speaks about night of shooting Jakob Wagner opened fire outside the Antigo High School prom on April 23, 2016, wounding two before he was killed by police. In her first media interview, his mother Lorrie Wagner speaks about that night with USA TODAY NETWORK-Wisconsin. Check out this story on wausaudailyherald.com: http://wdhne.ws/27gG7qU Cancel Send A link has been sent to your friend&apos;s email address. Posted! A link has been posted to your Facebook feed. Join the Conversation
</post>
<signature>

</signature>
<external_links>

</external_links>
<country>US</country>
<main_image>http://www.gannett-cdn.com/-mm-/c318e7f44d81a0e14aa5adc27a6558069891d40c/r=x1803&amp;amp;c=3200x1800/http/bcdownload.gannett.edgesuite.net/wiscrapid/41823025001/201605/1295/41823025001_4890350384001_video-still-for-video-4890333433001.jpg?pubId=41823025001</main_image>
</document>
