<?xml version="1.0" encoding="UTF-8"?>
<document>
<type>mainstream</type>
<forum>http://cananewsonline.com/main/feed/</forum>
<forum_title>cananewsonline.com</forum_title>
<discussion_title>Same sex referendum for Bermuda</discussion_title>
<language>english</language>
<gmt_offset></gmt_offset>
<topic_url>http://cananewsonline.com/main/same-sex-referendum-for-bermuda/</topic_url>
<topic_text>
Home » Headline News » Same sex referendum for Bermuda Same sex referendum for Bermuda 
HAMILTON, Bermuda, May 12, CMC - Officials have ... 
You are unauthorized to view this page. Username
</topic_text>
<spam_score>0.00</spam_score>
<post_num>1</post_num>
<post_id>post-1</post_id>
<post_url>http://cananewsonline.com/main/same-sex-referendum-for-bermuda/</post_url>
<post_date>20160512</post_date>
<post_time>1452</post_time>
<username>STAFF WRITER</username>
<post>
Home » Headline News » Same sex referendum for Bermuda Same sex referendum for Bermuda 
HAMILTON, Bermuda, May 12, CMC - Officials have ... 
You are unauthorized to view this page. Username
</post>
<signature>

</signature>
<external_links>

</external_links>
<country>US</country>
<main_image></main_image>
</document>
