<?xml version="1.0" encoding="UTF-8"?>
<document>
<type>mainstream</type>
<forum>http://wn.com/john jay?upload_time=all_time&amp;orderby=published</forum>
<forum_title>John Jay</forum_title>
<discussion_title>Building a Legal Career with David Pfeffer (John Jay College of Criminal Justice)</discussion_title>
<language>english</language>
<gmt_offset>4</gmt_offset>
<topic_url>http://article.wn.com/view/2016/05/06/Building_a_Legal_Career_with_David_Pfeffer_John_Jay_College_/</topic_url>
<topic_text>
( Source : John Jay College of Criminal Justice )
A John Jay College education has proven to be a valuable springboard for David J . Pfeffer , who has built a thriving legal career as a partner and chair of the Construction Practice Group
</topic_text>
<spam_score>0.00</spam_score>
<post_num>1</post_num>
<post_id>post-1</post_id>
<post_url>http://article.wn.com/view/2016/05/06/Building_a_Legal_Career_with_David_Pfeffer_John_Jay_College_/</post_url>
<post_date>20160506</post_date>
<post_time></post_time>
<username>wn.com</username>
<post>
( Source : John Jay College of Criminal Justice )
A John Jay College education has proven to be a valuable springboard for David J . Pfeffer , who has built a thriving legal career as a partner and chair of the Construction Practice Group
</post>
<signature>

</signature>
<external_links>

</external_links>
<country>GB</country>
<main_image>http://i.ytimg.com/vi/VeC1AeEIV2g/0.jpg</main_image>
</document>
