<?xml version="1.0" encoding="UTF-8"?>
<document>
<type>mainstream</type>
<forum>http://app.m4.cn?app=rss&amp;controller=index&amp;action=feed&amp;catid=26</forum>
<forum_title>资讯_四月网</forum_title>
<discussion_title>14人海上漂流一个多月集体奇迹生还 啃槟榔皮充饥</discussion_title>
<language>chinese</language>
<gmt_offset></gmt_offset>
<topic_url>http://news.m4.cn/2016-05/1309213.shtml</topic_url>
<topic_text>
今年4月，巴布亚新几内亚的15人计划从新爱尔兰省前往利希尔岛(Lihir Island)，途中船只引擎故障，只能在太平洋一隅漂流。他们在海上撑了超过五周时间，直到5月10日才被人发现。 14人乘坐一艘船，海上漂流5个多星期幸运生还，图中部分为幸存者。（图片来源：澳广网） 
中新网5月12日电 综合报道，今年4月，巴布亚新几内亚的15人计划从新爱尔兰省前往利希尔岛(Lihir Island)，途中船只引擎故障，只能在太平洋一隅漂流。他们在海上撑了超过五周时间，直到5月10日才被人发现。漂流期间1名女性死亡，其余14人靠啃槟榔皮等奇迹存活。 
据报道，这些人4月4日出发，但他们所搭乘的一艘23英尺长的船只引擎途中坏了，使他们未能前往目的地。没有其他人帮助，这个小群体不得不缩在小船内，在海上无助地漂流。 
期间，一名年长女性因脱水离世，遗体已被抛入海中；另有2人身染重病。 
当地官员表示，余下有4名男子、7名女子、3名孩童获救；也有媒体称，获救者中包括1名年仅4岁的儿童、1名10岁孩童，以及1名孕妇。 他们出发时乘坐的船只。
</topic_text>
<spam_score>0.00</spam_score>
<post_num>1</post_num>
<post_id>post-1</post_id>
<post_url>http://news.m4.cn/2016-05/1309213.shtml</post_url>
<post_date>20160512</post_date>
<post_time>1454</post_time>
<username></username>
<post>
今年4月，巴布亚新几内亚的15人计划从新爱尔兰省前往利希尔岛(Lihir Island)，途中船只引擎故障，只能在太平洋一隅漂流。他们在海上撑了超过五周时间，直到5月10日才被人发现。 14人乘坐一艘船，海上漂流5个多星期幸运生还，图中部分为幸存者。（图片来源：澳广网） 
中新网5月12日电 综合报道，今年4月，巴布亚新几内亚的15人计划从新爱尔兰省前往利希尔岛(Lihir Island)，途中船只引擎故障，只能在太平洋一隅漂流。他们在海上撑了超过五周时间，直到5月10日才被人发现。漂流期间1名女性死亡，其余14人靠啃槟榔皮等奇迹存活。 
据报道，这些人4月4日出发，但他们所搭乘的一艘23英尺长的船只引擎途中坏了，使他们未能前往目的地。没有其他人帮助，这个小群体不得不缩在小船内，在海上无助地漂流。 
期间，一名年长女性因脱水离世，遗体已被抛入海中；另有2人身染重病。 
当地官员表示，余下有4名男子、7名女子、3名孩童获救；也有媒体称，获救者中包括1名年仅4岁的儿童、1名10岁孩童，以及1名孕妇。 他们出发时乘坐的船只。
</post>
<signature>

</signature>
<external_links>

</external_links>
<country>CN</country>
<main_image></main_image>
</document>
