<?xml version="1.0" encoding="UTF-8"?>
<document>
<type>mainstream</type>
<forum>http://cananewsonline.com/main/feed/</forum>
<forum_title>cananewsonline.com</forum_title>
<discussion_title>ST. KITTS-POLITICS-Government confirms resignation of speaker of National Assembly</discussion_title>
<language>english</language>
<gmt_offset></gmt_offset>
<topic_url>http://cananewsonline.com/main/st-kitts-politics-government-confirms-resignation-of-speaker-of-the-national-assembly-resigns/</topic_url>
<topic_text>
Home » News » ST. KITTS-POLITICS-Government confirms resignation of speaker of National Assembly ST. KITTS-POLITICS-Government confirms resignation of speaker of National Assembly
</topic_text>
<spam_score>0.00</spam_score>
<post_num>1</post_num>
<post_id>post-1</post_id>
<post_url>http://cananewsonline.com/main/st-kitts-politics-government-confirms-resignation-of-speaker-of-the-national-assembly-resigns/</post_url>
<post_date>20160512</post_date>
<post_time>1434</post_time>
<username>STAFF WRITER</username>
<post>
Home » News » ST. KITTS-POLITICS-Government confirms resignation of speaker of National Assembly ST. KITTS-POLITICS-Government confirms resignation of speaker of National Assembly
</post>
<signature>

</signature>
<external_links>

</external_links>
<country>US</country>
<main_image></main_image>
</document>
