<?xml version="1.0" encoding="UTF-8"?>
<document>
<type>mainstream</type>
<forum></forum>
<forum_title></forum_title>
<discussion_title>Viptickets.com</discussion_title>
<language>english</language>
<gmt_offset></gmt_offset>
<topic_url>https://www.viptickets.com/Los-Angeles-Philharmonic_3A_-Mozart_27_s-Requiem-tickets</topic_url>
<topic_text>
LOS ANGELES PHILHARMONIC: MOZART&apos;S REQUIEM Walt Disney Concert Hall , Los Angeles , CA May 19 2016 Thu. 8:00 PM LOS ANGELES PHILHARMONIC: MOZART&apos;S REQUIEM Walt Disney Concert Hall , Los Angeles , CA May 22 2016 Sun. 2:00 PM 
</topic_text>
<spam_score>0.00</spam_score>
<post_num>1</post_num>
<post_id>post-1</post_id>
<post_url>https://www.viptickets.com/Los-Angeles-Philharmonic_3A_-Mozart_27_s-Requiem-tickets</post_url>
<post_date>20160512</post_date>
<post_time></post_time>
<username></username>
<post>
LOS ANGELES PHILHARMONIC: MOZART&apos;S REQUIEM Walt Disney Concert Hall , Los Angeles , CA May 19 2016 Thu. 8:00 PM LOS ANGELES PHILHARMONIC: MOZART&apos;S REQUIEM Walt Disney Concert Hall , Los Angeles , CA May 22 2016 Sun. 2:00 PM 
</post>
<signature>

</signature>
<external_links>

</external_links>
<country>US</country>
<main_image></main_image>
</document>
