<?xml version="1.0" encoding="UTF-8"?>
<document>
<type>mainstream</type>
<forum>http://www.elpropio.com/deportes/</forum>
<forum_title>El Propio - Deportes</forum_title>
<discussion_title>19 personas fueron detenidas en jornada de la OLP el día de ayer</discussion_title>
<language>spanish</language>
<gmt_offset></gmt_offset>
<topic_url>http://www.elpropio.com/actualidad/personas-detenidas-jornada-OLP-ayer_0_955704440.html</topic_url>
<topic_text>
El Ministro de Interior, Justicia y Paz, Gustavo González López, ofreció la noche de este miércoles un balance de la segunda fase de la Operación Liberación del Pueblo (OLP) que se ha efectuado durante todo el día y que hasta la hora se mantiene en varias parroquias populares de la Gran Caracas.
Durante un atransmisión televisiva, indicó que 19 personas fueron detenidas, 4 indocumentadas y fue desmantelada una banda que operaba en el sector La Invasión de la carretera Panamericana, la cual se dedicaba a extorsión, homicidio y secuestro.
Los funcionarios que se encontraban ejecutando la operación en El Valle fueron atacados por integrantes de la banda de &quot;El Kimber&quot;, quien resultó abatido. Portaba un arma calibre 380 con seriales devastados. Informó que esta banda se dedicaba al secuestro, robo, extorsión y tráfico de drogas.
Durante el operativo fueron verificadas 3.077 personas, 948 vehículos y 299 motos
Recalcó que las unidades se mantienen en las zonas liberadas &quot;para consolidar la paz&quot;.
</topic_text>
<spam_score>0.00</spam_score>
<post_num>1</post_num>
<post_id>post-1</post_id>
<post_url>http://www.elpropio.com/actualidad/personas-detenidas-jornada-OLP-ayer_0_955704440.html</post_url>
<post_date>20160512</post_date>
<post_time></post_time>
<username>- El Propio Web | MG</username>
<post>
El Ministro de Interior, Justicia y Paz, Gustavo González López, ofreció la noche de este miércoles un balance de la segunda fase de la Operación Liberación del Pueblo (OLP) que se ha efectuado durante todo el día y que hasta la hora se mantiene en varias parroquias populares de la Gran Caracas.
Durante un atransmisión televisiva, indicó que 19 personas fueron detenidas, 4 indocumentadas y fue desmantelada una banda que operaba en el sector La Invasión de la carretera Panamericana, la cual se dedicaba a extorsión, homicidio y secuestro.
Los funcionarios que se encontraban ejecutando la operación en El Valle fueron atacados por integrantes de la banda de &quot;El Kimber&quot;, quien resultó abatido. Portaba un arma calibre 380 con seriales devastados. Informó que esta banda se dedicaba al secuestro, robo, extorsión y tráfico de drogas.
Durante el operativo fueron verificadas 3.077 personas, 948 vehículos y 299 motos
Recalcó que las unidades se mantienen en las zonas liberadas &quot;para consolidar la paz&quot;.
</post>
<signature>

</signature>
<external_links>

</external_links>
<country>US</country>
<main_image></main_image>
</document>
