<?xml version="1.0" encoding="UTF-8"?>
<document>
<type>mainstream</type>
<forum>http://wn.com/Matt_Painter</forum>
<forum_title>Matt Painter</forum_title>
<discussion_title>Valparaiso makes bad move blocking David Skara&apos;s transfer to Vanderbilt</discussion_title>
<language>english</language>
<gmt_offset>6</gmt_offset>
<topic_url>http://article.wn.com/view/2016/04/26/valparaiso_makes_bad_move_blocking_david_skara_aposs_transfe/</topic_url>
<topic_text>
There are two kinds of transfers in college basketball. There is the amicable departure. That is a win for both sides. Player A gets to go somewhere he can play and the school can upgrade. Then, there is the you-might-as-well-be dead-to-us-if-you-transfer transfer. Purdue coach Matt Painter famously... ...
</topic_text>
<spam_score>0.00</spam_score>
<post_num>1</post_num>
<post_id>post-1</post_id>
<post_url>http://article.wn.com/view/2016/04/26/valparaiso_makes_bad_move_blocking_david_skara_aposs_transfe/</post_url>
<post_date>20160426</post_date>
<post_time></post_time>
<username>wn.com</username>
<post>
There are two kinds of transfers in college basketball. There is the amicable departure. That is a win for both sides. Player A gets to go somewhere he can play and the school can upgrade. Then, there is the you-might-as-well-be dead-to-us-if-you-transfer transfer. Purdue coach Matt Painter famously... ...
</post>
<signature>

</signature>
<external_links>

</external_links>
<country>GB</country>
<main_image>http://i.ytimg.com/vi/VeC1AeEIV2g/0.jpg</main_image>
</document>
