<?xml version="1.0" encoding="UTF-8"?>
<document>
<type>mainstream</type>
<forum></forum>
<forum_title></forum_title>
<discussion_title>New music! Diarrhea Planet – “Bob Dylan’s Grandma” (the song AND the comic book) – Paloozapalooza</discussion_title>
<language>english</language>
<gmt_offset></gmt_offset>
<topic_url>http://paloozapalooza.com/2016/05/11/diarrhea-planet-bob-dylans-grandma-mp3-comic-book/</topic_url>
<topic_text>
New music! Diarrhea Planet –“Bob Dylan’s Grandma” (the song AND the comic book) New music! Diarrhea Planet –“Bob Dylan’s Grandma” (the song AND the comic book) Michael May 11, 2016 
Yesterday, I presented you all with the fantastic news that Bob Dylan’s World Gone Wrong was being reissued on vinyl later this month. 
Today … well … I have some stranger Bob Dylan-related news for you. 
Diarrhea Planet (a great young rock band with a historically bad name) has released a new song called “Bob Dylan’s Grandma.” It’s a loud, energetic track about someone discovering the power of rock and roll … 
Back in the sixth grade / I heard Jimi play Monterey / Boy, did I melt that tape / And let that casette self-immolate / Pentatonic killing floor / Bob Dylan’s grandma holding down the IIs and IVs 
Random, right? But, again, the song is a lot of fun. Listen here: 
As if that’s not strange enough, Paste had artist Benjamin Marra draw a comic book to go along with the song. An example of the art is above, and you can click here to see the whole thing. 

</topic_text>
<spam_score>0.00</spam_score>
<post_num>1</post_num>
<post_id>post-1</post_id>
<post_url>http://paloozapalooza.com/2016/05/11/diarrhea-planet-bob-dylans-grandma-mp3-comic-book/</post_url>
<post_date>20160511</post_date>
<post_time></post_time>
<username></username>
<post>
New music! Diarrhea Planet –“Bob Dylan’s Grandma” (the song AND the comic book) New music! Diarrhea Planet –“Bob Dylan’s Grandma” (the song AND the comic book) Michael May 11, 2016 
Yesterday, I presented you all with the fantastic news that Bob Dylan’s World Gone Wrong was being reissued on vinyl later this month. 
Today … well … I have some stranger Bob Dylan-related news for you. 
Diarrhea Planet (a great young rock band with a historically bad name) has released a new song called “Bob Dylan’s Grandma.” It’s a loud, energetic track about someone discovering the power of rock and roll … 
Back in the sixth grade / I heard Jimi play Monterey / Boy, did I melt that tape / And let that casette self-immolate / Pentatonic killing floor / Bob Dylan’s grandma holding down the IIs and IVs 
Random, right? But, again, the song is a lot of fun. Listen here: 
As if that’s not strange enough, Paste had artist Benjamin Marra draw a comic book to go along with the song. An example of the art is above, and you can click here to see the whole thing. 

</post>
<signature>

</signature>
<external_links>

</external_links>
<country>US</country>
<main_image>http://paloozapalooza.com/wp-content/uploads/2016/05/Bob-Dylans-Grandma-mp3-comic-book.png</main_image>
</document>
