<?xml version="1.0" encoding="UTF-8"?>
<document>
<type>mainstream</type>
<forum>http://www.ideal.es/sociedad/?reducido=1&amp;pag=616</forum>
<forum_title></forum_title>
<discussion_title>Ser, Cope y RNE ganan audiencia mientras Onda Cero baja</discussion_title>
<language>spanish</language>
<gmt_offset></gmt_offset>
<topic_url>http://www.ideal.es/sociedad/201507/02/radios-ganan-audiencia-excepto-20150702113658-rc.html</topic_url>
<topic_text>
La Cadena SER, la Cope y Radio Nacional de España (RNE) han ganado audiencia mientras que Onda Cero ha perdido 62.000 oyentes, según la segunda oleada del Estudio General de Medios (EGM) de 2015, difundida este jueves.
De lunes a viernes, Onda Cero pasa de 2.610.000 oyentes en la primera oleada de este año -difundida en abril- a 2.548.000. Por el contrario, la SER gana 111.000 oyentes y pasa de 4.655.000 a 4.766.000, aunque continúa siendo la emisora más escuchada por los oyentes por delante de Onda Cero, COPE y RNE.
La Cadena Cope y RNE experimentan un aumento de audiencia: la primera de 96.000 y se sitúa en 1.854.000 oyentes, y la emisora pública de 16.000, logrando 1.308.000.
El listado de las principales emisoras de radio se completa con Rac 1, con 781.000 oyentes (baja 4.000); Catalunya Radio con 651.000 (43.000 más); EsRadio con 394.000 (sube 16.000), Canal Sur Radio con 366.000 (baja 24.000), Radio Galega con 153.000 (20.000 más) y Radio Euskadi con 144.000 (pierde 15.000).
Programas matinales
Entre los principales programas matinales de las cadenas generalistas el único que gana oyentes es &quot;Hoy por Hoy&quot; (SER), que registra una audiencia de 3.146.000 personas (29.000 más que en la oleada anterior).
El segundo más escuchado ha sido el de Onda Cero, &quot;Herrera en la Onda&quot;, que fue sustituido en abril por &quot;Más de uno&quot; después del anuncio de Carlos Herrera de abandonar la emisora. No obstante, ha perdido 140.000 oyentes y se coloca en 1.931.000 seguidores. Se sitúan por detrás &quot;La Mañana&quot; de COPE, que baja en 4.000 oyentes (976.000), y &quot;Las Mañanas de RNE&quot;, que pierden 41.000 a personas (879.000).
Por las tardes, &quot;La Ventana&quot;, de la Cadena Ser, y &quot;Esto me suena. Las tardes del Ciudadano García&quot;, de RNE, ganan 81.000 y 54.000 oyentes, respectivamente; &quot;La tarde&quot;, de la COPE, se queda igual que en la primera oleada (279.000 oyentes), y &quot;Julia en la onda&quot;, de Onda Cero, baja en 3.000 oyentes y logra 548.000.
En relación a los espacios informativos nocturnos sigue a la cabeza &quot;Hora 25&quot;, con 1.299.000 oyentes, que ha subido en 50.000, seguido de &quot;La Linterna&quot; de la Cadena COPE, con 590.000 y una bajada de 49.000 seguidores.
Detrás se coloca &quot;La Brújula&quot;, de Onda Cero, con 495.000 y una bajada de 62.000 -Carlos Alsina dejó de dirigir el espacio en abril para pasar a las mañanas de la emisora junto a Juan Ramón Lucas-, y le sigue &quot;24 horas&quot;, de RNE, que se sitúa en los 327.000, con un descenso de 27.000 personas.
Deportivos y musicales
En cuanto a los programas deportivos nocturnos, &quot;El Larguero&quot;, de la Cadena SER, pierde 60.000 oyentes y se sitúa en los 947.000 oyentes, aunque sigue siendo el más escuchado de la noche.
La mayor subida la experimenta &quot;El Partido de las Doce&quot; de la Cadena Cope (146.000) y se coloca en 551.000, seguido de &quot;Al primer toque&quot; de Onda Cero, que logra 261.000 oyentes, y de Radio Gaceta de los Deportes (RNE) -que se emite entre las 20:30 y las 21:30 horas a diferencia de los otros que comienzan a las 00.00 horas- con 101.000 seguidores.
Por lo que respecta a las emisoras con temática musical continúa líder &quot;Los 40 Principales&quot; que crece en 238.000 oyentes hasta colocarse en los 3.178.000.
Por detrás, están Cadena Dial, con 2.346.000 oyentes, crece 204.000; &quot;Europa FM&quot; con 1.995.000 (aumenta 72.000); Cadena 100 con 1.789.000 (sube 62.000), Rock FM, que crece en 5.000 oyentes y se coloca con 965.000 oyentes, Kiss FM con 915.000 (sube 66.000), Máxima FM con 615.000 (95.000 menos), M80 con 595.000 (aumenta 133.000), Megastar con 325.000 (crece 3.000) y Melodía FM con 190.000 (pierde 79.000).
Diarios impresos
Los diez diarios impresos más leídos, de octubre de 2014 a mayo de 2015, son: Marca (2.344.000 lectores diarios); seguido de El País (1.504.000); As (1.239.000), El Mundo (925.000), La Vanguardia (683.000), La Voz de Galicia (586.000), El Mundo Deportivo (553.000), El Periódico (501.000), ABC (494.000)y Sport (469.000) .
Los tres suplementos impresos más leídos son XL Semanal (2.162.000 lectores por semana); El País Semanal (1.360.000)y Mujer Hoy (1.265.000).
Las tres revistas semanales que encabezan el &quot;ranking&quot; son Pronto (3.250.000), Hola (2.236.000) y Lecturas (1.384.000).
Lo Más lo más 50
</topic_text>
<spam_score>0.00</spam_score>
<post_num>1</post_num>
<post_id>post-1</post_id>
<post_url>http://www.ideal.es/sociedad/201507/02/radios-ganan-audiencia-excepto-20150702113658-rc.html</post_url>
<post_date>20150702</post_date>
<post_time>1150</post_time>
<username>efe</username>
<post>
La Cadena SER, la Cope y Radio Nacional de España (RNE) han ganado audiencia mientras que Onda Cero ha perdido 62.000 oyentes, según la segunda oleada del Estudio General de Medios (EGM) de 2015, difundida este jueves.
De lunes a viernes, Onda Cero pasa de 2.610.000 oyentes en la primera oleada de este año -difundida en abril- a 2.548.000. Por el contrario, la SER gana 111.000 oyentes y pasa de 4.655.000 a 4.766.000, aunque continúa siendo la emisora más escuchada por los oyentes por delante de Onda Cero, COPE y RNE.
La Cadena Cope y RNE experimentan un aumento de audiencia: la primera de 96.000 y se sitúa en 1.854.000 oyentes, y la emisora pública de 16.000, logrando 1.308.000.
El listado de las principales emisoras de radio se completa con Rac 1, con 781.000 oyentes (baja 4.000); Catalunya Radio con 651.000 (43.000 más); EsRadio con 394.000 (sube 16.000), Canal Sur Radio con 366.000 (baja 24.000), Radio Galega con 153.000 (20.000 más) y Radio Euskadi con 144.000 (pierde 15.000).
Programas matinales
Entre los principales programas matinales de las cadenas generalistas el único que gana oyentes es &quot;Hoy por Hoy&quot; (SER), que registra una audiencia de 3.146.000 personas (29.000 más que en la oleada anterior).
El segundo más escuchado ha sido el de Onda Cero, &quot;Herrera en la Onda&quot;, que fue sustituido en abril por &quot;Más de uno&quot; después del anuncio de Carlos Herrera de abandonar la emisora. No obstante, ha perdido 140.000 oyentes y se coloca en 1.931.000 seguidores. Se sitúan por detrás &quot;La Mañana&quot; de COPE, que baja en 4.000 oyentes (976.000), y &quot;Las Mañanas de RNE&quot;, que pierden 41.000 a personas (879.000).
Por las tardes, &quot;La Ventana&quot;, de la Cadena Ser, y &quot;Esto me suena. Las tardes del Ciudadano García&quot;, de RNE, ganan 81.000 y 54.000 oyentes, respectivamente; &quot;La tarde&quot;, de la COPE, se queda igual que en la primera oleada (279.000 oyentes), y &quot;Julia en la onda&quot;, de Onda Cero, baja en 3.000 oyentes y logra 548.000.
En relación a los espacios informativos nocturnos sigue a la cabeza &quot;Hora 25&quot;, con 1.299.000 oyentes, que ha subido en 50.000, seguido de &quot;La Linterna&quot; de la Cadena COPE, con 590.000 y una bajada de 49.000 seguidores.
Detrás se coloca &quot;La Brújula&quot;, de Onda Cero, con 495.000 y una bajada de 62.000 -Carlos Alsina dejó de dirigir el espacio en abril para pasar a las mañanas de la emisora junto a Juan Ramón Lucas-, y le sigue &quot;24 horas&quot;, de RNE, que se sitúa en los 327.000, con un descenso de 27.000 personas.
Deportivos y musicales
En cuanto a los programas deportivos nocturnos, &quot;El Larguero&quot;, de la Cadena SER, pierde 60.000 oyentes y se sitúa en los 947.000 oyentes, aunque sigue siendo el más escuchado de la noche.
La mayor subida la experimenta &quot;El Partido de las Doce&quot; de la Cadena Cope (146.000) y se coloca en 551.000, seguido de &quot;Al primer toque&quot; de Onda Cero, que logra 261.000 oyentes, y de Radio Gaceta de los Deportes (RNE) -que se emite entre las 20:30 y las 21:30 horas a diferencia de los otros que comienzan a las 00.00 horas- con 101.000 seguidores.
Por lo que respecta a las emisoras con temática musical continúa líder &quot;Los 40 Principales&quot; que crece en 238.000 oyentes hasta colocarse en los 3.178.000.
Por detrás, están Cadena Dial, con 2.346.000 oyentes, crece 204.000; &quot;Europa FM&quot; con 1.995.000 (aumenta 72.000); Cadena 100 con 1.789.000 (sube 62.000), Rock FM, que crece en 5.000 oyentes y se coloca con 965.000 oyentes, Kiss FM con 915.000 (sube 66.000), Máxima FM con 615.000 (95.000 menos), M80 con 595.000 (aumenta 133.000), Megastar con 325.000 (crece 3.000) y Melodía FM con 190.000 (pierde 79.000).
Diarios impresos
Los diez diarios impresos más leídos, de octubre de 2014 a mayo de 2015, son: Marca (2.344.000 lectores diarios); seguido de El País (1.504.000); As (1.239.000), El Mundo (925.000), La Vanguardia (683.000), La Voz de Galicia (586.000), El Mundo Deportivo (553.000), El Periódico (501.000), ABC (494.000)y Sport (469.000) .
Los tres suplementos impresos más leídos son XL Semanal (2.162.000 lectores por semana); El País Semanal (1.360.000)y Mujer Hoy (1.265.000).
Las tres revistas semanales que encabezan el &quot;ranking&quot; son Pronto (3.250.000), Hola (2.236.000) y Lecturas (1.384.000).
Lo Más lo más 50
</post>
<signature>

</signature>
<external_links>

</external_links>
<country>ES</country>
<main_image>http://www.ideal.es/img/2014/logoC-200.png</main_image>
</document>
