<?xml version="1.0" encoding="UTF-8"?>
<document>
<type>mainstream</type>
<forum>http://www.thurgauerzeitung.ch/storage/rss/rss/frontseite_web.xml</forum>
<forum_title>Frontseite</forum_title>
<discussion_title>Spuren in Wohnung gesichert</discussion_title>
<language>german</language>
<gmt_offset></gmt_offset>
<topic_url>http://www.tagblatt.ch/nachrichten/polizeinews/Spuren-in-Wohnung-gesichert;art675,4620419</topic_url>
<topic_text>
(Bild: Kapo SG) ller Webergasse ein Mann auf offener Strasse erschossen worden. Das Tatmotiv ist nach wie vor unklar. Der Schütze ist weiterhin auf der Flucht. ST.GALLEN. Nach der schrecklichen Bluttat vom Donnerstagmorgen in der St.Galler Altstadt gibt es laut Polizei noch keine &quot;konkreten Neuigkeiten&quot;. &quot;Wir ermitteln noch immer in alle Richtungen&quot;, sagt Hanspeter Krüsi, Chef Kommunikation der St.Galler Kantonspolizei. Die Polizei steht derzeit mit den Angehörigen des Opfers in Kontakt, um mehr über den Getöteten zu erfahren. Über die Hintergründe der Tat herrscht Unklarheit. Wie das Online-Portal &quot;20 Minuten&quot; schreibt, soll dem Gewaltverbrechen ein familiärer Streit vorangegangen sein. Angeblich sollen Geldprobleme von Aussenstehenden der Grund sein, wobei das Opfer nicht selber betroffen war. &quot;Die Ermittlungen sind noch in vollem Gange. Wir wollen keine voreiligen Schlüsse ziehen.&quot; &quot;Ob diese aber dem Opfer zuzuschreiben sind und ob der Mann in dieser Wohnung gelebt hat, klären wir derzeit ab&quot;, sagt er. Keine Spur gibt es nach wie vor vom flüchtigen Täter. Die Grossfahndung läuft weiterhin. Gemäss Krüsi hat die St.Galler Kantonspolizei nach der Tat umgehend die angrenzenden Kantone und alle nationalen Grenzen verständigt. &quot;Vor allem haben wir auch die angrenzenden Länder über den Fall in Kenntnis gesetzt.&quot; (lex)
</topic_text>
<spam_score>0.00</spam_score>
<post_num>1</post_num>
<post_id>post-1</post_id>
<post_url>http://www.tagblatt.ch/nachrichten/polizeinews/Spuren-in-Wohnung-gesichert;art675,4620419</post_url>
<post_date>20160512</post_date>
<post_time>1515</post_time>
<username></username>
<post>
(Bild: Kapo SG) ller Webergasse ein Mann auf offener Strasse erschossen worden. Das Tatmotiv ist nach wie vor unklar. Der Schütze ist weiterhin auf der Flucht. ST.GALLEN. Nach der schrecklichen Bluttat vom Donnerstagmorgen in der St.Galler Altstadt gibt es laut Polizei noch keine &quot;konkreten Neuigkeiten&quot;. &quot;Wir ermitteln noch immer in alle Richtungen&quot;, sagt Hanspeter Krüsi, Chef Kommunikation der St.Galler Kantonspolizei. Die Polizei steht derzeit mit den Angehörigen des Opfers in Kontakt, um mehr über den Getöteten zu erfahren. Über die Hintergründe der Tat herrscht Unklarheit. Wie das Online-Portal &quot;20 Minuten&quot; schreibt, soll dem Gewaltverbrechen ein familiärer Streit vorangegangen sein. Angeblich sollen Geldprobleme von Aussenstehenden der Grund sein, wobei das Opfer nicht selber betroffen war. &quot;Die Ermittlungen sind noch in vollem Gange. Wir wollen keine voreiligen Schlüsse ziehen.&quot; &quot;Ob diese aber dem Opfer zuzuschreiben sind und ob der Mann in dieser Wohnung gelebt hat, klären wir derzeit ab&quot;, sagt er. Keine Spur gibt es nach wie vor vom flüchtigen Täter. Die Grossfahndung läuft weiterhin. Gemäss Krüsi hat die St.Galler Kantonspolizei nach der Tat umgehend die angrenzenden Kantone und alle nationalen Grenzen verständigt. &quot;Vor allem haben wir auch die angrenzenden Länder über den Fall in Kenntnis gesetzt.&quot; (lex)
</post>
<signature>

</signature>
<external_links>

</external_links>
<country>CH</country>
<main_image>http://static2.tagblatt.ch/storage/pic/bilderserien/aktuelle/ostschweiz/mann_in_stgallen_erschossen/2708151_1_St.Gallen_201.jpg?version=1463036413</main_image>
</document>
