<?xml version="1.0" encoding="UTF-8"?>
<document>
<type>mainstream</type>
<forum></forum>
<forum_title></forum_title>
<discussion_title>Promotor de Vendas Líder – Porto Alegre – RS | Vagas de Emprego em Porto Alegre e em todo o RS</discussion_title>
<language>portuguese</language>
<gmt_offset></gmt_offset>
<topic_url>http://www.vagaspoa.com.br/promotor-de-vendas-lider-porto-alegre-rs/</topic_url>
<topic_text>
Promotor de Vendas Líder – Porto Alegre – RS Postado em 12 de maio de 2016 Atribuições: O Profissional escolhido, ira desenvolver atividades dentro de um roteiro de lojas, terá que atualizar preços, buscar pontos extras e desenvolver trabalho de liderança entre os demais promotores. Requisitos: Ambos os sexos, idade acima de 18 anos, preferencialmente morador de Porto Alegre, segundo grau completo, estar cursando o superior vai ser um diferencial. Jornada de Trabalho: Segunda a sexta, das 08:30 às 18:00. Enviar currículo informando a vaga de interesse para rafael.chagas@josapar.com.br Não esquecer de mencionar que a vaga foi vista no site VagasPOA. Compartilhe essa vaga Você gostaria de receber por e-mail as novas vagas de emprego ou estágio no estado do Rio Grande do Sul postadas em nosso site? Então informe seu e-mail abaixo e você passará a receber por e-mail o nosso feed! O serviço oferecido pelo FeedBurner é inteiramente gratuito e pode ser cancelado a qualquer momento. Em cada e-mail que receber com nossas vagas estará presente o link descadastrar-se quando desejar. O processo é inteiramente automatizado e não permite nem exige interferência nossa. Dicas Úteis Antes de enviar seu currículo verifique se você está de acordo com o perfil solicitado. Entendemos que você queria trabalhar, mas ao candidatar-se a vagas para as quais você não possui os requisitos você só estar´ atrapalhando o processo seletivo. Sempre que possível, quando comparecer a uma entrevista, informe que o anúncio de vaga foi visto no Vagas POA , isso ajuda nosso site a ter cada vez mais visibilidade e consequentemente a receber mais vagas para divulgar e ajudar mais pessoas. Se você conseguiu um emprego ou estágio através de nosso site conte para seus amigos e para nós, vamos adorar saber do seu sucesso! As vagas que são divulgadas em nosso site nos foram enviadas pelas empresas contratantes ou de recrutamento, caso você deseje maiores informações sobre determinada vaga use as formas de contato informadas no próprio anúncio. O Vagas POA é um mero intermediário entre o candidato e a empresa, nós não participamos do processo seletivo. 
</topic_text>
<spam_score>0.00</spam_score>
<post_num>1</post_num>
<post_id>post-1</post_id>
<post_url>http://www.vagaspoa.com.br/promotor-de-vendas-lider-porto-alegre-rs/</post_url>
<post_date>20160512</post_date>
<post_time></post_time>
<username></username>
<post>
Promotor de Vendas Líder – Porto Alegre – RS Postado em 12 de maio de 2016 Atribuições: O Profissional escolhido, ira desenvolver atividades dentro de um roteiro de lojas, terá que atualizar preços, buscar pontos extras e desenvolver trabalho de liderança entre os demais promotores. Requisitos: Ambos os sexos, idade acima de 18 anos, preferencialmente morador de Porto Alegre, segundo grau completo, estar cursando o superior vai ser um diferencial. Jornada de Trabalho: Segunda a sexta, das 08:30 às 18:00. Enviar currículo informando a vaga de interesse para rafael.chagas@josapar.com.br Não esquecer de mencionar que a vaga foi vista no site VagasPOA. Compartilhe essa vaga Você gostaria de receber por e-mail as novas vagas de emprego ou estágio no estado do Rio Grande do Sul postadas em nosso site? Então informe seu e-mail abaixo e você passará a receber por e-mail o nosso feed! O serviço oferecido pelo FeedBurner é inteiramente gratuito e pode ser cancelado a qualquer momento. Em cada e-mail que receber com nossas vagas estará presente o link descadastrar-se quando desejar. O processo é inteiramente automatizado e não permite nem exige interferência nossa. Dicas Úteis Antes de enviar seu currículo verifique se você está de acordo com o perfil solicitado. Entendemos que você queria trabalhar, mas ao candidatar-se a vagas para as quais você não possui os requisitos você só estar´ atrapalhando o processo seletivo. Sempre que possível, quando comparecer a uma entrevista, informe que o anúncio de vaga foi visto no Vagas POA , isso ajuda nosso site a ter cada vez mais visibilidade e consequentemente a receber mais vagas para divulgar e ajudar mais pessoas. Se você conseguiu um emprego ou estágio através de nosso site conte para seus amigos e para nós, vamos adorar saber do seu sucesso! As vagas que são divulgadas em nosso site nos foram enviadas pelas empresas contratantes ou de recrutamento, caso você deseje maiores informações sobre determinada vaga use as formas de contato informadas no próprio anúncio. O Vagas POA é um mero intermediário entre o candidato e a empresa, nós não participamos do processo seletivo. 
</post>
<signature>

</signature>
<external_links>

</external_links>
<country>US</country>
<main_image>http://www.vagaspoa.com.br/imagens/avatarog.jpg</main_image>
</document>
