<?xml version="1.0" encoding="UTF-8"?>
<document>
<type>mainstream</type>
<forum>http://www.vertele.com/feed/</forum>
<forum_title>Vertele</forum_title>
<discussion_title>Primera imagen del ‘Rocky Horror Picture Show’ de FOX con Laverne Cox (‘Orange’)</discussion_title>
<language>spanish</language>
<gmt_offset></gmt_offset>
<topic_url>http://www.vertele.com/todo-series/primera-imagen-del-rocky-horror-picture-show-de-fox-con-laverne-cox-orange/</topic_url>
<topic_text>
La actriz releva a Tim Curry como el Dr. Frank-N-Furter, en la adaptación en forma de tv-movie de la película de culto estrenada en 1975 12.05.2016 | Redacción 
La versión televisiva de ‘The Rocky Horror Picture Show’ será uno de los platos fuertes con los que FOX cuenta para el próximo otoño. La tv-movie cuenta con Laverne Cox, que saltó a la fama gracias a ‘Orange Is The New Black’ como el nuevo Dr. Frank-N-Furter, el científico travesti al que diera vida Tim Curry en la película de 1975 (así como en teatro, donde fue también interpretado con éxito por Anthony Stewart Head). 
EW ofrece ahora la primera imagen de la actriz en el papel, acompañadas de algunas declaraciones: “Le enseñé a mi hermano fotos mías caracterizada y me dijo: “Has estado preparándote toda tu vida para esto”&quot;, declara la intérprete. Etiquetas
</topic_text>
<spam_score>0.00</spam_score>
<post_num>1</post_num>
<post_id>post-1</post_id>
<post_url>http://www.vertele.com/todo-series/primera-imagen-del-rocky-horror-picture-show-de-fox-con-laverne-cox-orange/</post_url>
<post_date>20160512</post_date>
<post_time>1519</post_time>
<username>vertele</username>
<post>
La actriz releva a Tim Curry como el Dr. Frank-N-Furter, en la adaptación en forma de tv-movie de la película de culto estrenada en 1975 12.05.2016 | Redacción 
La versión televisiva de ‘The Rocky Horror Picture Show’ será uno de los platos fuertes con los que FOX cuenta para el próximo otoño. La tv-movie cuenta con Laverne Cox, que saltó a la fama gracias a ‘Orange Is The New Black’ como el nuevo Dr. Frank-N-Furter, el científico travesti al que diera vida Tim Curry en la película de 1975 (así como en teatro, donde fue también interpretado con éxito por Anthony Stewart Head). 
EW ofrece ahora la primera imagen de la actriz en el papel, acompañadas de algunas declaraciones: “Le enseñé a mi hermano fotos mías caracterizada y me dijo: “Has estado preparándote toda tu vida para esto”&quot;, declara la intérprete. Etiquetas
</post>
<signature>

</signature>
<external_links>

</external_links>
<country>US</country>
<main_image>http://www.vertele.com/files/2016/05/Rocky-Horror-Picture-Show-Laverne-Cox1.jpg</main_image>
</document>
