<?xml version="1.0" encoding="UTF-8"?>
<document>
<type>mainstream</type>
<forum></forum>
<forum_title></forum_title>
<discussion_title>&apos;Gisele Bündchen e eu temos passado por altos e baixos&apos;, diz Tom Brady - Emais - Estadão</discussion_title>
<language>portuguese</language>
<gmt_offset></gmt_offset>
<topic_url>http://emais.estadao.com.br/noticias/gente,gisele-bundchen-e-eu-temos-passado-por-altos-e-baixos--diz-tom-brady,10000050768</topic_url>
<topic_text>
&apos;Gisele Bündchen e eu temos passado por altos e baixos&apos;, diz Tom Brady - Bang Showbiz 12/05/2016, 11:20 
Casamento de Gisele Bündchen e Tom Brady tem passado por crises, mas isso os tornou muito mais fortes 
Foto: Reprodução/Instagram 
Gisele Bündchen e Tom Brady têm passado por &quot;uma série de altos e baixos&quot; no casamento. O astro do futebol americano, de 38 anos afirmou que a vida de montanha-russa do casal tem ajudado a construir uma relação &quot;mais forte&quot;. Leia também: Beyoncé e Jay Z se separaram em inúmeras ocasiões, de acordo com prima da cantora 
&quot;Sou abençoado por encontrar esta parceira de vida que todos nós meio que buscamos em diferentes momentos da nossa vida. Nós nos encontramos no momento certo. Nós já passamos por um monte de altos e baixos juntos, e de muitas maneiras, isso meio que tornou nossa relação tão forte&quot;, disse ao Ele disse ao Access Hollywood . 
Gisele e Tom são pais de Benjamin, de 6 anos, e Vivian, 3. A modelo brasileira confirmou que o casamento tinha enfrentado algumas turbulências. &quot;Nós já passamos por alguns momentos difíceis juntos. Acho que é quando você sabe quem são seus amigos e quem te ama...&quot;, disse. 
&quot;Meu pai sempre disse que a qualidade de sua vida depende da qualidade de seus relacionamentos, e acho que, não importa o quão desafiador fosse, sempre apoiamos ​​um ao outro. Acho que é a coisa mais importante que você pode ter em vida, sabe? Um sistema de apoio e amor&quot;. 
E rumores sobre uma crise no relacionamento do casal já vieram à tona no passado e Tom foi forçado a insistir que eles estavam bem. Pelo visto, superaram as crises juntos. Comentários Aviso: Os comentários são de responsabilidade de seus autores e não representam a opinião do Estadão. É vetada a inserção de comentários que violem a lei, a moral e os bons costumes ou violem direitos de terceiros. O Estadão poderá retirar, sem prévia notificação, comentários postados que não respeitem os criterios impostos neste aviso ou que estejam fora do tema proposto. Você pode digitar 600 caracteres. Redes sociais Fique por dentro das novidades do E+ JUSTIN BIEBER 
</topic_text>
<spam_score>0.00</spam_score>
<post_num>1</post_num>
<post_id>post-1</post_id>
<post_url>http://emais.estadao.com.br/noticias/gente,gisele-bundchen-e-eu-temos-passado-por-altos-e-baixos--diz-tom-brady,10000050768</post_url>
<post_date>20161205</post_date>
<post_time></post_time>
<username></username>
<post>
&apos;Gisele Bündchen e eu temos passado por altos e baixos&apos;, diz Tom Brady - Bang Showbiz 12/05/2016, 11:20 
Casamento de Gisele Bündchen e Tom Brady tem passado por crises, mas isso os tornou muito mais fortes 
Foto: Reprodução/Instagram 
Gisele Bündchen e Tom Brady têm passado por &quot;uma série de altos e baixos&quot; no casamento. O astro do futebol americano, de 38 anos afirmou que a vida de montanha-russa do casal tem ajudado a construir uma relação &quot;mais forte&quot;. Leia também: Beyoncé e Jay Z se separaram em inúmeras ocasiões, de acordo com prima da cantora 
&quot;Sou abençoado por encontrar esta parceira de vida que todos nós meio que buscamos em diferentes momentos da nossa vida. Nós nos encontramos no momento certo. Nós já passamos por um monte de altos e baixos juntos, e de muitas maneiras, isso meio que tornou nossa relação tão forte&quot;, disse ao Ele disse ao Access Hollywood . 
Gisele e Tom são pais de Benjamin, de 6 anos, e Vivian, 3. A modelo brasileira confirmou que o casamento tinha enfrentado algumas turbulências. &quot;Nós já passamos por alguns momentos difíceis juntos. Acho que é quando você sabe quem são seus amigos e quem te ama...&quot;, disse. 
&quot;Meu pai sempre disse que a qualidade de sua vida depende da qualidade de seus relacionamentos, e acho que, não importa o quão desafiador fosse, sempre apoiamos ​​um ao outro. Acho que é a coisa mais importante que você pode ter em vida, sabe? Um sistema de apoio e amor&quot;. 
E rumores sobre uma crise no relacionamento do casal já vieram à tona no passado e Tom foi forçado a insistir que eles estavam bem. Pelo visto, superaram as crises juntos. Comentários Aviso: Os comentários são de responsabilidade de seus autores e não representam a opinião do Estadão. É vetada a inserção de comentários que violem a lei, a moral e os bons costumes ou violem direitos de terceiros. O Estadão poderá retirar, sem prévia notificação, comentários postados que não respeitem os criterios impostos neste aviso ou que estejam fora do tema proposto. Você pode digitar 600 caracteres. Redes sociais Fique por dentro das novidades do E+ JUSTIN BIEBER 
</post>
<signature>

</signature>
<external_links>

</external_links>
<country>IL</country>
<main_image>http://img.estadao.com.br/resources/jpg/1/9/1463062576091.jpg</main_image>
</document>
