<?xml version="1.0" encoding="UTF-8"?>
<document>
<type>mainstream</type>
<forum>http://rssfeeds.wausaudailyherald.com/wausau/home</forum>
<forum_title>Wausau - Home</forum_title>
<discussion_title>31 things to do in Wausau this summer</discussion_title>
<language>english</language>
<gmt_offset></gmt_offset>
<topic_url>http://www.wausaudailyherald.com/story/entertainment/2016/05/12/31-things-do-wausau-summer/83697270/</topic_url>
<topic_text>
Email Comment 
School is about to let out, trees are in bloom and bicycles are hitting the road once again. That can mean only one thing: Summer is making its return to Wausau. From baseball games to parades to Balloon and Rib Fest, there won&apos;t any shortage of events to keep the community busy all summer long. 
Of course there isn&apos;t any way to know everything happening all summer long, so if you notice an important event missing from our list, let us know in the comments or by emailing us so we can add it. Ongoing Events 
1. Catch a Woodchucks game, May through August, Athletic Park 
Athletic Park, home of the Wisconsin Woodchucks. (Photo: USA TODAY NETWORK- Wisconsin) 
Get your tickets and make your way to the ballpark for some old-fashioned summer fun. The stadium is newly remodeled and ready to open for the season. Visit the concession stand for a hot dog and cheer on your Wisconsin Woodchucks as they play. Tickets are $6 for general admission tickets and $8 for reserved seats. 
For more information visit northwoodsleague.com/wisconsin-woodchucks 
2. First Thursdays, May through September, downtown Wausau 
Visit downtown Wausau to experience musicians, entertainers and more from 4 p.m to 8 p.m. on the first Thursday of each month. Help support local businesses and enjoy what Wausau businesses have to offer. Participate in a scavenger hunt as well! 
For more information and to find which businesses will participate visit wausauriverdistrict.com . 
3. State Park Speedway races, May through September, State Park Speedway 
The Larry Detjens Memorial Race at State Park Speedway is this weekend. (Photo: USA TODAY NETWORK-Wisconsin) 
Watch cars speed around the oval track at the State Park Speedway. The quarter-mile track is a great place to watch late models, street stocks and mini stocks race. Qualifying begins at 6:45 p.m. with the race beginning at 7:30 p.m. Tickets are $10 for ages 13 and up, $5 ages 6-12 and free for those under five. 
More information and a full schedule, visit stateparkspeedway.com . 
4. The Art of Seating, June 4 through August 28, Woodson Art Museum 
Visit the Woodson museum to see a display of chairs as art. The chairs will be both functional and sculptural as it details the last 200 years of design. See just how beautiful and historical chairs can be. 
For more information, visit lywam.org . 
5. Concerts on the Square, Wednesdays, June through August, The 400 Block 
Johnny Altenburgh &amp; The Mo-Tones play at a Concerts on the Square performance by in downtown Wausau in 2011. (Photo: USA TODAY NETWORK- WIsconsin) 
Enjoy 10 weeks of summer concerts located in the heart of downtown. All are welcome at the concerts, which start at 6 p.m. and go until 8 p.m. Come together for a night of music with your family and friends. Check out wausauevents.org for more information. 
6. Water Walkers ski show, June through August, Lake Wausau 
The Water Walkers Water Ski Show Team performs in 2013 on Lake Wausau. (Photo: USA TODAY NETWORK- Wisconsin) 
Enjoy a free show on the lake as the Water Walkers show off their skills with skis. A concession stand is available at the event, serving brats, hotdogs, beverages, chips, popcorn and candy. Bleacher seating is available or you can bring your own seating. There will also be a 50/50 raffle at every event this summer. 
For specific dates and more information visit cwwaterwalkers.com . 
7. Farmers markets, May through late fall 
Get some fresh produce, support local artists by purchasing jewelry or enjoy lunch from a food truck at one of Wausau&apos;s farmers markets. The Farmers Market of Wausau is up and running on River Drive every Wednesday and Saturday through November. Stop by for fresh, local fare at a great price. Fifty vendors bring together a variety of products ranging from baked goods to produce to meats and cheeses. The market starts at 7 a.m. and runs until all products are sold out. For more information on the Farmers Market of Wausau, visit farmersmarketofwausau.com . 
Beginning on June 23 and continuing until Sept. 22, Marketplace Thursdays will return to The 400 Block in downtown Wausau. Wausau-area farmers proudly provide healthy fruits and vegetables and other vendors sell soaps or show cooking. The market runs from 9 a.m. to 2 p.m. making it the perfect stop for lunch. For anyone interested in becoming a vendor, fees are $75 for the whole season or $10 for a single Thursday. More information is available at wausauevents.org . May 
8. Monk Gardens Guided Bird Tour, May 21, Monk Gardens 
Make your way to Monk Gardens at 6:30 a.m. to get more acquainted with birds of the central Wisconsin area. This walk is a celebration of Migratory Bird Day, and the Wausau Bird Club will be leading the walk. Bring your own binoculars and field guide if you have one. Quiet children are welcome, but no dogs. After the walk make sure to stick around for the Saturday plant sale and flea market. 
More information at rwmonkgardens.org . 
9. Rib Mountain Adventure Challenge, May 28, Nine Mile recreation area 
Put together a group of two to four and challenge yourself to an adventure race through the central Wisconsin wilderness. The second annual running of this race will include running, biking and paddling. You’ll navigate your way using only a compass and a map, no electronics allowed. Choose from the three hour or eight hour challenge and put yourself and your friends to the test. Everyone from beginners to seasoned professionals are able to participate. Cost ranges from $170 to $400. 
For more information visit ribmountainadventurechallenge.com . 
10. Wausau Memorial Day Parade, May 28, downtown Wausau 
A young lady receives a handshake from a retired war veteran during the 2015 Wausau Memorial Day parade in Wausau (Photo: USA TODAY NETWORK- Wisconsin) 
Honor the fallen from Wausau by watching the Memorial Day parade. It will begin at 10:45 a.m. at the Stewart Avenue entrance to Marathon Park. It will travel into downtown and to the VFW on River Drive. Following the parade, there will be a memorial service at 11 a.m. with remarks from a city representative and an exercise of Military Rites and Taps. June 
11. Wisconsin Woodchucks Opening Day, June 3, Athletic Park 
Enjoy a game of baseball as the Woodchucks open their season for the summer against the Wisconsin Rapids Rafters. The game will begin at 7:05 p.m. All fans entering the ballpark will receive a magnet schedule, while supplies last. Make sure to enjoy some old fashioned ballpark food while you’re there! Stick around after the game for fireworks. Tickets are $6 for general admission and $8 for reserved seats. Children 2 and under are free. 
More information about the Woodchucks is available at northwoodsleague.com/wisconsin-woodchucks . 
12. Run for their lives 2106, June 4, Immanuel Baptist Church, Rib Mountain 
A dog turns a corner at the 2013 Run For Their Lives 5K at Doepke Recreation Area in Rib Mountain. (Photo: USA TODAY NETWORK- Wisconsin) 
Sign up and run a 5K to support the Humane Society of Marathon County at 9 a.m. Bring your canine companion on the run through Rib Mountain. The course is easy enough for beginning runners yet still offers a challenge for seasoned runners. Kids are welcome as well and will have their own 1K relay race at 10 a.m. Cost is $30 for the 5K and $6 for the children’s relay. 
For more information visit catsndogs.org/run-for-their-lives . 
13. Raptors in the Garden, June 11, Monk Gardens 
Get up close and personal with birds of prey from 10 a.m. to 2 p.m. as the Raptor Education Group Inc. team teaches participants about raptors. There will be opportunities for pictures with the birds for $2, activities and food for sale. Door prizes will be available as well. The event itself will be free. 
More information is available at rwmonkgardens.org . 
14. “Little Shop of Horrors,” June 16-18, The Grand Theater 
Visit The Grand Theater to see “The Little Shop of Horrors,” a play about Seymour, a nerdy floral clerk with a knack for plants but not much else. See what happens when one peculiar plant that he tends becomes his ticket to fame, but with one problem, the plant has an unquenchable thirst for blood. This play mixes Motown, B-movies and the American dream to create a hit musical. The show will be performed by the Wausau Community Theater at 6:30 p.m. June 16 and 7:30 p.m. June 17 and June 18. Tickets are $22 for adults, $18 for students or seniors, $14 for ages 7 through high school and $7 for ages 7 and below. 
For more information visit wausaucommunitytheater.org . 
15. Summer Kickoff Weekend, June 17 and 19, Oak Island Park and The 400 Block 
Take time during Father’s Day weekend to celebrate the beginning of summer. From 5 p.m. to 9 p.m. on June 17, enjoy kids games, a kids fun run, food, music and crafts at Oak Island Park, followed by an outdoor movie. All is free except the kids fun run, which costs $5 to enter. 
On Sunday, make sure to grab your dad and check out the classic car show on The 400 Block to celebrate Father’s Day. 
For more information visit wausauevents.org . July 
16. Beer around the Bases, July 1, Athletic Park 
Come see the Woodchucks take on the Duluth Huskies as you sample unlimited tastings of over 20 craft beers in the new Ministry Health Care terrace. There will also be a ballpark food buffet available. Tickets are $35 in advance and $40 day of the game. Designated driver tickets will be available for $20. Limited numbers of tickets are available to this new event. 
For more information visit northwoodsleague.com/wisconsin-woodchucks . 
17. Fourth of July festivities, Wausau 
Celebrate America’s birthday with events all over central Wisconsin, from fireworks and parades to car shows and live music. Keep an eye out for a more comprehensive guide as the holiday approaches. 
18. Balloon &amp; Rib Fest, July 7-10, Wausau Downtown Airport 
Enjoy hot air balloons, six different rib vendors, kites, pig racing, bounce houses, food and fireworks at the Balloon &amp; Rib Fest. 
Balloons are launched at 6 p.m. Thursday through Saturday, along with an 8:30 p.m.balloon glow. Saturday and Sunday there will also be 6 a.m. launches as well. Keep in mind that weather will play a large part in balloon launching, though. 
The weekend will also include a Balloon Chase 5K on July 9, live music and a petting zoo. 
For more information, visit wausauevents.org . 
19. Downtown sidewalk sale, July 7-10, Downtown Wausau businesses 
Take advantage of sale prices as downtown stores take to the sidewalks with their sale inventory. Part of the big weekend that includes Balloon &amp; Rib fest and Chalkfest, the weekend is sure to be busy. 
For more information visit wausauriverdistrict.com . 
20. Chalkfest, July 9-10, The 400 Block 
Photo courtesy of Jamie Bootz. Paige Bootz works on a portrait at Chalkfest 2015 in downtown Wausau. (Photo: USA TODAY NETWORK- Wisconsin) 
Watch the 400 Block be transformed into a work of art as chalk artists display their abilities on the sidewalks. More than 300 artists will participate in the festival. If you’re interested in participating, the cost of early registration is $20. The price increases July 6, and the price increases to $25. 
For more information visit wausauevents.org . Leah Kurth&apos;s work &apos;Hans Solo&apos; was one of Chalkfest&apos;s five winners on the 400 Block for Chalkfest in downtown Wausau, Sunday, July 12, 2015. (Photo: Megan McCormick/Daily Herald Media, Megan McCormick/Daily Herald Media) Buy Photo Fullscreen Jim and Megan Hellrod&apos;s work &apos;Spiderman&apos; was one of Chalkfest&apos;s five winners on the 400 Block for Chalkfest in downtown Wausau, Sunday, July 12, 2015. (Photo: Megan McCormick/Daily Herald Media, Megan McCormick/Daily Herald Media) Buy Photo Fullscreen Bridget Daniels&apos; work &apos;Frog&apos; was one of Chalkfest&apos;s five winners on the 400 Block for Chalkfest in downtown Wausau, Sunday, July 12, 2015. (Photo: Megan McCormick/Daily Herald Media, Megan McCormick/Daily Herald Media) Buy Photo Fullscreen Tom Lambrect&apos;s work &apos;Dinosaur&apos; was one of Chalkfest&apos;s five winners on the 400 Block for Chalkfest in downtown Wausau, Sunday, July 12, 2015. (Photo: Megan McCormick/Daily Herald Media, Megan McCormick/Daily Herald Media) Buy Photo Fullscreen Kendyl Pettit and Jeza Kleinschmidt&apos;s work &apos;Harry Potter&apos; was one of Chalkfest&apos;s five winners on the 400 Block for Chalkfest in downtown Wausau, Sunday, July 12, 2015. (Photo: Megan McCormick/Daily Herald Media, Megan McCormick/Daily Herald Media) Buy Photo Fullscreen Emily Voss&apos; work &apos;School Girls&apos; was one of Chalkfest&apos;s eight honorable mentions on the 400 Block for Chalkfest in downtown Wausau, Sunday, July 12, 2015. (Photo: Megan McCormick/Daily Herald Media, Megan McCormick/Daily Herald Media) Buy Photo Fullscreen Lenn Soderlund and Luke Orstscheid&apos;s work &apos;Woman with Bird&apos; was one of Chalkfest&apos;s eight honorable mentions on the 400 Block for Chalkfest in downtown Wausau, Sunday, July 12, 2015. (Photo: Megan McCormick/Daily Herald Media, Megan McCormick/Daily Herald Media) Buy Photo Fullscreen Kerry Bretl&apos;s work &apos;Elephant&apos; was one of Chalkfest&apos;s eight honorable mentions on the 400 Block for Chalkfest in downtown Wausau, Sunday, July 12, 2015. (Photo: Megan McCormick/Daily Herald Media, Megan McCormick/Daily Herald Media) Buy Photo Fullscreen Olivia Murwin&apos;s work &apos;Jumanji&apos; was one of Chalkfest&apos;s eight honorable mentions on the 400 Block for Chalkfest in downtown Wausau, Sunday, July 12, 2015. (Photo: Megan McCormick/Daily Herald Media, Megan McCormick/Daily Herald Media) Buy Photo Fullscreen Kelly Liebezeit&apos;s work &apos;Peacock&apos; was one of Chalkfest&apos;s eight honorable mentions on the 400 Block for Chalkfest in downtown Wausau, Sunday, July 12, 2015. (Photo: Megan McCormick/Daily Herald Media, Megan McCormick/Daily Herald Media) Buy Photo Fullscreen Jerry Hersil&apos;s work &apos;Joker&apos; was one of Chalkfest&apos;s eight honorable mentions on the 400 Block for Chalkfest in downtown Wausau, Sunday, July 12, 2015. (Photo: Megan McCormick/Daily Herald Media, Megan McCormick/Daily Herald Media) Buy Photo Fullscreen Craig and James Rogers&apos; work &apos;Ready Player One&apos; was one of Chalkfest&apos;s eight honorable mentions on the 400 Block for Chalkfest in downtown Wausau, Sunday, July 12, 2015. (Photo: Megan McCormick/Daily Herald Media, Megan McCormick/Daily Herald Media) Buy Photo Fullscreen Mara Steinweber&apos;s work &apos;Portrait of a Girl&apos; was one of Chalkfest&apos;s eight honorable mentions on the 400 Block for Chalkfest in downtown Wausau, Sunday, July 12, 2015. (Photo: Megan McCormick/Daily Herald Media, Megan McCormick/Daily Herald Media) Buy Photo Fullscreen Finished works of art line the 400 Block for Chalkfest in downtown Wausau, Sunday, July 12, 2015. (Photo: Megan McCormick/Daily Herald Media, Megan McCormick/Daily Herald Media) Buy Photo Fullscreen Finished works of art line the 400 Block for Chalkfest in downtown Wausau, Sunday, July 12, 2015. (Photo: Megan McCormick/Daily Herald Media, Megan McCormick/Daily Herald Media) Buy Photo Fullscreen Finished works of art line the 400 Block for Chalkfest in downtown Wausau, Sunday, July 12, 2015. (Photo: Megan McCormick/Daily Herald Media, Megan McCormick/Daily Herald Media) Buy Photo Fullscreen Finished works of art line the 400 Block for Chalkfest in downtown Wausau, Sunday, July 12, 2015. (Photo: Megan McCormick/Daily Herald Media, Megan McCormick/Daily Herald Media) Buy Photo Fullscreen Finished works of art line the 400 Block for Chalkfest in downtown Wausau, Sunday, July 12, 2015. (Photo: Megan McCormick/Daily Herald Media, Megan McCormick/Daily Herald Media) Buy Photo Fullscreen Finished works of art line the 400 Block for Chalkfest in downtown Wausau, Sunday, July 12, 2015. (Photo: Megan McCormick/Daily Herald Media, Megan McCormick/Daily Herald Media) Buy Photo Fullscreen Finished works of art line the 400 Block for Chalkfest in downtown Wausau, Sunday, July 12, 2015. (Photo: Megan McCormick/Daily Herald Media, Megan McCormick/Daily Herald Media) Buy Photo Fullscreen Finished works of art line the 400 Block for Chalkfest in downtown Wausau, Sunday, July 12, 2015. (Photo: Megan McCormick/Daily Herald Media, Megan McCormick/Daily Herald Media) Buy Photo Fullscreen Finished works of art line the 400 Block for Chalkfest in downtown Wausau, Sunday, July 12, 2015. (Photo: Megan McCormick/Daily Herald Media, Megan McCormick/Daily Herald Media) Buy Photo Fullscreen Finished works of art line the 400 Block for Chalkfest in downtown Wausau, Sunday, July 12, 2015. (Photo: Megan McCormick/Daily Herald Media, Megan McCormick/Daily Herald Media) Buy Photo Fullscreen Steffani Kasulke, 24, of Wausau draws a Tyrannosaurus rex during Chalkfest on the 400 Block in downtown Wausau, Saturday, July 11, 2015. (Photo: Megan McCormick/Daily Herald Media, Megan McCormick/Daily Herald Media) Chalk artists take to the 400 Block for Chalkfest in downtown Wausau, Saturday, July 11, 2015. (Photo: Megan McCormick/Daily Herald Media, Megan McCormick/Daily Herald Media) Buy Photo Fullscreen Spectators watch Elly Sebastian, 24, of Stevens Point draw a monster slumber party with characters of her own design in the center circle of the 400 Block during Chalkfest in downtown Wausau, Saturday, July 11, 2015. (Photo: Megan McCormick/Daily Herald Media, Megan McCormick/Daily Herald Media) Buy Photo Fullscreen Free chalk for artists during Chalkfest on the 400 Block in downtown Wausau, Saturday, July 11, 2015. (Photo: Megan McCormick/Daily Herald Media, Megan McCormick/Daily Herald Media) Buy Photo Fullscreen Malaya Merriwether, 14, of Wausau, left, and Emmalyn Grau, 15, of Wausau, right, work on their drawings during Chalkfest on the 400 Block in downtown Wausau, Saturday, July 11, 2015. Merriwether was drawing a frog and Grau was drawing Captain Hook and Peter Pan. (Photo: Megan McCormick/Daily Herald Media, Megan McCormick/Daily Herald Media) Chalk artists take to the 400 Block for Chalkfest in downtown Wausau, Saturday, July 11, 2015. (Photo: Megan McCormick/Daily Herald Media, Megan McCormick/Daily Herald Media) Chalk artists take to the 400 Block for Chalkfest in downtown Wausau, Saturday, July 11, 2015. (Photo: Megan McCormick/Daily Herald Media, Megan McCormick/Daily Herald Media) Chalk artists take to the 400 Block for Chalkfest in downtown Wausau, Saturday, July 11, 2015. (Photo: Megan McCormick/Daily Herald Media, Megan McCormick/Daily Herald Media) Chalk artists take to the 400 Block for Chalkfest in downtown Wausau, Saturday, July 11, 2015. (Photo: Megan McCormick/Daily Herald Media, Megan McCormick/Daily Herald Media) Chalk artists take to the 400 Block for Chalkfest in downtown Wausau, Saturday, July 11, 2015. (Photo: Megan McCormick/Daily Herald Media, Megan McCormick/Daily Herald Media) Chalk for sale during Chalkfest on the 400 Block in downtown Wausau, Saturday, July 11, 2015. (Photo: Megan McCormick/Daily Herald Media, Megan McCormick/Daily Herald Media) Buy Photo Fullscreen Volunteer Elizabeth Walber, 18, of Wausau organizes the chalk supplies that were for sale during Chalkfest on the 400 Block in downtown Wausau, Saturday, July 11, 2015. (Photo: Megan McCormick/Daily Herald Media, Megan McCormick/Daily Herald Media) Buy Photo Fullscreen Kathy Kling, 21, of Wausau draws from a photo of one of her friends in a costume during Chalkfest on the 400 Block in downtown Wausau, Saturday, July 11, 2015. (Photo: Megan McCormick/Daily Herald Media, Megan McCormick/Daily Herald Media) Buy Photo Fullscreen Sarah Lentz, 19, of Wausau, left, and Ellicia Myles, 17, of Wausau draw the musical artist Prince during Chalkfest on the 400 Block in downtown Wausau, Saturday, July 11, 2015. (Photo: Megan McCormick/Daily Herald Media, Megan McCormick/Daily Herald Media) Buy Photo Fullscreen Sarah Macco, 10, of Wausau, left, draws hands and feet with her mother Lisa Macco of Wausau, right, during Chalkfest on the 400 Block in downtown Wausau, Saturday, July 11, 2015. (Photo: Megan McCormick/Daily Herald Media, Megan McCormick/Daily Herald Media) Buy Photo Fullscreen Davis Kutil, 16, of Wausau draws a lion during Chalkfest on the 400 Block in downtown Wausau, Saturday, July 11, 2015. (Photo: Megan McCormick/Daily Herald Media, Megan McCormick/Daily Herald Media) Buy Photo Fullscreen Steffani Kasulke, 24, of Wausau draws a Tyrannosaurus rex during Chalkfest on the 400 Block in downtown Wausau, Saturday, July 11, 2015. (Photo: Megan McCormick/Daily Herald Media, Megan McCormick/Daily Herald Media) Buy Photo Fullscreen Ann Richards of Mount Pleasant draws a gnome during Chalkfest on the 400 Block in downtown Wausau, Saturday, July 11, 2015. (Photo: Megan McCormick/Daily Herald Media, Megan McCormick/Daily Herald Media) Buy Photo Fullscreen Sonya Schuessler, 17, of Wausau draws the headless horseman during Chalkfest on the 400 Block in downtown Wausau, Saturday, July 11, 2015. (Photo: Megan McCormick/Daily Herald Media, Megan McCormick/Daily Herald Media) Buy Photo Fullscreen Kathy Kling, 21, of Wausau draws from a photo of one of her friends in a costume during Chalkfest on the 400 Block in downtown Wausau, Saturday, July 11, 2015. (Photo: Megan McCormick/Daily Herald Media, Megan McCormick/Daily Herald Media) Buy Photo Fullscreen A piece of chalk sits on a drawing during Chalkfest on the 400 Block in downtown Wausau, Saturday, July 11, 2015. (Photo: Megan McCormick/Daily Herald Media, Megan McCormick/Daily Herald Media) Buy Photo Fullscreen Sarah Boller, 15, of Wausau adds a touch of yellow to her dolphin drawing during Chalkfest on the 400 Block in downtown Wausau, Saturday, July 11, 2015. (Photo: Megan McCormick/Daily Herald Media, Megan McCormick/Daily Herald Media) Chalk artists take to the 400 Block for Chalkfest in downtown Wausau, Saturday, July 11, 2015. (Photo: Megan McCormick/Daily Herald Media, Megan McCormick/Daily Herald Media) Chalk artists take to the 400 Block for Chalkfest in downtown Wausau, Saturday, July 11, 2015. (Photo: Megan McCormick/Daily Herald Media, Megan McCormick/Daily Herald Media) Chalk artists take to the 400 Block for Chalkfest in downtown Wausau, Saturday, July 11, 2015. (Photo: Megan McCormick/Daily Herald Media, Megan McCormick/Daily Herald Media) Chalk artists take to the 400 Block for Chalkfest in downtown Wausau, Saturday, July 11, 2015. (Photo: Megan McCormick/Daily Herald Media, Megan McCormick/Daily Herald Media) Chalk artists take to the 400 Block for Chalkfest in downtown Wausau, Saturday, July 11, 2015. (Photo: Megan McCormick/Daily Herald Media, Megan McCormick/Daily Herald Media) Chalk artists take to the 400 Block for Chalkfest in downtown Wausau, Saturday, July 11, 2015. (Photo: Megan McCormick/Daily Herald Media, Megan McCormick/Daily Herald Media) Like this topic? You may also like these photo galleries: Replay
</topic_text>
<spam_score>0.00</spam_score>
<post_num>1</post_num>
<post_id>post-1</post_id>
<post_url>http://www.wausaudailyherald.com/story/entertainment/2016/05/12/31-things-do-wausau-summer/83697270/</post_url>
<post_date>20160512</post_date>
<post_time>1407</post_time>
<username></username>
<post>
Email Comment 
School is about to let out, trees are in bloom and bicycles are hitting the road once again. That can mean only one thing: Summer is making its return to Wausau. From baseball games to parades to Balloon and Rib Fest, there won&apos;t any shortage of events to keep the community busy all summer long. 
Of course there isn&apos;t any way to know everything happening all summer long, so if you notice an important event missing from our list, let us know in the comments or by emailing us so we can add it. Ongoing Events 
1. Catch a Woodchucks game, May through August, Athletic Park 
Athletic Park, home of the Wisconsin Woodchucks. (Photo: USA TODAY NETWORK- Wisconsin) 
Get your tickets and make your way to the ballpark for some old-fashioned summer fun. The stadium is newly remodeled and ready to open for the season. Visit the concession stand for a hot dog and cheer on your Wisconsin Woodchucks as they play. Tickets are $6 for general admission tickets and $8 for reserved seats. 
For more information visit northwoodsleague.com/wisconsin-woodchucks 
2. First Thursdays, May through September, downtown Wausau 
Visit downtown Wausau to experience musicians, entertainers and more from 4 p.m to 8 p.m. on the first Thursday of each month. Help support local businesses and enjoy what Wausau businesses have to offer. Participate in a scavenger hunt as well! 
For more information and to find which businesses will participate visit wausauriverdistrict.com . 
3. State Park Speedway races, May through September, State Park Speedway 
The Larry Detjens Memorial Race at State Park Speedway is this weekend. (Photo: USA TODAY NETWORK-Wisconsin) 
Watch cars speed around the oval track at the State Park Speedway. The quarter-mile track is a great place to watch late models, street stocks and mini stocks race. Qualifying begins at 6:45 p.m. with the race beginning at 7:30 p.m. Tickets are $10 for ages 13 and up, $5 ages 6-12 and free for those under five. 
More information and a full schedule, visit stateparkspeedway.com . 
4. The Art of Seating, June 4 through August 28, Woodson Art Museum 
Visit the Woodson museum to see a display of chairs as art. The chairs will be both functional and sculptural as it details the last 200 years of design. See just how beautiful and historical chairs can be. 
For more information, visit lywam.org . 
5. Concerts on the Square, Wednesdays, June through August, The 400 Block 
Johnny Altenburgh &amp; The Mo-Tones play at a Concerts on the Square performance by in downtown Wausau in 2011. (Photo: USA TODAY NETWORK- WIsconsin) 
Enjoy 10 weeks of summer concerts located in the heart of downtown. All are welcome at the concerts, which start at 6 p.m. and go until 8 p.m. Come together for a night of music with your family and friends. Check out wausauevents.org for more information. 
6. Water Walkers ski show, June through August, Lake Wausau 
The Water Walkers Water Ski Show Team performs in 2013 on Lake Wausau. (Photo: USA TODAY NETWORK- Wisconsin) 
Enjoy a free show on the lake as the Water Walkers show off their skills with skis. A concession stand is available at the event, serving brats, hotdogs, beverages, chips, popcorn and candy. Bleacher seating is available or you can bring your own seating. There will also be a 50/50 raffle at every event this summer. 
For specific dates and more information visit cwwaterwalkers.com . 
7. Farmers markets, May through late fall 
Get some fresh produce, support local artists by purchasing jewelry or enjoy lunch from a food truck at one of Wausau&apos;s farmers markets. The Farmers Market of Wausau is up and running on River Drive every Wednesday and Saturday through November. Stop by for fresh, local fare at a great price. Fifty vendors bring together a variety of products ranging from baked goods to produce to meats and cheeses. The market starts at 7 a.m. and runs until all products are sold out. For more information on the Farmers Market of Wausau, visit farmersmarketofwausau.com . 
Beginning on June 23 and continuing until Sept. 22, Marketplace Thursdays will return to The 400 Block in downtown Wausau. Wausau-area farmers proudly provide healthy fruits and vegetables and other vendors sell soaps or show cooking. The market runs from 9 a.m. to 2 p.m. making it the perfect stop for lunch. For anyone interested in becoming a vendor, fees are $75 for the whole season or $10 for a single Thursday. More information is available at wausauevents.org . May 
8. Monk Gardens Guided Bird Tour, May 21, Monk Gardens 
Make your way to Monk Gardens at 6:30 a.m. to get more acquainted with birds of the central Wisconsin area. This walk is a celebration of Migratory Bird Day, and the Wausau Bird Club will be leading the walk. Bring your own binoculars and field guide if you have one. Quiet children are welcome, but no dogs. After the walk make sure to stick around for the Saturday plant sale and flea market. 
More information at rwmonkgardens.org . 
9. Rib Mountain Adventure Challenge, May 28, Nine Mile recreation area 
Put together a group of two to four and challenge yourself to an adventure race through the central Wisconsin wilderness. The second annual running of this race will include running, biking and paddling. You’ll navigate your way using only a compass and a map, no electronics allowed. Choose from the three hour or eight hour challenge and put yourself and your friends to the test. Everyone from beginners to seasoned professionals are able to participate. Cost ranges from $170 to $400. 
For more information visit ribmountainadventurechallenge.com . 
10. Wausau Memorial Day Parade, May 28, downtown Wausau 
A young lady receives a handshake from a retired war veteran during the 2015 Wausau Memorial Day parade in Wausau (Photo: USA TODAY NETWORK- Wisconsin) 
Honor the fallen from Wausau by watching the Memorial Day parade. It will begin at 10:45 a.m. at the Stewart Avenue entrance to Marathon Park. It will travel into downtown and to the VFW on River Drive. Following the parade, there will be a memorial service at 11 a.m. with remarks from a city representative and an exercise of Military Rites and Taps. June 
11. Wisconsin Woodchucks Opening Day, June 3, Athletic Park 
Enjoy a game of baseball as the Woodchucks open their season for the summer against the Wisconsin Rapids Rafters. The game will begin at 7:05 p.m. All fans entering the ballpark will receive a magnet schedule, while supplies last. Make sure to enjoy some old fashioned ballpark food while you’re there! Stick around after the game for fireworks. Tickets are $6 for general admission and $8 for reserved seats. Children 2 and under are free. 
More information about the Woodchucks is available at northwoodsleague.com/wisconsin-woodchucks . 
12. Run for their lives 2106, June 4, Immanuel Baptist Church, Rib Mountain 
A dog turns a corner at the 2013 Run For Their Lives 5K at Doepke Recreation Area in Rib Mountain. (Photo: USA TODAY NETWORK- Wisconsin) 
Sign up and run a 5K to support the Humane Society of Marathon County at 9 a.m. Bring your canine companion on the run through Rib Mountain. The course is easy enough for beginning runners yet still offers a challenge for seasoned runners. Kids are welcome as well and will have their own 1K relay race at 10 a.m. Cost is $30 for the 5K and $6 for the children’s relay. 
For more information visit catsndogs.org/run-for-their-lives . 
13. Raptors in the Garden, June 11, Monk Gardens 
Get up close and personal with birds of prey from 10 a.m. to 2 p.m. as the Raptor Education Group Inc. team teaches participants about raptors. There will be opportunities for pictures with the birds for $2, activities and food for sale. Door prizes will be available as well. The event itself will be free. 
More information is available at rwmonkgardens.org . 
14. “Little Shop of Horrors,” June 16-18, The Grand Theater 
Visit The Grand Theater to see “The Little Shop of Horrors,” a play about Seymour, a nerdy floral clerk with a knack for plants but not much else. See what happens when one peculiar plant that he tends becomes his ticket to fame, but with one problem, the plant has an unquenchable thirst for blood. This play mixes Motown, B-movies and the American dream to create a hit musical. The show will be performed by the Wausau Community Theater at 6:30 p.m. June 16 and 7:30 p.m. June 17 and June 18. Tickets are $22 for adults, $18 for students or seniors, $14 for ages 7 through high school and $7 for ages 7 and below. 
For more information visit wausaucommunitytheater.org . 
15. Summer Kickoff Weekend, June 17 and 19, Oak Island Park and The 400 Block 
Take time during Father’s Day weekend to celebrate the beginning of summer. From 5 p.m. to 9 p.m. on June 17, enjoy kids games, a kids fun run, food, music and crafts at Oak Island Park, followed by an outdoor movie. All is free except the kids fun run, which costs $5 to enter. 
On Sunday, make sure to grab your dad and check out the classic car show on The 400 Block to celebrate Father’s Day. 
For more information visit wausauevents.org . July 
16. Beer around the Bases, July 1, Athletic Park 
Come see the Woodchucks take on the Duluth Huskies as you sample unlimited tastings of over 20 craft beers in the new Ministry Health Care terrace. There will also be a ballpark food buffet available. Tickets are $35 in advance and $40 day of the game. Designated driver tickets will be available for $20. Limited numbers of tickets are available to this new event. 
For more information visit northwoodsleague.com/wisconsin-woodchucks . 
17. Fourth of July festivities, Wausau 
Celebrate America’s birthday with events all over central Wisconsin, from fireworks and parades to car shows and live music. Keep an eye out for a more comprehensive guide as the holiday approaches. 
18. Balloon &amp; Rib Fest, July 7-10, Wausau Downtown Airport 
Enjoy hot air balloons, six different rib vendors, kites, pig racing, bounce houses, food and fireworks at the Balloon &amp; Rib Fest. 
Balloons are launched at 6 p.m. Thursday through Saturday, along with an 8:30 p.m.balloon glow. Saturday and Sunday there will also be 6 a.m. launches as well. Keep in mind that weather will play a large part in balloon launching, though. 
The weekend will also include a Balloon Chase 5K on July 9, live music and a petting zoo. 
For more information, visit wausauevents.org . 
19. Downtown sidewalk sale, July 7-10, Downtown Wausau businesses 
Take advantage of sale prices as downtown stores take to the sidewalks with their sale inventory. Part of the big weekend that includes Balloon &amp; Rib fest and Chalkfest, the weekend is sure to be busy. 
For more information visit wausauriverdistrict.com . 
20. Chalkfest, July 9-10, The 400 Block 
Photo courtesy of Jamie Bootz. Paige Bootz works on a portrait at Chalkfest 2015 in downtown Wausau. (Photo: USA TODAY NETWORK- Wisconsin) 
Watch the 400 Block be transformed into a work of art as chalk artists display their abilities on the sidewalks. More than 300 artists will participate in the festival. If you’re interested in participating, the cost of early registration is $20. The price increases July 6, and the price increases to $25. 
For more information visit wausauevents.org . Leah Kurth&apos;s work &apos;Hans Solo&apos; was one of Chalkfest&apos;s five winners on the 400 Block for Chalkfest in downtown Wausau, Sunday, July 12, 2015. (Photo: Megan McCormick/Daily Herald Media, Megan McCormick/Daily Herald Media) Buy Photo Fullscreen Jim and Megan Hellrod&apos;s work &apos;Spiderman&apos; was one of Chalkfest&apos;s five winners on the 400 Block for Chalkfest in downtown Wausau, Sunday, July 12, 2015. (Photo: Megan McCormick/Daily Herald Media, Megan McCormick/Daily Herald Media) Buy Photo Fullscreen Bridget Daniels&apos; work &apos;Frog&apos; was one of Chalkfest&apos;s five winners on the 400 Block for Chalkfest in downtown Wausau, Sunday, July 12, 2015. (Photo: Megan McCormick/Daily Herald Media, Megan McCormick/Daily Herald Media) Buy Photo Fullscreen Tom Lambrect&apos;s work &apos;Dinosaur&apos; was one of Chalkfest&apos;s five winners on the 400 Block for Chalkfest in downtown Wausau, Sunday, July 12, 2015. (Photo: Megan McCormick/Daily Herald Media, Megan McCormick/Daily Herald Media) Buy Photo Fullscreen Kendyl Pettit and Jeza Kleinschmidt&apos;s work &apos;Harry Potter&apos; was one of Chalkfest&apos;s five winners on the 400 Block for Chalkfest in downtown Wausau, Sunday, July 12, 2015. (Photo: Megan McCormick/Daily Herald Media, Megan McCormick/Daily Herald Media) Buy Photo Fullscreen Emily Voss&apos; work &apos;School Girls&apos; was one of Chalkfest&apos;s eight honorable mentions on the 400 Block for Chalkfest in downtown Wausau, Sunday, July 12, 2015. (Photo: Megan McCormick/Daily Herald Media, Megan McCormick/Daily Herald Media) Buy Photo Fullscreen Lenn Soderlund and Luke Orstscheid&apos;s work &apos;Woman with Bird&apos; was one of Chalkfest&apos;s eight honorable mentions on the 400 Block for Chalkfest in downtown Wausau, Sunday, July 12, 2015. (Photo: Megan McCormick/Daily Herald Media, Megan McCormick/Daily Herald Media) Buy Photo Fullscreen Kerry Bretl&apos;s work &apos;Elephant&apos; was one of Chalkfest&apos;s eight honorable mentions on the 400 Block for Chalkfest in downtown Wausau, Sunday, July 12, 2015. (Photo: Megan McCormick/Daily Herald Media, Megan McCormick/Daily Herald Media) Buy Photo Fullscreen Olivia Murwin&apos;s work &apos;Jumanji&apos; was one of Chalkfest&apos;s eight honorable mentions on the 400 Block for Chalkfest in downtown Wausau, Sunday, July 12, 2015. (Photo: Megan McCormick/Daily Herald Media, Megan McCormick/Daily Herald Media) Buy Photo Fullscreen Kelly Liebezeit&apos;s work &apos;Peacock&apos; was one of Chalkfest&apos;s eight honorable mentions on the 400 Block for Chalkfest in downtown Wausau, Sunday, July 12, 2015. (Photo: Megan McCormick/Daily Herald Media, Megan McCormick/Daily Herald Media) Buy Photo Fullscreen Jerry Hersil&apos;s work &apos;Joker&apos; was one of Chalkfest&apos;s eight honorable mentions on the 400 Block for Chalkfest in downtown Wausau, Sunday, July 12, 2015. (Photo: Megan McCormick/Daily Herald Media, Megan McCormick/Daily Herald Media) Buy Photo Fullscreen Craig and James Rogers&apos; work &apos;Ready Player One&apos; was one of Chalkfest&apos;s eight honorable mentions on the 400 Block for Chalkfest in downtown Wausau, Sunday, July 12, 2015. (Photo: Megan McCormick/Daily Herald Media, Megan McCormick/Daily Herald Media) Buy Photo Fullscreen Mara Steinweber&apos;s work &apos;Portrait of a Girl&apos; was one of Chalkfest&apos;s eight honorable mentions on the 400 Block for Chalkfest in downtown Wausau, Sunday, July 12, 2015. (Photo: Megan McCormick/Daily Herald Media, Megan McCormick/Daily Herald Media) Buy Photo Fullscreen Finished works of art line the 400 Block for Chalkfest in downtown Wausau, Sunday, July 12, 2015. (Photo: Megan McCormick/Daily Herald Media, Megan McCormick/Daily Herald Media) Buy Photo Fullscreen Finished works of art line the 400 Block for Chalkfest in downtown Wausau, Sunday, July 12, 2015. (Photo: Megan McCormick/Daily Herald Media, Megan McCormick/Daily Herald Media) Buy Photo Fullscreen Finished works of art line the 400 Block for Chalkfest in downtown Wausau, Sunday, July 12, 2015. (Photo: Megan McCormick/Daily Herald Media, Megan McCormick/Daily Herald Media) Buy Photo Fullscreen Finished works of art line the 400 Block for Chalkfest in downtown Wausau, Sunday, July 12, 2015. (Photo: Megan McCormick/Daily Herald Media, Megan McCormick/Daily Herald Media) Buy Photo Fullscreen Finished works of art line the 400 Block for Chalkfest in downtown Wausau, Sunday, July 12, 2015. (Photo: Megan McCormick/Daily Herald Media, Megan McCormick/Daily Herald Media) Buy Photo Fullscreen Finished works of art line the 400 Block for Chalkfest in downtown Wausau, Sunday, July 12, 2015. (Photo: Megan McCormick/Daily Herald Media, Megan McCormick/Daily Herald Media) Buy Photo Fullscreen Finished works of art line the 400 Block for Chalkfest in downtown Wausau, Sunday, July 12, 2015. (Photo: Megan McCormick/Daily Herald Media, Megan McCormick/Daily Herald Media) Buy Photo Fullscreen Finished works of art line the 400 Block for Chalkfest in downtown Wausau, Sunday, July 12, 2015. (Photo: Megan McCormick/Daily Herald Media, Megan McCormick/Daily Herald Media) Buy Photo Fullscreen Finished works of art line the 400 Block for Chalkfest in downtown Wausau, Sunday, July 12, 2015. (Photo: Megan McCormick/Daily Herald Media, Megan McCormick/Daily Herald Media) Buy Photo Fullscreen Finished works of art line the 400 Block for Chalkfest in downtown Wausau, Sunday, July 12, 2015. (Photo: Megan McCormick/Daily Herald Media, Megan McCormick/Daily Herald Media) Buy Photo Fullscreen Steffani Kasulke, 24, of Wausau draws a Tyrannosaurus rex during Chalkfest on the 400 Block in downtown Wausau, Saturday, July 11, 2015. (Photo: Megan McCormick/Daily Herald Media, Megan McCormick/Daily Herald Media) Chalk artists take to the 400 Block for Chalkfest in downtown Wausau, Saturday, July 11, 2015. (Photo: Megan McCormick/Daily Herald Media, Megan McCormick/Daily Herald Media) Buy Photo Fullscreen Spectators watch Elly Sebastian, 24, of Stevens Point draw a monster slumber party with characters of her own design in the center circle of the 400 Block during Chalkfest in downtown Wausau, Saturday, July 11, 2015. (Photo: Megan McCormick/Daily Herald Media, Megan McCormick/Daily Herald Media) Buy Photo Fullscreen Free chalk for artists during Chalkfest on the 400 Block in downtown Wausau, Saturday, July 11, 2015. (Photo: Megan McCormick/Daily Herald Media, Megan McCormick/Daily Herald Media) Buy Photo Fullscreen Malaya Merriwether, 14, of Wausau, left, and Emmalyn Grau, 15, of Wausau, right, work on their drawings during Chalkfest on the 400 Block in downtown Wausau, Saturday, July 11, 2015. Merriwether was drawing a frog and Grau was drawing Captain Hook and Peter Pan. (Photo: Megan McCormick/Daily Herald Media, Megan McCormick/Daily Herald Media) Chalk artists take to the 400 Block for Chalkfest in downtown Wausau, Saturday, July 11, 2015. (Photo: Megan McCormick/Daily Herald Media, Megan McCormick/Daily Herald Media) Chalk artists take to the 400 Block for Chalkfest in downtown Wausau, Saturday, July 11, 2015. (Photo: Megan McCormick/Daily Herald Media, Megan McCormick/Daily Herald Media) Chalk artists take to the 400 Block for Chalkfest in downtown Wausau, Saturday, July 11, 2015. (Photo: Megan McCormick/Daily Herald Media, Megan McCormick/Daily Herald Media) Chalk artists take to the 400 Block for Chalkfest in downtown Wausau, Saturday, July 11, 2015. (Photo: Megan McCormick/Daily Herald Media, Megan McCormick/Daily Herald Media) Chalk artists take to the 400 Block for Chalkfest in downtown Wausau, Saturday, July 11, 2015. (Photo: Megan McCormick/Daily Herald Media, Megan McCormick/Daily Herald Media) Chalk for sale during Chalkfest on the 400 Block in downtown Wausau, Saturday, July 11, 2015. (Photo: Megan McCormick/Daily Herald Media, Megan McCormick/Daily Herald Media) Buy Photo Fullscreen Volunteer Elizabeth Walber, 18, of Wausau organizes the chalk supplies that were for sale during Chalkfest on the 400 Block in downtown Wausau, Saturday, July 11, 2015. (Photo: Megan McCormick/Daily Herald Media, Megan McCormick/Daily Herald Media) Buy Photo Fullscreen Kathy Kling, 21, of Wausau draws from a photo of one of her friends in a costume during Chalkfest on the 400 Block in downtown Wausau, Saturday, July 11, 2015. (Photo: Megan McCormick/Daily Herald Media, Megan McCormick/Daily Herald Media) Buy Photo Fullscreen Sarah Lentz, 19, of Wausau, left, and Ellicia Myles, 17, of Wausau draw the musical artist Prince during Chalkfest on the 400 Block in downtown Wausau, Saturday, July 11, 2015. (Photo: Megan McCormick/Daily Herald Media, Megan McCormick/Daily Herald Media) Buy Photo Fullscreen Sarah Macco, 10, of Wausau, left, draws hands and feet with her mother Lisa Macco of Wausau, right, during Chalkfest on the 400 Block in downtown Wausau, Saturday, July 11, 2015. (Photo: Megan McCormick/Daily Herald Media, Megan McCormick/Daily Herald Media) Buy Photo Fullscreen Davis Kutil, 16, of Wausau draws a lion during Chalkfest on the 400 Block in downtown Wausau, Saturday, July 11, 2015. (Photo: Megan McCormick/Daily Herald Media, Megan McCormick/Daily Herald Media) Buy Photo Fullscreen Steffani Kasulke, 24, of Wausau draws a Tyrannosaurus rex during Chalkfest on the 400 Block in downtown Wausau, Saturday, July 11, 2015. (Photo: Megan McCormick/Daily Herald Media, Megan McCormick/Daily Herald Media) Buy Photo Fullscreen Ann Richards of Mount Pleasant draws a gnome during Chalkfest on the 400 Block in downtown Wausau, Saturday, July 11, 2015. (Photo: Megan McCormick/Daily Herald Media, Megan McCormick/Daily Herald Media) Buy Photo Fullscreen Sonya Schuessler, 17, of Wausau draws the headless horseman during Chalkfest on the 400 Block in downtown Wausau, Saturday, July 11, 2015. (Photo: Megan McCormick/Daily Herald Media, Megan McCormick/Daily Herald Media) Buy Photo Fullscreen Kathy Kling, 21, of Wausau draws from a photo of one of her friends in a costume during Chalkfest on the 400 Block in downtown Wausau, Saturday, July 11, 2015. (Photo: Megan McCormick/Daily Herald Media, Megan McCormick/Daily Herald Media) Buy Photo Fullscreen A piece of chalk sits on a drawing during Chalkfest on the 400 Block in downtown Wausau, Saturday, July 11, 2015. (Photo: Megan McCormick/Daily Herald Media, Megan McCormick/Daily Herald Media) Buy Photo Fullscreen Sarah Boller, 15, of Wausau adds a touch of yellow to her dolphin drawing during Chalkfest on the 400 Block in downtown Wausau, Saturday, July 11, 2015. (Photo: Megan McCormick/Daily Herald Media, Megan McCormick/Daily Herald Media) Chalk artists take to the 400 Block for Chalkfest in downtown Wausau, Saturday, July 11, 2015. (Photo: Megan McCormick/Daily Herald Media, Megan McCormick/Daily Herald Media) Chalk artists take to the 400 Block for Chalkfest in downtown Wausau, Saturday, July 11, 2015. (Photo: Megan McCormick/Daily Herald Media, Megan McCormick/Daily Herald Media) Chalk artists take to the 400 Block for Chalkfest in downtown Wausau, Saturday, July 11, 2015. (Photo: Megan McCormick/Daily Herald Media, Megan McCormick/Daily Herald Media) Chalk artists take to the 400 Block for Chalkfest in downtown Wausau, Saturday, July 11, 2015. (Photo: Megan McCormick/Daily Herald Media, Megan McCormick/Daily Herald Media) Chalk artists take to the 400 Block for Chalkfest in downtown Wausau, Saturday, July 11, 2015. (Photo: Megan McCormick/Daily Herald Media, Megan McCormick/Daily Herald Media) Chalk artists take to the 400 Block for Chalkfest in downtown Wausau, Saturday, July 11, 2015. (Photo: Megan McCormick/Daily Herald Media, Megan McCormick/Daily Herald Media) Like this topic? You may also like these photo galleries: Replay
</post>
<signature>

</signature>
<external_links>

</external_links>
<country>US</country>
<main_image></main_image>
</document>
