<?xml version="1.0" encoding="UTF-8"?>
<document>
<type>mainstream</type>
<forum></forum>
<forum_title></forum_title>
<discussion_title>الجرس | Al Jaras : اخبار وصور نجوم الفن والسياسة والمجتمع والرياضة | منة فضالي على طبيعتها تماماً دون مكياج وبدت أجمل – بالصورة</discussion_title>
<language>arabic</language>
<gmt_offset></gmt_offset>
<topic_url>http://www.aljaras.com/%d9%85%d9%86%d8%a9-%d9%81%d8%b6%d8%a7%d9%84%d9%8a-%d8%b9%d9%84%d9%89-%d8%b7%d8%a8%d9%8a%d8%b9%d8%aa%d9%87%d8%a7-%d8%aa%d9%85%d8%a7%d9%85%d8%a7%d9%8b-%d8%af%d9%88%d9%86-%d9%85%d9%83%d9%8a%d8%a7%d8%ac/</topic_url>
<topic_text>
منة فضالي على طبيعتها تماماً دون مكياج وبدت أجمل – بالصورة May 12, 2016 at 15:29 منة فضالي بدون مكياج 
</topic_text>
<spam_score>0.00</spam_score>
<post_num>1</post_num>
<post_id>post-1</post_id>
<post_url>http://www.aljaras.com/%d9%85%d9%86%d8%a9-%d9%81%d8%b6%d8%a7%d9%84%d9%8a-%d8%b9%d9%84%d9%89-%d8%b7%d8%a8%d9%8a%d8%b9%d8%aa%d9%87%d8%a7-%d8%aa%d9%85%d8%a7%d9%85%d8%a7%d9%8b-%d8%af%d9%88%d9%86-%d9%85%d9%83%d9%8a%d8%a7%d8%ac/</post_url>
<post_date>20160512</post_date>
<post_time></post_time>
<username></username>
<post>
منة فضالي على طبيعتها تماماً دون مكياج وبدت أجمل – بالصورة May 12, 2016 at 15:29 منة فضالي بدون مكياج 
</post>
<signature>

</signature>
<external_links>

</external_links>
<country>CA</country>
<main_image>http://www.aljaras.com/wp-content/uploads/2016/02/منة-فضالي1.jpg</main_image>
</document>
