<?xml version="1.0" encoding="UTF-8"?>
<document>
<type>mainstream</type>
<forum>http://knox.villagesoup.com//rss/story/ae</forum>
<forum_title>Knox VillageSoup Arts &amp; Entertainment Headlines</forum_title>
<discussion_title>Midcoast arts groups get NEA grants</discussion_title>
<language>english</language>
<gmt_offset></gmt_offset>
<topic_url>http://knox.villagesoup.com/p/midcoast-arts-groups-get-nea-grants/1522541?source=rss</topic_url>
<topic_text>
Midcoast arts groups get NEA grants May 12, 2016 
Washington, D.C. — The National Endowment for the Arts will award nearly $1 million in grant funding to entities in Maine that foster artistic creativity and innovation in their communities. The grants support a wide range of artistic endeavors ... To continue reading, become a member . Already a member, please login: Username:
</topic_text>
<spam_score>0.00</spam_score>
<post_num>1</post_num>
<post_id>post-1</post_id>
<post_url>http://knox.villagesoup.com/p/midcoast-arts-groups-get-nea-grants/1522541?source=rss</post_url>
<post_date>20160512</post_date>
<post_time>1554</post_time>
<username>news@courierpublicationsllc.com (Staff)</username>
<post>
Midcoast arts groups get NEA grants May 12, 2016 
Washington, D.C. — The National Endowment for the Arts will award nearly $1 million in grant funding to entities in Maine that foster artistic creativity and innovation in their communities. The grants support a wide range of artistic endeavors ... To continue reading, become a member . Already a member, please login: Username:
</post>
<signature>

</signature>
<external_links>

</external_links>
<country>US</country>
<main_image>http://knox.villagesoup.com/theme/vs/img/VS_FB.png</main_image>
</document>
