<?xml version="1.0" encoding="UTF-8"?>
<document>
<type>mainstream</type>
<forum>http://www.laprovinciacr.it/rss.jsp?sezione=10</forum>
<forum_title>La Provincia</forum_title>
<discussion_title>Nox erat... al Manin, venerdì il liceo fa le ore piccole</discussion_title>
<language>italian</language>
<gmt_offset></gmt_offset>
<topic_url>http://www.laprovinciacr.it/scheda/cultura/141801/Nox-erat----al.html</topic_url>
<topic_text>
  Sabato in Comune la premiazione del Certamen Cremonense Nox erat... al Manin, venerdì il liceo fa le ore piccole dal 13/05/2016 al 13/05/2016 Aggiungi al calendario http://www.laprovinciacr.it/scheda/cultura/141801/Nox-erat----al.html 12/05/2016 18:31:58 12/05/2016 18:31:58 40 Nox erat... al Manin, venerdì il liceo fa le ore piccole 26100 Cremona CR, Italia false DD/MM/YYYY 
CREMONA — Il liceo classico e linguistico ‘Manin’ fa di nuovo le ore piccole. Raddoppia la serata che lo scorso gennaio aveva riscosso successo da parte di alunni ed ex alunni, e che aveva visto la presenza di ospiti di rilievo, come lo scrittore fiorentino Francesco Recami. Venerdì, dalle 16 alle 24, nell’ex convento gesuita di via Cavallotti andrà in scena ‘Nox erat... Maggio Manin - dolce e chiara è la notte’ , una maratona di appuntamenti culturali aperti a tutti che intratterranno il pubblico dal pomeriggio a tarda serata. Il debutto sarà alle 16, in aula magna, con l’incontro intitolato ‘L’istruzione classica a Cremona, dal medioevo all’età contemporanea’, un excursus sulle origini e la storia dei 150 anni del liceo, tenuto dai docenti Emilio Giazzi, Simone Manfredini e Cesare Marelli. 
Il teatro classico sarà protagonista di uno spettacolo curato da Luisa Arli, che dalle 17,30 alle 18,45 porterà in scena la tragedia ‘Le Alcesti’ di Euripide, interpretata dagli studenti della scuola. Ospite d’eccezione della notte del Manin sarà Pierdante Piccioni, medico e autore del libro ‘Meno Dodici’, reduce il giorno stesso da una diretta negli studi Rai di Uno Mattina intervistato da uno studente della scuola (dalle 19,30 alle 20,30). E a fare da cornice alle iniziative proposte, il rinfresco a buffet curato dagli studenti dell’istituto professionale ‘CR .Forma’, in trasferta per creare sinergia e collaborazione tra le scuole. 
Spazio anche al tradizionale appuntamento con i talenti musicali della scuola, dalle 20,45 alle 22 in aula magna, un momento che permetterà ad alcuni alunni di esibirsi al violino, al violoncello, al pianoforte e alla chitarra, sulle note di famosi pezzi che hanno segnato la storia della musica. Ma la novità assoluta, a partire dalle 22, si concretizzerà nell’esibizione del coro di musica latino-americana ‘Voz Latina’, diretto da Maxi Banos. «Abbiamo proposto questa iniziativa per tracciare le fila del cartellone promosso in occasione dei 150 anni della nostra scuola», commenta la prof organizzatrice Chiara Persico . È un incontro aperto a tutti, che abbiamo deciso di organizzare un giorno prima dalla premiazione del ‘Certamen Cremonensi ’, (sabato alle 10,15 in Co- mune, ndr) un altro motivo di profondo orgoglio per la nostra scuola». Un appuntamento con la cultura in tutte le sue forme ed espressioni, per dare continuità alla missione imprescindibile di conservarla intatta nel tempo. (e.gal.) Condividi le tue opinioni su La Provincia Testo
</topic_text>
<spam_score>0.00</spam_score>
<post_num>1</post_num>
<post_id>post-1</post_id>
<post_url>http://www.laprovinciacr.it/scheda/cultura/141801/Nox-erat----al.html</post_url>
<post_date>20160512</post_date>
<post_time>1112</post_time>
<username></username>
<post>
  Sabato in Comune la premiazione del Certamen Cremonense Nox erat... al Manin, venerdì il liceo fa le ore piccole dal 13/05/2016 al 13/05/2016 Aggiungi al calendario http://www.laprovinciacr.it/scheda/cultura/141801/Nox-erat----al.html 12/05/2016 18:31:58 12/05/2016 18:31:58 40 Nox erat... al Manin, venerdì il liceo fa le ore piccole 26100 Cremona CR, Italia false DD/MM/YYYY 
CREMONA — Il liceo classico e linguistico ‘Manin’ fa di nuovo le ore piccole. Raddoppia la serata che lo scorso gennaio aveva riscosso successo da parte di alunni ed ex alunni, e che aveva visto la presenza di ospiti di rilievo, come lo scrittore fiorentino Francesco Recami. Venerdì, dalle 16 alle 24, nell’ex convento gesuita di via Cavallotti andrà in scena ‘Nox erat... Maggio Manin - dolce e chiara è la notte’ , una maratona di appuntamenti culturali aperti a tutti che intratterranno il pubblico dal pomeriggio a tarda serata. Il debutto sarà alle 16, in aula magna, con l’incontro intitolato ‘L’istruzione classica a Cremona, dal medioevo all’età contemporanea’, un excursus sulle origini e la storia dei 150 anni del liceo, tenuto dai docenti Emilio Giazzi, Simone Manfredini e Cesare Marelli. 
Il teatro classico sarà protagonista di uno spettacolo curato da Luisa Arli, che dalle 17,30 alle 18,45 porterà in scena la tragedia ‘Le Alcesti’ di Euripide, interpretata dagli studenti della scuola. Ospite d’eccezione della notte del Manin sarà Pierdante Piccioni, medico e autore del libro ‘Meno Dodici’, reduce il giorno stesso da una diretta negli studi Rai di Uno Mattina intervistato da uno studente della scuola (dalle 19,30 alle 20,30). E a fare da cornice alle iniziative proposte, il rinfresco a buffet curato dagli studenti dell’istituto professionale ‘CR .Forma’, in trasferta per creare sinergia e collaborazione tra le scuole. 
Spazio anche al tradizionale appuntamento con i talenti musicali della scuola, dalle 20,45 alle 22 in aula magna, un momento che permetterà ad alcuni alunni di esibirsi al violino, al violoncello, al pianoforte e alla chitarra, sulle note di famosi pezzi che hanno segnato la storia della musica. Ma la novità assoluta, a partire dalle 22, si concretizzerà nell’esibizione del coro di musica latino-americana ‘Voz Latina’, diretto da Maxi Banos. «Abbiamo proposto questa iniziativa per tracciare le fila del cartellone promosso in occasione dei 150 anni della nostra scuola», commenta la prof organizzatrice Chiara Persico . È un incontro aperto a tutti, che abbiamo deciso di organizzare un giorno prima dalla premiazione del ‘Certamen Cremonensi ’, (sabato alle 10,15 in Co- mune, ndr) un altro motivo di profondo orgoglio per la nostra scuola». Un appuntamento con la cultura in tutte le sue forme ed espressioni, per dare continuità alla missione imprescindibile di conservarla intatta nel tempo. (e.gal.) Condividi le tue opinioni su La Provincia Testo
</post>
<signature>

</signature>
<external_links>

</external_links>
<country>IT</country>
<main_image>http://www.laprovinciacr.it/resizer/600/315/true/1463051243368.jpg--nox_erat____al_manin__venerdi_il_liceo_fa_le_ore_piccole.jpg?1463051248000</main_image>
</document>
