<?xml version="1.0" encoding="UTF-8"?>
<document>
<type>mainstream</type>
<forum></forum>
<forum_title></forum_title>
<discussion_title>公開便女 オクチでごっくんマ●コで中出し 愛須心亜 - アダルトビデオ動画 - DMM.R18</discussion_title>
<language>japanese</language>
<gmt_offset></gmt_offset>
<topic_url>http://www.dmm.co.jp/digital/videoa/-/detail/=/cid=migd00709/</topic_url>
<topic_text>
パソコン、iPhone/iPad、Android、Chromecast、Amazon Fire TV/Fire TV Stick、Apple TV、テレビ、PS4/PS Vita 配信開始日： 
</topic_text>
<spam_score>0.00</spam_score>
<post_num>1</post_num>
<post_id>post-1</post_id>
<post_url>http://www.dmm.co.jp/digital/videoa/-/detail/=/cid=migd00709/</post_url>
<post_date>20160415</post_date>
<post_time></post_time>
<username></username>
<post>
パソコン、iPhone/iPad、Android、Chromecast、Amazon Fire TV/Fire TV Stick、Apple TV、テレビ、PS4/PS Vita 配信開始日： 
</post>
<signature>

</signature>
<external_links>

</external_links>
<country>JP</country>
<main_image>http://pics.dmm.co.jp/digital/video/migd00709/migd00709ps.jpg</main_image>
</document>
