<?xml version="1.0" encoding="UTF-8"?>
<document>
<type>mainstream</type>
<forum></forum>
<forum_title></forum_title>
<discussion_title>Engage Cuba destaca beneficio de comercio agrícola con la isla | Cubadebate</discussion_title>
<language>spanish</language>
<gmt_offset></gmt_offset>
<topic_url>http://www.cubadebate.cu/noticias/2016/05/12/engage-cuba-destaca-beneficio-de-comercio-agricola-con-la-isla/</topic_url>
<topic_text>
En este artículo: Agricultura , Bloqueo contra Cuba , Cuba , Engage Cuba , Estados Unidos 12 mayo 2016 | 1 | 
Engage Cuba, la principal coalición de empresas y organizaciones que trabajan para poner fin al bloqueo de los viajes y el comercio con la isla, destacó hoy los beneficios del comercio agrícola entre ambos países. 
Un informe analítico divulgado en su página en Internet aborda las ventajas que este tipo de intercambios comerciales traerá para seis estados (Alabama, Indiana, Iowa, Mississippi, Missouri y Dakota del Norte). 
El documento, publicado en conjunto con The U.S. Agriculture Coalition for Cuba (USACC), es el segundo análisis del grupo sobre los beneficios específicos para esos estados agroindustriales y según subraya estos tienen mucho que ganar en futuros acuerdos comerciales con la isla vecina . 
El texto aborda la eventual exportación por parte de esas regiones de productos agrícolas, incluido arroz, aves de corral, soja, maíz y trigo, que ahora la isla compra en otros mercados y cuyo comercio podría experimentar un crecimiento significativo si se levanta el bloqueo . 
El último informe muestra que la agroindustria estadounidense pierde cuotas de mercado en Cuba “debido a nuestras propias políticas que impiden a las empresas del país extender créditos a esa nación vecina para efectuar las transacciones”, estimó el presidente de Engage Cuba , James Williams. El directivo abordó las desventajas que enfrentan los empresarios estadounidenses y precisó que el documento demuestra, una vez más, cómo el fracaso del Congreso para actuar no sólo perjudica a los agricultores que no pueden competir en el mercado cada vez mayor de Cuba, sino también a los cubanos que importan cerca del 80 por ciento de sus necesidades agrícolas . 
En sus conclusiones detalla las ventajas que representaría para los seis estados el levantamiento del bloqueo económico, financiero y comercial que mantiene Washington hace más de 50 años contra la isla , incluso para regiones que antes eran importante socios comerciales y que ahora pierden miles de millones de dólares como el estado de Iowa. 
Un primer informe del grupo analizó el impacto del bloqueo y los beneficios del comercio agrícola para Arkansas, Georgia, Illinois, Kansas, Luisiana, Minnesota, Nebraska, Ohio, Tennessee y Texas. 
(Con información de Prensa Latina) 
</topic_text>
<spam_score>0.00</spam_score>
<post_num>1</post_num>
<post_id>post-1</post_id>
<post_url>http://www.cubadebate.cu/noticias/2016/05/12/engage-cuba-destaca-beneficio-de-comercio-agricola-con-la-isla/</post_url>
<post_date>20160512</post_date>
<post_time></post_time>
<username></username>
<post>
En este artículo: Agricultura , Bloqueo contra Cuba , Cuba , Engage Cuba , Estados Unidos 12 mayo 2016 | 1 | 
Engage Cuba, la principal coalición de empresas y organizaciones que trabajan para poner fin al bloqueo de los viajes y el comercio con la isla, destacó hoy los beneficios del comercio agrícola entre ambos países. 
Un informe analítico divulgado en su página en Internet aborda las ventajas que este tipo de intercambios comerciales traerá para seis estados (Alabama, Indiana, Iowa, Mississippi, Missouri y Dakota del Norte). 
El documento, publicado en conjunto con The U.S. Agriculture Coalition for Cuba (USACC), es el segundo análisis del grupo sobre los beneficios específicos para esos estados agroindustriales y según subraya estos tienen mucho que ganar en futuros acuerdos comerciales con la isla vecina . 
El texto aborda la eventual exportación por parte de esas regiones de productos agrícolas, incluido arroz, aves de corral, soja, maíz y trigo, que ahora la isla compra en otros mercados y cuyo comercio podría experimentar un crecimiento significativo si se levanta el bloqueo . 
El último informe muestra que la agroindustria estadounidense pierde cuotas de mercado en Cuba “debido a nuestras propias políticas que impiden a las empresas del país extender créditos a esa nación vecina para efectuar las transacciones”, estimó el presidente de Engage Cuba , James Williams. El directivo abordó las desventajas que enfrentan los empresarios estadounidenses y precisó que el documento demuestra, una vez más, cómo el fracaso del Congreso para actuar no sólo perjudica a los agricultores que no pueden competir en el mercado cada vez mayor de Cuba, sino también a los cubanos que importan cerca del 80 por ciento de sus necesidades agrícolas . 
En sus conclusiones detalla las ventajas que representaría para los seis estados el levantamiento del bloqueo económico, financiero y comercial que mantiene Washington hace más de 50 años contra la isla , incluso para regiones que antes eran importante socios comerciales y que ahora pierden miles de millones de dólares como el estado de Iowa. 
Un primer informe del grupo analizó el impacto del bloqueo y los beneficios del comercio agrícola para Arkansas, Georgia, Illinois, Kansas, Luisiana, Minnesota, Nebraska, Ohio, Tennessee y Texas. 
(Con información de Prensa Latina) 
</post>
<signature>

</signature>
<external_links>

</external_links>
<country>VE</country>
<main_image>http://www.cubadebate.cu/wp-content/uploads/2016/01/engage-cuba-coalition.jpg</main_image>
</document>
