<?xml version="1.0" encoding="UTF-8"?>
<document>
<type>mainstream</type>
<forum>http://www.vetogate.com/list/61/borsa</forum>
<forum_title>بوابة فيتو | بورصة </forum_title>
<discussion_title>تراجع طفيف لمؤشرات البورصة في مستهل التعاملات</discussion_title>
<language>arabic</language>
<gmt_offset></gmt_offset>
<topic_url>http://www.vetogate.com/2181372</topic_url>
<topic_text>
تراجع أداء البورصة المصرية بشكل طفيف، في مستهل تعاملاتها، اليوم الأربعاء، وهوت مؤشراتها للمنطقة الحمراء، بمرور الربع ساعة الأولى من التعاملات.
وتراجع المؤشر الرئيسي للبورصة «EGX 30»، بنسبة 0.26%، وهبط إلى مستوى 7601 نقطة، مقابل 7622 نقطة، بداية الجلسة.
وتراجع مؤشر الأوزان «EGX 50 EWI» لأنشط 50 شركة مقيدة بالسوق، من ناحية قيمة التداول، بنسبة 0.45%، وهبط لمستوى 1405 نقاط.
وفي السياق ذاته، تراجع مؤشر الأسهم الصغيرة والمتوسطة «EGX 70»، بنسبة 0.50%، وهبط لمستوى 367 نقطة، فيما هوى مؤشر «EGX 100» الأوسع نطاقًا، بمقدار 0.33% مسجلًا 778 نقطة.
</topic_text>
<spam_score>0.00</spam_score>
<post_num>1</post_num>
<post_id>post-1</post_id>
<post_url>http://www.vetogate.com/2181372</post_url>
<post_date>20160511</post_date>
<post_time>1023</post_time>
<username>vetogate.com</username>
<post>
تراجع أداء البورصة المصرية بشكل طفيف، في مستهل تعاملاتها، اليوم الأربعاء، وهوت مؤشراتها للمنطقة الحمراء، بمرور الربع ساعة الأولى من التعاملات.
وتراجع المؤشر الرئيسي للبورصة «EGX 30»، بنسبة 0.26%، وهبط إلى مستوى 7601 نقطة، مقابل 7622 نقطة، بداية الجلسة.
وتراجع مؤشر الأوزان «EGX 50 EWI» لأنشط 50 شركة مقيدة بالسوق، من ناحية قيمة التداول، بنسبة 0.45%، وهبط لمستوى 1405 نقاط.
وفي السياق ذاته، تراجع مؤشر الأسهم الصغيرة والمتوسطة «EGX 70»، بنسبة 0.50%، وهبط لمستوى 367 نقطة، فيما هوى مؤشر «EGX 100» الأوسع نطاقًا، بمقدار 0.33% مسجلًا 778 نقطة.
</post>
<signature>

</signature>
<external_links>

</external_links>
<country>US</country>
<main_image>http://www.vetogate.com/upload/photo/news/218/1/500x500o/372.jpg</main_image>
</document>
