<?xml version="1.0" encoding="UTF-8"?>
<document>
<type>mainstream</type>
<forum>http://www.dailymail.co.uk/news/articles.rss</forum>
<forum_title>News Articles | Mail Online</forum_title>
<discussion_title>Violent criminals in NSW to be supervised by volunteers on day trips</discussion_title>
<language>english</language>
<gmt_offset></gmt_offset>
<topic_url>http://www.dailymail.co.uk/news/article-3585098/Violent-criminals-supervised-volunteers-day-trips.html</topic_url>
<topic_text>
60 shares 15
View
comments
Violent criminals will be released from jail to visit shopping centres and go on picnics under a new NSW corrections scheme.
Inmates, including rapists, drug addicts and people suffering from mental health issues will be allowed out of prison 12 months before their release for day trips supervised by volunteers, The Daily Telegraph reports.
At least 40 criminals with a &apos;lengthy criminal history&apos; will be allowed out each year under the plan.
Violent prisoners at Long Bay Correctional Centre (pictured) in Sydney could be released into the community for day trips supervised by volunteers
The $1.3 million Volunteer Mentoring Scheme will see inmates travel on public transport ­and &apos;attend an approved pro-social activity eg visit a shopping centre, picnic, fishing&apos;, according to a tender document obtained by the paper.
They will be supervised by an approved sponsor and not necessarily corrections staff.
Non-governmental organisations are being invited to take part in program.
 Next Prisoner &apos;slashed another inmate&apos;s throat as he finished... &apos;I&apos;m looking forward to seeing the kids&apos;: &apos;Burglar killer&apos;... Under the plan, inmates that have been &apos;­convicted of a sexual and/or ­violent offence&apos;, attracted media attention, and &apos;demonstrate impulsive and pro-criminal thinking&apos; will all be eligible.
Offenders that have mental health issues and drug dependency will also qualify.
Inmates, including rapists, drug addicts and people suffering from mental health issues will be allowed out of prison 12 months before their release
The Daily Telegraph reports that the program will focus on correctional facilities in Hunter, Greater Western Sydney and South Coast areas.
It will include Silverwater, Long Bay, Emu Plains, Nowra and Cessnock correctional facilities.
The program has been attacked by Opposition Corrective Services spokesman Guy Zangar, who said the public had the right to expect inmates will be supervised by prison staff.
Minister for Corrections David Elliott said day parole programs were not new, and the only change under the scheme was the use of volunteers.
At least 40 criminals imprisoned in NSW jails, including Cessnock, will be allowed out each year
The pgrogram will focus on correctional facilities in Hunter, Greater Western Sydney and South Coast areas
</topic_text>
<spam_score>0.00</spam_score>
<post_num>10</post_num>
<post_id>post-10</post_id>
<post_url>http://www.dailymail.co.uk/news/article-3585098/Violent-criminals-supervised-volunteers-day-trips.html</post_url>
<post_date>20160511</post_date>
<post_time>2054</post_time>
<username>Adav</username>
<post>
They were given a sentence to serve as punishment for a crime. I didn&apos;t realise that part of the punishment was shopping, fishing trips etc. They can do all those things once they serve their time. This program will end badly.
</post>
<signature>

</signature>
<external_links>

</external_links>
<country>GB</country>
<main_image>http://i.dailymail.co.uk/i/pix/2016/05/11/16/340BE55600000578-0-image-a-58_1462980584643.jpg</main_image>
</document>
