<?xml version="1.0" encoding="UTF-8"?>
<document>
<type>mainstream</type>
<forum>https://www.freelancer.gr/rss.xml</forum>
<forum_title>Freelancer - New Projects</forum_title>
<discussion_title>Help me write something by alkakumar</discussion_title>
<language>greek</language>
<gmt_offset></gmt_offset>
<topic_url>https://www.freelancer.gr/projects/Articles/Help-write-something-10479214/</topic_url>
<topic_text>
$10 - $30 USD Περιγραφή Εργασίας 
I need you to write some articles.I am an article writer, will write articles for you in cheap rate, you will get fresh and unique articles and copyscape pass. Kindly comment here with your offer I&apos;ll contact him shortly. Ψάχνετετρόπουςγιανακερδίσετεμερικά χρήματα; Ορίστετονπροϋπολογισμό σαςκαιτοχρονικό πλαίσιο Περιγράψτετηνπρότασή σας
</topic_text>
<spam_score>0.00</spam_score>
<post_num>1</post_num>
<post_id>post-1</post_id>
<post_url>https://www.freelancer.gr/projects/Articles/Help-write-something-10479214/</post_url>
<post_date>20160512</post_date>
<post_time>1414</post_time>
<username></username>
<post>
$10 - $30 USD Περιγραφή Εργασίας 
I need you to write some articles.I am an article writer, will write articles for you in cheap rate, you will get fresh and unique articles and copyscape pass. Kindly comment here with your offer I&apos;ll contact him shortly. Ψάχνετετρόπουςγιανακερδίσετεμερικά χρήματα; Ορίστετονπροϋπολογισμό σαςκαιτοχρονικό πλαίσιο Περιγράψτετηνπρότασή σας
</post>
<signature>

</signature>
<external_links>

</external_links>
<country>GR</country>
<main_image>https://cdn3.f-cdn.com/build/img/facebook/default.jpg?v=2042b129a360eb2c36e952d8df2350c1&amp;amp%3Bm=6</main_image>
</document>
