<?xml version="1.0" encoding="UTF-8"?>
<document>
<type>mainstream</type>
<forum></forum>
<forum_title></forum_title>
<discussion_title>Bloque de la Patria se pronuncia en contra de la violación a la democracia en Brasil | PSUV</discussion_title>
<language>spanish</language>
<gmt_offset></gmt_offset>
<topic_url>http://www.psuv.org.ve/portada/bloque-patria-se-pronuncia-contra-violacion-a-democracia-brasil/</topic_url>
<topic_text>
12.May.2016 / 11:33 am / Haga un comentario Foto: ‏@VTVcanal8 Prensa PSUV.- Este jueves, diputados del Bloque de la Patria en la Asamblea Nacional (AN) se pronunciaron en contra de la violación a la democracia y a la voluntad popular de Brasil, después de que el senado de ese país aprobara en la madrugada de este jueves un juicio político contra la presidente Dilma Rousseff. El jefe del Bloque de la Patria, Héctor Rodríguez señaló que “un grupo de senadores van en contra de la voluntad de 54 millones de brasileras y brasileros, un juicio totalmente amañado, no hay ni una sola prueba de corrupción en contra de la presidenta Rousseff, no han presentado ni una sola prueba de corrupción y quienes la atacan sí están incursos en corrupción”. Por otra parte, aseveró que nuevamente el Bloque de la Patria vuelve a perder el tiempo en la AN, pues “la sesión fue convocada para las 10 de la mañana y los diputados de la oposición se encuentran ausentes”. Destacó que si la sesión se inicia fuera de la hora reglamentaria tal como ocurrió la semana pasada, el Órgano Legislativo pasa a tener una sesión totalmente ilegal e inexistente. Rodríguez insistió a la bancada de la oposición que deje su flojera, que se levanten temprano o que cambien la hora de la sesión, “pero que no nos hagan perder el tiempo”. Finalmente, informó que en cumplimiento con el reglamento interno de debate, el Bloque de la Patria se retira de la AN para cumplir con el pueblo en las asambleas y en la calle. 
</topic_text>
<spam_score>0.00</spam_score>
<post_num>1</post_num>
<post_id>post-1</post_id>
<post_url>http://www.psuv.org.ve/portada/bloque-patria-se-pronuncia-contra-violacion-a-democracia-brasil/</post_url>
<post_date>20160512</post_date>
<post_time></post_time>
<username></username>
<post>
12.May.2016 / 11:33 am / Haga un comentario Foto: ‏@VTVcanal8 Prensa PSUV.- Este jueves, diputados del Bloque de la Patria en la Asamblea Nacional (AN) se pronunciaron en contra de la violación a la democracia y a la voluntad popular de Brasil, después de que el senado de ese país aprobara en la madrugada de este jueves un juicio político contra la presidente Dilma Rousseff. El jefe del Bloque de la Patria, Héctor Rodríguez señaló que “un grupo de senadores van en contra de la voluntad de 54 millones de brasileras y brasileros, un juicio totalmente amañado, no hay ni una sola prueba de corrupción en contra de la presidenta Rousseff, no han presentado ni una sola prueba de corrupción y quienes la atacan sí están incursos en corrupción”. Por otra parte, aseveró que nuevamente el Bloque de la Patria vuelve a perder el tiempo en la AN, pues “la sesión fue convocada para las 10 de la mañana y los diputados de la oposición se encuentran ausentes”. Destacó que si la sesión se inicia fuera de la hora reglamentaria tal como ocurrió la semana pasada, el Órgano Legislativo pasa a tener una sesión totalmente ilegal e inexistente. Rodríguez insistió a la bancada de la oposición que deje su flojera, que se levanten temprano o que cambien la hora de la sesión, “pero que no nos hagan perder el tiempo”. Finalmente, informó que en cumplimiento con el reglamento interno de debate, el Bloque de la Patria se retira de la AN para cumplir con el pueblo en las asambleas y en la calle. 
</post>
<signature>

</signature>
<external_links>

</external_links>
<country>KY</country>
<main_image></main_image>
</document>
