<?xml version="1.0" encoding="UTF-8"?>
<document>
<type>mainstream</type>
<forum>http://www.delas.pt/feed</forum>
<forum_title>Delas</forum_title>
<discussion_title>Livro de nutrição de Tom Brady esgotou, apesar de custar… 175 euros</discussion_title>
<language>portuguese</language>
<gmt_offset></gmt_offset>
<topic_url>http://www.delas.pt/livro-de-nutricao-de-tom-brady-esgotou-apesar-de-custar-175-euros/</topic_url>
<topic_text>
Livro de nutrição de Tom Brady esgotou, apesar de custar… 175 euros 12/05/2016 0 
Intitulado ‘TB12 Nutrition Manual’ (‘Manual de Nutrição TB12’), o novo livro de nutrição de Tom Brady custa cerca de 175 euros (200 dólares) mas já está esgotado. O jogador de futebol americano e marido de Gisele Bündchen lançou a publicação com 89 receitas para se seguir uma dieta saudável. 
E porque é que custa 175 euros? O livro está feito de modo a poder ser modificado e atualizado com novas receitas. A capa é de madeira verdadeira, as páginas são de um papel duro e grosso e o título e o logótipo do atleta estão desenhados a laser. Todos os exemplares são impressos e montados à mão nos EUA. 
O livro continuará esgotado durante, pelo menos, o próximo mês. As 89 receitas que o compõem foram escritas pelo próprio Tom Brady, que, segundo o seu chef pessoal Allan Campbell, tem 80% da sua dieta preenchida com vegetais. Quinoa, milhete e feijões são, também, alguns dos ingredientes preferidos de Brady, que não ingere café, açúcar branco, tomates ou até mesmo leite. 
Casado com a manequim brasileira Gisele Bündchen desde 2009, Tom Brady é uma estrela da NFL (Liga de Futebol Americano) desde que foi recrutado pelos New England Patriots, em 2000. Com 38 anos, Brady tem três filhos, dois com Gisele e um com a atriz Bridget Moynahan, com quem teve um antigo relacionamento.
</topic_text>
<spam_score>0.00</spam_score>
<post_num>1</post_num>
<post_id>post-1</post_id>
<post_url>http://www.delas.pt/livro-de-nutricao-de-tom-brady-esgotou-apesar-de-custar-175-euros/</post_url>
<post_date>20160512</post_date>
<post_time>1613</post_time>
<username>Luís Alves Vicente</username>
<post>
Livro de nutrição de Tom Brady esgotou, apesar de custar… 175 euros 12/05/2016 0 
Intitulado ‘TB12 Nutrition Manual’ (‘Manual de Nutrição TB12’), o novo livro de nutrição de Tom Brady custa cerca de 175 euros (200 dólares) mas já está esgotado. O jogador de futebol americano e marido de Gisele Bündchen lançou a publicação com 89 receitas para se seguir uma dieta saudável. 
E porque é que custa 175 euros? O livro está feito de modo a poder ser modificado e atualizado com novas receitas. A capa é de madeira verdadeira, as páginas são de um papel duro e grosso e o título e o logótipo do atleta estão desenhados a laser. Todos os exemplares são impressos e montados à mão nos EUA. 
O livro continuará esgotado durante, pelo menos, o próximo mês. As 89 receitas que o compõem foram escritas pelo próprio Tom Brady, que, segundo o seu chef pessoal Allan Campbell, tem 80% da sua dieta preenchida com vegetais. Quinoa, milhete e feijões são, também, alguns dos ingredientes preferidos de Brady, que não ingere café, açúcar branco, tomates ou até mesmo leite. 
Casado com a manequim brasileira Gisele Bündchen desde 2009, Tom Brady é uma estrela da NFL (Liga de Futebol Americano) desde que foi recrutado pelos New England Patriots, em 2000. Com 38 anos, Brady tem três filhos, dois com Gisele e um com a atriz Bridget Moynahan, com quem teve um antigo relacionamento.
</post>
<signature>

</signature>
<external_links>

</external_links>
<country>PT</country>
<main_image>http://www.delas.pt/files/2016/05/delas.jpg</main_image>
</document>
