<?xml version="1.0" encoding="UTF-8"?>
<document>
<type>mainstream</type>
<forum></forum>
<forum_title></forum_title>
<discussion_title>الجرس | Al Jaras : اخبار وصور نجوم الفن والسياسة والمجتمع والرياضة | دانا الحلاني بالأسود القصير وسلفي من غرفة نومها – بالصور</discussion_title>
<language>arabic</language>
<gmt_offset></gmt_offset>
<topic_url>http://www.aljaras.com/%d8%af%d8%a7%d9%86%d8%a7-%d8%a7%d9%84%d8%ad%d9%84%d8%a7%d9%86%d9%8a-%d8%a8%d8%a7%d9%84%d8%a3%d8%b3%d9%88%d8%af-%d8%a7%d9%84%d9%82%d8%b5%d9%8a%d8%b1-%d9%88%d8%b3%d9%84%d9%81%d9%8a-%d9%85%d9%86-%d8%ba/</topic_url>
<topic_text>
دانا الحلاني بالأسود القصير وسلفي من غرفة نومها – بالصور May 12, 2016 at 12:31 دانا الحلاني بفستان أسود قصير سلفي دانا الحلاني من غرفة نومها Zone 3 
</topic_text>
<spam_score>0.00</spam_score>
<post_num>1</post_num>
<post_id>post-1</post_id>
<post_url>http://www.aljaras.com/%d8%af%d8%a7%d9%86%d8%a7-%d8%a7%d9%84%d8%ad%d9%84%d8%a7%d9%86%d9%8a-%d8%a8%d8%a7%d9%84%d8%a3%d8%b3%d9%88%d8%af-%d8%a7%d9%84%d9%82%d8%b5%d9%8a%d8%b1-%d9%88%d8%b3%d9%84%d9%81%d9%8a-%d9%85%d9%86-%d8%ba/</post_url>
<post_date>20160512</post_date>
<post_time></post_time>
<username></username>
<post>
دانا الحلاني بالأسود القصير وسلفي من غرفة نومها – بالصور May 12, 2016 at 12:31 دانا الحلاني بفستان أسود قصير سلفي دانا الحلاني من غرفة نومها Zone 3 
</post>
<signature>

</signature>
<external_links>

</external_links>
<country>CA</country>
<main_image>http://www.aljaras.com/wp-content/uploads/2016/05/دانا-الحلاني.jpg</main_image>
</document>
