<?xml version="1.0" encoding="UTF-8"?>
<document>
<type>mainstream</type>
<forum>http://www.broadcastnow.co.uk/rss/multimedia_rss.xml</forum>
<forum_title>Broadcast - LATEST MULTIPLATFORM NEWS</forum_title>
<discussion_title>BBC &apos;has a duty&apos; to offer iPlayer content to Sky Go</discussion_title>
<language>english</language>
<gmt_offset></gmt_offset>
<topic_url>http://www.broadcastnow.co.uk/news/bbc-has-a-duty-to-offer-iplayer-content-to-sky-go/5103758.article?referrer=RSS</topic_url>
<topic_text>
12 May, 2016 | By Alex Farber 
The BBC ‘has a duty’ to offer on-demand and live programming to a wider range of third party apps, most likely including Sky Go, according to the white paper.  
</topic_text>
<spam_score>0.00</spam_score>
<post_num>1</post_num>
<post_id>post-1</post_id>
<post_url>http://www.broadcastnow.co.uk/news/bbc-has-a-duty-to-offer-iplayer-content-to-sky-go/5103758.article?referrer=RSS</post_url>
<post_date>20160512</post_date>
<post_time>1329</post_time>
<username>alex.farber@broadcastnow.co.uk (Alex Farber)</username>
<post>
12 May, 2016 | By Alex Farber 
The BBC ‘has a duty’ to offer on-demand and live programming to a wider range of third party apps, most likely including Sky Go, according to the white paper.  
</post>
<signature>

</signature>
<external_links>

</external_links>
<country>GB</country>
<main_image>http://www.broadcastnow.co.uk/pictures/226xAny/1/0/2/1240102_sky-q-app-living-room.jpg</main_image>
</document>
