<?xml version="1.0" encoding="UTF-8"?>
<document>
<type>mainstream</type>
<forum></forum>
<forum_title></forum_title>
<discussion_title>PHOTOS: Stormtroopers swarm to Star Wars set in Donegal | Irish Examiner</discussion_title>
<language>english</language>
<gmt_offset></gmt_offset>
<topic_url>http://www.breakingnews.ie/ireland/photos-stormtroopers-swarm-to-star-wars-set-in-donegal-735044.html</topic_url>
<topic_text>
PHOTOS: Stormtroopers swarm to Star Wars set in Donegal Thursday, May 12, 2016 - 04:48 pm 
Close-up images of a set for the next Star Wars movie looks set to spark massive debate among devotees of the sci-fi saga. 
A huge structure was built over the last few days on Ireland&apos;s most northerly point - the dramatic and windswept Malin Head - with locals quick to predict it is a replica of the famous Millennium Falcon. 
But the entire shoot is top secret, with locals and landowners sworn to keep it that way, and access to the beauty spot is closed for the next three days as the arrival of Hollywood actors is eagerly awaited. 
The space age construction - at least 50 feet (15m) across and 10 feet (3m) high - is balanced precariously on cliffs a mile from Bamba&apos;s Crown, a headland known for producing dramatic photographs of the Northern Lights. 
John Joe McGettigan, from Carrigart, Co Donegal, turned up to the set in full Stormtrooper regalia, introducing himself with his rank in the Emerald Garrison of EG 1826. 
&quot;It&apos;s absolutely fantastic ... to have Star Wars in Donegal, it&apos;s not a galaxy far, far away at all,&quot; he said. 
&quot;Everybody has their own way of going mad, this is ours.&quot; 
Not even the father-of-two&apos;s fanatical devotion to the films could get him closer than a mile to the supposed set of Han Solo&apos;s spaceship. 
&quot;The shoot is top secret and I&apos;d say the only way of getting into the set is on the Millennium Falcon itself,&quot; he said. 
The space ship construction was also shielded by nets, with rescue boats deployed offshore as work intensified in the hours before filming. 
Allie Farren, a local campaigner for the tourist centre at Malin Head, said the spin-offs will be huge for the remote area. 
&quot;It will help put Malin Head once again on the map,&quot; he said. 
&quot;This will be bigger than the likes of Game of Thrones like we&apos;ve seen in the north attracting loads of tourists. Hopefully this will really benefit the area. 
&quot;Everybody in this location is tied into the secrecy. It&apos;s been a great talking point. Star Wars is one of the biggest movies of all time and for them to be in Malin Head it&apos;s top class.&quot; 
Hugh Farren, owner of Farren&apos;s pub in Malin Head, where film crews are being fed and watered, marked the excitement with a mural of Yoda on the gable wall of the bar. 
&quot;It&apos;s a great occasion to shout from the rooftops how good an this area is,&quot; he said. 
&quot;It&apos;s huge potential. We have got quite a lot of people coming in who have not been here for years, people coming that have never been here before and they are just coming to see and take in the beautiful scenery we have here and loving the area.&quot; 
The film will shoot on Ireland&apos;s most northerly shores before returning to the southern tip, close to where scenes for Star Wars: The Force Awakens was shot on Skellig Michael&apos;s monastic hermitage in the Atlantic. 
Jedi Temple sets have been constructed on a mountain headland, Ceann Sibeal in Co Kerry, with the filming expected to take place later this month. 
Security is tight in Donegal, with only one country road leading to the location and access for eager fans closely guarded by teams of security. 
Donegal County Council is overseeing road closures on the Malin Head loop from 8am each morning until 9pm at night from tomorrow until Sunday. 
</topic_text>
<spam_score>0.00</spam_score>
<post_num>1</post_num>
<post_id>post-1</post_id>
<post_url>http://www.breakingnews.ie/ireland/photos-stormtroopers-swarm-to-star-wars-set-in-donegal-735044.html</post_url>
<post_date>20160512</post_date>
<post_time></post_time>
<username>Thursday</username>
<post>
PHOTOS: Stormtroopers swarm to Star Wars set in Donegal Thursday, May 12, 2016 - 04:48 pm 
Close-up images of a set for the next Star Wars movie looks set to spark massive debate among devotees of the sci-fi saga. 
A huge structure was built over the last few days on Ireland&apos;s most northerly point - the dramatic and windswept Malin Head - with locals quick to predict it is a replica of the famous Millennium Falcon. 
But the entire shoot is top secret, with locals and landowners sworn to keep it that way, and access to the beauty spot is closed for the next three days as the arrival of Hollywood actors is eagerly awaited. 
The space age construction - at least 50 feet (15m) across and 10 feet (3m) high - is balanced precariously on cliffs a mile from Bamba&apos;s Crown, a headland known for producing dramatic photographs of the Northern Lights. 
John Joe McGettigan, from Carrigart, Co Donegal, turned up to the set in full Stormtrooper regalia, introducing himself with his rank in the Emerald Garrison of EG 1826. 
&quot;It&apos;s absolutely fantastic ... to have Star Wars in Donegal, it&apos;s not a galaxy far, far away at all,&quot; he said. 
&quot;Everybody has their own way of going mad, this is ours.&quot; 
Not even the father-of-two&apos;s fanatical devotion to the films could get him closer than a mile to the supposed set of Han Solo&apos;s spaceship. 
&quot;The shoot is top secret and I&apos;d say the only way of getting into the set is on the Millennium Falcon itself,&quot; he said. 
The space ship construction was also shielded by nets, with rescue boats deployed offshore as work intensified in the hours before filming. 
Allie Farren, a local campaigner for the tourist centre at Malin Head, said the spin-offs will be huge for the remote area. 
&quot;It will help put Malin Head once again on the map,&quot; he said. 
&quot;This will be bigger than the likes of Game of Thrones like we&apos;ve seen in the north attracting loads of tourists. Hopefully this will really benefit the area. 
&quot;Everybody in this location is tied into the secrecy. It&apos;s been a great talking point. Star Wars is one of the biggest movies of all time and for them to be in Malin Head it&apos;s top class.&quot; 
Hugh Farren, owner of Farren&apos;s pub in Malin Head, where film crews are being fed and watered, marked the excitement with a mural of Yoda on the gable wall of the bar. 
&quot;It&apos;s a great occasion to shout from the rooftops how good an this area is,&quot; he said. 
&quot;It&apos;s huge potential. We have got quite a lot of people coming in who have not been here for years, people coming that have never been here before and they are just coming to see and take in the beautiful scenery we have here and loving the area.&quot; 
The film will shoot on Ireland&apos;s most northerly shores before returning to the southern tip, close to where scenes for Star Wars: The Force Awakens was shot on Skellig Michael&apos;s monastic hermitage in the Atlantic. 
Jedi Temple sets have been constructed on a mountain headland, Ceann Sibeal in Co Kerry, with the filming expected to take place later this month. 
Security is tight in Donegal, with only one country road leading to the location and access for eager fans closely guarded by teams of security. 
Donegal County Council is overseeing road closures on the Malin Head loop from 8am each morning until 9pm at night from tomorrow until Sunday. 
</post>
<signature>

</signature>
<external_links>

</external_links>
<country>US</country>
<main_image>http://www.irishexaminer.com/remote/media.central.ie/media/images/m/MalinHeadStarWarsBMay2016_large.jpg?width=648&amp;s=ie-735044</main_image>
</document>
