<?xml version="1.0" encoding="UTF-8"?>
<document>
<type>mainstream</type>
<forum></forum>
<forum_title></forum_title>
<discussion_title>Näsijärven ympäri pyöräily onnistui – taakse jäi 150 kilometriä keväisiä teitä | Yle Uutiset | yle.fi</discussion_title>
<language>finnish</language>
<gmt_offset></gmt_offset>
<topic_url>http://yle.fi/uutiset/nasijarven_ympari_pyoraily_onnistui__taakse_jai_150_kilometria_kevaisia_teita/8877762</topic_url>
<topic_text>
12.5.2016 klo 19:30 Näsijärven ympäri pyöräily onnistui – taakse jäi 150 kilometriä keväisiä teitä Yle Tampereen iloinen pyöräily-kaksikko pääsi iltapäivällä maalinsa Tohlopin Mediapolikseen. Toimittaja Mari Vesanummi ja mediatoimittaja Marjut Suomi ottivat kolmen päivän ajan tuntumaa pirkanmaalaiseen pyöräilyreitistöön. Video Video: Marjut Suomi / Yle 
– Kaksikko kiersi Näsijärven tutustuen reitin varrella nähtävyyksiin ja paikallisiin ihmisiin. Matka alkoi Mediapoliksesta tiistaiaamuna ja yhteensä kilometrejä kertyi noin 150. Lue myös 
</topic_text>
<spam_score>0.00</spam_score>
<post_num>1</post_num>
<post_id>post-1</post_id>
<post_url>http://yle.fi/uutiset/nasijarven_ympari_pyoraily_onnistui__taakse_jai_150_kilometria_kevaisia_teita/8877762</post_url>
<post_date>20160512</post_date>
<post_time></post_time>
<username>Anne Heino</username>
<post>
12.5.2016 klo 19:30 Näsijärven ympäri pyöräily onnistui – taakse jäi 150 kilometriä keväisiä teitä Yle Tampereen iloinen pyöräily-kaksikko pääsi iltapäivällä maalinsa Tohlopin Mediapolikseen. Toimittaja Mari Vesanummi ja mediatoimittaja Marjut Suomi ottivat kolmen päivän ajan tuntumaa pirkanmaalaiseen pyöräilyreitistöön. Video Video: Marjut Suomi / Yle 
– Kaksikko kiersi Näsijärven tutustuen reitin varrella nähtävyyksiin ja paikallisiin ihmisiin. Matka alkoi Mediapoliksesta tiistaiaamuna ja yhteensä kilometrejä kertyi noin 150. Lue myös 
</post>
<signature>

</signature>
<external_links>

</external_links>
<country>FI</country>
<main_image>http://img.yle.fi/uutiset/tampere/article8877477.ece/ALTERNATES/w940h529/Toimittaja%20Mari%20Vesanummi%20Marjut%20Suomi%20ylepy%C3%B6r%C3%A4ll%C3%A4%20perill%C3%A4%20Tampere%2012052016.jpg</main_image>
</document>
