<?xml version="1.0" encoding="UTF-8"?>
<document>
<type>mainstream</type>
<forum>http://www.dailymail.co.uk/news/articles.rss</forum>
<forum_title>News Articles | Mail Online</forum_title>
<discussion_title>Mornington woman left with blistered skin three months after $1200 laser procedure</discussion_title>
<language>english</language>
<gmt_offset></gmt_offset>
<topic_url>http://www.dailymail.co.uk/news/article-3586090/Mornington-woman-left-blistered-skin-three-months-1200-laser-procedure.html</topic_url>
<topic_text>
61 shares 33
View
comments
A woman has claimed she &apos;went in to shock&apos; while there was blood running down her face during an invasive laser treatment.
Niki Richardson, 46, from the Mornington Peninsula in Victoria, went to a local skin clinic to have &apos;erbium laser resurfacing&apos; - a process which she hoped would reduce the appearance of scars on her face.
She claims she was told the process may leave her with &apos;some redness, maybe a bit of inflammation and maybe some weeping&apos; for week or so after.
Scroll down for video
Niki Richardson has described an &apos;excruciating&apos; laser treatment that has apparently left her with inflammation and swelling three months later. She is pictured here six hours after the treatment
Three days after her treatment (left) Ms Richardson&apos;s face still appears red and inflamed, and by the time six days had passed (right) scabs had formed
Ms Richardson, from Mornington in Victoria, is seen here before she had the procedure
Instead she said she walked from the clinic with blood pouring from her face and claims to still have severe inflammation three months later.
The clinic, Lumps &amp; Bumps Skin Clinic, denies any wrongdoing, saying that what she experienced was ‘part of the normal healing process following such an aggressive treatment’.
However, Ms Richardson told the Daily Mail Australia &apos;It was excruciating, I went into shock when it was being done&apos;.
&apos;I had metal covers over my eyes – and (the therapist) asked me if I could feel the blood running into my eyes.
 Next &apos;Why when a dad does the bare minimum required to parent,... &apos;He&apos;s not the person he&apos;s making himself out to be&apos;: Son of... &apos;I told her I couldn’t feel it because the pain was so intense but I did tell her I could feel it splattering on my arms,&apos; Ms Richardson said.
Two weeks prior to the treatment, Ms Richardson said she had a consultation with a practitioner as well as a woman she was told was the clinic&apos;s GP.
She was prescribed the heavy-duty painkiller Penthrox - also known as the &apos;green whistle&apos; - to use during treatment and a bleaching cream to apply in the two weeks leading up to the procedure.
&apos;That alone I thought was unusual because I wasn’t aware that I would have to see two people&apos;, Ms Richardson said.
Three months later (pictured) Ms Richardson&apos;s face still appears to be inflamed and red
Immediately after the treatment, Ms Richardson claims bruises had already formed under her eyes
Eight days later what is claimed to be a painful infection had formed on some parts of Ms Richardson&apos;s face
During the appointment she was told the procedure was an intense one so it would leave her with some redness and swelling the weeks following.
&apos;So I interpreted that myself as looking kind of sunburnt, a bit of puffiness and maybe some weeping&apos;, Ms Richardson said.
However she claims she was not prepared for the &apos;excruciating&apos; pain of the treatment, which she was told by a skin doctor should have been done under general anesthetic in a hospital.
&apos;The pain was unbearable but I did say just keep going I’ll let you know if I can’t cope,&apos; Ms Richardson said.
&apos;I said to her – I can feel I’m going into shock and I was freezing cold.
&apos;(The therapist) said try and stay still, and I said &quot;I can’t I’m shaking so much&quot;.
Ms Richardson said she was told after the procedure that she should have used the pain relief, which she said she was prescribed by the clinic’s GP prior to the treatment, as the discomfort was &apos;to be expected with the level of laser I&apos;ve just used&apos;.
Another woman, 73, who also claims to have been treated by the same practitioner, says she has been left physically and emotionally scarred by her treatment
Maureen Murray, who also claims to have seen the same woman, is pictured here after treatment
She went to get treatment at the Canberra clinic which relocated after Mornington
&apos;When the treatment was finished she wiped some of the blood from my face...&apos;
&apos;I got up off the table and there was a mirror in the corner of the room and I just walked over there and thought &quot;what have I done&quot;?&apos;
&apos;I could not believe what I was seeing, it was absolutely shocking.&apos;
Six hours after the laser treatment, Ms Richardson&apos;s face was still bright red with blood.
Three days later her face had swollen so much that her eyes were almost closed, Ms Richardson said.
&apos;I tried working to start off with but my pain actually got worse. By the end of the first week I was so sick.&apos;
Since going public with her story Ms Richardson said she has been contacted by a number of other women who claim to have had similar experiences at the clinic - which has since relocated to Canberra.
Ms Richardson said she had been posting to the clinic&apos;s Facebook page but claimed her comments and pictures were being deleted.
Ms Richardson says she took this photograph eight weeks after treatment
She said she has spoken out to try and encourage others to come forward
The clinic has since publicly responded to the controversy in a post to their public page.
Denying the claims, the clinic’s post read: &apos;A false and ludicrous post has been shared over social media in attempts to defame Lumps &amp; Bumps Skin Clinic,&apos; it read.
&apos;These posts have been orchestrated by one person with the intent to tarnish our reputation.
&apos;The photos that this woman has shared look horrific to the everyday person however they demonstrate the normal healing process following such an aggressive treatment,&apos; the post finished.
Think Legal lawyer Paul Flintoft, who is representing a number of other people who have potential claims - apparently against the same practitioner from the clinic, has urged anyone else who had a similar experience to come forward.
&apos;There are people that have been impacted upon … that are making complaints in the ACT and Victoria&apos;, Mr Flintoft told Daily Mail Australia.
&apos;A lot people are embarrassed to come forward because this about health and beauty.
&apos;They&apos;ve tried to fix whatever they perceived as the issue, so they&apos;re reluctant to come forward.&apos;
The lawyer said anyone with concerns about these types of treatments should contact the relevant health authority and seek legal
However, noting the clinic’s Facebook page, it appears to deny doing anything wrong and says that the effects are because of the aggressive type of treatment that Ms Richardson sought.
Daily Mail Australia has contacted the clinic a number of times for further comment.
</topic_text>
<spam_score>0.00</spam_score>
<post_num>9</post_num>
<post_id>post-9</post_id>
<post_url>http://www.dailymail.co.uk/news/article-3586090/Mornington-woman-left-blistered-skin-three-months-1200-laser-procedure.html</post_url>
<post_date>20160512</post_date>
<post_time>1139</post_time>
<username>danajoym</username>
<post>
Obviously a very poorly trained technician. When the woman was asked if she could feel the blood running into her eyes, she should have halted the procedure, since at that point it was obvious the technician was unskilled. I&apos;ve had lasers done several times but I certainly never looked like this and my skin wasn&apos;t bloody. Your skin should only be pink not red, burned, blistered or bloodied.
</post>
<signature>

</signature>
<external_links>

</external_links>
<country>GB</country>
<main_image>http://i.dailymail.co.uk/i/pix/2016/05/12/06/34123CC800000578-0-image-a-66_1463031733574.jpg</main_image>
</document>
