<?xml version="1.0" encoding="UTF-8"?>
<document>
<type>mainstream</type>
<forum></forum>
<forum_title></forum_title>
<discussion_title>Can&apos;t Afford It? Get Over It! A Melissa Sweet for David&apos;s Bridal Dress for Under $500</discussion_title>
<language>english</language>
<gmt_offset></gmt_offset>
<topic_url>http://www.thebrokeassbride.com/cant-afford-it-get-over-it-a-melissa-sweet-for-davids-bridal-dress-under-500/</topic_url>
<topic_text>
5/12 Can’t Afford It? Get Over It! A Melissa Sweet for David’s Bridal Dress Under $500 Oh hello there, are you new here? Welcome! If you like what you see... We&apos;d love for you to subscribe to our feed, buy The Broke-Ass Bride&apos;s Wedding Guide on Amazon , make our love facebook official, peep what we&apos;ve been pinning or follow us as we tweet along! We&apos;re happy you&apos;re here, yo! 
Illusion necklines are becoming increasingly popular in wedding dress land these days, and there’s no denying that they make a great alternative to a strapless gown. Reader Becca has fallen in love with one such illusion gown from David’s Bridal, commenting on this previous post with: “ I’m stuck in a similar conundrum. I’ve tried on several different silhouettes of what I thought I liked, and ended up falling for this . The problem being I’m on a really tight budget, and realistically can’t spend more than $500 for a dress. All of the Chinese dress sites scare me because of the horror stories. What’s a truly broke bride to do? “ 
Never fear, Becca! We’ve got plenty of dresses under $500 that feature a similar silhouette, airy tulle, and illusion details. Let’s check them out! 
</topic_text>
<spam_score>0.00</spam_score>
<post_num>1</post_num>
<post_id>post-1</post_id>
<post_url>http://www.thebrokeassbride.com/cant-afford-it-get-over-it-a-melissa-sweet-for-davids-bridal-dress-under-500/</post_url>
<post_date>20160512</post_date>
<post_time></post_time>
<username></username>
<post>
5/12 Can’t Afford It? Get Over It! A Melissa Sweet for David’s Bridal Dress Under $500 Oh hello there, are you new here? Welcome! If you like what you see... We&apos;d love for you to subscribe to our feed, buy The Broke-Ass Bride&apos;s Wedding Guide on Amazon , make our love facebook official, peep what we&apos;ve been pinning or follow us as we tweet along! We&apos;re happy you&apos;re here, yo! 
Illusion necklines are becoming increasingly popular in wedding dress land these days, and there’s no denying that they make a great alternative to a strapless gown. Reader Becca has fallen in love with one such illusion gown from David’s Bridal, commenting on this previous post with: “ I’m stuck in a similar conundrum. I’ve tried on several different silhouettes of what I thought I liked, and ended up falling for this . The problem being I’m on a really tight budget, and realistically can’t spend more than $500 for a dress. All of the Chinese dress sites scare me because of the horror stories. What’s a truly broke bride to do? “ 
Never fear, Becca! We’ve got plenty of dresses under $500 that feature a similar silhouette, airy tulle, and illusion details. Let’s check them out! 
</post>
<signature>

</signature>
<external_links>

</external_links>
<country>US</country>
<main_image>http://www.thebrokeassbride.com/wp-content/uploads/2016/05/Melissa-Sweet-Tank-Tulle-Wedding-Dress-with-Beads-at-Davids-Bridal.png</main_image>
</document>
