<?xml version="1.0" encoding="UTF-8"?>
<document>
<type>mainstream</type>
<forum></forum>
<forum_title></forum_title>
<discussion_title>Nordstrom Reports Earnings on Thursday – Here’s What Jim Cramer Is Watching | Solarium Interactive</discussion_title>
<language>english</language>
<gmt_offset></gmt_offset>
<topic_url>http://solariuminteractive.com/nordstrom-reports-earnings-on-thursday-heres-what-jim-cramer-is-watching/</topic_url>
<topic_text>
Nordstrom Reports Earnings on Thursday – Here’s What Jim Cramer Is Watching ✕ FREE Video: This side hustle makes $6,000 a month... 
Enter Email Below To Watch FREE Report Now! 
Success! Now check your email to confirm your subscription. 
There was an error submitting your subscription. Please try again. Email Address 
</topic_text>
<spam_score>0.00</spam_score>
<post_num>1</post_num>
<post_id>post-1</post_id>
<post_url>http://solariuminteractive.com/nordstrom-reports-earnings-on-thursday-heres-what-jim-cramer-is-watching/</post_url>
<post_date>20160511</post_date>
<post_time></post_time>
<username></username>
<post>
Nordstrom Reports Earnings on Thursday – Here’s What Jim Cramer Is Watching ✕ FREE Video: This side hustle makes $6,000 a month... 
Enter Email Below To Watch FREE Report Now! 
Success! Now check your email to confirm your subscription. 
There was an error submitting your subscription. Please try again. Email Address 
</post>
<signature>

</signature>
<external_links>

</external_links>
<country>US</country>
<main_image></main_image>
</document>
