<?xml version="1.0" encoding="UTF-8"?>
<document>
<type>mainstream</type>
<forum></forum>
<forum_title></forum_title>
<discussion_title>الجرس | Al Jaras : اخبار وصور نجوم الفن والسياسة والمجتمع والرياضة | مي عز الدين وشخصية مختلفة تماماً في (وعد) – بالفيديو</discussion_title>
<language>arabic</language>
<gmt_offset></gmt_offset>
<topic_url>http://www.aljaras.com/%d9%85%d9%8a-%d8%b9%d8%b2-%d8%a7%d9%84%d8%af%d9%8a%d9%86-%d9%88%d8%b4%d8%ae%d8%b5%d9%8a%d8%a9-%d9%85%d8%ae%d8%aa%d9%84%d9%81%d8%a9-%d8%aa%d9%85%d8%a7%d9%85%d8%a7%d9%8b-%d9%81%d9%8a-%d9%88%d8%b9%d8%af/</topic_url>
<topic_text>
مي عز الدين وشخصية مختلفة تماماً في (وعد) – بالفيديو May 11, 2016 at 20:44 صورة مي التي سخروا منها بسببها 
عرضت قناة الـ (MBC Masr)، الإعلان الترويجي الخاص بمسلسل (وعد) للفنانة مي عز الدين. 
تظهر مي في العمل بإطلالة جديدة تماماً عن جميع الشخصيات التي قامت بتأديتها. 
يشارك بطولة هذا العمل الفنان حازم سمير، الذي سبق وشارك مي في مسلسلها الأخير (حالة عشق). شريف خالد – القاهرة A video posted by MBC Masr (@mbcmasrtv) on May 10, 2016 at 11:57am PDT Zone 3 
</topic_text>
<spam_score>0.00</spam_score>
<post_num>1</post_num>
<post_id>post-1</post_id>
<post_url>http://www.aljaras.com/%d9%85%d9%8a-%d8%b9%d8%b2-%d8%a7%d9%84%d8%af%d9%8a%d9%86-%d9%88%d8%b4%d8%ae%d8%b5%d9%8a%d8%a9-%d9%85%d8%ae%d8%aa%d9%84%d9%81%d8%a9-%d8%aa%d9%85%d8%a7%d9%85%d8%a7%d9%8b-%d9%81%d9%8a-%d9%88%d8%b9%d8%af/</post_url>
<post_date>20160510</post_date>
<post_time></post_time>
<username></username>
<post>
مي عز الدين وشخصية مختلفة تماماً في (وعد) – بالفيديو May 11, 2016 at 20:44 صورة مي التي سخروا منها بسببها 
عرضت قناة الـ (MBC Masr)، الإعلان الترويجي الخاص بمسلسل (وعد) للفنانة مي عز الدين. 
تظهر مي في العمل بإطلالة جديدة تماماً عن جميع الشخصيات التي قامت بتأديتها. 
يشارك بطولة هذا العمل الفنان حازم سمير، الذي سبق وشارك مي في مسلسلها الأخير (حالة عشق). شريف خالد – القاهرة A video posted by MBC Masr (@mbcmasrtv) on May 10, 2016 at 11:57am PDT Zone 3 
</post>
<signature>

</signature>
<external_links>

</external_links>
<country>CA</country>
<main_image>http://www.aljaras.com/wp-content/uploads/2016/05/مي-عز-الدين.jpg</main_image>
</document>
