<?xml version="1.0" encoding="UTF-8"?>
<document>
<type>mainstream</type>
<forum>http://www.herefordtimes.com/news/regional/west_midlands/rss/</forum>
<forum_title>Hereford Times | West Midlands</forum_title>
<discussion_title>Appeal launched after man punched and pushed into Stourbridge Canal</discussion_title>
<language>english</language>
<gmt_offset></gmt_offset>
<topic_url>http://www.herefordtimes.com/news/regional/west_midlands/14489160.Appeal_launched_after_man_punched_and_pushed_into_Stourbridge_Canal/?ref=rss</topic_url>
<topic_text>
Home News Sport Announcements Jobs Most popular UK news Send us your news Cars Traffic &amp; travel Business Directory Property Dating Desktop site Appeal launched after man punched and pushed into Stourbridge Canal West Midlands Police has released these pictures of three men they wish to speak to following the assault in Canal Street, Stourbridge
</topic_text>
<spam_score>0.00</spam_score>
<post_num>1</post_num>
<post_id>post-1</post_id>
<post_url>http://www.herefordtimes.com/news/regional/west_midlands/14489160.Appeal_launched_after_man_punched_and_pushed_into_Stourbridge_Canal/?ref=rss</post_url>
<post_date>20160512</post_date>
<post_time>1339</post_time>
<username></username>
<post>
Home News Sport Announcements Jobs Most popular UK news Send us your news Cars Traffic &amp; travel Business Directory Property Dating Desktop site Appeal launched after man punched and pushed into Stourbridge Canal West Midlands Police has released these pictures of three men they wish to speak to following the assault in Canal Street, Stourbridge
</post>
<signature>

</signature>
<external_links>

</external_links>
<country>GB</country>
<main_image>http://www.herefordtimes.com/resources/images/5056423/</main_image>
</document>
