<?xml version="1.0" encoding="UTF-8"?>
<document>
<type>mainstream</type>
<forum></forum>
<forum_title></forum_title>
<discussion_title>الجرس | Al Jaras : اخبار وصور نجوم الفن والسياسة والمجتمع والرياضة | زينة ضُربت ودخلت المستشفى وعلقت: عوروني وكسرولي دراعي! – بالصور</discussion_title>
<language>arabic</language>
<gmt_offset></gmt_offset>
<topic_url>http://www.aljaras.com/%d8%b2%d9%8a%d9%86%d8%a9-%d8%b6%d9%8f%d8%b1%d8%a8%d8%aa-%d9%88%d8%af%d8%ae%d9%84%d8%aa-%d8%a7%d9%84%d9%85%d8%b3%d8%aa%d8%b4%d9%81%d9%89-%d9%88%d8%aa%d8%b9%d9%84%d9%82-%d8%b9%d9%88%d8%b1%d9%88%d9%86/</topic_url>
<topic_text>
زينة ضُربت ودخلت المستشفى وعلقت: عوروني وكسرولي دراعي! – بالصور May 12, 2016 at 9:51 زينة: تنتقد الزميلة الاحمدية 
نشرت الفنانة زينة، مجموعة صور لها من كواليس تصوير مسلسلها الرمضاني الجديد (أزمة نسب). 
ظهرت زينة وهي ترقد على سرير المستشفى، ويبدو وجهها مليئاً بالكدمات. زينة من كواليس مسلسل أزمة نسب 
علقت زينة قائلة: “ضربوني وعوروني وكسرولي دراعي”. أميرة أسامة – القاهرة 
</topic_text>
<spam_score>0.00</spam_score>
<post_num>1</post_num>
<post_id>post-1</post_id>
<post_url>http://www.aljaras.com/%d8%b2%d9%8a%d9%86%d8%a9-%d8%b6%d9%8f%d8%b1%d8%a8%d8%aa-%d9%88%d8%af%d8%ae%d9%84%d8%aa-%d8%a7%d9%84%d9%85%d8%b3%d8%aa%d8%b4%d9%81%d9%89-%d9%88%d8%aa%d8%b9%d9%84%d9%82-%d8%b9%d9%88%d8%b1%d9%88%d9%86/</post_url>
<post_date>20160514</post_date>
<post_time></post_time>
<username></username>
<post>
زينة ضُربت ودخلت المستشفى وعلقت: عوروني وكسرولي دراعي! – بالصور May 12, 2016 at 9:51 زينة: تنتقد الزميلة الاحمدية 
نشرت الفنانة زينة، مجموعة صور لها من كواليس تصوير مسلسلها الرمضاني الجديد (أزمة نسب). 
ظهرت زينة وهي ترقد على سرير المستشفى، ويبدو وجهها مليئاً بالكدمات. زينة من كواليس مسلسل أزمة نسب 
علقت زينة قائلة: “ضربوني وعوروني وكسرولي دراعي”. أميرة أسامة – القاهرة 
</post>
<signature>

</signature>
<external_links>

</external_links>
<country>CA</country>
<main_image>http://www.aljaras.com/wp-content/uploads/2016/05/1462697321.253561.inarticleLarge.jpg</main_image>
</document>
