<?xml version="1.0" encoding="UTF-8"?>
<document>
<type>mainstream</type>
<forum>http://www.expressandstar.com/feed/</forum>
<forum_title>Midlands News – West Midlands Local News - UK News « Express &amp; Star</forum_title>
<discussion_title>UK will not hand over Falklands, Hammond tells Argentina</discussion_title>
<language>english</language>
<gmt_offset></gmt_offset>
<topic_url>http://www.expressandstar.com/news/uk-news/2016/05/12/uk-will-not-hand-over-falklands-hammond-tells-argentina/</topic_url>
<topic_text>
  5:10 pm UK will not hand over Falklands, Hammond tells Argentina Argentina has been told Britain will not hand over control of the Falkland Islands during the first talks in London between the nations&apos; foreign ministers in more than a decade. Foreign Secretary Philip Hammond met his Argentine counterpart 
Foreign Secretary Philip Hammond told Argentine counterpart Susana Malcorra that the UK&apos;s position over the remote archipelago has not changed. 
Relations with Buenos Aires have appeared to thaw since Cristina Kirchner left office last December. 
The former president repeatedly raised the dispute with escalating rhetoric, insisting Argentina would never renounce its claims over the islands that it calls Islas Malvinas. 
Mr Hammond underlined the result of the 2013 referendum that saw Falklanders vote overwhelmingly to remain a British overseas territory during the talks with Ms Malcorra, who is in London to attend the anti-corruption summit. 
During a &quot;warm&quot; discussion, the ministers also covered trade, anti-corruption and efforts to tackle the drugs trade. 
Mr Hammond said: &quot;I was pleased to meet foreign minister Malcorra and we had a warm, wide-ranging discussion. During their meeting at Davos earlier this year, the Prime Minister and President Macri set out an aspiration to embark on a new phase of relations between our two countries. 
&quot;Foreign Minister Malcorra and I discussed how to take this forward by developing a strong relationship based upon areas of mutual interest, such as increased trade links, combating drugs, crime and corruption, and closer co-operation on science and technology.&quot; 
The meeting was the first discussion in London between UK and Argentine foreign ministers since 2002. Commercial Links
</topic_text>
<spam_score>0.00</spam_score>
<post_num>1</post_num>
<post_id>post-1</post_id>
<post_url>http://www.expressandstar.com/news/uk-news/2016/05/12/uk-will-not-hand-over-falklands-hammond-tells-argentina/</post_url>
<post_date>20160512</post_date>
<post_time>1610</post_time>
<username></username>
<post>
  5:10 pm UK will not hand over Falklands, Hammond tells Argentina Argentina has been told Britain will not hand over control of the Falkland Islands during the first talks in London between the nations&apos; foreign ministers in more than a decade. Foreign Secretary Philip Hammond met his Argentine counterpart 
Foreign Secretary Philip Hammond told Argentine counterpart Susana Malcorra that the UK&apos;s position over the remote archipelago has not changed. 
Relations with Buenos Aires have appeared to thaw since Cristina Kirchner left office last December. 
The former president repeatedly raised the dispute with escalating rhetoric, insisting Argentina would never renounce its claims over the islands that it calls Islas Malvinas. 
Mr Hammond underlined the result of the 2013 referendum that saw Falklanders vote overwhelmingly to remain a British overseas territory during the talks with Ms Malcorra, who is in London to attend the anti-corruption summit. 
During a &quot;warm&quot; discussion, the ministers also covered trade, anti-corruption and efforts to tackle the drugs trade. 
Mr Hammond said: &quot;I was pleased to meet foreign minister Malcorra and we had a warm, wide-ranging discussion. During their meeting at Davos earlier this year, the Prime Minister and President Macri set out an aspiration to embark on a new phase of relations between our two countries. 
&quot;Foreign Minister Malcorra and I discussed how to take this forward by developing a strong relationship based upon areas of mutual interest, such as increased trade links, combating drugs, crime and corruption, and closer co-operation on science and technology.&quot; 
The meeting was the first discussion in London between UK and Argentine foreign ministers since 2002. Commercial Links
</post>
<signature>

</signature>
<external_links>

</external_links>
<country>GB</country>
<main_image></main_image>
</document>
