<?xml version="1.0" encoding="UTF-8"?>
<document>
<type>mainstream</type>
<forum>http://www.derwesten.de/rss</forum>
<forum_title>Start - WAZ</forum_title>
<discussion_title>90 Jahre im Sattel - so lässt die Queen sich feiern</discussion_title>
<language>german</language>
<gmt_offset></gmt_offset>
<topic_url>http://www.derwesten.de/panorama/90-jahre-im-sattel-so-laesst-die-queen-sich-feiern-id11820524.html</topic_url>
<topic_text>
90 Jahre im Sattel - so lässt die Queen sich feiern 12.05.2016 | 18:10 Uhr 2016-05-12T18:10:31+02:00 Im Park der Queen wird groß gefeiert. Foto: Andy Rain/Archiv/dpa London. Beinahe drohte die Geburtstagsfeier der britischen Königin Elizabeth II. ins Wasser zu fallen. Dauerregen hatte den Boden des Parks um Schloss Windsor aufgeweicht. 
Der Pferdesport-Wettbewerb &quot;Royal Horse Show&quot;, der tagsüber stattfindet, musste um einen Tag verschoben werden. Doch dann ging doch noch einmal alles gut. Zum Auftakt des Fests am Donnerstag schien die Sonne. Die Verantwortlichen konnten für den Showevent am Abend grünes Licht geben. 
Nur einmal im Jahr wird der weitläufige Park um die Wochenendresidenz Windsor geöffnet - für die &quot;Royal Horse Show&quot;. Bei dem internationalen Reitturnier schickt auch die Queen einige Pferde an den Start - und fiebert mit. Deshalb ist sie auch selbst immer wieder unter den Zuschauern. 
In diesem Jahr ist das Gelände zudem Schauplatz für die Feier zum 90. Geburtstag der Queen. Das hatte es zuletzt zum 60-Jahre-Thronjubiläum 2012 gegeben. Der allabendliche Showevent mit 1500 Teilnehmern und 900 Pferden soll am Leben der Königin angelehnt sein. Vergoldete royale Kutschen, berittene Regimenter mit historischen Uniformen, Tanzgruppen aus Afrika und dem Pazifik, Musiker und Schauspieler nehmen daran teil. Im Mittelpunkt stehen aber die Pferde. Ein Event ganz nach dem Geschmack der Queen, die seit frühester Kindheit eine enge Verbindung zu den Tieren hat - und bis heute Reiterin ist. 
Für Soldaten wie Chris Mears ist die Geburtstagsfeier in Windsor ein unvergessliches Erlebnis. Der 50-jährige Major dient seit elf Jahren im &quot;Queens colour squadron&quot;, einer Paradeeinheit der britischen Luftwaffe. &quot;Es ist ein Vorrecht, für die Königin auftreten zu dürfen&quot;, sagt Mears, dessen Einsatz gerade einmal zweieinhalb Minuten dauert. 
Er und 47 andere Mitglieder seiner Einheit formieren sich während der Show zu einer 90 - dem Alter der Queen. Dafür mussten die Soldaten eine Woche lang üben. &quot;Schwierig ist vor allem, dass wir nicht zu Marsch- sondern zu Popmusik auftreten&quot;, sagt Mears. &quot;Der Rhythmus ist viel schneller.&quot; 
Die Queen ist nicht so altmodisch, wie man das bei einer 90-jährigen Dame erwarten könnte. Das Geburtstagsständchen wird ihr die australische Pop-Sängerin Kylie Minogue singen. Aber erst am Sonntag, dem letzten Tag der Geburtstagsfeier. Dann treten auch der Startenor Andrea Bocelli und die Sänger Gary Barlow und James Blunt auf. Das ist der einzige Abend, an dem die Königin selbst kommt. 
Etwa 5500 Zuschauer sind zu jeder Show dabei. Die Tickets waren innerhalb von wenigen Stunden ausverkauft. Wer Glück hatte, bekam noch eine Karte für den Park von Schloss Windsor, dort werden mehrere Tausend Zuschauer die Show am Sonntag an großen Leinwänden verfolgen. Das Spektakel wird auch im britischen Fernsehen übertragen. 
Der eigentliche Geburtstag der Queen war bereits am 21. April. Ein weiteres Mal wird im Juni gefeiert. Bei der offiziellen Geburtstagsparade &quot;Trooping the Colour&quot; ziehen dann die königlichen Gardesoldaten in London an der Queen vorbei. (dpa)
</topic_text>
<spam_score>0.00</spam_score>
<post_num>1</post_num>
<post_id>post-1</post_id>
<post_url>http://www.derwesten.de/panorama/90-jahre-im-sattel-so-laesst-die-queen-sich-feiern-id11820524.html</post_url>
<post_date>20160512</post_date>
<post_time>1610</post_time>
<username>(dpa), we, DerWesten</username>
<post>
90 Jahre im Sattel - so lässt die Queen sich feiern 12.05.2016 | 18:10 Uhr 2016-05-12T18:10:31+02:00 Im Park der Queen wird groß gefeiert. Foto: Andy Rain/Archiv/dpa London. Beinahe drohte die Geburtstagsfeier der britischen Königin Elizabeth II. ins Wasser zu fallen. Dauerregen hatte den Boden des Parks um Schloss Windsor aufgeweicht. 
Der Pferdesport-Wettbewerb &quot;Royal Horse Show&quot;, der tagsüber stattfindet, musste um einen Tag verschoben werden. Doch dann ging doch noch einmal alles gut. Zum Auftakt des Fests am Donnerstag schien die Sonne. Die Verantwortlichen konnten für den Showevent am Abend grünes Licht geben. 
Nur einmal im Jahr wird der weitläufige Park um die Wochenendresidenz Windsor geöffnet - für die &quot;Royal Horse Show&quot;. Bei dem internationalen Reitturnier schickt auch die Queen einige Pferde an den Start - und fiebert mit. Deshalb ist sie auch selbst immer wieder unter den Zuschauern. 
In diesem Jahr ist das Gelände zudem Schauplatz für die Feier zum 90. Geburtstag der Queen. Das hatte es zuletzt zum 60-Jahre-Thronjubiläum 2012 gegeben. Der allabendliche Showevent mit 1500 Teilnehmern und 900 Pferden soll am Leben der Königin angelehnt sein. Vergoldete royale Kutschen, berittene Regimenter mit historischen Uniformen, Tanzgruppen aus Afrika und dem Pazifik, Musiker und Schauspieler nehmen daran teil. Im Mittelpunkt stehen aber die Pferde. Ein Event ganz nach dem Geschmack der Queen, die seit frühester Kindheit eine enge Verbindung zu den Tieren hat - und bis heute Reiterin ist. 
Für Soldaten wie Chris Mears ist die Geburtstagsfeier in Windsor ein unvergessliches Erlebnis. Der 50-jährige Major dient seit elf Jahren im &quot;Queens colour squadron&quot;, einer Paradeeinheit der britischen Luftwaffe. &quot;Es ist ein Vorrecht, für die Königin auftreten zu dürfen&quot;, sagt Mears, dessen Einsatz gerade einmal zweieinhalb Minuten dauert. 
Er und 47 andere Mitglieder seiner Einheit formieren sich während der Show zu einer 90 - dem Alter der Queen. Dafür mussten die Soldaten eine Woche lang üben. &quot;Schwierig ist vor allem, dass wir nicht zu Marsch- sondern zu Popmusik auftreten&quot;, sagt Mears. &quot;Der Rhythmus ist viel schneller.&quot; 
Die Queen ist nicht so altmodisch, wie man das bei einer 90-jährigen Dame erwarten könnte. Das Geburtstagsständchen wird ihr die australische Pop-Sängerin Kylie Minogue singen. Aber erst am Sonntag, dem letzten Tag der Geburtstagsfeier. Dann treten auch der Startenor Andrea Bocelli und die Sänger Gary Barlow und James Blunt auf. Das ist der einzige Abend, an dem die Königin selbst kommt. 
Etwa 5500 Zuschauer sind zu jeder Show dabei. Die Tickets waren innerhalb von wenigen Stunden ausverkauft. Wer Glück hatte, bekam noch eine Karte für den Park von Schloss Windsor, dort werden mehrere Tausend Zuschauer die Show am Sonntag an großen Leinwänden verfolgen. Das Spektakel wird auch im britischen Fernsehen übertragen. 
Der eigentliche Geburtstag der Queen war bereits am 21. April. Ein weiteres Mal wird im Juni gefeiert. Bei der offiziellen Geburtstagsparade &quot;Trooping the Colour&quot; ziehen dann die königlichen Gardesoldaten in London an der Queen vorbei. (dpa)
</post>
<signature>

</signature>
<external_links>

</external_links>
<country>DE</country>
<main_image>http://www.derwesten.de/img/panorama/crop11820523/2989019420-cImg0273_543-w1200/urn-newsml-dpa-com-20090101-160512-99-922962-large-4-3.jpg</main_image>
</document>
