<?xml version="1.0" encoding="UTF-8"?>
<document>
<type>mainstream</type>
<forum>http://www.youm7.com/فن وتليفزيون-48</forum>
<forum_title>فن | اليوم السابع</forum_title>
<discussion_title>رسميًا عودة جمال مروان و&quot;ميلودى&quot; للإنتاج الموسيقى بمطربين جدد</discussion_title>
<language>arabic</language>
<gmt_offset></gmt_offset>
<topic_url>http://www.youm7.com/story/2016/5/12/رسميًا-عودة-جمال-مروان-وميلودى-للإنتاج-الموسيقى-بمطربين-جدد/2715295</topic_url>
<topic_text>
استعاد رجل الأعمال وصاحب شركة ميلودى جمال مروان نشاطه الفنى والموسيقى من جديد رسميًا، من خلال شركته وقناته الموسيقية المعروفة باسم &quot;ميلودى ميوزيك&quot; وذلك بعد ابتعاد وغياب سنوات، حيث أصدرت &quot;ميلودى ميوزيك&quot; على قناة &quot;يوتيوب&quot; منذ أيام قليلة أغنية جديدة وكليب بعنوان &quot;دووس&quot; غناها ولحنها بلال سرور وكتبها بمشاركة إسلام مصطفى ومحمد القياتى ووزعها هانى ربيع.
عودة جمال مروان هذه المرة جاءت من أمريكا التى انتقل للعيش فيها مع أسرته منذ فترة، حيث بدأ جمال اتصالاته بالفعل منذ فترة ببعض العاملين بالوسط الموسيقى للبحث عن مواهب جديدة للتعاقد معها والإنتاج لها مقابل الحصول على حقوق الديجيتال، إضافة إلى حصوله على توقيع نجم أو نجمين كبار فى عالم الغناء حتى يرفع من أسهم اسم &quot;ميلودى&quot; التى غابت عن الساحة الفنية والموسيقية لسنوات بعد أن كانت تنتج لنجوم ونجمات منهم نانسى عجرم وراغب علامة ويارا وميريام فارس وغيرهم.
موضوعات متعلقة..
- بالفيديو.. الملحن بلال سرور: أغنية &quot;دووس&quot; تعالج الإحباط
</topic_text>
<spam_score>0.00</spam_score>
<post_num>1</post_num>
<post_id>post-1</post_id>
<post_url>http://www.youm7.com/story/2016/5/12/رسميًا-عودة-جمال-مروان-وميلودى-للإنتاج-الموسيقى-بمطربين-جدد/2715295</post_url>
<post_date>20160512</post_date>
<post_time>0632</post_time>
<username>youm7.com</username>
<post>
استعاد رجل الأعمال وصاحب شركة ميلودى جمال مروان نشاطه الفنى والموسيقى من جديد رسميًا، من خلال شركته وقناته الموسيقية المعروفة باسم &quot;ميلودى ميوزيك&quot; وذلك بعد ابتعاد وغياب سنوات، حيث أصدرت &quot;ميلودى ميوزيك&quot; على قناة &quot;يوتيوب&quot; منذ أيام قليلة أغنية جديدة وكليب بعنوان &quot;دووس&quot; غناها ولحنها بلال سرور وكتبها بمشاركة إسلام مصطفى ومحمد القياتى ووزعها هانى ربيع.
عودة جمال مروان هذه المرة جاءت من أمريكا التى انتقل للعيش فيها مع أسرته منذ فترة، حيث بدأ جمال اتصالاته بالفعل منذ فترة ببعض العاملين بالوسط الموسيقى للبحث عن مواهب جديدة للتعاقد معها والإنتاج لها مقابل الحصول على حقوق الديجيتال، إضافة إلى حصوله على توقيع نجم أو نجمين كبار فى عالم الغناء حتى يرفع من أسهم اسم &quot;ميلودى&quot; التى غابت عن الساحة الفنية والموسيقية لسنوات بعد أن كانت تنتج لنجوم ونجمات منهم نانسى عجرم وراغب علامة ويارا وميريام فارس وغيرهم.
موضوعات متعلقة..
- بالفيديو.. الملحن بلال سرور: أغنية &quot;دووس&quot; تعالج الإحباط
</post>
<signature>

</signature>
<external_links>
<external_link>https://www.youtube.com/embed/mzHN09x0RlI?rel=0</external_link><external_link>https://twitter.com/intent/tweet?button_hashtag=Youm7&amp;text=رسميًا</external_link><external_link>http://adserver.adtech.de/adserv/3.0/1422/5999560/0/170/ADTECH;loc=300</external_link><external_link>http://adserver.adtech.de/adlink/3.0/1422/5999560/0/170/ADTECH;loc=300</external_link>
</external_links>
<country>US</country>
<main_image>http://img.youm7.com/images/NewsPics/large/smal4201013132944.jpg?v543</main_image>
</document>
