<?xml version="1.0" encoding="UTF-8"?>
<document>
<type>mainstream</type>
<forum>http://www.herefordtimes.com/news/regional/west_midlands/rss/</forum>
<forum_title>Hereford Times | West Midlands</forum_title>
<discussion_title>Wall Heath club to host a Great British Tennis Weekend</discussion_title>
<language>english</language>
<gmt_offset></gmt_offset>
<topic_url>http://www.herefordtimes.com/news/regional/west_midlands/14489193.Wall_Heath_club_to_host_a_Great_British_Tennis_Weekend/?ref=rss</topic_url>
<topic_text>
Home News Sport Announcements Jobs Most popular UK news Send us your news Cars Traffic &amp; travel Business Directory Property Dating Desktop site Wall Heath club to host a Great British Tennis Weekend Members of Wall Heath Tennis Club prepare to host a Great British Tennis Weekend event this Saturday (May 14)
</topic_text>
<spam_score>0.00</spam_score>
<post_num>1</post_num>
<post_id>post-1</post_id>
<post_url>http://www.herefordtimes.com/news/regional/west_midlands/14489193.Wall_Heath_club_to_host_a_Great_British_Tennis_Weekend/?ref=rss</post_url>
<post_date>20160512</post_date>
<post_time>1349</post_time>
<username></username>
<post>
Home News Sport Announcements Jobs Most popular UK news Send us your news Cars Traffic &amp; travel Business Directory Property Dating Desktop site Wall Heath club to host a Great British Tennis Weekend Members of Wall Heath Tennis Club prepare to host a Great British Tennis Weekend event this Saturday (May 14)
</post>
<signature>

</signature>
<external_links>

</external_links>
<country>GB</country>
<main_image>http://www.herefordtimes.com/resources/images/5056459/</main_image>
</document>
