<?xml version="1.0" encoding="UTF-8"?>
<document>
<type>mainstream</type>
<forum></forum>
<forum_title></forum_title>
<discussion_title>9/11 Commission member claims Saudi government officials supported hijackers</discussion_title>
<language>english</language>
<gmt_offset></gmt_offset>
<topic_url>http://www.telegraph.co.uk/news/2016/05/12/911-commission-member-claims-saudi-government-officials-supporte/</topic_url>
<topic_text>
9/11 Commission member claims Saudi government officials supported hijackers President Barack Obama in Saudi Arabia Credit: AP Prince Charles: patients should wait for illnesses to clear up naturally not demand antibiotics 12 May 2016 , 4:56pm Russian court &apos;seizes&apos; Britain&apos;s most expensive home 12 May 2016 , 4:35pm Gallery 12 May 2016 , 4:17pm Leave your feedback 
© Telegraph Media Group Limited 2016 We&apos;re glad you enjoy The Telegraph&apos;s articles. Unfortunately you&apos;ve reached your free article limit. Choose your subscription Free 30-day trial Unlimited access to www.telegraph.co.uk Mobile apps (iPhone, Android) Tablet edition (iPad, Android, Kindle Fire) Website+ £8 month | £80 annually yes yes yes no Select Monthly Select Annually Tablet+ £15 month | £150 annually yes yes yes yes Select Monthly Select Annually Get help from our subscriptions team 0800 316 3500 
</topic_text>
<spam_score>0.00</spam_score>
<post_num>1</post_num>
<post_id>post-1</post_id>
<post_url>http://www.telegraph.co.uk/news/2016/05/12/911-commission-member-claims-saudi-government-officials-supporte/</post_url>
<post_date>20160512</post_date>
<post_time></post_time>
<username>Nick Allen</username>
<post>
9/11 Commission member claims Saudi government officials supported hijackers President Barack Obama in Saudi Arabia Credit: AP Prince Charles: patients should wait for illnesses to clear up naturally not demand antibiotics 12 May 2016 , 4:56pm Russian court &apos;seizes&apos; Britain&apos;s most expensive home 12 May 2016 , 4:35pm Gallery 12 May 2016 , 4:17pm Leave your feedback 
© Telegraph Media Group Limited 2016 We&apos;re glad you enjoy The Telegraph&apos;s articles. Unfortunately you&apos;ve reached your free article limit. Choose your subscription Free 30-day trial Unlimited access to www.telegraph.co.uk Mobile apps (iPhone, Android) Tablet edition (iPad, Android, Kindle Fire) Website+ £8 month | £80 annually yes yes yes no Select Monthly Select Annually Tablet+ £15 month | £150 annually yes yes yes yes Select Monthly Select Annually Get help from our subscriptions team 0800 316 3500 
</post>
<signature>

</signature>
<external_links>

</external_links>
<country>US</country>
<main_image>http://www.telegraph.co.uk/content/dam/news/2016/04/19/obama_in_saudio-xlarge.jpg</main_image>
</document>
