<?xml version="1.0" encoding="UTF-8"?>
<document>
<type>mainstream</type>
<forum></forum>
<forum_title></forum_title>
<discussion_title>Задержан диверсант, планировавший диверсии на шахтах ЛНР » Русский Дозор, Русская весна</discussion_title>
<language>russian</language>
<gmt_offset></gmt_offset>
<topic_url>http://rusdozor.com/video/5230-zaderzhan-diversant-planirovavshiy-diversii-na-shahtah-lnr.html</topic_url>
<topic_text>
Русский Дозор, Русская весна. Новости Русского Мира » Видео » Задержан диверсант, планировавший диверсии на шахтах ЛНР Задержан диверсант, планировавший диверсии на шахтах ЛНР 12 май 19:23 | 5 В ЛНР задержали диверсанта, задачей которого были подрывы шахт. На видеозаписи рассказ обезвреженного украинского военнослужащего, который под руководством иностранных инструкторов обучался и готовился к совершению диверсий на территории ЛНР.Совершить подрыв на шахте и обвинить в этом руководство ЛНР. Устроить покушение на представителей ОБСЕ и возложить ответственность за него на бойцов антинацистого сопротивления — вот «нехитрые» методы борьбы, которые не стесняясь использует украинская сторона. Из рассказа пленного понятно, что кровавые провокации предназначались не только для Донбасса, но и для самой Украины: в частности, американский инструктор ставил задачу нанесения удара по объектам атомной энергетики Причерноморья. Комментарии 
</topic_text>
<spam_score>0.00</spam_score>
<post_num>1</post_num>
<post_id>post-1</post_id>
<post_url>http://rusdozor.com/video/5230-zaderzhan-diversant-planirovavshiy-diversii-na-shahtah-lnr.html</post_url>
<post_date>20160512</post_date>
<post_time></post_time>
<username></username>
<post>
Русский Дозор, Русская весна. Новости Русского Мира » Видео » Задержан диверсант, планировавший диверсии на шахтах ЛНР Задержан диверсант, планировавший диверсии на шахтах ЛНР 12 май 19:23 | 5 В ЛНР задержали диверсанта, задачей которого были подрывы шахт. На видеозаписи рассказ обезвреженного украинского военнослужащего, который под руководством иностранных инструкторов обучался и готовился к совершению диверсий на территории ЛНР.Совершить подрыв на шахте и обвинить в этом руководство ЛНР. Устроить покушение на представителей ОБСЕ и возложить ответственность за него на бойцов антинацистого сопротивления — вот «нехитрые» методы борьбы, которые не стесняясь использует украинская сторона. Из рассказа пленного понятно, что кровавые провокации предназначались не только для Донбасса, но и для самой Украины: в частности, американский инструктор ставил задачу нанесения удара по объектам атомной энергетики Причерноморья. Комментарии 
</post>
<signature>

</signature>
<external_links>

</external_links>
<country>EE</country>
<main_image>http://rusdozor.com/uploads/posts/2016-05/medium/1463070240_snimok-ekrana-2016-05-12-192238.png</main_image>
</document>
