<?xml version="1.0" encoding="UTF-8"?>
<document>
<type>mainstream</type>
<forum></forum>
<forum_title></forum_title>
<discussion_title>الجرس | Al Jaras : اخبار وصور نجوم الفن والسياسة والمجتمع والرياضة | سيرين ظهرت بالشعر الاصطناعي وهكذا بدت – بالصور!</discussion_title>
<language>arabic</language>
<gmt_offset></gmt_offset>
<topic_url>http://www.aljaras.com/%d8%b3%d9%8a%d8%b1%d9%8a%d9%86-%d8%b8%d9%87%d8%b1%d8%aa-%d8%a8%d8%a7%d9%84%d8%b4%d8%b9%d8%b1-%d8%a7%d9%84%d8%a7%d8%b5%d8%b7%d9%86%d8%a7%d8%b9%d9%8a-%d9%88%d9%87%d9%83%d8%b0%d8%a7-%d8%a8%d8%af%d8%aa/</topic_url>
<topic_text>
سيرين ظهرت بالشعر الاصطناعي وهكذا بدت – بالصور! May 12, 2016 at 0:29 سيرين مع طاقم فريق عمل برنامج (نجم الكوميديا) 
اختارت الفنانة سيرين عبد النور، الظهور بإطلالة مختلفة وغير اعتيادية في برنامج (نجم الكوميديا)، الذي تشارك فيه ضمن لجنة تحكيمه التي تتكون من الفنان حسن حسني والفنان محمد هنيدي. 
ظهرت سيرين في الحلقة وهي تضع شعراً مستعاراً أي “باروكة” قصيرة سوداء اللون. سيرين ومحمد هنيدي يداعبان حسن حسني 
من ناحية أخرى، نشرت سيرين مجموعة صور لإطلالتها، وعلقت عليها قائلة: “دائماً في ناس وراء الكواليس مسؤولة عن اطلالتي منتشارك سوى اخر صيحات الموضة ومنجرب نقدم الاحسن كل مرة شكر كبير الكن لمحبتكن واهتمامكن”. شريف خالد – القاهرة 
</topic_text>
<spam_score>0.00</spam_score>
<post_num>1</post_num>
<post_id>post-1</post_id>
<post_url>http://www.aljaras.com/%d8%b3%d9%8a%d8%b1%d9%8a%d9%86-%d8%b8%d9%87%d8%b1%d8%aa-%d8%a8%d8%a7%d9%84%d8%b4%d8%b9%d8%b1-%d8%a7%d9%84%d8%a7%d8%b5%d8%b7%d9%86%d8%a7%d8%b9%d9%8a-%d9%88%d9%87%d9%83%d8%b0%d8%a7-%d8%a8%d8%af%d8%aa/</post_url>
<post_date>20160410</post_date>
<post_time></post_time>
<username></username>
<post>
سيرين ظهرت بالشعر الاصطناعي وهكذا بدت – بالصور! May 12, 2016 at 0:29 سيرين مع طاقم فريق عمل برنامج (نجم الكوميديا) 
اختارت الفنانة سيرين عبد النور، الظهور بإطلالة مختلفة وغير اعتيادية في برنامج (نجم الكوميديا)، الذي تشارك فيه ضمن لجنة تحكيمه التي تتكون من الفنان حسن حسني والفنان محمد هنيدي. 
ظهرت سيرين في الحلقة وهي تضع شعراً مستعاراً أي “باروكة” قصيرة سوداء اللون. سيرين ومحمد هنيدي يداعبان حسن حسني 
من ناحية أخرى، نشرت سيرين مجموعة صور لإطلالتها، وعلقت عليها قائلة: “دائماً في ناس وراء الكواليس مسؤولة عن اطلالتي منتشارك سوى اخر صيحات الموضة ومنجرب نقدم الاحسن كل مرة شكر كبير الكن لمحبتكن واهتمامكن”. شريف خالد – القاهرة 
</post>
<signature>

</signature>
<external_links>

</external_links>
<country>CA</country>
<main_image>http://www.aljaras.com/wp-content/uploads/2016/04/10.png</main_image>
</document>
