<?xml version="1.0" encoding="UTF-8"?>
<document>
<type>mainstream</type>
<forum>http://www.borsaitaliana.it/borsa/notizie/radiocor/economia/archivio.html</forum>
<forum_title>Notizie Radiocor - Economia - Borsa Italiana</forum_title>
<discussion_title>Revisori: Zanetti, in Registro tirocinio anche per commercia</discussion_title>
<language>italian</language>
<gmt_offset></gmt_offset>
<topic_url>http://www.borsaitaliana.it/borsa/notizie/radiocor/economia/dettaglio/nRC_12052016_1716_629803498.html</topic_url>
<topic_text>
Revisori: Zanetti, in Registro tirocinio anche per commercialisti abilitati
&apos;Vanno rispettati tutti i requisiti formali e sostanziali&apos; Roma, 12 mag - Anche l&apos;aspirante revisore legale, gia&apos; abilitato alla professione di commercialista, per iscriversi al Registro dei revisori deve passare per un &quot;regolare tirocinio&quot;. Lo ha chiarito il vice ministro dell&apos;Economia, Enrico Zanetti, rispondendo in commissione Finanze alla Camera a un&apos;interrogazione Pd
Zanetti ha escluso al riguardo la possibilita&apos; di riconoscimenti dei tirocini &quot;a posteriori&quot;, o a &quot;mere autocertificazioni&quot;. In sostanza, ha puntualizzato, l&apos;iscrizione al Registro &quot;non puo&apos; che avvenire nel rispetto di tutti i requisiti formali e sostanziali previsti dalla normativa vigente&quot;.
Bof
(RADIOCOR) 12-05-16 17:16:58 (0629)AVV 5 NNNN
</topic_text>
<spam_score>0.00</spam_score>
<post_num>1</post_num>
<post_id>post-1</post_id>
<post_url>http://www.borsaitaliana.it/borsa/notizie/radiocor/economia/dettaglio/nRC_12052016_1716_629803498.html</post_url>
<post_date>20160512</post_date>
<post_time>1716</post_time>
<username>borsaitaliana.it</username>
<post>
Revisori: Zanetti, in Registro tirocinio anche per commercialisti abilitati
&apos;Vanno rispettati tutti i requisiti formali e sostanziali&apos; Roma, 12 mag - Anche l&apos;aspirante revisore legale, gia&apos; abilitato alla professione di commercialista, per iscriversi al Registro dei revisori deve passare per un &quot;regolare tirocinio&quot;. Lo ha chiarito il vice ministro dell&apos;Economia, Enrico Zanetti, rispondendo in commissione Finanze alla Camera a un&apos;interrogazione Pd
Zanetti ha escluso al riguardo la possibilita&apos; di riconoscimenti dei tirocini &quot;a posteriori&quot;, o a &quot;mere autocertificazioni&quot;. In sostanza, ha puntualizzato, l&apos;iscrizione al Registro &quot;non puo&apos; che avvenire nel rispetto di tutti i requisiti formali e sostanziali previsti dalla normativa vigente&quot;.
Bof
(RADIOCOR) 12-05-16 17:16:58 (0629)AVV 5 NNNN
</post>
<signature>

</signature>
<external_links>

</external_links>
<country>IT</country>
<main_image></main_image>
</document>
