<?xml version="1.0" encoding="UTF-8"?>
<document>
<type>mainstream</type>
<forum>http://rss.wn.com/English/keyword/health</forum>
<forum_title>WN.com - Health News</forum_title>
<discussion_title>Hospital: State policy on mentally ill &apos;misguided&apos;</discussion_title>
<language>english</language>
<gmt_offset></gmt_offset>
<topic_url>http://article.wn.com/view/2016/05/12/Hospital_State_policy_on_mentally_ill_misguided_5/</topic_url>
<topic_text>
BOSTON (AP) — The Massachusetts hospital under scrutiny for releasing a man who hours later fatally stabbed two people and injured several others says state policy that governs the way it handles psychiatric patients is &quot;misguided.&quot; 
The
</topic_text>
<spam_score>0.00</spam_score>
<post_num>1</post_num>
<post_id>post-1</post_id>
<post_url>http://article.wn.com/view/2016/05/12/Hospital_State_policy_on_mentally_ill_misguided_5/</post_url>
<post_date>20160512</post_date>
<post_time></post_time>
<username>wn.com</username>
<post>
BOSTON (AP) — The Massachusetts hospital under scrutiny for releasing a man who hours later fatally stabbed two people and injured several others says state policy that governs the way it handles psychiatric patients is &quot;misguided.&quot; 
The
</post>
<signature>

</signature>
<external_links>

</external_links>
<country>GB</country>
<main_image>http://i.ytimg.com/vi/zHWYx5N2554/0.jpg</main_image>
</document>
