<?xml version="1.0" encoding="UTF-8"?>
<document>
<type>mainstream</type>
<forum>http://cananewsonline.com/main/feed/</forum>
<forum_title>cananewsonline.com</forum_title>
<discussion_title>CRICKET-TRIBUTE-Cricket Australia hails media titan Cozier</discussion_title>
<language>english</language>
<gmt_offset></gmt_offset>
<topic_url>http://cananewsonline.com/main/cricket-tribute-cricket-australia-hails-media-titan-cozier/</topic_url>
<topic_text>
Home » Sports » Full Sports » CRICKET-TRIBUTE-Cricket Australia hails media titan Cozier CRICKET-TRIBUTE-Cricket Australia hails media titan Cozier
</topic_text>
<spam_score>0.00</spam_score>
<post_num>1</post_num>
<post_id>post-1</post_id>
<post_url>http://cananewsonline.com/main/cricket-tribute-cricket-australia-hails-media-titan-cozier/</post_url>
<post_date>20160512</post_date>
<post_time>1335</post_time>
<username>STAFF WRITER</username>
<post>
Home » Sports » Full Sports » CRICKET-TRIBUTE-Cricket Australia hails media titan Cozier CRICKET-TRIBUTE-Cricket Australia hails media titan Cozier
</post>
<signature>

</signature>
<external_links>

</external_links>
<country>US</country>
<main_image></main_image>
</document>
