<?xml version="1.0" encoding="UTF-8"?>
<document>
<type>mainstream</type>
<forum>http://donanimhaber.com/Rss/Tum/Default.aspx</forum>
<forum_title>Donanimhaber.com</forum_title>
<discussion_title>Samsung, BlackBerry Hub tarzı yeni bir uygulama üzerinde çalışıyor</discussion_title>
<language>turkish</language>
<gmt_offset></gmt_offset>
<topic_url>http://www.donanimhaber.com/cep-telefonlari/haberleri/Samsung-BlackBerry-Hub-tarzi-yeni-bir-uygulama-uzerinde-calisiyor.htm</topic_url>
<topic_text>
Ekrem71   15:15   Samsung, BlackBerry Hub tarzı yeni bir uygulama üzerinde çalışıyor Günlük Haber Ekrem71   15:15 3 776 Her yıl amiral gemi modelleri ile yenilikçi yazılımlar piyasaya sürmeye çalışan Samsung, Galaxy Note 6 için de hoş bir sürpriz hazırlıyor. Samsung Focus, ilk kez bu cihazda karşımıza çıkacak. 
Her mobil cihaz üreticisinin, ürünlerinde kullanıcılara sunduğu farklı yazılımlar bulunuyor. Üreticiler her yeni modelde bu yazılımları geliştiriyor ve müşterilerine yenilikçi projeler sunmaya çalışıyor. Bu konuda öne çıkan firmalardan birisi olan Samsung, Galaxy Note 6 ile yeni bir özellik getirecek. 

BlackBerry Hub yazılmından hatırlayacağımız bu özellik Samsung Focus adını taşıyor. Kullanıcının tüm email hesaplarını bir araya getirecek olan Samsung Focus, bunun haricinde sosyal ağlar, sohbet uygulamaları, ajanda, rehber, notlar gibi diğer fonksiyonları da bünyesinde barındıracak. Arayüz üzerinden bu fonksiyonlar kontrol edilebilecek ve hızlı cevaplar verilebilecek. Kullanıcılar, örneğin yapılacaklar listesine göre bu ögeleri sıralayabilecek. Ya da rehberdeki bir kişi ile ilgili tüm ögeler bir araya getirilebilecek. 

Samsung Focus, Google’ın Material Design tasarım dilini benimseyecek ve firmanın alıştığımız kendi çizgilerinden biraz uzaklaşacak. Hatta, Samsung tasarım çizgilerinden en fazla uzaklaşan uygulamanın Focus olacağı ifade ediliyor. 

Samsung Focus , S-Pen uyumu ile Galaxy Note 6 modelinin farklılaştığı konulardan birisi olacak. Bununla birlikte, ilerleyen dönemlerde yapılacak güncellemeler ile uygulamanın Galaxy S7 gibi amiral gemi modellerine gelebileceği belirtiliyor.
</topic_text>
<spam_score>0.00</spam_score>
<post_num>1</post_num>
<post_id>post-1</post_id>
<post_url>http://www.donanimhaber.com/cep-telefonlari/haberleri/Samsung-BlackBerry-Hub-tarzi-yeni-bir-uygulama-uzerinde-calisiyor.htm</post_url>
<post_date>20160512</post_date>
<post_time>1215</post_time>
<username></username>
<post>
Ekrem71   15:15   Samsung, BlackBerry Hub tarzı yeni bir uygulama üzerinde çalışıyor Günlük Haber Ekrem71   15:15 3 776 Her yıl amiral gemi modelleri ile yenilikçi yazılımlar piyasaya sürmeye çalışan Samsung, Galaxy Note 6 için de hoş bir sürpriz hazırlıyor. Samsung Focus, ilk kez bu cihazda karşımıza çıkacak. 
Her mobil cihaz üreticisinin, ürünlerinde kullanıcılara sunduğu farklı yazılımlar bulunuyor. Üreticiler her yeni modelde bu yazılımları geliştiriyor ve müşterilerine yenilikçi projeler sunmaya çalışıyor. Bu konuda öne çıkan firmalardan birisi olan Samsung, Galaxy Note 6 ile yeni bir özellik getirecek. 

BlackBerry Hub yazılmından hatırlayacağımız bu özellik Samsung Focus adını taşıyor. Kullanıcının tüm email hesaplarını bir araya getirecek olan Samsung Focus, bunun haricinde sosyal ağlar, sohbet uygulamaları, ajanda, rehber, notlar gibi diğer fonksiyonları da bünyesinde barındıracak. Arayüz üzerinden bu fonksiyonlar kontrol edilebilecek ve hızlı cevaplar verilebilecek. Kullanıcılar, örneğin yapılacaklar listesine göre bu ögeleri sıralayabilecek. Ya da rehberdeki bir kişi ile ilgili tüm ögeler bir araya getirilebilecek. 

Samsung Focus, Google’ın Material Design tasarım dilini benimseyecek ve firmanın alıştığımız kendi çizgilerinden biraz uzaklaşacak. Hatta, Samsung tasarım çizgilerinden en fazla uzaklaşan uygulamanın Focus olacağı ifade ediliyor. 

Samsung Focus , S-Pen uyumu ile Galaxy Note 6 modelinin farklılaştığı konulardan birisi olacak. Bununla birlikte, ilerleyen dönemlerde yapılacak güncellemeler ile uygulamanın Galaxy S7 gibi amiral gemi modellerine gelebileceği belirtiliyor.
</post>
<signature>

</signature>
<external_links>

</external_links>
<country>TR</country>
<main_image></main_image>
</document>
