<?xml version="1.0" encoding="UTF-8"?>
<document>
<type>mainstream</type>
<forum>http://www.noticiascyl.com/feed</forum>
<forum_title>Noticiascyl</forum_title>
<discussion_title>La Virgen albergará la primera Jornada de Seguridad ‘Tour Vial’</discussion_title>
<language>spanish</language>
<gmt_offset></gmt_offset>
<topic_url>http://www.noticiascyl.com/leon/2016/05/12/la-virgen-albergara-la-primera-jornada-de-seguridad-tour-vial/</topic_url>
<topic_text>
La Virgen albergará la primera Jornada de Seguridad ‘Tour Vial’ 12 mayo, 2016 0 Las jornadas han sido presentadas en el día de hoy en La Virgen del Camino 
El Auditorio al Aire Libre de La Virgen del Camino albergará durante todo el Viernes 13 de Mayo la primera Jornada de Seguridad Vial ‘Tour Vial’ para niños de 5 a 9 años. La jornada será inaugurada a las 10:00 horas por el Director Provincial de Tráfico, Gonzalo León Vázquez, que estará acompañado del Alcalde del Ayuntamiento de Valverde de la Virgen, David Fernández Blanco. 
Desde la Concejalía de Educación, Juventud y Ocio de Valverde de la Virgen, en colaboración con el CEO Camino de Santiago, Seguros Ocaso y la Autoescuela Marín, han coordinado esta propuesta que dará cobijo durante la mañana al alumnado de 1º a 3º de Primaria del colegio de La Virgen del Camino. 
Por la tarde entre las 16:30 y 18:30 horas podrán participar de forma gratuita todos aquellos niños de 5 a 9 años que lo deseen, inscribiéndose previamente en la Oficina de Atención al Público de La Virgen del Camino (Telf. 987302213) tanto el Jueves por la tarde como el Viernes en horario de mañana. 
La Virgen del Camino será la primera sede de un ‘Tour’ que recorrerá todo el país 
Tour Vial es un proyecto realizado en su totalidad en el municipio de Valverde de la Virgen por la empresa de organización de eventos DECON, que dirige el ex-ciclista profesional Javier Pascual Rodríguez, natural de La Virgen del Camino. 
Tour Vial es un evento exclusivo de producción propia que está encaminado a llevar la educación vial a colegios, ferias y eventos de toda España, presentándose mañana en la localidad leonesa de La Virgen del Camino, que será la primera sede de este ‘Tour’ de Seguridad Vial. 
El objetivo principal de este proyecto es generar conductas positivas y seguras entre los más pequeños, que ayudarán a formar ciudadanos autónomos, responsables y respetuosos. ‘Tour Vial consta de cuatro áreas, con una duración cada una de ellas de 15 minutos. Aula: a través de audiovisual y material interactivo los niños y niñas conocerán normas básicas de educación vial. Taller: la bicicleta es probablemente el primer vehículo de casi todos, por ello se les enseñará a ponerla a punto para circular de forma segura. Circuito: en este espacio seguro y divertido pondrán en práctica lo aprendido. Emovial: a través de ‘Charatristi’ un personaje jovial y divertido los niños y niñas descubrirán el mundo emocional y los valores en el entorno vial. Compartir
</topic_text>
<spam_score>0.00</spam_score>
<post_num>1</post_num>
<post_id>post-1</post_id>
<post_url>http://www.noticiascyl.com/leon/2016/05/12/la-virgen-albergara-la-primera-jornada-de-seguridad-tour-vial/</post_url>
<post_date>20160512</post_date>
<post_time>1611</post_time>
<username>Luis Sánchez</username>
<post>
La Virgen albergará la primera Jornada de Seguridad ‘Tour Vial’ 12 mayo, 2016 0 Las jornadas han sido presentadas en el día de hoy en La Virgen del Camino 
El Auditorio al Aire Libre de La Virgen del Camino albergará durante todo el Viernes 13 de Mayo la primera Jornada de Seguridad Vial ‘Tour Vial’ para niños de 5 a 9 años. La jornada será inaugurada a las 10:00 horas por el Director Provincial de Tráfico, Gonzalo León Vázquez, que estará acompañado del Alcalde del Ayuntamiento de Valverde de la Virgen, David Fernández Blanco. 
Desde la Concejalía de Educación, Juventud y Ocio de Valverde de la Virgen, en colaboración con el CEO Camino de Santiago, Seguros Ocaso y la Autoescuela Marín, han coordinado esta propuesta que dará cobijo durante la mañana al alumnado de 1º a 3º de Primaria del colegio de La Virgen del Camino. 
Por la tarde entre las 16:30 y 18:30 horas podrán participar de forma gratuita todos aquellos niños de 5 a 9 años que lo deseen, inscribiéndose previamente en la Oficina de Atención al Público de La Virgen del Camino (Telf. 987302213) tanto el Jueves por la tarde como el Viernes en horario de mañana. 
La Virgen del Camino será la primera sede de un ‘Tour’ que recorrerá todo el país 
Tour Vial es un proyecto realizado en su totalidad en el municipio de Valverde de la Virgen por la empresa de organización de eventos DECON, que dirige el ex-ciclista profesional Javier Pascual Rodríguez, natural de La Virgen del Camino. 
Tour Vial es un evento exclusivo de producción propia que está encaminado a llevar la educación vial a colegios, ferias y eventos de toda España, presentándose mañana en la localidad leonesa de La Virgen del Camino, que será la primera sede de este ‘Tour’ de Seguridad Vial. 
El objetivo principal de este proyecto es generar conductas positivas y seguras entre los más pequeños, que ayudarán a formar ciudadanos autónomos, responsables y respetuosos. ‘Tour Vial consta de cuatro áreas, con una duración cada una de ellas de 15 minutos. Aula: a través de audiovisual y material interactivo los niños y niñas conocerán normas básicas de educación vial. Taller: la bicicleta es probablemente el primer vehículo de casi todos, por ello se les enseñará a ponerla a punto para circular de forma segura. Circuito: en este espacio seguro y divertido pondrán en práctica lo aprendido. Emovial: a través de ‘Charatristi’ un personaje jovial y divertido los niños y niñas descubrirán el mundo emocional y los valores en el entorno vial. Compartir
</post>
<signature>

</signature>
<external_links>

</external_links>
<country>ES</country>
<main_image>http://www.noticiascyl.com/wp-content/uploads/2016/05/presentación-jornadas-seguridad-vial.jpg</main_image>
</document>
