<?xml version="1.0" encoding="UTF-8"?>
<document>
<type>mainstream</type>
<forum></forum>
<forum_title></forum_title>
<discussion_title>Détail gallerie photos</discussion_title>
<language>french</language>
<gmt_offset></gmt_offset>
<topic_url>http://jactiv.ouest-france.fr/actualites/monde/diaporama-notre-tour-monde-images-jeudi-12-mai-2016-62792/g-galerie-detail/96504</topic_url>
<topic_text>
Nous utilisons des cookies pour vous donner la meilleure expérience sur notre site. Les cookies sont des fichiers stockés dans votre navigateur et sont utilisés par la plupart des sites Web pour aider à personnaliser votre expérience Web. En continuant à utiliser notre site Web sans modifier les paramètres, vous acceptez notre utilisation des cookies. Fermer Plus d&apos;informations 
</topic_text>
<spam_score>0.00</spam_score>
<post_num>1</post_num>
<post_id>post-1</post_id>
<post_url>http://jactiv.ouest-france.fr/actualites/monde/diaporama-notre-tour-monde-images-jeudi-12-mai-2016-62792/g-galerie-detail/96504</post_url>
<post_date>20160512</post_date>
<post_time></post_time>
<username></username>
<post>
Nous utilisons des cookies pour vous donner la meilleure expérience sur notre site. Les cookies sont des fichiers stockés dans votre navigateur et sont utilisés par la plupart des sites Web pour aider à personnaliser votre expérience Web. En continuant à utiliser notre site Web sans modifier les paramètres, vous acceptez notre utilisation des cookies. Fermer Plus d&apos;informations 
</post>
<signature>

</signature>
<external_links>

</external_links>
<country>FR</country>
<main_image>http://jactiv.ouest-france.fr/sites/default/files/imagecache/gallery-image/images/2016/05/12/us-animal-zoo-02011.jpg</main_image>
</document>
