<?xml version="1.0" encoding="UTF-8"?>
<document>
<type>mainstream</type>
<forum>http://www.herefordtimes.com/news/regional/west_midlands/rss/</forum>
<forum_title>Hereford Times | West Midlands</forum_title>
<discussion_title>Five intrepid Halesowen runners complete gruelling Hardcastle 24 event in Yorkshire</discussion_title>
<language>english</language>
<gmt_offset></gmt_offset>
<topic_url>http://www.herefordtimes.com/news/regional/west_midlands/14489587.Five_intrepid_Halesowen_runners_complete_gruelling_Hardcastle_24_event_in_Yorkshire/?ref=rss</topic_url>
<topic_text>
Five intrepid Halesowen runners complete gruelling Hardcastle 24 event in Yorkshire Running uphill: Dan Andrews, Tim Hazelwood, Chris Royal, Matt Allen and Andy Lloyd 0 comments 
FIVE intrepid friends scaled Yorkshire&apos;s hardest hills during a 24 hour endurance event in honour of a Halesowen Athletics Club coach. 
Dan Andrews, Tim Hazelwood, Chris Royal, Matt Allen and Andy Lloyd completed the 125 mile Hardcastle Craggs race raising £1,473 for Dementia UK. 
The endeavour was inspired by Dan&apos;s father Michael Andrews who died last month after a battle with dementia. 
Mr Andrews said: &quot;This event was one of the hardest challenges we have faced as a group in our athletic careers. 
&quot;But we made it and during the 24 hours we finished third overall, completed 51 laps of the circuit (153 miles) and was awarded the fastest leg all during difficult weather conditions.&quot; 
The team conquered the wind and rain and even mastered not sleeping throughout the night as they all supported each other during the tough times. 
He added: &quot;The course itself was tough - it had rough terrain and we didn&apos;t sleep. But the focus of the event was to raise monies for Dementia UK and that&apos;s what kept us going.&quot; 
The team&apos;s gruelling training programme had stood them in good stead especially as it was the first time any of them had taken on this kind of challenge in their athletic careers. 
However, the sporting achievement was just part of the team&apos;s efforts as they want to raise as much money for Dementia UK. 
They turned to celebrities for endorsements attracting media attention from Sir Ian Botham and Nell McAndrew. 
And now with help with small business Crafts from a Writing Desk are now hosting an online auction on June 13 to try and double the money. 
For more information about the auction visit www.justgiving.com/Andy-Lloyd9. Share:
</topic_text>
<spam_score>0.00</spam_score>
<post_num>1</post_num>
<post_id>post-1</post_id>
<post_url>http://www.herefordtimes.com/news/regional/west_midlands/14489587.Five_intrepid_Halesowen_runners_complete_gruelling_Hardcastle_24_event_in_Yorkshire/?ref=rss</post_url>
<post_date>20160512</post_date>
<post_time>1540</post_time>
<username></username>
<post>
Five intrepid Halesowen runners complete gruelling Hardcastle 24 event in Yorkshire Running uphill: Dan Andrews, Tim Hazelwood, Chris Royal, Matt Allen and Andy Lloyd 0 comments 
FIVE intrepid friends scaled Yorkshire&apos;s hardest hills during a 24 hour endurance event in honour of a Halesowen Athletics Club coach. 
Dan Andrews, Tim Hazelwood, Chris Royal, Matt Allen and Andy Lloyd completed the 125 mile Hardcastle Craggs race raising £1,473 for Dementia UK. 
The endeavour was inspired by Dan&apos;s father Michael Andrews who died last month after a battle with dementia. 
Mr Andrews said: &quot;This event was one of the hardest challenges we have faced as a group in our athletic careers. 
&quot;But we made it and during the 24 hours we finished third overall, completed 51 laps of the circuit (153 miles) and was awarded the fastest leg all during difficult weather conditions.&quot; 
The team conquered the wind and rain and even mastered not sleeping throughout the night as they all supported each other during the tough times. 
He added: &quot;The course itself was tough - it had rough terrain and we didn&apos;t sleep. But the focus of the event was to raise monies for Dementia UK and that&apos;s what kept us going.&quot; 
The team&apos;s gruelling training programme had stood them in good stead especially as it was the first time any of them had taken on this kind of challenge in their athletic careers. 
However, the sporting achievement was just part of the team&apos;s efforts as they want to raise as much money for Dementia UK. 
They turned to celebrities for endorsements attracting media attention from Sir Ian Botham and Nell McAndrew. 
And now with help with small business Crafts from a Writing Desk are now hosting an online auction on June 13 to try and double the money. 
For more information about the auction visit www.justgiving.com/Andy-Lloyd9. Share:
</post>
<signature>

</signature>
<external_links>

</external_links>
<country>GB</country>
<main_image>http://www.herefordtimes.com/resources/images/5057148/</main_image>
</document>
