<?xml version="1.0" encoding="UTF-8"?>
<document>
<type>mainstream</type>
<forum>http://www.mittelbayerische.de/rss/panorama/news.xml</forum>
<forum_title>Panorama</forum_title>
<discussion_title>Akku-Mythen auf dem Prüfstand</discussion_title>
<language>german</language>
<gmt_offset></gmt_offset>
<topic_url>http://www.mittelbayerische.de/digital/multimedia-technik-nachrichten/akku-mythen-auf-dem-pruefstand-22026-art1378250.html</topic_url>
<topic_text>
Berlin. Ob im Smartphone, Notebook, Tablet oder im E-Bike: Über die Akkus in Elektronikgeräten halten sich die hartnäckigsten Mythen. Aber welche sind Unsinn und an welchen ist doch ein Stückchen Wahrheit dran? Hier eine Übersicht: „Lass das Handy nie über Nacht am Strom –- es kann explodieren.“ Geschichten über brennende oder explodierende Akkus stammen meist aus der Zeit der Nickel-Cadmium-Batterien. „Bei Lithium-Ionen-Akkus, die sich in heutigen Smartphones und Laptops befinden, ist das praktisch ausgeschlossen“, sagt Matthias Baumann vom Tüv Rheinland. „Die Schutzmechanismen innerhalb der Zelle und des Ladegerätes – in dem Falle des Telefons oder des Laptops – verhindern ein Überladen.“ Funktioniert der Akku korrekt, stoppt der Ladevorgang bei voller Ladung oder zu hoher Temperatur automatisch. „Ist der Akku voll aufgeladen, während das Gerät noch am Netz hängt, wird zunächst dessen Energie verbraucht, zum Beispiel, bis der Akku nur noch 95 Prozent hat. Dann werden die fehlenden 5 Prozent aufgeladen“, sagt Sergej Rothermel vom Batterieforschungszentrum MEET aus Münster. Das schont den Akku, der Nutzer kriegt davon aber nichts mit. „Vor dem Aufladen sollte der Akku immer komplett leer sein.“ Korrekt – allerdings nicht für neue Batterien. „Nickel-Cadmium Batterien, wie sie früher eingesetzt wurden, litten unter dem sogenannten Memory Effekt“, sagt Tobias Placke vom MEET. Wurden die Akkus nicht komplett entladen, konnte es passieren, dass ihre Kapazität sank. Sie „merkten“ sich, wie viel Energie zwischen den Ladezyklen verbraucht wurde. In heutigen Lithium-Ionen-Zellen gibt es diesen Effekt nicht mehr. Bei den Nickel-Metallhydrid-Akkus – also den wieder aufladbaren Batterien, die man beispielsweise in Videospielcontrollern verwenden kann – lässt sich dieser Effekt durch einen erneuten, vollständigen Ladezyklus rückgängig machen. In diesem Video werden fünf Akku-Mythen genauer unter die Lupe genommen. „Das neue Handy erst zum ersten Mal laden, wenn der Akku leer ist.“ Prinzipiell richtig, da die ersten Ladezyklen der Lithium-Ionen-Akkus die kritischsten sind. „Aber genau aus diesem Grund werden diese Zyklen bereits im Werk durchgeführt“, sagt Dirk Uwe Sauer von der RWTH Aachen. Auch ist es für die Lebensdauer eher schädlich, den Akku immer von „ganz leer“ auf „ganz voll“ aufzuladen. „Diese sogenannten tiefen Zyklen verkürzen die Lebensdauer“, sagt Sergej Rothermel. „Flache Zyklen – also, den Akku von 20 auf 70 Prozent aufladen, sind hingegen optimal.“ Die meisten Hersteller empfehlen bei Auslieferung, den Akku zunächst vollständig zu laden. Das liegt daran, dass sie nicht voll aufgeladen ausgeliefert werden. „Der Akku hält länger, wenn er auf der Heizung liegt.“ Ganz im Gegenteil: „Akkus sollten möglichst kühl gelagert werden. Zehn Grad Temperaturerhöhung verdoppeln die Alterungsgeschwindigkeit“, sagt Dirk Uwe Sauer. Der Forscher empfiehlt sogar, Akkus gut verpackt im Kühlschrank zu lagern. Zum Beispiel den des Laptops, wenn er hauptsächlich wie ein Desktop im Dauereinsatz auf dem Schreibtisch ist und am Stromnetz hängt. „Allerdings sollten sie dann nicht ganz leer sein. Bei ca. 20 Prozent Ladung lassen sich Akkus am besten lagern, wenn die Lebensdauer verlängert werden soll“. Vor dem nächsten Aufladen muss der Akku jedoch wieder Zimmertemperatur annehmen. „Wenn Du den Akku lagerst, unbedingt vorher voll aufladen.“ Für Bleibatterien, etwa für Autos und Motorrädern, gilt das tatsächlich. Bei Lithium-Ionen-Batterien nicht. „Ein Lithium-Ionen-Akku altert am schnellsten, wenn er im vollgeladenen Zustand ist. Allerdings sollten Akkus auch nicht leer gelagert werden“, sagt Dirk Uwe Sauer. Durch die Selbstentladung kann es passieren, dass ein Akku zu leer wird und deshalb vom Ladegerät nicht mehr geladen werden kann. Ein E-Bike mit leerem Akku über den Winter im Keller zu lagern ist sicherlich nicht gut. Zwar ist der Keller klimatisch gut geeignet – aber die Ladung sollte bei 20 Prozent liegen. Will man auf Nummer sicher gehen, sollte gelegentlich der Ladezustand überprüft werden. Akkus erst aufladen, wenn sie ganz leer sind, ist Schnee von gestern. Moderne Lithium-Ionen-Akkus können jederzeit geladen werden. Foto: Andrea Warnecke „Während des Ladens schadet Telefonieren dem Akku.“ Kein Problem. Smartphones und Notebooks mit Lithium-Ionen-Akkus kann man problemlos während der Ladung nutzen. „Im Gegensatz zu den alten Akkutechnologien können sie diese jederzeit laden, den Ladevorgang unterbrechen und dann wieder weiter aufladen“, sagt Matthias Baumann vom Tüv Rheinland. „Das macht dem Akku nichts.“ Weitere Meldungen zum Thema Technik und Elektronik finden Sie in der Rubrik Multimedia . Aktuelle Nachrichten von mittelbayerische.de jetzt auch über WhatsApp. Hier können Sie sich anmelden: www.mittelbayerische.de/whatsapp
</topic_text>
<spam_score>0.00</spam_score>
<post_num>1</post_num>
<post_id>post-1</post_id>
<post_url>http://www.mittelbayerische.de/digital/multimedia-technik-nachrichten/akku-mythen-auf-dem-pruefstand-22026-art1378250.html</post_url>
<post_date>20160512</post_date>
<post_time>1617</post_time>
<username></username>
<post>
Berlin. Ob im Smartphone, Notebook, Tablet oder im E-Bike: Über die Akkus in Elektronikgeräten halten sich die hartnäckigsten Mythen. Aber welche sind Unsinn und an welchen ist doch ein Stückchen Wahrheit dran? Hier eine Übersicht: „Lass das Handy nie über Nacht am Strom –- es kann explodieren.“ Geschichten über brennende oder explodierende Akkus stammen meist aus der Zeit der Nickel-Cadmium-Batterien. „Bei Lithium-Ionen-Akkus, die sich in heutigen Smartphones und Laptops befinden, ist das praktisch ausgeschlossen“, sagt Matthias Baumann vom Tüv Rheinland. „Die Schutzmechanismen innerhalb der Zelle und des Ladegerätes – in dem Falle des Telefons oder des Laptops – verhindern ein Überladen.“ Funktioniert der Akku korrekt, stoppt der Ladevorgang bei voller Ladung oder zu hoher Temperatur automatisch. „Ist der Akku voll aufgeladen, während das Gerät noch am Netz hängt, wird zunächst dessen Energie verbraucht, zum Beispiel, bis der Akku nur noch 95 Prozent hat. Dann werden die fehlenden 5 Prozent aufgeladen“, sagt Sergej Rothermel vom Batterieforschungszentrum MEET aus Münster. Das schont den Akku, der Nutzer kriegt davon aber nichts mit. „Vor dem Aufladen sollte der Akku immer komplett leer sein.“ Korrekt – allerdings nicht für neue Batterien. „Nickel-Cadmium Batterien, wie sie früher eingesetzt wurden, litten unter dem sogenannten Memory Effekt“, sagt Tobias Placke vom MEET. Wurden die Akkus nicht komplett entladen, konnte es passieren, dass ihre Kapazität sank. Sie „merkten“ sich, wie viel Energie zwischen den Ladezyklen verbraucht wurde. In heutigen Lithium-Ionen-Zellen gibt es diesen Effekt nicht mehr. Bei den Nickel-Metallhydrid-Akkus – also den wieder aufladbaren Batterien, die man beispielsweise in Videospielcontrollern verwenden kann – lässt sich dieser Effekt durch einen erneuten, vollständigen Ladezyklus rückgängig machen. In diesem Video werden fünf Akku-Mythen genauer unter die Lupe genommen. „Das neue Handy erst zum ersten Mal laden, wenn der Akku leer ist.“ Prinzipiell richtig, da die ersten Ladezyklen der Lithium-Ionen-Akkus die kritischsten sind. „Aber genau aus diesem Grund werden diese Zyklen bereits im Werk durchgeführt“, sagt Dirk Uwe Sauer von der RWTH Aachen. Auch ist es für die Lebensdauer eher schädlich, den Akku immer von „ganz leer“ auf „ganz voll“ aufzuladen. „Diese sogenannten tiefen Zyklen verkürzen die Lebensdauer“, sagt Sergej Rothermel. „Flache Zyklen – also, den Akku von 20 auf 70 Prozent aufladen, sind hingegen optimal.“ Die meisten Hersteller empfehlen bei Auslieferung, den Akku zunächst vollständig zu laden. Das liegt daran, dass sie nicht voll aufgeladen ausgeliefert werden. „Der Akku hält länger, wenn er auf der Heizung liegt.“ Ganz im Gegenteil: „Akkus sollten möglichst kühl gelagert werden. Zehn Grad Temperaturerhöhung verdoppeln die Alterungsgeschwindigkeit“, sagt Dirk Uwe Sauer. Der Forscher empfiehlt sogar, Akkus gut verpackt im Kühlschrank zu lagern. Zum Beispiel den des Laptops, wenn er hauptsächlich wie ein Desktop im Dauereinsatz auf dem Schreibtisch ist und am Stromnetz hängt. „Allerdings sollten sie dann nicht ganz leer sein. Bei ca. 20 Prozent Ladung lassen sich Akkus am besten lagern, wenn die Lebensdauer verlängert werden soll“. Vor dem nächsten Aufladen muss der Akku jedoch wieder Zimmertemperatur annehmen. „Wenn Du den Akku lagerst, unbedingt vorher voll aufladen.“ Für Bleibatterien, etwa für Autos und Motorrädern, gilt das tatsächlich. Bei Lithium-Ionen-Batterien nicht. „Ein Lithium-Ionen-Akku altert am schnellsten, wenn er im vollgeladenen Zustand ist. Allerdings sollten Akkus auch nicht leer gelagert werden“, sagt Dirk Uwe Sauer. Durch die Selbstentladung kann es passieren, dass ein Akku zu leer wird und deshalb vom Ladegerät nicht mehr geladen werden kann. Ein E-Bike mit leerem Akku über den Winter im Keller zu lagern ist sicherlich nicht gut. Zwar ist der Keller klimatisch gut geeignet – aber die Ladung sollte bei 20 Prozent liegen. Will man auf Nummer sicher gehen, sollte gelegentlich der Ladezustand überprüft werden. Akkus erst aufladen, wenn sie ganz leer sind, ist Schnee von gestern. Moderne Lithium-Ionen-Akkus können jederzeit geladen werden. Foto: Andrea Warnecke „Während des Ladens schadet Telefonieren dem Akku.“ Kein Problem. Smartphones und Notebooks mit Lithium-Ionen-Akkus kann man problemlos während der Ladung nutzen. „Im Gegensatz zu den alten Akkutechnologien können sie diese jederzeit laden, den Ladevorgang unterbrechen und dann wieder weiter aufladen“, sagt Matthias Baumann vom Tüv Rheinland. „Das macht dem Akku nichts.“ Weitere Meldungen zum Thema Technik und Elektronik finden Sie in der Rubrik Multimedia . Aktuelle Nachrichten von mittelbayerische.de jetzt auch über WhatsApp. Hier können Sie sich anmelden: www.mittelbayerische.de/whatsapp
</post>
<signature>

</signature>
<external_links>

</external_links>
<country>DE</country>
<main_image>http://www.mittelbayerische.de/imgserver/_thumbnails/images/34/3279100/3279125/fb_1200x.jpg</main_image>
</document>
