<?xml version="1.0" encoding="UTF-8"?>
<document>
<type>mainstream</type>
<forum>http://knox.villagesoup.com//rss/story/ae</forum>
<forum_title>Knox VillageSoup Arts &amp; Entertainment Headlines</forum_title>
<discussion_title>Midcoast up for MLAs</discussion_title>
<language>english</language>
<gmt_offset></gmt_offset>
<topic_url>http://knox.villagesoup.com/p/midcoast-up-for-mlas/1522524?source=rss</topic_url>
<topic_text>
Midcoast up for MLAs May 12, 2016 
Portland — The Maine Writers &amp; Publishers Alliance has announced the finalists for the 2016 Maine Literary Awards. The awards — which honor books published during 2015, as well as adult and youth manuscripts in drama, fiction, nonfiction and poetry — ... To continue reading, become a member . Already a member, please login: Username:
</topic_text>
<spam_score>0.00</spam_score>
<post_num>1</post_num>
<post_id>post-1</post_id>
<post_url>http://knox.villagesoup.com/p/midcoast-up-for-mlas/1522524?source=rss</post_url>
<post_date>20160512</post_date>
<post_time>1534</post_time>
<username>news@courierpublicationsllc.com (Staff)</username>
<post>
Midcoast up for MLAs May 12, 2016 
Portland — The Maine Writers &amp; Publishers Alliance has announced the finalists for the 2016 Maine Literary Awards. The awards — which honor books published during 2015, as well as adult and youth manuscripts in drama, fiction, nonfiction and poetry — ... To continue reading, become a member . Already a member, please login: Username:
</post>
<signature>

</signature>
<external_links>

</external_links>
<country>US</country>
<main_image>http://knox.villagesoup.com/theme/vs/img/VS_FB.png</main_image>
</document>
