<?xml version="1.0" encoding="UTF-8"?>
<document>
<type>mainstream</type>
<forum>http://www.ideal.es/sociedad/?reducido=1&amp;pag=616</forum>
<forum_title></forum_title>
<discussion_title>Cortes de pelo a 70 euros con peluqueras rusas desnudas</discussion_title>
<language>spanish</language>
<gmt_offset></gmt_offset>
<topic_url>http://www.ideal.es/sociedad/201507/02/cortes-pelo-euros-peluqueras-20150702110245.html</topic_url>
<topic_text>
La numerosa clientela, muchos de ellos hombres borrachos, ha delatado un insólito negocio clandestino que operaba en Moscú . Un policía consiguió infiltrarse y grabar con una cámara oculta sus peculiares servicios para acabar clausurando el local.
El salón de belleza además de un estupendo corte de pelo, con tijera o navaja, ofrecía una estupenda vista, la del cuerpo desnudo de las peluqueras que hacían su trabajo como dios las trajo al mundo.
Eso sí a un precio considerablemente más elevado que en el resto de establecimientos, 70 euros. Un coste que no desanimaba a sus fieles clientes, que guardaban cola a la entrada del mismo.
Algunos de ellos confundieron la entrada con un centro educativo para niños autistas situado junto a la misma, lo que hizo levantar las sospechas de los responsables y denunciar el caso a la policía. Y dicho y hecho, una cámara oculta de un agente de paisano destapó nunca mejor dicho, el motivo del éxito de la peluquería.
Lo Más lo más 50
</topic_text>
<spam_score>0.00</spam_score>
<post_num>1</post_num>
<post_id>post-1</post_id>
<post_url>http://www.ideal.es/sociedad/201507/02/cortes-pelo-euros-peluqueras-20150702110245.html</post_url>
<post_date>20150702</post_date>
<post_time>1108</post_time>
<username>ideal.es</username>
<post>
La numerosa clientela, muchos de ellos hombres borrachos, ha delatado un insólito negocio clandestino que operaba en Moscú . Un policía consiguió infiltrarse y grabar con una cámara oculta sus peculiares servicios para acabar clausurando el local.
El salón de belleza además de un estupendo corte de pelo, con tijera o navaja, ofrecía una estupenda vista, la del cuerpo desnudo de las peluqueras que hacían su trabajo como dios las trajo al mundo.
Eso sí a un precio considerablemente más elevado que en el resto de establecimientos, 70 euros. Un coste que no desanimaba a sus fieles clientes, que guardaban cola a la entrada del mismo.
Algunos de ellos confundieron la entrada con un centro educativo para niños autistas situado junto a la misma, lo que hizo levantar las sospechas de los responsables y denunciar el caso a la policía. Y dicho y hecho, una cámara oculta de un agente de paisano destapó nunca mejor dicho, el motivo del éxito de la peluquería.
Lo Más lo más 50
</post>
<signature>

</signature>
<external_links>

</external_links>
<country>ES</country>
<main_image>http://www.ideal.es/noticias/201507/02/media/cortadas/PELUQUERAS--575x323.jpg</main_image>
</document>
