<?xml version="1.0" encoding="UTF-8"?>
<document>
<type>mainstream</type>
<forum>http://www.runnerspace.com/rss.php?t=ng&amp;id=28590</forum>
<forum_title>East Tennessee State University Track and Field and Cross Country - Johnson City, Tennessee recent news</forum_title>
<discussion_title>News - Track and Field gears up for SoCon Championships</discussion_title>
<language>english</language>
<gmt_offset></gmt_offset>
<topic_url>http://East-Tennessee-State-University-Johnson-City-TN.runnerspace.com/gprofile.php?mgroup_id=28590&amp;do=news&amp;news_id=419394-Track-and-Field-gears-up-for-SoCon-Championships</topic_url>
<topic_text>
 
</topic_text>
<spam_score>0.00</spam_score>
<post_num>1</post_num>
<post_id>post-1</post_id>
<post_url>http://East-Tennessee-State-University-Johnson-City-TN.runnerspace.com/gprofile.php?mgroup_id=28590&amp;do=news&amp;news_id=419394-Track-and-Field-gears-up-for-SoCon-Championships</post_url>
<post_date>20160512</post_date>
<post_time>1602</post_time>
<username></username>
<post>
 
</post>
<signature>

</signature>
<external_links>

</external_links>
<country>US</country>
<main_image>http://www.runnerspace.com/members/images/6/453049.jpg</main_image>
</document>
