<?xml version="1.0" encoding="UTF-8"?>
<document>
<type>mainstream</type>
<forum>http://www.leparisien.fr/psg-foot-paris-saint-germain.php</forum>
<forum_title>PSG : Toute l&apos;actualité du Paris Saint-Germain sur Le Parisien</forum_title>
<discussion_title>Lo Celso, première recrue parisienne</discussion_title>
<language>french</language>
<gmt_offset></gmt_offset>
<topic_url>http://www.leparisien.fr/psg-foot-paris-saint-germain/lo-celso-premiere-recrue-parisienne-12-05-2016-5788625.php</topic_url>
<topic_text>
Le recrutement de l&apos; Argentin Giovani Lo Celso , annoncé depuis plusieurs semaines, a pris une tournure plus officielle. Le jeune milieu offensif du club de Rosario Central , 20 ans, fait l&apos;objet d&apos;un contrat de transfert entre les deux clubs, un document signé hier par les dirigeants argentins et renvoyé à leurs homologues parisiens.
Selon nos informations, le montant de la transaction s&apos;élève à 10 M€ plus 3 M€ sous forme de bonus. Lo Celso n&apos;a toutefois pas encore signé le contrat de cinq ans que lui offre le PSG. Ce sera chose faite après une visite médicale prévue à Paris à l&apos;issue du parcours de Rosario Central en Copa Libertadores (la Ligue des champions sud-américaine), dont le club argentin s&apos;apprête à disputer les quarts de finale aller la nuit prochaine. La finale de cette compétition étant programmée fin juillet, l&apos;officialisation du transfert pourrait donc prendre encore plusieurs semaines. Par ailleurs, comme convenu entre les deux clubs, Lo Celso terminera la saison en cours sous le maillot de Rosario et ne rejoindra Paris qu&apos;en décembre prochain pour disputer la seconde partie de la saison 2016-2017.
« On surveillait Giovani Lo Celso depuis quelque temps, a confirmé Laurent Blanc, le coach parisien. C&apos;est un joueur en devenir. Il est très technique, assez longiligne. Mais l&apos;accord n&apos;est pas encore définitif et son arrivée à Paris n&apos;est pas imminente. Il est prévu qu&apos;il reste encore chez lui. Cela participe d&apos;une stratégie de recrutement de jeunes joueurs. Les grands clubs le font. Et le PSG doit le faire aussi. »
Des liens avec Di Maria
Ses débuts en France constitueront une grande découverte pour l&apos;immense majorité des observateurs. Pour l&apos;instant, Lo Celso n&apos;est connu en effet que des spécialistes du football argentin. Révélation de la saison en cours, ce gaucher élégant et élancé (1,80 m pour 70 kg) parfois comparé à Javier Pastore, est habitué à évoluer dans un rôle de numéro 10. Il ne compte que 36 matchs officiels (2 buts marqués) dans l&apos;équipe première de Rosario et aucune sélection en équipe nationale espoirs.
Au point que son arrivée prochaine au PSG surprend jusque dans son pays natal. « C&apos;est un très bon dribbleur, estime Omar Da Fonseca, consultant argentin de BeIN Sports. Il est très jeune, pas tout à fait fini physiquement. Les gens comprennent qu&apos;il parte en Europe, mais ils sont surpris que ce soit pour un si grand club. Certains pensent qu&apos;il lui aurait fallu un palier intermédiaire. »
Lorsqu&apos;il débarquera à Paris, le mentor du jeune Argentin semble tout trouvé, en la personne de son compatriote Angel Di Maria, formé lui aussi à Rosario Central. Les deux jeunes hommes ont déjà des atomes crochus puisque leurs parents sont voisins et amis.
Le recrutement de l&apos;Argentin Giovani Lo Celso, annoncé depuis plusieurs semaines, a pris une tournure plus officielle. Le jeune milieu offensif du club de Rosario Central, 20 ans, fait l&apos;objet d&apos;un...
Pour lire l&apos;article complet
Et accéder en illimité à toute l&apos;actualité locale et sportive en Île-de-France
4 € 99 par mois
Je m&apos;abonne Déjà inscrit ?
&gt; Mot de passe oublié ? Vous possédez un compte Facebook ou Google ?
Connexion avec Facebook Connexion avec Google
Le Parisien
2
</topic_text>
<spam_score>0.00</spam_score>
<post_num>1</post_num>
<post_id>post-1</post_id>
<post_url>http://www.leparisien.fr/psg-foot-paris-saint-germain/lo-celso-premiere-recrue-parisienne-12-05-2016-5788625.php</post_url>
<post_date>20160512</post_date>
<post_time>0000</post_time>
<username>leparisien.fr</username>
<post>
Le recrutement de l&apos; Argentin Giovani Lo Celso , annoncé depuis plusieurs semaines, a pris une tournure plus officielle. Le jeune milieu offensif du club de Rosario Central , 20 ans, fait l&apos;objet d&apos;un contrat de transfert entre les deux clubs, un document signé hier par les dirigeants argentins et renvoyé à leurs homologues parisiens.
Selon nos informations, le montant de la transaction s&apos;élève à 10 M€ plus 3 M€ sous forme de bonus. Lo Celso n&apos;a toutefois pas encore signé le contrat de cinq ans que lui offre le PSG. Ce sera chose faite après une visite médicale prévue à Paris à l&apos;issue du parcours de Rosario Central en Copa Libertadores (la Ligue des champions sud-américaine), dont le club argentin s&apos;apprête à disputer les quarts de finale aller la nuit prochaine. La finale de cette compétition étant programmée fin juillet, l&apos;officialisation du transfert pourrait donc prendre encore plusieurs semaines. Par ailleurs, comme convenu entre les deux clubs, Lo Celso terminera la saison en cours sous le maillot de Rosario et ne rejoindra Paris qu&apos;en décembre prochain pour disputer la seconde partie de la saison 2016-2017.
« On surveillait Giovani Lo Celso depuis quelque temps, a confirmé Laurent Blanc, le coach parisien. C&apos;est un joueur en devenir. Il est très technique, assez longiligne. Mais l&apos;accord n&apos;est pas encore définitif et son arrivée à Paris n&apos;est pas imminente. Il est prévu qu&apos;il reste encore chez lui. Cela participe d&apos;une stratégie de recrutement de jeunes joueurs. Les grands clubs le font. Et le PSG doit le faire aussi. »
Des liens avec Di Maria
Ses débuts en France constitueront une grande découverte pour l&apos;immense majorité des observateurs. Pour l&apos;instant, Lo Celso n&apos;est connu en effet que des spécialistes du football argentin. Révélation de la saison en cours, ce gaucher élégant et élancé (1,80 m pour 70 kg) parfois comparé à Javier Pastore, est habitué à évoluer dans un rôle de numéro 10. Il ne compte que 36 matchs officiels (2 buts marqués) dans l&apos;équipe première de Rosario et aucune sélection en équipe nationale espoirs.
Au point que son arrivée prochaine au PSG surprend jusque dans son pays natal. « C&apos;est un très bon dribbleur, estime Omar Da Fonseca, consultant argentin de BeIN Sports. Il est très jeune, pas tout à fait fini physiquement. Les gens comprennent qu&apos;il parte en Europe, mais ils sont surpris que ce soit pour un si grand club. Certains pensent qu&apos;il lui aurait fallu un palier intermédiaire. »
Lorsqu&apos;il débarquera à Paris, le mentor du jeune Argentin semble tout trouvé, en la personne de son compatriote Angel Di Maria, formé lui aussi à Rosario Central. Les deux jeunes hommes ont déjà des atomes crochus puisque leurs parents sont voisins et amis.
Le recrutement de l&apos;Argentin Giovani Lo Celso, annoncé depuis plusieurs semaines, a pris une tournure plus officielle. Le jeune milieu offensif du club de Rosario Central, 20 ans, fait l&apos;objet d&apos;un...
Pour lire l&apos;article complet
Et accéder en illimité à toute l&apos;actualité locale et sportive en Île-de-France
4 € 99 par mois
Je m&apos;abonne Déjà inscrit ?
&gt; Mot de passe oublié ? Vous possédez un compte Facebook ou Google ?
Connexion avec Facebook Connexion avec Google
Le Parisien
2
</post>
<signature>

</signature>
<external_links>

</external_links>
<country>FR</country>
<main_image>http://s1.lprs1.fr/images/2016/05/12/5787623_1-0-250814263.jpg</main_image>
</document>
