<?xml version="1.0" encoding="UTF-8"?>
<document>
<type>mainstream</type>
<forum></forum>
<forum_title></forum_title>
<discussion_title>ETL Noticias – Policiales: Informe de la Jefatura de Policía Unidad Regional X</discussion_title>
<language>spanish</language>
<gmt_offset></gmt_offset>
<topic_url>http://etlnoticias.com/policiales-informe-de-la-jefatura-de-policia-unidad-regional-x-95/</topic_url>
<topic_text>
Policiales: Informe de la Jefatura de Policía Unidad Regional X may 12, 2016 admin Policiales Comments Off Cañada de Gómez: Martes 10 ACCIDENTE DE TRANSITO Siendo las 12:40 hs. En la intersección de calle J. Newbery e H. Irigoyen por causas que se desconocen colisiona un señor mayor con su pick-up Toyota hillux impacta con una motocicleta honda wave color azul, guiada por una señora, ambos domiciliado en esta ciudad, la conductora del rodado menor fue asistida y trasladada por una unidad del CEMI al Hospital local por presentar lesiones de carácter leves.- ROBO Siendo las 20 hs. Un señor mayor domiciliado en la finca de calle José Hernández al 200 da cuenta que autores de identidad desconocida tras romper una ventana provocándole una rotura en la reja, ingresan a su domicilio, la única faltante que pudo constatar la victima fueron 200 pesos en efectivo. HURTO Siendo las 21:30 autores desconocidos ingresaron al kiosco de calle Alberdi al 300 estaba cerrado y le sustrajeron mercaderías varias que tenia de sobra ya que hacía un mes aproximadamente que no abría su local comercial. HURTO DE CICLOMOTOR Siendo las 23:30 horas dejo estacionada su motocicleta en calle Moreno al 1100 fuera de la Iglesia Evangélica al salir a buscarla esta ya no se encontraba en el lugar autores ignorados le sustraen un ciclomotor marca GARELLI DE COLOR NARANJA .- Compártelo: 
</topic_text>
<spam_score>0.00</spam_score>
<post_num>1</post_num>
<post_id>post-1</post_id>
<post_url>http://etlnoticias.com/policiales-informe-de-la-jefatura-de-policia-unidad-regional-x-95/</post_url>
<post_date>20160512</post_date>
<post_time></post_time>
<username></username>
<post>
Policiales: Informe de la Jefatura de Policía Unidad Regional X may 12, 2016 admin Policiales Comments Off Cañada de Gómez: Martes 10 ACCIDENTE DE TRANSITO Siendo las 12:40 hs. En la intersección de calle J. Newbery e H. Irigoyen por causas que se desconocen colisiona un señor mayor con su pick-up Toyota hillux impacta con una motocicleta honda wave color azul, guiada por una señora, ambos domiciliado en esta ciudad, la conductora del rodado menor fue asistida y trasladada por una unidad del CEMI al Hospital local por presentar lesiones de carácter leves.- ROBO Siendo las 20 hs. Un señor mayor domiciliado en la finca de calle José Hernández al 200 da cuenta que autores de identidad desconocida tras romper una ventana provocándole una rotura en la reja, ingresan a su domicilio, la única faltante que pudo constatar la victima fueron 200 pesos en efectivo. HURTO Siendo las 21:30 autores desconocidos ingresaron al kiosco de calle Alberdi al 300 estaba cerrado y le sustrajeron mercaderías varias que tenia de sobra ya que hacía un mes aproximadamente que no abría su local comercial. HURTO DE CICLOMOTOR Siendo las 23:30 horas dejo estacionada su motocicleta en calle Moreno al 1100 fuera de la Iglesia Evangélica al salir a buscarla esta ya no se encontraba en el lugar autores ignorados le sustraen un ciclomotor marca GARELLI DE COLOR NARANJA .- Compártelo: 
</post>
<signature>

</signature>
<external_links>

</external_links>
<country>AR</country>
<main_image>http://etlnoticias.com/wp-content/uploads/2015/06/Trata-de-personas-policia-Santa-Fe-150x150.jpg</main_image>
</document>
