<?xml version="1.0" encoding="UTF-8"?>
<document>
<type>mainstream</type>
<forum></forum>
<forum_title></forum_title>
<discussion_title>News Details | allblacks.com</discussion_title>
<language>english</language>
<gmt_offset></gmt_offset>
<topic_url>http://www.allblacks.com/News/29155/osborne-signs-with-the-highlanders</topic_url>
<topic_text>
Osborne signs with the Highlanders thehighlanders.co.nz 12 May 2016 Getty Pulse Energy Highlanders wing Patrick Osborne has re-committed to with the club for the 2017 season. The exciting wing has played 47 games for the Highlanders since his debut in 2014 and has formed a lethal partnership with fellow Fijian Waisake Naholo. Osborne will play for Japanese club Kubota Spears later this year before returning to Dunedin for the 2017 Investec Super Rugby season. He has made himself available for the Fijian national team in the June international window. QUICK TAP: CRUSADERS READY FOR ANYTHING FROM THE HIGHLANDERS Highlanders CEO Roger Clark said “Clearly we are delighted the Pat has committed to the team again, he very much represents who we are, and how we want to play as a club. He has been a great ambassador for rugby in New Zealand, has inspired many young Highlanders and Canterbury fans and we fully support his pursuit of an international career.”Having formerly played for the Crusaders and Chiefs Osborne has enjoyed his time in the deep South. “My family and I have thoroughly enjoyed our time in Dunedin, in the Highlanders’ environment and are happy to recommit for 2017.”Osborne said his decision to sign in Japan and play for Fiji was about family and the pride of playing for his country “I have been honoured to spend time in the All Black’s environment but am very proud of where I come from and have decided to commit myself to the Fijian team it’s an exciting new challenge that my family and I are looking forward to.” 
</topic_text>
<spam_score>0.00</spam_score>
<post_num>1</post_num>
<post_id>post-1</post_id>
<post_url>http://www.allblacks.com/News/29155/osborne-signs-with-the-highlanders</post_url>
<post_date>20160512</post_date>
<post_time></post_time>
<username></username>
<post>
Osborne signs with the Highlanders thehighlanders.co.nz 12 May 2016 Getty Pulse Energy Highlanders wing Patrick Osborne has re-committed to with the club for the 2017 season. The exciting wing has played 47 games for the Highlanders since his debut in 2014 and has formed a lethal partnership with fellow Fijian Waisake Naholo. Osborne will play for Japanese club Kubota Spears later this year before returning to Dunedin for the 2017 Investec Super Rugby season. He has made himself available for the Fijian national team in the June international window. QUICK TAP: CRUSADERS READY FOR ANYTHING FROM THE HIGHLANDERS Highlanders CEO Roger Clark said “Clearly we are delighted the Pat has committed to the team again, he very much represents who we are, and how we want to play as a club. He has been a great ambassador for rugby in New Zealand, has inspired many young Highlanders and Canterbury fans and we fully support his pursuit of an international career.”Having formerly played for the Crusaders and Chiefs Osborne has enjoyed his time in the deep South. “My family and I have thoroughly enjoyed our time in Dunedin, in the Highlanders’ environment and are happy to recommit for 2017.”Osborne said his decision to sign in Japan and play for Fiji was about family and the pride of playing for his country “I have been honoured to spend time in the All Black’s environment but am very proud of where I come from and have decided to commit myself to the Fijian team it’s an exciting new challenge that my family and I are looking forward to.” 
</post>
<signature>

</signature>
<external_links>

</external_links>
<country>SG</country>
<main_image>http://media.allblacks.com/media/51512F78-DA20-8D3D-DC1247408CC21695.jpg</main_image>
</document>
