<?xml version="1.0" encoding="UTF-8"?>
<document>
<type>mainstream</type>
<forum>http://www.herefordtimes.com/news/regional/west_midlands/rss/</forum>
<forum_title>Hereford Times | West Midlands</forum_title>
<discussion_title>Zumba challenge for cancer charity at Oldbury pub</discussion_title>
<language>english</language>
<gmt_offset></gmt_offset>
<topic_url>http://www.herefordtimes.com/news/regional/west_midlands/14489699.Zumba_challenge_for_cancer_charity_at_Oldbury_pub/?ref=rss</topic_url>
<topic_text>
Zumbathon by Mel Bennett at Oldbury&apos;s Crosswells Inn for Lymphoma Association Zumba challenge for cancer charity at Oldbury pub 0 comments 
A THREE-hour Zumbathon is being held in Oldbury on Sunday (May 15) to raise funds for national cancer charity the Lymphoma Association. 
The event, organised by Melissa Bennett, will take place at The Crosswells Inn in Whyley Walk, from 2.30pm. 
Mel, from Rowley Regis , organised the event as part of a fundraising A-Z Charity Challenge, the proceeds of which will go to the Lymphoma Association to help people affected by lymphatic cancer. 
Mel’s partner, Jeff, was diagnosed with lymphoma three years ago but is now in remission. Lymphoma is the UK’s fifth most common cancer with someone being diagnosed every 40 minutes. Around 100,000 people are currently living with lymphoma. 
The Lymphoma Association provides specialist information and support to people affected by lymphoma including patients, carers, friends and family. 
For more information and to register for the event, call Mel on 07810 750619. To donate to Mel’s A-Z Charity Challenge, visit her JustGiving page www.justgiving.com/MelsA-ZCharityChallenge/ Share:
</topic_text>
<spam_score>0.00</spam_score>
<post_num>1</post_num>
<post_id>post-1</post_id>
<post_url>http://www.herefordtimes.com/news/regional/west_midlands/14489699.Zumba_challenge_for_cancer_charity_at_Oldbury_pub/?ref=rss</post_url>
<post_date>20160512</post_date>
<post_time>1609</post_time>
<username></username>
<post>
Zumbathon by Mel Bennett at Oldbury&apos;s Crosswells Inn for Lymphoma Association Zumba challenge for cancer charity at Oldbury pub 0 comments 
A THREE-hour Zumbathon is being held in Oldbury on Sunday (May 15) to raise funds for national cancer charity the Lymphoma Association. 
The event, organised by Melissa Bennett, will take place at The Crosswells Inn in Whyley Walk, from 2.30pm. 
Mel, from Rowley Regis , organised the event as part of a fundraising A-Z Charity Challenge, the proceeds of which will go to the Lymphoma Association to help people affected by lymphatic cancer. 
Mel’s partner, Jeff, was diagnosed with lymphoma three years ago but is now in remission. Lymphoma is the UK’s fifth most common cancer with someone being diagnosed every 40 minutes. Around 100,000 people are currently living with lymphoma. 
The Lymphoma Association provides specialist information and support to people affected by lymphoma including patients, carers, friends and family. 
For more information and to register for the event, call Mel on 07810 750619. To donate to Mel’s A-Z Charity Challenge, visit her JustGiving page www.justgiving.com/MelsA-ZCharityChallenge/ Share:
</post>
<signature>

</signature>
<external_links>

</external_links>
<country>GB</country>
<main_image>http://www.herefordtimes.com/resources/images/5057287/</main_image>
</document>
