<?xml version="1.0" encoding="UTF-8"?>
<document>
<type>mainstream</type>
<forum></forum>
<forum_title></forum_title>
<discussion_title>Kurt Baker named as captain | allblacks.com</discussion_title>
<language>english</language>
<gmt_offset></gmt_offset>
<topic_url>http://www.allblacks.com/Video/Viewer/25940/kurt-baker-named-as-captain</topic_url>
<topic_text>
Looking for something? Type your search below Proudly covering the teams in BLACK Kurt Baker named as captain Latest 
</topic_text>
<spam_score>0.00</spam_score>
<post_num>1</post_num>
<post_id>post-1</post_id>
<post_url>http://www.allblacks.com/Video/Viewer/25940/kurt-baker-named-as-captain</post_url>
<post_date>20160512</post_date>
<post_time></post_time>
<username></username>
<post>
Looking for something? Type your search below Proudly covering the teams in BLACK Kurt Baker named as captain Latest 
</post>
<signature>

</signature>
<external_links>

</external_links>
<country>SG</country>
<main_image>http://nzrumedia.azurewebsites.net/mediaThumbs/roller/25940.jpg</main_image>
</document>
