<?xml version="1.0" encoding="UTF-8"?>
<document>
<type>mainstream</type>
<forum>http://www.dailymail.co.uk/news/articles.rss</forum>
<forum_title>News Articles | Mail Online</forum_title>
<discussion_title>Bank of England Governor issues dire warning that a Brexit vote could push the economy into RECESSION</discussion_title>
<language>english</language>
<gmt_offset></gmt_offset>
<topic_url>http://www.dailymail.co.uk/news/article-3586842/Bank-England-Governor-issues-dire-warning-Brexit-vote-slam-brakes-growth-drive-prices.html</topic_url>
<topic_text>
282
View
comments
Bank of England Governor Mark Carney today issued a dire warning that Brexit could crash the pound and even throw the country into recession.
Delivering his regular assessment of the economy Mr Carney said leaving the EU would have knock on effect to house prices and jobs.
And he said the consequences &apos;could possibly include a technical recession&apos; - meaning two consecutive quarters in which UK plc shrinks.
David Cameron said the governor had given a &quot;a very clear message&apos; about the risks in the referendum on June 23.
Mr Osborne declared the warning to be a &apos;big moment&apos; in the debate and insisted that under all scenarios outlined Britain would be &apos;poorer&apos;.
But Lord Lamont, the former chancellor and Vote Leave campaigner, warned Mr Carney away from &apos;unwise&apos; claims.
Mr Carney&apos;s previous intervention on the referendum indicated he viewed the possibility of Brexit as the biggest domestic risk facing the UK.
Bank of England Governor Mark Carney, pictured today delivering his regular inflation report, issued a grim warning about the impact of a Brexit vote on the economy in a letter to the Chancellor about inflation
Mr Carney&apos;s latest statement came in his quarterly update to the Chancellor on the Bank&apos;s role in managing inflation in the economy.
In his letter, Mr Carney said: &apos;The recent behaviour of the foreign exchange market suggests that, were the UK to vote to leave the EU, sterling&apos;s exchange rate would fall further, perhaps sharply.&apos;
He also warned uncertainty following a Brexit vote could see households delaying purchases and businesses holding back on investment.
And the Governor warned: &apos;Taking these together, it is likely that their combined effect would be to lower growth materially and raise the rate of inflation notably over the Monetary Policy Committee&apos;s policy horizon.&apos;
Mr Osborne said: &apos;This is a very big moment in the debate about the economic costs of leaving the EU.
 Next Corruption is a bigger threat to global security than... The BBC is &apos;not fit for purpose&apos;: Ministers tell corporation... Cameron issues grovelling apology to cleric he branded as an... I&apos;m the Bane of your life, Dave! Boris channels menacing... &apos;Today we have a clear and unequivocal warning, not just from the Governor of the Bank of England but also in the collective judgement of the Monetary Policy Committee, that a vote to leave would mean both materially lower growth and notably higher inflation.
&apos;The Bank is saying that it would face a trade-off between stabilising inflation on one hand and stabilising output and employment on the other.
&apos;So either families would face lower incomes because inflation would be higher, or the economy would be weaker with a hit to jobs and livelihoods.
&apos;This is a lose-lose situation for Britain. Either way, we&apos;d be poorer.&apos;
Lord Lamont hit back on behalf of the Brexit campaign.
He said: &apos;I don&apos;t think we need yet more forward guidance from the Bank. The Governor should be careful that he doesn&apos;t cause a crisis.
&apos;If his unwise words become self-fulfilling, the responsibility will be the Governor&apos;s and the Governor&apos;s alone.
&apos;A prudent Governor would simply have said that &quot;we are prepared for all eventualities&quot;.
&apos;There are huge opportunities for the UK outside the EU. We are a strong economy and can stand on our own two feet like all other modern, independent countries.&apos;
Chancellor George Osborne said the intervention from Mr Carney was a &apos;big moment&apos; in the EU referendum debate
</topic_text>
<spam_score>0.00</spam_score>
<post_num>89</post_num>
<post_id>post-89</post_id>
<post_url>http://www.dailymail.co.uk/news/article-3586842/Bank-England-Governor-issues-dire-warning-Brexit-vote-slam-brakes-growth-drive-prices.html</post_url>
<post_date>20160512</post_date>
<post_time>1626</post_time>
<username>frank 311</username>
<post>
I lived outside the UK for 10 years, and returned in 2008. In that year I bought ribs of beef in Tesco for £7.50 - £8 (Now its £20 - £25), pack of 4 thick fresh lamb chops for £3 - £3-50 (now its £7 - £8) and a brand new ford Mondeo for £10,400 (Now its £20,000). My Electricity and gas are near double, my Water is up 30%.\nALL these price rises and many others, were made possible whilst we were members of the EU.\nSo being a member of the EU definitely did NOT bring price stability.\nSo leaving cannot possibly bring worse price rises, than those that staying has already forced upon us. BoE are talking nonsense. And (by the way) B.o.E. have stated that their BIGGEST fear is that we will be forced to join the Euro, or forced to bail out the Euro when it fails. THAT sounds like a great reason to leave EU !!
</post>
<signature>

</signature>
<external_links>

</external_links>
<country>GB</country>
<main_image>http://i.dailymail.co.uk/i/pix/2016/05/12/14/34150D2500000578-0-image-a-14_1463059060563.jpg</main_image>
</document>
