<?xml version="1.0" encoding="UTF-8"?>
<document>
<type>mainstream</type>
<forum>http://articlefeeds.nasdaq.com/nasdaq/authors?author=rtt</forum>
<forum_title>Latest Articles from RTTNews</forum_title>
<discussion_title>European Stocks Limp Lower On Brexit Fears -- European Commentary</discussion_title>
<language>english</language>
<gmt_offset></gmt_offset>
<topic_url>http://www.nasdaq.com/article/european-stocks-limp-lower-on-brexit-fears--european-commentary-20160512-00760</topic_url>
<topic_text>
European Stocks Limp Lower On Brexit Fears -- European Commentary May 12, 2016, 11:56:00 AM EDT By RTT News Comment Shutterstock photo 
(RTTNews.com) - European stocks fell Thursday, with German and UK shares particularly weak after the Bank of England held steady on interest rates. 
The BoE downgraded its growth projections on heightened uncertainty over the EU referendum. 
The Bank cautioned that any decision to exit the EU would lead to a materially lower growth path and a notably higher path for inflation. 
The German DAX was down 1.1 percent, France&apos;s CAC 40 lost 0.5 percent and the U.K.&apos;s FTSE 100 lost 0.95 percent. Losses accelerated in the final hour of the session. 
Media giant Vivendi was higher in Paris after reporting first-quarter results in line with expectations. 
Lender Credit Agricole fell 5 percent after its first-quarter net income fell 71 percent, hit by weakness in investment banking and retail operations. 
RWE soared 7.7 percent in Frankfurt. The utility affirmed its FY16 outlook after a satisfactory first quarter. 
SMA Solar Technology gave back early gains. The solar energy equipment supplier reported EBITDA of 42.1 million euros for the first quarter of 2016, up from 13.4 million euros in the year-ago period. 
Zurich Insurance shares jumped 7 percent. The Swiss insurer reported a smaller-than-expected drop in first-quarter profit, helped by improvements in its flagship general insurance business. 
Italian insurer Generali Group fell after its first-quarter net profit dropped 13.8 percent from last year. 
Dutch insurance firm Aegon plunged after its first-quarter earnings fell short of expectations. 
For comments and feedback: contact
</topic_text>
<spam_score>0.00</spam_score>
<post_num>1</post_num>
<post_id>post-1</post_id>
<post_url>http://www.nasdaq.com/article/european-stocks-limp-lower-on-brexit-fears--european-commentary-20160512-00760</post_url>
<post_date>20160512</post_date>
<post_time>1556</post_time>
<username></username>
<post>
European Stocks Limp Lower On Brexit Fears -- European Commentary May 12, 2016, 11:56:00 AM EDT By RTT News Comment Shutterstock photo 
(RTTNews.com) - European stocks fell Thursday, with German and UK shares particularly weak after the Bank of England held steady on interest rates. 
The BoE downgraded its growth projections on heightened uncertainty over the EU referendum. 
The Bank cautioned that any decision to exit the EU would lead to a materially lower growth path and a notably higher path for inflation. 
The German DAX was down 1.1 percent, France&apos;s CAC 40 lost 0.5 percent and the U.K.&apos;s FTSE 100 lost 0.95 percent. Losses accelerated in the final hour of the session. 
Media giant Vivendi was higher in Paris after reporting first-quarter results in line with expectations. 
Lender Credit Agricole fell 5 percent after its first-quarter net income fell 71 percent, hit by weakness in investment banking and retail operations. 
RWE soared 7.7 percent in Frankfurt. The utility affirmed its FY16 outlook after a satisfactory first quarter. 
SMA Solar Technology gave back early gains. The solar energy equipment supplier reported EBITDA of 42.1 million euros for the first quarter of 2016, up from 13.4 million euros in the year-ago period. 
Zurich Insurance shares jumped 7 percent. The Swiss insurer reported a smaller-than-expected drop in first-quarter profit, helped by improvements in its flagship general insurance business. 
Italian insurer Generali Group fell after its first-quarter net profit dropped 13.8 percent from last year. 
Dutch insurance firm Aegon plunged after its first-quarter earnings fell short of expectations. 
For comments and feedback: contact
</post>
<signature>

</signature>
<external_links>

</external_links>
<country>US</country>
<main_image>http://www.nasdaq.com/images/dreamit.jpg</main_image>
</document>
