<?xml version="1.0" encoding="UTF-8"?>
<document>
<type>mainstream</type>
<forum>http://www.fox8live.com/category/234974/links?clienttype=rss</forum>
<forum_title>FOX 8 News WVUE-TV - Links</forum_title>
<discussion_title>Police: Dad arrested in shooting that killed mom, hurt 4 kids</discussion_title>
<language>english</language>
<gmt_offset></gmt_offset>
<topic_url>http://www.fox8live.com/story/31954409/police-dad-arrested-in-shooting-that-killed-mom-hurt-4-kids</topic_url>
<topic_text>
Police: Dad arrested in shooting that killed mom, hurt 4 kids - FOX 8 WVUE New Orleans News, Weather, Sports, Social Member Center: Police: Dad arrested in shooting that killed mom, hurt 4 kids 2016-05-12T09:08:00Z This is the scene of a shooting that police say killed a mother and injured three children. Source: Clare Huddleston/WBRC 3 children, mother shot in Birmingham (Source: Clare Huddleston/WBRC) Birmingham Police Chief A.C. Roper and Mayor William Bell spoke at the press conference on the shooting. Source: Greg Long/WBRC Source: WBRC video BIRMINGHAM, AL (WBRC) - 
Birmingham police say a man who identified himself as the father of eight children was arrested in connection to a shooting that killed the children&apos;s mother and injured four kids. 
The shooting happened around 10:15 p.m. Wednesday, May 11 in the 1400 block of 21st Street N in the Druid Hills neighborhood. 
Officers found the mother, a black female in her 30s, dead in the living room with a gunshot wound, Birmingham Police Chief A.C. Roper said in a news conference at 7:30 a.m. Thursday, May 12. 
The Jefferson County Coroner&apos;s Office identified the victim as Coral Anita Wilson, 34. 
Police said the shooting stemmed from a domestic altercation. 
A witness told police that the suspect came to the home and was asking to see his children. 
The suspect and the witness both left, and sometime later the witness said she heard several gunshot wounds and stepped outside to see several kids running toward her, Roper said. 
Three of the four children had been shot and a fourth was grazed or injured by a bullet. All four children are in stable condition at the hospital. Roper said their conditions are serious. 
&quot;There are physical injuries but also psychological injuries that they’ll have to deal with for years to come,&quot; Roper said. 
Police Lt. Sean Edwards said the ages of the injured children are 5, 9, 11 and 12. 
The police chief said they are thankful that four other children who were in the home were not hurt. Those children are in the care of family members. 
Roper said they initiated an intensive investigation involving K-9s and special teams so they could quickly get the shooter off the streets. 
Within six hours of the shooting, police arrested the suspect. They found him near 18th Street North and 17th Court North, sleeping in the front seat of a vehicle, covered by clothes. 
The officers who handcuffed the suspect said he was compliant and seemed relieved to be arrested. He is now being interviewed at police headquarters, Roper said. 
Chief Roper said there was a history of domestic violence at the home, but he was not sure of the last time police were called there. Police are looking into that history as a part of their investigation. 
&quot;It&apos;s very tough because these situation often involve relationships and in this case we have the suspect who is saying all eight kids are his and he was the father of all eight kids, so there&apos;s this connection which is extremely difficult to break,&quot; Roper said. 
The police chief asked everyone to remember this family, and the children who lost their mother, in their prayers. 
He said domestic violence situations are not something the police department can solve by itself, and asked people to come forward if they believe a friend or family member is a domestic violence victim. 
&quot;Birmingham is a resilient community and these are the times where we have to come together as one,&quot; Roper said. 
Police have not yet released the suspect&apos;s name. 
Copyright 2016 WBRC. All rights reserved. Can&apos;t Find Something? 1025 S. Jefferson Davis Pkwy.New Orleans, LA 70125
</topic_text>
<spam_score>0.00</spam_score>
<post_num>1</post_num>
<post_id>post-1</post_id>
<post_url>http://www.fox8live.com/story/31954409/police-dad-arrested-in-shooting-that-killed-mom-hurt-4-kids</post_url>
<post_date>20160512</post_date>
<post_time>1431</post_time>
<username>Clare Huddleston</username>
<post>
Police: Dad arrested in shooting that killed mom, hurt 4 kids - FOX 8 WVUE New Orleans News, Weather, Sports, Social Member Center: Police: Dad arrested in shooting that killed mom, hurt 4 kids 2016-05-12T09:08:00Z This is the scene of a shooting that police say killed a mother and injured three children. Source: Clare Huddleston/WBRC 3 children, mother shot in Birmingham (Source: Clare Huddleston/WBRC) Birmingham Police Chief A.C. Roper and Mayor William Bell spoke at the press conference on the shooting. Source: Greg Long/WBRC Source: WBRC video BIRMINGHAM, AL (WBRC) - 
Birmingham police say a man who identified himself as the father of eight children was arrested in connection to a shooting that killed the children&apos;s mother and injured four kids. 
The shooting happened around 10:15 p.m. Wednesday, May 11 in the 1400 block of 21st Street N in the Druid Hills neighborhood. 
Officers found the mother, a black female in her 30s, dead in the living room with a gunshot wound, Birmingham Police Chief A.C. Roper said in a news conference at 7:30 a.m. Thursday, May 12. 
The Jefferson County Coroner&apos;s Office identified the victim as Coral Anita Wilson, 34. 
Police said the shooting stemmed from a domestic altercation. 
A witness told police that the suspect came to the home and was asking to see his children. 
The suspect and the witness both left, and sometime later the witness said she heard several gunshot wounds and stepped outside to see several kids running toward her, Roper said. 
Three of the four children had been shot and a fourth was grazed or injured by a bullet. All four children are in stable condition at the hospital. Roper said their conditions are serious. 
&quot;There are physical injuries but also psychological injuries that they’ll have to deal with for years to come,&quot; Roper said. 
Police Lt. Sean Edwards said the ages of the injured children are 5, 9, 11 and 12. 
The police chief said they are thankful that four other children who were in the home were not hurt. Those children are in the care of family members. 
Roper said they initiated an intensive investigation involving K-9s and special teams so they could quickly get the shooter off the streets. 
Within six hours of the shooting, police arrested the suspect. They found him near 18th Street North and 17th Court North, sleeping in the front seat of a vehicle, covered by clothes. 
The officers who handcuffed the suspect said he was compliant and seemed relieved to be arrested. He is now being interviewed at police headquarters, Roper said. 
Chief Roper said there was a history of domestic violence at the home, but he was not sure of the last time police were called there. Police are looking into that history as a part of their investigation. 
&quot;It&apos;s very tough because these situation often involve relationships and in this case we have the suspect who is saying all eight kids are his and he was the father of all eight kids, so there&apos;s this connection which is extremely difficult to break,&quot; Roper said. 
The police chief asked everyone to remember this family, and the children who lost their mother, in their prayers. 
He said domestic violence situations are not something the police department can solve by itself, and asked people to come forward if they believe a friend or family member is a domestic violence victim. 
&quot;Birmingham is a resilient community and these are the times where we have to come together as one,&quot; Roper said. 
Police have not yet released the suspect&apos;s name. 
Copyright 2016 WBRC. All rights reserved. Can&apos;t Find Something? 1025 S. Jefferson Davis Pkwy.New Orleans, LA 70125
</post>
<signature>

</signature>
<external_links>

</external_links>
<country>US</country>
<main_image>http://WBRC.images.worldnow.com/images/10539129_G.jpg</main_image>
</document>
