<?xml version="1.0" encoding="UTF-8"?>
<document>
<type>mainstream</type>
<forum>http://wn.com/Matt_Painter</forum>
<forum_title>Matt Painter</forum_title>
<discussion_title>UNF&apos;s Dallas Moore eyes NBA, but leaves options open</discussion_title>
<language>english</language>
<gmt_offset>6</gmt_offset>
<topic_url>http://article.wn.com/view/2016/04/12/UNFs_Dallas_Moore_eyes_NBA_but_leaves_options_open/</topic_url>
<topic_text>
After guard Dallas Moore scored 24 points to lead North Florida to its first victory over a Big Ten team in 12 tries two seasons go, he was saluted by Boilermakers coach Matt Painter. “I tried to tell our guys and sometimes guys don’t understand, that dude can play in our league,’’ UNF coach Matt Driscoll recalls Painter saying. Now after an award-filled junior season, Moore is attempting to prove he can play in another league — the NBA. read more ...
</topic_text>
<spam_score>0.00</spam_score>
<post_num>1</post_num>
<post_id>post-1</post_id>
<post_url>http://article.wn.com/view/2016/04/12/UNFs_Dallas_Moore_eyes_NBA_but_leaves_options_open/</post_url>
<post_date>20160412</post_date>
<post_time></post_time>
<username>wn.com</username>
<post>
After guard Dallas Moore scored 24 points to lead North Florida to its first victory over a Big Ten team in 12 tries two seasons go, he was saluted by Boilermakers coach Matt Painter. “I tried to tell our guys and sometimes guys don’t understand, that dude can play in our league,’’ UNF coach Matt Driscoll recalls Painter saying. Now after an award-filled junior season, Moore is attempting to prove he can play in another league — the NBA. read more ...
</post>
<signature>

</signature>
<external_links>

</external_links>
<country>GB</country>
<main_image>http://i.ytimg.com/vi/_tIzTT94H7Y/0.jpg</main_image>
</document>
