<?xml version="1.0" encoding="UTF-8"?>
<document>
<type>mainstream</type>
<forum></forum>
<forum_title></forum_title>
<discussion_title>Oxfam: Trabajadores avícolas en EEUU forzados a usar pañales</discussion_title>
<language>spanish</language>
<gmt_offset></gmt_offset>
<topic_url>http://www.telemetro.com/economia/Oxfam-Trabajadores-avicolas-EEUU-forzados_0_916108861.html</topic_url>
<topic_text>
Oxfam: Trabajadores avícolas en EEUU forzados a usar pañales 635x357 Oxfam: Trabajadores avícolas en EEUU forzados a usar pañales. / | 12 may 2016 11.21am Algunos trabajadores de la industria avícola de Estados Unidos laboran en tal &quot;clima de miedo&quot; que se han visto forzados a usar pañales en el trabajo, según un informe del grupo internacional de activismo Oxfam . La organización dice que muchos trabajadores temen pedir permiso para ir al baño. Según el reporte, una trabajadora en una planta de Simmons Foods en Arkansas dijo a Oxfam que ella y muchos otros tuvieron que usar pañales. Un trabajador en de Tyson Foods dijo en el reporte que muchos empleados en su planta en North Carolina &quot; se han orinado en los pantalones &quot;. Tyson dice que le preocupan las acusaciones, pero que en estos momentos no tiene &quot;evidencia alguna de que sean ciertas&quot;. Simmons Foods no ha respondido a un pedido de comentarios. El National Chicken Council (Consejo Nacional del Pollo) dijo que está &quot;perturbado&quot; por el reporte, pero cree que &quot; esas instancias son extremamente raras &quot;. 
</topic_text>
<spam_score>0.00</spam_score>
<post_num>1</post_num>
<post_id>post-1</post_id>
<post_url>http://www.telemetro.com/economia/Oxfam-Trabajadores-avicolas-EEUU-forzados_0_916108861.html</post_url>
<post_date>20160501</post_date>
<post_time></post_time>
<username></username>
<post>
Oxfam: Trabajadores avícolas en EEUU forzados a usar pañales 635x357 Oxfam: Trabajadores avícolas en EEUU forzados a usar pañales. / | 12 may 2016 11.21am Algunos trabajadores de la industria avícola de Estados Unidos laboran en tal &quot;clima de miedo&quot; que se han visto forzados a usar pañales en el trabajo, según un informe del grupo internacional de activismo Oxfam . La organización dice que muchos trabajadores temen pedir permiso para ir al baño. Según el reporte, una trabajadora en una planta de Simmons Foods en Arkansas dijo a Oxfam que ella y muchos otros tuvieron que usar pañales. Un trabajador en de Tyson Foods dijo en el reporte que muchos empleados en su planta en North Carolina &quot; se han orinado en los pantalones &quot;. Tyson dice que le preocupan las acusaciones, pero que en estos momentos no tiene &quot;evidencia alguna de que sean ciertas&quot;. Simmons Foods no ha respondido a un pedido de comentarios. El National Chicken Council (Consejo Nacional del Pollo) dijo que está &quot;perturbado&quot; por el reporte, pero cree que &quot; esas instancias son extremamente raras &quot;. 
</post>
<signature>

</signature>
<external_links>

</external_links>
<country>PA</country>
<main_image>http://images.telemetro.com/economia/Oxfam-Trabajadores-avicolas-EEUU-forzados_MEDIMA20160512_0128_14.jpg</main_image>
</document>
