<?xml version="1.0" encoding="UTF-8"?>
<document>
<type>mainstream</type>
<forum>http://www.finanznachrichten.de/rss-nachrichten-aktien-usa</forum>
<forum_title>FinanzNachrichten.de: Nachrichten zu Aktien aus usa</forum_title>
<discussion_title>Monsanto Company: This Is Why Shares of Monsanto Stock Are Going Ballistic</discussion_title>
<language>english</language>
<gmt_offset></gmt_offset>
<topic_url>http://www.finanznachrichten.de/nachrichten-2016-05/37371194-monsanto-company-this-is-why-shares-of-monsanto-stock-are-going-ballistic-344.htm</topic_url>
<topic_text>
Monsanto Company: This Is Why Shares of Monsanto Stock Are Going Ballistic Big News for Monsanto StockShares of Monsanto Company (NYSE:MON) stock are surging Thursday morning following rumors the company could be an acquisition target.On Thursday, Bloomberg reported chemical and pharmaceutical giant Bayer AG (ADR) (OTCMKTS:BAYRY) is considering making a bid for the ag-chemical company Monsanto. If completed, the combined firm would become the largest agriculture chemical and seed supplier in the world. (Source: &quot;Bayer. Den vollständigen Artikel lesen ...
</topic_text>
<spam_score>0.00</spam_score>
<post_num>1</post_num>
<post_id>post-1</post_id>
<post_url>http://www.finanznachrichten.de/nachrichten-2016-05/37371194-monsanto-company-this-is-why-shares-of-monsanto-stock-are-going-ballistic-344.htm</post_url>
<post_date>20160512</post_date>
<post_time>1504</post_time>
<username></username>
<post>
Monsanto Company: This Is Why Shares of Monsanto Stock Are Going Ballistic Big News for Monsanto StockShares of Monsanto Company (NYSE:MON) stock are surging Thursday morning following rumors the company could be an acquisition target.On Thursday, Bloomberg reported chemical and pharmaceutical giant Bayer AG (ADR) (OTCMKTS:BAYRY) is considering making a bid for the ag-chemical company Monsanto. If completed, the combined firm would become the largest agriculture chemical and seed supplier in the world. (Source: &quot;Bayer. Den vollständigen Artikel lesen ...
</post>
<signature>

</signature>
<external_links>

</external_links>
<country>DE</country>
<main_image>http://fns1.de/g/fb.png</main_image>
</document>
