<?xml version="1.0" encoding="UTF-8"?>
<document>
<type>mainstream</type>
<forum>http://www.noticiascyl.com/feed</forum>
<forum_title>Noticiascyl</forum_title>
<discussion_title>Más de 180 millones esta legislatura para desarrollo del medio rural</discussion_title>
<language>spanish</language>
<gmt_offset></gmt_offset>
<topic_url>http://www.noticiascyl.com/regional/2016/05/12/mas-de-180-millones-esta-legislatura-para-desarrollo-del-medio-rural/</topic_url>
<topic_text>
Más de 180 millones esta legislatura para desarrollo del medio rural 12 mayo, 2016 0 Sáez, Valdeón y Quiñones tras el Consejo de Gobierno. 
La Junta invertirá en esta legislatura, a través de la Sociedad Pública de Infraestructuras y Medio Ambiente de Castilla y León ( Somacyl ), más de 186 millones de euros en proyectos de desarrollo, protección y conservación del medio ambiente, tanto con fuentes de financiación externa como con autofinanciación, alcanzando una inversión acumulada desde su creación hasta finales de 2018 de 345 millones de euros. 
Así lo ha aprobado hoy el Consejo de Gobierno, que ha dado el visto bueno al plan de actuaciones de Somacyl, que en infraestructura hidráulica contempla inversiones que ascenderán a 90 millones en la presente legislatura, con 96 infraestructuras en explotación que darán servicio a 225.000 habitantes con 40 millones de metros cúbicos de aguas tratadas. 
Con respecto a eficiencia energética, el alumbrado sumado a las redes de calor y las calderas de biomasa, supondrán una inversión en la legislatura de 70 millones y 80 millones desde su origen hasta 2018, año en el que se habrán generado 116 Mw instalados de demanda de calor atendida por biomasa con el efecto positivo que supone en el medio rural, así como el aprovechamiento de los recursos autóctonos al sustituir combustibles fósiles, que evitarán más de 50.000 toneladas al año de emisiones de CO2 emitido. 
En viviendas de protección oficial la inversión durante la legislatura será 8 millones de euros, y 41,8 millones desde su origen hasta 2018, con la construcción de 60 nuevas viviendas en el periodo con una venta acumulada de 356. Finalmente en relación a la gestión de recursos naturales, la plantación de chopos supondrá 8,8 millones de euros en la legislatura y 16,9 millones en el dato acumulado, con 9.400 hectáreas gestionadas en Castilla y León -siendo el primer referente a nivel europeo por hectáreas gestionadas- que corresponden a 400 propietarios públicos y a 190 privados, con la captura de 100.000 toneladas al año de CO2 y la generación de 230 empleos directos anuales. Compartir
</topic_text>
<spam_score>0.00</spam_score>
<post_num>1</post_num>
<post_id>post-1</post_id>
<post_url>http://www.noticiascyl.com/regional/2016/05/12/mas-de-180-millones-esta-legislatura-para-desarrollo-del-medio-rural/</post_url>
<post_date>20160512</post_date>
<post_time>1545</post_time>
<username>Isaac Barrientos</username>
<post>
Más de 180 millones esta legislatura para desarrollo del medio rural 12 mayo, 2016 0 Sáez, Valdeón y Quiñones tras el Consejo de Gobierno. 
La Junta invertirá en esta legislatura, a través de la Sociedad Pública de Infraestructuras y Medio Ambiente de Castilla y León ( Somacyl ), más de 186 millones de euros en proyectos de desarrollo, protección y conservación del medio ambiente, tanto con fuentes de financiación externa como con autofinanciación, alcanzando una inversión acumulada desde su creación hasta finales de 2018 de 345 millones de euros. 
Así lo ha aprobado hoy el Consejo de Gobierno, que ha dado el visto bueno al plan de actuaciones de Somacyl, que en infraestructura hidráulica contempla inversiones que ascenderán a 90 millones en la presente legislatura, con 96 infraestructuras en explotación que darán servicio a 225.000 habitantes con 40 millones de metros cúbicos de aguas tratadas. 
Con respecto a eficiencia energética, el alumbrado sumado a las redes de calor y las calderas de biomasa, supondrán una inversión en la legislatura de 70 millones y 80 millones desde su origen hasta 2018, año en el que se habrán generado 116 Mw instalados de demanda de calor atendida por biomasa con el efecto positivo que supone en el medio rural, así como el aprovechamiento de los recursos autóctonos al sustituir combustibles fósiles, que evitarán más de 50.000 toneladas al año de emisiones de CO2 emitido. 
En viviendas de protección oficial la inversión durante la legislatura será 8 millones de euros, y 41,8 millones desde su origen hasta 2018, con la construcción de 60 nuevas viviendas en el periodo con una venta acumulada de 356. Finalmente en relación a la gestión de recursos naturales, la plantación de chopos supondrá 8,8 millones de euros en la legislatura y 16,9 millones en el dato acumulado, con 9.400 hectáreas gestionadas en Castilla y León -siendo el primer referente a nivel europeo por hectáreas gestionadas- que corresponden a 400 propietarios públicos y a 190 privados, con la captura de 100.000 toneladas al año de CO2 y la generación de 230 empleos directos anuales. Compartir
</post>
<signature>

</signature>
<external_links>

</external_links>
<country>ES</country>
<main_image>http://www.noticiascyl.com/wp-content/uploads/2016/05/saez-valdeon-quiñones-junta-1.jpg</main_image>
</document>
