<?xml version="1.0" encoding="UTF-8"?>
<document>
<type>mainstream</type>
<forum>http://www.noticiascyl.com/feed</forum>
<forum_title>Noticiascyl</forum_title>
<discussion_title>El PP de Puebla critica la falta de dialogo del alcalde</discussion_title>
<language>spanish</language>
<gmt_offset></gmt_offset>
<topic_url>http://www.noticiascyl.com/zamora/2016/05/12/el-pp-de-puebla-critica-la-falta-de-dialogo-del-alcalde/</topic_url>
<topic_text>
El PP de Puebla critica la falta de dialogo del alcalde 12 mayo, 2016 0 José Fernández, alcalde de Puebla de Sanabria y parlamentario del PSOE por Zamora 
Los populares solicitaron un Pleno Extraordinario para dialogar sobre la ordenanza de aparcamiento con el equipo de gobierno y este lo rechazó. Además, el Partido Popular de Sanabria añade el poco talante y la falta de dialogo que el alcalde muestra ante sus vecinos y hacia ellos. 
Los concejales del PP en el Ayuntamiento de Puebla de Sanabria critican la actitud demostrada por el Alcalde-Senador socialista ante los movimientos vecinales que están surgiendo en la localidad, y la califican de prepotente y autoritaria por haber despreciado la salida que el Grupo Popular le ofreció en el pleno extraordinario que celebraron a petición suya para crear una mesa de dialogo entre la institución y los vecinos, de cara a consensuar la Ordenanza Municipal de Tráfico que ha provocado gran cantidad de críticas ente los vecinos del casco antiguo de la localidad y entre la ciudadanía en general. 
Igualmente los populares critican las declaraciones del Alcalde-Senador en referencia a la manifestación del pasado día 5 de mayo a la que asistieron miembros del PP en el Ayuntamiento ya que consideraban legítima la inquietud vecinal que existe, sobre todo en el Barrio de San Francisco de Puebla de Sanabria y al que el Ayuntamiento lleva años dando la espalda. “En dicha manifestación no se portaron pancartas de partidos políticos, como ha asegurado el señor Fernández Blanco, manteniendo siempre la asepsia política ya que solo se trataba de instar al Ayuntamiento a buscar soluciones a un problema social sin connotaciones políticas de ningún tipo”, explican los populares. 
Desde el PP se ha preguntado al equipo de gobierno socialista por el problema de las antenas sin recibir respuesta hasta la fecha, “sin duda el autoritarismo que preside el Ayuntamiento lleva a que este no entable dialogo ni con grupos políticos ni con vecinos y lleve a que los vecinos se tengan que manifestar para poder ser escuchados por la institución local”. 
Desde el Partido Popular del Ayuntamiento de Puebla de Sanabria se vuelve a instar al Alcalde a que “deje sus tics autoritarios, su prepotencia y su falta de talante y se siente con los vecinos para solucionar los problemas que le planteen, el gobernar de espaldas al pueblo es perjuicio para todos. Los concejales del PP siempre estarán al lado de los vecinos de Puebla de Sanabria cuando consideren que son justas y legítimas sus reivindicaciones y no se dejarán amedrentar por las criticas del Alcalde, cuyo nerviosismo por las próximas elecciones generales del 26 de junio le puede jugar una mala pasada”, finalizaban los populares. Compartir
</topic_text>
<spam_score>0.00</spam_score>
<post_num>1</post_num>
<post_id>post-1</post_id>
<post_url>http://www.noticiascyl.com/zamora/2016/05/12/el-pp-de-puebla-critica-la-falta-de-dialogo-del-alcalde/</post_url>
<post_date>20160512</post_date>
<post_time>1533</post_time>
<username>Alba Villalba</username>
<post>
El PP de Puebla critica la falta de dialogo del alcalde 12 mayo, 2016 0 José Fernández, alcalde de Puebla de Sanabria y parlamentario del PSOE por Zamora 
Los populares solicitaron un Pleno Extraordinario para dialogar sobre la ordenanza de aparcamiento con el equipo de gobierno y este lo rechazó. Además, el Partido Popular de Sanabria añade el poco talante y la falta de dialogo que el alcalde muestra ante sus vecinos y hacia ellos. 
Los concejales del PP en el Ayuntamiento de Puebla de Sanabria critican la actitud demostrada por el Alcalde-Senador socialista ante los movimientos vecinales que están surgiendo en la localidad, y la califican de prepotente y autoritaria por haber despreciado la salida que el Grupo Popular le ofreció en el pleno extraordinario que celebraron a petición suya para crear una mesa de dialogo entre la institución y los vecinos, de cara a consensuar la Ordenanza Municipal de Tráfico que ha provocado gran cantidad de críticas ente los vecinos del casco antiguo de la localidad y entre la ciudadanía en general. 
Igualmente los populares critican las declaraciones del Alcalde-Senador en referencia a la manifestación del pasado día 5 de mayo a la que asistieron miembros del PP en el Ayuntamiento ya que consideraban legítima la inquietud vecinal que existe, sobre todo en el Barrio de San Francisco de Puebla de Sanabria y al que el Ayuntamiento lleva años dando la espalda. “En dicha manifestación no se portaron pancartas de partidos políticos, como ha asegurado el señor Fernández Blanco, manteniendo siempre la asepsia política ya que solo se trataba de instar al Ayuntamiento a buscar soluciones a un problema social sin connotaciones políticas de ningún tipo”, explican los populares. 
Desde el PP se ha preguntado al equipo de gobierno socialista por el problema de las antenas sin recibir respuesta hasta la fecha, “sin duda el autoritarismo que preside el Ayuntamiento lleva a que este no entable dialogo ni con grupos políticos ni con vecinos y lleve a que los vecinos se tengan que manifestar para poder ser escuchados por la institución local”. 
Desde el Partido Popular del Ayuntamiento de Puebla de Sanabria se vuelve a instar al Alcalde a que “deje sus tics autoritarios, su prepotencia y su falta de talante y se siente con los vecinos para solucionar los problemas que le planteen, el gobernar de espaldas al pueblo es perjuicio para todos. Los concejales del PP siempre estarán al lado de los vecinos de Puebla de Sanabria cuando consideren que son justas y legítimas sus reivindicaciones y no se dejarán amedrentar por las criticas del Alcalde, cuyo nerviosismo por las próximas elecciones generales del 26 de junio le puede jugar una mala pasada”, finalizaban los populares. Compartir
</post>
<signature>

</signature>
<external_links>

</external_links>
<country>ES</country>
<main_image>http://www.noticiascyl.com/wp-content/uploads/2016/03/zamora-rominguera-y-fernandez-psoe.jpg</main_image>
</document>
