<?xml version="1.0" encoding="UTF-8"?>
<document>
<type>mainstream</type>
<forum>http://app.m4.cn?app=rss&amp;controller=index&amp;action=feed&amp;catid=26</forum>
<forum_title>资讯_四月网</forum_title>
<discussion_title>汶川地震8年祭：不应被遗忘的画面</discussion_title>
<language>chinese</language>
<gmt_offset></gmt_offset>
<topic_url>http://news.m4.cn/2016-05/1309209.shtml</topic_url>
<topic_text>
2016-05-12 21:43 凤凰资讯 责任编辑：东方 今天，是5.12汶川地震的8周年纪念日。2008年14时28分04秒，一个无法被忘记的时间，8.0级地震，近7万人遇难，1.8万人失踪，这是一段8年过去依然会令人感到伤痛的记忆。我们谨以这组图祭奠在地震中死去的孩子们，这些画面不应被遗忘。
</topic_text>
<spam_score>0.00</spam_score>
<post_num>1</post_num>
<post_id>post-1</post_id>
<post_url>http://news.m4.cn/2016-05/1309209.shtml</post_url>
<post_date>20160512</post_date>
<post_time>1343</post_time>
<username></username>
<post>
2016-05-12 21:43 凤凰资讯 责任编辑：东方 今天，是5.12汶川地震的8周年纪念日。2008年14时28分04秒，一个无法被忘记的时间，8.0级地震，近7万人遇难，1.8万人失踪，这是一段8年过去依然会令人感到伤痛的记忆。我们谨以这组图祭奠在地震中死去的孩子们，这些画面不应被遗忘。
</post>
<signature>

</signature>
<external_links>

</external_links>
<country>CN</country>
<main_image></main_image>
</document>
