<?xml version="1.0" encoding="UTF-8"?>
<document>
<type>mainstream</type>
<forum></forum>
<forum_title></forum_title>
<discussion_title>Niño encuentra rata en su refresco | Periódico am | Mundo</discussion_title>
<language>spanish</language>
<gmt_offset></gmt_offset>
<topic_url>http://www.am.com.mx/2016/05/11/mundo/nino-encuentra-rata-en-su-refresco-283337</topic_url>
<topic_text>
Niño encuentra rata en su refresco EL UNIVERSAL | REDACCIÓN Publicada el 2016-05-11 13:02:36 La rata estaba dentro de la botella, la compañía realizará exámenes y comprobar que fue un error de ellos. Foto: Tomada de Facebook. 
Un niño residente de la localidad de Katy, en Texas, encontró una rata muerta dentro de la botella del refresco que tomaba. 
El menor se encontraba en la parte trasera del auto y cuándo le pidió a sus abuelos otro trago de la bebida, descubrieron que en el interior flotaba un animal con cola que impedía la salida del líquido. 
John Graves, abuelo del menor lo llevó inmediatamente al pediatra para que le realizaran estudios de sangre y orina, ante el temor de que hubiera contraído rabia o algún otro virus. 
Luego del incidente, la familia Graves levantó una queja con la empresa que produce el refresco, quienes señalaron que necesitaban el envase para realizar exámenes y comprobar que fue error de ellos. 
Sin embargo, la familia del menor con la ayuda de un abogado, comentó a un medio local que primero mandarían analizar la botella, antes de entregarla a la compañía refresquera. 
John utilizó su cuenta de Facebook para compartir las fotografías y prevenir a los consumidores de estas bebidas. 
Nothing like your grandson drinking half a Dr. Pepper only to find a dead rat floating on the bottle. Response from Dr.... 
</topic_text>
<spam_score>0.00</spam_score>
<post_num>1</post_num>
<post_id>post-1</post_id>
<post_url>http://www.am.com.mx/2016/05/11/mundo/nino-encuentra-rata-en-su-refresco-283337</post_url>
<post_date>20160511</post_date>
<post_time></post_time>
<username></username>
<post>
Niño encuentra rata en su refresco EL UNIVERSAL | REDACCIÓN Publicada el 2016-05-11 13:02:36 La rata estaba dentro de la botella, la compañía realizará exámenes y comprobar que fue un error de ellos. Foto: Tomada de Facebook. 
Un niño residente de la localidad de Katy, en Texas, encontró una rata muerta dentro de la botella del refresco que tomaba. 
El menor se encontraba en la parte trasera del auto y cuándo le pidió a sus abuelos otro trago de la bebida, descubrieron que en el interior flotaba un animal con cola que impedía la salida del líquido. 
John Graves, abuelo del menor lo llevó inmediatamente al pediatra para que le realizaran estudios de sangre y orina, ante el temor de que hubiera contraído rabia o algún otro virus. 
Luego del incidente, la familia Graves levantó una queja con la empresa que produce el refresco, quienes señalaron que necesitaban el envase para realizar exámenes y comprobar que fue error de ellos. 
Sin embargo, la familia del menor con la ayuda de un abogado, comentó a un medio local que primero mandarían analizar la botella, antes de entregarla a la compañía refresquera. 
John utilizó su cuenta de Facebook para compartir las fotografías y prevenir a los consumidores de estas bebidas. 
Nothing like your grandson drinking half a Dr. Pepper only to find a dead rat floating on the bottle. Response from Dr.... 
</post>
<signature>

</signature>
<external_links>

</external_links>
<country>US</country>
<main_image>http://amanager.mx/archivos/fotos/notas/2016/05/11/mediana/nino-encuentra-rata-en-su-refresco-4a18d5c09f2928eb77762ba8ea0b9b6f.jpg</main_image>
</document>
