<?xml version="1.0" encoding="UTF-8"?>
<document>
<type>mainstream</type>
<forum></forum>
<forum_title></forum_title>
<discussion_title>Una final contra Boca, en La Plata y con la ilusión de volver a ganar - Diario Hoy (Argentina) - La Plata noticias - NewsLocker</discussion_title>
<language>spanish</language>
<gmt_offset></gmt_offset>
<topic_url>http://www.newslocker.com/es-ar/region/la-plata/una-final-contra-boca-en-la-plata-y-con-la-ilusin-de-volver-a-ganar-diario-hoy-argentina/</topic_url>
<topic_text>
Una final contra Boca, en La Plata y con la ilusión de volver a ganar Diario Hoy (Argentina) Tras muchas idas y vueltas, y una gestión que no terminaba de cerrarse con varios actores protagónicos, la dirigencia de Estudiantes logró que el partido ante Boca no tenga que trasladarse a Avellaneda tal cual se había gestionado en el comienzo de la ...y más » Según sofisticado estudio en La Plata los precios aumentaron un 3 ... LaPlataYa El Centro de Investigaciones “Dr. Carlos Sánchez Viamonte” a través de su observatorio de la ciudad de La Plata emitió su informe mensual de variaciones de precios durante Abril del 2016 de 55 productos de la Canasta Básica de consumo de los ... La Plata: murió japonés accidentado en el parque temático El Intransigente BUENOS AIRES (DyN) - El hombre de nacionalidad japonesa que el domingo último sufrió fractura de cráneo al accidentarse en uno de los juegos del parque temático &quot;República de los Niños&quot;, en la localidad bonaerense de Gonnet, partido de La Plata, ...y más » La Plata tendrá su &quot;Parlamento de la Juventud&quot; en el Concejo LaNoticia1.com El HCD platense aprobó la ordenanza para crear el &quot;Parlamento de la Juventud&quot;, que permitirá a los estudiantes, de escuelas públicas y privadas, conocer el funcionamiento parlamentario, iniciar debates constructivos y elaborar propuestas que aborden ... (Audio) En La Plata, un Parlamento Juvenil elevará proyectos para ...Impulso Baireslos 2 artículos informat Tenían la plata en las paredes El Liberal Digital Los investigadores tenían conocimiento de que en la casa había mucho dinero, por lo que requisaron cada rincón de la vivienda. Al ver que la búsqueda no estaba dando los frutos esperados, los astutos sabuesos comenzaron a requisar las paredes. Chumbita viajó a La Plata y sueña El Ancasti Editorial Carlos &quot;Caballero Azul&quot; Chumbita (15-5 con 6 Ko) viajó este miércoles 11 a la ciudad de La Plata, donde mañana viernes 13 enfrentará al español Ceferino &quot;Ferino V&quot; Rodríguez (21-1 con 11 Ko). Ilusionado, el púgil viajó acompañado de su DT, Luis Soto, ... La Plata se quedó con el primer juego Diario El Día En el estadio del Club de Social Alejandro Korn, el seleccionado de La Plata se quedó con el primer partido del torneo Zonal clasificatorio al Provincial de Mayores de básquet. El conjunto platense, dirigido técnicamente por Guillermo Ciappina, venció ...y más » Miles de trabajadores se movilizaron en La Plata contra el ajuste de ... La Izquierda Diario Ayer 10 mil trabajadores entre los que se encontraban judiciales, médicos, docentes y obreros del Astillero marcharon en reclamo de aumento salarial y contra el ajuste del gobierno. Redacción La Plata. Jueves 12 de mayo de 2016 | Edición del día ... Sindicatos se movilizaron en La PlataInfoRegión Médicos y judiciales de Quilmes marchan r Condena xenófoba y discriminatoria para una travesti en La Plata La Izquierda Diario Claudia, travesti acusada por la supuesta venta de drogas en la zona roja de esa ciudad, fue condenada a una pena de 5 años y 3 meses por el Tribunal Oral en lo Criminal I, a cargo del juez Juan José Ruiz. El agravante radica en que Claudia es de ...y más » Programa del jueves 12 de mayo en La Plata Clarín.com Se deja expresamente aclarado que los comentarios realizados en los espacios de participación del Sitio son de exclusiva responsabilidad de sus autores, pudiendo estos ser pasibles de sanciones legales. Los comentarios que fueran violatorios de los ...y más » En La Plata avanza la formalización de microemprendedores y ... Infoblancosobrenegro Más de 900 emprendedores ya se inscribieron en el actual registro municipal y forman parte de las iniciativas para formalizar y optimizar sus actividades. La Municipalidad firmó un convenio con la UNLP y lanzó el portal de desarrollo ...y más » González dirá presente en La Plata La Voz del Pueblo Con el regreso de Marcelo González al Turismo Nacional, el automovilismo tresarroyense volverá a tener representación este fin de semana en el plano más importante del país. Después de haber estado ausente en la competencia de San Luis, González ... Jornada de protestas en La Plata: sindicatos marcharon a la ... Ambito.com Judiciales, Profesionales de la Salud y empleados estatales de áreas descentralizadas marcharon a la ciudad de La Plata para reclamar al Gobierno de María Eugenia Vidal que mejore la oferta salarial y reabra las paritarias, en una jornada de protesta ...y más » Paul McCartney: últimas entradas para verlo en Córdoba y en La Plata LA NACION (Argentina) Falta poco para que llegue Paul McCartney, a la Argentina. Foto: Archivo. 0. Los dos grandes momentos en toda venta de entradas de un show del tamaño del que ofrecerá Paul McCartney este domingo en Córdoba y el próximo martes 17 y jueves 19 en el ... Insólito pedido de McCartney para su show en La Plata24con.comlos 75 artíc Dueños de La Plata Olé El Pincha se quedó con el clásico platense de la Reserva tras vencer 1-0 a Gimnasia con gol de Facundo Quintana, en Estancia Chica. Publicado el 11-05-2016. El festejo del Pincha tras la victoria por 1-0 sobre Gimnasia en la Reserva. 0. 1 ...y más » Una epidemia de piquetes en La Plata Sin Mordaza El tránsito en el centro estuvo otra vez muy ajetreado. Para hoy se espera otra jornada de cortes, piquetes y movilizaciones. La ciudad volvió a ser rehén de los cortes de calle y en horas pico trasladarse por el centro fue prácticamente imposible ...y más » Robledo Puch podría venir a una granja evangélica en La Plata Diario El Día Carlos Eduardo Robledo Puch, el máximo asesino de la historia criminal argentina, fue trasladado ayer desde el penal de Sierra Chica a la Asesoría Pericial de San Isidro para ser sometido a estudios médicos en el marco de su pedido para abandonar la ...y más » El Naranja sueña con definir la serie en La Plata Los Andes (Argentina) Desde las 21.30, en City Bell, Rivadavia y Estudiantes jugarán el cuarto capítulo de la serie semifinal. Un triunfo del Naranja define la llave. De lo contrario, habrá 5to. juego. imagen. El pivot del Centro Deportivo Rivadavia, Abel Trejo, tapa el ... El financista escondía la plata en habitaciones ocultas detrás de ... TN.com.ar Dos perros de prefectura rastrearon los escondites en la casa de Guillermo Greppi que fue allanada anoche. Le secuestraron 1.600.000 dólares y 2.000.000 de pesos en el baño. Martes 10 de Mayo de 2016 | 20:11 Play EN ACCIÓN. Uno de los perros de ... El financista Greppi: &quot;tenía la plata en el baño, no es ningún delito&quot;ARG Noticias (Comunicado de p Contundente cartel en casa de La Plata: &quot;Ya no hay nada más para ... Crónica En la localidad bonaerense de City Bell, cansados de los reiterados asaltos, una pareja dejó un claro mensaje a los ladrones en la puerta de su vivienda: &quot;Aviso. Ya no tenemos computadora, cámara, videos y menos gas (ni para tomar un café caliente)&quot;.y más » Desde La Plata a la web, contra los estereotipos Diario El Día Mientras la tevé pierde día a día audiencia, internet se construye con cada segundo como el medio del presente y el futuro. Y no sólo surgen del medio estrellas que padres y abuelos no comprenden (¿qué hace, exactamente, un youtuber?) sino que ... &quot;Hay que potenciar el perfil productivo de La Plata&quot; Diario El Día &quot;Siempre nos han escuchado decir que La Plata es una Ciudad administrativa, por ser la capital provincial, y una Ciudad universitaria, pero que tiene un enorme perfil productivo que, insistimos, hay que potenciar, al igual que en materia de turismo y ... Como el tango: hormigas del Río de la Plata invaden el mundo LA NACION (Argentina) Hormigas de fuego. Foto: Alex Wild. 0. Las hormigas más invasivas del mundo se originaron en la cuenca del Rio de la Plata, igual que el tango. Pero paso a paso, con la ayuda del comercio global, el turismo y el calentamiento climático, en los últimos ... Las hormigas del Río de la Plata suponen una amenaza para el ...Pueblo en linealos 4 artículos i 
</topic_text>
<spam_score>0.00</spam_score>
<post_num>1</post_num>
<post_id>post-1</post_id>
<post_url>http://www.newslocker.com/es-ar/region/la-plata/una-final-contra-boca-en-la-plata-y-con-la-ilusin-de-volver-a-ganar-diario-hoy-argentina/</post_url>
<post_date>20160512</post_date>
<post_time></post_time>
<username></username>
<post>
Una final contra Boca, en La Plata y con la ilusión de volver a ganar Diario Hoy (Argentina) Tras muchas idas y vueltas, y una gestión que no terminaba de cerrarse con varios actores protagónicos, la dirigencia de Estudiantes logró que el partido ante Boca no tenga que trasladarse a Avellaneda tal cual se había gestionado en el comienzo de la ...y más » Según sofisticado estudio en La Plata los precios aumentaron un 3 ... LaPlataYa El Centro de Investigaciones “Dr. Carlos Sánchez Viamonte” a través de su observatorio de la ciudad de La Plata emitió su informe mensual de variaciones de precios durante Abril del 2016 de 55 productos de la Canasta Básica de consumo de los ... La Plata: murió japonés accidentado en el parque temático El Intransigente BUENOS AIRES (DyN) - El hombre de nacionalidad japonesa que el domingo último sufrió fractura de cráneo al accidentarse en uno de los juegos del parque temático &quot;República de los Niños&quot;, en la localidad bonaerense de Gonnet, partido de La Plata, ...y más » La Plata tendrá su &quot;Parlamento de la Juventud&quot; en el Concejo LaNoticia1.com El HCD platense aprobó la ordenanza para crear el &quot;Parlamento de la Juventud&quot;, que permitirá a los estudiantes, de escuelas públicas y privadas, conocer el funcionamiento parlamentario, iniciar debates constructivos y elaborar propuestas que aborden ... (Audio) En La Plata, un Parlamento Juvenil elevará proyectos para ...Impulso Baireslos 2 artículos informat Tenían la plata en las paredes El Liberal Digital Los investigadores tenían conocimiento de que en la casa había mucho dinero, por lo que requisaron cada rincón de la vivienda. Al ver que la búsqueda no estaba dando los frutos esperados, los astutos sabuesos comenzaron a requisar las paredes. Chumbita viajó a La Plata y sueña El Ancasti Editorial Carlos &quot;Caballero Azul&quot; Chumbita (15-5 con 6 Ko) viajó este miércoles 11 a la ciudad de La Plata, donde mañana viernes 13 enfrentará al español Ceferino &quot;Ferino V&quot; Rodríguez (21-1 con 11 Ko). Ilusionado, el púgil viajó acompañado de su DT, Luis Soto, ... La Plata se quedó con el primer juego Diario El Día En el estadio del Club de Social Alejandro Korn, el seleccionado de La Plata se quedó con el primer partido del torneo Zonal clasificatorio al Provincial de Mayores de básquet. El conjunto platense, dirigido técnicamente por Guillermo Ciappina, venció ...y más » Miles de trabajadores se movilizaron en La Plata contra el ajuste de ... La Izquierda Diario Ayer 10 mil trabajadores entre los que se encontraban judiciales, médicos, docentes y obreros del Astillero marcharon en reclamo de aumento salarial y contra el ajuste del gobierno. Redacción La Plata. Jueves 12 de mayo de 2016 | Edición del día ... Sindicatos se movilizaron en La PlataInfoRegión Médicos y judiciales de Quilmes marchan r Condena xenófoba y discriminatoria para una travesti en La Plata La Izquierda Diario Claudia, travesti acusada por la supuesta venta de drogas en la zona roja de esa ciudad, fue condenada a una pena de 5 años y 3 meses por el Tribunal Oral en lo Criminal I, a cargo del juez Juan José Ruiz. El agravante radica en que Claudia es de ...y más » Programa del jueves 12 de mayo en La Plata Clarín.com Se deja expresamente aclarado que los comentarios realizados en los espacios de participación del Sitio son de exclusiva responsabilidad de sus autores, pudiendo estos ser pasibles de sanciones legales. Los comentarios que fueran violatorios de los ...y más » En La Plata avanza la formalización de microemprendedores y ... Infoblancosobrenegro Más de 900 emprendedores ya se inscribieron en el actual registro municipal y forman parte de las iniciativas para formalizar y optimizar sus actividades. La Municipalidad firmó un convenio con la UNLP y lanzó el portal de desarrollo ...y más » González dirá presente en La Plata La Voz del Pueblo Con el regreso de Marcelo González al Turismo Nacional, el automovilismo tresarroyense volverá a tener representación este fin de semana en el plano más importante del país. Después de haber estado ausente en la competencia de San Luis, González ... Jornada de protestas en La Plata: sindicatos marcharon a la ... Ambito.com Judiciales, Profesionales de la Salud y empleados estatales de áreas descentralizadas marcharon a la ciudad de La Plata para reclamar al Gobierno de María Eugenia Vidal que mejore la oferta salarial y reabra las paritarias, en una jornada de protesta ...y más » Paul McCartney: últimas entradas para verlo en Córdoba y en La Plata LA NACION (Argentina) Falta poco para que llegue Paul McCartney, a la Argentina. Foto: Archivo. 0. Los dos grandes momentos en toda venta de entradas de un show del tamaño del que ofrecerá Paul McCartney este domingo en Córdoba y el próximo martes 17 y jueves 19 en el ... Insólito pedido de McCartney para su show en La Plata24con.comlos 75 artíc Dueños de La Plata Olé El Pincha se quedó con el clásico platense de la Reserva tras vencer 1-0 a Gimnasia con gol de Facundo Quintana, en Estancia Chica. Publicado el 11-05-2016. El festejo del Pincha tras la victoria por 1-0 sobre Gimnasia en la Reserva. 0. 1 ...y más » Una epidemia de piquetes en La Plata Sin Mordaza El tránsito en el centro estuvo otra vez muy ajetreado. Para hoy se espera otra jornada de cortes, piquetes y movilizaciones. La ciudad volvió a ser rehén de los cortes de calle y en horas pico trasladarse por el centro fue prácticamente imposible ...y más » Robledo Puch podría venir a una granja evangélica en La Plata Diario El Día Carlos Eduardo Robledo Puch, el máximo asesino de la historia criminal argentina, fue trasladado ayer desde el penal de Sierra Chica a la Asesoría Pericial de San Isidro para ser sometido a estudios médicos en el marco de su pedido para abandonar la ...y más » El Naranja sueña con definir la serie en La Plata Los Andes (Argentina) Desde las 21.30, en City Bell, Rivadavia y Estudiantes jugarán el cuarto capítulo de la serie semifinal. Un triunfo del Naranja define la llave. De lo contrario, habrá 5to. juego. imagen. El pivot del Centro Deportivo Rivadavia, Abel Trejo, tapa el ... El financista escondía la plata en habitaciones ocultas detrás de ... TN.com.ar Dos perros de prefectura rastrearon los escondites en la casa de Guillermo Greppi que fue allanada anoche. Le secuestraron 1.600.000 dólares y 2.000.000 de pesos en el baño. Martes 10 de Mayo de 2016 | 20:11 Play EN ACCIÓN. Uno de los perros de ... El financista Greppi: &quot;tenía la plata en el baño, no es ningún delito&quot;ARG Noticias (Comunicado de p Contundente cartel en casa de La Plata: &quot;Ya no hay nada más para ... Crónica En la localidad bonaerense de City Bell, cansados de los reiterados asaltos, una pareja dejó un claro mensaje a los ladrones en la puerta de su vivienda: &quot;Aviso. Ya no tenemos computadora, cámara, videos y menos gas (ni para tomar un café caliente)&quot;.y más » Desde La Plata a la web, contra los estereotipos Diario El Día Mientras la tevé pierde día a día audiencia, internet se construye con cada segundo como el medio del presente y el futuro. Y no sólo surgen del medio estrellas que padres y abuelos no comprenden (¿qué hace, exactamente, un youtuber?) sino que ... &quot;Hay que potenciar el perfil productivo de La Plata&quot; Diario El Día &quot;Siempre nos han escuchado decir que La Plata es una Ciudad administrativa, por ser la capital provincial, y una Ciudad universitaria, pero que tiene un enorme perfil productivo que, insistimos, hay que potenciar, al igual que en materia de turismo y ... Como el tango: hormigas del Río de la Plata invaden el mundo LA NACION (Argentina) Hormigas de fuego. Foto: Alex Wild. 0. Las hormigas más invasivas del mundo se originaron en la cuenca del Rio de la Plata, igual que el tango. Pero paso a paso, con la ayuda del comercio global, el turismo y el calentamiento climático, en los últimos ... Las hormigas del Río de la Plata suponen una amenaza para el ...Pueblo en linealos 4 artículos i 
</post>
<signature>

</signature>
<external_links>

</external_links>
<country>NL</country>
<main_image>http://diariohoy.net/adjuntos/galerias/000/158/0000158809.jpg</main_image>
</document>
