<?xml version="1.0" encoding="UTF-8"?>
<document>
<type>mainstream</type>
<forum></forum>
<forum_title></forum_title>
<discussion_title>Konsep berkesenian di mata Agus Noor - Merawat Indonesia</discussion_title>
<language>indonesian</language>
<gmt_offset></gmt_offset>
<topic_url>https://beritagar.id/artikel/seni-hiburan/konsep-berkesenian-di-mata-agus-noor</topic_url>
<topic_text>
12:00 WIB - Kamis , 12 Mei 2016 0 SEBARAN UNTUK INFORMASI LEBIH LENGKAP, IKUTI KAMI DI MEDIA SOSIAL Agus Noor © Andreas /Andreas &quot;Sudah bukan zamannya lagi seorang maestro kebudayaan terasing dengan kreativitasnya sendiri karena tidak mau menerima perubahan,&quot; Agus Noor. 
Kiprahnya di bidang seni sudah tak perlu lagi dipertanyakan. Walaupun lahir dari latar belakang pendidikan teater, Agus juga aktif menulis dan produktif dalam menghasilkan karya sastra serta skenario berbagai pertunjukan. 
Setelah sukses dengan kelompok Teater Gandrik di Yogyakarta, Agus Noor bersama dengan Djaduk Ferianto dan Butet Kartaredjasa kembali mendulang sukses lewat sebuah program seni budaya, Indonesia Kita. 
Melalui Program Indonesia Kita, tiga serangkai yang berada di balik proses kreatif setiap pertunjukan Indonesia Kita ingin menunjukan kepada masyarakat bahwa sejatinya kebudayaan dan kesenian bisa lahir dalam berbagai bentuk. 
Menurut Agus, bicara berkesenian dan kebudayaan maka tidak akan terlepas dari selera. Baginya, tidak ada yang salah jika anak-anak muda yang besar saat ini tidak menyukai musik keroncong gaya lama. Buat Agus, selama masih mengusung nafas budaya Indonesia, maka dalam bentuk apapun seni terlahir, tetap harus dihargai. 
&quot;Bagi saya, kebudayaan merupakan sebuah kata kerja. Kebudayaan itu sesuatu yang dinamis, bisa bergerak dan tumbuh. Bukannya sesuatu yang statis,&quot; ujar Agus pada tim Beritagar.id dalam sebuah kesempatan. 
Agus menyebut salah satu kelompok seni di Yogyakarta yang tergabung dalam kelompok dalam Jogja Hip Hop Foundation sebagai salah satu contoh evolusi kebudayaan. &quot;Kesenian yang mereka tunjukan memang sangat modern. Mereka memilih jalur hip hop, tapi terlepas dari itu, materi yang mereka bawakan sangat erat dan kental dengan budaya Jawa. Mereka menawarkan konten lokal dalam kemasan modern. Bagi saya sah-sah saja berkesenian seperti mereka,&quot; ungkapnya. 
Agus mengatakan bahwa saat ini sudah bukan masanya lagi seorang maestro kebudayaan justru menjadi terasing dengan kreativitasnya sendiri karena tidak mau menerima perubahan yang terjadi di masyarakat. &quot;Cara untuk membuat kebudayaan berkembang adalah dengan membiarkan kebudayaan tersebut berevolusi,&quot; jelas Agus. 
Musik, sastra, dan budaya, tiga komponen tersebut sangat erat dengan setiap pertunjukan Indonesia Kita. Menurut Agus, musik adalah komponen penting dalam sebuah tatanan masyarakat. Bahkan, ia mengatakan bahwa selain terikat dengan bahasa, hal lain yang bisa membuat masyarakat Indonesia merasa satu bangsa adalah karena masyarakat masih mendengarkan satu musik yang sama. 
Oleh karena itu, musik juga menjadi salah satu komponen penting dalam Indonesia Kita. Bagi Anda pencinta teater, jangan sampai melewatkan rangkaian pertunjukan Indonesia Kita tahun ini. 
Dengan mengusung tema &quot; Heritage of Indonesia : Dari Warisan Menjadi Wawasan&quot;, Indonesia Kita akan memulai pertunjukan ke-19 dengan judul &quot;Komedi Tali Jodo&quot;. Pertunjukan tersebut dijadwalkan pentas pada tanggal 27--28 Mei 2016, pukul 20.00 WIB di Graha Bhakti Budaya, Taman Ismail Marzuki, Jakarta. Untuk informasi lebih lanjut tentang pertunjukan Indonesia Kita, Anda bisa kunjungi tautan berikut atau ikuti akun Twitter @InfoKAYAN. Catatan redaksi: Beritagar.id merupakan mitra media Indonesia Kita 2016 
</topic_text>
<spam_score>0.00</spam_score>
<post_num>1</post_num>
<post_id>post-1</post_id>
<post_url>https://beritagar.id/artikel/seni-hiburan/konsep-berkesenian-di-mata-agus-noor</post_url>
<post_date>20160512</post_date>
<post_time></post_time>
<username>Konten Pemasaran</username>
<post>
12:00 WIB - Kamis , 12 Mei 2016 0 SEBARAN UNTUK INFORMASI LEBIH LENGKAP, IKUTI KAMI DI MEDIA SOSIAL Agus Noor © Andreas /Andreas &quot;Sudah bukan zamannya lagi seorang maestro kebudayaan terasing dengan kreativitasnya sendiri karena tidak mau menerima perubahan,&quot; Agus Noor. 
Kiprahnya di bidang seni sudah tak perlu lagi dipertanyakan. Walaupun lahir dari latar belakang pendidikan teater, Agus juga aktif menulis dan produktif dalam menghasilkan karya sastra serta skenario berbagai pertunjukan. 
Setelah sukses dengan kelompok Teater Gandrik di Yogyakarta, Agus Noor bersama dengan Djaduk Ferianto dan Butet Kartaredjasa kembali mendulang sukses lewat sebuah program seni budaya, Indonesia Kita. 
Melalui Program Indonesia Kita, tiga serangkai yang berada di balik proses kreatif setiap pertunjukan Indonesia Kita ingin menunjukan kepada masyarakat bahwa sejatinya kebudayaan dan kesenian bisa lahir dalam berbagai bentuk. 
Menurut Agus, bicara berkesenian dan kebudayaan maka tidak akan terlepas dari selera. Baginya, tidak ada yang salah jika anak-anak muda yang besar saat ini tidak menyukai musik keroncong gaya lama. Buat Agus, selama masih mengusung nafas budaya Indonesia, maka dalam bentuk apapun seni terlahir, tetap harus dihargai. 
&quot;Bagi saya, kebudayaan merupakan sebuah kata kerja. Kebudayaan itu sesuatu yang dinamis, bisa bergerak dan tumbuh. Bukannya sesuatu yang statis,&quot; ujar Agus pada tim Beritagar.id dalam sebuah kesempatan. 
Agus menyebut salah satu kelompok seni di Yogyakarta yang tergabung dalam kelompok dalam Jogja Hip Hop Foundation sebagai salah satu contoh evolusi kebudayaan. &quot;Kesenian yang mereka tunjukan memang sangat modern. Mereka memilih jalur hip hop, tapi terlepas dari itu, materi yang mereka bawakan sangat erat dan kental dengan budaya Jawa. Mereka menawarkan konten lokal dalam kemasan modern. Bagi saya sah-sah saja berkesenian seperti mereka,&quot; ungkapnya. 
Agus mengatakan bahwa saat ini sudah bukan masanya lagi seorang maestro kebudayaan justru menjadi terasing dengan kreativitasnya sendiri karena tidak mau menerima perubahan yang terjadi di masyarakat. &quot;Cara untuk membuat kebudayaan berkembang adalah dengan membiarkan kebudayaan tersebut berevolusi,&quot; jelas Agus. 
Musik, sastra, dan budaya, tiga komponen tersebut sangat erat dengan setiap pertunjukan Indonesia Kita. Menurut Agus, musik adalah komponen penting dalam sebuah tatanan masyarakat. Bahkan, ia mengatakan bahwa selain terikat dengan bahasa, hal lain yang bisa membuat masyarakat Indonesia merasa satu bangsa adalah karena masyarakat masih mendengarkan satu musik yang sama. 
Oleh karena itu, musik juga menjadi salah satu komponen penting dalam Indonesia Kita. Bagi Anda pencinta teater, jangan sampai melewatkan rangkaian pertunjukan Indonesia Kita tahun ini. 
Dengan mengusung tema &quot; Heritage of Indonesia : Dari Warisan Menjadi Wawasan&quot;, Indonesia Kita akan memulai pertunjukan ke-19 dengan judul &quot;Komedi Tali Jodo&quot;. Pertunjukan tersebut dijadwalkan pentas pada tanggal 27--28 Mei 2016, pukul 20.00 WIB di Graha Bhakti Budaya, Taman Ismail Marzuki, Jakarta. Untuk informasi lebih lanjut tentang pertunjukan Indonesia Kita, Anda bisa kunjungi tautan berikut atau ikuti akun Twitter @InfoKAYAN. Catatan redaksi: Beritagar.id merupakan mitra media Indonesia Kita 2016 
</post>
<signature>

</signature>
<external_links>

</external_links>
<country>ID</country>
<main_image>https://aws-dist.brta.in/2016-05/thumbnail_600_315/1463022418_18aa06714ceadb756c2453ad269210c9.jpg</main_image>
</document>
