<?xml version="1.0" encoding="UTF-8"?>
<document>
<type>mainstream</type>
<forum>http://www.herefordtimes.com/news/regional/west_midlands/rss/</forum>
<forum_title>Hereford Times | West Midlands</forum_title>
<discussion_title>Big-hearted Dudley nurses to stage charity night in memory of &quot;inspirational&quot; Ivan Partridge</discussion_title>
<language>english</language>
<gmt_offset></gmt_offset>
<topic_url>http://www.herefordtimes.com/news/regional/west_midlands/14489576.Big_hearted_Dudley_nurses_to_stage_charity_night_in_memory_of__quot_inspirational_quot__Ivan_Partridge/?ref=rss</topic_url>
<topic_text>
0 comments 
A GROUP of big-hearted borough nurses are organising a charity night in memory of &quot;inspirational&quot; Ivan Partridge. 
Members of staff at the Dudley Group of hospitals are putting on a fundraising night at the Dudley Arms at Himley on July 29 in aid of Mary Stevens Hospice - to help keep the memory and good will of the selfless fundraiser alive. 
Mr Partridge, aged 55, from Quarry Bank, died on March 25 after a year-long battle with cancer - having dedicated his final months to raising funds for the hospice. 
The father-of-three raised nearly £6,000 by putting on a charity night at The Laurels in Colley Gate and asking for donations instead of gifts at his wedding to partner Yvonne in August 2015. 
Such was his determination to help the Oldswinford charity, even after undergoing life-changing facial surgery to try and beat the disease, that nurses Gayle Smith from Kingswinford and Bev Clarke from Gornal who work with Ivan&apos;s widow at Russells Hall Hospital want to help keep his memory alive and continue the fundraising for the hospice. 
Gayle, a staff nurse in the outpatients department, said: &quot;We just wanted to do something for Yvonne and for Ivan; he was a lovely man. All the nurses in outpatients are helping, so it&apos;s a team effort. We want to raise awareness and raise as much as we can.&quot; 
Yvonne, a clinical support worker at the hospital, said: &quot;I&apos;ve had the most fantastic support from the girls that I work with. They&apos;re absolutely amazing. I&apos;m really lucky to have their support.&quot; 
The charity night at the Dudley Arms will include a buffet, disco and a raffle. 
Any businesses wishing to donate prizes are invited to contact Gayle Smith on 01384 456111 (extension 2407). 
Tickets for the event cost £10 (and include the buffet) and are available from Gayle on the number above. Share:
</topic_text>
<spam_score>0.00</spam_score>
<post_num>1</post_num>
<post_id>post-1</post_id>
<post_url>http://www.herefordtimes.com/news/regional/west_midlands/14489576.Big_hearted_Dudley_nurses_to_stage_charity_night_in_memory_of__quot_inspirational_quot__Ivan_Partridge/?ref=rss</post_url>
<post_date>20160512</post_date>
<post_time>1538</post_time>
<username></username>
<post>
0 comments 
A GROUP of big-hearted borough nurses are organising a charity night in memory of &quot;inspirational&quot; Ivan Partridge. 
Members of staff at the Dudley Group of hospitals are putting on a fundraising night at the Dudley Arms at Himley on July 29 in aid of Mary Stevens Hospice - to help keep the memory and good will of the selfless fundraiser alive. 
Mr Partridge, aged 55, from Quarry Bank, died on March 25 after a year-long battle with cancer - having dedicated his final months to raising funds for the hospice. 
The father-of-three raised nearly £6,000 by putting on a charity night at The Laurels in Colley Gate and asking for donations instead of gifts at his wedding to partner Yvonne in August 2015. 
Such was his determination to help the Oldswinford charity, even after undergoing life-changing facial surgery to try and beat the disease, that nurses Gayle Smith from Kingswinford and Bev Clarke from Gornal who work with Ivan&apos;s widow at Russells Hall Hospital want to help keep his memory alive and continue the fundraising for the hospice. 
Gayle, a staff nurse in the outpatients department, said: &quot;We just wanted to do something for Yvonne and for Ivan; he was a lovely man. All the nurses in outpatients are helping, so it&apos;s a team effort. We want to raise awareness and raise as much as we can.&quot; 
Yvonne, a clinical support worker at the hospital, said: &quot;I&apos;ve had the most fantastic support from the girls that I work with. They&apos;re absolutely amazing. I&apos;m really lucky to have their support.&quot; 
The charity night at the Dudley Arms will include a buffet, disco and a raffle. 
Any businesses wishing to donate prizes are invited to contact Gayle Smith on 01384 456111 (extension 2407). 
Tickets for the event cost £10 (and include the buffet) and are available from Gayle on the number above. Share:
</post>
<signature>

</signature>
<external_links>

</external_links>
<country>GB</country>
<main_image>http://www.herefordtimes.com/resources/images/5057130/</main_image>
</document>
