<?xml version="1.0" encoding="UTF-8"?>
<document>
<type>mainstream</type>
<forum>http://www.mittelbayerische.de/rss/panorama/news.xml</forum>
<forum_title>Panorama</forum_title>
<discussion_title>Antrieb für Hyperloop besteht Test</discussion_title>
<language>german</language>
<gmt_offset></gmt_offset>
<topic_url>http://www.mittelbayerische.de/panorama-nachrichten/antrieb-fuer-hyperloop-besteht-test-21934-art1378102.html</topic_url>
<topic_text>
Rohrtransport-System Antrieb für Hyperloop besteht Test Ein übergroßer Schlitten auf Gleisen wurde bei Las Vegas binnen einer Sekunde auf gut 160 Stundenkilometer beschleunigt. 12. Mai 2016 15:07 Uhr Spektakulär: Eine Art übergroßer Schlitten auf Gleisen wurde binnen einer Sekunde auf eine Geschwindigkeit gut 160 Stundenkilometer beschleunigt. Foto: Hyperloop One Mehr zum Thema Tesla-Chef verkündet Ende des Lenkrads Las Vegas. Ein Sandhaufen musste das Gefährt in der Wüste in der Nähe von Las Vegas stoppen, weil das Bremssystem noch nicht fertig ist. Hyperloop One, eines von mehreren Unternehmen, die das System entwickeln, veröffentlichte in der Nacht zum Donnerstag ein Video des Tests. Das von Milliardär Elon Musk vorgeschlagene Transportsystem erinnert an eine überdimensionale Rohrpost, mit der Menschen und Lasten mit einer Geschwindigkeit von bis zu 1200 Kilometern pro Stunde befördert werden sollen. Das soll unter anderem durch die aerodynamische Form der Wagen und den niedrigen Luftdruck möglich werden. Etwa zum Jahr 2020 soll das System fertig sein. Im Gespräch ist von Anfang an eine Strecke zwischen San Francisco und Los Angeles. Die rivalisierende Firma Hyperloop Transportation Technologies prüft in Europa eine Verbindung zwischen Wien und Bratislava. Skeptiker zweifeln nach wie vor an einem wirtschaftlichen Betrieb.
</topic_text>
<spam_score>0.00</spam_score>
<post_num>1</post_num>
<post_id>post-1</post_id>
<post_url>http://www.mittelbayerische.de/panorama-nachrichten/antrieb-fuer-hyperloop-besteht-test-21934-art1378102.html</post_url>
<post_date>20160512</post_date>
<post_time>1307</post_time>
<username></username>
<post>
Rohrtransport-System Antrieb für Hyperloop besteht Test Ein übergroßer Schlitten auf Gleisen wurde bei Las Vegas binnen einer Sekunde auf gut 160 Stundenkilometer beschleunigt. 12. Mai 2016 15:07 Uhr Spektakulär: Eine Art übergroßer Schlitten auf Gleisen wurde binnen einer Sekunde auf eine Geschwindigkeit gut 160 Stundenkilometer beschleunigt. Foto: Hyperloop One Mehr zum Thema Tesla-Chef verkündet Ende des Lenkrads Las Vegas. Ein Sandhaufen musste das Gefährt in der Wüste in der Nähe von Las Vegas stoppen, weil das Bremssystem noch nicht fertig ist. Hyperloop One, eines von mehreren Unternehmen, die das System entwickeln, veröffentlichte in der Nacht zum Donnerstag ein Video des Tests. Das von Milliardär Elon Musk vorgeschlagene Transportsystem erinnert an eine überdimensionale Rohrpost, mit der Menschen und Lasten mit einer Geschwindigkeit von bis zu 1200 Kilometern pro Stunde befördert werden sollen. Das soll unter anderem durch die aerodynamische Form der Wagen und den niedrigen Luftdruck möglich werden. Etwa zum Jahr 2020 soll das System fertig sein. Im Gespräch ist von Anfang an eine Strecke zwischen San Francisco und Los Angeles. Die rivalisierende Firma Hyperloop Transportation Technologies prüft in Europa eine Verbindung zwischen Wien und Bratislava. Skeptiker zweifeln nach wie vor an einem wirtschaftlichen Betrieb.
</post>
<signature>

</signature>
<external_links>

</external_links>
<country>DE</country>
<main_image>http://www.mittelbayerische.de/imgserver/_thumbnails/images/34/3278700/3278710/fb_1200x.jpg</main_image>
</document>
