<?xml version="1.0" encoding="UTF-8"?>
<document>
<type>mainstream</type>
<forum>http://www.smh.com.au/business/opinion/</forum>
<forum_title>Comment &amp;amp; Analysis</forum_title>
<discussion_title>Interest rate cuts - the only thing that really matters</discussion_title>
<language>english</language>
<gmt_offset></gmt_offset>
<topic_url>http://www.smh.com.au/business/the-economy/interest-rate-cuts--the-only-thing-that-really-matters-20160511-gosbsi.html</topic_url>
<topic_text>
Don&apos;t Play Replay Replay Video Icon Player help icon Return to video Video settings Please Log in to update your video settings
Video will begin in 5 seconds.
Don&apos;t play Play now More video Recommended Election 2016: birthday boy breaks the rules
Is this the cutest guide to tax avoidance?
Election 2016: Malcolm to the rescue
Brandis &apos;unapologetic&apos; about &apos;boat jihadis&apos; arrest
Shorten repudiates &apos;Nazi&apos; comment candidate
Replay video Return to video Video settings Please Log in to update your video settings
Interest rates could change again What&apos;ll be the political impact of another rate cut as we approach an election? Chief political correspondent Mark Kenny explains.
PT1M23S 620 349 Talk about a paradox. The Reserve Bank cut interest rates to an unthinkably low 1.75 per cent in response to fears Australia would be infected by the global deflation pandemic. But rather than induce consumer panic, the move has prompted a massive improvement in consumer sentiment.
It just goes to show that consumers are far more concerned about their own personal financial positions than the broader economy.
Supporting this view has been a staggering 15 per cent increase in the confidence of those who currently have a mortgage.
Last week&apos;s rate cut has buoyed consumer sentiment. Photo: Bloomberg
One can only imagine those few respondents that have money on deposits and no mortgage might be equally (un)impressed. The sentiment index for home owners without a mortgage was down in May relative to May last year.
Advertisement But mortgage holders have comprehensively trumped the glass-half-full respondents. Our confidence levels are now the highest they have been for more than two years.
The results of the Westpac/Melbourne Institute consumer sentiment index for April - a survey that covers both the federal budget and the rate cut - suggest that little of this consumer euphoria has to do with anything that was delivered by Treasurer Scott Morrison.
Consumer confidence climbed this month as Aussies cheered a rate cut. Photo: Westpac-Melbourne Institute
It is not unusual for consumers to take a pretty negative view of how they fared in budgets. In this survey &quot;What impact do you expect the Federal Budget to have on your family finances over the next 12 months?&quot;, the net percentage (deterioration) was minus 22.4 per cent, compared with minus 22.5 per cent in 2015 and a whopping minus 56.1 per cent after Joe Hockey&apos;s chainsaw budget in 2014, according to Westpac economist Bill Evans.
Nor has the impending election, which normally rattles the community, had much of an effect.
Instead, the mortgage-holding public has breathed an overwhelming collective sigh of relief that, A) the interest rate payments will go down and B) the value of their house might continue to rise, or is at least less likely to fall. And the fact that the three of four major banks decided to pass on these cuts in full (ANZ reduced rates by 19 basis points) quite quickly helps explain why the index relating to the view of family finances over the next 12 months also rose solidly.
Consumers were also feeling reasonably optimistic about their employment. There was a 5.8 per cent fall in the Westpac/Melbourne Institute Index of Unemployment Expectations - which is now at its second lowest level since January 2012.
A deeper drill into the statistics reveals men are significantly more confident than women, the 25 to 44 year olds rank better in terms of sentiment than those younger or older and those households earning between $80,000 and $100,000 a year register more positive sentiment than those that earn more or less. And Coalition voters rate significantly ahead of ALP voters.
Consumers have shrugged off the headline-grabbing unprecedented low levels of inflation - those that jolted the RBA to cut rates last week in order to stimulate demand. The survey showed the view on the economic outlook was very positive with the all-telling &apos;time to buy a major household item&apos; measure increasing by 4.9 per cent.
Illustration: John Shakespeare
If confidence remains elevated for a while - and there is no guarantee that it will - various retailers and retail services companies (like airlines) might find some pick up, or at least some relief over the coming months.
According to research group Capital Economics, &quot;the rise in confidence suggests that the probable easing in real consumption growth in the first quarter may not be sustained.
&quot;Indeed, at face value, this survey is consistent with consumption growing by between 2.5 per cent and 3 per cent per annum in the second quarter – much the same as at the end of last year.&quot;
But Wednesday&apos;s sentiment numbers may not prove to be long lasting. This index is notorious for jumping around and the most recent could just be a knee-jerk reaction to the rates decision and the initial flourish of economist commentary that another interest rate cut is likely to be made again in August - the first RBA meeting after the federal election.
And the jump in sentiment probably won&apos;t be enough to silence a range of RBA critics who maintain a 25 basis point cut to interests rates won&apos;t t move the dial on fighting low inflation and that the central bank should keep its interest rate powder dry.
BT Investment management&apos;s head of income and fixed interest, Vimal Gor on Wednesday joined the chorus of RBA doubters, suggesting to the Financial Review that our central bank has no control of commodity prices or over capacity in Chinese and Japanese markets.
He reckons markets are not convinced central banks can lift prices though easier monetary settings - ie super low or negative interest rates.
We will need to see how consumer sentiment pans out over the next few months to see whether consumers prove these economists wrong.
</topic_text>
<spam_score>0.00</spam_score>
<post_num>1</post_num>
<post_id>post-1</post_id>
<post_url>http://www.smh.com.au/business/the-economy/interest-rate-cuts--the-only-thing-that-really-matters-20160511-gosbsi.html</post_url>
<post_date>20160511</post_date>
<post_time></post_time>
<username></username>
<post>
Don&apos;t Play Replay Replay Video Icon Player help icon Return to video Video settings Please Log in to update your video settings
Video will begin in 5 seconds.
Don&apos;t play Play now More video Recommended Election 2016: birthday boy breaks the rules
Is this the cutest guide to tax avoidance?
Election 2016: Malcolm to the rescue
Brandis &apos;unapologetic&apos; about &apos;boat jihadis&apos; arrest
Shorten repudiates &apos;Nazi&apos; comment candidate
Replay video Return to video Video settings Please Log in to update your video settings
Interest rates could change again What&apos;ll be the political impact of another rate cut as we approach an election? Chief political correspondent Mark Kenny explains.
PT1M23S 620 349 Talk about a paradox. The Reserve Bank cut interest rates to an unthinkably low 1.75 per cent in response to fears Australia would be infected by the global deflation pandemic. But rather than induce consumer panic, the move has prompted a massive improvement in consumer sentiment.
It just goes to show that consumers are far more concerned about their own personal financial positions than the broader economy.
Supporting this view has been a staggering 15 per cent increase in the confidence of those who currently have a mortgage.
Last week&apos;s rate cut has buoyed consumer sentiment. Photo: Bloomberg
One can only imagine those few respondents that have money on deposits and no mortgage might be equally (un)impressed. The sentiment index for home owners without a mortgage was down in May relative to May last year.
Advertisement But mortgage holders have comprehensively trumped the glass-half-full respondents. Our confidence levels are now the highest they have been for more than two years.
The results of the Westpac/Melbourne Institute consumer sentiment index for April - a survey that covers both the federal budget and the rate cut - suggest that little of this consumer euphoria has to do with anything that was delivered by Treasurer Scott Morrison.
Consumer confidence climbed this month as Aussies cheered a rate cut. Photo: Westpac-Melbourne Institute
It is not unusual for consumers to take a pretty negative view of how they fared in budgets. In this survey &quot;What impact do you expect the Federal Budget to have on your family finances over the next 12 months?&quot;, the net percentage (deterioration) was minus 22.4 per cent, compared with minus 22.5 per cent in 2015 and a whopping minus 56.1 per cent after Joe Hockey&apos;s chainsaw budget in 2014, according to Westpac economist Bill Evans.
Nor has the impending election, which normally rattles the community, had much of an effect.
Instead, the mortgage-holding public has breathed an overwhelming collective sigh of relief that, A) the interest rate payments will go down and B) the value of their house might continue to rise, or is at least less likely to fall. And the fact that the three of four major banks decided to pass on these cuts in full (ANZ reduced rates by 19 basis points) quite quickly helps explain why the index relating to the view of family finances over the next 12 months also rose solidly.
Consumers were also feeling reasonably optimistic about their employment. There was a 5.8 per cent fall in the Westpac/Melbourne Institute Index of Unemployment Expectations - which is now at its second lowest level since January 2012.
A deeper drill into the statistics reveals men are significantly more confident than women, the 25 to 44 year olds rank better in terms of sentiment than those younger or older and those households earning between $80,000 and $100,000 a year register more positive sentiment than those that earn more or less. And Coalition voters rate significantly ahead of ALP voters.
Consumers have shrugged off the headline-grabbing unprecedented low levels of inflation - those that jolted the RBA to cut rates last week in order to stimulate demand. The survey showed the view on the economic outlook was very positive with the all-telling &apos;time to buy a major household item&apos; measure increasing by 4.9 per cent.
Illustration: John Shakespeare
If confidence remains elevated for a while - and there is no guarantee that it will - various retailers and retail services companies (like airlines) might find some pick up, or at least some relief over the coming months.
According to research group Capital Economics, &quot;the rise in confidence suggests that the probable easing in real consumption growth in the first quarter may not be sustained.
&quot;Indeed, at face value, this survey is consistent with consumption growing by between 2.5 per cent and 3 per cent per annum in the second quarter – much the same as at the end of last year.&quot;
But Wednesday&apos;s sentiment numbers may not prove to be long lasting. This index is notorious for jumping around and the most recent could just be a knee-jerk reaction to the rates decision and the initial flourish of economist commentary that another interest rate cut is likely to be made again in August - the first RBA meeting after the federal election.
And the jump in sentiment probably won&apos;t be enough to silence a range of RBA critics who maintain a 25 basis point cut to interests rates won&apos;t t move the dial on fighting low inflation and that the central bank should keep its interest rate powder dry.
BT Investment management&apos;s head of income and fixed interest, Vimal Gor on Wednesday joined the chorus of RBA doubters, suggesting to the Financial Review that our central bank has no control of commodity prices or over capacity in Chinese and Japanese markets.
He reckons markets are not convinced central banks can lift prices though easier monetary settings - ie super low or negative interest rates.
We will need to see how consumer sentiment pans out over the next few months to see whether consumers prove these economists wrong.
</post>
<signature>

</signature>
<external_links>

</external_links>
<country>AU</country>
<main_image>http://www.smh.com.au/content/dam/images/g/i/o/d/o/8/image.related.articleLeadwide.620x349.gosbsi.png/1462957720069.jpg</main_image>
</document>
