<?xml version="1.0" encoding="UTF-8"?>
<document>
<type>mainstream</type>
<forum></forum>
<forum_title></forum_title>
<discussion_title>Windows 10 Insider Preview Build 14342: the best is yet to come but we are getting close</discussion_title>
<language>english</language>
<gmt_offset></gmt_offset>
<topic_url>http://www.portableone.com/Tech-News/Windows-10-Insider-Preview-Build-14342-the-best-is-yet-to-come-but-we-are-getting-close</topic_url>
<topic_text>
| 0 comment(s) Windows 10 Insider Preview Build 14342: the best is yet to come but we are getting close Two days ago, Gabe Aul announced the release of Preview Build 14342 to fast ring insiders. This build is getting closer and closer to the Anniversary update due this Summer, and it’s very much focused on Microsoft Edge improvements, as well as Ubuntu, which has been introduced as a live subsystem “breathing” under Windows 10. Microsoft new flagship browser has gone through quite a few changes since its first inception, but the latest improvements come with a focus on security, and user experience. Browser extensions have been a hot topic, and when Microsoft Edge was first introduced, the tech giant seemed to be very firm about a pluginless free experience which would not require additional third party components. With that said, third party extensions play a crucial part in letting users customize their experience, and enhance it with new features. Up until now, Edge extensions have been able to load from a local folder, which is an inherent security risk. Starting from build 14342, extensions can be added and loaded from the Windows Store, for a more secure way to expand the browser’s functionality. By this token, all extensions added prior to this build will be removed, and will have to be reloaded from the Windows Store. AdBlock and AdBlock Plus are finally available as extensions for Microsoft Edge, allowing users to block in-page ads. Other extensions available are: Pin It Button, 
</topic_text>
<spam_score>0.00</spam_score>
<post_num>1</post_num>
<post_id>post-1</post_id>
<post_url>http://www.portableone.com/Tech-News/Windows-10-Insider-Preview-Build-14342-the-best-is-yet-to-come-but-we-are-getting-close</post_url>
<post_date>20160512</post_date>
<post_time></post_time>
<username></username>
<post>
| 0 comment(s) Windows 10 Insider Preview Build 14342: the best is yet to come but we are getting close Two days ago, Gabe Aul announced the release of Preview Build 14342 to fast ring insiders. This build is getting closer and closer to the Anniversary update due this Summer, and it’s very much focused on Microsoft Edge improvements, as well as Ubuntu, which has been introduced as a live subsystem “breathing” under Windows 10. Microsoft new flagship browser has gone through quite a few changes since its first inception, but the latest improvements come with a focus on security, and user experience. Browser extensions have been a hot topic, and when Microsoft Edge was first introduced, the tech giant seemed to be very firm about a pluginless free experience which would not require additional third party components. With that said, third party extensions play a crucial part in letting users customize their experience, and enhance it with new features. Up until now, Edge extensions have been able to load from a local folder, which is an inherent security risk. Starting from build 14342, extensions can be added and loaded from the Windows Store, for a more secure way to expand the browser’s functionality. By this token, all extensions added prior to this build will be removed, and will have to be reloaded from the Windows Store. AdBlock and AdBlock Plus are finally available as extensions for Microsoft Edge, allowing users to block in-page ads. Other extensions available are: Pin It Button, 
</post>
<signature>

</signature>
<external_links>

</external_links>
<country>US</country>
<main_image>http://www.portableone.com/images/windows-10-1-760x500.jpg</main_image>
</document>
