<?xml version="1.0" encoding="UTF-8"?>
<document>
<type>mainstream</type>
<forum>http://articlefeeds.nasdaq.com/nasdaq/authors?author=rtt</forum>
<forum_title>Latest Articles from RTTNews</forum_title>
<discussion_title>Stocks Pull Back Into The Red Along With The Price Of Oil - U.S. Commentary</discussion_title>
<language>english</language>
<gmt_offset></gmt_offset>
<topic_url>http://www.nasdaq.com/article/stocks-pull-back-into-the-red-along-with-the-price-of-oil--us-commentary-20160512-00763</topic_url>
<topic_text>
Stocks Pull Back Into The Red Along With The Price Of Oil - U.S. Commentary May 12, 2016, 11:59:00 AM EDT By RTT News Comment Shutterstock photo 
(RTTNews.com) - Stocks have moved mostly lower over the course of the trading session on Thursday after failing to sustain an initial upward move. The major averages have pulled back into negative territory, extending the steep drop seen in the previous session. 
In recent trading, the major averages have moved roughly sideways, stuck in the red. The Dow is down 53.21 points or 0.3 percent at 17,657.91, the Nasdaq is down 42.84 points or 0.9 percent at 4,717.85 and the S&amp;P 500 is down 8.42 points or 0.4 percent at 2,056.04. 
The downturn by stocks coincided with a pullback by the price of crude oil, which has turned negative after seeing earlier strength. 
The price of oil previously benefited from yesterday&apos;s report showing an unexpected weekly drop in crude stockpiles, but traders subsequently looked to cash in on the strength. 
Negative sentiment was also generated by the release of a report from the Labor Department showing an unexpected increase in initial jobless claims in the week ended May 7th. 
The report said initial jobless claims climbed to 294,000, an increase of 20,000 from the previous week&apos;s unrevised level of 274,000. Jobless claims moved higher for the third straight week. 
The continued increase came as a surprise to economists, who had expected jobless claims to edge down to 270,000. 
With the unexpected increase, jobless claims rose to their highest level since reaching 310,000 in the week ended February 28, 2015. 
On the heels of last Friday&apos;s disappointing monthly jobs report, the data has raised some concerns about the labor market, although analysts noted the increase may primarily reflect seasonal adjustments. 
&quot;It is notoriously difficult to seasonally adjust weekly data,&quot; said Chris Low, chief economist at FTN Financial. &quot;Watch the 4-wk average. If it remains near current levels, there&apos;s nothing to worry about. If it starts to rise in the next few weeks, it&apos;s a signal of slower employment growth to come.&quot; 
The Labor Department said the four-week moving average reached 268,250 last week, an increase of 10,250 from the previous week&apos;s unrevised average of 258,000. 
The notable pullback by the tech-heavy Nasdaq partly reflects a steep drop by shares of Apple ( AAPL ), with the tech giant tumbling 2.8 percent to its lowest levels in nearly two years. 
On Wednesday, Apple was forced to deny reports it is planning to stop offering music downloads on its iTunes service. 
Sector News 
Semiconductor stocks have shown a substantial move to the downside on the day, dragging the Philadelphia Semiconductor Index down by 2.3 percent. With the drop, the index has fallen to its lowest intraday level in over two months. 
Integrated Device Technology ( IDTI ), ON Semiconductor (ON), and Micron (MU) are turning in some of the sector&apos;s worst performances in mid-day trading. 
Considerable weakness has also emerged among gold stocks, as reflected by the 2.3 percent drop by the NYSE Arca Gold Bugs Index. The losses by gold stocks come as gold for June delivery is sliding $5.40 to $1,270.10 an ounce. 
Oil service stocks have also come under pressure amid the pullback by the price of crude oil, with the Philadelphia Oil Service Index falling by 2 percent. 
Steel, airline, biotechnology, and computer hardware stocks are also seeing significant weakness, moving lower along with most of the other major sectors. 
Other Markets 
In overseas trading, stock markets across the Asia-Pacific region turned in another mixed performance during trading on Thursday. Japan&apos;s Nikkei 225 Index rose by 0.4 percent, while Hong Kong&apos;s Hang Seng Index slid by 0.7 percent. 
Meanwhile, the major European markets all moved to the downside on the day. While the French CAC 40 Index fell by 0.5 percent, the U.K.&apos;s FTSE 100 Index and the German DAX Index slumped by 1 percent and 1.1 percent, respectively. 
In the bond market, treasuries have climbed back near the unchanged line after seeing early weakness. As a result, the yield on the benchmark ten-year note, which moves opposite of its price, is up by less than a basis point at 1.745 percent. 
For comments and feedback: contact
</topic_text>
<spam_score>0.00</spam_score>
<post_num>1</post_num>
<post_id>post-1</post_id>
<post_url>http://www.nasdaq.com/article/stocks-pull-back-into-the-red-along-with-the-price-of-oil--us-commentary-20160512-00763</post_url>
<post_date>20160512</post_date>
<post_time>1559</post_time>
<username></username>
<post>
Stocks Pull Back Into The Red Along With The Price Of Oil - U.S. Commentary May 12, 2016, 11:59:00 AM EDT By RTT News Comment Shutterstock photo 
(RTTNews.com) - Stocks have moved mostly lower over the course of the trading session on Thursday after failing to sustain an initial upward move. The major averages have pulled back into negative territory, extending the steep drop seen in the previous session. 
In recent trading, the major averages have moved roughly sideways, stuck in the red. The Dow is down 53.21 points or 0.3 percent at 17,657.91, the Nasdaq is down 42.84 points or 0.9 percent at 4,717.85 and the S&amp;P 500 is down 8.42 points or 0.4 percent at 2,056.04. 
The downturn by stocks coincided with a pullback by the price of crude oil, which has turned negative after seeing earlier strength. 
The price of oil previously benefited from yesterday&apos;s report showing an unexpected weekly drop in crude stockpiles, but traders subsequently looked to cash in on the strength. 
Negative sentiment was also generated by the release of a report from the Labor Department showing an unexpected increase in initial jobless claims in the week ended May 7th. 
The report said initial jobless claims climbed to 294,000, an increase of 20,000 from the previous week&apos;s unrevised level of 274,000. Jobless claims moved higher for the third straight week. 
The continued increase came as a surprise to economists, who had expected jobless claims to edge down to 270,000. 
With the unexpected increase, jobless claims rose to their highest level since reaching 310,000 in the week ended February 28, 2015. 
On the heels of last Friday&apos;s disappointing monthly jobs report, the data has raised some concerns about the labor market, although analysts noted the increase may primarily reflect seasonal adjustments. 
&quot;It is notoriously difficult to seasonally adjust weekly data,&quot; said Chris Low, chief economist at FTN Financial. &quot;Watch the 4-wk average. If it remains near current levels, there&apos;s nothing to worry about. If it starts to rise in the next few weeks, it&apos;s a signal of slower employment growth to come.&quot; 
The Labor Department said the four-week moving average reached 268,250 last week, an increase of 10,250 from the previous week&apos;s unrevised average of 258,000. 
The notable pullback by the tech-heavy Nasdaq partly reflects a steep drop by shares of Apple ( AAPL ), with the tech giant tumbling 2.8 percent to its lowest levels in nearly two years. 
On Wednesday, Apple was forced to deny reports it is planning to stop offering music downloads on its iTunes service. 
Sector News 
Semiconductor stocks have shown a substantial move to the downside on the day, dragging the Philadelphia Semiconductor Index down by 2.3 percent. With the drop, the index has fallen to its lowest intraday level in over two months. 
Integrated Device Technology ( IDTI ), ON Semiconductor (ON), and Micron (MU) are turning in some of the sector&apos;s worst performances in mid-day trading. 
Considerable weakness has also emerged among gold stocks, as reflected by the 2.3 percent drop by the NYSE Arca Gold Bugs Index. The losses by gold stocks come as gold for June delivery is sliding $5.40 to $1,270.10 an ounce. 
Oil service stocks have also come under pressure amid the pullback by the price of crude oil, with the Philadelphia Oil Service Index falling by 2 percent. 
Steel, airline, biotechnology, and computer hardware stocks are also seeing significant weakness, moving lower along with most of the other major sectors. 
Other Markets 
In overseas trading, stock markets across the Asia-Pacific region turned in another mixed performance during trading on Thursday. Japan&apos;s Nikkei 225 Index rose by 0.4 percent, while Hong Kong&apos;s Hang Seng Index slid by 0.7 percent. 
Meanwhile, the major European markets all moved to the downside on the day. While the French CAC 40 Index fell by 0.5 percent, the U.K.&apos;s FTSE 100 Index and the German DAX Index slumped by 1 percent and 1.1 percent, respectively. 
In the bond market, treasuries have climbed back near the unchanged line after seeing early weakness. As a result, the yield on the benchmark ten-year note, which moves opposite of its price, is up by less than a basis point at 1.745 percent. 
For comments and feedback: contact
</post>
<signature>

</signature>
<external_links>

</external_links>
<country>US</country>
<main_image>http://www.nasdaq.com/images/dreamit.jpg</main_image>
</document>
