<?xml version="1.0" encoding="UTF-8"?>
<document>
<type>mainstream</type>
<forum>http://www.noticiascyl.com/feed</forum>
<forum_title>Noticiascyl</forum_title>
<discussion_title>El Ayuntamiento apoya a los enfermos de fibromialgia y fatiga crónica</discussion_title>
<language>spanish</language>
<gmt_offset></gmt_offset>
<topic_url>http://www.noticiascyl.com/leon/2016/05/12/el-ayuntamiento-apoya-a-los-enfermos-de-fibromialgia-y-fatiga-cronica/</topic_url>
<topic_text>
El Ayuntamiento apoya a los enfermos de fibromialgia y fatiga crónica 12 mayo, 2016 0 La concejala de Familia y Servicios Sociales, Aurora Baza, ha asistido en la Plaza de Botines a la lectura del manifiesto con motivo de la celebración del Día Internacional de la Fibromialgia y Fatiga Crónica 
La presidenta de la Asociación Leonesa de Afectados de Fibromialgia y Fatiga Crónica (ALEFAS), Gelina Fernández, ha protagonizado esta mañana la lectura del manifiesto por las personas que padecen estas enfermedades crónicas y por sus familiares. 
La concejala de Familia y Servicios Sociales, Aurora Baza, ha acompañado a los afectados y familiares en la mesa petitoria ubicada en la Plaza de Botines. Los donativos irán destinados a la asociación para la realización de actividades, talleres y proyectos de difusión de estas patologías. 
La fibromialgia es una enfermedad crónica que se manifiesta con dolor generalizado en músculos, articulaciones y tejido fibroso. Según diversos estudios, la enfermedad afecta entre el 1 y el 3% de la población y de este porcentaje, el 90% de los casos son mujeres. 
En el caso de la fatiga crónica, se estima que la padece entre el 0,3 y el 0,5% de la población y se acompaña de cansancio profundo que no mejora con el reposo y empeora con la actividad física y mental. En este caso, afecta a adultos jóvenes y también predomina en el sexo femenino. Compartir
</topic_text>
<spam_score>0.00</spam_score>
<post_num>1</post_num>
<post_id>post-1</post_id>
<post_url>http://www.noticiascyl.com/leon/2016/05/12/el-ayuntamiento-apoya-a-los-enfermos-de-fibromialgia-y-fatiga-cronica/</post_url>
<post_date>20160512</post_date>
<post_time>1600</post_time>
<username>Luis Sánchez</username>
<post>
El Ayuntamiento apoya a los enfermos de fibromialgia y fatiga crónica 12 mayo, 2016 0 La concejala de Familia y Servicios Sociales, Aurora Baza, ha asistido en la Plaza de Botines a la lectura del manifiesto con motivo de la celebración del Día Internacional de la Fibromialgia y Fatiga Crónica 
La presidenta de la Asociación Leonesa de Afectados de Fibromialgia y Fatiga Crónica (ALEFAS), Gelina Fernández, ha protagonizado esta mañana la lectura del manifiesto por las personas que padecen estas enfermedades crónicas y por sus familiares. 
La concejala de Familia y Servicios Sociales, Aurora Baza, ha acompañado a los afectados y familiares en la mesa petitoria ubicada en la Plaza de Botines. Los donativos irán destinados a la asociación para la realización de actividades, talleres y proyectos de difusión de estas patologías. 
La fibromialgia es una enfermedad crónica que se manifiesta con dolor generalizado en músculos, articulaciones y tejido fibroso. Según diversos estudios, la enfermedad afecta entre el 1 y el 3% de la población y de este porcentaje, el 90% de los casos son mujeres. 
En el caso de la fatiga crónica, se estima que la padece entre el 0,3 y el 0,5% de la población y se acompaña de cansancio profundo que no mejora con el reposo y empeora con la actividad física y mental. En este caso, afecta a adultos jóvenes y también predomina en el sexo femenino. Compartir
</post>
<signature>

</signature>
<external_links>

</external_links>
<country>ES</country>
<main_image>http://www.noticiascyl.com/wp-content/uploads/2016/05/día-internacional-fibromialgia.jpg</main_image>
</document>
