<?xml version="1.0" encoding="UTF-8"?>
<document>
<type>mainstream</type>
<forum></forum>
<forum_title></forum_title>
<discussion_title>Responsabilidad o responsabilidades del revisor fiscal | Respuestas actualicese.com</discussion_title>
<language>spanish</language>
<gmt_offset></gmt_offset>
<topic_url>http://actualicese.com/respuestas/responsabilidad-o-responsabilidades-del-revisor-fiscal/</topic_url>
<topic_text>
Unidad de Valor Tributario (UVT) $ 29.753 Plantilla para clasificar una entidad en un Grupo de aplicación de las NIIF en Colombia A diciembre 31 de 2013 Si ¿Es entidad de interés público? Es decir, ¿capta y coloca recursos financieros en el público? NOTA: Las entidades de &quot;interés público&quot; son las que se mencionan explícitamente en el parágrafo del artículo 1 del Decreto 3024 de 2013. No se es de &quot;interés público&quot; porque se presten servicios públicos como el de energía, gas, educación, salud o transporte, ni porque se vendan servicios al público. Debe estar especificada en el Decreto y vigilada por la Superintendencia Financiera de Colombia. Si No ¿Cuál es el valor de sus activos a diciembre 31 de 2013, excluyendo su vivienda? (En SMMLV) ¿Cuál es el número de trabajadores a diciembre 31 de 2013? (Cualquier tipo de contrato, salvo consultoría o asesoría externa) ¿Cuál es el valor de sus ingresos brutos durante el año 2013? Por favor responda si cumple además las siguientes condiciones: ¿Es subordinada o matriz de una compañía nacional que deba aplicar NIIF Plenas? Si ¿Importa (o exporta) más del 50% de las compras (o ventas) de inventarios? Si ¿Es matriz, subordinada, sucursal, asociada o negocio conjunto de compañía extranjera que aplique NIIF Plenas? Si 
</topic_text>
<spam_score>0.00</spam_score>
<post_num>1</post_num>
<post_id>post-1</post_id>
<post_url>http://actualicese.com/respuestas/responsabilidad-o-responsabilidades-del-revisor-fiscal/</post_url>
<post_date>20151210</post_date>
<post_time></post_time>
<username></username>
<post>
Unidad de Valor Tributario (UVT) $ 29.753 Plantilla para clasificar una entidad en un Grupo de aplicación de las NIIF en Colombia A diciembre 31 de 2013 Si ¿Es entidad de interés público? Es decir, ¿capta y coloca recursos financieros en el público? NOTA: Las entidades de &quot;interés público&quot; son las que se mencionan explícitamente en el parágrafo del artículo 1 del Decreto 3024 de 2013. No se es de &quot;interés público&quot; porque se presten servicios públicos como el de energía, gas, educación, salud o transporte, ni porque se vendan servicios al público. Debe estar especificada en el Decreto y vigilada por la Superintendencia Financiera de Colombia. Si No ¿Cuál es el valor de sus activos a diciembre 31 de 2013, excluyendo su vivienda? (En SMMLV) ¿Cuál es el número de trabajadores a diciembre 31 de 2013? (Cualquier tipo de contrato, salvo consultoría o asesoría externa) ¿Cuál es el valor de sus ingresos brutos durante el año 2013? Por favor responda si cumple además las siguientes condiciones: ¿Es subordinada o matriz de una compañía nacional que deba aplicar NIIF Plenas? Si ¿Importa (o exporta) más del 50% de las compras (o ventas) de inventarios? Si ¿Es matriz, subordinada, sucursal, asociada o negocio conjunto de compañía extranjera que aplique NIIF Plenas? Si 
</post>
<signature>

</signature>
<external_links>

</external_links>
<country>US</country>
<main_image></main_image>
</document>
