<?xml version="1.0" encoding="UTF-8"?>
<document>
<type>mainstream</type>
<forum></forum>
<forum_title></forum_title>
<discussion_title>الجرس | Al Jaras : اخبار وصور نجوم الفن والسياسة والمجتمع والرياضة | د. نادر صعب يُكبّر ويرفع المؤخرة</discussion_title>
<language>arabic</language>
<gmt_offset></gmt_offset>
<topic_url>http://www.aljaras.com/%d8%af-%d9%86%d8%a7%d8%af%d8%b1-%d8%b5%d8%b9%d8%a8-%d9%8a%d9%8f%d9%83%d8%a8%d9%91%d8%b1-%d9%88%d9%8a%d8%b1%d9%81%d8%b9-%d8%a7%d9%84%d9%85%d8%a4%d8%ae%d8%b1%d8%a9/</topic_url>
<topic_text>
د. نادر صعب يُكبّر ويرفع المؤخرة May 11, 2016 at 20:36 د. نادر صعب مع زوجته أنابيلا هلال يستخدم د. نادر صعب مؤخراً أحدث تقنيات الليزر لرفع وتكبير المؤخّرة، وهي العملية التي باتت مطلوبة بنسبة عالية في مختلف أرجاء العالم العربي. د. نادر صعب الذي يتواجد بين مستشفى بيروت ودبي، أعلن في مقابلة له أنّ المسألة صارت أسهل، خصوصاً أنّ المواد التي يتم حقنها في الأرداف والتي تؤدي إلى تكبير حجم الأرداف والمؤخرة مؤلفة من حامض الفواكه، وهي غير خطيرة، وقابلة للذوبان مع مرور الزمن، كما أنها لا تترك أي آثار جانبية. د. نادر يُكبر المؤخرة باستخدام الليزر وفاجأ د. نادر المتابعين حين أعلن أنّ حقن هذه المواد يتتطلّب ٥ دقائق فقط، ويتم حقن كمية المواد نسبة لطول السيدة وحجم خصرها وصدرها. Zone 3 
</topic_text>
<spam_score>0.00</spam_score>
<post_num>1</post_num>
<post_id>post-1</post_id>
<post_url>http://www.aljaras.com/%d8%af-%d9%86%d8%a7%d8%af%d8%b1-%d8%b5%d8%b9%d8%a8-%d9%8a%d9%8f%d9%83%d8%a8%d9%91%d8%b1-%d9%88%d9%8a%d8%b1%d9%81%d8%b9-%d8%a7%d9%84%d9%85%d8%a4%d8%ae%d8%b1%d8%a9/</post_url>
<post_date>20160511</post_date>
<post_time></post_time>
<username></username>
<post>
د. نادر صعب يُكبّر ويرفع المؤخرة May 11, 2016 at 20:36 د. نادر صعب مع زوجته أنابيلا هلال يستخدم د. نادر صعب مؤخراً أحدث تقنيات الليزر لرفع وتكبير المؤخّرة، وهي العملية التي باتت مطلوبة بنسبة عالية في مختلف أرجاء العالم العربي. د. نادر صعب الذي يتواجد بين مستشفى بيروت ودبي، أعلن في مقابلة له أنّ المسألة صارت أسهل، خصوصاً أنّ المواد التي يتم حقنها في الأرداف والتي تؤدي إلى تكبير حجم الأرداف والمؤخرة مؤلفة من حامض الفواكه، وهي غير خطيرة، وقابلة للذوبان مع مرور الزمن، كما أنها لا تترك أي آثار جانبية. د. نادر يُكبر المؤخرة باستخدام الليزر وفاجأ د. نادر المتابعين حين أعلن أنّ حقن هذه المواد يتتطلّب ٥ دقائق فقط، ويتم حقن كمية المواد نسبة لطول السيدة وحجم خصرها وصدرها. Zone 3 
</post>
<signature>

</signature>
<external_links>

</external_links>
<country>CA</country>
<main_image>http://www.aljaras.com/wp-content/uploads/2014/05/نادر-صعب.jpg</main_image>
</document>
