<?xml version="1.0" encoding="UTF-8"?>
<document>
<type>mainstream</type>
<forum>http://timesofindia.indiatimes.com/sports/more-sports/wrestling/articlelist/3413189.cms</forum>
<forum_title>Wrestling - More sports - Sports - The Times of India</forum_title>
<discussion_title>I got so emotional that I couldn&apos;t speak for a while: Vinesh</discussion_title>
<language>english</language>
<gmt_offset></gmt_offset>
<topic_url>http://timesofindia.indiatimes.com/sports/more-sports/wrestling/I-got-so-emotional-that-I-couldnt-speak-for-a-while-Vinesh/articleshow/52233411.cms</topic_url>
<topic_text>
Her petite build and pretty smile belie a steely resolve that has often seen Vinesh Phogat tackling adverse situations with great maturity, and her opponents have found it out the hard way when this grappling queen has thrashed them on the mat. Not surprisingly, Vinesh has created history again by winning the gold medal at the last qualifying tournament for the Olympics which was held in Istanbul, qualifying for the Rio Olympics (in 48 kg category) in the process.
What makes her efforts more commendable is that at the previous qualifying event in Mongolia, Vinesh was found overweight by 400 grams, which led to her disqualification. With the threat of strict action by WFI (Wrestling Federation of India) looming large, Vinesh was under tremendous pressure to perform. A relieved Vinesh tells us, &quot;There are times when the body doesn&apos;t respond while you are trying to lose weight, and what happened in Mongolia was heartbreaking for me. I knew that people expected a lot from me and I didn&apos;t want to let anyone down. So, there was a lot of pressure and after qualifying, I got so emotional that I couldn&apos;t speak for a while. Tears were rolling down my cheeks but unlike last time, these were tears of joy!&quot; She adds, &quot;It&apos;s fantastic that two Indian women (she and Sakshi Malik) have qualified for the Olympics. I hope we can win two medals for India. That would be fantastic for women&apos;s Wrestling in the country!&quot;
Interestingly, as a kid, Vinesh didn&apos;t want to get into wrestling. She says, &quot;I enjoyed watching my cousin sisters (Geeta Phogat and Babita Kumari, both accomplished wrestlers now) train but I had no intention of taking up the sport. I would think, koi mujhe patak de, utha ke phek de, toh I will get injured. I was good at studies and enjoyed going to school.&quot; Having lost her dad at a young age, Vinesh started living with the family of Mahavir Singh Phogat (her dad&apos;s elder brother, who also trained Geeta and Babita). She laughs, &quot;There was no running away from tauji (uncle), as he chased us with sticks if we didn&apos;t want to train! But I am glad that he did that to us.
Although I didn&apos;t enjoy wrestling initially, I started winning competitions soon. So, people would come and want to get clicked with me. That&apos;s when I felt, `Waah, yeh toh mast cheez hai. You win a medal and become a celebrity too!&apos; That was fun.&quot;
She adds, &quot;Geeta and Babita had it tough, as they had to listen to nasty and sexist comments from people.But when they succeeded, and Geeta won medals for India and qualified for the last Olympics, things changed drastically.
Their success made the journey easier for me and I hope that I win an Olympic medal for India, and my sisters do the same in the future. We share a very healthy rivalry.&quot;
Looking back at her journey, she says, &quot;Among all my international medals, winning the Commonwealth Games gold in 2014 really stands out. It made me realize my true potential. &quot;Vinesh is currently pursuing her BA (second year) and shares, &quot;It&apos;s not easy to find time for studies but time manage kar lete hai.&quot;
She and her sisters have firmly put Balali, a little known village in Haryana, on the international map in wrestling. But you can&apos;t miss that sense of hurt in her voice when she says, &quot;I wish the government supported us more. I owe a lot to tauji&apos;s efforts but even today, there are no akhadas supported by the government in my village. It feels sad but I hope things change soon.&quot;
</topic_text>
<spam_score>0.00</spam_score>
<post_num>1</post_num>
<post_id>post-1</post_id>
<post_url>http://timesofindia.indiatimes.com/sports/more-sports/wrestling/I-got-so-emotional-that-I-couldnt-speak-for-a-while-Vinesh/articleshow/52233411.cms</post_url>
<post_date>20160512</post_date>
<post_time>1102</post_time>
<username>Soumitra Das</username>
<post>
Her petite build and pretty smile belie a steely resolve that has often seen Vinesh Phogat tackling adverse situations with great maturity, and her opponents have found it out the hard way when this grappling queen has thrashed them on the mat. Not surprisingly, Vinesh has created history again by winning the gold medal at the last qualifying tournament for the Olympics which was held in Istanbul, qualifying for the Rio Olympics (in 48 kg category) in the process.
What makes her efforts more commendable is that at the previous qualifying event in Mongolia, Vinesh was found overweight by 400 grams, which led to her disqualification. With the threat of strict action by WFI (Wrestling Federation of India) looming large, Vinesh was under tremendous pressure to perform. A relieved Vinesh tells us, &quot;There are times when the body doesn&apos;t respond while you are trying to lose weight, and what happened in Mongolia was heartbreaking for me. I knew that people expected a lot from me and I didn&apos;t want to let anyone down. So, there was a lot of pressure and after qualifying, I got so emotional that I couldn&apos;t speak for a while. Tears were rolling down my cheeks but unlike last time, these were tears of joy!&quot; She adds, &quot;It&apos;s fantastic that two Indian women (she and Sakshi Malik) have qualified for the Olympics. I hope we can win two medals for India. That would be fantastic for women&apos;s Wrestling in the country!&quot;
Interestingly, as a kid, Vinesh didn&apos;t want to get into wrestling. She says, &quot;I enjoyed watching my cousin sisters (Geeta Phogat and Babita Kumari, both accomplished wrestlers now) train but I had no intention of taking up the sport. I would think, koi mujhe patak de, utha ke phek de, toh I will get injured. I was good at studies and enjoyed going to school.&quot; Having lost her dad at a young age, Vinesh started living with the family of Mahavir Singh Phogat (her dad&apos;s elder brother, who also trained Geeta and Babita). She laughs, &quot;There was no running away from tauji (uncle), as he chased us with sticks if we didn&apos;t want to train! But I am glad that he did that to us.
Although I didn&apos;t enjoy wrestling initially, I started winning competitions soon. So, people would come and want to get clicked with me. That&apos;s when I felt, `Waah, yeh toh mast cheez hai. You win a medal and become a celebrity too!&apos; That was fun.&quot;
She adds, &quot;Geeta and Babita had it tough, as they had to listen to nasty and sexist comments from people.But when they succeeded, and Geeta won medals for India and qualified for the last Olympics, things changed drastically.
Their success made the journey easier for me and I hope that I win an Olympic medal for India, and my sisters do the same in the future. We share a very healthy rivalry.&quot;
Looking back at her journey, she says, &quot;Among all my international medals, winning the Commonwealth Games gold in 2014 really stands out. It made me realize my true potential. &quot;Vinesh is currently pursuing her BA (second year) and shares, &quot;It&apos;s not easy to find time for studies but time manage kar lete hai.&quot;
She and her sisters have firmly put Balali, a little known village in Haryana, on the international map in wrestling. But you can&apos;t miss that sense of hurt in her voice when she says, &quot;I wish the government supported us more. I owe a lot to tauji&apos;s efforts but even today, there are no akhadas supported by the government in my village. It feels sad but I hope things change soon.&quot;
</post>
<signature>

</signature>
<external_links>

</external_links>
<country>IN</country>
<main_image>http://timesofindia.indiatimes.com/photo/52233411.cms</main_image>
</document>
