<?xml version="1.0" encoding="UTF-8"?>
<document>
<type>mainstream</type>
<forum></forum>
<forum_title></forum_title>
<discussion_title>Fiat Mobi e Volkswagen Up! se enfrentam - carros - comparativos - Jornal do Carro</discussion_title>
<language>english</language>
<gmt_offset></gmt_offset>
<topic_url>http://www.estadao.com.br/jornal-do-carro/noticias/carros,fiat-mobi-e-volkswagen-up-se-enfrentam,28528,0.htm</topic_url>
<topic_text>
12.05.2016 - 12:27 Fiat Mobi e Volkswagen Up! se enfrentam 
Novato Fiat Mobi que parte de R$ 31.900 chama para briga de subcompactos o VW Up! que inicia em R$ 33.520 DANIEL TEIXEIRA/ESTADÃO Fiat Mobi tem motor de até 75 cv, no Up! o 1.0 gera até 82 
O clima era de um passeio amistoso, tanto que os dois subcompactos compareceram vestindo branco. Mas, assim que saíram, a paz foi dando lugar à comparação das diferenças. Após dois anos no mercado e sem rival direto, o Up! ganhou a companhia do Mobi. 
Ambos têm motor 1.0, dimensões reduzidas (3,6 metros no Volkswagen e 3,57 metros no Fiat) e preços bastante salgados – com câmbio manual e propulsor aspirado, o veterano parte de R$ 33.520 e vai a R$ 46.990. Já o novato custa entre R$ 31.900 e R$ 43.800. 
Para este comparativo, consideramos as versões intermediárias, Mobi Like On (a partir de R$ 42.300) e Move Up! (que começa em R$ 43.190). E a vitória ficou com o Volkswagen, que se mostrou superior ao Fiat em vários quesitos. 
A começar pelo aproveitamento do (parco) espaço interno. Bem curta, a frente do Up!, com capô inclinado e entrada de ar pequena, resultou em uma cabine maior. Além disso, seus eixos ficam mais nas extremidades da carroceria. 
Por ser 12 cm maior na distância entre os eixos (2,42 m, ante 2,30 m no Mobi), o hatch da Volkswagen acomoda melhor os ocupantes do banco traseiro. Além disso, seu porta-malas também é mais amplo. São 285 litros, ante 235 l do bagageiro do Fiat, segundo informações das fabricantes. 
Nesse quesito, a impressão é de que a diferença a favor do Up! é ainda maior. Os dois têm porta-malas versáteis, mas a prateleira do VW é mais prática do que a caixa do Mobi, batizada de cargo box. 
O Fiat tem dianteira mais “em pé”, com grade e faróis volumosos. O conjunto transmite maior sensação de robustez, porém inova pouco em relação ao Uno, que cedeu ao novato a base mecânica. Aí reside outro ponto negativo do Mobi. Enquanto o VW tem um moderno motor de três cilindros com 12 válvulas, comando duplo variável e bloco de alumínio, o Fiat chega com o velho conhecido quatro-cilindros, com apenas oito válvulas, comando simples e bloco feito de ferro. 
Além de ser mais pesado que o do rival, o propulsor do Mobi não é tão eficiente. São 75 cv de potência e 9,9 mkgf de torque, ante, respectivamente 82 cv e 10,4 mkgf do VW (os dados são com etanol). 
O Fiat das fotos deste comparativo é da versão Like, que traz rodas de aço com calotas, enquanto as da Like On são de liga leve. No caso do Up!, a configuração fotografada, White, agora só vem com motor turbo. Assim, não leve em conta as rodas de liga leve da unidade que aparece nas imagens. No Move Up!, elas são de aço. 
Fiat é mais macio e Up!, preciso. A posição ao volante é melhor no Up!. O modelo da Volkswagen ganha em ergonomia, com todos os comandos à mão. No Mobi, há tendência de o motorista raspar a mão na parte inferior do painel ao trocar as marchas, pois a alavanca fica muita próxima do comando do ar-condicionado. 
A direção elétrica do VW é mais precisa que o sistema hidráulico do Fiat, além de contribuir para a economia de combustível. O Up! também leva a melhor no câmbio, com engates mais justos. Os dois têm bom acerto de suspensão. O Mobi é mais macio. O Up! avaliado estava com rodas de 15”, o que o deixa ainda mais firme sobre imperfeições. O VW é mais rápido: vai de 0 a 100 km/h em 12,4 segundos, ante os 13,8 s do rival, conforme dados das fabricantes. O novato Fiat Mobi inicia em R$ 31.900, enquanto o Volkswagen Up! parte de R$ 33.520. Os dois têm motor flexível 1.0, no Mobi quatro-cilindros de até 75 cv e no Up! três-cilindros de R$ 82 cv, sempre associado a um câmbio manual de cinco marchas. 
Crédito: DANIEL TEIXEIRA/ESTADÃO O novato Fiat Mobi inicia em R$ 31.900, enquanto o Volkswagen Up! parte de R$ 33.520. Os dois têm motor flexível 1.0, no Mobi quatro-cilindros de até 75 cv e no Up! três-cilindros de R$ 82 cv, sempre associado a um câmbio manual de cinco marchas. 
Crédito: DANIEL TEIXEIRA/ESTADÃO O novato Fiat Mobi inicia em R$ 31.900, enquanto o Volkswagen Up! parte de R$ 33.520. Os dois têm motor flexível 1.0, no Mobi quatro-cilindros de até 75 cv e no Up! três-cilindros de R$ 82 cv, sempre associado a um câmbio manual de cinco marchas. 
Crédito: DANIEL TEIXEIRA/ESTADÃO O novato Fiat Mobi inicia em R$ 31.900, enquanto o Volkswagen Up! parte de R$ 33.520. Os dois têm motor flexível 1.0, no Mobi quatro-cilindros de até 75 cv e no Up! três-cilindros de R$ 82 cv, sempre associado a um câmbio manual de cinco marchas. 
Crédito: DANIEL TEIXEIRA/ESTADÃO O novato Fiat Mobi inicia em R$ 31.900, enquanto o Volkswagen Up! parte de R$ 33.520. Os dois têm motor flexível 1.0, no Mobi quatro-cilindros de até 75 cv e no Up! três-cilindros de R$ 82 cv, sempre associado a um câmbio manual de cinco marchas. 
Crédito: DANIEL TEIXEIRA/ESTADÃO O novato Fiat Mobi inicia em R$ 31.900, enquanto o Volkswagen Up! parte de R$ 33.520. Os dois têm motor flexível 1.0, no Mobi quatro-cilindros de até 75 cv e no Up! três-cilindros de R$ 82 cv, sempre associado a um câmbio manual de cinco marchas. 
Crédito: DANIEL TEIXEIRA/ESTADÃO O novato Fiat Mobi inicia em R$ 31.900, enquanto o Volkswagen Up! parte de R$ 33.520. Os dois têm motor flexível 1.0, no Mobi quatro-cilindros de até 75 cv e no Up! três-cilindros de R$ 82 cv, sempre associado a um câmbio manual de cinco marchas. 
Crédito: DANIEL TEIXEIRA/ESTADÃO O novato Fiat Mobi inicia em R$ 31.900, enquanto o Volkswagen Up! parte de R$ 33.520. Os dois têm motor flexível 1.0, no Mobi quatro-cilindros de até 75 cv e no Up! três-cilindros de R$ 82 cv, sempre associado a um câmbio manual de cinco marchas. 
Crédito: DANIEL TEIXEIRA/ESTADÃO O novato Fiat Mobi inicia em R$ 31.900, enquanto o Volkswagen Up! parte de R$ 33.520. Os dois têm motor flexível 1.0, no Mobi quatro-cilindros de até 75 cv e no Up! três-cilindros de R$ 82 cv, sempre associado a um câmbio manual de cinco marchas. 
Crédito: DANIEL TEIXEIRA/ESTADÃO O novato Fiat Mobi inicia em R$ 31.900, enquanto o Volkswagen Up! parte de R$ 33.520. Os dois têm motor flexível 1.0, no Mobi quatro-cilindros de até 75 cv e no Up! três-cilindros de R$ 82 cv, sempre associado a um câmbio manual de cinco marchas. 
Crédito: DANIEL TEIXEIRA/ESTADÃO O novato Fiat Mobi inicia em R$ 31.900, enquanto o Volkswagen Up! parte de R$ 33.520. Os dois têm motor flexível 1.0, no Mobi quatro-cilindros de até 75 cv e no Up! três-cilindros de R$ 82 cv, sempre associado a um câmbio manual de cinco marchas. 
Crédito: DANIEL TEIXEIRA/ESTADÃO O novato Fiat Mobi inicia em R$ 31.900, enquanto o Volkswagen Up! parte de R$ 33.520. Os dois têm motor flexível 1.0, no Mobi quatro-cilindros de até 75 cv e no Up! três-cilindros de R$ 82 cv, sempre associado a um câmbio manual de cinco marchas. 
Crédito: DANIEL TEIXEIRA/ESTADÃO O novato Fiat Mobi inicia em R$ 31.900, enquanto o Volkswagen Up! parte de R$ 33.520. Os dois têm motor flexível 1.0, no Mobi quatro-cilindros de até 75 cv e no Up! três-cilindros de R$ 82 cv, sempre associado a um câmbio manual de cinco marchas. 
Crédito: DANIEL TEIXEIRA/ESTADÃO O novato Fiat Mobi inicia em R$ 31.900, enquanto o Volkswagen Up! parte de R$ 33.520. Os dois têm motor flexível 1.0, no Mobi quatro-cilindros de até 75 cv e no Up! três-cilindros de R$ 82 cv, sempre associado a um câmbio manual de cinco marchas. 
Crédito: DANIEL TEIXEIRA/ESTADÃO 
</topic_text>
<spam_score>0.00</spam_score>
<post_num>1</post_num>
<post_id>post-1</post_id>
<post_url>http://www.estadao.com.br/jornal-do-carro/noticias/carros,fiat-mobi-e-volkswagen-up-se-enfrentam,28528,0.htm</post_url>
<post_date>20161105</post_date>
<post_time></post_time>
<username></username>
<post>
12.05.2016 - 12:27 Fiat Mobi e Volkswagen Up! se enfrentam 
Novato Fiat Mobi que parte de R$ 31.900 chama para briga de subcompactos o VW Up! que inicia em R$ 33.520 DANIEL TEIXEIRA/ESTADÃO Fiat Mobi tem motor de até 75 cv, no Up! o 1.0 gera até 82 
O clima era de um passeio amistoso, tanto que os dois subcompactos compareceram vestindo branco. Mas, assim que saíram, a paz foi dando lugar à comparação das diferenças. Após dois anos no mercado e sem rival direto, o Up! ganhou a companhia do Mobi. 
Ambos têm motor 1.0, dimensões reduzidas (3,6 metros no Volkswagen e 3,57 metros no Fiat) e preços bastante salgados – com câmbio manual e propulsor aspirado, o veterano parte de R$ 33.520 e vai a R$ 46.990. Já o novato custa entre R$ 31.900 e R$ 43.800. 
Para este comparativo, consideramos as versões intermediárias, Mobi Like On (a partir de R$ 42.300) e Move Up! (que começa em R$ 43.190). E a vitória ficou com o Volkswagen, que se mostrou superior ao Fiat em vários quesitos. 
A começar pelo aproveitamento do (parco) espaço interno. Bem curta, a frente do Up!, com capô inclinado e entrada de ar pequena, resultou em uma cabine maior. Além disso, seus eixos ficam mais nas extremidades da carroceria. 
Por ser 12 cm maior na distância entre os eixos (2,42 m, ante 2,30 m no Mobi), o hatch da Volkswagen acomoda melhor os ocupantes do banco traseiro. Além disso, seu porta-malas também é mais amplo. São 285 litros, ante 235 l do bagageiro do Fiat, segundo informações das fabricantes. 
Nesse quesito, a impressão é de que a diferença a favor do Up! é ainda maior. Os dois têm porta-malas versáteis, mas a prateleira do VW é mais prática do que a caixa do Mobi, batizada de cargo box. 
O Fiat tem dianteira mais “em pé”, com grade e faróis volumosos. O conjunto transmite maior sensação de robustez, porém inova pouco em relação ao Uno, que cedeu ao novato a base mecânica. Aí reside outro ponto negativo do Mobi. Enquanto o VW tem um moderno motor de três cilindros com 12 válvulas, comando duplo variável e bloco de alumínio, o Fiat chega com o velho conhecido quatro-cilindros, com apenas oito válvulas, comando simples e bloco feito de ferro. 
Além de ser mais pesado que o do rival, o propulsor do Mobi não é tão eficiente. São 75 cv de potência e 9,9 mkgf de torque, ante, respectivamente 82 cv e 10,4 mkgf do VW (os dados são com etanol). 
O Fiat das fotos deste comparativo é da versão Like, que traz rodas de aço com calotas, enquanto as da Like On são de liga leve. No caso do Up!, a configuração fotografada, White, agora só vem com motor turbo. Assim, não leve em conta as rodas de liga leve da unidade que aparece nas imagens. No Move Up!, elas são de aço. 
Fiat é mais macio e Up!, preciso. A posição ao volante é melhor no Up!. O modelo da Volkswagen ganha em ergonomia, com todos os comandos à mão. No Mobi, há tendência de o motorista raspar a mão na parte inferior do painel ao trocar as marchas, pois a alavanca fica muita próxima do comando do ar-condicionado. 
A direção elétrica do VW é mais precisa que o sistema hidráulico do Fiat, além de contribuir para a economia de combustível. O Up! também leva a melhor no câmbio, com engates mais justos. Os dois têm bom acerto de suspensão. O Mobi é mais macio. O Up! avaliado estava com rodas de 15”, o que o deixa ainda mais firme sobre imperfeições. O VW é mais rápido: vai de 0 a 100 km/h em 12,4 segundos, ante os 13,8 s do rival, conforme dados das fabricantes. O novato Fiat Mobi inicia em R$ 31.900, enquanto o Volkswagen Up! parte de R$ 33.520. Os dois têm motor flexível 1.0, no Mobi quatro-cilindros de até 75 cv e no Up! três-cilindros de R$ 82 cv, sempre associado a um câmbio manual de cinco marchas. 
Crédito: DANIEL TEIXEIRA/ESTADÃO O novato Fiat Mobi inicia em R$ 31.900, enquanto o Volkswagen Up! parte de R$ 33.520. Os dois têm motor flexível 1.0, no Mobi quatro-cilindros de até 75 cv e no Up! três-cilindros de R$ 82 cv, sempre associado a um câmbio manual de cinco marchas. 
Crédito: DANIEL TEIXEIRA/ESTADÃO O novato Fiat Mobi inicia em R$ 31.900, enquanto o Volkswagen Up! parte de R$ 33.520. Os dois têm motor flexível 1.0, no Mobi quatro-cilindros de até 75 cv e no Up! três-cilindros de R$ 82 cv, sempre associado a um câmbio manual de cinco marchas. 
Crédito: DANIEL TEIXEIRA/ESTADÃO O novato Fiat Mobi inicia em R$ 31.900, enquanto o Volkswagen Up! parte de R$ 33.520. Os dois têm motor flexível 1.0, no Mobi quatro-cilindros de até 75 cv e no Up! três-cilindros de R$ 82 cv, sempre associado a um câmbio manual de cinco marchas. 
Crédito: DANIEL TEIXEIRA/ESTADÃO O novato Fiat Mobi inicia em R$ 31.900, enquanto o Volkswagen Up! parte de R$ 33.520. Os dois têm motor flexível 1.0, no Mobi quatro-cilindros de até 75 cv e no Up! três-cilindros de R$ 82 cv, sempre associado a um câmbio manual de cinco marchas. 
Crédito: DANIEL TEIXEIRA/ESTADÃO O novato Fiat Mobi inicia em R$ 31.900, enquanto o Volkswagen Up! parte de R$ 33.520. Os dois têm motor flexível 1.0, no Mobi quatro-cilindros de até 75 cv e no Up! três-cilindros de R$ 82 cv, sempre associado a um câmbio manual de cinco marchas. 
Crédito: DANIEL TEIXEIRA/ESTADÃO O novato Fiat Mobi inicia em R$ 31.900, enquanto o Volkswagen Up! parte de R$ 33.520. Os dois têm motor flexível 1.0, no Mobi quatro-cilindros de até 75 cv e no Up! três-cilindros de R$ 82 cv, sempre associado a um câmbio manual de cinco marchas. 
Crédito: DANIEL TEIXEIRA/ESTADÃO O novato Fiat Mobi inicia em R$ 31.900, enquanto o Volkswagen Up! parte de R$ 33.520. Os dois têm motor flexível 1.0, no Mobi quatro-cilindros de até 75 cv e no Up! três-cilindros de R$ 82 cv, sempre associado a um câmbio manual de cinco marchas. 
Crédito: DANIEL TEIXEIRA/ESTADÃO O novato Fiat Mobi inicia em R$ 31.900, enquanto o Volkswagen Up! parte de R$ 33.520. Os dois têm motor flexível 1.0, no Mobi quatro-cilindros de até 75 cv e no Up! três-cilindros de R$ 82 cv, sempre associado a um câmbio manual de cinco marchas. 
Crédito: DANIEL TEIXEIRA/ESTADÃO O novato Fiat Mobi inicia em R$ 31.900, enquanto o Volkswagen Up! parte de R$ 33.520. Os dois têm motor flexível 1.0, no Mobi quatro-cilindros de até 75 cv e no Up! três-cilindros de R$ 82 cv, sempre associado a um câmbio manual de cinco marchas. 
Crédito: DANIEL TEIXEIRA/ESTADÃO O novato Fiat Mobi inicia em R$ 31.900, enquanto o Volkswagen Up! parte de R$ 33.520. Os dois têm motor flexível 1.0, no Mobi quatro-cilindros de até 75 cv e no Up! três-cilindros de R$ 82 cv, sempre associado a um câmbio manual de cinco marchas. 
Crédito: DANIEL TEIXEIRA/ESTADÃO O novato Fiat Mobi inicia em R$ 31.900, enquanto o Volkswagen Up! parte de R$ 33.520. Os dois têm motor flexível 1.0, no Mobi quatro-cilindros de até 75 cv e no Up! três-cilindros de R$ 82 cv, sempre associado a um câmbio manual de cinco marchas. 
Crédito: DANIEL TEIXEIRA/ESTADÃO O novato Fiat Mobi inicia em R$ 31.900, enquanto o Volkswagen Up! parte de R$ 33.520. Os dois têm motor flexível 1.0, no Mobi quatro-cilindros de até 75 cv e no Up! três-cilindros de R$ 82 cv, sempre associado a um câmbio manual de cinco marchas. 
Crédito: DANIEL TEIXEIRA/ESTADÃO O novato Fiat Mobi inicia em R$ 31.900, enquanto o Volkswagen Up! parte de R$ 33.520. Os dois têm motor flexível 1.0, no Mobi quatro-cilindros de até 75 cv e no Up! três-cilindros de R$ 82 cv, sempre associado a um câmbio manual de cinco marchas. 
Crédito: DANIEL TEIXEIRA/ESTADÃO 
</post>
<signature>

</signature>
<external_links>

</external_links>
<country>US</country>
<main_image>http://img.estadao.com.br/jornal-do-carro/imagens/136x86/fiat-mobi-volkswagen-up-0.jpg</main_image>
</document>
