<?xml version="1.0" encoding="UTF-8"?>
<document>
<type>mainstream</type>
<forum>http://www.cnet.com/topics/internet/</forum>
<forum_title>Internet: News - CNET</forum_title>
<discussion_title>Chinese company merges PS4, Xbox One and Android for its new gaming system</discussion_title>
<language>english</language>
<gmt_offset></gmt_offset>
<topic_url>http://www.cnet.com/news/chinese-company-merges-ps4-xbox-one-and-android-for-its-new-gaming-system/</topic_url>
<topic_text>
Enlarge Image Fuze We&apos;ve seen many iPhone clones come out of China, like the Oppo R9 and the Meizu Pro 6 . Now, that phenomenon enters the gaming arena.
Chinese company Fuze on Tuesday announced a new gaming console, the Tomahawk F1, and it shares some striking similarities to both Sony&apos;s PlayStation 4 and Microsoft&apos;s Xbox One .
As you can see, the console itself is clearly inspired by the PS4, while the F1&apos;s controller is almost identical in design to the Xbox One&apos;s.
The console runs on Android , and will be priced from 899 yuan, which converts to roughly $140, AU$190 and £95, according to Chinese blogger ZhugeEx .
Sony and Microsoft&apos;s consoles have had limited impact in the People&apos;s Republic, due to console gaming being banned until last July . Fuze hopes to take advantage, undercutting its international competitors on price.
A showreel revealed that franchises like Dynasty Warriors, Assassin&apos;s Creed and Saint&apos;s Row would be coming to the platform.
</topic_text>
<spam_score>0.00</spam_score>
<post_num>2</post_num>
<post_id>post-2</post_id>
<post_url>http://www.cnet.com/news/chinese-company-merges-ps4-xbox-one-and-android-for-its-new-gaming-system/</post_url>
<post_date>20160512</post_date>
<post_time>0414</post_time>
<username>7Pythagoras</username>
<post>
Indeed a wonderful device.
This new gaming console also dispenses Coke, Cherry Coke, Mountain Dew, Dr Pepper, Snickers bars, Pop Tarts and marijuana.
It will also do your homework, mow the lawn and wash your socks.
</post>
<signature>

</signature>
<external_links>

</external_links>
<country>US</country>
<main_image>https://cnet4.cbsistatic.com/hub/i/r/2016/05/12/7f7325ae-0f6f-4e85-81c2-f0167f2b8724/thumbnail/670x503/97b81b10b2a25d5cbdfadbe79e29aa7c/f1.jpg</main_image>
</document>
