<?xml version="1.0" encoding="UTF-8"?>
<document>
<type>mainstream</type>
<forum>http://www.europapress.es/deportes/olimpiadas-00169/</forum>
<forum_title>Juegos Olímpicos de Río de Janeiro 2016 | Deportes </forum_title>
<discussion_title>El Carnaval de Cádiz llega este viernes al Festival de los Patios de Córdoba</discussion_title>
<language>spanish</language>
<gmt_offset></gmt_offset>
<topic_url>http://www.europapress.es/andalucia/noticia-carnaval-cadiz-llega-viernes-festival-patios-cordoba-20160512182243.html</topic_url>
<topic_text>
La programación del Festival de los Patios de Córdoba cuenta este viernes, a las 21,30 horas y en el Teatro de la Axerquía, con la guasa y la gracia del Carnaval de Cádiz, que llega a la capital cordobesa con el espectáculo &apos;El Falla en Córdoba&apos;, en el que actúan tres comparsas y una chirigota participantes este año en el Concurso de Agrupaciones Carnavalescas de Cádiz. Según informa el Ayuntamiento, son la comparsa de Martínez Ares, &apos;Los Cobardes&apos;; la chirigota del Selu, &apos;Si me pongo pesao me lo dices&apos; --ganadora en su modalidad--; la comparsa de Juan Carlos Aragón, &apos;La Guayabera&apos;; y la comparsa de Kike Remolino, &apos;Los Camellos&apos;. Cabe señalar que &apos;El Falla en Córdoba&apos; es una producción de &apos;Nuevas Formas&apos; y el precio de entrada es de 12 a 20 euros.
 Además, este viernes, en otro de los conciertos extraordinarios del Festival de los Patios, la Plaza de la Corredera será a las 22,00 escenario del espectáculo &apos;Cobre Viejo&apos;, en el que actuará primero el cantaor Pedro &apos;El Granaíno&apos; con su grupo y a continuación el bailaor Marcos Morales, con el suyo.
 También a las 22,00 horas, el patio de la Asociación Alcázar Viejo, acogerá la actuación del dúo flamenco cordobés &apos;Kalima&apos;, formado por Rafael Moreno y Gonzalo Cívico.
 En el Patio de las Campanas, igualmente a las 22,00 horas, actuará un dúo de violín y viola de la Orquesta de Córdoba, dentro del mini-ciclo &apos;La Orquesta en los Patios&apos;. El dúo lo forman Igmar Alderete (violín) y Goshka Hojenska (viola) e interpretará obras de Bach, Mozart, Handel y Martinú.
</topic_text>
<spam_score>0.00</spam_score>
<post_num>1</post_num>
<post_id>post-1</post_id>
<post_url>http://www.europapress.es/andalucia/noticia-carnaval-cadiz-llega-viernes-festival-patios-cordoba-20160512182243.html</post_url>
<post_date>20160512</post_date>
<post_time>1822</post_time>
<username>EUROPA PRESS</username>
<post>
La programación del Festival de los Patios de Córdoba cuenta este viernes, a las 21,30 horas y en el Teatro de la Axerquía, con la guasa y la gracia del Carnaval de Cádiz, que llega a la capital cordobesa con el espectáculo &apos;El Falla en Córdoba&apos;, en el que actúan tres comparsas y una chirigota participantes este año en el Concurso de Agrupaciones Carnavalescas de Cádiz. Según informa el Ayuntamiento, son la comparsa de Martínez Ares, &apos;Los Cobardes&apos;; la chirigota del Selu, &apos;Si me pongo pesao me lo dices&apos; --ganadora en su modalidad--; la comparsa de Juan Carlos Aragón, &apos;La Guayabera&apos;; y la comparsa de Kike Remolino, &apos;Los Camellos&apos;. Cabe señalar que &apos;El Falla en Córdoba&apos; es una producción de &apos;Nuevas Formas&apos; y el precio de entrada es de 12 a 20 euros.
 Además, este viernes, en otro de los conciertos extraordinarios del Festival de los Patios, la Plaza de la Corredera será a las 22,00 escenario del espectáculo &apos;Cobre Viejo&apos;, en el que actuará primero el cantaor Pedro &apos;El Granaíno&apos; con su grupo y a continuación el bailaor Marcos Morales, con el suyo.
 También a las 22,00 horas, el patio de la Asociación Alcázar Viejo, acogerá la actuación del dúo flamenco cordobés &apos;Kalima&apos;, formado por Rafael Moreno y Gonzalo Cívico.
 En el Patio de las Campanas, igualmente a las 22,00 horas, actuará un dúo de violín y viola de la Orquesta de Córdoba, dentro del mini-ciclo &apos;La Orquesta en los Patios&apos;. El dúo lo forman Igmar Alderete (violín) y Goshka Hojenska (viola) e interpretará obras de Bach, Mozart, Handel y Martinú.
</post>
<signature>

</signature>
<external_links>

</external_links>
<country>ES</country>
<main_image>http://img.europapress.net/fotoweb/fotonoticia_20160512182243_800.jpg</main_image>
</document>
