<?xml version="1.0" encoding="UTF-8"?>
<document>
<type>mainstream</type>
<forum>http://timesofindia.indiatimes.com/sports/more-sports/wrestling/articlelist/3413189.cms</forum>
<forum_title>Wrestling - More sports - Sports - The Times of India</forum_title>
<discussion_title>I am the best in 74kg, not Sushil: Narsingh Yadav</discussion_title>
<language>english</language>
<gmt_offset></gmt_offset>
<topic_url>http://timesofindia.indiatimes.com/sports/more-sports/wrestling/I-am-the-best-in-74kg-not-Sushil-Narsingh-Yadav/articleshow/52183056.cms</topic_url>
<topic_text>
PUNE: Wrestler Narsingh Yadav, who has been in the news since he won the 74kg freestyle Olympic quota last year, laid his claim over the spot on Sunday and said going to Rio was his right and not Sushil Kumar&apos;s.
Attacking Sushil directly, Narsingh said the two-time Olympic medallist may be a big name in the country, but when it comes to the 74kg weight category, he is the best in India.
&quot;This is clear right from day one that I will go to Rio. If I have won the quota for the country, then it is my right to participate in the Olympics too. If you look at the history of Indian wrestling, you will observe that the quota winner has always represented the country at the Games,&quot; the JSW supported wrestler told TOI.
He argued that unlike him, Sushil doesn&apos;t have experience in 74kg.
&quot;The WFI knows that Sushil has been a 66kg wrestler and has won medals in that category, while I have fought in the 74kg category since many years. I have defeated London Olympics medallists who have migrated from 66kg to 74kg category. Even my quota win came over Cuba&apos;s Lopez (Livan Lopez), who was a bronze medallist at London in 66kg. So I definitely have an advantage over those who are coming from 66kg to 74kg. In India, I am the best in my category,&quot; the wrestler, who had come to attend the closing ceremony of Pune International Sports Expo, said.
When asked if it will be difficult for the WFI to overlook a big name like Sushil while selecting the team for Rio, Narsingh said, &quot;Names don&apos;t win medals, performance does. Only performance speaks in sports and not names. If entries are sent by the status of a player, then sports will go many steps backward. To get selected, you have to perform consistently at international level, which I have been doing (and not Sushil),&quot; he said.
The Mumbai wrestler was also certain that he doesn&apos;t need to go through a trial before he is selected. &quot;When we go abroad for a qualifier, we already go through selection trials. The winner of the trial is considered the best in that category,&quot; he added.
But Sushil has maintained that he is ready for a trial. &quot;Sushil doesn&apos;t have an option so he will anyway be ready for the trial. For example, yesterday Vinesh and Sakshi made India proud by winning quotas and medals for the country. Kal ko sattar khade ho jayenge trials ke liye, to theek nahi hoga na (Tomorrow, 70 wrestlers will come and ask for trials with Sakshi and Vinesh. It won&apos;t be right). Those who win medals for the country have the right to represent it at the highest level,&quot; Narsingh, who had returned medal-less from London Olympics, said.
In a similar situation in 2004, Yogeshwar Dutt had won the 55kg quota and was selected to represent the country at the Athens Games. The decision was challenged in court by Kripa Shankar Patel, who was one of the contenders in the category. The court however allowed Dutt to participate in the Olympics.
&quot;Court had taken a right call then. It is common sense that the quota winner has the first right over the berth,&quot; he said. When contacted, Brijbhushan Sharan, president of WFI said nothing has been decided on this matter. &quot;We have not opened all our cards yet,&quot; Sharan said.
When probed if the trials are conducted, will they ask Narsingh to participate, he said: &quot;You are trying to put words in my mouth. I don&apos;t have a comment for this.&quot;
</topic_text>
<spam_score>0.00</spam_score>
<post_num>3</post_num>
<post_id>post-3</post_id>
<post_url>http://timesofindia.indiatimes.com/sports/more-sports/wrestling/I-am-the-best-in-74kg-not-Sushil-Narsingh-Yadav/articleshow/52183056.cms</post_url>
<post_date>20160510</post_date>
<post_time>0620</post_time>
<username>Pujan Khasnabis</username>
<post>
After London Olympics, Sushil did not participate in any of the major wrestling events. He did not participate in Commonwealth Games, Asian Games, Pro Wrestlings and even in Olympics qualifiers on the pretext of injury. If a wrestler is injured for such a long time, he should not be seleced for olympics. Moreover, his age is not in his favour. Narsingh Yadav is absolutely right that he is the best in 74 category. Recent times, he progressed tremendously in this category. London Olympics bronze medalist, Yogeswar Dutt is a very disciplined man. He won commonweath gold, Asian games gold, olympic qualifier gold and was undeafted throughout the wrestling. At Rio, he and Yadav is our best bet for medal but Sushil has no chance.
</post>
<signature>

</signature>
<external_links>

</external_links>
<country>IN</country>
<main_image>http://timesofindia.indiatimes.com/photo/52183056.cms</main_image>
</document>
