<?xml version="1.0" encoding="UTF-8"?>
<document>
<type>mainstream</type>
<forum>http://majorcadailybulletin.com/feed.rss</forum>
<forum_title>Majorca Daily Bulletin News Feed</forum_title>
<discussion_title>Summer work</discussion_title>
<language>english</language>
<gmt_offset></gmt_offset>
<topic_url>http://majorcadailybulletin.com/comment/opinion/2016/05/12/43916/summer-work.html</topic_url>
<topic_text>
Print 
&quot;Ww will not allow all tthe hard work of many to be ruined by a few,&quot; Calvia council said today after a meeting with local businesspeople from Magalluf, Palmanova and Santa Ponsa ahead of the start of the busy summer season. The council made it clear at the meeting that bad behaviour will not be tolerated. The get-tough stance is nothing new: they will just be continuing with their policy of trying to weed out anti-social behaviour across the resorts. What is clear is that what happens in Magalluf can tarnish Majorca&apos;s good image. Millions of euros have been invested in the resort to take it up-market and the council and the local business community believe that all the hard work which has been done up to now shouldn&apos;t be ruined. And of course they are not wrong. I think the council are right to try and get the local business community onside because an element of unity is certainly needed. But the council also stressed that they would be launching a crackdown to ensure that all laws were being abided by. The crackdown will also involve officials from the local ministries for employment and health. I do believe that Magalluf can change. But everyone needs to work together. Anti-social behaviour can&apos;t be tolerated. A single incident in Magalluf this summer could ruin all the hard work which has been done to show the world that Magalluf is finally changing for the better. The council and the business community need to work as one. Follow:
</topic_text>
<spam_score>0.00</spam_score>
<post_num>1</post_num>
<post_id>post-1</post_id>
<post_url>http://majorcadailybulletin.com/comment/opinion/2016/05/12/43916/summer-work.html</post_url>
<post_date>20160512</post_date>
<post_time>1625</post_time>
<username>Jason Moore</username>
<post>
Print 
&quot;Ww will not allow all tthe hard work of many to be ruined by a few,&quot; Calvia council said today after a meeting with local businesspeople from Magalluf, Palmanova and Santa Ponsa ahead of the start of the busy summer season. The council made it clear at the meeting that bad behaviour will not be tolerated. The get-tough stance is nothing new: they will just be continuing with their policy of trying to weed out anti-social behaviour across the resorts. What is clear is that what happens in Magalluf can tarnish Majorca&apos;s good image. Millions of euros have been invested in the resort to take it up-market and the council and the local business community believe that all the hard work which has been done up to now shouldn&apos;t be ruined. And of course they are not wrong. I think the council are right to try and get the local business community onside because an element of unity is certainly needed. But the council also stressed that they would be launching a crackdown to ensure that all laws were being abided by. The crackdown will also involve officials from the local ministries for employment and health. I do believe that Magalluf can change. But everyone needs to work together. Anti-social behaviour can&apos;t be tolerated. A single incident in Magalluf this summer could ruin all the hard work which has been done to show the world that Magalluf is finally changing for the better. The council and the business community need to work as one. Follow:
</post>
<signature>

</signature>
<external_links>

</external_links>
<country>ES</country>
<main_image></main_image>
</document>
