<?xml version="1.0" encoding="UTF-8"?>
<document>
<type>mainstream</type>
<forum>http://www.herefordtimes.com/news/regional/west_midlands/rss/</forum>
<forum_title>Hereford Times | West Midlands</forum_title>
<discussion_title>Soak in the view with tea on the terrace at Halesowen Golf Club</discussion_title>
<language>english</language>
<gmt_offset></gmt_offset>
<topic_url>http://www.herefordtimes.com/news/regional/west_midlands/14489357.Soak_in_the_view_with_tea_on_the_terrace_at_Halesowen_Golf_Club/?ref=rss</topic_url>
<topic_text>
Soak in the view of Leasowes Park with tea on the terrace at Halesowen Golf Club Halesowen Golf Club 0 comments 
VISITORS can pour over the views of Halesowen ’s historic Leasowes Park – landscaped by William Shenstone - at a Tea on the Terrace event next month. 
The Friends of the Leasowes are providing pots of tea, sandwiches and cakes at Halesowen Golf Club on Sunday June 5 at 3pm. 
Group secretary Eva Field said: “The landscape created by William Shenstone at the Leasowes over 200 years ago still gives us pleasure today as our local park.” 
The cost is £7.50 per person and booking is essential as numbers are limited. 
To book a place at the clubhouse, Leasowes Lane, off Manor Lane, contact Phil Baldwin on 0121 422 9565, 07810274704 or email Baldwin_phil@hotmail.com Share:
</topic_text>
<spam_score>0.00</spam_score>
<post_num>1</post_num>
<post_id>post-1</post_id>
<post_url>http://www.herefordtimes.com/news/regional/west_midlands/14489357.Soak_in_the_view_with_tea_on_the_terrace_at_Halesowen_Golf_Club/?ref=rss</post_url>
<post_date>20160512</post_date>
<post_time>1430</post_time>
<username></username>
<post>
Soak in the view of Leasowes Park with tea on the terrace at Halesowen Golf Club Halesowen Golf Club 0 comments 
VISITORS can pour over the views of Halesowen ’s historic Leasowes Park – landscaped by William Shenstone - at a Tea on the Terrace event next month. 
The Friends of the Leasowes are providing pots of tea, sandwiches and cakes at Halesowen Golf Club on Sunday June 5 at 3pm. 
Group secretary Eva Field said: “The landscape created by William Shenstone at the Leasowes over 200 years ago still gives us pleasure today as our local park.” 
The cost is £7.50 per person and booking is essential as numbers are limited. 
To book a place at the clubhouse, Leasowes Lane, off Manor Lane, contact Phil Baldwin on 0121 422 9565, 07810274704 or email Baldwin_phil@hotmail.com Share:
</post>
<signature>

</signature>
<external_links>

</external_links>
<country>GB</country>
<main_image>http://www.herefordtimes.com/resources/images/5056760/</main_image>
</document>
