<?xml version="1.0" encoding="UTF-8"?>
<document>
<type>mainstream</type>
<forum>http://wn.com/ronda?upload_time=all_time&amp;orderby=rating</forum>
<forum_title>Ronda</forum_title>
<discussion_title>Randy Couture -- Ronda Was Wrong ... Shouldn&apos;t Have Exploded On Paige</discussion_title>
<language>english</language>
<gmt_offset></gmt_offset>
<topic_url>http://article.wn.com/view/2016/05/12/Randy_Couture_Ronda_Was_Wrong_Shouldnt_Have_Exploded_On_Paig/</topic_url>
<topic_text>
Randy Couture Ronda Was Wrong
1
7 minutes ago BY TMZ STAFF
You don&apos;t CUSS SOMEONE OUT for congratulating the person that beat you ... so says UFC legend Randy Couture, who says Ronda
</topic_text>
<spam_score>0.00</spam_score>
<post_num>1</post_num>
<post_id>post-1</post_id>
<post_url>http://article.wn.com/view/2016/05/12/Randy_Couture_Ronda_Was_Wrong_Shouldnt_Have_Exploded_On_Paig/</post_url>
<post_date>20160512</post_date>
<post_time></post_time>
<username>wn.com</username>
<post>
Randy Couture Ronda Was Wrong
1
7 minutes ago BY TMZ STAFF
You don&apos;t CUSS SOMEONE OUT for congratulating the person that beat you ... so says UFC legend Randy Couture, who says Ronda
</post>
<signature>

</signature>
<external_links>

</external_links>
<country>GB</country>
<main_image>http://i.ytimg.com/vi/vBxZcQvM3VE/0.jpg</main_image>
</document>
