<?xml version="1.0" encoding="UTF-8"?>
<document>
<type>mainstream</type>
<forum>http://www.delas.pt/feed</forum>
<forum_title>Delas</forum_title>
<discussion_title>Da natureza para a cosmética</discussion_title>
<language>portuguese</language>
<gmt_offset></gmt_offset>
<topic_url>http://www.delas.pt/da-natureza-para-a-cosmetica/</topic_url>
<topic_text>
Da natureza para a cosmética 12/05/2016 Exfoliante de corpo com perfume a rosas inglesas,The Body Shop. Máscara facial com extracto de abacate, Sephora. Creme hidratante com todas as propriedades da uva, Caudalíe Creme para combater a celulite com extratos de semente de Longana, Sisley. Creme de olhos com extratos de algas, Clinique. Gel calmante ehidratante com concentrado de Aloe Vera, [comfort zone]. Serúm com extracto de quinoa, Kiehl&apos;s Serúm de olhos em stick com extracto de bamboo, Tony Moly na Sephora 
Não é por acaso que plantas e frutas fazem parte de quase todos os remédios caseiros, os benefícios dos ingredientes naturais são reconhecidos em várias áreas, incluindo a cosmética. 
Os segredos de beleza caseiros do tempo das nossas avós, têm um fundamento real e muita dessa sabedoria foi levada para o mundo da cosmética. São muitos os cremes e sérum que usam extratos e concentrados de plantas ou frutas na sua composição (atenção que isto não quer dizer que são biológicos). Descubra quais são os novos cremes que têm um pouco de natureza no frasco na nossa galeria.
</topic_text>
<spam_score>0.00</spam_score>
<post_num>1</post_num>
<post_id>post-1</post_id>
<post_url>http://www.delas.pt/da-natureza-para-a-cosmetica/</post_url>
<post_date>20160512</post_date>
<post_time>1500</post_time>
<username>margaridapaes</username>
<post>
Da natureza para a cosmética 12/05/2016 Exfoliante de corpo com perfume a rosas inglesas,The Body Shop. Máscara facial com extracto de abacate, Sephora. Creme hidratante com todas as propriedades da uva, Caudalíe Creme para combater a celulite com extratos de semente de Longana, Sisley. Creme de olhos com extratos de algas, Clinique. Gel calmante ehidratante com concentrado de Aloe Vera, [comfort zone]. Serúm com extracto de quinoa, Kiehl&apos;s Serúm de olhos em stick com extracto de bamboo, Tony Moly na Sephora 
Não é por acaso que plantas e frutas fazem parte de quase todos os remédios caseiros, os benefícios dos ingredientes naturais são reconhecidos em várias áreas, incluindo a cosmética. 
Os segredos de beleza caseiros do tempo das nossas avós, têm um fundamento real e muita dessa sabedoria foi levada para o mundo da cosmética. São muitos os cremes e sérum que usam extratos e concentrados de plantas ou frutas na sua composição (atenção que isto não quer dizer que são biológicos). Descubra quais são os novos cremes que têm um pouco de natureza no frasco na nossa galeria.
</post>
<signature>

</signature>
<external_links>

</external_links>
<country>PT</country>
<main_image>http://www.delas.pt/files/2016/05/shutterstock_136424057.jpg</main_image>
</document>
