<?xml version="1.0" encoding="UTF-8"?>
<document>
<type>mainstream</type>
<forum>http://www.almanar.com.lb/cat/lebanon/page/10</forum>
<forum_title>لبنان – Page 10 – موقع قناة المنار – لبنان</forum_title>
<discussion_title>“الناتو” يؤكد عجزه عن مواجهة صواريخ روسيا</discussion_title>
<language>arabic</language>
<gmt_offset></gmt_offset>
<topic_url>http://www.almanar.com.lb/235761</topic_url>
<topic_text>
دشن أمين عام حلف “الناتو” ينس ستولتنبرغ مجمعا تابعا للدرع الصاروخية العالمية في رومانيا، مؤكدا أنه عاجز عن مواجهة صواريخ روسيا، فيما أكدت موسكو اتخاذ الإجراءات الضرورية لضمان أمنها.
وحضر لفيف من المسؤولين الرومانيين والأمريكيين وممثلي حلف الناتو المراسم التي جرت يوم الخميس 12 مايو/أيار في قاعدة ديفيسيلو برومانيا، للإعلان عن دخول مجمع “إيجيس” للدفاع الصاروخي حالة الاستعداد العملياتي.
المصدر: روسيا اليوم
</topic_text>
<spam_score>0.00</spam_score>
<post_num>1</post_num>
<post_id>post-1</post_id>
<post_url>http://www.almanar.com.lb/235761</post_url>
<post_date>20160512</post_date>
<post_time></post_time>
<username>almanar.com.lb</username>
<post>
دشن أمين عام حلف “الناتو” ينس ستولتنبرغ مجمعا تابعا للدرع الصاروخية العالمية في رومانيا، مؤكدا أنه عاجز عن مواجهة صواريخ روسيا، فيما أكدت موسكو اتخاذ الإجراءات الضرورية لضمان أمنها.
وحضر لفيف من المسؤولين الرومانيين والأمريكيين وممثلي حلف الناتو المراسم التي جرت يوم الخميس 12 مايو/أيار في قاعدة ديفيسيلو برومانيا، للإعلان عن دخول مجمع “إيجيس” للدفاع الصاروخي حالة الاستعداد العملياتي.
المصدر: روسيا اليوم
</post>
<signature>

</signature>
<external_links>

</external_links>
<country>GB</country>
<main_image>http://www.almanar.com.lb/framework/includes/uploads/2016/05/manar-05390540014623501558-530x352.jpg</main_image>
</document>
