<?xml version="1.0" encoding="UTF-8"?>
<document>
<type>mainstream</type>
<forum>http://www.laprovinciacr.it/rss.jsp?sezione=10</forum>
<forum_title>La Provincia</forum_title>
<discussion_title>Grande festa della famiglia .domenica 22 in piazza</discussion_title>
<language>italian</language>
<gmt_offset></gmt_offset>
<topic_url>http://www.laprovinciacr.it/news/tempo-libero/141804/Grande-festa-della-famiglia--domenica.html</topic_url>
<topic_text>
  Cremona Grande festa della famiglia .domenica 22 in piazza 
Torna domenica 22 maggio la ‘Festa diocesana della famiglia’ , che porterà in piazza del Comune le famiglie di tutta la diocesi. Una festa ‘pomeridiana’ che avrà momenti di musica, di spettacolo,di riflessione e di confronto. Giovedì 12 maggio alle 17, nella sala conferenze della Curia, la festa sarà presentata dal vescovo Antonio Napolioni, affiancato dal delegato episcopale per la pastorale don Irvano Maglia e dal responsabile dell’ufficio per la pastorale familiare, don Giuseppe Nevi. La conferenza stampa sarà moderata da don Attilio Cibolini, direttore dall’ufficio diocesano per le comunicazioni sociali. Intanto, in attesa di conoscere tutti i dettagli della manifestazione, un mix di musica, spettacolo, riflessione, con partenza dalle varie parrocchie della città, è partita la lettera del vescovo a tutte le comunità parrocchiali della diocesi affinché siano presenti in forze. La famiglia è una delle ‘priorità’ nell’agenda pastorale di Napolioni, che ne ha già incontrate tante nei suoi primi cento giorni di intenso ministero in terra cremonese, e delle quali ha conosciuto difficoltà e speranze. Alla festa, che si colloca tra l’altro nel dibattito,acceso, sulleunionicivili, porteràil suo saluto il sindaco Gianluca Galimberti.Si spera nel meteo, ma sarà davvero un grande appuntamento, che premierà gli sforzi, notevoli, degli organizzatori, che ci stanno mettendo energie e impegno. Ovviamente la partecipazione è libera e aperta a tutti. A qualsiasi età. © RIPRODUZIONE RISERVATA
</topic_text>
<spam_score>0.00</spam_score>
<post_num>1</post_num>
<post_id>post-1</post_id>
<post_url>http://www.laprovinciacr.it/news/tempo-libero/141804/Grande-festa-della-famiglia--domenica.html</post_url>
<post_date>20160512</post_date>
<post_time>1134</post_time>
<username></username>
<post>
  Cremona Grande festa della famiglia .domenica 22 in piazza 
Torna domenica 22 maggio la ‘Festa diocesana della famiglia’ , che porterà in piazza del Comune le famiglie di tutta la diocesi. Una festa ‘pomeridiana’ che avrà momenti di musica, di spettacolo,di riflessione e di confronto. Giovedì 12 maggio alle 17, nella sala conferenze della Curia, la festa sarà presentata dal vescovo Antonio Napolioni, affiancato dal delegato episcopale per la pastorale don Irvano Maglia e dal responsabile dell’ufficio per la pastorale familiare, don Giuseppe Nevi. La conferenza stampa sarà moderata da don Attilio Cibolini, direttore dall’ufficio diocesano per le comunicazioni sociali. Intanto, in attesa di conoscere tutti i dettagli della manifestazione, un mix di musica, spettacolo, riflessione, con partenza dalle varie parrocchie della città, è partita la lettera del vescovo a tutte le comunità parrocchiali della diocesi affinché siano presenti in forze. La famiglia è una delle ‘priorità’ nell’agenda pastorale di Napolioni, che ne ha già incontrate tante nei suoi primi cento giorni di intenso ministero in terra cremonese, e delle quali ha conosciuto difficoltà e speranze. Alla festa, che si colloca tra l’altro nel dibattito,acceso, sulleunionicivili, porteràil suo saluto il sindaco Gianluca Galimberti.Si spera nel meteo, ma sarà davvero un grande appuntamento, che premierà gli sforzi, notevoli, degli organizzatori, che ci stanno mettendo energie e impegno. Ovviamente la partecipazione è libera e aperta a tutti. A qualsiasi età. © RIPRODUZIONE RISERVATA
</post>
<signature>

</signature>
<external_links>

</external_links>
<country>IT</country>
<main_image>http://www.laprovinciacr.it/resizer/600/315/true/1463052728199.jpg--grande_festa_della_famiglia__domenica_22_in_piazza.jpg?1463052732000</main_image>
</document>
