<?xml version="1.0" encoding="UTF-8"?>
<document>
<type>mainstream</type>
<forum>http://www.fromwoman.com/vb/external.php?type=RSS2</forum>
<forum_title>منتديات سيدتي الجميلة</forum_title>
<discussion_title>عرض سارى من كازيون ماركت حتى 24 مايو 2016</discussion_title>
<language>arabic</language>
<gmt_offset></gmt_offset>
<topic_url>http://www.fromwoman.com/vb/t101377-post400043.html</topic_url>
<topic_text>
سعر الذهب - سعر الدولار - سعر اليورو - اسعار الحديد - اسعار الاسمنت - اسعار الخضار - عروض هيبر وان -عروض كارفور - اسعار العملات فى مصر- اسعار الاسهم Tags H1 to H6 منتديات سيدتي الجميلة عرض سارى من كازيون ماركت حتى 24 مايو 2016 عرض سارى من كازيون ماركت حتى 24 مايو 2016
</topic_text>
<spam_score>0.00</spam_score>
<post_num>1</post_num>
<post_id>post-1</post_id>
<post_url>http://www.fromwoman.com/vb/t101377-post400043.html</post_url>
<post_date>20160512</post_date>
<post_time>1427</post_time>
<username>جنة الفردوس</username>
<post>
سعر الذهب - سعر الدولار - سعر اليورو - اسعار الحديد - اسعار الاسمنت - اسعار الخضار - عروض هيبر وان -عروض كارفور - اسعار العملات فى مصر- اسعار الاسهم Tags H1 to H6 منتديات سيدتي الجميلة عرض سارى من كازيون ماركت حتى 24 مايو 2016 عرض سارى من كازيون ماركت حتى 24 مايو 2016
</post>
<signature>

</signature>
<external_links>

</external_links>
<country>DE</country>
<main_image></main_image>
</document>
