<?xml version="1.0" encoding="UTF-8"?>
<document>
<type>mainstream</type>
<forum></forum>
<forum_title></forum_title>
<discussion_title>Karupatti Coffee Recipe - Palm Jaggery Coffee Recipe | Sharmis Passions</discussion_title>
<language>english</language>
<gmt_offset></gmt_offset>
<topic_url>http://www.sharmispassions.com/2014/04/karupatti-coffee-recipe-palm-jaggery-coffee.html</topic_url>
<topic_text>
Sunday, April 20, 2014 Karupatti Coffee Recipe - Palm Jaggery Coffee Recipe Karupatti Coffee(கருப்பட்டி வெல்லம் / Panai Vellam) is black coffee without milk made with palm jaggery.If you prefer you can make this coffee with milk but traditionally it is made like this so wanted to post it the same way.Palm Jaggery is is natural and unrefined so sure a healthy alternate to sugar coffee.This coffee is very refreshing. Few weeks back, my neighbor gave a pack of fresh karupatti which she got from her hometown, I wanted to try recipes with it so this is my first easy recipe with karupatti. As the one I got is fresh she insisted to break the whole karupatti into pieces and refrigerate it.But if you buy the packed ones which is a vailable at many supermarkets, then you can refrigerate it as whole itself. Karupatti Coffee Recipe Preparation Time : 5 minutes | Cooking Time : 10 mins | Serves : 2 Recipe Category : Drinks | Recipe Cuisine : South Indian Water - 2 cups Instant Coffee powder - 1 tsp (OR) Coffee Decotion - 2 tsp Method: Boil water till it bubbles up, add palm jaggery and let it boil for 3mins. Then add instant coffee powder OR coffee decotion and let it boil. Let it boil for a good 5-7mins.Strain and serve hot. Serve hot with breakfast or with teatime snacks. My Notes: Adjust palm jaggery according to the sweetness you like but 1/4 cup for 2 cups of water is just right not too sweet. You can add 1/4 tsp ginger chopped while boiling water. If you prefer, you can add 1 cup milk and 1 cup water but traditionally karupaati coffee is made without milk. 
</topic_text>
<spam_score>0.00</spam_score>
<post_num>1</post_num>
<post_id>post-1</post_id>
<post_url>http://www.sharmispassions.com/2014/04/karupatti-coffee-recipe-palm-jaggery-coffee.html</post_url>
<post_date>20160512</post_date>
<post_time></post_time>
<username></username>
<post>
Sunday, April 20, 2014 Karupatti Coffee Recipe - Palm Jaggery Coffee Recipe Karupatti Coffee(கருப்பட்டி வெல்லம் / Panai Vellam) is black coffee without milk made with palm jaggery.If you prefer you can make this coffee with milk but traditionally it is made like this so wanted to post it the same way.Palm Jaggery is is natural and unrefined so sure a healthy alternate to sugar coffee.This coffee is very refreshing. Few weeks back, my neighbor gave a pack of fresh karupatti which she got from her hometown, I wanted to try recipes with it so this is my first easy recipe with karupatti. As the one I got is fresh she insisted to break the whole karupatti into pieces and refrigerate it.But if you buy the packed ones which is a vailable at many supermarkets, then you can refrigerate it as whole itself. Karupatti Coffee Recipe Preparation Time : 5 minutes | Cooking Time : 10 mins | Serves : 2 Recipe Category : Drinks | Recipe Cuisine : South Indian Water - 2 cups Instant Coffee powder - 1 tsp (OR) Coffee Decotion - 2 tsp Method: Boil water till it bubbles up, add palm jaggery and let it boil for 3mins. Then add instant coffee powder OR coffee decotion and let it boil. Let it boil for a good 5-7mins.Strain and serve hot. Serve hot with breakfast or with teatime snacks. My Notes: Adjust palm jaggery according to the sweetness you like but 1/4 cup for 2 cups of water is just right not too sweet. You can add 1/4 tsp ginger chopped while boiling water. If you prefer, you can add 1 cup milk and 1 cup water but traditionally karupaati coffee is made without milk. 
</post>
<signature>

</signature>
<external_links>

</external_links>
<country>US</country>
<main_image></main_image>
</document>
