<?xml version="1.0" encoding="UTF-8"?>
<document>
<type>mainstream</type>
<forum></forum>
<forum_title></forum_title>
<discussion_title>News Details | allblacks.com</discussion_title>
<language>english</language>
<gmt_offset></gmt_offset>
<topic_url>http://www.allblacks.com/News/29158/baker-to-captain-all-blacks-sevens-for-paris-sevens</topic_url>
<topic_text>
Baker to captain All Blacks Sevens for Paris Sevens allblacks.com 12 May 2016 Getty Images The All Blacks Sevens team for this weekend’s Paris Sevens (13-15 May) will be captained by Kurt Baker for the first time after injuries ruled out Tim Mikkelson and DJ Forbes who have led the team this season. The team is: 
</topic_text>
<spam_score>0.00</spam_score>
<post_num>1</post_num>
<post_id>post-1</post_id>
<post_url>http://www.allblacks.com/News/29158/baker-to-captain-all-blacks-sevens-for-paris-sevens</post_url>
<post_date>20160512</post_date>
<post_time></post_time>
<username></username>
<post>
Baker to captain All Blacks Sevens for Paris Sevens allblacks.com 12 May 2016 Getty Images The All Blacks Sevens team for this weekend’s Paris Sevens (13-15 May) will be captained by Kurt Baker for the first time after injuries ruled out Tim Mikkelson and DJ Forbes who have led the team this season. The team is: 
</post>
<signature>

</signature>
<external_links>

</external_links>
<country>SG</country>
<main_image>http://media.allblacks.com/media/B01BBBFC-C420-908D-9EF9EAE0B7161C95.jpg</main_image>
</document>
