<?xml version="1.0" encoding="UTF-8"?>
<document>
<type>mainstream</type>
<forum></forum>
<forum_title></forum_title>
<discussion_title>eSports awareness to surge past 1 billion consumers in 2016 - Newzoo | GamesIndustry.biz</discussion_title>
<language>english</language>
<gmt_offset></gmt_offset>
<topic_url>http://www.gamesindustry.biz/articles/2016-05-11-esports-awareness-to-surge-past-1-billion-consumers-in-2016-newzoo</topic_url>
<topic_text>
eSports Insights 
Research firm credits increased media exposure, publisher involvement and formation of more leagues 
The competitive gaming scene is huge, and it&apos;s only getting bigger by the day. The latest eSports quarterly update from research firm Newzoo points out that this year should see awareness of eSports grow to more than a billion consumers globally. 
&quot;The explosive growth of eSports awareness is not coincidental. It can mainly be attributed to three things: increased involvement of mainstream media and broadcasters, a huge effort by publishers to build their eSports business and explosive growth in leagues and events organized on a global, regional, and particularly local scale,&quot; Newzoo explained. 
&quot;Within the last 12 months, a huge amount of international and local media companies have either featured, or have actively started reporting on eSports. Not only has eSports proven to be a trending topic in the media business, but it has also given media companies an opportunity to attract a younger demographic. A similar movement has occurred with traditional broadcasters, who are launching eSports events that are partly broadcasted on TV. Turner broadcasting, for example, now host its own leagues , undoubtedly with the intention to pull the younger demographic back to TV. At the same time, ESL is launching a 24/7 eSports channel in Nordic and Baltic countries.&quot; 
Newzoo examined 16 countries and found the average awareness of eSports among gamers increased from 53.7 percent in 2015 to 65.7 percent in 2016. Furthermore, the firm increased its audience figures from 131 million eSports Enthusiasts to 148 million. &quot;Combined with the 144 million Occasional Viewers (those who watch eSports less than once a month and mostly tune in for a big event or watch along with someone else), the total audience will reach 292 million,&quot; Newzoo said. 
You can read more from Newzoo about the eSports update on its blog . 
</topic_text>
<spam_score>0.00</spam_score>
<post_num>1</post_num>
<post_id>post-1</post_id>
<post_url>http://www.gamesindustry.biz/articles/2016-05-11-esports-awareness-to-surge-past-1-billion-consumers-in-2016-newzoo</post_url>
<post_date>20160511</post_date>
<post_time></post_time>
<username></username>
<post>
eSports Insights 
Research firm credits increased media exposure, publisher involvement and formation of more leagues 
The competitive gaming scene is huge, and it&apos;s only getting bigger by the day. The latest eSports quarterly update from research firm Newzoo points out that this year should see awareness of eSports grow to more than a billion consumers globally. 
&quot;The explosive growth of eSports awareness is not coincidental. It can mainly be attributed to three things: increased involvement of mainstream media and broadcasters, a huge effort by publishers to build their eSports business and explosive growth in leagues and events organized on a global, regional, and particularly local scale,&quot; Newzoo explained. 
&quot;Within the last 12 months, a huge amount of international and local media companies have either featured, or have actively started reporting on eSports. Not only has eSports proven to be a trending topic in the media business, but it has also given media companies an opportunity to attract a younger demographic. A similar movement has occurred with traditional broadcasters, who are launching eSports events that are partly broadcasted on TV. Turner broadcasting, for example, now host its own leagues , undoubtedly with the intention to pull the younger demographic back to TV. At the same time, ESL is launching a 24/7 eSports channel in Nordic and Baltic countries.&quot; 
Newzoo examined 16 countries and found the average awareness of eSports among gamers increased from 53.7 percent in 2015 to 65.7 percent in 2016. Furthermore, the firm increased its audience figures from 131 million eSports Enthusiasts to 148 million. &quot;Combined with the 144 million Occasional Viewers (those who watch eSports less than once a month and mostly tune in for a big event or watch along with someone else), the total audience will reach 292 million,&quot; Newzoo said. 
You can read more from Newzoo about the eSports update on its blog . 
</post>
<signature>

</signature>
<external_links>

</external_links>
<country>RE</country>
<main_image>http://images.eurogamer.net/2015/articles/1/8/2/9/8/3/9/esports-awareness-to-surge-past-1-billion-consumers-in-2016-newzoo-1462994086762.jpg/EG11/thumbnail/300x300/normalize/1</main_image>
</document>
