<?xml version="1.0" encoding="UTF-8"?>
<document>
<type>mainstream</type>
<forum>http://www.dailymail.co.uk/news/articles.rss</forum>
<forum_title>News Articles | Mail Online</forum_title>
<discussion_title>Teenager fights off masked knife burglar at his £5m home with an UMBRELLA as he shouts &apos;You have no idea who you&apos;re messing with!&apos;</discussion_title>
<language>english</language>
<gmt_offset></gmt_offset>
<topic_url>http://www.dailymail.co.uk/news/article-3587063/Teenager-fights-masked-knife-burglar-5m-home-UMBRELLA-shouts-no-idea-messing-with.html</topic_url>
<topic_text>
17 shares 183
View
comments
A teenager bravely fought off an armed intruder with an umbrella after being tied up and threatened with a knife in his £5 million Hampstead home.
A-level student George Zelonka, 19, was revising in his bedroom in the house he shares with his father when the intruder burst into his room.
The man dressed all in black, wearing gloves and masked, was brandishing a nine inch knife.
He forced Mr Zelonka to lie face-down on his bedroom floor, while he tied him up with cable ties and brandished the blade in his face.
Scroll down for video
CCTV footage caught the moment George Zelonka, 19, fought off a knife-wielding burglar with an umbrella
Mr Zelonka, left and right, said the experience was &apos;terrifying&apos; and had little time to think about his actions
Mr Zelonka said: &apos;Obviously it was terrifying. I didn&apos;t know what to make of it. I only had a minute to think about it while he was tying me up.&apos;
He continued: &apos;The first thing that came to my mind was that he was a burglar and he was going to steal things, but when I started hearing plastic bags I was worried he&apos;d kill me.
&apos;He told me he&apos;d kill me if I moved while he was tying me up.&apos;
At this point, Mr Zelonka leapt into action and jumped to his feet, somehow managing to snap the cable ties in the process.
He began shouting at the intruder saying, &apos;You don&apos;t know who you are dealing with, get the f*** out.&apos;
Mr Zelonka continued: &apos;If you&apos;re asking me how it felt after I freed myself from the ties, it was even more terrifying.
&apos;I didn&apos;t know how it was going to go because obviously he had the knife.&apos;
The 19-year-old said he was &apos;no hero&apos; and that his actions were prompted by the &apos;adrenaline kicking in&apos;.
The intruder, still brandishing the knife, began jabbing it towards Mr Zelonka, in a defensive way.
Mr Zelonka said: &apos;He was backing out jabbing his knife at me to keep me away. In the end he actually asked me &apos;can I go now?&apos;
Mr Zelonka, left and right, managed to escape being tied up and chased off the intruder with an umbrella
&apos;I grabbed the umbrella and followed him out. It&apos;s quite heavy and I thought I could do some damage with it so I kept chasing him.&apos;
He then chased the culprit barefoot 100 yards until he reached Hampstead Heath.
Mr Zelonka added: &apos;I&apos;m not sure it was totally me chasing him. He was running away. It was the adrenaline. I knew if I didn&apos;t chase him I would lose him so I just kept running.&apos;
His father Paul Goldstein, a property developer, was at work at the time.
Mr Goldstein said: &apos;At first I thought it was a prank, but he has never played a prank on me before though.
&apos;He was very hysterical and I asked him whether I should call the police and he said yes. That&apos;s when I knew it wasn&apos;t a prank.&apos;
Mr Zelonka is currently preparing to sit his A-Levels in theatre studies, film studies and psychology, with a view to study film at Exeter.
His father said: &apos;If you&apos;ve got children it&apos;s something which you can understand that I am upset about.
 Next ‘Please no, please, no’: Father pleaded with a mob of men to... Town raises funds to thank hairdresser who caught double... &apos;And I&apos;m upset that someone has broken into my house, of course.&apos;
Mr Goldstein also said he didn&apos;t know what the motive was, as the intruder ran past his office with his laptop and wallet in full show.
Mr Goldstein described his son as a &apos;nice, affable lad&apos; who had &apos;never been in a fight before&apos; but was phsyically strong.
He said: &apos;He hasn&apos;t got an aggressive bone in his body.&apos;
He added that Mr Zelonka, who is half-American and half-British, used to get teased as a youngster due to his &apos;goofy accent&apos;.
He said: &apos;I&apos;m proud of him because it could be the making of him in terms of his self-confidence&apos;.
However, while Mr Zelonka dreams of working in film, his father said he would not need the incident for inspiration.
He said: &apos;He won&apos;t need it. He&apos;s very creative and artistic,&apos;
Mr Zelonka, left and right, managed to escape being tied up and chased off the intruder with an umbrella
Mr Zelonka added: &apos;I&apos;m relieved that he did&apos;t hurt me, I just really want them to catch the guy. I don&apos;t want it to happen to anyone else.&apos;
Police are appealing for witnesses and have launched a hunt for the offender, who was described as being dressed all in black and of &apos;Oriental&apos; appearance.
According to the Evening Standard, a newsletter sent to residents has distanced this incident with a series of violent robberies that took place in Hampstead earlier this year.
PC Edward Quote: : &apos;I understand many of you will draw parallels to the horrible burglaries last year, however at this time - there is no information to suggest this is part of a linked series of crime.
&apos;We have lots of questions and very few answers, we are yet to establish who this man was and what his motives were.&apos;
In November 2015, burglars struck five times in one week in one Hampstead street while a mother was violently robbed on her doorstep by masked men who threatened her child.
Three patrol cars and two mounted officers were sent to Mr Zelonka&apos;s home and a helicopter was requested but unable to attend due to bad weather.
No one was injured and nothing was taken from the home.
Any witnesses or anyone with any information should call Camden CID on 101.
</topic_text>
<spam_score>0.00</spam_score>
<post_num>98</post_num>
<post_id>post-98</post_id>
<post_url>http://www.dailymail.co.uk/news/article-3587063/Teenager-fights-masked-knife-burglar-5m-home-UMBRELLA-shouts-no-idea-messing-with.html</post_url>
<post_date>20160512</post_date>
<post_time>1728</post_time>
<username>ChenStormstout</username>
<post>
This is what i am most scared of... if someone came into my house what am i suppose to do? I am legitimately scared to defend myself and believe i should just stand there and make them a cuppa whilst they are at it.
</post>
<signature>

</signature>
<external_links>

</external_links>
<country>GB</country>
<main_image>http://i.dailymail.co.uk/i/pix/2016/05/12/15/3416016500000578-0-image-a-58_1463062978045.jpg</main_image>
</document>
