<?xml version="1.0" encoding="UTF-8"?>
<document>
<type>mainstream</type>
<forum>http://rssfeeds.lohud.com/westchester/entertainment</forum>
<forum_title>West Chester - Entertainment</forum_title>
<discussion_title>Metro Awards judges discuss the process</discussion_title>
<language>english</language>
<gmt_offset></gmt_offset>
<topic_url>http://www.lohud.com/story/entertainment/theater/high-school/2016/05/12/metro-awards-judges/84176816/</topic_url>
<topic_text>
Metro Awards judges discuss the process Peter D. Kramer , pkramer@lohud.com 6:02 a.m. EDT May 12, 2016 Buy Photo Metro Awards producer Danielle Rudess of the Helen Hayes Youth Theater and lohud.com&apos;s Peter D. Kramer announce the 2015 Metros nominees. Rudess and Kramer will announce the 2016 nominees at 7 p.m. Monday, live on lohud.com (Photo: File photo by Peter Carr/The Journal News) Buy Photo Story Highlights The Metro Awards nominations will be webcast live at 7 p.m. Monday on lohud.com 23 judges saw the 48 participating productions this year Schools from Rockland, Westchester, Putnam and Bergen counties participated in the competition The Metros will be handed out June 6 at Stepinac High School in White Plains 1 CONNECT COMMENT EMAIL MORE 
When the nominees for the 18th Metropolitan High School Theater Awards are announced — at 7 p.m. Monday in a live webcast on lohud.com — there will be surprises for directors, actors, stage-crew kids ... and even the judges. 
Two of this year’s Metros judges, Annamarie Mastroberardino and Sondra Stowe, pulled back the curtain a bit, talking about how they judge, the shows they saw and their role in the process. They also talked about avoiding conflicts of interest by only judging schools with which they have no connection. 
There are 48 high schools participating in the 2016 Metro Awards, the high-school equivalent of the Tony Awards in the Lower Hudson Valley. Produced by Danielle Rudess of the Helen Hayes Youth Theatre in Nyack, the Metros honor work on stages in Rockland, Westchester, Putnam and Bergen counties. 
Not all schools enter, but those that do have their performances visited by three judges who consider a host of criteria in 26 categories, from lobby display and graphic design to leading actor and actress and the evening’s big prize: outstanding overall production. A 27th category, technical merit, is nominated by teachers and judged by Metros judges. Buy Photo 
Annamarie Mastroberardino has been a judge for the Metro Awards the past two years. (Photo: Peter D. Kramer/The Journal News) “I just love going to see high school musicals, all the talent that&apos;s out there.” Annamarie Mastroberardino, Metros judge 
Rudess employed 23 judges this year, five of whom were new to the process. 
“Each judge adjudicated a minimum of three shows,” Rudess said, “but the average was eight shows per judge. Since the shows were more spread out this year, we were able to have each judge attend more than in previous years.” 
Mastroberardino judged seven shows and Stowe judged 20; both said they saw additional shows that they did not judge. 
Rudess seeks judges with backgrounds in all aspects of theater: in singing, dancing and acting and in the technical departments of scenic, lighting and costume design. Judges cannot be part of a participating high school’s production creative team and the families of cast members cannot be judges. 
Both judges who spoke about the Metros have performing-arts bona fides. Mastroberardino runs the Harrison-based New York Performing Arts Center, which teaches theater, voice and dance. Stowe, a former opera singer, teaches voice in Rockland. “I gush when I have to gush. And if it comes down to two performances and one has comments like, ‘This girl is going to be a star,’ and the other is more sober, those comments help to break a tie.” Sondra Stowe, Metros judge 
Mastroberardino had to wait to begin her judging. For years, her daughter Halle was a Harrison standout. Stowe’s daughter, a choreographer, was once a Metros judge. 
&quot;I wanted to do it for a long time, but I couldn&apos;t when Halle was in school,” said Mastroberardino, in her second year judging. “I just love going to see high school musicals, all the talent that&apos;s out there. 
&quot;People don’t realize what goes into it,” she said. 
For example, each school sends a note to producer Rudess, detailing the production’s budget, school size and any other obstacles or mitigating factors that they feel judges should consider. 
Both judges said they take those notes seriously. 
“Some schools have zero budget,” Mastroberardino said. “Their budget is from their playbill and ticket sales from the previous year. Other schools have like $40,000 or $60,000. You have to take that into account.” 
Judges also find out if the casting involves putting everyone who auditioned on the stage or if there were cuts made during casting. 
“You go in knowing their budget, how they cast and what characters can be nominated in which category,” Mastroberardino said. “I have no idea who’ll be nominated. All I know is what I saw and what I said. I can’t wait to see who gets the nominations.” Annamarie Mastroberardino, judge 
Stowe said the budget really has an impact on production values. 
“If a school has a $2,000 budget and a bare-bones set, they’re not likely to get a nomination for best scenic design,” she said. “But they might get some artistic nominations. I try to balance it.” 
Mastroberardino liked what she saw. 
“The boys just blew me away this season,” she said. “They really stood out, which made me so happy, because I know how hard it is to get boys to do theater. And to see boys who were stealing the show doing theater was really refreshing.” 
Stowe agreed. Buy Photo 
Sondra Stowe has been a judge for the Metro Awards for more than a decade. The vocal teacher and former opera singer said she judged 20 musicals this year. (Photo: Peter D. Kramer/The Journal News) 
“I thought it was a really good year,” she said, noting that she nominated six schools for outstanding overall production, meaning they received only marks of excellent or outstanding. 
Seeing 20 schools means a hectic schedule some weekends, with Stowe seeing shows Thursday, Friday, Saturday and Sunday. She said she prefers not to take notes, but will make mental notes of all aspects of the production before going online to fill out the evaluation form. 
Mastroberardino said Rudess gathered judges via Skype before the season began to make sure they were all on the same page and understood the categories and criteria, but, other than that, they don’t interact with one another and don’t compare notes. 
Mastroberardino said she typically fills out the online judging form as soon as she gets home from the theater, or the next day. 
“I don’t want to lose anything, so I do it when it’s fresh in my mind,” she said. “It’s a lot to remember and it takes about an hour and a half or two hours to go through the whole form.” 
Each element is judged outstanding, excellent, very good, good or needs improvement — and each item has a space for comments. 
“Some things I rave over,” Stowe said. “I gush when I have to gush. And if it comes down to two performances and one has comments like, ‘This girl is going to be a star,’ and the other is more sober, those comments help to break a tie.” 
Stowe and Mastroberardino recognlize that their role is to provide one of three opinions. 
“They ask for my opinion and I give it to them, but there can be differences of opinion,” Mastroberardino said. 
They both make a point of stressing that they call it like they see it. 
Mastroberardino will be watching Monday’s nominations. 
“I have no idea who’ll be nominated,” she said. “All I know is what I saw and what I said. I can’t wait to see who gets the nominations.” 
She understands that feelings may be hurt. 
“They should not let it affect the fact the theater experience for them was wonderful,” Mastroberardino said. “And that’s what I like about the Metros. Even though it is a competition, the first year I went, when I came out of that place my heart was filled with joy. That theater, the night of the Metros, is like the best place to be. They’re all rooting for each other.” Buy Photo 
Gianna Prignano won the 2015 Metro Award for outstanding leading actress for her portrayal of Mrs. Wilkinson in Archbishop Stepinac&apos;s production of &quot;Billy Elliot.&quot; (Photo: File photo by Carucha L. Meuse/The Journal News) Watch the nominations 
What: The nominations for the 18th annual Metro Awards. 
When : 7 p.m. Monday, May 16. 
Where: A live webcast at www.lohud.com . 
Good to know: 48 schools took part and there will be nominees in 27 categories. Who&apos;s taking part? 
Here&apos;s a list of the 48 schools participating in the 2016 Metro Awards. 
Putnam : Brewster, &quot;Hello Dolly!&quot;; Carmel, &quot;The Wizard of Oz&quot;; Putnam Valley, &quot;Me and My Girl.&quot; Buy Photo 
Last year, James McCarthy of Pleasantville High School won the Metro Award for outstanding leading actor for the second straight year, for his portrayal of three roles in &quot;Man of La Mancha.&quot; The year before, he won for his role as Emile de Becque in &quot;South Pacific.&quot; This year, McCarthy played Billy Bigelow in &quot;Carousel.&quot; (Photo: File photo by Carucha L. Meuse/The Journal News) 
Rockland : Clarkstown South, &quot;Nice Work If You Can Get It&quot;; Pearl River, &quot;You’re a Good Man, Charlie Brown&quot;; Ramapo, &quot;Hairspray&quot;; Rockland Country Day, &quot;25th Annual Putnam County Spelling Bee&quot;; Spring Valley, &quot;Aida&quot;; Tappan Zee, &quot;The Producers.&quot; 
Westchester : Alexander Hamilton, &quot;Once on This Island&quot;; Archbishop Stepinac, &quot;Sister Act&quot;; Blind Brook, &quot;Anything Goes&quot;; Briarcliff, &quot;Cinderella&quot;; Byram Hills, &quot;Beauty and the Beast&quot;; Edgemont, &quot;Into the Woods&quot;; Harrison, &quot;Guys and Dolls&quot;; Hastings, &quot;Les Miserables&quot;; Hendrick Hudson, &quot;Beauty and the Beast&quot;; Kennedy Catholic, &quot;Cinderella&quot;; Lakeland, &quot;How to Succeed in Business Without Really Trying&quot;; Peekskill, &quot;Hairspray&quot;; Pleasantville, &quot;Carousel&quot;; Port Chester, &quot;Pippin&quot;; Rye, &quot;Shrek&quot;; Rye Country Day School, &quot;Legally Blonde&quot;; Rye Neck, &quot;Into the Woods&quot;; Sleepy Hollow, &quot;Seussical&quot;; Tuckahoe, &quot;The Little Mermaid&quot;; Valhalla, &quot;Godspell&quot;; Walter Panas, &quot;The Addams Family&quot;; Westlake, &quot;Grease&quot;; Woodlands, &quot;Into the Woods.&quot; 
Bergen : Academy of the Holy Angels, &quot;Children of Eden&quot;; Bergen County Academies, &quot;Evita&quot;; Don Bosco Prep, &quot;How to Succeed in Business Without Really Trying&quot;; Emerson, &quot;Mame&quot;; Fair Lawn, &quot;Chaplin the Musical&quot;; Hackensack, &quot;Into the Woods&quot;; Immaculate Conception, &quot;Beauty and the Beast&quot;; Mahwah, &quot;Once Upon a Mattress&quot;; New Milford, &quot;The Drowsy Chaperone&quot;; Northern Highlands, &quot;Godspell&quot;; Pascack Valley, &quot;Urinetown&quot;; Ramapo, &quot;The Secret Garden&quot;; Ramsey High School, &quot;No, No Nanette&quot;; River Dell, &quot;Les Miserables&quot;; Saddle River Day, &quot;The Drowsy Chaperone&quot;; St. Joseph Regional, &quot;Urinetown.&quot;​ 1 CONNECT COMMENT EMAIL MORE Read or Share this story: http://lohud.us/27g3n8v MORE STORIES
</topic_text>
<spam_score>0.00</spam_score>
<post_num>1</post_num>
<post_id>post-1</post_id>
<post_url>http://www.lohud.com/story/entertainment/theater/high-school/2016/05/12/metro-awards-judges/84176816/</post_url>
<post_date>20160512</post_date>
<post_time>1002</post_time>
<username></username>
<post>
Metro Awards judges discuss the process Peter D. Kramer , pkramer@lohud.com 6:02 a.m. EDT May 12, 2016 Buy Photo Metro Awards producer Danielle Rudess of the Helen Hayes Youth Theater and lohud.com&apos;s Peter D. Kramer announce the 2015 Metros nominees. Rudess and Kramer will announce the 2016 nominees at 7 p.m. Monday, live on lohud.com (Photo: File photo by Peter Carr/The Journal News) Buy Photo Story Highlights The Metro Awards nominations will be webcast live at 7 p.m. Monday on lohud.com 23 judges saw the 48 participating productions this year Schools from Rockland, Westchester, Putnam and Bergen counties participated in the competition The Metros will be handed out June 6 at Stepinac High School in White Plains 1 CONNECT COMMENT EMAIL MORE 
When the nominees for the 18th Metropolitan High School Theater Awards are announced — at 7 p.m. Monday in a live webcast on lohud.com — there will be surprises for directors, actors, stage-crew kids ... and even the judges. 
Two of this year’s Metros judges, Annamarie Mastroberardino and Sondra Stowe, pulled back the curtain a bit, talking about how they judge, the shows they saw and their role in the process. They also talked about avoiding conflicts of interest by only judging schools with which they have no connection. 
There are 48 high schools participating in the 2016 Metro Awards, the high-school equivalent of the Tony Awards in the Lower Hudson Valley. Produced by Danielle Rudess of the Helen Hayes Youth Theatre in Nyack, the Metros honor work on stages in Rockland, Westchester, Putnam and Bergen counties. 
Not all schools enter, but those that do have their performances visited by three judges who consider a host of criteria in 26 categories, from lobby display and graphic design to leading actor and actress and the evening’s big prize: outstanding overall production. A 27th category, technical merit, is nominated by teachers and judged by Metros judges. Buy Photo 
Annamarie Mastroberardino has been a judge for the Metro Awards the past two years. (Photo: Peter D. Kramer/The Journal News) “I just love going to see high school musicals, all the talent that&apos;s out there.” Annamarie Mastroberardino, Metros judge 
Rudess employed 23 judges this year, five of whom were new to the process. 
“Each judge adjudicated a minimum of three shows,” Rudess said, “but the average was eight shows per judge. Since the shows were more spread out this year, we were able to have each judge attend more than in previous years.” 
Mastroberardino judged seven shows and Stowe judged 20; both said they saw additional shows that they did not judge. 
Rudess seeks judges with backgrounds in all aspects of theater: in singing, dancing and acting and in the technical departments of scenic, lighting and costume design. Judges cannot be part of a participating high school’s production creative team and the families of cast members cannot be judges. 
Both judges who spoke about the Metros have performing-arts bona fides. Mastroberardino runs the Harrison-based New York Performing Arts Center, which teaches theater, voice and dance. Stowe, a former opera singer, teaches voice in Rockland. “I gush when I have to gush. And if it comes down to two performances and one has comments like, ‘This girl is going to be a star,’ and the other is more sober, those comments help to break a tie.” Sondra Stowe, Metros judge 
Mastroberardino had to wait to begin her judging. For years, her daughter Halle was a Harrison standout. Stowe’s daughter, a choreographer, was once a Metros judge. 
&quot;I wanted to do it for a long time, but I couldn&apos;t when Halle was in school,” said Mastroberardino, in her second year judging. “I just love going to see high school musicals, all the talent that&apos;s out there. 
&quot;People don’t realize what goes into it,” she said. 
For example, each school sends a note to producer Rudess, detailing the production’s budget, school size and any other obstacles or mitigating factors that they feel judges should consider. 
Both judges said they take those notes seriously. 
“Some schools have zero budget,” Mastroberardino said. “Their budget is from their playbill and ticket sales from the previous year. Other schools have like $40,000 or $60,000. You have to take that into account.” 
Judges also find out if the casting involves putting everyone who auditioned on the stage or if there were cuts made during casting. 
“You go in knowing their budget, how they cast and what characters can be nominated in which category,” Mastroberardino said. “I have no idea who’ll be nominated. All I know is what I saw and what I said. I can’t wait to see who gets the nominations.” Annamarie Mastroberardino, judge 
Stowe said the budget really has an impact on production values. 
“If a school has a $2,000 budget and a bare-bones set, they’re not likely to get a nomination for best scenic design,” she said. “But they might get some artistic nominations. I try to balance it.” 
Mastroberardino liked what she saw. 
“The boys just blew me away this season,” she said. “They really stood out, which made me so happy, because I know how hard it is to get boys to do theater. And to see boys who were stealing the show doing theater was really refreshing.” 
Stowe agreed. Buy Photo 
Sondra Stowe has been a judge for the Metro Awards for more than a decade. The vocal teacher and former opera singer said she judged 20 musicals this year. (Photo: Peter D. Kramer/The Journal News) 
“I thought it was a really good year,” she said, noting that she nominated six schools for outstanding overall production, meaning they received only marks of excellent or outstanding. 
Seeing 20 schools means a hectic schedule some weekends, with Stowe seeing shows Thursday, Friday, Saturday and Sunday. She said she prefers not to take notes, but will make mental notes of all aspects of the production before going online to fill out the evaluation form. 
Mastroberardino said Rudess gathered judges via Skype before the season began to make sure they were all on the same page and understood the categories and criteria, but, other than that, they don’t interact with one another and don’t compare notes. 
Mastroberardino said she typically fills out the online judging form as soon as she gets home from the theater, or the next day. 
“I don’t want to lose anything, so I do it when it’s fresh in my mind,” she said. “It’s a lot to remember and it takes about an hour and a half or two hours to go through the whole form.” 
Each element is judged outstanding, excellent, very good, good or needs improvement — and each item has a space for comments. 
“Some things I rave over,” Stowe said. “I gush when I have to gush. And if it comes down to two performances and one has comments like, ‘This girl is going to be a star,’ and the other is more sober, those comments help to break a tie.” 
Stowe and Mastroberardino recognlize that their role is to provide one of three opinions. 
“They ask for my opinion and I give it to them, but there can be differences of opinion,” Mastroberardino said. 
They both make a point of stressing that they call it like they see it. 
Mastroberardino will be watching Monday’s nominations. 
“I have no idea who’ll be nominated,” she said. “All I know is what I saw and what I said. I can’t wait to see who gets the nominations.” 
She understands that feelings may be hurt. 
“They should not let it affect the fact the theater experience for them was wonderful,” Mastroberardino said. “And that’s what I like about the Metros. Even though it is a competition, the first year I went, when I came out of that place my heart was filled with joy. That theater, the night of the Metros, is like the best place to be. They’re all rooting for each other.” Buy Photo 
Gianna Prignano won the 2015 Metro Award for outstanding leading actress for her portrayal of Mrs. Wilkinson in Archbishop Stepinac&apos;s production of &quot;Billy Elliot.&quot; (Photo: File photo by Carucha L. Meuse/The Journal News) Watch the nominations 
What: The nominations for the 18th annual Metro Awards. 
When : 7 p.m. Monday, May 16. 
Where: A live webcast at www.lohud.com . 
Good to know: 48 schools took part and there will be nominees in 27 categories. Who&apos;s taking part? 
Here&apos;s a list of the 48 schools participating in the 2016 Metro Awards. 
Putnam : Brewster, &quot;Hello Dolly!&quot;; Carmel, &quot;The Wizard of Oz&quot;; Putnam Valley, &quot;Me and My Girl.&quot; Buy Photo 
Last year, James McCarthy of Pleasantville High School won the Metro Award for outstanding leading actor for the second straight year, for his portrayal of three roles in &quot;Man of La Mancha.&quot; The year before, he won for his role as Emile de Becque in &quot;South Pacific.&quot; This year, McCarthy played Billy Bigelow in &quot;Carousel.&quot; (Photo: File photo by Carucha L. Meuse/The Journal News) 
Rockland : Clarkstown South, &quot;Nice Work If You Can Get It&quot;; Pearl River, &quot;You’re a Good Man, Charlie Brown&quot;; Ramapo, &quot;Hairspray&quot;; Rockland Country Day, &quot;25th Annual Putnam County Spelling Bee&quot;; Spring Valley, &quot;Aida&quot;; Tappan Zee, &quot;The Producers.&quot; 
Westchester : Alexander Hamilton, &quot;Once on This Island&quot;; Archbishop Stepinac, &quot;Sister Act&quot;; Blind Brook, &quot;Anything Goes&quot;; Briarcliff, &quot;Cinderella&quot;; Byram Hills, &quot;Beauty and the Beast&quot;; Edgemont, &quot;Into the Woods&quot;; Harrison, &quot;Guys and Dolls&quot;; Hastings, &quot;Les Miserables&quot;; Hendrick Hudson, &quot;Beauty and the Beast&quot;; Kennedy Catholic, &quot;Cinderella&quot;; Lakeland, &quot;How to Succeed in Business Without Really Trying&quot;; Peekskill, &quot;Hairspray&quot;; Pleasantville, &quot;Carousel&quot;; Port Chester, &quot;Pippin&quot;; Rye, &quot;Shrek&quot;; Rye Country Day School, &quot;Legally Blonde&quot;; Rye Neck, &quot;Into the Woods&quot;; Sleepy Hollow, &quot;Seussical&quot;; Tuckahoe, &quot;The Little Mermaid&quot;; Valhalla, &quot;Godspell&quot;; Walter Panas, &quot;The Addams Family&quot;; Westlake, &quot;Grease&quot;; Woodlands, &quot;Into the Woods.&quot; 
Bergen : Academy of the Holy Angels, &quot;Children of Eden&quot;; Bergen County Academies, &quot;Evita&quot;; Don Bosco Prep, &quot;How to Succeed in Business Without Really Trying&quot;; Emerson, &quot;Mame&quot;; Fair Lawn, &quot;Chaplin the Musical&quot;; Hackensack, &quot;Into the Woods&quot;; Immaculate Conception, &quot;Beauty and the Beast&quot;; Mahwah, &quot;Once Upon a Mattress&quot;; New Milford, &quot;The Drowsy Chaperone&quot;; Northern Highlands, &quot;Godspell&quot;; Pascack Valley, &quot;Urinetown&quot;; Ramapo, &quot;The Secret Garden&quot;; Ramsey High School, &quot;No, No Nanette&quot;; River Dell, &quot;Les Miserables&quot;; Saddle River Day, &quot;The Drowsy Chaperone&quot;; St. Joseph Regional, &quot;Urinetown.&quot;​ 1 CONNECT COMMENT EMAIL MORE Read or Share this story: http://lohud.us/27g3n8v MORE STORIES
</post>
<signature>

</signature>
<external_links>

</external_links>
<country>US</country>
<main_image>http://www.gannett-cdn.com/-mm-/cdb4a1093a6f113e01de5e5ea855da30902b6edd/c=0-0-487-275&amp;amp;r=x633&amp;amp;c=1200x630/local/-/media/2016/05/04/Westchester/Westchester/635979593918572687-announce.jpg</main_image>
</document>
