<?xml version="1.0" encoding="UTF-8"?>
<document>
<type>mainstream</type>
<forum></forum>
<forum_title></forum_title>
<discussion_title>Rousseff es arropada por seguidores al abandonar la Presidencia</discussion_title>
<language>spanish</language>
<gmt_offset></gmt_offset>
<topic_url>http://www.eluniversal.com.mx/articulo/mundo/2016/05/12/rousseff-es-arropada-por-seguidores-al-abandonar-la-presidencia</topic_url>
<topic_text>
INICIO // Mundo // Rousseff es arropada por seguidores al abandonar la Presidencia Rousseff es arropada por seguidores al abandonar la Presidencia &quot;Dilma, guerrera de la patria brasileña&quot;, coreaban los cerca de 3 mil militantes del oficialista Partido de los Trabajadores - A + A 
La presidenta suspendida de Brasil, Dilma Rousseff, fue arropada hoy por miles de seguidores al abandonar el Palacio de Planato, la sede del Gobierno brasileño, tras ser notificada de que el Senado le abrió un juicio político y que tendrá que dejar el cargo por 180 días. 
&quot;Dilma, guerrera de la patria brasileña&quot;, coreaban los cerca de 3 mil militantes del oficialista Partido de los Trabajadores (PT) y de movimientos sociales que apoyaban su Gobierno que se concentraron frente a la Presidencia y a los que Rousseff se unió. 
La mandataria evitó abandonar el Palacio por la rampa por la que generalmente salen los presidentes que entregan el cargo para dejar claro, como lo dijo en un pronunciamiento previo, que seguirá luchando por volver a la jefatura del Estado. Especial 
</topic_text>
<spam_score>0.00</spam_score>
<post_num>1</post_num>
<post_id>post-1</post_id>
<post_url>http://www.eluniversal.com.mx/articulo/mundo/2016/05/12/rousseff-es-arropada-por-seguidores-al-abandonar-la-presidencia</post_url>
<post_date>20160512</post_date>
<post_time></post_time>
<username></username>
<post>
INICIO // Mundo // Rousseff es arropada por seguidores al abandonar la Presidencia Rousseff es arropada por seguidores al abandonar la Presidencia &quot;Dilma, guerrera de la patria brasileña&quot;, coreaban los cerca de 3 mil militantes del oficialista Partido de los Trabajadores - A + A 
La presidenta suspendida de Brasil, Dilma Rousseff, fue arropada hoy por miles de seguidores al abandonar el Palacio de Planato, la sede del Gobierno brasileño, tras ser notificada de que el Senado le abrió un juicio político y que tendrá que dejar el cargo por 180 días. 
&quot;Dilma, guerrera de la patria brasileña&quot;, coreaban los cerca de 3 mil militantes del oficialista Partido de los Trabajadores (PT) y de movimientos sociales que apoyaban su Gobierno que se concentraron frente a la Presidencia y a los que Rousseff se unió. 
La mandataria evitó abandonar el Palacio por la rampa por la que generalmente salen los presidentes que entregan el cargo para dejar claro, como lo dijo en un pronunciamiento previo, que seguirá luchando por volver a la jefatura del Estado. Especial 
</post>
<signature>

</signature>
<external_links>

</external_links>
<country>US</country>
<main_image>http://www.eluniversal.com.mx/sites/default/files/2016/05/12/dilma_reuters_1.jpg</main_image>
</document>
