<?xml version="1.0" encoding="UTF-8"?>
<document>
<type>mainstream</type>
<forum>http://www.americanbanker.com/resources/communitybanking.xml</forum>
<forum_title>American Banker</forum_title>
<discussion_title>Guaranty Federal in Mo. Elects Chairman</discussion_title>
<language>english</language>
<gmt_offset></gmt_offset>
<topic_url>http://www.americanbanker.com/news/community-banking/guaranty-federal-in-mo-elects-chairman-1080971-1.html</topic_url>
<topic_text>
= Subscriber content; log in or subscribe now to access all American Banker content. Guaranty Federal in Mo. Elects Chairman Why Big-Bank Tech Spending Is a Boon to Small Banks 
Guaranty Federal Bancshares in Springfield, Mo., has elected James Batten, a director of the company since 2006, as its next chairman. 
The $652 million-asset holding company for Guaranty Bank said Batten will become chairman May 25, when the current chairman, Don Gibson, will step down, having reached the company&apos;s mandatory retirement age of 72. Gibson has been Guaranty&apos;s chairman since 2005 and a director since 2002. 
Batten, a CPA, founded his own consulting firm in 2014. Before that he led operations at Convoy of Hope, a faith-based outreach organization, and before joining Convoy of Hope he headed operations at the faith-based AG Financial Solutions. He also led finance and accounting at O&apos;Reilly Auto Parts, which he took public in 1993. 
Batten&apos;s &quot;accounting expertise, public company background, and community involvement make him an ideal leader for the board,&quot; Guaranty Federal said in a news release Wednesday. 
Guaranty also announced Wednesday that it had elected John Griesemer vice chairman of the company and bank. Griesemer, a director of the company since 2008, is executive vice president, chief operations officer and a member of the board at Springfield Underground, a privately held construction materials suppliers and real estate developer.
</topic_text>
<spam_score>0.00</spam_score>
<post_num>1</post_num>
<post_id>post-1</post_id>
<post_url>http://www.americanbanker.com/news/community-banking/guaranty-federal-in-mo-elects-chairman-1080971-1.html</post_url>
<post_date>20160512</post_date>
<post_time>1540</post_time>
<username>Joseph Kellard</username>
<post>
= Subscriber content; log in or subscribe now to access all American Banker content. Guaranty Federal in Mo. Elects Chairman Why Big-Bank Tech Spending Is a Boon to Small Banks 
Guaranty Federal Bancshares in Springfield, Mo., has elected James Batten, a director of the company since 2006, as its next chairman. 
The $652 million-asset holding company for Guaranty Bank said Batten will become chairman May 25, when the current chairman, Don Gibson, will step down, having reached the company&apos;s mandatory retirement age of 72. Gibson has been Guaranty&apos;s chairman since 2005 and a director since 2002. 
Batten, a CPA, founded his own consulting firm in 2014. Before that he led operations at Convoy of Hope, a faith-based outreach organization, and before joining Convoy of Hope he headed operations at the faith-based AG Financial Solutions. He also led finance and accounting at O&apos;Reilly Auto Parts, which he took public in 1993. 
Batten&apos;s &quot;accounting expertise, public company background, and community involvement make him an ideal leader for the board,&quot; Guaranty Federal said in a news release Wednesday. 
Guaranty also announced Wednesday that it had elected John Griesemer vice chairman of the company and bank. Griesemer, a director of the company since 2008, is executive vice president, chief operations officer and a member of the board at Springfield Underground, a privately held construction materials suppliers and real estate developer.
</post>
<signature>

</signature>
<external_links>

</external_links>
<country>US</country>
<main_image>http://cdn.americanbanker.com/media/ui/americanbanker-socialshare-logo.png</main_image>
</document>
