<?xml version="1.0" encoding="UTF-8"?>
<document>
<type>mainstream</type>
<forum></forum>
<forum_title></forum_title>
<discussion_title>Sedano: &apos;Everyone needs to be impressed with the Blazers&apos; - ESPN Video</discussion_title>
<language>english</language>
<gmt_offset></gmt_offset>
<topic_url>http://espn.go.com/video/clip?id=15518471&amp;ex_cid=espnapi_internal</topic_url>
<topic_text>
Sedano: &apos;Everyone needs to be impressed with the Blazers&apos; play Sedano: &apos;Everyone needs to be impressed with the Blazers&apos; (1:59) 
Jorge Sedano, Ryan Clark and Jemele Hill share their thoughts on the Blazers deserving a lot of credit for the season they had and how they never gave up against the Warriors. (1:59) 12:23 PM ET 
</topic_text>
<spam_score>0.00</spam_score>
<post_num>1</post_num>
<post_id>post-1</post_id>
<post_url>http://espn.go.com/video/clip?id=15518471&amp;ex_cid=espnapi_internal</post_url>
<post_date>20160512</post_date>
<post_time></post_time>
<username>David Fleming</username>
<post>
Sedano: &apos;Everyone needs to be impressed with the Blazers&apos; play Sedano: &apos;Everyone needs to be impressed with the Blazers&apos; (1:59) 
Jorge Sedano, Ryan Clark and Jemele Hill share their thoughts on the Blazers deserving a lot of credit for the season they had and how they never gave up against the Warriors. (1:59) 12:23 PM ET 
</post>
<signature>

</signature>
<external_links>

</external_links>
<country>US</country>
<main_image>http://a1.espncdn.com/combiner/i?img=%2Fmedia%2Fmotion%2F2016%2F0512%2Fdm_160512_nba_hh_on_blazers%2Fdm_160512_nba_hh_on_blazers.jpg</main_image>
</document>
