<?xml version="1.0" encoding="UTF-8"?>
<document>
<type>mainstream</type>
<forum>http://www.laprovinciacr.it/rss.jsp?sezione=10</forum>
<forum_title>La Provincia</forum_title>
<discussion_title>Partiture preziose, gioielli in mostra dal 19 al Ponchielli</discussion_title>
<language>italian</language>
<gmt_offset></gmt_offset>
<topic_url>http://www.laprovinciacr.it/scheda/arte/141800/Partiture-preziose--gioielli-in-mostra.html</topic_url>
<topic_text>
  Partiture preziose, gioielli in mostra dal 19 al Ponchielli dal 19/05/2016 genere mostre 
Cremona - Foyer del Teatro Ponchielli Aggiungi al calendario http://www.laprovinciacr.it/scheda/arte/141800/Partiture-preziose--gioielli-in-mostra.html 12/05/2016 18:32:03 12/05/2016 18:32:03 40 Partiture preziose, gioielli in mostra dal 19 al Ponchielli Cremona - Foyer del Teatro Ponchielli Corso Vittorio Emanuele II, 26100 Cremona CR, Italia false DD/MM/YYYY 
CREMONA — In occasione del Monteverdi Festival 2016 il Teatro Ponchielli ospita nel suo Foyer la mostra Partiture Preziose, La musica di Monteverdi e il gioiello contemporaneo a cura di Barbara Caliendo , Monica Farnè e Sonia Patrizia Catena. La selezione, curata dalla storica e critica Sonia Patrizia Catena, conta ventuno pezzi unici d’autore creati ed ispirati al tema dell’edizione 2016 del Monteverdi Festival: Vergini, Ninfe e Regine, realizzati con materiali alternativi, dove preziosa è l’idea e la ricerca progettuale. 
Inaugurazione giovedi 19 maggio alle 18.30 nel foyer del Teatro Ponchielli e rimarrà aperta al pubblico fino al 28 maggio , per spostarsi poi il 29 maggio in due location temporanee: Palazzo Cavalcabò (ore 10.30) e Palazzo Pallavicino Ariguzzi (ore 17.30), sedi che ospiteranno due concerti del Monteverdi Festival 2016 Condividi le tue opinioni su La Provincia Testo
</topic_text>
<spam_score>0.00</spam_score>
<post_num>1</post_num>
<post_id>post-1</post_id>
<post_url>http://www.laprovinciacr.it/scheda/arte/141800/Partiture-preziose--gioielli-in-mostra.html</post_url>
<post_date>20160512</post_date>
<post_time>1052</post_time>
<username></username>
<post>
  Partiture preziose, gioielli in mostra dal 19 al Ponchielli dal 19/05/2016 genere mostre 
Cremona - Foyer del Teatro Ponchielli Aggiungi al calendario http://www.laprovinciacr.it/scheda/arte/141800/Partiture-preziose--gioielli-in-mostra.html 12/05/2016 18:32:03 12/05/2016 18:32:03 40 Partiture preziose, gioielli in mostra dal 19 al Ponchielli Cremona - Foyer del Teatro Ponchielli Corso Vittorio Emanuele II, 26100 Cremona CR, Italia false DD/MM/YYYY 
CREMONA — In occasione del Monteverdi Festival 2016 il Teatro Ponchielli ospita nel suo Foyer la mostra Partiture Preziose, La musica di Monteverdi e il gioiello contemporaneo a cura di Barbara Caliendo , Monica Farnè e Sonia Patrizia Catena. La selezione, curata dalla storica e critica Sonia Patrizia Catena, conta ventuno pezzi unici d’autore creati ed ispirati al tema dell’edizione 2016 del Monteverdi Festival: Vergini, Ninfe e Regine, realizzati con materiali alternativi, dove preziosa è l’idea e la ricerca progettuale. 
Inaugurazione giovedi 19 maggio alle 18.30 nel foyer del Teatro Ponchielli e rimarrà aperta al pubblico fino al 28 maggio , per spostarsi poi il 29 maggio in due location temporanee: Palazzo Cavalcabò (ore 10.30) e Palazzo Pallavicino Ariguzzi (ore 17.30), sedi che ospiteranno due concerti del Monteverdi Festival 2016 Condividi le tue opinioni su La Provincia Testo
</post>
<signature>

</signature>
<external_links>

</external_links>
<country>IT</country>
<main_image>http://www.laprovinciacr.it/resizer/600/315/true/1463050225197.JPG--partiture_preziose__gioielli_in_mostra_dal_19_al_ponchielli.JPG?1463050229000</main_image>
</document>
