<?xml version="1.0" encoding="UTF-8"?>
<document>
<type>mainstream</type>
<forum>https://uk.finance.yahoo.com/news/category-asia/?format=rss</forum>
<forum_title>Asian Business News | Financial News - Yahoo! Finance UK</forum_title>
<discussion_title>FOREX -Yen weaker on BOJ easing talk, BOE&apos;s &quot;Super Thursday&quot; in focus</discussion_title>
<language>english</language>
<gmt_offset></gmt_offset>
<topic_url>https://uk.finance.yahoo.com/news/forex-yen-weaker-boj-easing-073233152.html</topic_url>
<topic_text>
* Focus on BOE, Inflation Report 
* Norges expected to keep rates unchanged (Recasts, adds comments, details) 
By Anirban Nag 
LONDON, May 12 (Reuters) - The yen fell on Thursday as investors sold the currency amid speculation that the Bank of Japan could decide to expand its monetary stimulus as soon as next month. 
Talk of more action gathered pace after prominent Japanese academic Takatoshi Ito said the BOJ is likely to expand monetary stimulus either in June or July. Ito is said to have close ties to Governor Haruhiko Kuroda. 
For his part, Kuroda said the BOJ won&apos;t hesitate to take further easing steps if necessary, adding that there were still large downside risks to Japan&apos;s economy. The BOJ introduced negative rates earlier this year, but that has had little impact on the yen or economic data, so far, analysts say. 
The dollar rose 0.5 percent to 108.97 yen, recovering from a 18-month low of 105.55 yen on May 3, after the BOJ held off from expanding its monetary stimulus at its policy meeting in late April. 
Traders have been cutting favourable bets on the yen following a series of warnings from Japanese Finance Minister Taro Aso that Tokyo would intervene to curb any excessive one-sided gains. 
&quot;With (Other OTC: WWTH - news ) policy easing speculation gaining ground and the Finance Minister talking down the yen, it is clear they do not want a stronger currency,&quot; said Niels Christensen, FX strategist at Nordea. 
Many analysts believe Japan will be wary of intervening before it hosts a Group of Seven meeting this month, even though Tokyo is unhappy with the yen&apos;s rise of more than 10 percent so far this year. 
&quot;For dollar/yen, it would appear that it is now caught in nervous range trade around 105 to 110,&quot; said Heng Koon How, senior currency strategist for Credit Suisse Private Banking Asia Pacific. &quot;It (Other OTC: ITGL - news ) is likely that Tokyo is still trying to build consensus and agreement on intervention both internationally and domestically.&quot; 
The focus in Europe will be on &quot;Super Thursday&quot; as investors prepare for the Bank of England&apos;s monetary policy decision, its minutes, the quarterly Inflation Report and a press conference from Governor Mark Carney. With the Brexit debate raging, chances are the monetary policy committee could sound dovish and the Bank may downgrade growth forecasts. 
The pound on the defensive as polls showed the vote on Britain&apos;s membership in the European Union on June 23 is still too close to call. It was down 0.2 percent at $1.4415, not far from its two-week low of $1.4375 touched on Monday. 
The Norwegian crown was slightly higher before a Norges Bank rate decision at 0800 GMT. The bank is expected to keep rates unchanged, but with first-quarter growth data also due at the same time there is a chance that the numbers could show the Norwegian economy has stagnated. 
&quot;If the Norges signals more rate cuts for September, we could see the crown drop. The market is pricing in a 50/50 chance for a move in September,&quot; said Nordea&apos;s Christensen. (Additional reporting by Masayuki Kitano; Editing by Tom Heneghan)
</topic_text>
<spam_score>0.00</spam_score>
<post_num>1</post_num>
<post_id>post-1</post_id>
<post_url>https://uk.finance.yahoo.com/news/forex-yen-weaker-boj-easing-073233152.html</post_url>
<post_date>20160512</post_date>
<post_time>0732</post_time>
<username></username>
<post>
* Focus on BOE, Inflation Report 
* Norges expected to keep rates unchanged (Recasts, adds comments, details) 
By Anirban Nag 
LONDON, May 12 (Reuters) - The yen fell on Thursday as investors sold the currency amid speculation that the Bank of Japan could decide to expand its monetary stimulus as soon as next month. 
Talk of more action gathered pace after prominent Japanese academic Takatoshi Ito said the BOJ is likely to expand monetary stimulus either in June or July. Ito is said to have close ties to Governor Haruhiko Kuroda. 
For his part, Kuroda said the BOJ won&apos;t hesitate to take further easing steps if necessary, adding that there were still large downside risks to Japan&apos;s economy. The BOJ introduced negative rates earlier this year, but that has had little impact on the yen or economic data, so far, analysts say. 
The dollar rose 0.5 percent to 108.97 yen, recovering from a 18-month low of 105.55 yen on May 3, after the BOJ held off from expanding its monetary stimulus at its policy meeting in late April. 
Traders have been cutting favourable bets on the yen following a series of warnings from Japanese Finance Minister Taro Aso that Tokyo would intervene to curb any excessive one-sided gains. 
&quot;With (Other OTC: WWTH - news ) policy easing speculation gaining ground and the Finance Minister talking down the yen, it is clear they do not want a stronger currency,&quot; said Niels Christensen, FX strategist at Nordea. 
Many analysts believe Japan will be wary of intervening before it hosts a Group of Seven meeting this month, even though Tokyo is unhappy with the yen&apos;s rise of more than 10 percent so far this year. 
&quot;For dollar/yen, it would appear that it is now caught in nervous range trade around 105 to 110,&quot; said Heng Koon How, senior currency strategist for Credit Suisse Private Banking Asia Pacific. &quot;It (Other OTC: ITGL - news ) is likely that Tokyo is still trying to build consensus and agreement on intervention both internationally and domestically.&quot; 
The focus in Europe will be on &quot;Super Thursday&quot; as investors prepare for the Bank of England&apos;s monetary policy decision, its minutes, the quarterly Inflation Report and a press conference from Governor Mark Carney. With the Brexit debate raging, chances are the monetary policy committee could sound dovish and the Bank may downgrade growth forecasts. 
The pound on the defensive as polls showed the vote on Britain&apos;s membership in the European Union on June 23 is still too close to call. It was down 0.2 percent at $1.4415, not far from its two-week low of $1.4375 touched on Monday. 
The Norwegian crown was slightly higher before a Norges Bank rate decision at 0800 GMT. The bank is expected to keep rates unchanged, but with first-quarter growth data also due at the same time there is a chance that the numbers could show the Norwegian economy has stagnated. 
&quot;If the Norges signals more rate cuts for September, we could see the crown drop. The market is pricing in a 50/50 chance for a move in September,&quot; said Nordea&apos;s Christensen. (Additional reporting by Masayuki Kitano; Editing by Tom Heneghan)
</post>
<signature>

</signature>
<external_links>

</external_links>
<country>US</country>
<main_image>https://s1.yimg.com/bt/api/res/1.2/M7vS95b2fvSzHFeFStPk0A--/YXBwaWQ9eW5ld3NfbGVnbztxPTc1O3c9NjAw/http://l.yimg.com/os/mit/media/m/social/images/social_default_logo-1481777.png</main_image>
</document>
