<?xml version="1.0" encoding="UTF-8"?>
<document>
<type>mainstream</type>
<forum>http://articlefeeds.nasdaq.com/nasdaq/authors?author=rtt</forum>
<forum_title>Latest Articles from RTTNews</forum_title>
<discussion_title>Nissan Motor To Buy 34% Stake In Mitsubishi Motor</discussion_title>
<language>english</language>
<gmt_offset></gmt_offset>
<topic_url>http://www.nasdaq.com/article/nissan-motor-to-buy-34-stake-in-mitsubishi-motor-20160512-00715</topic_url>
<topic_text>
Nissan Motor To Buy 34% Stake In Mitsubishi Motor May 12, 2016, 11:07:00 AM EDT By RTT News Comment Shutterstock photo 
(RTTNews.com) - Nissan Motor Co Ltd.(NSANF.PK, NSANY.PK)Â said that it agreed to buy a 34 percent stake in Mitsubishi Motors Corp. (MMTOF.PK, 7211). 
Mitsubishi Motors will sell about 506.62 million common shares to Nissan Motor at at price of 468.52 yen per share for about 237.36 billion yen or $2.2 billion. 
Recently, Mitsubishi Motors admitted to manipulating fuel economy data of four minicar models, two of which are supplied to Nissan, and improperly testing other Japan models since 1991. Mitsubishi Motors also said that nine more models including a sport utility vehicle may not have been properly tested as the scandal spreads beyond the initial batch of mini-cars. CLOSE X Edit Favorites 
Enter up to 25 symbols separated by commas or spaces in the text box below. These symbols will be available during your session for use on applicable pages. Select the background color of your choice: Black Select a default target page for your quote search: Real-Time Interactive Charts Default Setting Please note that once you make your selection, it will apply to all future visits to NASDAQ.com. If, at any time, you are interested in reverting to our default settings, please select Default Setting above. If you have any questions or encounter any issues in changing your default settings, please email . CLOSE X Please confirm your selection: 
You have selected to change your default setting for the Quote Search. This will now be your default target page; unless you change your configuration again, or you delete your cookies. Are you sure you want to change your settings? YES CLOSE X We have a favor to ask Please disable your ad blocker (or update your settings to ensure that javascript and cookies are enabled), so that we can continue to provide you with the first-rate market news and data you&apos;ve come to expect from us.
</topic_text>
<spam_score>0.00</spam_score>
<post_num>1</post_num>
<post_id>post-1</post_id>
<post_url>http://www.nasdaq.com/article/nissan-motor-to-buy-34-stake-in-mitsubishi-motor-20160512-00715</post_url>
<post_date>20160512</post_date>
<post_time>1507</post_time>
<username></username>
<post>
Nissan Motor To Buy 34% Stake In Mitsubishi Motor May 12, 2016, 11:07:00 AM EDT By RTT News Comment Shutterstock photo 
(RTTNews.com) - Nissan Motor Co Ltd.(NSANF.PK, NSANY.PK)Â said that it agreed to buy a 34 percent stake in Mitsubishi Motors Corp. (MMTOF.PK, 7211). 
Mitsubishi Motors will sell about 506.62 million common shares to Nissan Motor at at price of 468.52 yen per share for about 237.36 billion yen or $2.2 billion. 
Recently, Mitsubishi Motors admitted to manipulating fuel economy data of four minicar models, two of which are supplied to Nissan, and improperly testing other Japan models since 1991. Mitsubishi Motors also said that nine more models including a sport utility vehicle may not have been properly tested as the scandal spreads beyond the initial batch of mini-cars. CLOSE X Edit Favorites 
Enter up to 25 symbols separated by commas or spaces in the text box below. These symbols will be available during your session for use on applicable pages. Select the background color of your choice: Black Select a default target page for your quote search: Real-Time Interactive Charts Default Setting Please note that once you make your selection, it will apply to all future visits to NASDAQ.com. If, at any time, you are interested in reverting to our default settings, please select Default Setting above. If you have any questions or encounter any issues in changing your default settings, please email . CLOSE X Please confirm your selection: 
You have selected to change your default setting for the Quote Search. This will now be your default target page; unless you change your configuration again, or you delete your cookies. Are you sure you want to change your settings? YES CLOSE X We have a favor to ask Please disable your ad blocker (or update your settings to ensure that javascript and cookies are enabled), so that we can continue to provide you with the first-rate market news and data you&apos;ve come to expect from us.
</post>
<signature>

</signature>
<external_links>

</external_links>
<country>US</country>
<main_image>http://www.nasdaq.com/images/dreamit.jpg</main_image>
</document>
