<?xml version="1.0" encoding="UTF-8"?>
<document>
<type>mainstream</type>
<forum>http://www.morgenpost.de/sport/fuechse/</forum>
<forum_title>Füchse Berlin - Alle News zu Füchse Berlin - Berliner Morgenpost</forum_title>
<discussion_title>Deutsches Eishockey-Team beginnt ohne Greiss gegen Kanada - Eisbären News zu den Eisbären Berlin -</discussion_title>
<language>german</language>
<gmt_offset></gmt_offset>
<topic_url>http://www.morgenpost.de/sport/eisbaeren/article207558141/Deutsches-Eishockey-Team-beginnt-ohne-Greiss-gegen-Kanada.html</topic_url>
<topic_text>
St. Petersburg. Ohne NHL-Torhüter Thomas Greiss beginnt die deutsche Eishockey-Nationalmannschaft ihr WM-Vorrundenspiel gegen Titelverteidiger Kanada.
Der 30-Jährige sitzt aber als Ersatz für den Ingolstädter Timo Pielmeier auf der Bank. Greiss war erst am Donnerstagvormittag in St. Petersburg eingetroffen. Voraussichtlich wird Bundestrainer Marco Sturm gegen Weißrussland auf den Torhüter der New York Islanders von Anfang an vertrauen.
( dpa )
</topic_text>
<spam_score>0.00</spam_score>
<post_num>1</post_num>
<post_id>post-1</post_id>
<post_url>http://www.morgenpost.de/sport/eisbaeren/article207558141/Deutsches-Eishockey-Team-beginnt-ohne-Greiss-gegen-Kanada.html</post_url>
<post_date>20160512</post_date>
<post_time></post_time>
<username>Morgenpost.de</username>
<post>
St. Petersburg. Ohne NHL-Torhüter Thomas Greiss beginnt die deutsche Eishockey-Nationalmannschaft ihr WM-Vorrundenspiel gegen Titelverteidiger Kanada.
Der 30-Jährige sitzt aber als Ersatz für den Ingolstädter Timo Pielmeier auf der Bank. Greiss war erst am Donnerstagvormittag in St. Petersburg eingetroffen. Voraussichtlich wird Bundestrainer Marco Sturm gegen Weißrussland auf den Torhüter der New York Islanders von Anfang an vertrauen.
( dpa )
</post>
<signature>

</signature>
<external_links>
<external_link>http://ww251.smartadserver.com/call/pubi/30888/(sport_eisbaeren_story)/4459/S/1463070770966/?</external_link><external_link>http://ww251.smartadserver.com/call/pubjumpi/30888/(sport_eisbaeren_story)/4459/S/1463070770966/?</external_link><external_link>http://bm.met.vgwort.de/na/948238cf17514c79a5f617aeb2cc846f</external_link>
</external_links>
<country>DE</country>
<main_image>http://img.morgenpost.de/img/incoming/crop207554027/9922604696-w820-cv16_9-q85/Thomas-Greiss-ist-beim-DEB-Team-angekommen.jpg</main_image>
</document>
