<?xml version="1.0" encoding="UTF-8"?>
<document>
<type>mainstream</type>
<forum></forum>
<forum_title></forum_title>
<discussion_title>6 Tips for dealing with an angry work colleague - All 4 Women</discussion_title>
<language>english</language>
<gmt_offset></gmt_offset>
<topic_url>http://www.all4women.co.za/732568/money/careers/6-tips-dealing-angry-work-colleague</topic_url>
<topic_text>
Home Money Careers 6 Tips for dealing with an angry work colleague 6 Tips for dealing with an angry work colleague May 12, 2016 Rate this article: 0 votes 
The Office Coach offers advice to a reader who works with a colleague who is always angry ... Image: milanmarkovic78, fotalia.com 
The Office Coach offers advice to a reader who works with a colleague who is always angry. 
&quot;I have a colleague who is always angry and our work environment is awful as a result&quot; 
Anger is a normal, commonly experienced emotion. However, anger can be intensely destructive if we don&apos;t know how to control it. 
You may not be able to influence your colleague’s feelings (e.g. of frustration, hurt, harassment, injustice) regardless whether they are real or perceived. However, you can draw his attention to the dangers of his behaviour when he acts out in anger, and you can offer some ideas to help him work through his feelings. Negative consequences 
Uncontrolled anger leads to many negative consequences, especially in the workplace. For instance, it can damage relationships with our bosses and colleagues; and it can lead people to lose trust and respect for us, especially when we react instantly and angrily to something that we&apos;ve misperceived as a threat. 
Anger also clouds our ability to make good decisions and find creative solutions to problems 
This can negatively affect our work performance. Frequent anger poses health risks too. One study found that people who get angry regularly are more likely to suffer from coronary heart disease, eating disorders and obesity. 
Research has also found a correlation between anger and premature death. Further studies have found that there is a link between anger and conditions such as anxiety and depression. Managing anger 
Doctors Redford Williams and Virginia Williams described 17 strategies in their best-selling book, Anger Kills. These are a few that you might suggest he implements: 
1. Keep a hostility log 
Draft a hostility log worksheet to monitor the triggers and the frequency of your anger. When you know what makes you angry, you can develop strategies to channel it effectively. This may help your colleague acknowledge that he has a problem. Only then can he begin to make a plan to deal with it. 
2. Interrupt the anger cycle 
When you start to feel angry, try the following techniques: Yell &quot;Stop!&quot; loudly in your thoughts Use physical relaxation techniques like deep breathing or centering Count to 20 before you respond Manage your negative thoughts with imagery and positive thinking. Close your office door or find a quiet space, and meditate for five minutes Distract yourself from your anger – visit your favourite website, play a song that you like, daydream about a hobby that you enjoy, or take a walk Consider the facts of the situation, from all angles, so that you can talk yourself out of being angry 
3. Use empathy 
If another person is the source of your anger, use empathy to see the situation from his or her perspective. Be objective here. Everyone makes mistakes, and it is through mistakes that people can learn how to improve. 
4. See the humour in your anger 
Learn to laugh at yourself and do not take everything seriously. The next time you feel tempted to lash out, try to see the humour in your expressions of anger. One way to do this is to &apos;catastrophise&apos; the situation. This is when you exaggerate a petty situation that you feel angry about, and then laugh at your self-importance. 
For example, imagine that you&apos;re angry because a sick team member missed a day of work. As a result, a report you were depending on is late. 
To catastrophise the situation, you think, &quot;Wow, she must have been waiting months for the opportunity to mess up my schedule like this. She and everyone on the team probably planned this, and they&apos;re probably sending her updates about how angry I&apos;m getting.&quot; 
Obviously, this grossly exaggerates the situation. When you imagine a ridiculous and overblown version of the story, you&apos;ll likely find yourself smiling by the end of it. 
5. Listen effectively 
Miscommunication contributes to frustrating situations. The better you listen to what someone says, the easier it is to find a resolution that doesn&apos;t involve an angry response. When others are speaking, focus on what they&apos;re saying, and don&apos;t get distracted by formulating your response before they&apos;ve finished. When they&apos;re finished speaking, show that you listened by reflecting back what they have just said. 
6. Live each day as if it&apos;s your last: life is short 
If you spend all of your time getting angry, you&apos;re going to miss the many joys and surprises that life offers. Encourage him to think about how many times his anger has destroyed a relationship, or caused him to miss a happy day with friends and family. That&apos;s time that he will never get back. Remind him that he can prevent this from happening again – the choice is his. 
These strategies are only a general guide. If his anger continues to be a problem, you might need to seek the help of a suitably qualified health professional, especially if his anger hurts others, or if it causes anyone physical pain or emotional distress. 
There are so many more ideas to share. Contact if you would like a partner to help you with this. Rate this article: 
</topic_text>
<spam_score>0.00</spam_score>
<post_num>1</post_num>
<post_id>post-1</post_id>
<post_url>http://www.all4women.co.za/732568/money/careers/6-tips-dealing-angry-work-colleague</post_url>
<post_date>20160512</post_date>
<post_time></post_time>
<username>Deirdre Elphick-Moore</username>
<post>
Home Money Careers 6 Tips for dealing with an angry work colleague 6 Tips for dealing with an angry work colleague May 12, 2016 Rate this article: 0 votes 
The Office Coach offers advice to a reader who works with a colleague who is always angry ... Image: milanmarkovic78, fotalia.com 
The Office Coach offers advice to a reader who works with a colleague who is always angry. 
&quot;I have a colleague who is always angry and our work environment is awful as a result&quot; 
Anger is a normal, commonly experienced emotion. However, anger can be intensely destructive if we don&apos;t know how to control it. 
You may not be able to influence your colleague’s feelings (e.g. of frustration, hurt, harassment, injustice) regardless whether they are real or perceived. However, you can draw his attention to the dangers of his behaviour when he acts out in anger, and you can offer some ideas to help him work through his feelings. Negative consequences 
Uncontrolled anger leads to many negative consequences, especially in the workplace. For instance, it can damage relationships with our bosses and colleagues; and it can lead people to lose trust and respect for us, especially when we react instantly and angrily to something that we&apos;ve misperceived as a threat. 
Anger also clouds our ability to make good decisions and find creative solutions to problems 
This can negatively affect our work performance. Frequent anger poses health risks too. One study found that people who get angry regularly are more likely to suffer from coronary heart disease, eating disorders and obesity. 
Research has also found a correlation between anger and premature death. Further studies have found that there is a link between anger and conditions such as anxiety and depression. Managing anger 
Doctors Redford Williams and Virginia Williams described 17 strategies in their best-selling book, Anger Kills. These are a few that you might suggest he implements: 
1. Keep a hostility log 
Draft a hostility log worksheet to monitor the triggers and the frequency of your anger. When you know what makes you angry, you can develop strategies to channel it effectively. This may help your colleague acknowledge that he has a problem. Only then can he begin to make a plan to deal with it. 
2. Interrupt the anger cycle 
When you start to feel angry, try the following techniques: Yell &quot;Stop!&quot; loudly in your thoughts Use physical relaxation techniques like deep breathing or centering Count to 20 before you respond Manage your negative thoughts with imagery and positive thinking. Close your office door or find a quiet space, and meditate for five minutes Distract yourself from your anger – visit your favourite website, play a song that you like, daydream about a hobby that you enjoy, or take a walk Consider the facts of the situation, from all angles, so that you can talk yourself out of being angry 
3. Use empathy 
If another person is the source of your anger, use empathy to see the situation from his or her perspective. Be objective here. Everyone makes mistakes, and it is through mistakes that people can learn how to improve. 
4. See the humour in your anger 
Learn to laugh at yourself and do not take everything seriously. The next time you feel tempted to lash out, try to see the humour in your expressions of anger. One way to do this is to &apos;catastrophise&apos; the situation. This is when you exaggerate a petty situation that you feel angry about, and then laugh at your self-importance. 
For example, imagine that you&apos;re angry because a sick team member missed a day of work. As a result, a report you were depending on is late. 
To catastrophise the situation, you think, &quot;Wow, she must have been waiting months for the opportunity to mess up my schedule like this. She and everyone on the team probably planned this, and they&apos;re probably sending her updates about how angry I&apos;m getting.&quot; 
Obviously, this grossly exaggerates the situation. When you imagine a ridiculous and overblown version of the story, you&apos;ll likely find yourself smiling by the end of it. 
5. Listen effectively 
Miscommunication contributes to frustrating situations. The better you listen to what someone says, the easier it is to find a resolution that doesn&apos;t involve an angry response. When others are speaking, focus on what they&apos;re saying, and don&apos;t get distracted by formulating your response before they&apos;ve finished. When they&apos;re finished speaking, show that you listened by reflecting back what they have just said. 
6. Live each day as if it&apos;s your last: life is short 
If you spend all of your time getting angry, you&apos;re going to miss the many joys and surprises that life offers. Encourage him to think about how many times his anger has destroyed a relationship, or caused him to miss a happy day with friends and family. That&apos;s time that he will never get back. Remind him that he can prevent this from happening again – the choice is his. 
These strategies are only a general guide. If his anger continues to be a problem, you might need to seek the help of a suitably qualified health professional, especially if his anger hurts others, or if it causes anyone physical pain or emotional distress. 
There are so many more ideas to share. Contact if you would like a partner to help you with this. Rate this article: 
</post>
<signature>

</signature>
<external_links>

</external_links>
<country>ZA</country>
<main_image>http://www.all4women.co.za/wp-content/uploads/2016/05/12/Angry-office-colleage.jpg</main_image>
</document>
