<?xml version="1.0" encoding="UTF-8"?>
<document>
<type>mainstream</type>
<forum></forum>
<forum_title></forum_title>
<discussion_title>European stocks close: stocks traded lower on falling oil prices | 12.05.2016 - TeleTrade</discussion_title>
<language>czech</language>
<gmt_offset></gmt_offset>
<topic_url>http://teletrade-dj.cz/analytics/news/3473484-european-stocks-close-stocks-traded</topic_url>
<topic_text>
30 31 Zdrojem všech sdělení je obchodní server společnosti TeleTrade. Informace mohou být na webových stránkách zveřejněny se zpožděním. Všechna uveřejněná sdělení jsou pouze pro marketingové a informační účely a neměly by být brány jako spolehlivý zdroj informací, a to díky technickým důvodům zmíněným výše. Zasíláním těchto sdělení TeleTrade neposkytuje žádné investiční rady a nepřijímá žádnou odpovědnost za jakoukoliv škodu, která může být zapříčiněná použitím těchto sdělení, nemožností přístupu k webovým stránkám, zpožděním, nebo chybou v příjmu informací, které jsou zveřejněné na těchto webových stránkách. Zveřejněné informace, které poskytuje TeleTrade, jsou získané ze zdrojů třetí strany, které jsou považovány za spolehlivé a přesné, nicméně tato skutečnost neznamená, že se jedná o 100% záruku. Informace, data nebo možnosti obsažené v tomto dokumentu podléhají změnám bez možného předchozího upozornění. Predikce Forexu Správná predikce je nejdůležitější podmínkou pro úspěšný trading na Forexu Na schopnosti tradera správně predikovat změny kotací měnových párů jsou přímo závislé výsledky přijímaných rozhodnutí. Až se naučíte používat technické nástroje a zohledňovat základní faktory, které určují situaci na trhu, dokážete určovat správnou predikci a Forex se může stát zdrojem vašich stabilních a stále rostoucích příjmů. Rozumnou predikcí vývoje kotací zkušený trader uzavírá a otevírá obchodní pozice tak, že je vždy v zisku. Technická a analytická složky predikce dynamiky měnových kurzů na Forexu Pro vyhodnocení pohybu kurzů na měnovém trhu jsou používány dva základní přístupy – analýza globálních faktorů ovlivňujících cenový pohyb a predikce změn kotací měnových párů pomocí různých technických nástrojů. Technické predikce na Forexu jsou založeny na matematických zákonitostech, které využívají prvky teorie pravděpodobnosti, studium grafů a další speciální metody. Analytická složka Forexových predikcí je založena na sledování vlivu globálních faktorů na růst či pokles kurzů různých měn. Mezi tyto faktory patří změny ekonomické a politické situace ve světovém měřítku, zvláštnosti ekonomik různých zemí atd. Kompletní použití obou přístupů a správná aplikace různých nástrojů jsou klíčem k úspěchu v predikování pohybu cen na trhu a zadávání obchodních transakcí. Profesionální Forexové predikce od odborníků TeleTradu Při prvních krocích na Forexu je velmi důležité „mít stále po ruce“ predikce zkušených traderů, kteří na měnovém trhu již úspěšně obchodují. Tohle vám umožní s jistotou používat získané základní znalosti, rozvíjet obchodní intuici, naučit se vnímat trend a přijímat bezchybná rozhodnutí s ohledem na dlouhodobou perspektivu. Praktikující tradeři TeleTradu se těší uznání v odborných společenstvích, mají zkušenosti s úspěšným obchodováním na trhu a rozvinutou obchodní intuici. Jejich Forexové predikce naleznete nejen v této části, ale i v řadě nezávislých zdrojů. Pečlivé studium těchto materiálů je nejlepším tréninkem pro vlastní intuici a velkou příležitostí pro vypracování komplexního multifaktoriálního přístupu k vyhodnocení ekonomické situace na trhu. Analytické články našich odborníků jsou nepostradatelnou pomůckou pro ty, kteří chtějí předejít možným ztrátám za předpokladu správné orientace v obchodních signálech. Je třeba dodat, že internet je přeplněn forexovou „analytikou“, která ovšem neobstojí před kritikou a jejíž zveřejnění sleduje veškeré možné účely, jen ne poskytnutí užitečných informací. Čtení takto ve spěchu vyhotovené „odborné predikce“ je v nejlepším případě zbytečnou ztrátou času, v tom horším přímou cestou k finančním ztrátám. Mějte na paměti, že pouze na základě reálných ekonomických novinek a technických nástrojů může být vypracována predikce Forexu, která má předpoklad se naplnit. Samozřejmě je třeba mít cit pro trh, schopnost nacházet v obrovském množství různorodých informací důležité signály, vzájemně je korelovat a promyšleně používat. Tohle všechno bravurně zvládají profesionální tradeři – naši odborníci. Čtěte jejich analytické články, učte se predikovat tendence trhu a profitovat tak ze všech situací. 
</topic_text>
<spam_score>0.00</spam_score>
<post_num>1</post_num>
<post_id>post-1</post_id>
<post_url>http://teletrade-dj.cz/analytics/news/3473484-european-stocks-close-stocks-traded</post_url>
<post_date>20161205</post_date>
<post_time></post_time>
<username></username>
<post>
30 31 Zdrojem všech sdělení je obchodní server společnosti TeleTrade. Informace mohou být na webových stránkách zveřejněny se zpožděním. Všechna uveřejněná sdělení jsou pouze pro marketingové a informační účely a neměly by být brány jako spolehlivý zdroj informací, a to díky technickým důvodům zmíněným výše. Zasíláním těchto sdělení TeleTrade neposkytuje žádné investiční rady a nepřijímá žádnou odpovědnost za jakoukoliv škodu, která může být zapříčiněná použitím těchto sdělení, nemožností přístupu k webovým stránkám, zpožděním, nebo chybou v příjmu informací, které jsou zveřejněné na těchto webových stránkách. Zveřejněné informace, které poskytuje TeleTrade, jsou získané ze zdrojů třetí strany, které jsou považovány za spolehlivé a přesné, nicméně tato skutečnost neznamená, že se jedná o 100% záruku. Informace, data nebo možnosti obsažené v tomto dokumentu podléhají změnám bez možného předchozího upozornění. Predikce Forexu Správná predikce je nejdůležitější podmínkou pro úspěšný trading na Forexu Na schopnosti tradera správně predikovat změny kotací měnových párů jsou přímo závislé výsledky přijímaných rozhodnutí. Až se naučíte používat technické nástroje a zohledňovat základní faktory, které určují situaci na trhu, dokážete určovat správnou predikci a Forex se může stát zdrojem vašich stabilních a stále rostoucích příjmů. Rozumnou predikcí vývoje kotací zkušený trader uzavírá a otevírá obchodní pozice tak, že je vždy v zisku. Technická a analytická složky predikce dynamiky měnových kurzů na Forexu Pro vyhodnocení pohybu kurzů na měnovém trhu jsou používány dva základní přístupy – analýza globálních faktorů ovlivňujících cenový pohyb a predikce změn kotací měnových párů pomocí různých technických nástrojů. Technické predikce na Forexu jsou založeny na matematických zákonitostech, které využívají prvky teorie pravděpodobnosti, studium grafů a další speciální metody. Analytická složka Forexových predikcí je založena na sledování vlivu globálních faktorů na růst či pokles kurzů různých měn. Mezi tyto faktory patří změny ekonomické a politické situace ve světovém měřítku, zvláštnosti ekonomik různých zemí atd. Kompletní použití obou přístupů a správná aplikace různých nástrojů jsou klíčem k úspěchu v predikování pohybu cen na trhu a zadávání obchodních transakcí. Profesionální Forexové predikce od odborníků TeleTradu Při prvních krocích na Forexu je velmi důležité „mít stále po ruce“ predikce zkušených traderů, kteří na měnovém trhu již úspěšně obchodují. Tohle vám umožní s jistotou používat získané základní znalosti, rozvíjet obchodní intuici, naučit se vnímat trend a přijímat bezchybná rozhodnutí s ohledem na dlouhodobou perspektivu. Praktikující tradeři TeleTradu se těší uznání v odborných společenstvích, mají zkušenosti s úspěšným obchodováním na trhu a rozvinutou obchodní intuici. Jejich Forexové predikce naleznete nejen v této části, ale i v řadě nezávislých zdrojů. Pečlivé studium těchto materiálů je nejlepším tréninkem pro vlastní intuici a velkou příležitostí pro vypracování komplexního multifaktoriálního přístupu k vyhodnocení ekonomické situace na trhu. Analytické články našich odborníků jsou nepostradatelnou pomůckou pro ty, kteří chtějí předejít možným ztrátám za předpokladu správné orientace v obchodních signálech. Je třeba dodat, že internet je přeplněn forexovou „analytikou“, která ovšem neobstojí před kritikou a jejíž zveřejnění sleduje veškeré možné účely, jen ne poskytnutí užitečných informací. Čtení takto ve spěchu vyhotovené „odborné predikce“ je v nejlepším případě zbytečnou ztrátou času, v tom horším přímou cestou k finančním ztrátám. Mějte na paměti, že pouze na základě reálných ekonomických novinek a technických nástrojů může být vypracována predikce Forexu, která má předpoklad se naplnit. Samozřejmě je třeba mít cit pro trh, schopnost nacházet v obrovském množství různorodých informací důležité signály, vzájemně je korelovat a promyšleně používat. Tohle všechno bravurně zvládají profesionální tradeři – naši odborníci. Čtěte jejich analytické články, učte se predikovat tendence trhu a profitovat tak ze všech situací. 
</post>
<signature>

</signature>
<external_links>

</external_links>
<country>DE</country>
<main_image>http://teletrade-dj.cz/sites/all/themes/teletrade/img/r138.png</main_image>
</document>
