<?xml version="1.0" encoding="UTF-8"?>
<document>
<type>mainstream</type>
<forum>https://uk.finance.yahoo.com/news/category-asia/?format=rss</forum>
<forum_title>Asian Business News | Financial News - Yahoo! Finance UK</forum_title>
<discussion_title>What India&apos;s New Bankruptcy Law Means -- The Short Answer</discussion_title>
<language>english</language>
<gmt_offset></gmt_offset>
<topic_url>https://uk.finance.yahoo.com/news/indias-bankruptcy-law-means-short-093700611.html</topic_url>
<topic_text>
Print What Is India’s New Bankruptcy Code? 
India currently has multiple laws to deal with insolvency, which leads to significant delays in winding up a company. The Bankruptcy Code will consolidate the existing framework and create a new institutional structure. 
The new law will also likely create a new class of insolvency professionals who will help sick companies and banks with a smooth takeover of the insolvent company and manage the liquidation process. 
The bill also proposes the setting up of a new entity, the Insolvency and Bankruptcy Board of India, which will regulate insolvency professionals and information companies — those which will store all the credit information of corporates. 
The Bankruptcy Code proposes two authorities to deal with insolvency. The National Company Law Tribunal will adjudicate cases for companies and limited liability partnerships, while the Debt Recovery Tribunal will do the same for individual and partnership firms. 
How Will a Company Be Liquidated? 
An insolvency resolution plan has to be approved by 75% of voting-share creditors. Once the plan is approved, it would also require the sanction of the adjudicating authority. 
During the insolvency resolution period, the management of the debtor is placed in the hands of an resolution professional. 
The code proposes to protect the workers in case of insolvency, paying their salaries for up to 24 months will get first priority during the liquidation of assets. 
“The code comes as a relief to workers and employees who are left unpaid by defaulting companies,” said Varun Gupta, partner at KPMG in India. 
In the event of an insolvent debtor having assets abroad, India’s federal government can enter into an agreement with an overseas country to ensure enforcement of the law. 
How Much Time Will the Law Save? 
Currently, it takes an average of 4.3 years to resolve insolvency in India and the recovery rate of debt is very low compared with other countries, according to a report from Nomura. India also ranks 136 in the World Bank’s resolving insolvency ranking. This is below China, which ranks 55 and where it takes 1.7 years to resolve insolvency. 
The new law introduces a time limit on the bankruptcy process. In the case of a default, the time-limit is 180 days, within which the resolution has to be completed. This can be extended by another 90 days by the adjudicator, depending on the process. 
Analysts say the new time frame will help India improve its World Bank insolvency ranking. 
How Useful is the New Law? 
The new bankruptcy law isn’t a “magic wand,” says brokerage Religare Capital Markets. It sees the benefits flowing in after 3-5 years from now. 
Analysts say the main challenge will be creating a large pool of insolvency professionals who will help with the fast implementation of the law. The new regulators will also need to draft procedural rules for insolvency professionals and information utilities among others. 
Insert Headline
</topic_text>
<spam_score>0.00</spam_score>
<post_num>1</post_num>
<post_id>post-1</post_id>
<post_url>https://uk.finance.yahoo.com/news/indias-bankruptcy-law-means-short-093700611.html</post_url>
<post_date>20160512</post_date>
<post_time>0937</post_time>
<username></username>
<post>
Print What Is India’s New Bankruptcy Code? 
India currently has multiple laws to deal with insolvency, which leads to significant delays in winding up a company. The Bankruptcy Code will consolidate the existing framework and create a new institutional structure. 
The new law will also likely create a new class of insolvency professionals who will help sick companies and banks with a smooth takeover of the insolvent company and manage the liquidation process. 
The bill also proposes the setting up of a new entity, the Insolvency and Bankruptcy Board of India, which will regulate insolvency professionals and information companies — those which will store all the credit information of corporates. 
The Bankruptcy Code proposes two authorities to deal with insolvency. The National Company Law Tribunal will adjudicate cases for companies and limited liability partnerships, while the Debt Recovery Tribunal will do the same for individual and partnership firms. 
How Will a Company Be Liquidated? 
An insolvency resolution plan has to be approved by 75% of voting-share creditors. Once the plan is approved, it would also require the sanction of the adjudicating authority. 
During the insolvency resolution period, the management of the debtor is placed in the hands of an resolution professional. 
The code proposes to protect the workers in case of insolvency, paying their salaries for up to 24 months will get first priority during the liquidation of assets. 
“The code comes as a relief to workers and employees who are left unpaid by defaulting companies,” said Varun Gupta, partner at KPMG in India. 
In the event of an insolvent debtor having assets abroad, India’s federal government can enter into an agreement with an overseas country to ensure enforcement of the law. 
How Much Time Will the Law Save? 
Currently, it takes an average of 4.3 years to resolve insolvency in India and the recovery rate of debt is very low compared with other countries, according to a report from Nomura. India also ranks 136 in the World Bank’s resolving insolvency ranking. This is below China, which ranks 55 and where it takes 1.7 years to resolve insolvency. 
The new law introduces a time limit on the bankruptcy process. In the case of a default, the time-limit is 180 days, within which the resolution has to be completed. This can be extended by another 90 days by the adjudicator, depending on the process. 
Analysts say the new time frame will help India improve its World Bank insolvency ranking. 
How Useful is the New Law? 
The new bankruptcy law isn’t a “magic wand,” says brokerage Religare Capital Markets. It sees the benefits flowing in after 3-5 years from now. 
Analysts say the main challenge will be creating a large pool of insolvency professionals who will help with the fast implementation of the law. The new regulators will also need to draft procedural rules for insolvency professionals and information utilities among others. 
Insert Headline
</post>
<signature>

</signature>
<external_links>

</external_links>
<country>US</country>
<main_image>https://s1.yimg.com/bt/api/res/1.2/M7vS95b2fvSzHFeFStPk0A--/YXBwaWQ9eW5ld3NfbGVnbztxPTc1O3c9NjAw/http://l.yimg.com/os/mit/media/m/social/images/social_default_logo-1481777.png</main_image>
</document>
