<?xml version="1.0" encoding="UTF-8"?>
<document>
<type>mainstream</type>
<forum></forum>
<forum_title></forum_title>
<discussion_title>The Writing Life of: Michael-Israel Jarvis - Whispering Stories</discussion_title>
<language>english</language>
<gmt_offset></gmt_offset>
<topic_url>http://whisperingstories.com/writing-life-michael-israel-jarvis/</topic_url>
<topic_text>
Release Date – 25th October 2015 

Dead or alive. Good or evil. Hero or fugitive. Valo needs a specific solution to a grave problem. The human Claimfold and prigon Torzsi draw apart. War is promised in the West. Worst of all, the magi of Nagyevo are meddling with the dead. 
Perin is an apprentice Gravedigger: uneducated, unwanted, unsure. He may be the answer Valo needs, if he doesn’t get killed before he works out what’s going on. But of course there’s the chance that fate hasn’t called him after all. 
The gods are nameless and silent and the best laid plans have a way of going badly wrong. Enter the spade and sorcery world of Valo. Gravedigger subverts the expectations of that oldest of foes in fantasy, the dead that walk, in a fast-paced adventure through a world of culture, intrigue, magic and blood. 
8) How long did it take to get from the ideas stage, to the date of publication? 
Over four years, while I was at University. 
9) Did you suffer from writer’s block at any stage? How did you overcome it? 
No, but occasionally I suffered from writer’s wrists. 
10) How did you come up with the name(s)for your lead character(s)? 
Perin presented itself. It has something to do with apples apparently, but I didn’t know that at the time. Kesairl and Medrivar were purely invented based on how they sounded to me. I used Hungarian as a reference language to help with the texture. 
11) If your book was made in to a film, who would you love to play the lead character(s)? 
Perin could be played by someone like Rhys Matthew Bond. 
For Medrivar, Ralph Fiennes as voice and motion capture performer. 
Kesairl would have to be motion capture too. If Djimon Hounsou was a decade younger he’d be really good for this. Rhys Matthew Bond: Perin Ralph Fiennes; Medrivar Djimon Hounsou: Kesairl 
12) Did you get anyone in particular to read your work before sending it to the publisher i.e family member, friend etc? 
I had beta readers, yes. All were acquaintances and some are friends of mine, but I’m lucky to know people who are happy to be usefully critical. 
Other Books by Michael-Israel Jarvis 
Landrising Landrising 
Fox was adopted into one of the land’s most powerful royal families, shortly after birth. Now it seems unlikely that he’ll make it to adulthood. The politicians of his father’s household are intent on removing him by any means necessary. But all is not what it seems. 
Fox’s heritage may be a scandal to the purity-obsessed advisers, but it holds a secret which could doom all things; a bloodline older than myth, and an enemy straight out of his nightmares. 

Osric Fingerbone and the Boy Murderer Osric Fingerbone and the Boy Murderer 
Londun, Anglund, 1864. Twelve-year-old Edward Sax has just become a murderer. The criminal underworld he enters is full of mysterious characters, none cutting a greater dash than Osric Fingerbone, alchemist and expert killer. 
Edward’s sister, Eleanor, has been sold into captivity. Edward must search for her, from city society, to the nightmarish world of tunnels and labs that lie beneath Londun’s streets. This is a world where the Anglish Empire holds sway. Londun is it’s dark heart – a dark heart full of knives and alchemy and some other seriously weird stuff that would, frankly, be ungentlemanly even to mention… 

</topic_text>
<spam_score>0.00</spam_score>
<post_num>1</post_num>
<post_id>post-1</post_id>
<post_url>http://whisperingstories.com/writing-life-michael-israel-jarvis/</post_url>
<post_date>20160225</post_date>
<post_time></post_time>
<username></username>
<post>
Release Date – 25th October 2015 

Dead or alive. Good or evil. Hero or fugitive. Valo needs a specific solution to a grave problem. The human Claimfold and prigon Torzsi draw apart. War is promised in the West. Worst of all, the magi of Nagyevo are meddling with the dead. 
Perin is an apprentice Gravedigger: uneducated, unwanted, unsure. He may be the answer Valo needs, if he doesn’t get killed before he works out what’s going on. But of course there’s the chance that fate hasn’t called him after all. 
The gods are nameless and silent and the best laid plans have a way of going badly wrong. Enter the spade and sorcery world of Valo. Gravedigger subverts the expectations of that oldest of foes in fantasy, the dead that walk, in a fast-paced adventure through a world of culture, intrigue, magic and blood. 
8) How long did it take to get from the ideas stage, to the date of publication? 
Over four years, while I was at University. 
9) Did you suffer from writer’s block at any stage? How did you overcome it? 
No, but occasionally I suffered from writer’s wrists. 
10) How did you come up with the name(s)for your lead character(s)? 
Perin presented itself. It has something to do with apples apparently, but I didn’t know that at the time. Kesairl and Medrivar were purely invented based on how they sounded to me. I used Hungarian as a reference language to help with the texture. 
11) If your book was made in to a film, who would you love to play the lead character(s)? 
Perin could be played by someone like Rhys Matthew Bond. 
For Medrivar, Ralph Fiennes as voice and motion capture performer. 
Kesairl would have to be motion capture too. If Djimon Hounsou was a decade younger he’d be really good for this. Rhys Matthew Bond: Perin Ralph Fiennes; Medrivar Djimon Hounsou: Kesairl 
12) Did you get anyone in particular to read your work before sending it to the publisher i.e family member, friend etc? 
I had beta readers, yes. All were acquaintances and some are friends of mine, but I’m lucky to know people who are happy to be usefully critical. 
Other Books by Michael-Israel Jarvis 
Landrising Landrising 
Fox was adopted into one of the land’s most powerful royal families, shortly after birth. Now it seems unlikely that he’ll make it to adulthood. The politicians of his father’s household are intent on removing him by any means necessary. But all is not what it seems. 
Fox’s heritage may be a scandal to the purity-obsessed advisers, but it holds a secret which could doom all things; a bloodline older than myth, and an enemy straight out of his nightmares. 

Osric Fingerbone and the Boy Murderer Osric Fingerbone and the Boy Murderer 
Londun, Anglund, 1864. Twelve-year-old Edward Sax has just become a murderer. The criminal underworld he enters is full of mysterious characters, none cutting a greater dash than Osric Fingerbone, alchemist and expert killer. 
Edward’s sister, Eleanor, has been sold into captivity. Edward must search for her, from city society, to the nightmarish world of tunnels and labs that lie beneath Londun’s streets. This is a world where the Anglish Empire holds sway. Londun is it’s dark heart – a dark heart full of knives and alchemy and some other seriously weird stuff that would, frankly, be ungentlemanly even to mention… 

</post>
<signature>

</signature>
<external_links>

</external_links>
<country>US</country>
<main_image></main_image>
</document>
