<?xml version="1.0" encoding="UTF-8"?>
<document>
<type>mainstream</type>
<forum>http://www.dailymail.co.uk/news/articles.rss</forum>
<forum_title>News Articles | Mail Online</forum_title>
<discussion_title>Transgender Shane from Queensland grew up as a girl and has since married a woman</discussion_title>
<language>english</language>
<gmt_offset></gmt_offset>
<topic_url>http://www.dailymail.co.uk/news/article-3585005/The-heartwarming-story-Shane-Queensland-grew-girl-married.html</topic_url>
<topic_text>
63 shares 2
View
comments
A transgender Aussie bloke who was trapped in a female body is finally enjoying life with his new wife after revealing his shocking gender secret.
Bearded Shane Seath, 31, from Bellmere, Queensland, Australia, grew up as a girl called Catherine - but it was only after falling in love with Christine, 23, that he was able to find the confidence to become his true self.
And Chrissy loves her new man so much she has even started a crowd-funding page to get his breasts removed.
Queensland transgender man Shane Seath, 31, (right), grew up as an insecure girl named Catherine (left)
From a young age Shane knew he was never like other girls, preferring action figures to dolls and hating pretty dresses
It was only after falling in love with Christine, 23, that he was able to find the confidence to become his true self
Shane was never like other girls and knew from a young age that he was different as he hated wearing pretty dresses and preferred action figures to dolls.
During his teenage years, Shane realised he was trapped in the wrong body when he became attracted to women, but didn&apos;t feel gay.
Trying to hide his real identity caused Shane a huge amount of distress and he attempted suicide several times.
It was only meeting Chrissy at aged 30 that Shane finally felt able to confess his true gender and embrace the man he is really is.
Still living as Catherine, the pair became friends. Chrissy was in a heterosexual relationship at the time and when that broke down, love blossomed between the pair.
After a whirlwind two-week romance, Shane proposed and they became man and wife in February.
Trying to hide his real identity caused Shane a huge amount of distress and he attempted suicide several times
After meeting Chrissy, Shane finally felt able to confess his true gender and embrace the man he really was
Describing the moment Shane told Chrissy his secret he said: &apos;Chrissy asked me what was wrong, and my secret came tumbling out.
&apos;I hate being female and having to pretend to be something I&apos;m not, I told her.
&apos;But it was like Chrissy already knew I was a man.&apos;
The commitment ceremony was the first time some of their families had seen Shane in his male glory.
Shane is yet to undergo his sex change operation - but is currently saving to begin the first round of surgery - removing his double D cup breasts.
After a whirlwind two-week romance, Shane proposed and the pair became man and wife in February
The commitment ceremony was the first time some of their families had seen Shane in his male glory
Shane, a youth care worker, said: &apos;It&apos;s been so exciting exploring Shane. For the first time I can buy from men&apos;s section in shops and be called Shane, not Catherine.
&apos;I want to get rid of my chest as soon as I can. At the moment I&apos;m strapping my boobs down by wearing sports bras that are too tight. It&apos;s really painful.
&apos;Now that everyone knows I&apos;m transgender I want to make myself appear as male as possible.
&apos;Because I&apos;ve always had a high level of testosterone, my facial hair has grown completely naturally. I&apos;m over the moon.
&apos;I hated my appearance in the mirror when I was Catherine. Growing breasts was the most traumatic part, as it wasn&apos;t masculine.&apos;
&apos;I wanted to become a man and would often find myself feeling jealous of those who were born male.
Shane, a youth care worker, is yet to undergo his sex change operation, and is keen to have his breasts removed as soon as possible
Chrissy is so proud of her man she is even helping raise money to have his breasts removed.
She said: &apos;When Shane told me he was really a man, it never crossed my mind to leave him, I loved who he was inside, it didn&apos;t matter about anything else.&apos;
&apos;Watching him transform has been amazing. He&apos;s so confident and I find him incredibly attractive as Shane.
&apos;I love and support Shane so much and have recently set up a GoFundMe page to help raise the money to have his breasts removed.
&apos;We want to have a family together one day. I can&apos;t wait to see what the future holds for us.&apos;
Shane struggled growing up as Catherine and even tried to take his own life before Chrissy helped him find happiness.
 Next EXCLUSIVE - We&apos;re more than bodies thrown off buildings by... Transgender woman who had CEMENT and tire sealant injected... He said: &apos;I never felt like I belonged anywhere, let alone in the body I was given.
&apos;As a teenager, I was diagnosed with polycystic ovary syndrome (PCOS) and had excessive hair which I enjoyed as it made me feel more masculine, but I was told that was wrong. I was a girl, but I didn&apos;t look or feel like one.
&apos;I&apos;ve always been attracted to women, but to hide who I really was, I dated guys. It made me feel sick inside.
&apos;My sexuality was really confusing as technically I was gay, but I didn&apos;t feel it. It was then, I realised I was a man trapped in a woman&apos;s body.&apos;
To support Shane visit; https://www.gofundme.com/trand5bg
Chrissy is so proud of her man she is even helping raise money to have his breasts removed
;
</topic_text>
<spam_score>0.00</spam_score>
<post_num>3</post_num>
<post_id>post-3</post_id>
<post_url>http://www.dailymail.co.uk/news/article-3585005/The-heartwarming-story-Shane-Queensland-grew-girl-married.html</post_url>
<post_date>20160511</post_date>
<post_time>1948</post_time>
<username>hirewriters</username>
<post>
Call me intolerant if you will, but in my opinion this is a dangerous fad and the suicide rate for people with reassignment surgery is off the charts. Adults may do as they wish providing they aren&apos;t hurting anyone else, but I draw the line at this sort of thing being foisted on children that are brainwashed into thinking they are transgender. Most of these people never have the surgery which is probably a great blessing for younger people. Experimenting with cross gender living - fine,but not for kids; it&apos;ll result in grave psychological damage when older.
</post>
<signature>

</signature>
<external_links>

</external_links>
<country>GB</country>
<main_image>http://i.dailymail.co.uk/i/pix/2016/05/11/16/340BB04500000578-0-image-a-89_1462979790946.jpg</main_image>
</document>
