<?xml version="1.0" encoding="UTF-8"?>
<document>
<type>mainstream</type>
<forum></forum>
<forum_title></forum_title>
<discussion_title>Root For The Squad! ’47 Brand NBA Collection For 2016 – stupidDOPE | Art, Travel, Culture, Design, Music, Lifestyle</discussion_title>
<language>english</language>
<gmt_offset></gmt_offset>
<topic_url>http://stupiddope.com/2016/05/12/root-for-the-squad-47-brand-nba-collection-for-2016/</topic_url>
<topic_text>
Home / Fashion + Style / Root For The Squad! ’47 Brand NBA Collection For 2016 Root For The Squad! ’47 Brand NBA Collection For 2016 By Staff on 12 May,2016 Tweet It’s that time of the year once again, it’s NBA Playoff time. While we patiently wait to see which two teams will battle it out for the top spot, the good folks over at the ’47 Brand are back with a stylish way to celebrate our favorite squads. Today we get our first look at the ’47 Brand NBA Collection For 2016. The new collection comes rocking a bevy of choices and colors to showcase your passion for the team, offering everything from hats and tees, to much more along the way. The collection is sure to have fans hyped about the season, as well as in style as we celebrate the wins and stay bitter over the loses. The ’47 Clean Up hat makes a great, stylish way to showcase your spirit, while an array of scrum tees will properly prepare for all the basketball madness that’s about to ensue. The ’47 Clean Up offers up a smooth and different look that rocks mini-logos, while the striker pullover sweater are also great options. Check out the impressive new collection from the ’47 Brand and speak your thoughts on it after the jump. Head over to ’47 Brand and celebrate your favorite squad immediately! Root For The Squad! ’47 Brand NBA Collection For 2016 was last modified: May 12th, 2016 by Staff 
</topic_text>
<spam_score>0.00</spam_score>
<post_num>1</post_num>
<post_id>post-1</post_id>
<post_url>http://stupiddope.com/2016/05/12/root-for-the-squad-47-brand-nba-collection-for-2016/</post_url>
<post_date>20160512</post_date>
<post_time></post_time>
<username></username>
<post>
Home / Fashion + Style / Root For The Squad! ’47 Brand NBA Collection For 2016 Root For The Squad! ’47 Brand NBA Collection For 2016 By Staff on 12 May,2016 Tweet It’s that time of the year once again, it’s NBA Playoff time. While we patiently wait to see which two teams will battle it out for the top spot, the good folks over at the ’47 Brand are back with a stylish way to celebrate our favorite squads. Today we get our first look at the ’47 Brand NBA Collection For 2016. The new collection comes rocking a bevy of choices and colors to showcase your passion for the team, offering everything from hats and tees, to much more along the way. The collection is sure to have fans hyped about the season, as well as in style as we celebrate the wins and stay bitter over the loses. The ’47 Clean Up hat makes a great, stylish way to showcase your spirit, while an array of scrum tees will properly prepare for all the basketball madness that’s about to ensue. The ’47 Clean Up offers up a smooth and different look that rocks mini-logos, while the striker pullover sweater are also great options. Check out the impressive new collection from the ’47 Brand and speak your thoughts on it after the jump. Head over to ’47 Brand and celebrate your favorite squad immediately! Root For The Squad! ’47 Brand NBA Collection For 2016 was last modified: May 12th, 2016 by Staff 
</post>
<signature>

</signature>
<external_links>

</external_links>
<country>US</country>
<main_image>http://cdn.stupiddope.com/wp-content/uploads/2016/05/NBA_47CleanUpSet_4x3_FB1-150x150.jpg</main_image>
</document>
