<?xml version="1.0" encoding="UTF-8"?>
<document>
<type>mainstream</type>
<forum>http://rssfeeds.wausaudailyherald.com/wausau/home</forum>
<forum_title>Wausau - Home</forum_title>
<discussion_title>Aspirus joins blood pressure clinical trial</discussion_title>
<language>english</language>
<gmt_offset></gmt_offset>
<topic_url>http://www.wausaudailyherald.com/story/news/local/2016/05/12/aspirus-joins-blood-pressure-clinical-trial/84166916/</topic_url>
<topic_text>
Aspirus joins blood pressure clinical trial Aspirus Research Institute, For USA TODAY NETWORK-Wisconsin 11:16 a.m. CDT May 12, 2016 Researchers seek local participants (Photo: Courtesy of Aspirus) CONNECT COMMENT EMAIL MORE 
The Aspirus Research Institute and Aspirus Cardiology have been chosen to participate in a national clinical trial to evaluate a procedure for controlling high blood pressure without medications, according to a news release. 
The study will evaluate the safety and effectiveness of a procedure known as renal, or kidney, denervation. 
Dr. Michael Haase, a cardiologist at Aspirus Cardiology, and Dr. German Larrain, medical director for Aspirus Cardiology, Aspirus Heart and Vascular, and the Aspirus Research Institute are the principal investigators for this study. 
Larrain (Photo: Courtesy of Aspirus) 
“We are truly honored to be selected and participate in this important and prestigious clinical trial,” Larrain said. “This is an example of how the Aspirus program differentiates itself by applying the latest research discoveries to patient care and helping to advance medicine.” 
The study, called the REDUCE REINFORCE-HTN Trial, seeks to enroll a total of 100 people at 15 sites across the nation. Boston Scientific Corp., which manufactures the Vessix renal denervation system, is the study sponsor. The therapy seeks to disrupt nerves within the walls of the kidney arteries whose hyperactivity leads to uncontrolled high blood pressure. 
“Hypertension is a major global health care challenge, significantly increasing the risk of heart attack, stroke and kidney failure, so controlling high pressure is vitally important,” said Haase, medical director of the Aspirus Resistant Hypertension Clinic. “Renal denervation is an emerging, minimally invasive, catheter-based therapy option for patients with medication-resistant hypertension.” 
To be eligible for this study, patients must be between the ages of 18 and 75, and must sign an informed consent document. Patients will need to stop all blood pressure lowering medications for four weeks and wear an automated blood pressure monitor for 24 hours. Depending on the average systolic blood pressure, the patient might be eligible for random assignment to either receive the renal denervation therapy or the control group renal angiogram (an X-ray picture of the blood flow in the renal arteries). The renal denervation or renal angiogram procedures will be performed at Aspirus Heart and Vascular by Drs. German Larrain and Timothy Grady. 
Grady (Photo: Courtesy of Aspirus) 
All patients enrolled in the REINFORCE study will be followed closely for three years. There are no costs associated with participation, and patients will be reimbursed for all study-related visits. 
For more information about the REINFORCE study, please contact Jennifer Burken, Aspirus Research Institute, at 715-847-2273, or email . CONNECT COMMENT EMAIL MORE Read or Share this story: http://wdhne.ws/27gYvQI TOP VIDEOS
</topic_text>
<spam_score>0.00</spam_score>
<post_num>1</post_num>
<post_id>post-1</post_id>
<post_url>http://www.wausaudailyherald.com/story/news/local/2016/05/12/aspirus-joins-blood-pressure-clinical-trial/84166916/</post_url>
<post_date>20160512</post_date>
<post_time>1616</post_time>
<username></username>
<post>
Aspirus joins blood pressure clinical trial Aspirus Research Institute, For USA TODAY NETWORK-Wisconsin 11:16 a.m. CDT May 12, 2016 Researchers seek local participants (Photo: Courtesy of Aspirus) CONNECT COMMENT EMAIL MORE 
The Aspirus Research Institute and Aspirus Cardiology have been chosen to participate in a national clinical trial to evaluate a procedure for controlling high blood pressure without medications, according to a news release. 
The study will evaluate the safety and effectiveness of a procedure known as renal, or kidney, denervation. 
Dr. Michael Haase, a cardiologist at Aspirus Cardiology, and Dr. German Larrain, medical director for Aspirus Cardiology, Aspirus Heart and Vascular, and the Aspirus Research Institute are the principal investigators for this study. 
Larrain (Photo: Courtesy of Aspirus) 
“We are truly honored to be selected and participate in this important and prestigious clinical trial,” Larrain said. “This is an example of how the Aspirus program differentiates itself by applying the latest research discoveries to patient care and helping to advance medicine.” 
The study, called the REDUCE REINFORCE-HTN Trial, seeks to enroll a total of 100 people at 15 sites across the nation. Boston Scientific Corp., which manufactures the Vessix renal denervation system, is the study sponsor. The therapy seeks to disrupt nerves within the walls of the kidney arteries whose hyperactivity leads to uncontrolled high blood pressure. 
“Hypertension is a major global health care challenge, significantly increasing the risk of heart attack, stroke and kidney failure, so controlling high pressure is vitally important,” said Haase, medical director of the Aspirus Resistant Hypertension Clinic. “Renal denervation is an emerging, minimally invasive, catheter-based therapy option for patients with medication-resistant hypertension.” 
To be eligible for this study, patients must be between the ages of 18 and 75, and must sign an informed consent document. Patients will need to stop all blood pressure lowering medications for four weeks and wear an automated blood pressure monitor for 24 hours. Depending on the average systolic blood pressure, the patient might be eligible for random assignment to either receive the renal denervation therapy or the control group renal angiogram (an X-ray picture of the blood flow in the renal arteries). The renal denervation or renal angiogram procedures will be performed at Aspirus Heart and Vascular by Drs. German Larrain and Timothy Grady. 
Grady (Photo: Courtesy of Aspirus) 
All patients enrolled in the REINFORCE study will be followed closely for three years. There are no costs associated with participation, and patients will be reimbursed for all study-related visits. 
For more information about the REINFORCE study, please contact Jennifer Burken, Aspirus Research Institute, at 715-847-2273, or email . CONNECT COMMENT EMAIL MORE Read or Share this story: http://wdhne.ws/27gYvQI TOP VIDEOS
</post>
<signature>

</signature>
<external_links>

</external_links>
<country>US</country>
<main_image>http://www.gannett-cdn.com/-mm-/c48e273e91d265265203ed5d72709c2d38a93e4b/c=0-65-190-172&amp;amp;r=x633&amp;amp;c=1200x630/local/-/media/2016/05/10/WIGroup/Wausau/635984757582304235-Haase-Michael.jpg</main_image>
</document>
