<?xml version="1.0" encoding="UTF-8"?>
<document>
<type>mainstream</type>
<forum>http://www.kn-online.de/rss/feed/kn_ostholstein</forum>
<forum_title>KN-Online.de - Ressort Ostholstein</forum_title>
<discussion_title>Europa-Schule an den Auewiesen</discussion_title>
<language>german</language>
<gmt_offset></gmt_offset>
<topic_url>http://www.kn-online.de/News/Nachrichten-aus-Ostholstein/Europa-Schule-an-den-Auewiesen</topic_url>
<topic_text>
  Donnerstag, 12.05.2016 14:50   Donnerstag, 12.05.2016 17:36 Uhr Bildungsministerin Britta Ernst überreichte die Ernennungsurkunde zur Europa-Schule an Schulleiter Thilo Philipp. Quelle: Orly Röhlk  
</topic_text>
<spam_score>0.00</spam_score>
<post_num>1</post_num>
<post_id>post-1</post_id>
<post_url>http://www.kn-online.de/News/Nachrichten-aus-Ostholstein/Europa-Schule-an-den-Auewiesen</post_url>
<post_date>20160512</post_date>
<post_time>1250</post_time>
<username>mol-kn@madsack.de (Andreas Jacobs )</username>
<post>
  Donnerstag, 12.05.2016 14:50   Donnerstag, 12.05.2016 17:36 Uhr Bildungsministerin Britta Ernst überreichte die Ernennungsurkunde zur Europa-Schule an Schulleiter Thilo Philipp. Quelle: Orly Röhlk  
</post>
<signature>

</signature>
<external_links>

</external_links>
<country>DE</country>
<main_image>http://www.kn-online.de/var/storage/images/kn/news/nachrichten-aus-ostholstein/europa-schule-an-den-auewiesen/403451731-1-ger-DE/Europa-Schule-an-den-Auewiesen_ArtikelQuer.jpg</main_image>
</document>
