<?xml version="1.0" encoding="UTF-8"?>
<document>
<type>mainstream</type>
<forum>http://www.noticiascyl.com/feed</forum>
<forum_title>Noticiascyl</forum_title>
<discussion_title>El Fútbol Base del Zamora ‘abre las puertas’ a su proyecto</discussion_title>
<language>spanish</language>
<gmt_offset></gmt_offset>
<topic_url>http://www.noticiascyl.com/zamora/2016/05/12/el-futbol-base-del-zamora-abre-las-puertas-a-su-proyecto/</topic_url>
<topic_text>
El Fútbol Base del Zamora ‘abre las puertas’ a su proyecto Los entrenamientos comenzarán el lunes 16 de mayo y se extenderán hasta el viernes 3 de junio 12 mayo, 2016 0 Entrenamientos Fútbol Base Zamora CF 
El Fútbol Base del Zamora CF realiza unas jornadas de puertas abiertas para dar a conocer su último proyecto deportivo, el Convenido con el Real Madrid. Después un año de mucho trabajo y, tras ser elegidos por el REAL MADRID C.F. como club colaborador, el fútbol Base del Zamora CF considera que son un club de fútbol preparado para ofrecer el mejor de los servicios. Tanto en lo que se refiere a la formación como en el plano competitivo, “en el que aspiramos a ser referencia regional en los próximos años”. 
El Zamora CF ofrece a todos los niños y niñas de entre 7 y 16 años la posibilidad de conocer su Fútbol Base y participar en los entrenamientos de sus equipos de cantera desde el próximo lunes 16 de mayo y hasta el viernes 3 de junio. Después de alcanzar el convenio con el Real Madrid, la coordinación de las categorías inferiores del club zamorano quiere que todos los interesados en formar parte de la familia rojiblanca puedan conocer de primera mano cómo funciona el Fútbol Base y su proyecto, donde el deporte y la educación son los pilares fundamentales. 
“Es la primera vez que desarrollamos estas jornadas de convivencia con el ánimo de abrir el fútbol base a todos los zamoranos que quieran jugar con nosotros. Queremos que entrenen con nuestros equipos y conozcan de primera mano nuestro proyecto”, afirma Manuel Álvarez, uno de los coordinadores rojiblancos. 
El proyecto deportivo del Fútbol Base del Zamora CF cuenta con una metodología propia, con una planificación de entrenamientos anual bajo un mismo patrón y progresiva según las categorías. Todos los técnicos de las categoría inferiores están titulados por la Federación Española de Fútbol y por defecto, por el máximo organismo europeo, la UEFA. 
La formación es otro pilar importante del proyecto de cantera, por ello, el Fútbol Base ofrece un aula de apoyo escolar para todos los niños y niñas que forman parte de la entidad donde pueden desarrollar sus actividades de estudio. “Aspiramos a ser una cantera de referencia en Castilla y León en los próximos años, y la formación es también muy importante”, añade el coordinador. 
“Está abierto a todos los interesados, aunque quienes estén federados en otro club han de solicitar permiso a su club”, apunta Álvarez. Para poder participar en estas jornadas de convivencia, los interesados pueden solicitar más información o apuntarse en el teléfono 699 04 74 08 o en el correo futbolbasezcf@gmail.com .
</topic_text>
<spam_score>0.00</spam_score>
<post_num>1</post_num>
<post_id>post-1</post_id>
<post_url>http://www.noticiascyl.com/zamora/2016/05/12/el-futbol-base-del-zamora-abre-las-puertas-a-su-proyecto/</post_url>
<post_date>20160512</post_date>
<post_time>1549</post_time>
<username>Alba Villalba</username>
<post>
El Fútbol Base del Zamora ‘abre las puertas’ a su proyecto Los entrenamientos comenzarán el lunes 16 de mayo y se extenderán hasta el viernes 3 de junio 12 mayo, 2016 0 Entrenamientos Fútbol Base Zamora CF 
El Fútbol Base del Zamora CF realiza unas jornadas de puertas abiertas para dar a conocer su último proyecto deportivo, el Convenido con el Real Madrid. Después un año de mucho trabajo y, tras ser elegidos por el REAL MADRID C.F. como club colaborador, el fútbol Base del Zamora CF considera que son un club de fútbol preparado para ofrecer el mejor de los servicios. Tanto en lo que se refiere a la formación como en el plano competitivo, “en el que aspiramos a ser referencia regional en los próximos años”. 
El Zamora CF ofrece a todos los niños y niñas de entre 7 y 16 años la posibilidad de conocer su Fútbol Base y participar en los entrenamientos de sus equipos de cantera desde el próximo lunes 16 de mayo y hasta el viernes 3 de junio. Después de alcanzar el convenio con el Real Madrid, la coordinación de las categorías inferiores del club zamorano quiere que todos los interesados en formar parte de la familia rojiblanca puedan conocer de primera mano cómo funciona el Fútbol Base y su proyecto, donde el deporte y la educación son los pilares fundamentales. 
“Es la primera vez que desarrollamos estas jornadas de convivencia con el ánimo de abrir el fútbol base a todos los zamoranos que quieran jugar con nosotros. Queremos que entrenen con nuestros equipos y conozcan de primera mano nuestro proyecto”, afirma Manuel Álvarez, uno de los coordinadores rojiblancos. 
El proyecto deportivo del Fútbol Base del Zamora CF cuenta con una metodología propia, con una planificación de entrenamientos anual bajo un mismo patrón y progresiva según las categorías. Todos los técnicos de las categoría inferiores están titulados por la Federación Española de Fútbol y por defecto, por el máximo organismo europeo, la UEFA. 
La formación es otro pilar importante del proyecto de cantera, por ello, el Fútbol Base ofrece un aula de apoyo escolar para todos los niños y niñas que forman parte de la entidad donde pueden desarrollar sus actividades de estudio. “Aspiramos a ser una cantera de referencia en Castilla y León en los próximos años, y la formación es también muy importante”, añade el coordinador. 
“Está abierto a todos los interesados, aunque quienes estén federados en otro club han de solicitar permiso a su club”, apunta Álvarez. Para poder participar en estas jornadas de convivencia, los interesados pueden solicitar más información o apuntarse en el teléfono 699 04 74 08 o en el correo futbolbasezcf@gmail.com .
</post>
<signature>

</signature>
<external_links>

</external_links>
<country>ES</country>
<main_image>http://www.noticiascyl.com/wp-content/uploads/2016/05/zamora-entrenamientos-fútbol-base-zamora-cf.jpg</main_image>
</document>
