<?xml version="1.0" encoding="UTF-8"?>
<document>
<type>mainstream</type>
<forum>http://wn.com/Sporades</forum>
<forum_title>Sporades</forum_title>
<discussion_title>Maddon: No thought of lifting Soler in key spot (Chicago Cubs)</discussion_title>
<language>english</language>
<gmt_offset>0</gmt_offset>
<topic_url>http://article.wn.com/view/2016/05/12/Maddon_No_thought_of_lifting_Soler_in_key_spot_Chicago_Cubs/</topic_url>
<topic_text>
( Source : Chicago Cubs ) &apos;Of course not,&apos; Maddon said. &apos;You don&apos;t do that. This is a guy who is a big part of our future. He could&apos;ve just as easily hit the ball over the wall, get a knock. There&apos;s really no thought of that.&apos;
Soler
</topic_text>
<spam_score>0.00</spam_score>
<post_num>1</post_num>
<post_id>post-1</post_id>
<post_url>http://article.wn.com/view/2016/05/12/Maddon_No_thought_of_lifting_Soler_in_key_spot_Chicago_Cubs/</post_url>
<post_date>20160512</post_date>
<post_time></post_time>
<username>wn.com</username>
<post>
( Source : Chicago Cubs ) &apos;Of course not,&apos; Maddon said. &apos;You don&apos;t do that. This is a guy who is a big part of our future. He could&apos;ve just as easily hit the ball over the wall, get a knock. There&apos;s really no thought of that.&apos;
Soler
</post>
<signature>

</signature>
<external_links>

</external_links>
<country>GB</country>
<main_image>http://i.ytimg.com/vi/zv751eCrhkg/0.jpg</main_image>
</document>
